tMs,key,port,allowed,latencyMs,error
0.0,light-2,3103,1,1.811,
0.0,light-4,3102,1,3.385,
0.0,light-1,3102,1,6.517,
0.0,light-5,3103,1,6.893,
0.0,heavy,3101,1,7.543,
0.0,light-3,3101,1,8.466,
3.3,heavy,3101,1,3.953,
6.7,heavy,3102,1,1.187,
10.0,heavy,3103,1,4.852,
13.3,heavy,3101,1,1.938,
16.7,heavy,3102,1,1.841,
20.0,heavy,3103,1,3.687,
23.3,heavy,3101,1,1.659,
26.7,heavy,3102,1,2.213,
30.0,heavy,3103,1,2.283,
33.3,heavy,3101,1,1.236,
36.7,heavy,3102,1,1.736,
40.0,heavy,3103,1,2.152,
43.3,heavy,3101,1,2.291,
46.7,heavy,3102,1,1.241,
50.0,heavy,3103,1,1.930,
53.3,heavy,3101,1,2.095,
56.7,heavy,3102,1,2.228,
60.0,heavy,3103,1,2.366,
63.3,heavy,3101,1,2.597,
66.7,heavy,3102,1,1.444,
70.0,heavy,3103,1,1.663,
73.3,heavy,3101,1,3.189,
76.7,heavy,3102,1,1.300,
80.0,heavy,3103,1,3.128,
83.3,heavy,3101,1,1.568,
86.7,heavy,3102,1,2.261,
90.0,heavy,3103,1,3.944,
93.3,heavy,3101,1,1.564,
96.7,heavy,3102,1,1.817,
100.0,heavy,3103,1,1.848,
100.0,light-5,3101,1,4.135,
100.0,light-2,3101,1,7.391,
100.0,light-3,3102,1,8.042,
100.0,light-1,3103,1,9.726,
100.0,light-4,3103,1,11.217,
103.3,heavy,3101,1,1.977,
106.7,heavy,3102,1,2.169,
110.0,heavy,3102,1,1.327,
113.3,heavy,3103,1,4.502,
116.7,heavy,3101,1,1.881,
120.0,heavy,3102,1,1.555,
123.3,heavy,3103,1,1.124,
126.7,heavy,3101,1,2.208,
130.0,heavy,3102,1,2.157,
133.3,heavy,3103,1,2.633,
136.7,heavy,3101,1,2.764,
140.0,heavy,3102,1,1.197,
143.3,heavy,3103,1,1.577,
146.7,heavy,3101,1,1.916,
150.0,heavy,3102,1,2.100,
153.3,heavy,3103,1,1.013,
156.7,heavy,3101,1,4.743,
160.0,heavy,3102,1,3.466,
163.3,heavy,3103,1,5.158,
166.7,heavy,3101,1,5.582,
170.0,heavy,3102,1,4.412,
173.3,heavy,3103,1,1.715,
176.7,heavy,3101,1,1.845,
180.0,heavy,3102,1,1.916,
183.3,heavy,3103,1,3.144,
186.7,heavy,3101,1,1.294,
190.0,heavy,3102,1,2.119,
193.3,heavy,3103,1,2.148,
196.7,heavy,3101,1,2.290,
200.0,light-2,3101,1,2.111,
200.0,light-1,3103,1,2.334,
200.0,light-3,3102,1,2.379,
200.0,light-5,3101,1,2.385,
200.0,light-4,3103,1,2.524,
200.0,heavy,3102,1,2.089,
203.3,heavy,3102,1,1.751,
206.7,heavy,3103,1,2.023,
210.0,heavy,3101,1,2.123,
213.3,heavy,3102,1,2.236,
216.7,heavy,3103,1,1.091,
220.0,heavy,3101,1,1.736,
223.3,heavy,3102,1,1.925,
226.7,heavy,3103,1,1.651,
230.0,heavy,3101,1,1.947,
233.3,heavy,3102,1,1.750,
236.7,heavy,3103,1,1.988,
240.0,heavy,3101,1,1.726,
243.3,heavy,3102,1,2.054,
246.7,heavy,3103,1,2.150,
250.0,heavy,3101,1,1.766,
253.3,heavy,3102,1,2.219,
256.7,heavy,3103,1,2.379,
260.0,heavy,3101,1,2.516,
263.3,heavy,3102,1,1.214,
266.7,heavy,3103,1,1.771,
270.0,heavy,3101,1,2.561,
273.3,heavy,3102,1,1.722,
276.7,heavy,3103,1,1.888,
280.0,heavy,3101,1,1.378,
283.3,heavy,3102,1,1.661,
286.7,heavy,3103,1,2.499,
290.0,heavy,3101,1,1.670,
293.3,heavy,3102,1,1.253,
296.7,heavy,3103,1,2.368,
300.0,light-1,3101,1,2.472,
300.0,light-3,3103,1,2.871,
300.0,light-2,3102,1,5.533,
300.0,light-5,3102,1,7.205,
300.0,light-4,3101,1,7.744,
300.0,heavy,3101,1,1.491,
303.3,heavy,3102,1,2.346,
306.7,heavy,3103,1,2.689,
310.0,heavy,3103,1,1.681,
313.3,heavy,3101,1,2.406,
316.7,heavy,3102,1,0.891,
320.0,heavy,3103,1,1.701,
323.3,heavy,3101,1,1.277,
326.7,heavy,3102,1,1.765,
330.0,heavy,3103,1,1.818,
333.3,heavy,3101,1,1.907,
336.7,heavy,3102,1,1.999,
340.0,heavy,3103,1,2.059,
343.3,heavy,3101,1,1.510,
346.7,heavy,3102,1,1.466,
350.0,heavy,3103,1,1.612,
353.3,heavy,3101,1,1.807,
356.7,heavy,3102,1,1.488,
360.0,heavy,3103,1,2.411,
363.3,heavy,3101,1,1.882,
366.7,heavy,3102,1,2.857,
370.0,heavy,3103,1,3.026,
373.3,heavy,3101,1,2.704,
376.7,heavy,3102,1,1.464,
380.0,heavy,3103,1,2.914,
383.3,heavy,3101,1,1.606,
386.7,heavy,3102,1,1.812,
390.0,heavy,3103,1,2.204,
393.3,heavy,3101,1,2.188,
396.7,heavy,3102,1,2.232,
400.0,heavy,3103,1,2.585,
400.0,light-2,3102,1,2.691,
400.0,light-1,3101,1,2.931,
400.0,light-3,3103,1,2.982,
400.0,light-5,3102,1,3.108,
400.0,light-4,3101,1,3.304,
403.3,heavy,3103,1,2.434,
406.7,heavy,3101,1,1.636,
410.0,heavy,3102,1,1.975,
413.3,heavy,3103,1,2.114,
416.7,heavy,3101,1,2.266,
420.0,heavy,3102,1,1.149,
423.3,heavy,3103,1,1.985,
426.7,heavy,3101,1,1.950,
430.0,heavy,3102,1,2.539,
433.3,heavy,3103,1,2.692,
436.7,heavy,3101,1,1.216,
440.0,heavy,3102,1,1.705,
443.3,heavy,3103,1,1.691,
446.7,heavy,3101,1,1.879,
450.0,heavy,3102,1,1.974,
453.3,heavy,3103,1,2.695,
456.7,heavy,3101,1,1.313,
460.0,heavy,3102,1,1.421,
463.3,heavy,3103,1,2.864,
466.7,heavy,3101,1,1.130,
470.0,heavy,3102,1,1.707,
473.3,heavy,3103,1,3.047,
476.7,heavy,3101,1,2.649,
480.0,heavy,3102,1,1.987,
483.3,heavy,3103,1,2.125,
486.7,heavy,3101,1,2.787,
490.0,heavy,3102,1,1.663,
493.3,heavy,3103,0,4.704,
496.7,heavy,3101,1,3.340,
500.0,heavy,3102,0,1.541,
500.0,light-1,3103,1,1.559,
500.0,light-2,3101,1,1.671,
500.0,light-4,3103,1,1.739,
500.0,light-3,3102,1,2.025,
500.0,light-5,3101,1,3.040,
503.3,heavy,3102,1,1.512,
506.7,heavy,3103,0,4.159,
510.0,heavy,3101,1,4.792,
513.3,heavy,3102,0,1.426,
516.7,heavy,3103,1,5.863,
520.0,heavy,3101,0,4.076,
523.3,heavy,3102,1,1.642,
526.7,heavy,3103,0,5.644,
530.0,heavy,3101,0,4.691,
533.3,heavy,3102,0,1.048,
536.7,heavy,3103,0,6.043,
540.0,heavy,3101,0,6.626,
543.3,heavy,3102,1,1.692,
546.7,heavy,3103,0,4.690,
550.0,heavy,3101,1,6.820,
553.3,heavy,3102,0,1.505,
556.7,heavy,3103,0,5.176,
560.0,heavy,3101,0,4.691,
563.3,heavy,3102,1,1.728,
566.7,heavy,3103,0,5.919,
570.0,heavy,3101,0,6.556,
573.3,heavy,3102,1,2.131,
576.7,heavy,3103,0,4.050,
580.0,heavy,3101,0,5.372,
583.3,heavy,3102,1,1.394,
586.7,heavy,3103,0,4.049,
590.0,heavy,3101,1,4.992,
593.3,heavy,3102,0,1.386,
596.7,heavy,3103,0,3.892,
600.0,heavy,3101,1,5.651,
600.0,light-1,3102,1,1.429,
600.0,light-2,3103,1,1.616,
600.0,light-4,3102,1,1.783,
600.0,light-5,3103,1,1.910,
600.0,light-3,3101,1,2.932,
603.3,heavy,3101,0,4.855,
606.7,heavy,3102,0,1.471,
610.0,heavy,3103,1,5.245,
613.3,heavy,3101,0,3.327,
616.7,heavy,3102,0,1.032,
620.0,heavy,3103,1,5.155,
623.3,heavy,3101,0,3.803,
626.7,heavy,3102,0,1.056,
630.0,heavy,3103,0,3.605,
633.3,heavy,3101,1,4.249,
636.7,heavy,3102,0,1.523,
640.0,heavy,3103,0,3.547,
643.3,heavy,3101,1,4.775,
646.7,heavy,3102,0,1.961,
650.0,heavy,3103,0,3.605,
653.3,heavy,3101,1,4.432,
656.7,heavy,3102,0,1.789,
660.0,heavy,3103,1,4.994,
663.3,heavy,3101,0,3.350,
666.7,heavy,3102,0,1.484,
670.0,heavy,3103,1,5.056,
673.3,heavy,3101,0,5.851,
676.7,heavy,3102,0,1.483,
680.0,heavy,3103,1,4.886,
683.3,heavy,3101,0,4.186,
686.7,heavy,3102,0,1.095,
690.0,heavy,3103,0,4.688,
693.3,heavy,3101,0,5.880,
696.7,heavy,3102,1,1.537,
700.0,light-1,3101,1,1.851,
700.0,light-2,3102,1,2.095,
700.0,light-4,3101,1,2.265,
700.0,light-5,3102,1,2.431,
700.0,light-3,3103,1,2.952,
700.0,heavy,3103,1,5.604,
703.3,heavy,3103,0,4.890,
706.7,heavy,3101,0,4.406,
710.0,heavy,3102,1,1.371,
713.3,heavy,3103,0,3.840,
716.7,heavy,3101,0,5.003,
720.0,heavy,3102,1,1.360,
723.3,heavy,3103,0,3.811,
726.7,heavy,3101,0,3.323,
730.0,heavy,3102,0,1.167,
733.3,heavy,3103,1,5.656,
736.7,heavy,3101,0,4.627,
740.0,heavy,3102,1,1.492,
743.3,heavy,3103,0,3.993,
746.7,heavy,3101,0,4.164,
750.0,heavy,3102,0,1.473,
753.3,heavy,3103,1,5.464,
756.7,heavy,3101,0,4.582,
760.0,heavy,3102,1,1.516,
763.3,heavy,3103,0,4.364,
766.7,heavy,3101,0,4.709,
770.0,heavy,3102,1,1.520,
773.3,heavy,3103,0,4.354,
776.7,heavy,3101,0,4.320,
780.0,heavy,3102,1,1.429,
783.3,heavy,3103,0,4.243,
786.7,heavy,3101,0,4.041,
790.0,heavy,3102,1,1.566,
793.3,heavy,3103,0,4.444,
796.7,heavy,3101,0,4.528,
800.0,light-1,3103,1,1.597,
800.0,light-2,3101,1,1.706,
800.0,light-3,3102,1,1.936,
800.0,light-5,3101,1,2.181,
800.0,light-4,3103,1,2.397,
800.0,heavy,3102,1,1.469,
803.3,heavy,3102,0,1.996,
806.7,heavy,3103,0,6.111,
810.0,heavy,3101,1,5.162,
813.3,heavy,3102,1,2.083,
816.7,heavy,3103,0,5.889,
820.0,heavy,3101,0,5.600,
823.3,heavy,3102,0,1.908,
826.7,heavy,3103,0,3.732,
830.0,heavy,3101,1,4.859,
833.3,heavy,3102,0,1.499,
836.7,heavy,3103,0,4.226,
840.0,heavy,3101,1,5.212,
843.3,heavy,3102,0,1.212,
846.7,heavy,3103,0,3.959,
850.0,heavy,3101,1,5.254,
853.3,heavy,3102,0,1.252,
856.7,heavy,3103,0,4.215,
860.0,heavy,3101,1,4.718,
863.3,heavy,3102,0,1.251,
866.7,heavy,3103,0,4.193,
870.0,heavy,3101,1,5.130,
873.3,heavy,3102,0,1.309,
876.7,heavy,3103,0,4.307,
880.0,heavy,3101,1,5.187,
883.3,heavy,3102,0,1.363,
886.7,heavy,3103,0,4.912,
890.0,heavy,3101,1,5.332,
893.3,heavy,3102,0,1.503,
896.7,heavy,3103,0,4.693,
900.0,light-2,3103,1,1.559,
900.0,light-1,3102,1,2.310,
900.0,light-4,3102,1,2.330,
900.0,light-5,3103,1,2.409,
900.0,light-3,3101,1,3.876,
900.0,heavy,3101,1,6.950,
903.3,heavy,3101,0,5.332,
906.7,heavy,3102,0,1.365,
910.0,heavy,3103,1,5.581,
913.3,heavy,3101,0,4.759,
916.7,heavy,3102,0,1.557,
920.0,heavy,3103,0,1.873,
923.3,heavy,3101,0,4.178,
926.7,heavy,3102,1,1.541,
930.0,heavy,3103,1,5.338,
933.3,heavy,3101,0,4.079,
936.7,heavy,3102,0,1.474,
940.0,heavy,3103,1,4.595,
943.3,heavy,3101,0,3.737,
946.7,heavy,3102,0,1.324,
950.0,heavy,3103,1,5.565,
953.3,heavy,3101,0,3.993,
956.7,heavy,3102,1,1.293,
960.0,heavy,3103,0,5.418,
963.3,heavy,3101,0,4.063,
966.7,heavy,3102,0,1.316,
970.0,heavy,3103,0,4.025,
973.3,heavy,3101,1,5.504,
976.7,heavy,3102,0,1.271,
980.0,heavy,3103,1,4.771,
983.3,heavy,3101,0,3.883,
986.7,heavy,3102,0,1.266,
990.0,heavy,3103,1,4.927,
993.3,heavy,3101,0,3.737,
996.7,heavy,3102,0,1.514,
1000.0,light-1,3101,1,1.520,
1000.0,light-2,3102,1,1.767,
1000.0,light-4,3101,1,1.892,
1000.0,light-5,3102,1,2.155,
1000.0,light-3,3103,1,3.088,
1000.0,heavy,3103,0,4.402,
1003.3,heavy,3103,1,5.554,
1006.7,heavy,3101,0,4.024,
1010.0,heavy,3102,0,1.206,
1013.3,heavy,3103,1,5.344,
1016.7,heavy,3101,0,4.211,
1020.0,heavy,3102,1,1.408,
1023.3,heavy,3103,0,3.608,
1026.7,heavy,3101,0,6.552,
1030.0,heavy,3102,1,1.236,
1033.3,heavy,3103,0,2.996,
1036.7,heavy,3101,0,3.634,
1040.0,heavy,3102,0,1.261,
1043.3,heavy,3103,0,4.484,
1046.7,heavy,3101,1,4.872,
1050.0,heavy,3102,1,1.383,
1053.3,heavy,3103,0,4.592,
1056.7,heavy,3101,0,2.342,
1060.0,heavy,3102,0,1.503,
1063.3,heavy,3103,0,5.138,
1066.7,heavy,3101,1,5.663,
1070.0,heavy,3102,0,1.978,
1073.3,heavy,3103,0,3.388,
1076.7,heavy,3101,1,2.249,
1080.0,heavy,3102,0,1.627,
1083.3,heavy,3103,1,5.100,
1086.7,heavy,3101,0,3.551,
1090.0,heavy,3102,0,1.910,
1093.3,heavy,3103,1,5.310,
1096.7,heavy,3101,0,4.101,
1100.0,light-2,3101,1,1.323,
1100.0,light-3,3102,1,1.640,
1100.0,light-5,3101,1,1.757,
1100.0,light-1,3103,1,5.034,
1100.0,light-4,3103,1,5.599,
1100.0,heavy,3102,0,1.289,
1103.3,heavy,3102,1,1.416,
1106.7,heavy,3103,0,4.539,
1110.0,heavy,3101,0,3.626,
1113.3,heavy,3102,1,1.419,
1116.7,heavy,3103,0,3.855,
1120.0,heavy,3101,0,3.904,
1123.3,heavy,3102,1,1.383,
1126.7,heavy,3103,0,4.656,
1130.0,heavy,3101,1,6.470,
1133.3,heavy,3102,0,1.373,
1136.7,heavy,3103,0,3.931,
1140.0,heavy,3101,1,4.924,
1143.3,heavy,3102,0,1.295,
1146.7,heavy,3103,0,3.666,
1150.0,heavy,3101,1,4.493,
1153.3,heavy,3102,0,1.101,
1156.7,heavy,3103,0,4.065,
1160.0,heavy,3101,1,4.999,
1163.3,heavy,3102,0,1.241,
1166.7,heavy,3103,0,3.185,
1170.0,heavy,3101,1,5.160,
1173.3,heavy,3102,0,1.039,
1176.7,heavy,3103,0,2.886,
1180.0,heavy,3101,1,6.047,
1183.3,heavy,3102,0,0.835,
1186.7,heavy,3103,0,4.332,
1190.0,heavy,3101,1,4.235,
1193.3,heavy,3102,0,1.397,
1196.7,heavy,3103,0,5.414,
1200.0,light-2,3102,1,1.881,
1200.0,light-5,3102,1,2.040,
1200.0,light-3,3103,1,3.119,
1200.0,light-1,3101,1,3.535,
1200.0,light-4,3101,1,3.548,
1200.0,heavy,3101,0,6.093,
1203.3,heavy,3102,1,1.574,
1206.7,heavy,3103,0,5.748,
1210.0,heavy,3103,0,4.955,
1213.3,heavy,3101,1,4.514,
1216.7,heavy,3102,0,1.260,
1220.0,heavy,3103,0,4.101,
1223.3,heavy,3101,1,4.738,
1226.7,heavy,3102,0,1.075,
1230.0,heavy,3103,0,4.344,
1233.3,heavy,3101,1,5.286,
1236.7,heavy,3102,0,1.382,
1240.0,heavy,3103,0,3.925,
1243.3,heavy,3101,1,4.660,
1246.7,heavy,3102,0,1.284,
1250.0,heavy,3103,0,3.988,
1253.3,heavy,3101,1,4.812,
1256.7,heavy,3102,0,1.309,
1260.0,heavy,3103,0,3.882,
1263.3,heavy,3101,1,4.590,
1266.7,heavy,3102,0,0.947,
1270.0,heavy,3103,0,3.647,
1273.3,heavy,3101,1,4.626,
1276.7,heavy,3102,0,0.924,
1280.0,heavy,3103,0,4.900,
1283.3,heavy,3101,1,5.312,
1286.7,heavy,3102,0,1.500,
1290.0,heavy,3103,1,4.826,
1293.3,heavy,3101,0,3.359,
1296.7,heavy,3102,0,1.242,
1300.0,heavy,3103,1,6.374,
1300.0,light-2,3102,1,1.227,
1300.0,light-1,3101,1,1.504,
1300.0,light-5,3102,1,1.438,
1300.0,light-4,3101,1,1.569,
1300.0,light-3,3103,1,4.097,
1303.3,heavy,3103,0,3.843,
1306.7,heavy,3101,0,3.110,
1310.0,heavy,3102,0,1.000,
1313.3,heavy,3103,0,4.573,
1316.7,heavy,3101,1,4.857,
1320.0,heavy,3102,0,1.525,
1323.3,heavy,3103,1,5.557,
1326.7,heavy,3101,0,4.653,
1330.0,heavy,3102,1,1.383,
1333.3,heavy,3103,0,3.940,
1336.7,heavy,3101,0,3.657,
1340.0,heavy,3102,0,1.180,
1343.3,heavy,3103,1,5.466,
1346.7,heavy,3101,0,4.599,
1350.0,heavy,3102,0,1.722,
1353.3,heavy,3103,1,2.553,
1356.7,heavy,3101,0,4.476,
1360.0,heavy,3102,0,1.123,
1363.3,heavy,3103,0,5.719,
1366.7,heavy,3101,1,5.183,
1370.0,heavy,3102,1,3.477,
1373.3,heavy,3103,0,5.608,
1376.7,heavy,3101,0,5.192,
1380.0,heavy,3102,0,1.217,
1383.3,heavy,3103,0,3.866,
1386.7,heavy,3101,1,2.520,
1390.0,heavy,3102,0,0.968,
1393.3,heavy,3103,1,7.840,
1396.7,heavy,3101,0,7.196,
1400.0,heavy,3102,1,1.593,
1400.0,light-2,3103,1,3.360,
1400.0,light-4,3102,1,3.838,
1400.0,light-1,3102,1,6.354,
1400.0,light-3,3101,1,9.334,
1400.0,light-5,3103,1,9.407,
1403.3,heavy,3103,0,7.637,
1406.7,heavy,3101,0,7.160,
1410.0,heavy,3101,0,3.804,
1413.3,heavy,3102,1,1.271,
1416.7,heavy,3103,0,4.493,
1420.0,heavy,3101,1,7.980,
1423.3,heavy,3102,0,1.193,
1426.7,heavy,3103,1,4.865,
1430.0,heavy,3101,0,4.186,
1433.3,heavy,3102,0,1.034,
1436.7,heavy,3103,0,4.288,
1440.0,heavy,3101,0,4.219,
1443.3,heavy,3102,1,0.986,
1446.7,heavy,3103,0,4.378,
1450.0,heavy,3101,0,4.668,
1453.3,heavy,3102,1,1.478,
1456.7,heavy,3103,0,3.843,
1460.0,heavy,3101,1,5.009,
1463.3,heavy,3102,0,1.046,
1466.7,heavy,3103,0,3.806,
1470.0,heavy,3101,0,4.098,
1473.3,heavy,3102,1,1.151,
1476.7,heavy,3103,0,3.989,
1480.0,heavy,3101,0,3.545,
1483.3,heavy,3102,1,1.218,
1486.7,heavy,3103,0,2.883,
1490.0,heavy,3101,0,3.234,
1493.3,heavy,3102,1,1.974,
1496.7,heavy,3103,1,5.571,
1500.0,heavy,3101,0,4.291,
1500.0,light-1,3102,1,1.729,
1500.0,light-4,3102,1,2.020,
1500.0,light-2,3103,1,2.903,
1500.0,light-3,3101,1,3.024,
1500.0,light-5,3103,1,3.320,
1503.3,heavy,3101,0,3.466,
1506.7,heavy,3102,0,1.182,
1510.0,heavy,3103,0,4.378,
1513.3,heavy,3101,0,4.730,
1516.7,heavy,3102,1,1.410,
1520.0,heavy,3103,1,4.525,
1523.3,heavy,3101,0,3.803,
1526.7,heavy,3102,0,1.088,
1530.0,heavy,3103,1,4.694,
1533.3,heavy,3101,0,4.066,
1536.7,heavy,3102,0,1.339,
1540.0,heavy,3103,1,4.212,
1543.3,heavy,3101,0,3.386,
1546.7,heavy,3102,0,0.862,
1550.0,heavy,3103,0,4.216,
1553.3,heavy,3101,1,4.919,
1556.7,heavy,3102,1,1.365,
1560.0,heavy,3103,0,4.527,
1563.3,heavy,3101,0,5.054,
1566.7,heavy,3102,0,1.415,
1570.0,heavy,3103,0,4.222,
1573.3,heavy,3101,1,4.807,
1576.7,heavy,3102,0,1.159,
1580.0,heavy,3103,1,5.427,
1583.3,heavy,3101,0,3.693,
1586.7,heavy,3102,0,1.110,
1590.0,heavy,3103,0,3.894,
1593.3,heavy,3101,1,4.342,
1596.7,heavy,3102,0,1.103,
1600.0,heavy,3103,0,7.207,
1600.0,light-1,3101,1,3.334,
1600.0,light-3,3103,1,3.859,
1600.0,light-2,3102,1,6.179,
1600.0,light-5,3102,1,7.465,
1600.0,light-4,3101,1,8.423,
1603.3,heavy,3101,1,7.266,
1606.7,heavy,3102,1,1.730,
1610.0,heavy,3103,0,6.914,
1613.3,heavy,3103,0,3.596,
1616.7,heavy,3101,0,4.948,
1620.0,heavy,3102,1,1.379,
1623.3,heavy,3103,0,4.090,
1626.7,heavy,3101,0,4.694,
1630.0,heavy,3102,1,1.376,
1633.3,heavy,3103,0,4.138,
1636.7,heavy,3101,0,3.980,
1640.0,heavy,3102,0,1.121,
1643.3,heavy,3103,1,5.191,
1646.7,heavy,3101,0,4.087,
1650.0,heavy,3102,1,1.410,
1653.3,heavy,3103,0,4.911,
1656.7,heavy,3101,0,4.558,
1660.0,heavy,3102,0,1.115,
1663.3,heavy,3103,1,6.110,
1666.7,heavy,3101,0,4.000,
1670.0,heavy,3102,1,1.570,
1673.3,heavy,3103,0,5.229,
1676.7,heavy,3101,0,3.863,
1680.0,heavy,3102,0,1.510,
1683.3,heavy,3103,0,5.858,
1686.7,heavy,3101,1,6.395,
1690.0,heavy,3102,0,1.233,
1693.3,heavy,3103,0,5.389,
1696.7,heavy,3101,1,2.274,
1700.0,heavy,3102,1,1.235,
1700.0,light-5,3101,1,4.068,
1700.0,light-3,3102,1,5.110,
1700.0,light-4,3103,1,5.226,
1700.0,light-2,3101,1,5.491,
1700.0,light-1,3103,1,6.195,
1703.3,heavy,3102,0,1.356,
1706.7,heavy,3103,0,4.343,
1710.0,heavy,3101,1,4.570,
1713.3,heavy,3102,0,1.046,
1716.7,heavy,3103,0,3.420,
1720.0,heavy,3101,1,5.256,
1723.3,heavy,3102,0,1.016,
1726.7,heavy,3103,0,4.371,
1730.0,heavy,3101,0,3.534,
1733.3,heavy,3102,1,1.426,
1736.7,heavy,3103,0,3.665,
1740.0,heavy,3101,1,4.778,
1743.3,heavy,3102,0,1.302,
1746.7,heavy,3103,0,3.907,
1750.0,heavy,3101,1,4.629,
1753.3,heavy,3102,0,1.286,
1756.7,heavy,3103,0,4.255,
1760.0,heavy,3101,0,3.791,
1763.3,heavy,3102,1,1.562,
1766.7,heavy,3103,0,2.449,
1770.0,heavy,3101,1,5.224,
1773.3,heavy,3102,1,1.289,
1776.7,heavy,3103,0,4.360,
1780.0,heavy,3101,0,5.061,
1783.3,heavy,3102,0,1.846,
1786.7,heavy,3103,0,3.941,
1790.0,heavy,3101,1,4.549,
1793.3,heavy,3102,0,1.226,
1796.7,heavy,3103,0,3.006,
1800.0,heavy,3101,0,4.372,
1800.0,light-1,3102,1,1.388,
1800.0,light-2,3103,1,1.515,
1800.0,light-5,3103,1,1.546,
1800.0,light-4,3102,1,1.747,
1800.0,light-3,3101,1,3.110,
1803.3,heavy,3101,1,5.101,
1806.7,heavy,3102,0,0.896,
1810.0,heavy,3103,1,4.737,
1813.3,heavy,3101,0,4.081,
1816.7,heavy,3102,0,1.110,
1820.0,heavy,3103,1,5.638,
1823.3,heavy,3101,0,4.216,
1826.7,heavy,3102,0,0.972,
1830.0,heavy,3103,1,4.271,
1833.3,heavy,3101,0,3.401,
1836.7,heavy,3102,0,0.973,
1840.0,heavy,3103,0,5.013,
1843.3,heavy,3101,1,6.043,
1846.7,heavy,3102,0,1.836,
1850.0,heavy,3103,0,3.752,
1853.3,heavy,3101,1,4.161,
1856.7,heavy,3102,0,1.008,
1860.0,heavy,3103,0,5.265,
1863.3,heavy,3101,1,5.395,
1866.7,heavy,3102,1,1.832,
1870.0,heavy,3103,0,5.093,
1873.3,heavy,3101,0,5.354,
1876.7,heavy,3102,0,2.377,
1880.0,heavy,3103,1,4.784,
1883.3,heavy,3101,0,3.721,
1886.7,heavy,3102,0,1.161,
1890.0,heavy,3103,0,3.746,
1893.3,heavy,3101,1,9.411,
1896.7,heavy,3102,0,1.629,
1900.0,heavy,3103,0,4.873,
1900.0,light-1,3102,1,1.746,
1900.0,light-4,3102,1,2.058,
1900.0,light-2,3103,1,3.157,
1900.0,light-3,3101,1,3.622,
1900.0,light-5,3103,1,3.668,
1903.3,heavy,3101,1,2.811,
1906.7,heavy,3101,0,4.779,
1910.0,heavy,3102,0,1.190,
1913.3,heavy,3103,1,4.663,
1916.7,heavy,3101,0,3.890,
1920.0,heavy,3102,1,1.218,
1923.3,heavy,3103,0,3.233,
1926.7,heavy,3101,0,3.242,
1930.0,heavy,3102,0,1.234,
1933.3,heavy,3103,1,4.606,
1936.7,heavy,3101,0,3.735,
1940.0,heavy,3102,1,1.419,
1943.3,heavy,3103,0,3.539,
1946.7,heavy,3101,0,3.897,
1950.0,heavy,3102,0,1.045,
1953.3,heavy,3103,0,5.609,
1956.7,heavy,3101,0,4.507,
1960.0,heavy,3102,1,1.744,
1963.3,heavy,3103,0,5.255,
1966.7,heavy,3101,0,4.934,
1970.0,heavy,3102,1,1.396,
1973.3,heavy,3103,1,4.968,
1976.7,heavy,3101,0,4.270,
1980.0,heavy,3102,1,1.357,
1983.3,heavy,3103,0,4.809,
1986.7,heavy,3101,0,4.711,
1990.0,heavy,3102,1,1.481,
1993.3,heavy,3103,0,4.435,
1996.7,heavy,3101,0,4.099,
2000.0,heavy,3102,0,1.594,
2000.0,light-1,3103,1,1.652,
2000.0,light-2,3101,1,1.763,
2000.0,light-4,3103,1,1.873,
2000.0,light-3,3102,1,2.019,
2000.0,light-5,3101,1,2.056,
2003.3,heavy,3102,1,1.474,
2006.7,heavy,3103,0,3.456,
2010.0,heavy,3101,0,4.185,
2013.3,heavy,3102,1,1.598,
2016.7,heavy,3103,0,2.459,
2020.0,heavy,3101,0,3.613,
2023.3,heavy,3102,1,1.112,
2026.7,heavy,3103,0,4.888,
2030.0,heavy,3101,1,4.112,
2033.3,heavy,3102,0,1.006,
2036.7,heavy,3103,0,3.293,
2040.0,heavy,3101,1,5.665,
2043.3,heavy,3102,0,1.124,
2046.7,heavy,3103,0,4.223,
2050.0,heavy,3101,1,4.668,
2053.3,heavy,3102,0,1.001,
2056.7,heavy,3103,0,2.731,
2060.0,heavy,3101,0,3.294,
2063.3,heavy,3102,1,0.948,
2066.7,heavy,3103,0,3.874,
2070.0,heavy,3101,0,3.856,
2073.3,heavy,3102,1,1.337,
2076.7,heavy,3103,0,3.604,
2080.0,heavy,3101,0,2.479,
2083.3,heavy,3102,1,1.637,
2086.7,heavy,3103,0,4.124,
2090.0,heavy,3101,0,3.513,
2093.3,heavy,3102,1,1.765,
2096.7,heavy,3103,0,4.088,
2100.0,heavy,3101,1,5.414,
2100.0,light-1,3102,1,1.276,
2100.0,light-2,3103,1,1.569,
2100.0,light-4,3102,1,2.056,
2100.0,light-5,3103,1,2.154,
2100.0,light-3,3101,1,3.014,
2103.3,heavy,3101,0,4.086,
2106.7,heavy,3102,0,0.995,
2110.0,heavy,3103,0,4.119,
2113.3,heavy,3101,0,4.124,
2116.7,heavy,3102,1,1.379,
2120.0,heavy,3103,0,4.142,
2123.3,heavy,3101,0,4.223,
2126.7,heavy,3102,1,0.980,
2130.0,heavy,3103,0,3.669,
2133.3,heavy,3101,1,4.317,
2136.7,heavy,3102,0,1.052,
2140.0,heavy,3103,1,5.317,
2143.3,heavy,3101,0,4.668,
2146.7,heavy,3102,0,1.012,
2150.0,heavy,3103,1,6.672,
2153.3,heavy,3101,0,4.645,
2156.7,heavy,3102,0,1.901,
2160.0,heavy,3103,1,5.907,
2163.3,heavy,3101,0,4.403,
2166.7,heavy,3102,0,1.127,
2170.0,heavy,3103,1,7.415,
2173.3,heavy,3101,1,6.376,
2176.7,heavy,3102,0,2.634,
2180.0,heavy,3103,0,4.575,
2183.3,heavy,3101,0,4.699,
2186.7,heavy,3102,0,1.084,
2190.0,heavy,3103,1,5.352,
2193.3,heavy,3101,0,5.033,
2196.7,heavy,3102,0,1.496,
2200.0,heavy,3103,1,5.132,
2200.0,light-1,3101,1,1.627,
2200.0,light-2,3102,1,1.813,
2200.0,light-5,3102,1,1.832,
2200.0,light-4,3101,1,2.002,
2200.0,light-3,3103,1,2.843,
2203.3,heavy,3103,0,4.006,
2206.7,heavy,3101,0,3.451,
2210.0,heavy,3102,0,0.966,
2213.3,heavy,3103,1,5.444,
2216.7,heavy,3101,0,4.454,
2220.0,heavy,3102,0,1.177,
2223.3,heavy,3103,1,2.697,
2226.7,heavy,3101,0,3.538,
2230.0,heavy,3102,0,1.336,
2233.3,heavy,3103,1,4.556,
2236.7,heavy,3101,0,3.536,
2240.0,heavy,3102,1,0.932,
2243.3,heavy,3103,0,4.144,
2246.7,heavy,3101,0,3.659,
2250.0,heavy,3102,0,1.228,
2253.3,heavy,3103,1,7.294,
2256.7,heavy,3101,0,5.881,
2260.0,heavy,3102,1,2.606,
2263.3,heavy,3103,0,7.020,
2266.7,heavy,3101,0,5.751,
2270.0,heavy,3102,1,1.557,
2273.3,heavy,3103,0,5.386,
2276.7,heavy,3101,1,5.843,
2280.0,heavy,3102,0,1.807,
2283.3,heavy,3103,0,5.128,
2286.7,heavy,3101,0,5.188,
2290.0,heavy,3102,0,1.512,
2293.3,heavy,3103,1,5.660,
2296.7,heavy,3101,0,6.819,
2300.0,heavy,3102,1,1.865,
2300.0,light-2,3101,1,1.784,
2300.0,light-3,3102,1,1.901,
2300.0,light-5,3101,1,3.097,
2300.0,light-1,3103,1,3.520,
2300.0,light-4,3103,1,3.585,
2303.3,heavy,3102,0,1.000,
2306.7,heavy,3103,0,5.741,
2310.0,heavy,3101,1,6.102,
2313.3,heavy,3102,0,1.296,
2316.7,heavy,3103,0,3.002,
2320.0,heavy,3101,1,4.291,
2323.3,heavy,3102,0,1.019,
2326.7,heavy,3103,0,4.191,
2330.0,heavy,3101,1,4.957,
2333.3,heavy,3102,0,1.340,
2336.7,heavy,3103,0,3.727,
2340.0,heavy,3101,1,4.676,
2343.3,heavy,3102,0,0.992,
2346.7,heavy,3103,0,3.798,
2350.0,heavy,3101,1,4.644,
2353.3,heavy,3102,0,1.300,
2356.7,heavy,3103,0,3.786,
2360.0,heavy,3101,0,3.624,
2363.3,heavy,3102,1,1.351,
2366.7,heavy,3103,0,4.493,
2370.0,heavy,3101,0,4.784,
2373.3,heavy,3102,1,1.400,
2376.7,heavy,3103,0,3.760,
2380.0,heavy,3101,1,3.750,
2383.3,heavy,3102,0,1.376,
2386.7,heavy,3103,0,3.632,
2390.0,heavy,3101,1,4.914,
2393.3,heavy,3102,0,1.257,
2396.7,heavy,3103,0,3.505,
2400.0,heavy,3101,1,4.817,
2400.0,light-1,3102,1,1.464,
2400.0,light-2,3103,1,1.590,
2400.0,light-4,3102,1,1.592,
2400.0,light-5,3103,1,1.617,
2400.0,light-3,3101,1,2.823,
2403.3,heavy,3101,0,3.140,
2406.7,heavy,3102,0,0.860,
2410.0,heavy,3103,0,4.690,
2413.3,heavy,3101,1,5.179,
2416.7,heavy,3102,1,1.768,
2420.0,heavy,3103,0,4.933,
2423.3,heavy,3101,0,1.870,
2426.7,heavy,3102,0,1.118,
2430.0,heavy,3103,0,4.025,
2433.3,heavy,3101,0,4.378,
2436.7,heavy,3102,1,1.304,
2440.0,heavy,3103,0,4.162,
2443.3,heavy,3101,1,5.440,
2446.7,heavy,3102,0,1.348,
2450.0,heavy,3103,1,6.409,
2453.3,heavy,3101,0,4.482,
2456.7,heavy,3102,0,1.217,
2460.0,heavy,3103,1,5.440,
2463.3,heavy,3101,0,4.616,
2466.7,heavy,3102,0,1.529,
2470.0,heavy,3103,1,6.394,
2473.3,heavy,3101,0,4.704,
2476.7,heavy,3102,0,2.397,
2480.0,heavy,3103,1,6.267,
2483.3,heavy,3101,0,4.476,
2486.7,heavy,3102,0,1.071,
2490.0,heavy,3103,1,5.508,
2493.3,heavy,3101,0,4.531,
2496.7,heavy,3102,0,1.350,
2500.0,light-2,3102,1,1.944,
2500.0,light-1,3101,1,2.272,
2500.0,light-4,3101,1,2.705,
2500.0,light-5,3102,1,3.049,
2500.0,light-3,3103,1,4.394,
2500.0,heavy,3103,1,7.221,
2503.3,heavy,3103,0,5.315,
2506.7,heavy,3101,0,3.814,
2510.0,heavy,3102,1,0.945,
2513.3,heavy,3103,0,5.034,
2516.7,heavy,3101,0,3.992,
2520.0,heavy,3102,1,1.527,
2523.3,heavy,3103,0,4.680,
2526.7,heavy,3101,0,4.342,
2530.0,heavy,3102,1,2.161,
2533.3,heavy,3103,0,3.527,
2536.7,heavy,3101,0,3.494,
2540.0,heavy,3102,0,1.118,
2543.3,heavy,3103,1,4.048,
2546.7,heavy,3101,0,3.275,
2550.0,heavy,3102,1,1.272,
2553.3,heavy,3103,0,4.266,
2556.7,heavy,3101,0,4.104,
2560.0,heavy,3102,0,1.078,
2563.3,heavy,3103,1,4.328,
2566.7,heavy,3101,0,3.706,
2570.0,heavy,3102,1,1.461,
2573.3,heavy,3103,0,4.053,
2576.7,heavy,3101,0,2.363,
2580.0,heavy,3102,1,1.548,
2583.3,heavy,3103,1,4.541,
2586.7,heavy,3101,0,3.877,
2590.0,heavy,3102,0,1.421,
2593.3,heavy,3103,0,2.782,
2596.7,heavy,3101,0,3.250,
2600.0,light-2,3101,1,1.174,
2600.0,light-1,3103,1,1.346,
2600.0,light-3,3102,1,1.418,
2600.0,light-4,3103,1,1.483,
2600.0,light-5,3101,1,1.548,
2600.0,heavy,3102,0,1.179,
2603.3,heavy,3102,1,1.145,
2606.7,heavy,3103,0,3.280,
2610.0,heavy,3101,0,3.329,
2613.3,heavy,3102,1,1.770,
2616.7,heavy,3103,0,5.072,
2620.0,heavy,3101,1,4.077,
2623.3,heavy,3102,0,0.899,
2626.7,heavy,3103,0,3.196,
2630.0,heavy,3101,0,3.356,
2633.3,heavy,3102,1,1.004,
2636.7,heavy,3103,0,3.668,
2640.0,heavy,3101,1,4.173,
2643.3,heavy,3102,0,0.982,
2646.7,heavy,3103,0,3.071,
2650.0,heavy,3101,0,3.752,
2653.3,heavy,3102,1,1.217,
2656.7,heavy,3103,0,3.477,
2660.0,heavy,3101,0,3.411,
2663.3,heavy,3102,1,1.350,
2666.7,heavy,3103,0,3.138,
2670.0,heavy,3101,0,2.024,
2673.3,heavy,3102,1,2.403,
2676.7,heavy,3103,0,4.632,
2680.0,heavy,3101,0,5.147,
2683.3,heavy,3102,1,2.570,
2686.7,heavy,3103,0,2.923,
2690.0,heavy,3101,0,3.677,
2693.3,heavy,3102,1,1.421,
2696.7,heavy,3103,1,8.996,
2700.0,light-2,3103,1,4.752,
2700.0,light-4,3102,1,5.302,
2700.0,light-1,3102,1,8.328,
2700.0,light-3,3101,1,10.167,
2700.0,light-5,3103,1,15.346,
2700.0,heavy,3101,0,9.318,
2703.3,heavy,3101,0,4.489,
2706.7,heavy,3102,0,1.816,
2710.0,heavy,3103,1,5.603,
2713.3,heavy,3101,0,3.761,
2716.7,heavy,3102,0,1.325,
2720.0,heavy,3103,0,4.562,
2723.3,heavy,3101,1,4.576,
2726.7,heavy,3102,1,1.345,
2730.0,heavy,3103,0,4.314,
2733.3,heavy,3101,0,3.638,
2736.7,heavy,3102,0,2.768,
2740.0,heavy,3103,0,3.462,
2743.3,heavy,3101,0,4.505,
2746.7,heavy,3102,1,1.529,
2750.0,heavy,3103,0,2.918,
2753.3,heavy,3101,1,3.954,
2756.7,heavy,3102,0,0.937,
2760.0,heavy,3103,1,4.731,
2763.3,heavy,3101,0,3.289,
2766.7,heavy,3102,0,1.395,
2770.0,heavy,3103,1,4.551,
2773.3,heavy,3101,0,3.500,
2776.7,heavy,3102,0,0.887,
2780.0,heavy,3103,0,4.260,
2783.3,heavy,3101,1,4.654,
2786.7,heavy,3102,1,1.348,
2790.0,heavy,3103,0,4.376,
2793.3,heavy,3101,0,4.691,
2796.7,heavy,3102,0,1.813,
2800.0,light-1,3101,1,1.416,
2800.0,light-3,3103,1,2.840,
2800.0,light-4,3101,1,5.479,
2800.0,light-2,3102,1,6.325,
2800.0,light-5,3102,1,6.708,
2800.0,heavy,3103,1,6.671,
2803.3,heavy,3103,0,3.076,
2806.7,heavy,3101,0,3.671,
2810.0,heavy,3102,0,1.074,
2813.3,heavy,3103,0,4.577,
2816.7,heavy,3101,1,4.997,
2820.0,heavy,3102,1,1.422,
2823.3,heavy,3103,0,4.710,
2826.7,heavy,3101,0,4.432,
2830.0,heavy,3102,0,1.276,
2833.3,heavy,3103,0,4.402,
2836.7,heavy,3101,1,4.550,
2840.0,heavy,3102,1,1.486,
2843.3,heavy,3103,0,2.794,
2846.7,heavy,3101,0,4.868,
2850.0,heavy,3102,1,1.474,
2853.3,heavy,3103,0,3.616,
2856.7,heavy,3101,0,4.685,
2860.0,heavy,3102,0,1.168,
2863.3,heavy,3103,1,5.610,
2866.7,heavy,3101,0,4.617,
2870.0,heavy,3102,1,1.597,
2873.3,heavy,3103,0,3.630,
2876.7,heavy,3101,0,4.264,
2880.0,heavy,3102,1,1.441,
2883.3,heavy,3103,0,3.984,
2886.7,heavy,3101,0,4.543,
2890.0,heavy,3102,1,1.529,
2893.3,heavy,3103,0,4.893,
2896.7,heavy,3101,0,5.200,
2900.0,light-1,3101,1,2.122,
2900.0,light-2,3102,1,2.233,
2900.0,light-5,3102,1,2.246,
2900.0,light-4,3101,1,2.414,
2900.0,light-3,3103,1,3.245,
2900.0,heavy,3102,1,2.082,
2903.3,heavy,3103,0,4.932,
2906.7,heavy,3103,0,5.561,
2910.0,heavy,3101,1,4.701,
2913.3,heavy,3102,0,1.043,
2916.7,heavy,3103,0,3.686,
2920.0,heavy,3101,1,4.578,
2923.3,heavy,3102,0,1.229,
2926.7,heavy,3103,0,3.718,
2930.0,heavy,3101,1,4.863,
2933.3,heavy,3102,0,0.867,
2936.7,heavy,3103,1,4.563,
2940.0,heavy,3101,0,3.661,
2943.3,heavy,3102,1,1.483,
2946.7,heavy,3103,0,4.273,
2950.0,heavy,3101,0,4.042,
2953.3,heavy,3102,0,0.956,
2956.7,heavy,3103,0,3.687,
2960.0,heavy,3101,0,3.875,
2963.3,heavy,3102,1,1.183,
2966.7,heavy,3103,0,3.469,
2970.0,heavy,3101,0,3.107,
2973.3,heavy,3102,1,1.622,
2976.7,heavy,3103,0,4.376,
2980.0,heavy,3101,0,3.834,
2983.3,heavy,3102,1,1.247,
2986.7,heavy,3103,0,3.104,
2990.0,heavy,3101,0,3.558,
2993.3,heavy,3102,1,1.199,
2996.7,heavy,3103,0,3.386,
3000.0,light-1,3102,1,1.208,
3000.0,light-2,3103,1,1.349,
3000.0,light-4,3102,1,1.411,
3000.0,light-5,3103,1,1.617,
3000.0,light-3,3101,1,2.749,
3000.0,heavy,3101,1,4.795,
3003.3,heavy,3101,0,3.990,
3006.7,heavy,3102,0,1.305,
3010.0,heavy,3103,1,4.100,
3013.3,heavy,3101,0,3.846,
3016.7,heavy,3102,0,1.409,
3020.0,heavy,3103,1,5.269,
3023.3,heavy,3101,0,3.533,
3026.7,heavy,3102,0,1.465,
3030.0,heavy,3103,1,3.922,
3033.3,heavy,3101,0,3.302,
3036.7,heavy,3102,1,1.083,
3040.0,heavy,3103,0,3.636,
3043.3,heavy,3101,0,2.337,
3046.7,heavy,3102,0,1.180,
3050.0,heavy,3103,0,4.127,
3053.3,heavy,3101,0,4.029,
3056.7,heavy,3102,1,1.452,
3060.0,heavy,3103,0,3.480,
3063.3,heavy,3101,1,3.962,
3066.7,heavy,3102,1,1.116,
3070.0,heavy,3103,0,3.143,
3073.3,heavy,3101,0,3.657,
3076.7,heavy,3102,0,0.811,
3080.0,heavy,3103,1,4.642,
3083.3,heavy,3101,0,3.904,
3086.7,heavy,3102,1,1.354,
3090.0,heavy,3103,0,4.470,
3093.3,heavy,3101,0,3.593,
3096.7,heavy,3102,0,1.021,
3100.0,light-1,3102,1,1.393,
3100.0,light-4,3102,1,1.959,
3100.0,light-2,3103,1,2.459,
3100.0,light-3,3101,1,2.584,
3100.0,light-5,3103,1,2.641,
3100.0,heavy,3103,1,4.720,
3103.3,heavy,3101,0,3.641,
3106.7,heavy,3101,0,2.725,
3110.0,heavy,3102,0,0.890,
3113.3,heavy,3103,1,4.932,
3116.7,heavy,3101,0,4.210,
3120.0,heavy,3102,1,1.722,
3123.3,heavy,3103,0,3.016,
3126.7,heavy,3101,0,4.146,
3130.0,heavy,3102,1,1.486,
3133.3,heavy,3103,0,4.451,
3136.7,heavy,3101,0,3.891,
3140.0,heavy,3102,0,1.064,
3143.3,heavy,3103,0,3.759,
3146.7,heavy,3101,1,3.958,
3150.0,heavy,3102,1,1.173,
3153.3,heavy,3103,0,2.498,
3156.7,heavy,3101,0,3.933,
3160.0,heavy,3102,1,1.089,
3163.3,heavy,3103,0,3.122,
3166.7,heavy,3101,0,3.760,
3170.0,heavy,3102,0,0.882,
3173.3,heavy,3103,1,4.676,
3176.7,heavy,3101,0,4.223,
3180.0,heavy,3102,1,1.440,
3183.3,heavy,3103,0,4.291,
3186.7,heavy,3101,0,3.791,
3190.0,heavy,3102,1,2.152,
3193.3,heavy,3103,0,3.412,
3196.7,heavy,3101,0,4.215,
3200.0,light-5,3101,1,2.911,
3200.0,light-2,3101,1,5.829,
3200.0,light-1,3103,1,6.436,
3200.0,light-3,3102,1,6.404,
3200.0,light-4,3103,1,6.481,
3200.0,heavy,3102,0,1.478,
3203.3,heavy,3102,1,1.315,
3206.7,heavy,3103,0,5.025,
3210.0,heavy,3101,0,3.922,
3213.3,heavy,3102,1,1.553,
3216.7,heavy,3103,0,3.561,
3220.0,heavy,3101,1,4.567,
3223.3,heavy,3102,0,0.945,
3226.7,heavy,3103,0,5.306,
3230.0,heavy,3101,0,4.061,
3233.3,heavy,3102,1,1.068,
3236.7,heavy,3103,0,3.677,
3240.0,heavy,3101,0,3.803,
3243.3,heavy,3102,1,1.366,
3246.7,heavy,3103,0,2.941,
3250.0,heavy,3101,0,3.557,
3253.3,heavy,3102,1,1.089,
3256.7,heavy,3103,0,4.557,
3260.0,heavy,3101,1,4.461,
3263.3,heavy,3102,0,0.744,
3266.7,heavy,3103,0,3.534,
3270.0,heavy,3101,0,3.621,
3273.3,heavy,3102,1,1.315,
3276.7,heavy,3103,0,4.735,
3280.0,heavy,3101,1,4.435,
3283.3,heavy,3102,0,1.300,
3286.7,heavy,3103,0,3.653,
3290.0,heavy,3101,0,3.080,
3293.3,heavy,3102,1,1.231,
3296.7,heavy,3103,0,4.632,
3300.0,light-2,3102,1,2.035,
3300.0,light-5,3102,1,2.209,
3300.0,light-1,3101,1,2.513,
3300.0,light-4,3101,1,2.739,
3300.0,light-3,3103,1,2.949,
3300.0,heavy,3101,0,4.118,
3303.3,heavy,3102,1,1.639,
3306.7,heavy,3103,0,4.330,
3310.0,heavy,3103,0,3.336,
3313.3,heavy,3101,1,4.575,
3316.7,heavy,3102,1,1.569,
3320.0,heavy,3103,0,3.749,
3323.3,heavy,3101,0,4.324,
3326.7,heavy,3102,0,0.862,
3330.0,heavy,3103,0,3.753,
3333.3,heavy,3101,0,4.089,
3336.7,heavy,3102,1,1.402,
3340.0,heavy,3103,0,2.467,
3343.3,heavy,3101,1,3.758,
3346.7,heavy,3102,0,0.932,
3350.0,heavy,3103,1,5.031,
3353.3,heavy,3101,0,4.136,
3356.7,heavy,3102,0,1.596,
3360.0,heavy,3103,1,4.365,
3363.3,heavy,3101,0,3.708,
3366.7,heavy,3102,0,1.415,
3370.0,heavy,3103,0,3.488,
3373.3,heavy,3101,1,4.623,
3376.7,heavy,3102,0,1.093,
3380.0,heavy,3103,1,5.190,
3383.3,heavy,3101,0,4.179,
3386.7,heavy,3102,0,1.497,
3390.0,heavy,3103,0,2.329,
3393.3,heavy,3101,1,5.947,
3396.7,heavy,3102,1,1.482,
3400.0,light-2,3102,1,1.777,
3400.0,light-5,3102,1,1.908,
3400.0,light-1,3101,1,2.701,
3400.0,light-3,3103,1,2.760,
3400.0,light-4,3101,1,2.931,
3400.0,heavy,3103,0,4.303,
3403.3,heavy,3103,0,3.150,
3406.7,heavy,3101,0,2.388,
3410.0,heavy,3102,1,1.514,
3413.3,heavy,3103,0,3.443,
3416.7,heavy,3101,0,3.601,
3420.0,heavy,3102,0,1.170,
3423.3,heavy,3103,1,4.585,
3426.7,heavy,3101,0,3.967,
3430.0,heavy,3102,1,1.179,
3433.3,heavy,3103,0,2.982,
3436.7,heavy,3101,0,4.521,
3440.0,heavy,3102,1,1.345,
3443.3,heavy,3103,0,3.726,
3446.7,heavy,3101,0,4.283,
3450.0,heavy,3102,0,0.878,
3453.3,heavy,3103,1,4.098,
3456.7,heavy,3101,0,4.042,
3460.0,heavy,3102,1,1.307,
3463.3,heavy,3103,0,2.705,
3466.7,heavy,3101,0,4.029,
3470.0,heavy,3102,1,1.326,
3473.3,heavy,3103,0,4.281,
3476.7,heavy,3101,0,4.119,
3480.0,heavy,3102,0,0.945,
3483.3,heavy,3103,1,4.373,
3486.7,heavy,3101,0,4.879,
3490.0,heavy,3102,1,1.452,
3493.3,heavy,3103,0,3.111,
3496.7,heavy,3101,0,3.586,
3500.0,light-1,3103,1,1.707,
3500.0,light-2,3101,1,1.757,
3500.0,light-3,3102,1,1.792,
3500.0,light-4,3103,1,1.808,
3500.0,light-5,3101,1,1.817,
3500.0,heavy,3102,0,1.659,
3503.3,heavy,3102,1,1.281,
3506.7,heavy,3103,0,3.495,
3510.0,heavy,3101,1,4.574,
3513.3,heavy,3102,0,0.923,
3516.7,heavy,3103,0,3.457,
3520.0,heavy,3101,1,3.955,
3523.3,heavy,3102,0,1.035,
3526.7,heavy,3103,0,3.859,
3530.0,heavy,3101,0,3.249,
3533.3,heavy,3102,1,1.221,
3536.7,heavy,3103,0,3.574,
3540.0,heavy,3101,0,2.839,
3543.3,heavy,3102,1,1.501,
3546.7,heavy,3103,0,3.772,
3550.0,heavy,3101,0,4.031,
3553.3,heavy,3102,1,1.641,
3556.7,heavy,3103,0,2.733,
3560.0,heavy,3101,1,4.872,
3563.3,heavy,3102,1,1.480,
3566.7,heavy,3103,0,3.997,
3570.0,heavy,3101,0,4.542,
3573.3,heavy,3102,0,0.949,
3576.7,heavy,3103,0,4.267,
3580.0,heavy,3101,0,3.850,
3583.3,heavy,3102,1,1.333,
3586.7,heavy,3103,0,2.788,
3590.0,heavy,3101,0,3.637,
3593.3,heavy,3102,1,1.420,
3596.7,heavy,3103,0,4.142,
3600.0,light-1,3102,1,1.229,
3600.0,light-4,3102,1,1.440,
3600.0,light-2,3103,1,2.518,
3600.0,light-3,3101,1,3.015,
3600.0,light-5,3103,1,3.086,
3600.0,heavy,3101,1,4.155,
3603.3,heavy,3101,0,3.122,
3606.7,heavy,3102,0,0.865,
3610.0,heavy,3103,0,3.803,
3613.3,heavy,3101,0,3.925,
3616.7,heavy,3102,1,1.225,
3620.0,heavy,3103,0,3.166,
3623.3,heavy,3101,1,4.250,
3626.7,heavy,3102,0,1.056,
3630.0,heavy,3103,1,4.629,
3633.3,heavy,3101,0,3.373,
3636.7,heavy,3102,0,0.905,
3640.0,heavy,3103,0,3.179,
3643.3,heavy,3101,1,4.441,
3646.7,heavy,3102,0,1.209,
3650.0,heavy,3103,1,4.221,
3653.3,heavy,3101,0,3.407,
3656.7,heavy,3102,1,1.291,
3660.0,heavy,3103,0,4.004,
3663.3,heavy,3101,0,3.737,
3666.7,heavy,3102,0,1.060,
3670.0,heavy,3103,0,4.128,
3673.3,heavy,3101,1,4.482,
3676.7,heavy,3102,1,1.530,
3680.0,heavy,3103,0,4.219,
3683.3,heavy,3101,0,1.723,
3686.7,heavy,3102,1,2.594,
3690.0,heavy,3103,0,4.472,
3693.3,heavy,3101,0,5.825,
3696.7,heavy,3102,0,3.451,
3700.0,light-2,3102,1,1.352,
3700.0,light-5,3102,1,1.595,
3700.0,light-1,3101,1,2.007,
3700.0,light-4,3101,1,2.336,
3700.0,light-3,3103,1,2.555,
3700.0,heavy,3103,0,3.843,
3703.3,heavy,3103,1,4.014,
3706.7,heavy,3101,0,5.622,
3710.0,heavy,3102,0,1.164,
3713.3,heavy,3103,1,5.294,
3716.7,heavy,3101,0,3.511,
3720.0,heavy,3102,1,1.024,
3723.3,heavy,3103,0,3.390,
3726.7,heavy,3101,0,3.782,
3730.0,heavy,3102,0,0.987,
3733.3,heavy,3103,1,5.559,
3736.7,heavy,3101,0,4.177,
3740.0,heavy,3102,1,1.446,
3743.3,heavy,3103,0,5.283,
3746.7,heavy,3101,0,3.439,
3750.0,heavy,3102,0,1.383,
3753.3,heavy,3103,0,5.042,
3756.7,heavy,3101,1,3.793,
3760.0,heavy,3102,1,1.069,
3763.3,heavy,3103,0,4.504,
3766.7,heavy,3101,0,3.530,
3770.0,heavy,3102,0,1.106,
3773.3,heavy,3103,1,3.689,
3776.7,heavy,3101,0,2.870,
3780.0,heavy,3102,1,2.541,
3783.3,heavy,3103,1,2.892,
3786.7,heavy,3101,0,4.356,
3790.0,heavy,3102,0,2.305,
3793.3,heavy,3103,0,4.222,
3796.7,heavy,3101,0,3.476,
3800.0,light-1,3103,1,2.455,
3800.0,light-2,3101,1,2.522,
3800.0,light-3,3102,1,2.582,
3800.0,light-5,3101,1,2.570,
3800.0,light-4,3103,1,2.757,
3800.0,heavy,3102,0,2.337,
3803.3,heavy,3102,1,1.050,
3806.7,heavy,3103,0,3.223,
3810.0,heavy,3101,0,3.183,
3813.3,heavy,3102,1,1.048,
3816.7,heavy,3103,1,4.988,
3820.0,heavy,3101,0,3.928,
3823.3,heavy,3102,0,1.376,
3826.7,heavy,3103,0,1.895,
3830.0,heavy,3101,0,2.997,
3833.3,heavy,3102,1,1.069,
3836.7,heavy,3103,0,3.255,
3840.0,heavy,3101,0,2.952,
3843.3,heavy,3102,1,1.031,
3846.7,heavy,3103,0,3.830,
3850.0,heavy,3101,0,4.111,
3853.3,heavy,3102,1,1.401,
3856.7,heavy,3103,0,3.772,
3860.0,heavy,3101,1,4.090,
3863.3,heavy,3102,0,1.044,
3866.7,heavy,3103,0,4.348,
3870.0,heavy,3101,1,4.071,
3873.3,heavy,3102,0,0.900,
3876.7,heavy,3103,0,3.440,
3880.0,heavy,3101,1,4.555,
3883.3,heavy,3102,0,1.380,
3886.7,heavy,3103,0,3.946,
3890.0,heavy,3101,0,4.357,
3893.3,heavy,3102,1,1.299,
3896.7,heavy,3103,0,4.013,
3900.0,light-2,3103,1,1.031,
3900.0,light-4,3102,1,2.779,
3900.0,light-1,3102,1,5.198,
3900.0,light-5,3103,1,6.441,
3900.0,light-3,3101,1,6.763,
3900.0,heavy,3101,0,3.178,
3903.3,heavy,3101,1,7.042,
3906.7,heavy,3102,0,0.923,
3910.0,heavy,3103,0,3.183,
3913.3,heavy,3101,1,8.887,
3916.7,heavy,3102,0,1.705,
3920.0,heavy,3103,0,3.574,
3923.3,heavy,3101,1,2.530,
3926.7,heavy,3102,0,1.169,
3930.0,heavy,3103,0,4.152,
3933.3,heavy,3101,1,3.700,
3936.7,heavy,3102,0,0.722,
3940.0,heavy,3103,0,4.225,
3943.3,heavy,3101,0,3.447,
3946.7,heavy,3102,1,1.040,
3950.0,heavy,3103,0,3.455,
3953.3,heavy,3101,1,4.213,
3956.7,heavy,3102,0,0.841,
3960.0,heavy,3103,1,4.359,
3963.3,heavy,3101,0,3.747,
3966.7,heavy,3102,0,1.186,
3970.0,heavy,3103,1,4.766,
3973.3,heavy,3101,0,3.250,
3976.7,heavy,3102,0,1.071,
3980.0,heavy,3103,1,4.461,
3983.3,heavy,3101,0,3.393,
3986.7,heavy,3102,1,1.188,
3990.0,heavy,3103,0,4.235,
3993.3,heavy,3101,0,3.532,
3996.7,heavy,3102,0,1.320,
4000.0,light-3,3102,1,1.758,
4000.0,light-2,3101,1,2.567,
4000.0,light-1,3103,1,2.773,
4000.0,light-4,3103,1,2.837,
4000.0,light-5,3101,1,2.971,
4000.0,heavy,3103,0,5.463,
4003.3,heavy,3101,0,4.457,
4006.7,heavy,3102,1,1.580,
4010.0,heavy,3102,0,1.339,
4013.3,heavy,3103,1,4.589,
4016.7,heavy,3101,0,3.758,
4020.0,heavy,3102,1,1.070,
4023.3,heavy,3103,0,3.581,
4026.7,heavy,3101,0,3.589,
4030.0,heavy,3102,0,1.352,
4033.3,heavy,3103,1,5.260,
4036.7,heavy,3101,0,3.828,
4040.0,heavy,3102,1,1.281,
4043.3,heavy,3103,0,2.996,
4046.7,heavy,3101,0,3.971,
4050.0,heavy,3102,0,0.993,
4053.3,heavy,3103,1,4.618,
4056.7,heavy,3101,0,3.231,
4060.0,heavy,3102,0,0.994,
4063.3,heavy,3103,1,4.433,
4066.7,heavy,3101,0,3.280,
4070.0,heavy,3102,0,0.921,
4073.3,heavy,3103,0,8.733,
4076.7,heavy,3101,1,7.771,
4080.0,heavy,3102,1,5.972,
4083.3,heavy,3103,0,8.650,
4086.7,heavy,3101,0,8.006,
4090.0,heavy,3102,1,6.761,
4093.3,heavy,3103,0,7.257,
4096.7,heavy,3101,0,6.361,
4100.0,light-1,3103,1,2.675,
4100.0,light-3,3102,1,3.969,
4100.0,light-4,3103,1,4.584,
4100.0,light-2,3101,1,5.059,
4100.0,light-5,3101,1,5.007,
4100.0,heavy,3102,1,2.649,
4103.3,heavy,3102,0,3.284,
4106.7,heavy,3103,0,4.554,
4110.0,heavy,3101,0,4.617,
4113.3,heavy,3102,1,1.401,
4116.7,heavy,3103,0,3.542,
4120.0,heavy,3101,1,5.075,
4123.3,heavy,3102,0,1.301,
4126.7,heavy,3103,0,3.778,
4130.0,heavy,3101,0,3.807,
4133.3,heavy,3102,1,1.272,
4136.7,heavy,3103,0,4.253,
4140.0,heavy,3101,0,4.371,
4143.3,heavy,3102,1,3.612,
4146.7,heavy,3103,0,3.851,
4150.0,heavy,3101,0,4.493,
4153.3,heavy,3102,1,1.115,
4156.7,heavy,3103,0,3.928,
4160.0,heavy,3101,1,4.499,
4163.3,heavy,3102,0,1.068,
4166.7,heavy,3103,0,4.546,
4170.0,heavy,3101,1,4.979,
4173.3,heavy,3102,1,1.475,
4176.7,heavy,3103,0,4.699,
4180.0,heavy,3101,0,4.938,
4183.3,heavy,3102,0,1.489,
4186.7,heavy,3103,0,3.425,
4190.0,heavy,3101,0,3.227,
4193.3,heavy,3102,1,1.063,
4196.7,heavy,3103,0,4.210,
4200.0,light-2,3103,1,1.892,
4200.0,light-1,3102,1,2.156,
4200.0,light-4,3102,1,2.131,
4200.0,light-5,3103,1,2.210,
4200.0,light-3,3101,1,2.832,
4200.0,heavy,3101,1,4.173,
4203.3,heavy,3101,0,3.590,
4206.7,heavy,3102,0,0.940,
4210.0,heavy,3103,1,3.335,
4213.3,heavy,3101,0,3.930,
4216.7,heavy,3102,0,1.022,
4220.0,heavy,3103,0,2.913,
4223.3,heavy,3101,1,3.808,
4226.7,heavy,3102,0,1.074,
4230.0,heavy,3103,1,5.572,
4233.3,heavy,3101,0,4.427,
4236.7,heavy,3102,1,1.507,
4240.0,heavy,3103,0,5.253,
4243.3,heavy,3101,0,4.345,
4246.7,heavy,3102,0,1.249,
4250.0,heavy,3103,0,3.797,
4253.3,heavy,3101,0,3.421,
4256.7,heavy,3102,1,1.360,
4260.0,heavy,3103,0,2.299,
4263.3,heavy,3101,1,5.005,
4266.7,heavy,3102,0,1.034,
4270.0,heavy,3103,1,4.978,
4273.3,heavy,3101,0,3.203,
4276.7,heavy,3102,0,1.283,
4280.0,heavy,3103,0,2.764,
4283.3,heavy,3101,1,3.148,
4286.7,heavy,3102,0,2.195,
4290.0,heavy,3103,0,5.273,
4293.3,heavy,3101,0,3.560,
4296.7,heavy,3102,1,1.054,
4300.0,light-1,3101,1,1.525,
4300.0,light-3,3103,1,2.630,
4300.0,light-4,3101,1,5.985,
4300.0,light-2,3102,1,6.825,
4300.0,light-5,3102,1,7.593,
4300.0,heavy,3103,1,7.344,
4303.3,heavy,3103,0,2.912,
4306.7,heavy,3101,0,3.508,
4310.0,heavy,3102,0,1.462,
4313.3,heavy,3103,1,4.358,
4316.7,heavy,3101,0,5.120,
4320.0,heavy,3102,1,1.506,
4323.3,heavy,3103,0,4.131,
4326.7,heavy,3101,0,5.133,
4330.0,heavy,3102,0,1.510,
4333.3,heavy,3103,1,3.749,
4336.7,heavy,3101,0,5.574,
4340.0,heavy,3102,1,1.074,
4343.3,heavy,3103,0,3.195,
4346.7,heavy,3101,0,4.448,
4350.0,heavy,3102,0,1.148,
4353.3,heavy,3103,1,4.940,
4356.7,heavy,3101,0,3.833,
4360.0,heavy,3102,1,1.278,
4363.3,heavy,3103,0,3.846,
4366.7,heavy,3101,0,4.074,
4370.0,heavy,3102,0,1.151,
4373.3,heavy,3103,1,5.609,
4376.7,heavy,3101,0,3.836,
4380.0,heavy,3102,1,1.384,
4383.3,heavy,3103,0,3.686,
4386.7,heavy,3101,1,11.415,
4390.0,heavy,3102,0,1.135,
4393.3,heavy,3103,1,6.574,
4396.7,heavy,3101,0,6.354,
4400.0,light-5,3101,1,2.712,
4400.0,light-1,3103,1,6.682,
4400.0,light-2,3101,1,7.138,
4400.0,light-4,3103,1,7.856,
4400.0,light-3,3102,1,8.179,
4400.0,heavy,3102,0,1.713,
4403.3,heavy,3102,0,1.954,
4406.7,heavy,3103,0,4.762,
4410.0,heavy,3101,1,4.522,
4413.3,heavy,3102,0,1.055,
4416.7,heavy,3103,0,3.521,
4420.0,heavy,3101,1,5.458,
4423.3,heavy,3102,0,1.026,
4426.7,heavy,3103,0,5.331,
4430.0,heavy,3101,0,5.906,
4433.3,heavy,3102,1,1.548,
4436.7,heavy,3103,0,3.912,
4440.0,heavy,3101,1,4.818,
4443.3,heavy,3102,0,1.128,
4446.7,heavy,3103,0,4.117,
4450.0,heavy,3101,1,5.255,
4453.3,heavy,3102,0,1.024,
4456.7,heavy,3103,0,4.820,
4460.0,heavy,3101,1,4.472,
4463.3,heavy,3102,0,0.946,
4466.7,heavy,3103,0,2.581,
4470.0,heavy,3101,0,3.568,
4473.3,heavy,3102,1,1.272,
4476.7,heavy,3103,0,4.120,
4480.0,heavy,3101,0,3.928,
4483.3,heavy,3102,1,1.089,
4486.7,heavy,3103,0,2.738,
4490.0,heavy,3101,0,3.810,
4493.3,heavy,3102,1,1.307,
4496.7,heavy,3103,0,3.732,
4500.0,light-2,3103,1,1.183,
4500.0,light-3,3101,1,1.323,
4500.0,light-1,3102,1,1.576,
4500.0,light-5,3103,1,1.566,
4500.0,light-4,3102,1,1.741,
4500.0,heavy,3101,0,2.317,
4503.3,heavy,3101,1,4.429,
4506.7,heavy,3102,1,1.375,
4510.0,heavy,3103,0,3.555,
4513.3,heavy,3101,0,4.194,
4516.7,heavy,3102,0,1.197,
4520.0,heavy,3103,0,4.878,
4523.3,heavy,3101,0,3.907,
4526.7,heavy,3102,1,1.547,
4530.0,heavy,3103,0,3.092,
4533.3,heavy,3101,1,4.446,
4536.7,heavy,3102,0,0.995,
4540.0,heavy,3103,1,4.443,
4543.3,heavy,3101,0,5.034,
4546.7,heavy,3102,0,1.126,
4550.0,heavy,3103,0,1.887,
4553.3,heavy,3101,0,4.279,
4556.7,heavy,3102,1,1.241,
4560.0,heavy,3103,1,4.233,
4563.3,heavy,3101,0,3.584,
4566.7,heavy,3102,0,1.197,
4570.0,heavy,3103,1,3.590,
4573.3,heavy,3101,0,2.956,
4576.7,heavy,3102,0,0.795,
4580.0,heavy,3103,0,4.316,
4583.3,heavy,3101,0,3.395,
4586.7,heavy,3102,1,1.362,
4590.0,heavy,3103,1,4.604,
4593.3,heavy,3101,0,2.912,
4596.7,heavy,3102,0,1.150,
4600.0,light-2,3102,1,1.316,
4600.0,light-1,3101,1,1.610,
4600.0,light-5,3102,1,1.663,
4600.0,light-4,3101,1,1.776,
4600.0,light-3,3103,1,2.644,
4600.0,heavy,3103,1,4.711,
4603.3,heavy,3103,0,3.431,
4606.7,heavy,3101,0,3.008,
4610.0,heavy,3102,0,1.384,
4613.3,heavy,3103,1,4.480,
4616.7,heavy,3101,0,3.513,
4620.0,heavy,3102,0,1.581,
4623.3,heavy,3103,1,1.937,
4626.7,heavy,3101,0,3.797,
4630.0,heavy,3102,1,1.348,
4633.3,heavy,3103,0,4.082,
4636.7,heavy,3101,0,3.017,
4640.0,heavy,3102,0,1.138,
4643.3,heavy,3103,1,4.468,
4646.7,heavy,3101,0,3.653,
4650.0,heavy,3102,0,1.307,
4653.3,heavy,3103,1,3.261,
4656.7,heavy,3101,0,3.697,
4660.0,heavy,3102,0,1.356,
4663.3,heavy,3103,1,3.709,
4666.7,heavy,3101,0,2.777,
4670.0,heavy,3102,0,0.887,
4673.3,heavy,3103,0,4.400,
4676.7,heavy,3101,0,3.546,
4680.0,heavy,3102,1,2.110,
4683.3,heavy,3103,1,4.791,
4686.7,heavy,3101,0,3.339,
4690.0,heavy,3102,1,1.157,
4693.3,heavy,3103,0,4.436,
4696.7,heavy,3101,0,2.483,
4700.0,light-1,3103,1,1.090,
4700.0,light-2,3101,1,1.173,
4700.0,light-3,3102,1,1.265,
4700.0,light-5,3101,1,1.297,
4700.0,light-4,3103,1,1.480,
4700.0,heavy,3102,0,1.048,
4703.3,heavy,3102,1,1.882,
4706.7,heavy,3103,0,5.288,
4710.0,heavy,3101,1,3.980,
4713.3,heavy,3102,0,0.931,
4716.7,heavy,3103,0,5.941,
4720.0,heavy,3101,0,3.359,
4723.3,heavy,3102,1,1.341,
4726.7,heavy,3103,0,4.322,
4730.0,heavy,3101,0,2.506,
4733.3,heavy,3102,1,1.436,
4736.7,heavy,3103,0,4.629,
4740.0,heavy,3101,1,3.536,
4743.3,heavy,3102,0,1.354,
4746.7,heavy,3103,0,3.206,
4750.0,heavy,3101,0,3.112,
4753.3,heavy,3102,1,1.142,
4756.7,heavy,3103,0,3.872,
4760.0,heavy,3101,1,4.220,
4763.3,heavy,3102,0,0.998,
4766.7,heavy,3103,0,3.215,
4770.0,heavy,3101,0,3.313,
4773.3,heavy,3102,1,1.102,
4776.7,heavy,3103,1,6.157,
4780.0,heavy,3101,0,3.816,
4783.3,heavy,3102,1,1.449,
4786.7,heavy,3103,0,5.912,
4790.0,heavy,3101,0,4.483,
4793.3,heavy,3102,0,1.317,
4796.7,heavy,3103,0,4.645,
4800.0,light-3,3102,1,2.203,
4800.0,light-2,3101,1,2.378,
4800.0,light-1,3103,1,2.538,
4800.0,light-5,3101,1,2.533,
4800.0,light-4,3103,1,2.657,
4800.0,heavy,3101,0,3.309,
4803.3,heavy,3102,1,1.781,
4806.7,heavy,3102,0,0.895,
4810.0,heavy,3103,0,3.242,
4813.3,heavy,3101,1,3.894,
4816.7,heavy,3102,0,0.856,
4820.0,heavy,3103,1,4.601,
4823.3,heavy,3101,0,3.315,
4826.7,heavy,3102,0,1.330,
4830.0,heavy,3103,0,3.505,
4833.3,heavy,3101,1,4.171,
4836.7,heavy,3102,0,1.292,
4840.0,heavy,3103,1,5.648,
4843.3,heavy,3101,0,7.658,
4846.7,heavy,3102,1,1.513,
4850.0,heavy,3103,0,5.880,
4853.3,heavy,3101,0,6.554,
4856.7,heavy,3102,0,0.792,
4860.0,heavy,3103,0,3.512,
4863.3,heavy,3101,1,3.443,
4866.7,heavy,3102,0,0.891,
4870.0,heavy,3103,1,4.052,
4873.3,heavy,3101,0,3.224,
4876.7,heavy,3102,1,1.404,
4880.0,heavy,3103,0,3.780,
4883.3,heavy,3101,0,3.482,
4886.7,heavy,3102,0,0.814,
4890.0,heavy,3103,0,3.277,
4893.3,heavy,3101,0,2.880,
4896.7,heavy,3102,1,1.020,
4900.0,light-1,3101,1,1.011,
4900.0,light-3,3103,1,1.067,
4900.0,light-2,3102,1,1.247,
4900.0,light-5,3102,1,1.210,
4900.0,light-4,3101,1,1.862,
4900.0,heavy,3103,0,2.028,
4903.3,heavy,3103,1,4.901,
4906.7,heavy,3101,0,4.149,
4910.0,heavy,3102,1,1.582,
4913.3,heavy,3103,0,5.018,
4916.7,heavy,3101,0,2.731,
4920.0,heavy,3102,0,1.183,
4923.3,heavy,3103,0,4.596,
4926.7,heavy,3101,1,4.985,
4930.0,heavy,3102,1,1.476,
4933.3,heavy,3103,0,3.819,
4936.7,heavy,3101,0,3.541,
4940.0,heavy,3102,1,1.072,
4943.3,heavy,3103,0,3.603,
4946.7,heavy,3101,0,3.300,
4950.0,heavy,3102,0,1.057,
4953.3,heavy,3103,1,4.988,
4956.7,heavy,3101,0,3.590,
4960.0,heavy,3102,1,1.119,
4963.3,heavy,3103,0,3.632,
4966.7,heavy,3101,0,3.089,
4970.0,heavy,3102,0,1.242,
4973.3,heavy,3103,0,4.175,
4976.7,heavy,3101,1,4.516,
4980.0,heavy,3102,1,1.255,
4983.3,heavy,3103,0,5.794,
4986.7,heavy,3101,0,3.457,
4990.0,heavy,3102,1,1.368,
4993.3,heavy,3103,0,4.211,
4996.7,heavy,3101,0,2.920,
5000.0,heavy,3102,0,1.502,
5000.0,light-2,3101,1,1.486,
5000.0,light-3,3102,1,1.713,
5000.0,light-1,3103,1,2.025,
5000.0,light-5,3101,1,1.967,
5000.0,light-4,3103,1,2.144,
5003.3,heavy,3102,1,1.364,
5006.7,heavy,3103,0,3.255,
5010.0,heavy,3101,1,3.919,
5013.3,heavy,3102,0,0.810,
5016.7,heavy,3103,0,3.389,
5020.0,heavy,3101,0,3.918,
5023.3,heavy,3102,1,1.111,
5026.7,heavy,3103,0,3.281,
5030.0,heavy,3101,0,2.954,
5033.3,heavy,3102,1,1.663,
5036.7,heavy,3103,0,3.601,
5040.0,heavy,3101,0,3.711,
5043.3,heavy,3102,1,1.405,
5046.7,heavy,3103,0,3.729,
5050.0,heavy,3101,0,4.026,
5053.3,heavy,3102,1,1.318,
5056.7,heavy,3103,0,3.403,
5060.0,heavy,3101,0,3.378,
5063.3,heavy,3102,1,0.979,
5066.7,heavy,3103,0,3.875,
5070.0,heavy,3101,0,3.322,
5073.3,heavy,3102,1,1.096,
5076.7,heavy,3103,0,3.681,
5080.0,heavy,3101,0,3.257,
5083.3,heavy,3102,1,0.983,
5086.7,heavy,3103,1,8.328,
5090.0,heavy,3101,0,2.991,
5093.3,heavy,3102,1,1.106,
5096.7,heavy,3103,0,8.368,
5100.0,heavy,3101,0,2.026,
5100.0,light-4,3102,1,2.282,
5100.0,light-2,3103,1,3.861,
5100.0,light-1,3102,1,6.011,
5100.0,light-5,3103,1,8.730,
5100.0,light-3,3101,1,9.378,
5103.3,heavy,3101,0,4.774,
5106.7,heavy,3102,0,0.959,
5110.0,heavy,3103,0,3.263,
5113.3,heavy,3101,1,4.067,
5116.7,heavy,3102,0,0.812,
5120.0,heavy,3103,0,3.246,
5123.3,heavy,3101,0,3.524,
5126.7,heavy,3102,1,1.301,
5130.0,heavy,3103,0,3.260,
5133.3,heavy,3101,1,3.680,
5136.7,heavy,3102,0,0.984,
5140.0,heavy,3103,1,3.868,
5143.3,heavy,3101,0,2.975,
5146.7,heavy,3102,0,1.036,
5150.0,heavy,3103,0,3.312,
5153.3,heavy,3101,1,3.947,
5156.7,heavy,3102,0,0.795,
5160.0,heavy,3103,1,4.902,
5163.3,heavy,3101,0,3.669,
5166.7,heavy,3102,1,3.339,
5170.0,heavy,3103,0,4.908,
5173.3,heavy,3101,0,3.581,
5176.7,heavy,3102,0,2.161,
5180.0,heavy,3103,0,4.714,
5183.3,heavy,3101,0,4.171,
5186.7,heavy,3102,1,1.538,
5190.0,heavy,3103,0,3.414,
5193.3,heavy,3101,1,4.362,
5196.7,heavy,3102,0,1.615,
5200.0,heavy,3103,0,4.821,
5200.0,light-1,3101,1,2.517,
5200.0,light-3,3103,1,2.670,
5200.0,light-4,3101,1,2.793,
5200.0,light-2,3102,1,3.046,
5200.0,light-5,3102,1,3.072,
5203.3,heavy,3101,1,5.520,
5206.7,heavy,3102,1,1.514,
5210.0,heavy,3103,0,5.078,
5213.3,heavy,3103,0,4.309,
5216.7,heavy,3101,0,1.557,
5220.0,heavy,3102,1,1.388,
5223.3,heavy,3103,0,4.481,
5226.7,heavy,3101,1,5.749,
5230.0,heavy,3102,0,1.767,
5233.3,heavy,3103,0,3.192,
5236.7,heavy,3101,0,1.727,
5240.0,heavy,3102,1,1.444,
5243.3,heavy,3103,0,8.812,
5246.7,heavy,3101,0,3.488,
5250.0,heavy,3102,1,1.504,
5253.3,heavy,3103,0,9.190,
5256.7,heavy,3101,0,2.769,
5260.0,heavy,3102,0,1.019,
5263.3,heavy,3103,1,4.358,
5266.7,heavy,3101,0,3.776,
5270.0,heavy,3102,0,0.958,
5273.3,heavy,3103,0,7.803,
5276.7,heavy,3101,1,4.920,
5280.0,heavy,3102,1,1.419,
5283.3,heavy,3103,0,7.763,
5286.7,heavy,3101,0,1.645,
5290.0,heavy,3102,0,1.095,
5293.3,heavy,3103,1,5.211,
5296.7,heavy,3101,0,4.676,
5300.0,heavy,3102,1,2.054,
5300.0,light-1,3103,1,2.275,
5300.0,light-2,3101,1,2.516,
5300.0,light-3,3102,1,2.718,
5300.0,light-4,3103,1,2.818,
5300.0,light-5,3101,1,2.924,
5303.3,heavy,3102,0,1.164,
5306.7,heavy,3103,0,3.123,
5310.0,heavy,3101,1,3.778,
5313.3,heavy,3102,0,0.963,
5316.7,heavy,3103,0,3.419,
5320.0,heavy,3101,0,3.642,
5323.3,heavy,3102,1,1.241,
5326.7,heavy,3103,0,2.534,
5330.0,heavy,3101,0,2.725,
5333.3,heavy,3102,1,1.152,
5336.7,heavy,3103,0,2.643,
5340.0,heavy,3101,0,2.917,
5343.3,heavy,3102,1,1.699,
5346.7,heavy,3103,0,3.774,
5350.0,heavy,3101,0,3.241,
5353.3,heavy,3102,1,1.832,
5356.7,heavy,3103,0,2.338,
5360.0,heavy,3101,0,3.074,
5363.3,heavy,3102,1,1.259,
5366.7,heavy,3103,0,3.173,
5370.0,heavy,3101,1,3.561,
5373.3,heavy,3102,0,0.921,
5376.7,heavy,3103,0,5.328,
5380.0,heavy,3101,0,3.566,
5383.3,heavy,3102,1,1.351,
5386.7,heavy,3103,0,5.504,
5390.0,heavy,3101,0,3.721,
5393.3,heavy,3102,1,1.047,
5396.7,heavy,3103,0,2.982,
5400.0,heavy,3101,0,3.676,
5400.0,light-1,3102,1,1.074,
5400.0,light-2,3103,1,1.192,
5400.0,light-4,3102,1,1.230,
5400.0,light-5,3103,1,1.309,
5400.0,light-3,3101,1,2.868,
5403.3,heavy,3101,1,3.816,
5406.7,heavy,3102,0,0.906,
5410.0,heavy,3103,1,3.484,
5413.3,heavy,3101,0,3.570,
5416.7,heavy,3102,1,1.439,
5420.0,heavy,3103,0,4.625,
5423.3,heavy,3101,0,3.002,
5426.7,heavy,3102,0,1.393,
5430.0,heavy,3103,0,3.226,
5433.3,heavy,3101,0,2.827,
5436.7,heavy,3102,1,1.041,
5440.0,heavy,3103,0,3.127,
5443.3,heavy,3101,0,3.215,
5446.7,heavy,3102,1,0.758,
5450.0,heavy,3103,0,3.462,
5453.3,heavy,3101,1,3.579,
5456.7,heavy,3102,1,1.203,
5460.0,heavy,3103,0,3.297,
5463.3,heavy,3101,0,2.353,
5466.7,heavy,3102,1,1.291,
5470.0,heavy,3103,0,2.952,
5473.3,heavy,3101,0,3.369,
5476.7,heavy,3102,0,1.212,
5480.0,heavy,3103,0,2.863,
5483.3,heavy,3101,1,3.256,
5486.7,heavy,3102,0,0.715,
5490.0,heavy,3103,1,4.990,
5493.3,heavy,3101,0,4.295,
5496.7,heavy,3102,1,1.524,
5500.0,heavy,3103,0,4.846,
5500.0,light-1,3102,1,1.757,
5500.0,light-4,3102,1,1.981,
5500.0,light-3,3101,1,2.786,
5500.0,light-2,3103,1,3.332,
5500.0,light-5,3103,1,3.397,
5503.3,heavy,3101,0,4.394,
5506.7,heavy,3101,0,3.764,
5510.0,heavy,3102,0,0.851,
5513.3,heavy,3103,1,4.006,
5516.7,heavy,3101,0,2.998,
5520.0,heavy,3102,0,0.882,
5523.3,heavy,3103,1,4.170,
5526.7,heavy,3101,0,3.428,
5530.0,heavy,3102,0,0.980,
5533.3,heavy,3103,1,1.658,
5536.7,heavy,3101,0,3.044,
5540.0,heavy,3102,1,1.062,
5543.3,heavy,3103,0,3.233,
5546.7,heavy,3101,0,2.654,
5550.0,heavy,3102,0,0.980,
5553.3,heavy,3103,0,2.802,
5556.7,heavy,3101,0,2.792,
5560.0,heavy,3102,1,1.038,
5563.3,heavy,3103,1,4.349,
5566.7,heavy,3101,0,3.588,
5570.0,heavy,3102,1,1.291,
5573.3,heavy,3103,0,4.120,
5576.7,heavy,3101,0,2.423,
5580.0,heavy,3102,0,1.211,
5583.3,heavy,3103,1,3.515,
5586.7,heavy,3101,0,2.844,
5590.0,heavy,3102,1,1.074,
5593.3,heavy,3103,0,1.297,
5596.7,heavy,3101,0,5.230,
5600.0,heavy,3102,1,4.227,
5600.0,light-1,3102,1,4.213,
5600.0,light-2,3103,1,4.308,
5600.0,light-3,3101,1,4.385,
5600.0,light-4,3102,1,4.479,
5600.0,light-5,3103,1,5.245,
5603.3,heavy,3103,0,4.814,
5606.7,heavy,3101,0,5.005,
5610.0,heavy,3101,1,3.156,
5613.3,heavy,3102,0,0.779,
5616.7,heavy,3103,0,3.311,
5620.0,heavy,3101,1,6.522,
5623.3,heavy,3102,0,1.223,
5626.7,heavy,3103,0,2.899,
5630.0,heavy,3101,1,3.574,
5633.3,heavy,3102,0,1.123,
5636.7,heavy,3103,0,3.178,
5640.0,heavy,3101,0,3.231,
5643.3,heavy,3102,1,1.140,
5646.7,heavy,3103,0,2.977,
5650.0,heavy,3101,0,2.093,
5653.3,heavy,3102,1,1.220,
5656.7,heavy,3103,0,6.898,
5660.0,heavy,3101,0,3.201,
5663.3,heavy,3102,1,1.333,
5666.7,heavy,3103,0,6.953,
5670.0,heavy,3101,0,3.346,
5673.3,heavy,3102,1,0.735,
5676.7,heavy,3103,0,3.047,
5680.0,heavy,3101,0,2.877,
5683.3,heavy,3102,1,1.684,
5686.7,heavy,3103,0,3.181,
5690.0,heavy,3101,0,2.971,
5693.3,heavy,3102,1,1.626,
5696.7,heavy,3103,0,4.112,
5700.0,heavy,3101,1,3.666,
5700.0,light-1,3102,1,1.147,
5700.0,light-4,3102,1,2.063,
5700.0,light-2,3103,1,2.727,
5700.0,light-3,3101,1,2.877,
5700.0,light-5,3103,1,2.991,
5703.3,heavy,3101,0,3.000,
5706.7,heavy,3102,0,0.985,
5710.0,heavy,3103,1,4.138,
5713.3,heavy,3101,0,3.441,
5716.7,heavy,3102,1,1.895,
5720.0,heavy,3103,0,3.847,
5723.3,heavy,3101,0,3.373,
5726.7,heavy,3102,0,1.699,
5730.0,heavy,3103,0,3.404,
5733.3,heavy,3101,0,3.752,
5736.7,heavy,3102,1,1.856,
5740.0,heavy,3103,1,3.892,
5743.3,heavy,3101,0,3.410,
5746.7,heavy,3102,0,0.897,
5750.0,heavy,3103,1,4.279,
5753.3,heavy,3101,0,3.365,
5756.7,heavy,3102,1,1.439,
5760.0,heavy,3103,0,4.031,
5763.3,heavy,3101,0,3.687,
5766.7,heavy,3102,0,0.965,
5770.0,heavy,3103,0,2.692,
5773.3,heavy,3101,0,2.840,
5776.7,heavy,3102,1,0.978,
5780.0,heavy,3103,0,1.585,
5783.3,heavy,3101,1,3.733,
5786.7,heavy,3102,1,1.151,
5790.0,heavy,3103,0,2.991,
5793.3,heavy,3101,0,3.525,
5796.7,heavy,3102,0,0.799,
5800.0,heavy,3103,1,6.291,
5800.0,light-5,3101,1,3.276,
5800.0,light-2,3101,1,5.186,
5800.0,light-3,3102,1,5.345,
5800.0,light-1,3103,1,7.051,
5800.0,light-4,3103,1,7.996,
5803.3,heavy,3101,0,4.508,
5806.7,heavy,3102,1,1.268,
5810.0,heavy,3102,0,1.991,
5813.3,heavy,3103,0,4.725,
5816.7,heavy,3101,0,3.304,
5820.0,heavy,3102,0,0.896,
5823.3,heavy,3103,1,3.245,
5826.7,heavy,3101,0,2.429,
5830.0,heavy,3102,0,0.908,
5833.3,heavy,3103,1,4.498,
5836.7,heavy,3101,0,3.420,
5840.0,heavy,3102,0,0.749,
5843.3,heavy,3103,1,4.621,
5846.7,heavy,3101,0,4.543,
5850.0,heavy,3102,1,1.959,
5853.3,heavy,3103,0,3.546,
5856.7,heavy,3101,0,3.395,
5860.0,heavy,3102,0,1.142,
5863.3,heavy,3103,1,4.609,
5866.7,heavy,3101,0,4.541,
5870.0,heavy,3102,1,1.153,
5873.3,heavy,3103,0,3.334,
5876.7,heavy,3101,0,3.470,
5880.0,heavy,3102,1,1.319,
5883.3,heavy,3103,0,1.898,
5886.7,heavy,3101,0,3.240,
5890.0,heavy,3102,1,1.122,
5893.3,heavy,3103,0,3.067,
5896.7,heavy,3101,0,2.781,
5900.0,heavy,3102,0,1.103,
5900.0,light-1,3103,1,1.178,
5900.0,light-2,3101,1,1.232,
5900.0,light-3,3102,1,1.284,
5900.0,light-5,3101,1,1.277,
5900.0,light-4,3103,1,1.416,
5903.3,heavy,3102,1,1.301,
5906.7,heavy,3103,0,2.634,
5910.0,heavy,3101,1,4.576,
5913.3,heavy,3102,1,1.611,
5916.7,heavy,3103,0,3.649,
5920.0,heavy,3101,0,5.081,
5923.3,heavy,3102,0,2.083,
5926.7,heavy,3103,0,3.311,
5930.0,heavy,3101,0,3.598,
5933.3,heavy,3102,1,1.219,
5936.7,heavy,3103,0,3.240,
5940.0,heavy,3101,1,3.147,
5943.3,heavy,3102,0,0.788,
5946.7,heavy,3103,0,4.064,
5950.0,heavy,3101,0,3.631,
5953.3,heavy,3102,1,1.723,
5956.7,heavy,3103,0,2.144,
5960.0,heavy,3101,0,4.754,
5963.3,heavy,3102,1,1.888,
5966.7,heavy,3103,1,5.175,
5970.0,heavy,3101,0,3.123,
5973.3,heavy,3102,0,1.031,
5976.7,heavy,3103,0,3.333,
5980.0,heavy,3101,0,3.307,
5983.3,heavy,3102,1,1.494,
5986.7,heavy,3103,0,3.763,
5990.0,heavy,3101,0,2.930,
5993.3,heavy,3102,1,0.791,
5996.7,heavy,3103,0,4.082,
6000.0,heavy,3101,1,4.007,
6000.0,light-1,3102,1,1.529,
6000.0,light-4,3102,1,1.653,
6000.0,light-2,3103,1,2.600,
6000.0,light-3,3101,1,2.746,
6000.0,light-5,3103,1,3.103,
6003.3,heavy,3101,0,3.029,
6006.7,heavy,3102,0,1.275,
6010.0,heavy,3103,1,4.682,
6013.3,heavy,3101,0,3.790,
6016.7,heavy,3102,1,1.428,
6020.0,heavy,3103,0,4.501,
6023.3,heavy,3101,0,3.470,
6026.7,heavy,3102,0,1.104,
6030.0,heavy,3103,0,4.092,
6033.3,heavy,3101,1,4.431,
6036.7,heavy,3102,0,0.895,
6040.0,heavy,3103,0,3.555,
6043.3,heavy,3101,1,4.020,
6046.7,heavy,3102,1,1.195,
6050.0,heavy,3103,0,3.729,
6053.3,heavy,3101,0,2.183,
6056.7,heavy,3102,0,1.184,
6060.0,heavy,3103,0,3.402,
6063.3,heavy,3101,0,3.623,
6066.7,heavy,3102,1,1.147,
6070.0,heavy,3103,0,2.901,
6073.3,heavy,3101,1,3.607,
6076.7,heavy,3102,0,0.933,
6080.0,heavy,3103,1,3.879,
6083.3,heavy,3101,0,3.026,
6086.7,heavy,3102,0,1.609,
6090.0,heavy,3103,0,2.829,
6093.3,heavy,3101,1,3.524,
6096.7,heavy,3102,0,0.856,
6100.0,heavy,3103,0,6.423,
6100.0,light-1,3101,1,2.275,
6100.0,light-3,3103,1,2.435,
6100.0,light-2,3102,1,6.680,
6100.0,light-5,3102,1,7.382,
6100.0,light-4,3101,1,7.605,
6103.3,heavy,3101,1,7.223,
6106.7,heavy,3102,1,1.368,
6110.0,heavy,3103,0,6.940,
6113.3,heavy,3103,0,3.083,
6116.7,heavy,3101,0,6.636,
6120.0,heavy,3102,1,1.628,
6123.3,heavy,3103,0,2.858,
6126.7,heavy,3101,1,3.758,
6130.0,heavy,3102,1,1.140,
6133.3,heavy,3103,0,2.940,
6136.7,heavy,3101,0,3.483,
6140.0,heavy,3102,0,1.194,
6143.3,heavy,3103,0,2.613,
6146.7,heavy,3101,0,3.247,
6150.0,heavy,3102,0,1.030,
6153.3,heavy,3103,0,3.769,
6156.7,heavy,3101,1,4.119,
6160.0,heavy,3102,0,1.405,
6163.3,heavy,3103,1,4.302,
6166.7,heavy,3101,0,3.511,
6170.0,heavy,3102,1,1.263,
6173.3,heavy,3103,0,2.775,
6176.7,heavy,3101,0,3.395,
6180.0,heavy,3102,0,1.156,
6183.3,heavy,3103,1,4.151,
6186.7,heavy,3101,0,2.942,
6190.0,heavy,3102,1,0.925,
6193.3,heavy,3103,0,3.823,
6196.7,heavy,3101,0,3.442,
6200.0,heavy,3102,1,1.917,
6200.0,light-3,3102,1,2.226,
6200.0,light-1,3103,1,2.540,
6200.0,light-2,3101,1,2.662,
6200.0,light-5,3101,1,2.682,
6200.0,light-4,3103,1,2.905,
6203.3,heavy,3102,0,1.291,
6206.7,heavy,3103,0,3.219,
6210.0,heavy,3101,0,3.710,
6213.3,heavy,3102,1,1.159,
6216.7,heavy,3103,0,3.396,
6220.0,heavy,3101,0,2.922,
6223.3,heavy,3102,1,2.249,
6226.7,heavy,3103,1,5.036,
6230.0,heavy,3101,0,4.665,
6233.3,heavy,3102,0,4.453,
6236.7,heavy,3103,0,3.719,
6240.0,heavy,3101,1,4.230,
6243.3,heavy,3102,0,0.802,
6246.7,heavy,3103,0,3.687,
6250.0,heavy,3101,1,3.452,
6253.3,heavy,3102,0,0.931,
6256.7,heavy,3103,0,3.292,
6260.0,heavy,3101,0,3.525,
6263.3,heavy,3102,1,1.154,
6266.7,heavy,3103,0,2.665,
6270.0,heavy,3101,0,3.528,
6273.3,heavy,3102,1,1.263,
6276.7,heavy,3103,0,3.759,
6280.0,heavy,3101,0,2.377,
6283.3,heavy,3102,1,3.247,
6286.7,heavy,3103,0,4.490,
6290.0,heavy,3101,0,4.798,
6293.3,heavy,3102,1,3.436,
6296.7,heavy,3103,0,4.376,
6300.0,heavy,3101,1,5.172,
6300.0,light-2,3103,1,3.221,
6300.0,light-4,3102,1,3.559,
6300.0,light-1,3102,1,4.872,
6300.0,light-3,3101,1,6.287,
6300.0,light-5,3103,1,6.333,
6303.3,heavy,3101,0,3.733,
6306.7,heavy,3102,0,0.710,
6310.0,heavy,3103,1,4.266,
6313.3,heavy,3101,0,3.113,
6316.7,heavy,3102,1,1.206,
6320.0,heavy,3103,0,4.016,
6323.3,heavy,3101,0,3.643,
6326.7,heavy,3102,0,1.031,
6330.0,heavy,3103,0,3.168,
6333.3,heavy,3101,0,3.481,
6336.7,heavy,3102,1,1.269,
6340.0,heavy,3103,0,3.219,
6343.3,heavy,3101,1,3.936,
6346.7,heavy,3102,0,0.868,
6350.0,heavy,3103,1,3.875,
6353.3,heavy,3101,0,3.061,
6356.7,heavy,3102,0,0.949,
6360.0,heavy,3103,0,3.108,
6363.3,heavy,3101,1,3.966,
6366.7,heavy,3102,1,1.352,
6370.0,heavy,3103,0,4.261,
6373.3,heavy,3101,0,3.452,
6376.7,heavy,3102,0,1.210,
6380.0,heavy,3103,0,4.893,
6383.3,heavy,3101,0,6.699,
6386.7,heavy,3102,1,2.347,
6390.0,heavy,3103,1,5.514,
6393.3,heavy,3101,0,4.960,
6396.7,heavy,3102,0,1.773,
6400.0,heavy,3103,1,5.191,
6400.0,light-1,3101,1,1.774,
6400.0,light-4,3101,1,1.848,
6400.0,light-2,3102,1,2.397,
6400.0,light-5,3102,1,2.419,
6400.0,light-3,3103,1,2.686,
6403.3,heavy,3103,0,4.013,
6406.7,heavy,3101,0,3.795,
6410.0,heavy,3102,0,1.213,
6413.3,heavy,3103,1,4.617,
6416.7,heavy,3101,0,4.917,
6420.0,heavy,3102,0,1.051,
6423.3,heavy,3103,1,4.233,
6426.7,heavy,3101,0,3.131,
6430.0,heavy,3102,0,0.809,
6433.3,heavy,3103,1,4.194,
6436.7,heavy,3101,0,3.617,
6440.0,heavy,3102,0,1.044,
6443.3,heavy,3103,1,2.717,
6446.7,heavy,3101,0,3.441,
6450.0,heavy,3102,0,1.172,
6453.3,heavy,3103,1,3.330,
6456.7,heavy,3101,0,2.342,
6460.0,heavy,3102,0,0.745,
6463.3,heavy,3103,1,4.703,
6466.7,heavy,3101,0,3.788,
6470.0,heavy,3102,0,1.010,
6473.3,heavy,3103,1,2.312,
6476.7,heavy,3101,0,3.101,
6480.0,heavy,3102,1,1.084,
6483.3,heavy,3103,0,3.330,
6486.7,heavy,3101,0,2.929,
6490.0,heavy,3102,0,1.013,
6493.3,heavy,3103,1,4.283,
6496.7,heavy,3101,0,3.651,
6500.0,heavy,3102,1,1.575,
6500.0,light-3,3102,1,1.629,
6500.0,light-2,3101,1,2.358,
6500.0,light-1,3103,1,2.722,
6500.0,light-5,3101,1,2.717,
6500.0,light-4,3103,1,2.885,
6503.3,heavy,3102,0,1.032,
6506.7,heavy,3103,0,3.858,
6510.0,heavy,3101,0,4.414,
6513.3,heavy,3102,1,1.597,
6516.7,heavy,3103,0,3.975,
6520.0,heavy,3101,1,4.647,
6523.3,heavy,3102,0,1.041,
6526.7,heavy,3103,1,6.151,
6530.0,heavy,3101,0,5.233,
6533.3,heavy,3102,0,1.217,
6536.7,heavy,3103,0,3.208,
6540.0,heavy,3101,0,3.125,
6543.3,heavy,3102,1,1.193,
6546.7,heavy,3103,0,4.233,
6550.0,heavy,3101,0,4.593,
6553.3,heavy,3102,1,1.737,
6556.7,heavy,3103,0,4.344,
6560.0,heavy,3101,1,3.429,
6563.3,heavy,3102,0,1.069,
6566.7,heavy,3103,1,5.002,
6570.0,heavy,3101,0,4.008,
6573.3,heavy,3102,0,1.526,
6576.7,heavy,3103,0,6.633,
6580.0,heavy,3101,0,2.968,
6583.3,heavy,3102,1,1.157,
6586.7,heavy,3103,0,3.406,
6590.0,heavy,3101,0,3.298,
6593.3,heavy,3102,1,1.187,
6596.7,heavy,3103,1,5.316,
6600.0,heavy,3101,0,4.699,
6600.0,light-1,3102,1,1.470,
6600.0,light-4,3102,1,1.829,
6600.0,light-3,3101,1,2.624,
6600.0,light-2,3103,1,2.870,
6600.0,light-5,3103,1,3.868,
6603.3,heavy,3101,0,3.237,
6606.7,heavy,3102,0,1.216,
6610.0,heavy,3103,0,3.952,
6613.3,heavy,3101,0,4.079,
6616.7,heavy,3102,1,1.248,
6620.0,heavy,3103,1,3.712,
6623.3,heavy,3101,0,2.869,
6626.7,heavy,3102,0,0.916,
6630.0,heavy,3103,0,3.398,
6633.3,heavy,3101,1,3.643,
6636.7,heavy,3102,0,0.754,
6640.0,heavy,3103,0,4.042,
6643.3,heavy,3101,1,4.067,
6646.7,heavy,3102,0,0.810,
6650.0,heavy,3103,0,3.799,
6653.3,heavy,3101,1,3.771,
6656.7,heavy,3102,1,1.240,
6660.0,heavy,3103,0,3.536,
6663.3,heavy,3101,0,2.544,
6666.7,heavy,3102,1,1.408,
6670.0,heavy,3103,0,3.047,
6673.3,heavy,3101,0,3.471,
6676.7,heavy,3102,0,1.318,
6680.0,heavy,3103,0,2.991,
6683.3,heavy,3101,1,4.051,
6686.7,heavy,3102,0,0.785,
6690.0,heavy,3103,1,3.854,
6693.3,heavy,3101,0,3.517,
6696.7,heavy,3102,0,0.897,
6700.0,heavy,3103,0,3.170,
6700.0,light-1,3101,1,1.263,
6700.0,light-2,3102,1,1.487,
6700.0,light-5,3102,1,1.500,
6700.0,light-4,3101,1,1.668,
6700.0,light-3,3103,1,2.111,
6703.3,heavy,3103,1,4.114,
6706.7,heavy,3101,0,3.405,
6710.0,heavy,3102,0,0.956,
6713.3,heavy,3103,0,3.947,
6716.7,heavy,3101,1,4.259,
6720.0,heavy,3102,1,1.776,
6723.3,heavy,3103,0,3.816,
6726.7,heavy,3101,0,1.710,
6730.0,heavy,3102,1,2.420,
6733.3,heavy,3103,0,2.874,
6736.7,heavy,3101,0,3.044,
6740.0,heavy,3102,0,1.295,
6743.3,heavy,3103,0,4.434,
6746.7,heavy,3101,1,4.757,
6750.0,heavy,3102,1,1.390,
6753.3,heavy,3103,0,4.773,
6756.7,heavy,3101,0,2.129,
6760.0,heavy,3102,0,1.043,
6763.3,heavy,3103,1,5.176,
6766.7,heavy,3101,0,3.423,
6770.0,heavy,3102,1,1.174,
6773.3,heavy,3103,0,3.265,
6776.7,heavy,3101,0,3.773,
6780.0,heavy,3102,0,1.229,
6783.3,heavy,3103,0,4.388,
6786.7,heavy,3101,1,3.696,
6790.0,heavy,3102,1,1.066,
6793.3,heavy,3103,0,4.157,
6796.7,heavy,3101,0,3.152,
6800.0,heavy,3102,1,1.504,
6800.0,light-1,3103,1,1.572,
6800.0,light-2,3101,1,1.645,
6800.0,light-3,3102,1,2.010,
6800.0,light-4,3103,1,2.105,
6800.0,light-5,3101,1,2.181,
6803.3,heavy,3102,0,0.791,
6806.7,heavy,3103,0,3.021,
6810.0,heavy,3101,1,3.623,
6813.3,heavy,3102,0,1.028,
6816.7,heavy,3103,0,4.276,
6820.0,heavy,3101,0,3.231,
6823.3,heavy,3102,1,1.690,
6826.7,heavy,3103,0,4.047,
6830.0,heavy,3101,0,2.899,
6833.3,heavy,3102,1,0.869,
6836.7,heavy,3103,0,4.161,
6840.0,heavy,3101,1,4.555,
6843.3,heavy,3102,0,1.004,
6846.7,heavy,3103,0,3.176,
6850.0,heavy,3101,0,3.010,
6853.3,heavy,3102,1,0.994,
6856.7,heavy,3103,0,2.720,
6860.0,heavy,3101,1,3.374,
6863.3,heavy,3102,0,0.757,
6866.7,heavy,3103,0,2.992,
6870.0,heavy,3101,1,3.508,
6873.3,heavy,3102,0,0.718,
6876.7,heavy,3103,0,2.887,
6880.0,heavy,3101,0,3.766,
6883.3,heavy,3102,1,1.034,
6886.7,heavy,3103,0,2.899,
6890.0,heavy,3101,0,2.916,
6893.3,heavy,3102,1,0.974,
6896.7,heavy,3103,0,10.239,
6900.0,heavy,3101,0,4.786,
6900.0,light-5,3101,1,3.514,
6900.0,light-3,3102,1,8.893,
6900.0,light-2,3101,1,9.696,
6900.0,light-1,3103,1,10.735,
6900.0,light-4,3103,1,11.846,
6903.3,heavy,3102,1,1.359,
6906.7,heavy,3102,0,1.165,
6910.0,heavy,3103,0,5.777,
6913.3,heavy,3101,1,3.535,
6916.7,heavy,3102,0,0.926,
6920.0,heavy,3103,0,3.959,
6923.3,heavy,3101,1,3.217,
6926.7,heavy,3102,0,0.750,
6930.0,heavy,3103,1,4.486,
6933.3,heavy,3101,0,3.302,
6936.7,heavy,3102,0,1.408,
6940.0,heavy,3103,0,3.424,
6943.3,heavy,3101,1,3.087,
6946.7,heavy,3102,0,0.844,
6950.0,heavy,3103,1,3.683,
6953.3,heavy,3101,0,3.185,
6956.7,heavy,3102,0,1.151,
6960.0,heavy,3103,0,2.859,
6963.3,heavy,3101,0,2.496,
6966.7,heavy,3102,1,1.020,
6970.0,heavy,3103,1,3.451,
6973.3,heavy,3101,0,2.954,
6976.7,heavy,3102,1,1.067,
6980.0,heavy,3103,0,3.231,
6983.3,heavy,3101,0,1.933,
6986.7,heavy,3102,1,1.825,
6990.0,heavy,3103,0,4.481,
6993.3,heavy,3101,0,3.282,
6996.7,heavy,3102,0,1.687,
7000.0,heavy,3103,1,4.531,
7000.0,light-1,3101,1,1.141,
7000.0,light-2,3102,1,1.206,
7000.0,light-4,3101,1,1.503,
7000.0,light-5,3102,1,1.621,
7000.0,light-3,3103,1,2.504,
7003.3,heavy,3103,0,3.981,
7006.7,heavy,3101,0,3.500,
7010.0,heavy,3102,1,1.034,
7013.3,heavy,3103,0,2.860,
7016.7,heavy,3101,0,3.743,
7020.0,heavy,3102,0,1.252,
7023.3,heavy,3103,0,3.923,
7026.7,heavy,3101,1,4.215,
7030.0,heavy,3102,1,1.289,
7033.3,heavy,3103,0,2.683,
7036.7,heavy,3101,0,3.592,
7040.0,heavy,3102,1,1.518,
7043.3,heavy,3103,0,3.778,
7046.7,heavy,3101,0,9.749,
7050.0,heavy,3102,1,1.039,
7053.3,heavy,3103,0,3.218,
7056.7,heavy,3101,0,3.320,
7060.0,heavy,3102,0,1.127,
7063.3,heavy,3103,1,4.052,
7066.7,heavy,3101,0,4.217,
7070.0,heavy,3102,1,1.574,
7073.3,heavy,3103,0,4.403,
7076.7,heavy,3101,0,3.805,
7080.0,heavy,3102,0,0.973,
7083.3,heavy,3103,0,3.600,
7086.7,heavy,3101,1,3.731,
7090.0,heavy,3102,1,1.265,
7093.3,heavy,3103,0,2.164,
7096.7,heavy,3101,0,3.827,
7100.0,heavy,3102,1,2.002,
7100.0,light-1,3102,1,1.976,
7100.0,light-4,3102,1,1.995,
7100.0,light-3,3101,1,2.496,
7100.0,light-2,3103,1,2.678,
7100.0,light-5,3103,1,2.892,
7103.3,heavy,3103,0,3.914,
7106.7,heavy,3101,0,3.484,
7110.0,heavy,3101,0,4.103,
7113.3,heavy,3102,1,1.175,
7116.7,heavy,3103,1,4.740,
7120.0,heavy,3101,0,3.777,
7123.3,heavy,3102,0,1.033,
7126.7,heavy,3103,0,1.757,
7130.0,heavy,3101,0,3.293,
7133.3,heavy,3102,1,1.397,
7136.7,heavy,3103,0,3.482,
7140.0,heavy,3101,1,3.514,
7143.3,heavy,3102,0,0.843,
7146.7,heavy,3103,0,3.609,
7150.0,heavy,3101,0,3.877,
7153.3,heavy,3102,1,1.866,
7156.7,heavy,3103,0,3.157,
7160.0,heavy,3101,0,3.221,
7163.3,heavy,3102,1,1.232,
7166.7,heavy,3103,0,3.598,
7170.0,heavy,3101,0,3.301,
7173.3,heavy,3102,1,1.099,
7176.7,heavy,3103,0,3.042,
7180.0,heavy,3101,0,3.284,
7183.3,heavy,3102,1,0.956,
7186.7,heavy,3103,1,5.042,
7190.0,heavy,3101,0,3.649,
7193.3,heavy,3102,1,1.358,
7196.7,heavy,3103,0,4.867,
7200.0,heavy,3101,0,3.656,
7200.0,light-1,3102,1,1.603,
7200.0,light-4,3102,1,1.979,
7200.0,light-3,3101,1,2.301,
7200.0,light-2,3103,1,2.571,
7200.0,light-5,3103,1,2.764,
7203.3,heavy,3101,0,2.134,
7206.7,heavy,3102,0,0.845,
7210.0,heavy,3103,0,3.982,
7213.3,heavy,3101,0,4.245,
7216.7,heavy,3102,1,1.298,
7220.0,heavy,3103,1,4.044,
7223.3,heavy,3101,0,3.010,
7226.7,heavy,3102,0,1.254,
7230.0,heavy,3103,0,3.190,
7233.3,heavy,3101,0,4.079,
7236.7,heavy,3102,1,2.276,
7240.0,heavy,3103,0,3.445,
7243.3,heavy,3101,0,3.747,
7246.7,heavy,3102,1,2.607,
7250.0,heavy,3103,1,4.392,
7253.3,heavy,3101,0,3.116,
7256.7,heavy,3102,0,0.964,
7260.0,heavy,3103,1,4.061,
7263.3,heavy,3101,0,3.255,
7266.7,heavy,3102,0,0.769,
7270.0,heavy,3103,0,3.808,
7273.3,heavy,3101,0,4.077,
7276.7,heavy,3102,1,1.425,
7280.0,heavy,3103,1,3.968,
7283.3,heavy,3101,0,3.396,
7286.7,heavy,3102,0,1.075,
7290.0,heavy,3103,0,2.989,
7293.3,heavy,3101,1,3.440,
7296.7,heavy,3102,0,1.081,
7300.0,heavy,3103,1,7.418,
7300.0,light-1,3101,1,2.610,
7300.0,light-3,3103,1,2.754,
7300.0,light-2,3102,1,7.335,
7300.0,light-4,3101,1,7.564,
7300.0,light-5,3102,1,7.751,
7303.3,heavy,3101,0,6.466,
7306.7,heavy,3102,1,1.381,
7310.0,heavy,3103,0,7.264,
7313.3,heavy,3103,0,2.869,
7316.7,heavy,3101,0,3.528,
7320.0,heavy,3102,0,1.186,
7323.3,heavy,3103,1,4.067,
7326.7,heavy,3101,0,3.711,
7330.0,heavy,3102,1,1.420,
7333.3,heavy,3103,0,2.498,
7336.7,heavy,3101,0,4.012,
7340.0,heavy,3102,0,0.993,
7343.3,heavy,3103,1,4.280,
7346.7,heavy,3101,0,3.300,
7350.0,heavy,3102,1,1.321,
7353.3,heavy,3103,0,4.008,
7356.7,heavy,3101,0,2.412,
7360.0,heavy,3102,0,1.017,
7363.3,heavy,3103,1,3.853,
7366.7,heavy,3101,0,3.336,
7370.0,heavy,3102,1,1.228,
7373.3,heavy,3103,0,2.336,
7376.7,heavy,3101,0,4.038,
7380.0,heavy,3102,1,1.354,
7383.3,heavy,3103,0,3.993,
7386.7,heavy,3101,0,3.838,
7390.0,heavy,3102,0,0.983,
7393.3,heavy,3103,1,4.409,
7396.7,heavy,3101,0,3.578,
7400.0,heavy,3102,1,2.165,
7400.0,light-2,3102,1,2.440,
7400.0,light-5,3102,1,2.469,
7400.0,light-1,3101,1,2.761,
7400.0,light-3,3103,1,2.793,
7400.0,light-4,3101,1,2.884,
7403.3,heavy,3103,0,4.291,
7406.7,heavy,3103,0,2.938,
7410.0,heavy,3101,0,2.976,
7413.3,heavy,3102,1,1.172,
7416.7,heavy,3103,0,3.221,
7420.0,heavy,3101,0,3.177,
7423.3,heavy,3102,1,1.447,
7426.7,heavy,3103,0,3.193,
7430.0,heavy,3101,0,3.521,
7433.3,heavy,3102,1,1.360,
7436.7,heavy,3103,0,1.920,
7440.0,heavy,3101,1,4.160,
7443.3,heavy,3102,1,1.238,
7446.7,heavy,3103,0,3.377,
7450.0,heavy,3101,0,3.957,
7453.3,heavy,3102,0,1.199,
7456.7,heavy,3103,0,3.420,
7460.0,heavy,3101,0,3.414,
7463.3,heavy,3102,1,1.661,
7466.7,heavy,3103,0,3.876,
7470.0,heavy,3101,1,4.221,
7473.3,heavy,3102,0,1.039,
7476.7,heavy,3103,0,3.429,
7480.0,heavy,3101,1,4.215,
7483.3,heavy,3102,0,0.871,
7486.7,heavy,3103,0,3.428,
7490.0,heavy,3101,0,4.482,
7493.3,heavy,3102,1,1.151,
7496.7,heavy,3103,0,4.144,
7500.0,heavy,3101,1,6.265,
7500.0,light-2,3103,1,1.203,
7500.0,light-4,3102,1,2.911,
7500.0,light-5,3103,1,4.863,
7500.0,light-1,3102,1,5.550,
7500.0,light-3,3101,1,7.485,
7503.3,heavy,3101,0,5.289,
7506.7,heavy,3102,0,0.926,
7510.0,heavy,3103,1,4.732,
7513.3,heavy,3101,0,3.745,
7516.7,heavy,3102,0,1.033,
7520.0,heavy,3103,0,3.821,
7523.3,heavy,3101,1,5.154,
7526.7,heavy,3102,0,1.844,
7530.0,heavy,3103,0,4.454,
7533.3,heavy,3101,1,5.062,
7536.7,heavy,3102,1,1.539,
7540.0,heavy,3103,0,4.783,
7543.3,heavy,3101,0,5.025,
7546.7,heavy,3102,0,1.279,
7550.0,heavy,3103,0,3.699,
7553.3,heavy,3101,0,3.180,
7556.7,heavy,3102,1,1.089,
7560.0,heavy,3103,0,2.322,
7563.3,heavy,3101,1,4.388,
7566.7,heavy,3102,1,1.564,
7570.0,heavy,3103,0,3.450,
7573.3,heavy,3101,0,4.140,
7576.7,heavy,3102,0,1.280,
7580.0,heavy,3103,1,5.263,
7583.3,heavy,3101,0,3.791,
7586.7,heavy,3102,1,1.653,
7590.0,heavy,3103,0,4.948,
7593.3,heavy,3101,0,3.066,
7596.7,heavy,3102,0,0.861,
7600.0,heavy,3103,1,4.831,
7600.0,light-1,3102,1,1.366,
7600.0,light-4,3102,1,1.459,
7600.0,light-2,3103,1,2.235,
7600.0,light-3,3101,1,2.412,
7600.0,light-5,3103,1,2.464,
7603.3,heavy,3101,0,3.904,
7606.7,heavy,3101,0,3.653,
7610.0,heavy,3102,0,1.338,
7613.3,heavy,3103,0,4.093,
7616.7,heavy,3101,1,4.187,
7620.0,heavy,3102,1,1.241,
7623.3,heavy,3103,0,2.740,
7626.7,heavy,3101,0,4.248,
7630.0,heavy,3102,1,1.352,
7633.3,heavy,3103,0,3.243,
7636.7,heavy,3101,0,3.976,
7640.0,heavy,3102,0,1.107,
7643.3,heavy,3103,1,4.966,
7646.7,heavy,3101,0,4.113,
7650.0,heavy,3102,1,1.331,
7653.3,heavy,3103,0,3.367,
7656.7,heavy,3101,0,2.837,
7660.0,heavy,3102,1,1.751,
7663.3,heavy,3103,0,4.690,
7666.7,heavy,3101,0,3.596,
7670.0,heavy,3102,0,1.173,
7673.3,heavy,3103,1,2.942,
7676.7,heavy,3101,0,3.119,
7680.0,heavy,3102,1,1.149,
7683.3,heavy,3103,0,3.282,
7686.7,heavy,3101,0,2.902,
7690.0,heavy,3102,1,3.154,
7693.3,heavy,3103,0,4.492,
7696.7,heavy,3101,1,5.424,
7700.0,heavy,3102,0,2.745,
7700.0,light-1,3103,1,2.150,
7700.0,light-4,3103,1,2.317,
7700.0,light-3,3102,1,2.669,
7700.0,light-2,3101,1,2.822,
7700.0,light-5,3101,1,2.827,
7703.3,heavy,3102,0,1.246,
7706.7,heavy,3103,0,3.371,
7710.0,heavy,3101,0,3.328,
7713.3,heavy,3102,1,1.424,
7716.7,heavy,3103,0,1.915,
7720.0,heavy,3101,0,2.707,
7723.3,heavy,3102,1,1.072,
7726.7,heavy,3103,1,3.117,
7730.0,heavy,3101,0,2.847,
7733.3,heavy,3102,0,0.796,
7736.7,heavy,3103,0,3.514,
7740.0,heavy,3101,1,3.174,
7743.3,heavy,3102,0,0.816,
7746.7,heavy,3103,0,4.185,
7750.0,heavy,3101,0,4.657,
7753.3,heavy,3102,1,1.534,
7756.7,heavy,3103,0,2.964,
7760.0,heavy,3101,1,3.687,
7763.3,heavy,3102,0,1.008,
7766.7,heavy,3103,0,4.132,
7770.0,heavy,3101,1,3.612,
7773.3,heavy,3102,0,1.107,
7776.7,heavy,3103,0,2.757,
7780.0,heavy,3101,0,2.850,
7783.3,heavy,3102,1,1.065,
7786.7,heavy,3103,0,3.205,
7790.0,heavy,3101,1,4.405,
7793.3,heavy,3102,0,1.272,
7796.7,heavy,3103,0,3.620,
7800.0,heavy,3101,1,5.663,
7800.0,light-1,3102,1,1.280,
7800.0,light-2,3103,1,1.355,
7800.0,light-4,3102,1,1.373,
7800.0,light-5,3103,1,1.403,
7800.0,light-3,3101,1,4.102,
7803.3,heavy,3101,0,2.627,
7806.7,heavy,3102,0,0.894,
7810.0,heavy,3103,1,4.269,
7813.3,heavy,3101,0,3.466,
7816.7,heavy,3102,0,1.202,
7820.0,heavy,3103,0,3.357,
7823.3,heavy,3101,1,4.295,
7826.7,heavy,3102,0,0.937,
7830.0,heavy,3103,1,3.925,
7833.3,heavy,3101,0,2.418,
7836.7,heavy,3102,0,0.812,
7840.0,heavy,3103,0,3.101,
7843.3,heavy,3101,0,3.258,
7846.7,heavy,3102,1,1.551,
7850.0,heavy,3103,0,3.165,
7853.3,heavy,3101,1,4.302,
7856.7,heavy,3102,0,1.221,
7860.0,heavy,3103,1,4.432,
7863.3,heavy,3101,0,2.904,
7866.7,heavy,3102,0,1.072,
7870.0,heavy,3103,0,4.498,
7873.3,heavy,3101,0,3.493,
7876.7,heavy,3102,1,1.348,
7880.0,heavy,3103,1,3.924,
7883.3,heavy,3101,0,2.972,
7886.7,heavy,3102,0,1.146,
7890.0,heavy,3103,0,2.859,
7893.3,heavy,3101,0,5.633,
7896.7,heavy,3102,1,1.931,
7900.0,heavy,3103,0,4.883,
7900.0,light-3,3102,1,1.864,
7900.0,light-1,3103,1,2.610,
7900.0,light-4,3103,1,3.646,
7900.0,light-2,3101,1,4.003,
7900.0,light-5,3101,1,4.400,
7903.3,heavy,3101,0,5.314,
7906.7,heavy,3102,1,1.902,
7910.0,heavy,3102,1,4.642,
7913.3,heavy,3103,0,2.988,
7916.7,heavy,3101,0,2.729,
7920.0,heavy,3102,1,1.407,
7923.3,heavy,3103,0,3.398,
7926.7,heavy,3101,0,3.255,
7930.0,heavy,3102,0,0.860,
7933.3,heavy,3103,1,4.115,
7936.7,heavy,3101,0,3.338,
7940.0,heavy,3102,1,1.150,
7943.3,heavy,3103,0,1.751,
7946.7,heavy,3101,0,3.311,
7950.0,heavy,3102,1,1.368,
7953.3,heavy,3103,0,3.315,
7956.7,heavy,3101,0,2.619,
7960.0,heavy,3102,1,1.770,
7963.3,heavy,3103,0,3.615,
7966.7,heavy,3101,0,3.983,
7970.0,heavy,3102,1,2.157,
7973.3,heavy,3103,0,2.273,
7976.7,heavy,3101,0,4.044,
7980.0,heavy,3102,1,1.189,
7983.3,heavy,3103,0,3.064,
7986.7,heavy,3101,0,3.794,
7990.0,heavy,3102,0,0.947,
7993.3,heavy,3103,1,4.721,
7996.7,heavy,3101,0,3.841,
8000.0,heavy,3102,1,1.580,
8000.0,light-2,3102,1,1.742,
8000.0,light-5,3102,1,2.014,
8000.0,light-1,3101,1,2.680,
8000.0,light-3,3103,1,2.795,
8000.0,light-4,3101,1,2.900,
8003.3,heavy,3103,0,4.499,
8006.7,heavy,3103,0,2.559,
8010.0,heavy,3101,0,3.162,
8013.3,heavy,3102,1,1.212,
8016.7,heavy,3103,0,3.286,
8020.0,heavy,3101,0,1.914,
8023.3,heavy,3102,1,1.522,
8026.7,heavy,3103,0,3.451,
8030.0,heavy,3101,0,4.011,
8033.3,heavy,3102,1,1.257,
8036.7,heavy,3103,0,3.231,
8040.0,heavy,3101,1,3.900,
8043.3,heavy,3102,0,0.840,
8046.7,heavy,3103,0,3.461,
8050.0,heavy,3101,0,3.114,
8053.3,heavy,3102,1,1.552,
8056.7,heavy,3103,0,2.818,
8060.0,heavy,3101,0,3.108,
8063.3,heavy,3102,1,1.488,
8066.7,heavy,3103,0,1.892,
8070.0,heavy,3101,1,4.533,
8073.3,heavy,3102,1,1.342,
8076.7,heavy,3103,0,3.548,
8080.0,heavy,3101,0,4.190,
8083.3,heavy,3102,0,2.103,
8086.7,heavy,3103,0,3.494,
8090.0,heavy,3101,0,3.261,
8093.3,heavy,3102,1,1.213,
8096.7,heavy,3103,1,4.604,
8100.0,heavy,3101,0,3.749,
8100.0,light-1,3102,1,1.565,
8100.0,light-4,3102,1,1.868,
8100.0,light-2,3103,1,2.177,
8100.0,light-3,3101,1,2.290,
8100.0,light-5,3103,1,2.341,
8103.3,heavy,3102,1,1.411,
8106.7,heavy,3103,0,4.303,
8110.0,heavy,3101,0,3.861,
8113.3,heavy,3101,0,2.383,
8116.7,heavy,3102,1,1.388,
8120.0,heavy,3103,0,3.542,
8123.3,heavy,3101,0,2.846,
8126.7,heavy,3102,0,1.271,
8130.0,heavy,3103,0,3.322,
8133.3,heavy,3101,1,3.678,
8136.7,heavy,3102,0,0.737,
8140.0,heavy,3103,1,3.566,
8143.3,heavy,3101,0,3.359,
8146.7,heavy,3102,0,0.833,
8150.0,heavy,3103,0,3.238,
8153.3,heavy,3101,1,4.141,
8156.7,heavy,3102,0,0.838,
8160.0,heavy,3103,1,4.074,
8163.3,heavy,3101,0,3.333,
8166.7,heavy,3102,1,1.162,
8170.0,heavy,3103,0,3.850,
8173.3,heavy,3101,0,3.919,
8176.7,heavy,3102,0,0.810,
8180.0,heavy,3103,0,3.267,
8183.3,heavy,3101,0,3.325,
8186.7,heavy,3102,1,1.214,
8190.0,heavy,3103,0,1.847,
8193.3,heavy,3101,1,4.284,
8196.7,heavy,3102,1,1.479,
8200.0,heavy,3103,0,3.611,
8200.0,light-1,3102,1,1.468,
8200.0,light-4,3102,1,1.475,
8200.0,light-2,3103,1,2.261,
8200.0,light-3,3101,1,2.416,
8200.0,light-5,3103,1,2.461,
8203.3,heavy,3101,0,4.063,
8206.7,heavy,3101,0,3.239,
8210.0,heavy,3102,1,1.594,
8213.3,heavy,3103,1,3.683,
8216.7,heavy,3101,0,3.147,
8220.0,heavy,3102,0,1.459,
8223.3,heavy,3103,0,1.520,
8226.7,heavy,3101,0,3.394,
8230.0,heavy,3102,1,1.197,
8233.3,heavy,3103,0,3.860,
8236.7,heavy,3101,0,3.634,
8240.0,heavy,3102,0,0.905,
8243.3,heavy,3103,1,4.724,
8246.7,heavy,3101,0,3.779,
8250.0,heavy,3102,1,1.370,
8253.3,heavy,3103,0,3.874,
8256.7,heavy,3101,0,3.173,
8260.0,heavy,3102,0,1.100,
8263.3,heavy,3103,1,4.038,
8266.7,heavy,3101,0,3.576,
8270.0,heavy,3102,1,1.471,
8273.3,heavy,3103,0,3.858,
8276.7,heavy,3101,0,3.171,
8280.0,heavy,3102,0,1.016,
8283.3,heavy,3103,1,4.252,
8286.7,heavy,3101,0,3.205,
8290.0,heavy,3102,0,1.147,
8293.3,heavy,3103,1,5.189,
8296.7,heavy,3101,0,3.756,
8300.0,heavy,3102,0,1.557,
8300.0,light-5,3101,1,2.231,
8300.0,light-2,3101,1,5.022,
8300.0,light-1,3103,1,5.711,
8300.0,light-3,3102,1,5.645,
8300.0,light-4,3103,1,5.824,
8303.3,heavy,3102,0,2.016,
8306.7,heavy,3103,1,1.967,
8310.0,heavy,3101,0,3.125,
8313.3,heavy,3102,1,1.102,
8316.7,heavy,3103,0,3.510,
8320.0,heavy,3101,1,4.325,
8323.3,heavy,3102,1,1.532,
8326.7,heavy,3103,0,3.672,
8330.0,heavy,3101,0,4.287,
8333.3,heavy,3102,0,0.869,
8336.7,heavy,3103,0,3.664,
8340.0,heavy,3101,0,3.748,
8343.3,heavy,3102,1,1.323,
8346.7,heavy,3103,0,2.185,
8350.0,heavy,3101,1,5.020,
8353.3,heavy,3102,1,1.903,
8356.7,heavy,3103,0,2.816,
8360.0,heavy,3101,0,5.199,
8363.3,heavy,3102,0,0.958,
8366.7,heavy,3103,0,3.616,
8370.0,heavy,3101,0,3.725,
8373.3,heavy,3102,1,1.542,
8376.7,heavy,3103,0,1.953,
8380.0,heavy,3101,0,4.486,
8383.3,heavy,3102,1,1.298,
8386.7,heavy,3103,0,5.667,
8390.0,heavy,3101,0,3.492,
8393.3,heavy,3102,1,0.982,
8396.7,heavy,3103,0,2.826,
8400.0,heavy,3101,1,3.989,
8400.0,light-1,3102,1,1.281,
8400.0,light-2,3103,1,1.531,
8400.0,light-4,3102,1,1.655,
8400.0,light-5,3103,1,1.761,
8400.0,light-3,3101,1,2.415,
8403.3,heavy,3101,0,3.377,
8406.7,heavy,3102,0,1.011,
8410.0,heavy,3103,0,3.876,
8413.3,heavy,3101,1,3.982,
8416.7,heavy,3102,1,1.475,
8420.0,heavy,3103,0,3.730,
8423.3,heavy,3101,0,2.498,
8426.7,heavy,3102,1,1.540,
8430.0,heavy,3103,0,3.225,
8433.3,heavy,3101,0,3.721,
8436.7,heavy,3102,0,1.557,
8440.0,heavy,3103,1,3.545,
8443.3,heavy,3101,0,2.485,
8446.7,heavy,3102,0,0.806,
8450.0,heavy,3103,1,4.108,
8453.3,heavy,3101,0,3.369,
8456.7,heavy,3102,0,0.878,
8460.0,heavy,3103,0,3.825,
8463.3,heavy,3101,0,3.965,
8466.7,heavy,3102,1,1.610,
8470.0,heavy,3103,0,3.038,
8473.3,heavy,3101,0,3.708,
8476.7,heavy,3102,1,1.195,
8480.0,heavy,3103,1,4.007,
8483.3,heavy,3101,0,3.810,
8486.7,heavy,3102,0,1.014,
8490.0,heavy,3103,1,7.187,
8493.3,heavy,3101,0,6.262,
8496.7,heavy,3102,1,1.563,
8500.0,heavy,3103,0,6.943,
8500.0,light-1,3101,1,3.021,
8500.0,light-3,3103,1,3.141,
8500.0,light-2,3102,1,6.514,
8500.0,light-4,3101,1,7.039,
8500.0,light-5,3102,1,7.714,
8503.3,heavy,3103,0,3.783,
8506.7,heavy,3101,0,3.516,
8510.0,heavy,3102,0,1.194,
8513.3,heavy,3103,1,3.504,
8516.7,heavy,3101,0,3.231,
8520.0,heavy,3102,1,0.867,
8523.3,heavy,3103,0,3.134,
8526.7,heavy,3101,0,2.390,
8530.0,heavy,3102,0,1.185,
8533.3,heavy,3103,1,4.990,
8536.7,heavy,3101,0,3.890,
8540.0,heavy,3102,1,1.271,
8543.3,heavy,3103,0,4.747,
8546.7,heavy,3101,0,4.331,
8550.0,heavy,3102,0,1.544,
8553.3,heavy,3103,1,3.855,
8556.7,heavy,3101,0,3.253,
8560.0,heavy,3102,0,1.007,
8563.3,heavy,3103,0,4.256,
8566.7,heavy,3101,1,3.655,
8570.0,heavy,3102,1,1.230,
8573.3,heavy,3103,0,3.995,
8576.7,heavy,3101,0,3.715,
8580.0,heavy,3102,0,1.362,
8583.3,heavy,3103,1,4.685,
8586.7,heavy,3101,0,3.652,
8590.0,heavy,3102,1,1.432,
8593.3,heavy,3103,0,4.512,
8596.7,heavy,3101,0,3.132,
8600.0,heavy,3102,0,1.472,
8600.0,light-1,3103,1,1.587,
8600.0,light-2,3101,1,1.675,
8600.0,light-3,3102,1,1.774,
8600.0,light-5,3101,1,1.786,
8600.0,light-4,3103,1,1.933,
8603.3,heavy,3102,1,1.268,
8606.7,heavy,3103,0,3.006,
8610.0,heavy,3101,0,3.020,
8613.3,heavy,3102,1,1.037,
8616.7,heavy,3103,0,3.423,
8620.0,heavy,3101,0,3.776,
8623.3,heavy,3102,1,1.105,
8626.7,heavy,3103,0,3.117,
8630.0,heavy,3101,1,4.253,
8633.3,heavy,3102,0,0.743,
8636.7,heavy,3103,1,4.130,
8640.0,heavy,3101,0,2.675,
8643.3,heavy,3102,0,0.929,
8646.7,heavy,3103,0,2.817,
8650.0,heavy,3101,0,2.905,
8653.3,heavy,3102,1,0.986,
8656.7,heavy,3103,0,2.280,
8660.0,heavy,3101,1,4.957,
8663.3,heavy,3102,1,1.484,
8666.7,heavy,3103,0,4.040,
8670.0,heavy,3101,0,4.610,
8673.3,heavy,3102,0,0.956,
8676.7,heavy,3103,0,2.681,
8680.0,heavy,3101,0,3.329,
8683.3,heavy,3102,1,1.121,
8686.7,heavy,3103,0,3.465,
8690.0,heavy,3101,0,2.660,
8693.3,heavy,3102,1,1.858,
8696.7,heavy,3103,1,14.202,
8700.0,heavy,3101,0,5.030,
8700.0,light-2,3103,1,2.470,
8700.0,light-4,3102,1,2.876,
8700.0,light-1,3102,1,5.565,
8700.0,light-5,3103,1,15.123,
8700.0,light-3,3101,1,15.410,
8703.3,heavy,3101,0,3.977,
8706.7,heavy,3102,0,0.806,
8710.0,heavy,3103,1,2.623,
8713.3,heavy,3101,0,4.363,
8716.7,heavy,3102,0,1.587,
8720.0,heavy,3103,0,2.815,
8723.3,heavy,3101,1,3.917,
8726.7,heavy,3102,0,0.794,
8730.0,heavy,3103,1,3.799,
8733.3,heavy,3101,0,2.756,
8736.7,heavy,3102,0,1.045,
8740.0,heavy,3103,0,3.198,
8743.3,heavy,3101,1,3.422,
8746.7,heavy,3102,0,0.835,
8750.0,heavy,3103,1,4.470,
8753.3,heavy,3101,0,3.416,
8756.7,heavy,3102,1,1.873,
8760.0,heavy,3103,0,4.621,
8763.3,heavy,3101,0,4.338,
8766.7,heavy,3102,0,1.386,
8770.0,heavy,3103,0,4.752,
8773.3,heavy,3101,0,3.930,
8776.7,heavy,3102,1,1.379,
8780.0,heavy,3103,1,3.752,
8783.3,heavy,3101,0,2.809,
8786.7,heavy,3102,0,0.990,
8790.0,heavy,3103,1,4.712,
8793.3,heavy,3101,0,3.954,
8796.7,heavy,3102,0,0.829,
8800.0,heavy,3103,1,8.418,
8800.0,light-3,3102,1,2.715,
8800.0,light-2,3101,1,2.928,
8800.0,light-5,3101,1,2.956,
8800.0,light-1,3103,1,5.511,
8800.0,light-4,3103,1,5.986,
8803.3,heavy,3101,0,4.257,
8806.7,heavy,3102,1,2.540,
8810.0,heavy,3102,0,2.462,
8813.3,heavy,3103,0,4.295,
8816.7,heavy,3101,0,3.325,
8820.0,heavy,3102,0,1.211,
8823.3,heavy,3103,1,5.009,
8826.7,heavy,3101,0,3.265,
8830.0,heavy,3102,1,1.396,
8833.3,heavy,3103,0,3.151,
8836.7,heavy,3101,0,3.214,
8840.0,heavy,3102,0,1.078,
8843.3,heavy,3103,1,4.849,
8846.7,heavy,3101,0,3.758,
8850.0,heavy,3102,1,1.220,
8853.3,heavy,3103,0,4.488,
8856.7,heavy,3101,0,3.645,
8860.0,heavy,3102,0,0.963,
8863.3,heavy,3103,0,4.101,
8866.7,heavy,3101,1,4.286,
8870.0,heavy,3102,1,1.942,
8873.3,heavy,3103,0,2.921,
8876.7,heavy,3101,0,3.938,
8880.0,heavy,3102,0,1.048,
8883.3,heavy,3103,1,3.617,
8886.7,heavy,3101,0,2.940,
8890.0,heavy,3102,1,1.605,
8893.3,heavy,3103,0,4.318,
8896.7,heavy,3101,0,3.842,
8900.0,heavy,3102,1,1.796,
8900.0,light-3,3102,1,1.848,
8900.0,light-2,3101,1,2.344,
8900.0,light-1,3103,1,2.553,
8900.0,light-5,3101,1,2.585,
8900.0,light-4,3103,1,2.713,
8903.3,heavy,3102,0,0.683,
8906.7,heavy,3103,0,2.988,
8910.0,heavy,3101,0,3.929,
8913.3,heavy,3102,1,1.184,
8916.7,heavy,3103,0,3.604,
8920.0,heavy,3101,0,3.573,
8923.3,heavy,3102,1,1.019,
8926.7,heavy,3103,1,4.455,
8930.0,heavy,3101,0,3.687,
8933.3,heavy,3102,0,0.945,
8936.7,heavy,3103,0,3.519,
8940.0,heavy,3101,0,2.612,
8943.3,heavy,3102,1,1.555,
8946.7,heavy,3103,0,3.052,
8950.0,heavy,3101,0,2.729,
8953.3,heavy,3102,1,0.927,
8956.7,heavy,3103,1,3.817,
8960.0,heavy,3101,0,2.977,
8963.3,heavy,3102,0,1.011,
8966.7,heavy,3103,0,2.961,
8970.0,heavy,3101,0,3.193,
8973.3,heavy,3102,1,1.089,
8976.7,heavy,3103,0,3.311,
8980.0,heavy,3101,1,3.162,
8983.3,heavy,3102,0,1.040,
8986.7,heavy,3103,0,3.458,
8990.0,heavy,3101,0,3.656,
8993.3,heavy,3102,1,1.423,
8996.7,heavy,3103,0,3.192,
9000.0,heavy,3101,0,3.704,
9000.0,light-2,3103,1,1.251,
9000.0,light-1,3102,1,1.520,
9000.0,light-5,3103,1,1.506,
9000.0,light-4,3102,1,1.648,
9000.0,light-3,3101,1,2.541,
9003.3,heavy,3101,1,3.908,
9006.7,heavy,3102,0,0.798,
9010.0,heavy,3103,0,3.271,
9013.3,heavy,3101,1,4.102,
9016.7,heavy,3102,0,0.796,
9020.0,heavy,3103,1,3.770,
9023.3,heavy,3101,0,3.064,
9026.7,heavy,3102,0,1.311,
9030.0,heavy,3103,0,2.986,
9033.3,heavy,3101,1,4.219,
9036.7,heavy,3102,1,1.333,
9040.0,heavy,3103,0,3.272,
9043.3,heavy,3101,0,2.256,
9046.7,heavy,3102,0,1.359,
9050.0,heavy,3103,0,4.461,
9053.3,heavy,3101,0,3.583,
9056.7,heavy,3102,1,1.056,
9060.0,heavy,3103,1,3.643,
9063.3,heavy,3101,0,3.180,
9066.7,heavy,3102,0,1.087,
9070.0,heavy,3103,0,3.684,
9073.3,heavy,3101,1,4.245,
9076.7,heavy,3102,0,1.185,
9080.0,heavy,3103,0,3.808,
9083.3,heavy,3101,0,3.577,
9086.7,heavy,3102,1,1.356,
9090.0,heavy,3103,0,1.974,
9093.3,heavy,3101,0,4.384,
9096.7,heavy,3102,1,1.825,
9100.0,heavy,3103,1,4.904,
9100.0,light-1,3102,1,1.872,
9100.0,light-4,3102,1,1.870,
9100.0,light-2,3103,1,2.839,
9100.0,light-3,3101,1,2.944,
9100.0,light-5,3103,1,2.965,
9103.3,heavy,3101,0,4.087,
9106.7,heavy,3101,0,5.038,
9110.0,heavy,3102,0,1.148,
9113.3,heavy,3103,1,5.200,
9116.7,heavy,3101,0,4.276,
9120.0,heavy,3102,1,2.272,
9123.3,heavy,3103,0,1.766,
9126.7,heavy,3101,0,3.923,
9130.0,heavy,3102,0,1.255,
9133.3,heavy,3103,1,5.163,
9136.7,heavy,3101,1,4.832,
9140.0,heavy,3102,0,1.219,
9143.3,heavy,3103,0,3.808,
9146.7,heavy,3101,0,3.518,
9150.0,heavy,3102,1,0.935,
9153.3,heavy,3103,0,3.072,
9156.7,heavy,3101,0,2.765,
9160.0,heavy,3102,0,1.054,
9163.3,heavy,3103,1,3.603,
9166.7,heavy,3101,0,3.982,
9170.0,heavy,3102,1,1.073,
9173.3,heavy,3103,0,2.522,
9176.7,heavy,3101,0,2.942,
9180.0,heavy,3102,0,1.014,
9183.3,heavy,3103,1,5.100,
9186.7,heavy,3101,0,3.051,
9190.0,heavy,3102,1,0.958,
9193.3,heavy,3103,0,3.201,
9196.7,heavy,3101,0,4.259,
9200.0,heavy,3102,1,1.672,
9200.0,light-3,3102,1,2.210,
9200.0,light-1,3103,1,2.603,
9200.0,light-2,3101,1,2.674,
9200.0,light-5,3101,1,2.656,
9200.0,light-4,3103,1,2.844,
9203.3,heavy,3103,0,4.248,
9206.7,heavy,3101,0,4.034,
9210.0,heavy,3102,1,2.197,
9213.3,heavy,3102,0,0.958,
9216.7,heavy,3103,0,2.991,
9220.0,heavy,3101,0,3.474,
9223.3,heavy,3102,1,1.167,
9226.7,heavy,3103,0,3.185,
9230.0,heavy,3101,0,3.109,
9233.3,heavy,3102,1,1.042,
9236.7,heavy,3103,1,4.384,
9240.0,heavy,3101,0,3.644,
9243.3,heavy,3102,0,1.004,
9246.7,heavy,3103,0,3.154,
9250.0,heavy,3101,0,3.365,
9253.3,heavy,3102,1,1.086,
9256.7,heavy,3103,0,3.499,
9260.0,heavy,3101,1,4.120,
9263.3,heavy,3102,0,0.722,
9266.7,heavy,3103,0,3.263,
9270.0,heavy,3101,0,3.494,
9273.3,heavy,3102,1,1.323,
9276.7,heavy,3103,0,2.876,
9280.0,heavy,3101,0,4.082,
9283.3,heavy,3102,1,0.982,
9286.7,heavy,3103,0,3.750,
9290.0,heavy,3101,1,4.027,
9293.3,heavy,3102,0,1.024,
9296.7,heavy,3103,0,2.944,
9300.0,heavy,3101,0,3.396,
9300.0,light-1,3102,1,1.529,
9300.0,light-2,3103,1,1.687,
9300.0,light-4,3102,1,1.771,
9300.0,light-5,3103,1,1.812,
9300.0,light-3,3101,1,2.597,
9303.3,heavy,3101,0,3.657,
9306.7,heavy,3102,1,1.354,
9310.0,heavy,3103,0,3.489,
9313.3,heavy,3101,0,3.548,
9316.7,heavy,3102,1,1.682,
9320.0,heavy,3103,0,2.403,
9323.3,heavy,3101,0,4.082,
9326.7,heavy,3102,1,1.256,
9330.0,heavy,3103,1,4.490,
9333.3,heavy,3101,0,4.267,
9336.7,heavy,3102,0,1.244,
9340.0,heavy,3103,0,3.004,
9343.3,heavy,3101,1,4.136,
9346.7,heavy,3102,0,0.814,
9350.0,heavy,3103,0,3.017,
9353.3,heavy,3101,1,3.492,
9356.7,heavy,3102,0,0.932,
9360.0,heavy,3103,0,3.930,
9363.3,heavy,3101,1,4.466,
9366.7,heavy,3102,0,1.431,
9370.0,heavy,3103,0,3.460,
9373.3,heavy,3101,1,4.004,
9376.7,heavy,3102,0,1.033,
9380.0,heavy,3103,1,4.572,
9383.3,heavy,3101,0,3.873,
9386.7,heavy,3102,0,0.972,
9390.0,heavy,3103,0,3.064,
9393.3,heavy,3101,1,4.269,
9396.7,heavy,3102,0,1.123,
9400.0,heavy,3103,1,4.577,
9400.0,light-2,3102,1,1.542,
9400.0,light-5,3102,1,1.745,
9400.0,light-1,3101,1,2.396,
9400.0,light-3,3103,1,2.598,
9400.0,light-4,3101,1,2.701,
9403.3,heavy,3101,0,3.706,
9406.7,heavy,3102,1,1.463,
9410.0,heavy,3103,0,4.306,
9413.3,heavy,3103,0,3.494,
9416.7,heavy,3101,0,2.978,
9420.0,heavy,3102,0,1.140,
9423.3,heavy,3103,1,4.189,
9426.7,heavy,3101,0,3.365,
9430.0,heavy,3102,0,1.007,
9433.3,heavy,3103,1,4.073,
9436.7,heavy,3101,0,3.211,
9440.0,heavy,3102,1,1.255,
9443.3,heavy,3103,0,3.992,
9446.7,heavy,3101,0,3.476,
9450.0,heavy,3102,0,0.953,
9453.3,heavy,3103,0,3.563,
9456.7,heavy,3101,0,3.505,
9460.0,heavy,3102,1,1.158,
9463.3,heavy,3103,0,3.908,
9466.7,heavy,3101,1,4.405,
9470.0,heavy,3102,1,1.534,
9473.3,heavy,3103,0,4.124,
9476.7,heavy,3101,0,2.060,
9480.0,heavy,3102,0,1.059,
9483.3,heavy,3103,0,3.420,
9486.7,heavy,3101,1,3.865,
9490.0,heavy,3102,1,1.103,
9493.3,heavy,3103,0,2.903,
9496.7,heavy,3101,0,3.237,
9500.0,heavy,3102,0,1.611,
9500.0,light-5,3101,1,2.292,
9500.0,light-2,3101,1,4.541,
9500.0,light-1,3103,1,5.092,
9500.0,light-3,3102,1,5.174,
9500.0,light-4,3103,1,5.729,
9503.3,heavy,3102,1,0.916,
9506.7,heavy,3103,1,5.098,
9510.0,heavy,3101,0,3.896,
9513.3,heavy,3102,1,1.336,
9516.7,heavy,3103,0,4.849,
9520.0,heavy,3101,0,4.438,
9523.3,heavy,3102,0,1.152,
9526.7,heavy,3103,0,3.441,
9530.0,heavy,3101,0,3.472,
9533.3,heavy,3102,1,1.143,
9536.7,heavy,3103,0,2.910,
9540.0,heavy,3101,0,2.842,
9543.3,heavy,3102,1,1.473,
9546.7,heavy,3103,1,4.226,
9550.0,heavy,3101,0,3.526,
9553.3,heavy,3102,0,0.975,
9556.7,heavy,3103,0,2.931,
9560.0,heavy,3101,0,3.763,
9563.3,heavy,3102,1,1.386,
9566.7,heavy,3103,0,3.886,
9570.0,heavy,3101,1,3.305,
9573.3,heavy,3102,0,0.732,
9576.7,heavy,3103,0,3.130,
9580.0,heavy,3101,0,3.398,
9583.3,heavy,3102,1,1.257,
9586.7,heavy,3103,0,2.943,
9590.0,heavy,3101,0,3.600,
9593.3,heavy,3102,1,1.132,
9596.7,heavy,3103,0,3.483,
9600.0,heavy,3101,0,2.256,
9600.0,light-2,3103,1,1.163,
9600.0,light-3,3101,1,1.310,
9600.0,light-1,3102,1,1.558,
9600.0,light-5,3103,1,1.494,
9600.0,light-4,3102,1,1.654,
9603.3,heavy,3101,0,3.966,
9606.7,heavy,3102,1,1.307,
9610.0,heavy,3103,1,4.245,
9613.3,heavy,3101,0,4.322,
9616.7,heavy,3102,0,0.799,
9620.0,heavy,3103,0,3.577,
9623.3,heavy,3101,1,4.370,
9626.7,heavy,3102,1,1.268,
9630.0,heavy,3103,0,3.722,
9633.3,heavy,3101,0,2.980,
9636.7,heavy,3102,0,0.954,
9640.0,heavy,3103,0,2.946,
9643.3,heavy,3101,0,2.836,
9646.7,heavy,3102,1,0.994,
9650.0,heavy,3103,0,3.734,
9653.3,heavy,3101,1,3.914,
9656.7,heavy,3102,1,1.441,
9660.0,heavy,3103,0,3.580,
9663.3,heavy,3101,0,2.361,
9666.7,heavy,3102,1,1.559,
9670.0,heavy,3103,0,3.901,
9673.3,heavy,3101,0,3.199,
9676.7,heavy,3102,0,1.436,
9680.0,heavy,3103,0,3.083,
9683.3,heavy,3101,1,4.283,
9686.7,heavy,3102,0,1.245,
9690.0,heavy,3103,1,4.506,
9693.3,heavy,3101,0,3.708,
9696.7,heavy,3102,0,1.169,
9700.0,heavy,3103,0,4.044,
9700.0,light-3,3102,1,1.778,
9700.0,light-1,3103,1,2.186,
9700.0,light-2,3101,1,2.336,
9700.0,light-4,3103,1,2.560,
9700.0,light-5,3101,1,2.617,
9703.3,heavy,3101,0,4.299,
9706.7,heavy,3102,1,1.295,
9710.0,heavy,3102,0,1.219,
9713.3,heavy,3103,1,3.703,
9716.7,heavy,3101,0,3.107,
9720.0,heavy,3102,0,1.138,
9723.3,heavy,3103,1,3.666,
9726.7,heavy,3101,0,3.404,
9730.0,heavy,3102,0,0.958,
9733.3,heavy,3103,0,3.878,
9736.7,heavy,3101,1,4.084,
9740.0,heavy,3102,1,1.153,
9743.3,heavy,3103,0,2.783,
9746.7,heavy,3101,0,3.573,
9750.0,heavy,3102,1,1.332,
9753.3,heavy,3103,0,3.546,
9756.7,heavy,3101,0,2.111,
9760.0,heavy,3102,1,1.981,
9763.3,heavy,3103,1,4.832,
9766.7,heavy,3101,0,4.252,
9770.0,heavy,3102,0,1.806,
9773.3,heavy,3103,0,1.478,
9776.7,heavy,3101,0,4.656,
9780.0,heavy,3102,1,1.344,
9783.3,heavy,3103,0,4.147,
9786.7,heavy,3101,0,3.087,
9790.0,heavy,3102,1,2.830,
9793.3,heavy,3103,0,6.303,
9796.7,heavy,3101,0,5.262,
9800.0,heavy,3102,1,3.082,
9800.0,light-3,3102,1,3.534,
9800.0,light-2,3101,1,3.839,
9800.0,light-1,3103,1,4.234,
9800.0,light-5,3101,1,4.365,
9800.0,light-4,3103,1,4.594,
9803.3,heavy,3102,0,1.660,
9806.7,heavy,3103,0,3.617,
9810.0,heavy,3101,1,5.841,
9813.3,heavy,3102,0,1.595,
9816.7,heavy,3103,0,3.919,
9820.0,heavy,3101,1,5.318,
9823.3,heavy,3102,0,0.804,
9826.7,heavy,3103,0,2.985,
9830.0,heavy,3101,0,3.003,
9833.3,heavy,3102,1,1.684,
9836.7,heavy,3103,0,3.440,
9840.0,heavy,3101,0,3.477,
9843.3,heavy,3102,1,1.322,
9846.7,heavy,3103,1,4.508,
9850.0,heavy,3101,0,3.685,
9853.3,heavy,3102,0,1.067,
9856.7,heavy,3103,0,2.913,
9860.0,heavy,3101,0,3.168,
9863.3,heavy,3102,1,0.878,
9866.7,heavy,3103,0,3.565,
9870.0,heavy,3101,1,4.196,
9873.3,heavy,3102,0,1.160,
9876.7,heavy,3103,0,3.466,
9880.0,heavy,3101,0,3.595,
9883.3,heavy,3102,1,1.126,
9886.7,heavy,3103,0,2.970,
9890.0,heavy,3101,0,3.410,
9893.3,heavy,3102,1,1.219,
9896.7,heavy,3103,0,4.681,
9900.0,light-2,3103,1,1.280,
9900.0,light-4,3102,1,3.606,
9900.0,light-5,3103,1,4.545,
9900.0,light-1,3102,1,5.031,
9900.0,light-3,3101,1,6.020,
9900.0,heavy,3101,0,2.111,
9903.3,heavy,3101,1,4.128,
9906.7,heavy,3102,0,1.029,
9910.0,heavy,3103,1,4.287,
9913.3,heavy,3101,0,3.524,
9916.7,heavy,3102,0,1.146,
9920.0,heavy,3103,0,3.134,
9923.3,heavy,3101,0,3.412,
9926.7,heavy,3102,1,1.276,
9930.0,heavy,3103,0,3.544,
9933.3,heavy,3101,1,4.017,
9936.7,heavy,3102,0,0.832,
9940.0,heavy,3103,1,4.147,
9943.3,heavy,3101,0,3.356,
9946.7,heavy,3102,0,0.875,
9950.0,heavy,3103,0,3.315,
9953.3,heavy,3101,1,3.584,
9956.7,heavy,3102,0,0.855,
9960.0,heavy,3103,1,3.637,
9963.3,heavy,3101,0,2.776,
9966.7,heavy,3102,0,0.770,
9970.0,heavy,3103,0,3.564,
9973.3,heavy,3101,0,3.789,
9976.7,heavy,3102,1,1.478,
9980.0,heavy,3103,0,3.174,
9983.3,heavy,3101,1,3.682,
9986.7,heavy,3102,0,0.848,
9990.0,heavy,3103,1,3.872,
9993.3,heavy,3101,0,3.214,
9996.7,heavy,3102,0,1.154,
10000.0,light-3,3102,1,1.375,
10000.0,light-1,3103,1,2.293,
10000.0,light-2,3101,1,2.450,
10000.0,light-4,3103,1,3.082,
10000.0,light-5,3101,1,3.191,
10000.0,heavy,3103,0,3.860,
10003.3,heavy,3101,0,3.854,
10006.7,heavy,3102,1,1.275,
10010.0,heavy,3102,0,0.979,
10013.3,heavy,3103,0,6.767,
10016.7,heavy,3101,0,9.847,
10020.0,heavy,3102,0,3.561,ECONNRESET
10023.3,heavy,3103,0,6.588,
10026.7,heavy,3101,0,5.996,
10030.0,heavy,3102,0,3.548,ECONNREFUSED
10033.3,heavy,3103,0,4.271,
10036.7,heavy,3101,0,5.067,
10040.0,heavy,3102,0,3.271,ECONNREFUSED
10043.3,heavy,3103,0,5.722,
10046.7,heavy,3101,0,4.394,
10050.0,heavy,3102,0,2.668,ECONNREFUSED
10053.3,heavy,3103,0,4.306,
10056.7,heavy,3101,0,4.547,
10060.0,heavy,3102,0,2.567,ECONNREFUSED
10063.3,heavy,3103,0,4.638,
10066.7,heavy,3101,0,4.287,
10070.0,heavy,3102,0,3.401,ECONNREFUSED
10073.3,heavy,3103,0,4.477,
10076.7,heavy,3101,0,4.519,
10080.0,heavy,3102,0,2.486,ECONNREFUSED
10083.3,heavy,3103,0,4.759,
10086.7,heavy,3101,0,4.447,
10090.0,heavy,3102,0,2.262,ECONNREFUSED
10093.3,heavy,3103,0,4.282,
10096.7,heavy,3101,0,5.455,
10100.0,light-1,3103,1,2.286,
10100.0,light-4,3103,1,3.266,
10100.0,light-2,3101,1,3.729,
10100.0,light-5,3101,1,4.943,
10100.0,light-3,3102,0,5.659,ECONNREFUSED
10100.0,heavy,3102,0,6.117,ECONNREFUSED
10103.3,heavy,3102,0,3.542,ECONNREFUSED
10106.7,heavy,3103,0,4.449,
10110.0,heavy,3101,0,4.822,
10113.3,heavy,3102,0,2.231,ECONNREFUSED
10116.7,heavy,3103,0,4.621,
10120.0,heavy,3101,0,4.504,
10123.3,heavy,3102,0,2.622,ECONNREFUSED
10126.7,heavy,3103,0,4.642,
10130.0,heavy,3101,0,4.340,
10133.3,heavy,3102,0,2.938,ECONNREFUSED
10136.7,heavy,3103,0,4.645,
10140.0,heavy,3101,0,4.667,
10143.3,heavy,3102,0,2.449,ECONNREFUSED
10146.7,heavy,3103,0,3.934,
10150.0,heavy,3101,0,4.347,
10153.3,heavy,3102,0,2.244,ECONNREFUSED
10156.7,heavy,3103,0,4.908,
10160.0,heavy,3101,0,4.172,
10163.3,heavy,3102,0,2.425,ECONNREFUSED
10166.7,heavy,3103,0,4.857,
10170.0,heavy,3101,0,5.023,
10173.3,heavy,3102,0,2.290,ECONNREFUSED
10176.7,heavy,3103,0,5.605,
10180.0,heavy,3101,0,5.917,
10183.3,heavy,3102,0,2.717,ECONNREFUSED
10186.7,heavy,3103,0,4.928,
10190.0,heavy,3101,0,4.368,
10193.3,heavy,3102,0,2.232,ECONNREFUSED
10196.7,heavy,3103,0,2.296,
10200.0,light-3,3103,1,3.771,
10200.0,light-1,3101,1,4.168,
10200.0,light-2,3102,0,5.353,ECONNREFUSED
10200.0,light-5,3102,0,5.479,ECONNREFUSED
10200.0,light-4,3101,0,7.990,
10200.0,heavy,3101,0,7.112,
10203.3,heavy,3102,0,5.538,ECONNREFUSED
10206.7,heavy,3103,0,5.688,
10210.0,heavy,3103,0,3.590,
10213.3,heavy,3101,0,6.286,
10216.7,heavy,3102,0,3.057,ECONNREFUSED
10220.0,heavy,3103,0,4.707,
10223.3,heavy,3101,0,12.654,
10226.7,heavy,3102,0,3.657,ECONNREFUSED
10230.0,heavy,3103,0,4.514,
10233.3,heavy,3101,0,4.206,
10236.7,heavy,3102,0,3.599,ECONNREFUSED
10240.0,heavy,3103,0,2.363,
10243.3,heavy,3101,0,4.818,
10246.7,heavy,3102,0,3.359,ECONNREFUSED
10250.0,heavy,3103,0,4.413,
10253.3,heavy,3101,0,4.496,
10256.7,heavy,3102,0,3.411,ECONNREFUSED
10260.0,heavy,3103,0,4.399,
10263.3,heavy,3101,0,4.240,
10266.7,heavy,3102,0,2.779,ECONNREFUSED
10270.0,heavy,3103,0,4.770,
10273.3,heavy,3101,0,3.977,
10276.7,heavy,3102,0,2.855,ECONNREFUSED
10280.0,heavy,3103,0,4.061,
10283.3,heavy,3101,0,3.808,
10286.7,heavy,3102,0,1.813,ECONNREFUSED
10290.0,heavy,3103,0,6.319,
10293.3,heavy,3101,0,3.442,
10296.7,heavy,3102,0,5.432,ECONNREFUSED
10300.0,light-1,3101,1,2.816,
10300.0,light-3,3103,1,4.596,
10300.0,light-2,3102,0,5.336,ECONNREFUSED
10300.0,light-5,3102,0,5.118,ECONNREFUSED
10300.0,light-4,3101,0,6.493,
10300.0,heavy,3103,0,6.547,
10303.3,heavy,3103,0,5.094,
10306.7,heavy,3101,0,4.195,
10310.0,heavy,3102,0,2.118,ECONNREFUSED
10313.3,heavy,3103,0,4.383,
10316.7,heavy,3101,0,5.123,
10320.0,heavy,3102,0,2.560,ECONNREFUSED
10323.3,heavy,3103,0,4.487,
10326.7,heavy,3101,0,4.468,
10330.0,heavy,3102,0,2.568,ECONNREFUSED
10333.3,heavy,3103,0,3.819,
10336.7,heavy,3101,0,4.482,
10340.0,heavy,3102,0,2.573,ECONNREFUSED
10343.3,heavy,3103,0,4.291,
10346.7,heavy,3101,0,4.988,
10350.0,heavy,3102,0,2.449,ECONNREFUSED
10353.3,heavy,3103,0,4.177,
10356.7,heavy,3101,0,4.749,
10360.0,heavy,3102,0,3.481,ECONNREFUSED
10363.3,heavy,3103,0,5.147,
10366.7,heavy,3101,0,5.158,
10370.0,heavy,3102,0,2.867,ECONNREFUSED
10373.3,heavy,3103,0,4.333,
10376.7,heavy,3101,0,5.729,
10380.0,heavy,3102,0,2.423,ECONNREFUSED
10383.3,heavy,3103,0,4.177,
10386.7,heavy,3101,0,4.721,
10390.0,heavy,3102,0,2.444,ECONNREFUSED
10393.3,heavy,3103,0,3.865,
10396.7,heavy,3101,0,4.984,
10400.0,light-1,3103,1,3.738,
10400.0,light-2,3101,1,3.842,
10400.0,light-4,3103,1,3.736,
10400.0,light-5,3101,1,3.819,
10400.0,light-3,3102,0,6.791,ECONNREFUSED
10400.0,heavy,3102,0,7.083,ECONNREFUSED
10403.3,heavy,3102,0,5.797,ECONNREFUSED
10406.7,heavy,3103,0,4.612,
10410.0,heavy,3101,0,4.101,
10413.3,heavy,3102,0,2.463,ECONNREFUSED
10416.7,heavy,3103,0,4.345,
10420.0,heavy,3101,0,4.575,
10423.3,heavy,3102,0,3.334,ECONNREFUSED
10426.7,heavy,3103,0,4.685,
10430.0,heavy,3101,0,4.512,
10433.3,heavy,3102,0,2.722,ECONNREFUSED
10436.7,heavy,3103,0,4.547,
10440.0,heavy,3101,0,4.349,
10443.3,heavy,3102,0,2.188,ECONNREFUSED
10446.7,heavy,3103,0,4.496,
10450.0,heavy,3101,0,4.325,
10453.3,heavy,3102,0,2.492,ECONNREFUSED
10456.7,heavy,3103,0,4.512,
10460.0,heavy,3101,0,5.525,
10463.3,heavy,3102,0,2.395,ECONNREFUSED
10466.7,heavy,3103,0,4.409,
10470.0,heavy,3101,0,4.178,
10473.3,heavy,3102,0,2.013,ECONNREFUSED
10476.7,heavy,3103,0,4.511,
10480.0,heavy,3101,0,4.478,
10483.3,heavy,3102,0,2.217,ECONNREFUSED
10486.7,heavy,3103,0,3.843,
10490.0,heavy,3101,0,4.435,
10493.3,heavy,3102,0,3.208,ECONNREFUSED
10496.7,heavy,3103,0,4.619,
10500.0,light-2,3103,1,2.593,
10500.0,light-5,3103,1,3.013,
10500.0,light-3,3101,1,4.090,
10500.0,light-1,3102,0,5.218,ECONNREFUSED
10500.0,light-4,3102,0,4.997,ECONNREFUSED
10500.0,heavy,3101,0,5.844,
10503.3,heavy,3101,0,3.695,
10506.7,heavy,3102,0,3.067,ECONNREFUSED
10510.0,heavy,3103,0,4.213,
10513.3,heavy,3101,0,4.245,
10516.7,heavy,3102,0,2.129,ECONNREFUSED
10520.0,heavy,3103,0,4.433,
10523.3,heavy,3101,0,4.833,
10526.7,heavy,3102,0,2.747,ECONNREFUSED
10530.0,heavy,3103,0,4.736,
10533.3,heavy,3101,0,4.863,
10536.7,heavy,3102,0,3.343,ECONNREFUSED
10540.0,heavy,3103,0,4.155,
10543.3,heavy,3101,0,3.592,
10546.7,heavy,3102,0,2.718,ECONNREFUSED
10550.0,heavy,3103,0,4.662,
10553.3,heavy,3101,0,4.273,
10556.7,heavy,3102,0,2.958,ECONNREFUSED
10560.0,heavy,3103,0,5.290,
10563.3,heavy,3101,0,4.092,
10566.7,heavy,3102,0,3.070,ECONNREFUSED
10570.0,heavy,3103,0,5.579,
10573.3,heavy,3101,0,4.832,
10576.7,heavy,3102,0,2.732,ECONNREFUSED
10580.0,heavy,3103,0,4.156,
10583.3,heavy,3101,0,4.083,
10586.7,heavy,3102,0,2.946,ECONNREFUSED
10590.0,heavy,3103,0,3.912,
10593.3,heavy,3101,0,4.250,
10596.7,heavy,3102,0,1.579,ECONNREFUSED
10600.0,light-1,3101,1,1.881,
10600.0,light-2,3102,0,2.995,ECONNREFUSED
10600.0,light-3,3103,1,3.037,
10600.0,light-5,3102,0,3.095,ECONNREFUSED
10600.0,light-4,3101,0,4.156,
10600.0,heavy,3103,0,4.506,
10603.3,heavy,3103,0,3.849,
10606.7,heavy,3101,0,4.383,
10610.0,heavy,3102,0,2.416,ECONNREFUSED
10613.3,heavy,3103,0,4.359,
10616.7,heavy,3101,0,5.374,
10620.0,heavy,3102,0,2.651,ECONNREFUSED
10623.3,heavy,3103,0,4.097,
10626.7,heavy,3101,0,4.097,
10630.0,heavy,3102,0,2.837,ECONNREFUSED
10633.3,heavy,3103,0,4.550,
10636.7,heavy,3101,0,4.517,
10640.0,heavy,3102,0,2.296,ECONNREFUSED
10643.3,heavy,3103,0,4.243,
10646.7,heavy,3101,0,13.483,
10650.0,heavy,3102,0,2.809,ECONNREFUSED
10653.3,heavy,3103,0,4.871,
10656.7,heavy,3101,0,4.627,
10660.0,heavy,3102,0,2.995,ECONNREFUSED
10663.3,heavy,3103,0,6.144,
10666.7,heavy,3101,0,6.323,
10670.0,heavy,3102,0,2.831,ECONNREFUSED
10673.3,heavy,3103,0,4.775,
10676.7,heavy,3101,0,3.759,
10680.0,heavy,3102,0,2.485,ECONNREFUSED
10683.3,heavy,3103,0,4.700,
10686.7,heavy,3101,0,4.716,
10690.0,heavy,3102,0,4.763,ECONNREFUSED
10693.3,heavy,3103,0,5.570,
10696.7,heavy,3101,0,6.081,
10700.0,light-5,3101,1,3.773,
10700.0,light-3,3102,0,4.524,ECONNREFUSED
10700.0,light-2,3101,1,5.916,
10700.0,light-1,3103,1,6.247,
10700.0,light-4,3103,0,7.301,
10700.0,heavy,3102,0,4.847,ECONNREFUSED
10703.3,heavy,3102,0,4.608,ECONNREFUSED
10706.7,heavy,3103,0,4.844,
10710.0,heavy,3101,0,4.518,
10713.3,heavy,3102,0,2.388,ECONNREFUSED
10716.7,heavy,3103,0,4.417,
10720.0,heavy,3101,0,5.345,
10723.3,heavy,3102,0,3.032,ECONNREFUSED
10726.7,heavy,3103,0,3.881,
10730.0,heavy,3101,0,4.286,
10733.3,heavy,3102,0,2.290,ECONNREFUSED
10736.7,heavy,3103,0,4.310,
10740.0,heavy,3101,0,4.048,
10743.3,heavy,3102,0,2.822,ECONNREFUSED
10746.7,heavy,3103,0,4.497,
10750.0,heavy,3101,0,4.306,
10753.3,heavy,3102,0,2.398,ECONNREFUSED
10756.7,heavy,3103,0,3.661,
10760.0,heavy,3101,0,4.437,
10763.3,heavy,3102,0,2.439,ECONNREFUSED
10766.7,heavy,3103,0,4.112,
10770.0,heavy,3101,0,4.423,
10773.3,heavy,3102,0,2.546,ECONNREFUSED
10776.7,heavy,3103,0,4.686,
10780.0,heavy,3101,0,4.538,
10783.3,heavy,3102,0,2.626,ECONNREFUSED
10786.7,heavy,3103,0,3.878,
10790.0,heavy,3101,0,4.684,
10793.3,heavy,3102,0,2.574,ECONNREFUSED
10796.7,heavy,3103,0,5.525,
10800.0,light-2,3103,1,2.914,
10800.0,light-5,3103,1,3.321,
10800.0,light-3,3101,1,4.132,
10800.0,light-1,3102,0,5.165,ECONNREFUSED
10800.0,light-4,3102,0,4.939,ECONNREFUSED
10800.0,heavy,3101,0,6.093,
10803.3,heavy,3101,0,3.592,
10806.7,heavy,3102,0,3.144,ECONNREFUSED
10810.0,heavy,3103,0,4.549,
10813.3,heavy,3101,0,4.371,
10816.7,heavy,3102,0,2.336,ECONNREFUSED
10820.0,heavy,3103,0,4.309,
10823.3,heavy,3101,0,3.219,
10826.7,heavy,3102,0,1.812,ECONNREFUSED
10830.0,heavy,3103,0,4.212,
10833.3,heavy,3101,0,3.666,
10836.7,heavy,3102,0,2.985,ECONNREFUSED
10840.0,heavy,3103,0,4.906,
10843.3,heavy,3101,0,4.385,
10846.7,heavy,3102,0,2.243,ECONNREFUSED
10850.0,heavy,3103,0,4.391,
10853.3,heavy,3101,0,4.651,
10856.7,heavy,3102,0,3.033,ECONNREFUSED
10860.0,heavy,3103,0,4.338,
10863.3,heavy,3101,0,4.147,
10866.7,heavy,3102,0,2.856,ECONNREFUSED
10870.0,heavy,3103,0,5.289,
10873.3,heavy,3101,0,4.139,
10876.7,heavy,3102,0,2.662,ECONNREFUSED
10880.0,heavy,3103,0,4.423,
10883.3,heavy,3101,0,4.508,
10886.7,heavy,3102,0,3.102,ECONNREFUSED
10890.0,heavy,3103,0,4.477,
10893.3,heavy,3101,0,4.632,
10896.7,heavy,3102,0,4.574,ECONNREFUSED
10900.0,light-1,3101,1,2.668,
10900.0,light-3,3103,1,3.081,
10900.0,light-2,3102,0,4.223,ECONNREFUSED
10900.0,light-5,3102,0,4.306,ECONNREFUSED
10900.0,light-4,3101,0,4.916,
10900.0,heavy,3103,0,4.627,
10903.3,heavy,3103,0,4.359,
10906.7,heavy,3101,0,4.700,
10910.0,heavy,3102,0,2.546,ECONNREFUSED
10913.3,heavy,3103,0,4.159,
10916.7,heavy,3101,0,3.779,
10920.0,heavy,3102,0,2.199,ECONNREFUSED
10923.3,heavy,3103,0,4.879,
10926.7,heavy,3101,0,5.226,
10930.0,heavy,3102,0,2.812,ECONNREFUSED
10933.3,heavy,3103,0,5.111,
10936.7,heavy,3101,0,3.687,
10940.0,heavy,3102,0,2.062,ECONNREFUSED
10943.3,heavy,3103,0,5.533,
10946.7,heavy,3101,0,4.779,
10950.0,heavy,3102,0,2.664,ECONNREFUSED
10953.3,heavy,3103,0,3.218,
10956.7,heavy,3101,0,4.557,
10960.0,heavy,3102,0,1.873,ECONNREFUSED
10963.3,heavy,3103,0,4.531,
10966.7,heavy,3101,0,4.444,
10970.0,heavy,3102,0,2.646,ECONNREFUSED
10973.3,heavy,3103,0,4.698,
10976.7,heavy,3101,0,4.648,
10980.0,heavy,3102,0,2.781,ECONNREFUSED
10983.3,heavy,3103,0,5.088,
10986.7,heavy,3101,0,4.747,
10990.0,heavy,3102,0,2.306,ECONNREFUSED
10993.3,heavy,3103,0,4.284,
10996.7,heavy,3101,0,4.345,
11000.0,light-1,3103,1,1.661,
11000.0,light-2,3101,1,1.779,
11000.0,light-5,3101,1,2.225,
11000.0,light-4,3103,0,4.930,
11000.0,light-3,3102,0,5.366,ECONNREFUSED
11000.0,heavy,3102,0,3.796,ECONNREFUSED
11003.3,heavy,3102,0,4.229,ECONNREFUSED
11006.7,heavy,3103,0,4.326,
11010.0,heavy,3101,0,5.543,
11013.3,heavy,3102,0,3.725,ECONNREFUSED
11016.7,heavy,3103,0,4.761,
11020.0,heavy,3101,0,4.602,
11023.3,heavy,3102,0,2.299,ECONNREFUSED
11026.7,heavy,3103,0,4.698,
11030.0,heavy,3101,0,4.353,
11033.3,heavy,3102,0,3.178,ECONNREFUSED
11036.7,heavy,3103,0,5.032,
11040.0,heavy,3101,0,3.867,
11043.3,heavy,3102,0,2.759,ECONNREFUSED
11046.7,heavy,3103,0,4.200,
11050.0,heavy,3101,0,3.675,
11053.3,heavy,3102,0,2.584,ECONNREFUSED
11056.7,heavy,3103,0,4.137,
11060.0,heavy,3101,0,5.151,
11063.3,heavy,3102,0,2.921,ECONNREFUSED
11066.7,heavy,3103,0,4.030,
11070.0,heavy,3101,0,5.324,
11073.3,heavy,3102,0,3.353,ECONNREFUSED
11076.7,heavy,3103,0,4.367,
11080.0,heavy,3101,0,4.857,
11083.3,heavy,3102,0,2.796,ECONNREFUSED
11086.7,heavy,3103,0,4.806,
11090.0,heavy,3101,0,4.406,
11093.3,heavy,3102,0,2.436,ECONNREFUSED
11096.7,heavy,3103,0,4.415,
11100.0,light-2,3103,1,3.256,
11100.0,light-1,3102,0,5.622,ECONNREFUSED
11100.0,light-4,3102,0,5.458,ECONNREFUSED
11100.0,light-5,3103,1,5.945,
11100.0,light-3,3101,1,7.155,
11100.0,heavy,3101,0,9.572,
11103.3,heavy,3101,0,6.840,
11106.7,heavy,3102,0,4.064,ECONNREFUSED
11110.0,heavy,3103,0,4.413,
11113.3,heavy,3101,0,4.809,
11116.7,heavy,3102,0,3.046,ECONNREFUSED
11120.0,heavy,3103,0,5.125,
11123.3,heavy,3101,0,4.201,
11126.7,heavy,3102,0,2.468,ECONNREFUSED
11130.0,heavy,3103,0,4.057,
11133.3,heavy,3101,0,4.718,
11136.7,heavy,3102,0,2.397,ECONNREFUSED
11140.0,heavy,3103,0,3.875,
11143.3,heavy,3101,0,3.483,
11146.7,heavy,3102,0,2.141,ECONNREFUSED
11150.0,heavy,3103,0,4.535,
11153.3,heavy,3101,0,5.519,
11156.7,heavy,3102,0,3.118,ECONNREFUSED
11160.0,heavy,3103,0,5.404,
11163.3,heavy,3101,0,4.735,
11166.7,heavy,3102,0,3.174,ECONNREFUSED
11170.0,heavy,3103,0,5.292,
11173.3,heavy,3101,0,5.362,
11176.7,heavy,3102,0,3.198,ECONNREFUSED
11180.0,heavy,3103,0,5.073,
11183.3,heavy,3101,0,6.244,
11186.7,heavy,3102,0,4.103,ECONNREFUSED
11190.0,heavy,3103,0,5.885,
11193.3,heavy,3101,0,5.906,
11196.7,heavy,3102,0,5.894,ECONNREFUSED
11200.0,light-1,3101,1,3.566,
11200.0,light-3,3103,1,4.319,
11200.0,light-2,3102,0,5.420,ECONNREFUSED
11200.0,light-4,3101,0,5.683,
11200.0,light-5,3102,0,5.859,ECONNREFUSED
11200.0,heavy,3103,0,5.828,
11203.3,heavy,3103,0,3.067,
11206.7,heavy,3101,0,3.998,
11210.0,heavy,3102,0,2.076,ECONNREFUSED
11213.3,heavy,3103,0,4.336,
11216.7,heavy,3101,0,4.200,
11220.0,heavy,3102,0,2.842,ECONNREFUSED
11223.3,heavy,3103,0,4.269,
11226.7,heavy,3101,0,3.949,
11230.0,heavy,3102,0,2.316,ECONNREFUSED
11233.3,heavy,3103,0,3.508,
11236.7,heavy,3101,0,4.231,
11240.0,heavy,3102,0,1.746,ECONNREFUSED
11243.3,heavy,3103,0,4.585,
11246.7,heavy,3101,0,4.534,
11250.0,heavy,3102,0,1.719,ECONNREFUSED
11253.3,heavy,3103,0,4.409,
11256.7,heavy,3101,0,3.854,
11260.0,heavy,3102,0,2.290,ECONNREFUSED
11263.3,heavy,3103,0,2.872,
11266.7,heavy,3101,0,5.386,
11270.0,heavy,3102,0,2.759,ECONNREFUSED
11273.3,heavy,3103,0,4.594,
11276.7,heavy,3101,0,5.050,
11280.0,heavy,3102,0,2.823,ECONNREFUSED
11283.3,heavy,3103,0,4.932,
11286.7,heavy,3101,0,4.703,
11290.0,heavy,3102,0,1.905,ECONNREFUSED
11293.3,heavy,3103,0,3.628,
11296.7,heavy,3101,0,6.800,
11300.0,light-1,3101,1,3.321,
11300.0,light-3,3103,1,5.767,
11300.0,light-4,3101,1,6.292,
11300.0,light-2,3102,0,6.809,ECONNREFUSED
11300.0,light-5,3102,0,6.652,ECONNREFUSED
11300.0,heavy,3102,0,6.791,ECONNREFUSED
11303.3,heavy,3103,0,7.923,
11306.7,heavy,3103,0,5.447,
11310.0,heavy,3101,1,6.200,
11313.3,heavy,3102,0,3.570,ECONNREFUSED
11316.7,heavy,3103,1,1.597,
11320.0,heavy,3101,1,1.351,
11323.3,heavy,3102,0,2.542,ECONNREFUSED
11326.7,heavy,3103,1,2.884,
11330.0,heavy,3101,1,2.310,
11333.3,heavy,3102,0,3.597,ECONNREFUSED
11336.7,heavy,3103,1,2.818,
11340.0,heavy,3101,1,1.789,
11343.3,heavy,3102,0,4.652,ECONNREFUSED
11346.7,heavy,3103,1,2.190,
11350.0,heavy,3101,1,2.313,
11353.3,heavy,3102,0,4.394,ECONNREFUSED
11356.7,heavy,3103,1,1.872,
11360.0,heavy,3101,1,1.401,
11363.3,heavy,3102,0,2.819,ECONNREFUSED
11366.7,heavy,3103,1,1.454,
11370.0,heavy,3101,1,1.482,
11373.3,heavy,3102,0,4.217,ECONNREFUSED
11376.7,heavy,3103,1,2.133,
11380.0,heavy,3101,1,2.829,
11383.3,heavy,3102,0,4.375,ECONNREFUSED
11386.7,heavy,3103,1,1.932,
11390.0,heavy,3101,1,1.125,
11393.3,heavy,3102,0,7.421,ECONNREFUSED
11396.7,heavy,3103,1,3.144,
11400.0,light-3,3101,1,4.134,
11400.0,light-2,3103,1,4.447,
11400.0,light-5,3103,1,4.323,
11400.0,light-1,3102,0,6.898,ECONNREFUSED
11400.0,light-4,3102,0,6.713,ECONNREFUSED
11400.0,heavy,3101,1,3.306,
11403.3,heavy,3101,1,4.189,
11406.7,heavy,3102,0,3.161,ECONNREFUSED
11410.0,heavy,3103,1,1.128,
11413.3,heavy,3101,1,1.937,
11416.7,heavy,3102,0,2.369,ECONNREFUSED
11420.0,heavy,3103,1,2.684,
11423.3,heavy,3101,1,2.505,
11426.7,heavy,3102,0,4.394,ECONNREFUSED
11430.0,heavy,3103,1,3.269,
11433.3,heavy,3101,1,1.639,
11436.7,heavy,3102,0,2.654,ECONNREFUSED
11440.0,heavy,3103,1,3.083,
11443.3,heavy,3101,1,2.866,
11446.7,heavy,3102,0,4.226,ECONNREFUSED
11450.0,heavy,3103,1,2.010,
11453.3,heavy,3101,1,1.420,
11456.7,heavy,3102,0,4.055,ECONNREFUSED
11460.0,heavy,3103,1,1.765,
11463.3,heavy,3101,1,1.877,
11466.7,heavy,3102,0,3.296,ECONNREFUSED
11470.0,heavy,3103,1,1.781,
11473.3,heavy,3101,1,4.208,
11476.7,heavy,3102,0,4.151,ECONNREFUSED
11480.0,heavy,3103,1,1.680,
11483.3,heavy,3101,1,1.442,
11486.7,heavy,3102,0,5.162,ECONNREFUSED
11490.0,heavy,3103,1,3.314,
11493.3,heavy,3101,1,2.624,
11496.7,heavy,3102,0,4.339,ECONNREFUSED
11500.0,light-1,3101,1,3.390,
11500.0,light-3,3103,1,3.185,
11500.0,light-4,3101,1,3.224,
11500.0,light-2,3102,0,5.076,ECONNREFUSED
11500.0,light-5,3102,0,4.842,ECONNREFUSED
11500.0,heavy,3103,1,3.480,
11503.3,heavy,3103,1,1.436,
11506.7,heavy,3101,1,1.427,
11510.0,heavy,3102,0,2.305,ECONNREFUSED
11513.3,heavy,3103,1,1.841,
11516.7,heavy,3101,1,1.865,
11520.0,heavy,3102,0,3.131,ECONNREFUSED
11523.3,heavy,3103,1,2.682,
11526.7,heavy,3101,1,1.248,
11530.0,heavy,3102,0,3.541,ECONNREFUSED
11533.3,heavy,3103,1,1.873,
11536.7,heavy,3101,1,2.359,
11540.0,heavy,3102,0,3.234,ECONNREFUSED
11543.3,heavy,3103,1,1.590,
11546.7,heavy,3101,1,2.826,
11550.0,heavy,3102,0,3.716,ECONNREFUSED
11553.3,heavy,3103,1,2.265,
11556.7,heavy,3101,1,1.660,
11560.0,heavy,3102,0,4.007,ECONNREFUSED
11563.3,heavy,3103,1,1.961,
11566.7,heavy,3101,1,2.168,
11570.0,heavy,3102,0,3.923,ECONNREFUSED
11573.3,heavy,3103,1,1.723,
11576.7,heavy,3101,1,3.351,
11580.0,heavy,3102,0,3.333,ECONNREFUSED
11583.3,heavy,3103,1,1.781,
11586.7,heavy,3101,1,2.237,
11590.0,heavy,3102,0,7.974,ECONNREFUSED
11593.3,heavy,3103,1,3.657,
11596.7,heavy,3101,1,3.783,
11600.0,light-1,3103,1,4.386,
11600.0,light-2,3101,1,4.479,
11600.0,light-4,3103,1,4.381,
11600.0,light-5,3101,1,4.472,
11600.0,light-3,3102,0,7.185,ECONNREFUSED
11600.0,heavy,3102,0,7.537,ECONNREFUSED
11603.3,heavy,3102,0,7.407,ECONNREFUSED
11606.7,heavy,3103,1,3.456,
11610.0,heavy,3101,1,1.679,
11613.3,heavy,3102,0,3.156,ECONNREFUSED
11616.7,heavy,3103,1,1.687,
11620.0,heavy,3101,1,1.200,
11623.3,heavy,3102,0,3.747,ECONNREFUSED
11626.7,heavy,3103,1,2.096,
11630.0,heavy,3101,1,1.770,
11633.3,heavy,3102,0,3.117,ECONNREFUSED
11636.7,heavy,3103,1,1.209,
11640.0,heavy,3101,1,3.715,
11643.3,heavy,3102,0,4.551,ECONNREFUSED
11646.7,heavy,3103,1,3.371,
11650.0,heavy,3101,1,2.323,
11653.3,heavy,3102,0,4.153,ECONNREFUSED
11656.7,heavy,3103,1,1.673,
11660.0,heavy,3101,1,1.799,
11663.3,heavy,3102,0,4.495,ECONNREFUSED
11666.7,heavy,3103,1,1.805,
11670.0,heavy,3101,1,1.764,
11673.3,heavy,3102,0,3.782,ECONNREFUSED
11676.7,heavy,3103,1,1.466,
11680.0,heavy,3101,1,2.197,
11683.3,heavy,3102,0,4.538,ECONNREFUSED
11686.7,heavy,3103,1,2.177,
11690.0,heavy,3101,1,2.959,
11693.3,heavy,3102,0,4.155,ECONNREFUSED
11696.7,heavy,3103,1,2.574,
11700.0,light-3,3101,1,2.756,
11700.0,light-2,3103,1,3.163,
11700.0,light-5,3103,1,3.764,
11700.0,light-1,3102,0,4.868,ECONNREFUSED
11700.0,light-4,3102,0,4.680,ECONNREFUSED
11700.0,heavy,3101,1,2.276,
11703.3,heavy,3101,1,1.337,
11706.7,heavy,3102,0,2.878,ECONNREFUSED
11710.0,heavy,3103,1,1.625,
11713.3,heavy,3101,1,1.848,
11716.7,heavy,3102,0,2.924,ECONNREFUSED
11720.0,heavy,3103,1,1.639,
11723.3,heavy,3101,1,1.707,
11726.7,heavy,3102,0,2.823,ECONNREFUSED
11730.0,heavy,3103,1,2.388,
11733.3,heavy,3101,1,2.222,
11736.7,heavy,3102,0,3.540,ECONNREFUSED
11740.0,heavy,3103,1,2.669,
11743.3,heavy,3101,1,1.893,
11746.7,heavy,3102,0,4.598,ECONNREFUSED
11750.0,heavy,3103,1,3.253,
11753.3,heavy,3101,1,2.989,
11756.7,heavy,3102,0,4.842,ECONNREFUSED
11760.0,heavy,3103,1,2.087,
11763.3,heavy,3101,1,1.069,
11766.7,heavy,3102,0,2.726,ECONNREFUSED
11770.0,heavy,3103,1,1.489,
11773.3,heavy,3101,1,2.020,
11776.7,heavy,3102,0,5.433,ECONNREFUSED
11780.0,heavy,3103,1,2.329,
11783.3,heavy,3101,1,2.364,
11786.7,heavy,3102,0,4.562,ECONNREFUSED
11790.0,heavy,3103,1,2.400,
11793.3,heavy,3101,1,1.698,
11796.7,heavy,3102,0,7.297,ECONNREFUSED
11800.0,light-2,3103,1,3.648,
11800.0,light-5,3103,1,4.068,
11800.0,light-3,3101,1,5.097,
11800.0,light-1,3102,0,6.628,ECONNREFUSED
11800.0,light-4,3102,0,6.431,ECONNREFUSED
11800.0,heavy,3103,1,3.316,
11803.3,heavy,3101,1,3.729,
11806.7,heavy,3101,1,3.042,
11810.0,heavy,3102,0,3.277,ECONNREFUSED
11813.3,heavy,3103,1,1.153,
11816.7,heavy,3101,1,1.335,
11820.0,heavy,3102,0,2.345,ECONNREFUSED
11823.3,heavy,3103,1,2.293,
11826.7,heavy,3101,1,1.840,
11830.0,heavy,3102,0,3.446,ECONNREFUSED
11833.3,heavy,3103,1,2.202,
11836.7,heavy,3101,1,2.619,
11840.0,heavy,3102,0,3.915,ECONNREFUSED
11843.3,heavy,3103,1,2.967,
11846.7,heavy,3101,1,1.307,
11850.0,heavy,3102,0,2.960,ECONNREFUSED
11853.3,heavy,3103,1,1.229,
11856.7,heavy,3101,1,2.963,
11860.0,heavy,3102,0,4.033,ECONNREFUSED
11863.3,heavy,3103,1,1.242,
11866.7,heavy,3101,1,2.099,
11870.0,heavy,3102,0,2.836,ECONNREFUSED
11873.3,heavy,3103,1,2.607,
11876.7,heavy,3101,1,2.558,
11880.0,heavy,3102,0,4.410,ECONNREFUSED
11883.3,heavy,3103,1,1.608,
11886.7,heavy,3101,1,2.037,
11890.0,heavy,3102,0,2.781,ECONNREFUSED
11893.3,heavy,3103,1,1.703,
11896.7,heavy,3101,1,1.159,
11900.0,light-5,3101,1,4.110,
11900.0,light-4,3103,1,4.515,
11900.0,light-2,3101,1,5.370,
11900.0,light-1,3103,1,5.518,
11900.0,light-3,3102,0,5.763,ECONNREFUSED
11900.0,heavy,3102,0,6.188,ECONNREFUSED
11903.3,heavy,3103,1,3.325,
11906.7,heavy,3101,1,3.465,
11910.0,heavy,3102,0,5.866,ECONNREFUSED
11913.3,heavy,3102,0,4.398,ECONNREFUSED
11916.7,heavy,3103,1,1.905,
11920.0,heavy,3101,1,1.053,
11923.3,heavy,3102,0,3.254,ECONNREFUSED
11926.7,heavy,3103,1,1.466,
11930.0,heavy,3101,1,1.518,
11933.3,heavy,3102,0,4.999,ECONNREFUSED
11936.7,heavy,3103,1,2.316,
11940.0,heavy,3101,1,1.999,
11943.3,heavy,3102,0,4.289,ECONNREFUSED
11946.7,heavy,3103,1,1.894,
11950.0,heavy,3101,1,2.264,
11953.3,heavy,3102,0,3.589,ECONNREFUSED
11956.7,heavy,3103,1,1.979,
11960.0,heavy,3101,1,1.968,
11963.3,heavy,3102,0,3.728,ECONNREFUSED
11966.7,heavy,3103,1,1.796,
11970.0,heavy,3101,1,2.979,
11973.3,heavy,3102,0,3.879,ECONNREFUSED
11976.7,heavy,3103,1,0.960,
11980.0,heavy,3101,1,2.115,
11983.3,heavy,3102,0,2.631,ECONNREFUSED
11986.7,heavy,3103,1,1.688,
11990.0,heavy,3101,1,1.097,
11993.3,heavy,3102,0,8.821,ECONNREFUSED
11996.7,heavy,3103,1,4.463,
12000.0,light-2,3101,1,5.004,
12000.0,light-1,3103,1,5.257,
12000.0,light-4,3103,1,4.844,
12000.0,light-5,3101,1,4.892,
12000.0,light-3,3102,0,8.060,ECONNREFUSED
12000.0,heavy,3101,1,4.567,
12003.3,heavy,3102,0,8.348,ECONNREFUSED
12006.7,heavy,3102,0,6.827,ECONNREFUSED
12010.0,heavy,3103,1,3.304,
12013.3,heavy,3101,1,1.394,
12016.7,heavy,3102,0,2.825,ECONNREFUSED
12020.0,heavy,3103,1,1.431,
12023.3,heavy,3101,1,2.641,
12026.7,heavy,3102,0,4.034,ECONNREFUSED
12030.0,heavy,3103,1,2.222,
12033.3,heavy,3101,1,2.846,
12036.7,heavy,3102,0,4.303,ECONNREFUSED
12040.0,heavy,3103,1,1.579,
12043.3,heavy,3101,1,2.032,
12046.7,heavy,3102,0,3.159,ECONNREFUSED
12050.0,heavy,3103,1,1.712,
12053.3,heavy,3101,1,1.237,
12056.7,heavy,3102,0,3.477,ECONNREFUSED
12060.0,heavy,3103,1,1.666,
12063.3,heavy,3101,1,1.775,
12066.7,heavy,3102,0,2.831,ECONNREFUSED
12070.0,heavy,3103,1,1.222,
12073.3,heavy,3101,1,3.007,
12076.7,heavy,3102,0,3.094,ECONNREFUSED
12080.0,heavy,3103,1,1.748,
12083.3,heavy,3101,1,1.063,
12086.7,heavy,3102,0,3.991,ECONNREFUSED
12090.0,heavy,3103,1,2.467,
12093.3,heavy,3101,1,2.513,
12096.7,heavy,3102,0,5.900,ECONNREFUSED
12100.0,light-1,3101,1,3.322,
12100.0,light-3,3103,1,3.901,
12100.0,light-4,3101,1,3.971,
12100.0,light-2,3102,0,6.008,ECONNREFUSED
12100.0,light-5,3102,0,5.854,ECONNREFUSED
12100.0,heavy,3103,1,2.953,
12103.3,heavy,3103,1,2.317,
12106.7,heavy,3101,1,1.461,
12110.0,heavy,3102,0,3.465,ECONNREFUSED
12113.3,heavy,3103,1,2.025,
12116.7,heavy,3101,1,2.534,
12120.0,heavy,3102,0,4.378,ECONNREFUSED
12123.3,heavy,3103,1,2.061,
12126.7,heavy,3101,1,3.659,
12130.0,heavy,3102,0,2.697,ECONNREFUSED
12133.3,heavy,3103,1,1.728,
12136.7,heavy,3101,1,2.196,
12140.0,heavy,3102,0,3.106,ECONNREFUSED
12143.3,heavy,3103,1,2.500,
12146.7,heavy,3101,1,1.111,
12150.0,heavy,3102,0,4.030,ECONNREFUSED
12153.3,heavy,3103,1,2.037,
12156.7,heavy,3101,1,2.076,
12160.0,heavy,3102,0,3.990,ECONNREFUSED
12163.3,heavy,3103,1,1.307,
12166.7,heavy,3101,1,2.327,
12170.0,heavy,3102,0,3.697,ECONNREFUSED
12173.3,heavy,3103,1,2.209,
12176.7,heavy,3101,1,1.943,
12180.0,heavy,3102,0,4.630,ECONNREFUSED
12183.3,heavy,3103,1,2.136,
12186.7,heavy,3101,1,2.239,
12190.0,heavy,3102,0,4.697,ECONNREFUSED
12193.3,heavy,3103,1,2.457,
12196.7,heavy,3101,1,1.015,
12200.0,light-2,3103,1,3.252,
12200.0,light-5,3103,1,4.818,
12200.0,light-3,3101,1,5.112,
12200.0,light-1,3102,0,5.554,ECONNREFUSED
12200.0,light-4,3102,0,5.420,ECONNREFUSED
12200.0,heavy,3102,0,5.336,ECONNREFUSED
12203.3,heavy,3103,1,2.481,
12206.7,heavy,3101,1,2.621,
12210.0,heavy,3101,1,2.395,
12213.3,heavy,3102,0,2.663,ECONNREFUSED
12216.7,heavy,3103,1,2.071,
12220.0,heavy,3101,1,1.051,
12223.3,heavy,3102,0,1.932,ECONNREFUSED
12226.7,heavy,3103,1,2.329,
12230.0,heavy,3101,1,1.908,
12233.3,heavy,3102,0,3.304,ECONNREFUSED
12236.7,heavy,3103,1,2.636,
12240.0,heavy,3101,1,1.707,
12243.3,heavy,3102,0,5.024,ECONNREFUSED
12246.7,heavy,3103,1,2.251,
12250.0,heavy,3101,1,2.382,
12253.3,heavy,3102,0,5.340,ECONNREFUSED
12256.7,heavy,3103,1,1.981,
12260.0,heavy,3101,1,1.491,
12263.3,heavy,3102,0,3.263,ECONNREFUSED
12266.7,heavy,3103,1,1.812,
12270.0,heavy,3101,1,2.419,
12273.3,heavy,3102,0,5.324,ECONNREFUSED
12276.7,heavy,3103,1,2.689,
12280.0,heavy,3101,1,3.510,
12283.3,heavy,3102,0,5.098,ECONNREFUSED
12286.7,heavy,3103,0,2.818,
12290.0,heavy,3101,1,2.242,
12293.3,heavy,3102,0,2.330,ECONNREFUSED
12296.7,heavy,3103,1,2.187,
12300.0,light-2,3103,1,2.385,
12300.0,light-5,3103,1,2.581,
12300.0,light-3,3101,1,3.659,
12300.0,light-1,3102,0,4.322,ECONNREFUSED
12300.0,light-4,3102,0,4.421,ECONNREFUSED
12300.0,heavy,3101,1,3.258,
12303.3,heavy,3101,1,4.428,
12306.7,heavy,3102,0,2.835,ECONNREFUSED
12310.0,heavy,3103,0,1.212,
12313.3,heavy,3101,1,4.470,
12316.7,heavy,3102,0,3.177,ECONNREFUSED
12320.0,heavy,3103,0,2.479,
12323.3,heavy,3101,1,3.978,
12326.7,heavy,3102,0,3.218,ECONNREFUSED
12330.0,heavy,3103,0,1.488,
12333.3,heavy,3101,1,6.053,
12336.7,heavy,3102,0,5.223,ECONNREFUSED
12340.0,heavy,3103,1,2.837,
12343.3,heavy,3101,0,6.305,
12346.7,heavy,3102,0,4.790,ECONNREFUSED
12350.0,heavy,3103,0,2.332,
12353.3,heavy,3101,1,3.707,
12356.7,heavy,3102,0,5.298,ECONNREFUSED
12360.0,heavy,3103,0,1.478,
12363.3,heavy,3101,0,5.597,
12366.7,heavy,3102,0,5.988,ECONNREFUSED
12370.0,heavy,3103,1,2.133,
12373.3,heavy,3101,0,5.251,
12376.7,heavy,3102,0,3.956,ECONNREFUSED
12380.0,heavy,3103,1,1.881,
12383.3,heavy,3101,1,4.505,
12386.7,heavy,3102,0,2.947,ECONNREFUSED
12390.0,heavy,3103,0,1.200,
12393.3,heavy,3101,1,4.302,
12396.7,heavy,3102,0,5.603,ECONNREFUSED
12400.0,light-1,3101,1,3.457,
12400.0,light-3,3103,1,3.569,
12400.0,light-4,3101,1,5.386,
12400.0,light-5,3102,0,5.891,ECONNREFUSED
12400.0,light-2,3102,0,6.631,ECONNREFUSED
12400.0,heavy,3103,0,3.487,
12403.3,heavy,3103,1,2.468,
12406.7,heavy,3101,0,3.304,
12410.0,heavy,3102,0,2.234,ECONNREFUSED
12413.3,heavy,3103,1,2.123,
12416.7,heavy,3101,0,3.620,
12420.0,heavy,3102,0,3.022,ECONNREFUSED
12423.3,heavy,3103,1,2.427,
12426.7,heavy,3101,0,3.018,
12430.0,heavy,3102,0,2.405,ECONNREFUSED
12433.3,heavy,3103,1,1.987,
12436.7,heavy,3101,0,3.592,
12440.0,heavy,3102,0,2.740,ECONNREFUSED
12443.3,heavy,3103,1,1.161,
12446.7,heavy,3101,0,4.234,
12450.0,heavy,3102,0,3.494,ECONNREFUSED
12453.3,heavy,3103,1,2.285,
12456.7,heavy,3101,0,2.161,
12460.0,heavy,3102,0,4.857,ECONNREFUSED
12463.3,heavy,3103,1,2.267,
12466.7,heavy,3101,0,4.570,
12470.0,heavy,3102,0,4.860,ECONNREFUSED
12473.3,heavy,3103,1,2.000,
12476.7,heavy,3101,0,3.716,
12480.0,heavy,3102,0,3.096,ECONNREFUSED
12483.3,heavy,3103,1,1.843,
12486.7,heavy,3101,0,1.962,
12490.0,heavy,3102,0,5.489,ECONNREFUSED
12493.3,heavy,3103,1,2.265,
12496.7,heavy,3101,0,5.186,
12500.0,light-1,3103,1,2.738,
12500.0,light-4,3103,1,2.687,
12500.0,light-2,3101,1,3.848,
12500.0,light-5,3101,1,4.180,
12500.0,light-3,3102,0,5.331,ECONNREFUSED
12500.0,heavy,3102,0,5.378,ECONNREFUSED
12503.3,heavy,3102,0,4.125,ECONNREFUSED
12506.7,heavy,3103,1,1.186,
12510.0,heavy,3101,0,2.965,
12513.3,heavy,3102,0,2.895,ECONNREFUSED
12516.7,heavy,3103,1,1.590,
12520.0,heavy,3101,0,3.200,
12523.3,heavy,3102,0,3.598,ECONNREFUSED
12526.7,heavy,3103,1,1.801,
12530.0,heavy,3101,1,4.385,
12533.3,heavy,3102,0,3.631,ECONNREFUSED
12536.7,heavy,3103,0,1.434,
12540.0,heavy,3101,0,4.098,
12543.3,heavy,3102,0,3.343,ECONNREFUSED
12546.7,heavy,3103,1,1.476,
12550.0,heavy,3101,0,3.749,
12553.3,heavy,3102,0,1.870,ECONNREFUSED
12556.7,heavy,3103,1,2.597,
12560.0,heavy,3101,1,4.707,
12563.3,heavy,3102,0,3.456,ECONNREFUSED
12566.7,heavy,3103,0,1.258,
12570.0,heavy,3101,0,3.476,
12573.3,heavy,3102,0,2.733,ECONNREFUSED
12576.7,heavy,3103,1,1.467,
12580.0,heavy,3101,0,2.639,
12583.3,heavy,3102,0,5.032,ECONNREFUSED
12586.7,heavy,3103,1,2.527,
12590.0,heavy,3101,0,6.565,
12593.3,heavy,3102,0,7.004,ECONNREFUSED
12596.7,heavy,3103,1,2.028,
12600.0,light-2,3103,1,3.860,
12600.0,light-5,3103,1,3.732,
12600.0,light-3,3101,1,4.963,
12600.0,light-1,3102,0,7.521,ECONNREFUSED
12600.0,light-4,3102,0,7.214,ECONNREFUSED
12600.0,heavy,3101,0,7.323,
12603.3,heavy,3101,1,5.406,
12606.7,heavy,3102,0,4.236,ECONNREFUSED
12610.0,heavy,3103,0,1.391,
12613.3,heavy,3101,1,5.348,
12616.7,heavy,3102,0,3.690,ECONNREFUSED
12620.0,heavy,3103,1,2.029,
12623.3,heavy,3101,0,4.828,
12626.7,heavy,3102,0,3.898,ECONNREFUSED
12630.0,heavy,3103,0,1.931,
12633.3,heavy,3101,1,4.913,
12636.7,heavy,3102,0,2.863,ECONNREFUSED
12640.0,heavy,3103,1,1.453,
12643.3,heavy,3101,0,4.755,
12646.7,heavy,3102,0,3.143,ECONNREFUSED
12650.0,heavy,3103,0,1.309,
12653.3,heavy,3101,1,4.250,
12656.7,heavy,3102,0,2.423,ECONNREFUSED
12660.0,heavy,3103,0,1.140,
12663.3,heavy,3101,1,3.957,
12666.7,heavy,3102,0,2.741,ECONNREFUSED
12670.0,heavy,3103,1,1.790,
12673.3,heavy,3101,0,2.451,
12676.7,heavy,3102,0,2.374,ECONNREFUSED
12680.0,heavy,3103,1,2.766,
12683.3,heavy,3101,0,3.916,
12686.7,heavy,3102,0,4.189,ECONNREFUSED
12690.0,heavy,3103,0,1.164,
12693.3,heavy,3101,1,7.002,
12696.7,heavy,3102,0,6.410,ECONNREFUSED
12700.0,light-2,3103,1,3.375,
12700.0,light-5,3103,1,3.923,
12700.0,light-3,3101,1,5.298,
12700.0,light-1,3102,0,6.856,ECONNREFUSED
12700.0,light-4,3102,0,6.779,ECONNREFUSED
12700.0,heavy,3103,1,2.827,
12703.3,heavy,3101,0,6.587,
12706.7,heavy,3101,0,3.390,
12710.0,heavy,3102,0,2.260,ECONNREFUSED
12713.3,heavy,3103,1,1.508,
12716.7,heavy,3101,0,3.798,
12720.0,heavy,3102,0,2.292,ECONNREFUSED
12723.3,heavy,3103,1,2.584,
12726.7,heavy,3101,0,4.140,
12730.0,heavy,3102,0,3.455,ECONNREFUSED
12733.3,heavy,3103,1,2.180,
12736.7,heavy,3101,0,2.769,
12740.0,heavy,3102,0,2.386,ECONNREFUSED
12743.3,heavy,3103,1,2.014,
12746.7,heavy,3101,0,3.363,
12750.0,heavy,3102,0,2.588,ECONNREFUSED
12753.3,heavy,3103,1,0.877,
12756.7,heavy,3101,0,3.138,
12760.0,heavy,3102,0,2.433,ECONNREFUSED
12763.3,heavy,3103,1,1.334,
12766.7,heavy,3101,0,2.389,
12770.0,heavy,3102,0,3.937,ECONNREFUSED
12773.3,heavy,3103,1,1.704,
12776.7,heavy,3101,0,3.646,
12780.0,heavy,3102,0,3.984,ECONNREFUSED
12783.3,heavy,3103,1,1.691,
12786.7,heavy,3101,0,4.573,
12790.0,heavy,3102,0,4.019,ECONNREFUSED
12793.3,heavy,3103,1,1.550,
12796.7,heavy,3101,0,4.058,
12800.0,light-2,3101,1,3.402,
12800.0,light-1,3103,1,3.645,
12800.0,light-5,3101,1,3.433,
12800.0,light-4,3103,1,3.624,
12800.0,light-3,3102,0,5.757,ECONNREFUSED
12800.0,heavy,3102,0,6.004,ECONNREFUSED
12803.3,heavy,3102,0,5.033,ECONNREFUSED
12806.7,heavy,3103,1,1.284,
12810.0,heavy,3101,1,4.223,
12813.3,heavy,3102,0,2.116,ECONNREFUSED
12816.7,heavy,3103,0,1.182,
12820.0,heavy,3101,0,4.384,
12823.3,heavy,3102,0,3.044,ECONNREFUSED
12826.7,heavy,3103,1,1.939,
12830.0,heavy,3101,0,2.705,
12833.3,heavy,3102,0,6.210,ECONNREFUSED
12836.7,heavy,3103,1,3.953,
12840.0,heavy,3101,1,6.073,
12843.3,heavy,3102,0,2.926,ECONNREFUSED
12846.7,heavy,3103,0,2.325,
12850.0,heavy,3101,0,2.492,
12853.3,heavy,3102,0,2.990,ECONNREFUSED
12856.7,heavy,3103,1,1.655,
12860.0,heavy,3101,0,3.210,
12863.3,heavy,3102,0,1.947,ECONNREFUSED
12866.7,heavy,3103,1,2.200,
12870.0,heavy,3101,0,3.810,
12873.3,heavy,3102,0,3.241,ECONNREFUSED
12876.7,heavy,3103,1,1.528,
12880.0,heavy,3101,0,4.173,
12883.3,heavy,3102,0,3.312,ECONNREFUSED
12886.7,heavy,3103,1,1.542,
12890.0,heavy,3101,0,4.182,
12893.3,heavy,3102,0,2.898,ECONNREFUSED
12896.7,heavy,3103,1,1.506,
12900.0,light-1,3103,1,2.361,
12900.0,light-4,3103,1,3.436,
12900.0,light-2,3101,1,4.368,
12900.0,light-5,3101,1,4.307,
12900.0,light-3,3102,0,5.921,ECONNREFUSED
12900.0,heavy,3101,1,6.868,
12903.3,heavy,3102,0,7.816,ECONNREFUSED
12906.7,heavy,3102,0,7.127,ECONNREFUSED
12910.0,heavy,3103,0,3.441,
12913.3,heavy,3101,1,4.030,
12916.7,heavy,3102,0,2.400,ECONNREFUSED
12920.0,heavy,3103,0,1.305,
12923.3,heavy,3101,1,5.826,
12926.7,heavy,3102,0,4.495,ECONNREFUSED
12930.0,heavy,3103,1,2.191,
12933.3,heavy,3101,0,5.517,
12936.7,heavy,3102,0,4.280,ECONNREFUSED
12940.0,heavy,3103,0,1.962,
12943.3,heavy,3101,1,5.092,
12946.7,heavy,3102,0,3.959,ECONNREFUSED
12950.0,heavy,3103,1,2.224,
12953.3,heavy,3101,0,3.352,
12956.7,heavy,3102,0,2.324,ECONNREFUSED
12960.0,heavy,3103,1,2.210,
12963.3,heavy,3101,0,4.035,
12966.7,heavy,3102,0,3.396,ECONNREFUSED
12970.0,heavy,3103,0,1.603,
12973.3,heavy,3101,1,5.000,
12976.7,heavy,3102,0,2.949,ECONNREFUSED
12980.0,heavy,3103,1,1.662,
12983.3,heavy,3101,0,4.605,
12986.7,heavy,3102,0,3.200,ECONNREFUSED
12990.0,heavy,3103,0,1.369,
12993.3,heavy,3101,1,6.212,
12996.7,heavy,3102,0,5.444,ECONNREFUSED
13000.0,light-3,3103,1,3.598,
13000.0,light-1,3101,1,5.808,
13000.0,light-4,3101,1,6.362,
13000.0,light-2,3102,0,7.235,ECONNREFUSED
13000.0,light-5,3102,0,7.061,ECONNREFUSED
13000.0,heavy,3103,0,3.497,
13003.3,heavy,3103,1,4.316,
13006.7,heavy,3101,0,3.263,
13010.0,heavy,3102,0,2.183,ECONNREFUSED
13013.3,heavy,3103,1,1.523,
13016.7,heavy,3101,0,4.760,
13020.0,heavy,3102,0,4.961,ECONNREFUSED
13023.3,heavy,3103,1,1.743,
13026.7,heavy,3101,0,4.260,
13030.0,heavy,3102,0,4.841,ECONNREFUSED
13033.3,heavy,3103,0,2.198,
13036.7,heavy,3101,1,4.737,
13040.0,heavy,3102,0,3.582,ECONNREFUSED
13043.3,heavy,3103,1,2.399,
13046.7,heavy,3101,0,3.188,
13050.0,heavy,3102,0,2.464,ECONNREFUSED
13053.3,heavy,3103,1,2.039,
13056.7,heavy,3101,0,3.467,
13060.0,heavy,3102,0,3.208,ECONNREFUSED
13063.3,heavy,3103,1,1.337,
13066.7,heavy,3101,0,3.612,
13070.0,heavy,3102,0,2.680,ECONNREFUSED
13073.3,heavy,3103,1,1.457,
13076.7,heavy,3101,0,2.828,
13080.0,heavy,3102,0,2.431,ECONNREFUSED
13083.3,heavy,3103,1,2.344,
13086.7,heavy,3101,1,4.504,
13090.0,heavy,3102,0,3.197,ECONNREFUSED
13093.3,heavy,3103,0,1.466,
13096.7,heavy,3101,0,7.283,
13100.0,light-2,3103,1,4.071,
13100.0,light-5,3103,1,3.971,
13100.0,light-3,3101,1,5.933,
13100.0,light-1,3102,0,7.041,ECONNREFUSED
13100.0,light-4,3102,0,7.085,ECONNREFUSED
13100.0,heavy,3102,0,6.888,ECONNREFUSED
13103.3,heavy,3103,1,3.611,
13106.7,heavy,3101,0,6.854,
13110.0,heavy,3101,0,4.394,
13113.3,heavy,3102,0,3.773,ECONNREFUSED
13116.7,heavy,3103,1,1.225,
13120.0,heavy,3101,1,4.472,
13123.3,heavy,3102,0,2.499,ECONNREFUSED
13126.7,heavy,3103,0,1.051,
13130.0,heavy,3101,0,4.056,
13133.3,heavy,3102,0,3.046,ECONNREFUSED
13136.7,heavy,3103,1,1.641,
13140.0,heavy,3101,0,3.697,
13143.3,heavy,3102,0,2.234,ECONNREFUSED
13146.7,heavy,3103,1,2.647,
13150.0,heavy,3101,1,4.362,
13153.3,heavy,3102,0,3.657,ECONNREFUSED
13156.7,heavy,3103,0,1.619,
13160.0,heavy,3101,0,3.742,
13163.3,heavy,3102,0,2.641,ECONNREFUSED
13166.7,heavy,3103,1,1.480,
13170.0,heavy,3101,0,3.377,
13173.3,heavy,3102,0,2.104,ECONNREFUSED
13176.7,heavy,3103,1,2.733,
13180.0,heavy,3101,1,5.008,
13183.3,heavy,3102,0,4.372,ECONNREFUSED
13186.7,heavy,3103,0,2.188,
13190.0,heavy,3101,0,2.439,
13193.3,heavy,3102,0,7.670,ECONNREFUSED
13196.7,heavy,3103,1,3.618,
13200.0,light-2,3103,1,4.521,
13200.0,light-5,3103,1,4.271,
13200.0,light-3,3101,1,5.890,
13200.0,light-1,3102,0,7.649,ECONNREFUSED
13200.0,light-4,3102,0,7.520,ECONNREFUSED
13200.0,heavy,3101,1,7.448,
13203.3,heavy,3101,0,6.222,
13206.7,heavy,3102,0,4.611,ECONNREFUSED
13210.0,heavy,3103,0,1.511,
13213.3,heavy,3101,1,5.476,
13216.7,heavy,3102,0,2.235,ECONNREFUSED
13220.0,heavy,3103,0,1.117,
13223.3,heavy,3101,1,4.142,
13226.7,heavy,3102,0,3.206,ECONNREFUSED
13230.0,heavy,3103,1,1.783,
13233.3,heavy,3101,0,2.670,
13236.7,heavy,3102,0,4.366,ECONNREFUSED
13240.0,heavy,3103,1,1.992,
13243.3,heavy,3101,0,4.364,
13246.7,heavy,3102,0,4.762,ECONNREFUSED
13250.0,heavy,3103,0,1.990,
13253.3,heavy,3101,1,4.726,
13256.7,heavy,3102,0,3.149,ECONNREFUSED
13260.0,heavy,3103,1,1.771,
13263.3,heavy,3101,0,4.401,
13266.7,heavy,3102,0,2.808,ECONNREFUSED
13270.0,heavy,3103,0,1.469,
13273.3,heavy,3101,1,4.019,
13276.7,heavy,3102,0,2.529,ECONNREFUSED
13280.0,heavy,3103,0,1.818,
13283.3,heavy,3101,1,5.021,
13286.7,heavy,3102,0,2.520,ECONNREFUSED
13290.0,heavy,3103,1,1.383,
13293.3,heavy,3101,0,4.502,
13296.7,heavy,3102,0,4.390,ECONNREFUSED
13300.0,light-1,3101,1,3.252,
13300.0,light-3,3103,1,3.076,
13300.0,light-4,3101,1,3.123,
13300.0,light-2,3102,0,5.499,ECONNREFUSED
13300.0,light-5,3102,0,5.491,ECONNREFUSED
13300.0,heavy,3103,0,3.284,
13303.3,heavy,3103,1,1.671,
13306.7,heavy,3101,0,3.003,
13310.0,heavy,3102,0,4.434,ECONNREFUSED
13313.3,heavy,3103,1,2.221,
13316.7,heavy,3101,0,4.557,
13320.0,heavy,3102,0,3.900,ECONNREFUSED
13323.3,heavy,3103,1,2.604,
13326.7,heavy,3101,0,3.266,
13330.0,heavy,3102,0,1.844,ECONNREFUSED
13333.3,heavy,3103,1,2.212,
13336.7,heavy,3101,0,4.003,
13340.0,heavy,3102,0,2.665,ECONNREFUSED
13343.3,heavy,3103,1,1.092,
13346.7,heavy,3101,0,4.093,
13350.0,heavy,3102,0,3.364,ECONNREFUSED
13353.3,heavy,3103,1,2.008,
13356.7,heavy,3101,0,3.639,
13360.0,heavy,3102,0,2.484,ECONNREFUSED
13363.3,heavy,3103,1,2.792,
13366.7,heavy,3101,0,4.425,
13370.0,heavy,3102,0,3.560,ECONNREFUSED
13373.3,heavy,3103,1,2.280,
13376.7,heavy,3101,0,5.294,
13380.0,heavy,3102,0,4.642,ECONNREFUSED
13383.3,heavy,3103,1,2.676,
13386.7,heavy,3101,0,3.285,
13390.0,heavy,3102,0,5.930,ECONNREFUSED
13393.3,heavy,3103,1,2.036,
13396.7,heavy,3101,1,24.568,
13400.0,light-1,3101,1,2.957,
13400.0,light-2,3102,0,6.984,ECONNREFUSED
13400.0,light-3,3103,1,6.926,
13400.0,light-5,3102,0,6.924,ECONNREFUSED
13400.0,light-4,3101,1,7.780,
13400.0,heavy,3102,0,6.747,ECONNREFUSED
13403.3,heavy,3103,0,6.560,
13406.7,heavy,3101,1,7.170,
13410.0,heavy,3102,0,6.880,ECONNREFUSED
13413.3,heavy,3103,0,7.041,
13416.7,heavy,3103,0,5.100,
13420.0,heavy,3101,0,3.018,
13423.3,heavy,3102,0,3.733,ECONNREFUSED
13426.7,heavy,3103,1,2.372,
13430.0,heavy,3101,0,3.149,
13433.3,heavy,3102,0,1.991,ECONNREFUSED
13436.7,heavy,3103,1,1.925,
13440.0,heavy,3101,1,4.680,
13443.3,heavy,3102,0,3.856,ECONNREFUSED
13446.7,heavy,3103,0,2.054,
13450.0,heavy,3101,1,6.088,
13453.3,heavy,3102,0,4.685,ECONNREFUSED
13456.7,heavy,3103,1,1.749,
13460.0,heavy,3101,0,5.625,
13463.3,heavy,3102,0,3.484,ECONNREFUSED
13466.7,heavy,3103,0,1.530,
13470.0,heavy,3101,0,4.448,
13473.3,heavy,3102,0,3.608,ECONNREFUSED
13476.7,heavy,3103,1,1.862,
13480.0,heavy,3101,0,4.284,
13483.3,heavy,3102,0,3.475,ECONNREFUSED
13486.7,heavy,3103,1,1.622,
13490.0,heavy,3101,1,5.827,
13493.3,heavy,3102,0,6.109,ECONNREFUSED
13496.7,heavy,3103,0,2.933,
13500.0,light-2,3103,1,3.372,
13500.0,light-1,3102,0,7.553,ECONNREFUSED
13500.0,light-4,3102,0,7.437,ECONNREFUSED
13500.0,light-5,3103,1,7.569,
13500.0,light-3,3101,1,10.180,
13500.0,heavy,3101,1,8.563,
13503.3,heavy,3101,0,5.493,
13506.7,heavy,3102,0,6.460,ECONNREFUSED
13510.0,heavy,3103,0,1.747,
13513.3,heavy,3101,1,5.082,
13516.7,heavy,3102,0,3.470,ECONNREFUSED
13520.0,heavy,3103,0,1.828,
13523.3,heavy,3101,1,4.743,
13526.7,heavy,3102,0,3.233,ECONNREFUSED
13530.0,heavy,3103,0,1.247,
13533.3,heavy,3101,1,5.118,
13536.7,heavy,3102,0,3.099,ECONNREFUSED
13540.0,heavy,3103,0,2.179,
13543.3,heavy,3101,1,2.668,
13546.7,heavy,3102,0,2.490,ECONNREFUSED
13550.0,heavy,3103,0,1.967,
13553.3,heavy,3101,1,4.007,
13556.7,heavy,3102,0,3.641,ECONNREFUSED
13560.0,heavy,3103,0,1.649,
13563.3,heavy,3101,0,4.332,
13566.7,heavy,3102,0,3.722,ECONNREFUSED
13570.0,heavy,3103,1,1.493,
13573.3,heavy,3101,1,4.406,
13576.7,heavy,3102,0,3.057,ECONNREFUSED
13580.0,heavy,3103,0,1.416,
13583.3,heavy,3101,1,4.898,
13586.7,heavy,3102,0,2.806,ECONNREFUSED
13590.0,heavy,3103,0,1.503,
13593.3,heavy,3101,0,5.870,
13596.7,heavy,3102,0,5.864,ECONNREFUSED
13600.0,light-3,3103,1,3.194,
13600.0,light-1,3101,1,4.725,
13600.0,light-4,3101,1,4.649,
13600.0,light-2,3102,0,5.602,ECONNREFUSED
13600.0,light-5,3102,0,5.542,ECONNREFUSED
13600.0,heavy,3103,1,2.667,
13603.3,heavy,3103,0,3.105,
13606.7,heavy,3101,1,4.079,
13610.0,heavy,3102,0,3.099,ECONNREFUSED
13613.3,heavy,3103,0,1.332,
13616.7,heavy,3101,1,4.025,
13620.0,heavy,3102,0,3.398,ECONNREFUSED
13623.3,heavy,3103,0,1.463,
13626.7,heavy,3101,1,4.264,
13630.0,heavy,3102,0,3.009,ECONNREFUSED
13633.3,heavy,3103,1,1.390,
13636.7,heavy,3101,0,4.185,
13640.0,heavy,3102,0,2.998,ECONNREFUSED
13643.3,heavy,3103,1,1.494,
13646.7,heavy,3101,0,3.638,
13650.0,heavy,3102,0,2.160,ECONNREFUSED
13653.3,heavy,3103,1,2.135,
13656.7,heavy,3101,0,3.987,
13660.0,heavy,3102,0,3.081,ECONNREFUSED
13663.3,heavy,3103,1,2.382,
13666.7,heavy,3101,0,3.254,
13670.0,heavy,3102,0,2.618,ECONNREFUSED
13673.3,heavy,3103,1,1.437,
13676.7,heavy,3101,0,3.404,
13680.0,heavy,3102,0,2.504,ECONNREFUSED
13683.3,heavy,3103,1,2.042,
13686.7,heavy,3101,0,3.506,
13690.0,heavy,3102,0,3.219,ECONNREFUSED
13693.3,heavy,3103,1,2.541,
13696.7,heavy,3101,0,2.308,
13700.0,light-4,3103,1,4.181,
13700.0,light-5,3101,1,4.920,
13700.0,light-3,3102,0,5.874,ECONNREFUSED
13700.0,light-1,3103,1,6.918,
13700.0,light-2,3101,1,8.036,
13700.0,heavy,3102,0,6.368,ECONNREFUSED
13703.3,heavy,3103,1,2.991,
13706.7,heavy,3101,1,8.109,
13710.0,heavy,3102,0,5.933,ECONNREFUSED
13713.3,heavy,3102,0,7.110,ECONNREFUSED
13716.7,heavy,3103,0,2.334,
13720.0,heavy,3101,0,3.284,
13723.3,heavy,3102,0,2.272,ECONNREFUSED
13726.7,heavy,3103,1,1.222,
13730.0,heavy,3101,1,5.032,
13733.3,heavy,3102,0,3.725,ECONNREFUSED
13736.7,heavy,3103,1,1.769,
13740.0,heavy,3101,0,4.580,
13743.3,heavy,3102,0,3.634,ECONNREFUSED
13746.7,heavy,3103,0,2.087,
13750.0,heavy,3101,0,4.083,
13753.3,heavy,3102,0,3.254,ECONNREFUSED
13756.7,heavy,3103,1,1.978,
13760.0,heavy,3101,0,2.432,
13763.3,heavy,3102,0,3.696,ECONNREFUSED
13766.7,heavy,3103,1,3.481,
13770.0,heavy,3101,0,3.920,
13773.3,heavy,3102,0,2.835,ECONNREFUSED
13776.7,heavy,3103,1,1.596,
13780.0,heavy,3101,0,4.057,
13783.3,heavy,3102,0,3.041,ECONNREFUSED
13786.7,heavy,3103,1,1.329,
13790.0,heavy,3101,0,4.768,
13793.3,heavy,3102,0,4.251,ECONNREFUSED
13796.7,heavy,3103,1,1.678,
13800.0,light-2,3103,1,2.960,
13800.0,light-5,3103,1,2.787,
13800.0,light-3,3101,1,3.952,
13800.0,light-1,3102,0,5.599,ECONNREFUSED
13800.0,light-4,3102,0,5.460,ECONNREFUSED
13800.0,heavy,3101,0,5.282,
13803.3,heavy,3101,1,4.134,
13806.7,heavy,3102,0,2.162,ECONNREFUSED
13810.0,heavy,3103,1,1.705,
13813.3,heavy,3101,0,3.106,
13816.7,heavy,3102,0,2.099,ECONNREFUSED
13820.0,heavy,3103,1,2.437,
13823.3,heavy,3101,0,4.769,
13826.7,heavy,3102,0,3.966,ECONNREFUSED
13830.0,heavy,3103,0,2.056,
13833.3,heavy,3101,1,3.957,
13836.7,heavy,3102,0,2.926,ECONNREFUSED
13840.0,heavy,3103,0,1.212,
13843.3,heavy,3101,1,3.325,
13846.7,heavy,3102,0,2.671,ECONNREFUSED
13850.0,heavy,3103,0,1.048,
13853.3,heavy,3101,0,4.294,
13856.7,heavy,3102,0,2.618,ECONNREFUSED
13860.0,heavy,3103,1,1.595,
13863.3,heavy,3101,1,4.830,
13866.7,heavy,3102,0,3.872,ECONNREFUSED
13870.0,heavy,3103,0,1.507,
13873.3,heavy,3101,1,3.806,
13876.7,heavy,3102,0,2.085,ECONNREFUSED
13880.0,heavy,3103,1,2.237,
13883.3,heavy,3101,0,4.083,
13886.7,heavy,3102,0,3.571,ECONNREFUSED
13890.0,heavy,3103,0,2.621,
13893.3,heavy,3101,1,3.612,
13896.7,heavy,3102,0,2.044,ECONNREFUSED
13900.0,light-1,3101,1,2.267,
13900.0,light-4,3101,1,2.799,
13900.0,light-3,3103,1,2.992,
13900.0,light-2,3102,0,4.194,ECONNREFUSED
13900.0,light-5,3102,0,4.797,ECONNREFUSED
13900.0,heavy,3103,0,2.254,
13903.3,heavy,3103,1,0.994,
13906.7,heavy,3101,1,5.307,
13910.0,heavy,3102,0,5.486,ECONNREFUSED
13913.3,heavy,3103,1,1.714,
13916.7,heavy,3101,0,4.821,
13920.0,heavy,3102,0,4.222,ECONNREFUSED
13923.3,heavy,3103,0,1.454,
13926.7,heavy,3101,0,3.626,
13930.0,heavy,3102,0,2.410,ECONNREFUSED
13933.3,heavy,3103,1,0.990,
13936.7,heavy,3101,0,3.246,
13940.0,heavy,3102,0,2.509,ECONNREFUSED
13943.3,heavy,3103,1,2.657,
13946.7,heavy,3101,1,4.887,
13950.0,heavy,3102,0,3.899,ECONNREFUSED
13953.3,heavy,3103,0,1.774,
13956.7,heavy,3101,0,1.617,
13960.0,heavy,3102,0,4.180,ECONNREFUSED
13963.3,heavy,3103,1,1.727,
13966.7,heavy,3101,0,5.124,
13970.0,heavy,3102,0,4.886,ECONNREFUSED
13973.3,heavy,3103,1,1.355,
13976.7,heavy,3101,0,4.571,
13980.0,heavy,3102,0,3.309,ECONNREFUSED
13983.3,heavy,3103,1,1.812,
13986.7,heavy,3101,0,3.147,
13990.0,heavy,3102,0,2.538,ECONNREFUSED
13993.3,heavy,3103,0,1.198,
13996.7,heavy,3101,1,4.124,
14000.0,light-1,3103,1,1.712,
14000.0,light-4,3103,1,2.611,
14000.0,light-2,3101,1,3.044,
14000.0,light-5,3101,1,3.091,
14000.0,light-3,3102,0,6.476,ECONNREFUSED
14000.0,heavy,3102,0,5.132,ECONNREFUSED
14003.3,heavy,3102,0,6.543,ECONNREFUSED
14006.7,heavy,3103,1,2.785,
14010.0,heavy,3101,0,3.344,
14013.3,heavy,3102,0,2.306,ECONNREFUSED
14016.7,heavy,3103,1,1.717,
14020.0,heavy,3101,0,5.018,
14023.3,heavy,3102,0,5.349,ECONNREFUSED
14026.7,heavy,3103,1,1.434,
14030.0,heavy,3101,0,5.497,
14033.3,heavy,3102,0,6.625,ECONNREFUSED
14036.7,heavy,3103,1,0.760,
14040.0,heavy,3101,1,11.517,
14043.3,heavy,3102,0,2.486,ECONNREFUSED
14046.7,heavy,3103,0,2.900,
14050.0,heavy,3101,0,3.011,
14053.3,heavy,3102,0,2.128,ECONNREFUSED
14056.7,heavy,3103,1,1.424,
14060.0,heavy,3101,0,3.290,
14063.3,heavy,3102,0,3.502,ECONNREFUSED
14066.7,heavy,3103,1,1.476,
14070.0,heavy,3101,0,4.091,
14073.3,heavy,3102,0,2.907,ECONNREFUSED
14076.7,heavy,3103,1,1.162,
14080.0,heavy,3101,0,3.025,
14083.3,heavy,3102,0,1.963,ECONNREFUSED
14086.7,heavy,3103,1,1.449,
14090.0,heavy,3101,0,3.458,
14093.3,heavy,3102,0,2.459,ECONNREFUSED
14096.7,heavy,3103,1,3.271,
14100.0,light-3,3103,1,3.677,
14100.0,light-1,3101,1,4.561,
14100.0,light-4,3101,1,4.927,
14100.0,light-2,3102,0,5.844,ECONNREFUSED
14100.0,light-5,3102,0,5.786,ECONNREFUSED
14100.0,heavy,3101,0,5.693,
14103.3,heavy,3102,0,5.984,ECONNREFUSED
14106.7,heavy,3103,1,3.779,
14110.0,heavy,3103,0,2.797,
14113.3,heavy,3101,1,3.624,
14116.7,heavy,3102,0,3.067,ECONNREFUSED
14120.0,heavy,3103,0,1.239,
14123.3,heavy,3101,1,5.297,
14126.7,heavy,3102,0,4.480,ECONNREFUSED
14130.0,heavy,3103,1,2.325,
14133.3,heavy,3101,0,4.952,
14136.7,heavy,3102,0,5.445,ECONNREFUSED
14140.0,heavy,3103,0,2.159,
14143.3,heavy,3101,1,3.969,
14146.7,heavy,3102,0,1.893,ECONNREFUSED
14150.0,heavy,3103,0,1.542,
14153.3,heavy,3101,1,3.329,
14156.7,heavy,3102,0,1.928,ECONNREFUSED
14160.0,heavy,3103,0,1.435,
14163.3,heavy,3101,1,4.081,
14166.7,heavy,3102,0,2.933,ECONNREFUSED
14170.0,heavy,3103,0,1.930,
14173.3,heavy,3101,1,4.323,
14176.7,heavy,3102,0,3.398,ECONNREFUSED
14180.0,heavy,3103,1,1.707,
14183.3,heavy,3101,0,3.782,
14186.7,heavy,3102,0,3.903,ECONNREFUSED
14190.0,heavy,3103,0,1.531,
14193.3,heavy,3101,1,5.867,
14196.7,heavy,3102,0,4.813,ECONNREFUSED
14200.0,light-3,3103,1,2.711,
14200.0,light-1,3101,1,5.376,
14200.0,light-4,3101,1,5.204,
14200.0,light-2,3102,0,6.342,ECONNREFUSED
14200.0,light-5,3102,0,6.289,ECONNREFUSED
14200.0,heavy,3103,0,2.017,
14203.3,heavy,3103,1,2.472,
14206.7,heavy,3101,0,3.125,
14210.0,heavy,3102,0,2.415,ECONNREFUSED
14213.3,heavy,3103,1,1.603,
14216.7,heavy,3101,0,4.527,
14220.0,heavy,3102,0,4.637,ECONNREFUSED
14223.3,heavy,3103,1,2.039,
14226.7,heavy,3101,0,4.126,
14230.0,heavy,3102,0,3.735,ECONNREFUSED
14233.3,heavy,3103,1,1.773,
14236.7,heavy,3101,0,3.342,
14240.0,heavy,3102,0,2.573,ECONNREFUSED
14243.3,heavy,3103,1,1.285,
14246.7,heavy,3101,0,2.648,
14250.0,heavy,3102,0,7.357,ECONNREFUSED
14253.3,heavy,3103,1,2.025,
14256.7,heavy,3101,1,6.477,
14260.0,heavy,3102,0,4.590,ECONNREFUSED
14263.3,heavy,3103,0,2.396,
14266.7,heavy,3101,0,3.147,
14270.0,heavy,3102,0,3.184,ECONNREFUSED
14273.3,heavy,3103,0,1.264,
14276.7,heavy,3101,1,4.186,
14280.0,heavy,3102,0,2.169,ECONNREFUSED
14283.3,heavy,3103,1,1.556,
14286.7,heavy,3101,1,4.797,
14290.0,heavy,3102,0,3.064,ECONNREFUSED
14293.3,heavy,3103,0,1.895,
14296.7,heavy,3101,0,1.509,
14300.0,light-2,3103,1,3.510,
14300.0,light-5,3103,1,4.105,
14300.0,light-3,3101,1,5.104,
14300.0,light-1,3102,0,6.426,ECONNREFUSED
14300.0,light-4,3102,0,6.440,ECONNREFUSED
14300.0,heavy,3102,0,6.661,ECONNREFUSED
14303.3,heavy,3103,1,2.893,
14306.7,heavy,3101,0,5.880,
14310.0,heavy,3101,0,5.329,
14313.3,heavy,3102,0,4.061,ECONNREFUSED
14316.7,heavy,3103,1,1.811,
14320.0,heavy,3101,1,4.194,
14323.3,heavy,3102,0,2.865,ECONNREFUSED
14326.7,heavy,3103,0,1.167,
14330.0,heavy,3101,0,5.262,
14333.3,heavy,3102,0,3.023,ECONNREFUSED
14336.7,heavy,3103,1,1.753,
14340.0,heavy,3101,0,4.059,
14343.3,heavy,3102,0,1.963,ECONNREFUSED
14346.7,heavy,3103,1,1.047,
14350.0,heavy,3101,0,5.664,
14353.3,heavy,3102,0,2.882,ECONNREFUSED
14356.7,heavy,3103,1,1.729,
14360.0,heavy,3101,0,3.978,
14363.3,heavy,3102,0,3.329,ECONNREFUSED
14366.7,heavy,3103,1,1.368,
14370.0,heavy,3101,0,3.764,
14373.3,heavy,3102,0,3.243,ECONNREFUSED
14376.7,heavy,3103,1,1.307,
14380.0,heavy,3101,0,4.077,
14383.3,heavy,3102,0,2.938,ECONNREFUSED
14386.7,heavy,3103,1,1.516,
14390.0,heavy,3101,0,3.537,
14393.3,heavy,3102,0,2.176,ECONNREFUSED
14396.7,heavy,3103,1,3.589,
14400.0,light-2,3103,1,4.083,
14400.0,light-5,3103,1,5.119,
14400.0,light-3,3101,1,5.834,
14400.0,light-4,3102,0,6.311,ECONNREFUSED
14400.0,light-1,3102,0,7.093,ECONNREFUSED
14400.0,heavy,3101,1,7.528,
14403.3,heavy,3101,0,5.117,
14406.7,heavy,3102,0,6.364,ECONNREFUSED
14410.0,heavy,3103,0,1.854,
14413.3,heavy,3101,1,5.172,
14416.7,heavy,3102,0,3.553,ECONNREFUSED
14420.0,heavy,3103,0,1.609,
14423.3,heavy,3101,1,6.532,
14426.7,heavy,3102,0,3.995,ECONNREFUSED
14430.0,heavy,3103,1,1.865,
14433.3,heavy,3101,0,5.983,
14436.7,heavy,3102,0,3.759,ECONNREFUSED
14440.0,heavy,3103,0,1.288,
14443.3,heavy,3101,1,4.039,
14446.7,heavy,3102,0,2.655,ECONNREFUSED
14450.0,heavy,3103,0,1.793,
14453.3,heavy,3101,1,3.815,
14456.7,heavy,3102,0,2.577,ECONNREFUSED
14460.0,heavy,3103,1,1.287,
14463.3,heavy,3101,0,4.384,
14466.7,heavy,3102,0,2.975,ECONNREFUSED
14470.0,heavy,3103,0,1.277,
14473.3,heavy,3101,0,3.744,
14476.7,heavy,3102,0,2.483,ECONNREFUSED
14480.0,heavy,3103,1,1.572,
14483.3,heavy,3101,1,3.131,
14486.7,heavy,3102,0,2.106,ECONNREFUSED
14490.0,heavy,3103,0,1.237,
14493.3,heavy,3101,1,3.511,
14496.7,heavy,3102,0,3.946,ECONNREFUSED
14500.0,light-1,3101,1,2.058,
14500.0,light-3,3103,1,2.272,
14500.0,light-2,3102,0,3.828,ECONNREFUSED
14500.0,light-4,3101,1,3.806,
14500.0,light-5,3102,0,3.951,ECONNREFUSED
14500.0,heavy,3103,0,2.311,
14503.3,heavy,3103,1,0.961,
14506.7,heavy,3101,0,3.367,
14510.0,heavy,3102,0,2.031,ECONNREFUSED
14513.3,heavy,3103,1,1.294,
14516.7,heavy,3101,0,3.879,
14520.0,heavy,3102,0,2.800,ECONNREFUSED
14523.3,heavy,3103,1,1.578,
14526.7,heavy,3101,0,3.369,
14530.0,heavy,3102,0,1.944,ECONNREFUSED
14533.3,heavy,3103,1,2.773,
14536.7,heavy,3101,1,4.123,
14540.0,heavy,3102,0,3.741,ECONNREFUSED
14543.3,heavy,3103,0,1.517,
14546.7,heavy,3101,0,1.418,
14550.0,heavy,3102,0,3.506,ECONNREFUSED
14553.3,heavy,3103,1,1.743,
14556.7,heavy,3101,0,4.069,
14560.0,heavy,3102,0,3.309,ECONNREFUSED
14563.3,heavy,3103,1,1.671,
14566.7,heavy,3101,0,3.247,
14570.0,heavy,3102,0,3.466,ECONNREFUSED
14573.3,heavy,3103,1,2.020,
14576.7,heavy,3101,0,2.679,
14580.0,heavy,3102,0,2.741,ECONNREFUSED
14583.3,heavy,3103,1,2.029,
14586.7,heavy,3101,0,3.320,
14590.0,heavy,3102,0,2.713,ECONNREFUSED
14593.3,heavy,3103,0,1.008,
14596.7,heavy,3101,1,7.003,
14600.0,light-3,3103,1,3.217,
14600.0,light-1,3101,1,4.857,
14600.0,light-4,3101,1,5.226,
14600.0,light-2,3102,0,6.168,ECONNREFUSED
14600.0,light-5,3102,0,6.400,ECONNREFUSED
14600.0,heavy,3102,0,6.273,ECONNREFUSED
14603.3,heavy,3103,1,2.693,
14606.7,heavy,3103,0,3.445,
14610.0,heavy,3101,0,2.796,
14613.3,heavy,3102,0,2.281,ECONNREFUSED
14616.7,heavy,3103,1,1.458,
14620.0,heavy,3101,0,3.150,
14623.3,heavy,3102,0,2.379,ECONNREFUSED
14626.7,heavy,3103,1,1.103,
14630.0,heavy,3101,0,3.880,
14633.3,heavy,3102,0,3.388,ECONNREFUSED
14636.7,heavy,3103,1,1.789,
14640.0,heavy,3101,0,3.532,
14643.3,heavy,3102,0,2.308,ECONNREFUSED
14646.7,heavy,3103,1,1.542,
14650.0,heavy,3101,1,3.661,
14653.3,heavy,3102,0,2.591,ECONNREFUSED
14656.7,heavy,3103,0,0.989,
14660.0,heavy,3101,0,4.244,
14663.3,heavy,3102,0,3.364,ECONNREFUSED
14666.7,heavy,3103,1,1.921,
14670.0,heavy,3101,0,2.697,
14673.3,heavy,3102,0,3.746,ECONNREFUSED
14676.7,heavy,3103,1,1.856,
14680.0,heavy,3101,1,5.132,
14683.3,heavy,3102,0,4.865,ECONNREFUSED
14686.7,heavy,3103,0,2.260,
14690.0,heavy,3101,0,3.461,
14693.3,heavy,3102,0,2.590,ECONNREFUSED
14696.7,heavy,3103,1,2.494,
14700.0,light-2,3103,1,2.616,
14700.0,light-1,3102,0,4.188,ECONNREFUSED
14700.0,light-4,3102,0,4.024,ECONNREFUSED
14700.0,light-5,3103,1,5.079,
14700.0,light-3,3101,1,6.775,
14700.0,heavy,3101,1,5.856,
14703.3,heavy,3101,0,2.534,
14706.7,heavy,3102,0,2.345,ECONNREFUSED
14710.0,heavy,3103,0,1.169,
14713.3,heavy,3101,1,3.732,
14716.7,heavy,3102,0,3.578,ECONNREFUSED
14720.0,heavy,3103,0,1.558,
14723.3,heavy,3101,0,3.932,
14726.7,heavy,3102,0,3.203,ECONNREFUSED
14730.0,heavy,3103,1,1.563,
14733.3,heavy,3101,1,3.730,
14736.7,heavy,3102,0,2.076,ECONNREFUSED
14740.0,heavy,3103,1,1.363,
14743.3,heavy,3101,0,3.177,
14746.7,heavy,3102,0,2.328,ECONNREFUSED
14750.0,heavy,3103,0,1.145,
14753.3,heavy,3101,0,3.759,
14756.7,heavy,3102,0,3.231,ECONNREFUSED
14760.0,heavy,3103,1,1.508,
14763.3,heavy,3101,1,4.512,
14766.7,heavy,3102,0,2.159,ECONNREFUSED
14770.0,heavy,3103,0,1.136,
14773.3,heavy,3101,1,3.821,
14776.7,heavy,3102,0,2.223,ECONNREFUSED
14780.0,heavy,3103,0,0.911,
14783.3,heavy,3101,0,3.232,
14786.7,heavy,3102,0,2.596,ECONNREFUSED
14790.0,heavy,3103,1,1.825,
14793.3,heavy,3101,0,1.597,
14796.7,heavy,3102,0,5.852,ECONNREFUSED
14800.0,light-5,3101,1,4.701,
14800.0,light-4,3103,1,4.885,
14800.0,light-3,3102,0,6.258,ECONNREFUSED
14800.0,light-1,3103,1,6.450,
14800.0,light-2,3101,1,6.975,
14800.0,heavy,3103,1,2.886,
14803.3,heavy,3101,1,6.201,
14806.7,heavy,3102,0,5.550,ECONNREFUSED
14810.0,heavy,3102,0,5.796,ECONNREFUSED
14813.3,heavy,3103,1,1.505,
14816.7,heavy,3101,0,4.079,
14820.0,heavy,3102,0,3.013,ECONNREFUSED
14823.3,heavy,3103,1,1.266,
14826.7,heavy,3101,0,2.486,
14830.0,heavy,3102,0,4.027,ECONNREFUSED
14833.3,heavy,3103,1,1.587,
14836.7,heavy,3101,0,4.138,
14840.0,heavy,3102,0,3.508,ECONNREFUSED
14843.3,heavy,3103,1,1.103,
14846.7,heavy,3101,0,4.348,
14850.0,heavy,3102,0,3.052,ECONNREFUSED
14853.3,heavy,3103,1,1.565,
14856.7,heavy,3101,0,4.536,
14860.0,heavy,3102,0,2.991,ECONNREFUSED
14863.3,heavy,3103,1,1.228,
14866.7,heavy,3101,1,5.940,
14870.0,heavy,3102,0,2.205,ECONNREFUSED
14873.3,heavy,3103,0,1.061,
14876.7,heavy,3101,0,4.080,
14880.0,heavy,3102,0,2.219,ECONNREFUSED
14883.3,heavy,3103,1,1.326,
14886.7,heavy,3101,1,9.597,
14890.0,heavy,3102,0,7.797,ECONNREFUSED
14893.3,heavy,3103,1,3.139,
14896.7,heavy,3101,0,9.307,
14900.0,light-1,3103,1,3.826,
14900.0,light-4,3103,1,4.431,
14900.0,light-2,3101,1,5.791,
14900.0,light-5,3101,1,6.462,
14900.0,light-3,3102,0,9.470,ECONNREFUSED
14900.0,heavy,3102,0,7.286,ECONNREFUSED
14903.3,heavy,3102,0,9.274,ECONNREFUSED
14906.7,heavy,3103,0,4.477,
14910.0,heavy,3101,0,3.828,
14913.3,heavy,3102,0,2.368,ECONNREFUSED
14916.7,heavy,3103,1,1.061,
14920.0,heavy,3101,1,5.136,
14923.3,heavy,3102,0,3.641,ECONNREFUSED
14926.7,heavy,3103,1,1.545,
14930.0,heavy,3101,0,4.630,
14933.3,heavy,3102,0,3.903,ECONNREFUSED
14936.7,heavy,3103,0,1.719,
14940.0,heavy,3101,0,4.028,
14943.3,heavy,3102,0,3.283,ECONNREFUSED
14946.7,heavy,3103,1,2.051,
14950.0,heavy,3101,0,2.315,
14953.3,heavy,3102,0,3.860,ECONNREFUSED
14956.7,heavy,3103,1,1.569,
14960.0,heavy,3101,1,4.537,
14963.3,heavy,3102,0,4.254,ECONNREFUSED
14966.7,heavy,3103,0,1.946,
14970.0,heavy,3101,0,3.962,
14973.3,heavy,3102,0,2.825,ECONNREFUSED
14976.7,heavy,3103,1,1.614,
14980.0,heavy,3101,0,3.472,
14983.3,heavy,3102,0,2.114,ECONNREFUSED
14986.7,heavy,3103,1,2.404,
14990.0,heavy,3101,1,3.684,
14993.3,heavy,3102,0,3.227,ECONNREFUSED
14996.7,heavy,3103,0,1.470,
15000.0,light-2,3103,1,4.085,
15000.0,light-5,3103,1,4.014,
15000.0,light-3,3101,1,4.726,
15000.0,light-1,3102,0,5.278,ECONNREFUSED
15000.0,light-4,3102,0,5.969,ECONNREFUSED
15000.0,heavy,3101,1,6.800,
15003.3,heavy,3102,0,5.347,ECONNREFUSED
15006.7,heavy,3103,1,3.335,
15010.0,heavy,3101,0,6.597,
15013.3,heavy,3101,0,4.626,
15016.7,heavy,3102,0,2.260,ECONNREFUSED
15020.0,heavy,3103,1,1.592,
15023.3,heavy,3101,0,2.776,
15026.7,heavy,3102,0,2.152,ECONNREFUSED
15030.0,heavy,3103,0,0.901,
15033.3,heavy,3101,1,3.667,
15036.7,heavy,3102,0,2.769,ECONNREFUSED
15040.0,heavy,3103,1,1.722,
15043.3,heavy,3101,0,2.110,
15046.7,heavy,3102,0,3.732,ECONNREFUSED
15050.0,heavy,3103,1,1.933,
15053.3,heavy,3101,0,3.535,
15056.7,heavy,3102,0,3.297,ECONNREFUSED
15060.0,heavy,3103,0,1.203,
15063.3,heavy,3101,1,4.335,
15066.7,heavy,3102,0,2.451,ECONNREFUSED
15070.0,heavy,3103,1,1.480,
15073.3,heavy,3101,0,3.840,
15076.7,heavy,3102,0,2.215,ECONNREFUSED
15080.0,heavy,3103,1,2.325,
15083.3,heavy,3101,0,3.943,
15086.7,heavy,3102,0,3.354,ECONNREFUSED
15090.0,heavy,3103,0,1.493,
15093.3,heavy,3101,1,7.368,
15096.7,heavy,3102,0,7.578,ECONNREFUSED
15100.0,light-2,3103,1,3.916,
15100.0,light-5,3103,1,3.849,
15100.0,light-3,3101,1,4.816,
15100.0,light-1,3102,0,7.728,ECONNREFUSED
15100.0,light-4,3102,0,7.705,ECONNREFUSED
15100.0,heavy,3103,1,3.490,
15103.3,heavy,3101,0,7.010,
15106.7,heavy,3101,0,4.046,
15110.0,heavy,3102,0,4.347,ECONNREFUSED
15113.3,heavy,3103,0,1.174,
15116.7,heavy,3101,1,3.969,
15120.0,heavy,3102,0,2.460,ECONNREFUSED
15123.3,heavy,3103,1,0.839,
15126.7,heavy,3101,0,3.535,
15130.0,heavy,3102,0,2.773,ECONNREFUSED
15133.3,heavy,3103,1,1.331,
15136.7,heavy,3101,0,3.945,
15140.0,heavy,3102,0,2.072,ECONNREFUSED
15143.3,heavy,3103,1,1.999,
15146.7,heavy,3101,0,3.056,
15150.0,heavy,3102,0,2.484,ECONNREFUSED
15153.3,heavy,3103,1,1.480,
15156.7,heavy,3101,0,3.273,
15160.0,heavy,3102,0,2.944,ECONNREFUSED
15163.3,heavy,3103,1,1.275,
15166.7,heavy,3101,0,2.999,
15170.0,heavy,3102,0,2.112,ECONNREFUSED
15173.3,heavy,3103,1,2.068,
15176.7,heavy,3101,0,3.524,
15180.0,heavy,3102,0,2.979,ECONNREFUSED
15183.3,heavy,3103,1,1.339,
15186.7,heavy,3101,0,3.790,
15190.0,heavy,3102,0,3.345,ECONNREFUSED
15193.3,heavy,3103,1,1.345,
15196.7,heavy,3101,0,3.478,
15200.0,light-1,3103,1,2.681,
15200.0,light-2,3101,1,2.745,
15200.0,light-4,3103,1,2.670,
15200.0,light-5,3101,1,2.703,
15200.0,light-3,3102,0,4.534,ECONNREFUSED
15200.0,heavy,3102,0,4.744,ECONNREFUSED
15203.3,heavy,3102,0,2.577,ECONNREFUSED
15206.7,heavy,3103,1,1.074,
15210.0,heavy,3101,1,4.154,
15213.3,heavy,3102,0,2.596,ECONNREFUSED
15216.7,heavy,3103,0,1.193,
15220.0,heavy,3101,0,3.579,
15223.3,heavy,3102,0,2.978,ECONNREFUSED
15226.7,heavy,3103,1,1.160,
15230.0,heavy,3101,0,2.185,
15233.3,heavy,3102,0,5.019,ECONNREFUSED
15236.7,heavy,3103,1,1.607,
15240.0,heavy,3101,1,4.098,
15243.3,heavy,3102,0,2.775,ECONNREFUSED
15246.7,heavy,3103,0,1.231,
15250.0,heavy,3101,0,3.314,
15253.3,heavy,3102,0,2.656,ECONNREFUSED
15256.7,heavy,3103,1,1.514,
15260.0,heavy,3101,0,2.490,
15263.3,heavy,3102,0,3.909,ECONNREFUSED
15266.7,heavy,3103,1,1.640,
15270.0,heavy,3101,1,4.517,
15273.3,heavy,3102,0,4.051,ECONNREFUSED
15276.7,heavy,3103,0,1.544,
15280.0,heavy,3101,0,3.702,
15283.3,heavy,3102,0,3.084,ECONNREFUSED
15286.7,heavy,3103,1,1.984,
15290.0,heavy,3101,0,1.808,
15293.3,heavy,3102,0,8.687,ECONNREFUSED
15296.7,heavy,3103,1,3.228,
15300.0,light-1,3103,1,3.601,
15300.0,light-4,3103,1,4.139,
15300.0,light-2,3101,1,4.495,
15300.0,light-5,3101,1,5.137,
15300.0,light-3,3102,0,8.067,ECONNREFUSED
15300.0,heavy,3101,1,6.856,
15303.3,heavy,3102,0,8.129,ECONNREFUSED
15306.7,heavy,3102,0,7.607,ECONNREFUSED
15310.0,heavy,3103,0,3.177,
15313.3,heavy,3101,1,4.349,
15316.7,heavy,3102,0,2.497,ECONNREFUSED
15320.0,heavy,3103,0,1.388,
15323.3,heavy,3101,1,3.963,
15326.7,heavy,3102,0,2.649,ECONNREFUSED
15330.0,heavy,3103,1,1.335,
15333.3,heavy,3101,0,3.669,
15336.7,heavy,3102,0,3.693,ECONNREFUSED
15340.0,heavy,3103,0,0.967,
15343.3,heavy,3101,1,4.334,
15346.7,heavy,3102,0,3.046,ECONNREFUSED
15350.0,heavy,3103,1,1.845,
15353.3,heavy,3101,0,2.829,
15356.7,heavy,3102,0,3.772,ECONNREFUSED
15360.0,heavy,3103,1,1.670,
15363.3,heavy,3101,0,4.512,
15366.7,heavy,3102,0,3.999,ECONNREFUSED
15370.0,heavy,3103,0,1.633,
15373.3,heavy,3101,1,5.211,
15376.7,heavy,3102,0,2.529,ECONNREFUSED
15380.0,heavy,3103,1,1.981,
15383.3,heavy,3101,0,5.283,
15386.7,heavy,3102,0,2.924,ECONNREFUSED
15390.0,heavy,3103,0,1.010,
15393.3,heavy,3101,1,5.907,
15396.7,heavy,3102,0,5.449,ECONNREFUSED
15400.0,light-3,3103,1,3.064,
15400.0,light-1,3101,1,6.023,
15400.0,light-4,3101,1,6.231,
15400.0,light-2,3102,0,6.853,ECONNREFUSED
15400.0,light-5,3102,0,6.811,ECONNREFUSED
15400.0,heavy,3103,0,2.931,
15403.3,heavy,3103,0,3.484,
15406.7,heavy,3101,1,2.337,
15410.0,heavy,3102,0,3.191,ECONNREFUSED
15413.3,heavy,3103,1,1.626,
15416.7,heavy,3101,0,2.867,
15420.0,heavy,3102,0,2.144,ECONNREFUSED
15423.3,heavy,3103,1,1.387,
15426.7,heavy,3101,0,3.847,
15430.0,heavy,3102,0,2.994,ECONNREFUSED
15433.3,heavy,3103,1,0.861,
15436.7,heavy,3101,0,3.347,
15440.0,heavy,3102,0,2.508,ECONNREFUSED
15443.3,heavy,3103,1,1.341,
15446.7,heavy,3101,0,2.745,
15450.0,heavy,3102,0,3.365,ECONNREFUSED
15453.3,heavy,3103,1,1.565,
15456.7,heavy,3101,0,3.402,
15460.0,heavy,3102,0,3.762,ECONNREFUSED
15463.3,heavy,3103,1,1.601,
15466.7,heavy,3101,0,4.122,
15470.0,heavy,3102,0,3.623,ECONNREFUSED
15473.3,heavy,3103,1,1.751,
15476.7,heavy,3101,0,3.677,
15480.0,heavy,3102,0,3.048,ECONNREFUSED
15483.3,heavy,3103,0,1.193,
15486.7,heavy,3101,1,3.938,
15490.0,heavy,3102,0,3.132,ECONNREFUSED
15493.3,heavy,3103,0,1.339,
15496.7,heavy,3101,1,4.689,
15500.0,light-2,3103,1,3.739,
15500.0,light-5,3103,1,4.431,
15500.0,light-3,3101,1,5.130,
15500.0,light-1,3102,0,6.885,ECONNREFUSED
15500.0,light-4,3102,0,7.504,ECONNREFUSED
15500.0,heavy,3102,0,6.690,ECONNREFUSED
15503.3,heavy,3103,1,3.158,
15506.7,heavy,3101,0,6.129,
15510.0,heavy,3101,0,4.588,
15513.3,heavy,3102,0,4.945,ECONNREFUSED
15516.7,heavy,3103,1,1.722,
15520.0,heavy,3101,1,4.303,
15523.3,heavy,3102,0,2.226,ECONNREFUSED
15526.7,heavy,3103,0,1.233,
15530.0,heavy,3101,0,3.908,
15533.3,heavy,3102,0,3.079,ECONNREFUSED
15536.7,heavy,3103,1,1.900,
15540.0,heavy,3101,0,2.240,
15543.3,heavy,3102,0,3.196,ECONNREFUSED
15546.7,heavy,3103,1,1.401,
15550.0,heavy,3101,1,4.323,
15553.3,heavy,3102,0,4.551,ECONNREFUSED
15556.7,heavy,3103,0,1.497,
15560.0,heavy,3101,0,3.478,
15563.3,heavy,3102,0,2.818,ECONNREFUSED
15566.7,heavy,3103,1,1.672,
15570.0,heavy,3101,0,2.112,
15573.3,heavy,3102,0,3.343,ECONNREFUSED
15576.7,heavy,3103,1,1.413,
15580.0,heavy,3101,1,3.680,
15583.3,heavy,3102,0,3.458,ECONNREFUSED
15586.7,heavy,3103,0,1.375,
15590.0,heavy,3101,0,4.436,
15593.3,heavy,3102,0,4.028,ECONNREFUSED
15596.7,heavy,3103,1,2.054,
15600.0,light-2,3103,1,2.397,
15600.0,light-5,3103,1,2.279,
15600.0,light-3,3101,1,3.342,
15600.0,light-1,3102,0,4.144,ECONNREFUSED
15600.0,light-4,3102,0,4.575,ECONNREFUSED
15600.0,heavy,3101,0,3.977,
15603.3,heavy,3101,1,3.652,
15606.7,heavy,3102,0,2.259,ECONNREFUSED
15610.0,heavy,3103,0,1.083,
15613.3,heavy,3101,1,3.716,
15616.7,heavy,3102,0,3.184,ECONNREFUSED
15620.0,heavy,3103,0,1.092,
15623.3,heavy,3101,1,4.321,
15626.7,heavy,3102,0,2.195,ECONNREFUSED
15630.0,heavy,3103,0,1.215,
15633.3,heavy,3101,1,6.167,
15636.7,heavy,3102,0,3.969,ECONNREFUSED
15640.0,heavy,3103,1,2.264,
15643.3,heavy,3101,0,6.019,
15646.7,heavy,3102,0,2.944,ECONNREFUSED
15650.0,heavy,3103,0,1.370,
15653.3,heavy,3101,1,3.588,
15656.7,heavy,3102,0,2.878,ECONNREFUSED
15660.0,heavy,3103,1,1.693,
15663.3,heavy,3101,0,2.064,
15666.7,heavy,3102,0,3.532,ECONNREFUSED
15670.0,heavy,3103,1,1.619,
15673.3,heavy,3101,0,3.543,
15676.7,heavy,3102,0,3.885,ECONNREFUSED
15680.0,heavy,3103,0,1.915,
15683.3,heavy,3101,1,4.133,
15686.7,heavy,3102,0,2.989,ECONNREFUSED
15690.0,heavy,3103,1,1.594,
15693.3,heavy,3101,0,3.880,
15696.7,heavy,3102,0,2.332,ECONNREFUSED
15700.0,light-1,3103,1,3.386,
15700.0,light-4,3103,1,3.343,
15700.0,light-2,3101,1,4.278,
15700.0,light-5,3101,1,4.602,
15700.0,light-3,3102,0,6.030,ECONNREFUSED
15700.0,heavy,3103,1,3.222,
15703.3,heavy,3101,0,6.252,
15706.7,heavy,3102,0,5.998,ECONNREFUSED
15710.0,heavy,3102,0,6.084,ECONNREFUSED
15713.3,heavy,3103,1,2.185,
15716.7,heavy,3101,0,28.164,
15720.0,heavy,3102,0,3.172,ECONNREFUSED
15723.3,heavy,3103,1,0.865,
15726.7,heavy,3101,0,20.010,
15730.0,heavy,3102,0,3.944,ECONNREFUSED
15733.3,heavy,3103,1,1.726,
15736.7,heavy,3101,0,6.104,
15740.0,heavy,3102,0,4.157,ECONNREFUSED
15743.3,heavy,3103,1,2.189,
15746.7,heavy,3101,0,3.258,
15750.0,heavy,3102,0,2.687,ECONNREFUSED
15753.3,heavy,3103,1,1.461,
15756.7,heavy,3101,1,4.852,
15760.0,heavy,3102,0,4.448,ECONNREFUSED
15763.3,heavy,3103,1,2.473,
15766.7,heavy,3101,0,4.472,
15770.0,heavy,3102,0,4.612,ECONNREFUSED
15773.3,heavy,3103,0,2.007,
15776.7,heavy,3101,0,3.095,
15780.0,heavy,3102,0,2.536,ECONNREFUSED
15783.3,heavy,3103,1,1.401,
15786.7,heavy,3101,0,3.277,
15790.0,heavy,3102,0,2.314,ECONNREFUSED
15793.3,heavy,3103,1,3.065,
15796.7,heavy,3101,1,6.837,
15800.0,light-1,3103,1,3.443,
15800.0,light-4,3103,1,4.171,
15800.0,light-2,3101,1,4.482,
15800.0,light-5,3101,1,4.885,
15800.0,light-3,3102,0,6.157,ECONNREFUSED
15800.0,heavy,3102,0,7.011,ECONNREFUSED
15803.3,heavy,3102,0,7.180,ECONNREFUSED
15806.7,heavy,3103,0,3.274,
15810.0,heavy,3101,0,4.437,
15813.3,heavy,3102,0,3.157,ECONNREFUSED
15816.7,heavy,3103,1,1.946,
15820.0,heavy,3101,1,5.800,
15823.3,heavy,3102,0,4.214,ECONNREFUSED
15826.7,heavy,3103,1,2.578,
15830.0,heavy,3101,0,5.916,
15833.3,heavy,3102,0,4.709,ECONNREFUSED
15836.7,heavy,3103,0,1.820,
15840.0,heavy,3101,0,3.208,
15843.3,heavy,3102,0,2.264,ECONNREFUSED
15846.7,heavy,3103,1,1.796,
15850.0,heavy,3101,0,3.564,
15853.3,heavy,3102,0,2.974,ECONNREFUSED
15856.7,heavy,3103,1,1.361,
15860.0,heavy,3101,1,4.012,
15863.3,heavy,3102,0,2.723,ECONNREFUSED
15866.7,heavy,3103,0,1.097,
15870.0,heavy,3101,0,4.319,
15873.3,heavy,3102,0,3.108,ECONNREFUSED
15876.7,heavy,3103,1,1.076,
15880.0,heavy,3101,0,3.901,
15883.3,heavy,3102,0,2.507,ECONNREFUSED
15886.7,heavy,3103,1,3.387,
15890.0,heavy,3101,0,4.984,
15893.3,heavy,3102,0,3.370,ECONNREFUSED
15896.7,heavy,3103,1,2.204,
15900.0,light-1,3102,0,2.638,ECONNREFUSED
15900.0,light-2,3103,1,2.671,
15900.0,light-4,3102,0,2.763,ECONNREFUSED
15900.0,light-5,3103,1,4.880,
15900.0,light-3,3101,1,6.255,
15900.0,heavy,3101,0,5.573,
15903.3,heavy,3101,0,2.280,
15906.7,heavy,3102,0,1.765,ECONNREFUSED
15910.0,heavy,3103,1,1.139,
15913.3,heavy,3101,1,4.554,
15916.7,heavy,3102,0,3.868,ECONNREFUSED
15920.0,heavy,3103,1,1.675,
15923.3,heavy,3101,0,4.621,
15926.7,heavy,3102,0,3.705,ECONNREFUSED
15930.0,heavy,3103,0,2.005,
15933.3,heavy,3101,1,4.249,
15936.7,heavy,3102,0,3.350,ECONNREFUSED
15940.0,heavy,3103,1,2.167,
15943.3,heavy,3101,0,2.849,
15946.7,heavy,3102,0,4.016,ECONNREFUSED
15950.0,heavy,3103,1,1.849,
15953.3,heavy,3101,0,3.876,
15956.7,heavy,3102,0,4.236,ECONNREFUSED
15960.0,heavy,3103,0,1.736,
15963.3,heavy,3101,1,4.286,
15966.7,heavy,3102,0,2.884,ECONNREFUSED
15970.0,heavy,3103,1,1.479,
15973.3,heavy,3101,0,4.131,
15976.7,heavy,3102,0,2.233,ECONNREFUSED
15980.0,heavy,3103,0,1.423,
15983.3,heavy,3101,0,3.577,
15986.7,heavy,3102,0,2.462,ECONNREFUSED
15990.0,heavy,3103,1,0.890,
15993.3,heavy,3101,1,7.482,
15996.7,heavy,3102,0,6.877,ECONNREFUSED
16000.0,light-2,3103,1,3.630,
16000.0,light-5,3103,1,3.619,
16000.0,light-3,3101,1,4.789,
16000.0,light-1,3102,0,7.278,ECONNREFUSED
16000.0,light-4,3102,0,7.277,ECONNREFUSED
16000.0,heavy,3103,1,2.979,
16003.3,heavy,3101,0,7.020,
16006.7,heavy,3101,0,5.200,
16010.0,heavy,3102,0,4.910,ECONNREFUSED
16013.3,heavy,3103,1,1.451,
16016.7,heavy,3101,0,3.417,
16020.0,heavy,3102,0,2.325,ECONNREFUSED
16023.3,heavy,3103,0,1.380,
16026.7,heavy,3101,1,4.048,
16030.0,heavy,3102,0,3.092,ECONNREFUSED
16033.3,heavy,3103,1,1.620,
16036.7,heavy,3101,0,2.573,
16040.0,heavy,3102,0,4.402,ECONNREFUSED
16043.3,heavy,3103,1,1.872,
16046.7,heavy,3101,0,4.318,
16050.0,heavy,3102,0,4.789,ECONNREFUSED
16053.3,heavy,3103,1,2.131,
16056.7,heavy,3101,0,2.827,
16060.0,heavy,3102,0,3.574,ECONNREFUSED
16063.3,heavy,3103,1,1.927,
16066.7,heavy,3101,0,3.389,
16070.0,heavy,3102,0,3.371,ECONNREFUSED
16073.3,heavy,3103,1,1.786,
16076.7,heavy,3101,1,4.412,
16080.0,heavy,3102,0,2.918,ECONNREFUSED
16083.3,heavy,3103,0,1.694,
16086.7,heavy,3101,0,7.772,
16090.0,heavy,3102,0,5.043,ECONNREFUSED
16093.3,heavy,3103,1,3.084,
16096.7,heavy,3101,0,7.334,
16100.0,light-4,3103,1,4.901,
16100.0,light-3,3102,0,7.470,ECONNREFUSED
16100.0,light-5,3101,1,8.386,
16100.0,light-1,3103,1,10.117,
16100.0,light-2,3101,1,10.188,
16100.0,heavy,3102,0,9.529,ECONNREFUSED
16103.3,heavy,3102,0,8.183,ECONNREFUSED
16106.7,heavy,3103,1,3.050,
16110.0,heavy,3101,0,3.467,
16113.3,heavy,3102,0,2.531,ECONNREFUSED
16116.7,heavy,3103,1,2.207,
16120.0,heavy,3101,0,3.173,
16123.3,heavy,3102,0,2.908,ECONNREFUSED
16126.7,heavy,3103,1,2.449,
16130.0,heavy,3101,0,2.039,
16133.3,heavy,3102,0,2.954,ECONNREFUSED
16136.7,heavy,3103,1,1.734,
16140.0,heavy,3101,1,3.802,
16143.3,heavy,3102,0,3.251,ECONNREFUSED
16146.7,heavy,3103,0,1.247,
16150.0,heavy,3101,0,4.021,
16153.3,heavy,3102,0,2.876,ECONNREFUSED
16156.7,heavy,3103,1,1.454,
16160.0,heavy,3101,0,3.922,
16163.3,heavy,3102,0,2.550,ECONNREFUSED
16166.7,heavy,3103,1,1.308,
16170.0,heavy,3101,1,4.290,
16173.3,heavy,3102,0,2.813,ECONNREFUSED
16176.7,heavy,3103,0,1.978,
16180.0,heavy,3101,0,1.460,
16183.3,heavy,3102,0,3.525,ECONNREFUSED
16186.7,heavy,3103,1,1.690,
16190.0,heavy,3101,0,4.171,
16193.3,heavy,3102,0,3.560,ECONNREFUSED
16196.7,heavy,3103,1,1.166,
16200.0,light-3,3103,1,3.201,
16200.0,light-1,3101,1,4.530,
16200.0,light-2,3102,0,5.321,ECONNREFUSED
16200.0,light-5,3102,0,5.547,ECONNREFUSED
16200.0,light-4,3101,1,6.614,
16200.0,heavy,3101,0,6.227,
16203.3,heavy,3102,0,5.510,ECONNREFUSED
16206.7,heavy,3103,1,2.451,
16210.0,heavy,3103,0,2.412,
16213.3,heavy,3101,1,4.232,
16216.7,heavy,3102,0,2.946,ECONNREFUSED
16220.0,heavy,3103,0,1.487,
16223.3,heavy,3101,1,5.490,
16226.7,heavy,3102,0,4.409,ECONNREFUSED
16230.0,heavy,3103,1,2.411,
16233.3,heavy,3101,0,5.490,
16236.7,heavy,3102,0,5.257,ECONNREFUSED
16240.0,heavy,3103,0,2.458,
16243.3,heavy,3101,1,3.795,
16246.7,heavy,3102,0,2.229,ECONNREFUSED
16250.0,heavy,3103,1,1.465,
16253.3,heavy,3101,0,3.432,
16256.7,heavy,3102,0,2.572,ECONNREFUSED
16260.0,heavy,3103,0,1.255,
16263.3,heavy,3101,1,4.416,
16266.7,heavy,3102,0,3.130,ECONNREFUSED
16270.0,heavy,3103,0,2.021,
16273.3,heavy,3101,1,2.607,
16276.7,heavy,3102,0,2.830,ECONNREFUSED
16280.0,heavy,3103,1,1.217,
16283.3,heavy,3101,0,2.839,
16286.7,heavy,3102,0,2.783,ECONNREFUSED
16290.0,heavy,3103,0,1.321,
16293.3,heavy,3101,0,6.094,
16296.7,heavy,3102,0,5.100,ECONNREFUSED
16300.0,light-3,3103,1,3.037,
16300.0,light-1,3101,1,4.138,
16300.0,light-4,3101,1,4.087,
16300.0,light-5,3102,0,5.583,ECONNREFUSED
16300.0,light-2,3102,0,7.123,ECONNREFUSED
16300.0,heavy,3103,1,2.394,
16303.3,heavy,3103,1,2.603,
16306.7,heavy,3101,0,3.299,
16310.0,heavy,3102,0,2.379,ECONNREFUSED
16313.3,heavy,3103,1,1.264,
16316.7,heavy,3101,0,2.862,
16320.0,heavy,3102,0,2.573,ECONNREFUSED
16323.3,heavy,3103,0,1.348,
16326.7,heavy,3101,1,4.631,
16330.0,heavy,3102,0,2.581,ECONNREFUSED
16333.3,heavy,3103,1,1.291,
16336.7,heavy,3101,0,5.574,
16340.0,heavy,3102,0,5.789,ECONNREFUSED
16343.3,heavy,3103,1,1.808,
16346.7,heavy,3101,0,5.168,
16350.0,heavy,3102,0,3.164,ECONNREFUSED
16353.3,heavy,3103,1,2.048,
16356.7,heavy,3101,0,4.597,
16360.0,heavy,3102,0,2.835,ECONNREFUSED
16363.3,heavy,3103,1,1.692,
16366.7,heavy,3101,0,2.970,
16370.0,heavy,3102,0,2.392,ECONNREFUSED
16373.3,heavy,3103,0,0.945,
16376.7,heavy,3101,1,3.569,
16380.0,heavy,3102,0,2.314,ECONNREFUSED
16383.3,heavy,3103,1,1.135,
16386.7,heavy,3101,0,4.293,
16390.0,heavy,3102,0,3.017,ECONNREFUSED
16393.3,heavy,3103,1,1.739,
16396.7,heavy,3101,0,4.791,
16400.0,light-2,3101,1,2.429,
16400.0,light-1,3103,1,2.643,
16400.0,light-5,3101,1,3.059,
16400.0,light-4,3103,1,4.308,
16400.0,light-3,3102,0,4.902,ECONNREFUSED
16400.0,heavy,3102,0,5.088,ECONNREFUSED
16403.3,heavy,3102,0,5.051,ECONNREFUSED
16406.7,heavy,3103,1,1.236,
16410.0,heavy,3101,1,4.843,
16413.3,heavy,3102,0,4.410,ECONNREFUSED
16416.7,heavy,3103,1,2.041,
16420.0,heavy,3101,0,4.465,
16423.3,heavy,3102,0,4.791,ECONNREFUSED
16426.7,heavy,3103,0,2.375,
16430.0,heavy,3101,0,2.548,
16433.3,heavy,3102,0,2.872,ECONNREFUSED
16436.7,heavy,3103,1,1.233,
16440.0,heavy,3101,0,3.047,
16443.3,heavy,3102,0,2.066,ECONNREFUSED
16446.7,heavy,3103,1,2.569,
16450.0,heavy,3101,0,4.430,
16453.3,heavy,3102,0,3.333,ECONNREFUSED
16456.7,heavy,3103,1,1.567,
16460.0,heavy,3101,0,3.109,
16463.3,heavy,3102,0,2.183,ECONNREFUSED
16466.7,heavy,3103,1,1.224,
16470.0,heavy,3101,0,3.904,
16473.3,heavy,3102,0,3.002,ECONNREFUSED
16476.7,heavy,3103,1,1.398,
16480.0,heavy,3101,0,3.932,
16483.3,heavy,3102,0,3.097,ECONNREFUSED
16486.7,heavy,3103,1,1.713,
16490.0,heavy,3101,0,3.173,
16493.3,heavy,3102,0,2.094,ECONNREFUSED
16496.7,heavy,3103,1,3.018,
16500.0,light-2,3103,1,3.376,
16500.0,light-5,3103,1,4.478,
16500.0,light-3,3101,1,5.178,
16500.0,light-1,3102,0,5.815,ECONNREFUSED
16500.0,light-4,3102,0,6.101,ECONNREFUSED
16500.0,heavy,3101,1,6.083,
16503.3,heavy,3101,0,4.071,
16506.7,heavy,3102,0,3.731,ECONNREFUSED
16510.0,heavy,3103,0,1.305,
16513.3,heavy,3101,1,4.315,
16516.7,heavy,3102,0,2.958,ECONNREFUSED
16520.0,heavy,3103,0,1.267,
16523.3,heavy,3101,1,4.275,
16526.7,heavy,3102,0,3.098,ECONNREFUSED
16530.0,heavy,3103,1,1.624,
16533.3,heavy,3101,0,3.956,
16536.7,heavy,3102,0,2.947,ECONNREFUSED
16540.0,heavy,3103,0,1.316,
16543.3,heavy,3101,1,4.699,
16546.7,heavy,3102,0,3.132,ECONNREFUSED
16550.0,heavy,3103,0,2.311,
16553.3,heavy,3101,1,3.666,
16556.7,heavy,3102,0,2.160,ECONNREFUSED
16560.0,heavy,3103,1,1.284,
16563.3,heavy,3101,0,3.073,
16566.7,heavy,3102,0,2.449,ECONNREFUSED
16570.0,heavy,3103,0,1.315,
16573.3,heavy,3101,0,4.099,
16576.7,heavy,3102,0,2.822,ECONNREFUSED
16580.0,heavy,3103,1,1.536,
16583.3,heavy,3101,1,4.102,
16586.7,heavy,3102,0,3.141,ECONNREFUSED
16590.0,heavy,3103,0,1.171,
16593.3,heavy,3101,1,4.078,
16596.7,heavy,3102,0,4.055,ECONNREFUSED
16600.0,light-1,3101,1,2.217,
16600.0,light-4,3101,1,2.484,
16600.0,light-3,3103,1,2.642,
16600.0,light-2,3102,0,4.396,ECONNREFUSED
16600.0,light-5,3102,0,4.728,ECONNREFUSED
16600.0,heavy,3103,0,2.232,
16603.3,heavy,3103,1,1.586,
16606.7,heavy,3101,0,3.516,
16610.0,heavy,3102,0,2.312,ECONNREFUSED
16613.3,heavy,3103,1,1.123,
16616.7,heavy,3101,0,3.961,
16620.0,heavy,3102,0,2.870,ECONNREFUSED
16623.3,heavy,3103,1,1.573,
16626.7,heavy,3101,0,3.602,
16630.0,heavy,3102,0,2.688,ECONNREFUSED
16633.3,heavy,3103,1,2.469,
16636.7,heavy,3101,1,4.214,
16640.0,heavy,3102,0,3.700,ECONNREFUSED
16643.3,heavy,3103,0,1.836,
16646.7,heavy,3101,0,3.912,
16650.0,heavy,3102,0,3.149,ECONNREFUSED
16653.3,heavy,3103,1,1.590,
16656.7,heavy,3101,0,3.553,
16660.0,heavy,3102,0,2.741,ECONNREFUSED
16663.3,heavy,3103,1,2.154,
16666.7,heavy,3101,0,3.922,
16670.0,heavy,3102,0,3.067,ECONNREFUSED
16673.3,heavy,3103,1,2.531,
16676.7,heavy,3101,0,2.524,
16680.0,heavy,3102,0,4.597,ECONNREFUSED
16683.3,heavy,3103,1,1.836,
16686.7,heavy,3101,0,4.643,
16690.0,heavy,3102,0,4.604,ECONNREFUSED
16693.3,heavy,3103,1,1.383,
16696.7,heavy,3101,0,8.462,
16700.0,light-3,3103,1,5.419,
16700.0,light-1,3101,1,5.770,
16700.0,light-4,3101,1,5.628,
16700.0,light-2,3102,0,8.272,ECONNREFUSED
16700.0,light-5,3102,0,8.208,ECONNREFUSED
16700.0,heavy,3102,0,8.481,ECONNREFUSED
16703.3,heavy,3103,1,4.570,
16706.7,heavy,3103,0,3.966,
16710.0,heavy,3101,1,5.551,
16713.3,heavy,3102,0,4.011,ECONNREFUSED
16716.7,heavy,3103,0,1.644,
16720.0,heavy,3101,0,4.599,
16723.3,heavy,3102,0,3.976,ECONNREFUSED
16726.7,heavy,3103,1,1.793,
16730.0,heavy,3101,1,3.970,
16733.3,heavy,3102,0,2.488,ECONNREFUSED
16736.7,heavy,3103,0,1.714,
16740.0,heavy,3101,1,6.185,
16743.3,heavy,3102,0,4.454,ECONNREFUSED
16746.7,heavy,3103,1,2.434,
16750.0,heavy,3101,0,5.891,
16753.3,heavy,3102,0,4.752,ECONNREFUSED
16756.7,heavy,3103,0,1.663,
16760.0,heavy,3101,0,2.920,
16763.3,heavy,3102,0,2.781,ECONNREFUSED
16766.7,heavy,3103,1,1.383,
16770.0,heavy,3101,1,4.697,
16773.3,heavy,3102,0,2.964,ECONNREFUSED
16776.7,heavy,3103,1,1.589,
16780.0,heavy,3101,0,4.296,
16783.3,heavy,3102,0,3.503,ECONNREFUSED
16786.7,heavy,3103,0,1.538,
16790.0,heavy,3101,0,5.605,
16793.3,heavy,3102,0,5.732,ECONNREFUSED
16796.7,heavy,3103,1,2.768,
16800.0,light-2,3103,1,3.034,
16800.0,light-5,3103,1,3.047,
16800.0,light-3,3101,1,5.322,
16800.0,light-1,3102,0,6.248,ECONNREFUSED
16800.0,light-4,3102,0,6.137,ECONNREFUSED
16800.0,heavy,3101,0,6.001,
16803.3,heavy,3101,0,3.248,
16806.7,heavy,3102,0,2.935,ECONNREFUSED
16810.0,heavy,3103,1,1.271,
16813.3,heavy,3101,1,4.703,
16816.7,heavy,3102,0,3.350,ECONNREFUSED
16820.0,heavy,3103,0,1.316,
16823.3,heavy,3101,1,3.619,
16826.7,heavy,3102,0,2.093,ECONNREFUSED
16830.0,heavy,3103,0,1.295,
16833.3,heavy,3101,1,4.972,
16836.7,heavy,3102,0,4.226,ECONNREFUSED
16840.0,heavy,3103,1,1.192,
16843.3,heavy,3101,0,4.579,
16846.7,heavy,3102,0,3.655,ECONNREFUSED
16850.0,heavy,3103,0,2.125,
16853.3,heavy,3101,1,5.948,
16856.7,heavy,3102,0,3.400,ECONNREFUSED
16860.0,heavy,3103,1,1.086,
16863.3,heavy,3101,0,4.684,
16866.7,heavy,3102,0,3.364,ECONNREFUSED
16870.0,heavy,3103,0,1.631,
16873.3,heavy,3101,0,4.668,
16876.7,heavy,3102,0,3.362,ECONNREFUSED
16880.0,heavy,3103,1,1.196,
16883.3,heavy,3101,1,4.056,
16886.7,heavy,3102,0,2.412,ECONNREFUSED
16890.0,heavy,3103,0,1.147,
16893.3,heavy,3101,1,3.585,
16896.7,heavy,3102,0,3.347,ECONNREFUSED
16900.0,light-1,3101,1,2.494,
16900.0,light-3,3103,1,2.967,
16900.0,light-4,3101,1,4.115,
16900.0,light-2,3102,0,5.267,ECONNREFUSED
16900.0,light-5,3102,0,5.954,ECONNREFUSED
16900.0,heavy,3103,0,2.517,
16903.3,heavy,3103,1,2.211,
16906.7,heavy,3101,0,3.151,
16910.0,heavy,3102,0,1.786,ECONNREFUSED
16913.3,heavy,3103,1,2.248,
16916.7,heavy,3101,0,3.527,
16920.0,heavy,3102,0,3.038,ECONNREFUSED
16923.3,heavy,3103,1,1.812,
16926.7,heavy,3101,0,2.832,
16930.0,heavy,3102,0,3.563,ECONNREFUSED
16933.3,heavy,3103,1,1.779,
16936.7,heavy,3101,0,4.240,
16940.0,heavy,3102,0,3.958,ECONNREFUSED
16943.3,heavy,3103,1,1.391,
16946.7,heavy,3101,0,3.591,
16950.0,heavy,3102,0,3.651,ECONNREFUSED
16953.3,heavy,3103,1,2.119,
16956.7,heavy,3101,0,2.192,
16960.0,heavy,3102,0,11.138,ECONNREFUSED
16963.3,heavy,3103,1,6.750,
16966.7,heavy,3101,1,7.756,
16970.0,heavy,3102,0,8.058,ECONNREFUSED
16973.3,heavy,3103,0,6.527,
16976.7,heavy,3101,0,4.363,
16980.0,heavy,3102,0,2.690,ECONNREFUSED
16983.3,heavy,3103,1,1.305,
16986.7,heavy,3101,0,3.251,
16990.0,heavy,3102,0,2.670,ECONNREFUSED
16993.3,heavy,3103,1,1.342,
16996.7,heavy,3101,0,3.001,
17000.0,light-2,3101,1,1.576,
17000.0,light-1,3103,1,1.752,
17000.0,light-4,3103,1,2.190,
17000.0,light-5,3101,1,2.265,
17000.0,light-3,3102,0,3.872,ECONNREFUSED
17000.0,heavy,3102,0,3.970,ECONNREFUSED
17003.3,heavy,3102,0,2.416,ECONNREFUSED
17006.7,heavy,3103,1,1.271,
17010.0,heavy,3101,0,2.622,
17013.3,heavy,3102,0,2.317,ECONNREFUSED
17016.7,heavy,3103,1,2.097,
17020.0,heavy,3101,1,3.300,
17023.3,heavy,3102,0,2.895,ECONNREFUSED
17026.7,heavy,3103,0,1.218,
17030.0,heavy,3101,1,4.567,
17033.3,heavy,3102,0,3.257,ECONNREFUSED
17036.7,heavy,3103,1,2.026,
17040.0,heavy,3101,0,4.103,
17043.3,heavy,3102,0,4.017,ECONNREFUSED
17046.7,heavy,3103,0,1.356,
17050.0,heavy,3101,0,3.721,
17053.3,heavy,3102,0,2.787,ECONNREFUSED
17056.7,heavy,3103,1,1.558,
17060.0,heavy,3101,0,2.332,
17063.3,heavy,3102,0,3.534,ECONNREFUSED
17066.7,heavy,3103,1,2.199,
17070.0,heavy,3101,1,4.108,
17073.3,heavy,3102,0,4.111,ECONNREFUSED
17076.7,heavy,3103,0,1.131,
17080.0,heavy,3101,0,3.342,
17083.3,heavy,3102,0,3.429,ECONNREFUSED
17086.7,heavy,3103,1,1.067,
17090.0,heavy,3101,0,2.488,
17093.3,heavy,3102,0,5.406,ECONNREFUSED
17096.7,heavy,3103,1,2.742,
17100.0,light-2,3103,1,3.597,
17100.0,light-1,3102,0,4.989,ECONNREFUSED
17100.0,light-4,3102,0,4.970,ECONNREFUSED
17100.0,light-5,3103,1,6.410,
17100.0,light-3,3101,1,6.751,
17100.0,heavy,3101,1,5.911,
17103.3,heavy,3101,0,3.988,
17106.7,heavy,3102,0,4.532,ECONNREFUSED
17110.0,heavy,3103,0,0.929,
17113.3,heavy,3101,1,3.267,
17116.7,heavy,3102,0,2.224,ECONNREFUSED
17120.0,heavy,3103,0,1.101,
17123.3,heavy,3101,0,3.103,
17126.7,heavy,3102,0,2.434,ECONNREFUSED
17130.0,heavy,3103,1,1.307,
17133.3,heavy,3101,1,4.140,
17136.7,heavy,3102,0,3.013,ECONNREFUSED
17140.0,heavy,3103,1,1.663,
17143.3,heavy,3101,0,3.777,
17146.7,heavy,3102,0,3.057,ECONNREFUSED
17150.0,heavy,3103,0,0.983,
17153.3,heavy,3101,0,3.388,
17156.7,heavy,3102,0,2.970,ECONNREFUSED
17160.0,heavy,3103,1,1.502,
17163.3,heavy,3101,1,3.616,
17166.7,heavy,3102,0,2.090,ECONNREFUSED
17170.0,heavy,3103,0,0.993,
17173.3,heavy,3101,1,4.847,
17176.7,heavy,3102,0,3.684,ECONNREFUSED
17180.0,heavy,3103,1,1.733,
17183.3,heavy,3101,0,4.541,
17186.7,heavy,3102,0,4.988,ECONNREFUSED
17190.0,heavy,3103,0,2.360,
17193.3,heavy,3101,1,3.359,
17196.7,heavy,3102,0,2.690,ECONNREFUSED
17200.0,light-1,3101,1,2.149,
17200.0,light-3,3103,1,2.040,
17200.0,light-4,3101,1,2.629,
17200.0,light-2,3102,0,3.476,ECONNREFUSED
17200.0,light-5,3102,0,3.978,ECONNREFUSED
17200.0,heavy,3103,0,2.141,
17203.3,heavy,3103,1,0.964,
17206.7,heavy,3101,0,4.016,
17210.0,heavy,3102,0,4.857,ECONNREFUSED
17213.3,heavy,3103,1,1.363,
17216.7,heavy,3101,0,3.688,
17220.0,heavy,3102,0,4.987,ECONNREFUSED
17223.3,heavy,3103,0,1.624,
17226.7,heavy,3101,1,5.836,
17230.0,heavy,3102,0,5.338,ECONNREFUSED
17233.3,heavy,3103,1,2.057,
17236.7,heavy,3101,0,4.341,
17240.0,heavy,3102,0,4.104,ECONNREFUSED
17243.3,heavy,3103,1,1.062,
17246.7,heavy,3101,1,3.670,
17250.0,heavy,3102,0,3.103,ECONNREFUSED
17253.3,heavy,3103,0,1.052,
17256.7,heavy,3101,0,3.503,
17260.0,heavy,3102,0,2.810,ECONNREFUSED
17263.3,heavy,3103,1,1.011,
17266.7,heavy,3101,0,3.134,
17270.0,heavy,3102,0,2.365,ECONNREFUSED
17273.3,heavy,3103,1,2.018,
17276.7,heavy,3101,0,3.436,
17280.0,heavy,3102,0,2.918,ECONNREFUSED
17283.3,heavy,3103,1,1.170,
17286.7,heavy,3101,0,4.017,
17290.0,heavy,3102,0,4.672,ECONNREFUSED
17293.3,heavy,3103,1,1.065,
17296.7,heavy,3101,0,3.664,
17300.0,light-5,3101,1,2.646,
17300.0,light-4,3103,1,3.390,
17300.0,light-1,3103,1,4.078,
17300.0,light-3,3102,0,4.271,ECONNREFUSED
17300.0,light-2,3101,1,5.441,
17300.0,heavy,3102,0,7.475,ECONNREFUSED
17303.3,heavy,3102,0,3.761,ECONNREFUSED
17306.7,heavy,3103,1,1.332,
17310.0,heavy,3101,1,4.652,
17313.3,heavy,3102,0,3.560,ECONNREFUSED
17316.7,heavy,3103,1,1.872,
17320.0,heavy,3101,0,3.993,
17323.3,heavy,3102,0,3.293,ECONNREFUSED
17326.7,heavy,3103,0,0.897,
17330.0,heavy,3101,0,4.216,
17333.3,heavy,3102,0,3.260,ECONNREFUSED
17336.7,heavy,3103,1,1.916,
17340.0,heavy,3101,0,2.541,
17343.3,heavy,3102,0,3.450,ECONNREFUSED
17346.7,heavy,3103,1,1.624,
17350.0,heavy,3101,1,4.414,
17353.3,heavy,3102,0,3.248,ECONNREFUSED
17356.7,heavy,3103,0,1.417,
17360.0,heavy,3101,1,4.097,
17363.3,heavy,3102,0,2.930,ECONNREFUSED
17366.7,heavy,3103,1,1.556,
17370.0,heavy,3101,0,3.780,
17373.3,heavy,3102,0,3.406,ECONNREFUSED
17376.7,heavy,3103,0,1.254,
17380.0,heavy,3101,0,3.903,
17383.3,heavy,3102,0,3.121,ECONNREFUSED
17386.7,heavy,3103,1,1.991,
17390.0,heavy,3101,0,1.973,
17393.3,heavy,3102,0,12.498,ECONNREFUSED
17396.7,heavy,3103,1,3.304,
17400.0,light-1,3103,1,3.711,
17400.0,light-4,3103,1,3.669,
17400.0,light-2,3101,1,6.389,
17400.0,light-5,3101,1,6.420,
17400.0,light-3,3102,0,7.030,ECONNREFUSED
17400.0,heavy,3101,1,10.378,
17403.3,heavy,3102,0,5.240,ECONNREFUSED
17406.7,heavy,3102,0,8.077,ECONNREFUSED
17410.0,heavy,3103,0,4.667,
17413.3,heavy,3101,1,7.021,
17416.7,heavy,3102,0,5.063,ECONNREFUSED
17420.0,heavy,3103,0,2.492,
17423.3,heavy,3101,1,4.025,
17426.7,heavy,3102,0,3.221,ECONNREFUSED
17430.0,heavy,3103,0,2.001,
17433.3,heavy,3101,1,3.892,
17436.7,heavy,3102,0,3.183,ECONNREFUSED
17440.0,heavy,3103,1,1.632,
17443.3,heavy,3101,0,4.194,
17446.7,heavy,3102,0,2.948,ECONNREFUSED
17450.0,heavy,3103,0,1.298,
17453.3,heavy,3101,1,3.953,
17456.7,heavy,3102,0,3.178,ECONNREFUSED
17460.0,heavy,3103,0,1.369,
17463.3,heavy,3101,1,3.340,
17466.7,heavy,3102,0,2.368,ECONNREFUSED
17470.0,heavy,3103,1,1.357,
17473.3,heavy,3101,0,2.783,
17476.7,heavy,3102,0,2.731,ECONNREFUSED
17480.0,heavy,3103,1,1.299,
17483.3,heavy,3101,0,3.435,
17486.7,heavy,3102,0,4.170,ECONNREFUSED
17490.0,heavy,3103,0,1.527,
17493.3,heavy,3101,1,3.520,
17496.7,heavy,3102,0,2.457,ECONNREFUSED
17500.0,light-2,3103,1,4.253,
17500.0,light-3,3101,1,4.337,
17500.0,light-5,3103,1,4.291,
17500.0,light-1,3102,0,4.986,ECONNREFUSED
17500.0,light-4,3102,0,5.384,ECONNREFUSED
17500.0,heavy,3103,1,3.105,
17503.3,heavy,3101,0,5.302,
17506.7,heavy,3101,0,2.644,
17510.0,heavy,3102,0,2.321,ECONNREFUSED
17513.3,heavy,3103,1,2.099,
17516.7,heavy,3101,0,4.123,
17520.0,heavy,3102,0,3.475,ECONNREFUSED
17523.3,heavy,3103,0,1.629,
17526.7,heavy,3101,1,3.868,
17530.0,heavy,3102,0,4.683,ECONNREFUSED
17533.3,heavy,3103,1,1.993,
17536.7,heavy,3101,0,5.075,
17540.0,heavy,3102,0,2.787,ECONNREFUSED
17543.3,heavy,3103,0,1.106,
17546.7,heavy,3101,1,4.283,
17550.0,heavy,3102,0,3.149,ECONNREFUSED
17553.3,heavy,3103,1,1.703,
17556.7,heavy,3101,0,3.861,
17560.0,heavy,3102,0,3.461,ECONNREFUSED
17563.3,heavy,3103,0,0.936,
17566.7,heavy,3101,1,3.828,
17570.0,heavy,3102,0,2.775,ECONNREFUSED
17573.3,heavy,3103,1,1.460,
17576.7,heavy,3101,0,2.758,
17580.0,heavy,3102,0,2.158,ECONNREFUSED
17583.3,heavy,3103,1,1.508,
17586.7,heavy,3101,0,3.219,
17590.0,heavy,3102,0,2.179,ECONNREFUSED
17593.3,heavy,3103,1,2.566,
17596.7,heavy,3101,1,5.817,
17600.0,light-1,3103,1,3.290,
17600.0,light-4,3103,1,3.835,
17600.0,light-2,3101,1,4.163,
17600.0,light-5,3101,1,4.057,
17600.0,light-3,3102,0,5.682,ECONNREFUSED
17600.0,heavy,3102,0,5.516,ECONNREFUSED
17603.3,heavy,3102,0,6.024,ECONNREFUSED
17606.7,heavy,3103,0,1.250,
17610.0,heavy,3101,0,2.601,
17613.3,heavy,3102,0,2.719,ECONNREFUSED
17616.7,heavy,3103,1,1.455,
17620.0,heavy,3101,1,5.162,
17623.3,heavy,3102,0,3.214,ECONNREFUSED
17626.7,heavy,3103,1,1.714,
17630.0,heavy,3101,0,4.848,
17633.3,heavy,3102,0,2.942,ECONNREFUSED
17636.7,heavy,3103,0,0.836,
17640.0,heavy,3101,0,4.243,
17643.3,heavy,3102,0,4.472,ECONNREFUSED
17646.7,heavy,3103,1,2.796,
17650.0,heavy,3101,0,3.486,
17653.3,heavy,3102,0,4.226,ECONNREFUSED
17656.7,heavy,3103,1,1.503,
17660.0,heavy,3101,1,5.511,
17663.3,heavy,3102,0,2.233,ECONNREFUSED
17666.7,heavy,3103,0,2.001,
17670.0,heavy,3101,0,3.785,
17673.3,heavy,3102,0,2.624,ECONNREFUSED
17676.7,heavy,3103,1,1.203,
17680.0,heavy,3101,1,5.291,
17683.3,heavy,3102,0,4.324,ECONNREFUSED
17686.7,heavy,3103,1,1.442,
17690.0,heavy,3101,0,5.196,
17693.3,heavy,3102,0,4.969,ECONNREFUSED
17696.7,heavy,3103,0,1.858,
17700.0,light-2,3103,1,1.904,
17700.0,light-5,3103,1,2.524,
17700.0,light-3,3101,1,3.522,
17700.0,light-1,3102,0,4.181,ECONNREFUSED
17700.0,light-4,3102,0,5.083,ECONNREFUSED
17700.0,heavy,3101,0,5.237,
17703.3,heavy,3101,1,4.161,
17706.7,heavy,3102,0,4.206,ECONNREFUSED
17710.0,heavy,3103,0,2.222,
17713.3,heavy,3101,1,4.151,
17716.7,heavy,3102,0,2.747,ECONNREFUSED
17720.0,heavy,3103,0,1.045,
17723.3,heavy,3101,1,3.529,
17726.7,heavy,3102,0,2.935,ECONNREFUSED
17730.0,heavy,3103,0,1.169,
17733.3,heavy,3101,0,4.051,
17736.7,heavy,3102,0,3.254,ECONNREFUSED
17740.0,heavy,3103,1,1.434,
17743.3,heavy,3101,1,4.825,
17746.7,heavy,3102,0,2.816,ECONNREFUSED
17750.0,heavy,3103,0,1.174,
17753.3,heavy,3101,1,4.131,
17756.7,heavy,3102,0,3.313,ECONNREFUSED
17760.0,heavy,3103,0,1.081,
17763.3,heavy,3101,1,5.098,
17766.7,heavy,3102,0,3.053,ECONNREFUSED
17770.0,heavy,3103,0,1.104,
17773.3,heavy,3101,1,5.260,
17776.7,heavy,3102,0,3.003,ECONNREFUSED
17780.0,heavy,3103,1,1.516,
17783.3,heavy,3101,0,5.146,
17786.7,heavy,3102,0,4.612,ECONNREFUSED
17790.0,heavy,3103,0,2.002,
17793.3,heavy,3101,1,8.265,
17796.7,heavy,3102,0,7.614,ECONNREFUSED
17800.0,light-2,3103,1,4.088,
17800.0,light-5,3103,1,3.679,
17800.0,light-3,3101,1,6.142,
17800.0,light-1,3102,0,7.836,ECONNREFUSED
17800.0,light-4,3102,0,7.424,ECONNREFUSED
17800.0,heavy,3103,1,4.329,
17803.3,heavy,3101,0,7.602,
17806.7,heavy,3101,0,5.532,
17810.0,heavy,3102,0,4.527,ECONNREFUSED
17813.3,heavy,3103,1,1.565,
17816.7,heavy,3101,0,3.465,
17820.0,heavy,3102,0,2.346,ECONNREFUSED
17823.3,heavy,3103,0,1.125,
17826.7,heavy,3101,1,4.710,
17830.0,heavy,3102,0,3.441,ECONNREFUSED
17833.3,heavy,3103,1,1.081,
17836.7,heavy,3101,0,4.390,
17840.0,heavy,3102,0,2.856,ECONNREFUSED
17843.3,heavy,3103,1,2.284,
17846.7,heavy,3101,1,3.686,
17850.0,heavy,3102,0,3.137,ECONNREFUSED
17853.3,heavy,3103,0,1.327,
17856.7,heavy,3101,0,3.640,
17860.0,heavy,3102,0,4.308,ECONNREFUSED
17863.3,heavy,3103,1,1.088,
17866.7,heavy,3101,0,3.204,
17870.0,heavy,3102,0,3.005,ECONNREFUSED
17873.3,heavy,3103,1,2.085,
17876.7,heavy,3101,0,3.746,
17880.0,heavy,3102,0,2.938,ECONNREFUSED
17883.3,heavy,3103,1,1.813,
17886.7,heavy,3101,0,2.413,
17890.0,heavy,3102,0,4.713,ECONNREFUSED
17893.3,heavy,3103,1,2.043,
17896.7,heavy,3101,0,6.148,
17900.0,light-1,3103,1,1.585,
17900.0,light-4,3103,1,2.127,
17900.0,light-2,3101,1,3.281,
17900.0,light-5,3101,1,4.713,
17900.0,light-3,3102,0,6.634,ECONNREFUSED
17900.0,heavy,3102,0,6.747,ECONNREFUSED
17903.3,heavy,3102,0,4.549,ECONNREFUSED
17906.7,heavy,3103,1,1.142,
17910.0,heavy,3101,1,5.794,
17913.3,heavy,3102,0,3.021,ECONNREFUSED
17916.7,heavy,3103,1,1.887,
17920.0,heavy,3101,0,5.436,
17923.3,heavy,3102,0,2.973,ECONNREFUSED
17926.7,heavy,3103,0,1.217,
17930.0,heavy,3101,0,3.166,
17933.3,heavy,3102,0,2.593,ECONNREFUSED
17936.7,heavy,3103,1,1.647,
17940.0,heavy,3101,0,1.736,
17943.3,heavy,3102,0,4.076,ECONNREFUSED
17946.7,heavy,3103,1,1.846,
17950.0,heavy,3101,1,4.324,
17953.3,heavy,3102,0,4.123,ECONNREFUSED
17956.7,heavy,3103,0,1.411,
17960.0,heavy,3101,0,4.293,
17963.3,heavy,3102,0,3.502,ECONNREFUSED
17966.7,heavy,3103,1,1.803,
17970.0,heavy,3101,0,3.901,
17973.3,heavy,3102,0,3.143,ECONNREFUSED
17976.7,heavy,3103,1,1.316,
17980.0,heavy,3101,0,3.495,
17983.3,heavy,3102,0,2.698,ECONNREFUSED
17986.7,heavy,3103,1,1.090,
17990.0,heavy,3101,1,7.808,
17993.3,heavy,3102,0,7.011,ECONNREFUSED
17996.7,heavy,3103,1,3.236,
18000.0,light-2,3103,1,3.808,
18000.0,light-5,3103,1,4.456,
18000.0,light-3,3101,1,5.513,
18000.0,light-1,3102,0,6.846,ECONNREFUSED
18000.0,light-4,3102,0,7.347,ECONNREFUSED
18000.0,heavy,3101,0,7.290,
18003.3,heavy,3101,0,4.889,
18006.7,heavy,3102,0,6.474,ECONNREFUSED
18010.0,heavy,3103,0,2.291,
18013.3,heavy,3101,1,3.908,
18016.7,heavy,3102,0,2.286,ECONNREFUSED
18020.0,heavy,3103,0,1.369,
18023.3,heavy,3101,1,4.169,
18026.7,heavy,3102,0,2.760,ECONNREFUSED
18030.0,heavy,3103,1,1.631,
18033.3,heavy,3101,0,3.741,
18036.7,heavy,3102,0,1.968,ECONNREFUSED
18040.0,heavy,3103,1,1.823,
18043.3,heavy,3101,0,3.349,
18046.7,heavy,3102,0,2.831,ECONNREFUSED
18050.0,heavy,3103,0,1.284,
18053.3,heavy,3101,1,4.856,
18056.7,heavy,3102,0,4.076,ECONNREFUSED
18060.0,heavy,3103,1,1.454,
18063.3,heavy,3101,0,4.478,
18066.7,heavy,3102,0,3.041,ECONNREFUSED
18070.0,heavy,3103,0,1.233,
18073.3,heavy,3101,0,4.008,
18076.7,heavy,3102,0,2.954,ECONNREFUSED
18080.0,heavy,3103,1,1.282,
18083.3,heavy,3101,1,5.168,
18086.7,heavy,3102,0,3.988,ECONNREFUSED
18090.0,heavy,3103,1,2.092,
18093.3,heavy,3101,0,4.782,
18096.7,heavy,3102,0,5.882,ECONNREFUSED
18100.0,light-1,3101,1,3.502,
18100.0,light-3,3103,1,3.538,
18100.0,light-4,3101,1,5.251,
18100.0,light-2,3102,0,6.499,ECONNREFUSED
18100.0,light-5,3102,0,6.452,ECONNREFUSED
18100.0,heavy,3103,0,3.950,
18103.3,heavy,3103,0,2.349,
18106.7,heavy,3101,1,5.579,
18110.0,heavy,3102,0,4.053,ECONNREFUSED
18113.3,heavy,3103,1,1.478,
18116.7,heavy,3101,0,3.280,
18120.0,heavy,3102,0,2.593,ECONNREFUSED
18123.3,heavy,3103,1,1.020,
18126.7,heavy,3101,0,2.602,
18130.0,heavy,3102,0,4.335,ECONNREFUSED
18133.3,heavy,3103,1,1.967,
18136.7,heavy,3101,1,4.718,
18140.0,heavy,3102,0,5.138,ECONNREFUSED
18143.3,heavy,3103,0,2.357,
18146.7,heavy,3101,0,2.936,
18150.0,heavy,3102,0,3.134,ECONNREFUSED
18153.3,heavy,3103,1,1.386,
18156.7,heavy,3101,0,3.081,
18160.0,heavy,3102,0,2.668,ECONNREFUSED
18163.3,heavy,3103,1,2.249,
18166.7,heavy,3101,0,3.661,
18170.0,heavy,3102,0,3.359,ECONNREFUSED
18173.3,heavy,3103,1,1.894,
18176.7,heavy,3101,0,3.466,
18180.0,heavy,3102,0,2.249,ECONNREFUSED
18183.3,heavy,3103,1,1.355,
18186.7,heavy,3101,0,3.162,
18190.0,heavy,3102,0,2.299,ECONNREFUSED
18193.3,heavy,3103,1,1.806,
18196.7,heavy,3101,0,4.568,
18200.0,light-3,3103,1,2.765,
18200.0,light-1,3101,1,3.431,
18200.0,light-4,3101,1,3.384,
18200.0,light-2,3102,0,4.483,ECONNREFUSED
18200.0,light-5,3102,0,5.201,ECONNREFUSED
18200.0,heavy,3102,0,5.909,ECONNREFUSED
18203.3,heavy,3103,1,2.225,
18206.7,heavy,3103,0,1.668,
18210.0,heavy,3101,0,3.099,
18213.3,heavy,3102,0,2.211,ECONNREFUSED
18216.7,heavy,3103,1,1.668,
18220.0,heavy,3101,0,3.179,
18223.3,heavy,3102,0,2.402,ECONNREFUSED
18226.7,heavy,3103,1,1.944,
18230.0,heavy,3101,0,2.944,
18233.3,heavy,3102,0,2.604,ECONNREFUSED
18236.7,heavy,3103,1,1.804,
18240.0,heavy,3101,1,5.766,
18243.3,heavy,3102,0,3.842,ECONNREFUSED
18246.7,heavy,3103,1,2.056,
18250.0,heavy,3101,0,5.250,
18253.3,heavy,3102,0,4.599,ECONNREFUSED
18256.7,heavy,3103,0,1.088,
18260.0,heavy,3101,0,3.822,
18263.3,heavy,3102,0,2.793,ECONNREFUSED
18266.7,heavy,3103,1,1.636,
18270.0,heavy,3101,0,3.332,
18273.3,heavy,3102,0,2.331,ECONNREFUSED
18276.7,heavy,3103,1,1.529,
18280.0,heavy,3101,1,4.525,
18283.3,heavy,3102,0,3.592,ECONNREFUSED
18286.7,heavy,3103,0,1.600,
18290.0,heavy,3101,0,6.919,
18293.3,heavy,3102,0,6.395,ECONNREFUSED
18296.7,heavy,3103,1,2.934,
18300.0,light-2,3103,1,2.390,
18300.0,light-1,3102,0,6.198,ECONNREFUSED
18300.0,light-5,3103,1,6.094,
18300.0,light-4,3102,0,7.340,ECONNREFUSED
18300.0,light-3,3101,1,7.608,
18300.0,heavy,3101,0,6.518,
18303.3,heavy,3101,1,4.597,
18306.7,heavy,3102,0,2.819,ECONNREFUSED
18310.0,heavy,3103,0,1.143,
18313.3,heavy,3101,1,3.664,
18316.7,heavy,3102,0,3.237,ECONNREFUSED
18320.0,heavy,3103,0,1.236,
18323.3,heavy,3101,0,3.376,
18326.7,heavy,3102,0,2.519,ECONNREFUSED
18330.0,heavy,3103,1,1.423,
18333.3,heavy,3101,1,3.618,
18336.7,heavy,3102,0,2.938,ECONNREFUSED
18340.0,heavy,3103,0,1.219,
18343.3,heavy,3101,1,4.737,
18346.7,heavy,3102,0,2.944,ECONNREFUSED
18350.0,heavy,3103,0,1.063,
18353.3,heavy,3101,1,4.175,
18356.7,heavy,3102,0,3.082,ECONNREFUSED
18360.0,heavy,3103,1,1.777,
18363.3,heavy,3101,0,3.053,
18366.7,heavy,3102,0,2.911,ECONNREFUSED
18370.0,heavy,3103,0,1.438,
18373.3,heavy,3101,1,5.739,
18376.7,heavy,3102,0,3.665,ECONNREFUSED
18380.0,heavy,3103,0,2.450,
18383.3,heavy,3101,0,2.493,
18386.7,heavy,3102,0,4.459,ECONNREFUSED
18390.0,heavy,3103,1,1.641,
18393.3,heavy,3101,1,5.867,
18396.7,heavy,3102,0,4.973,ECONNREFUSED
18400.0,light-1,3101,1,2.543,
18400.0,light-4,3101,1,2.497,
18400.0,light-3,3103,1,3.030,
18400.0,light-2,3102,0,4.953,ECONNREFUSED
18400.0,light-5,3102,0,5.892,ECONNREFUSED
18400.0,heavy,3103,0,2.836,
18403.3,heavy,3103,0,1.816,
18406.7,heavy,3101,1,4.538,
18410.0,heavy,3102,0,3.635,ECONNREFUSED
18413.3,heavy,3103,1,1.282,
18416.7,heavy,3101,0,4.534,
18420.0,heavy,3102,0,3.111,ECONNREFUSED
18423.3,heavy,3103,1,1.481,
18426.7,heavy,3101,0,3.669,
18430.0,heavy,3102,0,1.978,ECONNREFUSED
18433.3,heavy,3103,1,1.169,
18436.7,heavy,3101,0,3.662,
18440.0,heavy,3102,0,1.904,ECONNREFUSED
18443.3,heavy,3103,1,2.220,
18446.7,heavy,3101,1,4.060,
18450.0,heavy,3102,0,3.234,ECONNREFUSED
18453.3,heavy,3103,0,1.360,
18456.7,heavy,3101,0,1.614,
18460.0,heavy,3102,0,2.665,ECONNREFUSED
18463.3,heavy,3103,1,1.190,
18466.7,heavy,3101,0,2.687,
18470.0,heavy,3102,0,4.203,ECONNREFUSED
18473.3,heavy,3103,1,2.096,
18476.7,heavy,3101,0,4.799,
18480.0,heavy,3102,0,5.194,ECONNREFUSED
18483.3,heavy,3103,1,1.842,
18486.7,heavy,3101,0,3.605,
18490.0,heavy,3102,0,2.196,ECONNREFUSED
18493.3,heavy,3103,1,1.494,
18496.7,heavy,3101,0,5.961,
18500.0,light-5,3101,1,3.594,
18500.0,light-3,3102,0,4.073,ECONNREFUSED
18500.0,light-4,3103,1,4.118,
18500.0,light-2,3101,1,5.239,
18500.0,light-1,3103,1,5.436,
18500.0,heavy,3102,0,3.203,ECONNREFUSED
18503.3,heavy,3102,0,3.080,ECONNREFUSED
18506.7,heavy,3103,1,1.044,
18510.0,heavy,3101,1,5.071,
18513.3,heavy,3102,0,4.251,ECONNREFUSED
18516.7,heavy,3103,0,1.357,
18520.0,heavy,3101,0,3.923,
18523.3,heavy,3102,0,2.698,ECONNREFUSED
18526.7,heavy,3103,1,1.442,
18530.0,heavy,3101,0,3.641,
18533.3,heavy,3102,0,2.271,ECONNREFUSED
18536.7,heavy,3103,1,1.463,
18540.0,heavy,3101,0,3.149,
18543.3,heavy,3102,0,2.752,ECONNREFUSED
18546.7,heavy,3103,1,0.876,
18550.0,heavy,3101,0,3.415,
18553.3,heavy,3102,0,2.705,ECONNREFUSED
18556.7,heavy,3103,1,1.341,
18560.0,heavy,3101,0,3.086,
18563.3,heavy,3102,0,2.349,ECONNREFUSED
18566.7,heavy,3103,1,2.288,
18570.0,heavy,3101,1,4.244,
18573.3,heavy,3102,0,3.504,ECONNREFUSED
18576.7,heavy,3103,0,1.732,
18580.0,heavy,3101,0,1.951,
18583.3,heavy,3102,0,3.003,ECONNREFUSED
18586.7,heavy,3103,1,1.355,
18590.0,heavy,3101,1,4.292,
18593.3,heavy,3102,0,3.169,ECONNREFUSED
18596.7,heavy,3103,0,1.202,
18600.0,light-3,3103,1,3.053,
18600.0,light-1,3101,1,4.394,
18600.0,light-4,3101,1,5.028,
18600.0,light-2,3102,0,5.911,ECONNREFUSED
18600.0,light-5,3102,0,7.029,ECONNREFUSED
18600.0,heavy,3101,0,6.268,
18603.3,heavy,3102,0,5.873,ECONNREFUSED
18606.7,heavy,3103,1,2.411,
18610.0,heavy,3103,0,3.188,
18613.3,heavy,3101,1,3.744,
18616.7,heavy,3102,0,2.996,ECONNREFUSED
18620.0,heavy,3103,0,1.293,
18623.3,heavy,3101,1,3.717,
18626.7,heavy,3102,0,2.658,ECONNREFUSED
18630.0,heavy,3103,0,1.047,
18633.3,heavy,3101,1,4.708,
18636.7,heavy,3102,0,3.830,ECONNREFUSED
18640.0,heavy,3103,0,1.754,
18643.3,heavy,3101,1,4.390,
18646.7,heavy,3102,0,3.123,ECONNREFUSED
18650.0,heavy,3103,1,1.545,
18653.3,heavy,3101,0,3.828,
18656.7,heavy,3102,0,2.812,ECONNREFUSED
18660.0,heavy,3103,0,1.368,
18663.3,heavy,3101,0,3.058,
18666.7,heavy,3102,0,2.483,ECONNREFUSED
18670.0,heavy,3103,1,1.423,
18673.3,heavy,3101,1,4.548,
18676.7,heavy,3102,0,3.552,ECONNREFUSED
18680.0,heavy,3103,1,1.504,
18683.3,heavy,3101,0,4.203,
18686.7,heavy,3102,0,4.122,ECONNREFUSED
18690.0,heavy,3103,0,1.521,
18693.3,heavy,3101,0,6.542,
18696.7,heavy,3102,0,6.581,ECONNREFUSED
18700.0,light-3,3103,1,3.566,
18700.0,light-1,3101,1,4.516,
18700.0,light-4,3101,1,4.748,
18700.0,light-2,3102,0,6.425,ECONNREFUSED
18700.0,light-5,3102,0,6.884,ECONNREFUSED
18700.0,heavy,3103,1,3.004,
18703.3,heavy,3103,1,3.404,
18706.7,heavy,3101,0,3.028,
18710.0,heavy,3102,0,3.076,ECONNREFUSED
18713.3,heavy,3103,1,1.661,
18716.7,heavy,3101,0,2.973,
18720.0,heavy,3102,0,2.979,ECONNREFUSED
18723.3,heavy,3103,1,1.149,
18726.7,heavy,3101,1,3.872,
18730.0,heavy,3102,0,3.175,ECONNREFUSED
18733.3,heavy,3103,0,1.360,
18736.7,heavy,3101,0,4.014,
18740.0,heavy,3102,0,3.408,ECONNREFUSED
18743.3,heavy,3103,1,1.753,
18746.7,heavy,3101,0,3.652,
18750.0,heavy,3102,0,2.742,ECONNREFUSED
18753.3,heavy,3103,0,1.131,
18756.7,heavy,3101,1,3.865,
18760.0,heavy,3102,0,2.566,ECONNREFUSED
18763.3,heavy,3103,1,1.387,
18766.7,heavy,3101,0,2.069,
18770.0,heavy,3102,0,3.638,ECONNREFUSED
18773.3,heavy,3103,1,1.918,
18776.7,heavy,3101,0,3.748,
18780.0,heavy,3102,0,3.345,ECONNREFUSED
18783.3,heavy,3103,1,1.962,
18786.7,heavy,3101,0,3.568,
18790.0,heavy,3102,0,3.245,ECONNREFUSED
18793.3,heavy,3103,1,2.291,
18796.7,heavy,3101,0,3.318,
18800.0,light-2,3101,1,1.359,
18800.0,light-1,3103,1,1.593,
18800.0,light-5,3101,1,3.057,
18800.0,light-4,3103,1,3.298,
18800.0,light-3,3102,0,5.538,ECONNREFUSED
18800.0,heavy,3102,0,4.812,ECONNREFUSED
18803.3,heavy,3102,0,4.474,ECONNREFUSED
18806.7,heavy,3103,1,1.245,
18810.0,heavy,3101,0,3.092,
18813.3,heavy,3102,0,2.222,ECONNREFUSED
18816.7,heavy,3103,1,1.909,
18820.0,heavy,3101,1,3.796,
18823.3,heavy,3102,0,3.093,ECONNREFUSED
18826.7,heavy,3103,0,1.339,
18830.0,heavy,3101,0,3.794,
18833.3,heavy,3102,0,3.026,ECONNREFUSED
18836.7,heavy,3103,1,1.699,
18840.0,heavy,3101,0,3.841,
18843.3,heavy,3102,0,2.301,ECONNREFUSED
18846.7,heavy,3103,1,1.672,
18850.0,heavy,3101,1,3.899,
18853.3,heavy,3102,0,4.167,ECONNREFUSED
18856.7,heavy,3103,0,2.223,
18860.0,heavy,3101,0,2.740,
18863.3,heavy,3102,0,3.262,ECONNREFUSED
18866.7,heavy,3103,1,1.555,
18870.0,heavy,3101,0,3.378,
18873.3,heavy,3102,0,2.746,ECONNREFUSED
18876.7,heavy,3103,1,1.521,
18880.0,heavy,3101,0,3.126,
18883.3,heavy,3102,0,2.306,ECONNREFUSED
18886.7,heavy,3103,1,1.457,
18890.0,heavy,3101,0,2.748,
18893.3,heavy,3102,0,6.069,ECONNREFUSED
18896.7,heavy,3103,1,2.787,
18900.0,light-2,3103,1,3.574,
18900.0,light-5,3103,1,4.002,
18900.0,light-1,3102,0,5.700,ECONNREFUSED
18900.0,light-4,3102,0,5.620,ECONNREFUSED
18900.0,light-3,3101,1,6.182,
18900.0,heavy,3101,1,7.070,
18903.3,heavy,3101,0,5.944,
18906.7,heavy,3102,0,3.788,ECONNREFUSED
18910.0,heavy,3103,0,1.199,
18913.3,heavy,3101,1,4.121,
18916.7,heavy,3102,0,2.446,ECONNREFUSED
18920.0,heavy,3103,0,0.952,
18923.3,heavy,3101,1,5.876,
18926.7,heavy,3102,0,2.599,ECONNREFUSED
18930.0,heavy,3103,1,2.000,
18933.3,heavy,3101,0,5.417,
18936.7,heavy,3102,0,1.803,ECONNREFUSED
18940.0,heavy,3103,1,1.407,
18943.3,heavy,3101,0,3.527,
18946.7,heavy,3102,0,2.980,ECONNREFUSED
18950.0,heavy,3103,0,0.962,
18953.3,heavy,3101,1,5.061,
18956.7,heavy,3102,0,3.577,ECONNREFUSED
18960.0,heavy,3103,1,1.934,
18963.3,heavy,3101,0,4.694,
18966.7,heavy,3102,0,4.174,ECONNREFUSED
18970.0,heavy,3103,0,1.200,
18973.3,heavy,3101,0,4.142,
18976.7,heavy,3102,0,3.627,ECONNREFUSED
18980.0,heavy,3103,1,2.060,
18983.3,heavy,3101,1,3.436,
18986.7,heavy,3102,0,4.571,ECONNREFUSED
18990.0,heavy,3103,0,1.554,
18993.3,heavy,3101,1,3.719,
18996.7,heavy,3102,0,2.119,ECONNREFUSED
19000.0,light-1,3101,1,2.210,
19000.0,light-3,3103,1,2.751,
19000.0,light-4,3101,1,3.387,
19000.0,light-2,3102,0,4.677,ECONNREFUSED
19000.0,light-5,3102,0,5.059,ECONNREFUSED
19000.0,heavy,3103,0,2.215,
19003.3,heavy,3103,1,2.109,
19006.7,heavy,3101,1,4.817,
19010.0,heavy,3102,0,3.107,ECONNREFUSED
19013.3,heavy,3103,0,2.161,
19016.7,heavy,3101,0,2.289,
19020.0,heavy,3102,0,3.877,ECONNREFUSED
19023.3,heavy,3103,1,1.776,
19026.7,heavy,3101,0,4.593,
19030.0,heavy,3102,0,3.367,ECONNREFUSED
19033.3,heavy,3103,1,1.254,
19036.7,heavy,3101,0,5.015,
19040.0,heavy,3102,0,4.067,ECONNREFUSED
19043.3,heavy,3103,1,2.090,
19046.7,heavy,3101,0,4.358,
19050.0,heavy,3102,0,3.806,ECONNREFUSED
19053.3,heavy,3103,1,1.632,
19056.7,heavy,3101,0,3.313,
19060.0,heavy,3102,0,2.354,ECONNREFUSED
19063.3,heavy,3103,1,2.278,
19066.7,heavy,3101,0,3.352,
19070.0,heavy,3102,0,3.076,ECONNREFUSED
19073.3,heavy,3103,1,1.928,
19076.7,heavy,3101,0,2.195,
19080.0,heavy,3102,0,4.670,ECONNREFUSED
19083.3,heavy,3103,1,2.213,
19086.7,heavy,3101,0,3.514,
19090.0,heavy,3102,0,4.592,ECONNREFUSED
19093.3,heavy,3103,1,1.780,
19096.7,heavy,3101,0,6.939,
19100.0,light-2,3103,1,3.936,
19100.0,light-5,3103,1,3.890,
19100.0,light-3,3101,1,4.977,
19100.0,light-1,3102,0,7.166,ECONNREFUSED
19100.0,light-4,3102,0,7.150,ECONNREFUSED
19100.0,heavy,3102,0,7.202,ECONNREFUSED
19103.3,heavy,3103,1,3.078,
19106.7,heavy,3101,0,6.667,
19110.0,heavy,3101,0,5.636,
19113.3,heavy,3102,0,4.221,ECONNREFUSED
19116.7,heavy,3103,1,1.199,
19120.0,heavy,3101,1,3.659,
19123.3,heavy,3102,0,2.854,ECONNREFUSED
19126.7,heavy,3103,0,0.868,
19130.0,heavy,3101,0,3.987,
19133.3,heavy,3102,0,3.011,ECONNREFUSED
19136.7,heavy,3103,1,1.656,
19140.0,heavy,3101,0,3.266,
19143.3,heavy,3102,0,4.794,ECONNREFUSED
19146.7,heavy,3103,1,2.640,
19150.0,heavy,3101,1,5.085,
19153.3,heavy,3102,0,4.493,ECONNREFUSED
19156.7,heavy,3103,0,1.963,
19160.0,heavy,3101,0,2.858,
19163.3,heavy,3102,0,3.372,ECONNREFUSED
19166.7,heavy,3103,1,1.990,
19170.0,heavy,3101,0,3.369,
19173.3,heavy,3102,0,2.167,ECONNREFUSED
19176.7,heavy,3103,1,1.246,
19180.0,heavy,3101,1,4.146,
19183.3,heavy,3102,0,3.150,ECONNREFUSED
19186.7,heavy,3103,0,1.320,
19190.0,heavy,3101,0,5.942,
19193.3,heavy,3102,0,7.559,ECONNREFUSED
19196.7,heavy,3103,1,2.547,
19200.0,light-2,3103,1,3.627,
19200.0,light-5,3103,1,3.526,
19200.0,light-3,3101,1,5.192,
19200.0,light-1,3102,0,5.850,ECONNREFUSED
19200.0,light-4,3102,0,6.877,ECONNREFUSED
19200.0,heavy,3101,0,6.050,
19203.3,heavy,3101,1,4.506,
19206.7,heavy,3102,0,3.990,ECONNREFUSED
19210.0,heavy,3103,0,1.179,
19213.3,heavy,3101,1,3.462,
19216.7,heavy,3102,0,2.492,ECONNREFUSED
19220.0,heavy,3103,0,1.160,
19223.3,heavy,3101,0,3.447,
19226.7,heavy,3102,0,2.727,ECONNREFUSED
19230.0,heavy,3103,1,1.458,
19233.3,heavy,3101,1,4.345,
19236.7,heavy,3102,0,2.948,ECONNREFUSED
19240.0,heavy,3103,0,1.387,
19243.3,heavy,3101,1,3.842,
19246.7,heavy,3102,0,1.927,ECONNREFUSED
19250.0,heavy,3103,0,1.231,
19253.3,heavy,3101,1,4.444,
19256.7,heavy,3102,0,3.065,ECONNREFUSED
19260.0,heavy,3103,1,1.887,
19263.3,heavy,3101,0,2.880,
19266.7,heavy,3102,0,2.132,ECONNREFUSED
19270.0,heavy,3103,1,1.627,
19273.3,heavy,3101,0,3.706,
19276.7,heavy,3102,0,4.012,ECONNREFUSED
19280.0,heavy,3103,0,1.337,
19283.3,heavy,3101,1,4.518,
19286.7,heavy,3102,0,3.299,ECONNREFUSED
19290.0,heavy,3103,1,1.804,
19293.3,heavy,3101,0,3.365,
19296.7,heavy,3102,0,2.389,ECONNREFUSED
19300.0,light-1,3101,1,1.781,
19300.0,light-3,3103,1,3.606,
19300.0,light-2,3102,0,4.653,ECONNREFUSED
19300.0,light-4,3101,1,4.953,
19300.0,light-5,3102,0,5.351,ECONNREFUSED
19300.0,heavy,3103,0,2.180,
19303.3,heavy,3103,1,2.192,
19306.7,heavy,3101,0,3.219,
19310.0,heavy,3102,0,3.705,ECONNREFUSED
19313.3,heavy,3103,1,1.380,
19316.7,heavy,3101,0,3.718,
19320.0,heavy,3102,0,2.951,ECONNREFUSED
19323.3,heavy,3103,1,1.347,
19326.7,heavy,3101,0,3.306,
19330.0,heavy,3102,0,2.861,ECONNREFUSED
19333.3,heavy,3103,1,1.202,
19336.7,heavy,3101,0,3.445,
19340.0,heavy,3102,0,2.257,ECONNREFUSED
19343.3,heavy,3103,1,1.072,
19346.7,heavy,3101,0,3.667,
19350.0,heavy,3102,0,2.919,ECONNREFUSED
19353.3,heavy,3103,1,1.555,
19356.7,heavy,3101,0,2.224,
19360.0,heavy,3102,0,4.362,ECONNREFUSED
19363.3,heavy,3103,1,2.833,
19366.7,heavy,3101,1,5.664,
19370.0,heavy,3102,0,5.319,ECONNREFUSED
19373.3,heavy,3103,0,1.797,
19376.7,heavy,3101,0,3.025,
19380.0,heavy,3102,0,2.467,ECONNREFUSED
19383.3,heavy,3103,1,1.153,
19386.7,heavy,3101,0,3.473,
19390.0,heavy,3102,0,2.314,ECONNREFUSED
19393.3,heavy,3103,1,2.835,
19396.7,heavy,3101,1,7.222,
19400.0,light-1,3103,1,3.452,
19400.0,light-4,3103,1,3.398,
19400.0,light-2,3101,1,5.068,
19400.0,light-5,3101,1,5.625,
19400.0,light-3,3102,0,7.362,ECONNREFUSED
19400.0,heavy,3102,0,6.365,ECONNREFUSED
19403.3,heavy,3102,0,7.349,ECONNREFUSED
19406.7,heavy,3103,0,3.526,
19410.0,heavy,3101,0,2.773,
19413.3,heavy,3102,0,2.889,ECONNREFUSED
19416.7,heavy,3103,1,1.023,
19420.0,heavy,3101,0,3.318,
19423.3,heavy,3102,0,2.219,ECONNREFUSED
19426.7,heavy,3103,1,2.085,
19430.0,heavy,3101,1,3.812,
19433.3,heavy,3102,0,3.086,ECONNREFUSED
19436.7,heavy,3103,0,1.205,
19440.0,heavy,3101,0,5.756,
19443.3,heavy,3102,0,2.933,ECONNREFUSED
19446.7,heavy,3103,1,2.352,
19450.0,heavy,3101,0,4.571,
19453.3,heavy,3102,0,2.534,ECONNREFUSED
19456.7,heavy,3103,1,1.174,
19460.0,heavy,3101,1,3.612,
19463.3,heavy,3102,0,2.082,ECONNREFUSED
19466.7,heavy,3103,0,0.972,
19470.0,heavy,3101,0,3.462,
19473.3,heavy,3102,0,2.780,ECONNREFUSED
19476.7,heavy,3103,1,1.595,
19480.0,heavy,3101,0,2.014,
19483.3,heavy,3102,0,4.324,ECONNREFUSED
19486.7,heavy,3103,1,2.067,
19490.0,heavy,3101,1,4.375,
19493.3,heavy,3102,0,4.669,ECONNREFUSED
19496.7,heavy,3103,0,2.323,
19500.0,light-2,3103,1,2.473,
19500.0,light-1,3102,0,3.903,ECONNREFUSED
19500.0,light-4,3102,0,4.157,ECONNREFUSED
19500.0,light-3,3101,1,5.724,
19500.0,light-5,3103,1,6.221,
19500.0,heavy,3101,0,5.052,
19503.3,heavy,3101,0,2.343,
19506.7,heavy,3102,0,2.303,ECONNREFUSED
19510.0,heavy,3103,1,1.408,
19513.3,heavy,3101,1,4.733,
19516.7,heavy,3102,0,5.102,ECONNREFUSED
19520.0,heavy,3103,1,1.557,
19523.3,heavy,3101,0,4.426,
19526.7,heavy,3102,0,2.752,ECONNREFUSED
19530.0,heavy,3103,0,1.995,
19533.3,heavy,3101,1,4.103,
19536.7,heavy,3102,0,2.779,ECONNREFUSED
19540.0,heavy,3103,1,1.720,
19543.3,heavy,3101,0,3.032,
19546.7,heavy,3102,0,2.260,ECONNREFUSED
19550.0,heavy,3103,1,1.394,
19553.3,heavy,3101,0,3.569,
19556.7,heavy,3102,0,2.961,ECONNREFUSED
19560.0,heavy,3103,0,1.431,
19563.3,heavy,3101,1,4.051,
19566.7,heavy,3102,0,2.541,ECONNREFUSED
19570.0,heavy,3103,1,1.391,
19573.3,heavy,3101,0,3.835,
19576.7,heavy,3102,0,2.131,ECONNREFUSED
19580.0,heavy,3103,1,2.217,
19583.3,heavy,3101,0,3.398,
19586.7,heavy,3102,0,3.657,ECONNREFUSED
19590.0,heavy,3103,0,1.233,
19593.3,heavy,3101,1,6.197,
19596.7,heavy,3102,0,5.804,ECONNREFUSED
19600.0,light-2,3103,1,3.276,
19600.0,light-5,3103,1,3.244,
19600.0,light-3,3101,1,5.015,
19600.0,light-1,3102,0,6.156,ECONNREFUSED
19600.0,light-4,3102,0,6.211,ECONNREFUSED
19600.0,heavy,3103,1,2.626,
19603.3,heavy,3101,0,5.875,
19606.7,heavy,3101,0,3.175,
19610.0,heavy,3102,0,2.772,ECONNREFUSED
19613.3,heavy,3103,1,1.273,
19616.7,heavy,3101,0,3.289,
19620.0,heavy,3102,0,3.789,ECONNREFUSED
19623.3,heavy,3103,1,1.678,
19626.7,heavy,3101,0,3.840,
19630.0,heavy,3102,0,3.163,ECONNREFUSED
19633.3,heavy,3103,1,1.613,
19636.7,heavy,3101,0,2.808,
19640.0,heavy,3102,0,1.958,ECONNREFUSED
19643.3,heavy,3103,1,1.292,
19646.7,heavy,3101,0,2.873,
19650.0,heavy,3102,0,2.088,ECONNREFUSED
19653.3,heavy,3103,1,2.355,
19656.7,heavy,3101,0,3.583,
19660.0,heavy,3102,0,3.395,ECONNREFUSED
19663.3,heavy,3103,1,2.886,
19666.7,heavy,3101,0,2.088,
19670.0,heavy,3102,0,4.653,ECONNREFUSED
19673.3,heavy,3103,1,1.949,
19676.7,heavy,3101,0,4.384,
19680.0,heavy,3102,0,5.153,ECONNREFUSED
19683.3,heavy,3103,1,2.172,
19686.7,heavy,3101,0,3.760,
19690.0,heavy,3102,0,2.933,ECONNREFUSED
19693.3,heavy,3103,1,1.702,
19696.7,heavy,3101,0,2.130,
19700.0,heavy,3102,0,8.044,ECONNREFUSED
19700.0,light-4,3103,1,5.271,
19700.0,light-5,3101,1,5.535,
19700.0,light-1,3103,1,7.993,
19700.0,light-3,3102,0,8.293,ECONNREFUSED
19700.0,light-2,3101,1,9.668,
19703.3,heavy,3103,1,3.369,
19706.7,heavy,3101,1,8.734,
19710.0,heavy,3102,0,7.812,ECONNREFUSED
19713.3,heavy,3102,0,7.948,ECONNREFUSED
19716.7,heavy,3103,0,3.962,
19720.0,heavy,3101,0,3.377,
19723.3,heavy,3102,0,2.833,ECONNREFUSED
19726.7,heavy,3103,1,1.102,
19730.0,heavy,3101,1,4.561,
19733.3,heavy,3102,0,3.188,ECONNREFUSED
19736.7,heavy,3103,1,1.465,
19740.0,heavy,3101,0,4.122,
19743.3,heavy,3102,0,3.663,ECONNREFUSED
19746.7,heavy,3103,0,1.049,
19750.0,heavy,3101,0,3.813,
19753.3,heavy,3102,0,3.048,ECONNREFUSED
19756.7,heavy,3103,1,1.762,
19760.0,heavy,3101,0,2.093,
19763.3,heavy,3102,0,4.069,ECONNREFUSED
19766.7,heavy,3103,1,1.939,
19770.0,heavy,3101,1,4.325,
19773.3,heavy,3102,0,3.757,ECONNREFUSED
19776.7,heavy,3103,0,1.803,
19780.0,heavy,3101,0,3.243,
19783.3,heavy,3102,0,2.388,ECONNREFUSED
19786.7,heavy,3103,1,1.338,
19790.0,heavy,3101,0,2.860,
19793.3,heavy,3102,0,2.260,ECONNREFUSED
19796.7,heavy,3103,1,3.011,
19800.0,heavy,3101,0,6.088,
19800.0,light-3,3103,1,3.865,
19800.0,light-1,3101,1,4.192,
19800.0,light-4,3101,1,5.071,
19800.0,light-2,3102,0,6.020,ECONNREFUSED
19800.0,light-5,3102,0,6.062,ECONNREFUSED
19803.3,heavy,3102,0,5.867,ECONNREFUSED
19806.7,heavy,3103,1,3.322,
19810.0,heavy,3103,0,2.625,
19813.3,heavy,3101,1,3.542,
19816.7,heavy,3102,0,2.136,ECONNREFUSED
19820.0,heavy,3103,0,1.179,
19823.3,heavy,3101,1,4.806,
19826.7,heavy,3102,0,3.212,ECONNREFUSED
19830.0,heavy,3103,1,1.384,
19833.3,heavy,3101,0,4.513,
19836.7,heavy,3102,0,4.805,ECONNREFUSED
19840.0,heavy,3103,0,1.559,
19843.3,heavy,3101,1,3.188,
19846.7,heavy,3102,0,2.314,ECONNREFUSED
19850.0,heavy,3103,1,1.429,
19853.3,heavy,3101,0,3.215,
19856.7,heavy,3102,0,3.533,ECONNREFUSED
19860.0,heavy,3103,0,1.171,
19863.3,heavy,3101,1,4.220,
19866.7,heavy,3102,0,2.229,ECONNREFUSED
19870.0,heavy,3103,0,1.027,
19873.3,heavy,3101,1,4.409,
19876.7,heavy,3102,0,2.596,ECONNREFUSED
19880.0,heavy,3103,0,0.993,
19883.3,heavy,3101,0,3.269,
19886.7,heavy,3102,0,2.489,ECONNREFUSED
19890.0,heavy,3103,1,1.384,
19893.3,heavy,3101,0,2.104,
19896.7,heavy,3102,0,6.197,ECONNREFUSED
19900.0,heavy,3103,1,2.494,
19900.0,light-1,3103,1,2.959,
19900.0,light-4,3103,1,3.510,
19900.0,light-2,3101,1,6.102,
19900.0,light-5,3101,1,6.088,
19900.0,light-3,3102,0,6.599,ECONNREFUSED
19903.3,heavy,3101,1,8.871,
19906.7,heavy,3102,0,5.925,ECONNREFUSED
19910.0,heavy,3102,0,7.941,ECONNREFUSED
19913.3,heavy,3103,0,2.055,
19916.7,heavy,3101,1,1.917,
19920.0,heavy,3102,0,3.051,ECONNREFUSED
19923.3,heavy,3103,1,1.165,
19926.7,heavy,3101,0,4.492,
19930.0,heavy,3102,0,3.708,ECONNREFUSED
19933.3,heavy,3103,1,1.951,
19936.7,heavy,3101,0,4.813,
19940.0,heavy,3102,0,4.174,ECONNREFUSED
19943.3,heavy,3103,1,0.999,
19946.7,heavy,3101,1,4.398,
19950.0,heavy,3102,0,3.297,ECONNREFUSED
19953.3,heavy,3103,0,2.916,
19956.7,heavy,3101,0,3.072,
19960.0,heavy,3102,0,2.128,ECONNREFUSED
19963.3,heavy,3103,1,1.350,
19966.7,heavy,3101,0,2.757,
19970.0,heavy,3102,0,3.430,ECONNREFUSED
19973.3,heavy,3103,1,1.485,
19976.7,heavy,3101,0,3.672,
19980.0,heavy,3102,0,2.641,ECONNREFUSED
19983.3,heavy,3103,1,1.459,
19986.7,heavy,3101,0,3.641,
19990.0,heavy,3102,0,2.313,ECONNREFUSED
19993.3,heavy,3103,1,2.016,
19996.7,heavy,3101,0,5.807,
20000.0,heavy,3102,0,7.960,ECONNREFUSED
20000.0,light-1,3103,1,1.865,
20000.0,light-2,3101,1,2.183,
20000.0,light-4,3103,1,2.063,
20000.0,light-5,3101,1,3.174,
20000.0,light-3,3102,0,5.295,ECONNREFUSED
20003.3,heavy,3102,0,4.886,ECONNREFUSED
20006.7,heavy,3103,1,1.752,
20010.0,heavy,3101,1,3.907,
20013.3,heavy,3102,0,2.677,ECONNREFUSED
20016.7,heavy,3103,1,1.351,
20020.0,heavy,3101,0,3.547,
20023.3,heavy,3102,0,2.978,ECONNREFUSED
20026.7,heavy,3103,0,1.306,
20030.0,heavy,3101,0,3.878,
20033.3,heavy,3102,0,4.120,ECONNREFUSED
20036.7,heavy,3103,1,2.429,
20040.0,heavy,3101,0,3.473,
20043.3,heavy,3102,0,2.275,ECONNREFUSED
20046.7,heavy,3103,1,2.240,
20050.0,heavy,3101,1,4.136,
20053.3,heavy,3102,0,3.347,ECONNREFUSED
20056.7,heavy,3103,0,1.392,
20060.0,heavy,3101,0,3.083,
20063.3,heavy,3102,0,2.406,ECONNREFUSED
20066.7,heavy,3103,1,1.294,
20070.0,heavy,3101,0,2.537,
20073.3,heavy,3102,0,7.918,ECONNREFUSED
20076.7,heavy,3103,1,1.118,
20080.0,heavy,3101,1,4.747,
20083.3,heavy,3102,0,4.049,ECONNREFUSED
20086.7,heavy,3103,0,0.952,
20090.0,heavy,3101,0,2.780,
20093.3,heavy,3102,0,2.352,ECONNREFUSED
20096.7,heavy,3103,1,1.789,
20100.0,heavy,3101,0,4.243,
20100.0,light-2,3103,1,2.207,
20100.0,light-5,3103,1,2.171,
20100.0,light-3,3101,1,2.420,
20100.0,light-1,3102,0,2.946,ECONNREFUSED
20100.0,light-4,3102,0,4.772,ECONNREFUSED
20103.3,heavy,3101,1,3.181,
20106.7,heavy,3102,0,2.122,ECONNREFUSED
20110.0,heavy,3103,1,1.289,
20113.3,heavy,3101,0,3.740,
20116.7,heavy,3102,0,2.155,ECONNREFUSED
20120.0,heavy,3103,0,1.010,
20123.3,heavy,3101,0,3.359,
20126.7,heavy,3102,0,2.771,ECONNREFUSED
20130.0,heavy,3103,1,1.401,
20133.3,heavy,3101,1,3.381,
20136.7,heavy,3102,0,2.378,ECONNREFUSED
20140.0,heavy,3103,0,0.955,
20143.3,heavy,3101,1,3.885,
20146.7,heavy,3102,0,2.155,ECONNREFUSED
20150.0,heavy,3103,0,1.210,
20153.3,heavy,3101,1,3.971,
20156.7,heavy,3102,0,2.968,ECONNREFUSED
20160.0,heavy,3103,1,1.703,
20163.3,heavy,3101,0,2.646,
20166.7,heavy,3102,0,3.282,ECONNREFUSED
20170.0,heavy,3103,1,1.563,
20173.3,heavy,3101,0,4.180,
20176.7,heavy,3102,0,5.047,ECONNREFUSED
20180.0,heavy,3103,0,1.899,
20183.3,heavy,3101,1,4.162,
20186.7,heavy,3102,0,2.462,ECONNREFUSED
20190.0,heavy,3103,0,1.064,
20193.3,heavy,3101,1,7.691,
20196.7,heavy,3102,0,7.205,ECONNREFUSED
20200.0,heavy,3103,1,3.142,
20200.0,light-1,3103,1,3.647,
20200.0,light-4,3103,1,3.614,
20200.0,light-2,3101,1,4.999,
20200.0,light-5,3101,1,5.428,
20200.0,light-3,3102,0,7.575,ECONNREFUSED
20203.3,heavy,3101,0,7.255,
20206.7,heavy,3102,0,7.500,ECONNREFUSED
20210.0,heavy,3102,0,7.306,ECONNREFUSED
20213.3,heavy,3103,1,3.512,
20216.7,heavy,3101,0,3.204,
20220.0,heavy,3102,0,2.810,ECONNREFUSED
20223.3,heavy,3103,0,1.067,
20226.7,heavy,3101,1,4.612,
20230.0,heavy,3102,0,3.370,ECONNREFUSED
20233.3,heavy,3103,1,1.270,
20236.7,heavy,3101,0,4.268,
20240.0,heavy,3102,0,3.443,ECONNREFUSED
20243.3,heavy,3103,1,1.025,
20246.7,heavy,3101,0,3.899,
20250.0,heavy,3102,0,3.369,ECONNREFUSED
20253.3,heavy,3103,1,1.103,
20256.7,heavy,3101,0,2.937,
20260.0,heavy,3102,0,2.584,ECONNREFUSED
20263.3,heavy,3103,1,1.488,
20266.7,heavy,3101,0,3.657,
20270.0,heavy,3102,0,2.539,ECONNREFUSED
20273.3,heavy,3103,1,1.523,
20276.7,heavy,3101,0,3.499,
20280.0,heavy,3102,0,3.178,ECONNREFUSED
20283.3,heavy,3103,1,1.833,
20286.7,heavy,3101,0,3.489,
20290.0,heavy,3102,0,2.247,ECONNREFUSED
20293.3,heavy,3103,1,1.270,
20296.7,heavy,3101,0,4.546,
20300.0,heavy,3102,0,6.316,ECONNREFUSED
20300.0,light-1,3103,1,1.451,
20300.0,light-4,3103,1,1.371,
20300.0,light-3,3102,0,3.478,ECONNREFUSED
20300.0,light-2,3101,1,3.714,
20300.0,light-5,3101,1,3.873,
20303.3,heavy,3102,0,5.412,ECONNREFUSED
20306.7,heavy,3103,1,1.823,
20310.0,heavy,3101,1,3.603,
20313.3,heavy,3102,0,2.408,ECONNREFUSED
20316.7,heavy,3103,0,1.537,
20320.0,heavy,3101,0,3.777,
20323.3,heavy,3102,0,2.988,ECONNREFUSED
20326.7,heavy,3103,1,1.704,
20330.0,heavy,3101,0,3.348,
20333.3,heavy,3102,0,3.632,ECONNREFUSED
20336.7,heavy,3103,1,1.064,
20340.0,heavy,3101,1,3.727,
20343.3,heavy,3102,0,2.555,ECONNREFUSED
20346.7,heavy,3103,0,1.350,
20350.0,heavy,3101,1,4.765,
20353.3,heavy,3102,0,4.339,ECONNREFUSED
20356.7,heavy,3103,1,1.781,
20360.0,heavy,3101,0,4.386,
20363.3,heavy,3102,0,3.276,ECONNREFUSED
20366.7,heavy,3103,0,1.540,
20370.0,heavy,3101,0,3.798,
20373.3,heavy,3102,0,4.082,ECONNREFUSED
20376.7,heavy,3103,1,1.033,
20380.0,heavy,3101,0,3.444,
20383.3,heavy,3102,0,3.497,ECONNREFUSED
20386.7,heavy,3103,1,1.641,
20390.0,heavy,3101,0,10.409,
20393.3,heavy,3102,0,11.899,ECONNREFUSED
20396.7,heavy,3103,1,3.479,
20400.0,heavy,3101,0,10.203,
20400.0,light-2,3103,1,5.429,
20400.0,light-5,3103,1,6.453,
20400.0,light-3,3101,1,8.352,
20400.0,light-4,3102,0,12.191,ECONNREFUSED
20400.0,light-1,3102,0,16.347,ECONNREFUSED
20403.3,heavy,3101,1,9.328,
20406.7,heavy,3102,0,14.204,ECONNREFUSED
20410.0,heavy,3103,0,5.660,
20413.3,heavy,3101,1,10.289,
20416.7,heavy,3102,0,8.161,ECONNREFUSED
20420.0,heavy,3103,0,4.551,
20423.3,heavy,3101,1,4.292,
20426.7,heavy,3102,0,2.923,ECONNREFUSED
20430.0,heavy,3103,0,1.215,
20433.3,heavy,3101,1,4.834,
20436.7,heavy,3102,0,4.072,ECONNREFUSED
20440.0,heavy,3103,1,1.765,
20443.3,heavy,3101,0,5.041,
20446.7,heavy,3102,0,4.823,ECONNREFUSED
20450.0,heavy,3103,0,2.187,
20453.3,heavy,3101,1,4.266,
20456.7,heavy,3102,0,2.405,ECONNREFUSED
20460.0,heavy,3103,1,2.258,
20463.3,heavy,3101,0,4.870,
20466.7,heavy,3102,0,3.059,ECONNREFUSED
20470.0,heavy,3103,0,1.676,
20473.3,heavy,3101,1,4.282,
20476.7,heavy,3102,0,2.080,ECONNREFUSED
20480.0,heavy,3103,0,0.899,
20483.3,heavy,3101,1,4.223,
20486.7,heavy,3102,0,2.641,ECONNREFUSED
20490.0,heavy,3103,1,1.579,
20493.3,heavy,3101,0,4.306,
20496.7,heavy,3102,0,2.479,ECONNREFUSED
20500.0,heavy,3103,0,1.738,
20500.0,light-1,3101,1,1.746,
20500.0,light-3,3103,1,2.299,
20500.0,light-2,3102,0,3.195,ECONNREFUSED
20500.0,light-4,3101,1,5.004,
20500.0,light-5,3102,0,5.678,ECONNREFUSED
20503.3,heavy,3103,1,1.971,
20506.7,heavy,3101,0,3.154,
20510.0,heavy,3102,0,2.299,ECONNREFUSED
20513.3,heavy,3103,1,1.182,
20516.7,heavy,3101,0,3.411,
20520.0,heavy,3102,0,4.561,ECONNREFUSED
20523.3,heavy,3103,0,1.322,
20526.7,heavy,3101,1,3.956,
20530.0,heavy,3102,0,2.483,ECONNREFUSED
20533.3,heavy,3103,0,1.229,
20536.7,heavy,3101,1,3.412,
20540.0,heavy,3102,0,2.409,ECONNREFUSED
20543.3,heavy,3103,1,1.558,
20546.7,heavy,3101,0,3.472,
20550.0,heavy,3102,0,2.811,ECONNREFUSED
20553.3,heavy,3103,1,1.451,
20556.7,heavy,3101,0,3.711,
20560.0,heavy,3102,0,2.835,ECONNREFUSED
20563.3,heavy,3103,0,1.226,
20566.7,heavy,3101,1,4.977,
20570.0,heavy,3102,0,4.052,ECONNREFUSED
20573.3,heavy,3103,1,1.893,
20576.7,heavy,3101,0,4.567,
20580.0,heavy,3102,0,4.926,ECONNREFUSED
20583.3,heavy,3103,1,1.790,
20586.7,heavy,3101,0,3.309,
20590.0,heavy,3102,0,2.479,ECONNREFUSED
20593.3,heavy,3103,0,1.128,
20596.7,heavy,3101,1,3.590,
20600.0,heavy,3102,0,4.178,ECONNREFUSED
20600.0,light-1,3103,1,1.686,
20600.0,light-2,3101,1,2.322,
20600.0,light-4,3103,1,2.297,
20600.0,light-5,3101,1,3.336,
20600.0,light-3,3102,0,4.135,ECONNREFUSED
20603.3,heavy,3102,0,3.714,ECONNREFUSED
20606.7,heavy,3103,1,1.267,
20610.0,heavy,3101,1,3.966,
20613.3,heavy,3102,0,2.727,ECONNREFUSED
20616.7,heavy,3103,0,1.383,
20620.0,heavy,3101,0,3.857,
20623.3,heavy,3102,0,3.216,ECONNREFUSED
20626.7,heavy,3103,1,1.642,
20630.0,heavy,3101,0,3.180,
20633.3,heavy,3102,0,2.573,ECONNREFUSED
20636.7,heavy,3103,1,1.129,
20640.0,heavy,3101,1,3.955,
20643.3,heavy,3102,0,2.667,ECONNREFUSED
20646.7,heavy,3103,0,0.946,
20650.0,heavy,3101,0,3.637,
20653.3,heavy,3102,0,2.943,ECONNREFUSED
20656.7,heavy,3103,1,1.725,
20660.0,heavy,3101,0,2.062,
20663.3,heavy,3102,0,7.179,ECONNREFUSED
20666.7,heavy,3103,1,3.730,
20670.0,heavy,3101,1,5.699,
20673.3,heavy,3102,0,6.323,ECONNREFUSED
20676.7,heavy,3103,0,2.929,
20680.0,heavy,3101,0,3.688,
20683.3,heavy,3102,0,2.654,ECONNREFUSED
20686.7,heavy,3103,1,1.422,
20690.0,heavy,3101,1,9.566,
20693.3,heavy,3102,0,5.527,ECONNREFUSED
20696.7,heavy,3103,1,2.796,
20700.0,heavy,3101,0,9.352,
20700.0,light-1,3103,1,3.351,
20700.0,light-4,3103,1,3.749,
20700.0,light-2,3101,1,5.227,
20700.0,light-5,3101,1,6.040,
20700.0,light-3,3102,0,6.561,ECONNREFUSED
20703.3,heavy,3102,0,5.680,ECONNREFUSED
20706.7,heavy,3102,0,7.770,ECONNREFUSED
20710.0,heavy,3103,0,3.182,
20713.3,heavy,3101,1,4.246,
20716.7,heavy,3102,0,2.463,ECONNREFUSED
20720.0,heavy,3103,1,1.547,
20723.3,heavy,3101,0,3.514,
20726.7,heavy,3102,0,3.869,ECONNREFUSED
20730.0,heavy,3103,0,1.760,
20733.3,heavy,3101,1,4.416,
20736.7,heavy,3102,0,2.919,ECONNREFUSED
20740.0,heavy,3103,0,1.080,
20743.3,heavy,3101,0,4.749,
20746.7,heavy,3102,0,2.950,ECONNREFUSED
20750.0,heavy,3103,1,1.082,
20753.3,heavy,3101,1,3.852,
20756.7,heavy,3102,0,2.900,ECONNREFUSED
20760.0,heavy,3103,1,1.825,
20763.3,heavy,3101,0,2.278,
20766.7,heavy,3102,0,4.643,ECONNREFUSED
20770.0,heavy,3103,1,2.143,
20773.3,heavy,3101,0,4.829,
20776.7,heavy,3102,0,5.296,ECONNREFUSED
20780.0,heavy,3103,0,2.199,
20783.3,heavy,3101,1,3.870,
20786.7,heavy,3102,0,2.521,ECONNREFUSED
20790.0,heavy,3103,1,1.711,
20793.3,heavy,3101,0,3.423,
20796.7,heavy,3102,0,2.207,ECONNREFUSED
20800.0,heavy,3103,1,2.752,
20800.0,light-4,3103,1,3.877,
20800.0,light-5,3101,1,4.402,
20800.0,light-3,3102,0,4.884,ECONNREFUSED
20800.0,light-1,3103,1,5.945,
20800.0,light-2,3101,1,6.603,
20803.3,heavy,3101,0,6.056,
20806.7,heavy,3102,0,4.648,ECONNREFUSED
20810.0,heavy,3102,0,5.863,ECONNREFUSED
20813.3,heavy,3103,1,1.433,
20816.7,heavy,3101,0,2.642,
20820.0,heavy,3102,0,2.447,ECONNREFUSED
20823.3,heavy,3103,1,1.810,
20826.7,heavy,3101,0,3.382,
20830.0,heavy,3102,0,2.314,ECONNREFUSED
20833.3,heavy,3103,1,1.277,
20836.7,heavy,3101,0,2.987,
20840.0,heavy,3102,0,2.232,ECONNREFUSED
20843.3,heavy,3103,0,0.786,
20846.7,heavy,3101,1,4.079,
20850.0,heavy,3102,0,3.374,ECONNREFUSED
20853.3,heavy,3103,1,1.793,
20856.7,heavy,3101,0,2.671,
20860.0,heavy,3102,0,2.229,ECONNREFUSED
20863.3,heavy,3103,1,2.490,
20866.7,heavy,3101,0,3.589,
20870.0,heavy,3102,0,2.741,ECONNREFUSED
20873.3,heavy,3103,0,0.920,
20876.7,heavy,3101,1,4.952,
20880.0,heavy,3102,0,3.458,ECONNREFUSED
20883.3,heavy,3103,1,1.757,
20886.7,heavy,3101,0,4.104,
20890.0,heavy,3102,0,3.198,ECONNREFUSED
20893.3,heavy,3103,1,1.187,
20896.7,heavy,3101,0,5.513,
20900.0,heavy,3102,0,7.474,ECONNREFUSED
20900.0,light-1,3103,1,2.166,
20900.0,light-4,3103,1,2.973,
20900.0,light-2,3101,1,4.341,
20900.0,light-5,3101,1,4.271,
20900.0,light-3,3102,0,4.808,ECONNREFUSED
20903.3,heavy,3102,0,5.561,ECONNREFUSED
20906.7,heavy,3103,1,1.367,
20910.0,heavy,3101,0,3.729,
20913.3,heavy,3102,0,2.867,ECONNREFUSED
20916.7,heavy,3103,1,0.958,
20920.0,heavy,3101,0,2.666,
20923.3,heavy,3102,0,3.917,ECONNREFUSED
20926.7,heavy,3103,1,2.044,
20930.0,heavy,3101,1,4.976,
20933.3,heavy,3102,0,4.407,ECONNREFUSED
20936.7,heavy,3103,0,1.239,
20940.0,heavy,3101,0,3.987,
20943.3,heavy,3102,0,4.089,ECONNREFUSED
20946.7,heavy,3103,1,1.272,
20950.0,heavy,3101,0,3.093,
20953.3,heavy,3102,0,2.375,ECONNREFUSED
20956.7,heavy,3103,1,1.376,
20960.0,heavy,3101,1,4.882,
20963.3,heavy,3102,0,2.823,ECONNREFUSED
20966.7,heavy,3103,0,2.624,
20970.0,heavy,3101,0,4.039,
20973.3,heavy,3102,0,2.231,ECONNREFUSED
20976.7,heavy,3103,1,2.718,
20980.0,heavy,3101,0,3.701,
20983.3,heavy,3102,0,4.165,ECONNREFUSED
20986.7,heavy,3103,1,2.369,
20990.0,heavy,3101,0,2.300,
20993.3,heavy,3102,0,2.412,ECONNREFUSED
20996.7,heavy,3103,1,4.574,
21000.0,heavy,3101,1,7.046,
21000.0,light-1,3103,1,4.807,
21000.0,light-4,3103,1,4.734,
21000.0,light-2,3101,1,5.000,
21000.0,light-5,3101,1,5.804,
21000.0,light-3,3102,0,100.572,
21003.3,heavy,3102,1,24.886,
21006.7,heavy,3102,1,89.029,
21010.0,heavy,3103,0,1.189,
21013.3,heavy,3101,0,3.719,
21016.7,heavy,3102,1,80.220,
21020.0,heavy,3103,1,2.976,
21023.3,heavy,3101,1,4.003,
21026.7,heavy,3102,1,3.382,
21030.0,heavy,3103,0,1.121,
21033.3,heavy,3101,1,3.812,
21036.7,heavy,3102,1,68.936,
21040.0,heavy,3103,1,2.264,
21043.3,heavy,3101,0,3.466,
21046.7,heavy,3102,1,75.356,
21050.0,heavy,3103,0,1.896,
21053.3,heavy,3101,1,3.902,
21056.7,heavy,3102,1,70.881,
21060.0,heavy,3103,1,2.166,
21063.3,heavy,3101,0,3.378,
21066.7,heavy,3102,1,59.855,
21070.0,heavy,3103,0,1.781,
21073.3,heavy,3101,1,3.298,
21076.7,heavy,3102,1,53.989,
21080.0,heavy,3103,0,1.031,
21083.3,heavy,3101,1,4.094,
21086.7,heavy,3102,1,46.241,
21090.0,heavy,3103,0,0.986,
21093.3,heavy,3101,1,4.021,
21096.7,heavy,3102,1,16.754,
21100.0,heavy,3103,0,1.309,
21100.0,light-3,3103,1,2.106,
21100.0,light-1,3101,1,2.598,
21100.0,light-4,3101,1,2.959,
21100.0,light-2,3102,1,86.195,
21100.0,light-5,3102,1,90.727,
21103.3,heavy,3103,0,1.039,
21106.7,heavy,3101,1,3.543,
21110.0,heavy,3102,1,27.312,
21113.3,heavy,3103,1,1.335,
21116.7,heavy,3101,0,3.195,
21120.0,heavy,3102,1,32.126,
21123.3,heavy,3103,1,0.977,
21126.7,heavy,3101,0,3.257,
21130.0,heavy,3102,1,24.466,
21133.3,heavy,3103,1,1.293,
21136.7,heavy,3101,0,3.439,
21140.0,heavy,3102,1,15.338,
21143.3,heavy,3103,1,1.245,
21146.7,heavy,3101,0,2.544,
21150.0,heavy,3102,1,6.076,
21153.3,heavy,3103,1,1.146,
21156.7,heavy,3101,0,3.188,
21160.0,heavy,3102,1,8.597,
21163.3,heavy,3103,1,1.127,
21166.7,heavy,3101,0,2.744,
21170.0,heavy,3102,1,23.582,
21173.3,heavy,3103,1,1.138,
21176.7,heavy,3101,0,2.739,
21180.0,heavy,3102,1,16.620,
21183.3,heavy,3103,1,1.017,
21186.7,heavy,3101,0,3.026,
21190.0,heavy,3102,1,7.523,
21193.3,heavy,3103,1,1.061,
21196.7,heavy,3101,0,2.906,
21200.0,heavy,3102,1,2.557,
21200.0,light-1,3103,1,3.953,
21200.0,light-2,3101,1,4.030,
21200.0,light-4,3103,1,4.051,
21200.0,light-5,3101,1,4.154,
21200.0,light-3,3102,1,11.284,
21203.3,heavy,3103,1,2.100,
21206.7,heavy,3101,1,5.495,
21210.0,heavy,3102,1,3.810,
21213.3,heavy,3102,1,1.429,
21216.7,heavy,3103,0,1.263,
21220.0,heavy,3101,1,4.389,
21223.3,heavy,3102,1,1.494,
21226.7,heavy,3103,0,0.915,
21230.0,heavy,3101,0,3.527,
21233.3,heavy,3102,1,2.403,
21236.7,heavy,3103,1,1.603,
21240.0,heavy,3101,1,4.459,
21243.3,heavy,3102,1,1.273,
21246.7,heavy,3103,1,1.631,
21250.0,heavy,3101,0,2.908,
21253.3,heavy,3102,1,1.764,
21256.7,heavy,3103,0,1.282,
21260.0,heavy,3101,0,4.172,
21263.3,heavy,3102,1,1.684,
21266.7,heavy,3103,1,1.385,
21270.0,heavy,3101,0,4.265,
21273.3,heavy,3102,1,1.431,
21276.7,heavy,3103,1,1.767,
21280.0,heavy,3101,0,3.686,
21283.3,heavy,3102,1,1.617,
21286.7,heavy,3103,1,1.703,
21290.0,heavy,3101,0,3.822,
21293.3,heavy,3102,1,1.532,
21296.7,heavy,3103,1,1.498,
21300.0,heavy,3101,1,5.586,
21300.0,light-2,3103,1,1.481,
21300.0,light-4,3102,1,4.669,
21300.0,light-5,3103,1,5.234,
21300.0,light-3,3101,1,7.074,
21300.0,light-1,3102,1,7.660,
21303.3,heavy,3101,0,3.336,
21306.7,heavy,3102,1,1.101,
21310.0,heavy,3103,0,1.055,
21313.3,heavy,3101,1,4.999,
21316.7,heavy,3102,1,2.103,
21320.0,heavy,3103,0,1.391,
21323.3,heavy,3101,1,5.259,
21326.7,heavy,3102,1,1.931,
21330.0,heavy,3103,0,1.469,
21333.3,heavy,3101,1,5.246,
21336.7,heavy,3102,1,3.647,
21340.0,heavy,3103,1,2.361,
21343.3,heavy,3101,0,5.219,
21346.7,heavy,3102,1,3.626,
21350.0,heavy,3103,0,1.758,
21353.3,heavy,3101,1,4.679,
21356.7,heavy,3102,1,1.911,
21360.0,heavy,3103,1,1.646,
21363.3,heavy,3101,0,4.832,
21366.7,heavy,3102,1,1.740,
21370.0,heavy,3103,0,0.996,
21373.3,heavy,3101,0,3.423,
21376.7,heavy,3102,1,1.689,
21380.0,heavy,3103,1,1.388,
21383.3,heavy,3101,1,3.978,
21386.7,heavy,3102,1,1.321,
21390.0,heavy,3103,1,1.382,
21393.3,heavy,3101,0,2.715,
21396.7,heavy,3102,1,1.302,
21400.0,heavy,3103,1,1.592,
21400.0,light-3,3103,1,2.869,
21400.0,light-1,3101,1,3.543,
21400.0,light-2,3102,1,3.678,
21400.0,light-4,3101,1,3.741,
21400.0,light-5,3102,1,3.814,
21403.3,heavy,3101,0,4.159,
21406.7,heavy,3102,1,1.714,
21410.0,heavy,3103,0,1.861,
21413.3,heavy,3103,1,1.155,
21416.7,heavy,3101,0,4.201,
21420.0,heavy,3102,1,1.716,
21423.3,heavy,3103,1,1.378,
21426.7,heavy,3101,0,4.387,
21430.0,heavy,3102,1,1.403,
21433.3,heavy,3103,1,1.507,
21436.7,heavy,3101,0,3.768,
21440.0,heavy,3102,1,1.823,
21443.3,heavy,3103,1,0.959,
21446.7,heavy,3101,0,3.615,
21450.0,heavy,3102,1,1.438,
21453.3,heavy,3103,1,1.228,
21456.7,heavy,3101,0,3.718,
21460.0,heavy,3102,1,1.287,
21463.3,heavy,3103,1,2.319,
21466.7,heavy,3101,0,5.783,
21470.0,heavy,3102,1,1.749,
21473.3,heavy,3103,1,2.073,
21476.7,heavy,3101,1,5.391,
21480.0,heavy,3102,1,1.344,
21483.3,heavy,3103,1,4.576,
21486.7,heavy,3101,1,1.187,
21490.0,heavy,3102,1,1.206,
21493.3,heavy,3103,1,1.795,
21496.7,heavy,3101,1,1.652,
21500.0,heavy,3102,1,3.699,
21500.0,light-1,3101,1,1.675,
21500.0,light-3,3103,1,1.816,
21500.0,light-2,3102,1,4.348,
21500.0,light-5,3102,1,5.167,
21500.0,light-4,3101,1,6.734,
21503.3,heavy,3103,1,1.826,
21506.7,heavy,3103,1,3.374,
21510.0,heavy,3101,1,1.006,
21513.3,heavy,3102,1,2.763,
21516.7,heavy,3103,1,1.370,
21520.0,heavy,3101,1,1.433,
21523.3,heavy,3102,1,1.070,
21526.7,heavy,3103,1,1.835,
21530.0,heavy,3101,1,1.392,
21533.3,heavy,3102,1,1.636,
21536.7,heavy,3103,1,1.662,
21540.0,heavy,3101,1,1.516,
21543.3,heavy,3102,1,1.912,
21546.7,heavy,3103,1,2.058,
21550.0,heavy,3101,1,2.216,
21553.3,heavy,3102,1,1.379,
21556.7,heavy,3103,1,1.914,
21560.0,heavy,3101,1,1.484,
21563.3,heavy,3102,1,2.053,
21566.7,heavy,3103,1,2.135,
21570.0,heavy,3101,1,0.813,
21573.3,heavy,3102,1,1.942,
21576.7,heavy,3103,1,1.385,
21580.0,heavy,3101,1,1.490,
21583.3,heavy,3102,1,1.869,
21586.7,heavy,3103,1,1.505,
21590.0,heavy,3101,1,2.151,
21593.3,heavy,3102,1,2.212,
21596.7,heavy,3103,1,2.305,
21600.0,heavy,3101,1,1.330,
21600.0,light-2,3103,1,1.288,
21600.0,light-1,3102,1,1.440,
21600.0,light-5,3103,1,1.389,
21600.0,light-3,3101,1,1.549,
21600.0,light-4,3102,1,1.854,
21603.3,heavy,3101,1,1.321,
21606.7,heavy,3102,1,1.385,
21610.0,heavy,3103,1,1.172,
21613.3,heavy,3101,1,1.348,
21616.7,heavy,3102,1,1.077,
21620.0,heavy,3103,1,1.471,
21623.3,heavy,3101,1,1.424,
21626.7,heavy,3102,1,1.478,
21630.0,heavy,3103,1,1.521,
21633.3,heavy,3101,1,1.784,
21636.7,heavy,3102,1,2.223,
21640.0,heavy,3103,1,2.004,
21643.3,heavy,3101,1,2.803,
21646.7,heavy,3102,1,1.266,
21650.0,heavy,3103,1,2.719,
21653.3,heavy,3101,1,1.361,
21656.7,heavy,3102,1,1.880,
21660.0,heavy,3103,1,3.063,
21663.3,heavy,3101,1,1.072,
21666.7,heavy,3102,1,2.150,
21670.0,heavy,3103,1,1.414,
21673.3,heavy,3101,1,2.024,
21676.7,heavy,3102,1,2.145,
21680.0,heavy,3103,1,0.900,
21683.3,heavy,3101,1,1.451,
21686.7,heavy,3102,1,1.362,
21690.0,heavy,3103,1,1.231,
21693.3,heavy,3101,1,1.377,
21696.7,heavy,3102,1,1.871,
21700.0,heavy,3103,1,1.289,
21700.0,light-2,3101,1,1.569,
21700.0,light-1,3103,1,1.695,
21700.0,light-5,3101,1,1.738,
21700.0,light-3,3102,1,3.267,
21700.0,light-4,3103,1,5.610,
21703.3,heavy,3101,1,1.375,
21706.7,heavy,3102,1,2.462,
21710.0,heavy,3102,1,3.203,
21713.3,heavy,3103,1,0.882,
21716.7,heavy,3101,1,1.481,
21720.0,heavy,3102,1,1.516,
21723.3,heavy,3103,1,1.379,
21726.7,heavy,3101,1,1.254,
21730.0,heavy,3102,1,1.405,
21733.3,heavy,3103,1,1.210,
21736.7,heavy,3101,1,1.434,
21740.0,heavy,3102,1,2.025,
21743.3,heavy,3103,1,1.409,
21746.7,heavy,3101,1,1.783,
21750.0,heavy,3102,1,1.579,
21753.3,heavy,3103,1,2.114,
21756.7,heavy,3101,1,1.182,
21760.0,heavy,3102,1,2.520,
21763.3,heavy,3103,1,1.546,
21766.7,heavy,3101,1,1.971,
21770.0,heavy,3102,1,2.186,
21773.3,heavy,3103,1,0.857,
21776.7,heavy,3101,1,1.733,
21780.0,heavy,3102,1,1.593,
21783.3,heavy,3103,1,1.284,
21786.7,heavy,3101,1,1.580,
21790.0,heavy,3102,1,1.982,
21793.3,heavy,3103,1,1.426,
21796.7,heavy,3101,1,1.503,
21800.0,heavy,3102,1,2.387,
21800.0,light-2,3101,1,1.613,
21800.0,light-1,3103,1,2.051,
21800.0,light-5,3101,1,2.016,
21800.0,light-4,3103,1,2.142,
21800.0,light-3,3102,1,2.655,
21803.3,heavy,3102,1,1.650,
21806.7,heavy,3103,1,1.332,
21810.0,heavy,3101,1,1.324,
21813.3,heavy,3102,1,1.387,
21816.7,heavy,3103,1,1.431,
21820.0,heavy,3101,1,1.350,
21823.3,heavy,3102,1,1.789,
21826.7,heavy,3103,1,1.599,
21830.0,heavy,3101,1,1.807,
21833.3,heavy,3102,1,0.993,
21836.7,heavy,3103,1,1.877,
21840.0,heavy,3101,1,1.370,
21843.3,heavy,3102,1,2.054,
21846.7,heavy,3103,1,2.148,
21850.0,heavy,3101,1,1.324,
21853.3,heavy,3102,1,1.823,
21856.7,heavy,3103,1,2.364,
21860.0,heavy,3101,1,1.350,
21863.3,heavy,3102,1,1.916,
21866.7,heavy,3103,1,1.078,
21870.0,heavy,3101,1,1.601,
21873.3,heavy,3102,1,1.950,
21876.7,heavy,3103,1,2.774,
21880.0,heavy,3101,1,1.213,
21883.3,heavy,3102,1,1.918,
21886.7,heavy,3103,1,2.410,
21890.0,heavy,3101,1,2.070,
21893.3,heavy,3102,0,2.179,
21896.7,heavy,3103,1,2.959,
21900.0,heavy,3101,1,1.644,
21900.0,light-1,3102,1,1.959,
21900.0,light-3,3101,1,1.899,
21900.0,light-2,3103,1,2.319,
21900.0,light-5,3103,1,2.255,
21900.0,light-4,3102,1,3.528,
21903.3,heavy,3101,1,1.192,
21906.7,heavy,3102,1,1.577,
21910.0,heavy,3103,0,3.773,
21913.3,heavy,3101,1,1.178,
21916.7,heavy,3102,1,2.564,
21920.0,heavy,3103,0,3.906,
21923.3,heavy,3101,1,2.096,
21926.7,heavy,3102,1,1.928,
21930.0,heavy,3103,0,3.076,
21933.3,heavy,3101,1,0.877,
21936.7,heavy,3102,1,1.460,
21940.0,heavy,3103,0,3.992,
21943.3,heavy,3101,1,2.248,
21946.7,heavy,3102,1,1.775,
21950.0,heavy,3103,0,5.009,
21953.3,heavy,3101,1,2.140,
21956.7,heavy,3102,1,2.257,
21960.0,heavy,3103,0,2.845,
21963.3,heavy,3101,1,2.554,
21966.7,heavy,3102,1,2.152,
21970.0,heavy,3103,0,5.203,
21973.3,heavy,3101,0,1.787,
21976.7,heavy,3102,0,1.281,
21980.0,heavy,3103,1,7.098,
21983.3,heavy,3101,0,6.256,
21986.7,heavy,3102,1,1.808,
21990.0,heavy,3103,0,5.079,
21993.3,heavy,3101,0,3.369,
21996.7,heavy,3102,1,1.464,
22000.0,heavy,3103,0,4.547,
22000.0,light-1,3102,1,1.663,
22000.0,light-4,3102,1,2.414,
22000.0,light-3,3101,1,2.647,
22000.0,light-2,3103,1,2.781,
22000.0,light-5,3103,1,2.791,
22003.3,heavy,3101,0,3.910,
22006.7,heavy,3101,1,3.504,
22010.0,heavy,3102,0,1.571,
22013.3,heavy,3103,0,6.394,
22016.7,heavy,3101,0,5.407,
22020.0,heavy,3102,1,3.175,
22023.3,heavy,3103,0,4.180,
22026.7,heavy,3101,1,4.168,
22030.0,heavy,3102,0,1.538,
22033.3,heavy,3103,0,3.584,
22036.7,heavy,3101,1,3.832,
22040.0,heavy,3102,0,1.332,
22043.3,heavy,3103,0,4.406,
22046.7,heavy,3101,0,5.280,
22050.0,heavy,3102,1,1.461,
22053.3,heavy,3103,0,3.504,
22056.7,heavy,3101,1,3.691,
22060.0,heavy,3102,0,1.314,
22063.3,heavy,3103,1,4.712,
22066.7,heavy,3101,0,4.011,
22070.0,heavy,3102,0,2.211,
22073.3,heavy,3103,0,3.052,
22076.7,heavy,3101,1,3.481,
22080.0,heavy,3102,0,1.479,
22083.3,heavy,3103,0,5.943,
22086.7,heavy,3101,1,3.799,
22090.0,heavy,3102,1,2.023,
22093.3,heavy,3103,0,5.961,
22096.7,heavy,3101,0,3.764,
22100.0,heavy,3102,0,1.436,
22100.0,light-3,3102,1,1.653,
22100.0,light-5,3101,1,3.903,
22100.0,light-4,3103,1,4.118,
22100.0,light-1,3103,1,5.175,
22100.0,light-2,3101,1,5.504,
22103.3,heavy,3102,0,1.310,
22106.7,heavy,3103,0,4.774,
22110.0,heavy,3101,0,3.898,
22113.3,heavy,3102,1,1.645,
22116.7,heavy,3103,0,4.859,
22120.0,heavy,3101,0,3.917,
22123.3,heavy,3102,1,1.694,
22126.7,heavy,3103,1,4.195,
22130.0,heavy,3101,0,3.418,
22133.3,heavy,3102,0,1.138,
22136.7,heavy,3103,0,3.888,
22140.0,heavy,3101,1,3.424,
22143.3,heavy,3102,1,1.339,
22146.7,heavy,3103,0,3.585,
22150.0,heavy,3101,0,3.288,
22153.3,heavy,3102,0,1.749,
22156.7,heavy,3103,0,4.143,
22160.0,heavy,3101,1,4.136,
22163.3,heavy,3102,1,1.464,
22166.7,heavy,3103,0,4.214,
22170.0,heavy,3101,0,2.988,
22173.3,heavy,3102,1,1.583,
22176.7,heavy,3103,0,4.036,
22180.0,heavy,3101,0,3.450,
22183.3,heavy,3102,0,1.916,
22186.7,heavy,3103,1,4.516,
22190.0,heavy,3101,0,4.001,
22193.3,heavy,3102,0,1.319,
22196.7,heavy,3103,1,4.351,
22200.0,heavy,3101,0,3.343,
22200.0,light-1,3102,1,1.240,
22200.0,light-4,3102,1,1.613,
22200.0,light-2,3103,1,1.869,
22200.0,light-5,3103,1,1.942,
22200.0,light-3,3101,1,2.227,
22203.3,heavy,3101,0,3.161,
22206.7,heavy,3102,1,1.137,
22210.0,heavy,3103,1,5.776,
22213.3,heavy,3101,0,3.690,
22216.7,heavy,3102,0,1.318,
22220.0,heavy,3103,0,1.719,
22223.3,heavy,3101,0,4.028,
22226.7,heavy,3102,1,1.761,
22230.0,heavy,3103,0,4.458,
22233.3,heavy,3101,0,3.496,
22236.7,heavy,3102,1,1.159,
22240.0,heavy,3103,0,4.198,
22243.3,heavy,3101,1,4.515,
22246.7,heavy,3102,0,1.332,
22250.0,heavy,3103,0,3.404,
22253.3,heavy,3101,0,3.646,
22256.7,heavy,3102,1,1.803,
22260.0,heavy,3103,0,3.684,
22263.3,heavy,3101,0,3.825,
22266.7,heavy,3102,1,1.427,
22270.0,heavy,3103,0,3.778,
22273.3,heavy,3101,0,3.531,
22276.7,heavy,3102,1,1.229,
22280.0,heavy,3103,0,4.133,
22283.3,heavy,3101,0,4.191,
22286.7,heavy,3102,1,1.376,
22290.0,heavy,3103,0,3.957,
22293.3,heavy,3101,0,2.782,
22296.7,heavy,3102,1,1.815,
22300.0,heavy,3103,0,7.184,
22300.0,light-2,3101,1,2.516,
22300.0,light-1,3103,1,3.031,
22300.0,light-5,3101,1,2.974,
22300.0,light-4,3103,1,3.106,
22300.0,light-3,3102,1,8.198,
22303.3,heavy,3101,0,6.338,
22306.7,heavy,3102,1,1.964,
22310.0,heavy,3102,0,4.326,
22313.3,heavy,3103,0,5.460,
22316.7,heavy,3101,0,3.643,
22320.0,heavy,3102,1,1.296,
22323.3,heavy,3103,0,3.481,
22326.7,heavy,3101,1,3.576,
22330.0,heavy,3102,0,1.399,
22333.3,heavy,3103,0,5.078,
22336.7,heavy,3101,1,4.216,
22340.0,heavy,3102,0,1.399,
22343.3,heavy,3103,0,3.365,
22346.7,heavy,3101,1,3.809,
22350.0,heavy,3102,0,1.430,
22353.3,heavy,3103,0,3.654,
22356.7,heavy,3101,1,4.040,
22360.0,heavy,3102,0,1.540,
22363.3,heavy,3103,0,3.812,
22366.7,heavy,3101,1,3.895,
22370.0,heavy,3102,0,1.458,
22373.3,heavy,3103,1,5.561,
22376.7,heavy,3101,0,4.585,
22380.0,heavy,3102,1,1.639,
22383.3,heavy,3103,0,5.244,
22386.7,heavy,3101,0,3.394,
22390.0,heavy,3102,0,1.829,
22393.3,heavy,3103,0,5.872,
22396.7,heavy,3101,0,3.503,
22400.0,heavy,3102,1,1.554,
22400.0,light-3,3102,1,1.967,
22400.0,light-2,3101,1,2.228,
22400.0,light-5,3101,1,2.529,
22400.0,light-1,3103,1,3.514,
22400.0,light-4,3103,1,3.864,
22403.3,heavy,3102,0,0.829,
22406.7,heavy,3103,1,3.897,
22410.0,heavy,3101,0,3.568,
22413.3,heavy,3102,0,1.232,
22416.7,heavy,3103,0,5.015,
22420.0,heavy,3101,1,4.064,
22423.3,heavy,3102,1,1.689,
22426.7,heavy,3103,0,5.181,
22430.0,heavy,3101,0,4.107,
22433.3,heavy,3102,0,1.462,
22436.7,heavy,3103,1,4.052,
22440.0,heavy,3101,0,3.757,
22443.3,heavy,3102,0,1.245,
22446.7,heavy,3103,1,4.098,
22450.0,heavy,3101,0,3.734,
22453.3,heavy,3102,0,1.459,
22456.7,heavy,3103,1,4.388,
22460.0,heavy,3101,0,3.109,
22463.3,heavy,3102,0,1.153,
22466.7,heavy,3103,0,5.641,
22470.0,heavy,3101,1,4.985,
22473.3,heavy,3102,1,1.673,
22476.7,heavy,3103,0,5.410,
22480.0,heavy,3101,0,4.663,
22483.3,heavy,3102,0,1.411,
22486.7,heavy,3103,1,6.292,
22490.0,heavy,3101,0,4.123,
22493.3,heavy,3102,1,1.477,
22496.7,heavy,3103,0,4.409,
22500.0,heavy,3101,0,8.487,
22500.0,light-2,3103,1,2.637,
22500.0,light-4,3102,1,4.893,
22500.0,light-3,3101,1,7.061,
22500.0,light-5,3103,1,7.168,
22500.0,light-1,3102,1,8.047,
22503.3,heavy,3101,0,6.135,
22506.7,heavy,3102,1,1.177,
22510.0,heavy,3103,0,5.982,
22513.3,heavy,3101,1,5.008,
22516.7,heavy,3102,1,1.442,
22520.0,heavy,3103,0,5.666,
22523.3,heavy,3101,0,5.261,
22526.7,heavy,3102,0,2.382,
22530.0,heavy,3103,0,4.837,
22533.3,heavy,3101,1,4.858,
22536.7,heavy,3102,0,1.248,
22540.0,heavy,3103,0,3.713,
22543.3,heavy,3101,0,3.832,
22546.7,heavy,3102,1,1.268,
22550.0,heavy,3103,0,4.831,
22553.3,heavy,3101,0,3.667,
22556.7,heavy,3102,1,1.233,
22560.0,heavy,3103,0,3.709,
22563.3,heavy,3101,0,3.433,
22566.7,heavy,3102,1,1.053,
22570.0,heavy,3103,0,4.072,
22573.3,heavy,3101,0,3.211,
22576.7,heavy,3102,1,1.145,
22580.0,heavy,3103,0,4.465,
22583.3,heavy,3101,0,3.756,
22586.7,heavy,3102,1,1.389,
22590.0,heavy,3103,0,3.837,
22593.3,heavy,3101,0,3.145,
22596.7,heavy,3102,1,1.477,
22600.0,heavy,3103,0,7.357,
22600.0,light-1,3101,1,1.453,
22600.0,light-3,3103,1,2.592,
22600.0,light-4,3101,1,7.645,
22600.0,light-2,3102,1,7.930,
22600.0,light-5,3102,1,9.324,
22603.3,heavy,3103,0,5.221,
22606.7,heavy,3101,1,4.476,
22610.0,heavy,3102,0,1.289,
22613.3,heavy,3103,0,3.519,
22616.7,heavy,3101,1,3.793,
22620.0,heavy,3102,0,1.248,
22623.3,heavy,3103,1,6.512,
22626.7,heavy,3101,0,4.673,
22630.0,heavy,3102,1,1.644,
22633.3,heavy,3103,0,6.665,
22636.7,heavy,3101,0,3.092,
22640.0,heavy,3102,0,1.711,
22643.3,heavy,3103,0,5.703,
22646.7,heavy,3101,1,4.635,
22650.0,heavy,3102,0,1.307,
22653.3,heavy,3103,0,3.925,
22656.7,heavy,3101,1,3.953,
22660.0,heavy,3102,0,1.127,
22663.3,heavy,3103,0,3.787,
22666.7,heavy,3101,1,3.947,
22670.0,heavy,3102,0,1.341,
22673.3,heavy,3103,0,3.940,
22676.7,heavy,3101,1,4.382,
22680.0,heavy,3102,0,1.188,
22683.3,heavy,3103,0,3.874,
22686.7,heavy,3101,1,4.021,
22690.0,heavy,3102,1,1.481,
22693.3,heavy,3103,0,3.752,
22696.7,heavy,3101,0,2.541,
22700.0,heavy,3102,1,1.817,
22700.0,light-2,3101,1,2.424,
22700.0,light-3,3102,1,3.004,
22700.0,light-1,3103,1,3.266,
22700.0,light-5,3101,1,3.200,
22700.0,light-4,3103,1,6.710,
22703.3,heavy,3103,0,5.612,
22706.7,heavy,3101,0,4.194,
22710.0,heavy,3102,0,1.950,
22713.3,heavy,3102,0,2.012,
22716.7,heavy,3103,1,4.998,
22720.0,heavy,3101,0,2.871,
22723.3,heavy,3102,0,1.027,
22726.7,heavy,3103,0,5.581,
22730.0,heavy,3101,0,4.458,
22733.3,heavy,3102,1,1.693,
22736.7,heavy,3103,0,5.200,
22740.0,heavy,3101,0,4.902,
22743.3,heavy,3102,1,1.959,
22746.7,heavy,3103,1,6.838,
22750.0,heavy,3101,0,4.166,
22753.3,heavy,3102,0,1.103,
22756.7,heavy,3103,1,6.028,
22760.0,heavy,3101,0,4.101,
22763.3,heavy,3102,0,1.275,
22766.7,heavy,3103,1,5.554,
22770.0,heavy,3101,0,4.374,
22773.3,heavy,3102,1,1.982,
22776.7,heavy,3103,0,5.073,
22780.0,heavy,3101,0,4.226,
22783.3,heavy,3102,1,1.697,
22786.7,heavy,3103,0,5.396,
22790.0,heavy,3101,0,4.153,
22793.3,heavy,3102,1,1.354,
22796.7,heavy,3103,0,3.345,
22800.0,heavy,3101,0,2.988,
22800.0,light-2,3103,1,1.233,
22800.0,light-1,3102,1,1.552,
22800.0,light-5,3103,1,1.580,
22800.0,light-4,3102,1,1.742,
22800.0,light-3,3101,1,2.087,
22803.3,heavy,3101,0,3.950,
22806.7,heavy,3102,1,1.406,
22810.0,heavy,3103,0,4.030,
22813.3,heavy,3101,0,3.788,
22816.7,heavy,3102,1,1.948,
22820.0,heavy,3103,0,3.676,
22823.3,heavy,3101,0,3.732,
22826.7,heavy,3102,1,1.612,
22830.0,heavy,3103,0,5.222,
22833.3,heavy,3101,0,3.472,
22836.7,heavy,3102,1,1.616,
22840.0,heavy,3103,0,3.255,
22843.3,heavy,3101,0,3.350,
22846.7,heavy,3102,1,1.156,
22850.0,heavy,3103,0,3.918,
22853.3,heavy,3101,0,3.184,
22856.7,heavy,3102,1,1.317,
22860.0,heavy,3103,0,4.488,
22863.3,heavy,3101,1,3.983,
22866.7,heavy,3102,0,1.351,
22870.0,heavy,3103,0,5.139,
22873.3,heavy,3101,1,4.004,
22876.7,heavy,3102,0,1.356,
22880.0,heavy,3103,0,3.894,
22883.3,heavy,3101,0,3.054,
22886.7,heavy,3102,1,1.052,
22890.0,heavy,3103,0,4.413,
22893.3,heavy,3101,0,3.281,
22896.7,heavy,3102,1,1.420,
22900.0,heavy,3103,0,2.687,
22900.0,light-2,3102,1,1.668,
22900.0,light-3,3103,1,1.686,
22900.0,light-5,3102,1,1.825,
22900.0,light-1,3101,1,2.221,
22900.0,light-4,3101,1,2.087,
22903.3,heavy,3103,0,3.498,
22906.7,heavy,3101,0,2.800,
22910.0,heavy,3102,1,1.247,
22913.3,heavy,3103,0,3.630,
22916.7,heavy,3101,1,3.190,
22920.0,heavy,3102,0,1.035,
22923.3,heavy,3103,0,4.092,
22926.7,heavy,3101,1,3.933,
22930.0,heavy,3102,0,1.021,
22933.3,heavy,3103,0,3.512,
22936.7,heavy,3101,1,3.957,
22940.0,heavy,3102,0,1.755,
22943.3,heavy,3103,0,3.487,
22946.7,heavy,3101,1,3.488,
22950.0,heavy,3102,0,1.273,
22953.3,heavy,3103,1,5.558,
22956.7,heavy,3101,0,4.695,
22960.0,heavy,3102,0,1.545,
22963.3,heavy,3103,0,1.702,
22966.7,heavy,3101,0,3.318,
22970.0,heavy,3102,1,1.421,
22973.3,heavy,3103,1,4.159,
22976.7,heavy,3101,0,1.821,
22980.0,heavy,3102,0,1.187,
22983.3,heavy,3103,0,3.946,
22986.7,heavy,3101,0,3.104,
22990.0,heavy,3102,1,1.203,
22993.3,heavy,3103,0,3.646,
22996.7,heavy,3101,1,4.610,
23000.0,heavy,3102,0,1.819,
23000.0,light-1,3103,1,1.139,
23000.0,light-4,3103,1,1.680,
23000.0,light-3,3102,1,1.858,
23000.0,light-2,3101,1,2.388,
23000.0,light-5,3101,1,2.613,
23003.3,heavy,3102,0,0.860,
23006.7,heavy,3103,1,5.436,
23010.0,heavy,3101,0,3.965,
23013.3,heavy,3102,0,1.568,
23016.7,heavy,3103,1,5.141,
23020.0,heavy,3101,0,4.519,
23023.3,heavy,3102,1,1.745,
23026.7,heavy,3103,0,3.939,
23030.0,heavy,3101,0,3.469,
23033.3,heavy,3102,0,2.241,
23036.7,heavy,3103,1,3.755,
23040.0,heavy,3101,0,3.125,
23043.3,heavy,3102,0,1.364,
23046.7,heavy,3103,0,5.359,
23050.0,heavy,3101,0,4.199,
23053.3,heavy,3102,1,1.449,
23056.7,heavy,3103,1,5.546,
23060.0,heavy,3101,0,2.787,
23063.3,heavy,3102,0,1.615,
23066.7,heavy,3103,1,5.159,
23070.0,heavy,3101,0,2.926,
23073.3,heavy,3102,0,1.678,
23076.7,heavy,3103,1,4.548,
23080.0,heavy,3101,0,3.375,
23083.3,heavy,3102,0,1.177,
23086.7,heavy,3103,0,4.990,
23090.0,heavy,3101,1,4.494,
23093.3,heavy,3102,1,1.583,
23096.7,heavy,3103,0,4.838,
23100.0,heavy,3101,0,3.128,
23100.0,light-2,3103,1,1.198,
23100.0,light-1,3102,1,1.755,
23100.0,light-5,3103,1,1.724,
23100.0,light-4,3102,1,1.895,
23100.0,light-3,3101,1,3.532,
23103.3,heavy,3101,0,20.010,
23106.7,heavy,3102,1,2.577,
23110.0,heavy,3103,0,7.083,
23113.3,heavy,3101,0,9.186,
23116.7,heavy,3102,1,1.074,
23120.0,heavy,3103,0,3.550,
23123.3,heavy,3101,0,2.595,
23126.7,heavy,3102,1,1.168,
23130.0,heavy,3103,0,3.495,
23133.3,heavy,3101,0,2.869,
23136.7,heavy,3102,1,1.439,
23140.0,heavy,3103,0,3.311,
23143.3,heavy,3101,0,3.045,
23146.7,heavy,3102,0,1.524,
23150.0,heavy,3103,0,4.263,
23153.3,heavy,3101,1,4.706,
23156.7,heavy,3102,1,1.312,
23160.0,heavy,3103,0,4.743,
23163.3,heavy,3101,0,1.572,
23166.7,heavy,3102,1,1.200,
23170.0,heavy,3103,0,3.531,
23173.3,heavy,3101,1,3.296,
23176.7,heavy,3102,0,1.060,
23180.0,heavy,3103,0,4.024,
23183.3,heavy,3101,0,4.243,
23186.7,heavy,3102,1,1.691,
23190.0,heavy,3103,0,4.023,
23193.3,heavy,3101,0,2.564,
23196.7,heavy,3102,1,1.514,
23200.0,heavy,3103,0,6.607,
23200.0,light-3,3102,1,2.360,
23200.0,light-5,3101,1,3.993,
23200.0,light-4,3103,1,4.664,
23200.0,light-2,3101,1,6.910,
23200.0,light-1,3103,1,8.015,
23203.3,heavy,3101,0,5.237,
23206.7,heavy,3102,1,1.940,
23210.0,heavy,3102,0,1.882,
23213.3,heavy,3103,0,4.587,
23216.7,heavy,3101,1,3.715,
23220.0,heavy,3102,0,1.373,
23223.3,heavy,3103,0,3.589,
23226.7,heavy,3101,1,4.202,
23230.0,heavy,3102,0,1.098,
23233.3,heavy,3103,0,3.800,
23236.7,heavy,3101,1,4.003,
23240.0,heavy,3102,0,0.884,
23243.3,heavy,3103,0,4.498,
23246.7,heavy,3101,0,3.740,
23250.0,heavy,3102,1,1.596,
23253.3,heavy,3103,0,4.218,
23256.7,heavy,3101,1,3.521,
23260.0,heavy,3102,0,1.151,
23263.3,heavy,3103,1,4.345,
23266.7,heavy,3101,0,3.651,
23270.0,heavy,3102,0,1.038,
23273.3,heavy,3103,0,3.701,
23276.7,heavy,3101,1,2.806,
23280.0,heavy,3102,0,1.242,
23283.3,heavy,3103,0,3.219,
23286.7,heavy,3101,1,3.810,
23290.0,heavy,3102,0,0.897,
23293.3,heavy,3103,0,3.837,
23296.7,heavy,3101,1,4.718,
23300.0,heavy,3102,0,1.257,
23300.0,light-2,3102,1,1.339,
23300.0,light-5,3102,1,1.746,
23300.0,light-1,3101,1,2.067,
23300.0,light-4,3101,1,2.054,
23300.0,light-3,3103,1,2.883,
23303.3,heavy,3103,0,3.891,
23306.7,heavy,3103,1,4.019,
23310.0,heavy,3101,0,3.024,
23313.3,heavy,3102,0,1.266,
23316.7,heavy,3103,0,4.136,
23320.0,heavy,3101,1,3.721,
23323.3,heavy,3102,1,1.448,
23326.7,heavy,3103,0,4.383,
23330.0,heavy,3101,0,4.219,
23333.3,heavy,3102,0,0.875,
23336.7,heavy,3103,0,5.812,
23340.0,heavy,3101,1,5.432,
23343.3,heavy,3102,1,2.157,
23346.7,heavy,3103,0,5.458,
23350.0,heavy,3101,0,1.731,
23353.3,heavy,3102,0,1.338,
23356.7,heavy,3103,0,3.850,
23360.0,heavy,3101,1,4.190,
23363.3,heavy,3102,0,0.917,
23366.7,heavy,3103,1,4.653,
23370.0,heavy,3101,0,3.202,
23373.3,heavy,3102,0,1.388,
23376.7,heavy,3103,1,4.514,
23380.0,heavy,3101,0,3.913,
23383.3,heavy,3102,0,1.338,
23386.7,heavy,3103,1,4.965,
23390.0,heavy,3101,0,3.376,
23393.3,heavy,3102,0,1.139,
23396.7,heavy,3103,0,9.094,
23400.0,heavy,3101,1,4.377,
23400.0,light-2,3102,1,2.516,
23400.0,light-1,3101,1,2.791,
23400.0,light-5,3102,1,3.186,
23400.0,light-4,3101,1,4.746,
23400.0,light-3,3103,1,6.492,
23403.3,heavy,3102,1,2.510,
23406.7,heavy,3103,0,9.252,
23410.0,heavy,3103,0,6.626,
23413.3,heavy,3101,0,1.955,
23416.7,heavy,3102,1,0.957,
23420.0,heavy,3103,0,3.979,
23423.3,heavy,3101,0,3.149,
23426.7,heavy,3102,1,1.729,
23430.0,heavy,3103,0,3.783,
23433.3,heavy,3101,0,3.063,
23436.7,heavy,3102,0,0.924,
23440.0,heavy,3103,1,4.884,
23443.3,heavy,3101,1,4.024,
23446.7,heavy,3102,0,1.536,
23450.0,heavy,3103,0,4.191,
23453.3,heavy,3101,0,3.297,
23456.7,heavy,3102,1,1.131,
23460.0,heavy,3103,0,3.799,
23463.3,heavy,3101,0,3.283,
23466.7,heavy,3102,1,1.233,
23470.0,heavy,3103,0,4.552,
23473.3,heavy,3101,1,4.931,
23476.7,heavy,3102,0,0.936,
23480.0,heavy,3103,0,3.268,
23483.3,heavy,3101,0,3.313,
23486.7,heavy,3102,1,1.040,
23490.0,heavy,3103,0,3.482,
23493.3,heavy,3101,0,2.567,
23496.7,heavy,3102,1,0.864,
23500.0,heavy,3103,0,7.064,
23500.0,light-2,3101,1,2.969,
23500.0,light-1,3103,1,3.617,
23500.0,light-5,3101,1,3.626,
23500.0,light-4,3103,1,3.807,
23500.0,light-3,3102,1,6.137,
23503.3,heavy,3101,0,4.929,
23506.7,heavy,3102,1,1.354,
23510.0,heavy,3102,0,1.927,
23513.3,heavy,3103,0,3.428,
23516.7,heavy,3101,1,3.554,
23520.0,heavy,3102,0,0.922,
23523.3,heavy,3103,0,4.260,
23526.7,heavy,3101,1,4.441,
23530.0,heavy,3102,1,2.365,
23533.3,heavy,3103,0,4.138,
23536.7,heavy,3101,0,4.379,
23540.0,heavy,3102,0,2.178,
23543.3,heavy,3103,0,4.265,
23546.7,heavy,3101,0,3.288,
23550.0,heavy,3102,1,1.247,
23553.3,heavy,3103,0,3.951,
23556.7,heavy,3101,1,3.842,
23560.0,heavy,3102,0,0.977,
23563.3,heavy,3103,0,4.238,
23566.7,heavy,3101,0,3.547,
23570.0,heavy,3102,1,1.343,
23573.3,heavy,3103,0,4.023,
23576.7,heavy,3101,0,3.279,
23580.0,heavy,3102,1,1.570,
23583.3,heavy,3103,0,3.706,
23586.7,heavy,3101,1,3.592,
23590.0,heavy,3102,0,0.927,
23593.3,heavy,3103,0,4.598,
23596.7,heavy,3101,1,4.425,
23600.0,heavy,3102,0,1.344,
23600.0,light-1,3101,1,1.291,
23600.0,light-4,3101,1,1.312,
23600.0,light-2,3102,1,1.488,
23600.0,light-5,3102,1,1.693,
23600.0,light-3,3103,1,2.257,
23603.3,heavy,3103,0,3.134,
23606.7,heavy,3103,1,4.181,
23610.0,heavy,3101,0,2.881,
23613.3,heavy,3102,0,0.982,
23616.7,heavy,3103,0,6.382,
23620.0,heavy,3101,1,4.892,
23623.3,heavy,3102,1,1.922,
23626.7,heavy,3103,0,6.006,
23630.0,heavy,3101,0,5.393,
23633.3,heavy,3102,0,1.945,
23636.7,heavy,3103,1,5.623,
23640.0,heavy,3101,0,3.745,
23643.3,heavy,3102,1,1.561,
23646.7,heavy,3103,0,4.067,
23650.0,heavy,3101,0,4.268,
23653.3,heavy,3102,0,1.531,
23656.7,heavy,3103,1,5.718,
23660.0,heavy,3101,0,3.795,
23663.3,heavy,3102,0,1.291,
23666.7,heavy,3103,1,5.194,
23670.0,heavy,3101,0,3.640,
23673.3,heavy,3102,0,0.876,
23676.7,heavy,3103,1,4.737,
23680.0,heavy,3101,0,3.379,
23683.3,heavy,3102,0,1.260,
23686.7,heavy,3103,1,4.774,
23690.0,heavy,3101,0,2.953,
23693.3,heavy,3102,0,1.009,
23696.7,heavy,3103,0,6.644,
23700.0,heavy,3101,1,7.180,
23700.0,light-1,3101,1,2.314,
23700.0,light-3,3103,1,2.827,
23700.0,light-2,3102,1,7.103,
23700.0,light-4,3101,1,7.358,
23700.0,light-5,3102,1,7.771,
23703.3,heavy,3102,1,1.306,
23706.7,heavy,3103,0,6.836,
23710.0,heavy,3103,0,6.176,
23713.3,heavy,3101,0,2.494,
23716.7,heavy,3102,0,1.051,
23720.0,heavy,3103,0,4.245,
23723.3,heavy,3101,1,3.450,
23726.7,heavy,3102,0,0.783,
23730.0,heavy,3103,0,3.355,
23733.3,heavy,3101,1,2.776,
23736.7,heavy,3102,1,2.404,
23740.0,heavy,3103,0,3.141,
23743.3,heavy,3101,0,2.919,
23746.7,heavy,3102,0,0.991,
23750.0,heavy,3103,0,4.191,
23753.3,heavy,3101,1,3.539,
23756.7,heavy,3102,0,1.138,
23760.0,heavy,3103,0,3.248,
23763.3,heavy,3101,1,1.671,
23766.7,heavy,3102,1,1.357,
23770.0,heavy,3103,0,2.867,
23773.3,heavy,3101,0,3.134,
23776.7,heavy,3102,1,1.562,
23780.0,heavy,3103,0,3.623,
23783.3,heavy,3101,0,3.120,
23786.7,heavy,3102,1,1.785,
23790.0,heavy,3103,0,3.423,
23793.3,heavy,3101,0,2.585,
23796.7,heavy,3102,0,0.823,
23800.0,heavy,3103,1,4.280,
23800.0,light-1,3101,1,1.150,
23800.0,light-2,3102,1,1.545,
23800.0,light-4,3101,1,1.616,
23800.0,light-5,3102,1,1.695,
23800.0,light-3,3103,1,2.171,
23803.3,heavy,3103,0,3.372,
23806.7,heavy,3101,1,3.356,
23810.0,heavy,3102,0,1.196,
23813.3,heavy,3103,0,4.952,
23816.7,heavy,3101,1,4.078,
23820.0,heavy,3102,0,0.976,
23823.3,heavy,3103,0,3.811,
23826.7,heavy,3101,0,3.076,
23830.0,heavy,3102,1,1.419,
23833.3,heavy,3103,0,3.530,
23836.7,heavy,3101,1,3.293,
23840.0,heavy,3102,0,1.173,
23843.3,heavy,3103,0,3.981,
23846.7,heavy,3101,1,4.187,
23850.0,heavy,3102,0,0.965,
23853.3,heavy,3103,0,3.824,
23856.7,heavy,3101,0,2.985,
23860.0,heavy,3102,1,1.356,
23863.3,heavy,3103,0,3.676,
23866.7,heavy,3101,1,3.247,
23870.0,heavy,3102,0,0.873,
23873.3,heavy,3103,0,3.853,
23876.7,heavy,3101,0,3.022,
23880.0,heavy,3102,1,1.205,
23883.3,heavy,3103,0,3.429,
23886.7,heavy,3101,1,3.821,
23890.0,heavy,3102,0,1.140,
23893.3,heavy,3103,1,4.606,
23896.7,heavy,3101,0,4.305,
23900.0,heavy,3102,0,1.310,
23900.0,light-3,3102,1,1.472,
23900.0,light-1,3103,1,1.807,
23900.0,light-2,3101,1,2.589,
23900.0,light-5,3101,1,2.689,
23900.0,light-4,3103,1,4.503,
23903.3,heavy,3102,0,1.004,
23906.7,heavy,3103,0,4.336,
23910.0,heavy,3101,1,4.240,
23913.3,heavy,3102,0,1.010,
23916.7,heavy,3103,1,5.047,
23920.0,heavy,3101,0,3.792,
23923.3,heavy,3102,0,1.108,
23926.7,heavy,3103,1,3.892,
23930.0,heavy,3101,0,2.735,
23933.3,heavy,3102,0,1.126,
23936.7,heavy,3103,0,3.631,
23940.0,heavy,3101,1,3.866,
23943.3,heavy,3102,0,0.854,
23946.7,heavy,3103,1,4.416,
23950.0,heavy,3101,0,3.613,
23953.3,heavy,3102,1,1.298,
23956.7,heavy,3103,0,4.158,
23960.0,heavy,3101,0,2.643,
23963.3,heavy,3102,0,1.263,
23966.7,heavy,3103,0,3.721,
23970.0,heavy,3101,0,3.958,
23973.3,heavy,3102,1,1.475,
23976.7,heavy,3103,1,4.501,
23980.0,heavy,3101,0,2.721,
23983.3,heavy,3102,0,1.062,
23986.7,heavy,3103,1,4.638,
23990.0,heavy,3101,0,3.480,
23993.3,heavy,3102,0,0.995,
23996.7,heavy,3103,1,4.401,
24000.0,heavy,3101,0,5.144,
24000.0,light-2,3103,1,1.759,
24000.0,light-4,3102,1,2.742,
24000.0,light-1,3102,1,4.677,
24000.0,light-5,3103,1,4.954,
24000.0,light-3,3101,1,5.176,
24003.3,heavy,3101,0,3.226,
24006.7,heavy,3102,1,1.611,
24010.0,heavy,3103,0,4.883,
24013.3,heavy,3101,0,3.268,
24016.7,heavy,3102,1,1.844,
24020.0,heavy,3103,0,3.930,
24023.3,heavy,3101,0,2.501,
24026.7,heavy,3102,1,0.786,
24030.0,heavy,3103,0,3.537,
24033.3,heavy,3101,0,2.509,
24036.7,heavy,3102,1,0.986,
24040.0,heavy,3103,0,7.151,
24043.3,heavy,3101,0,3.296,
24046.7,heavy,3102,1,1.725,
24050.0,heavy,3103,0,7.289,
24053.3,heavy,3101,0,1.640,
24056.7,heavy,3102,1,1.060,
24060.0,heavy,3103,0,4.365,
24063.3,heavy,3101,0,3.562,
24066.7,heavy,3102,1,1.315,
24070.0,heavy,3103,0,3.733,
24073.3,heavy,3101,0,3.012,
24076.7,heavy,3102,1,1.297,
24080.0,heavy,3103,0,4.189,
24083.3,heavy,3101,1,3.963,
24086.7,heavy,3102,0,1.065,
24090.0,heavy,3103,0,3.194,
24093.3,heavy,3101,0,3.024,
24096.7,heavy,3102,1,4.527,
24100.0,heavy,3103,0,8.186,
24100.0,light-1,3101,1,2.764,
24100.0,light-3,3103,1,2.965,
24100.0,light-4,3101,1,3.029,
24100.0,light-2,3102,1,5.479,
24100.0,light-5,3102,1,5.812,
24103.3,heavy,3101,1,8.599,
24106.7,heavy,3102,1,4.814,
24110.0,heavy,3103,0,8.638,
24113.3,heavy,3103,0,7.772,
24116.7,heavy,3101,0,4.684,
24120.0,heavy,3102,0,1.134,
24123.3,heavy,3103,0,3.939,
24126.7,heavy,3101,1,4.222,
24130.0,heavy,3102,0,1.434,
24133.3,heavy,3103,0,3.968,
24136.7,heavy,3101,0,3.231,
24140.0,heavy,3102,1,1.461,
24143.3,heavy,3103,0,3.309,
24146.7,heavy,3101,1,3.306,
24150.0,heavy,3102,0,1.025,
24153.3,heavy,3103,0,4.450,
24156.7,heavy,3101,1,4.754,
24160.0,heavy,3102,0,0.778,
24163.3,heavy,3103,0,3.457,
24166.7,heavy,3101,1,4.086,
24170.0,heavy,3102,0,1.037,
24173.3,heavy,3103,0,3.776,
24176.7,heavy,3101,1,4.238,
24180.0,heavy,3102,0,0.929,
24183.3,heavy,3103,0,3.637,
24186.7,heavy,3101,1,3.988,
24190.0,heavy,3102,0,1.471,
24193.3,heavy,3103,0,6.028,
24196.7,heavy,3101,1,4.243,
24200.0,heavy,3102,1,1.491,
24200.0,light-2,3102,1,1.808,
24200.0,light-5,3102,1,2.029,
24200.0,light-1,3101,1,2.423,
24200.0,light-4,3101,1,2.464,
24200.0,light-3,3103,1,3.300,
24203.3,heavy,3103,0,5.515,
24206.7,heavy,3103,0,4.642,
24210.0,heavy,3101,0,1.684,
24213.3,heavy,3102,1,1.453,
24216.7,heavy,3103,0,3.887,
24220.0,heavy,3101,0,3.297,
24223.3,heavy,3102,0,1.159,
24226.7,heavy,3103,0,4.261,
24230.0,heavy,3101,1,4.636,
24233.3,heavy,3102,1,1.410,
24236.7,heavy,3103,0,4.427,
24240.0,heavy,3101,0,1.691,
24243.3,heavy,3102,1,1.469,
24246.7,heavy,3103,0,4.399,
24250.0,heavy,3101,0,3.618,
24253.3,heavy,3102,0,1.119,
24256.7,heavy,3103,1,3.920,
24260.0,heavy,3101,0,3.441,
24263.3,heavy,3102,0,1.215,
24266.7,heavy,3103,1,4.219,
24270.0,heavy,3101,0,2.799,
24273.3,heavy,3102,0,1.027,
24276.7,heavy,3103,0,3.859,
24280.0,heavy,3101,0,3.142,
24283.3,heavy,3102,1,1.378,
24286.7,heavy,3103,1,4.570,
24290.0,heavy,3101,0,3.408,
24293.3,heavy,3102,0,1.019,
24296.7,heavy,3103,1,4.474,
24300.0,heavy,3101,0,4.013,
24300.0,light-3,3102,1,1.621,
24300.0,light-4,3103,1,2.962,
24300.0,light-5,3101,1,3.388,
24300.0,light-2,3101,1,5.203,
24300.0,light-1,3103,1,5.399,
24303.3,heavy,3102,0,1.348,
24306.7,heavy,3102,0,0.847,
24310.0,heavy,3103,0,3.721,
24313.3,heavy,3101,1,3.975,
24316.7,heavy,3102,0,1.108,
24320.0,heavy,3103,0,3.541,
24323.3,heavy,3101,1,1.774,
24326.7,heavy,3102,1,1.261,
24330.0,heavy,3103,0,2.071,
24333.3,heavy,3101,0,3.424,
24336.7,heavy,3102,1,1.581,
24340.0,heavy,3103,0,3.602,
24343.3,heavy,3101,0,3.484,
24346.7,heavy,3102,1,0.845,
24350.0,heavy,3103,0,4.302,
24353.3,heavy,3101,0,3.290,
24356.7,heavy,3102,1,1.540,
24360.0,heavy,3103,0,4.096,
24363.3,heavy,3101,0,1.828,
24366.7,heavy,3102,1,1.378,
24370.0,heavy,3103,0,3.259,
24373.3,heavy,3101,0,2.840,
24376.7,heavy,3102,1,1.551,
24380.0,heavy,3103,0,3.350,
24383.3,heavy,3101,0,3.483,
24386.7,heavy,3102,0,1.253,
24390.0,heavy,3103,1,4.434,
24393.3,heavy,3101,0,3.326,
24396.7,heavy,3102,1,0.938,
24400.0,heavy,3103,0,3.713,
24400.0,light-1,3101,1,1.176,
24400.0,light-2,3102,1,1.371,
24400.0,light-4,3101,1,1.461,
24400.0,light-5,3102,1,1.546,
24400.0,light-3,3103,1,2.381,
24403.3,heavy,3103,0,3.300,
24406.7,heavy,3101,1,3.774,
24410.0,heavy,3102,0,1.037,
24413.3,heavy,3103,0,4.017,
24416.7,heavy,3101,0,3.293,
24420.0,heavy,3102,1,1.218,
24423.3,heavy,3103,0,3.730,
24426.7,heavy,3101,1,3.899,
24430.0,heavy,3102,0,1.040,
24433.3,heavy,3103,0,4.124,
24436.7,heavy,3101,0,3.318,
24440.0,heavy,3102,1,1.284,
24443.3,heavy,3103,0,3.710,
24446.7,heavy,3101,1,3.174,
24450.0,heavy,3102,0,0.833,
24453.3,heavy,3103,1,4.165,
24456.7,heavy,3101,0,2.729,
24460.0,heavy,3102,0,0.935,
24463.3,heavy,3103,0,4.003,
24466.7,heavy,3101,0,3.290,
24470.0,heavy,3102,1,1.388,
24473.3,heavy,3103,0,2.404,
24476.7,heavy,3101,1,4.448,
24480.0,heavy,3102,1,1.428,
24483.3,heavy,3103,0,4.624,
24486.7,heavy,3101,0,4.704,
24490.0,heavy,3102,0,0.789,
24493.3,heavy,3103,0,4.605,
24496.7,heavy,3101,0,3.829,
24500.0,heavy,3102,1,1.683,
24500.0,light-3,3102,1,1.896,
24500.0,light-2,3101,1,2.428,
24500.0,light-1,3103,1,2.600,
24500.0,light-5,3101,1,2.762,
24500.0,light-4,3103,1,2.998,
24503.3,heavy,3102,0,1.288,
24506.7,heavy,3103,1,4.128,
24510.0,heavy,3101,0,3.626,
24513.3,heavy,3102,0,1.266,
24516.7,heavy,3103,1,5.061,
24520.0,heavy,3101,0,4.034,
24523.3,heavy,3102,1,1.057,
24526.7,heavy,3103,0,3.262,
24530.0,heavy,3101,0,4.110,
24533.3,heavy,3102,0,1.096,
24536.7,heavy,3103,0,3.976,
24540.0,heavy,3101,1,3.950,
24543.3,heavy,3102,1,1.301,
24546.7,heavy,3103,0,3.679,
24550.0,heavy,3101,0,2.625,
24553.3,heavy,3102,1,2.417,
24556.7,heavy,3103,0,4.810,
24560.0,heavy,3101,1,5.346,
24563.3,heavy,3102,0,2.305,
24566.7,heavy,3103,0,3.330,
24570.0,heavy,3101,0,3.675,
24573.3,heavy,3102,0,1.310,
24576.7,heavy,3103,1,4.291,
24580.0,heavy,3101,0,2.787,
24583.3,heavy,3102,0,0.948,
24586.7,heavy,3103,1,8.176,
24590.0,heavy,3101,0,3.364,
24593.3,heavy,3102,1,1.398,
24596.7,heavy,3103,0,7.470,
24600.0,heavy,3101,0,3.845,
24600.0,light-1,3102,1,1.316,
24600.0,light-4,3102,1,1.308,
24600.0,light-2,3103,1,1.591,
24600.0,light-5,3103,1,1.942,
24600.0,light-3,3101,1,2.303,
24603.3,heavy,3101,0,3.335,
24606.7,heavy,3102,0,1.085,
24610.0,heavy,3103,1,5.181,
24613.3,heavy,3101,0,3.300,
24616.7,heavy,3102,1,1.013,
24620.0,heavy,3103,1,5.314,
24623.3,heavy,3101,0,3.064,
24626.7,heavy,3102,0,1.314,
24630.0,heavy,3103,0,2.520,
24633.3,heavy,3101,0,3.135,
24636.7,heavy,3102,1,1.212,
24640.0,heavy,3103,0,3.140,
24643.3,heavy,3101,0,2.778,
24646.7,heavy,3102,1,1.015,
24650.0,heavy,3103,1,4.038,
24653.3,heavy,3101,0,2.945,
24656.7,heavy,3102,0,1.191,
24660.0,heavy,3103,0,3.752,
24663.3,heavy,3101,0,2.702,
24666.7,heavy,3102,1,0.964,
24670.0,heavy,3103,0,3.332,
24673.3,heavy,3101,0,3.492,
24676.7,heavy,3102,1,1.073,
24680.0,heavy,3103,0,3.055,
24683.3,heavy,3101,0,3.456,
24686.7,heavy,3102,1,1.201,
24690.0,heavy,3103,0,2.749,
24693.3,heavy,3101,0,2.838,
24696.7,heavy,3102,0,1.206,
24700.0,heavy,3103,1,4.782,
24700.0,light-1,3101,1,1.322,
24700.0,light-2,3102,1,1.420,
24700.0,light-4,3101,1,1.478,
24700.0,light-5,3102,1,1.610,
24700.0,light-3,3103,1,2.414,
24703.3,heavy,3103,0,4.321,
24706.7,heavy,3101,0,3.093,
24710.0,heavy,3102,0,1.371,
24713.3,heavy,3103,1,2.286,
24716.7,heavy,3101,1,3.848,
24720.0,heavy,3102,0,1.386,
24723.3,heavy,3103,1,5.518,
24726.7,heavy,3101,0,3.787,
24730.0,heavy,3102,1,1.622,
24733.3,heavy,3103,0,5.631,
24736.7,heavy,3101,0,2.235,
24740.0,heavy,3102,0,1.075,
24743.3,heavy,3103,0,5.042,
24746.7,heavy,3101,0,4.289,
24750.0,heavy,3102,1,1.337,
24753.3,heavy,3103,1,5.026,
24756.7,heavy,3101,0,3.566,
24760.0,heavy,3102,0,0.839,
24763.3,heavy,3103,0,4.237,
24766.7,heavy,3101,1,4.541,
24770.0,heavy,3102,0,1.040,
24773.3,heavy,3103,0,3.707,
24776.7,heavy,3101,0,3.005,
24780.0,heavy,3102,1,1.343,
24783.3,heavy,3103,0,2.198,
24786.7,heavy,3101,1,4.604,
24790.0,heavy,3102,1,1.226,
24793.3,heavy,3103,0,3.305,
24796.7,heavy,3101,0,4.355,
24800.0,heavy,3102,0,1.168,
24800.0,light-1,3103,1,1.163,
24800.0,light-2,3101,1,1.421,
24800.0,light-4,3103,1,1.474,
24800.0,light-5,3101,1,1.570,
24800.0,light-3,3102,1,3.320,
24803.3,heavy,3102,0,0.916,
24806.7,heavy,3103,0,4.226,
24810.0,heavy,3101,1,4.493,
24813.3,heavy,3102,1,1.155,
24816.7,heavy,3103,0,3.548,
24820.0,heavy,3101,0,3.618,
24823.3,heavy,3102,0,1.025,
24826.7,heavy,3103,1,4.929,
24830.0,heavy,3101,0,3.250,
24833.3,heavy,3102,0,1.346,
24836.7,heavy,3103,1,4.482,
24840.0,heavy,3101,0,2.896,
24843.3,heavy,3102,0,1.213,
24846.7,heavy,3103,0,4.035,
24850.0,heavy,3101,1,3.973,
24853.3,heavy,3102,1,1.440,
24856.7,heavy,3103,0,3.950,
24860.0,heavy,3101,0,2.613,
24863.3,heavy,3102,1,1.479,
24866.7,heavy,3103,0,3.762,
24870.0,heavy,3101,0,3.150,
24873.3,heavy,3102,0,1.474,
24876.7,heavy,3103,1,4.609,
24880.0,heavy,3101,0,3.159,
24883.3,heavy,3102,0,1.232,
24886.7,heavy,3103,1,4.474,
24890.0,heavy,3101,0,3.202,
24893.3,heavy,3102,0,0.980,
24896.7,heavy,3103,1,4.968,
24900.0,heavy,3101,0,4.232,
24900.0,light-1,3102,1,1.153,
24900.0,light-4,3102,1,1.360,
24900.0,light-2,3103,1,1.772,
24900.0,light-5,3103,1,2.114,
24900.0,light-3,3101,1,2.498,
24903.3,heavy,3101,0,2.448,
24906.7,heavy,3102,1,1.625,
24910.0,heavy,3103,0,4.268,
24913.3,heavy,3101,0,3.702,
24916.7,heavy,3102,1,1.541,
24920.0,heavy,3103,0,4.161,
24923.3,heavy,3101,0,3.407,
24926.7,heavy,3102,1,1.101,
24930.0,heavy,3103,0,3.512,
24933.3,heavy,3101,0,2.665,
24936.7,heavy,3102,1,1.930,
24940.0,heavy,3103,1,4.752,
24943.3,heavy,3101,0,5.097,
24946.7,heavy,3102,0,2.450,
24950.0,heavy,3103,0,2.985,
24953.3,heavy,3101,0,2.809,
24956.7,heavy,3102,1,2.351,
24960.0,heavy,3103,0,4.446,
24963.3,heavy,3101,0,3.727,
24966.7,heavy,3102,1,2.077,
24970.0,heavy,3103,0,4.477,
24973.3,heavy,3101,0,1.833,
24976.7,heavy,3102,1,1.526,
24980.0,heavy,3103,0,3.524,
24983.3,heavy,3101,0,2.984,
24986.7,heavy,3102,1,1.409,
24990.0,heavy,3103,0,2.879,
24993.3,heavy,3101,0,2.501,
24996.7,heavy,3102,1,1.505,
25000.0,heavy,3103,0,6.107,
25000.0,light-1,3101,1,1.400,
25000.0,light-3,3103,1,2.906,
25000.0,light-4,3101,1,6.434,
25000.0,light-2,3102,1,6.756,
25000.0,light-5,3102,1,7.355,
25003.3,heavy,3103,0,3.669,
25006.7,heavy,3101,1,3.750,
25010.0,heavy,3102,0,1.056,
25013.3,heavy,3103,0,3.934,
25016.7,heavy,3101,1,3.900,
25020.0,heavy,3102,0,0.987,
25023.3,heavy,3103,0,5.125,
25026.7,heavy,3101,0,3.978,
25030.0,heavy,3102,1,1.262,
25033.3,heavy,3103,0,3.973,
25036.7,heavy,3101,1,3.493,
25040.0,heavy,3102,0,0.902,
25043.3,heavy,3103,0,3.959,
25046.7,heavy,3101,1,4.267,
25050.0,heavy,3102,0,0.911,
25053.3,heavy,3103,0,4.458,
25056.7,heavy,3101,0,5.048,
25060.0,heavy,3102,1,2.078,
25063.3,heavy,3103,0,4.779,
25066.7,heavy,3101,1,3.644,
25070.0,heavy,3102,0,1.909,
25073.3,heavy,3103,0,3.417,
25076.7,heavy,3101,1,3.800,
25080.0,heavy,3102,0,0.929,
25083.3,heavy,3103,0,3.765,
25086.7,heavy,3101,0,3.219,
25090.0,heavy,3102,1,1.268,
25093.3,heavy,3103,0,2.356,
25096.7,heavy,3101,1,4.105,
25100.0,heavy,3102,0,1.290,
25100.0,light-1,3103,1,1.314,
25100.0,light-3,3102,1,1.328,
25100.0,light-2,3101,1,1.875,
25100.0,light-5,3101,1,2.204,
25100.0,light-4,3103,1,5.595,
25103.3,heavy,3102,1,1.518,
25106.7,heavy,3103,0,4.526,
25110.0,heavy,3101,0,4.432,
25113.3,heavy,3102,0,1.391,
25116.7,heavy,3103,1,4.618,
25120.0,heavy,3101,0,3.394,
25123.3,heavy,3102,0,1.351,
25126.7,heavy,3103,1,5.002,
25130.0,heavy,3101,0,2.913,
25133.3,heavy,3102,0,0.968,
25136.7,heavy,3103,0,3.605,
25140.0,heavy,3101,1,3.631,
25143.3,heavy,3102,1,1.165,
25146.7,heavy,3103,0,3.433,
25150.0,heavy,3101,0,2.475,
25153.3,heavy,3102,1,1.244,
25156.7,heavy,3103,1,5.436,
25160.0,heavy,3101,0,2.385,
25163.3,heavy,3102,0,1.316,
25166.7,heavy,3103,0,3.423,
25170.0,heavy,3101,0,2.700,
25173.3,heavy,3102,1,1.340,
25176.7,heavy,3103,0,3.521,
25180.0,heavy,3101,0,4.160,
25183.3,heavy,3102,0,1.185,
25186.7,heavy,3103,0,3.739,
25190.0,heavy,3101,1,3.931,
25193.3,heavy,3102,1,1.215,
25196.7,heavy,3103,0,2.492,
25200.0,heavy,3101,0,4.900,
25200.0,light-2,3103,1,2.631,
25200.0,light-4,3102,1,2.983,
25200.0,light-1,3102,1,5.144,
25200.0,light-3,3101,1,5.479,
25200.0,light-5,3103,1,5.869,
25203.3,heavy,3102,1,1.358,
25206.7,heavy,3103,0,5.340,
25210.0,heavy,3101,0,4.646,
25213.3,heavy,3101,0,2.032,
25216.7,heavy,3102,0,0.925,
25220.0,heavy,3103,0,4.372,
25223.3,heavy,3101,1,4.579,
25226.7,heavy,3102,1,1.467,
25230.0,heavy,3103,0,3.605,
25233.3,heavy,3101,0,4.046,
25236.7,heavy,3102,1,1.350,
25240.0,heavy,3103,0,3.700,
25243.3,heavy,3101,0,3.104,
25246.7,heavy,3102,1,0.891,
25250.0,heavy,3103,0,3.394,
25253.3,heavy,3101,0,2.799,
25256.7,heavy,3102,1,1.231,
25260.0,heavy,3103,0,1.960,
25263.3,heavy,3101,0,3.377,
25266.7,heavy,3102,1,1.205,
25270.0,heavy,3103,0,5.707,
25273.3,heavy,3101,0,3.323,
25276.7,heavy,3102,1,0.909,
25280.0,heavy,3103,0,2.929,
25283.3,heavy,3101,0,3.452,
25286.7,heavy,3102,1,1.227,
25290.0,heavy,3103,0,3.670,
25293.3,heavy,3101,0,3.478,
25296.7,heavy,3102,1,1.140,
25300.0,heavy,3103,0,4.224,
25300.0,light-2,3102,1,2.158,
25300.0,light-5,3102,1,2.219,
25300.0,light-1,3101,1,2.486,
25300.0,light-3,3103,1,2.537,
25300.0,light-4,3101,1,2.618,
25303.3,heavy,3101,0,3.713,
25306.7,heavy,3102,1,1.637,
25310.0,heavy,3103,0,3.947,
25313.3,heavy,3103,0,2.407,
25316.7,heavy,3101,1,3.856,
25320.0,heavy,3102,1,1.153,
25323.3,heavy,3103,0,4.080,
25326.7,heavy,3101,0,4.188,
25330.0,heavy,3102,0,1.189,
25333.3,heavy,3103,0,4.431,
25336.7,heavy,3101,0,3.564,
25340.0,heavy,3102,1,1.388,
25343.3,heavy,3103,0,3.705,
25346.7,heavy,3101,1,4.569,
25350.0,heavy,3102,0,1.197,
25353.3,heavy,3103,0,5.359,
25356.7,heavy,3101,1,5.844,
25360.0,heavy,3102,0,1.192,
25363.3,heavy,3103,0,3.952,
25366.7,heavy,3101,1,4.367,
25370.0,heavy,3102,0,1.146,
25373.3,heavy,3103,0,3.640,
25376.7,heavy,3101,1,4.197,
25380.0,heavy,3102,0,1.047,
25383.3,heavy,3103,0,3.927,
25386.7,heavy,3101,1,4.689,
25390.0,heavy,3102,1,1.300,
25393.3,heavy,3103,0,4.734,
25396.7,heavy,3101,0,4.827,
25400.0,heavy,3102,0,1.403,
25400.0,light-3,3102,1,1.278,
25400.0,light-4,3103,1,2.383,
25400.0,light-5,3101,1,2.870,
25400.0,light-2,3101,1,3.640,
25400.0,light-1,3103,1,3.820,
25403.3,heavy,3102,0,0.949,
25406.7,heavy,3103,0,4.586,
25410.0,heavy,3101,1,5.122,
25413.3,heavy,3102,0,1.190,
25416.7,heavy,3103,0,3.157,
25420.0,heavy,3101,1,1.792,
25423.3,heavy,3102,1,1.362,
25426.7,heavy,3103,0,3.998,
25430.0,heavy,3101,0,3.621,
25433.3,heavy,3102,0,1.323,
25436.7,heavy,3103,1,4.213,
25440.0,heavy,3101,0,3.190,
25443.3,heavy,3102,0,0.936,
25446.7,heavy,3103,1,4.319,
25450.0,heavy,3101,0,3.784,
25453.3,heavy,3102,1,1.352,
25456.7,heavy,3103,0,4.090,
25460.0,heavy,3101,0,3.259,
25463.3,heavy,3102,1,2.456,
25466.7,heavy,3103,1,4.967,
25470.0,heavy,3101,0,3.292,
25473.3,heavy,3102,0,2.285,
25476.7,heavy,3103,0,4.575,
25480.0,heavy,3101,0,3.111,
25483.3,heavy,3102,0,1.042,
25486.7,heavy,3103,0,4.876,
25490.0,heavy,3101,1,4.144,
25493.3,heavy,3102,0,0.976,
25496.7,heavy,3103,0,5.198,
25500.0,heavy,3101,0,4.068,
25500.0,light-3,3102,1,1.827,
25500.0,light-2,3101,1,2.444,
25500.0,light-1,3103,1,2.644,
25500.0,light-5,3101,1,2.599,
25500.0,light-4,3103,1,2.878,
25503.3,heavy,3102,1,1.454,
25506.7,heavy,3102,1,0.914,
25510.0,heavy,3103,0,3.282,
25513.3,heavy,3101,0,3.029,
25516.7,heavy,3102,1,1.087,
25520.0,heavy,3103,0,3.906,
25523.3,heavy,3101,0,3.577,
25526.7,heavy,3102,1,1.232,
25530.0,heavy,3103,0,4.217,
25533.3,heavy,3101,0,3.416,
25536.7,heavy,3102,0,1.188,
25540.0,heavy,3103,0,4.187,
25543.3,heavy,3101,1,4.152,
25546.7,heavy,3102,1,1.386,
25550.0,heavy,3103,0,4.156,
25553.3,heavy,3101,0,2.924,
25556.7,heavy,3102,0,0.857,
25560.0,heavy,3103,0,4.066,
25563.3,heavy,3101,1,4.486,
25566.7,heavy,3102,1,1.327,
25570.0,heavy,3103,0,4.830,
25573.3,heavy,3101,1,4.125,
25576.7,heavy,3102,0,1.150,
25580.0,heavy,3103,0,3.301,
25583.3,heavy,3101,0,2.797,
25586.7,heavy,3102,0,1.088,
25590.0,heavy,3103,1,6.111,
25593.3,heavy,3101,0,5.097,
25596.7,heavy,3102,1,2.844,
25600.0,heavy,3103,0,5.697,
25600.0,light-2,3102,1,2.389,
25600.0,light-1,3101,1,2.586,
25600.0,light-4,3101,1,3.142,
25600.0,light-3,3103,1,3.414,
25600.0,light-5,3102,1,3.469,
25603.3,heavy,3103,0,3.524,
25606.7,heavy,3101,1,3.664,
25610.0,heavy,3102,0,1.257,
25613.3,heavy,3103,0,3.546,
25616.7,heavy,3101,1,4.000,
25620.0,heavy,3102,0,1.797,
25623.3,heavy,3103,0,3.604,
25626.7,heavy,3101,1,3.523,
25630.0,heavy,3102,0,1.610,
25633.3,heavy,3103,0,5.117,
25636.7,heavy,3101,1,4.558,
25640.0,heavy,3102,1,1.480,
25643.3,heavy,3103,0,5.288,
25646.7,heavy,3101,0,4.895,
25650.0,heavy,3102,0,0.935,
25653.3,heavy,3103,0,3.251,
25656.7,heavy,3101,0,3.358,
25660.0,heavy,3102,1,1.174,
25663.3,heavy,3103,0,1.969,
25666.7,heavy,3101,1,4.229,
25670.0,heavy,3102,1,1.418,
25673.3,heavy,3103,0,3.492,
25676.7,heavy,3101,0,3.974,
25680.0,heavy,3102,0,1.379,
25683.3,heavy,3103,0,4.015,
25686.7,heavy,3101,0,3.213,
25690.0,heavy,3102,1,1.538,
25693.3,heavy,3103,0,2.533,
25696.7,heavy,3101,1,3.745,
25700.0,heavy,3102,0,1.366,
25700.0,light-1,3103,1,1.393,
25700.0,light-2,3101,1,1.451,
25700.0,light-3,3102,1,1.509,
25700.0,light-4,3103,1,1.576,
25700.0,light-5,3101,1,1.634,
25703.3,heavy,3102,1,1.295,
25706.7,heavy,3103,0,3.330,
25710.0,heavy,3101,0,2.743,
25713.3,heavy,3102,0,0.993,
25716.7,heavy,3103,0,3.757,
25720.0,heavy,3101,0,3.016,
25723.3,heavy,3102,1,1.263,
25726.7,heavy,3103,1,4.003,
25730.0,heavy,3101,0,2.876,
25733.3,heavy,3102,0,1.107,
25736.7,heavy,3103,1,4.376,
25740.0,heavy,3101,0,3.164,
25743.3,heavy,3102,0,0.940,
25746.7,heavy,3103,1,3.989,
25750.0,heavy,3101,0,3.256,
25753.3,heavy,3102,0,1.178,
25756.7,heavy,3103,0,4.829,
25760.0,heavy,3101,1,3.981,
25763.3,heavy,3102,1,1.352,
25766.7,heavy,3103,0,4.672,
25770.0,heavy,3101,0,3.022,
25773.3,heavy,3102,0,0.890,
25776.7,heavy,3103,0,4.097,
25780.0,heavy,3101,1,4.288,
25783.3,heavy,3102,1,1.207,
25786.7,heavy,3103,0,3.113,
25790.0,heavy,3101,0,3.530,
25793.3,heavy,3102,0,1.093,
25796.7,heavy,3103,0,4.114,
25800.0,heavy,3101,1,4.019,
25800.0,light-1,3102,1,1.399,
25800.0,light-4,3102,1,1.640,
25800.0,light-2,3103,1,2.232,
25800.0,light-3,3101,1,2.360,
25800.0,light-5,3103,1,2.842,
25803.3,heavy,3101,0,3.005,
25806.7,heavy,3102,0,0.921,
25810.0,heavy,3103,0,4.559,
25813.3,heavy,3101,1,3.695,
25816.7,heavy,3102,1,1.573,
25820.0,heavy,3103,0,3.475,
25823.3,heavy,3101,0,2.874,
25826.7,heavy,3102,1,1.056,
25830.0,heavy,3103,0,4.131,
25833.3,heavy,3101,1,3.737,
25836.7,heavy,3102,0,1.089,
25840.0,heavy,3103,0,3.333,
25843.3,heavy,3101,0,3.130,
25846.7,heavy,3102,0,1.021,
25850.0,heavy,3103,0,4.196,
25853.3,heavy,3101,1,3.424,
25856.7,heavy,3102,1,1.111,
25860.0,heavy,3103,0,4.000,
25863.3,heavy,3101,0,4.063,
25866.7,heavy,3102,1,1.138,
25870.0,heavy,3103,0,4.182,
25873.3,heavy,3101,0,3.386,
25876.7,heavy,3102,1,1.838,
25880.0,heavy,3103,0,2.112,
25883.3,heavy,3101,0,3.201,
25886.7,heavy,3102,0,1.032,
25890.0,heavy,3103,1,4.923,
25893.3,heavy,3101,1,4.059,
25896.7,heavy,3102,0,1.342,
25900.0,heavy,3103,0,3.618,
25900.0,light-1,3101,1,1.249,
25900.0,light-2,3102,1,1.370,
25900.0,light-4,3101,1,1.403,
25900.0,light-5,3102,1,1.476,
25900.0,light-3,3103,1,2.311,
25903.3,heavy,3103,0,3.585,
25906.7,heavy,3101,1,5.603,
25910.0,heavy,3102,0,1.122,
25913.3,heavy,3103,0,3.120,
25916.7,heavy,3101,1,3.656,
25920.0,heavy,3102,0,0.999,
25923.3,heavy,3103,1,4.676,
25926.7,heavy,3101,0,3.846,
25930.0,heavy,3102,0,1.444,
25933.3,heavy,3103,0,3.777,
25936.7,heavy,3101,1,3.705,
25940.0,heavy,3102,0,0.933,
25943.3,heavy,3103,0,3.155,
25946.7,heavy,3101,1,4.276,
25950.0,heavy,3102,1,1.255,
25953.3,heavy,3103,0,3.345,
25956.7,heavy,3101,0,4.039,
25960.0,heavy,3102,0,1.212,
25963.3,heavy,3103,0,3.597,
25966.7,heavy,3101,1,4.184,
25970.0,heavy,3102,0,0.916,
25973.3,heavy,3103,0,3.961,
25976.7,heavy,3101,1,3.832,
25980.0,heavy,3102,0,0.993,
25983.3,heavy,3103,0,3.742,
25986.7,heavy,3101,1,4.827,
25990.0,heavy,3102,0,1.173,
25993.3,heavy,3103,0,3.102,
25996.7,heavy,3101,1,4.573,
26000.0,heavy,3102,0,1.124,
26000.0,light-1,3103,1,1.130,
26000.0,light-4,3103,1,1.453,
26000.0,light-2,3101,1,1.706,
26000.0,light-5,3101,1,1.700,
26000.0,light-3,3102,1,4.197,
26003.3,heavy,3102,0,1.713,
26006.7,heavy,3103,0,3.537,
26010.0,heavy,3101,1,4.041,
26013.3,heavy,3102,1,1.418,
26016.7,heavy,3103,0,3.809,
26020.0,heavy,3101,0,4.001,
26023.3,heavy,3102,0,1.219,
26026.7,heavy,3103,1,5.093,
26030.0,heavy,3101,0,3.533,
26033.3,heavy,3102,1,2.348,
26036.7,heavy,3103,0,4.107,
26040.0,heavy,3101,0,3.270,
26043.3,heavy,3102,0,0.919,
26046.7,heavy,3103,0,6.672,
26050.0,heavy,3101,1,5.610,
26053.3,heavy,3102,0,2.124,
26056.7,heavy,3103,0,4.845,
26060.0,heavy,3101,1,3.151,
26063.3,heavy,3102,0,1.101,
26066.7,heavy,3103,0,5.796,
26070.0,heavy,3101,1,4.903,
26073.3,heavy,3102,1,2.341,
26076.7,heavy,3103,0,5.520,
26080.0,heavy,3101,0,4.851,
26083.3,heavy,3102,1,1.647,
26086.7,heavy,3103,0,4.424,
26090.0,heavy,3101,0,9.512,
26093.3,heavy,3102,1,1.792,
26096.7,heavy,3103,0,4.762,
26100.0,heavy,3101,0,3.431,
26100.0,light-1,3102,1,2.802,
26100.0,light-4,3102,1,2.789,
26100.0,light-3,3101,1,2.953,
26100.0,light-2,3103,1,3.126,
26100.0,light-5,3103,1,3.064,
26103.3,heavy,3101,0,3.606,
26106.7,heavy,3102,1,0.959,
26110.0,heavy,3103,0,3.973,
26113.3,heavy,3101,0,3.355,
26116.7,heavy,3102,1,1.338,
26120.0,heavy,3103,0,3.678,
26123.3,heavy,3101,0,2.162,
26126.7,heavy,3102,1,2.015,
26130.0,heavy,3103,0,3.497,
26133.3,heavy,3101,0,3.750,
26136.7,heavy,3102,1,2.059,
26140.0,heavy,3103,0,2.199,
26143.3,heavy,3101,0,3.805,
26146.7,heavy,3102,1,1.298,
26150.0,heavy,3103,0,4.039,
26153.3,heavy,3101,0,3.881,
26156.7,heavy,3102,1,0.866,
26160.0,heavy,3103,0,4.492,
26163.3,heavy,3101,0,3.596,
26166.7,heavy,3102,1,1.276,
26170.0,heavy,3103,0,4.004,
26173.3,heavy,3101,0,2.894,
26176.7,heavy,3102,1,1.865,
26180.0,heavy,3103,0,4.500,
26183.3,heavy,3101,0,3.267,
26186.7,heavy,3102,1,1.427,
26190.0,heavy,3103,0,2.746,
26193.3,heavy,3101,0,6.759,
26196.7,heavy,3102,1,1.246,
26200.0,heavy,3103,0,6.312,
26200.0,light-1,3101,1,2.475,
26200.0,light-3,3103,1,2.956,
26200.0,light-2,3102,1,6.938,
26200.0,light-5,3102,1,8.108,
26200.0,light-4,3101,1,8.367,
26203.3,heavy,3103,0,4.352,
26206.7,heavy,3101,1,3.458,
26210.0,heavy,3102,0,0.886,
26213.3,heavy,3103,0,4.184,
26216.7,heavy,3101,1,4.826,
26220.0,heavy,3102,0,1.231,
26223.3,heavy,3103,0,4.068,
26226.7,heavy,3101,0,3.225,
26230.0,heavy,3102,1,1.303,
26233.3,heavy,3103,0,3.440,
26236.7,heavy,3101,1,3.724,
26240.0,heavy,3102,0,0.887,
26243.3,heavy,3103,0,4.196,
26246.7,heavy,3101,1,4.399,
26250.0,heavy,3102,0,1.371,
26253.3,heavy,3103,0,3.482,
26256.7,heavy,3101,1,4.078,
26260.0,heavy,3102,0,0.946,
26263.3,heavy,3103,0,3.594,
26266.7,heavy,3101,1,3.903,
26270.0,heavy,3102,0,1.107,
26273.3,heavy,3103,1,3.745,
26276.7,heavy,3101,0,3.073,
26280.0,heavy,3102,0,1.023,
26283.3,heavy,3103,0,4.413,
26286.7,heavy,3101,1,3.811,
26290.0,heavy,3102,0,0.895,
26293.3,heavy,3103,0,3.521,
26296.7,heavy,3101,1,4.060,
26300.0,heavy,3102,0,1.483,
26300.0,light-1,3103,1,1.438,
26300.0,light-3,3102,1,1.360,
26300.0,light-2,3101,1,1.905,
26300.0,light-5,3101,1,2.099,
26300.0,light-4,3103,1,3.941,
26303.3,heavy,3102,0,0.923,
26306.7,heavy,3103,0,4.299,
26310.0,heavy,3101,1,4.552,
26313.3,heavy,3102,0,0.987,
26316.7,heavy,3103,1,4.783,
26320.0,heavy,3101,0,3.907,
26323.3,heavy,3102,1,1.144,
26326.7,heavy,3103,0,4.292,
26330.0,heavy,3101,0,2.602,
26333.3,heavy,3102,0,0.987,
26336.7,heavy,3103,1,4.888,
26340.0,heavy,3101,0,3.871,
26343.3,heavy,3102,0,1.117,
26346.7,heavy,3103,1,3.504,
26350.0,heavy,3101,0,2.975,
26353.3,heavy,3102,0,0.919,
26356.7,heavy,3103,1,4.906,
26360.0,heavy,3101,0,3.214,
26363.3,heavy,3102,0,1.138,
26366.7,heavy,3103,1,4.267,
26370.0,heavy,3101,0,3.076,
26373.3,heavy,3102,0,1.293,
26376.7,heavy,3103,0,3.908,
26380.0,heavy,3101,1,4.148,
26383.3,heavy,3102,1,1.382,
26386.7,heavy,3103,0,3.929,
26390.0,heavy,3101,0,2.751,
26393.3,heavy,3102,0,1.161,
26396.7,heavy,3103,0,5.876,
26400.0,heavy,3101,1,6.130,
26400.0,light-3,3102,1,1.759,
26400.0,light-4,3103,1,4.037,
26400.0,light-5,3101,1,4.229,
26400.0,light-2,3101,1,7.238,
26400.0,light-1,3103,1,8.009,
26403.3,heavy,3102,1,1.376,
26406.7,heavy,3102,0,0.812,
26410.0,heavy,3103,0,3.065,
26413.3,heavy,3101,0,2.637,
26416.7,heavy,3102,1,1.527,
26420.0,heavy,3103,0,3.482,
26423.3,heavy,3101,0,2.796,
26426.7,heavy,3102,1,0.795,
26430.0,heavy,3103,0,4.561,
26433.3,heavy,3101,1,3.943,
26436.7,heavy,3102,0,1.118,
26440.0,heavy,3103,0,3.047,
26443.3,heavy,3101,0,3.188,
26446.7,heavy,3102,1,0.923,
26450.0,heavy,3103,0,3.927,
26453.3,heavy,3101,0,2.866,
26456.7,heavy,3102,1,0.907,
26460.0,heavy,3103,0,3.871,
26463.3,heavy,3101,1,4.274,
26466.7,heavy,3102,0,1.006,
26470.0,heavy,3103,0,3.331,
26473.3,heavy,3101,0,3.082,
26476.7,heavy,3102,1,1.099,
26480.0,heavy,3103,0,4.253,
26483.3,heavy,3101,1,3.319,
26486.7,heavy,3102,0,1.322,
26490.0,heavy,3103,0,3.492,
26493.3,heavy,3101,0,3.518,
26496.7,heavy,3102,1,1.002,
26500.0,heavy,3103,0,3.905,
26500.0,light-2,3102,1,1.810,
26500.0,light-5,3102,1,2.072,
26500.0,light-1,3101,1,2.472,
26500.0,light-4,3101,1,2.579,
26500.0,light-3,3103,1,2.729,
26503.3,heavy,3101,0,3.434,
26506.7,heavy,3102,1,1.290,
26510.0,heavy,3103,0,3.709,
26513.3,heavy,3103,0,2.527,
26516.7,heavy,3101,1,4.069,
26520.0,heavy,3102,1,1.402,
26523.3,heavy,3103,0,3.573,
26526.7,heavy,3101,0,4.128,
26530.0,heavy,3102,0,0.922,
26533.3,heavy,3103,0,5.513,
26536.7,heavy,3101,0,4.658,
26540.0,heavy,3102,1,1.560,
26543.3,heavy,3103,0,5.323,
26546.7,heavy,3101,1,3.190,
26550.0,heavy,3102,0,1.102,
26553.3,heavy,3103,0,3.654,
26556.7,heavy,3101,1,3.159,
26560.0,heavy,3102,0,0.950,
26563.3,heavy,3103,1,4.472,
26566.7,heavy,3101,0,3.054,
26570.0,heavy,3102,1,1.505,
26573.3,heavy,3103,0,4.169,
26576.7,heavy,3101,0,1.622,
26580.0,heavy,3102,0,0.854,
26583.3,heavy,3103,0,4.033,
26586.7,heavy,3101,0,3.573,
26590.0,heavy,3102,1,2.058,
26593.3,heavy,3103,0,4.744,
26596.7,heavy,3101,1,3.573,
26600.0,heavy,3102,0,1.211,
26600.0,light-1,3103,1,1.327,
26600.0,light-3,3102,1,1.416,
26600.0,light-2,3101,1,1.549,
26600.0,light-4,3103,1,1.554,
26600.0,light-5,3101,1,1.936,
26603.3,heavy,3102,0,0.998,
26606.7,heavy,3103,0,4.172,
26610.0,heavy,3101,1,3.907,
26613.3,heavy,3102,1,1.271,
26616.7,heavy,3103,0,4.466,
26620.0,heavy,3101,0,4.548,
26623.3,heavy,3102,0,1.766,
26626.7,heavy,3103,1,3.633,
26630.0,heavy,3101,0,3.024,
26633.3,heavy,3102,0,0.888,
26636.7,heavy,3103,1,4.532,
26640.0,heavy,3101,0,3.044,
26643.3,heavy,3102,0,1.141,
26646.7,heavy,3103,1,4.249,
26650.0,heavy,3101,0,2.517,
26653.3,heavy,3102,0,0.800,
26656.7,heavy,3103,0,4.946,
26660.0,heavy,3101,1,4.142,
26663.3,heavy,3102,1,1.278,
26666.7,heavy,3103,0,4.814,
26670.0,heavy,3101,0,3.436,
26673.3,heavy,3102,0,0.945,
26676.7,heavy,3103,0,3.483,
26680.0,heavy,3101,0,2.874,
26683.3,heavy,3102,1,1.349,
26686.7,heavy,3103,0,1.870,
26690.0,heavy,3101,1,6.287,
26693.3,heavy,3102,1,1.291,
26696.7,heavy,3103,0,5.343,
26700.0,heavy,3101,0,6.011,
26700.0,light-2,3103,1,2.939,
26700.0,light-4,3102,1,3.333,
26700.0,light-1,3102,1,5.391,
26700.0,light-3,3101,1,7.331,
26700.0,light-5,3103,1,7.591,
26703.3,heavy,3101,0,4.879,
26706.7,heavy,3102,0,0.811,
26710.0,heavy,3103,0,3.656,
26713.3,heavy,3101,1,3.957,
26716.7,heavy,3102,1,1.171,
26720.0,heavy,3103,0,3.564,
26723.3,heavy,3101,0,2.938,
26726.7,heavy,3102,0,0.915,
26730.0,heavy,3103,1,3.771,
26733.3,heavy,3101,0,2.744,
26736.7,heavy,3102,1,1.101,
26740.0,heavy,3103,0,3.369,
26743.3,heavy,3101,0,2.973,
26746.7,heavy,3102,1,1.370,
26750.0,heavy,3103,0,3.700,
26753.3,heavy,3101,0,3.270,
26756.7,heavy,3102,1,1.469,
26760.0,heavy,3103,0,3.639,
26763.3,heavy,3101,0,2.411,
26766.7,heavy,3102,1,1.277,
26770.0,heavy,3103,0,3.902,
26773.3,heavy,3101,0,2.536,
26776.7,heavy,3102,1,1.138,
26780.0,heavy,3103,0,3.789,
26783.3,heavy,3101,0,2.985,
26786.7,heavy,3102,1,1.630,
26790.0,heavy,3103,0,3.717,
26793.3,heavy,3101,1,3.997,
26796.7,heavy,3102,0,1.196,
26800.0,heavy,3103,0,3.360,
26800.0,light-2,3102,1,1.315,
26800.0,light-5,3102,1,1.414,
26800.0,light-1,3101,1,1.759,
26800.0,light-4,3101,1,1.781,
26800.0,light-3,3103,1,2.258,
26803.3,heavy,3103,0,3.252,
26806.7,heavy,3101,1,3.457,
26810.0,heavy,3102,0,0.941,
26813.3,heavy,3103,0,4.201,
26816.7,heavy,3101,0,3.488,
26820.0,heavy,3102,1,1.320,
26823.3,heavy,3103,0,3.897,
26826.7,heavy,3101,1,4.254,
26830.0,heavy,3102,0,0.854,
26833.3,heavy,3103,0,2.959,
26836.7,heavy,3101,1,3.859,
26840.0,heavy,3102,0,0.743,
26843.3,heavy,3103,0,3.386,
26846.7,heavy,3101,1,4.419,
26850.0,heavy,3102,0,0.912,
26853.3,heavy,3103,0,3.132,
26856.7,heavy,3101,1,3.949,
26860.0,heavy,3102,0,0.957,
26863.3,heavy,3103,0,3.588,
26866.7,heavy,3101,0,2.893,
26870.0,heavy,3102,1,1.393,
26873.3,heavy,3103,0,2.666,
26876.7,heavy,3101,1,24.784,
26880.0,heavy,3102,1,1.407,
26883.3,heavy,3103,0,3.578,
26886.7,heavy,3101,0,23.627,
26890.0,heavy,3102,1,1.744,
26893.3,heavy,3103,0,4.395,
26896.7,heavy,3101,1,12.654,
26900.0,heavy,3102,0,1.588,
26900.0,light-3,3102,1,1.719,
26900.0,light-1,3103,1,2.453,
26900.0,light-4,3103,1,2.641,
26900.0,light-2,3101,1,10.324,
26900.0,light-5,3101,1,13.236,
26903.3,heavy,3102,0,0.744,
26906.7,heavy,3103,0,3.352,
26910.0,heavy,3101,0,4.163,
26913.3,heavy,3102,0,0.997,
26916.7,heavy,3103,1,4.269,
26920.0,heavy,3101,0,22.514,
26923.3,heavy,3102,0,1.031,
26926.7,heavy,3103,1,5.117,
26930.0,heavy,3101,0,13.518,
26933.3,heavy,3102,1,0.912,
26936.7,heavy,3103,0,4.163,
26940.0,heavy,3101,0,3.550,
26943.3,heavy,3102,0,0.747,
26946.7,heavy,3103,0,2.561,
26950.0,heavy,3101,1,16.094,
26953.3,heavy,3102,1,0.902,
26956.7,heavy,3103,0,3.133,
26960.0,heavy,3101,0,2.056,
26963.3,heavy,3102,1,0.960,
26966.7,heavy,3103,0,3.010,
26970.0,heavy,3101,0,3.305,
26973.3,heavy,3102,0,0.822,
26976.7,heavy,3103,0,2.946,
26980.0,heavy,3101,0,2.415,
26983.3,heavy,3102,1,0.942,
26986.7,heavy,3103,1,3.268,
26990.0,heavy,3101,0,2.247,
26993.3,heavy,3102,0,0.755,
26996.7,heavy,3103,0,4.707,
27000.0,heavy,3101,1,4.159,
27000.0,light-1,3102,1,1.349,
27000.0,light-3,3101,1,2.001,
27000.0,light-2,3103,1,2.437,
27000.0,light-4,3102,1,2.554,
27000.0,light-5,3103,1,2.678,
27003.3,heavy,3101,0,2.176,
27006.7,heavy,3102,1,1.336,
27010.0,heavy,3103,0,3.446,
27013.3,heavy,3101,1,3.560,
27016.7,heavy,3102,0,0.982,
27020.0,heavy,3103,0,3.641,
27023.3,heavy,3101,0,4.046,
27026.7,heavy,3102,1,1.201,
27030.0,heavy,3103,0,3.798,
27033.3,heavy,3101,0,2.853,
27036.7,heavy,3102,1,0.993,
27040.0,heavy,3103,0,4.754,
27043.3,heavy,3101,0,2.698,
27046.7,heavy,3102,1,1.475,
27050.0,heavy,3103,0,6.626,
27053.3,heavy,3101,1,3.586,
27056.7,heavy,3102,0,1.062,
27060.0,heavy,3103,0,3.367,
27063.3,heavy,3101,0,2.778,
27066.7,heavy,3102,0,0.986,
27070.0,heavy,3103,0,4.041,
27073.3,heavy,3101,1,4.406,
27076.7,heavy,3102,1,1.173,
27080.0,heavy,3103,0,4.048,
27083.3,heavy,3101,1,4.462,
27086.7,heavy,3102,0,1.071,
27090.0,heavy,3103,0,3.493,
27093.3,heavy,3101,0,3.154,
27096.7,heavy,3102,1,1.762,
27100.0,heavy,3103,0,5.214,
27100.0,light-2,3101,1,2.270,
27100.0,light-5,3101,1,2.443,
27100.0,light-1,3103,1,2.745,
27100.0,light-4,3103,1,2.953,
27100.0,light-3,3102,1,4.672,
27103.3,heavy,3101,0,4.314,
27106.7,heavy,3102,1,1.763,
27110.0,heavy,3102,0,1.720,
27113.3,heavy,3103,0,3.583,
27116.7,heavy,3101,1,3.944,
27120.0,heavy,3102,0,1.230,
27123.3,heavy,3103,0,3.505,
27126.7,heavy,3101,1,3.418,
27130.0,heavy,3102,0,0.927,
27133.3,heavy,3103,0,4.367,
27136.7,heavy,3101,0,3.551,
27140.0,heavy,3102,1,2.090,
27143.3,heavy,3103,0,3.846,
27146.7,heavy,3101,1,3.666,
27150.0,heavy,3102,0,0.786,
27153.3,heavy,3103,1,4.876,
27156.7,heavy,3101,0,3.674,
27160.0,heavy,3102,0,1.481,
27163.3,heavy,3103,0,3.721,
27166.7,heavy,3101,1,3.838,
27170.0,heavy,3102,0,1.566,
27173.3,heavy,3103,0,3.642,
27176.7,heavy,3101,1,4.079,
27180.0,heavy,3102,1,1.292,
27183.3,heavy,3103,0,3.858,
27186.7,heavy,3101,0,4.024,
27190.0,heavy,3102,0,1.023,
27193.3,heavy,3103,0,4.958,
27196.7,heavy,3101,0,3.630,
27200.0,heavy,3102,1,1.228,
27200.0,light-3,3102,1,1.633,
27200.0,light-2,3101,1,2.293,
27200.0,light-5,3101,1,2.526,
27200.0,light-1,3103,1,2.769,
27200.0,light-4,3103,1,3.039,
27203.3,heavy,3102,0,1.180,
27206.7,heavy,3103,1,8.079,
27210.0,heavy,3101,1,3.550,
27213.3,heavy,3102,0,1.159,
27216.7,heavy,3103,0,3.402,
27220.0,heavy,3101,0,3.175,
27223.3,heavy,3102,0,0.795,
27226.7,heavy,3103,0,3.976,
27230.0,heavy,3101,1,4.451,
27233.3,heavy,3102,0,0.950,
27236.7,heavy,3103,1,3.603,
27240.0,heavy,3101,0,2.938,
27243.3,heavy,3102,0,1.146,
27246.7,heavy,3103,1,4.019,
27250.0,heavy,3101,0,2.949,
27253.3,heavy,3102,0,0.917,
27256.7,heavy,3103,0,3.950,
27260.0,heavy,3101,0,3.152,
27263.3,heavy,3102,1,1.238,
27266.7,heavy,3103,1,3.760,
27270.0,heavy,3101,0,3.483,
27273.3,heavy,3102,0,0.792,
27276.7,heavy,3103,1,4.577,
27280.0,heavy,3101,0,3.249,
27283.3,heavy,3102,0,0.943,
27286.7,heavy,3103,1,4.538,
27290.0,heavy,3101,0,3.402,
27293.3,heavy,3102,0,1.068,
27296.7,heavy,3103,0,6.882,
27300.0,heavy,3101,1,7.836,
27300.0,light-1,3101,1,2.567,
27300.0,light-3,3103,1,2.727,
27300.0,light-2,3102,1,7.017,
27300.0,light-5,3102,1,7.983,
27300.0,light-4,3101,1,8.878,
27303.3,heavy,3102,1,1.407,
27306.7,heavy,3103,0,7.202,
27310.0,heavy,3103,0,5.895,
27313.3,heavy,3101,0,6.076,
27316.7,heavy,3102,1,1.856,
27320.0,heavy,3103,0,3.512,
27323.3,heavy,3101,0,2.814,
27326.7,heavy,3102,1,1.088,
27330.0,heavy,3103,0,4.085,
27333.3,heavy,3101,0,3.228,
27336.7,heavy,3102,1,1.220,
27340.0,heavy,3103,0,3.816,
27343.3,heavy,3101,0,3.054,
27346.7,heavy,3102,1,0.977,
27350.0,heavy,3103,0,3.242,
27353.3,heavy,3101,1,3.186,
27356.7,heavy,3102,0,1.015,
27360.0,heavy,3103,0,3.657,
27363.3,heavy,3101,0,3.149,
27366.7,heavy,3102,1,1.358,
27370.0,heavy,3103,0,3.375,
27373.3,heavy,3101,0,1.814,
27376.7,heavy,3102,1,2.478,
27380.0,heavy,3103,0,4.706,
27383.3,heavy,3101,0,3.571,
27386.7,heavy,3102,1,2.677,
27390.0,heavy,3103,0,3.173,
27393.3,heavy,3101,0,3.615,
27396.7,heavy,3102,1,1.263,
27400.0,heavy,3103,0,5.323,
27400.0,light-1,3102,1,1.610,
27400.0,light-4,3102,1,2.148,
27400.0,light-3,3101,1,2.824,
27400.0,light-2,3103,1,3.460,
27400.0,light-5,3103,1,3.470,
27403.3,heavy,3101,0,3.839,
27406.7,heavy,3101,1,5.184,
27410.0,heavy,3102,0,0.826,
27413.3,heavy,3103,0,4.231,
27416.7,heavy,3101,1,4.810,
27420.0,heavy,3102,0,1.032,
27423.3,heavy,3103,0,2.877,
27426.7,heavy,3101,0,3.583,
27430.0,heavy,3102,1,1.094,
27433.3,heavy,3103,0,3.918,
27436.7,heavy,3101,1,3.169,
27440.0,heavy,3102,0,0.936,
27443.3,heavy,3103,0,4.869,
27446.7,heavy,3101,1,3.981,
27450.0,heavy,3102,0,0.752,
27453.3,heavy,3103,0,3.245,
27456.7,heavy,3101,1,4.041,
27460.0,heavy,3102,0,0.926,
27463.3,heavy,3103,1,3.948,
27466.7,heavy,3101,0,2.538,
27470.0,heavy,3102,0,1.070,
27473.3,heavy,3103,0,3.565,
27476.7,heavy,3101,1,3.304,
27480.0,heavy,3102,0,0.881,
27483.3,heavy,3103,0,3.989,
27486.7,heavy,3101,1,4.754,
27490.0,heavy,3102,1,1.323,
27493.3,heavy,3103,0,4.793,
27496.7,heavy,3101,0,4.882,
27500.0,heavy,3102,0,1.384,
27500.0,light-3,3102,1,1.248,
27500.0,light-5,3101,1,2.227,
27500.0,light-2,3101,1,4.400,
27500.0,light-1,3103,1,4.673,
27500.0,light-4,3103,1,5.721,
27503.3,heavy,3102,0,1.113,
27506.7,heavy,3103,1,3.388,
27510.0,heavy,3101,0,2.949,
27513.3,heavy,3102,0,1.005,
27516.7,heavy,3103,0,3.750,
27520.0,heavy,3101,1,3.856,
27523.3,heavy,3102,1,1.197,
27526.7,heavy,3103,0,3.639,
27530.0,heavy,3101,0,2.639,
27533.3,heavy,3102,1,1.722,
27536.7,heavy,3103,0,3.434,
27540.0,heavy,3101,0,3.853,
27543.3,heavy,3102,0,1.489,
27546.7,heavy,3103,1,3.752,
27550.0,heavy,3101,0,3.820,
27553.3,heavy,3102,0,1.142,
27556.7,heavy,3103,1,4.115,
27560.0,heavy,3101,0,3.499,
27563.3,heavy,3102,0,1.358,
27566.7,heavy,3103,0,3.543,
27570.0,heavy,3101,0,2.856,
27573.3,heavy,3102,1,1.124,
27576.7,heavy,3103,1,4.164,
27580.0,heavy,3101,0,3.136,
27583.3,heavy,3102,0,0.973,
27586.7,heavy,3103,0,3.912,
27590.0,heavy,3101,1,4.149,
27593.3,heavy,3102,0,0.929,
27596.7,heavy,3103,1,6.508,
27600.0,heavy,3101,0,5.070,
27600.0,light-3,3102,1,2.525,
27600.0,light-1,3103,1,3.091,
27600.0,light-2,3101,1,3.696,
27600.0,light-4,3103,1,3.745,
27600.0,light-5,3101,1,4.004,
27603.3,heavy,3102,1,1.616,
27606.7,heavy,3102,0,1.946,
27610.0,heavy,3103,0,4.500,
27613.3,heavy,3101,0,3.160,
27616.7,heavy,3102,1,0.976,
27620.0,heavy,3103,0,3.835,
27623.3,heavy,3101,0,2.938,
27626.7,heavy,3102,1,1.171,
27630.0,heavy,3103,0,3.774,
27633.3,heavy,3101,0,3.398,
27636.7,heavy,3102,1,1.419,
27640.0,heavy,3103,0,4.237,
27643.3,heavy,3101,0,3.314,
27646.7,heavy,3102,1,1.386,
27650.0,heavy,3103,0,4.002,
27653.3,heavy,3101,0,3.703,
27656.7,heavy,3102,1,0.903,
27660.0,heavy,3103,0,4.595,
27663.3,heavy,3101,0,3.737,
27666.7,heavy,3102,1,1.452,
27670.0,heavy,3103,0,2.870,
27673.3,heavy,3101,0,4.251,
27676.7,heavy,3102,1,1.697,
27680.0,heavy,3103,1,6.276,
27683.3,heavy,3101,0,3.986,
27686.7,heavy,3102,0,1.319,
27690.0,heavy,3103,0,2.056,
27693.3,heavy,3101,0,5.017,
27696.7,heavy,3102,1,1.712,
27700.0,heavy,3103,0,5.544,
27700.0,light-1,3101,1,1.446,
27700.0,light-2,3102,1,1.549,
27700.0,light-5,3102,1,2.030,
27700.0,light-3,3103,1,2.818,
27700.0,light-4,3101,1,3.263,
27703.3,heavy,3103,0,4.502,
27706.7,heavy,3101,1,4.826,
27710.0,heavy,3102,0,1.162,
27713.3,heavy,3103,0,3.230,
27716.7,heavy,3101,1,3.423,
27720.0,heavy,3102,0,0.977,
27723.3,heavy,3103,0,3.546,
27726.7,heavy,3101,0,2.812,
27730.0,heavy,3102,1,1.046,
27733.3,heavy,3103,0,3.132,
27736.7,heavy,3101,1,3.497,
27740.0,heavy,3102,0,1.056,
27743.3,heavy,3103,0,3.793,
27746.7,heavy,3101,1,4.082,
27750.0,heavy,3102,0,1.025,
27753.3,heavy,3103,0,3.746,
27756.7,heavy,3101,0,3.191,
27760.0,heavy,3102,1,1.144,
27763.3,heavy,3103,0,2.342,
27766.7,heavy,3101,1,3.901,
27770.0,heavy,3102,1,1.191,
27773.3,heavy,3103,0,3.065,
27776.7,heavy,3101,0,3.605,
27780.0,heavy,3102,0,1.164,
27783.3,heavy,3103,0,3.916,
27786.7,heavy,3101,0,3.093,
27790.0,heavy,3102,1,1.208,
27793.3,heavy,3103,0,3.666,
27796.7,heavy,3101,1,3.338,
27800.0,heavy,3102,0,1.301,
27800.0,light-1,3103,1,1.440,
27800.0,light-3,3102,1,1.437,
27800.0,light-2,3101,1,1.591,
27800.0,light-4,3103,1,1.648,
27800.0,light-5,3101,1,1.647,
27803.3,heavy,3102,1,1.326,
27806.7,heavy,3103,0,3.358,
27810.0,heavy,3101,0,3.131,
27813.3,heavy,3102,0,1.029,
27816.7,heavy,3103,0,4.022,
27820.0,heavy,3101,1,4.414,
27823.3,heavy,3102,1,1.548,
27826.7,heavy,3103,0,2.212,
27830.0,heavy,3101,0,3.166,
27833.3,heavy,3102,1,1.742,
27836.7,heavy,3103,0,3.545,
27840.0,heavy,3101,0,3.384,
27843.3,heavy,3102,0,0.855,
27846.7,heavy,3103,0,4.388,
27850.0,heavy,3101,1,4.771,
27853.3,heavy,3102,1,1.569,
27856.7,heavy,3103,0,2.966,
27860.0,heavy,3101,0,1.669,
27863.3,heavy,3102,1,1.399,
27866.7,heavy,3103,0,3.844,
27870.0,heavy,3101,0,3.226,
27873.3,heavy,3102,0,0.872,
27876.7,heavy,3103,0,4.195,
27880.0,heavy,3101,1,3.697,
27883.3,heavy,3102,1,1.197,
27886.7,heavy,3103,0,4.282,
27890.0,heavy,3101,0,3.122,
27893.3,heavy,3102,0,0.902,
27896.7,heavy,3103,0,6.153,
27900.0,heavy,3101,1,5.739,
27900.0,light-2,3103,1,2.843,
27900.0,light-4,3102,1,3.007,
27900.0,light-1,3102,1,5.244,
27900.0,light-3,3101,1,7.502,
27900.0,light-5,3103,1,7.987,
27903.3,heavy,3101,0,4.892,
27906.7,heavy,3102,1,0.709,
27910.0,heavy,3103,0,3.184,
27913.3,heavy,3101,0,2.618,
27916.7,heavy,3102,0,0.748,
27920.0,heavy,3103,0,3.674,
27923.3,heavy,3101,1,3.923,
27926.7,heavy,3102,1,1.204,
27930.0,heavy,3103,0,3.912,
27933.3,heavy,3101,0,3.945,
27936.7,heavy,3102,1,0.781,
27940.0,heavy,3103,0,3.896,
27943.3,heavy,3101,0,3.302,
27946.7,heavy,3102,1,1.351,
27950.0,heavy,3103,0,3.060,
27953.3,heavy,3101,0,2.805,
27956.7,heavy,3102,1,1.173,
27960.0,heavy,3103,0,3.088,
27963.3,heavy,3101,0,2.930,
27966.7,heavy,3102,1,0.708,
27970.0,heavy,3103,0,3.927,
27973.3,heavy,3101,0,3.098,
27976.7,heavy,3102,1,1.315,
27980.0,heavy,3103,0,3.721,
27983.3,heavy,3101,0,2.938,
27986.7,heavy,3102,1,1.267,
27990.0,heavy,3103,0,3.819,
27993.3,heavy,3101,1,4.093,
27996.7,heavy,3102,0,0.875,
28000.0,heavy,3103,0,4.128,
28000.0,light-2,3102,1,1.349,
28000.0,light-5,3102,1,1.552,
28000.0,light-1,3101,1,2.124,
28000.0,light-4,3101,1,2.281,
28000.0,light-3,3103,1,2.443,
28003.3,heavy,3101,0,3.274,
28006.7,heavy,3102,1,1.265,
28010.0,heavy,3103,0,3.839,
28013.3,heavy,3103,0,2.170,
28016.7,heavy,3101,1,4.466,
28020.0,heavy,3102,1,1.479,
28023.3,heavy,3103,0,3.568,
28026.7,heavy,3101,0,4.272,
28030.0,heavy,3102,0,0.861,
28033.3,heavy,3103,0,4.366,
28036.7,heavy,3101,0,3.476,
28040.0,heavy,3102,1,1.343,
28043.3,heavy,3103,0,2.823,
28046.7,heavy,3101,1,3.443,
28050.0,heavy,3102,0,0.913,
28053.3,heavy,3103,0,4.688,
28056.7,heavy,3101,1,3.881,
28060.0,heavy,3102,0,0.855,
28063.3,heavy,3103,0,4.147,
28066.7,heavy,3101,0,3.407,
28070.0,heavy,3102,1,1.397,
28073.3,heavy,3103,0,3.929,
28076.7,heavy,3101,1,3.399,
28080.0,heavy,3102,0,1.153,
28083.3,heavy,3103,0,3.697,
28086.7,heavy,3101,0,2.999,
28090.0,heavy,3102,1,1.041,
28093.3,heavy,3103,1,5.887,
28096.7,heavy,3101,0,4.162,
28100.0,heavy,3102,1,1.564,
28100.0,light-2,3102,1,1.898,
28100.0,light-5,3102,1,1.936,
28100.0,light-1,3101,1,2.518,
28100.0,light-4,3101,1,2.722,
28100.0,light-3,3103,1,2.953,
28103.3,heavy,3103,0,6.141,
28106.7,heavy,3103,0,4.754,
28110.0,heavy,3101,0,3.165,
28113.3,heavy,3102,0,1.016,
28116.7,heavy,3103,0,4.249,
28120.0,heavy,3101,1,4.470,
28123.3,heavy,3102,0,1.152,
28126.7,heavy,3103,0,4.221,
28130.0,heavy,3101,1,4.752,
28133.3,heavy,3102,1,1.115,
28136.7,heavy,3103,0,3.372,
28140.0,heavy,3101,0,3.635,
28143.3,heavy,3102,0,1.049,
28146.7,heavy,3103,0,3.946,
28150.0,heavy,3101,1,4.388,
28153.3,heavy,3102,0,1.843,
28156.7,heavy,3103,1,4.072,
28160.0,heavy,3101,0,2.410,
28163.3,heavy,3102,0,0.940,
28166.7,heavy,3103,1,3.962,
28170.0,heavy,3101,0,3.013,
28173.3,heavy,3102,0,0.768,
28176.7,heavy,3103,0,5.047,
28180.0,heavy,3101,0,3.288,
28183.3,heavy,3102,1,1.353,
28186.7,heavy,3103,1,4.722,
28190.0,heavy,3101,0,2.799,
28193.3,heavy,3102,0,0.829,
28196.7,heavy,3103,1,4.764,
28200.0,heavy,3101,0,2.488,
28200.0,light-1,3102,1,1.274,
28200.0,light-4,3102,1,1.492,
28200.0,light-2,3103,1,1.882,
28200.0,light-3,3101,1,1.957,
28200.0,light-5,3103,1,2.029,
28203.3,heavy,3101,0,2.525,
28206.7,heavy,3102,0,0.897,
28210.0,heavy,3103,1,4.143,
28213.3,heavy,3101,0,3.164,
28216.7,heavy,3102,0,1.135,
28220.0,heavy,3103,1,2.383,
28223.3,heavy,3101,0,3.055,
28226.7,heavy,3102,1,1.292,
28230.0,heavy,3103,0,3.365,
28233.3,heavy,3101,0,3.229,
28236.7,heavy,3102,0,0.920,
28240.0,heavy,3103,0,4.072,
28243.3,heavy,3101,1,3.336,
28246.7,heavy,3102,0,0.760,
28250.0,heavy,3103,0,3.364,
28253.3,heavy,3101,1,1.957,
28256.7,heavy,3102,1,1.131,
28260.0,heavy,3103,0,3.718,
28263.3,heavy,3101,0,2.881,
28266.7,heavy,3102,1,0.909,
28270.0,heavy,3103,0,3.993,
28273.3,heavy,3101,1,4.511,
28276.7,heavy,3102,0,0.989,
28280.0,heavy,3103,0,3.166,
28283.3,heavy,3101,0,2.785,
28286.7,heavy,3102,0,0.946,
28290.0,heavy,3103,1,4.361,
28293.3,heavy,3101,0,3.185,
28296.7,heavy,3102,1,1.045,
28300.0,heavy,3103,0,4.520,
28300.0,light-1,3101,1,1.322,
28300.0,light-2,3102,1,1.477,
28300.0,light-4,3101,1,1.574,
28300.0,light-5,3102,1,1.635,
28300.0,light-3,3103,1,3.173,
28303.3,heavy,3103,0,3.984,
28306.7,heavy,3101,1,2.760,
28310.0,heavy,3102,0,0.537,
28313.3,heavy,3103,0,4.602,
28316.7,heavy,3101,0,3.189,
28320.0,heavy,3102,1,1.419,
28323.3,heavy,3103,0,4.501,
28326.7,heavy,3101,1,4.373,
28330.0,heavy,3102,0,0.819,
28333.3,heavy,3103,0,3.647,
28336.7,heavy,3101,0,3.241,
28340.0,heavy,3102,1,1.163,
28343.3,heavy,3103,0,4.050,
28346.7,heavy,3101,0,3.262,
28350.0,heavy,3102,1,1.176,
28353.3,heavy,3103,0,3.859,
28356.7,heavy,3101,1,3.500,
28360.0,heavy,3102,0,1.216,
28363.3,heavy,3103,0,4.565,
28366.7,heavy,3101,1,4.777,
28370.0,heavy,3102,0,1.015,
28373.3,heavy,3103,0,4.700,
28376.7,heavy,3101,1,5.340,
28380.0,heavy,3102,0,1.321,
28383.3,heavy,3103,0,4.107,
28386.7,heavy,3101,1,5.158,
28390.0,heavy,3102,0,1.260,
28393.3,heavy,3103,0,4.043,
28396.7,heavy,3101,1,5.066,
28400.0,heavy,3102,0,1.622,
28400.0,light-2,3101,1,1.515,
28400.0,light-1,3103,1,1.706,
28400.0,light-4,3103,1,1.668,
28400.0,light-5,3101,1,3.692,
28400.0,light-3,3102,1,4.899,
28403.3,heavy,3102,0,2.449,
28406.7,heavy,3103,0,4.113,
28410.0,heavy,3101,1,4.660,
28413.3,heavy,3102,1,1.172,
28416.7,heavy,3103,0,4.400,
28420.0,heavy,3101,0,2.178,
28423.3,heavy,3102,0,1.292,
28426.7,heavy,3103,0,4.450,
28430.0,heavy,3101,1,4.819,
28433.3,heavy,3102,0,0.796,
28436.7,heavy,3103,1,4.558,
28440.0,heavy,3101,0,3.150,
28443.3,heavy,3102,0,0.939,
28446.7,heavy,3103,1,4.469,
28450.0,heavy,3101,0,2.427,
28453.3,heavy,3102,0,0.816,
28456.7,heavy,3103,0,3.374,
28460.0,heavy,3101,0,2.701,
28463.3,heavy,3102,1,1.023,
28466.7,heavy,3103,1,4.066,
28470.0,heavy,3101,0,3.127,
28473.3,heavy,3102,0,1.179,
28476.7,heavy,3103,1,4.348,
28480.0,heavy,3101,0,2.941,
28483.3,heavy,3102,0,0.882,
28486.7,heavy,3103,0,3.730,
28490.0,heavy,3101,0,3.083,
28493.3,heavy,3102,1,1.367,
28496.7,heavy,3103,1,4.196,
28500.0,heavy,3101,0,3.517,
28500.0,light-1,3102,1,1.254,
28500.0,light-4,3102,1,1.426,
28500.0,light-2,3103,1,1.959,
28500.0,light-5,3103,1,1.953,
28500.0,light-3,3101,1,2.406,
28503.3,heavy,3101,0,1.873,
28506.7,heavy,3102,1,1.467,
28510.0,heavy,3103,0,3.468,
28513.3,heavy,3101,0,3.251,
28516.7,heavy,3102,1,1.125,
28520.0,heavy,3103,0,3.864,
28523.3,heavy,3101,1,4.311,
28526.7,heavy,3102,0,0.821,
28530.0,heavy,3103,0,3.291,
28533.3,heavy,3101,0,3.736,
28536.7,heavy,3102,1,0.953,
28540.0,heavy,3103,0,3.630,
28543.3,heavy,3101,0,2.956,
28546.7,heavy,3102,1,0.852,
28550.0,heavy,3103,0,3.671,
28553.3,heavy,3101,0,2.940,
28556.7,heavy,3102,1,1.114,
28560.0,heavy,3103,0,3.891,
28563.3,heavy,3101,0,2.630,
28566.7,heavy,3102,1,1.165,
28570.0,heavy,3103,0,3.993,
28573.3,heavy,3101,1,3.867,
28576.7,heavy,3102,0,1.121,
28580.0,heavy,3103,0,3.986,
28583.3,heavy,3101,0,3.166,
28586.7,heavy,3102,1,0.894,
28590.0,heavy,3103,0,4.093,
28593.3,heavy,3101,0,3.120,
28596.7,heavy,3102,1,1.428,
28600.0,heavy,3103,0,3.925,
28600.0,light-1,3102,1,1.659,
28600.0,light-4,3102,1,1.990,
28600.0,light-3,3101,1,2.178,
28600.0,light-2,3103,1,2.632,
28600.0,light-5,3103,1,2.694,
28603.3,heavy,3101,0,3.064,
28606.7,heavy,3101,1,3.503,
28610.0,heavy,3102,0,1.114,
28613.3,heavy,3103,0,4.168,
28616.7,heavy,3101,0,3.368,
28620.0,heavy,3102,1,1.778,
28623.3,heavy,3103,0,3.226,
28626.7,heavy,3101,1,3.308,
28630.0,heavy,3102,0,0.889,
28633.3,heavy,3103,0,3.370,
28636.7,heavy,3101,1,3.430,
28640.0,heavy,3102,0,0.897,
28643.3,heavy,3103,0,3.057,
28646.7,heavy,3101,0,3.413,
28650.0,heavy,3102,1,1.226,
28653.3,heavy,3103,0,3.341,
28656.7,heavy,3101,1,2.611,
28660.0,heavy,3102,0,0.945,
28663.3,heavy,3103,1,4.403,
28666.7,heavy,3101,0,2.692,
28670.0,heavy,3102,0,1.401,
28673.3,heavy,3103,0,3.650,
28676.7,heavy,3101,1,3.677,
28680.0,heavy,3102,0,0.914,
28683.3,heavy,3103,0,4.571,
28686.7,heavy,3101,1,4.097,
28690.0,heavy,3102,1,1.394,
28693.3,heavy,3103,0,5.779,
28696.7,heavy,3101,0,5.559,
28700.0,heavy,3102,0,1.642,
28700.0,light-3,3102,1,1.660,
28700.0,light-5,3101,1,2.696,
28700.0,light-2,3101,1,5.043,
28700.0,light-1,3103,1,5.610,
28700.0,light-4,3103,1,5.623,
28703.3,heavy,3102,0,0.801,
28706.7,heavy,3103,1,4.558,
28710.0,heavy,3101,0,2.572,
28713.3,heavy,3102,0,0.967,
28716.7,heavy,3103,0,4.093,
28720.0,heavy,3101,1,3.959,
28723.3,heavy,3102,1,1.283,
28726.7,heavy,3103,0,3.993,
28730.0,heavy,3101,0,2.634,
28733.3,heavy,3102,1,1.408,
28736.7,heavy,3103,0,2.854,
28740.0,heavy,3101,0,2.419,
28743.3,heavy,3102,0,1.198,
28746.7,heavy,3103,1,3.019,
28750.0,heavy,3101,0,3.637,
28753.3,heavy,3102,1,1.277,
28756.7,heavy,3103,0,3.895,
28760.0,heavy,3101,0,3.748,
28763.3,heavy,3102,0,0.909,
28766.7,heavy,3103,1,4.695,
28770.0,heavy,3101,0,2.940,
28773.3,heavy,3102,1,1.164,
28776.7,heavy,3103,0,3.610,
28780.0,heavy,3101,0,2.968,
28783.3,heavy,3102,1,1.140,
28786.7,heavy,3103,0,3.162,
28790.0,heavy,3101,0,3.745,
28793.3,heavy,3102,0,0.958,
28796.7,heavy,3103,0,6.720,
28800.0,heavy,3101,1,6.346,
28800.0,light-1,3101,1,2.513,
28800.0,light-3,3103,1,3.033,
28800.0,light-2,3102,1,5.695,
28800.0,light-4,3101,1,6.564,
28800.0,light-5,3102,1,6.872,
28803.3,heavy,3102,1,1.310,
28806.7,heavy,3103,0,6.460,
28810.0,heavy,3103,0,3.965,
28813.3,heavy,3101,0,2.585,
28816.7,heavy,3102,1,1.322,
28820.0,heavy,3103,0,3.625,
28823.3,heavy,3101,0,3.028,
28826.7,heavy,3102,0,0.905,
28830.0,heavy,3103,0,3.827,
28833.3,heavy,3101,1,4.087,
28836.7,heavy,3102,1,1.138,
28840.0,heavy,3103,0,2.747,
28843.3,heavy,3101,0,3.024,
28846.7,heavy,3102,1,0.923,
28850.0,heavy,3103,0,4.006,
28853.3,heavy,3101,0,3.221,
28856.7,heavy,3102,0,0.953,
28860.0,heavy,3103,0,3.661,
28863.3,heavy,3101,1,3.660,
28866.7,heavy,3102,1,1.100,
28870.0,heavy,3103,0,2.281,
28873.3,heavy,3101,0,3.490,
28876.7,heavy,3102,1,1.354,
28880.0,heavy,3103,0,3.705,
28883.3,heavy,3101,0,3.543,
28886.7,heavy,3102,1,0.894,
28890.0,heavy,3103,0,3.611,
28893.3,heavy,3101,0,2.934,
28896.7,heavy,3102,1,1.200,
28900.0,heavy,3103,0,2.300,
28900.0,light-2,3102,1,1.094,
28900.0,light-3,3103,1,1.242,
28900.0,light-5,3102,1,1.356,
28900.0,light-1,3101,1,1.885,
28900.0,light-4,3101,1,2.059,
28903.3,heavy,3103,0,3.871,
28906.7,heavy,3101,0,3.088,
28910.0,heavy,3102,1,1.094,
28913.3,heavy,3103,0,3.577,
28916.7,heavy,3101,1,3.801,
28920.0,heavy,3102,0,0.962,
28923.3,heavy,3103,0,3.330,
28926.7,heavy,3101,0,2.686,
28930.0,heavy,3102,1,1.158,
28933.3,heavy,3103,0,2.818,
28936.7,heavy,3101,1,3.728,
28940.0,heavy,3102,1,1.211,
28943.3,heavy,3103,0,4.018,
28946.7,heavy,3101,0,3.858,
28950.0,heavy,3102,0,0.794,
28953.3,heavy,3103,0,3.989,
28956.7,heavy,3101,0,3.464,
28960.0,heavy,3102,1,1.151,
28963.3,heavy,3103,0,2.618,
28966.7,heavy,3101,1,3.660,
28970.0,heavy,3102,1,1.132,
28973.3,heavy,3103,0,2.928,
28976.7,heavy,3101,0,3.452,
28980.0,heavy,3102,0,0.935,
28983.3,heavy,3103,0,3.316,
28986.7,heavy,3101,0,3.396,
28990.0,heavy,3102,1,1.298,
28993.3,heavy,3103,0,2.762,
28996.7,heavy,3101,1,5.938,
29000.0,heavy,3102,1,1.503,
29000.0,light-2,3103,1,2.957,
29000.0,light-4,3102,1,3.092,
29000.0,light-1,3102,1,5.072,
29000.0,light-3,3101,1,7.053,
29000.0,light-5,3103,1,7.034,
29003.3,heavy,3103,0,6.186,
29006.7,heavy,3101,0,5.793,
29010.0,heavy,3101,0,4.528,
29013.3,heavy,3102,0,1.114,
29016.7,heavy,3103,0,3.275,
29020.0,heavy,3101,0,2.503,
29023.3,heavy,3102,1,1.104,
29026.7,heavy,3103,1,3.768,
29030.0,heavy,3101,0,2.983,
29033.3,heavy,3102,0,0.980,
29036.7,heavy,3103,1,3.919,
29040.0,heavy,3101,0,2.916,
29043.3,heavy,3102,0,0.839,
29046.7,heavy,3103,1,3.875,
29050.0,heavy,3101,0,2.898,
29053.3,heavy,3102,0,0.804,
29056.7,heavy,3103,0,5.715,
29060.0,heavy,3101,1,4.425,
29063.3,heavy,3102,1,1.186,
29066.7,heavy,3103,0,5.500,
29070.0,heavy,3101,0,4.799,
29073.3,heavy,3102,0,0.874,
29076.7,heavy,3103,0,4.102,
29080.0,heavy,3101,1,4.331,
29083.3,heavy,3102,1,1.139,
29086.7,heavy,3103,0,3.996,
29090.0,heavy,3101,0,1.545,
29093.3,heavy,3102,1,1.959,
29096.7,heavy,3103,0,3.970,
29100.0,heavy,3101,0,3.738,
29100.0,light-1,3102,1,2.132,
29100.0,light-4,3102,1,2.177,
29100.0,light-2,3103,1,2.378,
29100.0,light-3,3101,1,2.512,
29100.0,light-5,3103,1,2.578,
29103.3,heavy,3101,0,2.300,
29106.7,heavy,3102,1,2.359,
29110.0,heavy,3103,0,4.104,
29113.3,heavy,3101,0,3.865,
29116.7,heavy,3102,1,2.494,
29120.0,heavy,3103,0,2.050,
29123.3,heavy,3101,0,3.278,
29126.7,heavy,3102,1,1.771,
29130.0,heavy,3103,0,3.127,
29133.3,heavy,3101,0,3.631,
29136.7,heavy,3102,1,0.969,
29140.0,heavy,3103,0,3.485,
29143.3,heavy,3101,0,2.805,
29146.7,heavy,3102,1,1.255,
29150.0,heavy,3103,0,2.841,
29153.3,heavy,3101,0,3.038,
29156.7,heavy,3102,0,0.843,
29160.0,heavy,3103,0,4.306,
29163.3,heavy,3101,1,4.635,
29166.7,heavy,3102,0,1.047,
29170.0,heavy,3103,0,3.604,
29173.3,heavy,3101,1,1.721,
29176.7,heavy,3102,1,1.078,
29180.0,heavy,3103,0,2.365,
29183.3,heavy,3101,0,3.517,
29186.7,heavy,3102,1,1.293,
29190.0,heavy,3103,0,3.752,
29193.3,heavy,3101,0,3.584,
29196.7,heavy,3102,1,0.836,
29200.0,heavy,3103,0,3.749,
29200.0,light-2,3102,1,2.207,
29200.0,light-5,3102,1,2.232,
29200.0,light-1,3101,1,2.489,
29200.0,light-3,3103,1,2.515,
29200.0,light-4,3101,1,2.579,
29203.3,heavy,3101,0,3.241,
29206.7,heavy,3102,1,2.165,
29210.0,heavy,3103,0,3.518,
29213.3,heavy,3103,0,3.943,
29216.7,heavy,3101,1,4.591,
29220.0,heavy,3102,0,1.304,
29223.3,heavy,3103,0,3.192,
29226.7,heavy,3101,1,4.033,
29230.0,heavy,3102,0,1.077,
29233.3,heavy,3103,0,3.866,
29236.7,heavy,3101,0,3.412,
29240.0,heavy,3102,1,1.493,
29243.3,heavy,3103,0,2.054,
29246.7,heavy,3101,1,4.251,
29250.0,heavy,3102,1,1.347,
29253.3,heavy,3103,0,3.639,
29256.7,heavy,3101,0,4.174,
29260.0,heavy,3102,0,0.766,
29263.3,heavy,3103,0,3.297,
29266.7,heavy,3101,0,2.740,
29270.0,heavy,3102,1,1.050,
29273.3,heavy,3103,0,2.514,
29276.7,heavy,3101,0,3.322,
29280.0,heavy,3102,1,1.253,
29283.3,heavy,3103,0,3.421,
29286.7,heavy,3101,0,3.242,
29290.0,heavy,3102,1,0.848,
29293.3,heavy,3103,0,4.110,
29296.7,heavy,3101,0,3.655,
29300.0,heavy,3102,1,1.347,
29300.0,light-2,3102,1,1.631,
29300.0,light-5,3102,1,1.924,
29300.0,light-1,3101,1,2.369,
29300.0,light-3,3103,1,2.773,
29300.0,light-4,3101,1,2.874,
29303.3,heavy,3103,0,3.828,
29306.7,heavy,3103,1,4.988,
29310.0,heavy,3101,0,2.764,
29313.3,heavy,3102,0,0.908,
29316.7,heavy,3103,1,4.678,
29320.0,heavy,3101,0,2.978,
29323.3,heavy,3102,0,1.066,
29326.7,heavy,3103,1,3.838,
29330.0,heavy,3101,0,2.827,
29333.3,heavy,3102,0,0.909,
29336.7,heavy,3103,0,4.044,
29340.0,heavy,3101,1,3.400,
29343.3,heavy,3102,1,1.138,
29346.7,heavy,3103,0,3.985,
29350.0,heavy,3101,0,3.842,
29353.3,heavy,3102,0,0.931,
29356.7,heavy,3103,0,3.303,
29360.0,heavy,3101,1,3.517,
29363.3,heavy,3102,1,1.211,
29366.7,heavy,3103,0,3.301,
29370.0,heavy,3101,0,1.088,
29373.3,heavy,3102,1,1.354,
29376.7,heavy,3103,0,3.476,
29380.0,heavy,3101,0,3.296,
29383.3,heavy,3102,0,1.120,
29386.7,heavy,3103,0,4.281,
29390.0,heavy,3101,1,5.162,
29393.3,heavy,3102,1,1.640,
29396.7,heavy,3103,0,5.226,
29400.0,heavy,3101,0,3.975,
29400.0,light-1,3102,1,1.136,
29400.0,light-2,3103,1,1.147,
29400.0,light-4,3102,1,1.192,
29400.0,light-5,3103,1,1.662,
29400.0,light-3,3101,1,2.819,
29403.3,heavy,3101,0,3.508,
29406.7,heavy,3102,1,0.748,
29410.0,heavy,3103,0,3.981,
29413.3,heavy,3101,1,3.962,
29416.7,heavy,3102,0,1.005,
29420.0,heavy,3103,0,3.640,
29423.3,heavy,3101,0,2.559,
29426.7,heavy,3102,0,1.012,
29430.0,heavy,3103,0,4.277,
29433.3,heavy,3101,1,3.860,
29436.7,heavy,3102,1,1.307,
29440.0,heavy,3103,0,4.352,
29443.3,heavy,3101,0,3.168,
29446.7,heavy,3102,0,0.890,
29450.0,heavy,3103,0,3.883,
29453.3,heavy,3101,1,4.206,
29456.7,heavy,3102,1,1.138,
29460.0,heavy,3103,0,3.838,
29463.3,heavy,3101,0,3.052,
29466.7,heavy,3102,1,0.951,
29470.0,heavy,3103,0,3.610,
29473.3,heavy,3101,0,2.869,
29476.7,heavy,3102,0,0.873,
29480.0,heavy,3103,0,4.466,
29483.3,heavy,3101,1,5.070,
29486.7,heavy,3102,1,1.212,
29490.0,heavy,3103,0,3.596,
29493.3,heavy,3101,0,2.171,
29496.7,heavy,3102,1,1.747,
29500.0,heavy,3103,0,5.147,
29500.0,light-1,3102,1,1.795,
29500.0,light-4,3102,1,1.977,
29500.0,light-3,3101,1,2.963,
29500.0,light-2,3103,1,3.315,
29500.0,light-5,3103,1,3.580,
29503.3,heavy,3101,1,5.249,
29506.7,heavy,3101,0,4.544,
29510.0,heavy,3102,0,1.143,
29513.3,heavy,3103,0,3.890,
29516.7,heavy,3101,0,3.105,
29520.0,heavy,3102,1,1.306,
29523.3,heavy,3103,0,3.262,
29526.7,heavy,3101,1,3.975,
29530.0,heavy,3102,0,1.036,
29533.3,heavy,3103,1,4.280,
29536.7,heavy,3101,0,3.154,
29540.0,heavy,3102,0,0.941,
29543.3,heavy,3103,0,3.640,
29546.7,heavy,3101,1,3.378,
29550.0,heavy,3102,0,1.010,
29553.3,heavy,3103,0,4.059,
29556.7,heavy,3101,1,4.464,
29560.0,heavy,3102,1,1.607,
29563.3,heavy,3103,0,4.228,
29566.7,heavy,3101,0,2.857,
29570.0,heavy,3102,0,0.980,
29573.3,heavy,3103,0,5.548,
29576.7,heavy,3101,0,3.563,
29580.0,heavy,3102,1,2.108,
29583.3,heavy,3103,0,3.641,
29586.7,heavy,3101,1,3.639,
29590.0,heavy,3102,0,0.846,
29593.3,heavy,3103,0,3.908,
29596.7,heavy,3101,1,4.730,
29600.0,heavy,3102,0,1.143,
29600.0,light-2,3101,1,1.283,
29600.0,light-5,3101,1,1.476,
29600.0,light-1,3103,1,5.214,
29600.0,light-4,3103,1,5.505,
29600.0,light-3,3102,1,6.605,
29603.3,heavy,3102,0,2.664,
29606.7,heavy,3103,1,3.729,
29610.0,heavy,3101,0,2.614,
29613.3,heavy,3102,0,1.128,
29616.7,heavy,3103,0,4.283,
29620.0,heavy,3101,1,4.761,
29623.3,heavy,3102,1,1.110,
29626.7,heavy,3103,0,4.435,
29630.0,heavy,3101,0,3.552,
29633.3,heavy,3102,0,1.237,
29636.7,heavy,3103,0,3.691,
29640.0,heavy,3101,1,3.608,
29643.3,heavy,3102,1,1.977,
29646.7,heavy,3103,0,4.077,
29650.0,heavy,3101,0,3.141,
29653.3,heavy,3102,0,1.451,
29656.7,heavy,3103,1,4.034,
29660.0,heavy,3101,0,3.180,
29663.3,heavy,3102,0,1.178,
29666.7,heavy,3103,0,4.730,
29670.0,heavy,3101,1,4.984,
29673.3,heavy,3102,1,1.394,
29676.7,heavy,3103,0,4.981,
29680.0,heavy,3101,0,4.115,
29683.3,heavy,3102,0,1.227,
29686.7,heavy,3103,1,5.039,
29690.0,heavy,3101,0,3.863,
29693.3,heavy,3102,0,1.262,
29696.7,heavy,3103,1,5.206,
29700.0,heavy,3101,0,4.768,
29700.0,light-1,3102,1,2.437,
29700.0,light-2,3103,1,2.585,
29700.0,light-4,3102,1,2.621,
29700.0,light-5,3103,1,3.126,
29700.0,light-3,3101,1,3.327,
29703.3,heavy,3101,0,4.634,
29706.7,heavy,3102,1,1.424,
29710.0,heavy,3103,0,4.072,
29713.3,heavy,3101,0,3.003,
29716.7,heavy,3102,1,1.238,
29720.0,heavy,3103,0,3.602,
29723.3,heavy,3101,0,3.369,
29726.7,heavy,3102,1,0.855,
29730.0,heavy,3103,0,4.317,
29733.3,heavy,3101,0,3.305,
29736.7,heavy,3102,1,2.136,
29740.0,heavy,3103,0,3.915,
29743.3,heavy,3101,0,3.828,
29746.7,heavy,3102,1,0.832,
29750.0,heavy,3103,0,3.184,
29753.3,heavy,3101,1,4.081,
29756.7,heavy,3102,0,1.238,
29760.0,heavy,3103,0,2.879,
29763.3,heavy,3101,0,3.480,
29766.7,heavy,3102,1,1.196,
29770.0,heavy,3103,0,3.682,
29773.3,heavy,3101,0,2.725,
29776.7,heavy,3102,1,0.928,
29780.0,heavy,3103,0,3.691,
29783.3,heavy,3101,0,3.011,
29786.7,heavy,3102,1,1.098,
29790.0,heavy,3103,0,3.026,
29793.3,heavy,3101,0,3.052,
29796.7,heavy,3102,0,0.925,
29800.0,heavy,3103,1,5.021,
29800.0,light-1,3101,1,1.302,
29800.0,light-2,3102,1,1.768,
29800.0,light-4,3101,1,1.856,
29800.0,light-5,3102,1,1.956,
29800.0,light-3,3103,1,2.419,
29803.3,heavy,3103,0,4.105,
29806.7,heavy,3101,0,3.309,
29810.0,heavy,3102,0,1.164,
29813.3,heavy,3103,1,2.094,
29816.7,heavy,3101,1,3.716,
29820.0,heavy,3102,0,0.838,
29823.3,heavy,3103,0,4.125,
29826.7,heavy,3101,0,3.324,
29830.0,heavy,3102,1,1.263,
29833.3,heavy,3103,0,3.851,
29836.7,heavy,3101,1,3.637,
29840.0,heavy,3102,0,0.842,
29843.3,heavy,3103,0,4.222,
29846.7,heavy,3101,1,4.134,
29850.0,heavy,3102,0,0.978,
29853.3,heavy,3103,0,3.879,
29856.7,heavy,3101,0,3.046,
29860.0,heavy,3102,1,1.255,
29863.3,heavy,3103,0,3.531,
29866.7,heavy,3101,1,3.078,
29870.0,heavy,3102,1,1.450,
29873.3,heavy,3103,0,3.897,
29876.7,heavy,3101,0,3.659,
29880.0,heavy,3102,0,1.191,
29883.3,heavy,3103,0,3.878,
29886.7,heavy,3101,0,3.085,
29890.0,heavy,3102,1,1.270,
29893.3,heavy,3103,0,3.695,
29896.7,heavy,3101,1,3.819,
29900.0,heavy,3102,0,1.046,
29900.0,light-3,3102,1,1.094,
29900.0,light-5,3101,1,2.273,
29900.0,light-1,3103,1,4.704,
29900.0,light-2,3101,1,4.806,
29900.0,light-4,3103,1,5.268,
29903.3,heavy,3102,0,1.100,
29906.7,heavy,3103,1,3.714,
29910.0,heavy,3101,0,3.008,
29913.3,heavy,3102,0,0.964,
29916.7,heavy,3103,0,3.558,
29920.0,heavy,3101,0,2.738,
29923.3,heavy,3102,1,1.133,
29926.7,heavy,3103,1,4.122,
29930.0,heavy,3101,0,3.230,
29933.3,heavy,3102,0,0.759,
29936.7,heavy,3103,0,3.457,
29940.0,heavy,3101,1,3.632,
29943.3,heavy,3102,0,0.832,
29946.7,heavy,3103,0,4.472,
29950.0,heavy,3101,1,4.945,
29953.3,heavy,3102,1,1.463,
29956.7,heavy,3103,0,4.704,
29960.0,heavy,3101,0,2.625,
29963.3,heavy,3102,0,1.536,
29966.7,heavy,3103,1,5.639,
29970.0,heavy,3101,0,4.734,
29973.3,heavy,3102,0,1.500,
29976.7,heavy,3103,1,3.862,
29980.0,heavy,3101,0,4.962,
29983.3,heavy,3102,0,1.361,
29986.7,heavy,3103,1,5.944,
29990.0,heavy,3101,0,5.609,
29993.3,heavy,3102,0,1.750,
29996.7,heavy,3103,1,4.304,
30000.0,heavy,3101,0,3.721,
