tMs,key,port,allowed,latencyMs,error
0.0,light-2,3103,1,1.665,
0.0,light-4,3102,1,3.229,
0.0,light-1,3102,1,6.689,
0.0,light-5,3103,1,7.111,
0.0,heavy,3101,1,7.748,
0.0,light-3,3101,1,9.418,
3.3,heavy,3101,1,4.591,
6.7,heavy,3102,1,1.529,
10.0,heavy,3103,1,5.057,
13.3,heavy,3101,1,1.904,
16.7,heavy,3102,1,1.130,
20.0,heavy,3103,1,2.028,
23.3,heavy,3101,1,2.404,
26.7,heavy,3102,1,2.464,
30.0,heavy,3103,1,1.154,
33.3,heavy,3101,1,1.966,
36.7,heavy,3102,1,1.905,
40.0,heavy,3103,1,1.315,
43.3,heavy,3101,1,1.973,
46.7,heavy,3102,1,2.725,
50.0,heavy,3103,1,3.046,
53.3,heavy,3101,1,2.711,
56.7,heavy,3102,1,3.106,
60.0,heavy,3103,1,2.636,
63.3,heavy,3101,1,2.959,
66.7,heavy,3102,1,2.216,
70.0,heavy,3103,1,2.838,
73.3,heavy,3101,1,2.431,
76.7,heavy,3102,1,1.323,
80.0,heavy,3103,1,2.649,
83.3,heavy,3101,1,1.570,
86.7,heavy,3102,1,1.798,
90.0,heavy,3103,1,3.365,
93.3,heavy,3101,1,1.186,
96.7,heavy,3102,1,2.449,
100.0,heavy,3103,1,2.206,
100.0,light-3,3101,1,2.256,
100.0,light-1,3102,1,2.574,
100.0,light-2,3103,1,2.729,
100.0,light-4,3102,1,4.101,
100.0,light-5,3103,1,4.219,
103.3,heavy,3101,1,2.258,
106.7,heavy,3101,1,2.745,
110.0,heavy,3102,1,1.371,
113.3,heavy,3103,1,1.867,
116.7,heavy,3101,1,1.894,
120.0,heavy,3102,1,2.659,
123.3,heavy,3103,1,1.581,
126.7,heavy,3101,1,1.828,
130.0,heavy,3102,1,1.899,
133.3,heavy,3103,1,1.560,
136.7,heavy,3101,1,1.924,
140.0,heavy,3102,1,2.245,
143.3,heavy,3103,1,1.702,
146.7,heavy,3101,1,2.370,
150.0,heavy,3102,1,2.507,
153.3,heavy,3103,1,0.825,
156.7,heavy,3101,1,2.520,
160.0,heavy,3102,1,1.927,
163.3,heavy,3103,1,1.542,
166.7,heavy,3101,1,3.029,
170.0,heavy,3102,1,1.415,
173.3,heavy,3103,1,1.770,
176.7,heavy,3101,1,1.300,
180.0,heavy,3102,1,1.625,
183.3,heavy,3103,1,2.802,
186.7,heavy,3101,1,1.266,
190.0,heavy,3102,1,1.860,
193.3,heavy,3103,1,1.798,
196.7,heavy,3101,1,1.920,
200.0,light-5,3101,1,2.697,
200.0,light-2,3101,1,5.969,
200.0,light-3,3102,1,6.275,
200.0,light-1,3103,1,6.573,
200.0,light-4,3103,1,7.693,
200.0,heavy,3102,1,1.774,
203.3,heavy,3102,1,1.649,
206.7,heavy,3103,1,1.574,
210.0,heavy,3101,1,1.360,
213.3,heavy,3102,1,1.852,
216.7,heavy,3103,1,1.432,
220.0,heavy,3101,1,1.764,
223.3,heavy,3102,1,2.411,
226.7,heavy,3103,1,2.055,
230.0,heavy,3101,1,2.352,
233.3,heavy,3102,1,1.170,
236.7,heavy,3103,1,1.736,
240.0,heavy,3101,1,1.911,
243.3,heavy,3102,1,2.087,
246.7,heavy,3103,1,2.230,
250.0,heavy,3101,1,1.587,
253.3,heavy,3102,1,1.908,
256.7,heavy,3103,1,1.885,
260.0,heavy,3101,1,2.661,
263.3,heavy,3102,1,2.008,
266.7,heavy,3103,1,1.558,
270.0,heavy,3101,1,1.463,
273.3,heavy,3102,1,1.825,
276.7,heavy,3103,1,1.893,
280.0,heavy,3101,1,0.907,
283.3,heavy,3102,1,1.878,
286.7,heavy,3103,1,2.495,
290.0,heavy,3101,1,2.023,
293.3,heavy,3102,1,2.135,
296.7,heavy,3103,1,1.686,
300.0,light-1,3102,1,2.466,
300.0,light-2,3103,1,2.745,
300.0,light-4,3102,1,2.815,
300.0,light-3,3101,1,3.456,
300.0,light-5,3103,1,3.490,
300.0,heavy,3101,1,2.005,
303.3,heavy,3102,1,2.059,
306.7,heavy,3103,1,2.421,
310.0,heavy,3101,1,2.662,
313.3,heavy,3101,1,1.089,
316.7,heavy,3102,1,1.655,
320.0,heavy,3103,1,1.666,
323.3,heavy,3101,1,1.782,
326.7,heavy,3102,1,1.512,
330.0,heavy,3103,1,1.679,
333.3,heavy,3101,1,1.969,
336.7,heavy,3102,1,2.024,
340.0,heavy,3103,1,2.078,
343.3,heavy,3101,1,0.833,
346.7,heavy,3102,1,1.454,
350.0,heavy,3103,1,1.626,
353.3,heavy,3101,1,2.452,
356.7,heavy,3102,1,1.740,
360.0,heavy,3103,1,1.434,
363.3,heavy,3101,1,2.113,
366.7,heavy,3102,1,1.344,
370.0,heavy,3103,1,1.853,
373.3,heavy,3101,1,0.989,
376.7,heavy,3102,1,1.800,
380.0,heavy,3103,1,2.257,
383.3,heavy,3101,1,2.349,
386.7,heavy,3102,1,2.453,
390.0,heavy,3103,1,2.001,
393.3,heavy,3101,1,2.247,
396.7,heavy,3102,1,2.215,
400.0,heavy,3103,1,2.342,
400.0,light-1,3102,1,3.008,
400.0,light-2,3103,1,3.165,
400.0,light-3,3101,1,3.249,
400.0,light-5,3103,1,3.273,
400.0,light-4,3102,1,3.481,
403.3,heavy,3101,1,2.870,
406.7,heavy,3101,1,1.584,
410.0,heavy,3102,1,1.688,
413.3,heavy,3103,1,2.144,
416.7,heavy,3101,1,2.297,
420.0,heavy,3102,1,1.226,
423.3,heavy,3103,1,2.041,
426.7,heavy,3101,1,2.705,
430.0,heavy,3102,1,2.417,
433.3,heavy,3103,1,2.761,
436.7,heavy,3101,1,1.243,
440.0,heavy,3102,1,2.213,
443.3,heavy,3103,1,1.656,
446.7,heavy,3101,1,2.446,
450.0,heavy,3102,1,2.274,
453.3,heavy,3103,1,1.157,
456.7,heavy,3101,1,2.831,
460.0,heavy,3102,1,1.469,
463.3,heavy,3103,1,1.771,
466.7,heavy,3101,1,3.344,
470.0,heavy,3102,0,1.055,
473.3,heavy,3103,1,1.665,
476.7,heavy,3101,1,2.217,
480.0,heavy,3102,1,1.867,
483.3,heavy,3103,1,2.158,
486.7,heavy,3101,1,2.133,
490.0,heavy,3102,1,1.704,
493.3,heavy,3103,1,2.757,
496.7,heavy,3101,0,5.991,
500.0,heavy,3102,0,1.868,
500.0,light-2,3101,1,1.394,
500.0,light-1,3103,1,1.964,
500.0,light-5,3101,1,2.912,
500.0,light-4,3103,1,3.529,
500.0,light-3,3102,1,4.482,
503.3,heavy,3102,1,1.287,
506.7,heavy,3103,1,2.592,
510.0,heavy,3101,0,4.108,
513.3,heavy,3102,1,1.459,
516.7,heavy,3103,0,4.002,
520.0,heavy,3101,1,5.025,
523.3,heavy,3102,0,1.165,
526.7,heavy,3103,0,4.149,
530.0,heavy,3101,1,5.429,
533.3,heavy,3102,0,1.309,
536.7,heavy,3103,0,4.066,
540.0,heavy,3101,1,5.629,
543.3,heavy,3102,0,1.454,
546.7,heavy,3103,0,3.933,
550.0,heavy,3101,1,5.041,
553.3,heavy,3102,0,1.231,
556.7,heavy,3103,0,4.429,
560.0,heavy,3101,0,4.029,
563.3,heavy,3102,1,1.026,
566.7,heavy,3103,0,4.325,
570.0,heavy,3101,0,5.230,
573.3,heavy,3102,1,1.447,
576.7,heavy,3103,0,3.178,
580.0,heavy,3101,1,6.018,
583.3,heavy,3102,0,1.660,
586.7,heavy,3103,0,4.178,
590.0,heavy,3101,0,3.832,
593.3,heavy,3102,1,1.333,
596.7,heavy,3103,0,7.693,
600.0,heavy,3101,0,10.934,
600.0,light-3,3103,1,4.925,
600.0,light-1,3101,1,6.294,
600.0,light-2,3102,1,6.934,
600.0,light-5,3102,1,12.857,
600.0,light-4,3101,1,14.033,
603.3,heavy,3102,1,1.567,
606.7,heavy,3103,0,7.446,
610.0,heavy,3103,1,7.128,
613.3,heavy,3101,1,12.580,
616.7,heavy,3102,0,3.053,
620.0,heavy,3103,0,3.793,
623.3,heavy,3101,0,3.382,
626.7,heavy,3102,0,1.050,
630.0,heavy,3103,0,4.740,
633.3,heavy,3101,0,4.020,
636.7,heavy,3102,1,1.591,
640.0,heavy,3103,0,3.033,
643.3,heavy,3101,1,5.098,
646.7,heavy,3102,1,1.442,
650.0,heavy,3103,0,4.187,
653.3,heavy,3101,0,4.943,
656.7,heavy,3102,0,1.790,
660.0,heavy,3103,0,3.669,
663.3,heavy,3101,1,3.994,
666.7,heavy,3102,0,1.114,
670.0,heavy,3103,0,5.847,
673.3,heavy,3101,0,5.066,
676.7,heavy,3102,1,2.099,
680.0,heavy,3103,0,5.689,
683.3,heavy,3101,0,6.599,
686.7,heavy,3102,1,2.620,
690.0,heavy,3103,0,2.495,
693.3,heavy,3101,1,4.363,
696.7,heavy,3102,0,1.132,
700.0,light-1,3101,1,1.969,
700.0,light-4,3101,1,2.397,
700.0,light-2,3102,1,2.714,
700.0,light-5,3102,1,2.751,
700.0,light-3,3103,1,3.113,
700.0,heavy,3103,1,5.274,
703.3,heavy,3103,0,3.683,
706.7,heavy,3101,0,3.875,
710.0,heavy,3102,0,1.325,
713.3,heavy,3103,0,4.781,
716.7,heavy,3101,1,5.147,
720.0,heavy,3102,0,1.512,
723.3,heavy,3103,1,4.209,
726.7,heavy,3101,0,3.546,
730.0,heavy,3102,0,1.160,
733.3,heavy,3103,0,4.323,
736.7,heavy,3101,0,4.674,
740.0,heavy,3102,1,1.646,
743.3,heavy,3103,1,4.685,
746.7,heavy,3101,0,3.954,
750.0,heavy,3102,1,1.602,
753.3,heavy,3103,0,3.916,
756.7,heavy,3101,0,3.825,
760.0,heavy,3102,0,1.301,
763.3,heavy,3103,0,5.163,
766.7,heavy,3101,0,4.203,
770.0,heavy,3102,1,1.642,
773.3,heavy,3103,1,5.162,
776.7,heavy,3101,0,3.936,
780.0,heavy,3102,1,1.548,
783.3,heavy,3103,0,4.971,
786.7,heavy,3101,0,4.674,
790.0,heavy,3102,1,1.432,
793.3,heavy,3103,0,4.053,
796.7,heavy,3101,0,6.580,
800.0,light-1,3103,1,1.622,
800.0,light-3,3102,1,2.464,
800.0,light-4,3103,1,2.637,
800.0,light-2,3101,1,3.352,
800.0,light-5,3101,1,3.372,
800.0,heavy,3102,0,2.276,
803.3,heavy,3102,1,1.267,
806.7,heavy,3103,0,5.046,
810.0,heavy,3101,0,5.763,
813.3,heavy,3102,1,2.052,
816.7,heavy,3103,0,5.423,
820.0,heavy,3101,1,5.118,
823.3,heavy,3102,0,1.535,
826.7,heavy,3103,0,5.435,
830.0,heavy,3101,1,5.528,
833.3,heavy,3102,0,1.928,
836.7,heavy,3103,0,5.278,
840.0,heavy,3101,0,4.148,
843.3,heavy,3102,1,1.234,
846.7,heavy,3103,0,3.956,
850.0,heavy,3101,1,5.229,
853.3,heavy,3102,0,1.474,
856.7,heavy,3103,0,4.834,
860.0,heavy,3101,1,5.214,
863.3,heavy,3102,0,2.044,
866.7,heavy,3103,0,4.624,
870.0,heavy,3101,1,5.070,
873.3,heavy,3102,0,1.401,
876.7,heavy,3103,0,4.509,
880.0,heavy,3101,1,4.245,
883.3,heavy,3102,0,1.288,
886.7,heavy,3103,0,3.562,
890.0,heavy,3101,0,3.297,
893.3,heavy,3102,1,1.272,
896.7,heavy,3103,0,5.302,
900.0,light-1,3102,1,1.933,
900.0,light-4,3102,1,2.294,
900.0,light-2,3103,1,3.263,
900.0,light-5,3103,1,3.633,
900.0,light-3,3101,1,4.405,
900.0,heavy,3101,1,6.854,
903.3,heavy,3102,1,1.605,
906.7,heavy,3103,0,4.966,
910.0,heavy,3101,0,7.117,
913.3,heavy,3101,0,5.388,
916.7,heavy,3102,0,1.408,
920.0,heavy,3103,1,5.446,
923.3,heavy,3101,0,4.421,
926.7,heavy,3102,0,1.227,
930.0,heavy,3103,0,2.277,
933.3,heavy,3101,1,5.053,
936.7,heavy,3102,0,1.305,
940.0,heavy,3103,0,6.514,
943.3,heavy,3101,1,5.513,
946.7,heavy,3102,0,1.359,
950.0,heavy,3103,1,4.779,
953.3,heavy,3101,0,4.425,
956.7,heavy,3102,0,1.339,
960.0,heavy,3103,0,6.275,
963.3,heavy,3101,1,5.895,
966.7,heavy,3102,1,3.703,
970.0,heavy,3103,0,6.045,
973.3,heavy,3101,0,4.455,
976.7,heavy,3102,0,1.114,
980.0,heavy,3103,0,3.860,
983.3,heavy,3101,1,4.439,
986.7,heavy,3102,0,1.031,
990.0,heavy,3103,1,5.326,
993.3,heavy,3101,0,4.574,
996.7,heavy,3102,0,1.742,
1000.0,light-1,3101,1,1.894,
1000.0,light-2,3102,1,2.754,
1000.0,light-4,3101,1,2.829,
1000.0,light-5,3102,1,2.971,
1000.0,light-3,3103,1,3.876,
1000.0,heavy,3103,1,6.510,
1003.3,heavy,3103,0,4.820,
1006.7,heavy,3101,0,3.944,
1010.0,heavy,3102,0,1.226,
1013.3,heavy,3103,1,5.447,
1016.7,heavy,3101,0,4.529,
1020.0,heavy,3102,1,1.375,
1023.3,heavy,3103,0,3.835,
1026.7,heavy,3101,0,4.129,
1030.0,heavy,3102,0,1.374,
1033.3,heavy,3103,1,5.596,
1036.7,heavy,3101,0,3.934,
1040.0,heavy,3102,0,1.498,
1043.3,heavy,3103,1,4.779,
1046.7,heavy,3101,0,4.172,
1050.0,heavy,3102,1,1.528,
1053.3,heavy,3103,0,3.399,
1056.7,heavy,3101,0,4.207,
1060.0,heavy,3102,0,1.296,
1063.3,heavy,3103,1,8.214,
1066.7,heavy,3101,0,6.521,
1070.0,heavy,3102,1,1.992,
1073.3,heavy,3103,0,6.022,
1076.7,heavy,3101,0,4.103,
1080.0,heavy,3102,0,1.643,
1083.3,heavy,3103,1,5.317,
1086.7,heavy,3101,0,3.701,
1090.0,heavy,3102,1,1.600,
1093.3,heavy,3103,0,4.294,
1096.7,heavy,3101,0,4.138,
1100.0,light-2,3101,1,1.596,
1100.0,light-1,3103,1,2.031,
1100.0,light-5,3101,1,1.936,
1100.0,light-4,3103,1,2.068,
1100.0,light-3,3102,1,2.203,
1100.0,heavy,3102,1,1.964,
1103.3,heavy,3102,0,1.698,
1106.7,heavy,3103,0,4.987,
1110.0,heavy,3101,0,5.496,
1113.3,heavy,3102,1,1.953,
1116.7,heavy,3103,0,3.254,
1120.0,heavy,3101,0,4.027,
1123.3,heavy,3102,1,1.279,
1126.7,heavy,3103,0,4.937,
1130.0,heavy,3101,1,5.287,
1133.3,heavy,3102,0,1.220,
1136.7,heavy,3103,0,4.269,
1140.0,heavy,3101,0,4.812,
1143.3,heavy,3102,1,1.697,
1146.7,heavy,3103,0,4.466,
1150.0,heavy,3101,1,5.856,
1153.3,heavy,3102,0,1.464,
1156.7,heavy,3103,0,3.807,
1160.0,heavy,3101,1,4.568,
1163.3,heavy,3102,0,0.882,
1166.7,heavy,3103,0,4.285,
1170.0,heavy,3101,1,5.448,
1173.3,heavy,3102,0,0.918,
1176.7,heavy,3103,0,4.200,
1180.0,heavy,3101,1,4.803,
1183.3,heavy,3102,0,1.218,
1186.7,heavy,3103,0,3.911,
1190.0,heavy,3101,0,3.993,
1193.3,heavy,3102,1,1.502,
1196.7,heavy,3103,0,5.967,
1200.0,light-2,3102,1,2.038,
1200.0,light-5,3102,1,2.488,
1200.0,light-1,3101,1,3.115,
1200.0,light-4,3101,1,3.267,
1200.0,light-3,3103,1,3.495,
1200.0,heavy,3101,0,5.087,
1203.3,heavy,3102,1,1.754,
1206.7,heavy,3103,0,5.738,
1210.0,heavy,3103,0,3.674,
1213.3,heavy,3101,1,4.981,
1216.7,heavy,3102,0,1.280,
1220.0,heavy,3103,1,4.419,
1223.3,heavy,3101,0,3.545,
1226.7,heavy,3102,0,1.534,
1230.0,heavy,3103,0,3.804,
1233.3,heavy,3101,0,4.223,
1236.7,heavy,3102,1,2.219,
1240.0,heavy,3103,0,3.103,
1243.3,heavy,3101,1,4.839,
1246.7,heavy,3102,0,1.413,
1250.0,heavy,3103,1,5.765,
1253.3,heavy,3101,0,4.801,
1256.7,heavy,3102,0,1.764,
1260.0,heavy,3103,1,6.788,
1263.3,heavy,3101,0,5.269,
1266.7,heavy,3102,0,1.604,
1270.0,heavy,3103,1,6.226,
1273.3,heavy,3101,0,5.003,
1276.7,heavy,3102,0,1.398,
1280.0,heavy,3103,0,4.134,
1283.3,heavy,3101,1,5.331,
1286.7,heavy,3102,0,1.048,
1290.0,heavy,3103,0,4.054,
1293.3,heavy,3101,1,6.572,
1296.7,heavy,3102,0,1.558,
1300.0,heavy,3103,1,4.650,
1300.0,light-2,3102,1,1.611,
1300.0,light-1,3101,1,1.875,
1300.0,light-5,3102,1,2.255,
1300.0,light-3,3103,1,2.464,
1300.0,light-4,3101,1,2.562,
1303.3,heavy,3103,0,2.897,
1306.7,heavy,3101,0,4.770,
1310.0,heavy,3102,1,1.414,
1313.3,heavy,3103,0,3.783,
1316.7,heavy,3101,0,4.415,
1320.0,heavy,3102,0,0.967,
1323.3,heavy,3103,0,4.772,
1326.7,heavy,3101,1,5.259,
1330.0,heavy,3102,1,1.494,
1333.3,heavy,3103,0,4.988,
1336.7,heavy,3101,0,2.000,
1340.0,heavy,3102,0,1.168,
1343.3,heavy,3103,1,5.406,
1346.7,heavy,3101,0,4.243,
1350.0,heavy,3102,0,1.327,
1353.3,heavy,3103,1,1.720,
1356.7,heavy,3101,0,4.875,
1360.0,heavy,3102,1,1.515,
1363.3,heavy,3103,0,5.185,
1366.7,heavy,3101,0,3.803,
1370.0,heavy,3102,1,1.314,
1373.3,heavy,3103,0,3.647,
1376.7,heavy,3101,0,3.393,
1380.0,heavy,3102,0,1.023,
1383.3,heavy,3103,1,4.715,
1386.7,heavy,3101,0,3.953,
1390.0,heavy,3102,1,1.861,
1393.3,heavy,3103,0,4.359,
1396.7,heavy,3101,0,2.841,
1400.0,heavy,3102,1,2.092,
1400.0,light-5,3101,1,4.339,
1400.0,light-3,3102,1,7.512,
1400.0,light-2,3101,1,7.939,
1400.0,light-1,3103,1,9.209,
1400.0,light-4,3103,1,10.139,
1403.3,heavy,3103,0,8.061,
1406.7,heavy,3101,0,6.708,
1410.0,heavy,3102,0,2.179,
1413.3,heavy,3102,1,2.352,
1416.7,heavy,3103,0,7.049,
1420.0,heavy,3101,1,5.023,
1423.3,heavy,3102,0,0.907,
1426.7,heavy,3103,0,4.199,
1430.0,heavy,3101,0,3.290,
1433.3,heavy,3102,1,1.189,
1436.7,heavy,3103,0,4.307,
1440.0,heavy,3101,1,4.863,
1443.3,heavy,3102,0,1.220,
1446.7,heavy,3103,0,3.329,
1450.0,heavy,3101,0,3.842,
1453.3,heavy,3102,1,1.090,
1456.7,heavy,3103,0,4.129,
1460.0,heavy,3101,1,3.886,
1463.3,heavy,3102,0,0.984,
1466.7,heavy,3103,0,3.638,
1470.0,heavy,3101,0,3.552,
1473.3,heavy,3102,1,1.080,
1476.7,heavy,3103,0,4.479,
1480.0,heavy,3101,0,3.789,
1483.3,heavy,3102,1,1.241,
1486.7,heavy,3103,0,4.135,
1490.0,heavy,3101,0,2.693,
1493.3,heavy,3102,1,0.917,
1496.7,heavy,3103,0,5.873,
1500.0,heavy,3101,0,5.243,
1500.0,light-3,3102,1,2.211,
1500.0,light-2,3101,1,3.286,
1500.0,light-1,3103,1,3.599,
1500.0,light-5,3101,1,3.643,
1500.0,light-4,3103,1,3.811,
1503.3,heavy,3102,1,1.748,
1506.7,heavy,3102,0,0.962,
1510.0,heavy,3103,0,3.896,
1513.3,heavy,3101,1,3.982,
1516.7,heavy,3102,0,1.108,
1520.0,heavy,3103,0,4.780,
1523.3,heavy,3101,1,5.292,
1526.7,heavy,3102,1,1.343,
1530.0,heavy,3103,0,5.002,
1533.3,heavy,3101,0,5.280,
1536.7,heavy,3102,0,1.417,
1540.0,heavy,3103,0,3.980,
1543.3,heavy,3101,1,4.677,
1546.7,heavy,3102,0,1.324,
1550.0,heavy,3103,0,3.686,
1553.3,heavy,3101,1,4.799,
1556.7,heavy,3102,0,1.130,
1560.0,heavy,3103,0,3.486,
1563.3,heavy,3101,1,4.418,
1566.7,heavy,3102,0,1.351,
1570.0,heavy,3103,0,6.591,
1573.3,heavy,3101,1,5.570,
1576.7,heavy,3102,1,2.150,
1580.0,heavy,3103,0,6.386,
1583.3,heavy,3101,0,5.514,
1586.7,heavy,3102,0,1.067,
1590.0,heavy,3103,0,3.888,
1593.3,heavy,3101,0,4.813,
1596.7,heavy,3102,1,1.490,
1600.0,heavy,3103,1,5.411,
1600.0,light-1,3101,1,1.492,
1600.0,light-2,3102,1,1.608,
1600.0,light-5,3102,1,2.179,
1600.0,light-4,3101,1,2.355,
1600.0,light-3,3103,1,3.076,
1603.3,heavy,3103,0,4.225,
1606.7,heavy,3101,0,4.288,
1610.0,heavy,3102,0,0.852,
1613.3,heavy,3103,1,4.988,
1616.7,heavy,3101,0,4.048,
1620.0,heavy,3102,1,1.316,
1623.3,heavy,3103,0,4.709,
1626.7,heavy,3101,0,4.381,
1630.0,heavy,3102,0,1.144,
1633.3,heavy,3103,1,3.117,
1636.7,heavy,3101,0,3.591,
1640.0,heavy,3102,1,1.232,
1643.3,heavy,3103,0,3.762,
1646.7,heavy,3101,0,3.526,
1650.0,heavy,3102,0,1.381,
1653.3,heavy,3103,1,5.649,
1656.7,heavy,3101,0,4.711,
1660.0,heavy,3102,0,1.555,
1663.3,heavy,3103,1,3.438,
1666.7,heavy,3101,0,4.258,
1670.0,heavy,3102,0,1.234,
1673.3,heavy,3103,1,6.575,
1676.7,heavy,3101,0,3.664,
1680.0,heavy,3102,0,1.134,
1683.3,heavy,3103,1,4.561,
1686.7,heavy,3101,0,3.889,
1690.0,heavy,3102,1,1.281,
1693.3,heavy,3103,0,3.534,
1696.7,heavy,3101,0,3.895,
1700.0,heavy,3102,0,1.463,
1700.0,light-1,3103,1,1.651,
1700.0,light-2,3101,1,1.808,
1700.0,light-4,3103,1,1.901,
1700.0,light-3,3102,1,2.065,
1700.0,light-5,3101,1,2.099,
1703.3,heavy,3102,1,1.284,
1706.7,heavy,3103,1,5.195,
1710.0,heavy,3101,0,3.895,
1713.3,heavy,3102,1,1.485,
1716.7,heavy,3103,0,4.913,
1720.0,heavy,3101,0,4.233,
1723.3,heavy,3102,0,0.877,
1726.7,heavy,3103,0,4.037,
1730.0,heavy,3101,0,4.338,
1733.3,heavy,3102,1,1.407,
1736.7,heavy,3103,0,4.108,
1740.0,heavy,3101,0,3.398,
1743.3,heavy,3102,1,0.963,
1746.7,heavy,3103,1,5.178,
1750.0,heavy,3101,0,5.639,
1753.3,heavy,3102,0,0.960,
1756.7,heavy,3103,0,6.870,
1760.0,heavy,3101,0,3.742,
1763.3,heavy,3102,1,1.229,
1766.7,heavy,3103,0,4.555,
1770.0,heavy,3101,1,4.798,
1773.3,heavy,3102,0,1.589,
1776.7,heavy,3103,0,4.158,
1780.0,heavy,3101,1,5.438,
1783.3,heavy,3102,0,1.404,
1786.7,heavy,3103,0,3.511,
1790.0,heavy,3101,0,3.726,
1793.3,heavy,3102,1,1.166,
1796.7,heavy,3103,0,4.353,
1800.0,heavy,3101,1,8.332,
1800.0,light-2,3103,1,2.178,
1800.0,light-4,3102,1,4.041,
1800.0,light-1,3102,1,7.376,
1800.0,light-5,3103,1,7.892,
1800.0,light-3,3101,1,9.891,
1803.3,heavy,3101,0,6.028,
1806.7,heavy,3102,0,0.973,
1810.0,heavy,3103,0,3.971,
1813.3,heavy,3101,1,5.053,
1816.7,heavy,3102,0,1.194,
1820.0,heavy,3103,0,3.557,
1823.3,heavy,3101,1,4.466,
1826.7,heavy,3102,0,1.215,
1830.0,heavy,3103,1,5.686,
1833.3,heavy,3101,0,4.025,
1836.7,heavy,3102,1,1.209,
1840.0,heavy,3103,0,5.504,
1843.3,heavy,3101,0,4.372,
1846.7,heavy,3102,0,1.693,
1850.0,heavy,3103,0,3.995,
1853.3,heavy,3101,0,4.090,
1856.7,heavy,3102,1,1.219,
1860.0,heavy,3103,0,2.621,
1863.3,heavy,3101,1,4.670,
1866.7,heavy,3102,1,1.334,
1870.0,heavy,3103,0,3.744,
1873.3,heavy,3101,0,4.434,
1876.7,heavy,3102,0,0.984,
1880.0,heavy,3103,0,3.385,
1883.3,heavy,3101,0,3.791,
1886.7,heavy,3102,1,1.102,
1890.0,heavy,3103,0,2.897,
1893.3,heavy,3101,1,3.980,
1896.7,heavy,3102,0,0.998,
1900.0,heavy,3103,1,6.351,
1900.0,light-1,3102,1,1.746,
1900.0,light-4,3102,1,2.243,
1900.0,light-2,3103,1,3.362,
1900.0,light-3,3101,1,3.540,
1900.0,light-5,3103,1,3.594,
1903.3,heavy,3101,0,5.068,
1906.7,heavy,3101,0,4.849,
1910.0,heavy,3102,0,1.023,
1913.3,heavy,3103,0,3.549,
1916.7,heavy,3101,0,3.893,
1920.0,heavy,3102,1,1.189,
1923.3,heavy,3103,1,4.525,
1926.7,heavy,3101,0,3.917,
1930.0,heavy,3102,0,1.294,
1933.3,heavy,3103,1,4.713,
1936.7,heavy,3101,0,3.695,
1940.0,heavy,3102,0,1.025,
1943.3,heavy,3103,1,4.656,
1946.7,heavy,3101,0,3.417,
1950.0,heavy,3102,0,1.311,
1953.3,heavy,3103,1,5.704,
1956.7,heavy,3101,0,4.721,
1960.0,heavy,3102,1,1.337,
1963.3,heavy,3103,0,5.397,
1966.7,heavy,3101,0,5.102,
1970.0,heavy,3102,0,0.918,
1973.3,heavy,3103,1,4.110,
1976.7,heavy,3101,0,3.630,
1980.0,heavy,3102,1,1.377,
1983.3,heavy,3103,0,2.489,
1986.7,heavy,3101,0,7.417,
1990.0,heavy,3102,1,1.262,
1993.3,heavy,3103,0,3.469,
1996.7,heavy,3101,0,7.096,
2000.0,heavy,3102,0,1.262,
2000.0,light-1,3103,1,1.372,
2000.0,light-3,3102,1,1.413,
2000.0,light-4,3103,1,1.654,
2000.0,light-2,3101,1,2.219,
2000.0,light-5,3101,1,2.664,
2003.3,heavy,3102,1,0.957,
2006.7,heavy,3103,0,4.099,
2010.0,heavy,3101,0,3.382,
2013.3,heavy,3102,1,1.011,
2016.7,heavy,3103,0,3.825,
2020.0,heavy,3101,0,4.094,
2023.3,heavy,3102,1,1.256,
2026.7,heavy,3103,0,3.780,
2030.0,heavy,3101,0,3.283,
2033.3,heavy,3102,1,1.148,
2036.7,heavy,3103,0,4.865,
2040.0,heavy,3101,0,4.090,
2043.3,heavy,3102,1,1.068,
2046.7,heavy,3103,0,3.651,
2050.0,heavy,3101,0,3.360,
2053.3,heavy,3102,1,1.121,
2056.7,heavy,3103,0,3.488,
2060.0,heavy,3101,1,4.351,
2063.3,heavy,3102,0,1.056,
2066.7,heavy,3103,0,3.810,
2070.0,heavy,3101,0,4.133,
2073.3,heavy,3102,1,1.084,
2076.7,heavy,3103,0,5.895,
2080.0,heavy,3101,0,5.104,
2083.3,heavy,3102,1,1.336,
2086.7,heavy,3103,0,5.637,
2090.0,heavy,3101,0,5.341,
2093.3,heavy,3102,1,0.813,
2096.7,heavy,3103,0,6.051,
2100.0,heavy,3101,0,5.074,
2100.0,light-3,3102,1,1.893,
2100.0,light-2,3101,1,3.110,
2100.0,light-1,3103,1,3.377,
2100.0,light-5,3101,1,3.336,
2100.0,light-4,3103,1,3.599,
2103.3,heavy,3102,1,1.627,
2106.7,heavy,3102,0,1.610,
2110.0,heavy,3103,0,4.293,
2113.3,heavy,3101,1,5.858,
2116.7,heavy,3102,0,0.987,
2120.0,heavy,3103,0,4.128,
2123.3,heavy,3101,1,5.230,
2126.7,heavy,3102,0,1.210,
2130.0,heavy,3103,0,4.383,
2133.3,heavy,3101,1,5.866,
2136.7,heavy,3102,0,2.174,
2140.0,heavy,3103,1,5.965,
2143.3,heavy,3101,0,4.460,
2146.7,heavy,3102,0,1.018,
2150.0,heavy,3103,1,3.972,
2153.3,heavy,3101,0,3.725,
2156.7,heavy,3102,0,1.121,
2160.0,heavy,3103,0,4.025,
2163.3,heavy,3101,1,4.823,
2166.7,heavy,3102,0,1.195,
2170.0,heavy,3103,0,3.029,
2173.3,heavy,3101,1,4.747,
2176.7,heavy,3102,0,0.991,
2180.0,heavy,3103,1,4.286,
2183.3,heavy,3101,0,3.887,
2186.7,heavy,3102,0,1.163,
2190.0,heavy,3103,0,3.573,
2193.3,heavy,3101,1,4.062,
2196.7,heavy,3102,0,1.013,
2200.0,heavy,3103,1,7.212,
2200.0,light-1,3102,1,1.903,
2200.0,light-4,3102,1,2.351,
2200.0,light-2,3103,1,3.336,
2200.0,light-3,3101,1,3.529,
2200.0,light-5,3103,1,3.636,
2203.3,heavy,3101,0,5.700,
2206.7,heavy,3102,1,1.617,
2210.0,heavy,3103,0,6.956,
2213.3,heavy,3101,0,5.817,
2216.7,heavy,3101,0,3.648,
2220.0,heavy,3102,0,1.080,
2223.3,heavy,3103,0,6.906,
2226.7,heavy,3101,0,3.833,
2230.0,heavy,3102,1,1.429,
2233.3,heavy,3103,1,6.554,
2236.7,heavy,3101,0,3.144,
2240.0,heavy,3102,0,0.998,
2243.3,heavy,3103,1,5.458,
2246.7,heavy,3101,0,3.336,
2250.0,heavy,3102,0,1.273,
2253.3,heavy,3103,1,4.998,
2256.7,heavy,3101,0,3.583,
2260.0,heavy,3102,0,1.039,
2263.3,heavy,3103,1,4.370,
2266.7,heavy,3101,0,3.629,
2270.0,heavy,3102,0,1.223,
2273.3,heavy,3103,1,4.783,
2276.7,heavy,3101,0,4.130,
2280.0,heavy,3102,0,1.371,
2283.3,heavy,3103,1,4.274,
2286.7,heavy,3101,0,3.544,
2290.0,heavy,3102,0,1.338,
2293.3,heavy,3103,1,7.669,
2296.7,heavy,3101,0,6.643,
2300.0,heavy,3102,1,2.145,
2300.0,light-3,3103,1,2.539,
2300.0,light-1,3101,1,2.815,
2300.0,light-2,3102,1,6.196,
2300.0,light-5,3102,1,7.474,
2300.0,light-4,3101,1,7.660,
2303.3,heavy,3103,0,7.417,
2306.7,heavy,3103,0,5.930,
2310.0,heavy,3101,0,4.896,
2313.3,heavy,3102,0,2.006,
2316.7,heavy,3103,1,2.395,
2320.0,heavy,3101,0,4.083,
2323.3,heavy,3102,1,1.224,
2326.7,heavy,3103,0,4.583,
2330.0,heavy,3101,0,5.076,
2333.3,heavy,3102,1,1.416,
2336.7,heavy,3103,0,4.789,
2340.0,heavy,3101,1,5.998,
2343.3,heavy,3102,0,1.323,
2346.7,heavy,3103,0,4.667,
2350.0,heavy,3101,1,5.962,
2353.3,heavy,3102,0,2.151,
2356.7,heavy,3103,0,4.885,
2360.0,heavy,3101,0,3.957,
2363.3,heavy,3102,1,1.239,
2366.7,heavy,3103,0,3.700,
2370.0,heavy,3101,1,3.963,
2373.3,heavy,3102,0,1.110,
2376.7,heavy,3103,0,3.131,
2380.0,heavy,3101,0,3.494,
2383.3,heavy,3102,1,1.454,
2386.7,heavy,3103,0,5.286,
2390.0,heavy,3101,0,5.724,
2393.3,heavy,3102,1,1.755,
2396.7,heavy,3103,0,4.974,
2400.0,heavy,3101,0,3.954,
2400.0,light-2,3103,1,1.132,
2400.0,light-3,3101,1,1.443,
2400.0,light-5,3103,1,1.569,
2400.0,light-1,3102,1,2.063,
2400.0,light-4,3102,1,2.007,
2403.3,heavy,3101,1,5.172,
2406.7,heavy,3102,0,1.165,
2410.0,heavy,3103,0,4.662,
2413.3,heavy,3101,1,5.579,
2416.7,heavy,3102,0,1.247,
2420.0,heavy,3103,0,4.691,
2423.3,heavy,3101,1,5.144,
2426.7,heavy,3102,0,1.359,
2430.0,heavy,3103,0,3.515,
2433.3,heavy,3101,1,5.459,
2436.7,heavy,3102,0,1.043,
2440.0,heavy,3103,0,3.361,
2443.3,heavy,3101,1,4.359,
2446.7,heavy,3102,0,1.019,
2450.0,heavy,3103,0,4.788,
2453.3,heavy,3101,1,5.140,
2456.7,heavy,3102,1,1.504,
2460.0,heavy,3103,0,4.920,
2463.3,heavy,3101,0,2.264,
2466.7,heavy,3102,0,1.075,
2470.0,heavy,3103,0,4.956,
2473.3,heavy,3101,1,5.456,
2476.7,heavy,3102,0,1.335,
2480.0,heavy,3103,0,3.607,
2483.3,heavy,3101,1,3.792,
2486.7,heavy,3102,0,1.131,
2490.0,heavy,3103,0,4.617,
2493.3,heavy,3101,1,5.103,
2496.7,heavy,3102,1,1.450,
2500.0,light-1,3102,1,1.987,
2500.0,light-4,3102,1,2.032,
2500.0,light-2,3103,1,2.708,
2500.0,light-3,3101,1,2.820,
2500.0,light-5,3103,1,2.846,
2500.0,heavy,3103,0,4.780,
2503.3,heavy,3101,0,5.098,
2506.7,heavy,3101,0,3.839,
2510.0,heavy,3102,0,1.185,
2513.3,heavy,3103,1,4.612,
2516.7,heavy,3101,0,3.873,
2520.0,heavy,3102,1,1.264,
2523.3,heavy,3103,0,1.693,
2526.7,heavy,3101,0,3.417,
2530.0,heavy,3102,0,1.271,
2533.3,heavy,3103,1,4.426,
2536.7,heavy,3101,0,3.599,
2540.0,heavy,3102,0,1.169,
2543.3,heavy,3103,0,4.866,
2546.7,heavy,3101,1,4.441,
2550.0,heavy,3102,1,1.749,
2553.3,heavy,3103,0,3.269,
2556.7,heavy,3101,0,3.559,
2560.0,heavy,3102,0,1.044,
2563.3,heavy,3103,1,4.416,
2566.7,heavy,3101,0,3.633,
2570.0,heavy,3102,0,1.489,
2573.3,heavy,3103,1,3.546,
2576.7,heavy,3101,0,3.226,
2580.0,heavy,3102,0,1.364,
2583.3,heavy,3103,1,8.434,
2586.7,heavy,3101,0,7.241,
2590.0,heavy,3102,1,2.219,
2593.3,heavy,3103,0,8.182,
2596.7,heavy,3101,0,7.657,
2600.0,light-5,3101,1,3.639,
2600.0,light-3,3102,1,14.896,
2600.0,light-2,3101,1,15.637,
2600.0,light-4,3103,1,19.299,
2600.0,light-1,3103,1,20.928,
2600.0,heavy,3102,0,1.526,
2603.3,heavy,3102,1,2.652,
2606.7,heavy,3103,0,7.621,
2610.0,heavy,3101,0,5.134,
2613.3,heavy,3102,1,1.202,
2616.7,heavy,3103,0,7.213,
2620.0,heavy,3101,0,3.359,
2623.3,heavy,3102,1,1.232,
2626.7,heavy,3103,0,4.429,
2630.0,heavy,3101,0,3.682,
2633.3,heavy,3102,1,0.850,
2636.7,heavy,3103,0,4.079,
2640.0,heavy,3101,0,3.622,
2643.3,heavy,3102,1,1.319,
2646.7,heavy,3103,0,2.569,
2650.0,heavy,3101,1,4.603,
2653.3,heavy,3102,1,1.215,
2656.7,heavy,3103,0,3.666,
2660.0,heavy,3101,0,4.284,
2663.3,heavy,3102,0,1.401,
2666.7,heavy,3103,0,4.579,
2670.0,heavy,3101,0,3.651,
2673.3,heavy,3102,1,1.237,
2676.7,heavy,3103,0,3.167,
2680.0,heavy,3101,0,3.294,
2683.3,heavy,3102,1,1.506,
2686.7,heavy,3103,0,4.384,
2690.0,heavy,3101,1,4.784,
2693.3,heavy,3102,0,0.912,
2696.7,heavy,3103,0,5.001,
2700.0,light-2,3102,1,1.828,
2700.0,light-5,3102,1,2.128,
2700.0,light-1,3101,1,2.825,
2700.0,light-3,3103,1,2.951,
2700.0,light-4,3101,1,3.057,
2700.0,heavy,3101,0,4.472,
2703.3,heavy,3102,1,1.572,
2706.7,heavy,3103,0,4.712,
2710.0,heavy,3103,0,2.417,
2713.3,heavy,3101,1,5.062,
2716.7,heavy,3102,1,1.604,
2720.0,heavy,3103,0,3.931,
2723.3,heavy,3101,0,4.808,
2726.7,heavy,3102,0,1.232,
2730.0,heavy,3103,0,6.824,
2733.3,heavy,3101,0,4.051,
2736.7,heavy,3102,1,1.367,
2740.0,heavy,3103,0,5.619,
2743.3,heavy,3101,1,5.179,
2746.7,heavy,3102,0,1.236,
2750.0,heavy,3103,0,3.814,
2753.3,heavy,3101,1,3.926,
2756.7,heavy,3102,0,1.260,
2760.0,heavy,3103,0,5.607,
2763.3,heavy,3101,0,4.232,
2766.7,heavy,3102,1,1.755,
2770.0,heavy,3103,0,4.502,
2773.3,heavy,3101,1,4.654,
2776.7,heavy,3102,0,1.123,
2780.0,heavy,3103,1,5.517,
2783.3,heavy,3101,0,4.630,
2786.7,heavy,3102,0,0.912,
2790.0,heavy,3103,0,4.945,
2793.3,heavy,3101,0,4.128,
2796.7,heavy,3102,1,1.416,
2800.0,light-2,3102,1,1.046,
2800.0,light-5,3102,1,1.283,
2800.0,light-1,3101,1,2.096,
2800.0,light-4,3101,1,2.342,
2800.0,light-3,3103,1,2.575,
2800.0,heavy,3103,0,4.247,
2803.3,heavy,3103,1,4.240,
2806.7,heavy,3101,0,3.651,
2810.0,heavy,3102,0,1.204,
2813.3,heavy,3103,1,5.181,
2816.7,heavy,3101,0,3.350,
2820.0,heavy,3102,0,1.052,
2823.3,heavy,3103,1,4.284,
2826.7,heavy,3101,0,3.535,
2830.0,heavy,3102,0,1.015,
2833.3,heavy,3103,1,4.774,
2836.7,heavy,3101,0,3.771,
2840.0,heavy,3102,1,1.310,
2843.3,heavy,3103,0,4.390,
2846.7,heavy,3101,0,2.819,
2850.0,heavy,3102,0,1.385,
2853.3,heavy,3103,1,4.903,
2856.7,heavy,3101,0,3.327,
2860.0,heavy,3102,1,1.176,
2863.3,heavy,3103,0,3.378,
2866.7,heavy,3101,0,4.171,
2870.0,heavy,3102,0,1.616,
2873.3,heavy,3103,1,5.362,
2876.7,heavy,3101,0,4.323,
2880.0,heavy,3102,0,1.320,
2883.3,heavy,3103,1,6.215,
2886.7,heavy,3101,0,5.221,
2890.0,heavy,3102,1,1.521,
2893.3,heavy,3103,0,5.406,
2896.7,heavy,3101,0,3.794,
2900.0,light-1,3103,1,1.969,
2900.0,light-3,3102,1,2.008,
2900.0,light-4,3103,1,2.092,
2900.0,light-2,3101,1,2.293,
2900.0,light-5,3101,1,2.402,
2900.0,heavy,3102,0,1.971,
2903.3,heavy,3102,1,1.359,
2906.7,heavy,3103,0,3.558,
2910.0,heavy,3101,1,3.750,
2913.3,heavy,3102,0,1.093,
2916.7,heavy,3103,0,4.301,
2920.0,heavy,3101,0,3.494,
2923.3,heavy,3102,1,1.638,
2926.7,heavy,3103,0,3.500,
2930.0,heavy,3101,0,3.661,
2933.3,heavy,3102,1,1.021,
2936.7,heavy,3103,0,3.538,
2940.0,heavy,3101,1,4.578,
2943.3,heavy,3102,0,1.082,
2946.7,heavy,3103,0,3.739,
2950.0,heavy,3101,0,3.970,
2953.3,heavy,3102,1,1.080,
2956.7,heavy,3103,0,3.486,
2960.0,heavy,3101,0,3.979,
2963.3,heavy,3102,1,1.312,
2966.7,heavy,3103,0,3.342,
2970.0,heavy,3101,0,3.450,
2973.3,heavy,3102,1,0.842,
2976.7,heavy,3103,0,3.326,
2980.0,heavy,3101,0,3.478,
2983.3,heavy,3102,1,1.278,
2986.7,heavy,3103,0,1.942,
2990.0,heavy,3101,1,6.350,
2993.3,heavy,3102,1,1.452,
2996.7,heavy,3103,0,5.284,
3000.0,light-2,3103,1,2.684,
3000.0,light-4,3102,1,3.177,
3000.0,light-1,3102,1,5.354,
3000.0,light-3,3101,1,7.684,
3000.0,light-5,3103,1,7.817,
3000.0,heavy,3101,0,6.161,
3003.3,heavy,3101,0,3.491,
3006.7,heavy,3102,0,1.067,
3010.0,heavy,3103,0,3.037,
3013.3,heavy,3101,1,3.366,
3016.7,heavy,3102,0,0.941,
3020.0,heavy,3103,1,3.723,
3023.3,heavy,3101,0,4.061,
3026.7,heavy,3102,0,1.023,
3030.0,heavy,3103,0,2.979,
3033.3,heavy,3101,1,3.729,
3036.7,heavy,3102,0,0.927,
3040.0,heavy,3103,0,3.596,
3043.3,heavy,3101,1,3.948,
3046.7,heavy,3102,0,1.158,
3050.0,heavy,3103,0,2.923,
3053.3,heavy,3101,0,3.150,
3056.7,heavy,3102,1,1.056,
3060.0,heavy,3103,0,3.534,
3063.3,heavy,3101,1,3.492,
3066.7,heavy,3102,0,0.922,
3070.0,heavy,3103,0,4.308,
3073.3,heavy,3101,1,4.626,
3076.7,heavy,3102,1,1.222,
3080.0,heavy,3103,0,4.110,
3083.3,heavy,3101,0,4.601,
3086.7,heavy,3102,0,0.967,
3090.0,heavy,3103,0,2.859,
3093.3,heavy,3101,1,4.232,
3096.7,heavy,3102,0,0.868,
3100.0,light-1,3101,1,1.860,
3100.0,light-2,3102,1,1.991,
3100.0,light-5,3102,1,2.005,
3100.0,light-4,3101,1,2.193,
3100.0,light-3,3103,1,2.724,
3100.0,heavy,3103,0,4.045,
3103.3,heavy,3103,1,4.280,
3106.7,heavy,3101,0,3.609,
3110.0,heavy,3102,0,1.404,
3113.3,heavy,3103,1,5.662,
3116.7,heavy,3101,0,3.202,
3120.0,heavy,3102,0,0.884,
3123.3,heavy,3103,1,3.750,
3126.7,heavy,3101,0,2.905,
3130.0,heavy,3102,0,1.017,
3133.3,heavy,3103,1,4.873,
3136.7,heavy,3101,0,3.979,
3140.0,heavy,3102,1,1.824,
3143.3,heavy,3103,0,4.619,
3146.7,heavy,3101,0,2.370,
3150.0,heavy,3102,0,0.984,
3153.3,heavy,3103,1,5.277,
3156.7,heavy,3101,0,3.806,
3160.0,heavy,3102,1,1.573,
3163.3,heavy,3103,0,2.925,
3166.7,heavy,3101,0,3.469,
3170.0,heavy,3102,0,1.173,
3173.3,heavy,3103,1,4.897,
3176.7,heavy,3101,0,3.059,
3180.0,heavy,3102,0,0.901,
3183.3,heavy,3103,1,4.209,
3186.7,heavy,3101,0,3.985,
3190.0,heavy,3102,0,1.084,
3193.3,heavy,3103,0,7.595,
3196.7,heavy,3101,1,4.831,
3200.0,light-1,3102,1,1.615,
3200.0,light-4,3102,1,1.837,
3200.0,light-2,3103,1,2.551,
3200.0,light-3,3101,1,2.685,
3200.0,light-5,3103,1,3.091,
3200.0,heavy,3102,1,1.364,
3203.3,heavy,3103,0,7.830,
3206.7,heavy,3101,0,4.875,
3210.0,heavy,3101,0,4.826,
3213.3,heavy,3102,1,0.840,
3216.7,heavy,3103,1,4.601,
3220.0,heavy,3101,0,3.856,
3223.3,heavy,3102,0,1.028,
3226.7,heavy,3103,0,3.598,
3230.0,heavy,3101,0,3.205,
3233.3,heavy,3102,1,1.119,
3236.7,heavy,3103,0,3.785,
3240.0,heavy,3101,1,3.768,
3243.3,heavy,3102,0,1.110,
3246.7,heavy,3103,1,6.238,
3250.0,heavy,3101,0,4.435,
3253.3,heavy,3102,0,1.549,
3256.7,heavy,3103,0,1.554,
3260.0,heavy,3101,0,4.154,
3263.3,heavy,3102,1,1.960,
3266.7,heavy,3103,0,4.013,
3270.0,heavy,3101,0,2.007,
3273.3,heavy,3102,1,2.288,
3276.7,heavy,3103,0,4.648,
3280.0,heavy,3101,0,3.874,
3283.3,heavy,3102,1,2.008,
3286.7,heavy,3103,0,3.332,
3290.0,heavy,3101,1,5.205,
3293.3,heavy,3102,0,1.242,
3296.7,heavy,3103,0,4.168,
3300.0,light-2,3103,1,2.137,
3300.0,light-5,3103,1,2.184,
3300.0,light-1,3102,1,2.596,
3300.0,light-4,3102,1,2.535,
3300.0,light-3,3101,1,2.691,
3300.0,heavy,3101,0,4.194,
3303.3,heavy,3101,1,4.613,
3306.7,heavy,3102,0,1.253,
3310.0,heavy,3103,0,3.340,
3313.3,heavy,3101,1,4.356,
3316.7,heavy,3102,0,0.877,
3320.0,heavy,3103,1,4.503,
3323.3,heavy,3101,0,3.903,
3326.7,heavy,3102,1,1.365,
3330.0,heavy,3103,0,4.207,
3333.3,heavy,3101,0,2.669,
3336.7,heavy,3102,1,1.640,
3340.0,heavy,3103,0,4.266,
3343.3,heavy,3101,0,3.630,
3346.7,heavy,3102,0,1.599,
3350.0,heavy,3103,0,3.564,
3353.3,heavy,3101,1,3.796,
3356.7,heavy,3102,0,0.912,
3360.0,heavy,3103,1,4.900,
3363.3,heavy,3101,0,3.794,
3366.7,heavy,3102,0,1.688,
3370.0,heavy,3103,0,4.059,
3373.3,heavy,3101,0,3.575,
3376.7,heavy,3102,1,1.406,
3380.0,heavy,3103,0,2.378,
3383.3,heavy,3101,1,4.381,
3386.7,heavy,3102,1,1.204,
3390.0,heavy,3103,0,3.561,
3393.3,heavy,3101,0,4.148,
3396.7,heavy,3102,0,1.032,
3400.0,light-1,3101,1,3.131,
3400.0,light-3,3103,1,3.635,
3400.0,light-2,3102,1,7.006,
3400.0,light-5,3102,1,8.100,
3400.0,light-4,3101,1,9.550,
3400.0,heavy,3103,1,7.695,
3403.3,heavy,3101,0,6.714,
3406.7,heavy,3102,1,1.692,
3410.0,heavy,3103,0,7.473,
3413.3,heavy,3103,0,4.372,
3416.7,heavy,3101,0,4.702,
3420.0,heavy,3102,0,1.242,
3423.3,heavy,3103,1,4.470,
3426.7,heavy,3101,0,3.230,
3430.0,heavy,3102,0,0.909,
3433.3,heavy,3103,1,4.002,
3436.7,heavy,3101,0,3.381,
3440.0,heavy,3102,0,0.834,
3443.3,heavy,3103,1,5.002,
3446.7,heavy,3101,0,3.926,
3450.0,heavy,3102,1,1.354,
3453.3,heavy,3103,0,4.733,
3456.7,heavy,3101,0,4.299,
3460.0,heavy,3102,0,1.579,
3463.3,heavy,3103,1,3.829,
3466.7,heavy,3101,0,3.387,
3470.0,heavy,3102,1,1.221,
3473.3,heavy,3103,0,2.355,
3476.7,heavy,3101,0,4.184,
3480.0,heavy,3102,1,1.453,
3483.3,heavy,3103,0,3.312,
3486.7,heavy,3101,0,3.869,
3490.0,heavy,3102,0,0.690,
3493.3,heavy,3103,0,5.075,
3496.7,heavy,3101,0,4.654,
3500.0,light-3,3102,1,1.785,
3500.0,light-1,3103,1,2.854,
3500.0,light-2,3101,1,3.292,
3500.0,light-4,3103,1,3.322,
3500.0,light-5,3101,1,3.394,
3500.0,heavy,3102,1,1.633,
3503.3,heavy,3102,1,1.288,
3506.7,heavy,3103,0,4.553,
3510.0,heavy,3101,0,3.191,
3513.3,heavy,3102,1,0.875,
3516.7,heavy,3103,0,3.566,
3520.0,heavy,3101,1,4.407,
3523.3,heavy,3102,0,1.020,
3526.7,heavy,3103,0,4.230,
3530.0,heavy,3101,0,4.599,
3533.3,heavy,3102,1,1.246,
3536.7,heavy,3103,0,3.729,
3540.0,heavy,3101,1,4.661,
3543.3,heavy,3102,0,1.156,
3546.7,heavy,3103,0,3.139,
3550.0,heavy,3101,0,3.578,
3553.3,heavy,3102,1,1.204,
3556.7,heavy,3103,0,4.504,
3560.0,heavy,3101,0,4.583,
3563.3,heavy,3102,1,1.630,
3566.7,heavy,3103,0,2.713,
3570.0,heavy,3101,1,5.456,
3573.3,heavy,3102,1,1.871,
3576.7,heavy,3103,0,4.821,
3580.0,heavy,3101,0,5.644,
3583.3,heavy,3102,0,1.516,
3586.7,heavy,3103,0,4.148,
3590.0,heavy,3101,1,5.597,
3593.3,heavy,3102,0,1.374,
3596.7,heavy,3103,0,4.454,
3600.0,light-1,3102,1,1.750,
3600.0,light-2,3103,1,1.889,
3600.0,light-4,3102,1,1.916,
3600.0,light-5,3103,1,1.947,
3600.0,light-3,3101,1,3.565,
3600.0,heavy,3101,1,6.310,
3603.3,heavy,3101,0,5.984,
3606.7,heavy,3102,0,2.666,
3610.0,heavy,3103,1,4.934,
3613.3,heavy,3101,0,4.558,
3616.7,heavy,3102,0,1.728,
3620.0,heavy,3103,1,6.057,
3623.3,heavy,3101,0,4.181,
3626.7,heavy,3102,0,1.159,
3630.0,heavy,3103,1,4.774,
3633.3,heavy,3101,0,4.162,
3636.7,heavy,3102,0,1.485,
3640.0,heavy,3103,0,4.990,
3643.3,heavy,3101,0,5.967,
3646.7,heavy,3102,1,2.156,
3650.0,heavy,3103,0,4.190,
3653.3,heavy,3101,1,5.571,
3656.7,heavy,3102,0,1.600,
3660.0,heavy,3103,0,3.509,
3663.3,heavy,3101,1,3.738,
3666.7,heavy,3102,0,1.095,
3670.0,heavy,3103,0,4.342,
3673.3,heavy,3101,0,3.596,
3676.7,heavy,3102,1,1.134,
3680.0,heavy,3103,0,3.745,
3683.3,heavy,3101,1,3.714,
3686.7,heavy,3102,0,0.979,
3690.0,heavy,3103,1,5.535,
3693.3,heavy,3101,0,4.188,
3696.7,heavy,3102,0,1.206,
3700.0,light-1,3101,1,1.167,
3700.0,light-2,3102,1,1.244,
3700.0,light-5,3102,1,1.230,
3700.0,light-4,3101,1,1.363,
3700.0,light-3,3103,1,3.496,
3700.0,heavy,3103,0,5.190,
3703.3,heavy,3103,1,9.202,
3706.7,heavy,3101,1,5.224,
3710.0,heavy,3102,0,1.290,
3713.3,heavy,3103,0,2.911,
3716.7,heavy,3101,0,3.323,
3720.0,heavy,3102,1,1.229,
3723.3,heavy,3103,0,3.683,
3726.7,heavy,3101,0,3.486,
3730.0,heavy,3102,0,1.045,
3733.3,heavy,3103,1,4.637,
3736.7,heavy,3101,0,3.602,
3740.0,heavy,3102,1,1.930,
3743.3,heavy,3103,0,4.367,
3746.7,heavy,3101,0,2.730,
3750.0,heavy,3102,0,0.991,
3753.3,heavy,3103,1,4.234,
3756.7,heavy,3101,0,3.413,
3760.0,heavy,3102,1,1.459,
3763.3,heavy,3103,0,2.621,
3766.7,heavy,3101,0,4.576,
3770.0,heavy,3102,1,1.285,
3773.3,heavy,3103,0,3.609,
3776.7,heavy,3101,0,4.449,
3780.0,heavy,3102,0,1.136,
3783.3,heavy,3103,0,4.467,
3786.7,heavy,3101,1,4.875,
3790.0,heavy,3102,1,1.742,
3793.3,heavy,3103,0,4.525,
3796.7,heavy,3101,0,2.440,
3800.0,light-5,3101,1,2.755,
3800.0,light-2,3101,1,5.033,
3800.0,light-1,3103,1,5.625,
3800.0,light-3,3102,1,5.759,
3800.0,light-4,3103,1,6.051,
3800.0,heavy,3102,0,1.322,
3803.3,heavy,3102,1,1.402,
3806.7,heavy,3103,0,4.368,
3810.0,heavy,3101,0,4.380,
3813.3,heavy,3102,1,1.654,
3816.7,heavy,3103,0,2.468,
3820.0,heavy,3101,0,5.035,
3823.3,heavy,3102,1,1.797,
3826.7,heavy,3103,0,4.405,
3830.0,heavy,3101,0,4.721,
3833.3,heavy,3102,1,1.178,
3836.7,heavy,3103,0,3.709,
3840.0,heavy,3101,0,4.045,
3843.3,heavy,3102,1,1.545,
3846.7,heavy,3103,0,3.792,
3850.0,heavy,3101,0,4.206,
3853.3,heavy,3102,1,1.143,
3856.7,heavy,3103,0,3.860,
3860.0,heavy,3101,1,4.497,
3863.3,heavy,3102,0,1.317,
3866.7,heavy,3103,0,3.236,
3870.0,heavy,3101,0,3.142,
3873.3,heavy,3102,1,0.923,
3876.7,heavy,3103,0,3.555,
3880.0,heavy,3101,0,2.975,
3883.3,heavy,3102,1,1.136,
3886.7,heavy,3103,0,3.933,
3890.0,heavy,3101,0,4.186,
3893.3,heavy,3102,1,1.275,
3896.7,heavy,3103,0,3.114,
3900.0,light-2,3103,1,1.193,
3900.0,light-1,3102,1,1.472,
3900.0,light-4,3102,1,1.546,
3900.0,light-5,3103,1,1.629,
3900.0,light-3,3101,1,2.760,
3900.0,heavy,3101,0,3.883,
3903.3,heavy,3101,1,3.912,
3906.7,heavy,3102,0,0.873,
3910.0,heavy,3103,1,4.021,
3913.3,heavy,3101,0,3.471,
3916.7,heavy,3102,1,1.412,
3920.0,heavy,3103,0,3.758,
3923.3,heavy,3101,0,3.472,
3926.7,heavy,3102,0,1.498,
3930.0,heavy,3103,0,4.107,
3933.3,heavy,3101,0,3.270,
3936.7,heavy,3102,1,1.181,
3940.0,heavy,3103,0,3.897,
3943.3,heavy,3101,1,4.785,
3946.7,heavy,3102,0,0.999,
3950.0,heavy,3103,0,4.846,
3953.3,heavy,3101,1,5.233,
3956.7,heavy,3102,0,1.385,
3960.0,heavy,3103,0,3.158,
3963.3,heavy,3101,1,4.205,
3966.7,heavy,3102,0,1.097,
3970.0,heavy,3103,0,3.466,
3973.3,heavy,3101,1,3.989,
3976.7,heavy,3102,0,0.987,
3980.0,heavy,3103,0,4.289,
3983.3,heavy,3101,1,4.823,
3986.7,heavy,3102,0,1.622,
3990.0,heavy,3103,0,3.156,
3993.3,heavy,3101,1,4.478,
3996.7,heavy,3102,0,1.092,
4000.0,light-1,3101,1,1.562,
4000.0,light-2,3102,1,2.308,
4000.0,light-5,3102,1,2.332,
4000.0,light-4,3101,1,2.515,
4000.0,light-3,3103,1,2.941,
4000.0,heavy,3103,1,5.514,
4003.3,heavy,3103,0,4.161,
4006.7,heavy,3101,0,3.778,
4010.0,heavy,3102,0,1.151,
4013.3,heavy,3103,0,4.831,
4016.7,heavy,3101,1,4.845,
4020.0,heavy,3102,0,0.849,
4023.3,heavy,3103,0,4.776,
4026.7,heavy,3101,1,5.318,
4030.0,heavy,3102,1,1.317,
4033.3,heavy,3103,0,3.743,
4036.7,heavy,3101,0,1.855,
4040.0,heavy,3102,1,1.594,
4043.3,heavy,3103,0,3.501,
4046.7,heavy,3101,0,3.000,
4050.0,heavy,3102,0,0.789,
4053.3,heavy,3103,0,4.019,
4056.7,heavy,3101,1,4.538,
4060.0,heavy,3102,1,1.308,
4063.3,heavy,3103,0,4.209,
4066.7,heavy,3101,0,2.573,
4070.0,heavy,3102,0,0.975,
4073.3,heavy,3103,1,4.860,
4076.7,heavy,3101,0,3.849,
4080.0,heavy,3102,0,1.111,
4083.3,heavy,3103,1,1.984,
4086.7,heavy,3101,0,4.085,
4090.0,heavy,3102,1,1.349,
4093.3,heavy,3103,0,3.266,
4096.7,heavy,3101,0,3.395,
4100.0,light-1,3103,1,2.168,
4100.0,light-2,3101,1,2.229,
4100.0,light-3,3102,1,2.293,
4100.0,light-5,3101,1,2.233,
4100.0,light-4,3103,1,2.430,
4100.0,heavy,3102,0,1.755,
4103.3,heavy,3102,1,1.048,
4106.7,heavy,3103,0,6.062,
4110.0,heavy,3101,1,8.996,
4113.3,heavy,3102,0,4.964,
4116.7,heavy,3103,0,4.227,
4120.0,heavy,3101,0,3.334,
4123.3,heavy,3102,1,1.497,
4126.7,heavy,3103,0,4.611,
4130.0,heavy,3101,0,4.077,
4133.3,heavy,3102,1,1.352,
4136.7,heavy,3103,0,4.261,
4140.0,heavy,3101,1,4.264,
4143.3,heavy,3102,0,1.068,
4146.7,heavy,3103,0,3.247,
4150.0,heavy,3101,0,3.202,
4153.3,heavy,3102,1,1.310,
4156.7,heavy,3103,0,3.345,
4160.0,heavy,3101,0,2.449,
4163.3,heavy,3102,1,0.778,
4166.7,heavy,3103,0,4.892,
4170.0,heavy,3101,0,4.397,
4173.3,heavy,3102,1,1.424,
4176.7,heavy,3103,0,3.365,
4180.0,heavy,3101,0,3.155,
4183.3,heavy,3102,1,0.899,
4186.7,heavy,3103,1,4.475,
4190.0,heavy,3101,0,3.423,
4193.3,heavy,3102,0,1.348,
4196.7,heavy,3103,0,2.901,
4200.0,light-2,3102,1,2.543,
4200.0,light-5,3102,1,2.881,
4200.0,light-1,3101,1,3.107,
4200.0,light-3,3103,1,3.122,
4200.0,light-4,3101,1,3.203,
4200.0,heavy,3101,0,4.240,
4203.3,heavy,3102,1,2.446,
4206.7,heavy,3103,0,3.689,
4210.0,heavy,3103,0,3.046,
4213.3,heavy,3101,0,3.945,
4216.7,heavy,3102,1,1.350,
4220.0,heavy,3103,1,4.242,
4223.3,heavy,3101,0,2.568,
4226.7,heavy,3102,1,1.813,
4230.0,heavy,3103,0,3.951,
4233.3,heavy,3101,0,3.248,
4236.7,heavy,3102,0,1.396,
4240.0,heavy,3103,0,2.622,
4243.3,heavy,3101,1,3.251,
4246.7,heavy,3102,0,0.956,
4250.0,heavy,3103,1,4.261,
4253.3,heavy,3101,0,3.965,
4256.7,heavy,3102,0,1.124,
4260.0,heavy,3103,0,3.114,
4263.3,heavy,3101,1,4.533,
4266.7,heavy,3102,0,0.927,
4270.0,heavy,3103,1,5.194,
4273.3,heavy,3101,0,4.104,
4276.7,heavy,3102,1,1.548,
4280.0,heavy,3103,0,4.906,
4283.3,heavy,3101,0,4.561,
4286.7,heavy,3102,0,1.185,
4290.0,heavy,3103,0,4.310,
4293.3,heavy,3101,0,4.312,
4296.7,heavy,3102,1,1.373,
4300.0,light-1,3101,1,1.407,
4300.0,light-3,3103,1,1.518,
4300.0,light-2,3102,1,1.950,
4300.0,light-4,3101,1,1.968,
4300.0,light-5,3102,1,2.064,
4300.0,heavy,3103,0,2.690,
4303.3,heavy,3103,1,4.318,
4306.7,heavy,3101,0,2.948,
4310.0,heavy,3102,0,1.033,
4313.3,heavy,3103,1,4.894,
4316.7,heavy,3101,0,3.668,
4320.0,heavy,3102,1,1.176,
4323.3,heavy,3103,0,2.969,
4326.7,heavy,3101,0,3.031,
4330.0,heavy,3102,0,0.970,
4333.3,heavy,3103,1,5.642,
4336.7,heavy,3101,0,4.398,
4340.0,heavy,3102,1,1.432,
4343.3,heavy,3103,0,5.408,
4346.7,heavy,3101,0,3.663,
4350.0,heavy,3102,0,1.246,
4353.3,heavy,3103,1,4.214,
4356.7,heavy,3101,0,5.294,
4360.0,heavy,3102,1,1.392,
4363.3,heavy,3103,0,3.736,
4366.7,heavy,3101,0,4.505,
4370.0,heavy,3102,0,0.997,
4373.3,heavy,3103,1,4.251,
4376.7,heavy,3101,0,4.652,
4380.0,heavy,3102,0,1.255,
4383.3,heavy,3103,0,4.266,
4386.7,heavy,3101,1,4.909,
4390.0,heavy,3102,1,1.315,
4393.3,heavy,3103,0,3.309,
4396.7,heavy,3101,0,2.424,
4400.0,light-2,3103,1,2.622,
4400.0,light-4,3102,1,3.083,
4400.0,light-1,3102,1,5.190,
4400.0,light-5,3103,1,5.990,
4400.0,light-3,3101,1,7.276,
4400.0,heavy,3102,1,1.597,
4403.3,heavy,3103,0,4.699,
4406.7,heavy,3101,0,5.767,
4410.0,heavy,3101,0,3.236,
4413.3,heavy,3102,1,0.997,
4416.7,heavy,3103,0,3.559,
4420.0,heavy,3101,0,3.558,
4423.3,heavy,3102,1,1.196,
4426.7,heavy,3103,0,3.860,
4430.0,heavy,3101,0,4.257,
4433.3,heavy,3102,1,1.633,
4436.7,heavy,3103,0,3.882,
4440.0,heavy,3101,1,4.148,
4443.3,heavy,3102,0,1.225,
4446.7,heavy,3103,0,3.713,
4450.0,heavy,3101,0,3.615,
4453.3,heavy,3102,1,1.112,
4456.7,heavy,3103,0,3.926,
4460.0,heavy,3101,0,4.356,
4463.3,heavy,3102,1,1.318,
4466.7,heavy,3103,0,4.084,
4470.0,heavy,3101,0,3.745,
4473.3,heavy,3102,1,1.024,
4476.7,heavy,3103,0,4.053,
4480.0,heavy,3101,0,4.329,
4483.3,heavy,3102,1,1.161,
4486.7,heavy,3103,0,3.194,
4490.0,heavy,3101,1,4.215,
4493.3,heavy,3102,0,1.051,
4496.7,heavy,3103,0,4.088,
4500.0,light-1,3102,1,1.359,
4500.0,light-2,3103,1,1.477,
4500.0,light-4,3102,1,1.593,
4500.0,light-5,3103,1,1.681,
4500.0,light-3,3101,1,2.551,
4500.0,heavy,3101,0,3.820,
4503.3,heavy,3101,1,3.999,
4506.7,heavy,3102,0,1.004,
4510.0,heavy,3103,1,5.070,
4513.3,heavy,3101,0,4.018,
4516.7,heavy,3102,0,1.394,
4520.0,heavy,3103,0,2.154,
4523.3,heavy,3101,1,4.543,
4526.7,heavy,3102,1,1.339,
4530.0,heavy,3103,0,3.647,
4533.3,heavy,3101,0,2.606,
4536.7,heavy,3102,0,0.990,
4540.0,heavy,3103,0,3.627,
4543.3,heavy,3101,0,3.821,
4546.7,heavy,3102,1,1.513,
4550.0,heavy,3103,0,3.094,
4553.3,heavy,3101,1,3.322,
4556.7,heavy,3102,0,0.746,
4560.0,heavy,3103,1,4.112,
4563.3,heavy,3101,0,3.072,
4566.7,heavy,3102,0,1.218,
4570.0,heavy,3103,0,3.222,
4573.3,heavy,3101,1,3.767,
4576.7,heavy,3102,0,1.186,
4580.0,heavy,3103,1,3.890,
4583.3,heavy,3101,0,6.209,
4586.7,heavy,3102,1,1.278,
4590.0,heavy,3103,0,3.758,
4593.3,heavy,3101,0,5.429,
4596.7,heavy,3102,0,0.989,
4600.0,light-3,3102,1,1.317,
4600.0,light-1,3103,1,2.336,
4600.0,light-2,3101,1,2.609,
4600.0,light-4,3103,1,2.693,
4600.0,light-5,3101,1,3.202,
4600.0,heavy,3103,0,3.948,
4603.3,heavy,3101,0,3.938,
4606.7,heavy,3102,1,1.231,
4610.0,heavy,3102,0,0.812,
4613.3,heavy,3103,1,4.410,
4616.7,heavy,3101,0,5.541,
4620.0,heavy,3102,1,1.823,
4623.3,heavy,3103,0,5.077,
4626.7,heavy,3101,0,5.646,
4630.0,heavy,3102,0,1.545,
4633.3,heavy,3103,1,3.801,
4636.7,heavy,3101,0,3.098,
4640.0,heavy,3102,0,1.080,
4643.3,heavy,3103,0,4.638,
4646.7,heavy,3101,0,3.690,
4650.0,heavy,3102,1,1.200,
4653.3,heavy,3103,0,4.263,
4656.7,heavy,3101,0,3.950,
4660.0,heavy,3102,1,1.629,
4663.3,heavy,3103,1,2.992,
4666.7,heavy,3101,0,3.580,
4670.0,heavy,3102,1,1.232,
4673.3,heavy,3103,0,3.813,
4676.7,heavy,3101,0,3.106,
4680.0,heavy,3102,0,1.097,
4683.3,heavy,3103,1,4.605,
4686.7,heavy,3101,0,3.262,
4690.0,heavy,3102,0,1.225,
4693.3,heavy,3103,1,7.849,
4696.7,heavy,3101,0,6.535,
4700.0,light-3,3103,1,2.702,
4700.0,light-1,3101,1,3.007,
4700.0,light-2,3102,1,6.977,
4700.0,light-4,3101,1,7.740,
4700.0,light-5,3102,1,7.808,
4700.0,heavy,3102,1,1.353,
4703.3,heavy,3103,0,7.628,
4706.7,heavy,3103,0,6.905,
4710.0,heavy,3101,0,3.638,
4713.3,heavy,3102,0,1.532,
4716.7,heavy,3103,1,2.084,
4720.0,heavy,3101,1,4.522,
4723.3,heavy,3102,0,0.965,
4726.7,heavy,3103,0,3.505,
4730.0,heavy,3101,0,3.664,
4733.3,heavy,3102,1,0.982,
4736.7,heavy,3103,0,3.821,
4740.0,heavy,3101,0,3.332,
4743.3,heavy,3102,1,1.122,
4746.7,heavy,3103,0,3.947,
4750.0,heavy,3101,1,4.219,
4753.3,heavy,3102,0,1.328,
4756.7,heavy,3103,0,3.899,
4760.0,heavy,3101,1,4.661,
4763.3,heavy,3102,0,1.179,
4766.7,heavy,3103,0,3.359,
4770.0,heavy,3101,0,3.329,
4773.3,heavy,3102,1,1.120,
4776.7,heavy,3103,0,3.869,
4780.0,heavy,3101,0,3.135,
4783.3,heavy,3102,1,1.275,
4786.7,heavy,3103,0,2.471,
4790.0,heavy,3101,0,3.132,
4793.3,heavy,3102,1,0.765,
4796.7,heavy,3103,1,5.637,
4800.0,light-1,3102,1,1.832,
4800.0,light-4,3102,1,2.315,
4800.0,light-2,3103,1,3.065,
4800.0,light-3,3101,1,3.369,
4800.0,light-5,3103,1,3.460,
4800.0,heavy,3101,0,4.787,
4803.3,heavy,3102,1,1.745,
4806.7,heavy,3103,0,5.388,
4810.0,heavy,3101,0,4.861,
4813.3,heavy,3101,0,3.099,
4816.7,heavy,3102,1,1.596,
4820.0,heavy,3103,0,3.746,
4823.3,heavy,3101,0,4.132,
4826.7,heavy,3102,0,1.001,
4830.0,heavy,3103,0,3.546,
4833.3,heavy,3101,1,4.718,
4836.7,heavy,3102,0,1.052,
4840.0,heavy,3103,0,3.409,
4843.3,heavy,3101,1,3.789,
4846.7,heavy,3102,0,1.061,
4850.0,heavy,3103,0,3.963,
4853.3,heavy,3101,1,4.634,
4856.7,heavy,3102,0,1.329,
4860.0,heavy,3103,0,9.199,
4863.3,heavy,3101,1,4.081,
4866.7,heavy,3102,1,1.293,
4870.0,heavy,3103,0,9.388,
4873.3,heavy,3101,0,4.020,
4876.7,heavy,3102,0,0.745,
4880.0,heavy,3103,1,6.080,
4883.3,heavy,3101,0,9.885,
4886.7,heavy,3102,0,1.018,
4890.0,heavy,3103,0,5.398,
4893.3,heavy,3101,0,3.018,
4896.7,heavy,3102,1,1.109,
4900.0,light-1,3101,1,1.408,
4900.0,light-2,3102,1,1.556,
4900.0,light-5,3102,1,1.539,
4900.0,light-4,3101,1,1.748,
4900.0,light-3,3103,1,4.250,
4900.0,heavy,3103,1,7.030,
4903.3,heavy,3103,0,5.491,
4906.7,heavy,3101,0,2.976,
4910.0,heavy,3102,0,1.222,
4913.3,heavy,3103,0,4.424,
4916.7,heavy,3101,1,3.611,
4920.0,heavy,3102,1,0.743,
4923.3,heavy,3103,0,3.940,
4926.7,heavy,3101,0,3.118,
4930.0,heavy,3102,1,1.182,
4933.3,heavy,3103,0,3.680,
4936.7,heavy,3101,0,2.912,
4940.0,heavy,3102,0,1.341,
4943.3,heavy,3103,0,3.674,
4946.7,heavy,3101,0,4.063,
4950.0,heavy,3102,1,1.256,
4953.3,heavy,3103,1,4.582,
4956.7,heavy,3101,0,3.270,
4960.0,heavy,3102,0,1.292,
4963.3,heavy,3103,1,3.559,
4966.7,heavy,3101,0,2.989,
4970.0,heavy,3102,1,1.404,
4973.3,heavy,3103,0,3.547,
4976.7,heavy,3101,0,3.265,
4980.0,heavy,3102,0,1.173,
4983.3,heavy,3103,0,4.041,
4986.7,heavy,3101,1,5.107,
4990.0,heavy,3102,1,1.570,
4993.3,heavy,3103,0,5.208,
4996.7,heavy,3101,0,5.327,
5000.0,heavy,3102,0,1.844,
5000.0,light-5,3101,1,3.080,
5000.0,light-3,3102,1,5.615,
5000.0,light-1,3103,1,6.329,
5000.0,light-2,3101,1,6.417,
5000.0,light-4,3103,1,6.449,
5003.3,heavy,3102,1,1.292,
5006.7,heavy,3103,0,3.841,
5010.0,heavy,3101,0,3.724,
5013.3,heavy,3102,1,1.196,
5016.7,heavy,3103,0,3.448,
5020.0,heavy,3101,0,2.932,
5023.3,heavy,3102,1,1.316,
5026.7,heavy,3103,0,3.265,
5030.0,heavy,3101,0,1.840,
5033.3,heavy,3102,1,1.401,
5036.7,heavy,3103,0,4.339,
5040.0,heavy,3101,0,3.629,
5043.3,heavy,3102,1,1.328,
5046.7,heavy,3103,0,2.711,
5050.0,heavy,3101,0,2.404,
5053.3,heavy,3102,1,0.955,
5056.7,heavy,3103,0,3.907,
5060.0,heavy,3101,0,3.048,
5063.3,heavy,3102,1,1.019,
5066.7,heavy,3103,0,3.661,
5070.0,heavy,3101,0,2.697,
5073.3,heavy,3102,1,1.043,
5076.7,heavy,3103,0,2.956,
5080.0,heavy,3101,1,3.619,
5083.3,heavy,3102,0,0.969,
5086.7,heavy,3103,1,4.543,
5090.0,heavy,3101,0,3.017,
5093.3,heavy,3102,0,0.995,
5096.7,heavy,3103,0,4.328,
5100.0,heavy,3101,0,4.477,
5100.0,light-2,3102,1,1.697,
5100.0,light-5,3102,1,1.973,
5100.0,light-1,3101,1,2.686,
5100.0,light-3,3103,1,2.777,
5100.0,light-4,3101,1,2.890,
5103.3,heavy,3102,1,1.560,
5106.7,heavy,3103,0,4.108,
5110.0,heavy,3103,0,3.796,
5113.3,heavy,3101,1,4.018,
5116.7,heavy,3102,0,1.035,
5120.0,heavy,3103,1,4.048,
5123.3,heavy,3101,0,3.221,
5126.7,heavy,3102,0,1.051,
5130.0,heavy,3103,0,4.564,
5133.3,heavy,3101,1,4.017,
5136.7,heavy,3102,0,1.064,
5140.0,heavy,3103,1,5.221,
5143.3,heavy,3101,0,4.183,
5146.7,heavy,3102,1,1.329,
5150.0,heavy,3103,0,5.034,
5153.3,heavy,3101,0,4.841,
5156.7,heavy,3102,0,1.856,
5160.0,heavy,3103,0,4.499,
5163.3,heavy,3101,0,3.201,
5166.7,heavy,3102,1,1.304,
5170.0,heavy,3103,0,3.291,
5173.3,heavy,3101,1,3.756,
5176.7,heavy,3102,0,1.065,
5180.0,heavy,3103,1,3.907,
5183.3,heavy,3101,0,3.103,
5186.7,heavy,3102,0,1.138,
5190.0,heavy,3103,0,3.195,
5193.3,heavy,3101,0,3.306,
5196.7,heavy,3102,1,1.239,
5200.0,heavy,3103,0,2.737,
5200.0,light-2,3102,1,0.956,
5200.0,light-5,3102,1,1.138,
5200.0,light-1,3101,1,1.408,
5200.0,light-3,3103,1,1.397,
5200.0,light-4,3101,1,1.615,
5203.3,heavy,3103,1,3.916,
5206.7,heavy,3101,0,3.323,
5210.0,heavy,3102,1,1.291,
5213.3,heavy,3103,0,3.617,
5216.7,heavy,3101,0,2.103,
5220.0,heavy,3102,1,1.403,
5223.3,heavy,3103,1,4.358,
5226.7,heavy,3101,0,3.143,
5230.0,heavy,3102,0,1.347,
5233.3,heavy,3103,0,3.350,
5236.7,heavy,3101,0,3.169,
5240.0,heavy,3102,0,1.420,
5243.3,heavy,3103,0,3.143,
5246.7,heavy,3101,1,3.270,
5250.0,heavy,3102,0,0.837,
5253.3,heavy,3103,1,3.466,
5256.7,heavy,3101,0,2.971,
5260.0,heavy,3102,1,1.516,
5263.3,heavy,3103,0,2.159,
5266.7,heavy,3101,0,2.935,
5270.0,heavy,3102,1,1.454,
5273.3,heavy,3103,0,3.122,
5276.7,heavy,3101,0,2.956,
5280.0,heavy,3102,0,0.641,
5283.3,heavy,3103,1,3.780,
5286.7,heavy,3101,0,3.253,
5290.0,heavy,3102,1,1.184,
5293.3,heavy,3103,0,3.099,
5296.7,heavy,3101,0,4.098,
5300.0,heavy,3102,1,1.465,
5300.0,light-1,3102,1,1.562,
5300.0,light-4,3102,1,1.928,
5300.0,light-2,3103,1,2.340,
5300.0,light-3,3101,1,2.479,
5300.0,light-5,3103,1,2.581,
5303.3,heavy,3103,0,4.243,
5306.7,heavy,3101,0,3.900,
5310.0,heavy,3101,0,2.409,
5313.3,heavy,3102,1,1.267,
5316.7,heavy,3103,0,3.100,
5320.0,heavy,3101,0,2.544,
5323.3,heavy,3102,1,1.105,
5326.7,heavy,3103,0,2.700,
5330.0,heavy,3101,0,2.749,
5333.3,heavy,3102,1,1.001,
5336.7,heavy,3103,0,3.818,
5340.0,heavy,3101,0,2.306,
5343.3,heavy,3102,1,1.007,
5346.7,heavy,3103,0,3.247,
5350.0,heavy,3101,0,4.061,
5353.3,heavy,3102,1,1.504,
5356.7,heavy,3103,0,4.698,
5360.0,heavy,3101,0,2.779,
5363.3,heavy,3102,1,1.044,
5366.7,heavy,3103,0,4.446,
5370.0,heavy,3101,0,2.860,
5373.3,heavy,3102,1,1.445,
5376.7,heavy,3103,0,4.179,
5380.0,heavy,3101,0,3.177,
5383.3,heavy,3102,1,1.453,
5386.7,heavy,3103,0,3.362,
5390.0,heavy,3101,0,2.699,
5393.3,heavy,3102,1,1.129,
5396.7,heavy,3103,0,2.504,
5400.0,heavy,3101,0,3.302,
5400.0,light-1,3102,1,1.175,
5400.0,light-2,3103,1,1.374,
5400.0,light-4,3102,1,1.444,
5400.0,light-5,3103,1,1.568,
5400.0,light-3,3101,1,2.089,
5403.3,heavy,3101,1,3.569,
5406.7,heavy,3102,0,0.790,
5410.0,heavy,3103,0,3.216,
5413.3,heavy,3101,1,4.237,
5416.7,heavy,3102,0,0.929,
5420.0,heavy,3103,0,3.644,
5423.3,heavy,3101,1,3.931,
5426.7,heavy,3102,0,0.786,
5430.0,heavy,3103,0,3.652,
5433.3,heavy,3101,0,4.048,
5436.7,heavy,3102,1,1.469,
5440.0,heavy,3103,0,3.747,
5443.3,heavy,3101,1,3.547,
5446.7,heavy,3102,0,0.880,
5450.0,heavy,3103,0,4.005,
5453.3,heavy,3101,1,4.534,
5456.7,heavy,3102,0,0.958,
5460.0,heavy,3103,0,3.088,
5463.3,heavy,3101,0,3.123,
5466.7,heavy,3102,1,1.142,
5470.0,heavy,3103,0,3.324,
5473.3,heavy,3101,1,3.817,
5476.7,heavy,3102,0,0.879,
5480.0,heavy,3103,0,5.069,
5483.3,heavy,3101,1,4.588,
5486.7,heavy,3102,0,0.994,
5490.0,heavy,3103,0,2.660,
5493.3,heavy,3101,1,3.421,
5496.7,heavy,3102,0,1.091,
5500.0,heavy,3103,1,5.975,
5500.0,light-1,3101,1,2.302,
5500.0,light-2,3102,1,2.429,
5500.0,light-5,3102,1,2.460,
5500.0,light-4,3101,1,2.632,
5500.0,light-3,3103,1,3.567,
5503.3,heavy,3103,0,4.748,
5506.7,heavy,3101,0,3.226,
5510.0,heavy,3102,0,1.128,
5513.3,heavy,3103,1,4.150,
5516.7,heavy,3101,0,3.432,
5520.0,heavy,3102,0,0.926,
5523.3,heavy,3103,0,3.864,
5526.7,heavy,3101,1,3.993,
5530.0,heavy,3102,1,1.585,
5533.3,heavy,3103,0,2.139,
5536.7,heavy,3101,0,3.250,
5540.0,heavy,3102,1,1.340,
5543.3,heavy,3103,0,3.683,
5546.7,heavy,3101,0,3.005,
5550.0,heavy,3102,0,1.283,
5553.3,heavy,3103,0,3.887,
5556.7,heavy,3101,1,4.469,
5560.0,heavy,3102,1,1.304,
5563.3,heavy,3103,0,4.124,
5566.7,heavy,3101,0,1.805,
5570.0,heavy,3102,1,1.889,
5573.3,heavy,3103,0,3.412,
5576.7,heavy,3101,0,3.039,
5580.0,heavy,3102,0,1.155,
5583.3,heavy,3103,0,3.858,
5586.7,heavy,3101,1,3.184,
5590.0,heavy,3102,1,1.184,
5593.3,heavy,3103,0,4.081,
5596.7,heavy,3101,0,2.611,
5600.0,heavy,3102,1,2.909,
5600.0,light-2,3103,1,3.087,
5600.0,light-4,3102,1,3.511,
5600.0,light-1,3102,1,5.627,
5600.0,light-3,3101,1,6.432,
5600.0,light-5,3103,1,7.173,
5603.3,heavy,3103,1,5.981,
5606.7,heavy,3101,0,6.046,
5610.0,heavy,3101,0,3.542,
5613.3,heavy,3102,0,1.283,
5616.7,heavy,3103,0,3.286,
5620.0,heavy,3101,0,3.454,
5623.3,heavy,3102,1,1.436,
5626.7,heavy,3103,0,5.583,
5630.0,heavy,3101,0,4.563,
5633.3,heavy,3102,1,2.048,
5636.7,heavy,3103,0,5.170,
5640.0,heavy,3101,0,4.882,
5643.3,heavy,3102,1,1.528,
5646.7,heavy,3103,0,3.421,
5650.0,heavy,3101,0,2.998,
5653.3,heavy,3102,1,1.344,
5656.7,heavy,3103,0,2.846,
5660.0,heavy,3101,0,2.750,
5663.3,heavy,3102,1,1.427,
5666.7,heavy,3103,0,2.707,
5670.0,heavy,3101,0,2.739,
5673.3,heavy,3102,1,1.277,
5676.7,heavy,3103,0,3.620,
5680.0,heavy,3101,0,2.970,
5683.3,heavy,3102,1,1.248,
5686.7,heavy,3103,0,3.412,
5690.0,heavy,3101,0,1.868,
5693.3,heavy,3102,1,1.568,
5696.7,heavy,3103,0,3.490,
5700.0,heavy,3101,0,3.290,
5700.0,light-3,3102,1,1.528,
5700.0,light-2,3101,1,2.107,
5700.0,light-1,3103,1,2.440,
5700.0,light-5,3101,1,2.399,
5700.0,light-4,3103,1,2.593,
5703.3,heavy,3102,1,1.376,
5706.7,heavy,3102,0,0.864,
5710.0,heavy,3103,0,3.613,
5713.3,heavy,3101,0,3.089,
5716.7,heavy,3102,1,1.219,
5720.0,heavy,3103,0,2.838,
5723.3,heavy,3101,1,3.600,
5726.7,heavy,3102,0,0.921,
5730.0,heavy,3103,0,4.323,
5733.3,heavy,3101,1,4.673,
5736.7,heavy,3102,0,1.497,
5740.0,heavy,3103,0,3.387,
5743.3,heavy,3101,1,3.785,
5746.7,heavy,3102,0,1.200,
5750.0,heavy,3103,0,3.208,
5753.3,heavy,3101,1,3.862,
5756.7,heavy,3102,0,1.117,
5760.0,heavy,3103,0,4.001,
5763.3,heavy,3101,1,4.393,
5766.7,heavy,3102,0,1.126,
5770.0,heavy,3103,0,2.922,
5773.3,heavy,3101,1,3.936,
5776.7,heavy,3102,0,0.987,
5780.0,heavy,3103,0,3.852,
5783.3,heavy,3101,0,3.794,
5786.7,heavy,3102,1,1.316,
5790.0,heavy,3103,0,2.492,
5793.3,heavy,3101,1,5.150,
5796.7,heavy,3102,1,1.656,
5800.0,heavy,3103,0,4.122,
5800.0,light-1,3102,1,1.933,
5800.0,light-4,3102,1,1.955,
5800.0,light-2,3103,1,2.772,
5800.0,light-3,3101,1,2.896,
5800.0,light-5,3103,1,3.332,
5803.3,heavy,3101,0,4.886,
5806.7,heavy,3101,0,3.066,
5810.0,heavy,3102,0,1.010,
5813.3,heavy,3103,0,3.260,
5816.7,heavy,3101,0,3.132,
5820.0,heavy,3102,1,1.512,
5823.3,heavy,3103,1,4.743,
5826.7,heavy,3101,0,3.893,
5830.0,heavy,3102,1,1.295,
5833.3,heavy,3103,0,4.514,
5836.7,heavy,3101,0,2.915,
5840.0,heavy,3102,0,1.236,
5843.3,heavy,3103,0,4.169,
5846.7,heavy,3101,0,3.185,
5850.0,heavy,3102,1,1.073,
5853.3,heavy,3103,1,3.768,
5856.7,heavy,3101,0,3.339,
5860.0,heavy,3102,0,1.011,
5863.3,heavy,3103,1,3.692,
5866.7,heavy,3101,0,3.025,
5870.0,heavy,3102,0,1.169,
5873.3,heavy,3103,1,3.977,
5876.7,heavy,3101,0,3.327,
5880.0,heavy,3102,0,1.013,
5883.3,heavy,3103,1,4.012,
5886.7,heavy,3101,0,8.433,
5890.0,heavy,3102,1,1.391,
5893.3,heavy,3103,0,4.715,
5896.7,heavy,3101,0,8.763,
5900.0,heavy,3102,0,1.218,
5900.0,light-3,3102,1,1.088,
5900.0,light-1,3103,1,1.387,
5900.0,light-4,3103,1,1.313,
5900.0,light-2,3101,1,5.068,
5900.0,light-5,3101,1,5.065,
5903.3,heavy,3102,1,0.853,
5906.7,heavy,3103,0,4.207,
5910.0,heavy,3101,1,4.793,
5913.3,heavy,3102,0,1.086,
5916.7,heavy,3103,0,3.045,
5920.0,heavy,3101,0,2.961,
5923.3,heavy,3102,1,0.833,
5926.7,heavy,3103,0,2.979,
5930.0,heavy,3101,1,4.413,
5933.3,heavy,3102,0,1.411,
5936.7,heavy,3103,0,2.983,
5940.0,heavy,3101,0,3.150,
5943.3,heavy,3102,1,1.003,
5946.7,heavy,3103,0,4.552,
5950.0,heavy,3101,0,3.519,
5953.3,heavy,3102,1,1.613,
5956.7,heavy,3103,0,4.425,
5960.0,heavy,3101,0,2.733,
5963.3,heavy,3102,1,0.996,
5966.7,heavy,3103,0,5.294,
5970.0,heavy,3101,0,6.118,
5973.3,heavy,3102,1,1.812,
5976.7,heavy,3103,0,3.815,
5980.0,heavy,3101,0,4.623,
5983.3,heavy,3102,1,1.385,
5986.7,heavy,3103,0,4.038,
5990.0,heavy,3101,0,4.365,
5993.3,heavy,3102,1,1.615,
5996.7,heavy,3103,0,3.852,
6000.0,heavy,3101,1,5.588,
6000.0,light-1,3102,1,1.707,
6000.0,light-2,3103,1,1.824,
6000.0,light-4,3102,1,1.845,
6000.0,light-5,3103,1,1.829,
6000.0,light-3,3101,1,3.094,
6003.3,heavy,3101,0,3.425,
6006.7,heavy,3102,1,1.751,
6010.0,heavy,3103,0,3.763,
6013.3,heavy,3101,0,4.323,
6016.7,heavy,3102,0,1.597,
6020.0,heavy,3103,0,3.978,
6023.3,heavy,3101,1,4.932,
6026.7,heavy,3102,0,0.990,
6030.0,heavy,3103,0,3.792,
6033.3,heavy,3101,1,4.216,
6036.7,heavy,3102,0,0.983,
6040.0,heavy,3103,0,3.705,
6043.3,heavy,3101,1,4.055,
6046.7,heavy,3102,0,1.258,
6050.0,heavy,3103,0,4.090,
6053.3,heavy,3101,1,4.715,
6056.7,heavy,3102,1,1.289,
6060.0,heavy,3103,0,4.317,
6063.3,heavy,3101,0,3.517,
6066.7,heavy,3102,0,1.221,
6070.0,heavy,3103,0,4.120,
6073.3,heavy,3101,0,3.337,
6076.7,heavy,3102,1,1.496,
6080.0,heavy,3103,0,2.973,
6083.3,heavy,3101,1,4.406,
6086.7,heavy,3102,0,0.981,
6090.0,heavy,3103,0,4.272,
6093.3,heavy,3101,1,4.515,
6096.7,heavy,3102,0,1.275,
6100.0,heavy,3103,0,6.697,
6100.0,light-5,3101,1,3.525,
6100.0,light-2,3101,1,6.086,
6100.0,light-3,3102,1,6.403,
6100.0,light-1,3103,1,6.785,
6100.0,light-4,3103,1,7.659,
6103.3,heavy,3101,0,5.297,
6106.7,heavy,3102,1,1.346,
6110.0,heavy,3102,0,2.107,
6113.3,heavy,3103,1,5.456,
6116.7,heavy,3101,0,3.292,
6120.0,heavy,3102,1,0.896,
6123.3,heavy,3103,0,3.564,
6126.7,heavy,3101,0,2.999,
6130.0,heavy,3102,1,1.381,
6133.3,heavy,3103,0,3.320,
6136.7,heavy,3101,0,3.047,
6140.0,heavy,3102,0,1.026,
6143.3,heavy,3103,1,5.262,
6146.7,heavy,3101,0,4.285,
6150.0,heavy,3102,1,1.279,
6153.3,heavy,3103,0,4.931,
6156.7,heavy,3101,0,3.449,
6160.0,heavy,3102,0,0.833,
6163.3,heavy,3103,0,3.769,
6166.7,heavy,3101,0,3.966,
6170.0,heavy,3102,1,1.354,
6173.3,heavy,3103,1,3.487,
6176.7,heavy,3101,0,2.876,
6180.0,heavy,3102,0,1.013,
6183.3,heavy,3103,1,3.703,
6186.7,heavy,3101,0,3.115,
6190.0,heavy,3102,0,0.880,
6193.3,heavy,3103,1,3.692,
6196.7,heavy,3101,0,3.024,
6200.0,heavy,3102,0,1.250,
6200.0,light-2,3101,1,1.321,
6200.0,light-1,3103,1,1.520,
6200.0,light-3,3102,1,1.564,
6200.0,light-5,3101,1,1.578,
6200.0,light-4,3103,1,1.728,
6203.3,heavy,3102,1,1.522,
6206.7,heavy,3103,0,3.200,
6210.0,heavy,3101,0,3.784,
6213.3,heavy,3102,1,1.625,
6216.7,heavy,3103,0,3.530,
6220.0,heavy,3101,0,2.999,
6223.3,heavy,3102,1,1.097,
6226.7,heavy,3103,0,4.298,
6230.0,heavy,3101,1,4.710,
6233.3,heavy,3102,0,1.547,
6236.7,heavy,3103,0,3.001,
6240.0,heavy,3101,0,2.551,
6243.3,heavy,3102,1,0.743,
6246.7,heavy,3103,0,3.069,
6250.0,heavy,3101,0,2.751,
6253.3,heavy,3102,1,0.778,
6256.7,heavy,3103,0,3.229,
6260.0,heavy,3101,0,3.446,
6263.3,heavy,3102,1,1.474,
6266.7,heavy,3103,0,2.550,
6270.0,heavy,3101,0,3.583,
6273.3,heavy,3102,1,1.398,
6276.7,heavy,3103,0,3.871,
6280.0,heavy,3101,0,2.180,
6283.3,heavy,3102,1,1.513,
6286.7,heavy,3103,0,3.580,
6290.0,heavy,3101,0,2.958,
6293.3,heavy,3102,1,1.418,
6296.7,heavy,3103,0,3.142,
6300.0,heavy,3101,0,3.517,
6300.0,light-1,3102,1,1.320,
6300.0,light-2,3103,1,1.485,
6300.0,light-4,3102,1,1.501,
6300.0,light-5,3103,1,1.598,
6300.0,light-3,3101,1,2.478,
6303.3,heavy,3101,1,3.439,
6306.7,heavy,3102,0,0.896,
6310.0,heavy,3103,0,3.972,
6313.3,heavy,3101,1,3.994,
6316.7,heavy,3102,1,1.643,
6320.0,heavy,3103,0,3.700,
6323.3,heavy,3101,0,3.955,
6326.7,heavy,3102,0,1.641,
6330.0,heavy,3103,0,3.278,
6333.3,heavy,3101,1,3.678,
6336.7,heavy,3102,1,1.167,
6340.0,heavy,3103,0,3.431,
6343.3,heavy,3101,0,2.178,
6346.7,heavy,3102,0,1.122,
6350.0,heavy,3103,0,3.523,
6353.3,heavy,3101,1,3.883,
6356.7,heavy,3102,0,0.761,
6360.0,heavy,3103,0,3.384,
6363.3,heavy,3101,1,3.519,
6366.7,heavy,3102,0,0.862,
6370.0,heavy,3103,1,3.535,
6373.3,heavy,3101,0,3.088,
6376.7,heavy,3102,0,1.169,
6380.0,heavy,3103,0,3.607,
6383.3,heavy,3101,0,3.920,
6386.7,heavy,3102,1,1.235,
6390.0,heavy,3103,1,4.176,
6393.3,heavy,3101,0,3.094,
6396.7,heavy,3102,0,1.083,
6400.0,heavy,3103,1,6.265,
6400.0,light-1,3101,1,1.396,
6400.0,light-3,3103,1,2.475,
6400.0,light-4,3101,1,5.404,
6400.0,light-2,3102,1,5.901,
6400.0,light-5,3102,1,6.438,
6403.3,heavy,3103,0,2.185,
6406.7,heavy,3101,0,2.587,
6410.0,heavy,3102,1,1.446,
6413.3,heavy,3103,0,3.333,
6416.7,heavy,3101,0,3.470,
6420.0,heavy,3102,0,0.988,
6423.3,heavy,3103,1,4.977,
6426.7,heavy,3101,0,3.989,
6430.0,heavy,3102,1,1.431,
6433.3,heavy,3103,0,4.629,
6436.7,heavy,3101,0,3.178,
6440.0,heavy,3102,0,1.191,
6443.3,heavy,3103,0,4.264,
6446.7,heavy,3101,0,3.436,
6450.0,heavy,3102,1,1.204,
6453.3,heavy,3103,1,3.188,
6456.7,heavy,3101,0,2.683,
6460.0,heavy,3102,0,0.854,
6463.3,heavy,3103,1,4.173,
6466.7,heavy,3101,0,2.931,
6470.0,heavy,3102,0,0.954,
6473.3,heavy,3103,1,4.076,
6476.7,heavy,3101,0,3.110,
6480.0,heavy,3102,0,1.137,
6483.3,heavy,3103,1,4.318,
6486.7,heavy,3101,0,3.827,
6490.0,heavy,3102,1,1.563,
6493.3,heavy,3103,0,4.128,
6496.7,heavy,3101,0,3.975,
6500.0,heavy,3102,0,1.561,
6500.0,light-2,3101,1,1.062,
6500.0,light-3,3102,1,1.448,
6500.0,light-5,3101,1,1.534,
6500.0,light-1,3103,1,2.726,
6500.0,light-4,3103,1,2.960,
6503.3,heavy,3102,1,0.976,
6506.7,heavy,3103,0,3.324,
6510.0,heavy,3101,0,3.326,
6513.3,heavy,3102,1,1.326,
6516.7,heavy,3103,0,2.501,
6520.0,heavy,3101,0,3.053,
6523.3,heavy,3102,1,1.393,
6526.7,heavy,3103,0,3.020,
6530.0,heavy,3101,0,2.735,
6533.3,heavy,3102,1,0.894,
6536.7,heavy,3103,0,3.361,
6540.0,heavy,3101,0,3.561,
6543.3,heavy,3102,1,1.287,
6546.7,heavy,3103,0,2.824,
6550.0,heavy,3101,0,3.121,
6553.3,heavy,3102,1,1.102,
6556.7,heavy,3103,0,3.644,
6560.0,heavy,3101,0,2.868,
6563.3,heavy,3102,1,0.904,
6566.7,heavy,3103,0,2.866,
6570.0,heavy,3101,0,2.976,
6573.3,heavy,3102,1,0.971,
6576.7,heavy,3103,0,1.759,
6580.0,heavy,3101,1,4.253,
6583.3,heavy,3102,1,1.668,
6586.7,heavy,3103,0,4.298,
6590.0,heavy,3101,0,4.129,
6593.3,heavy,3102,0,1.302,
6596.7,heavy,3103,0,4.443,
6600.0,heavy,3101,0,3.931,
6600.0,light-2,3102,1,2.004,
6600.0,light-5,3102,1,2.366,
6600.0,light-1,3101,1,2.703,
6600.0,light-3,3103,1,2.694,
6600.0,light-4,3101,1,2.768,
6603.3,heavy,3102,1,1.994,
6606.7,heavy,3103,0,4.156,
6610.0,heavy,3103,0,4.470,
6613.3,heavy,3101,1,3.761,
6616.7,heavy,3102,0,0.913,
6620.0,heavy,3103,1,4.294,
6623.3,heavy,3101,0,3.146,
6626.7,heavy,3102,0,1.490,
6630.0,heavy,3103,0,3.768,
6633.3,heavy,3101,0,2.923,
6636.7,heavy,3102,1,1.212,
6640.0,heavy,3103,1,3.941,
6643.3,heavy,3101,0,2.953,
6646.7,heavy,3102,0,1.101,
6650.0,heavy,3103,0,3.448,
6653.3,heavy,3101,1,4.016,
6656.7,heavy,3102,0,0.906,
6660.0,heavy,3103,0,3.623,
6663.3,heavy,3101,0,3.093,
6666.7,heavy,3102,1,1.460,
6670.0,heavy,3103,0,2.716,
6673.3,heavy,3101,1,3.393,
6676.7,heavy,3102,0,0.992,
6680.0,heavy,3103,1,4.742,
6683.3,heavy,3101,0,3.692,
6686.7,heavy,3102,0,0.936,
6690.0,heavy,3103,0,3.498,
6693.3,heavy,3101,0,3.094,
6696.7,heavy,3102,1,1.476,
6700.0,heavy,3103,0,2.830,
6700.0,light-2,3102,1,1.084,
6700.0,light-5,3102,1,1.081,
6700.0,light-1,3101,1,1.410,
6700.0,light-3,3103,1,1.559,
6700.0,light-4,3101,1,1.650,
6703.3,heavy,3103,1,3.807,
6706.7,heavy,3101,0,3.259,
6710.0,heavy,3102,0,1.325,
6713.3,heavy,3103,1,4.191,
6716.7,heavy,3101,0,3.187,
6720.0,heavy,3102,0,0.800,
6723.3,heavy,3103,0,3.745,
6726.7,heavy,3101,0,3.051,
6730.0,heavy,3102,1,1.171,
6733.3,heavy,3103,1,3.503,
6736.7,heavy,3101,0,3.367,
6740.0,heavy,3102,0,1.376,
6743.3,heavy,3103,1,4.682,
6746.7,heavy,3101,0,3.244,
6750.0,heavy,3102,0,0.988,
6753.3,heavy,3103,1,4.246,
6756.7,heavy,3101,0,3.293,
6760.0,heavy,3102,0,1.153,
6763.3,heavy,3103,0,4.051,
6766.7,heavy,3101,1,4.389,
6770.0,heavy,3102,1,1.446,
6773.3,heavy,3103,0,4.085,
6776.7,heavy,3101,0,4.299,
6780.0,heavy,3102,0,0.902,
6783.3,heavy,3103,0,4.325,
6786.7,heavy,3101,1,6.804,
6790.0,heavy,3102,1,1.264,
6793.3,heavy,3103,0,6.493,
6796.7,heavy,3101,0,6.752,
6800.0,heavy,3102,1,2.915,
6800.0,light-2,3101,1,2.291,
6800.0,light-1,3103,1,2.962,
6800.0,light-3,3102,1,2.729,
6800.0,light-4,3103,1,2.779,
6800.0,light-5,3101,1,2.651,
6803.3,heavy,3102,0,0.923,
6806.7,heavy,3103,0,3.720,
6810.0,heavy,3101,1,4.203,
6813.3,heavy,3102,0,1.767,
6816.7,heavy,3103,0,3.069,
6820.0,heavy,3101,0,2.983,
6823.3,heavy,3102,1,1.588,
6826.7,heavy,3103,0,3.840,
6830.0,heavy,3101,0,3.262,
6833.3,heavy,3102,1,1.388,
6836.7,heavy,3103,0,3.793,
6840.0,heavy,3101,0,2.706,
6843.3,heavy,3102,1,0.950,
6846.7,heavy,3103,0,4.183,
6850.0,heavy,3101,1,4.647,
6853.3,heavy,3102,0,1.116,
6856.7,heavy,3103,0,3.149,
6860.0,heavy,3101,0,3.507,
6863.3,heavy,3102,1,1.177,
6866.7,heavy,3103,0,3.941,
6870.0,heavy,3101,1,4.288,
6873.3,heavy,3102,0,1.000,
6876.7,heavy,3103,0,3.469,
6880.0,heavy,3101,0,3.859,
6883.3,heavy,3102,1,1.254,
6886.7,heavy,3103,0,3.828,
6890.0,heavy,3101,0,2.988,
6893.3,heavy,3102,1,1.318,
6896.7,heavy,3103,0,3.597,
6900.0,heavy,3101,0,5.201,
6900.0,light-2,3103,1,1.111,
6900.0,light-4,3102,1,2.376,
6900.0,light-1,3102,1,5.244,
6900.0,light-5,3103,1,6.064,
6900.0,light-3,3101,1,14.270,
6903.3,heavy,3101,1,13.436,
6906.7,heavy,3102,0,0.894,
6910.0,heavy,3103,0,3.282,
6913.3,heavy,3101,1,5.141,
6916.7,heavy,3102,0,0.773,
6920.0,heavy,3103,0,2.383,
6923.3,heavy,3101,0,8.977,
6926.7,heavy,3102,1,0.890,
6930.0,heavy,3103,1,3.456,
6933.3,heavy,3101,0,4.927,
6936.7,heavy,3102,0,1.035,
6940.0,heavy,3103,0,2.590,
6943.3,heavy,3101,1,3.697,
6946.7,heavy,3102,0,0.854,
6950.0,heavy,3103,0,3.953,
6953.3,heavy,3101,0,3.041,
6956.7,heavy,3102,1,1.221,
6960.0,heavy,3103,0,3.684,
6963.3,heavy,3101,1,3.427,
6966.7,heavy,3102,0,1.062,
6970.0,heavy,3103,1,4.236,
6973.3,heavy,3101,0,3.359,
6976.7,heavy,3102,0,0.994,
6980.0,heavy,3103,0,3.069,
6983.3,heavy,3101,0,3.379,
6986.7,heavy,3102,1,1.167,
6990.0,heavy,3103,0,3.113,
6993.3,heavy,3101,1,2.744,
6996.7,heavy,3102,0,0.945,
7000.0,heavy,3103,0,3.846,
7000.0,light-1,3102,1,1.404,
7000.0,light-4,3102,1,1.780,
7000.0,light-3,3101,1,2.222,
7000.0,light-2,3103,1,2.412,
7000.0,light-5,3103,1,2.436,
7003.3,heavy,3101,1,4.088,
7006.7,heavy,3101,0,2.687,
7010.0,heavy,3102,0,1.099,
7013.3,heavy,3103,0,3.262,
7016.7,heavy,3101,1,3.290,
7020.0,heavy,3102,1,1.108,
7023.3,heavy,3103,0,1.952,
7026.7,heavy,3101,0,3.328,
7030.0,heavy,3102,1,1.329,
7033.3,heavy,3103,0,3.546,
7036.7,heavy,3101,0,3.296,
7040.0,heavy,3102,0,0.752,
7043.3,heavy,3103,1,4.146,
7046.7,heavy,3101,0,3.261,
7050.0,heavy,3102,1,1.353,
7053.3,heavy,3103,0,2.404,
7056.7,heavy,3101,0,2.786,
7060.0,heavy,3102,1,1.791,
7063.3,heavy,3103,0,3.130,
7066.7,heavy,3101,0,3.199,
7070.0,heavy,3102,0,1.335,
7073.3,heavy,3103,1,4.439,
7076.7,heavy,3101,0,3.713,
7080.0,heavy,3102,1,1.395,
7083.3,heavy,3103,0,4.170,
7086.7,heavy,3101,0,2.851,
7090.0,heavy,3102,0,1.143,
7093.3,heavy,3103,0,3.117,
7096.7,heavy,3101,1,4.004,
7100.0,heavy,3102,0,1.596,
7100.0,light-1,3103,1,1.610,
7100.0,light-3,3102,1,1.672,
7100.0,light-2,3101,1,1.868,
7100.0,light-4,3103,1,1.867,
7100.0,light-5,3101,1,2.015,
7103.3,heavy,3102,1,1.088,
7106.7,heavy,3103,0,3.074,
7110.0,heavy,3101,0,3.299,
7113.3,heavy,3102,1,1.149,
7116.7,heavy,3103,0,3.190,
7120.0,heavy,3101,0,3.575,
7123.3,heavy,3102,1,1.112,
7126.7,heavy,3103,0,3.365,
7130.0,heavy,3101,0,2.658,
7133.3,heavy,3102,1,0.887,
7136.7,heavy,3103,0,3.059,
7140.0,heavy,3101,0,2.602,
7143.3,heavy,3102,1,1.106,
7146.7,heavy,3103,0,2.797,
7150.0,heavy,3101,0,5.088,
7153.3,heavy,3102,1,1.884,
7156.7,heavy,3103,1,4.176,
7160.0,heavy,3101,0,4.796,
7163.3,heavy,3102,0,1.362,
7166.7,heavy,3103,0,3.265,
7170.0,heavy,3101,0,3.144,
7173.3,heavy,3102,1,0.891,
7176.7,heavy,3103,0,3.588,
7180.0,heavy,3101,0,2.967,
7183.3,heavy,3102,1,0.913,
7186.7,heavy,3103,0,3.541,
7190.0,heavy,3101,0,2.771,
7193.3,heavy,3102,1,1.045,
7196.7,heavy,3103,0,2.809,
7200.0,heavy,3101,0,3.520,
7200.0,light-2,3102,1,1.831,
7200.0,light-5,3102,1,1.999,
7200.0,light-1,3101,1,2.352,
7200.0,light-4,3101,1,2.368,
7200.0,light-3,3103,1,2.544,
7203.3,heavy,3102,1,1.396,
7206.7,heavy,3103,0,3.579,
7210.0,heavy,3103,0,2.845,
7213.3,heavy,3101,0,3.397,
7216.7,heavy,3102,1,1.056,
7220.0,heavy,3103,1,3.691,
7223.3,heavy,3101,0,3.472,
7226.7,heavy,3102,0,1.016,
7230.0,heavy,3103,0,3.322,
7233.3,heavy,3101,0,2.817,
7236.7,heavy,3102,1,1.129,
7240.0,heavy,3103,0,1.927,
7243.3,heavy,3101,1,3.599,
7246.7,heavy,3102,0,0.978,
7250.0,heavy,3103,0,3.524,
7253.3,heavy,3101,1,3.781,
7256.7,heavy,3102,0,0.780,
7260.0,heavy,3103,0,6.635,
7263.3,heavy,3101,0,2.973,
7266.7,heavy,3102,1,1.288,
7270.0,heavy,3103,0,6.480,
7273.3,heavy,3101,1,3.013,
7276.7,heavy,3102,0,0.869,
7280.0,heavy,3103,0,5.198,
7283.3,heavy,3101,0,4.128,
7286.7,heavy,3102,1,1.646,
7290.0,heavy,3103,0,3.176,
7293.3,heavy,3101,1,3.540,
7296.7,heavy,3102,0,1.943,
7300.0,heavy,3103,0,5.394,
7300.0,light-1,3101,1,4.808,
7300.0,light-2,3102,1,4.764,
7300.0,light-3,3103,1,5.165,
7300.0,light-4,3101,1,5.186,
7300.0,light-5,3102,1,5.214,
7303.3,heavy,3103,1,4.388,
7306.7,heavy,3101,0,2.967,
7310.0,heavy,3102,0,1.127,
7313.3,heavy,3103,1,3.364,
7316.7,heavy,3101,0,2.747,
7320.0,heavy,3102,1,1.149,
7323.3,heavy,3103,0,3.192,
7326.7,heavy,3101,0,2.226,
7330.0,heavy,3102,1,1.434,
7333.3,heavy,3103,0,3.060,
7336.7,heavy,3101,0,3.486,
7340.0,heavy,3102,0,0.924,
7343.3,heavy,3103,0,3.143,
7346.7,heavy,3101,1,3.467,
7350.0,heavy,3102,1,1.069,
7353.3,heavy,3103,0,3.197,
7356.7,heavy,3101,0,1.291,
7360.0,heavy,3102,1,1.463,
7363.3,heavy,3103,0,3.076,
7366.7,heavy,3101,0,4.529,
7370.0,heavy,3102,0,0.892,
7373.3,heavy,3103,1,3.440,
7376.7,heavy,3101,0,2.802,
7380.0,heavy,3102,0,0.977,
7383.3,heavy,3103,0,2.850,
7386.7,heavy,3101,0,3.106,
7390.0,heavy,3102,1,1.031,
7393.3,heavy,3103,1,3.602,
7396.7,heavy,3101,0,2.663,
7400.0,heavy,3102,0,1.305,
7400.0,light-5,3101,1,2.191,
7400.0,light-2,3101,1,3.961,
7400.0,light-1,3103,1,4.533,
7400.0,light-3,3102,1,4.577,
7400.0,light-4,3103,1,4.673,
7403.3,heavy,3102,1,0.864,
7406.7,heavy,3103,1,3.903,
7410.0,heavy,3101,0,3.120,
7413.3,heavy,3102,1,1.217,
7416.7,heavy,3103,0,3.661,
7420.0,heavy,3101,0,3.107,
7423.3,heavy,3102,0,1.412,
7426.7,heavy,3103,0,3.383,
7430.0,heavy,3101,0,2.658,
7433.3,heavy,3102,1,1.087,
7436.7,heavy,3103,0,3.224,
7440.0,heavy,3101,0,2.454,
7443.3,heavy,3102,1,1.428,
7446.7,heavy,3103,0,3.334,
7450.0,heavy,3101,0,3.049,
7453.3,heavy,3102,1,0.900,
7456.7,heavy,3103,0,3.810,
7460.0,heavy,3101,0,3.046,
7463.3,heavy,3102,1,1.129,
7466.7,heavy,3103,0,3.597,
7470.0,heavy,3101,0,2.687,
7473.3,heavy,3102,1,0.940,
7476.7,heavy,3103,1,4.310,
7480.0,heavy,3101,0,3.220,
7483.3,heavy,3102,0,1.124,
7486.7,heavy,3103,0,1.380,
7490.0,heavy,3101,0,3.324,
7493.3,heavy,3102,1,1.341,
7496.7,heavy,3103,0,3.541,
7500.0,heavy,3101,1,4.704,
7500.0,light-2,3103,1,1.274,
7500.0,light-1,3102,1,1.693,
7500.0,light-5,3103,1,1.598,
7500.0,light-4,3102,1,1.775,
7500.0,light-3,3101,1,3.014,
7503.3,heavy,3101,0,2.664,
7506.7,heavy,3102,0,1.080,
7510.0,heavy,3103,1,3.568,
7513.3,heavy,3101,0,2.875,
7516.7,heavy,3102,0,0.878,
7520.0,heavy,3103,0,3.272,
7523.3,heavy,3101,0,3.818,
7526.7,heavy,3102,1,1.383,
7530.0,heavy,3103,0,3.506,
7533.3,heavy,3101,1,3.088,
7536.7,heavy,3102,1,1.433,
7540.0,heavy,3103,0,3.345,
7543.3,heavy,3101,0,3.917,
7546.7,heavy,3102,0,1.308,
7550.0,heavy,3103,0,2.662,
7553.3,heavy,3101,1,4.341,
7556.7,heavy,3102,1,1.384,
7560.0,heavy,3103,0,4.352,
7563.3,heavy,3101,0,4.119,
7566.7,heavy,3102,0,1.246,
7570.0,heavy,3103,0,2.998,
7573.3,heavy,3101,1,4.277,
7576.7,heavy,3102,1,1.134,
7580.0,heavy,3103,0,3.446,
7583.3,heavy,3101,0,2.125,
7586.7,heavy,3102,0,1.118,
7590.0,heavy,3103,0,3.166,
7593.3,heavy,3101,0,3.989,
7596.7,heavy,3102,1,1.182,
7600.0,heavy,3103,1,5.496,
7600.0,light-1,3101,1,1.067,
7600.0,light-3,3103,1,2.220,
7600.0,light-4,3101,1,4.852,
7600.0,light-2,3102,1,5.159,
7600.0,light-5,3102,1,5.794,
7603.3,heavy,3103,0,3.156,
7606.7,heavy,3101,0,2.812,
7610.0,heavy,3102,1,1.202,
7613.3,heavy,3103,0,2.810,
7616.7,heavy,3101,0,2.624,
7620.0,heavy,3102,1,1.441,
7623.3,heavy,3103,0,1.761,
7626.7,heavy,3101,0,2.480,
7630.0,heavy,3102,1,1.012,
7633.3,heavy,3103,0,2.763,
7636.7,heavy,3101,0,2.577,
7640.0,heavy,3102,0,0.653,
7643.3,heavy,3103,1,3.518,
7646.7,heavy,3101,0,2.962,
7650.0,heavy,3102,1,1.263,
7653.3,heavy,3103,0,3.338,
7656.7,heavy,3101,0,1.832,
7660.0,heavy,3102,1,1.735,
7663.3,heavy,3103,0,3.757,
7666.7,heavy,3101,1,4.190,
7670.0,heavy,3102,0,1.619,
7673.3,heavy,3103,0,2.966,
7676.7,heavy,3101,0,2.994,
7680.0,heavy,3102,0,1.185,
7683.3,heavy,3103,0,3.649,
7686.7,heavy,3101,1,4.008,
7690.0,heavy,3102,0,1.032,
7693.3,heavy,3103,0,3.797,
7696.7,heavy,3101,1,3.811,
7700.0,heavy,3102,1,2.468,
7700.0,light-1,3102,1,2.516,
7700.0,light-2,3103,1,2.607,
7700.0,light-4,3102,1,2.639,
7700.0,light-3,3101,1,2.795,
7700.0,light-5,3103,1,3.096,
7703.3,heavy,3103,0,3.578,
7706.7,heavy,3101,0,3.838,
7710.0,heavy,3101,0,1.681,
7713.3,heavy,3102,1,1.204,
7716.7,heavy,3103,0,2.992,
7720.0,heavy,3101,0,3.135,
7723.3,heavy,3102,1,0.813,
7726.7,heavy,3103,0,2.855,
7730.0,heavy,3101,0,2.855,
7733.3,heavy,3102,1,1.033,
7736.7,heavy,3103,0,6.203,
7740.0,heavy,3101,0,3.134,
7743.3,heavy,3102,1,1.267,
7746.7,heavy,3103,0,6.378,
7750.0,heavy,3101,1,3.535,
7753.3,heavy,3102,0,0.868,
7756.7,heavy,3103,0,4.390,
7760.0,heavy,3101,0,2.514,
7763.3,heavy,3102,1,0.948,
7766.7,heavy,3103,0,1.804,
7770.0,heavy,3101,0,3.161,
7773.3,heavy,3102,1,1.172,
7776.7,heavy,3103,0,3.190,
7780.0,heavy,3101,0,1.922,
7783.3,heavy,3102,1,1.390,
7786.7,heavy,3103,0,3.096,
7790.0,heavy,3101,0,3.548,
7793.3,heavy,3102,1,1.306,
7796.7,heavy,3103,0,2.240,
7800.0,heavy,3101,0,3.716,
7800.0,light-2,3102,1,1.525,
7800.0,light-5,3102,1,1.669,
7800.0,light-1,3101,1,2.186,
7800.0,light-3,3103,1,2.257,
7800.0,light-4,3101,1,2.362,
7803.3,heavy,3102,1,1.499,
7806.7,heavy,3103,0,3.581,
7810.0,heavy,3103,0,2.732,
7813.3,heavy,3101,1,3.080,
7816.7,heavy,3102,1,2.280,
7820.0,heavy,3103,0,3.304,
7823.3,heavy,3101,0,3.365,
7826.7,heavy,3102,0,1.871,
7830.0,heavy,3103,1,4.684,
7833.3,heavy,3101,0,4.265,
7836.7,heavy,3102,0,1.146,
7840.0,heavy,3103,0,4.866,
7843.3,heavy,3101,0,4.483,
7846.7,heavy,3102,1,1.866,
7850.0,heavy,3103,0,3.330,
7853.3,heavy,3101,1,3.973,
7856.7,heavy,3102,0,0.793,
7860.0,heavy,3103,1,4.326,
7863.3,heavy,3101,0,3.555,
7866.7,heavy,3102,0,0.962,
7870.0,heavy,3103,0,4.100,
7873.3,heavy,3101,0,3.131,
7876.7,heavy,3102,1,1.159,
7880.0,heavy,3103,0,3.179,
7883.3,heavy,3101,1,3.860,
7886.7,heavy,3102,0,0.987,
7890.0,heavy,3103,0,4.106,
7893.3,heavy,3101,1,4.494,
7896.7,heavy,3102,0,0.982,
7900.0,heavy,3103,0,3.803,
7900.0,light-2,3102,1,1.599,
7900.0,light-5,3102,1,1.891,
7900.0,light-1,3101,1,2.398,
7900.0,light-3,3103,1,2.848,
7900.0,light-4,3101,1,2.956,
7903.3,heavy,3101,0,3.740,
7906.7,heavy,3102,1,1.513,
7910.0,heavy,3103,0,3.745,
7913.3,heavy,3103,1,4.469,
7916.7,heavy,3101,0,3.231,
7920.0,heavy,3102,0,1.226,
7923.3,heavy,3103,1,3.779,
7926.7,heavy,3101,0,3.255,
7930.0,heavy,3102,1,1.083,
7933.3,heavy,3103,0,2.910,
7936.7,heavy,3101,0,3.673,
7940.0,heavy,3102,1,2.385,
7943.3,heavy,3103,0,4.010,
7946.7,heavy,3101,0,3.816,
7950.0,heavy,3102,0,2.401,
7953.3,heavy,3103,1,3.410,
7956.7,heavy,3101,0,2.902,
7960.0,heavy,3102,0,1.038,
7963.3,heavy,3103,1,2.946,
7966.7,heavy,3101,0,2.660,
7970.0,heavy,3102,0,1.189,
7973.3,heavy,3103,1,5.080,
7976.7,heavy,3101,0,2.919,
7980.0,heavy,3102,0,2.432,
7983.3,heavy,3103,1,3.845,
7986.7,heavy,3101,0,3.577,
7990.0,heavy,3102,0,1.056,
7993.3,heavy,3103,0,5.329,
7996.7,heavy,3101,1,5.713,
8000.0,heavy,3102,1,1.210,
8000.0,light-2,3102,1,1.263,
8000.0,light-5,3102,1,1.303,
8000.0,light-1,3101,1,3.811,
8000.0,light-3,3103,1,4.256,
8000.0,light-4,3101,1,4.389,
8003.3,heavy,3103,0,5.428,
8006.7,heavy,3103,0,5.216,
8010.0,heavy,3101,0,1.783,
8013.3,heavy,3102,1,0.880,
8016.7,heavy,3103,0,3.233,
8020.0,heavy,3101,0,2.512,
8023.3,heavy,3102,1,0.703,
8026.7,heavy,3103,0,3.641,
8030.0,heavy,3101,0,3.178,
8033.3,heavy,3102,1,1.334,
8036.7,heavy,3103,0,2.109,
8040.0,heavy,3101,0,3.457,
8043.3,heavy,3102,1,1.308,
8046.7,heavy,3103,1,4.879,
8050.0,heavy,3101,0,3.719,
8053.3,heavy,3102,0,1.552,
8056.7,heavy,3103,0,3.259,
8060.0,heavy,3101,0,4.028,
8063.3,heavy,3102,1,1.189,
8066.7,heavy,3103,0,3.701,
8070.0,heavy,3101,0,2.931,
8073.3,heavy,3102,1,1.822,
8076.7,heavy,3103,1,4.144,
8080.0,heavy,3101,0,3.381,
8083.3,heavy,3102,0,0.928,
8086.7,heavy,3103,0,2.128,
8090.0,heavy,3101,0,2.662,
8093.3,heavy,3102,1,1.577,
8096.7,heavy,3103,0,4.426,
8100.0,heavy,3101,0,6.847,
8100.0,light-3,3102,1,1.728,
8100.0,light-1,3103,1,3.336,
8100.0,light-4,3103,1,3.387,
8100.0,light-2,3101,1,4.021,
8100.0,light-5,3101,1,5.402,
8103.3,heavy,3102,1,1.703,
8106.7,heavy,3102,0,0.714,
8110.0,heavy,3103,0,2.235,
8113.3,heavy,3101,0,3.098,
8116.7,heavy,3102,1,1.233,
8120.0,heavy,3103,0,3.236,
8123.3,heavy,3101,1,3.238,
8126.7,heavy,3102,0,0.880,
8130.0,heavy,3103,0,3.449,
8133.3,heavy,3101,0,2.730,
8136.7,heavy,3102,1,1.088,
8140.0,heavy,3103,0,2.567,
8143.3,heavy,3101,1,3.501,
8146.7,heavy,3102,1,1.318,
8150.0,heavy,3103,0,2.961,
8153.3,heavy,3101,0,2.036,
8156.7,heavy,3102,1,1.252,
8160.0,heavy,3103,0,3.316,
8163.3,heavy,3101,0,3.368,
8166.7,heavy,3102,0,1.829,
8170.0,heavy,3103,0,2.586,
8173.3,heavy,3101,1,4.722,
8176.7,heavy,3102,0,0.873,
8180.0,heavy,3103,1,3.043,
8183.3,heavy,3101,0,2.775,
8186.7,heavy,3102,0,0.872,
8190.0,heavy,3103,0,2.984,
8193.3,heavy,3101,0,3.830,
8196.7,heavy,3102,1,1.076,
8200.0,heavy,3103,0,2.926,
8200.0,light-1,3101,1,1.069,
8200.0,light-2,3102,1,1.127,
8200.0,light-5,3102,1,1.157,
8200.0,light-4,3101,1,1.335,
8200.0,light-3,3103,1,1.924,
8203.3,heavy,3103,1,3.569,
8206.7,heavy,3101,0,2.755,
8210.0,heavy,3102,1,1.375,
8213.3,heavy,3103,0,2.769,
8216.7,heavy,3101,0,2.689,
8220.0,heavy,3102,0,1.112,
8223.3,heavy,3103,0,4.344,
8226.7,heavy,3101,1,3.836,
8230.0,heavy,3102,1,1.114,
8233.3,heavy,3103,0,2.770,
8236.7,heavy,3101,0,3.505,
8240.0,heavy,3102,1,1.273,
8243.3,heavy,3103,0,3.474,
8246.7,heavy,3101,0,2.116,
8250.0,heavy,3102,1,1.481,
8253.3,heavy,3103,0,2.996,
8256.7,heavy,3101,0,3.351,
8260.0,heavy,3102,0,1.309,
8263.3,heavy,3103,1,3.164,
8266.7,heavy,3101,0,3.046,
8270.0,heavy,3102,0,0.955,
8273.3,heavy,3103,1,4.518,
8276.7,heavy,3101,0,3.965,
8280.0,heavy,3102,0,1.019,
8283.3,heavy,3103,1,5.173,
8286.7,heavy,3101,0,3.871,
8290.0,heavy,3102,0,1.886,
8293.3,heavy,3103,1,10.395,
8296.7,heavy,3101,0,4.112,
8300.0,heavy,3102,0,1.510,
8300.0,light-3,3102,1,1.546,
8300.0,light-2,3101,1,3.125,
8300.0,light-5,3101,1,3.026,
8300.0,light-1,3103,1,3.501,
8300.0,light-4,3103,1,3.707,
8303.3,heavy,3102,0,0.969,
8306.7,heavy,3103,1,4.150,
8310.0,heavy,3101,0,4.020,
8313.3,heavy,3102,1,1.367,
8316.7,heavy,3103,0,5.289,
8320.0,heavy,3101,0,3.717,
8323.3,heavy,3102,1,1.350,
8326.7,heavy,3103,1,5.366,
8330.0,heavy,3101,0,4.398,
8333.3,heavy,3102,0,1.375,
8336.7,heavy,3103,0,4.567,
8340.0,heavy,3101,0,3.613,
8343.3,heavy,3102,1,1.661,
8346.7,heavy,3103,0,4.297,
8350.0,heavy,3101,0,2.901,
8353.3,heavy,3102,1,1.003,
8356.7,heavy,3103,1,4.056,
8360.0,heavy,3101,0,3.052,
8363.3,heavy,3102,0,1.240,
8366.7,heavy,3103,0,1.958,
8370.0,heavy,3101,0,3.960,
8373.3,heavy,3102,1,1.125,
8376.7,heavy,3103,0,2.818,
8380.0,heavy,3101,0,2.665,
8383.3,heavy,3102,1,1.489,
8386.7,heavy,3103,0,3.130,
8390.0,heavy,3101,0,3.592,
8393.3,heavy,3102,1,1.404,
8396.7,heavy,3103,0,2.448,
8400.0,heavy,3101,0,5.449,
8400.0,light-2,3103,1,1.176,
8400.0,light-4,3102,1,2.855,
8400.0,light-5,3103,1,4.898,
8400.0,light-1,3102,1,5.479,
8400.0,light-3,3101,1,7.056,
8403.3,heavy,3101,1,5.895,
8406.7,heavy,3102,0,1.381,
8410.0,heavy,3103,0,2.806,
8413.3,heavy,3101,0,3.092,
8416.7,heavy,3102,1,1.070,
8420.0,heavy,3103,0,3.178,
8423.3,heavy,3101,0,2.998,
8426.7,heavy,3102,1,0.839,
8430.0,heavy,3103,1,4.161,
8433.3,heavy,3101,0,3.167,
8436.7,heavy,3102,1,1.235,
8440.0,heavy,3103,0,3.646,
8443.3,heavy,3101,0,2.461,
8446.7,heavy,3102,0,0.982,
8450.0,heavy,3103,0,3.120,
8453.3,heavy,3101,0,3.344,
8456.7,heavy,3102,1,1.273,
8460.0,heavy,3103,0,2.851,
8463.3,heavy,3101,1,3.772,
8466.7,heavy,3102,1,1.169,
8470.0,heavy,3103,0,3.010,
8473.3,heavy,3101,0,2.477,
8476.7,heavy,3102,1,1.433,
8480.0,heavy,3103,0,3.932,
8483.3,heavy,3101,0,3.148,
8486.7,heavy,3102,0,1.212,
8490.0,heavy,3103,1,3.342,
8493.3,heavy,3101,0,3.017,
8496.7,heavy,3102,0,1.077,
8500.0,heavy,3103,1,4.848,
8500.0,light-1,3102,1,1.600,
8500.0,light-4,3102,1,1.684,
8500.0,light-2,3103,1,2.522,
8500.0,light-3,3101,1,3.154,
8500.0,light-5,3103,1,3.257,
8503.3,heavy,3101,0,3.677,
8506.7,heavy,3101,0,3.626,
8510.0,heavy,3102,0,0.833,
8513.3,heavy,3103,1,4.410,
8516.7,heavy,3101,0,3.582,
8520.0,heavy,3102,0,0.959,
8523.3,heavy,3103,1,1.968,
8526.7,heavy,3101,0,3.064,
8530.0,heavy,3102,1,1.454,
8533.3,heavy,3103,0,3.038,
8536.7,heavy,3101,0,2.706,
8540.0,heavy,3102,0,0.934,
8543.3,heavy,3103,0,3.165,
8546.7,heavy,3101,0,3.147,
8550.0,heavy,3102,1,1.269,
8553.3,heavy,3103,1,4.005,
8556.7,heavy,3101,0,2.904,
8560.0,heavy,3102,0,1.270,
8563.3,heavy,3103,1,4.372,
8566.7,heavy,3101,0,3.213,
8570.0,heavy,3102,0,0.900,
8573.3,heavy,3103,1,4.046,
8576.7,heavy,3101,0,2.985,
8580.0,heavy,3102,0,1.032,
8583.3,heavy,3103,0,4.004,
8586.7,heavy,3101,1,5.083,
8590.0,heavy,3102,1,1.327,
8593.3,heavy,3103,0,4.804,
8596.7,heavy,3101,0,5.056,
8600.0,heavy,3102,0,1.537,
8600.0,light-5,3101,1,3.043,
8600.0,light-2,3101,1,4.854,
8600.0,light-1,3103,1,5.114,
8600.0,light-3,3102,1,5.112,
8600.0,light-4,3103,1,5.736,
8603.3,heavy,3102,1,0.931,
8606.7,heavy,3103,0,4.214,
8610.0,heavy,3101,1,4.428,
8613.3,heavy,3102,0,1.193,
8616.7,heavy,3103,0,3.615,
8620.0,heavy,3101,0,3.347,
8623.3,heavy,3102,1,1.142,
8626.7,heavy,3103,0,3.380,
8630.0,heavy,3101,0,3.105,
8633.3,heavy,3102,1,0.903,
8636.7,heavy,3103,0,4.078,
8640.0,heavy,3101,1,4.508,
8643.3,heavy,3102,0,0.922,
8646.7,heavy,3103,0,2.798,
8650.0,heavy,3101,0,2.396,
8653.3,heavy,3102,1,1.184,
8656.7,heavy,3103,0,2.884,
8660.0,heavy,3101,0,3.123,
8663.3,heavy,3102,1,1.161,
8666.7,heavy,3103,0,4.683,
8670.0,heavy,3101,0,3.905,
8673.3,heavy,3102,1,1.505,
8676.7,heavy,3103,0,4.518,
8680.0,heavy,3101,1,4.143,
8683.3,heavy,3102,0,1.033,
8686.7,heavy,3103,0,3.507,
8690.0,heavy,3101,0,2.896,
8693.3,heavy,3102,1,0.779,
8696.7,heavy,3103,0,3.438,
8700.0,heavy,3101,0,3.050,
8700.0,light-3,3102,1,1.693,
8700.0,light-2,3101,1,1.971,
8700.0,light-1,3103,1,2.132,
8700.0,light-5,3101,1,1.962,
8700.0,light-4,3103,1,2.131,
8703.3,heavy,3102,1,1.544,
8706.7,heavy,3102,0,0.993,
8710.0,heavy,3103,0,3.138,
8713.3,heavy,3101,0,3.479,
8716.7,heavy,3102,1,1.188,
8720.0,heavy,3103,0,3.233,
8723.3,heavy,3101,1,3.723,
8726.7,heavy,3102,0,1.376,
8730.0,heavy,3103,1,4.593,
8733.3,heavy,3101,0,3.634,
8736.7,heavy,3102,0,1.008,
8740.0,heavy,3103,0,3.256,
8743.3,heavy,3101,1,3.439,
8746.7,heavy,3102,0,0.959,
8750.0,heavy,3103,1,3.996,
8753.3,heavy,3101,0,3.422,
8756.7,heavy,3102,0,1.123,
8760.0,heavy,3103,0,3.017,
8763.3,heavy,3101,1,3.108,
8766.7,heavy,3102,0,1.016,
8770.0,heavy,3103,0,3.340,
8773.3,heavy,3101,1,3.372,
8776.7,heavy,3102,1,1.310,
8780.0,heavy,3103,0,3.131,
8783.3,heavy,3101,0,2.033,
8786.7,heavy,3102,1,1.614,
8790.0,heavy,3103,0,3.840,
8793.3,heavy,3101,0,4.717,
8796.7,heavy,3102,0,1.667,
8800.0,heavy,3103,1,6.398,
8800.0,light-1,3101,1,1.027,
8800.0,light-3,3103,1,2.608,
8800.0,light-4,3101,1,5.441,
8800.0,light-2,3102,1,6.073,
8800.0,light-5,3102,1,6.447,
8803.3,heavy,3103,0,5.304,
8806.7,heavy,3101,0,2.894,
8810.0,heavy,3102,0,1.026,
8813.3,heavy,3103,1,4.113,
8816.7,heavy,3101,0,3.453,
8820.0,heavy,3102,0,1.184,
8823.3,heavy,3103,1,4.703,
8826.7,heavy,3101,0,3.871,
8830.0,heavy,3102,1,1.069,
8833.3,heavy,3103,0,3.383,
8836.7,heavy,3101,0,2.765,
8840.0,heavy,3102,1,1.441,
8843.3,heavy,3103,0,3.213,
8846.7,heavy,3101,0,3.737,
8850.0,heavy,3102,0,1.139,
8853.3,heavy,3103,1,4.663,
8856.7,heavy,3101,0,3.553,
8860.0,heavy,3102,1,1.130,
8863.3,heavy,3103,0,3.895,
8866.7,heavy,3101,0,3.612,
8870.0,heavy,3102,0,1.293,
8873.3,heavy,3103,1,4.443,
8876.7,heavy,3101,0,3.450,
8880.0,heavy,3102,0,1.246,
8883.3,heavy,3103,0,4.025,
8886.7,heavy,3101,0,3.234,
8890.0,heavy,3102,1,1.043,
8893.3,heavy,3103,1,3.649,
8896.7,heavy,3101,0,3.733,
8900.0,heavy,3102,0,1.189,
8900.0,light-1,3103,1,1.273,
8900.0,light-2,3101,1,1.349,
8900.0,light-3,3102,1,1.423,
8900.0,light-4,3103,1,1.462,
8900.0,light-5,3101,1,1.519,
8903.3,heavy,3102,1,1.332,
8906.7,heavy,3103,0,3.174,
8910.0,heavy,3101,0,3.438,
8913.3,heavy,3102,1,1.252,
8916.7,heavy,3103,0,3.184,
8920.0,heavy,3101,0,3.410,
8923.3,heavy,3102,1,0.812,
8926.7,heavy,3103,0,4.120,
8930.0,heavy,3101,0,3.324,
8933.3,heavy,3102,1,1.829,
8936.7,heavy,3103,0,3.291,
8940.0,heavy,3101,0,2.837,
8943.3,heavy,3102,1,1.418,
8946.7,heavy,3103,0,3.527,
8950.0,heavy,3101,0,3.245,
8953.3,heavy,3102,1,0.968,
8956.7,heavy,3103,0,3.945,
8960.0,heavy,3101,0,3.232,
8963.3,heavy,3102,1,1.244,
8966.7,heavy,3103,0,3.732,
8970.0,heavy,3101,0,3.931,
8973.3,heavy,3102,1,0.946,
8976.7,heavy,3103,0,3.727,
8980.0,heavy,3101,1,4.188,
8983.3,heavy,3102,0,0.868,
8986.7,heavy,3103,0,2.386,
8990.0,heavy,3101,0,3.524,
8993.3,heavy,3102,1,1.148,
8996.7,heavy,3103,0,4.520,
9000.0,heavy,3101,1,4.385,
9000.0,light-1,3102,1,1.706,
9000.0,light-2,3103,1,1.824,
9000.0,light-4,3102,1,1.840,
9000.0,light-5,3103,1,1.925,
9000.0,light-3,3101,1,2.858,
9003.3,heavy,3101,0,3.282,
9006.7,heavy,3102,1,1.356,
9010.0,heavy,3103,0,3.330,
9013.3,heavy,3101,0,2.866,
9016.7,heavy,3102,0,0.947,
9020.0,heavy,3103,0,3.146,
9023.3,heavy,3101,0,3.341,
9026.7,heavy,3102,1,1.295,
9030.0,heavy,3103,0,3.140,
9033.3,heavy,3101,1,3.712,
9036.7,heavy,3102,0,0.981,
9040.0,heavy,3103,0,3.508,
9043.3,heavy,3101,1,3.733,
9046.7,heavy,3102,0,1.253,
9050.0,heavy,3103,0,3.236,
9053.3,heavy,3101,1,3.960,
9056.7,heavy,3102,0,0.883,
9060.0,heavy,3103,0,2.927,
9063.3,heavy,3101,1,3.854,
9066.7,heavy,3102,0,0.977,
9070.0,heavy,3103,0,3.765,
9073.3,heavy,3101,0,3.018,
9076.7,heavy,3102,1,1.093,
9080.0,heavy,3103,0,2.592,
9083.3,heavy,3101,1,3.911,
9086.7,heavy,3102,1,1.207,
9090.0,heavy,3103,0,3.185,
9093.3,heavy,3101,0,3.102,
9096.7,heavy,3102,1,1.743,
9100.0,heavy,3103,0,3.398,
9100.0,light-3,3102,1,1.837,
9100.0,light-2,3101,1,2.168,
9100.0,light-1,3103,1,2.634,
9100.0,light-5,3101,1,2.612,
9100.0,light-4,3103,1,2.778,
9103.3,heavy,3101,0,3.233,
9106.7,heavy,3102,0,1.723,
9110.0,heavy,3102,0,0.792,
9113.3,heavy,3103,0,3.446,
9116.7,heavy,3101,1,3.666,
9120.0,heavy,3102,1,1.277,
9123.3,heavy,3103,0,3.404,
9126.7,heavy,3101,0,2.283,
9130.0,heavy,3102,1,1.473,
9133.3,heavy,3103,0,3.419,
9136.7,heavy,3101,0,3.530,
9140.0,heavy,3102,0,0.966,
9143.3,heavy,3103,1,4.533,
9146.7,heavy,3101,0,3.661,
9150.0,heavy,3102,1,1.508,
9153.3,heavy,3103,0,4.360,
9156.7,heavy,3101,0,3.260,
9160.0,heavy,3102,0,1.052,
9163.3,heavy,3103,0,3.922,
9166.7,heavy,3101,0,3.170,
9170.0,heavy,3102,1,1.186,
9173.3,heavy,3103,1,3.174,
9176.7,heavy,3101,0,3.263,
9180.0,heavy,3102,0,1.222,
9183.3,heavy,3103,1,4.231,
9186.7,heavy,3101,0,3.026,
9190.0,heavy,3102,0,1.048,
9193.3,heavy,3103,0,3.585,
9196.7,heavy,3101,0,3.496,
9200.0,heavy,3102,1,1.484,
9200.0,light-3,3102,1,1.543,
9200.0,light-1,3103,1,1.976,
9200.0,light-2,3101,1,2.055,
9200.0,light-4,3103,1,2.597,
9200.0,light-5,3101,1,2.732,
9203.3,heavy,3102,1,0.962,
9206.7,heavy,3103,0,3.242,
9210.0,heavy,3101,0,2.740,
9213.3,heavy,3102,1,1.207,
9216.7,heavy,3103,0,1.722,
9220.0,heavy,3101,0,3.751,
9223.3,heavy,3102,1,1.133,
9226.7,heavy,3103,0,2.840,
9230.0,heavy,3101,0,3.498,
9233.3,heavy,3102,1,0.830,
9236.7,heavy,3103,0,3.823,
9240.0,heavy,3101,0,3.872,
9243.3,heavy,3102,1,1.267,
9246.7,heavy,3103,0,2.385,
9250.0,heavy,3101,0,2.831,
9253.3,heavy,3102,1,1.371,
9256.7,heavy,3103,1,4.004,
9260.0,heavy,3101,0,2.962,
9263.3,heavy,3102,0,1.119,
9266.7,heavy,3103,0,3.209,
9270.0,heavy,3101,0,3.456,
9273.3,heavy,3102,1,1.275,
9276.7,heavy,3103,0,3.210,
9280.0,heavy,3101,0,2.705,
9283.3,heavy,3102,1,1.016,
9286.7,heavy,3103,0,3.562,
9290.0,heavy,3101,1,3.961,
9293.3,heavy,3102,0,0.972,
9296.7,heavy,3103,0,3.331,
9300.0,heavy,3101,0,3.574,
9300.0,light-2,3102,1,1.603,
9300.0,light-5,3102,1,1.928,
9300.0,light-3,3103,1,2.163,
9300.0,light-1,3101,1,2.373,
9300.0,light-4,3101,1,2.532,
9303.3,heavy,3102,1,1.461,
9306.7,heavy,3103,0,3.084,
9310.0,heavy,3103,0,1.469,
9313.3,heavy,3101,1,4.029,
9316.7,heavy,3102,1,1.132,
9320.0,heavy,3103,0,3.222,
9323.3,heavy,3101,0,3.804,
9326.7,heavy,3102,0,0.694,
9330.0,heavy,3103,0,2.968,
9333.3,heavy,3101,0,3.041,
9336.7,heavy,3102,1,1.162,
9340.0,heavy,3103,0,1.669,
9343.3,heavy,3101,1,4.396,
9346.7,heavy,3102,1,1.202,
9350.0,heavy,3103,0,3.455,
9353.3,heavy,3101,0,4.129,
9356.7,heavy,3102,0,0.816,
9360.0,heavy,3103,0,3.373,
9363.3,heavy,3101,0,2.880,
9366.7,heavy,3102,1,1.256,
9370.0,heavy,3103,0,1.821,
9373.3,heavy,3101,0,3.452,
9376.7,heavy,3102,1,1.266,
9380.0,heavy,3103,1,4.449,
9383.3,heavy,3101,0,3.495,
9386.7,heavy,3102,0,0.830,
9390.0,heavy,3103,0,9.198,
9393.3,heavy,3101,0,3.252,
9396.7,heavy,3102,1,1.138,
9400.0,heavy,3103,0,9.366,
9400.0,light-2,3102,1,1.258,
9400.0,light-5,3102,1,1.587,
9400.0,light-1,3101,1,2.079,
9400.0,light-3,3103,1,2.210,
9400.0,light-4,3101,1,2.414,
9403.3,heavy,3103,1,8.746,
9406.7,heavy,3101,0,2.624,
9410.0,heavy,3102,0,1.100,
9413.3,heavy,3103,1,4.299,
9416.7,heavy,3101,0,2.698,
9420.0,heavy,3102,0,0.779,
9423.3,heavy,3103,1,4.114,
9426.7,heavy,3101,0,3.517,
9430.0,heavy,3102,1,1.117,
9433.3,heavy,3103,0,2.870,
9436.7,heavy,3101,0,3.504,
9440.0,heavy,3102,1,1.226,
9443.3,heavy,3103,0,3.860,
9446.7,heavy,3101,0,3.690,
9450.0,heavy,3102,0,0.987,
9453.3,heavy,3103,0,3.726,
9456.7,heavy,3101,1,4.012,
9460.0,heavy,3102,1,1.110,
9463.3,heavy,3103,0,3.798,
9466.7,heavy,3101,0,1.838,
9470.0,heavy,3102,1,1.409,
9473.3,heavy,3103,0,3.664,
9476.7,heavy,3101,0,9.474,
9480.0,heavy,3102,0,1.229,
9483.3,heavy,3103,1,3.790,
9486.7,heavy,3101,0,4.472,
9490.0,heavy,3102,0,1.059,
9493.3,heavy,3103,1,5.467,
9496.7,heavy,3101,0,3.837,
9500.0,heavy,3102,0,1.810,
9500.0,light-3,3102,1,1.848,
9500.0,light-1,3103,1,2.064,
9500.0,light-4,3103,1,2.126,
9500.0,light-2,3101,1,2.494,
9500.0,light-5,3101,1,2.670,
9503.3,heavy,3102,1,0.972,
9506.7,heavy,3103,0,3.242,
9510.0,heavy,3101,0,3.539,
9513.3,heavy,3102,1,0.895,
9516.7,heavy,3103,0,3.491,
9520.0,heavy,3101,0,3.034,
9523.3,heavy,3102,1,1.312,
9526.7,heavy,3103,0,1.880,
9530.0,heavy,3101,0,3.258,
9533.3,heavy,3102,1,1.346,
9536.7,heavy,3103,1,3.579,
9540.0,heavy,3101,0,3.388,
9543.3,heavy,3102,0,0.880,
9546.7,heavy,3103,0,3.309,
9550.0,heavy,3101,0,3.274,
9553.3,heavy,3102,1,1.365,
9556.7,heavy,3103,0,2.634,
9560.0,heavy,3101,0,4.373,
9563.3,heavy,3102,1,1.241,
9566.7,heavy,3103,0,4.517,
9570.0,heavy,3101,0,4.619,
9573.3,heavy,3102,1,2.309,
9576.7,heavy,3103,0,3.149,
9580.0,heavy,3101,0,2.753,
9583.3,heavy,3102,1,1.428,
9586.7,heavy,3103,0,2.917,
9590.0,heavy,3101,0,3.219,
9593.3,heavy,3102,1,1.667,
9596.7,heavy,3103,0,5.742,
9600.0,heavy,3101,0,4.746,
9600.0,light-3,3102,1,1.966,
9600.0,light-5,3101,1,3.534,
9600.0,light-1,3103,1,6.875,
9600.0,light-2,3101,1,7.074,
9600.0,light-4,3103,1,7.405,
9603.3,heavy,3102,1,1.494,
9606.7,heavy,3102,0,1.108,
9610.0,heavy,3103,0,3.932,
9613.3,heavy,3101,1,3.276,
9616.7,heavy,3102,0,0.690,
9620.0,heavy,3103,1,4.391,
9623.3,heavy,3101,0,3.523,
9626.7,heavy,3102,1,1.415,
9630.0,heavy,3103,0,4.156,
9633.3,heavy,3101,0,3.845,
9636.7,heavy,3102,0,1.072,
9640.0,heavy,3103,0,3.644,
9643.3,heavy,3101,0,4.035,
9646.7,heavy,3102,1,1.284,
9650.0,heavy,3103,0,3.697,
9653.3,heavy,3101,1,3.512,
9656.7,heavy,3102,0,0.861,
9660.0,heavy,3103,0,4.209,
9663.3,heavy,3101,1,4.528,
9666.7,heavy,3102,0,1.172,
9670.0,heavy,3103,0,2.838,
9673.3,heavy,3101,1,3.759,
9676.7,heavy,3102,0,1.126,
9680.0,heavy,3103,1,5.641,
9683.3,heavy,3101,0,3.512,
9686.7,heavy,3102,0,1.144,
9690.0,heavy,3103,0,3.068,
9693.3,heavy,3101,1,3.803,
9696.7,heavy,3102,0,0.887,
9700.0,heavy,3103,0,2.974,
9700.0,light-1,3101,1,1.030,
9700.0,light-2,3102,1,1.154,
9700.0,light-5,3102,1,1.159,
9700.0,light-4,3101,1,1.655,
9700.0,light-3,3103,1,1.957,
9703.3,heavy,3103,1,3.213,
9706.7,heavy,3101,0,2.892,
9710.0,heavy,3102,0,1.344,
9713.3,heavy,3103,1,3.635,
9716.7,heavy,3101,0,2.992,
9720.0,heavy,3102,1,1.211,
9723.3,heavy,3103,0,3.387,
9726.7,heavy,3101,0,1.914,
9730.0,heavy,3102,1,1.705,
9733.3,heavy,3103,0,3.090,
9736.7,heavy,3101,0,2.805,
9740.0,heavy,3102,1,1.835,
9743.3,heavy,3103,0,1.764,
9746.7,heavy,3101,0,2.705,
9750.0,heavy,3102,1,1.140,
9753.3,heavy,3103,0,2.967,
9756.7,heavy,3101,0,2.790,
9760.0,heavy,3102,0,0.705,
9763.3,heavy,3103,1,3.644,
9766.7,heavy,3101,0,3.166,
9770.0,heavy,3102,1,1.184,
9773.3,heavy,3103,0,2.148,
9776.7,heavy,3101,0,3.058,
9780.0,heavy,3102,1,1.196,
9783.3,heavy,3103,0,3.543,
9786.7,heavy,3101,0,3.325,
9790.0,heavy,3102,0,1.057,
9793.3,heavy,3103,1,4.777,
9796.7,heavy,3101,0,4.234,
9800.0,heavy,3102,1,1.767,
9800.0,light-2,3102,1,1.849,
9800.0,light-5,3102,1,2.002,
9800.0,light-3,3103,1,2.836,
9800.0,light-1,3101,1,3.469,
9800.0,light-4,3101,1,3.483,
9803.3,heavy,3103,0,4.462,
9806.7,heavy,3103,0,3.497,
9810.0,heavy,3101,0,2.980,
9813.3,heavy,3102,1,1.237,
9816.7,heavy,3103,0,3.429,
9820.0,heavy,3101,1,4.178,
9823.3,heavy,3102,0,0.945,
9826.7,heavy,3103,0,3.010,
9830.0,heavy,3101,0,2.932,
9833.3,heavy,3102,1,1.394,
9836.7,heavy,3103,0,4.056,
9840.0,heavy,3101,0,4.341,
9843.3,heavy,3102,1,1.764,
9846.7,heavy,3103,0,4.101,
9850.0,heavy,3101,0,4.291,
9853.3,heavy,3102,1,0.779,
9856.7,heavy,3103,0,3.969,
9860.0,heavy,3101,0,3.194,
9863.3,heavy,3102,1,1.364,
9866.7,heavy,3103,0,2.469,
9870.0,heavy,3101,0,3.969,
9873.3,heavy,3102,1,1.183,
9876.7,heavy,3103,0,3.038,
9880.0,heavy,3101,0,3.776,
9883.3,heavy,3102,1,1.187,
9886.7,heavy,3103,0,3.284,
9890.0,heavy,3101,0,4.257,
9893.3,heavy,3102,1,1.324,
9896.7,heavy,3103,0,3.929,
9900.0,light-2,3103,1,1.218,
9900.0,light-4,3102,1,2.513,
9900.0,light-5,3103,1,4.287,
9900.0,light-1,3102,1,4.965,
9900.0,light-3,3101,1,5.027,
9900.0,heavy,3101,0,4.410,
9903.3,heavy,3101,1,3.857,
9906.7,heavy,3102,0,0.905,
9910.0,heavy,3103,1,4.264,
9913.3,heavy,3101,0,2.828,
9916.7,heavy,3102,0,1.065,
9920.0,heavy,3103,0,2.868,
9923.3,heavy,3101,0,3.197,
9926.7,heavy,3102,1,1.076,
9930.0,heavy,3103,0,3.268,
9933.3,heavy,3101,1,3.539,
9936.7,heavy,3102,0,0.844,
9940.0,heavy,3103,1,3.330,
9943.3,heavy,3101,0,2.852,
9946.7,heavy,3102,0,0.858,
9950.0,heavy,3103,0,3.769,
9953.3,heavy,3101,0,3.234,
9956.7,heavy,3102,1,1.247,
9960.0,heavy,3103,0,2.171,
9963.3,heavy,3101,1,3.790,
9966.7,heavy,3102,1,1.524,
9970.0,heavy,3103,0,3.018,
9973.3,heavy,3101,0,3.573,
9976.7,heavy,3102,0,0.822,
9980.0,heavy,3103,0,3.649,
9983.3,heavy,3101,0,2.552,
9986.7,heavy,3102,1,0.996,
9990.0,heavy,3103,0,3.073,
9993.3,heavy,3101,1,3.207,
9996.7,heavy,3102,0,0.683,
10000.0,light-1,3102,1,1.411,
10000.0,light-4,3102,1,1.911,
10000.0,light-3,3101,1,2.145,
10000.0,light-2,3103,1,2.317,
10000.0,light-5,3103,1,2.400,
10000.0,heavy,3103,1,4.135,
10003.3,heavy,3101,0,3.097,
10006.7,heavy,3101,0,1.728,
10010.0,heavy,3102,0,3.491,ECONNRESET
10013.3,heavy,3103,1,9.470,
10016.7,heavy,3101,1,8.775,
10020.0,heavy,3102,0,3.069,ECONNREFUSED
10023.3,heavy,3103,1,4.439,
10026.7,heavy,3101,1,5.386,
10030.0,heavy,3102,0,2.469,ECONNREFUSED
10033.3,heavy,3103,1,4.938,
10036.7,heavy,3101,1,4.314,
10040.0,heavy,3102,0,2.280,ECONNREFUSED
10043.3,heavy,3103,1,4.186,
10046.7,heavy,3101,1,4.624,
10050.0,heavy,3102,0,2.787,ECONNREFUSED
10053.3,heavy,3103,1,3.949,
10056.7,heavy,3101,1,4.031,
10060.0,heavy,3102,0,2.918,ECONNREFUSED
10063.3,heavy,3103,1,7.717,
10066.7,heavy,3101,1,4.648,
10070.0,heavy,3102,0,2.366,ECONNREFUSED
10073.3,heavy,3103,1,5.051,
10076.7,heavy,3101,1,4.626,
10080.0,heavy,3102,0,3.041,ECONNREFUSED
10083.3,heavy,3103,1,4.680,
10086.7,heavy,3101,1,4.225,
10090.0,heavy,3102,0,2.745,ECONNREFUSED
10093.3,heavy,3103,1,4.321,
10096.7,heavy,3101,1,4.432,
10100.0,light-2,3101,1,1.338,
10100.0,light-1,3103,1,1.622,
10100.0,light-5,3101,1,1.521,
10100.0,light-4,3103,1,1.736,
10100.0,light-3,3102,0,8.520,ECONNREFUSED
10100.0,heavy,3102,0,9.345,ECONNREFUSED
10103.3,heavy,3102,0,8.898,ECONNREFUSED
10106.7,heavy,3103,1,4.688,
10110.0,heavy,3101,1,4.685,
10113.3,heavy,3102,0,2.420,ECONNREFUSED
10116.7,heavy,3103,1,4.584,
10120.0,heavy,3101,1,4.769,
10123.3,heavy,3102,0,2.868,ECONNREFUSED
10126.7,heavy,3103,1,4.446,
10130.0,heavy,3101,1,4.056,
10133.3,heavy,3102,0,9.930,ECONNREFUSED
10136.7,heavy,3103,1,8.292,
10140.0,heavy,3101,1,4.521,
10143.3,heavy,3102,0,3.143,ECONNREFUSED
10146.7,heavy,3103,1,4.227,
10150.0,heavy,3101,1,5.270,
10153.3,heavy,3102,0,2.144,ECONNREFUSED
10156.7,heavy,3103,1,4.189,
10160.0,heavy,3101,1,4.368,
10163.3,heavy,3102,0,2.656,ECONNREFUSED
10166.7,heavy,3103,1,4.670,
10170.0,heavy,3101,1,4.304,
10173.3,heavy,3102,0,2.308,ECONNREFUSED
10176.7,heavy,3103,1,4.053,
10180.0,heavy,3101,1,5.809,
10183.3,heavy,3102,0,2.369,ECONNREFUSED
10186.7,heavy,3103,1,6.724,
10190.0,heavy,3101,1,5.492,
10193.3,heavy,3102,0,2.568,ECONNREFUSED
10196.7,heavy,3103,1,5.664,
10200.0,light-2,3103,1,2.815,
10200.0,light-5,3103,1,3.324,
10200.0,light-3,3101,1,4.711,
10200.0,light-1,3102,0,5.301,ECONNREFUSED
10200.0,light-4,3102,0,5.035,ECONNREFUSED
10200.0,heavy,3101,1,6.238,
10203.3,heavy,3101,1,3.789,
10206.7,heavy,3102,0,2.987,ECONNREFUSED
10210.0,heavy,3103,1,3.879,
10213.3,heavy,3101,1,3.737,
10216.7,heavy,3102,0,1.924,ECONNREFUSED
10220.0,heavy,3103,1,5.075,
10223.3,heavy,3101,1,5.289,
10226.7,heavy,3102,0,3.795,ECONNREFUSED
10230.0,heavy,3103,1,4.619,
10233.3,heavy,3101,1,5.807,
10236.7,heavy,3102,0,3.160,ECONNREFUSED
10240.0,heavy,3103,1,3.529,
10243.3,heavy,3101,1,3.643,
10246.7,heavy,3102,0,2.440,ECONNREFUSED
10250.0,heavy,3103,1,6.005,
10253.3,heavy,3101,1,4.027,
10256.7,heavy,3102,0,2.383,ECONNREFUSED
10260.0,heavy,3103,1,4.521,
10263.3,heavy,3101,1,4.765,
10266.7,heavy,3102,0,2.311,ECONNREFUSED
10270.0,heavy,3103,1,4.380,
10273.3,heavy,3101,1,4.868,
10276.7,heavy,3102,0,2.891,ECONNREFUSED
10280.0,heavy,3103,1,3.966,
10283.3,heavy,3101,1,4.260,
10286.7,heavy,3102,0,2.392,ECONNREFUSED
10290.0,heavy,3103,1,4.262,
10293.3,heavy,3101,1,4.802,
10296.7,heavy,3102,0,1.977,ECONNREFUSED
10300.0,light-3,3103,1,3.940,
10300.0,light-1,3101,1,4.529,
10300.0,light-2,3102,0,5.662,ECONNREFUSED
10300.0,light-5,3102,0,6.262,ECONNREFUSED
10300.0,light-4,3101,1,8.617,
10300.0,heavy,3103,1,6.902,
10303.3,heavy,3101,1,8.228,
10306.7,heavy,3102,0,5.997,ECONNREFUSED
10310.0,heavy,3103,1,6.411,
10313.3,heavy,3103,1,3.960,
10316.7,heavy,3101,1,5.706,
10320.0,heavy,3102,0,2.593,ECONNREFUSED
10323.3,heavy,3103,1,5.019,
10326.7,heavy,3101,1,4.909,
10330.0,heavy,3102,0,2.536,ECONNREFUSED
10333.3,heavy,3103,1,5.190,
10336.7,heavy,3101,1,4.509,
10340.0,heavy,3102,0,2.580,ECONNREFUSED
10343.3,heavy,3103,1,5.035,
10346.7,heavy,3101,1,4.324,
10350.0,heavy,3102,0,2.522,ECONNREFUSED
10353.3,heavy,3103,1,4.564,
10356.7,heavy,3101,1,5.124,
10360.0,heavy,3102,0,2.725,ECONNREFUSED
10363.3,heavy,3103,1,4.670,
10366.7,heavy,3101,1,4.743,
10370.0,heavy,3102,0,3.629,ECONNREFUSED
10373.3,heavy,3103,1,5.128,
10376.7,heavy,3101,1,5.360,
10380.0,heavy,3102,0,2.256,ECONNREFUSED
10383.3,heavy,3103,1,4.716,
10386.7,heavy,3101,1,5.344,
10390.0,heavy,3102,0,3.113,ECONNREFUSED
10393.3,heavy,3103,1,4.938,
10396.7,heavy,3101,1,4.511,
10400.0,light-1,3101,1,2.248,
10400.0,light-3,3103,1,3.722,
10400.0,light-2,3102,0,4.091,ECONNREFUSED
10400.0,light-5,3102,0,4.357,ECONNREFUSED
10400.0,light-4,3101,1,4.792,
10400.0,heavy,3102,0,4.586,ECONNREFUSED
10403.3,heavy,3103,1,5.594,
10406.7,heavy,3103,1,2.651,
10410.0,heavy,3101,1,4.735,
10413.3,heavy,3102,0,3.494,ECONNREFUSED
10416.7,heavy,3103,1,4.609,
10420.0,heavy,3101,1,4.370,
10423.3,heavy,3102,0,3.260,ECONNREFUSED
10426.7,heavy,3103,1,3.005,
10430.0,heavy,3101,1,4.987,
10433.3,heavy,3102,0,2.273,ECONNREFUSED
10436.7,heavy,3103,1,4.671,
10440.0,heavy,3101,1,5.223,
10443.3,heavy,3102,0,1.926,ECONNREFUSED
10446.7,heavy,3103,1,4.464,
10450.0,heavy,3101,1,4.918,
10453.3,heavy,3102,0,1.992,ECONNREFUSED
10456.7,heavy,3103,1,4.773,
10460.0,heavy,3101,1,4.594,
10463.3,heavy,3102,0,2.471,ECONNREFUSED
10466.7,heavy,3103,1,4.422,
10470.0,heavy,3101,1,6.515,
10473.3,heavy,3102,0,2.791,ECONNREFUSED
10476.7,heavy,3103,1,4.222,
10480.0,heavy,3101,1,4.439,
10483.3,heavy,3102,0,2.507,ECONNREFUSED
10486.7,heavy,3103,1,3.977,
10490.0,heavy,3101,1,4.228,
10493.3,heavy,3102,0,3.019,ECONNREFUSED
10496.7,heavy,3103,1,4.255,
10500.0,light-2,3103,1,2.496,
10500.0,light-5,3103,1,2.929,
10500.0,light-3,3101,1,4.044,
10500.0,light-1,3102,0,4.588,ECONNREFUSED
10500.0,light-4,3102,0,4.437,ECONNREFUSED
10500.0,heavy,3101,1,5.905,
10503.3,heavy,3101,1,3.975,
10506.7,heavy,3102,0,2.341,ECONNREFUSED
10510.0,heavy,3103,1,4.421,
10513.3,heavy,3101,1,5.064,
10516.7,heavy,3102,0,2.820,ECONNREFUSED
10520.0,heavy,3103,1,3.734,
10523.3,heavy,3101,1,4.492,
10526.7,heavy,3102,0,2.371,ECONNREFUSED
10530.0,heavy,3103,1,3.902,
10533.3,heavy,3101,1,4.311,
10536.7,heavy,3102,0,2.629,ECONNREFUSED
10540.0,heavy,3103,1,3.818,
10543.3,heavy,3101,1,3.949,
10546.7,heavy,3102,0,2.901,ECONNREFUSED
10550.0,heavy,3103,1,4.590,
10553.3,heavy,3101,1,4.083,
10556.7,heavy,3102,0,2.894,ECONNREFUSED
10560.0,heavy,3103,1,3.803,
10563.3,heavy,3101,1,4.128,
10566.7,heavy,3102,0,2.272,ECONNREFUSED
10570.0,heavy,3103,1,4.554,
10573.3,heavy,3101,1,4.456,
10576.7,heavy,3102,0,2.167,ECONNREFUSED
10580.0,heavy,3103,1,3.903,
10583.3,heavy,3101,1,4.232,
10586.7,heavy,3102,0,2.798,ECONNREFUSED
10590.0,heavy,3103,1,3.794,
10593.3,heavy,3101,1,4.084,
10596.7,heavy,3102,0,2.732,ECONNREFUSED
10600.0,light-3,3103,1,4.993,
10600.0,light-1,3101,1,5.522,
10600.0,light-2,3102,0,6.563,ECONNREFUSED
10600.0,light-5,3102,0,7.387,ECONNREFUSED
10600.0,light-4,3101,1,9.688,
10600.0,heavy,3103,1,7.953,
10603.3,heavy,3101,1,9.552,
10606.7,heavy,3102,0,6.686,ECONNREFUSED
10610.0,heavy,3103,1,7.368,
10613.3,heavy,3103,1,4.372,
10616.7,heavy,3101,1,5.899,
10620.0,heavy,3102,0,2.812,ECONNREFUSED
10623.3,heavy,3103,1,4.847,
10626.7,heavy,3101,1,5.673,
10630.0,heavy,3102,0,2.867,ECONNREFUSED
10633.3,heavy,3103,1,4.907,
10636.7,heavy,3101,1,4.780,
10640.0,heavy,3102,0,3.670,ECONNREFUSED
10643.3,heavy,3103,1,5.100,
10646.7,heavy,3101,1,6.455,
10650.0,heavy,3102,0,3.471,ECONNREFUSED
10653.3,heavy,3103,1,5.287,
10656.7,heavy,3101,1,6.561,
10660.0,heavy,3102,0,3.075,ECONNREFUSED
10663.3,heavy,3103,1,5.723,
10666.7,heavy,3101,1,5.164,
10670.0,heavy,3102,0,3.433,ECONNREFUSED
10673.3,heavy,3103,1,6.191,
10676.7,heavy,3101,1,5.692,
10680.0,heavy,3102,0,2.909,ECONNREFUSED
10683.3,heavy,3103,1,5.140,
10686.7,heavy,3101,1,6.539,
10690.0,heavy,3102,0,2.071,ECONNREFUSED
10693.3,heavy,3103,1,7.374,
10696.7,heavy,3101,1,8.749,
10700.0,light-3,3102,0,5.052,ECONNREFUSED
10700.0,light-5,3101,1,5.008,
10700.0,light-2,3101,1,6.732,
10700.0,light-1,3103,1,7.890,
10700.0,light-4,3103,1,8.792,
10700.0,heavy,3102,0,5.471,ECONNREFUSED
10703.3,heavy,3102,0,4.867,ECONNREFUSED
10706.7,heavy,3103,1,6.787,
10710.0,heavy,3101,1,4.082,
10713.3,heavy,3102,0,2.282,ECONNREFUSED
10716.7,heavy,3103,1,4.600,
10720.0,heavy,3101,1,3.685,
10723.3,heavy,3102,0,2.643,ECONNREFUSED
10726.7,heavy,3103,1,4.291,
10730.0,heavy,3101,1,4.571,
10733.3,heavy,3102,0,2.640,ECONNREFUSED
10736.7,heavy,3103,1,4.302,
10740.0,heavy,3101,1,4.270,
10743.3,heavy,3102,0,2.540,ECONNREFUSED
10746.7,heavy,3103,1,4.896,
10750.0,heavy,3101,1,4.687,
10753.3,heavy,3102,0,2.199,ECONNREFUSED
10756.7,heavy,3103,1,4.213,
10760.0,heavy,3101,1,4.417,
10763.3,heavy,3102,0,2.825,ECONNREFUSED
10766.7,heavy,3103,1,4.832,
10770.0,heavy,3101,1,4.532,
10773.3,heavy,3102,0,2.150,ECONNREFUSED
10776.7,heavy,3103,1,4.320,
10780.0,heavy,3101,1,4.867,
10783.3,heavy,3102,0,2.114,ECONNREFUSED
10786.7,heavy,3103,1,7.829,
10790.0,heavy,3101,1,8.211,
10793.3,heavy,3102,0,4.975,ECONNREFUSED
10796.7,heavy,3103,1,7.452,
10800.0,light-2,3103,1,2.749,
10800.0,light-3,3101,1,3.162,
10800.0,light-5,3103,1,3.716,
10800.0,light-4,3102,0,5.836,ECONNREFUSED
10800.0,light-1,3102,0,6.975,ECONNREFUSED
10800.0,heavy,3101,1,6.770,
10803.3,heavy,3101,1,4.392,
10806.7,heavy,3102,0,4.578,ECONNREFUSED
10810.0,heavy,3103,1,5.507,
10813.3,heavy,3101,1,5.113,
10816.7,heavy,3102,0,2.331,ECONNREFUSED
10820.0,heavy,3103,1,4.171,
10823.3,heavy,3101,1,4.613,
10826.7,heavy,3102,0,2.778,ECONNREFUSED
10830.0,heavy,3103,1,4.043,
10833.3,heavy,3101,1,4.548,
10836.7,heavy,3102,0,2.987,ECONNREFUSED
10840.0,heavy,3103,1,4.671,
10843.3,heavy,3101,1,4.433,
10846.7,heavy,3102,0,2.455,ECONNREFUSED
10850.0,heavy,3103,1,5.031,
10853.3,heavy,3101,1,5.644,
10856.7,heavy,3102,0,2.902,ECONNREFUSED
10860.0,heavy,3103,1,5.652,
10863.3,heavy,3101,1,4.144,
10866.7,heavy,3102,0,2.796,ECONNREFUSED
10870.0,heavy,3103,1,5.228,
10873.3,heavy,3101,1,4.462,
10876.7,heavy,3102,0,2.917,ECONNREFUSED
10880.0,heavy,3103,1,2.865,
10883.3,heavy,3101,1,4.734,
10886.7,heavy,3102,0,2.295,ECONNREFUSED
10890.0,heavy,3103,1,4.680,
10893.3,heavy,3101,1,4.988,
10896.7,heavy,3102,0,5.013,ECONNREFUSED
10900.0,light-1,3101,1,2.812,
10900.0,light-3,3103,1,3.464,
10900.0,light-2,3102,0,5.046,ECONNREFUSED
10900.0,light-4,3101,1,5.241,
10900.0,light-5,3102,0,5.457,ECONNREFUSED
10900.0,heavy,3103,1,5.585,
10903.3,heavy,3103,1,4.844,
10906.7,heavy,3101,1,5.176,
10910.0,heavy,3102,0,2.480,ECONNREFUSED
10913.3,heavy,3103,1,4.448,
10916.7,heavy,3101,1,4.401,
10920.0,heavy,3102,0,2.801,ECONNREFUSED
10923.3,heavy,3103,1,4.799,
10926.7,heavy,3101,1,4.187,
10930.0,heavy,3102,0,2.894,ECONNREFUSED
10933.3,heavy,3103,1,4.286,
10936.7,heavy,3101,1,4.923,
10940.0,heavy,3102,0,2.674,ECONNREFUSED
10943.3,heavy,3103,1,4.509,
10946.7,heavy,3101,1,4.197,
10950.0,heavy,3102,0,2.888,ECONNREFUSED
10953.3,heavy,3103,1,4.587,
10956.7,heavy,3101,1,4.282,
10960.0,heavy,3102,0,2.263,ECONNREFUSED
10963.3,heavy,3103,1,4.076,
10966.7,heavy,3101,1,4.407,
10970.0,heavy,3102,0,2.785,ECONNREFUSED
10973.3,heavy,3103,1,4.324,
10976.7,heavy,3101,1,4.264,
10980.0,heavy,3102,0,2.389,ECONNREFUSED
10983.3,heavy,3103,1,4.748,
10986.7,heavy,3101,1,5.086,
10990.0,heavy,3102,0,2.905,ECONNREFUSED
10993.3,heavy,3103,1,4.844,
10996.7,heavy,3101,1,5.522,
11000.0,light-1,3103,1,2.969,
11000.0,light-2,3101,1,3.073,
11000.0,light-5,3101,1,3.004,
11000.0,light-3,3102,0,5.441,ECONNREFUSED
11000.0,light-4,3103,1,5.575,
11000.0,heavy,3102,0,5.864,ECONNREFUSED
11003.3,heavy,3102,0,4.628,ECONNREFUSED
11006.7,heavy,3103,1,3.494,
11010.0,heavy,3101,1,3.740,
11013.3,heavy,3102,0,1.807,ECONNREFUSED
11016.7,heavy,3103,1,4.478,
11020.0,heavy,3101,1,4.386,
11023.3,heavy,3102,0,2.481,ECONNREFUSED
11026.7,heavy,3103,1,4.624,
11030.0,heavy,3101,1,4.297,
11033.3,heavy,3102,0,2.027,ECONNREFUSED
11036.7,heavy,3103,1,4.822,
11040.0,heavy,3101,1,4.789,
11043.3,heavy,3102,0,2.901,ECONNREFUSED
11046.7,heavy,3103,1,5.317,
11050.0,heavy,3101,1,3.723,
11053.3,heavy,3102,0,2.035,ECONNREFUSED
11056.7,heavy,3103,1,5.030,
11060.0,heavy,3101,1,4.421,
11063.3,heavy,3102,0,2.204,ECONNREFUSED
11066.7,heavy,3103,1,2.489,
11070.0,heavy,3101,1,4.553,
11073.3,heavy,3102,0,2.202,ECONNREFUSED
11076.7,heavy,3103,1,5.082,
11080.0,heavy,3101,1,4.814,
11083.3,heavy,3102,0,3.231,ECONNREFUSED
11086.7,heavy,3103,1,4.924,
11090.0,heavy,3101,1,4.648,
11093.3,heavy,3102,0,4.387,ECONNREFUSED
11096.7,heavy,3103,1,4.516,
11100.0,light-2,3103,1,2.994,
11100.0,light-1,3102,0,5.147,ECONNREFUSED
11100.0,light-4,3102,0,4.918,ECONNREFUSED
11100.0,light-3,3101,1,6.092,
11100.0,light-5,3103,1,6.011,
11100.0,heavy,3101,1,7.999,
11103.3,heavy,3101,1,5.591,
11106.7,heavy,3102,0,2.904,ECONNREFUSED
11110.0,heavy,3103,1,4.456,
11113.3,heavy,3101,1,5.035,
11116.7,heavy,3102,0,3.057,ECONNREFUSED
11120.0,heavy,3103,1,5.053,
11123.3,heavy,3101,1,4.680,
11126.7,heavy,3102,0,2.420,ECONNREFUSED
11130.0,heavy,3103,1,3.742,
11133.3,heavy,3101,1,4.757,
11136.7,heavy,3102,0,2.590,ECONNREFUSED
11140.0,heavy,3103,1,4.708,
11143.3,heavy,3101,1,4.908,
11146.7,heavy,3102,0,1.958,ECONNREFUSED
11150.0,heavy,3103,1,4.427,
11153.3,heavy,3101,1,4.438,
11156.7,heavy,3102,0,1.875,ECONNREFUSED
11160.0,heavy,3103,1,4.568,
11163.3,heavy,3101,1,5.364,
11166.7,heavy,3102,0,2.300,ECONNREFUSED
11170.0,heavy,3103,1,4.769,
11173.3,heavy,3101,1,3.612,
11176.7,heavy,3102,0,2.411,ECONNREFUSED
11180.0,heavy,3103,1,4.190,
11183.3,heavy,3101,1,4.038,
11186.7,heavy,3102,0,2.767,ECONNREFUSED
11190.0,heavy,3103,1,2.614,
11193.3,heavy,3101,1,7.355,
11196.7,heavy,3102,0,5.005,ECONNREFUSED
11200.0,light-2,3103,1,3.966,
11200.0,light-5,3103,1,4.172,
11200.0,light-3,3101,1,4.619,
11200.0,light-1,3102,0,5.114,ECONNREFUSED
11200.0,light-4,3102,0,4.915,ECONNREFUSED
11200.0,heavy,3103,1,6.849,
11203.3,heavy,3101,1,6.911,
11206.7,heavy,3101,1,4.732,
11210.0,heavy,3102,0,2.784,ECONNREFUSED
11213.3,heavy,3103,1,0.990,
11216.7,heavy,3101,1,3.775,
11220.0,heavy,3102,0,2.551,ECONNREFUSED
11223.3,heavy,3103,1,1.695,
11226.7,heavy,3101,1,2.287,
11230.0,heavy,3102,0,3.593,ECONNREFUSED
11233.3,heavy,3103,1,2.246,
11236.7,heavy,3101,1,1.128,
11240.0,heavy,3102,0,3.291,ECONNREFUSED
11243.3,heavy,3103,1,1.568,
11246.7,heavy,3101,1,2.010,
11250.0,heavy,3102,0,3.192,ECONNREFUSED
11253.3,heavy,3103,1,0.981,
11256.7,heavy,3101,1,2.465,
11260.0,heavy,3102,0,3.802,ECONNREFUSED
11263.3,heavy,3103,1,1.994,
11266.7,heavy,3101,1,1.965,
11270.0,heavy,3102,0,2.818,ECONNREFUSED
11273.3,heavy,3103,1,1.004,
11276.7,heavy,3101,1,1.499,
11280.0,heavy,3102,0,2.868,ECONNREFUSED
11283.3,heavy,3103,1,1.630,
11286.7,heavy,3101,1,2.992,
11290.0,heavy,3102,0,3.076,ECONNREFUSED
11293.3,heavy,3103,1,1.575,
11296.7,heavy,3101,1,4.449,
11300.0,light-1,3103,1,2.216,
11300.0,light-2,3101,1,2.315,
11300.0,light-4,3103,1,2.296,
11300.0,light-5,3101,1,2.391,
11300.0,light-3,3102,0,4.569,ECONNREFUSED
11300.0,heavy,3102,0,4.890,ECONNREFUSED
11303.3,heavy,3102,0,2.273,ECONNREFUSED
11306.7,heavy,3103,1,0.947,
11310.0,heavy,3101,1,1.306,
11313.3,heavy,3102,0,2.284,ECONNREFUSED
11316.7,heavy,3103,1,2.123,
11320.0,heavy,3101,1,2.046,
11323.3,heavy,3102,0,2.859,ECONNREFUSED
11326.7,heavy,3103,1,2.518,
11330.0,heavy,3101,1,0.792,
11333.3,heavy,3102,0,4.268,ECONNREFUSED
11336.7,heavy,3103,1,1.821,
11340.0,heavy,3101,1,1.882,
11343.3,heavy,3102,0,4.171,ECONNREFUSED
11346.7,heavy,3103,1,1.556,
11350.0,heavy,3101,1,2.435,
11353.3,heavy,3102,0,3.180,ECONNREFUSED
11356.7,heavy,3103,1,1.909,
11360.0,heavy,3101,1,1.520,
11363.3,heavy,3102,0,3.614,ECONNREFUSED
11366.7,heavy,3103,1,1.495,
11370.0,heavy,3101,1,1.940,
11373.3,heavy,3102,0,3.329,ECONNREFUSED
11376.7,heavy,3103,1,1.598,
11380.0,heavy,3101,1,2.426,
11383.3,heavy,3102,0,3.629,ECONNREFUSED
11386.7,heavy,3103,1,2.089,
11390.0,heavy,3101,1,2.449,
11393.3,heavy,3102,0,1.798,ECONNREFUSED
11396.7,heavy,3103,1,2.874,
11400.0,light-1,3103,1,3.005,
11400.0,light-4,3103,1,3.409,
11400.0,light-2,3101,1,4.687,
11400.0,light-5,3101,1,4.993,
11400.0,light-3,3102,0,6.475,ECONNREFUSED
11400.0,heavy,3101,1,4.195,
11403.3,heavy,3102,0,6.610,ECONNREFUSED
11406.7,heavy,3102,0,6.122,ECONNREFUSED
11410.0,heavy,3103,1,2.430,
11413.3,heavy,3101,1,1.104,
11416.7,heavy,3102,0,2.909,ECONNREFUSED
11420.0,heavy,3103,1,1.512,
11423.3,heavy,3101,1,1.223,
11426.7,heavy,3102,0,3.277,ECONNREFUSED
11430.0,heavy,3103,1,1.785,
11433.3,heavy,3101,1,1.806,
11436.7,heavy,3102,0,2.757,ECONNREFUSED
11440.0,heavy,3103,1,0.934,
11443.3,heavy,3101,1,2.237,
11446.7,heavy,3102,0,3.180,ECONNREFUSED
11450.0,heavy,3103,1,1.797,
11453.3,heavy,3101,1,1.448,
11456.7,heavy,3102,0,3.559,ECONNREFUSED
11460.0,heavy,3103,1,1.615,
11463.3,heavy,3101,1,1.740,
11466.7,heavy,3102,0,3.763,ECONNREFUSED
11470.0,heavy,3103,1,1.224,
11473.3,heavy,3101,1,1.539,
11476.7,heavy,3102,0,2.193,ECONNREFUSED
11480.0,heavy,3103,1,1.257,
11483.3,heavy,3101,1,1.748,
11486.7,heavy,3102,0,8.021,ECONNREFUSED
11490.0,heavy,3103,1,3.489,
11493.3,heavy,3101,1,4.108,
11496.7,heavy,3102,0,10.096,ECONNREFUSED
11500.0,light-1,3101,1,4.337,
11500.0,light-3,3103,1,5.561,
11500.0,light-2,3102,0,9.067,ECONNREFUSED
11500.0,light-4,3101,1,9.035,
11500.0,light-5,3102,0,10.273,ECONNREFUSED
11500.0,heavy,3103,1,4.243,
11503.3,heavy,3103,1,5.567,
11506.7,heavy,3101,1,3.294,
11510.0,heavy,3102,0,2.219,ECONNREFUSED
11513.3,heavy,3103,1,1.294,
11516.7,heavy,3101,1,2.170,
11520.0,heavy,3102,0,3.354,ECONNREFUSED
11523.3,heavy,3103,1,1.900,
11526.7,heavy,3101,1,2.429,
11530.0,heavy,3102,0,3.013,ECONNREFUSED
11533.3,heavy,3103,1,1.159,
11536.7,heavy,3101,1,2.501,
11540.0,heavy,3102,0,3.592,ECONNREFUSED
11543.3,heavy,3103,1,2.176,
11546.7,heavy,3101,1,1.915,
11550.0,heavy,3102,0,3.692,ECONNREFUSED
11553.3,heavy,3103,1,2.301,
11556.7,heavy,3101,1,2.326,
11560.0,heavy,3102,0,3.289,ECONNREFUSED
11563.3,heavy,3103,1,1.397,
11566.7,heavy,3101,1,2.043,
11570.0,heavy,3102,0,2.933,ECONNREFUSED
11573.3,heavy,3103,1,1.686,
11576.7,heavy,3101,1,2.412,
11580.0,heavy,3102,0,1.569,ECONNREFUSED
11583.3,heavy,3103,1,2.469,
11586.7,heavy,3101,1,2.406,
11590.0,heavy,3102,0,3.026,ECONNREFUSED
11593.3,heavy,3103,1,1.256,
11596.7,heavy,3101,1,4.922,
11600.0,light-2,3103,1,3.068,
11600.0,light-5,3103,1,4.107,
11600.0,light-3,3101,1,5.952,
11600.0,light-1,3102,0,7.247,ECONNREFUSED
11600.0,light-4,3102,0,7.109,ECONNREFUSED
11600.0,heavy,3102,0,7.481,ECONNREFUSED
11603.3,heavy,3103,1,3.140,
11606.7,heavy,3101,1,5.293,
11610.0,heavy,3101,1,4.353,
11613.3,heavy,3102,0,3.609,ECONNREFUSED
11616.7,heavy,3103,1,1.252,
11620.0,heavy,3101,1,2.157,
11623.3,heavy,3102,0,2.827,ECONNREFUSED
11626.7,heavy,3103,1,1.308,
11630.0,heavy,3101,1,1.999,
11633.3,heavy,3102,0,2.864,ECONNREFUSED
11636.7,heavy,3103,1,1.668,
11640.0,heavy,3101,1,1.196,
11643.3,heavy,3102,0,3.496,ECONNREFUSED
11646.7,heavy,3103,1,1.636,
11650.0,heavy,3101,1,1.713,
11653.3,heavy,3102,0,3.114,ECONNREFUSED
11656.7,heavy,3103,1,1.300,
11660.0,heavy,3101,1,2.153,
11663.3,heavy,3102,0,3.007,ECONNREFUSED
11666.7,heavy,3103,1,1.755,
11670.0,heavy,3101,1,1.815,
11673.3,heavy,3102,0,1.996,ECONNREFUSED
11676.7,heavy,3103,1,2.118,
11680.0,heavy,3101,1,2.016,
11683.3,heavy,3102,0,2.626,ECONNREFUSED
11686.7,heavy,3103,1,1.038,
11690.0,heavy,3101,1,4.679,
11693.3,heavy,3102,0,5.453,ECONNREFUSED
11696.7,heavy,3103,1,3.157,
11700.0,light-2,3103,1,3.078,
11700.0,light-5,3103,1,3.599,
11700.0,light-3,3101,1,4.593,
11700.0,light-1,3102,0,5.060,ECONNREFUSED
11700.0,light-4,3102,0,5.511,ECONNREFUSED
11700.0,heavy,3101,1,4.646,
11703.3,heavy,3101,1,2.948,
11706.7,heavy,3102,0,1.949,ECONNREFUSED
11710.0,heavy,3103,1,1.829,
11713.3,heavy,3101,1,2.034,
11716.7,heavy,3102,0,2.110,ECONNREFUSED
11720.0,heavy,3103,1,2.180,
11723.3,heavy,3101,1,2.212,
11726.7,heavy,3102,0,3.460,ECONNREFUSED
11730.0,heavy,3103,1,2.902,
11733.3,heavy,3101,1,1.715,
11736.7,heavy,3102,0,5.522,ECONNREFUSED
11740.0,heavy,3103,1,3.161,
11743.3,heavy,3101,1,3.377,
11746.7,heavy,3102,0,4.826,ECONNREFUSED
11750.0,heavy,3103,1,2.353,
11753.3,heavy,3101,1,2.507,
11756.7,heavy,3102,0,4.066,ECONNREFUSED
11760.0,heavy,3103,1,2.202,
11763.3,heavy,3101,1,2.098,
11766.7,heavy,3102,0,2.537,ECONNREFUSED
11770.0,heavy,3103,1,2.378,
11773.3,heavy,3101,1,2.284,
11776.7,heavy,3102,0,3.456,ECONNREFUSED
11780.0,heavy,3103,1,1.101,
11783.3,heavy,3101,1,3.090,
11786.7,heavy,3102,0,3.151,ECONNREFUSED
11790.0,heavy,3103,1,1.530,
11793.3,heavy,3101,1,4.018,
11796.7,heavy,3102,0,2.030,ECONNREFUSED
11800.0,light-5,3101,1,3.466,
11800.0,light-4,3103,1,4.260,
11800.0,light-3,3102,0,4.766,ECONNREFUSED
11800.0,light-2,3101,1,5.479,
11800.0,light-1,3103,1,5.652,
11800.0,heavy,3103,1,3.186,
11803.3,heavy,3101,1,2.723,
11806.7,heavy,3102,0,5.053,ECONNREFUSED
11810.0,heavy,3102,0,4.659,ECONNREFUSED
11813.3,heavy,3103,1,1.116,
11816.7,heavy,3101,1,2.032,
11820.0,heavy,3102,0,2.462,ECONNREFUSED
11823.3,heavy,3103,1,1.424,
11826.7,heavy,3101,1,2.945,
11830.0,heavy,3102,0,4.818,ECONNREFUSED
11833.3,heavy,3103,1,2.535,
11836.7,heavy,3101,1,3.290,
11840.0,heavy,3102,0,4.520,ECONNREFUSED
11843.3,heavy,3103,1,1.579,
11846.7,heavy,3101,1,2.815,
11850.0,heavy,3102,0,5.532,ECONNREFUSED
11853.3,heavy,3103,1,2.504,
11856.7,heavy,3101,1,2.344,
11860.0,heavy,3102,0,3.513,ECONNREFUSED
11863.3,heavy,3103,1,1.239,
11866.7,heavy,3101,1,2.072,
11870.0,heavy,3102,0,3.106,ECONNREFUSED
11873.3,heavy,3103,1,1.484,
11876.7,heavy,3101,1,2.509,
11880.0,heavy,3102,0,4.832,ECONNREFUSED
11883.3,heavy,3103,1,2.023,
11886.7,heavy,3101,1,3.354,
11890.0,heavy,3102,0,3.872,ECONNREFUSED
11893.3,heavy,3103,1,1.227,
11896.7,heavy,3101,1,3.576,
11900.0,light-1,3103,1,3.283,
11900.0,light-2,3101,1,4.253,
11900.0,light-4,3103,1,4.255,
11900.0,light-5,3101,1,4.361,
11900.0,light-3,3102,0,6.760,ECONNREFUSED
11900.0,heavy,3102,0,6.935,ECONNREFUSED
11903.3,heavy,3102,0,6.764,ECONNREFUSED
11906.7,heavy,3103,1,2.717,
11910.0,heavy,3101,1,1.602,
11913.3,heavy,3102,0,4.266,ECONNREFUSED
11916.7,heavy,3103,1,2.287,
11920.0,heavy,3101,1,2.329,
11923.3,heavy,3102,0,3.099,ECONNREFUSED
11926.7,heavy,3103,1,1.693,
11930.0,heavy,3101,1,1.751,
11933.3,heavy,3102,0,3.419,ECONNREFUSED
11936.7,heavy,3103,1,1.240,
11940.0,heavy,3101,1,2.375,
11943.3,heavy,3102,0,3.911,ECONNREFUSED
11946.7,heavy,3103,1,2.143,
11950.0,heavy,3101,1,2.050,
11953.3,heavy,3102,0,3.830,ECONNREFUSED
11956.7,heavy,3103,1,1.763,
11960.0,heavy,3101,1,1.864,
11963.3,heavy,3102,0,3.660,ECONNREFUSED
11966.7,heavy,3103,1,1.680,
11970.0,heavy,3101,1,2.125,
11973.3,heavy,3102,0,2.880,ECONNREFUSED
11976.7,heavy,3103,1,1.735,
11980.0,heavy,3101,1,1.338,
11983.3,heavy,3102,0,5.789,ECONNREFUSED
11986.7,heavy,3103,1,3.162,
11990.0,heavy,3101,1,4.017,
11993.3,heavy,3102,0,6.728,ECONNREFUSED
11996.7,heavy,3103,1,2.756,
12000.0,light-2,3103,1,2.874,
12000.0,light-5,3103,1,2.981,
12000.0,light-3,3101,1,3.334,
12000.0,light-1,3102,0,5.332,ECONNREFUSED
12000.0,light-4,3102,0,5.194,ECONNREFUSED
12000.0,heavy,3101,1,3.383,
12003.3,heavy,3101,1,2.545,
12006.7,heavy,3102,0,1.993,ECONNREFUSED
12010.0,heavy,3103,1,1.259,
12013.3,heavy,3101,1,2.618,
12016.7,heavy,3102,0,3.797,ECONNREFUSED
12020.0,heavy,3103,1,1.793,
12023.3,heavy,3101,1,2.680,
12026.7,heavy,3102,0,4.221,ECONNREFUSED
12030.0,heavy,3103,1,1.179,
12033.3,heavy,3101,1,2.319,
12036.7,heavy,3102,0,3.589,ECONNREFUSED
12040.0,heavy,3103,1,2.180,
12043.3,heavy,3101,1,1.715,
12046.7,heavy,3102,0,3.255,ECONNREFUSED
12050.0,heavy,3103,1,1.655,
12053.3,heavy,3101,1,1.671,
12056.7,heavy,3102,0,2.734,ECONNREFUSED
12060.0,heavy,3103,1,0.989,
12063.3,heavy,3101,1,2.160,
12066.7,heavy,3102,0,3.071,ECONNREFUSED
12070.0,heavy,3103,1,1.770,
12073.3,heavy,3101,1,2.412,
12076.7,heavy,3102,0,2.139,ECONNREFUSED
12080.0,heavy,3103,1,2.270,
12083.3,heavy,3101,1,3.238,
12086.7,heavy,3102,0,3.528,ECONNREFUSED
12090.0,heavy,3103,1,1.432,
12093.3,heavy,3101,1,1.240,
12096.7,heavy,3102,0,5.872,ECONNREFUSED
12100.0,light-2,3103,1,2.986,
12100.0,light-3,3101,1,3.093,
12100.0,light-5,3103,1,3.552,
12100.0,light-1,3102,0,5.445,ECONNREFUSED
12100.0,light-4,3102,0,5.320,ECONNREFUSED
12100.0,heavy,3103,1,2.910,
12103.3,heavy,3101,1,3.039,
12106.7,heavy,3101,1,2.860,
12110.0,heavy,3102,0,1.852,ECONNREFUSED
12113.3,heavy,3103,1,1.614,
12116.7,heavy,3101,1,1.569,
12120.0,heavy,3102,0,1.713,ECONNREFUSED
12123.3,heavy,3103,1,2.367,
12126.7,heavy,3101,1,2.278,
12130.0,heavy,3102,0,3.591,ECONNREFUSED
12133.3,heavy,3103,1,2.723,
12136.7,heavy,3101,1,1.966,
12140.0,heavy,3102,0,5.374,ECONNREFUSED
12143.3,heavy,3103,1,1.217,
12146.7,heavy,3101,1,1.386,
12150.0,heavy,3102,0,4.923,ECONNREFUSED
12153.3,heavy,3103,1,1.909,
12156.7,heavy,3101,1,1.144,
12160.0,heavy,3102,0,3.510,ECONNREFUSED
12163.3,heavy,3103,1,1.642,
12166.7,heavy,3101,1,1.630,
12170.0,heavy,3102,0,2.176,ECONNREFUSED
12173.3,heavy,3103,1,2.142,
12176.7,heavy,3101,1,2.777,
12180.0,heavy,3102,0,3.483,ECONNREFUSED
12183.3,heavy,3103,1,1.751,
12186.7,heavy,3101,1,3.153,
12190.0,heavy,3102,0,3.283,ECONNREFUSED
12193.3,heavy,3103,1,1.566,
12196.7,heavy,3101,1,4.747,
12200.0,light-1,3103,1,2.404,
12200.0,light-2,3101,1,2.607,
12200.0,light-5,3101,1,2.481,
12200.0,light-4,3103,1,2.684,
12200.0,light-3,3102,0,5.037,ECONNREFUSED
12200.0,heavy,3102,0,5.321,ECONNREFUSED
12203.3,heavy,3102,0,4.109,ECONNREFUSED
12206.7,heavy,3103,1,1.526,
12210.0,heavy,3101,1,2.237,
12213.3,heavy,3102,0,1.892,ECONNREFUSED
12216.7,heavy,3103,1,2.184,
12220.0,heavy,3101,1,3.369,
12223.3,heavy,3102,0,3.552,ECONNREFUSED
12226.7,heavy,3103,0,2.872,
12230.0,heavy,3101,0,3.314,
12233.3,heavy,3102,0,1.996,ECONNREFUSED
12236.7,heavy,3103,1,2.180,
12240.0,heavy,3101,1,4.484,
12243.3,heavy,3102,0,2.738,ECONNREFUSED
12246.7,heavy,3103,0,1.172,
12250.0,heavy,3101,0,3.981,
12253.3,heavy,3102,0,3.184,ECONNREFUSED
12256.7,heavy,3103,1,1.718,
12260.0,heavy,3101,0,2.967,
12263.3,heavy,3102,0,2.468,ECONNREFUSED
12266.7,heavy,3103,1,2.542,
12270.0,heavy,3101,1,4.300,
12273.3,heavy,3102,0,4.529,ECONNREFUSED
12276.7,heavy,3103,0,1.794,
12280.0,heavy,3101,0,3.355,
12283.3,heavy,3102,0,2.132,ECONNREFUSED
12286.7,heavy,3103,1,1.464,
12290.0,heavy,3101,0,3.163,
12293.3,heavy,3102,0,1.793,ECONNREFUSED
12296.7,heavy,3103,1,3.114,
12300.0,light-1,3103,1,3.237,
12300.0,light-4,3103,1,3.677,
12300.0,light-2,3101,1,4.365,
12300.0,light-5,3101,1,4.186,
12300.0,light-3,3102,0,5.319,ECONNREFUSED
12300.0,heavy,3101,1,6.066,
12303.3,heavy,3102,0,5.531,ECONNREFUSED
12306.7,heavy,3102,0,5.147,ECONNREFUSED
12310.0,heavy,3103,0,2.015,
12313.3,heavy,3101,1,3.820,
12316.7,heavy,3102,0,2.218,ECONNREFUSED
12320.0,heavy,3103,0,1.390,
12323.3,heavy,3101,1,3.916,
12326.7,heavy,3102,0,1.978,ECONNREFUSED
12330.0,heavy,3103,1,2.281,
12333.3,heavy,3101,0,3.704,
12336.7,heavy,3102,0,3.147,ECONNREFUSED
12340.0,heavy,3103,0,1.301,
12343.3,heavy,3101,1,4.785,
12346.7,heavy,3102,0,3.425,ECONNREFUSED
12350.0,heavy,3103,1,2.026,
12353.3,heavy,3101,0,3.787,
12356.7,heavy,3102,0,2.448,ECONNREFUSED
12360.0,heavy,3103,1,2.254,
12363.3,heavy,3101,0,3.536,
12366.7,heavy,3102,0,3.185,ECONNREFUSED
12370.0,heavy,3103,0,1.418,
12373.3,heavy,3101,1,3.951,
12376.7,heavy,3102,0,2.686,ECONNREFUSED
12380.0,heavy,3103,1,1.645,
12383.3,heavy,3101,0,2.673,
12386.7,heavy,3102,0,2.007,ECONNREFUSED
12390.0,heavy,3103,1,2.016,
12393.3,heavy,3101,0,4.125,
12396.7,heavy,3102,0,3.684,ECONNREFUSED
12400.0,light-1,3101,1,3.373,
12400.0,light-4,3101,1,3.390,
12400.0,light-3,3103,1,3.606,
12400.0,light-2,3102,0,5.379,ECONNREFUSED
12400.0,light-5,3102,0,5.253,ECONNREFUSED
12400.0,heavy,3103,0,3.731,
12403.3,heavy,3103,1,2.373,
12406.7,heavy,3101,0,3.013,
12410.0,heavy,3102,0,2.029,ECONNREFUSED
12413.3,heavy,3103,1,1.415,
12416.7,heavy,3101,0,2.776,
12420.0,heavy,3102,0,2.858,ECONNREFUSED
12423.3,heavy,3103,1,0.947,
12426.7,heavy,3101,0,1.844,
12430.0,heavy,3102,0,2.879,ECONNREFUSED
12433.3,heavy,3103,1,1.613,
12436.7,heavy,3101,0,3.197,
12440.0,heavy,3102,0,2.943,ECONNREFUSED
12443.3,heavy,3103,1,0.896,
12446.7,heavy,3101,0,3.862,
12450.0,heavy,3102,0,3.183,ECONNREFUSED
12453.3,heavy,3103,1,1.297,
12456.7,heavy,3101,0,4.278,
12460.0,heavy,3102,0,3.529,ECONNREFUSED
12463.3,heavy,3103,1,1.592,
12466.7,heavy,3101,0,3.924,
12470.0,heavy,3102,0,3.189,ECONNREFUSED
12473.3,heavy,3103,1,1.274,
12476.7,heavy,3101,0,3.925,
12480.0,heavy,3102,0,2.945,ECONNREFUSED
12483.3,heavy,3103,1,1.151,
12486.7,heavy,3101,0,2.772,
12490.0,heavy,3102,0,2.428,ECONNREFUSED
12493.3,heavy,3103,1,1.247,
12496.7,heavy,3101,0,3.581,
12500.0,light-2,3101,1,2.288,
12500.0,light-1,3103,1,2.591,
12500.0,light-5,3101,1,3.039,
12500.0,light-4,3103,1,3.303,
12500.0,light-3,3102,0,4.779,ECONNREFUSED
12500.0,heavy,3102,0,5.049,ECONNREFUSED
12503.3,heavy,3102,0,2.807,ECONNREFUSED
12506.7,heavy,3103,1,0.985,
12510.0,heavy,3101,1,5.535,
12513.3,heavy,3102,0,2.147,ECONNREFUSED
12516.7,heavy,3103,0,1.440,
12520.0,heavy,3101,0,3.496,
12523.3,heavy,3102,0,3.006,ECONNREFUSED
12526.7,heavy,3103,1,1.327,
12530.0,heavy,3101,0,3.352,
12533.3,heavy,3102,0,2.341,ECONNREFUSED
12536.7,heavy,3103,1,1.302,
12540.0,heavy,3101,0,2.942,
12543.3,heavy,3102,0,1.899,ECONNREFUSED
12546.7,heavy,3103,1,1.986,
12550.0,heavy,3101,0,3.158,
12553.3,heavy,3102,0,2.624,ECONNREFUSED
12556.7,heavy,3103,1,1.165,
12560.0,heavy,3101,1,4.523,
12563.3,heavy,3102,0,3.277,ECONNREFUSED
12566.7,heavy,3103,1,1.700,
12570.0,heavy,3101,0,4.051,
12573.3,heavy,3102,0,3.267,ECONNREFUSED
12576.7,heavy,3103,0,0.954,
12580.0,heavy,3101,0,4.229,
12583.3,heavy,3102,0,3.331,ECONNREFUSED
12586.7,heavy,3103,1,1.617,
12590.0,heavy,3101,0,3.116,
12593.3,heavy,3102,0,1.883,ECONNREFUSED
12596.7,heavy,3103,1,3.005,
12600.0,light-2,3103,1,3.263,
12600.0,light-1,3102,0,4.474,ECONNREFUSED
12600.0,light-4,3102,0,4.426,ECONNREFUSED
12600.0,light-5,3103,1,5.249,
12600.0,light-3,3101,1,7.595,
12600.0,heavy,3101,1,5.935,
12603.3,heavy,3101,0,3.951,
12606.7,heavy,3102,0,3.153,ECONNREFUSED
12610.0,heavy,3103,0,1.355,
12613.3,heavy,3101,1,4.319,
12616.7,heavy,3102,0,2.292,ECONNREFUSED
12620.0,heavy,3103,0,1.120,
12623.3,heavy,3101,1,4.258,
12626.7,heavy,3102,0,2.592,ECONNREFUSED
12630.0,heavy,3103,1,1.527,
12633.3,heavy,3101,0,3.405,
12636.7,heavy,3102,0,2.181,ECONNREFUSED
12640.0,heavy,3103,0,0.977,
12643.3,heavy,3101,1,3.739,
12646.7,heavy,3102,0,2.673,ECONNREFUSED
12650.0,heavy,3103,0,1.444,
12653.3,heavy,3101,1,5.550,
12656.7,heavy,3102,0,4.031,ECONNREFUSED
12660.0,heavy,3103,1,1.550,
12663.3,heavy,3101,0,5.125,
12666.7,heavy,3102,0,4.690,ECONNREFUSED
12670.0,heavy,3103,0,1.340,
12673.3,heavy,3101,0,4.506,
12676.7,heavy,3102,0,3.855,ECONNREFUSED
12680.0,heavy,3103,1,2.097,
12683.3,heavy,3101,0,3.932,
12686.7,heavy,3102,0,4.075,ECONNREFUSED
12690.0,heavy,3103,1,1.645,
12693.3,heavy,3101,1,4.251,
12696.7,heavy,3102,0,2.642,ECONNREFUSED
12700.0,light-1,3101,1,2.863,
12700.0,light-3,3103,1,3.650,
12700.0,light-2,3102,0,4.962,ECONNREFUSED
12700.0,light-4,3101,1,4.948,
12700.0,light-5,3102,0,5.167,ECONNREFUSED
12700.0,heavy,3103,0,2.748,
12703.3,heavy,3103,1,2.084,
12706.7,heavy,3101,1,14.534,
12710.0,heavy,3102,0,5.658,ECONNREFUSED
12713.3,heavy,3103,0,1.793,
12716.7,heavy,3101,0,2.317,
12720.0,heavy,3102,0,4.392,ECONNREFUSED
12723.3,heavy,3103,1,2.036,
12726.7,heavy,3101,0,6.811,
12730.0,heavy,3102,0,2.903,ECONNREFUSED
12733.3,heavy,3103,1,3.390,
12736.7,heavy,3101,0,5.025,
12740.0,heavy,3102,0,2.834,ECONNREFUSED
12743.3,heavy,3103,1,1.259,
12746.7,heavy,3101,0,3.430,
12750.0,heavy,3102,0,2.249,ECONNREFUSED
12753.3,heavy,3103,1,1.153,
12756.7,heavy,3101,0,4.204,
12760.0,heavy,3102,0,2.796,ECONNREFUSED
12763.3,heavy,3103,1,1.548,
12766.7,heavy,3101,0,4.202,
12770.0,heavy,3102,0,2.529,ECONNREFUSED
12773.3,heavy,3103,1,1.453,
12776.7,heavy,3101,1,4.228,
12780.0,heavy,3102,0,3.021,ECONNREFUSED
12783.3,heavy,3103,0,1.988,
12786.7,heavy,3101,0,5.230,
12790.0,heavy,3102,0,4.571,ECONNREFUSED
12793.3,heavy,3103,1,1.965,
12796.7,heavy,3101,0,4.813,
12800.0,light-2,3101,1,3.816,
12800.0,light-1,3103,1,4.188,
12800.0,light-4,3103,1,4.612,
12800.0,light-5,3101,1,4.753,
12800.0,light-3,3102,0,7.197,ECONNREFUSED
12800.0,heavy,3102,0,7.604,ECONNREFUSED
12803.3,heavy,3102,0,5.642,ECONNREFUSED
12806.7,heavy,3103,1,2.254,
12810.0,heavy,3101,1,4.599,
12813.3,heavy,3102,0,2.844,ECONNREFUSED
12816.7,heavy,3103,0,1.017,
12820.0,heavy,3101,0,4.362,
12823.3,heavy,3102,0,3.509,ECONNREFUSED
12826.7,heavy,3103,1,1.680,
12830.0,heavy,3101,0,3.988,
12833.3,heavy,3102,0,2.848,ECONNREFUSED
12836.7,heavy,3103,1,1.508,
12840.0,heavy,3101,1,4.468,
12843.3,heavy,3102,0,2.671,ECONNREFUSED
12846.7,heavy,3103,0,1.097,
12850.0,heavy,3101,0,4.757,
12853.3,heavy,3102,0,3.538,ECONNREFUSED
12856.7,heavy,3103,1,2.141,
12860.0,heavy,3101,0,2.888,
12863.3,heavy,3102,0,2.490,ECONNREFUSED
12866.7,heavy,3103,1,2.563,
12870.0,heavy,3101,0,4.033,
12873.3,heavy,3102,0,3.524,ECONNREFUSED
12876.7,heavy,3103,1,1.663,
12880.0,heavy,3101,0,3.917,
12883.3,heavy,3102,0,2.702,ECONNREFUSED
12886.7,heavy,3103,1,1.327,
12890.0,heavy,3101,0,3.478,
12893.3,heavy,3102,0,2.402,ECONNREFUSED
12896.7,heavy,3103,1,3.252,
12900.0,light-4,3103,1,4.153,
12900.0,light-5,3101,1,5.041,
12900.0,light-3,3102,0,5.725,ECONNREFUSED
12900.0,light-1,3103,1,6.320,
12900.0,light-2,3101,1,7.723,
12900.0,heavy,3101,1,6.798,
12903.3,heavy,3102,0,5.920,ECONNREFUSED
12906.7,heavy,3102,0,6.360,ECONNREFUSED
12910.0,heavy,3103,0,3.472,
12913.3,heavy,3101,1,4.264,
12916.7,heavy,3102,0,3.516,ECONNREFUSED
12920.0,heavy,3103,0,1.556,
12923.3,heavy,3101,1,4.320,
12926.7,heavy,3102,0,3.189,ECONNREFUSED
12930.0,heavy,3103,1,1.715,
12933.3,heavy,3101,0,3.981,
12936.7,heavy,3102,0,3.771,ECONNREFUSED
12940.0,heavy,3103,0,1.464,
12943.3,heavy,3101,0,4.032,
12946.7,heavy,3102,0,3.185,ECONNREFUSED
12950.0,heavy,3103,1,1.246,
12953.3,heavy,3101,1,3.793,
12956.7,heavy,3102,0,2.203,ECONNREFUSED
12960.0,heavy,3103,0,1.018,
12963.3,heavy,3101,1,4.127,
12966.7,heavy,3102,0,2.272,ECONNREFUSED
12970.0,heavy,3103,0,0.948,
12973.3,heavy,3101,1,4.684,
12976.7,heavy,3102,0,3.028,ECONNREFUSED
12980.0,heavy,3103,1,1.671,
12983.3,heavy,3101,0,4.404,
12986.7,heavy,3102,0,2.623,ECONNREFUSED
12990.0,heavy,3103,1,2.235,
12993.3,heavy,3101,0,5.359,
12996.7,heavy,3102,0,7.976,ECONNREFUSED
13000.0,light-3,3103,1,5.085,
13000.0,light-1,3101,1,5.656,
13000.0,light-4,3101,1,5.353,
13000.0,light-2,3102,0,8.535,ECONNREFUSED
13000.0,light-5,3102,0,8.328,ECONNREFUSED
13000.0,heavy,3103,0,4.878,
13003.3,heavy,3103,1,4.427,
13006.7,heavy,3101,0,4.306,
13010.0,heavy,3102,0,4.367,ECONNREFUSED
13013.3,heavy,3103,1,1.675,
13016.7,heavy,3101,0,4.990,
13020.0,heavy,3102,0,4.983,ECONNREFUSED
13023.3,heavy,3103,1,2.111,
13026.7,heavy,3101,0,4.708,
13030.0,heavy,3102,0,5.264,ECONNREFUSED
13033.3,heavy,3103,1,1.435,
13036.7,heavy,3101,0,3.540,
13040.0,heavy,3102,0,3.005,ECONNREFUSED
13043.3,heavy,3103,1,1.570,
13046.7,heavy,3101,0,3.203,
13050.0,heavy,3102,0,2.458,ECONNREFUSED
13053.3,heavy,3103,1,1.630,
13056.7,heavy,3101,0,3.571,
13060.0,heavy,3102,0,2.523,ECONNREFUSED
13063.3,heavy,3103,1,0.921,
13066.7,heavy,3101,0,4.121,
13070.0,heavy,3102,0,3.226,ECONNREFUSED
13073.3,heavy,3103,1,1.431,
13076.7,heavy,3101,0,3.804,
13080.0,heavy,3102,0,3.311,ECONNREFUSED
13083.3,heavy,3103,1,1.353,
13086.7,heavy,3101,0,3.508,
13090.0,heavy,3102,0,2.425,ECONNREFUSED
13093.3,heavy,3103,1,1.204,
13096.7,heavy,3101,0,7.172,
13100.0,light-3,3103,1,3.891,
13100.0,light-1,3101,1,5.636,
13100.0,light-4,3101,1,5.499,
13100.0,light-2,3102,0,7.116,ECONNREFUSED
13100.0,light-5,3102,0,7.033,ECONNREFUSED
13100.0,heavy,3102,0,7.341,ECONNREFUSED
13103.3,heavy,3103,1,3.313,
13106.7,heavy,3103,0,3.825,
13110.0,heavy,3101,1,3.861,
13113.3,heavy,3102,0,2.199,ECONNREFUSED
13116.7,heavy,3103,0,1.341,
13120.0,heavy,3101,0,3.112,
13123.3,heavy,3102,0,2.162,ECONNREFUSED
13126.7,heavy,3103,1,2.710,
13130.0,heavy,3101,1,4.504,
13133.3,heavy,3102,0,3.711,ECONNREFUSED
13136.7,heavy,3103,0,1.624,
13140.0,heavy,3101,0,1.870,
13143.3,heavy,3102,0,3.239,ECONNREFUSED
13146.7,heavy,3103,1,1.410,
13150.0,heavy,3101,0,3.487,
13153.3,heavy,3102,0,2.095,ECONNREFUSED
13156.7,heavy,3103,1,2.304,
13160.0,heavy,3101,1,4.033,
13163.3,heavy,3102,0,3.406,ECONNREFUSED
13166.7,heavy,3103,0,1.642,
13170.0,heavy,3101,0,2.007,
13173.3,heavy,3102,0,2.687,ECONNREFUSED
13176.7,heavy,3103,1,1.138,
13180.0,heavy,3101,0,3.327,
13183.3,heavy,3102,0,2.095,ECONNREFUSED
13186.7,heavy,3103,1,2.611,
13190.0,heavy,3101,0,5.424,
13193.3,heavy,3102,0,5.100,ECONNREFUSED
13196.7,heavy,3103,1,2.115,
13200.0,light-2,3103,1,3.553,
13200.0,light-5,3103,1,4.147,
13200.0,light-3,3101,1,4.600,
13200.0,light-1,3102,0,6.558,ECONNREFUSED
13200.0,light-4,3102,0,6.150,ECONNREFUSED
13200.0,heavy,3101,0,6.292,
13203.3,heavy,3101,1,4.730,
13206.7,heavy,3102,0,2.495,ECONNREFUSED
13210.0,heavy,3103,0,1.307,
13213.3,heavy,3101,1,5.344,
13216.7,heavy,3102,0,3.674,ECONNREFUSED
13220.0,heavy,3103,1,1.307,
13223.3,heavy,3101,0,4.891,
13226.7,heavy,3102,0,4.490,ECONNREFUSED
13230.0,heavy,3103,0,1.959,
13233.3,heavy,3101,1,3.728,
13236.7,heavy,3102,0,2.724,ECONNREFUSED
13240.0,heavy,3103,1,2.353,
13243.3,heavy,3101,0,6.049,
13246.7,heavy,3102,0,2.786,ECONNREFUSED
13250.0,heavy,3103,0,1.498,
13253.3,heavy,3101,0,4.228,
13256.7,heavy,3102,0,3.136,ECONNREFUSED
13260.0,heavy,3103,1,1.459,
13263.3,heavy,3101,1,3.522,
13266.7,heavy,3102,0,2.215,ECONNREFUSED
13270.0,heavy,3103,1,1.627,
13273.3,heavy,3101,0,3.124,
13276.7,heavy,3102,0,2.749,ECONNREFUSED
13280.0,heavy,3103,1,1.774,
13283.3,heavy,3101,0,3.135,
13286.7,heavy,3102,0,2.594,ECONNREFUSED
13290.0,heavy,3103,0,2.085,
13293.3,heavy,3101,1,3.880,
13296.7,heavy,3102,0,2.761,ECONNREFUSED
13300.0,light-2,3103,1,3.823,
13300.0,light-5,3103,1,3.759,
13300.0,light-3,3101,1,5.052,
13300.0,light-1,3102,0,5.653,ECONNREFUSED
13300.0,light-4,3102,0,5.802,ECONNREFUSED
13300.0,heavy,3103,1,3.395,
13303.3,heavy,3101,0,5.959,
13306.7,heavy,3101,0,4.578,
13310.0,heavy,3102,0,3.266,ECONNREFUSED
13313.3,heavy,3103,1,1.250,
13316.7,heavy,3101,0,3.870,
13320.0,heavy,3102,0,3.135,ECONNREFUSED
13323.3,heavy,3103,1,1.419,
13326.7,heavy,3101,0,4.022,
13330.0,heavy,3102,0,3.449,ECONNREFUSED
13333.3,heavy,3103,1,1.563,
13336.7,heavy,3101,0,3.766,
13340.0,heavy,3102,0,2.988,ECONNREFUSED
13343.3,heavy,3103,0,0.889,
13346.7,heavy,3101,1,4.032,
13350.0,heavy,3102,0,2.398,ECONNREFUSED
13353.3,heavy,3103,1,1.310,
13356.7,heavy,3101,0,3.152,
13360.0,heavy,3102,0,1.764,ECONNREFUSED
13363.3,heavy,3103,1,1.560,
13366.7,heavy,3101,0,3.209,
13370.0,heavy,3102,0,2.740,ECONNREFUSED
13373.3,heavy,3103,1,1.235,
13376.7,heavy,3101,1,4.464,
13380.0,heavy,3102,0,3.000,ECONNREFUSED
13383.3,heavy,3103,0,2.450,
13386.7,heavy,3101,0,1.758,
13390.0,heavy,3102,0,5.718,ECONNREFUSED
13393.3,heavy,3103,1,2.544,
13396.7,heavy,3101,0,4.767,
13400.0,light-1,3103,1,3.338,
13400.0,light-4,3103,1,3.214,
13400.0,light-2,3101,1,3.857,
13400.0,light-5,3101,1,4.107,
13400.0,light-3,3102,0,5.407,ECONNREFUSED
13400.0,heavy,3102,0,5.722,ECONNREFUSED
13403.3,heavy,3102,0,3.486,ECONNREFUSED
13406.7,heavy,3103,1,2.096,
13410.0,heavy,3101,1,3.248,
13413.3,heavy,3102,0,2.805,ECONNREFUSED
13416.7,heavy,3103,0,1.043,
13420.0,heavy,3101,0,3.387,
13423.3,heavy,3102,0,2.689,ECONNREFUSED
13426.7,heavy,3103,1,1.637,
13430.0,heavy,3101,0,1.787,
13433.3,heavy,3102,0,6.424,ECONNREFUSED
13436.7,heavy,3103,1,3.655,
13440.0,heavy,3101,1,5.599,
13443.3,heavy,3102,0,6.026,ECONNREFUSED
13446.7,heavy,3103,0,2.813,
13450.0,heavy,3101,0,2.995,
13453.3,heavy,3102,0,3.112,ECONNREFUSED
13456.7,heavy,3103,1,1.258,
13460.0,heavy,3101,0,3.432,
13463.3,heavy,3102,0,2.639,ECONNREFUSED
13466.7,heavy,3103,1,2.328,
13470.0,heavy,3101,0,3.993,
13473.3,heavy,3102,0,3.370,ECONNREFUSED
13476.7,heavy,3103,1,1.589,
13480.0,heavy,3101,0,3.304,
13483.3,heavy,3102,0,2.835,ECONNREFUSED
13486.7,heavy,3103,1,1.338,
13490.0,heavy,3101,0,2.888,
13493.3,heavy,3102,0,2.106,ECONNREFUSED
13496.7,heavy,3103,1,3.340,
13500.0,light-3,3103,1,3.645,
13500.0,light-1,3101,1,4.454,
13500.0,light-4,3101,1,5.167,
13500.0,light-2,3102,0,5.934,ECONNREFUSED
13500.0,light-5,3102,0,5.930,ECONNREFUSED
13500.0,heavy,3101,0,6.160,
13503.3,heavy,3102,0,5.959,ECONNREFUSED
13506.7,heavy,3103,1,3.608,
13510.0,heavy,3103,0,2.030,
13513.3,heavy,3101,1,3.794,
13516.7,heavy,3102,0,2.171,ECONNREFUSED
13520.0,heavy,3103,0,1.274,
13523.3,heavy,3101,1,4.889,
13526.7,heavy,3102,0,3.564,ECONNREFUSED
13530.0,heavy,3103,1,1.679,
13533.3,heavy,3101,0,4.418,
13536.7,heavy,3102,0,3.966,ECONNREFUSED
13540.0,heavy,3103,0,1.605,
13543.3,heavy,3101,1,4.250,
13546.7,heavy,3102,0,3.471,ECONNREFUSED
13550.0,heavy,3103,1,2.072,
13553.3,heavy,3101,0,2.635,
13556.7,heavy,3102,0,2.299,ECONNREFUSED
13560.0,heavy,3103,1,1.613,
13563.3,heavy,3101,0,4.091,
13566.7,heavy,3102,0,3.030,ECONNREFUSED
13570.0,heavy,3103,0,1.209,
13573.3,heavy,3101,1,4.161,
13576.7,heavy,3102,0,2.886,ECONNREFUSED
13580.0,heavy,3103,1,1.704,
13583.3,heavy,3101,0,2.757,
13586.7,heavy,3102,0,4.961,ECONNREFUSED
13590.0,heavy,3103,1,2.109,
13593.3,heavy,3101,0,4.981,
13596.7,heavy,3102,0,8.796,ECONNREFUSED
13600.0,light-1,3101,1,4.243,
13600.0,light-4,3101,1,4.917,
13600.0,light-3,3103,1,5.176,
13600.0,light-2,3102,0,6.912,ECONNREFUSED
13600.0,light-5,3102,0,8.106,ECONNREFUSED
13600.0,heavy,3103,0,4.640,
13603.3,heavy,3103,1,2.551,
13606.7,heavy,3101,0,3.488,
13610.0,heavy,3102,0,2.606,ECONNREFUSED
13613.3,heavy,3103,1,1.230,
13616.7,heavy,3101,0,3.681,
13620.0,heavy,3102,0,2.998,ECONNREFUSED
13623.3,heavy,3103,1,1.854,
13626.7,heavy,3101,0,1.988,
13630.0,heavy,3102,0,3.678,ECONNREFUSED
13633.3,heavy,3103,1,1.705,
13636.7,heavy,3101,0,4.085,
13640.0,heavy,3102,0,3.792,ECONNREFUSED
13643.3,heavy,3103,1,1.117,
13646.7,heavy,3101,0,3.718,
13650.0,heavy,3102,0,2.919,ECONNREFUSED
13653.3,heavy,3103,1,1.780,
13656.7,heavy,3101,0,2.100,
13660.0,heavy,3102,0,3.804,ECONNREFUSED
13663.3,heavy,3103,1,1.776,
13666.7,heavy,3101,0,3.831,
13670.0,heavy,3102,0,4.250,ECONNREFUSED
13673.3,heavy,3103,1,1.716,
13676.7,heavy,3101,0,3.756,
13680.0,heavy,3102,0,3.208,ECONNREFUSED
13683.3,heavy,3103,1,1.484,
13686.7,heavy,3101,0,3.254,
13690.0,heavy,3102,0,3.070,ECONNREFUSED
13693.3,heavy,3103,1,3.584,
13696.7,heavy,3101,1,6.681,
13700.0,light-1,3103,1,3.160,
13700.0,light-4,3103,1,3.368,
13700.0,light-2,3101,1,4.552,
13700.0,light-5,3101,1,4.502,
13700.0,light-3,3102,0,7.301,ECONNREFUSED
13700.0,heavy,3102,0,7.985,ECONNREFUSED
13703.3,heavy,3102,0,6.553,ECONNREFUSED
13706.7,heavy,3103,0,3.080,
13710.0,heavy,3101,0,3.129,
13713.3,heavy,3102,0,2.642,ECONNREFUSED
13716.7,heavy,3103,1,1.224,
13720.0,heavy,3101,1,4.207,
13723.3,heavy,3102,0,3.009,ECONNREFUSED
13726.7,heavy,3103,1,1.534,
13730.0,heavy,3101,0,3.855,
13733.3,heavy,3102,0,3.446,ECONNREFUSED
13736.7,heavy,3103,0,1.288,
13740.0,heavy,3101,1,7.304,
13743.3,heavy,3102,0,2.585,ECONNREFUSED
13746.7,heavy,3103,1,2.026,
13750.0,heavy,3101,0,6.587,
13753.3,heavy,3102,0,2.322,ECONNREFUSED
13756.7,heavy,3103,0,1.174,
13760.0,heavy,3101,1,4.318,
13763.3,heavy,3102,0,2.836,ECONNREFUSED
13766.7,heavy,3103,0,1.239,
13770.0,heavy,3101,0,3.601,
13773.3,heavy,3102,0,2.497,ECONNREFUSED
13776.7,heavy,3103,1,1.384,
13780.0,heavy,3101,0,3.135,
13783.3,heavy,3102,0,2.043,ECONNREFUSED
13786.7,heavy,3103,1,1.821,
13790.0,heavy,3101,0,5.059,
13793.3,heavy,3102,0,3.432,ECONNREFUSED
13796.7,heavy,3103,1,1.247,
13800.0,light-2,3103,1,2.374,
13800.0,light-1,3102,0,4.703,ECONNREFUSED
13800.0,light-4,3102,0,4.915,ECONNREFUSED
13800.0,light-5,3103,1,5.198,
13800.0,light-3,3101,1,7.407,
13800.0,heavy,3101,1,6.116,
13803.3,heavy,3101,0,2.826,
13806.7,heavy,3102,0,3.466,ECONNREFUSED
13810.0,heavy,3103,0,1.431,
13813.3,heavy,3101,1,4.928,
13816.7,heavy,3102,0,3.828,ECONNREFUSED
13820.0,heavy,3103,1,2.421,
13823.3,heavy,3101,0,4.761,
13826.7,heavy,3102,0,4.121,ECONNREFUSED
13830.0,heavy,3103,0,1.519,
13833.3,heavy,3101,1,4.661,
13836.7,heavy,3102,0,2.716,ECONNREFUSED
13840.0,heavy,3103,1,1.424,
13843.3,heavy,3101,0,4.399,
13846.7,heavy,3102,0,2.568,ECONNREFUSED
13850.0,heavy,3103,1,2.895,
13853.3,heavy,3101,0,4.060,
13856.7,heavy,3102,0,4.382,ECONNREFUSED
13860.0,heavy,3103,0,1.390,
13863.3,heavy,3101,1,4.308,
13866.7,heavy,3102,0,3.193,ECONNREFUSED
13870.0,heavy,3103,1,1.644,
13873.3,heavy,3101,0,2.944,
13876.7,heavy,3102,0,2.649,ECONNREFUSED
13880.0,heavy,3103,1,2.549,
13883.3,heavy,3101,0,4.794,
13886.7,heavy,3102,0,3.570,ECONNREFUSED
13890.0,heavy,3103,0,1.580,
13893.3,heavy,3101,1,4.244,
13896.7,heavy,3102,0,2.436,ECONNREFUSED
13900.0,light-2,3103,1,2.871,
13900.0,light-5,3103,1,3.799,
13900.0,light-3,3101,1,4.295,
13900.0,light-1,3102,0,5.268,ECONNREFUSED
13900.0,light-4,3102,0,5.421,ECONNREFUSED
13900.0,heavy,3103,1,2.644,
13903.3,heavy,3101,0,5.494,
13906.7,heavy,3101,0,3.761,
13910.0,heavy,3102,0,2.316,ECONNREFUSED
13913.3,heavy,3103,1,1.495,
13916.7,heavy,3101,0,3.175,
13920.0,heavy,3102,0,2.690,ECONNREFUSED
13923.3,heavy,3103,0,1.086,
13926.7,heavy,3101,1,4.036,
13930.0,heavy,3102,0,2.943,ECONNREFUSED
13933.3,heavy,3103,1,2.168,
13936.7,heavy,3101,0,3.554,
13940.0,heavy,3102,0,3.413,ECONNREFUSED
13943.3,heavy,3103,1,1.008,
13946.7,heavy,3101,1,3.638,
13950.0,heavy,3102,0,2.532,ECONNREFUSED
13953.3,heavy,3103,0,1.700,
13956.7,heavy,3101,0,3.722,
13960.0,heavy,3102,0,3.052,ECONNREFUSED
13963.3,heavy,3103,1,1.506,
13966.7,heavy,3101,0,3.294,
13970.0,heavy,3102,0,2.562,ECONNREFUSED
13973.3,heavy,3103,1,2.055,
13976.7,heavy,3101,0,3.380,
13980.0,heavy,3102,0,2.804,ECONNREFUSED
13983.3,heavy,3103,1,1.756,
13986.7,heavy,3101,0,2.527,
13990.0,heavy,3102,0,3.742,ECONNREFUSED
13993.3,heavy,3103,1,1.240,
13996.7,heavy,3101,0,3.483,
14000.0,light-5,3101,1,3.541,
14000.0,light-4,3103,1,3.764,
14000.0,light-1,3103,1,5.704,
14000.0,light-2,3101,1,5.823,
14000.0,light-3,3102,0,6.097,ECONNREFUSED
14000.0,heavy,3102,0,5.755,ECONNREFUSED
14003.3,heavy,3102,0,5.803,ECONNREFUSED
14006.7,heavy,3103,1,1.434,
14010.0,heavy,3101,0,3.062,
14013.3,heavy,3102,0,4.384,ECONNREFUSED
14016.7,heavy,3103,1,1.908,
14020.0,heavy,3101,0,4.819,
14023.3,heavy,3102,0,4.514,ECONNREFUSED
14026.7,heavy,3103,1,2.640,
14030.0,heavy,3101,0,2.618,
14033.3,heavy,3102,0,2.540,ECONNREFUSED
14036.7,heavy,3103,1,1.157,
14040.0,heavy,3101,1,3.871,
14043.3,heavy,3102,0,2.119,ECONNREFUSED
14046.7,heavy,3103,0,1.089,
14050.0,heavy,3101,0,3.969,
14053.3,heavy,3102,0,4.692,ECONNREFUSED
14056.7,heavy,3103,1,1.517,
14060.0,heavy,3101,0,3.255,
14063.3,heavy,3102,0,9.161,ECONNREFUSED
14066.7,heavy,3103,1,1.202,
14070.0,heavy,3101,1,23.894,
14073.3,heavy,3102,0,2.160,ECONNREFUSED
14076.7,heavy,3103,0,9.116,
14080.0,heavy,3101,1,9.965,
14083.3,heavy,3102,0,2.707,ECONNREFUSED
14086.7,heavy,3103,1,8.400,
14090.0,heavy,3101,0,2.660,
14093.3,heavy,3102,0,2.149,ECONNREFUSED
14096.7,heavy,3103,0,3.473,
14100.0,light-1,3102,0,3.412,ECONNREFUSED
14100.0,light-3,3101,1,3.761,
14100.0,light-4,3102,0,3.942,ECONNREFUSED
14100.0,light-2,3103,1,4.273,
14100.0,light-5,3103,1,4.456,
14100.0,heavy,3101,1,6.162,
14103.3,heavy,3101,0,3.202,
14106.7,heavy,3102,0,2.449,ECONNREFUSED
14110.0,heavy,3103,1,1.352,
14113.3,heavy,3101,0,3.903,
14116.7,heavy,3102,0,3.116,ECONNREFUSED
14120.0,heavy,3103,1,2.181,
14123.3,heavy,3101,0,3.732,
14126.7,heavy,3102,0,3.206,ECONNREFUSED
14130.0,heavy,3103,0,2.721,
14133.3,heavy,3101,1,3.950,
14136.7,heavy,3102,0,2.217,ECONNREFUSED
14140.0,heavy,3103,1,1.375,
14143.3,heavy,3101,0,3.793,
14146.7,heavy,3102,0,2.958,ECONNREFUSED
14150.0,heavy,3103,0,1.015,
14153.3,heavy,3101,0,3.161,
14156.7,heavy,3102,0,2.539,ECONNREFUSED
14160.0,heavy,3103,1,1.303,
14163.3,heavy,3101,1,3.718,
14166.7,heavy,3102,0,2.050,ECONNREFUSED
14170.0,heavy,3103,1,2.604,
14173.3,heavy,3101,0,3.584,
14176.7,heavy,3102,0,3.740,ECONNREFUSED
14180.0,heavy,3103,0,0.836,
14183.3,heavy,3101,1,3.578,
14186.7,heavy,3102,0,2.506,ECONNREFUSED
14190.0,heavy,3103,1,1.745,
14193.3,heavy,3101,0,1.950,
14196.7,heavy,3102,0,5.790,ECONNREFUSED
14200.0,light-1,3103,1,3.468,
14200.0,light-4,3103,1,3.815,
14200.0,light-2,3101,1,4.496,
14200.0,light-5,3101,1,4.399,
14200.0,light-3,3102,0,5.285,ECONNREFUSED
14200.0,heavy,3103,1,3.047,
14203.3,heavy,3101,0,5.194,
14206.7,heavy,3102,0,5.417,ECONNREFUSED
14210.0,heavy,3102,0,4.111,ECONNREFUSED
14213.3,heavy,3103,1,0.940,
14216.7,heavy,3101,0,3.091,
14220.0,heavy,3102,0,2.252,ECONNREFUSED
14223.3,heavy,3103,1,1.376,
14226.7,heavy,3101,0,3.431,
14230.0,heavy,3102,0,2.852,ECONNREFUSED
14233.3,heavy,3103,1,1.608,
14236.7,heavy,3101,0,3.099,
14240.0,heavy,3102,0,1.790,ECONNREFUSED
14243.3,heavy,3103,1,2.130,
14246.7,heavy,3101,0,5.741,
14250.0,heavy,3102,0,2.700,ECONNREFUSED
14253.3,heavy,3103,1,3.948,
14256.7,heavy,3101,0,5.682,
14260.0,heavy,3102,0,2.431,ECONNREFUSED
14263.3,heavy,3103,1,1.391,
14266.7,heavy,3101,0,3.473,
14270.0,heavy,3102,0,5.918,ECONNREFUSED
14273.3,heavy,3103,1,3.256,
14276.7,heavy,3101,0,4.872,
14280.0,heavy,3102,0,5.133,ECONNREFUSED
14283.3,heavy,3103,1,4.302,
14286.7,heavy,3101,0,3.052,
14290.0,heavy,3102,0,1.722,ECONNREFUSED
14293.3,heavy,3103,1,2.524,
14296.7,heavy,3101,0,5.036,
14300.0,light-1,3103,1,2.916,
14300.0,light-4,3103,1,3.930,
14300.0,light-2,3101,1,4.309,
14300.0,light-5,3101,1,4.118,
14300.0,light-3,3102,0,4.835,ECONNREFUSED
14300.0,heavy,3102,0,4.851,ECONNREFUSED
14303.3,heavy,3102,0,3.794,ECONNREFUSED
14306.7,heavy,3103,1,1.318,
14310.0,heavy,3101,0,3.714,
14313.3,heavy,3102,0,2.816,ECONNREFUSED
14316.7,heavy,3103,1,1.519,
14320.0,heavy,3101,0,3.495,
14323.3,heavy,3102,0,2.185,ECONNREFUSED
14326.7,heavy,3103,1,1.297,
14330.0,heavy,3101,1,3.977,
14333.3,heavy,3102,0,2.100,ECONNREFUSED
14336.7,heavy,3103,0,1.319,
14340.0,heavy,3101,0,4.179,
14343.3,heavy,3102,0,3.490,ECONNREFUSED
14346.7,heavy,3103,1,2.270,
14350.0,heavy,3101,0,2.456,
14353.3,heavy,3102,0,1.980,ECONNREFUSED
14356.7,heavy,3103,1,2.438,
14360.0,heavy,3101,1,4.172,
14363.3,heavy,3102,0,3.266,ECONNREFUSED
14366.7,heavy,3103,0,1.027,
14370.0,heavy,3101,0,3.149,
14373.3,heavy,3102,0,2.435,ECONNREFUSED
14376.7,heavy,3103,1,1.377,
14380.0,heavy,3101,0,2.584,
14383.3,heavy,3102,0,4.945,ECONNREFUSED
14386.7,heavy,3103,1,2.883,
14390.0,heavy,3101,0,6.604,
14393.3,heavy,3102,0,6.197,ECONNREFUSED
14396.7,heavy,3103,1,2.798,
14400.0,light-2,3103,1,3.828,
14400.0,light-5,3103,1,3.672,
14400.0,light-3,3101,1,4.383,
14400.0,light-1,3102,0,7.175,ECONNREFUSED
14400.0,light-4,3102,0,7.073,ECONNREFUSED
14400.0,heavy,3101,0,5.869,
14403.3,heavy,3101,1,4.897,
14406.7,heavy,3102,0,4.144,ECONNREFUSED
14410.0,heavy,3103,0,1.094,
14413.3,heavy,3101,1,4.946,
14416.7,heavy,3102,0,3.538,ECONNREFUSED
14420.0,heavy,3103,1,1.693,
14423.3,heavy,3101,0,4.579,
14426.7,heavy,3102,0,3.623,ECONNREFUSED
14430.0,heavy,3103,0,1.084,
14433.3,heavy,3101,0,4.536,
14436.7,heavy,3102,0,2.138,ECONNREFUSED
14440.0,heavy,3103,1,1.232,
14443.3,heavy,3101,1,3.490,
14446.7,heavy,3102,0,4.126,ECONNREFUSED
14450.0,heavy,3103,0,0.951,
14453.3,heavy,3101,1,4.457,
14456.7,heavy,3102,0,2.712,ECONNREFUSED
14460.0,heavy,3103,0,1.068,
14463.3,heavy,3101,1,4.135,
14466.7,heavy,3102,0,3.026,ECONNREFUSED
14470.0,heavy,3103,1,1.903,
14473.3,heavy,3101,0,2.750,
14476.7,heavy,3102,0,2.813,ECONNREFUSED
14480.0,heavy,3103,1,1.500,
14483.3,heavy,3101,0,3.085,
14486.7,heavy,3102,0,2.889,ECONNREFUSED
14490.0,heavy,3103,0,0.914,
14493.3,heavy,3101,1,7.378,
14496.7,heavy,3102,0,6.882,ECONNREFUSED
14500.0,light-3,3103,1,4.361,
14500.0,light-1,3101,1,5.098,
14500.0,light-2,3102,0,6.287,ECONNREFUSED
14500.0,light-5,3102,0,7.643,ECONNREFUSED
14500.0,light-4,3101,1,7.919,
14500.0,heavy,3103,1,3.366,
14503.3,heavy,3103,0,4.164,
14506.7,heavy,3101,0,3.677,
14510.0,heavy,3102,0,2.580,ECONNREFUSED
14513.3,heavy,3103,1,1.563,
14516.7,heavy,3101,0,3.102,
14520.0,heavy,3102,0,2.264,ECONNREFUSED
14523.3,heavy,3103,1,1.184,
14526.7,heavy,3101,1,3.779,
14530.0,heavy,3102,0,2.663,ECONNREFUSED
14533.3,heavy,3103,0,1.894,
14536.7,heavy,3101,0,3.504,
14540.0,heavy,3102,0,3.667,ECONNREFUSED
14543.3,heavy,3103,1,1.249,
14546.7,heavy,3101,0,3.065,
14550.0,heavy,3102,0,2.976,ECONNREFUSED
14553.3,heavy,3103,1,1.286,
14556.7,heavy,3101,0,3.736,
14560.0,heavy,3102,0,3.050,ECONNREFUSED
14563.3,heavy,3103,1,1.535,
14566.7,heavy,3101,0,4.267,
14570.0,heavy,3102,0,2.872,ECONNREFUSED
14573.3,heavy,3103,1,1.254,
14576.7,heavy,3101,0,3.384,
14580.0,heavy,3102,0,2.282,ECONNREFUSED
14583.3,heavy,3103,1,1.278,
14586.7,heavy,3101,0,3.477,
14590.0,heavy,3102,0,2.525,ECONNREFUSED
14593.3,heavy,3103,1,1.562,
14596.7,heavy,3101,0,3.159,
14600.0,light-1,3103,1,1.874,
14600.0,light-2,3101,1,1.928,
14600.0,light-5,3101,1,2.410,
14600.0,light-4,3103,1,2.628,
14600.0,light-3,3102,0,4.185,ECONNREFUSED
14600.0,heavy,3102,0,4.339,ECONNREFUSED
14603.3,heavy,3102,0,2.462,ECONNREFUSED
14606.7,heavy,3103,1,1.434,
14610.0,heavy,3101,0,3.270,
14613.3,heavy,3102,0,3.003,ECONNREFUSED
14616.7,heavy,3103,1,1.335,
14620.0,heavy,3101,1,4.520,
14623.3,heavy,3102,0,3.474,ECONNREFUSED
14626.7,heavy,3103,0,1.288,
14630.0,heavy,3101,0,1.854,
14633.3,heavy,3102,0,3.467,ECONNREFUSED
14636.7,heavy,3103,1,1.752,
14640.0,heavy,3101,1,4.240,
14643.3,heavy,3102,0,3.981,ECONNREFUSED
14646.7,heavy,3103,0,1.170,
14650.0,heavy,3101,0,3.902,
14653.3,heavy,3102,0,2.747,ECONNREFUSED
14656.7,heavy,3103,1,1.527,
14660.0,heavy,3101,0,3.151,
14663.3,heavy,3102,0,1.929,ECONNREFUSED
14666.7,heavy,3103,1,1.291,
14670.0,heavy,3101,1,3.633,
14673.3,heavy,3102,0,2.018,ECONNREFUSED
14676.7,heavy,3103,1,1.851,
14680.0,heavy,3101,0,3.354,
14683.3,heavy,3102,0,2.878,ECONNREFUSED
14686.7,heavy,3103,0,2.123,
14690.0,heavy,3101,0,3.197,
14693.3,heavy,3102,0,5.722,ECONNREFUSED
14696.7,heavy,3103,1,2.979,
14700.0,light-2,3101,1,2.785,
14700.0,light-5,3101,1,3.168,
14700.0,light-1,3103,1,4.638,
14700.0,light-4,3103,1,4.527,
14700.0,light-3,3102,0,5.209,ECONNREFUSED
14700.0,heavy,3101,1,6.049,
14703.3,heavy,3102,0,5.312,ECONNREFUSED
14706.7,heavy,3102,0,5.100,ECONNREFUSED
14710.0,heavy,3103,1,8.977,
14713.3,heavy,3101,0,9.202,
14716.7,heavy,3102,0,2.651,ECONNREFUSED
14720.0,heavy,3103,0,1.445,
14723.3,heavy,3101,1,3.098,
14726.7,heavy,3102,0,2.469,ECONNREFUSED
14730.0,heavy,3103,0,1.186,
14733.3,heavy,3101,1,3.014,
14736.7,heavy,3102,0,1.997,ECONNREFUSED
14740.0,heavy,3103,1,1.117,
14743.3,heavy,3101,0,2.387,
14746.7,heavy,3102,0,3.184,ECONNREFUSED
14750.0,heavy,3103,0,0.793,
14753.3,heavy,3101,1,4.242,
14756.7,heavy,3102,0,2.305,ECONNREFUSED
14760.0,heavy,3103,0,1.260,
14763.3,heavy,3101,1,6.513,
14766.7,heavy,3102,0,3.803,ECONNREFUSED
14770.0,heavy,3103,1,3.190,
14773.3,heavy,3101,0,4.979,
14776.7,heavy,3102,0,3.409,ECONNREFUSED
14780.0,heavy,3103,0,1.456,
14783.3,heavy,3101,1,3.722,
14786.7,heavy,3102,0,2.724,ECONNREFUSED
14790.0,heavy,3103,0,0.883,
14793.3,heavy,3101,1,5.706,
14796.7,heavy,3102,0,5.357,ECONNREFUSED
14800.0,light-3,3103,1,3.176,
14800.0,light-1,3101,1,4.054,
14800.0,light-4,3101,1,4.602,
14800.0,light-2,3102,0,5.350,ECONNREFUSED
14800.0,light-5,3102,0,5.826,ECONNREFUSED
14800.0,heavy,3103,1,2.693,
14803.3,heavy,3103,0,2.530,
14806.7,heavy,3101,0,2.641,
14810.0,heavy,3102,0,1.881,ECONNREFUSED
14813.3,heavy,3103,1,1.230,
14816.7,heavy,3101,0,3.148,
14820.0,heavy,3102,0,1.900,ECONNREFUSED
14823.3,heavy,3103,1,1.588,
14826.7,heavy,3101,0,2.974,
14830.0,heavy,3102,0,2.438,ECONNREFUSED
14833.3,heavy,3103,1,1.660,
14836.7,heavy,3101,0,3.680,
14840.0,heavy,3102,0,3.121,ECONNREFUSED
14843.3,heavy,3103,1,1.575,
14846.7,heavy,3101,0,3.618,
14850.0,heavy,3102,0,2.680,ECONNREFUSED
14853.3,heavy,3103,1,1.160,
14856.7,heavy,3101,0,3.905,
14860.0,heavy,3102,0,2.493,ECONNREFUSED
14863.3,heavy,3103,1,1.121,
14866.7,heavy,3101,0,3.167,
14870.0,heavy,3102,0,2.542,ECONNREFUSED
14873.3,heavy,3103,1,1.559,
14876.7,heavy,3101,0,1.766,
14880.0,heavy,3102,0,5.591,ECONNREFUSED
14883.3,heavy,3103,1,2.922,
14886.7,heavy,3101,0,4.825,
14890.0,heavy,3102,0,5.243,ECONNREFUSED
14893.3,heavy,3103,1,2.719,
14896.7,heavy,3101,0,3.407,
14900.0,light-1,3103,1,1.756,
14900.0,light-2,3101,1,1.827,
14900.0,light-4,3103,1,2.677,
14900.0,light-5,3101,1,2.778,
14900.0,light-3,3102,0,3.677,ECONNREFUSED
14900.0,heavy,3102,0,4.421,ECONNREFUSED
14903.3,heavy,3102,0,3.222,ECONNREFUSED
14906.7,heavy,3103,1,1.071,
14910.0,heavy,3101,1,5.171,
14913.3,heavy,3102,0,3.405,ECONNREFUSED
14916.7,heavy,3103,1,2.137,
14920.0,heavy,3101,0,4.678,
14923.3,heavy,3102,0,4.572,ECONNREFUSED
14926.7,heavy,3103,0,1.669,
14930.0,heavy,3101,0,4.272,
14933.3,heavy,3102,0,3.425,ECONNREFUSED
14936.7,heavy,3103,1,2.260,
14940.0,heavy,3101,0,2.369,
14943.3,heavy,3102,0,4.083,ECONNREFUSED
14946.7,heavy,3103,1,2.055,
14950.0,heavy,3101,1,5.118,
14953.3,heavy,3102,0,4.134,ECONNREFUSED
14956.7,heavy,3103,0,2.095,
14960.0,heavy,3101,0,4.195,
14963.3,heavy,3102,0,3.275,ECONNREFUSED
14966.7,heavy,3103,1,1.973,
14970.0,heavy,3101,0,2.419,
14973.3,heavy,3102,0,4.382,ECONNREFUSED
14976.7,heavy,3103,1,1.911,
14980.0,heavy,3101,1,4.861,
14983.3,heavy,3102,0,4.628,ECONNREFUSED
14986.7,heavy,3103,0,1.808,
14990.0,heavy,3101,1,7.108,
14993.3,heavy,3102,0,5.584,ECONNREFUSED
14996.7,heavy,3103,1,3.125,
15000.0,light-2,3103,1,3.065,
15000.0,light-1,3102,0,5.353,ECONNREFUSED
15000.0,light-4,3102,0,5.300,ECONNREFUSED
15000.0,light-5,3103,1,6.702,
15000.0,light-3,3101,1,7.173,
15000.0,heavy,3101,0,6.622,
15003.3,heavy,3101,0,4.348,
15006.7,heavy,3102,0,2.764,ECONNREFUSED
15010.0,heavy,3103,1,1.247,
15013.3,heavy,3101,0,3.189,
15016.7,heavy,3102,0,2.372,ECONNREFUSED
15020.0,heavy,3103,1,1.896,
15023.3,heavy,3101,0,4.658,
15026.7,heavy,3102,0,4.944,ECONNREFUSED
15030.0,heavy,3103,1,2.610,
15033.3,heavy,3101,0,4.913,
15036.7,heavy,3102,0,4.927,ECONNREFUSED
15040.0,heavy,3103,0,2.232,
15043.3,heavy,3101,1,4.893,
15046.7,heavy,3102,0,3.129,ECONNREFUSED
15050.0,heavy,3103,1,1.794,
15053.3,heavy,3101,0,3.907,
15056.7,heavy,3102,0,2.541,ECONNREFUSED
15060.0,heavy,3103,1,2.040,
15063.3,heavy,3101,0,3.801,
15066.7,heavy,3102,0,2.748,ECONNREFUSED
15070.0,heavy,3103,0,1.041,
15073.3,heavy,3101,1,3.808,
15076.7,heavy,3102,0,2.770,ECONNREFUSED
15080.0,heavy,3103,1,1.695,
15083.3,heavy,3101,0,2.475,
15086.7,heavy,3102,0,4.219,ECONNREFUSED
15090.0,heavy,3103,1,1.690,
15093.3,heavy,3101,0,3.956,
15096.7,heavy,3102,0,6.214,ECONNREFUSED
15100.0,light-1,3101,1,3.573,
15100.0,light-3,3103,1,3.871,
15100.0,light-4,3101,1,3.956,
15100.0,light-2,3102,0,6.110,ECONNREFUSED
15100.0,light-5,3102,0,6.028,ECONNREFUSED
15100.0,heavy,3103,0,3.416,
15103.3,heavy,3103,1,1.483,
15106.7,heavy,3101,0,2.848,
15110.0,heavy,3102,0,2.273,ECONNREFUSED
15113.3,heavy,3103,0,1.079,
15116.7,heavy,3101,1,4.441,
15120.0,heavy,3102,0,3.918,ECONNREFUSED
15123.3,heavy,3103,1,2.373,
15126.7,heavy,3101,0,4.548,
15130.0,heavy,3102,0,4.223,ECONNREFUSED
15133.3,heavy,3103,1,1.107,
15136.7,heavy,3101,0,3.657,
15140.0,heavy,3102,0,2.808,ECONNREFUSED
15143.3,heavy,3103,1,1.445,
15146.7,heavy,3101,0,3.212,
15150.0,heavy,3102,0,2.217,ECONNREFUSED
15153.3,heavy,3103,1,1.764,
15156.7,heavy,3101,0,2.986,
15160.0,heavy,3102,0,2.180,ECONNREFUSED
15163.3,heavy,3103,1,1.147,
15166.7,heavy,3101,0,3.616,
15170.0,heavy,3102,0,2.917,ECONNREFUSED
15173.3,heavy,3103,1,1.855,
15176.7,heavy,3101,0,2.015,
15180.0,heavy,3102,0,3.965,ECONNREFUSED
15183.3,heavy,3103,1,1.772,
15186.7,heavy,3101,0,3.847,
15190.0,heavy,3102,0,4.025,ECONNREFUSED
15193.3,heavy,3103,1,1.643,
15196.7,heavy,3101,0,5.536,
15200.0,light-2,3103,1,3.372,
15200.0,light-5,3103,1,3.882,
15200.0,light-3,3101,1,4.552,
15200.0,light-1,3102,0,5.243,ECONNREFUSED
15200.0,light-4,3102,0,5.564,ECONNREFUSED
15200.0,heavy,3102,0,5.199,ECONNREFUSED
15203.3,heavy,3103,1,2.697,
15206.7,heavy,3101,0,5.084,
15210.0,heavy,3101,0,2.801,
15213.3,heavy,3102,0,2.174,ECONNREFUSED
15216.7,heavy,3103,1,1.265,
15220.0,heavy,3101,1,4.693,
15223.3,heavy,3102,0,3.101,ECONNREFUSED
15226.7,heavy,3103,0,0.988,
15230.0,heavy,3101,0,3.891,
15233.3,heavy,3102,0,3.067,ECONNREFUSED
15236.7,heavy,3103,1,1.513,
15240.0,heavy,3101,0,3.330,
15243.3,heavy,3102,0,2.510,ECONNREFUSED
15246.7,heavy,3103,1,1.496,
15250.0,heavy,3101,1,3.890,
15253.3,heavy,3102,0,2.130,ECONNREFUSED
15256.7,heavy,3103,0,0.892,
15260.0,heavy,3101,0,4.044,
15263.3,heavy,3102,0,3.352,ECONNREFUSED
15266.7,heavy,3103,1,2.046,
15270.0,heavy,3101,0,2.203,
15273.3,heavy,3102,0,3.359,ECONNREFUSED
15276.7,heavy,3103,1,2.657,
15280.0,heavy,3101,1,6.215,
15283.3,heavy,3102,0,3.520,ECONNREFUSED
15286.7,heavy,3103,0,1.938,
15290.0,heavy,3101,0,3.719,
15293.3,heavy,3102,0,2.172,ECONNREFUSED
15296.7,heavy,3103,1,2.406,
15300.0,light-2,3103,1,3.279,
15300.0,light-5,3103,1,3.530,
15300.0,light-3,3101,1,3.838,
15300.0,light-1,3102,0,4.391,ECONNREFUSED
15300.0,light-4,3102,0,4.276,ECONNREFUSED
15300.0,heavy,3101,0,4.804,
15303.3,heavy,3101,1,3.327,
15306.7,heavy,3102,0,2.039,ECONNREFUSED
15310.0,heavy,3103,1,1.527,
15313.3,heavy,3101,0,3.381,
15316.7,heavy,3102,0,2.167,ECONNREFUSED
15320.0,heavy,3103,0,1.001,
15323.3,heavy,3101,1,3.436,
15326.7,heavy,3102,0,2.116,ECONNREFUSED
15330.0,heavy,3103,1,1.387,
15333.3,heavy,3101,0,2.306,
15336.7,heavy,3102,0,3.843,ECONNREFUSED
15340.0,heavy,3103,1,1.846,
15343.3,heavy,3101,0,3.703,
15346.7,heavy,3102,0,4.307,ECONNREFUSED
15350.0,heavy,3103,0,1.781,
15353.3,heavy,3101,1,4.459,
15356.7,heavy,3102,0,3.057,ECONNREFUSED
15360.0,heavy,3103,1,1.886,
15363.3,heavy,3101,0,3.335,
15366.7,heavy,3102,0,2.665,ECONNREFUSED
15370.0,heavy,3103,0,1.418,
15373.3,heavy,3101,1,5.498,
15376.7,heavy,3102,0,3.374,ECONNREFUSED
15380.0,heavy,3103,0,2.126,
15383.3,heavy,3101,1,2.585,
15386.7,heavy,3102,0,3.118,ECONNREFUSED
15390.0,heavy,3103,1,1.664,
15393.3,heavy,3101,0,3.884,
15396.7,heavy,3102,0,3.774,ECONNREFUSED
15400.0,light-1,3101,1,4.125,
15400.0,light-3,3103,1,3.961,
15400.0,light-4,3101,1,4.884,
15400.0,light-2,3102,0,6.211,ECONNREFUSED
15400.0,light-5,3102,0,6.063,ECONNREFUSED
15400.0,heavy,3103,0,4.164,
15403.3,heavy,3103,1,2.904,
15406.7,heavy,3101,0,3.606,
15410.0,heavy,3102,0,2.177,ECONNREFUSED
15413.3,heavy,3103,1,1.830,
15416.7,heavy,3101,0,3.189,
15420.0,heavy,3102,0,2.751,ECONNREFUSED
15423.3,heavy,3103,1,2.314,
15426.7,heavy,3101,0,3.398,
15430.0,heavy,3102,0,1.954,ECONNREFUSED
15433.3,heavy,3103,1,2.111,
15436.7,heavy,3101,0,3.532,
15440.0,heavy,3102,0,2.822,ECONNREFUSED
15443.3,heavy,3103,1,1.037,
15446.7,heavy,3101,0,3.800,
15450.0,heavy,3102,0,2.762,ECONNREFUSED
15453.3,heavy,3103,1,1.423,
15456.7,heavy,3101,0,4.286,
15460.0,heavy,3102,0,3.283,ECONNREFUSED
15463.3,heavy,3103,1,1.421,
15466.7,heavy,3101,0,3.744,
15470.0,heavy,3102,0,2.761,ECONNREFUSED
15473.3,heavy,3103,0,0.964,
15476.7,heavy,3101,1,4.766,
15480.0,heavy,3102,0,3.357,ECONNREFUSED
15483.3,heavy,3103,1,1.928,
15486.7,heavy,3101,0,3.476,
15490.0,heavy,3102,0,2.271,ECONNREFUSED
15493.3,heavy,3103,1,1.325,
15496.7,heavy,3101,1,6.753,
15500.0,light-4,3103,1,2.989,
15500.0,light-3,3102,0,3.366,ECONNREFUSED
15500.0,light-5,3101,1,4.999,
15500.0,light-1,3103,1,6.144,
15500.0,light-2,3101,1,6.471,
15500.0,heavy,3102,0,4.384,ECONNREFUSED
15503.3,heavy,3102,0,5.266,ECONNREFUSED
15506.7,heavy,3103,0,1.847,
15510.0,heavy,3101,0,3.799,
15513.3,heavy,3102,0,2.962,ECONNREFUSED
15516.7,heavy,3103,1,1.610,
15520.0,heavy,3101,0,2.460,
15523.3,heavy,3102,0,3.245,ECONNREFUSED
15526.7,heavy,3103,1,1.673,
15530.0,heavy,3101,1,3.681,
15533.3,heavy,3102,0,2.941,ECONNREFUSED
15536.7,heavy,3103,0,1.252,
15540.0,heavy,3101,0,3.577,
15543.3,heavy,3102,0,2.958,ECONNREFUSED
15546.7,heavy,3103,1,1.553,
15550.0,heavy,3101,0,3.314,
15553.3,heavy,3102,0,2.352,ECONNREFUSED
15556.7,heavy,3103,1,1.610,
15560.0,heavy,3101,1,3.422,
15563.3,heavy,3102,0,2.118,ECONNREFUSED
15566.7,heavy,3103,0,1.462,
15570.0,heavy,3101,0,3.397,
15573.3,heavy,3102,0,2.784,ECONNREFUSED
15576.7,heavy,3103,1,1.750,
15580.0,heavy,3101,0,1.774,
15583.3,heavy,3102,0,4.374,ECONNREFUSED
15586.7,heavy,3103,1,2.154,
15590.0,heavy,3101,0,4.185,
15593.3,heavy,3102,0,4.411,ECONNREFUSED
15596.7,heavy,3103,1,1.854,
15600.0,light-2,3103,1,2.646,
15600.0,light-5,3103,1,3.440,
15600.0,light-3,3101,1,3.685,
15600.0,light-1,3102,0,4.556,ECONNREFUSED
15600.0,light-4,3102,0,4.820,ECONNREFUSED
15600.0,heavy,3101,0,4.800,
15603.3,heavy,3102,0,4.371,ECONNREFUSED
15606.7,heavy,3103,1,2.179,
15610.0,heavy,3101,0,4.337,
15613.3,heavy,3101,1,3.158,
15616.7,heavy,3102,0,2.385,ECONNREFUSED
15620.0,heavy,3103,1,1.368,
15623.3,heavy,3101,0,3.028,
15626.7,heavy,3102,0,2.129,ECONNREFUSED
15630.0,heavy,3103,1,2.330,
15633.3,heavy,3101,0,3.169,
15636.7,heavy,3102,0,3.422,ECONNREFUSED
15640.0,heavy,3103,0,2.071,
15643.3,heavy,3101,0,2.286,
15646.7,heavy,3102,0,4.411,ECONNREFUSED
15650.0,heavy,3103,1,1.927,
15653.3,heavy,3101,1,4.302,
15656.7,heavy,3102,0,3.440,ECONNREFUSED
15660.0,heavy,3103,0,1.764,
15663.3,heavy,3101,1,4.049,
15666.7,heavy,3102,0,2.662,ECONNREFUSED
15670.0,heavy,3103,1,1.592,
15673.3,heavy,3101,0,3.069,
15676.7,heavy,3102,0,2.120,ECONNREFUSED
15680.0,heavy,3103,1,2.280,
15683.3,heavy,3101,0,3.764,
15686.7,heavy,3102,0,2.935,ECONNREFUSED
15690.0,heavy,3103,0,1.842,
15693.3,heavy,3101,1,6.188,
15696.7,heavy,3102,0,5.819,ECONNREFUSED
15700.0,light-2,3103,1,3.251,
15700.0,light-5,3103,1,3.794,
15700.0,light-3,3101,1,5.093,
15700.0,light-1,3102,0,6.116,ECONNREFUSED
15700.0,light-4,3102,0,6.041,ECONNREFUSED
15700.0,heavy,3103,1,2.679,
15703.3,heavy,3101,0,5.870,
15706.7,heavy,3101,0,4.745,
15710.0,heavy,3102,0,4.101,ECONNREFUSED
15713.3,heavy,3103,1,1.160,
15716.7,heavy,3101,0,3.695,
15720.0,heavy,3102,0,2.153,ECONNREFUSED
15723.3,heavy,3103,1,1.063,
15726.7,heavy,3101,0,3.419,
15730.0,heavy,3102,0,2.570,ECONNREFUSED
15733.3,heavy,3103,1,1.527,
15736.7,heavy,3101,0,2.454,
15740.0,heavy,3102,0,4.249,ECONNREFUSED
15743.3,heavy,3103,1,1.182,
15746.7,heavy,3101,0,3.447,
15750.0,heavy,3102,0,3.930,ECONNREFUSED
15753.3,heavy,3103,1,1.653,
15756.7,heavy,3101,0,3.684,
15760.0,heavy,3102,0,2.568,ECONNREFUSED
15763.3,heavy,3103,1,1.569,
15766.7,heavy,3101,0,3.321,
15770.0,heavy,3102,0,2.383,ECONNREFUSED
15773.3,heavy,3103,1,1.552,
15776.7,heavy,3101,0,3.542,
15780.0,heavy,3102,0,3.796,ECONNREFUSED
15783.3,heavy,3103,1,1.313,
15786.7,heavy,3101,0,2.703,
15790.0,heavy,3102,0,4.250,ECONNREFUSED
15793.3,heavy,3103,1,2.845,
15796.7,heavy,3101,0,6.207,
15800.0,light-1,3103,1,2.620,
15800.0,light-2,3101,1,3.085,
15800.0,light-4,3103,1,3.044,
15800.0,light-5,3101,1,3.754,
15800.0,light-3,3102,0,5.030,ECONNREFUSED
15800.0,heavy,3102,0,5.024,ECONNREFUSED
15803.3,heavy,3102,0,2.356,ECONNREFUSED
15806.7,heavy,3103,1,2.137,
15810.0,heavy,3101,1,3.966,
15813.3,heavy,3102,0,2.866,ECONNREFUSED
15816.7,heavy,3103,0,1.114,
15820.0,heavy,3101,0,4.015,
15823.3,heavy,3102,0,3.319,ECONNREFUSED
15826.7,heavy,3103,1,2.048,
15830.0,heavy,3101,0,2.099,
15833.3,heavy,3102,0,3.846,ECONNREFUSED
15836.7,heavy,3103,1,2.195,
15840.0,heavy,3101,1,4.515,
15843.3,heavy,3102,0,4.129,ECONNREFUSED
15846.7,heavy,3103,0,1.743,
15850.0,heavy,3101,0,3.520,
15853.3,heavy,3102,0,2.495,ECONNREFUSED
15856.7,heavy,3103,1,1.451,
15860.0,heavy,3101,0,3.034,
15863.3,heavy,3102,0,2.420,ECONNREFUSED
15866.7,heavy,3103,1,1.778,
15870.0,heavy,3101,1,4.266,
15873.3,heavy,3102,0,3.707,ECONNREFUSED
15876.7,heavy,3103,0,1.910,
15880.0,heavy,3101,0,1.836,
15883.3,heavy,3102,0,3.352,ECONNREFUSED
15886.7,heavy,3103,1,1.454,
15890.0,heavy,3101,1,4.785,
15893.3,heavy,3102,0,3.490,ECONNREFUSED
15896.7,heavy,3103,0,1.160,
15900.0,light-3,3103,1,3.492,
15900.0,light-1,3101,1,4.206,
15900.0,light-2,3102,0,7.321,ECONNREFUSED
15900.0,light-4,3101,1,7.364,
15900.0,light-5,3102,0,7.557,ECONNREFUSED
15900.0,heavy,3101,0,6.499,
15903.3,heavy,3102,0,5.926,ECONNREFUSED
15906.7,heavy,3103,1,2.019,
15910.0,heavy,3103,0,3.192,
15913.3,heavy,3101,1,3.917,
15916.7,heavy,3102,0,2.303,ECONNREFUSED
15920.0,heavy,3103,0,1.552,
15923.3,heavy,3101,1,5.141,
15926.7,heavy,3102,0,5.261,ECONNREFUSED
15930.0,heavy,3103,1,1.520,
15933.3,heavy,3101,0,4.667,
15936.7,heavy,3102,0,3.189,ECONNREFUSED
15940.0,heavy,3103,0,1.835,
15943.3,heavy,3101,1,3.987,
15946.7,heavy,3102,0,2.122,ECONNREFUSED
15950.0,heavy,3103,1,1.377,
15953.3,heavy,3101,0,2.808,
15956.7,heavy,3102,0,2.213,ECONNREFUSED
15960.0,heavy,3103,1,2.044,
15963.3,heavy,3101,0,4.083,
15966.7,heavy,3102,0,2.894,ECONNREFUSED
15970.0,heavy,3103,0,1.843,
15973.3,heavy,3101,1,4.240,
15976.7,heavy,3102,0,2.593,ECONNREFUSED
15980.0,heavy,3103,1,1.437,
15983.3,heavy,3101,0,3.886,
15986.7,heavy,3102,0,2.656,ECONNREFUSED
15990.0,heavy,3103,1,3.142,
15993.3,heavy,3101,0,5.673,
15996.7,heavy,3102,0,5.901,ECONNREFUSED
16000.0,light-1,3101,1,3.398,
16000.0,light-3,3103,1,3.400,
16000.0,light-4,3101,1,4.256,
16000.0,light-2,3102,0,5.937,ECONNREFUSED
16000.0,light-5,3102,0,6.889,ECONNREFUSED
16000.0,heavy,3103,0,2.405,
16003.3,heavy,3103,1,2.354,
16006.7,heavy,3101,0,3.496,
16010.0,heavy,3102,0,2.123,ECONNREFUSED
16013.3,heavy,3103,1,1.410,
16016.7,heavy,3101,0,4.520,
16020.0,heavy,3102,0,4.606,ECONNREFUSED
16023.3,heavy,3103,1,2.815,
16026.7,heavy,3101,0,4.089,
16030.0,heavy,3102,0,4.407,ECONNREFUSED
16033.3,heavy,3103,0,1.711,
16036.7,heavy,3101,1,3.899,
16040.0,heavy,3102,0,2.572,ECONNREFUSED
16043.3,heavy,3103,1,1.437,
16046.7,heavy,3101,0,3.729,
16050.0,heavy,3102,0,2.224,ECONNREFUSED
16053.3,heavy,3103,1,2.261,
16056.7,heavy,3101,1,4.045,
16060.0,heavy,3102,0,3.126,ECONNREFUSED
16063.3,heavy,3103,0,1.413,
16066.7,heavy,3101,0,3.815,
16070.0,heavy,3102,0,3.108,ECONNREFUSED
16073.3,heavy,3103,1,1.620,
16076.7,heavy,3101,0,3.382,
16080.0,heavy,3102,0,2.232,ECONNREFUSED
16083.3,heavy,3103,1,2.106,
16086.7,heavy,3101,0,3.234,
16090.0,heavy,3102,0,2.805,ECONNREFUSED
16093.3,heavy,3103,1,2.252,
16096.7,heavy,3101,0,5.842,
16100.0,light-2,3103,1,3.216,
16100.0,light-1,3102,0,4.908,ECONNREFUSED
16100.0,light-4,3102,0,4.905,ECONNREFUSED
16100.0,light-5,3103,1,5.400,
16100.0,light-3,3101,1,6.119,
16100.0,heavy,3102,0,5.042,ECONNREFUSED
16103.3,heavy,3103,1,2.500,
16106.7,heavy,3101,0,5.718,
16110.0,heavy,3101,0,3.846,
16113.3,heavy,3102,0,2.481,ECONNREFUSED
16116.7,heavy,3103,1,2.169,
16120.0,heavy,3101,1,3.541,
16123.3,heavy,3102,0,3.020,ECONNREFUSED
16126.7,heavy,3103,0,1.328,
16130.0,heavy,3101,0,3.688,
16133.3,heavy,3102,0,2.593,ECONNREFUSED
16136.7,heavy,3103,1,1.506,
16140.0,heavy,3101,0,3.195,
16143.3,heavy,3102,0,1.822,ECONNREFUSED
16146.7,heavy,3103,1,1.497,
16150.0,heavy,3101,0,3.340,
16153.3,heavy,3102,0,2.757,ECONNREFUSED
16156.7,heavy,3103,1,0.811,
16160.0,heavy,3101,0,3.323,
16163.3,heavy,3102,0,2.325,ECONNREFUSED
16166.7,heavy,3103,1,1.146,
16170.0,heavy,3101,0,2.887,
16173.3,heavy,3102,0,1.735,ECONNREFUSED
16176.7,heavy,3103,1,2.048,
16180.0,heavy,3101,0,3.256,
16183.3,heavy,3102,0,2.852,ECONNREFUSED
16186.7,heavy,3103,1,1.799,
16190.0,heavy,3101,1,6.876,
16193.3,heavy,3102,0,6.303,ECONNREFUSED
16196.7,heavy,3103,1,2.887,
16200.0,light-2,3103,1,3.650,
16200.0,light-5,3103,1,4.756,
16200.0,light-3,3101,1,5.057,
16200.0,light-1,3102,0,6.485,ECONNREFUSED
16200.0,light-4,3102,0,6.825,ECONNREFUSED
16200.0,heavy,3101,0,6.689,
16203.3,heavy,3101,0,4.536,
16206.7,heavy,3102,0,3.952,ECONNREFUSED
16210.0,heavy,3103,0,1.233,
16213.3,heavy,3101,1,4.932,
16216.7,heavy,3102,0,2.139,ECONNREFUSED
16220.0,heavy,3103,0,1.110,
16223.3,heavy,3101,1,4.913,
16226.7,heavy,3102,0,2.496,ECONNREFUSED
16230.0,heavy,3103,1,1.392,
16233.3,heavy,3101,0,4.638,
16236.7,heavy,3102,0,2.223,ECONNREFUSED
16240.0,heavy,3103,1,1.975,
16243.3,heavy,3101,0,3.358,
16246.7,heavy,3102,0,2.554,ECONNREFUSED
16250.0,heavy,3103,0,1.058,
16253.3,heavy,3101,1,3.963,
16256.7,heavy,3102,0,2.821,ECONNREFUSED
16260.0,heavy,3103,1,1.721,
16263.3,heavy,3101,0,3.676,
16266.7,heavy,3102,0,2.275,ECONNREFUSED
16270.0,heavy,3103,1,1.635,
16273.3,heavy,3101,0,3.587,
16276.7,heavy,3102,0,3.127,ECONNREFUSED
16280.0,heavy,3103,0,1.451,
16283.3,heavy,3101,1,4.238,
16286.7,heavy,3102,0,2.575,ECONNREFUSED
16290.0,heavy,3103,1,1.392,
16293.3,heavy,3101,0,3.818,
16296.7,heavy,3102,0,2.543,ECONNREFUSED
16300.0,light-1,3101,1,2.150,
16300.0,light-4,3101,1,3.162,
16300.0,light-3,3103,1,3.350,
16300.0,light-2,3102,0,4.286,ECONNREFUSED
16300.0,light-5,3102,0,4.820,ECONNREFUSED
16300.0,heavy,3103,0,2.104,
16303.3,heavy,3103,1,2.132,
16306.7,heavy,3101,0,3.912,
16310.0,heavy,3102,0,2.626,ECONNREFUSED
16313.3,heavy,3103,1,0.987,
16316.7,heavy,3101,0,3.438,
16320.0,heavy,3102,0,2.720,ECONNREFUSED
16323.3,heavy,3103,1,1.731,
16326.7,heavy,3101,0,1.772,
16330.0,heavy,3102,0,4.160,ECONNREFUSED
16333.3,heavy,3103,1,1.998,
16336.7,heavy,3101,0,4.004,
16340.0,heavy,3102,0,4.479,ECONNREFUSED
16343.3,heavy,3103,1,1.837,
16346.7,heavy,3101,0,4.111,
16350.0,heavy,3102,0,3.307,ECONNREFUSED
16353.3,heavy,3103,1,1.676,
16356.7,heavy,3101,0,3.643,
16360.0,heavy,3102,0,2.670,ECONNREFUSED
16363.3,heavy,3103,1,2.224,
16366.7,heavy,3101,1,3.774,
16370.0,heavy,3102,0,3.110,ECONNREFUSED
16373.3,heavy,3103,0,1.377,
16376.7,heavy,3101,0,4.001,
16380.0,heavy,3102,0,3.361,ECONNREFUSED
16383.3,heavy,3103,1,1.706,
16386.7,heavy,3101,0,3.634,
16390.0,heavy,3102,0,2.408,ECONNREFUSED
16393.3,heavy,3103,1,3.451,
16396.7,heavy,3101,1,5.908,
16400.0,light-1,3103,1,3.023,
16400.0,light-4,3103,1,2.920,
16400.0,light-2,3101,1,3.786,
16400.0,light-5,3101,1,4.279,
16400.0,light-3,3102,0,6.017,ECONNREFUSED
16400.0,heavy,3102,0,6.137,ECONNREFUSED
16403.3,heavy,3102,0,5.467,ECONNREFUSED
16406.7,heavy,3103,0,2.112,
16410.0,heavy,3101,0,2.865,
16413.3,heavy,3102,0,1.955,ECONNREFUSED
16416.7,heavy,3103,1,1.248,
16420.0,heavy,3101,0,3.042,
16423.3,heavy,3102,0,3.763,ECONNREFUSED
16426.7,heavy,3103,1,1.933,
16430.0,heavy,3101,1,4.129,
16433.3,heavy,3102,0,3.936,ECONNREFUSED
16436.7,heavy,3103,0,1.491,
16440.0,heavy,3101,0,3.359,
16443.3,heavy,3102,0,2.475,ECONNREFUSED
16446.7,heavy,3103,1,1.363,
16450.0,heavy,3101,0,2.719,
16453.3,heavy,3102,0,3.952,ECONNREFUSED
16456.7,heavy,3103,1,2.071,
16460.0,heavy,3101,0,4.052,
16463.3,heavy,3102,0,3.756,ECONNREFUSED
16466.7,heavy,3103,1,1.596,
16470.0,heavy,3101,0,3.464,
16473.3,heavy,3102,0,2.319,ECONNREFUSED
16476.7,heavy,3103,1,1.260,
16480.0,heavy,3101,0,2.799,
16483.3,heavy,3102,0,1.682,ECONNREFUSED
16486.7,heavy,3103,1,1.893,
16490.0,heavy,3101,0,4.190,
16493.3,heavy,3102,0,2.732,ECONNREFUSED
16496.7,heavy,3103,1,2.231,
16500.0,light-2,3103,1,2.001,
16500.0,light-5,3103,1,2.642,
16500.0,light-3,3101,1,3.832,
16500.0,light-1,3102,0,4.368,ECONNREFUSED
16500.0,light-4,3102,0,4.669,ECONNREFUSED
16500.0,heavy,3101,0,4.723,
16503.3,heavy,3101,1,4.483,
16506.7,heavy,3102,0,2.378,ECONNREFUSED
16510.0,heavy,3103,1,1.391,
16513.3,heavy,3101,0,3.627,
16516.7,heavy,3102,0,2.049,ECONNREFUSED
16520.0,heavy,3103,1,2.292,
16523.3,heavy,3101,0,3.729,
16526.7,heavy,3102,0,3.348,ECONNREFUSED
16530.0,heavy,3103,0,1.566,
16533.3,heavy,3101,1,4.259,
16536.7,heavy,3102,0,2.886,ECONNREFUSED
16540.0,heavy,3103,1,1.432,
16543.3,heavy,3101,0,4.014,
16546.7,heavy,3102,0,2.670,ECONNREFUSED
16550.0,heavy,3103,1,2.013,
16553.3,heavy,3101,0,3.297,
16556.7,heavy,3102,0,2.715,ECONNREFUSED
16560.0,heavy,3103,0,2.231,
16563.3,heavy,3101,1,4.315,
16566.7,heavy,3102,0,2.205,ECONNREFUSED
16570.0,heavy,3103,0,1.071,
16573.3,heavy,3101,1,4.120,
16576.7,heavy,3102,0,2.296,ECONNREFUSED
16580.0,heavy,3103,0,1.026,
16583.3,heavy,3101,0,3.572,
16586.7,heavy,3102,0,2.905,ECONNREFUSED
16590.0,heavy,3103,1,1.449,
16593.3,heavy,3101,1,3.225,
16596.7,heavy,3102,0,1.942,ECONNREFUSED
16600.0,light-2,3103,1,2.913,
16600.0,light-5,3103,1,3.452,
16600.0,light-3,3101,1,4.209,
16600.0,light-1,3102,0,4.858,ECONNREFUSED
16600.0,light-4,3102,0,5.034,ECONNREFUSED
16600.0,heavy,3103,1,2.666,
16603.3,heavy,3101,0,5.156,
16606.7,heavy,3101,0,3.620,
16610.0,heavy,3102,0,3.602,ECONNREFUSED
16613.3,heavy,3103,0,1.324,
16616.7,heavy,3101,1,4.470,
16620.0,heavy,3102,0,2.572,ECONNREFUSED
16623.3,heavy,3103,1,1.324,
16626.7,heavy,3101,0,3.403,
16630.0,heavy,3102,0,2.030,ECONNREFUSED
16633.3,heavy,3103,1,1.385,
16636.7,heavy,3101,0,3.606,
16640.0,heavy,3102,0,2.666,ECONNREFUSED
16643.3,heavy,3103,1,1.124,
16646.7,heavy,3101,0,3.358,
16650.0,heavy,3102,0,2.209,ECONNREFUSED
16653.3,heavy,3103,1,1.320,
16656.7,heavy,3101,0,2.735,
16660.0,heavy,3102,0,4.047,ECONNREFUSED
16663.3,heavy,3103,1,2.648,
16666.7,heavy,3101,0,4.892,
16670.0,heavy,3102,0,3.829,ECONNREFUSED
16673.3,heavy,3103,1,1.700,
16676.7,heavy,3101,0,3.607,
16680.0,heavy,3102,0,2.978,ECONNREFUSED
16683.3,heavy,3103,1,1.649,
16686.7,heavy,3101,0,3.285,
16690.0,heavy,3102,0,2.126,ECONNREFUSED
16693.3,heavy,3103,1,2.074,
16696.7,heavy,3101,0,5.696,
16700.0,light-5,3101,1,3.483,
16700.0,light-4,3103,1,3.669,
16700.0,light-3,3102,0,4.257,ECONNREFUSED
16700.0,light-1,3103,1,5.702,
16700.0,light-2,3101,1,5.726,
16700.0,heavy,3102,0,4.591,ECONNREFUSED
16703.3,heavy,3102,0,3.548,ECONNREFUSED
16706.7,heavy,3103,1,1.628,
16710.0,heavy,3101,1,4.210,
16713.3,heavy,3102,0,2.547,ECONNREFUSED
16716.7,heavy,3103,0,1.107,
16720.0,heavy,3101,0,1.696,
16723.3,heavy,3102,0,3.189,ECONNREFUSED
16726.7,heavy,3103,1,1.526,
16730.0,heavy,3101,0,3.209,
16733.3,heavy,3102,0,2.382,ECONNREFUSED
16736.7,heavy,3103,1,1.560,
16740.0,heavy,3101,0,3.562,
16743.3,heavy,3102,0,2.867,ECONNREFUSED
16746.7,heavy,3103,1,1.353,
16750.0,heavy,3101,1,4.703,
16753.3,heavy,3102,0,4.960,ECONNREFUSED
16756.7,heavy,3103,1,1.507,
16760.0,heavy,3101,0,4.235,
16763.3,heavy,3102,0,3.359,ECONNREFUSED
16766.7,heavy,3103,0,2.066,
16770.0,heavy,3101,0,2.859,
16773.3,heavy,3102,0,1.999,ECONNREFUSED
16776.7,heavy,3103,1,1.331,
16780.0,heavy,3101,0,2.484,
16783.3,heavy,3102,0,2.030,ECONNREFUSED
16786.7,heavy,3103,1,1.262,
16790.0,heavy,3101,0,4.295,
16793.3,heavy,3102,0,3.805,ECONNREFUSED
16796.7,heavy,3103,1,1.558,
16800.0,light-2,3103,1,2.579,
16800.0,light-5,3103,1,2.524,
16800.0,light-3,3101,1,2.803,
16800.0,light-1,3102,0,5.282,ECONNREFUSED
16800.0,light-4,3102,0,5.172,ECONNREFUSED
16800.0,heavy,3101,0,4.755,
16803.3,heavy,3101,1,3.417,
16806.7,heavy,3102,0,3.206,ECONNREFUSED
16810.0,heavy,3103,0,2.757,
16813.3,heavy,3101,1,4.974,
16816.7,heavy,3102,0,3.798,ECONNREFUSED
16820.0,heavy,3103,1,1.821,
16823.3,heavy,3101,0,4.557,
16826.7,heavy,3102,0,4.205,ECONNREFUSED
16830.0,heavy,3103,0,1.671,
16833.3,heavy,3101,1,4.166,
16836.7,heavy,3102,0,2.344,ECONNREFUSED
16840.0,heavy,3103,0,1.205,
16843.3,heavy,3101,1,3.735,
16846.7,heavy,3102,0,2.130,ECONNREFUSED
16850.0,heavy,3103,0,1.216,
16853.3,heavy,3101,0,3.579,
16856.7,heavy,3102,0,2.879,ECONNREFUSED
16860.0,heavy,3103,1,1.437,
16863.3,heavy,3101,1,4.735,
16866.7,heavy,3102,0,2.942,ECONNREFUSED
16870.0,heavy,3103,1,1.489,
16873.3,heavy,3101,0,4.440,
16876.7,heavy,3102,0,2.688,ECONNREFUSED
16880.0,heavy,3103,0,1.070,
16883.3,heavy,3101,0,3.696,
16886.7,heavy,3102,0,2.773,ECONNREFUSED
16890.0,heavy,3103,1,1.355,
16893.3,heavy,3101,1,4.920,
16896.7,heavy,3102,0,4.178,ECONNREFUSED
16900.0,light-1,3101,1,1.842,
16900.0,light-3,3103,1,2.409,
16900.0,light-4,3101,1,2.452,
16900.0,light-2,3102,0,3.903,ECONNREFUSED
16900.0,light-5,3102,0,3.946,ECONNREFUSED
16900.0,heavy,3103,0,2.194,
16903.3,heavy,3103,1,1.384,
16906.7,heavy,3101,0,4.187,
16910.0,heavy,3102,0,3.794,ECONNREFUSED
16913.3,heavy,3103,1,2.303,
16916.7,heavy,3101,0,3.663,
16920.0,heavy,3102,0,3.808,ECONNREFUSED
16923.3,heavy,3103,1,1.640,
16926.7,heavy,3101,0,3.417,
16930.0,heavy,3102,0,2.770,ECONNREFUSED
16933.3,heavy,3103,1,1.498,
16936.7,heavy,3101,0,2.875,
16940.0,heavy,3102,0,1.882,ECONNREFUSED
16943.3,heavy,3103,1,1.813,
16946.7,heavy,3101,0,3.632,
16950.0,heavy,3102,0,3.181,ECONNREFUSED
16953.3,heavy,3103,1,1.032,
16956.7,heavy,3101,0,3.325,
16960.0,heavy,3102,0,4.280,ECONNREFUSED
16963.3,heavy,3103,1,2.033,
16966.7,heavy,3101,0,3.727,
16970.0,heavy,3102,0,4.256,ECONNREFUSED
16973.3,heavy,3103,1,1.203,
16976.7,heavy,3101,0,3.302,
16980.0,heavy,3102,0,2.519,ECONNREFUSED
16983.3,heavy,3103,1,1.472,
16986.7,heavy,3101,0,5.591,
16990.0,heavy,3102,0,6.232,ECONNREFUSED
16993.3,heavy,3103,1,2.428,
16996.7,heavy,3101,0,5.180,
17000.0,light-1,3103,1,1.844,
17000.0,light-2,3101,1,2.421,
17000.0,light-5,3101,1,2.925,
17000.0,light-4,3103,1,3.599,
17000.0,light-3,3102,0,6.379,ECONNREFUSED
17000.0,heavy,3102,0,5.636,ECONNREFUSED
17003.3,heavy,3102,0,4.369,ECONNREFUSED
17006.7,heavy,3103,1,1.239,
17010.0,heavy,3101,1,3.728,
17013.3,heavy,3102,0,2.169,ECONNREFUSED
17016.7,heavy,3103,0,1.203,
17020.0,heavy,3101,0,2.966,
17023.3,heavy,3102,0,2.313,ECONNREFUSED
17026.7,heavy,3103,1,1.310,
17030.0,heavy,3101,0,2.290,
17033.3,heavy,3102,0,4.813,ECONNREFUSED
17036.7,heavy,3103,1,1.552,
17040.0,heavy,3101,1,3.965,
17043.3,heavy,3102,0,3.412,ECONNREFUSED
17046.7,heavy,3103,0,1.799,
17050.0,heavy,3101,0,2.822,
17053.3,heavy,3102,0,2.111,ECONNREFUSED
17056.7,heavy,3103,1,1.179,
17060.0,heavy,3101,0,2.578,
17063.3,heavy,3102,0,1.720,ECONNREFUSED
17066.7,heavy,3103,1,2.111,
17070.0,heavy,3101,1,3.430,
17073.3,heavy,3102,0,2.596,ECONNREFUSED
17076.7,heavy,3103,0,1.575,
17080.0,heavy,3101,0,3.456,
17083.3,heavy,3102,0,2.483,ECONNREFUSED
17086.7,heavy,3103,1,0.970,
17090.0,heavy,3101,0,3.200,
17093.3,heavy,3102,0,2.980,ECONNREFUSED
17096.7,heavy,3103,1,2.540,
17100.0,light-1,3101,1,3.513,
17100.0,light-3,3103,1,3.911,
17100.0,light-2,3102,0,4.636,ECONNREFUSED
17100.0,light-5,3102,0,4.991,ECONNREFUSED
17100.0,light-4,3101,1,5.651,
17100.0,heavy,3101,0,5.300,
17103.3,heavy,3102,0,4.499,ECONNREFUSED
17106.7,heavy,3103,1,2.958,
17110.0,heavy,3103,0,2.382,
17113.3,heavy,3101,1,3.250,
17116.7,heavy,3102,0,2.652,ECONNREFUSED
17120.0,heavy,3103,0,1.125,
17123.3,heavy,3101,1,3.342,
17126.7,heavy,3102,0,2.209,ECONNREFUSED
17130.0,heavy,3103,1,1.490,
17133.3,heavy,3101,0,3.442,
17136.7,heavy,3102,0,3.104,ECONNREFUSED
17140.0,heavy,3103,0,1.555,
17143.3,heavy,3101,1,4.056,
17146.7,heavy,3102,0,3.407,ECONNREFUSED
17150.0,heavy,3103,1,1.413,
17153.3,heavy,3101,0,2.264,
17156.7,heavy,3102,0,3.653,ECONNREFUSED
17160.0,heavy,3103,1,1.596,
17163.3,heavy,3101,0,3.695,
17166.7,heavy,3102,0,4.104,ECONNREFUSED
17170.0,heavy,3103,0,1.726,
17173.3,heavy,3101,1,5.449,
17176.7,heavy,3102,0,2.023,ECONNREFUSED
17180.0,heavy,3103,1,1.202,
17183.3,heavy,3101,0,5.489,
17186.7,heavy,3102,0,2.113,ECONNREFUSED
17190.0,heavy,3103,0,1.064,
17193.3,heavy,3101,1,5.496,
17196.7,heavy,3102,0,4.111,ECONNREFUSED
17200.0,light-3,3103,1,1.964,
17200.0,light-1,3101,1,4.240,
17200.0,light-4,3101,1,4.066,
17200.0,light-2,3102,0,4.654,ECONNREFUSED
17200.0,light-5,3102,0,4.546,ECONNREFUSED
17200.0,heavy,3103,0,2.187,
17203.3,heavy,3103,0,1.743,
17206.7,heavy,3101,1,4.787,
17210.0,heavy,3102,0,5.060,ECONNREFUSED
17213.3,heavy,3103,1,1.171,
17216.7,heavy,3101,0,3.984,
17220.0,heavy,3102,0,2.544,ECONNREFUSED
17223.3,heavy,3103,1,1.517,
17226.7,heavy,3101,0,3.346,
17230.0,heavy,3102,0,2.344,ECONNREFUSED
17233.3,heavy,3103,1,1.014,
17236.7,heavy,3101,0,3.345,
17240.0,heavy,3102,0,3.419,ECONNREFUSED
17243.3,heavy,3103,1,2.121,
17246.7,heavy,3101,0,2.024,
17250.0,heavy,3102,0,3.558,ECONNREFUSED
17253.3,heavy,3103,1,1.937,
17256.7,heavy,3101,1,3.731,
17260.0,heavy,3102,0,3.514,ECONNREFUSED
17263.3,heavy,3103,0,1.360,
17266.7,heavy,3101,0,3.087,
17270.0,heavy,3102,0,2.528,ECONNREFUSED
17273.3,heavy,3103,1,1.364,
17276.7,heavy,3101,0,2.704,
17280.0,heavy,3102,0,1.493,ECONNREFUSED
17283.3,heavy,3103,1,2.112,
17286.7,heavy,3101,1,3.988,
17290.0,heavy,3102,0,3.210,ECONNREFUSED
17293.3,heavy,3103,0,1.450,
17296.7,heavy,3101,0,1.628,
17300.0,light-2,3103,1,2.706,
17300.0,light-1,3102,0,3.752,ECONNREFUSED
17300.0,light-4,3102,0,4.358,ECONNREFUSED
17300.0,light-3,3101,1,6.877,
17300.0,light-5,3103,1,7.565,
17300.0,heavy,3102,0,4.139,ECONNREFUSED
17303.3,heavy,3103,1,2.023,
17306.7,heavy,3101,0,6.315,
17310.0,heavy,3101,0,5.266,
17313.3,heavy,3102,0,2.854,ECONNREFUSED
17316.7,heavy,3103,1,2.362,
17320.0,heavy,3101,1,3.869,
17323.3,heavy,3102,0,2.103,ECONNREFUSED
17326.7,heavy,3103,0,0.974,
17330.0,heavy,3101,0,3.957,
17333.3,heavy,3102,0,2.522,ECONNREFUSED
17336.7,heavy,3103,1,1.356,
17340.0,heavy,3101,0,3.706,
17343.3,heavy,3102,0,2.327,ECONNREFUSED
17346.7,heavy,3103,1,1.484,
17350.0,heavy,3101,0,3.358,
17353.3,heavy,3102,0,2.353,ECONNREFUSED
17356.7,heavy,3103,1,1.014,
17360.0,heavy,3101,0,4.331,
17363.3,heavy,3102,0,2.399,ECONNREFUSED
17366.7,heavy,3103,1,1.422,
17370.0,heavy,3101,0,2.758,
17373.3,heavy,3102,0,2.271,ECONNREFUSED
17376.7,heavy,3103,1,1.413,
17380.0,heavy,3101,1,4.096,
17383.3,heavy,3102,0,2.408,ECONNREFUSED
17386.7,heavy,3103,1,2.199,
17390.0,heavy,3101,0,4.179,
17393.3,heavy,3102,0,3.938,ECONNREFUSED
17396.7,heavy,3103,0,3.468,
17400.0,light-2,3103,1,2.974,
17400.0,light-5,3103,1,2.925,
17400.0,light-3,3101,1,3.981,
17400.0,light-1,3102,0,5.151,ECONNREFUSED
17400.0,light-4,3102,0,4.972,ECONNREFUSED
17400.0,heavy,3101,0,5.055,
17403.3,heavy,3101,1,3.995,
17406.7,heavy,3102,0,2.368,ECONNREFUSED
17410.0,heavy,3103,0,1.315,
17413.3,heavy,3101,1,3.799,
17416.7,heavy,3102,0,2.097,ECONNREFUSED
17420.0,heavy,3103,1,2.370,
17423.3,heavy,3101,0,3.224,
17426.7,heavy,3102,0,2.729,ECONNREFUSED
17430.0,heavy,3103,0,1.593,
17433.3,heavy,3101,1,4.434,
17436.7,heavy,3102,0,3.176,ECONNREFUSED
17440.0,heavy,3103,1,1.748,
17443.3,heavy,3101,0,4.056,
17446.7,heavy,3102,0,3.220,ECONNREFUSED
17450.0,heavy,3103,1,2.115,
17453.3,heavy,3101,0,3.380,
17456.7,heavy,3102,0,3.133,ECONNREFUSED
17460.0,heavy,3103,0,2.409,
17463.3,heavy,3101,1,3.228,
17466.7,heavy,3102,0,2.653,ECONNREFUSED
17470.0,heavy,3103,1,1.958,
17473.3,heavy,3101,0,4.034,
17476.7,heavy,3102,0,2.378,ECONNREFUSED
17480.0,heavy,3103,0,1.458,
17483.3,heavy,3101,1,4.060,
17486.7,heavy,3102,0,2.521,ECONNREFUSED
17490.0,heavy,3103,1,1.522,
17493.3,heavy,3101,0,3.752,
17496.7,heavy,3102,0,2.031,ECONNREFUSED
17500.0,light-1,3103,1,3.141,
17500.0,light-4,3103,1,3.948,
17500.0,light-2,3101,1,4.226,
17500.0,light-5,3101,1,4.201,
17500.0,light-3,3102,0,5.988,ECONNREFUSED
17500.0,heavy,3103,1,2.685,
17503.3,heavy,3101,0,5.973,
17506.7,heavy,3102,0,5.666,ECONNREFUSED
17510.0,heavy,3102,0,5.935,ECONNREFUSED
17513.3,heavy,3103,1,1.113,
17516.7,heavy,3101,1,4.150,
17520.0,heavy,3102,0,2.140,ECONNREFUSED
17523.3,heavy,3103,0,1.804,
17526.7,heavy,3101,0,3.322,
17530.0,heavy,3102,0,2.652,ECONNREFUSED
17533.3,heavy,3103,1,1.458,
17536.7,heavy,3101,0,3.182,
17540.0,heavy,3102,0,1.788,ECONNREFUSED
17543.3,heavy,3103,1,1.850,
17546.7,heavy,3101,0,2.963,
17550.0,heavy,3102,0,2.381,ECONNREFUSED
17553.3,heavy,3103,1,1.965,
17556.7,heavy,3101,0,2.969,
17560.0,heavy,3102,0,1.583,ECONNREFUSED
17563.3,heavy,3103,1,2.181,
17566.7,heavy,3101,0,3.057,
17570.0,heavy,3102,0,2.696,ECONNREFUSED
17573.3,heavy,3103,0,0.726,
17576.7,heavy,3101,1,4.897,
17580.0,heavy,3102,0,3.794,ECONNREFUSED
17583.3,heavy,3103,1,2.554,
17586.7,heavy,3101,0,3.347,
17590.0,heavy,3102,0,2.179,ECONNREFUSED
17593.3,heavy,3103,1,2.796,
17596.7,heavy,3101,1,6.975,
17600.0,light-1,3103,1,3.218,
17600.0,light-4,3103,1,3.860,
17600.0,light-2,3101,1,4.204,
17600.0,light-5,3101,1,4.124,
17600.0,light-3,3102,0,5.605,ECONNREFUSED
17600.0,heavy,3102,0,4.885,ECONNREFUSED
17603.3,heavy,3102,0,6.256,ECONNREFUSED
17606.7,heavy,3103,0,1.521,
17610.0,heavy,3101,0,3.336,
17613.3,heavy,3102,0,1.680,ECONNREFUSED
17616.7,heavy,3103,1,1.740,
17620.0,heavy,3101,1,4.559,
17623.3,heavy,3102,0,3.119,ECONNREFUSED
17626.7,heavy,3103,1,1.758,
17630.0,heavy,3101,0,4.645,
17633.3,heavy,3102,0,2.680,ECONNREFUSED
17636.7,heavy,3103,0,0.862,
17640.0,heavy,3101,0,3.171,
17643.3,heavy,3102,0,2.603,ECONNREFUSED
17646.7,heavy,3103,1,1.613,
17650.0,heavy,3101,0,1.571,
17653.3,heavy,3102,0,3.336,ECONNREFUSED
17656.7,heavy,3103,1,1.745,
17660.0,heavy,3101,1,3.997,
17663.3,heavy,3102,0,3.695,ECONNREFUSED
17666.7,heavy,3103,0,1.973,
17670.0,heavy,3101,0,4.804,
17673.3,heavy,3102,0,4.127,ECONNREFUSED
17676.7,heavy,3103,1,2.171,
17680.0,heavy,3101,0,3.107,
17683.3,heavy,3102,0,4.622,ECONNREFUSED
17686.7,heavy,3103,1,1.901,
17690.0,heavy,3101,1,9.955,
17693.3,heavy,3102,0,9.051,ECONNREFUSED
17696.7,heavy,3103,1,4.131,
17700.0,light-4,3103,1,6.321,
17700.0,light-5,3101,1,7.095,
17700.0,light-1,3103,1,9.160,
17700.0,light-3,3102,0,9.529,ECONNREFUSED
17700.0,light-2,3101,1,10.695,
17700.0,heavy,3101,0,9.524,
17703.3,heavy,3102,0,8.964,ECONNREFUSED
17706.7,heavy,3102,0,9.705,ECONNREFUSED
17710.0,heavy,3103,0,4.291,
17713.3,heavy,3101,1,5.442,
17716.7,heavy,3102,0,3.180,ECONNREFUSED
17720.0,heavy,3103,0,1.223,
17723.3,heavy,3101,1,4.686,
17726.7,heavy,3102,0,3.496,ECONNREFUSED
17730.0,heavy,3103,1,1.997,
17733.3,heavy,3101,0,4.379,
17736.7,heavy,3102,0,3.333,ECONNREFUSED
17740.0,heavy,3103,0,1.135,
17743.3,heavy,3101,0,3.472,
17746.7,heavy,3102,0,2.762,ECONNREFUSED
17750.0,heavy,3103,1,1.266,
17753.3,heavy,3101,1,4.011,
17756.7,heavy,3102,0,2.334,ECONNREFUSED
17760.0,heavy,3103,0,1.232,
17763.3,heavy,3101,1,3.831,
17766.7,heavy,3102,0,2.324,ECONNREFUSED
17770.0,heavy,3103,0,0.975,
17773.3,heavy,3101,1,3.931,
17776.7,heavy,3102,0,2.612,ECONNREFUSED
17780.0,heavy,3103,1,1.603,
17783.3,heavy,3101,0,2.599,
17786.7,heavy,3102,0,5.409,ECONNREFUSED
17790.0,heavy,3103,1,2.594,
17793.3,heavy,3101,0,7.382,
17796.7,heavy,3102,0,5.162,ECONNREFUSED
17800.0,light-3,3103,1,2.952,
17800.0,light-1,3101,1,4.606,
17800.0,light-4,3101,1,5.024,
17800.0,light-5,3102,0,6.024,ECONNREFUSED
17800.0,light-2,3102,0,6.419,ECONNREFUSED
17800.0,heavy,3103,0,3.138,
17803.3,heavy,3103,1,2.029,
17806.7,heavy,3101,0,2.984,
17810.0,heavy,3102,0,2.502,ECONNREFUSED
17813.3,heavy,3103,1,3.502,
17816.7,heavy,3101,0,6.006,
17820.0,heavy,3102,0,3.811,ECONNREFUSED
17823.3,heavy,3103,1,4.401,
17826.7,heavy,3101,0,5.834,
17830.0,heavy,3102,0,3.377,ECONNREFUSED
17833.3,heavy,3103,1,1.986,
17836.7,heavy,3101,0,3.656,
17840.0,heavy,3102,0,2.689,ECONNREFUSED
17843.3,heavy,3103,1,1.535,
17846.7,heavy,3101,0,3.455,
17850.0,heavy,3102,0,2.431,ECONNREFUSED
17853.3,heavy,3103,1,1.227,
17856.7,heavy,3101,0,3.389,
17860.0,heavy,3102,0,3.081,ECONNREFUSED
17863.3,heavy,3103,1,2.094,
17866.7,heavy,3101,0,3.577,
17870.0,heavy,3102,0,2.739,ECONNREFUSED
17873.3,heavy,3103,1,1.435,
17876.7,heavy,3101,0,4.056,
17880.0,heavy,3102,0,3.075,ECONNREFUSED
17883.3,heavy,3103,1,1.422,
17886.7,heavy,3101,0,3.264,
17890.0,heavy,3102,0,2.332,ECONNREFUSED
17893.3,heavy,3103,1,1.261,
17896.7,heavy,3101,0,6.818,
17900.0,light-3,3103,1,3.744,
17900.0,light-1,3101,1,5.033,
17900.0,light-4,3101,1,5.083,
17900.0,light-2,3102,0,6.656,ECONNREFUSED
17900.0,light-5,3102,0,6.953,ECONNREFUSED
17900.0,heavy,3102,0,6.808,ECONNREFUSED
17903.3,heavy,3103,1,3.077,
17906.7,heavy,3103,0,3.320,
17910.0,heavy,3101,0,3.386,
17913.3,heavy,3102,0,2.285,ECONNREFUSED
17916.7,heavy,3103,1,1.443,
17920.0,heavy,3101,0,3.171,
17923.3,heavy,3102,0,3.343,ECONNREFUSED
17926.7,heavy,3103,1,1.332,
17930.0,heavy,3101,0,3.376,
17933.3,heavy,3102,0,2.603,ECONNREFUSED
17936.7,heavy,3103,1,1.510,
17940.0,heavy,3101,0,3.341,
17943.3,heavy,3102,0,2.259,ECONNREFUSED
17946.7,heavy,3103,1,1.312,
17950.0,heavy,3101,1,3.699,
17953.3,heavy,3102,0,2.231,ECONNREFUSED
17956.7,heavy,3103,1,1.535,
17960.0,heavy,3101,0,3.882,
17963.3,heavy,3102,0,2.905,ECONNREFUSED
17966.7,heavy,3103,0,1.850,
17970.0,heavy,3101,0,2.852,
17973.3,heavy,3102,0,1.919,ECONNREFUSED
17976.7,heavy,3103,1,1.617,
17980.0,heavy,3101,1,3.775,
17983.3,heavy,3102,0,2.641,ECONNREFUSED
17986.7,heavy,3103,0,1.029,
17990.0,heavy,3101,0,3.728,
17993.3,heavy,3102,0,3.281,ECONNREFUSED
17996.7,heavy,3103,1,1.418,
18000.0,light-2,3103,1,2.337,
18000.0,light-5,3103,1,2.284,
18000.0,light-3,3101,1,3.930,
18000.0,light-1,3102,0,5.221,ECONNREFUSED
18000.0,light-4,3102,0,5.120,ECONNREFUSED
18000.0,heavy,3101,0,5.049,
18003.3,heavy,3101,1,3.469,
18006.7,heavy,3102,0,2.030,ECONNREFUSED
18010.0,heavy,3103,1,1.387,
18013.3,heavy,3101,0,2.741,
18016.7,heavy,3102,0,2.378,ECONNREFUSED
18020.0,heavy,3103,1,1.309,
18023.3,heavy,3101,0,3.396,
18026.7,heavy,3102,0,2.871,ECONNREFUSED
18030.0,heavy,3103,0,1.025,
18033.3,heavy,3101,1,3.999,
18036.7,heavy,3102,0,1.904,ECONNREFUSED
18040.0,heavy,3103,1,1.093,
18043.3,heavy,3101,0,3.675,
18046.7,heavy,3102,0,2.816,ECONNREFUSED
18050.0,heavy,3103,0,1.061,
18053.3,heavy,3101,1,3.796,
18056.7,heavy,3102,0,2.361,ECONNREFUSED
18060.0,heavy,3103,0,1.285,
18063.3,heavy,3101,0,1.358,
18066.7,heavy,3102,0,3.688,ECONNREFUSED
18070.0,heavy,3103,1,1.927,
18073.3,heavy,3101,1,4.553,
18076.7,heavy,3102,0,3.614,ECONNREFUSED
18080.0,heavy,3103,0,1.028,
18083.3,heavy,3101,0,3.721,
18086.7,heavy,3102,0,3.781,ECONNREFUSED
18090.0,heavy,3103,1,2.104,
18093.3,heavy,3101,1,4.132,
18096.7,heavy,3102,0,1.961,ECONNREFUSED
18100.0,light-1,3103,1,2.861,
18100.0,light-4,3103,1,3.451,
18100.0,light-2,3101,1,4.303,
18100.0,light-5,3101,1,4.267,
18100.0,light-3,3102,0,4.696,ECONNREFUSED
18100.0,heavy,3103,1,1.909,
18103.3,heavy,3101,0,5.776,
18106.7,heavy,3102,0,5.963,ECONNREFUSED
18110.0,heavy,3102,0,5.327,ECONNREFUSED
18113.3,heavy,3103,1,1.746,
18116.7,heavy,3101,1,3.331,
18120.0,heavy,3102,0,2.732,ECONNREFUSED
18123.3,heavy,3103,0,1.050,
18126.7,heavy,3101,0,3.697,
18130.0,heavy,3102,0,3.209,ECONNREFUSED
18133.3,heavy,3103,1,1.653,
18136.7,heavy,3101,0,3.423,
18140.0,heavy,3102,0,1.907,ECONNREFUSED
18143.3,heavy,3103,1,2.447,
18146.7,heavy,3101,0,3.348,
18150.0,heavy,3102,0,2.905,ECONNREFUSED
18153.3,heavy,3103,1,1.223,
18156.7,heavy,3101,0,3.446,
18160.0,heavy,3102,0,2.994,ECONNREFUSED
18163.3,heavy,3103,1,1.517,
18166.7,heavy,3101,0,3.300,
18170.0,heavy,3102,0,2.441,ECONNREFUSED
18173.3,heavy,3103,1,2.086,
18176.7,heavy,3101,1,4.040,
18180.0,heavy,3102,0,2.881,ECONNREFUSED
18183.3,heavy,3103,0,1.259,
18186.7,heavy,3101,0,2.468,
18190.0,heavy,3102,0,3.803,ECONNREFUSED
18193.3,heavy,3103,1,1.557,
18196.7,heavy,3101,0,3.602,
18200.0,light-1,3103,1,2.616,
18200.0,light-2,3101,1,2.745,
18200.0,light-4,3103,1,2.687,
18200.0,light-5,3101,1,2.726,
18200.0,light-3,3102,0,4.058,ECONNREFUSED
18200.0,heavy,3102,0,4.900,ECONNREFUSED
18203.3,heavy,3102,0,2.172,ECONNREFUSED
18206.7,heavy,3103,1,2.086,
18210.0,heavy,3101,1,4.062,
18213.3,heavy,3102,0,2.669,ECONNREFUSED
18216.7,heavy,3103,0,1.098,
18220.0,heavy,3101,0,2.992,
18223.3,heavy,3102,0,2.339,ECONNREFUSED
18226.7,heavy,3103,1,1.317,
18230.0,heavy,3101,0,2.437,
18233.3,heavy,3102,0,4.097,ECONNREFUSED
18236.7,heavy,3103,1,2.138,
18240.0,heavy,3101,0,4.087,
18243.3,heavy,3102,0,4.285,ECONNREFUSED
18246.7,heavy,3103,1,1.759,
18250.0,heavy,3101,0,3.893,
18253.3,heavy,3102,0,3.068,ECONNREFUSED
18256.7,heavy,3103,1,1.578,
18260.0,heavy,3101,0,3.598,
18263.3,heavy,3102,0,2.697,ECONNREFUSED
18266.7,heavy,3103,1,1.502,
18270.0,heavy,3101,0,3.142,
18273.3,heavy,3102,0,2.295,ECONNREFUSED
18276.7,heavy,3103,1,1.310,
18280.0,heavy,3101,0,3.010,
18283.3,heavy,3102,0,2.027,ECONNREFUSED
18286.7,heavy,3103,1,1.436,
18290.0,heavy,3101,1,3.789,
18293.3,heavy,3102,0,2.069,ECONNREFUSED
18296.7,heavy,3103,1,2.834,
18300.0,light-3,3103,1,4.101,
18300.0,light-1,3101,1,4.357,
18300.0,light-2,3102,0,6.039,ECONNREFUSED
18300.0,light-4,3101,1,6.463,
18300.0,light-5,3102,0,6.736,ECONNREFUSED
18300.0,heavy,3101,0,6.183,
18303.3,heavy,3102,0,5.921,ECONNREFUSED
18306.7,heavy,3103,0,3.578,
18310.0,heavy,3103,1,6.034,
18313.3,heavy,3101,0,2.794,
18316.7,heavy,3102,0,2.241,ECONNREFUSED
18320.0,heavy,3103,1,1.363,
18323.3,heavy,3101,0,3.431,
18326.7,heavy,3102,0,2.360,ECONNREFUSED
18330.0,heavy,3103,0,1.304,
18333.3,heavy,3101,0,4.996,
18336.7,heavy,3102,0,2.519,ECONNREFUSED
18340.0,heavy,3103,1,1.421,
18343.3,heavy,3101,1,4.641,
18346.7,heavy,3102,0,2.713,ECONNREFUSED
18350.0,heavy,3103,0,1.035,
18353.3,heavy,3101,1,3.921,
18356.7,heavy,3102,0,2.889,ECONNREFUSED
18360.0,heavy,3103,0,1.179,
18363.3,heavy,3101,0,2.862,
18366.7,heavy,3102,0,2.146,ECONNREFUSED
18370.0,heavy,3103,1,1.226,
18373.3,heavy,3101,1,3.265,
18376.7,heavy,3102,0,1.826,ECONNREFUSED
18380.0,heavy,3103,1,1.252,
18383.3,heavy,3101,0,3.251,
18386.7,heavy,3102,0,1.906,ECONNREFUSED
18390.0,heavy,3103,0,1.061,
18393.3,heavy,3101,1,6.473,
18396.7,heavy,3102,0,6.008,ECONNREFUSED
18400.0,light-3,3103,1,2.625,
18400.0,light-1,3101,1,4.050,
18400.0,light-4,3101,1,4.477,
18400.0,light-2,3102,0,6.062,ECONNREFUSED
18400.0,light-5,3102,0,6.016,ECONNREFUSED
18400.0,heavy,3103,1,2.723,
18403.3,heavy,3103,0,3.198,
18406.7,heavy,3101,0,3.201,
18410.0,heavy,3102,0,2.195,ECONNREFUSED
18413.3,heavy,3103,1,1.336,
18416.7,heavy,3101,0,3.196,
18420.0,heavy,3102,0,2.256,ECONNREFUSED
18423.3,heavy,3103,1,1.926,
18426.7,heavy,3101,0,3.276,
18430.0,heavy,3102,0,2.788,ECONNREFUSED
18433.3,heavy,3103,1,1.403,
18436.7,heavy,3101,0,3.499,
18440.0,heavy,3102,0,2.987,ECONNREFUSED
18443.3,heavy,3103,1,1.514,
18446.7,heavy,3101,0,3.107,
18450.0,heavy,3102,0,1.871,ECONNREFUSED
18453.3,heavy,3103,1,2.133,
18456.7,heavy,3101,0,3.473,
18460.0,heavy,3102,0,2.953,ECONNREFUSED
18463.3,heavy,3103,1,1.465,
18466.7,heavy,3101,0,4.044,
18470.0,heavy,3102,0,3.198,ECONNREFUSED
18473.3,heavy,3103,1,1.694,
18476.7,heavy,3101,0,3.686,
18480.0,heavy,3102,0,2.844,ECONNREFUSED
18483.3,heavy,3103,1,1.074,
18486.7,heavy,3101,1,4.371,
18490.0,heavy,3102,0,4.423,ECONNREFUSED
18493.3,heavy,3103,0,2.964,
18496.7,heavy,3101,0,1.596,
18500.0,light-2,3103,1,2.795,
18500.0,light-1,3102,0,4.933,ECONNREFUSED
18500.0,light-4,3102,0,4.887,ECONNREFUSED
18500.0,light-5,3103,1,6.041,
18500.0,light-3,3101,1,6.291,
18500.0,heavy,3102,0,4.538,ECONNREFUSED
18503.3,heavy,3103,1,2.424,
18506.7,heavy,3101,0,6.191,
18510.0,heavy,3101,0,4.396,
18513.3,heavy,3102,0,2.288,ECONNREFUSED
18516.7,heavy,3103,1,1.274,
18520.0,heavy,3101,1,3.628,
18523.3,heavy,3102,0,2.403,ECONNREFUSED
18526.7,heavy,3103,0,1.046,
18530.0,heavy,3101,0,3.214,
18533.3,heavy,3102,0,2.384,ECONNREFUSED
18536.7,heavy,3103,1,1.326,
18540.0,heavy,3101,0,3.301,
18543.3,heavy,3102,0,2.242,ECONNREFUSED
18546.7,heavy,3103,1,2.311,
18550.0,heavy,3101,0,4.009,
18553.3,heavy,3102,0,3.233,ECONNREFUSED
18556.7,heavy,3103,1,1.394,
18560.0,heavy,3101,0,3.497,
18563.3,heavy,3102,0,2.511,ECONNREFUSED
18566.7,heavy,3103,1,1.458,
18570.0,heavy,3101,0,2.978,
18573.3,heavy,3102,0,2.416,ECONNREFUSED
18576.7,heavy,3103,1,1.051,
18580.0,heavy,3101,0,3.563,
18583.3,heavy,3102,0,2.910,ECONNREFUSED
18586.7,heavy,3103,1,1.521,
18590.0,heavy,3101,0,2.984,
18593.3,heavy,3102,0,1.949,ECONNREFUSED
18596.7,heavy,3103,1,2.369,
18600.0,light-1,3103,1,2.562,
18600.0,light-4,3103,1,2.489,
18600.0,light-2,3101,1,2.727,
18600.0,light-5,3101,1,2.792,
18600.0,light-3,3102,0,3.066,ECONNREFUSED
18600.0,heavy,3101,1,4.160,
18603.3,heavy,3102,0,3.180,ECONNREFUSED
18606.7,heavy,3102,0,2.316,ECONNREFUSED
18610.0,heavy,3103,1,2.410,
18613.3,heavy,3101,0,3.612,
18616.7,heavy,3102,0,3.193,ECONNREFUSED
18620.0,heavy,3103,0,1.445,
18623.3,heavy,3101,1,5.323,
18626.7,heavy,3102,0,3.005,ECONNREFUSED
18630.0,heavy,3103,1,1.360,
18633.3,heavy,3101,0,4.949,
18636.7,heavy,3102,0,2.410,ECONNREFUSED
18640.0,heavy,3103,1,2.380,
18643.3,heavy,3101,0,4.265,
18646.7,heavy,3102,0,3.150,ECONNREFUSED
18650.0,heavy,3103,0,1.336,
18653.3,heavy,3101,1,3.874,
18656.7,heavy,3102,0,2.596,ECONNREFUSED
18660.0,heavy,3103,0,1.114,
18663.3,heavy,3101,1,3.998,
18666.7,heavy,3102,0,2.991,ECONNREFUSED
18670.0,heavy,3103,0,1.090,
18673.3,heavy,3101,0,3.547,
18676.7,heavy,3102,0,2.906,ECONNREFUSED
18680.0,heavy,3103,1,1.490,
18683.3,heavy,3101,1,4.371,
18686.7,heavy,3102,0,2.069,ECONNREFUSED
18690.0,heavy,3103,0,1.097,
18693.3,heavy,3101,1,4.466,
18696.7,heavy,3102,0,2.566,ECONNREFUSED
18700.0,light-1,3101,1,2.106,
18700.0,light-3,3103,1,1.909,
18700.0,light-4,3101,1,3.110,
18700.0,light-2,3102,0,4.291,ECONNREFUSED
18700.0,light-5,3102,0,4.571,ECONNREFUSED
18700.0,heavy,3103,0,2.170,
18703.3,heavy,3103,1,1.882,
18706.7,heavy,3101,1,3.433,
18710.0,heavy,3102,0,2.278,ECONNREFUSED
18713.3,heavy,3103,0,1.195,
18716.7,heavy,3101,0,3.715,
18720.0,heavy,3102,0,3.068,ECONNREFUSED
18723.3,heavy,3103,1,1.707,
18726.7,heavy,3101,0,3.278,
18730.0,heavy,3102,0,2.110,ECONNREFUSED
18733.3,heavy,3103,1,2.220,
18736.7,heavy,3101,1,3.559,
18740.0,heavy,3102,0,2.906,ECONNREFUSED
18743.3,heavy,3103,0,1.236,
18746.7,heavy,3101,0,3.594,
18750.0,heavy,3102,0,2.893,ECONNREFUSED
18753.3,heavy,3103,1,1.846,
18756.7,heavy,3101,0,3.133,
18760.0,heavy,3102,0,3.676,ECONNREFUSED
18763.3,heavy,3103,1,0.999,
18766.7,heavy,3101,0,3.235,
18770.0,heavy,3102,0,3.332,ECONNREFUSED
18773.3,heavy,3103,1,1.129,
18776.7,heavy,3101,0,2.724,
18780.0,heavy,3102,0,1.782,ECONNREFUSED
18783.3,heavy,3103,1,1.268,
18786.7,heavy,3101,0,3.238,
18790.0,heavy,3102,0,2.434,ECONNREFUSED
18793.3,heavy,3103,1,2.843,
18796.7,heavy,3101,0,5.483,
18800.0,light-3,3103,1,3.059,
18800.0,light-1,3101,1,4.287,
18800.0,light-4,3101,1,4.464,
18800.0,light-2,3102,0,5.341,ECONNREFUSED
18800.0,light-5,3102,0,5.306,ECONNREFUSED
18800.0,heavy,3102,0,5.274,ECONNREFUSED
18803.3,heavy,3103,1,3.119,
18806.7,heavy,3103,0,2.927,
18810.0,heavy,3101,0,2.615,
18813.3,heavy,3102,0,2.724,ECONNREFUSED
18816.7,heavy,3103,1,1.151,
18820.0,heavy,3101,0,2.864,
18823.3,heavy,3102,0,2.048,ECONNREFUSED
18826.7,heavy,3103,1,2.306,
18830.0,heavy,3101,0,3.690,
18833.3,heavy,3102,0,3.148,ECONNREFUSED
18836.7,heavy,3103,1,2.145,
18840.0,heavy,3101,0,3.140,
18843.3,heavy,3102,0,2.436,ECONNREFUSED
18846.7,heavy,3103,1,2.240,
18850.0,heavy,3101,1,5.330,
18853.3,heavy,3102,0,1.979,ECONNREFUSED
18856.7,heavy,3103,0,0.891,
18860.0,heavy,3101,0,3.206,
18863.3,heavy,3102,0,2.508,ECONNREFUSED
18866.7,heavy,3103,1,1.545,
18870.0,heavy,3101,1,4.589,
18873.3,heavy,3102,0,2.824,ECONNREFUSED
18876.7,heavy,3103,1,1.827,
18880.0,heavy,3101,0,4.333,
18883.3,heavy,3102,0,3.493,ECONNREFUSED
18886.7,heavy,3103,1,1.855,
18890.0,heavy,3101,0,4.507,
18893.3,heavy,3102,0,4.143,ECONNREFUSED
18896.7,heavy,3103,0,3.598,
18900.0,light-2,3103,1,3.207,
18900.0,light-5,3103,1,3.510,
18900.0,light-3,3101,1,4.592,
18900.0,light-1,3102,0,6.102,ECONNREFUSED
18900.0,light-4,3102,0,5.907,ECONNREFUSED
18900.0,heavy,3101,0,5.963,
18903.3,heavy,3101,1,3.662,
18906.7,heavy,3102,0,2.231,ECONNREFUSED
18910.0,heavy,3103,1,1.507,
18913.3,heavy,3101,0,3.165,
18916.7,heavy,3102,0,2.355,ECONNREFUSED
18920.0,heavy,3103,1,2.900,
18923.3,heavy,3101,0,4.248,
18926.7,heavy,3102,0,3.922,ECONNREFUSED
18930.0,heavy,3103,0,1.540,
18933.3,heavy,3101,1,4.145,
18936.7,heavy,3102,0,2.496,ECONNREFUSED
18940.0,heavy,3103,0,1.103,
18943.3,heavy,3101,1,4.205,
18946.7,heavy,3102,0,2.948,ECONNREFUSED
18950.0,heavy,3103,0,1.489,
18953.3,heavy,3101,0,3.728,
18956.7,heavy,3102,0,2.648,ECONNREFUSED
18960.0,heavy,3103,1,1.373,
18963.3,heavy,3101,1,3.978,
18966.7,heavy,3102,0,2.357,ECONNREFUSED
18970.0,heavy,3103,1,1.469,
18973.3,heavy,3101,0,3.377,
18976.7,heavy,3102,0,2.426,ECONNREFUSED
18980.0,heavy,3103,0,0.984,
18983.3,heavy,3101,0,3.178,
18986.7,heavy,3102,0,2.523,ECONNREFUSED
18990.0,heavy,3103,1,1.514,
18993.3,heavy,3101,0,1.858,
18996.7,heavy,3102,0,4.699,ECONNREFUSED
19000.0,light-4,3103,1,4.148,
19000.0,light-5,3101,1,4.587,
19000.0,light-3,3102,0,5.634,ECONNREFUSED
19000.0,light-1,3103,1,6.648,
19000.0,light-2,3101,1,7.342,
19000.0,heavy,3103,1,2.078,
19003.3,heavy,3101,1,6.986,
19006.7,heavy,3102,0,4.702,ECONNREFUSED
19010.0,heavy,3102,0,5.218,ECONNREFUSED
19013.3,heavy,3103,0,2.085,
19016.7,heavy,3101,1,4.026,
19020.0,heavy,3102,0,3.215,ECONNREFUSED
19023.3,heavy,3103,1,1.651,
19026.7,heavy,3101,0,3.255,
19030.0,heavy,3102,0,2.310,ECONNREFUSED
19033.3,heavy,3103,1,1.336,
19036.7,heavy,3101,0,2.973,
19040.0,heavy,3102,0,2.123,ECONNREFUSED
19043.3,heavy,3103,1,1.871,
19046.7,heavy,3101,0,3.265,
19050.0,heavy,3102,0,2.397,ECONNREFUSED
19053.3,heavy,3103,1,1.959,
19056.7,heavy,3101,0,2.795,
19060.0,heavy,3102,0,3.929,ECONNREFUSED
19063.3,heavy,3103,1,2.318,
19066.7,heavy,3101,0,4.277,
19070.0,heavy,3102,0,3.712,ECONNREFUSED
19073.3,heavy,3103,1,1.439,
19076.7,heavy,3101,0,3.578,
19080.0,heavy,3102,0,2.864,ECONNREFUSED
19083.3,heavy,3103,1,1.679,
19086.7,heavy,3101,0,2.289,
19090.0,heavy,3102,0,4.580,ECONNREFUSED
19093.3,heavy,3103,1,2.036,
19096.7,heavy,3101,0,4.329,
19100.0,light-1,3103,1,2.401,
19100.0,light-4,3103,1,2.836,
19100.0,light-2,3101,1,3.687,
19100.0,light-5,3101,1,3.859,
19100.0,light-3,3102,0,4.302,ECONNREFUSED
19100.0,heavy,3102,0,4.427,ECONNREFUSED
19103.3,heavy,3102,0,1.948,ECONNREFUSED
19106.7,heavy,3103,1,2.136,
19110.0,heavy,3101,1,3.870,
19113.3,heavy,3102,0,2.704,ECONNREFUSED
19116.7,heavy,3103,0,1.996,
19120.0,heavy,3101,0,1.618,
19123.3,heavy,3102,0,3.480,ECONNREFUSED
19126.7,heavy,3103,1,2.042,
19130.0,heavy,3101,0,3.453,
19133.3,heavy,3102,0,2.710,ECONNREFUSED
19136.7,heavy,3103,1,1.960,
19140.0,heavy,3101,0,3.663,
19143.3,heavy,3102,0,3.172,ECONNREFUSED
19146.7,heavy,3103,1,2.571,
19150.0,heavy,3101,0,2.977,
19153.3,heavy,3102,0,2.094,ECONNREFUSED
19156.7,heavy,3103,1,1.696,
19160.0,heavy,3101,1,4.227,
19163.3,heavy,3102,0,2.749,ECONNREFUSED
19166.7,heavy,3103,0,0.990,
19170.0,heavy,3101,0,14.812,
19173.3,heavy,3102,0,3.338,ECONNREFUSED
19176.7,heavy,3103,1,1.673,
19180.0,heavy,3101,0,13.959,
19183.3,heavy,3102,0,2.953,ECONNREFUSED
19186.7,heavy,3103,1,1.713,
19190.0,heavy,3101,1,3.633,
19193.3,heavy,3102,0,3.046,ECONNREFUSED
19196.7,heavy,3103,0,0.999,
19200.0,light-3,3103,1,3.675,
19200.0,light-1,3101,1,5.562,
19200.0,light-4,3101,1,5.594,
19200.0,light-2,3102,0,6.497,ECONNREFUSED
19200.0,light-5,3102,0,7.427,ECONNREFUSED
19200.0,heavy,3101,0,6.738,
19203.3,heavy,3102,0,6.374,ECONNREFUSED
19206.7,heavy,3103,1,3.058,
19210.0,heavy,3103,0,3.875,
19213.3,heavy,3101,1,3.681,
19216.7,heavy,3102,0,2.599,ECONNREFUSED
19220.0,heavy,3103,1,1.277,
19223.3,heavy,3101,0,3.525,
19226.7,heavy,3102,0,2.429,ECONNREFUSED
19230.0,heavy,3103,0,1.067,
19233.3,heavy,3101,0,3.323,
19236.7,heavy,3102,0,2.667,ECONNREFUSED
19240.0,heavy,3103,1,1.370,
19243.3,heavy,3101,1,3.741,
19246.7,heavy,3102,0,2.542,ECONNREFUSED
19250.0,heavy,3103,1,1.358,
19253.3,heavy,3101,0,3.518,
19256.7,heavy,3102,0,2.678,ECONNREFUSED
19260.0,heavy,3103,1,2.429,
19263.3,heavy,3101,1,3.685,
19266.7,heavy,3102,0,3.012,ECONNREFUSED
19270.0,heavy,3103,0,2.535,
19273.3,heavy,3101,0,2.288,
19276.7,heavy,3102,0,3.792,ECONNREFUSED
19280.0,heavy,3103,1,1.903,
19283.3,heavy,3101,0,4.226,
19286.7,heavy,3102,0,3.872,ECONNREFUSED
19290.0,heavy,3103,0,1.313,
19293.3,heavy,3101,1,5.564,
19296.7,heavy,3102,0,5.074,ECONNREFUSED
19300.0,light-3,3103,1,3.164,
19300.0,light-1,3101,1,3.909,
19300.0,light-4,3101,1,3.921,
19300.0,light-2,3102,0,5.281,ECONNREFUSED
19300.0,light-5,3102,0,5.829,ECONNREFUSED
19300.0,heavy,3103,1,2.783,
19303.3,heavy,3103,0,2.203,
19306.7,heavy,3101,0,2.943,
19310.0,heavy,3102,0,2.982,ECONNREFUSED
19313.3,heavy,3103,1,1.642,
19316.7,heavy,3101,0,3.914,
19320.0,heavy,3102,0,1.998,ECONNREFUSED
19323.3,heavy,3103,1,0.999,
19326.7,heavy,3101,0,2.852,
19330.0,heavy,3102,0,2.204,ECONNREFUSED
19333.3,heavy,3103,1,1.091,
19336.7,heavy,3101,0,3.352,
19340.0,heavy,3102,0,3.511,ECONNREFUSED
19343.3,heavy,3103,1,1.814,
19346.7,heavy,3101,0,2.964,
19350.0,heavy,3102,0,3.149,ECONNREFUSED
19353.3,heavy,3103,1,1.218,
19356.7,heavy,3101,0,4.824,
19360.0,heavy,3102,0,2.775,ECONNREFUSED
19363.3,heavy,3103,1,1.805,
19366.7,heavy,3101,0,4.155,
19370.0,heavy,3102,0,2.074,ECONNREFUSED
19373.3,heavy,3103,1,1.189,
19376.7,heavy,3101,0,2.653,
19380.0,heavy,3102,0,2.135,ECONNREFUSED
19383.3,heavy,3103,0,0.893,
19386.7,heavy,3101,1,3.545,
19390.0,heavy,3102,0,2.276,ECONNREFUSED
19393.3,heavy,3103,1,1.315,
19396.7,heavy,3101,0,1.528,
19400.0,light-2,3103,1,1.273,
19400.0,light-5,3103,1,1.321,
19400.0,light-3,3101,1,2.289,
19400.0,light-1,3102,0,5.365,ECONNREFUSED
19400.0,light-4,3102,0,5.350,ECONNREFUSED
19400.0,heavy,3102,0,4.365,ECONNREFUSED
19403.3,heavy,3103,1,1.206,
19406.7,heavy,3101,0,3.632,
19410.0,heavy,3101,0,2.970,
19413.3,heavy,3102,0,2.770,ECONNREFUSED
19416.7,heavy,3103,1,1.079,
19420.0,heavy,3101,0,2.533,
19423.3,heavy,3102,0,1.913,ECONNREFUSED
19426.7,heavy,3103,1,1.780,
19430.0,heavy,3101,0,2.818,
19433.3,heavy,3102,0,2.439,ECONNREFUSED
19436.7,heavy,3103,1,1.990,
19440.0,heavy,3101,0,2.229,
19443.3,heavy,3102,0,3.194,ECONNREFUSED
19446.7,heavy,3103,1,1.703,
19450.0,heavy,3101,1,3.843,
19453.3,heavy,3102,0,3.065,ECONNREFUSED
19456.7,heavy,3103,0,0.904,
19460.0,heavy,3101,0,3.351,
19463.3,heavy,3102,0,2.667,ECONNREFUSED
19466.7,heavy,3103,1,1.351,
19470.0,heavy,3101,0,3.073,
19473.3,heavy,3102,0,2.019,ECONNREFUSED
19476.7,heavy,3103,1,1.860,
19480.0,heavy,3101,1,3.140,
19483.3,heavy,3102,0,2.243,ECONNREFUSED
19486.7,heavy,3103,0,0.874,
19490.0,heavy,3101,0,3.757,
19493.3,heavy,3102,0,4.931,ECONNREFUSED
19496.7,heavy,3103,1,0.913,
19500.0,light-2,3103,1,1.153,
19500.0,light-5,3103,1,2.098,
19500.0,light-3,3101,1,3.725,
19500.0,light-4,3102,0,5.065,ECONNREFUSED
19500.0,light-1,3102,0,5.731,ECONNREFUSED
19500.0,heavy,3101,0,5.194,
19503.3,heavy,3101,1,3.164,
19506.7,heavy,3102,0,2.368,ECONNREFUSED
19510.0,heavy,3103,0,1.157,
19513.3,heavy,3101,1,4.479,
19516.7,heavy,3102,0,3.411,ECONNREFUSED
19520.0,heavy,3103,0,1.304,
19523.3,heavy,3101,0,3.240,
19526.7,heavy,3102,0,2.372,ECONNREFUSED
19530.0,heavy,3103,1,1.071,
19533.3,heavy,3101,1,4.895,
19536.7,heavy,3102,0,3.611,ECONNREFUSED
19540.0,heavy,3103,1,2.062,
19543.3,heavy,3101,0,4.524,
19546.7,heavy,3102,0,3.721,ECONNREFUSED
19550.0,heavy,3103,0,1.060,
19553.3,heavy,3101,0,2.686,
19556.7,heavy,3102,0,2.175,ECONNREFUSED
19560.0,heavy,3103,1,1.023,
19563.3,heavy,3101,1,5.234,
19566.7,heavy,3102,0,3.517,ECONNREFUSED
19570.0,heavy,3103,1,1.734,
19573.3,heavy,3101,0,4.904,
19576.7,heavy,3102,0,4.238,ECONNREFUSED
19580.0,heavy,3103,0,2.119,
19583.3,heavy,3101,0,3.392,
19586.7,heavy,3102,0,2.911,ECONNREFUSED
19590.0,heavy,3103,1,1.401,
19593.3,heavy,3101,1,3.529,
19596.7,heavy,3102,0,2.209,ECONNREFUSED
19600.0,light-1,3101,1,2.313,
19600.0,light-3,3103,1,2.997,
19600.0,light-2,3102,0,4.073,ECONNREFUSED
19600.0,light-4,3101,1,4.624,
19600.0,light-5,3102,0,4.899,ECONNREFUSED
19600.0,heavy,3103,0,2.284,
19603.3,heavy,3103,1,1.267,
19606.7,heavy,3101,0,3.227,
19610.0,heavy,3102,0,2.180,ECONNREFUSED
19613.3,heavy,3103,1,2.148,
19616.7,heavy,3101,1,3.815,
19620.0,heavy,3102,0,3.196,ECONNREFUSED
19623.3,heavy,3103,0,1.459,
19626.7,heavy,3101,0,3.771,
19630.0,heavy,3102,0,3.061,ECONNREFUSED
19633.3,heavy,3103,1,1.500,
19636.7,heavy,3101,0,3.416,
19640.0,heavy,3102,0,3.010,ECONNREFUSED
19643.3,heavy,3103,0,0.866,
19646.7,heavy,3101,1,4.713,
19650.0,heavy,3102,0,3.005,ECONNREFUSED
19653.3,heavy,3103,0,1.972,
19656.7,heavy,3101,1,3.503,
19660.0,heavy,3102,0,3.923,ECONNREFUSED
19663.3,heavy,3103,1,2.327,
19666.7,heavy,3101,0,4.054,
19670.0,heavy,3102,0,3.117,ECONNREFUSED
19673.3,heavy,3103,1,0.974,
19676.7,heavy,3101,0,3.673,
19680.0,heavy,3102,0,2.786,ECONNREFUSED
19683.3,heavy,3103,1,2.089,
19686.7,heavy,3101,0,2.617,
19690.0,heavy,3102,0,1.541,ECONNREFUSED
19693.3,heavy,3103,1,1.325,
19696.7,heavy,3101,0,5.487,
19700.0,heavy,3102,0,4.714,ECONNREFUSED
19700.0,light-1,3103,1,1.912,
19700.0,light-2,3101,1,1.999,
19700.0,light-4,3103,1,1.897,
19700.0,light-5,3101,1,3.887,
19700.0,light-3,3102,0,5.335,ECONNREFUSED
19703.3,heavy,3102,0,3.638,ECONNREFUSED
19706.7,heavy,3103,1,2.457,
19710.0,heavy,3101,0,3.813,
19713.3,heavy,3102,0,3.209,ECONNREFUSED
19716.7,heavy,3103,1,1.426,
19720.0,heavy,3101,0,3.695,
19723.3,heavy,3102,0,2.613,ECONNREFUSED
19726.7,heavy,3103,1,1.428,
19730.0,heavy,3101,0,3.239,
19733.3,heavy,3102,0,2.161,ECONNREFUSED
19736.7,heavy,3103,1,2.386,
19740.0,heavy,3101,1,3.938,
19743.3,heavy,3102,0,3.399,ECONNREFUSED
19746.7,heavy,3103,0,1.547,
19750.0,heavy,3101,0,4.662,
19753.3,heavy,3102,0,3.263,ECONNREFUSED
19756.7,heavy,3103,1,1.618,
19760.0,heavy,3101,0,4.142,
19763.3,heavy,3102,0,3.191,ECONNREFUSED
19766.7,heavy,3103,1,2.064,
19770.0,heavy,3101,1,3.254,
19773.3,heavy,3102,0,2.801,ECONNREFUSED
19776.7,heavy,3103,0,1.248,
19780.0,heavy,3101,1,4.559,
19783.3,heavy,3102,0,3.092,ECONNREFUSED
19786.7,heavy,3103,1,1.743,
19790.0,heavy,3101,0,4.279,
19793.3,heavy,3102,0,3.524,ECONNREFUSED
19796.7,heavy,3103,0,1.058,
19800.0,heavy,3101,0,6.029,
19800.0,light-3,3103,1,3.336,
19800.0,light-1,3101,1,4.327,
19800.0,light-4,3101,1,4.434,
19800.0,light-2,3102,0,5.881,ECONNREFUSED
19800.0,light-5,3102,0,6.638,ECONNREFUSED
19803.3,heavy,3102,0,6.052,ECONNREFUSED
19806.7,heavy,3103,1,2.823,
19810.0,heavy,3103,0,2.817,
19813.3,heavy,3101,1,4.436,
19816.7,heavy,3102,0,2.741,ECONNREFUSED
19820.0,heavy,3103,0,1.287,
19823.3,heavy,3101,1,4.821,
19826.7,heavy,3102,0,4.954,ECONNREFUSED
19830.0,heavy,3103,1,2.377,
19833.3,heavy,3101,0,4.430,
19836.7,heavy,3102,0,4.062,ECONNREFUSED
19840.0,heavy,3103,0,2.071,
19843.3,heavy,3101,1,4.504,
19846.7,heavy,3102,0,3.042,ECONNREFUSED
19850.0,heavy,3103,0,1.231,
19853.3,heavy,3101,1,3.834,
19856.7,heavy,3102,0,2.252,ECONNREFUSED
19860.0,heavy,3103,0,1.167,
19863.3,heavy,3101,1,4.575,
19866.7,heavy,3102,0,3.159,ECONNREFUSED
19870.0,heavy,3103,0,3.056,
19873.3,heavy,3101,1,2.764,
19876.7,heavy,3102,0,3.273,ECONNREFUSED
19880.0,heavy,3103,1,1.475,
19883.3,heavy,3101,0,3.344,
19886.7,heavy,3102,0,2.448,ECONNREFUSED
19890.0,heavy,3103,1,2.446,
19893.3,heavy,3101,0,6.355,
19896.7,heavy,3102,0,7.170,ECONNREFUSED
19900.0,heavy,3103,0,3.840,
19900.0,light-3,3103,1,3.778,
19900.0,light-1,3101,1,4.038,
19900.0,light-4,3101,1,4.655,
19900.0,light-2,3102,0,5.604,ECONNREFUSED
19900.0,light-5,3102,0,6.447,ECONNREFUSED
19903.3,heavy,3103,1,3.290,
19906.7,heavy,3101,0,2.787,
19910.0,heavy,3102,0,3.241,ECONNREFUSED
19913.3,heavy,3103,1,1.696,
19916.7,heavy,3101,0,3.744,
19920.0,heavy,3102,0,2.738,ECONNREFUSED
19923.3,heavy,3103,1,1.389,
19926.7,heavy,3101,1,4.870,
19930.0,heavy,3102,0,3.384,ECONNREFUSED
19933.3,heavy,3103,0,1.936,
19936.7,heavy,3101,0,1.892,
19940.0,heavy,3102,0,3.421,ECONNREFUSED
19943.3,heavy,3103,1,1.728,
19946.7,heavy,3101,0,3.473,
19950.0,heavy,3102,0,2.429,ECONNREFUSED
19953.3,heavy,3103,1,1.333,
19956.7,heavy,3101,1,4.087,
19960.0,heavy,3102,0,2.852,ECONNREFUSED
19963.3,heavy,3103,0,1.778,
19966.7,heavy,3101,0,3.541,
19970.0,heavy,3102,0,2.359,ECONNREFUSED
19973.3,heavy,3103,1,1.424,
19976.7,heavy,3101,0,3.194,
19980.0,heavy,3102,0,1.932,ECONNREFUSED
19983.3,heavy,3103,1,1.925,
19986.7,heavy,3101,0,3.326,
19990.0,heavy,3102,0,2.817,ECONNREFUSED
19993.3,heavy,3103,1,1.706,
19996.7,heavy,3101,0,6.544,
20000.0,heavy,3102,0,5.551,ECONNREFUSED
20000.0,light-2,3103,1,2.971,
20000.0,light-1,3102,0,5.006,ECONNREFUSED
20000.0,light-4,3102,0,6.263,ECONNREFUSED
20000.0,light-3,3101,1,7.638,
20000.0,light-5,3103,1,8.349,
20003.3,heavy,3103,1,2.743,
20006.7,heavy,3101,0,6.721,
20010.0,heavy,3101,0,4.140,
20013.3,heavy,3102,0,5.313,ECONNREFUSED
20016.7,heavy,3103,1,1.561,
20020.0,heavy,3101,1,4.908,
20023.3,heavy,3102,0,3.682,ECONNREFUSED
20026.7,heavy,3103,0,2.138,
20030.0,heavy,3101,0,3.868,
20033.3,heavy,3102,0,2.793,ECONNREFUSED
20036.7,heavy,3103,1,1.522,
20040.0,heavy,3101,0,3.432,
20043.3,heavy,3102,0,2.591,ECONNREFUSED
20046.7,heavy,3103,1,2.921,
20050.0,heavy,3101,1,6.896,
20053.3,heavy,3102,0,3.245,ECONNREFUSED
20056.7,heavy,3103,1,4.318,
20060.0,heavy,3101,0,6.754,
20063.3,heavy,3102,0,3.252,ECONNREFUSED
20066.7,heavy,3103,0,0.951,
20070.0,heavy,3101,1,5.410,
20073.3,heavy,3102,0,5.545,ECONNREFUSED
20076.7,heavy,3103,1,2.946,
20080.0,heavy,3101,0,4.849,
20083.3,heavy,3102,0,5.856,ECONNREFUSED
20086.7,heavy,3103,0,2.583,
20090.0,heavy,3101,0,3.105,
20093.3,heavy,3102,0,2.045,ECONNREFUSED
20096.7,heavy,3103,1,2.207,
20100.0,heavy,3101,0,4.697,
20100.0,light-2,3103,1,3.196,
20100.0,light-5,3103,1,3.152,
20100.0,light-3,3101,1,3.422,
20100.0,light-4,3102,0,4.088,ECONNREFUSED
20100.0,light-1,3102,0,5.088,ECONNREFUSED
20103.3,heavy,3101,1,3.030,
20106.7,heavy,3102,0,1.608,ECONNREFUSED
20110.0,heavy,3103,1,1.176,
20113.3,heavy,3101,0,3.068,
20116.7,heavy,3102,0,3.397,ECONNREFUSED
20120.0,heavy,3103,0,1.358,
20123.3,heavy,3101,1,4.027,
20126.7,heavy,3102,0,3.076,ECONNREFUSED
20130.0,heavy,3103,1,1.932,
20133.3,heavy,3101,0,2.256,
20136.7,heavy,3102,0,3.747,ECONNREFUSED
20140.0,heavy,3103,1,2.377,
20143.3,heavy,3101,0,3.655,
20146.7,heavy,3102,0,3.826,ECONNREFUSED
20150.0,heavy,3103,0,1.398,
20153.3,heavy,3101,1,3.651,
20156.7,heavy,3102,0,2.397,ECONNREFUSED
20160.0,heavy,3103,1,1.419,
20163.3,heavy,3101,0,3.018,
20166.7,heavy,3102,0,3.718,ECONNREFUSED
20170.0,heavy,3103,1,1.836,
20173.3,heavy,3101,0,3.703,
20176.7,heavy,3102,0,3.819,ECONNREFUSED
20180.0,heavy,3103,0,1.356,
20183.3,heavy,3101,1,5.075,
20186.7,heavy,3102,0,2.818,ECONNREFUSED
20190.0,heavy,3103,1,1.813,
20193.3,heavy,3101,0,5.081,
20196.7,heavy,3102,0,4.575,ECONNREFUSED
20200.0,heavy,3103,0,2.526,
20200.0,light-1,3101,1,2.529,
20200.0,light-4,3101,1,2.714,
20200.0,light-3,3103,1,2.861,
20200.0,light-2,3102,0,5.157,ECONNREFUSED
20200.0,light-5,3102,0,5.165,ECONNREFUSED
20203.3,heavy,3103,1,1.681,
20206.7,heavy,3101,0,3.052,
20210.0,heavy,3102,0,2.681,ECONNREFUSED
20213.3,heavy,3103,1,1.140,
20216.7,heavy,3101,0,3.822,
20220.0,heavy,3102,0,2.729,ECONNREFUSED
20223.3,heavy,3103,1,1.141,
20226.7,heavy,3101,0,2.936,
20230.0,heavy,3102,0,1.883,ECONNREFUSED
20233.3,heavy,3103,1,1.573,
20236.7,heavy,3101,0,3.114,
20240.0,heavy,3102,0,2.221,ECONNREFUSED
20243.3,heavy,3103,1,1.976,
20246.7,heavy,3101,0,3.399,
20250.0,heavy,3102,0,3.124,ECONNREFUSED
20253.3,heavy,3103,1,2.222,
20256.7,heavy,3101,0,3.222,
20260.0,heavy,3102,0,2.160,ECONNREFUSED
20263.3,heavy,3103,1,1.597,
20266.7,heavy,3101,0,3.583,
20270.0,heavy,3102,0,2.775,ECONNREFUSED
20273.3,heavy,3103,1,1.209,
20276.7,heavy,3101,0,3.552,
20280.0,heavy,3102,0,3.052,ECONNREFUSED
20283.3,heavy,3103,1,1.172,
20286.7,heavy,3101,0,3.801,
20290.0,heavy,3102,0,2.419,ECONNREFUSED
20293.3,heavy,3103,1,3.003,
20296.7,heavy,3101,1,6.793,
20300.0,heavy,3102,0,3.807,ECONNREFUSED
20300.0,light-4,3103,1,4.104,
20300.0,light-3,3102,0,4.546,ECONNREFUSED
20300.0,light-5,3101,1,4.544,
20300.0,light-1,3103,1,6.391,
20300.0,light-2,3101,1,6.982,
20303.3,heavy,3102,0,5.066,ECONNREFUSED
20306.7,heavy,3103,0,1.908,
20310.0,heavy,3101,0,3.343,
20313.3,heavy,3102,0,2.510,ECONNREFUSED
20316.7,heavy,3103,1,1.433,
20320.0,heavy,3101,1,4.619,
20323.3,heavy,3102,0,3.343,ECONNREFUSED
20326.7,heavy,3103,1,1.999,
20330.0,heavy,3101,0,4.264,
20333.3,heavy,3102,0,3.572,ECONNREFUSED
20336.7,heavy,3103,0,1.168,
20340.0,heavy,3101,0,3.449,
20343.3,heavy,3102,0,2.744,ECONNREFUSED
20346.7,heavy,3103,1,1.559,
20350.0,heavy,3101,0,3.641,
20353.3,heavy,3102,0,2.217,ECONNREFUSED
20356.7,heavy,3103,1,1.515,
20360.0,heavy,3101,1,3.731,
20363.3,heavy,3102,0,2.870,ECONNREFUSED
20366.7,heavy,3103,0,1.029,
20370.0,heavy,3101,0,4.683,
20373.3,heavy,3102,0,3.141,ECONNREFUSED
20376.7,heavy,3103,1,2.018,
20380.0,heavy,3101,0,3.354,
20383.3,heavy,3102,0,2.850,ECONNREFUSED
20386.7,heavy,3103,1,1.957,
20390.0,heavy,3101,1,3.827,
20393.3,heavy,3102,0,2.806,ECONNREFUSED
20396.7,heavy,3103,0,1.072,
20400.0,heavy,3101,0,5.186,
20400.0,light-2,3103,1,2.457,
20400.0,light-5,3103,1,3.274,
20400.0,light-3,3101,1,3.573,
20400.0,light-1,3102,0,4.936,ECONNREFUSED
20400.0,light-4,3102,0,6.157,ECONNREFUSED
20403.3,heavy,3102,0,4.361,ECONNREFUSED
20406.7,heavy,3103,1,2.009,
20410.0,heavy,3101,0,4.745,
20413.3,heavy,3101,1,3.577,
20416.7,heavy,3102,0,2.315,ECONNREFUSED
20420.0,heavy,3103,1,1.574,
20423.3,heavy,3101,0,3.317,
20426.7,heavy,3102,0,2.150,ECONNREFUSED
20430.0,heavy,3103,1,1.518,
20433.3,heavy,3101,0,2.977,
20436.7,heavy,3102,0,2.370,ECONNREFUSED
20440.0,heavy,3103,0,1.883,
20443.3,heavy,3101,1,4.212,
20446.7,heavy,3102,0,2.208,ECONNREFUSED
20450.0,heavy,3103,1,1.998,
20453.3,heavy,3101,0,3.264,
20456.7,heavy,3102,0,2.460,ECONNREFUSED
20460.0,heavy,3103,0,1.193,
20463.3,heavy,3101,1,3.685,
20466.7,heavy,3102,0,2.728,ECONNREFUSED
20470.0,heavy,3103,1,1.605,
20473.3,heavy,3101,0,2.279,
20476.7,heavy,3102,0,4.087,ECONNREFUSED
20480.0,heavy,3103,1,1.760,
20483.3,heavy,3101,0,3.878,
20486.7,heavy,3102,0,4.490,ECONNREFUSED
20490.0,heavy,3103,0,1.899,
20493.3,heavy,3101,1,8.536,
20496.7,heavy,3102,0,6.589,ECONNREFUSED
20500.0,heavy,3103,1,3.705,
20500.0,light-2,3103,1,5.700,
20500.0,light-5,3103,1,6.025,
20500.0,light-3,3101,1,6.310,
20500.0,light-1,3102,0,6.799,ECONNREFUSED
20500.0,light-4,3102,0,7.829,ECONNREFUSED
20503.3,heavy,3101,0,8.355,
20506.7,heavy,3101,0,4.172,
20510.0,heavy,3102,0,3.730,ECONNREFUSED
20513.3,heavy,3103,1,1.309,
20516.7,heavy,3101,0,3.166,
20520.0,heavy,3102,0,2.326,ECONNREFUSED
20523.3,heavy,3103,1,1.183,
20526.7,heavy,3101,0,3.813,
20530.0,heavy,3102,0,2.671,ECONNREFUSED
20533.3,heavy,3103,1,1.529,
20536.7,heavy,3101,0,2.888,
20540.0,heavy,3102,0,2.414,ECONNREFUSED
20543.3,heavy,3103,1,1.515,
20546.7,heavy,3101,0,3.152,
20550.0,heavy,3102,0,2.162,ECONNREFUSED
20553.3,heavy,3103,1,1.444,
20556.7,heavy,3101,0,3.744,
20560.0,heavy,3102,0,3.052,ECONNREFUSED
20563.3,heavy,3103,1,1.854,
20566.7,heavy,3101,0,2.117,
20570.0,heavy,3102,0,4.219,ECONNREFUSED
20573.3,heavy,3103,1,2.245,
20576.7,heavy,3101,0,3.521,
20580.0,heavy,3102,0,4.106,ECONNREFUSED
20583.3,heavy,3103,1,1.746,
20586.7,heavy,3101,0,3.493,
20590.0,heavy,3102,0,2.666,ECONNREFUSED
20593.3,heavy,3103,1,1.557,
20596.7,heavy,3101,0,2.762,
20600.0,heavy,3102,0,4.754,ECONNREFUSED
20600.0,light-1,3103,1,2.534,
20600.0,light-2,3101,1,2.636,
20600.0,light-4,3103,1,2.577,
20600.0,light-5,3101,1,3.000,
20600.0,light-3,3102,0,4.888,ECONNREFUSED
20603.3,heavy,3102,0,5.321,ECONNREFUSED
20606.7,heavy,3103,1,2.583,
20610.0,heavy,3101,0,4.071,
20613.3,heavy,3102,0,2.944,ECONNREFUSED
20616.7,heavy,3103,1,1.331,
20620.0,heavy,3101,0,2.853,
20623.3,heavy,3102,0,2.234,ECONNREFUSED
20626.7,heavy,3103,1,1.273,
20630.0,heavy,3101,0,2.943,
20633.3,heavy,3102,0,2.393,ECONNREFUSED
20636.7,heavy,3103,1,0.955,
20640.0,heavy,3101,0,3.054,
20643.3,heavy,3102,0,2.407,ECONNREFUSED
20646.7,heavy,3103,1,1.469,
20650.0,heavy,3101,1,3.756,
20653.3,heavy,3102,0,2.656,ECONNREFUSED
20656.7,heavy,3103,1,1.384,
20660.0,heavy,3101,0,3.302,
20663.3,heavy,3102,0,2.586,ECONNREFUSED
20666.7,heavy,3103,1,1.797,
20670.0,heavy,3101,0,3.497,
20673.3,heavy,3102,0,2.977,ECONNREFUSED
20676.7,heavy,3103,0,2.459,
20680.0,heavy,3101,0,3.246,
20683.3,heavy,3102,0,2.216,ECONNREFUSED
20686.7,heavy,3103,1,1.803,
20690.0,heavy,3101,1,4.427,
20693.3,heavy,3102,0,2.288,ECONNREFUSED
20696.7,heavy,3103,0,1.287,
20700.0,heavy,3101,0,6.809,
20700.0,light-3,3103,1,3.303,
20700.0,light-1,3101,1,4.753,
20700.0,light-2,3102,0,6.469,ECONNREFUSED
20700.0,light-4,3101,1,6.644,
20700.0,light-5,3102,0,6.861,ECONNREFUSED
20703.3,heavy,3102,0,6.323,ECONNREFUSED
20706.7,heavy,3103,1,2.826,
20710.0,heavy,3103,0,3.087,
20713.3,heavy,3101,1,3.848,
20716.7,heavy,3102,0,2.298,ECONNREFUSED
20720.0,heavy,3103,1,1.172,
20723.3,heavy,3101,0,2.526,
20726.7,heavy,3102,0,1.975,ECONNREFUSED
20730.0,heavy,3103,1,1.504,
20733.3,heavy,3101,0,3.550,
20736.7,heavy,3102,0,3.102,ECONNREFUSED
20740.0,heavy,3103,0,1.573,
20743.3,heavy,3101,1,5.936,
20746.7,heavy,3102,0,2.695,ECONNREFUSED
20750.0,heavy,3103,1,3.029,
20753.3,heavy,3101,0,5.587,
20756.7,heavy,3102,0,5.745,ECONNREFUSED
20760.0,heavy,3103,0,1.677,
20763.3,heavy,3101,1,6.099,
20766.7,heavy,3102,0,6.894,ECONNREFUSED
20770.0,heavy,3103,1,2.178,
20773.3,heavy,3101,0,5.461,
20776.7,heavy,3102,0,4.348,ECONNREFUSED
20780.0,heavy,3103,0,1.830,
20783.3,heavy,3101,1,4.011,
20786.7,heavy,3102,0,3.225,ECONNREFUSED
20790.0,heavy,3103,0,1.262,
20793.3,heavy,3101,1,3.394,
20796.7,heavy,3102,0,2.149,ECONNREFUSED
20800.0,heavy,3103,1,2.992,
20800.0,light-3,3103,1,4.464,
20800.0,light-1,3101,1,4.786,
20800.0,light-4,3101,1,5.414,
20800.0,light-2,3102,0,6.364,ECONNREFUSED
20800.0,light-5,3102,0,7.434,ECONNREFUSED
20803.3,heavy,3101,0,6.464,
20806.7,heavy,3102,0,6.192,ECONNREFUSED
20810.0,heavy,3103,0,3.476,
20813.3,heavy,3103,1,3.352,
20816.7,heavy,3101,0,3.051,
20820.0,heavy,3102,0,2.255,ECONNREFUSED
20823.3,heavy,3103,1,1.668,
20826.7,heavy,3101,0,3.432,
20830.0,heavy,3102,0,2.092,ECONNREFUSED
20833.3,heavy,3103,1,0.886,
20836.7,heavy,3101,0,3.309,
20840.0,heavy,3102,0,2.654,ECONNREFUSED
20843.3,heavy,3103,1,1.504,
20846.7,heavy,3101,0,3.019,
20850.0,heavy,3102,0,7.176,ECONNREFUSED
20853.3,heavy,3103,1,3.732,
20856.7,heavy,3101,1,4.811,
20860.0,heavy,3102,0,6.871,ECONNREFUSED
20863.3,heavy,3103,0,2.711,
20866.7,heavy,3101,0,3.037,
20870.0,heavy,3102,0,2.497,ECONNREFUSED
20873.3,heavy,3103,1,1.237,
20876.7,heavy,3101,0,6.423,
20880.0,heavy,3102,0,3.701,ECONNREFUSED
20883.3,heavy,3103,1,2.565,
20886.7,heavy,3101,0,6.189,
20890.0,heavy,3102,0,3.565,ECONNREFUSED
20893.3,heavy,3103,1,1.482,
20896.7,heavy,3101,0,5.697,
20900.0,heavy,3102,0,7.438,ECONNREFUSED
20900.0,light-3,3103,1,3.424,
20900.0,light-1,3101,1,3.837,
20900.0,light-4,3101,1,3.835,
20900.0,light-2,3102,0,5.448,ECONNREFUSED
20900.0,light-5,3102,0,6.480,ECONNREFUSED
20903.3,heavy,3103,1,2.346,
20906.7,heavy,3103,0,2.281,
20910.0,heavy,3101,0,3.179,
20913.3,heavy,3102,0,2.708,ECONNREFUSED
20916.7,heavy,3103,1,1.070,
20920.0,heavy,3101,0,3.398,
20923.3,heavy,3102,0,1.672,ECONNREFUSED
20926.7,heavy,3103,1,2.612,
20930.0,heavy,3101,1,3.863,
20933.3,heavy,3102,1,19.804,
20936.7,heavy,3103,0,1.036,
20940.0,heavy,3101,0,1.574,
20943.3,heavy,3102,1,11.670,
20946.7,heavy,3103,1,1.519,
20950.0,heavy,3101,1,4.862,
20953.3,heavy,3102,1,12.511,
20956.7,heavy,3103,1,1.410,
20960.0,heavy,3101,0,3.393,
20963.3,heavy,3102,1,3.062,
20966.7,heavy,3103,0,1.235,
20970.0,heavy,3101,1,3.627,
20973.3,heavy,3102,1,2.283,
20976.7,heavy,3103,1,2.023,
20980.0,heavy,3101,0,3.447,
20983.3,heavy,3102,1,2.445,
20986.7,heavy,3103,1,1.422,
20990.0,heavy,3101,0,3.072,
20993.3,heavy,3102,1,2.438,
20996.7,heavy,3103,0,1.373,
21000.0,heavy,3101,0,3.984,
21000.0,light-2,3103,1,1.170,
21000.0,light-5,3103,1,1.398,
21000.0,light-3,3101,1,2.770,
21000.0,light-4,3102,1,60.191,
21000.0,light-1,3102,1,63.953,
21003.3,heavy,3101,1,4.163,
21006.7,heavy,3102,1,57.940,
21010.0,heavy,3103,1,1.488,
21013.3,heavy,3101,0,3.189,
21016.7,heavy,3102,1,54.752,
21020.0,heavy,3103,1,1.449,
21023.3,heavy,3101,0,3.490,
21026.7,heavy,3102,1,42.954,
21030.0,heavy,3103,0,1.060,
21033.3,heavy,3101,1,3.072,
21036.7,heavy,3102,1,37.288,
21040.0,heavy,3103,1,1.389,
21043.3,heavy,3101,0,2.826,
21046.7,heavy,3102,1,26.503,
21050.0,heavy,3103,1,1.132,
21053.3,heavy,3101,0,2.569,
21056.7,heavy,3102,1,7.157,
21060.0,heavy,3103,0,1.260,
21063.3,heavy,3101,1,3.409,
21066.7,heavy,3102,1,8.052,
21070.0,heavy,3103,0,1.123,
21073.3,heavy,3101,1,3.476,
21076.7,heavy,3102,1,10.898,
21080.0,heavy,3103,1,1.666,
21083.3,heavy,3101,0,2.515,
21086.7,heavy,3102,1,1.942,
21090.0,heavy,3103,0,0.788,
21093.3,heavy,3101,1,4.396,
21096.7,heavy,3102,1,1.531,
21100.0,heavy,3103,1,1.282,
21100.0,light-1,3103,1,1.549,
21100.0,light-4,3103,1,1.821,
21100.0,light-2,3101,1,2.259,
21100.0,light-5,3101,1,2.314,
21100.0,light-3,3102,1,29.924,
21103.3,heavy,3101,0,4.363,
21106.7,heavy,3102,1,1.780,
21110.0,heavy,3102,1,3.676,
21113.3,heavy,3103,1,1.351,
21116.7,heavy,3101,1,3.767,
21120.0,heavy,3102,1,17.280,
21123.3,heavy,3103,0,0.908,
21126.7,heavy,3101,0,3.614,
21130.0,heavy,3102,1,10.742,
21133.3,heavy,3103,1,1.326,
21136.7,heavy,3101,0,3.121,
21140.0,heavy,3102,1,1.369,
21143.3,heavy,3103,1,1.353,
21146.7,heavy,3101,0,2.922,
21150.0,heavy,3102,1,1.428,
21153.3,heavy,3103,1,1.546,
21156.7,heavy,3101,0,3.161,
21160.0,heavy,3102,1,1.115,
21163.3,heavy,3103,1,1.493,
21166.7,heavy,3101,0,3.022,
21170.0,heavy,3102,1,1.447,
21173.3,heavy,3103,1,1.032,
21176.7,heavy,3101,0,3.701,
21180.0,heavy,3102,1,1.992,
21183.3,heavy,3103,1,1.343,
21186.7,heavy,3101,0,2.547,
21190.0,heavy,3102,1,1.394,
21193.3,heavy,3103,1,1.485,
21196.7,heavy,3101,1,4.432,
21200.0,heavy,3102,1,1.692,
21200.0,light-1,3103,1,1.821,
21200.0,light-4,3103,1,1.851,
21200.0,light-3,3102,1,2.283,
21200.0,light-2,3101,1,2.455,
21200.0,light-5,3101,1,2.765,
21203.3,heavy,3102,1,1.810,
21206.7,heavy,3103,0,1.284,
21210.0,heavy,3101,0,3.544,
21213.3,heavy,3102,1,1.515,
21216.7,heavy,3103,1,1.233,
21220.0,heavy,3101,0,2.631,
21223.3,heavy,3102,1,1.151,
21226.7,heavy,3103,1,1.345,
21230.0,heavy,3101,1,3.063,
21233.3,heavy,3102,1,1.270,
21236.7,heavy,3103,1,1.456,
21240.0,heavy,3101,0,3.024,
21243.3,heavy,3102,1,1.814,
21246.7,heavy,3103,0,1.936,
21250.0,heavy,3101,0,1.900,
21253.3,heavy,3102,1,1.758,
21256.7,heavy,3103,1,1.284,
21260.0,heavy,3101,1,3.502,
21263.3,heavy,3102,1,2.216,
21266.7,heavy,3103,0,1.139,
21270.0,heavy,3101,0,3.499,
21273.3,heavy,3102,1,2.032,
21276.7,heavy,3103,1,1.372,
21280.0,heavy,3101,0,1.992,
21283.3,heavy,3102,1,2.224,
21286.7,heavy,3103,1,1.364,
21290.0,heavy,3101,1,3.989,
21293.3,heavy,3102,1,1.988,
21296.7,heavy,3103,0,1.307,
21300.0,heavy,3101,1,6.059,
21300.0,light-2,3103,1,1.875,
21300.0,light-4,3102,1,4.668,
21300.0,light-5,3103,1,5.036,
21300.0,light-3,3101,1,7.212,
21300.0,light-1,3102,1,12.229,
21303.3,heavy,3102,1,1.860,
21306.7,heavy,3103,1,1.564,
21310.0,heavy,3101,0,5.923,
21313.3,heavy,3101,0,4.155,
21316.7,heavy,3102,1,3.202,
21320.0,heavy,3103,1,1.513,
21323.3,heavy,3101,0,3.504,
21326.7,heavy,3102,1,1.595,
21330.0,heavy,3103,1,1.554,
21333.3,heavy,3101,1,3.619,
21336.7,heavy,3102,1,1.730,
21340.0,heavy,3103,0,1.834,
21343.3,heavy,3101,0,2.565,
21346.7,heavy,3102,1,1.829,
21350.0,heavy,3103,1,1.315,
21353.3,heavy,3101,0,3.058,
21356.7,heavy,3102,1,2.115,
21360.0,heavy,3103,0,1.019,
21363.3,heavy,3101,1,4.815,
21366.7,heavy,3102,1,1.833,
21370.0,heavy,3103,1,1.556,
21373.3,heavy,3101,0,4.851,
21376.7,heavy,3102,1,1.673,
21380.0,heavy,3103,0,1.055,
21383.3,heavy,3101,1,4.876,
21386.7,heavy,3102,1,1.684,
21390.0,heavy,3103,1,2.106,
21393.3,heavy,3101,0,5.744,
21396.7,heavy,3102,1,1.224,
21400.0,heavy,3103,1,9.258,
21400.0,light-1,3101,1,1.850,
21400.0,light-4,3101,1,1.931,
21400.0,light-3,3103,1,3.521,
21400.0,light-2,3102,1,9.723,
21400.0,light-5,3102,1,11.839,
21403.3,heavy,3103,1,5.970,
21406.7,heavy,3101,1,5.449,
21410.0,heavy,3102,1,3.394,
21413.3,heavy,3103,1,1.030,
21416.7,heavy,3101,1,1.414,
21420.0,heavy,3102,1,1.580,
21423.3,heavy,3103,1,1.242,
21426.7,heavy,3101,1,1.342,
21430.0,heavy,3102,1,3.371,
21433.3,heavy,3103,1,1.185,
21436.7,heavy,3101,1,1.440,
21440.0,heavy,3102,1,3.435,
21443.3,heavy,3103,1,0.781,
21446.7,heavy,3101,1,1.666,
21450.0,heavy,3102,1,2.042,
21453.3,heavy,3103,1,1.845,
21456.7,heavy,3101,1,2.043,
21460.0,heavy,3102,1,1.034,
21463.3,heavy,3103,1,2.148,
21466.7,heavy,3101,1,1.195,
21470.0,heavy,3102,1,1.271,
21473.3,heavy,3103,1,2.339,
21476.7,heavy,3101,1,2.400,
21480.0,heavy,3102,1,1.990,
21483.3,heavy,3103,1,1.399,
21486.7,heavy,3101,1,2.368,
21490.0,heavy,3102,1,1.141,
21493.3,heavy,3103,1,1.740,
21496.7,heavy,3101,1,1.540,
21500.0,heavy,3102,1,1.811,
21500.0,light-1,3101,1,1.599,
21500.0,light-3,3103,1,1.744,
21500.0,light-4,3101,1,1.857,
21500.0,light-2,3102,1,2.622,
21500.0,light-5,3102,1,3.037,
21503.3,heavy,3103,1,1.533,
21506.7,heavy,3103,1,0.769,
21510.0,heavy,3101,1,1.454,
21513.3,heavy,3102,1,1.783,
21516.7,heavy,3103,1,1.285,
21520.0,heavy,3101,1,0.891,
21523.3,heavy,3102,1,2.078,
21526.7,heavy,3103,1,1.339,
21530.0,heavy,3101,1,1.618,
21533.3,heavy,3102,1,2.279,
21536.7,heavy,3103,1,0.872,
21540.0,heavy,3101,1,1.385,
21543.3,heavy,3102,1,3.594,
21546.7,heavy,3103,1,2.722,
21550.0,heavy,3101,1,3.357,
21553.3,heavy,3102,1,1.972,
21556.7,heavy,3103,1,1.836,
21560.0,heavy,3101,1,4.865,
21563.3,heavy,3102,1,1.538,
21566.7,heavy,3103,1,1.402,
21570.0,heavy,3101,1,1.358,
21573.3,heavy,3102,1,1.403,
21576.7,heavy,3103,1,1.473,
21580.0,heavy,3101,1,2.030,
21583.3,heavy,3102,1,1.271,
21586.7,heavy,3103,1,2.116,
21590.0,heavy,3101,1,1.342,
21593.3,heavy,3102,1,1.890,
21596.7,heavy,3103,1,1.614,
21600.0,heavy,3101,1,1.694,
21600.0,light-2,3103,1,2.153,
21600.0,light-3,3101,1,2.220,
21600.0,light-5,3103,1,2.316,
21600.0,light-1,3102,1,2.554,
21600.0,light-4,3102,1,2.531,
21603.3,heavy,3102,1,2.068,
21606.7,heavy,3103,1,1.841,
21610.0,heavy,3101,1,2.081,
21613.3,heavy,3101,1,1.054,
21616.7,heavy,3102,1,1.944,
21620.0,heavy,3103,1,1.379,
21623.3,heavy,3101,1,1.500,
21626.7,heavy,3102,1,2.051,
21630.0,heavy,3103,1,1.415,
21633.3,heavy,3101,1,1.309,
21636.7,heavy,3102,1,1.361,
21640.0,heavy,3103,1,1.463,
21643.3,heavy,3101,1,0.956,
21646.7,heavy,3102,1,2.039,
21650.0,heavy,3103,1,1.179,
21653.3,heavy,3101,1,1.601,
21656.7,heavy,3102,1,1.855,
21660.0,heavy,3103,1,2.240,
21663.3,heavy,3101,1,1.249,
21666.7,heavy,3102,1,1.327,
21670.0,heavy,3103,1,1.144,
21673.3,heavy,3101,1,1.957,
21676.7,heavy,3102,1,1.746,
21680.0,heavy,3103,1,1.229,
21683.3,heavy,3101,1,1.364,
21686.7,heavy,3102,1,1.878,
21690.0,heavy,3103,1,1.536,
21693.3,heavy,3101,1,1.467,
21696.7,heavy,3102,1,1.823,
21700.0,heavy,3103,1,1.616,
21700.0,light-2,3103,1,1.849,
21700.0,light-3,3101,1,1.952,
21700.0,light-5,3103,1,1.979,
21700.0,light-1,3102,1,2.350,
21700.0,light-4,3102,1,2.525,
21703.3,heavy,3101,1,1.823,
21706.7,heavy,3101,1,1.114,
21710.0,heavy,3102,1,1.530,
21713.3,heavy,3103,1,1.146,
21716.7,heavy,3101,1,1.376,
21720.0,heavy,3102,1,2.141,
21723.3,heavy,3103,1,1.282,
21726.7,heavy,3101,1,1.747,
21730.0,heavy,3102,1,1.967,
21733.3,heavy,3103,1,0.882,
21736.7,heavy,3101,1,1.701,
21740.0,heavy,3102,1,1.847,
21743.3,heavy,3103,1,1.585,
21746.7,heavy,3101,1,1.653,
21750.0,heavy,3102,1,1.282,
21753.3,heavy,3103,1,1.503,
21756.7,heavy,3101,1,1.433,
21760.0,heavy,3102,1,1.527,
21763.3,heavy,3103,1,2.514,
21766.7,heavy,3101,1,4.154,
21770.0,heavy,3102,1,4.154,
21773.3,heavy,3103,1,4.423,
21776.7,heavy,3101,1,5.755,
21780.0,heavy,3102,0,2.015,
21783.3,heavy,3103,1,1.750,
21786.7,heavy,3101,1,1.571,
21790.0,heavy,3102,1,1.658,
21793.3,heavy,3103,1,1.483,
21796.7,heavy,3101,1,1.532,
21800.0,heavy,3102,1,1.519,
21800.0,light-1,3102,1,3.356,
21800.0,light-2,3103,1,3.418,
21800.0,light-3,3101,1,3.480,
21800.0,light-5,3103,1,3.504,
21800.0,light-4,3102,1,3.639,
21803.3,heavy,3103,1,3.316,
21806.7,heavy,3101,1,3.120,
21810.0,heavy,3101,1,3.370,
21813.3,heavy,3102,0,0.914,
21816.7,heavy,3103,1,1.230,
21820.0,heavy,3101,1,1.645,
21823.3,heavy,3102,1,1.308,
21826.7,heavy,3103,1,1.381,
21830.0,heavy,3101,1,1.812,
21833.3,heavy,3102,1,1.428,
21836.7,heavy,3103,1,1.549,
21840.0,heavy,3101,1,2.137,
21843.3,heavy,3102,1,1.686,
21846.7,heavy,3103,1,1.300,
21850.0,heavy,3101,0,3.324,
21853.3,heavy,3102,1,1.898,
21856.7,heavy,3103,1,0.891,
21860.0,heavy,3101,0,4.147,
21863.3,heavy,3102,1,2.455,
21866.7,heavy,3103,1,2.629,
21870.0,heavy,3101,0,4.032,
21873.3,heavy,3102,1,1.555,
21876.7,heavy,3103,1,2.879,
21880.0,heavy,3101,0,3.675,
21883.3,heavy,3102,1,2.204,
21886.7,heavy,3103,1,2.666,
21890.0,heavy,3101,0,3.050,
21893.3,heavy,3102,0,1.048,
21896.7,heavy,3103,0,8.200,
21900.0,heavy,3101,1,5.735,
21900.0,light-1,3102,1,1.791,
21900.0,light-4,3102,1,2.482,
21900.0,light-3,3101,1,2.722,
21900.0,light-2,3103,1,2.885,
21900.0,light-5,3103,1,3.687,
21903.3,heavy,3101,1,5.094,
21906.7,heavy,3102,0,1.308,
21910.0,heavy,3103,0,3.613,
21913.3,heavy,3101,1,4.567,
21916.7,heavy,3102,0,1.160,
21920.0,heavy,3103,0,5.480,
21923.3,heavy,3101,1,4.442,
21926.7,heavy,3102,1,1.649,
21930.0,heavy,3103,0,5.268,
21933.3,heavy,3101,0,4.867,
21936.7,heavy,3102,0,1.714,
21940.0,heavy,3103,0,4.363,
21943.3,heavy,3101,1,4.340,
21946.7,heavy,3102,0,4.322,
21950.0,heavy,3103,1,4.809,
21953.3,heavy,3101,0,3.208,
21956.7,heavy,3102,0,1.246,
21960.0,heavy,3103,0,3.572,
21963.3,heavy,3101,1,4.393,
21966.7,heavy,3102,0,1.581,
21970.0,heavy,3103,0,4.894,
21973.3,heavy,3101,1,4.124,
21976.7,heavy,3102,0,2.004,
21980.0,heavy,3103,0,4.255,
21983.3,heavy,3101,1,4.352,
21986.7,heavy,3102,0,1.629,
21990.0,heavy,3103,0,4.151,
21993.3,heavy,3101,1,4.426,
21996.7,heavy,3102,0,1.466,
22000.0,heavy,3103,1,8.638,
22000.0,light-1,3101,1,1.845,
22000.0,light-2,3102,1,2.478,
22000.0,light-5,3102,1,2.517,
22000.0,light-4,3101,1,4.158,
22000.0,light-3,3103,1,5.834,
22003.3,heavy,3103,0,7.078,
22006.7,heavy,3101,0,3.593,
22010.0,heavy,3102,0,1.374,
22013.3,heavy,3103,0,4.378,
22016.7,heavy,3101,1,3.690,
22020.0,heavy,3102,0,1.587,
22023.3,heavy,3103,0,4.910,
22026.7,heavy,3101,1,4.375,
22030.0,heavy,3102,1,1.613,
22033.3,heavy,3103,0,4.653,
22036.7,heavy,3101,0,4.373,
22040.0,heavy,3102,0,2.085,
22043.3,heavy,3103,1,4.098,
22046.7,heavy,3101,0,2.968,
22050.0,heavy,3102,0,1.261,
22053.3,heavy,3103,1,4.558,
22056.7,heavy,3101,0,3.250,
22060.0,heavy,3102,0,1.332,
22063.3,heavy,3103,1,5.097,
22066.7,heavy,3101,0,3.267,
22070.0,heavy,3102,0,1.208,
22073.3,heavy,3103,1,4.376,
22076.7,heavy,3101,0,3.212,
22080.0,heavy,3102,0,1.090,
22083.3,heavy,3103,1,4.748,
22086.7,heavy,3101,0,2.829,
22090.0,heavy,3102,0,1.093,
22093.3,heavy,3103,0,7.189,
22096.7,heavy,3101,1,6.261,
22100.0,heavy,3102,1,1.532,
22100.0,light-3,3102,1,2.224,
22100.0,light-5,3101,1,4.184,
22100.0,light-1,3103,1,8.261,
22100.0,light-2,3101,1,8.502,
22100.0,light-4,3103,1,9.617,
22103.3,heavy,3102,0,2.167,
22106.7,heavy,3103,0,6.323,
22110.0,heavy,3101,0,3.189,
22113.3,heavy,3102,0,1.209,
22116.7,heavy,3103,1,4.969,
22120.0,heavy,3101,0,3.226,
22123.3,heavy,3102,0,1.104,
22126.7,heavy,3103,0,5.235,
22130.0,heavy,3101,1,4.482,
22133.3,heavy,3102,1,1.383,
22136.7,heavy,3103,0,3.857,
22140.0,heavy,3101,0,3.198,
22143.3,heavy,3102,1,1.737,
22146.7,heavy,3103,0,3.725,
22150.0,heavy,3101,0,3.968,
22153.3,heavy,3102,1,1.095,
22156.7,heavy,3103,0,3.838,
22160.0,heavy,3101,0,2.740,
22163.3,heavy,3102,1,1.394,
22166.7,heavy,3103,0,2.166,
22170.0,heavy,3101,0,3.381,
22173.3,heavy,3102,1,1.251,
22176.7,heavy,3103,0,3.749,
22180.0,heavy,3101,0,3.546,
22183.3,heavy,3102,0,1.086,
22186.7,heavy,3103,0,5.750,
22190.0,heavy,3101,1,4.069,
22193.3,heavy,3102,1,1.342,
22196.7,heavy,3103,0,5.137,
22200.0,heavy,3101,0,3.453,
22200.0,light-2,3103,1,1.233,
22200.0,light-1,3102,1,1.598,
22200.0,light-5,3103,1,1.593,
22200.0,light-4,3102,1,1.759,
22200.0,light-3,3101,1,2.414,
22203.3,heavy,3101,1,3.711,
22206.7,heavy,3102,0,0.974,
22210.0,heavy,3103,0,3.904,
22213.3,heavy,3101,1,4.002,
22216.7,heavy,3102,0,1.425,
22220.0,heavy,3103,0,5.204,
22223.3,heavy,3101,1,4.164,
22226.7,heavy,3102,0,1.251,
22230.0,heavy,3103,0,3.321,
22233.3,heavy,3101,1,4.346,
22236.7,heavy,3102,0,1.505,
22240.0,heavy,3103,0,4.518,
22243.3,heavy,3101,1,4.117,
22246.7,heavy,3102,0,1.392,
22250.0,heavy,3103,0,3.644,
22253.3,heavy,3101,1,5.178,
22256.7,heavy,3102,0,1.267,
22260.0,heavy,3103,0,3.276,
22263.3,heavy,3101,0,2.986,
22266.7,heavy,3102,1,1.820,
22270.0,heavy,3103,0,4.001,
22273.3,heavy,3101,1,4.317,
22276.7,heavy,3102,0,1.134,
22280.0,heavy,3103,0,4.114,
22283.3,heavy,3101,0,3.360,
22286.7,heavy,3102,1,1.328,
22290.0,heavy,3103,0,3.907,
22293.3,heavy,3101,1,3.895,
22296.7,heavy,3102,0,1.393,
22300.0,heavy,3103,0,4.137,
22300.0,light-1,3101,1,1.440,
22300.0,light-2,3102,1,1.594,
22300.0,light-4,3101,1,1.680,
22300.0,light-5,3102,1,1.791,
22300.0,light-3,3103,1,3.049,
22303.3,heavy,3103,1,4.487,
22306.7,heavy,3101,0,3.631,
22310.0,heavy,3102,0,1.255,
22313.3,heavy,3103,1,4.574,
22316.7,heavy,3101,0,2.762,
22320.0,heavy,3102,0,1.210,
22323.3,heavy,3103,0,5.611,
22326.7,heavy,3101,1,4.726,
22330.0,heavy,3102,1,1.307,
22333.3,heavy,3103,0,4.109,
22336.7,heavy,3101,0,1.973,
22340.0,heavy,3102,0,1.287,
22343.3,heavy,3103,0,4.948,
22346.7,heavy,3101,1,6.096,
22350.0,heavy,3102,0,1.749,
22353.3,heavy,3103,1,5.440,
22356.7,heavy,3101,0,3.829,
22360.0,heavy,3102,0,2.008,
22363.3,heavy,3103,1,5.971,
22366.7,heavy,3101,0,4.556,
22370.0,heavy,3102,0,2.164,
22373.3,heavy,3103,1,5.560,
22376.7,heavy,3101,0,4.928,
22380.0,heavy,3102,0,2.016,
22383.3,heavy,3103,1,5.160,
22386.7,heavy,3101,0,4.454,
22390.0,heavy,3102,0,1.655,
22393.3,heavy,3103,1,5.658,
22396.7,heavy,3101,0,3.891,
22400.0,heavy,3102,0,1.896,
22400.0,light-1,3101,1,1.896,
22400.0,light-2,3102,1,2.092,
22400.0,light-4,3101,1,2.167,
22400.0,light-5,3102,1,2.392,
22400.0,light-3,3103,1,3.320,
22403.3,heavy,3103,1,5.612,
22406.7,heavy,3103,0,3.181,
22410.0,heavy,3101,0,3.512,
22413.3,heavy,3102,0,1.330,
22416.7,heavy,3103,0,4.180,
22420.0,heavy,3101,1,4.123,
22423.3,heavy,3102,1,1.465,
22426.7,heavy,3103,0,3.107,
22430.0,heavy,3101,0,3.845,
22433.3,heavy,3102,0,1.044,
22436.7,heavy,3103,0,4.762,
22440.0,heavy,3101,1,4.010,
22443.3,heavy,3102,0,1.327,
22446.7,heavy,3103,0,2.705,
22450.0,heavy,3101,1,2.204,
22453.3,heavy,3102,1,3.311,
22456.7,heavy,3103,0,5.038,
22460.0,heavy,3101,0,4.422,
22463.3,heavy,3102,1,1.198,
22466.7,heavy,3103,0,4.285,
22470.0,heavy,3101,0,3.418,
22473.3,heavy,3102,1,1.328,
22476.7,heavy,3103,0,3.903,
22480.0,heavy,3101,0,3.135,
22483.3,heavy,3102,0,1.235,
22486.7,heavy,3103,1,4.538,
22490.0,heavy,3101,0,3.070,
22493.3,heavy,3102,1,0.846,
22496.7,heavy,3103,0,6.940,
22500.0,heavy,3101,1,6.831,
22500.0,light-2,3103,1,2.681,
22500.0,light-4,3102,1,4.113,
22500.0,light-3,3101,1,5.498,
22500.0,light-5,3103,1,5.646,
22500.0,light-1,3102,1,7.434,
22503.3,heavy,3101,0,5.833,
22506.7,heavy,3102,0,3.323,
22510.0,heavy,3103,0,3.419,
22513.3,heavy,3101,1,4.109,
22516.7,heavy,3102,0,1.509,
22520.0,heavy,3103,0,5.053,
22523.3,heavy,3101,1,4.073,
22526.7,heavy,3102,1,1.493,
22530.0,heavy,3103,0,4.712,
22533.3,heavy,3101,0,4.299,
22536.7,heavy,3102,0,1.695,
22540.0,heavy,3103,0,4.469,
22543.3,heavy,3101,0,3.386,
22546.7,heavy,3102,1,1.566,
22550.0,heavy,3103,0,4.278,
22553.3,heavy,3101,1,3.635,
22556.7,heavy,3102,0,1.088,
22560.0,heavy,3103,0,5.195,
22563.3,heavy,3101,1,4.348,
22566.7,heavy,3102,0,1.246,
22570.0,heavy,3103,0,3.707,
22573.3,heavy,3101,1,3.599,
22576.7,heavy,3102,0,1.169,
22580.0,heavy,3103,1,6.005,
22583.3,heavy,3101,0,5.407,
22586.7,heavy,3102,1,1.679,
22590.0,heavy,3103,0,5.798,
22593.3,heavy,3101,0,5.379,
22596.7,heavy,3102,0,2.410,
22600.0,heavy,3103,0,4.718,
22600.0,light-1,3101,1,1.626,
22600.0,light-4,3101,1,2.146,
22600.0,light-3,3103,1,2.349,
22600.0,light-2,3102,1,6.552,
22600.0,light-5,3102,1,8.029,
22603.3,heavy,3103,0,2.242,
22606.7,heavy,3101,1,3.439,
22610.0,heavy,3102,0,1.543,
22613.3,heavy,3103,0,4.562,
22616.7,heavy,3101,1,3.805,
22620.0,heavy,3102,1,1.404,
22623.3,heavy,3103,0,4.404,
22626.7,heavy,3101,0,4.274,
22630.0,heavy,3102,0,1.182,
22633.3,heavy,3103,1,4.979,
22636.7,heavy,3101,0,3.248,
22640.0,heavy,3102,1,1.490,
22643.3,heavy,3103,0,3.680,
22646.7,heavy,3101,0,3.543,
22650.0,heavy,3102,0,0.985,
22653.3,heavy,3103,1,5.651,
22656.7,heavy,3101,0,4.655,
22660.0,heavy,3102,0,1.345,
22663.3,heavy,3103,0,1.648,
22666.7,heavy,3101,1,4.214,
22670.0,heavy,3102,1,1.846,
22673.3,heavy,3103,0,4.388,
22676.7,heavy,3101,0,1.910,
22680.0,heavy,3102,0,0.891,
22683.3,heavy,3103,0,3.514,
22686.7,heavy,3101,0,3.158,
22690.0,heavy,3102,1,1.159,
22693.3,heavy,3103,0,5.329,
22696.7,heavy,3101,1,5.455,
22700.0,heavy,3102,1,1.703,
22700.0,light-2,3102,1,2.229,
22700.0,light-1,3101,1,2.711,
22700.0,light-5,3102,1,2.702,
22700.0,light-3,3103,1,2.887,
22700.0,light-4,3101,1,2.962,
22703.3,heavy,3103,0,5.425,
22706.7,heavy,3103,0,4.496,
22710.0,heavy,3101,0,1.468,
22713.3,heavy,3102,1,1.487,
22716.7,heavy,3103,0,3.785,
22720.0,heavy,3101,0,3.260,
22723.3,heavy,3102,0,1.172,
22726.7,heavy,3103,0,5.400,
22730.0,heavy,3101,1,4.640,
22733.3,heavy,3102,1,1.776,
22736.7,heavy,3103,0,3.368,
22740.0,heavy,3101,0,1.503,
22743.3,heavy,3102,1,1.599,
22746.7,heavy,3103,0,4.462,
22750.0,heavy,3101,0,3.893,
22753.3,heavy,3102,1,1.253,
22756.7,heavy,3103,0,4.446,
22760.0,heavy,3101,0,3.356,
22763.3,heavy,3102,1,1.416,
22766.7,heavy,3103,0,4.309,
22770.0,heavy,3101,0,3.604,
22773.3,heavy,3102,0,1.349,
22776.7,heavy,3103,1,5.803,
22780.0,heavy,3101,1,4.883,
22783.3,heavy,3102,0,1.707,
22786.7,heavy,3103,0,2.381,
22790.0,heavy,3101,0,3.622,
22793.3,heavy,3102,0,1.369,
22796.7,heavy,3103,1,4.260,
22800.0,heavy,3101,0,3.271,
22800.0,light-1,3102,1,1.183,
22800.0,light-4,3102,1,1.524,
22800.0,light-2,3103,1,1.773,
22800.0,light-5,3103,1,1.884,
22800.0,light-3,3101,1,2.045,
22803.3,heavy,3101,0,2.603,
22806.7,heavy,3102,1,1.318,
22810.0,heavy,3103,0,4.507,
22813.3,heavy,3101,1,3.778,
22816.7,heavy,3102,0,1.375,
22820.0,heavy,3103,0,3.993,
22823.3,heavy,3101,0,3.154,
22826.7,heavy,3102,1,1.469,
22830.0,heavy,3103,0,2.387,
22833.3,heavy,3101,1,4.205,
22836.7,heavy,3102,1,1.622,
22840.0,heavy,3103,0,4.698,
22843.3,heavy,3101,0,4.023,
22846.7,heavy,3102,0,1.617,
22850.0,heavy,3103,0,3.824,
22853.3,heavy,3101,0,3.086,
22856.7,heavy,3102,1,1.401,
22860.0,heavy,3103,0,3.596,
22863.3,heavy,3101,1,4.075,
22866.7,heavy,3102,0,1.333,
22870.0,heavy,3103,0,5.186,
22873.3,heavy,3101,1,4.261,
22876.7,heavy,3102,0,1.222,
22880.0,heavy,3103,0,3.531,
22883.3,heavy,3101,1,4.072,
22886.7,heavy,3102,0,1.399,
22890.0,heavy,3103,0,3.484,
22893.3,heavy,3101,1,4.202,
22896.7,heavy,3102,0,1.419,
22900.0,heavy,3103,0,4.554,
22900.0,light-1,3101,1,1.304,
22900.0,light-2,3102,1,1.510,
22900.0,light-4,3101,1,1.584,
22900.0,light-5,3102,1,1.665,
22900.0,light-3,3103,1,3.357,
22903.3,heavy,3103,1,5.645,
22906.7,heavy,3101,0,3.672,
22910.0,heavy,3102,0,1.571,
22913.3,heavy,3103,1,6.547,
22916.7,heavy,3101,0,4.544,
22920.0,heavy,3102,1,1.827,
22923.3,heavy,3103,0,4.571,
22926.7,heavy,3101,0,3.467,
22930.0,heavy,3102,0,1.432,
22933.3,heavy,3103,0,4.973,
22936.7,heavy,3101,1,4.002,
22940.0,heavy,3102,0,1.355,
22943.3,heavy,3103,1,5.026,
22946.7,heavy,3101,0,3.546,
22950.0,heavy,3102,0,1.762,
22953.3,heavy,3103,1,4.778,
22956.7,heavy,3101,0,4.554,
22960.0,heavy,3102,1,2.476,
22963.3,heavy,3103,0,4.247,
22966.7,heavy,3101,0,3.566,
22970.0,heavy,3102,0,1.627,
22973.3,heavy,3103,1,5.014,
22976.7,heavy,3101,0,3.672,
22980.0,heavy,3102,0,1.451,
22983.3,heavy,3103,1,4.481,
22986.7,heavy,3101,0,3.853,
22990.0,heavy,3102,0,1.207,
22993.3,heavy,3103,1,4.469,
22996.7,heavy,3101,0,3.221,
23000.0,heavy,3102,0,1.433,
23000.0,light-1,3103,1,1.384,
23000.0,light-2,3101,1,1.528,
23000.0,light-4,3103,1,1.630,
23000.0,light-5,3101,1,1.799,
23000.0,light-3,3102,1,5.951,
23003.3,heavy,3102,1,1.015,
23006.7,heavy,3103,0,4.064,
23010.0,heavy,3101,0,3.485,
23013.3,heavy,3102,1,1.289,
23016.7,heavy,3103,0,3.661,
23020.0,heavy,3101,0,2.839,
23023.3,heavy,3102,1,1.190,
23026.7,heavy,3103,0,3.460,
23030.0,heavy,3101,0,3.165,
23033.3,heavy,3102,0,0.810,
23036.7,heavy,3103,0,3.849,
23040.0,heavy,3101,1,3.859,
23043.3,heavy,3102,1,1.239,
23046.7,heavy,3103,0,3.191,
23050.0,heavy,3101,0,3.445,
23053.3,heavy,3102,1,1.265,
23056.7,heavy,3103,0,3.680,
23060.0,heavy,3101,0,3.517,
23063.3,heavy,3102,0,0.798,
23066.7,heavy,3103,0,3.868,
23070.0,heavy,3101,1,3.169,
23073.3,heavy,3102,1,1.291,
23076.7,heavy,3103,0,3.622,
23080.0,heavy,3101,0,1.484,
23083.3,heavy,3102,1,1.430,
23086.7,heavy,3103,0,3.590,
23090.0,heavy,3101,0,3.769,
23093.3,heavy,3102,0,1.019,
23096.7,heavy,3103,0,4.282,
23100.0,heavy,3101,1,4.791,
23100.0,light-2,3102,1,1.794,
23100.0,light-1,3101,1,2.291,
23100.0,light-5,3102,1,2.282,
23100.0,light-3,3103,1,2.773,
23100.0,light-4,3101,1,5.794,
23103.3,heavy,3102,1,1.755,
23106.7,heavy,3103,0,4.136,
23110.0,heavy,3103,0,1.734,
23113.3,heavy,3101,1,3.921,
23116.7,heavy,3102,0,0.948,
23120.0,heavy,3103,0,3.664,
23123.3,heavy,3101,1,4.268,
23126.7,heavy,3102,0,1.110,
23130.0,heavy,3103,0,3.755,
23133.3,heavy,3101,1,4.054,
23136.7,heavy,3102,0,1.003,
23140.0,heavy,3103,0,4.046,
23143.3,heavy,3101,1,4.258,
23146.7,heavy,3102,1,1.239,
23150.0,heavy,3103,0,4.275,
23153.3,heavy,3101,0,4.347,
23156.7,heavy,3102,0,0.969,
23160.0,heavy,3103,0,4.385,
23163.3,heavy,3101,0,3.590,
23166.7,heavy,3102,1,1.459,
23170.0,heavy,3103,0,2.687,
23173.3,heavy,3101,0,2.711,
23176.7,heavy,3102,1,1.541,
23180.0,heavy,3103,0,3.908,
23183.3,heavy,3101,0,3.531,
23186.7,heavy,3102,1,1.291,
23190.0,heavy,3103,0,4.250,
23193.3,heavy,3101,0,3.844,
23196.7,heavy,3102,1,1.531,
23200.0,heavy,3103,0,4.085,
23200.0,light-2,3102,1,1.802,
23200.0,light-5,3102,1,1.963,
23200.0,light-1,3101,1,2.522,
23200.0,light-4,3101,1,2.967,
23200.0,light-3,3103,1,3.335,
23203.3,heavy,3103,1,5.340,
23206.7,heavy,3101,0,3.131,
23210.0,heavy,3102,0,1.077,
23213.3,heavy,3103,0,5.288,
23216.7,heavy,3101,1,4.294,
23220.0,heavy,3102,0,0.951,
23223.3,heavy,3103,0,3.802,
23226.7,heavy,3101,0,3.098,
23230.0,heavy,3102,1,1.349,
23233.3,heavy,3103,0,2.311,
23236.7,heavy,3101,1,4.593,
23240.0,heavy,3102,1,1.371,
23243.3,heavy,3103,0,3.765,
23246.7,heavy,3101,0,4.386,
23250.0,heavy,3102,0,1.164,
23253.3,heavy,3103,1,4.610,
23256.7,heavy,3101,0,2.963,
23260.0,heavy,3102,1,1.111,
23263.3,heavy,3103,0,3.891,
23266.7,heavy,3101,0,3.021,
23270.0,heavy,3102,0,1.019,
23273.3,heavy,3103,0,4.182,
23276.7,heavy,3101,1,4.502,
23280.0,heavy,3102,0,1.009,
23283.3,heavy,3103,1,4.470,
23286.7,heavy,3101,0,2.818,
23290.0,heavy,3102,0,1.331,
23293.3,heavy,3103,1,3.952,
23296.7,heavy,3101,0,3.044,
23300.0,heavy,3102,0,1.363,
23300.0,light-3,3102,1,1.630,
23300.0,light-5,3101,1,2.990,
23300.0,light-1,3103,1,5.239,
23300.0,light-2,3101,1,5.564,
23300.0,light-4,3103,1,5.760,
23303.3,heavy,3102,0,1.196,
23306.7,heavy,3103,1,5.593,
23310.0,heavy,3101,0,2.731,
23313.3,heavy,3102,1,0.738,
23316.7,heavy,3103,1,8.373,
23320.0,heavy,3101,0,3.018,
23323.3,heavy,3102,0,1.026,
23326.7,heavy,3103,0,2.416,
23330.0,heavy,3101,0,2.717,
23333.3,heavy,3102,0,1.011,
23336.7,heavy,3103,0,3.870,
23340.0,heavy,3101,1,4.115,
23343.3,heavy,3102,1,1.227,
23346.7,heavy,3103,0,3.868,
23350.0,heavy,3101,0,4.060,
23353.3,heavy,3102,1,0.772,
23356.7,heavy,3103,0,3.883,
23360.0,heavy,3101,0,4.333,
23363.3,heavy,3102,1,1.282,
23366.7,heavy,3103,0,3.998,
23370.0,heavy,3101,0,4.218,
23373.3,heavy,3102,1,0.893,
23376.7,heavy,3103,0,3.669,
23380.0,heavy,3101,0,2.779,
23383.3,heavy,3102,1,1.348,
23386.7,heavy,3103,0,3.680,
23390.0,heavy,3101,0,2.792,
23393.3,heavy,3102,1,1.509,
23396.7,heavy,3103,0,4.191,
23400.0,heavy,3101,0,3.690,
23400.0,light-1,3102,1,1.256,
23400.0,light-2,3103,1,1.422,
23400.0,light-5,3103,1,1.440,
23400.0,light-4,3102,1,1.732,
23400.0,light-3,3101,1,2.331,
23403.3,heavy,3101,1,3.412,
23406.7,heavy,3102,0,0.978,
23410.0,heavy,3103,0,4.524,
23413.3,heavy,3101,1,4.847,
23416.7,heavy,3102,0,0.957,
23420.0,heavy,3103,0,5.641,
23423.3,heavy,3101,0,3.793,
23426.7,heavy,3102,1,1.455,
23430.0,heavy,3103,0,4.945,
23433.3,heavy,3101,1,3.968,
23436.7,heavy,3102,0,0.929,
23440.0,heavy,3103,0,3.989,
23443.3,heavy,3101,1,4.392,
23446.7,heavy,3102,0,0.930,
23450.0,heavy,3103,0,3.545,
23453.3,heavy,3101,1,3.868,
23456.7,heavy,3102,0,0.836,
23460.0,heavy,3103,0,3.818,
23463.3,heavy,3101,1,3.553,
23466.7,heavy,3102,0,1.734,
23470.0,heavy,3103,0,3.198,
23473.3,heavy,3101,1,4.218,
23476.7,heavy,3102,0,1.440,
23480.0,heavy,3103,0,3.983,
23483.3,heavy,3101,0,3.250,
23486.7,heavy,3102,1,1.446,
23490.0,heavy,3103,0,3.775,
23493.3,heavy,3101,1,4.221,
23496.7,heavy,3102,0,1.178,
23500.0,heavy,3103,0,3.966,
23500.0,light-2,3102,1,1.013,
23500.0,light-1,3101,1,1.267,
23500.0,light-5,3102,1,1.295,
23500.0,light-4,3101,1,1.410,
23500.0,light-3,3103,1,2.826,
23503.3,heavy,3103,1,4.932,
23506.7,heavy,3101,0,3.284,
23510.0,heavy,3102,0,0.984,
23513.3,heavy,3103,0,3.584,
23516.7,heavy,3101,0,2.987,
23520.0,heavy,3102,1,1.147,
23523.3,heavy,3103,0,2.890,
23526.7,heavy,3101,0,3.354,
23530.0,heavy,3102,1,1.208,
23533.3,heavy,3103,0,3.491,
23536.7,heavy,3101,0,3.155,
23540.0,heavy,3102,1,0.920,
23543.3,heavy,3103,0,3.622,
23546.7,heavy,3101,1,3.796,
23550.0,heavy,3102,1,1.248,
23553.3,heavy,3103,0,3.799,
23556.7,heavy,3101,0,1.772,
23560.0,heavy,3102,1,1.550,
23563.3,heavy,3103,0,4.119,
23566.7,heavy,3101,0,3.606,
23570.0,heavy,3102,0,1.132,
23573.3,heavy,3103,1,3.752,
23576.7,heavy,3101,0,2.833,
23580.0,heavy,3102,0,1.299,
23583.3,heavy,3103,1,5.108,
23586.7,heavy,3101,0,2.930,
23590.0,heavy,3102,0,1.182,
23593.3,heavy,3103,1,4.124,
23596.7,heavy,3101,0,3.594,
23600.0,heavy,3102,0,1.475,
23600.0,light-2,3101,1,1.074,
23600.0,light-1,3103,1,1.392,
23600.0,light-5,3101,1,1.222,
23600.0,light-3,3102,1,1.389,
23600.0,light-4,3103,1,1.410,
23603.3,heavy,3102,1,1.221,
23606.7,heavy,3103,0,3.240,
23610.0,heavy,3101,0,2.833,
23613.3,heavy,3102,1,1.353,
23616.7,heavy,3103,0,2.335,
23620.0,heavy,3101,0,4.024,
23623.3,heavy,3102,1,1.557,
23626.7,heavy,3103,1,4.902,
23630.0,heavy,3101,0,3.780,
23633.3,heavy,3102,0,1.160,
23636.7,heavy,3103,0,2.002,
23640.0,heavy,3101,0,3.718,
23643.3,heavy,3102,1,1.413,
23646.7,heavy,3103,0,3.917,
23650.0,heavy,3101,0,2.942,
23653.3,heavy,3102,1,1.086,
23656.7,heavy,3103,0,4.204,
23660.0,heavy,3101,1,4.539,
23663.3,heavy,3102,0,1.169,
23666.7,heavy,3103,0,3.933,
23670.0,heavy,3101,0,2.956,
23673.3,heavy,3102,1,0.875,
23676.7,heavy,3103,0,3.578,
23680.0,heavy,3101,0,3.143,
23683.3,heavy,3102,1,0.807,
23686.7,heavy,3103,0,4.049,
23690.0,heavy,3101,1,4.193,
23693.3,heavy,3102,0,1.237,
23696.7,heavy,3103,0,3.590,
23700.0,heavy,3101,0,5.481,
23700.0,light-2,3103,1,1.247,
23700.0,light-4,3102,1,3.263,
23700.0,light-3,3101,1,4.586,
23700.0,light-5,3103,1,4.691,
23700.0,light-1,3102,1,5.216,
23703.3,heavy,3101,1,4.867,
23706.7,heavy,3102,0,1.196,
23710.0,heavy,3103,0,3.607,
23713.3,heavy,3101,1,4.036,
23716.7,heavy,3102,1,1.328,
23720.0,heavy,3103,0,3.798,
23723.3,heavy,3101,0,4.005,
23726.7,heavy,3102,0,1.468,
23730.0,heavy,3103,0,3.499,
23733.3,heavy,3101,0,2.648,
23736.7,heavy,3102,1,1.419,
23740.0,heavy,3103,0,3.747,
23743.3,heavy,3101,1,3.638,
23746.7,heavy,3102,0,0.813,
23750.0,heavy,3103,0,4.320,
23753.3,heavy,3101,1,4.877,
23756.7,heavy,3102,0,0.916,
23760.0,heavy,3103,0,3.767,
23763.3,heavy,3101,1,4.303,
23766.7,heavy,3102,0,1.016,
23770.0,heavy,3103,0,3.618,
23773.3,heavy,3101,1,3.231,
23776.7,heavy,3102,0,0.971,
23780.0,heavy,3103,0,4.054,
23783.3,heavy,3101,1,4.394,
23786.7,heavy,3102,0,0.843,
23790.0,heavy,3103,0,3.466,
23793.3,heavy,3101,1,4.449,
23796.7,heavy,3102,0,1.023,
23800.0,heavy,3103,1,6.145,
23800.0,light-1,3101,1,1.382,
23800.0,light-4,3101,1,1.464,
23800.0,light-3,3103,1,2.512,
23800.0,light-2,3102,1,5.408,
23800.0,light-5,3102,1,6.183,
23803.3,heavy,3103,0,3.429,
23806.7,heavy,3101,0,2.431,
23810.0,heavy,3102,1,1.428,
23813.3,heavy,3103,0,3.508,
23816.7,heavy,3101,0,4.285,
23820.0,heavy,3102,0,1.064,
23823.3,heavy,3103,0,3.764,
23826.7,heavy,3101,0,3.324,
23830.0,heavy,3102,1,1.310,
23833.3,heavy,3103,0,2.243,
23836.7,heavy,3101,1,3.605,
23840.0,heavy,3102,1,1.315,
23843.3,heavy,3103,0,3.621,
23846.7,heavy,3101,0,3.445,
23850.0,heavy,3102,0,1.054,
23853.3,heavy,3103,0,3.932,
23856.7,heavy,3101,1,4.327,
23860.0,heavy,3102,1,1.353,
23863.3,heavy,3103,0,4.085,
23866.7,heavy,3101,0,1.874,
23870.0,heavy,3102,1,1.574,
23873.3,heavy,3103,0,3.896,
23876.7,heavy,3101,0,3.492,
23880.0,heavy,3102,0,1.081,
23883.3,heavy,3103,0,4.360,
23886.7,heavy,3101,1,4.620,
23890.0,heavy,3102,1,1.306,
23893.3,heavy,3103,0,4.657,
23896.7,heavy,3101,0,1.830,
23900.0,heavy,3102,1,1.580,
23900.0,light-1,3102,1,1.710,
23900.0,light-4,3102,1,1.754,
23900.0,light-3,3101,1,2.769,
23900.0,light-2,3103,1,2.977,
23900.0,light-5,3103,1,3.394,
23903.3,heavy,3103,0,5.070,
23906.7,heavy,3101,0,3.768,
23910.0,heavy,3101,0,2.650,
23913.3,heavy,3102,0,0.963,
23916.7,heavy,3103,1,5.137,
23920.0,heavy,3101,0,4.124,
23923.3,heavy,3102,1,1.696,
23926.7,heavy,3103,0,3.136,
23930.0,heavy,3101,0,4.797,
23933.3,heavy,3102,1,1.656,
23936.7,heavy,3103,0,5.199,
23940.0,heavy,3101,0,4.998,
23943.3,heavy,3102,1,0.993,
23946.7,heavy,3103,0,4.432,
23950.0,heavy,3101,0,3.630,
23953.3,heavy,3102,1,1.352,
23956.7,heavy,3103,0,2.915,
23960.0,heavy,3101,0,3.675,
23963.3,heavy,3102,0,1.234,
23966.7,heavy,3103,0,4.288,
23970.0,heavy,3101,1,4.535,
23973.3,heavy,3102,0,0.841,
23976.7,heavy,3103,0,4.015,
23980.0,heavy,3101,1,1.988,
23983.3,heavy,3102,1,1.314,
23986.7,heavy,3103,0,4.219,
23990.0,heavy,3101,0,3.865,
23993.3,heavy,3102,1,1.373,
23996.7,heavy,3103,0,3.699,
24000.0,heavy,3101,0,3.302,
24000.0,light-1,3102,1,1.290,
24000.0,light-2,3103,1,1.445,
24000.0,light-4,3102,1,1.515,
24000.0,light-5,3103,1,1.581,
24000.0,light-3,3101,1,2.202,
24003.3,heavy,3101,1,3.968,
24006.7,heavy,3102,0,0.968,
24010.0,heavy,3103,0,3.971,
24013.3,heavy,3101,0,2.971,
24016.7,heavy,3102,1,1.331,
24020.0,heavy,3103,0,2.751,
24023.3,heavy,3101,0,2.489,
24026.7,heavy,3102,1,1.107,
24030.0,heavy,3103,0,3.047,
24033.3,heavy,3101,1,3.307,
24036.7,heavy,3102,0,1.081,
24040.0,heavy,3103,0,3.508,
24043.3,heavy,3101,1,3.452,
24046.7,heavy,3102,0,0.827,
24050.0,heavy,3103,0,3.307,
24053.3,heavy,3101,0,2.654,
24056.7,heavy,3102,1,1.052,
24060.0,heavy,3103,0,3.188,
24063.3,heavy,3101,1,3.085,
24066.7,heavy,3102,0,0.810,
24070.0,heavy,3103,0,3.517,
24073.3,heavy,3101,1,3.517,
24076.7,heavy,3102,0,0.952,
24080.0,heavy,3103,0,3.480,
24083.3,heavy,3101,0,2.617,
24086.7,heavy,3102,1,1.173,
24090.0,heavy,3103,0,6.062,
24093.3,heavy,3101,0,2.706,
24096.7,heavy,3102,1,0.904,
24100.0,heavy,3103,0,3.150,
24100.0,light-1,3101,1,1.465,
24100.0,light-4,3101,1,1.508,
24100.0,light-2,3102,1,1.705,
24100.0,light-5,3102,1,1.737,
24100.0,light-3,3103,1,2.070,
24103.3,heavy,3103,0,4.304,
24106.7,heavy,3101,1,3.639,
24110.0,heavy,3102,0,0.889,
24113.3,heavy,3103,0,3.626,
24116.7,heavy,3101,0,3.115,
24120.0,heavy,3102,1,1.180,
24123.3,heavy,3103,0,2.215,
24126.7,heavy,3101,1,4.019,
24130.0,heavy,3102,1,1.355,
24133.3,heavy,3103,0,3.525,
24136.7,heavy,3101,0,4.132,
24140.0,heavy,3102,0,0.815,
24143.3,heavy,3103,0,3.292,
24146.7,heavy,3101,0,2.866,
24150.0,heavy,3102,1,1.185,
24153.3,heavy,3103,0,2.791,
24156.7,heavy,3101,1,4.609,
24160.0,heavy,3102,1,1.352,
24163.3,heavy,3103,0,3.747,
24166.7,heavy,3101,0,4.410,
24170.0,heavy,3102,0,1.185,
24173.3,heavy,3103,1,5.089,
24176.7,heavy,3101,0,2.910,
24180.0,heavy,3102,1,1.151,
24183.3,heavy,3103,0,4.241,
24186.7,heavy,3101,0,3.175,
24190.0,heavy,3102,0,1.319,
24193.3,heavy,3103,0,3.837,
24196.7,heavy,3101,1,4.693,
24200.0,heavy,3102,0,1.765,
24200.0,light-2,3101,1,2.064,
24200.0,light-1,3103,1,2.272,
24200.0,light-5,3101,1,2.301,
24200.0,light-4,3103,1,2.580,
24200.0,light-3,3102,1,3.987,
24203.3,heavy,3102,1,1.904,
24206.7,heavy,3103,0,2.884,
24210.0,heavy,3101,1,4.242,
24213.3,heavy,3102,0,1.152,
24216.7,heavy,3103,0,3.984,
24220.0,heavy,3101,0,3.747,
24223.3,heavy,3102,1,1.122,
24226.7,heavy,3103,0,3.610,
24230.0,heavy,3101,0,2.792,
24233.3,heavy,3102,0,1.108,
24236.7,heavy,3103,0,4.601,
24240.0,heavy,3101,1,4.965,
24243.3,heavy,3102,1,1.189,
24246.7,heavy,3103,0,3.611,
24250.0,heavy,3101,0,3.159,
24253.3,heavy,3102,0,1.235,
24256.7,heavy,3103,1,4.352,
24260.0,heavy,3101,0,3.546,
24263.3,heavy,3102,0,1.250,
24266.7,heavy,3103,0,4.431,
24270.0,heavy,3101,1,4.865,
24273.3,heavy,3102,1,1.524,
24276.7,heavy,3103,0,3.064,
24280.0,heavy,3101,0,1.297,
24283.3,heavy,3102,1,1.617,
24286.7,heavy,3103,0,3.649,
24290.0,heavy,3101,0,3.044,
24293.3,heavy,3102,1,1.033,
24296.7,heavy,3103,0,6.510,
24300.0,heavy,3101,0,4.092,
24300.0,light-3,3102,1,1.755,
24300.0,light-5,3101,1,3.104,
24300.0,light-2,3101,1,7.270,
24300.0,light-1,3103,1,8.793,
24300.0,light-4,3103,1,10.068,
24303.3,heavy,3102,1,1.532,
24306.7,heavy,3102,0,1.243,
24310.0,heavy,3103,0,10.561,
24313.3,heavy,3101,1,3.975,
24316.7,heavy,3102,0,1.267,
24320.0,heavy,3103,0,3.375,
24323.3,heavy,3101,1,3.911,
24326.7,heavy,3102,0,1.145,
24330.0,heavy,3103,0,4.075,
24333.3,heavy,3101,0,4.586,
24336.7,heavy,3102,1,1.654,
24340.0,heavy,3103,0,3.718,
24343.3,heavy,3101,1,19.226,
24346.7,heavy,3102,0,1.379,
24350.0,heavy,3103,0,4.077,
24353.3,heavy,3101,0,12.667,
24356.7,heavy,3102,1,1.179,
24360.0,heavy,3103,0,3.375,
24363.3,heavy,3101,0,3.046,
24366.7,heavy,3102,1,1.373,
24370.0,heavy,3103,0,3.974,
24373.3,heavy,3101,1,4.773,
24376.7,heavy,3102,0,1.307,
24380.0,heavy,3103,0,2.831,
24383.3,heavy,3101,0,2.573,
24386.7,heavy,3102,1,1.487,
24390.0,heavy,3103,0,3.693,
24393.3,heavy,3101,1,3.797,
24396.7,heavy,3102,0,1.080,
24400.0,heavy,3103,0,5.874,
24400.0,light-1,3102,1,1.621,
24400.0,light-4,3102,1,1.905,
24400.0,light-3,3101,1,2.737,
24400.0,light-2,3103,1,3.082,
24400.0,light-5,3103,1,3.429,
24403.3,heavy,3101,1,4.944,
24406.7,heavy,3101,0,4.600,
24410.0,heavy,3102,0,1.095,
24413.3,heavy,3103,0,3.918,
24416.7,heavy,3101,0,2.942,
24420.0,heavy,3102,1,1.239,
24423.3,heavy,3103,1,3.702,
24426.7,heavy,3101,0,3.051,
24430.0,heavy,3102,0,1.168,
24433.3,heavy,3103,1,4.711,
24436.7,heavy,3101,0,2.807,
24440.0,heavy,3102,0,0.807,
24443.3,heavy,3103,1,5.035,
24446.7,heavy,3101,0,3.031,
24450.0,heavy,3102,0,0.897,
24453.3,heavy,3103,0,4.822,
24456.7,heavy,3101,1,4.238,
24460.0,heavy,3102,1,1.886,
24463.3,heavy,3103,0,4.556,
24466.7,heavy,3101,0,4.282,
24470.0,heavy,3102,0,1.704,
24473.3,heavy,3103,1,5.183,
24476.7,heavy,3101,0,3.012,
24480.0,heavy,3102,1,1.889,
24483.3,heavy,3103,0,3.474,
24486.7,heavy,3101,0,2.889,
24490.0,heavy,3102,0,0.828,
24493.3,heavy,3103,0,4.030,
24496.7,heavy,3101,1,4.831,
24500.0,heavy,3102,0,1.663,
24500.0,light-1,3103,1,1.655,
24500.0,light-3,3102,1,1.684,
24500.0,light-2,3101,1,1.931,
24500.0,light-4,3103,1,1.969,
24500.0,light-5,3101,1,2.044,
24503.3,heavy,3102,0,0.961,
24506.7,heavy,3103,0,4.875,
24510.0,heavy,3101,1,5.166,
24513.3,heavy,3102,1,1.209,
24516.7,heavy,3103,0,3.874,
24520.0,heavy,3101,0,2.960,
24523.3,heavy,3102,0,0.861,
24526.7,heavy,3103,1,4.114,
24530.0,heavy,3101,0,2.226,
24533.3,heavy,3102,0,1.430,
24536.7,heavy,3103,0,3.876,
24540.0,heavy,3101,1,3.465,
24543.3,heavy,3102,1,1.172,
24546.7,heavy,3103,0,3.545,
24550.0,heavy,3101,0,3.177,
24553.3,heavy,3102,1,0.776,
24556.7,heavy,3103,0,4.134,
24560.0,heavy,3101,0,3.059,
24563.3,heavy,3102,1,1.387,
24566.7,heavy,3103,0,3.959,
24570.0,heavy,3101,0,3.093,
24573.3,heavy,3102,1,1.330,
24576.7,heavy,3103,0,3.424,
24580.0,heavy,3101,0,2.821,
24583.3,heavy,3102,0,1.022,
24586.7,heavy,3103,0,3.890,
24590.0,heavy,3101,1,4.599,
24593.3,heavy,3102,1,1.349,
24596.7,heavy,3103,0,4.714,
24600.0,heavy,3101,0,3.608,
24600.0,light-1,3102,1,1.136,
24600.0,light-2,3103,1,1.201,
24600.0,light-4,3102,1,1.279,
24600.0,light-5,3103,1,1.344,
24600.0,light-3,3101,1,2.785,
24603.3,heavy,3101,1,3.447,
24606.7,heavy,3102,0,1.067,
24610.0,heavy,3103,0,4.906,
24613.3,heavy,3101,1,4.004,
24616.7,heavy,3102,0,0.966,
24620.0,heavy,3103,0,3.930,
24623.3,heavy,3101,0,3.446,
24626.7,heavy,3102,1,1.304,
24630.0,heavy,3103,0,2.431,
24633.3,heavy,3101,1,4.721,
24636.7,heavy,3102,1,2.019,
24640.0,heavy,3103,0,9.272,
24643.3,heavy,3101,0,4.494,
24646.7,heavy,3102,0,1.314,
24650.0,heavy,3103,0,4.635,
24653.3,heavy,3101,1,5.241,
24656.7,heavy,3102,0,1.240,
24660.0,heavy,3103,0,5.219,
24663.3,heavy,3101,1,5.040,
24666.7,heavy,3102,1,1.855,
24670.0,heavy,3103,0,4.774,
24673.3,heavy,3101,0,4.935,
24676.7,heavy,3102,0,2.179,
24680.0,heavy,3103,0,4.578,
24683.3,heavy,3101,1,4.535,
24686.7,heavy,3102,0,1.851,
24690.0,heavy,3103,1,6.571,
24693.3,heavy,3101,0,6.008,
24696.7,heavy,3102,1,1.954,
24700.0,heavy,3103,0,6.214,
24700.0,light-2,3102,1,2.473,
24700.0,light-5,3102,1,2.673,
24700.0,light-1,3101,1,3.423,
24700.0,light-3,3103,1,3.889,
24700.0,light-4,3101,1,7.608,
24703.3,heavy,3103,0,5.059,
24706.7,heavy,3101,0,5.128,
24710.0,heavy,3102,0,1.152,
24713.3,heavy,3103,1,4.309,
24716.7,heavy,3101,0,3.615,
24720.0,heavy,3102,0,0.883,
24723.3,heavy,3103,0,4.890,
24726.7,heavy,3101,1,4.166,
24730.0,heavy,3102,1,1.570,
24733.3,heavy,3103,0,4.639,
24736.7,heavy,3101,0,1.520,
24740.0,heavy,3102,0,1.140,
24743.3,heavy,3103,0,4.735,
24746.7,heavy,3101,1,3.964,
24750.0,heavy,3102,1,1.375,
24753.3,heavy,3103,0,4.452,
24756.7,heavy,3101,0,4.153,
24760.0,heavy,3102,0,1.414,
24763.3,heavy,3103,0,4.528,
24766.7,heavy,3101,1,3.716,
24770.0,heavy,3102,1,1.459,
24773.3,heavy,3103,0,4.261,
24776.7,heavy,3101,0,2.555,
24780.0,heavy,3102,0,0.777,
24783.3,heavy,3103,0,3.772,
24786.7,heavy,3101,0,2.931,
24790.0,heavy,3102,1,1.233,
24793.3,heavy,3103,1,4.924,
24796.7,heavy,3101,0,3.571,
24800.0,heavy,3102,0,1.428,
24800.0,light-1,3103,1,1.812,
24800.0,light-3,3102,1,1.885,
24800.0,light-4,3103,1,1.971,
24800.0,light-2,3101,1,2.257,
24800.0,light-5,3101,1,2.950,
24803.3,heavy,3102,0,0.889,
24806.7,heavy,3103,0,3.645,
24810.0,heavy,3101,1,3.941,
24813.3,heavy,3102,1,1.405,
24816.7,heavy,3103,0,4.102,
24820.0,heavy,3101,0,3.906,
24823.3,heavy,3102,0,0.947,
24826.7,heavy,3103,0,4.079,
24830.0,heavy,3101,1,1.768,
24833.3,heavy,3102,1,1.241,
24836.7,heavy,3103,0,4.266,
24840.0,heavy,3101,0,3.602,
24843.3,heavy,3102,1,1.350,
24846.7,heavy,3103,1,4.863,
24850.0,heavy,3101,0,3.424,
24853.3,heavy,3102,0,1.340,
24856.7,heavy,3103,0,3.980,
24860.0,heavy,3101,0,3.484,
24863.3,heavy,3102,1,1.426,
24866.7,heavy,3103,0,3.815,
24870.0,heavy,3101,0,3.226,
24873.3,heavy,3102,0,1.275,
24876.7,heavy,3103,0,4.245,
24880.0,heavy,3101,1,4.548,
24883.3,heavy,3102,1,1.397,
24886.7,heavy,3103,0,2.810,
24890.0,heavy,3101,0,2.931,
24893.3,heavy,3102,0,0.955,
24896.7,heavy,3103,1,4.204,
24900.0,heavy,3101,1,4.856,
24900.0,light-3,3102,1,1.701,
24900.0,light-1,3103,1,2.005,
24900.0,light-4,3103,1,2.026,
24900.0,light-2,3101,1,2.558,
24900.0,light-5,3101,1,2.784,
24903.3,heavy,3102,0,1.495,
24906.7,heavy,3102,0,1.035,
24910.0,heavy,3103,1,4.649,
24913.3,heavy,3101,0,3.812,
24916.7,heavy,3102,0,1.233,
24920.0,heavy,3103,0,3.884,
24923.3,heavy,3101,0,3.169,
24926.7,heavy,3102,1,1.530,
24930.0,heavy,3103,0,3.303,
24933.3,heavy,3101,0,2.897,
24936.7,heavy,3102,1,1.692,
24940.0,heavy,3103,0,3.958,
24943.3,heavy,3101,1,4.398,
24946.7,heavy,3102,0,0.944,
24950.0,heavy,3103,0,5.247,
24953.3,heavy,3101,1,4.240,
24956.7,heavy,3102,0,0.994,
24960.0,heavy,3103,0,3.654,
24963.3,heavy,3101,1,4.586,
24966.7,heavy,3102,0,1.063,
24970.0,heavy,3103,0,3.753,
24973.3,heavy,3101,0,3.087,
24976.7,heavy,3102,1,1.312,
24980.0,heavy,3103,0,3.765,
24983.3,heavy,3101,1,4.662,
24986.7,heavy,3102,0,2.119,
24990.0,heavy,3103,0,4.019,
24993.3,heavy,3101,1,5.093,
24996.7,heavy,3102,0,1.317,
25000.0,heavy,3103,0,6.586,
25000.0,light-1,3101,1,1.723,
25000.0,light-4,3101,1,1.884,
25000.0,light-3,3103,1,3.824,
25000.0,light-2,3102,1,7.105,
25000.0,light-5,3102,1,7.553,
25003.3,heavy,3103,0,3.307,
25006.7,heavy,3101,1,3.967,
25010.0,heavy,3102,0,1.092,
25013.3,heavy,3103,1,5.060,
25016.7,heavy,3101,0,3.674,
25020.0,heavy,3102,1,1.322,
25023.3,heavy,3103,0,4.503,
25026.7,heavy,3101,0,3.060,
25030.0,heavy,3102,1,1.212,
25033.3,heavy,3103,0,3.648,
25036.7,heavy,3101,0,2.958,
25040.0,heavy,3102,0,0.971,
25043.3,heavy,3103,0,3.857,
25046.7,heavy,3101,1,4.018,
25050.0,heavy,3102,1,1.240,
25053.3,heavy,3103,0,4.106,
25056.7,heavy,3101,0,1.323,
25060.0,heavy,3102,1,1.257,
25063.3,heavy,3103,0,3.887,
25066.7,heavy,3101,0,3.176,
25070.0,heavy,3102,0,0.874,
25073.3,heavy,3103,1,3.876,
25076.7,heavy,3101,0,2.941,
25080.0,heavy,3102,0,1.092,
25083.3,heavy,3103,1,4.139,
25086.7,heavy,3101,0,2.721,
25090.0,heavy,3102,0,1.301,
25093.3,heavy,3103,1,3.798,
25096.7,heavy,3101,0,3.392,
25100.0,heavy,3102,0,1.159,
25100.0,light-2,3101,1,1.146,
25100.0,light-1,3103,1,1.323,
25100.0,light-5,3101,1,1.286,
25100.0,light-4,3103,1,1.383,
25100.0,light-3,3102,1,1.480,
25103.3,heavy,3102,1,1.712,
25106.7,heavy,3103,0,3.754,
25110.0,heavy,3101,0,3.202,
25113.3,heavy,3102,1,1.578,
25116.7,heavy,3103,0,2.485,
25120.0,heavy,3101,0,2.916,
25123.3,heavy,3102,1,1.395,
25126.7,heavy,3103,0,3.687,
25130.0,heavy,3101,0,3.077,
25133.3,heavy,3102,1,1.026,
25136.7,heavy,3103,0,3.976,
25140.0,heavy,3101,0,3.092,
25143.3,heavy,3102,1,1.768,
25146.7,heavy,3103,0,3.820,
25150.0,heavy,3101,0,3.685,
25153.3,heavy,3102,0,1.119,
25156.7,heavy,3103,0,5.386,
25160.0,heavy,3101,1,4.461,
25163.3,heavy,3102,0,1.031,
25166.7,heavy,3103,0,3.267,
25170.0,heavy,3101,1,1.673,
25173.3,heavy,3102,1,1.373,
25176.7,heavy,3103,0,3.671,
25180.0,heavy,3101,0,2.942,
25183.3,heavy,3102,1,1.112,
25186.7,heavy,3103,0,3.911,
25190.0,heavy,3101,0,3.235,
25193.3,heavy,3102,0,1.274,
25196.7,heavy,3103,0,4.389,
25200.0,heavy,3101,1,4.828,
25200.0,light-2,3102,1,1.699,
25200.0,light-5,3102,1,1.854,
25200.0,light-1,3101,1,2.160,
25200.0,light-4,3101,1,2.333,
25200.0,light-3,3103,1,2.502,
25203.3,heavy,3102,1,1.375,
25206.7,heavy,3103,0,4.495,
25210.0,heavy,3103,0,3.258,
25213.3,heavy,3101,0,2.078,
25216.7,heavy,3102,1,1.427,
25220.0,heavy,3103,0,3.790,
25223.3,heavy,3101,0,3.326,
25226.7,heavy,3102,1,1.017,
25230.0,heavy,3103,0,4.135,
25233.3,heavy,3101,0,3.271,
25236.7,heavy,3102,1,1.248,
25240.0,heavy,3103,0,3.907,
25243.3,heavy,3101,1,3.333,
25246.7,heavy,3102,0,1.111,
25250.0,heavy,3103,0,3.565,
25253.3,heavy,3101,1,3.502,
25256.7,heavy,3102,0,0.834,
25260.0,heavy,3103,0,4.046,
25263.3,heavy,3101,0,3.257,
25266.7,heavy,3102,1,1.317,
25270.0,heavy,3103,0,3.691,
25273.3,heavy,3101,1,3.240,
25276.7,heavy,3102,0,1.181,
25280.0,heavy,3103,0,7.177,
25283.3,heavy,3101,1,3.699,
25286.7,heavy,3102,0,0.888,
25290.0,heavy,3103,0,5.897,
25293.3,heavy,3101,1,3.763,
25296.7,heavy,3102,0,0.939,
25300.0,heavy,3103,0,4.846,
25300.0,light-2,3102,1,1.235,
25300.0,light-1,3101,1,1.476,
25300.0,light-4,3101,1,1.520,
25300.0,light-5,3102,1,1.640,
25300.0,light-3,3103,1,2.298,
25303.3,heavy,3103,0,2.515,
25306.7,heavy,3101,1,4.475,
25310.0,heavy,3102,1,1.127,
25313.3,heavy,3103,0,3.584,
25316.7,heavy,3101,0,3.262,
25320.0,heavy,3102,0,1.392,
25323.3,heavy,3103,0,3.732,
25326.7,heavy,3101,0,3.240,
25330.0,heavy,3102,1,1.666,
25333.3,heavy,3103,0,1.778,
25336.7,heavy,3101,1,4.350,
25340.0,heavy,3102,1,1.291,
25343.3,heavy,3103,0,4.518,
25346.7,heavy,3101,0,4.614,
25350.0,heavy,3102,0,0.868,
25353.3,heavy,3103,0,4.261,
25356.7,heavy,3101,1,4.510,
25360.0,heavy,3102,1,1.251,
25363.3,heavy,3103,0,3.044,
25366.7,heavy,3101,0,1.546,
25370.0,heavy,3102,1,1.780,
25373.3,heavy,3103,0,3.766,
25376.7,heavy,3101,0,3.195,
25380.0,heavy,3102,0,1.007,
25383.3,heavy,3103,0,3.534,
25386.7,heavy,3101,1,3.833,
25390.0,heavy,3102,1,1.392,
25393.3,heavy,3103,0,3.525,
25396.7,heavy,3101,0,1.689,
25400.0,heavy,3102,1,1.814,
25400.0,light-2,3103,1,2.556,
25400.0,light-4,3102,1,2.933,
25400.0,light-1,3102,1,5.273,
25400.0,light-3,3101,1,6.093,
25400.0,light-5,3103,1,6.188,
25403.3,heavy,3103,0,5.564,
25406.7,heavy,3101,0,4.566,
25410.0,heavy,3101,0,3.837,
25413.3,heavy,3102,1,0.976,
25416.7,heavy,3103,0,3.897,
25420.0,heavy,3101,0,3.151,
25423.3,heavy,3102,1,1.284,
25426.7,heavy,3103,0,3.657,
25430.0,heavy,3101,0,3.054,
25433.3,heavy,3102,1,1.105,
25436.7,heavy,3103,0,3.721,
25440.0,heavy,3101,0,3.036,
25443.3,heavy,3102,0,0.820,
25446.7,heavy,3103,0,5.395,
25450.0,heavy,3101,1,4.306,
25453.3,heavy,3102,1,1.294,
25456.7,heavy,3103,0,3.828,
25460.0,heavy,3101,0,3.610,
25463.3,heavy,3102,1,1.486,
25466.7,heavy,3103,0,3.603,
25470.0,heavy,3101,0,3.876,
25473.3,heavy,3102,1,1.147,
25476.7,heavy,3103,0,3.172,
25480.0,heavy,3101,0,3.192,
25483.3,heavy,3102,1,1.404,
25486.7,heavy,3103,0,3.402,
25490.0,heavy,3101,0,3.185,
25493.3,heavy,3102,0,0.979,
25496.7,heavy,3103,1,5.191,
25500.0,heavy,3101,1,4.118,
25500.0,light-1,3102,1,1.517,
25500.0,light-4,3102,1,1.829,
25500.0,light-3,3101,1,2.476,
25500.0,light-2,3103,1,2.694,
25500.0,light-5,3103,1,2.894,
25503.3,heavy,3101,0,3.057,
25506.7,heavy,3102,0,0.960,
25510.0,heavy,3103,0,4.534,
25513.3,heavy,3101,0,3.742,
25516.7,heavy,3102,1,1.341,
25520.0,heavy,3103,0,3.022,
25523.3,heavy,3101,0,2.922,
25526.7,heavy,3102,1,1.475,
25530.0,heavy,3103,0,3.995,
25533.3,heavy,3101,1,4.395,
25536.7,heavy,3102,0,1.181,
25540.0,heavy,3103,0,3.710,
25543.3,heavy,3101,0,2.953,
25546.7,heavy,3102,1,1.263,
25550.0,heavy,3103,0,3.654,
25553.3,heavy,3101,1,2.987,
25556.7,heavy,3102,0,1.071,
25560.0,heavy,3103,1,5.084,
25563.3,heavy,3101,0,3.875,
25566.7,heavy,3102,0,1.273,
25570.0,heavy,3103,0,2.299,
25573.3,heavy,3101,0,3.280,
25576.7,heavy,3102,1,1.308,
25580.0,heavy,3103,0,3.404,
25583.3,heavy,3101,1,3.808,
25586.7,heavy,3102,0,1.023,
25590.0,heavy,3103,0,3.993,
25593.3,heavy,3101,0,2.691,
25596.7,heavy,3102,1,1.082,
25600.0,heavy,3103,0,3.961,
25600.0,light-1,3101,1,1.038,
25600.0,light-2,3102,1,1.103,
25600.0,light-5,3102,1,1.286,
25600.0,light-4,3101,1,1.442,
25600.0,light-3,3103,1,2.665,
25603.3,heavy,3103,1,3.748,
25606.7,heavy,3101,0,3.171,
25610.0,heavy,3102,0,0.934,
25613.3,heavy,3103,0,4.144,
25616.7,heavy,3101,1,4.426,
25620.0,heavy,3102,1,1.298,
25623.3,heavy,3103,0,4.576,
25626.7,heavy,3101,0,4.410,
25630.0,heavy,3102,0,0.903,
25633.3,heavy,3103,0,3.866,
25636.7,heavy,3101,1,4.525,
25640.0,heavy,3102,1,1.346,
25643.3,heavy,3103,0,4.242,
25646.7,heavy,3101,0,1.727,
25650.0,heavy,3102,1,1.597,
25653.3,heavy,3103,0,3.642,
25656.7,heavy,3101,0,3.082,
25660.0,heavy,3102,0,1.409,
25663.3,heavy,3103,1,4.239,
25666.7,heavy,3101,0,3.014,
25670.0,heavy,3102,0,1.017,
25673.3,heavy,3103,1,4.475,
25676.7,heavy,3101,0,2.876,
25680.0,heavy,3102,0,0.851,
25683.3,heavy,3103,0,4.108,
25686.7,heavy,3101,0,3.299,
25690.0,heavy,3102,1,1.109,
25693.3,heavy,3103,1,4.346,
25696.7,heavy,3101,0,2.766,
25700.0,heavy,3102,0,1.372,
25700.0,light-5,3101,1,2.600,
25700.0,light-2,3101,1,5.056,
25700.0,light-1,3103,1,5.580,
25700.0,light-3,3102,1,5.654,
25700.0,light-4,3103,1,6.949,
25703.3,heavy,3102,0,0.907,
25706.7,heavy,3103,1,5.126,
25710.0,heavy,3101,0,3.400,
25713.3,heavy,3102,1,0.896,
25716.7,heavy,3103,0,4.305,
25720.0,heavy,3101,0,3.442,
25723.3,heavy,3102,1,0.986,
25726.7,heavy,3103,0,3.316,
25730.0,heavy,3101,0,2.637,
25733.3,heavy,3102,1,1.107,
25736.7,heavy,3103,0,3.022,
25740.0,heavy,3101,0,2.589,
25743.3,heavy,3102,1,1.920,
25746.7,heavy,3103,0,4.139,
25750.0,heavy,3101,0,3.224,
25753.3,heavy,3102,1,1.417,
25756.7,heavy,3103,0,3.698,
25760.0,heavy,3101,0,2.731,
25763.3,heavy,3102,0,1.051,
25766.7,heavy,3103,1,4.532,
25770.0,heavy,3101,0,2.959,
25773.3,heavy,3102,1,1.279,
25776.7,heavy,3103,0,3.812,
25780.0,heavy,3101,1,3.980,
25783.3,heavy,3102,0,1.196,
25786.7,heavy,3103,0,3.417,
25790.0,heavy,3101,0,2.503,
25793.3,heavy,3102,0,0.926,
25796.7,heavy,3103,1,4.055,
25800.0,heavy,3101,0,3.832,
25800.0,light-1,3102,1,1.812,
25800.0,light-2,3103,1,2.213,
25800.0,light-4,3102,1,2.247,
25800.0,light-5,3103,1,2.315,
25800.0,light-3,3101,1,2.487,
25803.3,heavy,3101,0,2.022,
25806.7,heavy,3102,1,1.336,
25810.0,heavy,3103,0,3.111,
25813.3,heavy,3101,1,3.594,
25816.7,heavy,3102,0,1.146,
25820.0,heavy,3103,0,3.689,
25823.3,heavy,3101,0,2.990,
25826.7,heavy,3102,1,1.291,
25830.0,heavy,3103,0,2.195,
25833.3,heavy,3101,1,4.151,
25836.7,heavy,3102,1,1.440,
25840.0,heavy,3103,0,4.359,
25843.3,heavy,3101,0,4.229,
25846.7,heavy,3102,0,0.822,
25850.0,heavy,3103,0,8.239,
25853.3,heavy,3101,0,3.235,
25856.7,heavy,3102,1,1.312,
25860.0,heavy,3103,0,7.113,
25863.3,heavy,3101,0,2.453,
25866.7,heavy,3102,1,0.878,
25870.0,heavy,3103,0,2.929,
25873.3,heavy,3101,1,3.838,
25876.7,heavy,3102,0,0.881,
25880.0,heavy,3103,0,4.569,
25883.3,heavy,3101,1,3.721,
25886.7,heavy,3102,0,1.089,
25890.0,heavy,3103,0,3.244,
25893.3,heavy,3101,0,2.694,
25896.7,heavy,3102,1,1.863,
25900.0,heavy,3103,0,4.335,
25900.0,light-2,3102,1,2.196,
25900.0,light-5,3102,1,2.360,
25900.0,light-1,3101,1,2.759,
25900.0,light-3,3103,1,2.711,
25900.0,light-4,3101,1,6.441,
25903.3,heavy,3101,1,5.231,
25906.7,heavy,3102,1,1.989,
25910.0,heavy,3103,0,4.713,
25913.3,heavy,3103,0,3.308,
25916.7,heavy,3101,0,3.884,
25920.0,heavy,3102,0,1.049,
25923.3,heavy,3103,0,4.218,
25926.7,heavy,3101,1,4.424,
25930.0,heavy,3102,0,0.970,
25933.3,heavy,3103,0,2.972,
25936.7,heavy,3101,1,4.788,
25940.0,heavy,3102,1,1.442,
25943.3,heavy,3103,0,3.955,
25946.7,heavy,3101,0,3.954,
25950.0,heavy,3102,0,1.481,
25953.3,heavy,3103,1,5.380,
25956.7,heavy,3101,0,4.336,
25960.0,heavy,3102,0,1.216,
25963.3,heavy,3103,1,4.292,
25966.7,heavy,3101,0,3.274,
25970.0,heavy,3102,0,1.080,
25973.3,heavy,3103,1,4.238,
25976.7,heavy,3101,0,3.181,
25980.0,heavy,3102,0,1.306,
25983.3,heavy,3103,1,5.126,
25986.7,heavy,3101,0,2.931,
25990.0,heavy,3102,0,1.309,
25993.3,heavy,3103,1,8.509,
25996.7,heavy,3101,0,7.525,
26000.0,heavy,3102,1,1.710,
26000.0,light-3,3103,1,3.225,
26000.0,light-1,3101,1,3.608,
26000.0,light-4,3101,1,3.630,
26000.0,light-2,3102,1,15.647,
26000.0,light-5,3102,1,17.104,
26003.3,heavy,3103,0,8.344,
26006.7,heavy,3103,0,6.752,
26010.0,heavy,3101,0,6.271,
26013.3,heavy,3102,1,3.168,
26016.7,heavy,3103,0,4.344,
26020.0,heavy,3101,0,4.790,
26023.3,heavy,3102,0,0.796,
26026.7,heavy,3103,0,3.798,
26030.0,heavy,3101,1,4.169,
26033.3,heavy,3102,1,1.328,
26036.7,heavy,3103,0,2.630,
26040.0,heavy,3101,0,1.386,
26043.3,heavy,3102,1,1.951,
26046.7,heavy,3103,0,4.026,
26050.0,heavy,3101,1,4.733,
26053.3,heavy,3102,0,1.988,
26056.7,heavy,3103,0,2.987,
26060.0,heavy,3101,0,2.955,
26063.3,heavy,3102,0,0.952,
26066.7,heavy,3103,1,4.664,
26070.0,heavy,3101,0,2.896,
26073.3,heavy,3102,1,0.830,
26076.7,heavy,3103,0,3.565,
26080.0,heavy,3101,1,3.941,
26083.3,heavy,3102,0,1.130,
26086.7,heavy,3103,0,3.075,
26090.0,heavy,3101,0,3.131,
26093.3,heavy,3102,0,1.021,
26096.7,heavy,3103,1,4.845,
26100.0,heavy,3101,1,4.561,
26100.0,light-3,3102,1,1.244,
26100.0,light-1,3103,1,1.813,
26100.0,light-4,3103,1,1.954,
26100.0,light-2,3101,1,2.175,
26100.0,light-5,3101,1,2.425,
26103.3,heavy,3102,0,1.115,
26106.7,heavy,3102,0,0.890,
26110.0,heavy,3103,1,3.966,
26113.3,heavy,3101,0,3.280,
26116.7,heavy,3102,0,0.979,
26120.0,heavy,3103,0,4.019,
26123.3,heavy,3101,0,3.166,
26126.7,heavy,3102,1,1.208,
26130.0,heavy,3103,0,3.444,
26133.3,heavy,3101,0,3.271,
26136.7,heavy,3102,1,1.294,
26140.0,heavy,3103,1,3.927,
26143.3,heavy,3101,0,3.230,
26146.7,heavy,3102,0,0.917,
26150.0,heavy,3103,0,4.184,
26153.3,heavy,3101,0,3.007,
26156.7,heavy,3102,1,1.334,
26160.0,heavy,3103,0,3.937,
26163.3,heavy,3101,0,2.752,
26166.7,heavy,3102,1,1.417,
26170.0,heavy,3103,0,3.941,
26173.3,heavy,3101,0,3.449,
26176.7,heavy,3102,1,0.964,
26180.0,heavy,3103,0,3.681,
26183.3,heavy,3101,0,2.964,
26186.7,heavy,3102,1,1.183,
26190.0,heavy,3103,0,3.410,
26193.3,heavy,3101,1,2.907,
26196.7,heavy,3102,0,0.868,
26200.0,heavy,3103,0,3.756,
26200.0,light-1,3102,1,2.046,
26200.0,light-4,3102,1,2.363,
26200.0,light-3,3101,1,2.922,
26200.0,light-2,3103,1,3.120,
26200.0,light-5,3103,1,3.207,
26203.3,heavy,3101,1,3.591,
26206.7,heavy,3101,0,2.952,
26210.0,heavy,3102,0,0.859,
26213.3,heavy,3103,0,3.954,
26216.7,heavy,3101,0,3.154,
26220.0,heavy,3102,1,1.154,
26223.3,heavy,3103,1,4.429,
26226.7,heavy,3101,0,3.366,
26230.0,heavy,3102,0,0.984,
26233.3,heavy,3103,1,4.642,
26236.7,heavy,3101,0,3.598,
26240.0,heavy,3102,0,0.856,
26243.3,heavy,3103,0,3.784,
26246.7,heavy,3101,0,3.015,
26250.0,heavy,3102,1,1.246,
26253.3,heavy,3103,0,2.345,
26256.7,heavy,3101,1,4.360,
26260.0,heavy,3102,1,1.193,
26263.3,heavy,3103,0,3.639,
26266.7,heavy,3101,0,4.159,
26270.0,heavy,3102,0,0.859,
26273.3,heavy,3103,0,3.808,
26276.7,heavy,3101,1,4.196,
26280.0,heavy,3102,1,1.460,
26283.3,heavy,3103,0,2.802,
26286.7,heavy,3101,0,1.767,
26290.0,heavy,3102,1,1.363,
26293.3,heavy,3103,0,4.323,
26296.7,heavy,3101,0,3.243,
26300.0,heavy,3102,0,1.289,
26300.0,light-1,3103,1,1.053,
26300.0,light-2,3101,1,1.212,
26300.0,light-3,3102,1,1.482,
26300.0,light-4,3103,1,1.802,
26300.0,light-5,3101,1,1.837,
26303.3,heavy,3102,0,0.713,
26306.7,heavy,3103,0,3.784,
26310.0,heavy,3101,1,3.970,
26313.3,heavy,3102,1,1.157,
26316.7,heavy,3103,0,2.899,
26320.0,heavy,3101,0,3.225,
26323.3,heavy,3102,0,0.938,
26326.7,heavy,3103,1,4.118,
26330.0,heavy,3101,0,2.987,
26333.3,heavy,3102,0,0.792,
26336.7,heavy,3103,0,3.689,
26340.0,heavy,3101,1,3.922,
26343.3,heavy,3102,1,1.348,
26346.7,heavy,3103,0,2.787,
26350.0,heavy,3101,0,3.129,
26353.3,heavy,3102,0,0.911,
26356.7,heavy,3103,0,3.438,
26360.0,heavy,3101,1,3.632,
26363.3,heavy,3102,0,0.682,
26366.7,heavy,3103,0,4.126,
26370.0,heavy,3101,1,3.688,
26373.3,heavy,3102,1,1.191,
26376.7,heavy,3103,0,2.780,
26380.0,heavy,3101,0,3.304,
26383.3,heavy,3102,1,1.652,
26386.7,heavy,3103,0,3.666,
26390.0,heavy,3101,0,3.478,
26393.3,heavy,3102,0,0.874,
26396.7,heavy,3103,0,4.890,
26400.0,heavy,3101,0,3.965,
26400.0,light-2,3101,1,2.823,
26400.0,light-3,3102,1,2.950,
26400.0,light-5,3101,1,2.999,
26400.0,light-1,3103,1,3.276,
26400.0,light-4,3103,1,3.389,
26403.3,heavy,3102,1,2.727,
26406.7,heavy,3102,1,2.168,
26410.0,heavy,3103,0,3.807,
26413.3,heavy,3101,1,3.338,
26416.7,heavy,3102,0,0.874,
26420.0,heavy,3103,0,3.350,
26423.3,heavy,3101,0,2.680,
26426.7,heavy,3102,1,1.247,
26430.0,heavy,3103,0,2.936,
26433.3,heavy,3101,0,2.696,
26436.7,heavy,3102,1,1.097,
26440.0,heavy,3103,1,3.689,
26443.3,heavy,3101,0,2.409,
26446.7,heavy,3102,0,0.847,
26450.0,heavy,3103,0,3.772,
26453.3,heavy,3101,0,3.118,
26456.7,heavy,3102,1,1.243,
26460.0,heavy,3103,0,2.321,
26463.3,heavy,3101,1,4.250,
26466.7,heavy,3102,1,1.225,
26470.0,heavy,3103,0,4.544,
26473.3,heavy,3101,0,4.681,
26476.7,heavy,3102,0,0.960,
26480.0,heavy,3103,0,3.931,
26483.3,heavy,3101,0,3.058,
26486.7,heavy,3102,1,1.159,
26490.0,heavy,3103,0,3.681,
26493.3,heavy,3101,1,3.763,
26496.7,heavy,3102,0,0.872,
26500.0,heavy,3103,1,5.754,
26500.0,light-2,3103,1,2.317,
26500.0,light-4,3102,1,2.701,
26500.0,light-1,3102,1,5.093,
26500.0,light-3,3101,1,5.666,
26500.0,light-5,3103,1,6.933,
26503.3,heavy,3101,0,4.490,
26506.7,heavy,3101,0,2.500,
26510.0,heavy,3102,0,1.173,
26513.3,heavy,3103,0,4.338,
26516.7,heavy,3101,0,2.769,
26520.0,heavy,3102,1,1.832,
26523.3,heavy,3103,0,2.329,
26526.7,heavy,3101,1,4.606,
26530.0,heavy,3102,1,1.536,
26533.3,heavy,3103,0,4.461,
26536.7,heavy,3101,0,4.892,
26540.0,heavy,3102,0,0.912,
26543.3,heavy,3103,1,5.302,
26546.7,heavy,3101,0,3.266,
26550.0,heavy,3102,1,1.520,
26553.3,heavy,3103,0,5.151,
26556.7,heavy,3101,0,2.922,
26560.0,heavy,3102,0,0.878,
26563.3,heavy,3103,0,5.626,
26566.7,heavy,3101,1,4.827,
26570.0,heavy,3102,0,0.978,
26573.3,heavy,3103,1,4.332,
26576.7,heavy,3101,0,2.659,
26580.0,heavy,3102,0,1.258,
26583.3,heavy,3103,1,4.734,
26586.7,heavy,3101,0,3.177,
26590.0,heavy,3102,0,0.776,
26593.3,heavy,3103,0,4.625,
26596.7,heavy,3101,1,5.626,
26600.0,heavy,3102,0,1.424,
26600.0,light-2,3102,1,1.288,
26600.0,light-5,3102,1,1.533,
26600.0,light-1,3101,1,2.002,
26600.0,light-4,3101,1,2.442,
26600.0,light-3,3103,1,3.119,
26603.3,heavy,3103,1,5.676,
26606.7,heavy,3103,0,4.412,
26610.0,heavy,3101,0,3.300,
26613.3,heavy,3102,0,0.992,
26616.7,heavy,3103,0,4.131,
26620.0,heavy,3101,1,4.553,
26623.3,heavy,3102,1,1.287,
26626.7,heavy,3103,0,4.269,
26630.0,heavy,3101,0,3.983,
26633.3,heavy,3102,0,1.093,
26636.7,heavy,3103,0,4.299,
26640.0,heavy,3101,1,4.585,
26643.3,heavy,3102,1,1.293,
26646.7,heavy,3103,0,2.866,
26650.0,heavy,3101,0,3.486,
26653.3,heavy,3102,1,1.559,
26656.7,heavy,3103,0,3.709,
26660.0,heavy,3101,0,3.544,
26663.3,heavy,3102,1,0.794,
26666.7,heavy,3103,0,4.378,
26670.0,heavy,3101,0,3.468,
26673.3,heavy,3102,1,1.382,
26676.7,heavy,3103,0,2.770,
26680.0,heavy,3101,0,2.617,
26683.3,heavy,3102,1,1.425,
26686.7,heavy,3103,0,3.659,
26690.0,heavy,3101,0,3.277,
26693.3,heavy,3102,0,1.016,
26696.7,heavy,3103,0,4.101,
26700.0,heavy,3101,1,4.339,
26700.0,light-2,3102,1,1.785,
26700.0,light-5,3102,1,2.015,
26700.0,light-1,3101,1,2.415,
26700.0,light-3,3103,1,2.691,
26700.0,light-4,3101,1,3.141,
26703.3,heavy,3102,1,1.549,
26706.7,heavy,3103,0,3.958,
26710.0,heavy,3103,0,4.266,
26713.3,heavy,3101,1,3.502,
26716.7,heavy,3102,0,0.930,
26720.0,heavy,3103,0,3.337,
26723.3,heavy,3101,1,3.882,
26726.7,heavy,3102,0,0.941,
26730.0,heavy,3103,0,3.131,
26733.3,heavy,3101,1,3.571,
26736.7,heavy,3102,0,1.012,
26740.0,heavy,3103,0,3.961,
26743.3,heavy,3101,0,3.392,
26746.7,heavy,3102,1,2.435,
26750.0,heavy,3103,0,3.696,
26753.3,heavy,3101,0,1.648,
26756.7,heavy,3102,1,1.490,
26760.0,heavy,3103,0,3.858,
26763.3,heavy,3101,0,3.273,
26766.7,heavy,3102,1,1.597,
26770.0,heavy,3103,0,3.771,
26773.3,heavy,3101,1,3.737,
26776.7,heavy,3102,0,2.126,
26780.0,heavy,3103,0,3.638,
26783.3,heavy,3101,1,3.791,
26786.7,heavy,3102,0,1.018,
26790.0,heavy,3103,0,4.416,
26793.3,heavy,3101,0,3.018,
26796.7,heavy,3102,1,1.166,
26800.0,heavy,3103,0,3.916,
26800.0,light-1,3101,1,1.247,
26800.0,light-2,3102,1,1.333,
26800.0,light-4,3101,1,1.349,
26800.0,light-5,3102,1,1.559,
26800.0,light-3,3103,1,2.312,
26803.3,heavy,3103,1,5.219,
26806.7,heavy,3101,0,2.755,
26810.0,heavy,3102,0,0.970,
26813.3,heavy,3103,0,3.334,
26816.7,heavy,3101,1,3.810,
26820.0,heavy,3102,1,1.167,
26823.3,heavy,3103,0,3.561,
26826.7,heavy,3101,0,3.823,
26830.0,heavy,3102,0,1.103,
26833.3,heavy,3103,0,3.744,
26836.7,heavy,3101,1,4.079,
26840.0,heavy,3102,1,1.200,
26843.3,heavy,3103,0,4.109,
26846.7,heavy,3101,0,4.001,
26850.0,heavy,3102,0,1.125,
26853.3,heavy,3103,0,3.805,
26856.7,heavy,3101,1,4.060,
26860.0,heavy,3102,0,0.764,
26863.3,heavy,3103,1,4.214,
26866.7,heavy,3101,0,3.207,
26870.0,heavy,3102,0,1.043,
26873.3,heavy,3103,1,4.371,
26876.7,heavy,3101,0,3.298,
26880.0,heavy,3102,0,0.975,
26883.3,heavy,3103,1,4.240,
26886.7,heavy,3101,0,2.986,
26890.0,heavy,3102,0,0.963,
26893.3,heavy,3103,0,8.286,
26896.7,heavy,3101,1,4.464,
26900.0,heavy,3102,1,1.392,
26900.0,light-2,3102,1,1.639,
26900.0,light-5,3102,1,1.840,
26900.0,light-1,3101,1,2.378,
26900.0,light-4,3101,1,2.617,
26900.0,light-3,3103,1,6.011,
26903.3,heavy,3103,0,8.110,
26906.7,heavy,3103,0,7.263,
26910.0,heavy,3101,0,3.133,
26913.3,heavy,3102,0,0.743,
26916.7,heavy,3103,0,4.097,
26920.0,heavy,3101,1,4.180,
26923.3,heavy,3102,1,1.516,
26926.7,heavy,3103,0,3.922,
26930.0,heavy,3101,0,2.668,
26933.3,heavy,3102,1,1.409,
26936.7,heavy,3103,0,3.637,
26940.0,heavy,3101,0,3.092,
26943.3,heavy,3102,1,1.465,
26946.7,heavy,3103,0,3.531,
26950.0,heavy,3101,0,3.476,
26953.3,heavy,3102,1,1.003,
26956.7,heavy,3103,0,4.232,
26960.0,heavy,3101,1,5.512,
26963.3,heavy,3102,0,1.212,
26966.7,heavy,3103,0,4.684,
26970.0,heavy,3101,1,4.896,
26973.3,heavy,3102,0,1.369,
26976.7,heavy,3103,0,4.357,
26980.0,heavy,3101,1,4.680,
26983.3,heavy,3102,0,1.251,
26986.7,heavy,3103,0,3.904,
26990.0,heavy,3101,0,4.129,
26993.3,heavy,3102,1,1.392,
26996.7,heavy,3103,0,4.564,
27000.0,heavy,3101,1,6.293,
27000.0,light-1,3102,1,2.834,
27000.0,light-2,3103,1,3.314,
27000.0,light-5,3103,1,3.307,
27000.0,light-4,3102,1,3.437,
27000.0,light-3,3101,1,3.609,
27003.3,heavy,3101,0,4.760,
27006.7,heavy,3102,0,1.210,
27010.0,heavy,3103,0,5.594,
27013.3,heavy,3101,0,5.412,
27016.7,heavy,3102,1,2.288,
27020.0,heavy,3103,0,5.168,
27023.3,heavy,3101,1,5.123,
27026.7,heavy,3102,0,2.503,
27030.0,heavy,3103,0,5.003,
27033.3,heavy,3101,1,5.006,
27036.7,heavy,3102,0,1.014,
27040.0,heavy,3103,0,4.654,
27043.3,heavy,3101,1,4.689,
27046.7,heavy,3102,0,0.953,
27050.0,heavy,3103,0,3.984,
27053.3,heavy,3101,1,4.854,
27056.7,heavy,3102,0,1.116,
27060.0,heavy,3103,0,4.430,
27063.3,heavy,3101,1,5.157,
27066.7,heavy,3102,0,1.998,
27070.0,heavy,3103,0,4.143,
27073.3,heavy,3101,1,4.423,
27076.7,heavy,3102,0,1.790,
27080.0,heavy,3103,0,3.656,
27083.3,heavy,3101,1,3.789,
27086.7,heavy,3102,0,1.104,
27090.0,heavy,3103,0,3.876,
27093.3,heavy,3101,1,4.161,
27096.7,heavy,3102,0,0.915,
27100.0,heavy,3103,0,5.726,
27100.0,light-1,3101,1,1.123,
27100.0,light-3,3103,1,2.885,
27100.0,light-4,3101,1,5.257,
27100.0,light-2,3102,1,5.779,
27100.0,light-5,3102,1,6.604,
27103.3,heavy,3103,0,2.717,
27106.7,heavy,3101,1,3.686,
27110.0,heavy,3102,0,0.897,
27113.3,heavy,3103,0,3.581,
27116.7,heavy,3101,1,3.919,
27120.0,heavy,3102,1,1.144,
27123.3,heavy,3103,0,3.949,
27126.7,heavy,3101,0,4.022,
27130.0,heavy,3102,0,1.139,
27133.3,heavy,3103,0,4.285,
27136.7,heavy,3101,1,4.772,
27140.0,heavy,3102,1,1.458,
27143.3,heavy,3103,0,3.036,
27146.7,heavy,3101,0,1.851,
27150.0,heavy,3102,1,1.108,
27153.3,heavy,3103,0,3.297,
27156.7,heavy,3101,0,2.759,
27160.0,heavy,3102,0,0.883,
27163.3,heavy,3103,0,4.054,
27166.7,heavy,3101,1,4.307,
27170.0,heavy,3102,1,1.276,
27173.3,heavy,3103,0,4.340,
27176.7,heavy,3101,0,3.738,
27180.0,heavy,3102,0,0.883,
27183.3,heavy,3103,0,4.071,
27186.7,heavy,3101,1,4.660,
27190.0,heavy,3102,0,0.997,
27193.3,heavy,3103,1,4.115,
27196.7,heavy,3101,0,3.117,
27200.0,heavy,3102,0,1.381,
27200.0,light-5,3101,1,2.339,
27200.0,light-2,3101,1,4.582,
27200.0,light-1,3103,1,5.078,
27200.0,light-3,3102,1,5.172,
27200.0,light-4,3103,1,6.393,
27203.3,heavy,3102,0,1.117,
27206.7,heavy,3103,1,3.561,
27210.0,heavy,3101,0,2.912,
27213.3,heavy,3102,0,0.843,
27216.7,heavy,3103,0,3.830,
27220.0,heavy,3101,1,4.237,
27223.3,heavy,3102,0,1.058,
27226.7,heavy,3103,0,4.037,
27230.0,heavy,3101,1,4.152,
27233.3,heavy,3102,1,1.152,
27236.7,heavy,3103,0,2.744,
27240.0,heavy,3101,0,3.401,
27243.3,heavy,3102,1,1.194,
27246.7,heavy,3103,0,3.595,
27250.0,heavy,3101,0,3.423,
27253.3,heavy,3102,0,0.825,
27256.7,heavy,3103,0,3.667,
27260.0,heavy,3101,1,3.739,
27263.3,heavy,3102,1,1.152,
27266.7,heavy,3103,0,2.361,
27270.0,heavy,3101,0,3.098,
27273.3,heavy,3102,1,1.158,
27276.7,heavy,3103,0,3.725,
27280.0,heavy,3101,0,2.887,
27283.3,heavy,3102,0,1.441,
27286.7,heavy,3103,0,8.223,
27290.0,heavy,3101,1,3.603,
27293.3,heavy,3102,1,1.412,
27296.7,heavy,3103,0,8.073,
27300.0,heavy,3101,0,3.411,
27300.0,light-1,3102,1,1.061,
27300.0,light-4,3102,1,1.113,
27300.0,light-3,3101,1,2.517,
27300.0,light-2,3103,1,4.671,
27300.0,light-5,3103,1,5.011,
27303.3,heavy,3101,1,3.026,
27306.7,heavy,3102,0,0.817,
27310.0,heavy,3103,0,2.851,
27313.3,heavy,3101,1,3.096,
27316.7,heavy,3102,0,1.010,
27320.0,heavy,3103,0,3.411,
27323.3,heavy,3101,0,3.595,
27326.7,heavy,3102,1,1.137,
27330.0,heavy,3103,0,2.704,
27333.3,heavy,3101,1,3.076,
27336.7,heavy,3102,0,1.033,
27340.0,heavy,3103,0,4.346,
27343.3,heavy,3101,1,3.479,
27346.7,heavy,3102,0,0.805,
27350.0,heavy,3103,0,3.699,
27353.3,heavy,3101,0,2.920,
27356.7,heavy,3102,1,1.212,
27360.0,heavy,3103,0,3.467,
27363.3,heavy,3101,1,3.359,
27366.7,heavy,3102,0,0.729,
27370.0,heavy,3103,0,3.648,
27373.3,heavy,3101,1,3.971,
27376.7,heavy,3102,0,0.997,
27380.0,heavy,3103,0,3.745,
27383.3,heavy,3101,0,3.024,
27386.7,heavy,3102,1,1.146,
27390.0,heavy,3103,0,3.517,
27393.3,heavy,3101,1,3.504,
27396.7,heavy,3102,0,0.951,
27400.0,heavy,3103,0,4.711,
27400.0,light-3,3102,1,1.703,
27400.0,light-2,3101,1,2.215,
27400.0,light-1,3103,1,2.435,
27400.0,light-5,3101,1,2.426,
27400.0,light-4,3103,1,2.590,
27403.3,heavy,3101,0,3.461,
27406.7,heavy,3102,1,1.560,
27410.0,heavy,3102,0,1.364,
27413.3,heavy,3103,0,3.117,
27416.7,heavy,3101,0,3.192,
27420.0,heavy,3102,1,1.073,
27423.3,heavy,3103,0,1.932,
27426.7,heavy,3101,1,4.392,
27430.0,heavy,3102,1,1.232,
27433.3,heavy,3103,0,3.358,
27436.7,heavy,3101,0,4.199,
27440.0,heavy,3102,0,1.351,
27443.3,heavy,3103,0,3.455,
27446.7,heavy,3101,1,3.747,
27450.0,heavy,3102,1,1.397,
27453.3,heavy,3103,0,3.494,
27456.7,heavy,3101,0,1.595,
27460.0,heavy,3102,1,1.584,
27463.3,heavy,3103,0,4.385,
27466.7,heavy,3101,0,3.783,
27470.0,heavy,3102,0,0.918,
27473.3,heavy,3103,1,5.981,
27476.7,heavy,3101,0,3.039,
27480.0,heavy,3102,0,1.230,
27483.3,heavy,3103,1,4.140,
27486.7,heavy,3101,0,2.973,
27490.0,heavy,3102,0,1.067,
27493.3,heavy,3103,0,4.179,
27496.7,heavy,3101,1,5.265,
27500.0,heavy,3102,0,1.407,
27500.0,light-1,3101,1,1.291,
27500.0,light-2,3102,1,1.360,
27500.0,light-4,3101,1,1.466,
27500.0,light-5,3102,1,1.553,
27500.0,light-3,3103,1,2.726,
27503.3,heavy,3103,1,4.658,
27506.7,heavy,3103,0,3.513,
27510.0,heavy,3101,0,2.966,
27513.3,heavy,3102,0,1.032,
27516.7,heavy,3103,0,5.496,
27520.0,heavy,3101,1,3.876,
27523.3,heavy,3102,1,1.029,
27526.7,heavy,3103,0,5.269,
27530.0,heavy,3101,0,3.835,
27533.3,heavy,3102,0,3.705,
27536.7,heavy,3103,0,3.013,
27540.0,heavy,3101,1,1.438,
27543.3,heavy,3102,0,0.768,
27546.7,heavy,3103,1,3.998,
27550.0,heavy,3101,0,2.332,
27553.3,heavy,3102,1,1.370,
27556.7,heavy,3103,1,4.436,
27560.0,heavy,3101,0,2.859,
27563.3,heavy,3102,0,0.898,
27566.7,heavy,3103,0,1.634,
27570.0,heavy,3101,0,3.731,
27573.3,heavy,3102,1,1.364,
27576.7,heavy,3103,0,3.803,
27580.0,heavy,3101,0,2.320,
27583.3,heavy,3102,1,1.515,
27586.7,heavy,3103,0,3.967,
27590.0,heavy,3101,0,3.375,
27593.3,heavy,3102,1,1.031,
27596.7,heavy,3103,0,3.243,
27600.0,heavy,3101,0,5.466,
27600.0,light-2,3103,1,1.343,
27600.0,light-4,3102,1,2.818,
27600.0,light-1,3102,1,5.488,
27600.0,light-5,3103,1,5.445,
27600.0,light-3,3101,1,6.923,
27603.3,heavy,3101,1,5.698,
27606.7,heavy,3102,0,1.013,
27610.0,heavy,3103,1,4.790,
27613.3,heavy,3101,0,3.685,
27616.7,heavy,3102,1,1.773,
27620.0,heavy,3103,0,4.465,
27623.3,heavy,3101,0,4.054,
27626.7,heavy,3102,0,1.250,
27630.0,heavy,3103,0,4.610,
27633.3,heavy,3101,0,3.837,
27636.7,heavy,3102,1,1.480,
27640.0,heavy,3103,0,2.820,
27643.3,heavy,3101,0,2.811,
27646.7,heavy,3102,1,1.209,
27650.0,heavy,3103,0,3.411,
27653.3,heavy,3101,1,3.846,
27656.7,heavy,3102,0,1.065,
27660.0,heavy,3103,0,4.338,
27663.3,heavy,3101,0,3.530,
27666.7,heavy,3102,1,1.282,
27670.0,heavy,3103,0,4.120,
27673.3,heavy,3101,1,3.969,
27676.7,heavy,3102,0,1.051,
27680.0,heavy,3103,0,3.619,
27683.3,heavy,3101,1,4.135,
27686.7,heavy,3102,0,1.024,
27690.0,heavy,3103,0,3.445,
27693.3,heavy,3101,1,4.398,
27696.7,heavy,3102,0,0.818,
27700.0,heavy,3103,0,3.703,
27700.0,light-1,3101,1,1.473,
27700.0,light-2,3102,1,1.817,
27700.0,light-5,3102,1,1.800,
27700.0,light-4,3101,1,1.948,
27700.0,light-3,3103,1,2.542,
27703.3,heavy,3103,0,2.123,
27706.7,heavy,3101,1,4.089,
27710.0,heavy,3102,1,1.153,
27713.3,heavy,3103,0,3.105,
27716.7,heavy,3101,0,3.872,
27720.0,heavy,3102,0,0.996,
27723.3,heavy,3103,0,3.452,
27726.7,heavy,3101,0,2.847,
27730.0,heavy,3102,1,1.084,
27733.3,heavy,3103,0,2.119,
27736.7,heavy,3101,1,3.858,
27740.0,heavy,3102,1,1.467,
27743.3,heavy,3103,0,4.120,
27746.7,heavy,3101,0,3.692,
27750.0,heavy,3102,0,1.242,
27753.3,heavy,3103,0,3.819,
27756.7,heavy,3101,1,4.210,
27760.0,heavy,3102,1,1.747,
27763.3,heavy,3103,0,3.976,
27766.7,heavy,3101,0,2.024,
27770.0,heavy,3102,1,1.202,
27773.3,heavy,3103,0,3.248,
27776.7,heavy,3101,0,2.970,
27780.0,heavy,3102,0,0.893,
27783.3,heavy,3103,0,3.949,
27786.7,heavy,3101,1,4.046,
27790.0,heavy,3102,1,1.168,
27793.3,heavy,3103,0,3.863,
27796.7,heavy,3101,0,2.913,
27800.0,heavy,3102,1,1.423,
27800.0,light-3,3102,1,1.596,
27800.0,light-2,3101,1,2.400,
27800.0,light-1,3103,1,2.930,
27800.0,light-5,3101,1,2.943,
27800.0,light-4,3103,1,3.092,
27803.3,heavy,3103,0,3.949,
27806.7,heavy,3101,0,3.609,
27810.0,heavy,3102,0,1.421,
27813.3,heavy,3102,0,0.827,
27816.7,heavy,3103,0,3.695,
27820.0,heavy,3101,1,3.927,
27823.3,heavy,3102,1,1.244,
27826.7,heavy,3103,0,3.499,
27830.0,heavy,3101,0,4.093,
27833.3,heavy,3102,0,0.872,
27836.7,heavy,3103,0,3.413,
27840.0,heavy,3101,1,3.615,
27843.3,heavy,3102,0,0.681,
27846.7,heavy,3103,0,3.329,
27850.0,heavy,3101,1,1.838,
27853.3,heavy,3102,1,1.571,
27856.7,heavy,3103,0,3.542,
27860.0,heavy,3101,0,2.895,
27863.3,heavy,3102,0,1.159,
27866.7,heavy,3103,0,5.205,
27870.0,heavy,3101,1,4.190,
27873.3,heavy,3102,0,1.163,
27876.7,heavy,3103,0,3.287,
27880.0,heavy,3101,1,1.760,
27883.3,heavy,3102,1,1.284,
27886.7,heavy,3103,0,3.439,
27890.0,heavy,3101,0,2.508,
27893.3,heavy,3102,1,3.956,
27896.7,heavy,3103,0,4.286,
27900.0,heavy,3101,0,3.838,
27900.0,light-3,3102,1,3.943,
27900.0,light-2,3101,1,4.038,
27900.0,light-5,3101,1,4.081,
27900.0,light-1,3103,1,4.315,
27900.0,light-4,3103,1,4.307,
27903.3,heavy,3102,1,3.729,
27906.7,heavy,3102,0,0.765,
27910.0,heavy,3103,0,4.151,
27913.3,heavy,3101,0,3.304,
27916.7,heavy,3102,1,1.350,
27920.0,heavy,3103,0,3.298,
27923.3,heavy,3101,0,3.012,
27926.7,heavy,3102,1,1.647,
27930.0,heavy,3103,0,4.324,
27933.3,heavy,3101,0,4.024,
27936.7,heavy,3102,1,1.000,
27940.0,heavy,3103,0,3.901,
27943.3,heavy,3101,0,3.075,
27946.7,heavy,3102,1,1.205,
27950.0,heavy,3103,0,3.583,
27953.3,heavy,3101,1,4.259,
27956.7,heavy,3102,0,1.180,
27960.0,heavy,3103,0,3.919,
27963.3,heavy,3101,1,4.534,
27966.7,heavy,3102,0,1.049,
27970.0,heavy,3103,0,3.543,
27973.3,heavy,3101,1,4.287,
27976.7,heavy,3102,0,0.751,
27980.0,heavy,3103,0,4.653,
27983.3,heavy,3101,1,3.830,
27986.7,heavy,3102,0,1.211,
27990.0,heavy,3103,0,4.093,
27993.3,heavy,3101,1,3.713,
27996.7,heavy,3102,0,1.506,
28000.0,heavy,3103,0,4.850,
28000.0,light-2,3102,1,1.844,
28000.0,light-5,3102,1,1.845,
28000.0,light-1,3101,1,2.447,
28000.0,light-3,3103,1,2.533,
28000.0,light-4,3101,1,2.608,
28003.3,heavy,3101,1,5.060,
28006.7,heavy,3102,1,1.669,
28010.0,heavy,3103,0,5.103,
28013.3,heavy,3103,0,4.071,
28016.7,heavy,3101,0,22.995,
28020.0,heavy,3102,1,1.366,
28023.3,heavy,3103,0,4.410,
28026.7,heavy,3101,0,15.490,
28030.0,heavy,3102,0,1.012,
28033.3,heavy,3103,1,4.733,
28036.7,heavy,3101,0,6.738,
28040.0,heavy,3102,0,1.093,
28043.3,heavy,3103,1,4.909,
28046.7,heavy,3101,0,3.063,
28050.0,heavy,3102,0,1.580,
28053.3,heavy,3103,1,4.607,
28056.7,heavy,3101,0,3.050,
28060.0,heavy,3102,0,0.945,
28063.3,heavy,3103,0,4.216,
28066.7,heavy,3101,1,3.494,
28070.0,heavy,3102,0,0.770,
28073.3,heavy,3103,0,3.319,
28076.7,heavy,3101,1,3.648,
28080.0,heavy,3102,0,0.841,
28083.3,heavy,3103,1,4.046,
28086.7,heavy,3101,0,2.614,
28090.0,heavy,3102,0,0.841,
28093.3,heavy,3103,0,3.514,
28096.7,heavy,3101,1,4.621,
28100.0,heavy,3102,0,1.819,
28100.0,light-1,3103,1,1.827,
28100.0,light-3,3102,1,1.828,
28100.0,light-2,3101,1,1.957,
28100.0,light-4,3103,1,1.988,
28100.0,light-5,3101,1,2.120,
28103.3,heavy,3102,0,1.039,
28106.7,heavy,3103,0,3.857,
28110.0,heavy,3101,1,4.000,
28113.3,heavy,3102,1,1.087,
28116.7,heavy,3103,0,2.691,
28120.0,heavy,3101,0,3.124,
28123.3,heavy,3102,1,1.152,
28126.7,heavy,3103,0,3.356,
28130.0,heavy,3101,0,3.183,
28133.3,heavy,3102,0,0.815,
28136.7,heavy,3103,0,4.098,
28140.0,heavy,3101,1,3.388,
28143.3,heavy,3102,1,1.266,
28146.7,heavy,3103,0,3.852,
28150.0,heavy,3101,0,3.032,
28153.3,heavy,3102,0,1.315,
28156.7,heavy,3103,1,4.683,
28160.0,heavy,3101,1,3.741,
28163.3,heavy,3102,0,0.784,
28166.7,heavy,3103,0,2.514,
28170.0,heavy,3101,0,3.555,
28173.3,heavy,3102,1,1.331,
28176.7,heavy,3103,0,3.691,
28180.0,heavy,3101,0,2.667,
28183.3,heavy,3102,0,0.856,
28186.7,heavy,3103,0,4.116,
28190.0,heavy,3101,1,4.385,
28193.3,heavy,3102,1,1.191,
28196.7,heavy,3103,0,3.454,
28200.0,heavy,3101,0,3.737,
28200.0,light-1,3102,1,1.321,
28200.0,light-2,3103,1,1.560,
28200.0,light-4,3102,1,1.578,
28200.0,light-5,3103,1,1.611,
28200.0,light-3,3101,1,2.916,
28203.3,heavy,3101,1,3.254,
28206.7,heavy,3102,0,0.979,
28210.0,heavy,3103,0,4.241,
28213.3,heavy,3101,1,3.610,
28216.7,heavy,3102,1,1.258,
28220.0,heavy,3103,0,3.925,
28223.3,heavy,3101,0,3.960,
28226.7,heavy,3102,0,0.819,
28230.0,heavy,3103,0,3.395,
28233.3,heavy,3101,0,2.776,
28236.7,heavy,3102,1,1.173,
28240.0,heavy,3103,0,2.851,
28243.3,heavy,3101,0,2.589,
28246.7,heavy,3102,1,1.579,
28250.0,heavy,3103,0,3.827,
28253.3,heavy,3101,0,3.499,
28256.7,heavy,3102,1,1.075,
28260.0,heavy,3103,0,4.261,
28263.3,heavy,3101,0,3.542,
28266.7,heavy,3102,1,1.258,
28270.0,heavy,3103,0,4.038,
28273.3,heavy,3101,1,2.763,
28276.7,heavy,3102,0,0.828,
28280.0,heavy,3103,0,3.682,
28283.3,heavy,3101,0,2.895,
28286.7,heavy,3102,1,1.295,
28290.0,heavy,3103,0,3.506,
28293.3,heavy,3101,1,3.095,
28296.7,heavy,3102,0,0.791,
28300.0,heavy,3103,1,7.284,
28300.0,light-1,3101,1,1.501,
28300.0,light-3,3103,1,3.153,
28300.0,light-4,3101,1,6.101,
28300.0,light-2,3102,1,6.789,
28300.0,light-5,3102,1,7.122,
28303.3,heavy,3103,0,6.442,
28306.7,heavy,3101,0,2.640,
28310.0,heavy,3102,0,0.804,
28313.3,heavy,3103,0,4.193,
28316.7,heavy,3101,1,4.356,
28320.0,heavy,3102,0,0.699,
28323.3,heavy,3103,1,4.942,
28326.7,heavy,3101,0,2.748,
28330.0,heavy,3102,1,1.096,
28333.3,heavy,3103,0,3.958,
28336.7,heavy,3101,0,2.734,
28340.0,heavy,3102,0,1.101,
28343.3,heavy,3103,0,3.409,
28346.7,heavy,3101,1,3.613,
28350.0,heavy,3102,0,1.157,
28353.3,heavy,3103,0,3.666,
28356.7,heavy,3101,1,3.872,
28360.0,heavy,3102,1,1.208,
28363.3,heavy,3103,0,3.863,
28366.7,heavy,3101,0,3.015,
28370.0,heavy,3102,0,0.912,
28373.3,heavy,3103,1,5.438,
28376.7,heavy,3101,0,3.206,
28380.0,heavy,3102,0,1.147,
28383.3,heavy,3103,1,3.963,
28386.7,heavy,3101,0,2.868,
28390.0,heavy,3102,0,1.153,
28393.3,heavy,3103,0,4.372,
28396.7,heavy,3101,1,4.871,
28400.0,heavy,3102,1,1.333,
28400.0,light-2,3102,1,1.689,
28400.0,light-5,3102,1,1.726,
28400.0,light-1,3101,1,2.442,
28400.0,light-3,3103,1,2.566,
28400.0,light-4,3101,1,2.647,
28403.3,heavy,3103,0,4.473,
28406.7,heavy,3103,0,3.291,
28410.0,heavy,3101,0,1.621,
28413.3,heavy,3102,1,1.244,
28416.7,heavy,3103,0,3.264,
28420.0,heavy,3101,0,2.635,
28423.3,heavy,3102,1,0.849,
28426.7,heavy,3103,0,3.623,
28430.0,heavy,3101,0,3.012,
28433.3,heavy,3102,1,1.341,
28436.7,heavy,3103,0,3.471,
28440.0,heavy,3101,0,2.826,
28443.3,heavy,3102,0,0.890,
28446.7,heavy,3103,0,4.011,
28450.0,heavy,3101,1,4.193,
28453.3,heavy,3102,0,0.629,
28456.7,heavy,3103,0,3.689,
28460.0,heavy,3101,1,1.852,
28463.3,heavy,3102,1,1.254,
28466.7,heavy,3103,0,3.861,
28470.0,heavy,3101,0,2.932,
28473.3,heavy,3102,0,0.992,
28476.7,heavy,3103,1,5.718,
28480.0,heavy,3101,1,3.636,
28483.3,heavy,3102,0,1.100,
28486.7,heavy,3103,0,6.419,
28490.0,heavy,3101,0,2.778,
28493.3,heavy,3102,1,0.963,
28496.7,heavy,3103,1,5.227,
28500.0,heavy,3101,0,3.180,
28500.0,light-1,3102,1,1.579,
28500.0,light-4,3102,1,1.688,
28500.0,light-3,3101,1,2.242,
28500.0,light-2,3103,1,2.572,
28500.0,light-5,3103,1,2.875,
28503.3,heavy,3102,1,1.120,
28506.7,heavy,3103,0,5.411,
28510.0,heavy,3101,0,3.154,
28513.3,heavy,3101,0,2.110,
28516.7,heavy,3102,0,1.051,
28520.0,heavy,3103,0,10.393,
28523.3,heavy,3101,0,3.480,
28526.7,heavy,3102,1,1.423,
28530.0,heavy,3103,0,9.387,
28533.3,heavy,3101,0,3.173,
28536.7,heavy,3102,1,1.134,
28540.0,heavy,3103,0,3.022,
28543.3,heavy,3101,0,2.628,
28546.7,heavy,3102,1,1.435,
28550.0,heavy,3103,0,3.449,
28553.3,heavy,3101,0,3.095,
28556.7,heavy,3102,1,1.721,
28560.0,heavy,3103,0,2.304,
28563.3,heavy,3101,1,3.789,
28566.7,heavy,3102,1,1.240,
28570.0,heavy,3103,0,3.685,
28573.3,heavy,3101,0,4.080,
28576.7,heavy,3102,0,0.781,
28580.0,heavy,3103,0,3.608,
28583.3,heavy,3101,0,2.904,
28586.7,heavy,3102,1,1.154,
28590.0,heavy,3103,0,3.412,
28593.3,heavy,3101,0,2.539,
28596.7,heavy,3102,1,1.196,
28600.0,heavy,3103,0,5.493,
28600.0,light-2,3103,1,2.600,
28600.0,light-4,3102,1,3.024,
28600.0,light-1,3102,1,4.616,
28600.0,light-3,3101,1,6.457,
28600.0,light-5,3103,1,6.611,
28603.3,heavy,3101,1,5.116,
28606.7,heavy,3101,0,4.455,
28610.0,heavy,3102,0,0.916,
28613.3,heavy,3103,0,3.578,
28616.7,heavy,3101,0,2.961,
28620.0,heavy,3102,1,1.147,
28623.3,heavy,3103,0,3.209,
28626.7,heavy,3101,1,3.510,
28630.0,heavy,3102,0,0.879,
28633.3,heavy,3103,1,4.721,
28636.7,heavy,3101,0,2.849,
28640.0,heavy,3102,0,0.959,
28643.3,heavy,3103,0,3.176,
28646.7,heavy,3101,0,3.006,
28650.0,heavy,3102,1,1.047,
28653.3,heavy,3103,1,3.708,
28656.7,heavy,3101,0,2.798,
28660.0,heavy,3102,0,1.093,
28663.3,heavy,3103,0,3.961,
28666.7,heavy,3101,1,4.246,
28670.0,heavy,3102,0,0.793,
28673.3,heavy,3103,0,3.473,
28676.7,heavy,3101,0,3.022,
28680.0,heavy,3102,1,1.174,
28683.3,heavy,3103,0,2.091,
28686.7,heavy,3101,1,4.962,
28690.0,heavy,3102,1,1.139,
28693.3,heavy,3103,0,3.424,
28696.7,heavy,3101,0,4.888,
28700.0,heavy,3102,0,1.608,
28700.0,light-5,3101,1,3.161,
28700.0,light-2,3101,1,5.420,
28700.0,light-3,3102,1,5.822,
28700.0,light-1,3103,1,6.063,
28700.0,light-4,3103,1,6.586,
28703.3,heavy,3102,0,0.935,
28706.7,heavy,3103,1,5.253,
28710.0,heavy,3101,0,2.880,
28713.3,heavy,3102,1,1.076,
28716.7,heavy,3103,0,3.739,
28720.0,heavy,3101,0,2.963,
28723.3,heavy,3102,0,0.859,
28726.7,heavy,3103,0,3.082,
28730.0,heavy,3101,1,3.302,
28733.3,heavy,3102,1,1.796,
28736.7,heavy,3103,0,3.749,
28740.0,heavy,3101,0,1.439,
28743.3,heavy,3102,1,1.110,
28746.7,heavy,3103,0,5.777,
28750.0,heavy,3101,0,2.814,
28753.3,heavy,3102,1,0.677,
28756.7,heavy,3103,0,2.865,
28760.0,heavy,3101,0,2.703,
28763.3,heavy,3102,0,0.830,
28766.7,heavy,3103,0,3.549,
28770.0,heavy,3101,1,3.774,
28773.3,heavy,3102,1,1.115,
28776.7,heavy,3103,0,2.931,
28780.0,heavy,3101,0,2.727,
28783.3,heavy,3102,1,1.011,
28786.7,heavy,3103,0,2.796,
28790.0,heavy,3101,0,3.116,
28793.3,heavy,3102,1,0.955,
28796.7,heavy,3103,0,5.023,
28800.0,heavy,3101,0,3.590,
28800.0,light-3,3102,1,1.505,
28800.0,light-2,3101,1,2.431,
28800.0,light-5,3101,1,2.819,
28800.0,light-1,3103,1,3.100,
28800.0,light-4,3103,1,3.121,
28803.3,heavy,3102,1,1.311,
28806.7,heavy,3102,0,0.855,
28810.0,heavy,3103,0,3.506,
28813.3,heavy,3101,0,2.996,
28816.7,heavy,3102,1,1.271,
28820.0,heavy,3103,0,2.912,
28823.3,heavy,3101,0,2.749,
28826.7,heavy,3102,1,1.270,
28830.0,heavy,3103,0,3.536,
28833.3,heavy,3101,1,3.280,
28836.7,heavy,3102,0,1.120,
28840.0,heavy,3103,0,4.290,
28843.3,heavy,3101,0,3.537,
28846.7,heavy,3102,1,1.293,
28850.0,heavy,3103,0,4.063,
28853.3,heavy,3101,1,3.979,
28856.7,heavy,3102,0,0.838,
28860.0,heavy,3103,0,3.652,
28863.3,heavy,3101,1,3.913,
28866.7,heavy,3102,0,0.839,
28870.0,heavy,3103,0,3.971,
28873.3,heavy,3101,0,3.141,
28876.7,heavy,3102,1,1.068,
28880.0,heavy,3103,0,3.856,
28883.3,heavy,3101,1,3.072,
28886.7,heavy,3102,0,1.034,
28890.0,heavy,3103,0,3.846,
28893.3,heavy,3101,0,3.215,
28896.7,heavy,3102,1,1.120,
28900.0,heavy,3103,0,4.418,
28900.0,light-1,3102,1,2.870,
28900.0,light-4,3102,1,2.961,
28900.0,light-3,3101,1,3.149,
28900.0,light-2,3103,1,3.342,
28900.0,light-5,3103,1,3.342,
28903.3,heavy,3101,1,3.879,
28906.7,heavy,3102,1,2.205,
28910.0,heavy,3103,0,4.132,
28913.3,heavy,3101,0,3.856,
28916.7,heavy,3101,0,3.207,
28920.0,heavy,3102,0,0.847,
28923.3,heavy,3103,0,4.134,
28926.7,heavy,3101,0,3.434,
28930.0,heavy,3102,1,1.517,
28933.3,heavy,3103,1,4.685,
28936.7,heavy,3101,0,3.035,
28940.0,heavy,3102,0,1.193,
28943.3,heavy,3103,1,4.774,
28946.7,heavy,3101,0,3.210,
28950.0,heavy,3102,0,1.035,
28953.3,heavy,3103,1,4.367,
28956.7,heavy,3101,0,3.593,
28960.0,heavy,3102,0,0.865,
28963.3,heavy,3103,1,4.594,
28966.7,heavy,3101,0,2.847,
28970.0,heavy,3102,1,1.611,
28973.3,heavy,3103,0,3.041,
28976.7,heavy,3101,0,3.584,
28980.0,heavy,3102,0,1.059,
28983.3,heavy,3103,0,5.871,
28986.7,heavy,3101,1,4.108,
28990.0,heavy,3102,0,0.973,
28993.3,heavy,3103,1,5.515,
28996.7,heavy,3101,0,3.486,
29000.0,heavy,3102,0,1.392,
29000.0,light-1,3103,1,1.380,
29000.0,light-3,3102,1,1.764,
29000.0,light-4,3103,1,1.900,
29000.0,light-2,3101,1,2.118,
29000.0,light-5,3101,1,2.307,
29003.3,heavy,3102,0,1.509,
29006.7,heavy,3103,0,4.217,
29010.0,heavy,3101,1,4.650,
29013.3,heavy,3102,1,1.691,
29016.7,heavy,3103,0,4.411,
29020.0,heavy,3101,0,2.956,
29023.3,heavy,3102,0,1.639,
29026.7,heavy,3103,0,4.218,
29030.0,heavy,3101,1,4.318,
29033.3,heavy,3102,1,1.267,
29036.7,heavy,3103,0,2.781,
29040.0,heavy,3101,0,4.020,
29043.3,heavy,3102,1,2.107,
29046.7,heavy,3103,0,4.485,
29050.0,heavy,3101,0,4.261,
29053.3,heavy,3102,1,0.868,
29056.7,heavy,3103,0,3.914,
29060.0,heavy,3101,0,3.430,
29063.3,heavy,3102,1,1.395,
29066.7,heavy,3103,0,2.239,
29070.0,heavy,3101,0,3.433,
29073.3,heavy,3102,1,1.415,
29076.7,heavy,3103,0,3.556,
29080.0,heavy,3101,0,3.385,
29083.3,heavy,3102,1,2.021,
29086.7,heavy,3103,0,2.258,
29090.0,heavy,3101,0,3.811,
29093.3,heavy,3102,1,1.329,
29096.7,heavy,3103,0,4.204,
29100.0,heavy,3101,0,3.489,
29100.0,light-1,3102,1,1.451,
29100.0,light-4,3102,1,1.618,
29100.0,light-3,3101,1,2.570,
29100.0,light-2,3103,1,2.880,
29100.0,light-5,3103,1,3.045,
29103.3,heavy,3101,1,4.443,
29106.7,heavy,3102,0,0.857,
29110.0,heavy,3103,0,3.892,
29113.3,heavy,3101,0,3.104,
29116.7,heavy,3102,1,1.220,
29120.0,heavy,3103,0,3.143,
29123.3,heavy,3101,0,2.666,
29126.7,heavy,3102,1,1.323,
29130.0,heavy,3103,0,3.416,
29133.3,heavy,3101,1,3.071,
29136.7,heavy,3102,1,1.316,
29140.0,heavy,3103,0,3.021,
29143.3,heavy,3101,0,4.189,
29146.7,heavy,3102,0,1.173,
29150.0,heavy,3103,0,3.154,
29153.3,heavy,3101,1,3.557,
29156.7,heavy,3102,0,0.809,
29160.0,heavy,3103,0,3.912,
29163.3,heavy,3101,1,4.095,
29166.7,heavy,3102,0,0.771,
29170.0,heavy,3103,0,3.724,
29173.3,heavy,3101,0,3.055,
29176.7,heavy,3102,1,1.198,
29180.0,heavy,3103,0,3.232,
29183.3,heavy,3101,1,3.639,
29186.7,heavy,3102,0,0.839,
29190.0,heavy,3103,0,4.034,
29193.3,heavy,3101,1,4.357,
29196.7,heavy,3102,0,1.037,
29200.0,heavy,3103,0,4.178,
29200.0,light-3,3102,1,1.674,
29200.0,light-2,3101,1,2.436,
29200.0,light-1,3103,1,2.618,
29200.0,light-5,3101,1,2.589,
29200.0,light-4,3103,1,2.730,
29203.3,heavy,3101,0,3.587,
29206.7,heavy,3102,1,1.470,
29210.0,heavy,3102,0,1.169,
29213.3,heavy,3103,1,4.066,
29216.7,heavy,3101,0,2.649,
29220.0,heavy,3102,1,1.249,
29223.3,heavy,3103,0,2.997,
29226.7,heavy,3101,0,3.377,
29230.0,heavy,3102,0,0.950,
29233.3,heavy,3103,0,4.401,
29236.7,heavy,3101,1,4.860,
29240.0,heavy,3102,0,0.871,
29243.3,heavy,3103,1,3.306,
29246.7,heavy,3101,0,3.382,
29250.0,heavy,3102,0,1.156,
29253.3,heavy,3103,1,4.945,
29256.7,heavy,3101,0,3.252,
29260.0,heavy,3102,0,1.113,
29263.3,heavy,3103,1,4.183,
29266.7,heavy,3101,0,3.190,
29270.0,heavy,3102,0,1.219,
29273.3,heavy,3103,0,4.249,
29276.7,heavy,3101,1,4.674,
29280.0,heavy,3102,1,1.386,
29283.3,heavy,3103,0,4.406,
29286.7,heavy,3101,0,1.758,
29290.0,heavy,3102,0,1.254,
29293.3,heavy,3103,0,5.159,
29296.7,heavy,3101,0,4.016,
29300.0,heavy,3102,1,1.637,
29300.0,light-3,3102,1,1.820,
29300.0,light-2,3101,1,2.726,
29300.0,light-1,3103,1,3.298,
29300.0,light-5,3101,1,3.341,
29300.0,light-4,3103,1,3.497,
29303.3,heavy,3102,0,0.939,
29306.7,heavy,3103,0,5.085,
29310.0,heavy,3101,1,5.454,
29313.3,heavy,3102,1,1.467,
29316.7,heavy,3103,0,3.990,
29320.0,heavy,3101,0,2.607,
29323.3,heavy,3102,0,1.284,
29326.7,heavy,3103,0,4.341,
29330.0,heavy,3101,1,4.636,
29333.3,heavy,3102,0,1.065,
29336.7,heavy,3103,0,5.438,
29340.0,heavy,3101,1,2.396,
29343.3,heavy,3102,1,2.003,
29346.7,heavy,3103,0,5.734,
29350.0,heavy,3101,0,3.527,
29353.3,heavy,3102,0,1.330,
29356.7,heavy,3103,0,3.926,
29360.0,heavy,3101,1,4.060,
29363.3,heavy,3102,1,1.506,
29366.7,heavy,3103,0,2.412,
29370.0,heavy,3101,0,3.583,
29373.3,heavy,3102,1,1.325,
29376.7,heavy,3103,0,3.656,
29380.0,heavy,3101,0,2.187,
29383.3,heavy,3102,1,1.884,
29386.7,heavy,3103,0,5.242,
29390.0,heavy,3101,0,4.452,
29393.3,heavy,3102,1,1.751,
29396.7,heavy,3103,0,4.633,
29400.0,heavy,3101,1,3.963,
29400.0,light-1,3103,1,1.844,
29400.0,light-3,3102,1,1.918,
29400.0,light-4,3103,1,1.994,
29400.0,light-2,3101,1,2.618,
29400.0,light-5,3101,1,2.652,
29403.3,heavy,3102,0,1.709,
29406.7,heavy,3102,0,0.778,
29410.0,heavy,3103,0,3.508,
29413.3,heavy,3101,1,3.825,
29416.7,heavy,3102,1,1.275,
29420.0,heavy,3103,0,3.577,
29423.3,heavy,3101,0,3.728,
29426.7,heavy,3102,0,0.845,
29430.0,heavy,3103,0,3.832,
29433.3,heavy,3101,0,3.935,
29436.7,heavy,3102,1,1.247,
29440.0,heavy,3103,0,2.464,
29443.3,heavy,3101,1,3.524,
29446.7,heavy,3102,0,0.802,
29450.0,heavy,3103,0,3.627,
29453.3,heavy,3101,1,3.980,
29456.7,heavy,3102,0,0.982,
29460.0,heavy,3103,0,4.130,
29463.3,heavy,3101,0,3.384,
29466.7,heavy,3102,1,1.173,
29470.0,heavy,3103,0,3.880,
29473.3,heavy,3101,1,2.966,
29476.7,heavy,3102,0,0.938,
29480.0,heavy,3103,0,3.974,
29483.3,heavy,3101,0,3.191,
29486.7,heavy,3102,1,1.351,
29490.0,heavy,3103,0,3.394,
29493.3,heavy,3101,1,4.909,
29496.7,heavy,3102,0,0.893,
29500.0,heavy,3103,1,6.428,
29500.0,light-1,3101,1,1.560,
29500.0,light-3,3103,1,3.040,
29500.0,light-2,3102,1,5.409,
29500.0,light-4,3101,1,5.916,
29500.0,light-5,3102,1,6.268,
29503.3,heavy,3103,0,4.716,
29506.7,heavy,3101,0,2.692,
29510.0,heavy,3102,0,1.035,
29513.3,heavy,3103,0,4.328,
29516.7,heavy,3101,1,4.502,
29520.0,heavy,3102,0,0.790,
29523.3,heavy,3103,0,3.799,
29526.7,heavy,3101,0,3.368,
29530.0,heavy,3102,1,1.231,
29533.3,heavy,3103,0,2.368,
29536.7,heavy,3101,1,3.715,
29540.0,heavy,3102,1,1.273,
29543.3,heavy,3103,0,4.007,
29546.7,heavy,3101,0,3.845,
29550.0,heavy,3102,0,0.899,
29553.3,heavy,3103,0,3.835,
29556.7,heavy,3101,1,4.024,
29560.0,heavy,3102,1,2.036,
29563.3,heavy,3103,0,4.080,
29566.7,heavy,3101,0,1.298,
29570.0,heavy,3102,1,1.669,
29573.3,heavy,3103,0,3.810,
29576.7,heavy,3101,0,3.252,
29580.0,heavy,3102,0,0.927,
29583.3,heavy,3103,0,3.669,
29586.7,heavy,3101,1,2.948,
29590.0,heavy,3102,1,0.989,
29593.3,heavy,3103,0,3.493,
29596.7,heavy,3101,0,3.347,
29600.0,heavy,3102,0,1.084,
29600.0,light-1,3103,1,1.150,
29600.0,light-2,3101,1,1.222,
29600.0,light-3,3102,1,1.288,
29600.0,light-5,3101,1,1.502,
29600.0,light-4,3103,1,1.659,
29603.3,heavy,3102,1,1.216,
29606.7,heavy,3103,0,2.986,
29610.0,heavy,3101,0,2.674,
29613.3,heavy,3102,1,0.776,
29616.7,heavy,3103,0,3.901,
29620.0,heavy,3101,0,3.255,
29623.3,heavy,3102,1,1.244,
29626.7,heavy,3103,0,3.259,
29630.0,heavy,3101,0,2.763,
29633.3,heavy,3102,0,0.729,
29636.7,heavy,3103,0,3.639,
29640.0,heavy,3101,1,3.910,
29643.3,heavy,3102,0,0.986,
29646.7,heavy,3103,0,4.117,
29650.0,heavy,3101,1,4.442,
29653.3,heavy,3102,1,1.258,
29656.7,heavy,3103,0,2.957,
29660.0,heavy,3101,0,1.263,
29663.3,heavy,3102,1,1.405,
29666.7,heavy,3103,0,3.528,
29670.0,heavy,3101,0,3.018,
29673.3,heavy,3102,1,0.882,
29676.7,heavy,3103,0,3.905,
29680.0,heavy,3101,0,3.103,
29683.3,heavy,3102,1,1.229,
29686.7,heavy,3103,0,3.575,
29690.0,heavy,3101,0,2.870,
29693.3,heavy,3102,0,1.004,
29696.7,heavy,3103,0,5.993,
29700.0,heavy,3101,1,6.388,
29700.0,light-2,3103,1,2.909,
29700.0,light-4,3102,1,3.042,
29700.0,light-1,3102,1,5.919,
29700.0,light-5,3103,1,7.474,
29700.0,light-3,3101,1,8.069,
29703.3,heavy,3101,1,5.840,
29706.7,heavy,3102,0,0.746,
29710.0,heavy,3103,0,3.743,
29713.3,heavy,3101,1,3.596,
29716.7,heavy,3102,0,0.824,
29720.0,heavy,3103,0,4.055,
29723.3,heavy,3101,1,4.219,
29726.7,heavy,3102,1,1.362,
29730.0,heavy,3103,0,4.251,
29733.3,heavy,3101,0,4.323,
29736.7,heavy,3102,0,0.692,
29740.0,heavy,3103,0,4.011,
29743.3,heavy,3101,0,3.274,
29746.7,heavy,3102,1,1.194,
29750.0,heavy,3103,0,3.314,
29753.3,heavy,3101,0,2.924,
29756.7,heavy,3102,1,1.409,
29760.0,heavy,3103,0,4.186,
29763.3,heavy,3101,1,4.336,
29766.7,heavy,3102,0,0.943,
29770.0,heavy,3103,0,3.698,
29773.3,heavy,3101,1,3.353,
29776.7,heavy,3102,0,0.958,
29780.0,heavy,3103,0,2.976,
29783.3,heavy,3101,1,3.746,
29786.7,heavy,3102,1,1.327,
29790.0,heavy,3103,0,3.701,
29793.3,heavy,3101,0,3.802,
29796.7,heavy,3102,0,1.004,
29800.0,heavy,3103,0,3.841,
29800.0,light-2,3102,1,1.502,
29800.0,light-5,3102,1,1.678,
29800.0,light-1,3101,1,2.022,
29800.0,light-4,3101,1,2.252,
29800.0,light-3,3103,1,2.469,
29803.3,heavy,3101,0,3.217,
29806.7,heavy,3102,1,1.445,
29810.0,heavy,3103,0,3.583,
29813.3,heavy,3103,1,9.931,
29816.7,heavy,3101,1,3.768,
29820.0,heavy,3102,0,1.042,
29823.3,heavy,3103,0,4.250,
29826.7,heavy,3101,0,3.413,
29830.0,heavy,3102,0,0.882,
29833.3,heavy,3103,0,3.554,
29836.7,heavy,3101,0,2.831,
29840.0,heavy,3102,1,1.892,
29843.3,heavy,3103,1,4.072,
29846.7,heavy,3101,0,2.983,
29850.0,heavy,3102,0,1.108,
29853.3,heavy,3103,0,3.536,
29856.7,heavy,3101,1,3.718,
29860.0,heavy,3102,0,0.725,
29863.3,heavy,3103,0,3.943,
29866.7,heavy,3101,0,3.201,
29870.0,heavy,3102,1,1.171,
29873.3,heavy,3103,0,2.517,
29876.7,heavy,3101,1,4.396,
29880.0,heavy,3102,1,1.250,
29883.3,heavy,3103,0,3.817,
29886.7,heavy,3101,0,4.485,
29890.0,heavy,3102,0,0.970,
29893.3,heavy,3103,0,7.718,
29896.7,heavy,3101,0,4.795,
29900.0,heavy,3102,1,1.419,
29900.0,light-5,3101,1,3.622,
29900.0,light-3,3102,1,6.575,
29900.0,light-2,3101,1,6.819,
29900.0,light-1,3103,1,7.407,
29900.0,light-4,3103,1,10.536,
29903.3,heavy,3102,1,2.360,
29906.7,heavy,3103,0,7.640,
29910.0,heavy,3101,0,3.188,
29913.3,heavy,3102,0,0.960,
29916.7,heavy,3103,1,4.750,
29920.0,heavy,3101,1,3.198,
29923.3,heavy,3102,0,0.817,
29926.7,heavy,3103,0,3.751,
29930.0,heavy,3101,0,3.086,
29933.3,heavy,3102,0,1.036,
29936.7,heavy,3103,0,4.681,
29940.0,heavy,3101,1,3.482,
29943.3,heavy,3102,1,2.245,
29946.7,heavy,3103,0,4.606,
29950.0,heavy,3101,0,3.443,
29953.3,heavy,3102,0,1.060,
29956.7,heavy,3103,1,4.480,
29960.0,heavy,3101,0,3.703,
29963.3,heavy,3102,1,1.688,
29966.7,heavy,3103,0,2.503,
29970.0,heavy,3101,0,3.140,
29973.3,heavy,3102,1,1.284,
29976.7,heavy,3103,0,3.433,
29980.0,heavy,3101,0,3.272,
29983.3,heavy,3102,0,0.822,
29986.7,heavy,3103,0,5.048,
29990.0,heavy,3101,1,4.260,
29993.3,heavy,3102,1,1.392,
29996.7,heavy,3103,0,4.876,
30000.0,heavy,3101,0,5.524,
