tMs,key,port,allowed,latencyMs,error
0.0,light-2,3103,1,1.695,
0.0,light-4,3102,1,2.859,
0.0,light-1,3102,1,7.795,
0.0,light-5,3103,1,8.269,
0.0,heavy,3101,1,8.956,
0.0,light-3,3101,1,10.270,
3.3,heavy,3101,1,6.110,
6.7,heavy,3102,1,1.183,
10.0,heavy,3103,1,4.145,
13.3,heavy,3101,1,1.405,
16.7,heavy,3102,1,1.638,
20.0,heavy,3103,1,1.660,
23.3,heavy,3101,1,1.775,
26.7,heavy,3102,1,1.910,
30.0,heavy,3103,1,1.507,
33.3,heavy,3101,1,1.619,
36.7,heavy,3102,1,1.551,
40.0,heavy,3103,1,1.606,
43.3,heavy,3101,1,1.728,
46.7,heavy,3102,1,1.313,
50.0,heavy,3103,1,1.745,
53.3,heavy,3101,1,1.674,
56.7,heavy,3102,1,1.711,
60.0,heavy,3103,1,1.822,
63.3,heavy,3101,1,2.785,
66.7,heavy,3102,1,1.663,
70.0,heavy,3103,1,2.261,
73.3,heavy,3101,1,2.943,
76.7,heavy,3102,1,1.070,
80.0,heavy,3103,1,3.053,
83.3,heavy,3101,1,1.900,
86.7,heavy,3102,1,2.068,
90.0,heavy,3103,1,3.595,
93.3,heavy,3101,1,1.866,
96.7,heavy,3102,1,2.287,
100.0,heavy,3103,1,2.216,
100.0,light-1,3102,1,2.581,
100.0,light-3,3101,1,2.604,
100.0,light-2,3103,1,2.839,
100.0,light-4,3102,1,2.918,
100.0,light-5,3103,1,2.986,
103.3,heavy,3101,1,2.342,
106.7,heavy,3101,1,1.799,
110.0,heavy,3102,1,1.062,
113.3,heavy,3103,1,3.317,
116.7,heavy,3101,1,2.736,
120.0,heavy,3102,1,1.643,
123.3,heavy,3103,1,2.909,
126.7,heavy,3101,1,1.672,
130.0,heavy,3102,1,1.609,
133.3,heavy,3103,1,1.653,
136.7,heavy,3101,1,1.733,
140.0,heavy,3102,1,2.370,
143.3,heavy,3103,1,1.493,
146.7,heavy,3101,1,2.201,
150.0,heavy,3102,1,2.406,
153.3,heavy,3103,1,1.184,
156.7,heavy,3101,1,2.864,
160.0,heavy,3102,1,3.128,
163.3,heavy,3103,1,1.465,
166.7,heavy,3101,1,3.223,
170.0,heavy,3102,1,3.615,
173.3,heavy,3103,1,1.622,
176.7,heavy,3101,1,1.513,
180.0,heavy,3102,1,1.988,
183.3,heavy,3103,1,2.840,
186.7,heavy,3101,1,1.351,
190.0,heavy,3102,1,1.618,
193.3,heavy,3103,1,2.829,
196.7,heavy,3101,1,3.015,
200.0,light-5,3101,1,3.870,
200.0,light-2,3101,1,6.389,
200.0,light-3,3102,1,6.628,
200.0,light-1,3103,1,7.431,
200.0,light-4,3103,1,7.993,
200.0,heavy,3102,1,1.793,
203.3,heavy,3102,1,1.588,
206.7,heavy,3103,1,2.279,
210.0,heavy,3101,1,1.463,
213.3,heavy,3102,1,1.513,
216.7,heavy,3103,1,1.709,
220.0,heavy,3101,1,1.641,
223.3,heavy,3102,1,1.726,
226.7,heavy,3103,1,1.927,
230.0,heavy,3101,1,1.139,
233.3,heavy,3102,1,1.890,
236.7,heavy,3103,1,2.006,
240.0,heavy,3101,1,1.744,
243.3,heavy,3102,1,2.105,
246.7,heavy,3103,1,1.734,
250.0,heavy,3101,1,2.513,
253.3,heavy,3102,1,2.240,
256.7,heavy,3103,1,2.540,
260.0,heavy,3101,1,2.513,
263.3,heavy,3102,1,1.519,
266.7,heavy,3103,1,1.686,
270.0,heavy,3101,1,1.697,
273.3,heavy,3102,1,1.776,
276.7,heavy,3103,1,2.175,
280.0,heavy,3101,1,1.626,
283.3,heavy,3102,1,2.148,
286.7,heavy,3103,1,3.160,
290.0,heavy,3101,1,2.255,
293.3,heavy,3102,1,2.484,
296.7,heavy,3103,1,2.434,
300.0,light-1,3103,1,2.829,
300.0,light-3,3102,1,2.956,
300.0,light-4,3103,1,3.062,
300.0,light-2,3101,1,3.283,
300.0,light-5,3101,1,3.354,
300.0,heavy,3101,1,2.568,
303.3,heavy,3102,1,2.697,
306.7,heavy,3102,1,2.188,
310.0,heavy,3103,1,2.636,
313.3,heavy,3101,1,1.855,
316.7,heavy,3102,1,2.593,
320.0,heavy,3103,1,3.261,
323.3,heavy,3101,1,1.541,
326.7,heavy,3102,1,1.495,
330.0,heavy,3103,1,1.609,
333.3,heavy,3101,1,1.740,
336.7,heavy,3102,1,1.817,
340.0,heavy,3103,1,1.306,
343.3,heavy,3101,1,2.113,
346.7,heavy,3102,1,1.601,
350.0,heavy,3103,1,1.917,
353.3,heavy,3101,1,1.987,
356.7,heavy,3102,1,1.771,
360.0,heavy,3103,1,1.965,
363.3,heavy,3101,1,2.387,
366.7,heavy,3102,1,2.061,
370.0,heavy,3103,1,1.122,
373.3,heavy,3101,1,1.789,
376.7,heavy,3102,1,1.908,
380.0,heavy,3103,1,2.057,
383.3,heavy,3101,1,2.203,
386.7,heavy,3102,1,2.430,
390.0,heavy,3103,1,3.032,
393.3,heavy,3101,1,2.239,
396.7,heavy,3102,1,2.480,
400.0,heavy,3103,1,2.620,
400.0,light-1,3101,1,1.769,
400.0,light-3,3103,1,3.031,
400.0,light-2,3102,1,6.191,
400.0,light-4,3101,1,7.018,
400.0,light-5,3102,1,7.311,
403.3,heavy,3103,1,1.678,
406.7,heavy,3101,1,1.345,
410.0,heavy,3102,1,1.533,
413.3,heavy,3103,1,1.660,
416.7,heavy,3101,1,1.819,
420.0,heavy,3102,1,2.340,
423.3,heavy,3103,1,2.047,
426.7,heavy,3101,1,2.307,
430.0,heavy,3102,0,1.128,
433.3,heavy,3103,1,2.001,
436.7,heavy,3101,1,2.337,
440.0,heavy,3102,1,2.400,
443.3,heavy,3103,1,2.487,
446.7,heavy,3101,1,1.067,
450.0,heavy,3102,1,1.376,
453.3,heavy,3103,1,1.457,
456.7,heavy,3101,1,1.525,
460.0,heavy,3102,1,1.632,
463.3,heavy,3103,1,1.824,
466.7,heavy,3101,1,2.670,
470.0,heavy,3102,1,2.296,
473.3,heavy,3103,1,3.217,
476.7,heavy,3101,1,1.979,
480.0,heavy,3102,1,1.535,
483.3,heavy,3103,1,2.631,
486.7,heavy,3101,1,2.358,
490.0,heavy,3102,0,1.822,
493.3,heavy,3103,1,2.684,
496.7,heavy,3101,1,2.671,
500.0,heavy,3102,1,1.699,
500.0,light-1,3102,1,1.969,
500.0,light-4,3102,1,2.489,
500.0,light-3,3101,1,3.325,
500.0,light-2,3103,1,3.563,
500.0,light-5,3103,1,3.676,
503.3,heavy,3103,1,3.309,
506.7,heavy,3101,0,5.041,
510.0,heavy,3101,0,2.509,
513.3,heavy,3102,1,1.702,
516.7,heavy,3103,0,4.794,
520.0,heavy,3101,0,4.098,
523.3,heavy,3102,1,1.146,
526.7,heavy,3103,0,4.413,
530.0,heavy,3101,1,5.296,
533.3,heavy,3102,0,1.216,
536.7,heavy,3103,0,4.268,
540.0,heavy,3101,0,3.564,
543.3,heavy,3102,1,1.503,
546.7,heavy,3103,1,6.297,
550.0,heavy,3101,0,5.225,
553.3,heavy,3102,0,1.584,
556.7,heavy,3103,0,2.440,
560.0,heavy,3101,0,4.429,
563.3,heavy,3102,1,1.492,
566.7,heavy,3103,0,4.227,
570.0,heavy,3101,1,5.029,
573.3,heavy,3102,0,1.261,
576.7,heavy,3103,0,4.072,
580.0,heavy,3101,1,4.304,
583.3,heavy,3102,0,1.149,
586.7,heavy,3103,1,6.993,
590.0,heavy,3101,0,7.830,
593.3,heavy,3102,1,1.862,
596.7,heavy,3103,0,7.487,
600.0,heavy,3101,0,7.795,
600.0,light-1,3102,1,2.407,
600.0,light-4,3102,1,2.573,
600.0,light-2,3103,1,3.329,
600.0,light-3,3101,1,3.985,
600.0,light-5,3103,1,4.106,
603.3,heavy,3101,0,7.257,
606.7,heavy,3102,0,1.506,
610.0,heavy,3103,1,4.601,
613.3,heavy,3101,0,4.347,
616.7,heavy,3102,0,1.061,
620.0,heavy,3103,0,4.402,
623.3,heavy,3101,1,4.694,
626.7,heavy,3102,0,1.413,
630.0,heavy,3103,0,4.258,
633.3,heavy,3101,1,4.345,
636.7,heavy,3102,0,1.333,
640.0,heavy,3103,0,4.624,
643.3,heavy,3101,1,4.774,
646.7,heavy,3102,0,1.144,
650.0,heavy,3103,0,3.634,
653.3,heavy,3101,1,7.015,
656.7,heavy,3102,0,1.288,
660.0,heavy,3103,1,5.120,
663.3,heavy,3101,0,4.118,
666.7,heavy,3102,0,1.459,
670.0,heavy,3103,0,4.518,
673.3,heavy,3101,1,5.822,
676.7,heavy,3102,0,1.337,
680.0,heavy,3103,1,5.489,
683.3,heavy,3101,0,4.394,
686.7,heavy,3102,0,1.454,
690.0,heavy,3103,1,5.004,
693.3,heavy,3101,0,3.279,
696.7,heavy,3102,0,1.276,
700.0,light-2,3102,1,1.027,
700.0,light-1,3101,1,1.229,
700.0,light-5,3102,1,1.201,
700.0,light-4,3101,1,1.383,
700.0,light-3,3103,1,2.566,
700.0,heavy,3103,0,3.638,
703.3,heavy,3103,1,5.211,
706.7,heavy,3101,0,3.912,
710.0,heavy,3102,1,1.686,
713.3,heavy,3103,0,4.714,
716.7,heavy,3101,0,4.587,
720.0,heavy,3102,0,1.368,
723.3,heavy,3103,1,5.358,
726.7,heavy,3101,0,4.865,
730.0,heavy,3102,0,1.185,
733.3,heavy,3103,1,5.421,
736.7,heavy,3101,0,4.135,
740.0,heavy,3102,0,1.525,
743.3,heavy,3103,1,5.755,
746.7,heavy,3101,0,4.752,
750.0,heavy,3102,1,1.720,
753.3,heavy,3103,0,4.983,
756.7,heavy,3101,0,3.494,
760.0,heavy,3102,0,1.047,
763.3,heavy,3103,0,5.518,
766.7,heavy,3101,1,6.221,
770.0,heavy,3102,1,1.942,
773.3,heavy,3103,0,3.934,
776.7,heavy,3101,0,2.044,
780.0,heavy,3102,1,2.376,
783.3,heavy,3103,0,4.196,
786.7,heavy,3101,0,4.856,
790.0,heavy,3102,0,1.180,
793.3,heavy,3103,0,8.188,
796.7,heavy,3101,0,7.073,
800.0,light-2,3101,1,3.337,
800.0,light-5,3101,1,3.594,
800.0,light-3,3102,1,3.898,
800.0,light-1,3103,1,4.187,
800.0,light-4,3103,1,4.641,
800.0,heavy,3102,1,1.749,
803.3,heavy,3102,1,3.320,
806.7,heavy,3103,0,4.161,
810.0,heavy,3101,0,5.996,
813.3,heavy,3102,1,1.827,
816.7,heavy,3103,0,4.942,
820.0,heavy,3101,1,5.111,
823.3,heavy,3102,0,1.495,
826.7,heavy,3103,0,4.145,
830.0,heavy,3101,1,5.528,
833.3,heavy,3102,0,1.370,
836.7,heavy,3103,0,4.313,
840.0,heavy,3101,1,5.958,
843.3,heavy,3102,0,1.468,
846.7,heavy,3103,0,4.711,
850.0,heavy,3101,1,5.208,
853.3,heavy,3102,0,1.355,
856.7,heavy,3103,0,5.969,
860.0,heavy,3101,0,3.985,
863.3,heavy,3102,1,1.362,
866.7,heavy,3103,0,4.279,
870.0,heavy,3101,1,5.541,
873.3,heavy,3102,0,1.250,
876.7,heavy,3103,0,4.211,
880.0,heavy,3101,1,5.026,
883.3,heavy,3102,0,1.305,
886.7,heavy,3103,0,4.159,
890.0,heavy,3101,1,5.252,
893.3,heavy,3102,0,1.418,
896.7,heavy,3103,0,5.746,
900.0,light-2,3102,1,2.253,
900.0,light-5,3102,1,2.754,
900.0,light-1,3101,1,3.151,
900.0,light-3,3103,1,3.661,
900.0,light-4,3101,1,3.829,
900.0,heavy,3101,0,5.161,
903.3,heavy,3102,1,1.885,
906.7,heavy,3103,0,5.488,
910.0,heavy,3103,0,4.419,
913.3,heavy,3101,1,6.041,
916.7,heavy,3102,0,1.678,
920.0,heavy,3103,0,3.969,
923.3,heavy,3101,1,5.615,
926.7,heavy,3102,0,1.180,
930.0,heavy,3103,0,3.624,
933.3,heavy,3101,1,4.877,
936.7,heavy,3102,0,1.171,
940.0,heavy,3103,0,4.215,
943.3,heavy,3101,1,5.189,
946.7,heavy,3102,0,1.517,
950.0,heavy,3103,0,4.409,
953.3,heavy,3101,1,4.698,
956.7,heavy,3102,0,1.345,
960.0,heavy,3103,1,5.463,
963.3,heavy,3101,0,4.128,
966.7,heavy,3102,0,1.159,
970.0,heavy,3103,1,4.541,
973.3,heavy,3101,0,4.639,
976.7,heavy,3102,0,1.225,
980.0,heavy,3103,0,4.012,
983.3,heavy,3101,1,5.188,
986.7,heavy,3102,0,1.575,
990.0,heavy,3103,0,3.759,
993.3,heavy,3101,1,4.375,
996.7,heavy,3102,0,1.244,
1000.0,light-2,3102,1,2.133,
1000.0,light-5,3102,1,2.477,
1000.0,light-1,3101,1,2.958,
1000.0,light-3,3103,1,3.326,
1000.0,light-4,3101,1,3.479,
1000.0,heavy,3103,0,5.440,
1003.3,heavy,3101,1,6.202,
1006.7,heavy,3102,1,1.828,
1010.0,heavy,3103,0,5.810,
1013.3,heavy,3103,0,4.758,
1016.7,heavy,3101,0,3.119,
1020.0,heavy,3102,0,1.332,
1023.3,heavy,3103,1,4.894,
1026.7,heavy,3101,0,3.929,
1030.0,heavy,3102,0,1.319,
1033.3,heavy,3103,1,5.586,
1036.7,heavy,3101,0,4.630,
1040.0,heavy,3102,1,1.406,
1043.3,heavy,3103,0,4.694,
1046.7,heavy,3101,0,3.906,
1050.0,heavy,3102,0,1.250,
1053.3,heavy,3103,0,5.809,
1056.7,heavy,3101,1,4.948,
1060.0,heavy,3102,1,1.238,
1063.3,heavy,3103,0,4.572,
1066.7,heavy,3101,0,4.523,
1070.0,heavy,3102,1,1.237,
1073.3,heavy,3103,0,3.900,
1076.7,heavy,3101,0,4.419,
1080.0,heavy,3102,1,1.565,
1083.3,heavy,3103,0,3.866,
1086.7,heavy,3101,0,4.436,
1090.0,heavy,3102,0,2.351,
1093.3,heavy,3103,0,5.400,
1096.7,heavy,3101,1,5.416,
1100.0,light-2,3102,1,2.088,
1100.0,light-5,3102,1,2.365,
1100.0,light-1,3101,1,2.810,
1100.0,light-3,3103,1,3.042,
1100.0,light-4,3101,1,3.623,
1100.0,heavy,3102,1,1.839,
1103.3,heavy,3103,0,5.172,
1106.7,heavy,3103,0,5.186,
1110.0,heavy,3101,1,4.683,
1113.3,heavy,3102,0,1.156,
1116.7,heavy,3103,0,3.890,
1120.0,heavy,3101,1,6.473,
1123.3,heavy,3102,0,0.957,
1126.7,heavy,3103,0,3.275,
1130.0,heavy,3101,1,4.564,
1133.3,heavy,3102,0,1.221,
1136.7,heavy,3103,0,4.967,
1140.0,heavy,3101,1,5.614,
1143.3,heavy,3102,1,2.215,
1146.7,heavy,3103,0,5.206,
1150.0,heavy,3101,0,5.575,
1153.3,heavy,3102,0,1.162,
1156.7,heavy,3103,0,4.711,
1160.0,heavy,3101,0,5.591,
1163.3,heavy,3102,1,1.291,
1166.7,heavy,3103,0,3.624,
1170.0,heavy,3101,0,4.545,
1173.3,heavy,3102,1,1.090,
1176.7,heavy,3103,1,4.828,
1180.0,heavy,3101,0,3.943,
1183.3,heavy,3102,0,0.950,
1186.7,heavy,3103,0,4.179,
1190.0,heavy,3101,0,5.320,
1193.3,heavy,3102,1,1.241,
1196.7,heavy,3103,0,5.095,
1200.0,light-2,3103,1,1.197,
1200.0,light-4,3102,1,2.997,
1200.0,light-1,3102,1,6.397,
1200.0,light-5,3103,1,6.788,
1200.0,light-3,3101,1,9.333,
1200.0,heavy,3101,1,7.960,
1203.3,heavy,3101,0,7.591,
1206.7,heavy,3102,0,1.118,
1210.0,heavy,3103,1,4.659,
1213.3,heavy,3101,0,4.023,
1216.7,heavy,3102,0,1.367,
1220.0,heavy,3103,0,3.311,
1223.3,heavy,3101,1,4.115,
1226.7,heavy,3102,0,0.885,
1230.0,heavy,3103,0,4.618,
1233.3,heavy,3101,1,4.832,
1236.7,heavy,3102,1,1.284,
1240.0,heavy,3103,0,4.402,
1243.3,heavy,3101,0,4.786,
1246.7,heavy,3102,0,1.308,
1250.0,heavy,3103,0,5.800,
1253.3,heavy,3101,1,4.912,
1256.7,heavy,3102,1,1.495,
1260.0,heavy,3103,0,5.624,
1263.3,heavy,3101,0,4.864,
1266.7,heavy,3102,0,0.988,
1270.0,heavy,3103,0,4.612,
1273.3,heavy,3101,0,3.694,
1276.7,heavy,3102,1,1.362,
1280.0,heavy,3103,1,4.520,
1283.3,heavy,3101,0,3.932,
1286.7,heavy,3102,0,1.082,
1290.0,heavy,3103,0,3.828,
1293.3,heavy,3101,1,4.633,
1296.7,heavy,3102,0,1.049,
1300.0,heavy,3103,0,4.712,
1300.0,light-2,3102,1,1.466,
1300.0,light-1,3101,1,1.725,
1300.0,light-5,3102,1,1.701,
1300.0,light-4,3101,1,2.128,
1300.0,light-3,3103,1,3.169,
1303.3,heavy,3103,1,5.360,
1306.7,heavy,3101,0,4.084,
1310.0,heavy,3102,1,1.230,
1313.3,heavy,3103,0,3.604,
1316.7,heavy,3101,0,3.213,
1320.0,heavy,3102,0,0.981,
1323.3,heavy,3103,1,5.844,
1326.7,heavy,3101,0,3.569,
1330.0,heavy,3102,1,1.349,
1333.3,heavy,3103,0,4.421,
1336.7,heavy,3101,0,3.283,
1340.0,heavy,3102,0,0.949,
1343.3,heavy,3103,1,5.715,
1346.7,heavy,3101,0,4.771,
1350.0,heavy,3102,1,1.447,
1353.3,heavy,3103,0,5.491,
1356.7,heavy,3101,0,3.421,
1360.0,heavy,3102,0,0.927,
1363.3,heavy,3103,1,5.071,
1366.7,heavy,3101,0,3.708,
1370.0,heavy,3102,0,1.725,
1373.3,heavy,3103,0,4.381,
1376.7,heavy,3101,1,6.331,
1380.0,heavy,3102,1,1.536,
1383.3,heavy,3103,0,4.706,
1386.7,heavy,3101,0,4.998,
1390.0,heavy,3102,0,2.715,
1393.3,heavy,3103,1,9.363,
1396.7,heavy,3101,0,7.811,
1400.0,heavy,3102,1,1.638,
1400.0,light-5,3101,1,5.641,
1400.0,light-3,3102,1,8.526,
1400.0,light-4,3103,1,11.117,
1400.0,light-1,3103,1,12.525,
1400.0,light-2,3101,1,13.110,
1403.3,heavy,3102,0,1.398,
1406.7,heavy,3103,0,10.693,
1410.0,heavy,3101,0,4.746,
1413.3,heavy,3102,1,1.362,
1416.7,heavy,3103,0,4.156,
1420.0,heavy,3101,1,4.653,
1423.3,heavy,3102,0,1.188,
1426.7,heavy,3103,0,4.303,
1430.0,heavy,3101,1,5.338,
1433.3,heavy,3102,0,1.113,
1436.7,heavy,3103,0,3.596,
1440.0,heavy,3101,0,4.114,
1443.3,heavy,3102,1,1.243,
1446.7,heavy,3103,0,4.268,
1450.0,heavy,3101,0,2.996,
1453.3,heavy,3102,1,0.860,
1456.7,heavy,3103,1,5.649,
1460.0,heavy,3101,0,4.484,
1463.3,heavy,3102,0,1.269,
1466.7,heavy,3103,0,2.648,
1470.0,heavy,3101,0,3.700,
1473.3,heavy,3102,1,1.122,
1476.7,heavy,3103,0,3.597,
1480.0,heavy,3101,1,5.275,
1483.3,heavy,3102,0,1.120,
1486.7,heavy,3103,0,3.897,
1490.0,heavy,3101,1,9.993,
1493.3,heavy,3102,0,1.470,
1496.7,heavy,3103,1,5.588,
1500.0,heavy,3101,0,4.658,
1500.0,light-1,3102,1,1.430,
1500.0,light-4,3102,1,1.869,
1500.0,light-3,3101,1,3.081,
1500.0,light-2,3103,1,3.342,
1500.0,light-5,3103,1,3.338,
1503.3,heavy,3101,0,2.780,
1506.7,heavy,3102,0,1.300,
1510.0,heavy,3103,0,3.661,
1513.3,heavy,3101,1,4.577,
1516.7,heavy,3102,0,1.088,
1520.0,heavy,3103,1,5.061,
1523.3,heavy,3101,0,4.299,
1526.7,heavy,3102,0,1.417,
1530.0,heavy,3103,0,4.431,
1533.3,heavy,3101,0,3.867,
1536.7,heavy,3102,1,1.259,
1540.0,heavy,3103,0,2.975,
1543.3,heavy,3101,1,4.899,
1546.7,heavy,3102,1,1.293,
1550.0,heavy,3103,0,4.053,
1553.3,heavy,3101,0,4.727,
1556.7,heavy,3102,0,1.211,
1560.0,heavy,3103,0,3.300,
1563.3,heavy,3101,0,2.919,
1566.7,heavy,3102,1,1.256,
1570.0,heavy,3103,0,1.879,
1573.3,heavy,3101,1,4.832,
1576.7,heavy,3102,1,1.295,
1580.0,heavy,3103,0,3.927,
1583.3,heavy,3101,0,4.595,
1586.7,heavy,3102,0,0.882,
1590.0,heavy,3103,1,4.459,
1593.3,heavy,3101,0,3.750,
1596.7,heavy,3102,0,1.288,
1600.0,heavy,3103,1,7.636,
1600.0,light-1,3101,1,1.244,
1600.0,light-3,3103,1,2.494,
1600.0,light-4,3101,1,6.350,
1600.0,light-2,3102,1,7.360,
1600.0,light-5,3102,1,7.891,
1603.3,heavy,3103,0,2.979,
1606.7,heavy,3101,0,2.930,
1610.0,heavy,3102,0,0.928,
1613.3,heavy,3103,1,4.554,
1616.7,heavy,3101,0,4.051,
1620.0,heavy,3102,1,1.194,
1623.3,heavy,3103,0,3.182,
1626.7,heavy,3101,0,3.397,
1630.0,heavy,3102,0,1.016,
1633.3,heavy,3103,0,8.810,
1636.7,heavy,3101,1,5.489,
1640.0,heavy,3102,1,2.006,
1643.3,heavy,3103,0,8.699,
1646.7,heavy,3101,0,3.909,
1650.0,heavy,3102,0,1.453,
1653.3,heavy,3103,1,4.725,
1656.7,heavy,3101,0,3.709,
1660.0,heavy,3102,0,1.653,
1663.3,heavy,3103,1,4.906,
1666.7,heavy,3101,0,5.438,
1670.0,heavy,3102,1,1.475,
1673.3,heavy,3103,0,5.131,
1676.7,heavy,3101,0,3.955,
1680.0,heavy,3102,0,0.996,
1683.3,heavy,3103,1,4.822,
1686.7,heavy,3101,0,4.129,
1690.0,heavy,3102,1,1.394,
1693.3,heavy,3103,0,2.458,
1696.7,heavy,3101,0,3.408,
1700.0,heavy,3102,0,1.175,
1700.0,light-1,3103,1,1.209,
1700.0,light-2,3101,1,1.282,
1700.0,light-3,3102,1,1.387,
1700.0,light-4,3103,1,1.449,
1700.0,light-5,3101,1,1.511,
1703.3,heavy,3102,1,1.746,
1706.7,heavy,3103,0,3.915,
1710.0,heavy,3101,1,4.939,
1713.3,heavy,3102,0,0.908,
1716.7,heavy,3103,0,3.089,
1720.0,heavy,3101,0,3.250,
1723.3,heavy,3102,1,1.316,
1726.7,heavy,3103,0,4.101,
1730.0,heavy,3101,0,4.503,
1733.3,heavy,3102,1,1.364,
1736.7,heavy,3103,0,4.229,
1740.0,heavy,3101,0,3.056,
1743.3,heavy,3102,1,1.074,
1746.7,heavy,3103,0,4.618,
1750.0,heavy,3101,1,5.305,
1753.3,heavy,3102,0,1.511,
1756.7,heavy,3103,0,3.535,
1760.0,heavy,3101,0,3.412,
1763.3,heavy,3102,1,1.031,
1766.7,heavy,3103,0,4.052,
1770.0,heavy,3101,1,4.591,
1773.3,heavy,3102,0,1.016,
1776.7,heavy,3103,0,3.447,
1780.0,heavy,3101,0,3.834,
1783.3,heavy,3102,1,1.184,
1786.7,heavy,3103,0,4.880,
1790.0,heavy,3101,0,3.994,
1793.3,heavy,3102,1,1.683,
1796.7,heavy,3103,0,4.684,
1800.0,heavy,3101,0,2.303,
1800.0,light-2,3103,1,1.204,
1800.0,light-1,3102,1,1.600,
1800.0,light-5,3103,1,1.596,
1800.0,light-4,3102,1,1.762,
1800.0,light-3,3101,1,2.389,
1803.3,heavy,3101,1,4.823,
1806.7,heavy,3102,1,1.343,
1810.0,heavy,3103,0,3.912,
1813.3,heavy,3101,0,4.555,
1816.7,heavy,3102,0,1.151,
1820.0,heavy,3103,0,4.372,
1823.3,heavy,3101,0,4.931,
1826.7,heavy,3102,1,1.526,
1830.0,heavy,3103,0,4.648,
1833.3,heavy,3101,1,4.533,
1836.7,heavy,3102,0,1.171,
1840.0,heavy,3103,1,5.779,
1843.3,heavy,3101,0,4.664,
1846.7,heavy,3102,1,2.120,
1850.0,heavy,3103,0,5.539,
1853.3,heavy,3101,0,3.907,
1856.7,heavy,3102,0,1.063,
1860.0,heavy,3103,0,4.201,
1863.3,heavy,3101,0,4.512,
1866.7,heavy,3102,1,1.384,
1870.0,heavy,3103,1,5.004,
1873.3,heavy,3101,0,3.845,
1876.7,heavy,3102,0,1.095,
1880.0,heavy,3103,1,5.377,
1883.3,heavy,3101,0,3.888,
1886.7,heavy,3102,0,1.492,
1890.0,heavy,3103,0,4.229,
1893.3,heavy,3101,1,5.078,
1896.7,heavy,3102,0,1.346,
1900.0,heavy,3103,0,4.520,
1900.0,light-2,3102,1,1.686,
1900.0,light-1,3101,1,2.210,
1900.0,light-5,3102,1,2.371,
1900.0,light-3,3103,1,2.676,
1900.0,light-4,3101,1,2.780,
1903.3,heavy,3103,1,4.929,
1906.7,heavy,3101,0,4.669,
1910.0,heavy,3102,0,0.975,
1913.3,heavy,3103,1,5.559,
1916.7,heavy,3101,0,4.192,
1920.0,heavy,3102,1,1.460,
1923.3,heavy,3103,0,4.145,
1926.7,heavy,3101,0,4.173,
1930.0,heavy,3102,0,1.138,
1933.3,heavy,3103,1,4.601,
1936.7,heavy,3101,0,7.372,
1940.0,heavy,3102,1,1.377,
1943.3,heavy,3103,0,4.780,
1946.7,heavy,3101,0,6.045,
1950.0,heavy,3102,0,1.034,
1953.3,heavy,3103,0,3.594,
1956.7,heavy,3101,0,3.667,
1960.0,heavy,3102,1,1.101,
1963.3,heavy,3103,1,4.227,
1966.7,heavy,3101,0,3.183,
1970.0,heavy,3102,0,0.976,
1973.3,heavy,3103,1,5.613,
1976.7,heavy,3101,1,3.737,
1980.0,heavy,3102,0,1.034,
1983.3,heavy,3103,0,3.642,
1986.7,heavy,3101,0,3.544,
1990.0,heavy,3102,0,1.106,
1993.3,heavy,3103,0,5.545,
1996.7,heavy,3101,1,4.993,
2000.0,heavy,3102,1,1.390,
2000.0,light-1,3102,1,1.657,
2000.0,light-4,3102,1,1.808,
2000.0,light-3,3101,1,2.809,
2000.0,light-2,3103,1,3.469,
2000.0,light-5,3103,1,3.494,
2003.3,heavy,3103,0,5.176,
2006.7,heavy,3101,0,5.238,
2010.0,heavy,3101,0,3.729,
2013.3,heavy,3102,1,1.298,
2016.7,heavy,3103,0,4.357,
2020.0,heavy,3101,1,4.807,
2023.3,heavy,3102,0,1.382,
2026.7,heavy,3103,0,3.404,
2030.0,heavy,3101,0,3.887,
2033.3,heavy,3102,1,1.013,
2036.7,heavy,3103,0,3.815,
2040.0,heavy,3101,1,3.958,
2043.3,heavy,3102,0,0.883,
2046.7,heavy,3103,0,3.980,
2050.0,heavy,3101,0,3.697,
2053.3,heavy,3102,1,1.485,
2056.7,heavy,3103,0,4.817,
2060.0,heavy,3101,0,3.572,
2063.3,heavy,3102,1,1.287,
2066.7,heavy,3103,0,4.532,
2070.0,heavy,3101,0,2.955,
2073.3,heavy,3102,1,1.149,
2076.7,heavy,3103,0,4.400,
2080.0,heavy,3101,0,3.909,
2083.3,heavy,3102,1,1.438,
2086.7,heavy,3103,0,2.694,
2090.0,heavy,3101,0,3.302,
2093.3,heavy,3102,1,1.208,
2096.7,heavy,3103,1,5.101,
2100.0,heavy,3101,0,3.403,
2100.0,light-1,3102,1,1.380,
2100.0,light-4,3102,1,1.544,
2100.0,light-3,3101,1,2.470,
2100.0,light-2,3103,1,2.665,
2100.0,light-5,3103,1,2.939,
2103.3,heavy,3101,0,3.428,
2106.7,heavy,3102,0,1.197,
2110.0,heavy,3103,0,3.966,
2113.3,heavy,3101,0,4.187,
2116.7,heavy,3102,1,1.125,
2120.0,heavy,3103,0,3.845,
2123.3,heavy,3101,1,4.694,
2126.7,heavy,3102,0,0.928,
2130.0,heavy,3103,0,3.692,
2133.3,heavy,3101,1,3.968,
2136.7,heavy,3102,0,0.823,
2140.0,heavy,3103,0,4.602,
2143.3,heavy,3101,0,4.097,
2146.7,heavy,3102,1,1.252,
2150.0,heavy,3103,0,2.998,
2153.3,heavy,3101,1,4.639,
2156.7,heavy,3102,1,1.211,
2160.0,heavy,3103,0,3.712,
2163.3,heavy,3101,0,4.408,
2166.7,heavy,3102,0,1.128,
2170.0,heavy,3103,1,6.726,
2173.3,heavy,3101,0,7.338,
2176.7,heavy,3102,1,1.542,
2180.0,heavy,3103,0,6.921,
2183.3,heavy,3101,0,5.871,
2186.7,heavy,3102,0,1.231,
2190.0,heavy,3103,0,5.711,
2193.3,heavy,3101,0,6.845,
2196.7,heavy,3102,1,2.653,
2200.0,heavy,3103,1,10.807,
2200.0,light-2,3102,1,1.294,
2200.0,light-1,3101,1,1.773,
2200.0,light-5,3102,1,1.618,
2200.0,light-4,3101,1,1.763,
2200.0,light-3,3103,1,7.492,
2203.3,heavy,3103,0,9.734,
2206.7,heavy,3101,1,5.495,
2210.0,heavy,3102,0,1.527,
2213.3,heavy,3103,0,2.367,
2216.7,heavy,3101,0,4.987,
2220.0,heavy,3102,1,1.688,
2223.3,heavy,3103,0,4.934,
2226.7,heavy,3101,0,4.738,
2230.0,heavy,3102,0,1.293,
2233.3,heavy,3103,1,6.822,
2236.7,heavy,3101,0,7.491,
2240.0,heavy,3102,1,1.846,
2243.3,heavy,3103,0,7.114,
2246.7,heavy,3101,0,4.230,
2250.0,heavy,3102,0,2.027,
2253.3,heavy,3103,1,6.912,
2256.7,heavy,3101,0,4.225,
2260.0,heavy,3102,0,1.142,
2263.3,heavy,3103,1,4.829,
2266.7,heavy,3101,0,4.187,
2270.0,heavy,3102,1,1.885,
2273.3,heavy,3103,0,4.546,
2276.7,heavy,3101,0,2.278,
2280.0,heavy,3102,1,1.527,
2283.3,heavy,3103,0,3.770,
2286.7,heavy,3101,0,4.254,
2290.0,heavy,3102,0,1.112,
2293.3,heavy,3103,1,4.539,
2296.7,heavy,3101,0,3.837,
2300.0,heavy,3102,1,1.714,
2300.0,light-1,3103,1,1.740,
2300.0,light-2,3101,1,1.828,
2300.0,light-3,3102,1,1.899,
2300.0,light-4,3103,1,1.965,
2300.0,light-5,3101,1,2.119,
2303.3,heavy,3102,0,1.259,
2306.7,heavy,3103,0,4.730,
2310.0,heavy,3101,1,5.609,
2313.3,heavy,3102,1,1.827,
2316.7,heavy,3103,0,4.704,
2320.0,heavy,3101,0,4.436,
2323.3,heavy,3102,0,1.001,
2326.7,heavy,3103,0,3.969,
2330.0,heavy,3101,0,4.003,
2333.3,heavy,3102,1,1.416,
2336.7,heavy,3103,0,2.378,
2340.0,heavy,3101,0,3.889,
2343.3,heavy,3102,1,0.992,
2346.7,heavy,3103,0,3.600,
2350.0,heavy,3101,1,4.666,
2353.3,heavy,3102,0,1.136,
2356.7,heavy,3103,0,3.835,
2360.0,heavy,3101,0,4.364,
2363.3,heavy,3102,1,1.179,
2366.7,heavy,3103,0,3.787,
2370.0,heavy,3101,0,4.101,
2373.3,heavy,3102,1,1.268,
2376.7,heavy,3103,1,5.512,
2380.0,heavy,3101,0,4.642,
2383.3,heavy,3102,0,1.607,
2386.7,heavy,3103,0,4.908,
2390.0,heavy,3101,1,6.464,
2393.3,heavy,3102,0,2.023,
2396.7,heavy,3103,0,4.333,
2400.0,heavy,3101,1,8.106,
2400.0,light-2,3103,1,1.548,
2400.0,light-4,3102,1,3.555,
2400.0,light-1,3102,1,6.760,
2400.0,light-5,3103,1,7.250,
2400.0,light-3,3101,1,8.921,
2403.3,heavy,3101,0,7.266,
2406.7,heavy,3102,0,1.393,
2410.0,heavy,3103,0,3.757,
2413.3,heavy,3101,1,10.327,
2416.7,heavy,3102,0,1.395,
2420.0,heavy,3103,0,4.474,
2423.3,heavy,3101,1,3.340,
2426.7,heavy,3102,0,1.245,
2430.0,heavy,3103,1,6.220,
2433.3,heavy,3101,0,5.136,
2436.7,heavy,3102,1,2.679,
2440.0,heavy,3103,0,5.917,
2443.3,heavy,3101,0,5.624,
2446.7,heavy,3102,0,1.396,
2450.0,heavy,3103,1,7.247,
2453.3,heavy,3101,0,4.118,
2456.7,heavy,3102,0,1.013,
2460.0,heavy,3103,1,5.188,
2463.3,heavy,3101,0,3.484,
2466.7,heavy,3102,0,0.958,
2470.0,heavy,3103,1,5.025,
2473.3,heavy,3101,0,4.041,
2476.7,heavy,3102,1,1.307,
2480.0,heavy,3103,0,4.767,
2483.3,heavy,3101,0,3.897,
2486.7,heavy,3102,0,0.959,
2490.0,heavy,3103,0,3.686,
2493.3,heavy,3101,1,3.687,
2496.7,heavy,3102,0,0.972,
2500.0,light-1,3102,1,1.657,
2500.0,light-4,3102,1,1.866,
2500.0,light-3,3101,1,2.676,
2500.0,light-2,3103,1,3.232,
2500.0,light-5,3103,1,3.258,
2500.0,heavy,3103,0,5.171,
2503.3,heavy,3101,1,5.293,
2506.7,heavy,3102,1,1.596,
2510.0,heavy,3103,0,4.955,
2513.3,heavy,3101,0,5.133,
2516.7,heavy,3101,0,3.712,
2520.0,heavy,3102,0,1.012,
2523.3,heavy,3103,0,4.133,
2526.7,heavy,3101,1,4.682,
2530.0,heavy,3102,0,1.680,
2533.3,heavy,3103,0,3.466,
2536.7,heavy,3101,1,1.853,
2540.0,heavy,3102,1,1.402,
2543.3,heavy,3103,0,3.683,
2546.7,heavy,3101,0,3.224,
2550.0,heavy,3102,0,1.117,
2553.3,heavy,3103,0,4.157,
2556.7,heavy,3101,1,4.370,
2560.0,heavy,3102,1,1.496,
2563.3,heavy,3103,0,3.510,
2566.7,heavy,3101,0,2.789,
2570.0,heavy,3102,0,0.718,
2573.3,heavy,3103,1,4.098,
2576.7,heavy,3101,0,3.154,
2580.0,heavy,3102,0,0.930,
2583.3,heavy,3103,1,4.870,
2586.7,heavy,3101,0,3.947,
2590.0,heavy,3102,1,1.397,
2593.3,heavy,3103,0,4.200,
2596.7,heavy,3101,0,3.828,
2600.0,light-5,3101,1,2.682,
2600.0,light-2,3101,1,5.271,
2600.0,light-3,3102,1,5.501,
2600.0,light-1,3103,1,5.727,
2600.0,light-4,3103,1,6.999,
2600.0,heavy,3102,0,1.241,
2603.3,heavy,3102,1,1.111,
2606.7,heavy,3103,0,3.413,
2610.0,heavy,3101,1,3.911,
2613.3,heavy,3102,0,1.255,
2616.7,heavy,3103,0,3.835,
2620.0,heavy,3101,0,3.151,
2623.3,heavy,3102,1,1.003,
2626.7,heavy,3103,0,4.048,
2630.0,heavy,3101,0,4.109,
2633.3,heavy,3102,1,1.548,
2636.7,heavy,3103,0,3.862,
2640.0,heavy,3101,0,2.525,
2643.3,heavy,3102,1,1.573,
2646.7,heavy,3103,0,5.174,
2650.0,heavy,3101,0,3.513,
2653.3,heavy,3102,1,1.345,
2656.7,heavy,3103,0,4.895,
2660.0,heavy,3101,1,4.970,
2663.3,heavy,3102,0,1.250,
2666.7,heavy,3103,0,3.259,
2670.0,heavy,3101,1,4.831,
2673.3,heavy,3102,0,1.008,
2676.7,heavy,3103,0,3.692,
2680.0,heavy,3101,0,3.413,
2683.3,heavy,3102,1,1.359,
2686.7,heavy,3103,0,7.766,
2690.0,heavy,3101,1,5.238,
2693.3,heavy,3102,1,1.188,
2696.7,heavy,3103,0,7.574,
2700.0,light-1,3102,1,2.408,
2700.0,light-4,3102,1,2.456,
2700.0,light-2,3103,1,2.688,
2700.0,light-5,3103,1,2.692,
2700.0,light-3,3101,1,3.005,
2700.0,heavy,3101,0,5.621,
2703.3,heavy,3101,0,1.559,
2706.7,heavy,3102,0,1.063,
2710.0,heavy,3103,1,5.237,
2713.3,heavy,3101,0,4.281,
2716.7,heavy,3102,0,1.292,
2720.0,heavy,3103,0,2.197,
2723.3,heavy,3101,1,4.969,
2726.7,heavy,3102,1,1.584,
2730.0,heavy,3103,0,3.953,
2733.3,heavy,3101,0,2.108,
2736.7,heavy,3102,0,0.942,
2740.0,heavy,3103,0,3.907,
2743.3,heavy,3101,1,4.492,
2746.7,heavy,3102,0,1.040,
2750.0,heavy,3103,0,3.055,
2753.3,heavy,3101,1,4.281,
2756.7,heavy,3102,0,0.945,
2760.0,heavy,3103,1,4.268,
2763.3,heavy,3101,0,3.302,
2766.7,heavy,3102,0,1.011,
2770.0,heavy,3103,0,3.992,
2773.3,heavy,3101,1,5.426,
2776.7,heavy,3102,0,1.080,
2780.0,heavy,3103,0,4.737,
2783.3,heavy,3101,1,5.016,
2786.7,heavy,3102,1,2.145,
2790.0,heavy,3103,0,5.092,
2793.3,heavy,3101,0,3.629,
2796.7,heavy,3102,0,0.959,
2800.0,light-3,3102,1,1.918,
2800.0,light-1,3103,1,2.583,
2800.0,light-2,3101,1,2.670,
2800.0,light-4,3103,1,2.719,
2800.0,light-5,3101,1,2.802,
2800.0,heavy,3103,0,4.210,
2803.3,heavy,3101,0,4.096,
2806.7,heavy,3102,1,1.510,
2810.0,heavy,3102,0,0.895,
2813.3,heavy,3103,1,4.641,
2816.7,heavy,3101,0,3.659,
2820.0,heavy,3102,1,1.337,
2823.3,heavy,3103,0,4.184,
2826.7,heavy,3101,0,3.167,
2830.0,heavy,3102,0,1.100,
2833.3,heavy,3103,0,3.726,
2836.7,heavy,3101,0,4.169,
2840.0,heavy,3102,1,1.238,
2843.3,heavy,3103,1,4.315,
2846.7,heavy,3101,0,3.581,
2850.0,heavy,3102,0,1.382,
2853.3,heavy,3103,1,5.138,
2856.7,heavy,3101,0,3.746,
2860.0,heavy,3102,0,1.055,
2863.3,heavy,3103,1,4.584,
2866.7,heavy,3101,0,3.796,
2870.0,heavy,3102,0,1.170,
2873.3,heavy,3103,1,6.203,
2876.7,heavy,3101,0,4.965,
2880.0,heavy,3102,1,1.664,
2883.3,heavy,3103,0,5.931,
2886.7,heavy,3101,0,5.529,
2890.0,heavy,3102,0,1.173,
2893.3,heavy,3103,1,2.705,
2896.7,heavy,3101,0,4.243,
2900.0,light-3,3102,1,1.959,
2900.0,light-2,3101,1,2.532,
2900.0,light-5,3101,1,2.915,
2900.0,light-1,3103,1,3.318,
2900.0,light-4,3103,1,3.290,
2900.0,heavy,3102,1,1.535,
2903.3,heavy,3102,0,0.911,
2906.7,heavy,3103,0,3.956,
2910.0,heavy,3101,0,4.003,
2913.3,heavy,3102,1,1.340,
2916.7,heavy,3103,0,3.737,
2920.0,heavy,3101,0,2.650,
2923.3,heavy,3102,1,1.473,
2926.7,heavy,3103,0,3.380,
2930.0,heavy,3101,0,3.839,
2933.3,heavy,3102,1,1.491,
2936.7,heavy,3103,0,3.156,
2940.0,heavy,3101,0,3.393,
2943.3,heavy,3102,1,1.167,
2946.7,heavy,3103,0,3.514,
2950.0,heavy,3101,1,3.817,
2953.3,heavy,3102,0,1.054,
2956.7,heavy,3103,0,3.051,
2960.0,heavy,3101,0,3.344,
2963.3,heavy,3102,1,1.192,
2966.7,heavy,3103,0,3.793,
2970.0,heavy,3101,0,3.889,
2973.3,heavy,3102,1,1.368,
2976.7,heavy,3103,0,3.639,
2980.0,heavy,3101,0,3.472,
2983.3,heavy,3102,1,1.520,
2986.7,heavy,3103,0,3.284,
2990.0,heavy,3101,0,3.809,
2993.3,heavy,3102,1,1.421,
2996.7,heavy,3103,0,3.217,
3000.0,light-1,3102,1,1.112,
3000.0,light-2,3103,1,1.224,
3000.0,light-4,3102,1,1.335,
3000.0,light-5,3103,1,1.408,
3000.0,light-3,3101,1,2.601,
3000.0,heavy,3101,1,4.741,
3003.3,heavy,3101,0,3.491,
3006.7,heavy,3102,0,1.109,
3010.0,heavy,3103,0,2.949,
3013.3,heavy,3101,0,4.089,
3016.7,heavy,3102,1,1.299,
3020.0,heavy,3103,0,4.046,
3023.3,heavy,3101,0,3.909,
3026.7,heavy,3102,1,1.007,
3030.0,heavy,3103,1,4.926,
3033.3,heavy,3101,0,4.127,
3036.7,heavy,3102,1,1.191,
3040.0,heavy,3103,0,4.658,
3043.3,heavy,3101,0,3.357,
3046.7,heavy,3102,0,1.388,
3050.0,heavy,3103,0,2.786,
3053.3,heavy,3101,0,3.134,
3056.7,heavy,3102,1,1.225,
3060.0,heavy,3103,0,3.212,
3063.3,heavy,3101,1,4.047,
3066.7,heavy,3102,1,1.242,
3070.0,heavy,3103,0,3.404,
3073.3,heavy,3101,0,2.568,
3076.7,heavy,3102,1,1.470,
3080.0,heavy,3103,0,3.394,
3083.3,heavy,3101,0,3.981,
3086.7,heavy,3102,0,1.508,
3090.0,heavy,3103,0,3.338,
3093.3,heavy,3101,1,4.388,
3096.7,heavy,3102,0,0.892,
3100.0,light-1,3101,1,1.467,
3100.0,light-3,3103,1,2.550,
3100.0,light-4,3101,1,5.835,
3100.0,light-2,3102,1,6.477,
3100.0,light-5,3102,1,6.757,
3100.0,heavy,3103,1,7.008,
3103.3,heavy,3103,0,4.110,
3106.7,heavy,3101,0,3.134,
3110.0,heavy,3102,0,1.170,
3113.3,heavy,3103,1,4.687,
3116.7,heavy,3101,0,3.957,
3120.0,heavy,3102,0,0.946,
3123.3,heavy,3103,0,4.208,
3126.7,heavy,3101,1,4.925,
3130.0,heavy,3102,1,1.294,
3133.3,heavy,3103,0,4.646,
3136.7,heavy,3101,0,2.686,
3140.0,heavy,3102,0,1.273,
3143.3,heavy,3103,0,3.648,
3146.7,heavy,3101,0,3.640,
3150.0,heavy,3102,1,1.103,
3153.3,heavy,3103,0,5.717,
3156.7,heavy,3101,1,4.676,
3160.0,heavy,3102,1,1.307,
3163.3,heavy,3103,0,5.448,
3166.7,heavy,3101,0,4.110,
3170.0,heavy,3102,0,0.833,
3173.3,heavy,3103,1,4.560,
3176.7,heavy,3101,0,3.495,
3180.0,heavy,3102,0,0.997,
3183.3,heavy,3103,1,4.104,
3186.7,heavy,3101,0,3.639,
3190.0,heavy,3102,0,1.151,
3193.3,heavy,3103,1,3.406,
3196.7,heavy,3101,0,3.089,
3200.0,light-1,3103,1,1.244,
3200.0,light-2,3101,1,1.338,
3200.0,light-3,3102,1,1.461,
3200.0,light-4,3103,1,1.556,
3200.0,light-5,3101,1,2.230,
3200.0,heavy,3102,0,1.164,
3203.3,heavy,3102,1,0.853,
3206.7,heavy,3103,0,4.131,
3210.0,heavy,3101,1,4.708,
3213.3,heavy,3102,1,1.249,
3216.7,heavy,3103,0,4.457,
3220.0,heavy,3101,0,4.668,
3223.3,heavy,3102,0,1.201,
3226.7,heavy,3103,0,3.532,
3230.0,heavy,3101,0,3.980,
3233.3,heavy,3102,1,1.138,
3236.7,heavy,3103,0,3.378,
3240.0,heavy,3101,0,3.541,
3243.3,heavy,3102,1,0.932,
3246.7,heavy,3103,0,5.611,
3250.0,heavy,3101,1,4.755,
3253.3,heavy,3102,0,0.957,
3256.7,heavy,3103,0,3.082,
3260.0,heavy,3101,0,2.822,
3263.3,heavy,3102,1,1.437,
3266.7,heavy,3103,0,3.193,
3270.0,heavy,3101,0,3.211,
3273.3,heavy,3102,1,1.365,
3276.7,heavy,3103,0,4.632,
3280.0,heavy,3101,1,4.760,
3283.3,heavy,3102,0,1.071,
3286.7,heavy,3103,0,2.706,
3290.0,heavy,3101,0,3.355,
3293.3,heavy,3102,1,0.838,
3296.7,heavy,3103,0,3.582,
3300.0,light-1,3102,1,1.123,
3300.0,light-2,3103,1,1.662,
3300.0,light-4,3102,1,1.797,
3300.0,light-5,3103,1,1.906,
3300.0,light-3,3101,1,2.856,
3300.0,heavy,3101,1,5.682,
3303.3,heavy,3101,0,5.002,
3306.7,heavy,3102,0,1.014,
3310.0,heavy,3103,0,3.936,
3313.3,heavy,3101,1,4.202,
3316.7,heavy,3102,0,1.198,
3320.0,heavy,3103,0,3.982,
3323.3,heavy,3101,0,3.485,
3326.7,heavy,3102,1,1.276,
3330.0,heavy,3103,0,3.420,
3333.3,heavy,3101,0,4.329,
3336.7,heavy,3102,1,1.329,
3340.0,heavy,3103,0,4.798,
3343.3,heavy,3101,0,4.166,
3346.7,heavy,3102,1,1.234,
3350.0,heavy,3103,0,3.413,
3353.3,heavy,3101,1,3.936,
3356.7,heavy,3102,0,1.016,
3360.0,heavy,3103,0,3.228,
3363.3,heavy,3101,1,4.222,
3366.7,heavy,3102,0,0.978,
3370.0,heavy,3103,0,3.691,
3373.3,heavy,3101,0,3.904,
3376.7,heavy,3102,1,1.166,
3380.0,heavy,3103,0,2.983,
3383.3,heavy,3101,1,4.767,
3386.7,heavy,3102,1,1.427,
3390.0,heavy,3103,0,3.998,
3393.3,heavy,3101,0,3.205,
3396.7,heavy,3102,0,0.928,
3400.0,light-3,3102,1,1.571,
3400.0,light-2,3101,1,2.233,
3400.0,light-1,3103,1,2.725,
3400.0,light-4,3103,1,2.712,
3400.0,light-5,3101,1,2.777,
3400.0,heavy,3103,0,3.811,
3403.3,heavy,3101,0,3.686,
3406.7,heavy,3102,1,1.293,
3410.0,heavy,3102,0,0.788,
3413.3,heavy,3103,0,4.053,
3416.7,heavy,3101,1,4.470,
3420.0,heavy,3102,1,1.568,
3423.3,heavy,3103,0,2.636,
3426.7,heavy,3101,0,1.969,
3430.0,heavy,3102,1,1.417,
3433.3,heavy,3103,0,3.787,
3436.7,heavy,3101,0,3.954,
3440.0,heavy,3102,0,1.006,
3443.3,heavy,3103,1,4.855,
3446.7,heavy,3101,0,4.041,
3450.0,heavy,3102,1,1.311,
3453.3,heavy,3103,0,4.589,
3456.7,heavy,3101,0,2.957,
3460.0,heavy,3102,0,1.112,
3463.3,heavy,3103,1,4.654,
3466.7,heavy,3101,0,3.561,
3470.0,heavy,3102,1,1.257,
3473.3,heavy,3103,0,3.761,
3476.7,heavy,3101,0,3.945,
3480.0,heavy,3102,0,0.902,
3483.3,heavy,3103,1,4.276,
3486.7,heavy,3101,0,3.556,
3490.0,heavy,3102,0,0.927,
3493.3,heavy,3103,0,3.958,
3496.7,heavy,3101,1,6.300,
3500.0,light-3,3102,1,1.373,
3500.0,light-1,3103,1,2.226,
3500.0,light-4,3103,1,2.367,
3500.0,light-2,3101,1,4.003,
3500.0,light-5,3101,1,4.009,
3500.0,heavy,3102,1,1.275,
3503.3,heavy,3102,0,0.806,
3506.7,heavy,3103,0,3.187,
3510.0,heavy,3101,0,2.806,
3513.3,heavy,3102,1,1.486,
3516.7,heavy,3103,0,3.841,
3520.0,heavy,3101,1,5.310,
3523.3,heavy,3102,0,0.868,
3526.7,heavy,3103,0,3.507,
3530.0,heavy,3101,1,5.732,
3533.3,heavy,3102,0,1.126,
3536.7,heavy,3103,0,3.582,
3540.0,heavy,3101,0,3.755,
3543.3,heavy,3102,1,1.253,
3546.7,heavy,3103,0,3.410,
3550.0,heavy,3101,0,3.806,
3553.3,heavy,3102,1,0.940,
3556.7,heavy,3103,1,4.208,
3560.0,heavy,3101,0,3.368,
3563.3,heavy,3102,0,1.218,
3566.7,heavy,3103,0,2.833,
3570.0,heavy,3101,0,3.389,
3573.3,heavy,3102,1,1.183,
3576.7,heavy,3103,0,3.670,
3580.0,heavy,3101,0,3.606,
3583.3,heavy,3102,1,1.102,
3586.7,heavy,3103,1,4.653,
3590.0,heavy,3101,0,3.728,
3593.3,heavy,3102,0,1.067,
3596.7,heavy,3103,0,2.051,
3600.0,light-2,3102,1,1.743,
3600.0,light-5,3102,1,2.098,
3600.0,light-1,3101,1,2.556,
3600.0,light-4,3101,1,2.565,
3600.0,light-3,3103,1,2.732,
3600.0,heavy,3101,0,4.117,
3603.3,heavy,3102,1,1.316,
3606.7,heavy,3103,0,4.126,
3610.0,heavy,3103,0,3.019,
3613.3,heavy,3101,1,4.529,
3616.7,heavy,3102,1,1.247,
3620.0,heavy,3103,0,3.606,
3623.3,heavy,3101,0,4.289,
3626.7,heavy,3102,0,1.277,
3630.0,heavy,3103,0,3.934,
3633.3,heavy,3101,1,4.272,
3636.7,heavy,3102,0,1.181,
3640.0,heavy,3103,1,5.004,
3643.3,heavy,3101,0,3.919,
3646.7,heavy,3102,1,1.282,
3650.0,heavy,3103,0,4.702,
3653.3,heavy,3101,0,4.394,
3656.7,heavy,3102,0,1.067,
3660.0,heavy,3103,0,4.910,
3663.3,heavy,3101,0,3.300,
3666.7,heavy,3102,1,1.146,
3670.0,heavy,3103,0,4.727,
3673.3,heavy,3101,1,3.593,
3676.7,heavy,3102,0,0.815,
3680.0,heavy,3103,0,3.837,
3683.3,heavy,3101,1,4.041,
3686.7,heavy,3102,0,1.138,
3690.0,heavy,3103,0,4.398,
3693.3,heavy,3101,0,4.380,
3696.7,heavy,3102,1,1.531,
3700.0,light-2,3102,1,1.700,
3700.0,light-5,3102,1,1.991,
3700.0,light-1,3101,1,2.718,
3700.0,light-3,3103,1,3.251,
3700.0,light-4,3101,1,3.387,
3700.0,heavy,3103,0,4.088,
3703.3,heavy,3103,1,4.379,
3706.7,heavy,3101,0,4.413,
3710.0,heavy,3102,0,1.335,
3713.3,heavy,3103,1,4.659,
3716.7,heavy,3101,0,3.368,
3720.0,heavy,3102,0,1.103,
3723.3,heavy,3103,0,4.473,
3726.7,heavy,3101,1,5.608,
3730.0,heavy,3102,1,1.128,
3733.3,heavy,3103,0,3.523,
3736.7,heavy,3101,0,2.499,
3740.0,heavy,3102,1,1.464,
3743.3,heavy,3103,0,4.151,
3746.7,heavy,3101,0,4.601,
3750.0,heavy,3102,0,0.969,
3753.3,heavy,3103,1,8.594,
3756.7,heavy,3101,0,3.677,
3760.0,heavy,3102,1,1.157,
3763.3,heavy,3103,0,7.168,
3766.7,heavy,3101,0,3.422,
3770.0,heavy,3102,0,0.989,
3773.3,heavy,3103,0,7.265,
3776.7,heavy,3101,1,4.908,
3780.0,heavy,3102,0,1.042,
3783.3,heavy,3103,0,4.774,
3786.7,heavy,3101,1,2.609,
3790.0,heavy,3102,0,1.002,
3793.3,heavy,3103,1,5.294,
3796.7,heavy,3101,0,3.104,
3800.0,light-5,3101,1,2.839,
3800.0,light-2,3101,1,5.359,
3800.0,light-1,3103,1,6.008,
3800.0,light-3,3102,1,6.059,
3800.0,light-4,3103,1,6.762,
3800.0,heavy,3102,1,1.588,
3803.3,heavy,3102,0,2.421,
3806.7,heavy,3103,0,4.365,
3810.0,heavy,3101,0,3.517,
3813.3,heavy,3102,1,1.410,
3816.7,heavy,3103,0,3.484,
3820.0,heavy,3101,0,3.723,
3823.3,heavy,3102,1,1.292,
3826.7,heavy,3103,0,2.240,
3830.0,heavy,3101,0,3.819,
3833.3,heavy,3102,1,1.378,
3836.7,heavy,3103,1,4.324,
3840.0,heavy,3101,0,3.962,
3843.3,heavy,3102,0,0.913,
3846.7,heavy,3103,0,3.615,
3850.0,heavy,3101,0,3.679,
3853.3,heavy,3102,1,1.555,
3856.7,heavy,3103,0,1.912,
3860.0,heavy,3101,1,4.970,
3863.3,heavy,3102,1,1.419,
3866.7,heavy,3103,0,4.360,
3870.0,heavy,3101,0,4.669,
3873.3,heavy,3102,0,1.606,
3876.7,heavy,3103,0,3.614,
3880.0,heavy,3101,0,4.033,
3883.3,heavy,3102,1,1.441,
3886.7,heavy,3103,0,3.773,
3890.0,heavy,3101,0,3.045,
3893.3,heavy,3102,1,1.257,
3896.7,heavy,3103,0,5.971,
3900.0,light-4,3102,1,2.722,
3900.0,light-2,3103,1,3.342,
3900.0,light-1,3102,1,5.042,
3900.0,light-3,3101,1,7.644,
3900.0,light-5,3103,1,7.693,
3900.0,heavy,3101,1,5.897,
3903.3,heavy,3101,0,6.046,
3906.7,heavy,3102,0,0.970,
3910.0,heavy,3103,0,2.761,
3913.3,heavy,3101,0,3.275,
3916.7,heavy,3102,1,1.042,
3920.0,heavy,3103,0,2.761,
3923.3,heavy,3101,1,5.675,
3926.7,heavy,3102,1,1.493,
3930.0,heavy,3103,0,4.472,
3933.3,heavy,3101,0,3.760,
3936.7,heavy,3102,0,1.477,
3940.0,heavy,3103,0,3.611,
3943.3,heavy,3101,1,4.165,
3946.7,heavy,3102,1,1.293,
3950.0,heavy,3103,0,3.913,
3953.3,heavy,3101,0,4.146,
3956.7,heavy,3102,0,0.932,
3960.0,heavy,3103,0,3.432,
3963.3,heavy,3101,0,2.992,
3966.7,heavy,3102,1,1.193,
3970.0,heavy,3103,0,2.034,
3973.3,heavy,3101,1,4.233,
3976.7,heavy,3102,1,1.188,
3980.0,heavy,3103,0,3.357,
3983.3,heavy,3101,0,4.036,
3986.7,heavy,3102,0,0.855,
3990.0,heavy,3103,1,4.401,
3993.3,heavy,3101,0,3.616,
3996.7,heavy,3102,1,1.284,
4000.0,light-2,3102,1,1.492,
4000.0,light-5,3102,1,1.675,
4000.0,light-1,3101,1,2.220,
4000.0,light-3,3103,1,2.276,
4000.0,light-4,3101,1,2.361,
4000.0,heavy,3103,0,4.252,
4003.3,heavy,3103,0,3.296,
4006.7,heavy,3101,0,2.962,
4010.0,heavy,3102,0,1.202,
4013.3,heavy,3103,1,4.708,
4016.7,heavy,3101,0,3.700,
4020.0,heavy,3102,0,1.084,
4023.3,heavy,3103,0,5.505,
4026.7,heavy,3101,1,5.897,
4030.0,heavy,3102,1,1.337,
4033.3,heavy,3103,0,4.301,
4036.7,heavy,3101,0,2.055,
4040.0,heavy,3102,0,1.115,
4043.3,heavy,3103,0,5.303,
4046.7,heavy,3101,1,4.281,
4050.0,heavy,3102,1,1.706,
4053.3,heavy,3103,0,5.062,
4056.7,heavy,3101,0,4.592,
4060.0,heavy,3102,0,1.123,
4063.3,heavy,3103,1,4.584,
4066.7,heavy,3101,0,4.093,
4070.0,heavy,3102,1,1.361,
4073.3,heavy,3103,0,2.954,
4076.7,heavy,3101,0,6.973,
4080.0,heavy,3102,1,1.915,
4083.3,heavy,3103,0,8.544,
4086.7,heavy,3101,0,8.124,
4090.0,heavy,3102,1,6.365,
4093.3,heavy,3103,0,5.876,
4096.7,heavy,3101,0,5.715,
4100.0,light-1,3103,1,2.111,
4100.0,light-2,3101,1,2.219,
4100.0,light-3,3102,1,2.283,
4100.0,light-4,3103,1,2.337,
4100.0,light-5,3101,1,2.394,
4100.0,heavy,3102,0,2.141,
4103.3,heavy,3102,1,2.104,
4106.7,heavy,3103,0,4.718,
4110.0,heavy,3101,0,5.350,
4113.3,heavy,3102,1,2.152,
4116.7,heavy,3103,0,4.646,
4120.0,heavy,3101,0,3.723,
4123.3,heavy,3102,1,1.920,
4126.7,heavy,3103,0,4.432,
4130.0,heavy,3101,0,3.545,
4133.3,heavy,3102,1,3.292,
4136.7,heavy,3103,0,3.713,
4140.0,heavy,3101,1,4.374,
4143.3,heavy,3102,0,1.422,
4146.7,heavy,3103,0,3.874,
4150.0,heavy,3101,0,3.307,
4153.3,heavy,3102,1,1.150,
4156.7,heavy,3103,0,3.676,
4160.0,heavy,3101,0,3.103,
4163.3,heavy,3102,1,1.622,
4166.7,heavy,3103,0,1.831,
4170.0,heavy,3101,1,4.437,
4173.3,heavy,3102,1,1.974,
4176.7,heavy,3103,0,4.766,
4180.0,heavy,3101,0,4.284,
4183.3,heavy,3102,0,1.686,
4186.7,heavy,3103,0,3.374,
4190.0,heavy,3101,0,3.459,
4193.3,heavy,3102,1,0.963,
4196.7,heavy,3103,0,4.657,
4200.0,light-1,3102,1,2.498,
4200.0,light-2,3103,1,2.766,
4200.0,light-4,3102,1,2.850,
4200.0,light-5,3103,1,2.938,
4200.0,light-3,3101,1,3.186,
4200.0,heavy,3101,1,5.459,
4203.3,heavy,3102,1,2.427,
4206.7,heavy,3103,0,4.467,
4210.0,heavy,3101,0,5.743,
4213.3,heavy,3101,0,4.041,
4216.7,heavy,3102,0,0.929,
4220.0,heavy,3103,0,4.177,
4223.3,heavy,3101,1,4.726,
4226.7,heavy,3102,1,1.440,
4230.0,heavy,3103,0,4.420,
4233.3,heavy,3101,0,4.688,
4236.7,heavy,3102,0,1.346,
4240.0,heavy,3103,0,4.032,
4243.3,heavy,3101,0,3.499,
4246.7,heavy,3102,1,1.454,
4250.0,heavy,3103,0,3.358,
4253.3,heavy,3101,1,4.499,
4256.7,heavy,3102,1,1.216,
4260.0,heavy,3103,0,3.639,
4263.3,heavy,3101,0,4.256,
4266.7,heavy,3102,0,0.801,
4270.0,heavy,3103,0,3.700,
4273.3,heavy,3101,0,4.129,
4276.7,heavy,3102,1,1.285,
4280.0,heavy,3103,0,3.866,
4283.3,heavy,3101,1,3.824,
4286.7,heavy,3102,0,0.964,
4290.0,heavy,3103,0,4.087,
4293.3,heavy,3101,1,4.586,
4296.7,heavy,3102,0,2.454,
4300.0,light-1,3101,1,1.831,
4300.0,light-3,3103,1,2.815,
4300.0,light-4,3101,1,6.528,
4300.0,light-2,3102,1,7.264,
4300.0,light-5,3102,1,7.485,
4300.0,heavy,3103,1,7.595,
4303.3,heavy,3103,0,4.599,
4306.7,heavy,3101,0,3.260,
4310.0,heavy,3102,0,0.988,
4313.3,heavy,3103,1,4.757,
4316.7,heavy,3101,0,3.838,
4320.0,heavy,3102,1,1.372,
4323.3,heavy,3103,0,4.582,
4326.7,heavy,3101,0,4.210,
4330.0,heavy,3102,0,1.021,
4333.3,heavy,3103,0,4.093,
4336.7,heavy,3101,1,4.686,
4340.0,heavy,3102,1,1.345,
4343.3,heavy,3103,0,2.982,
4346.7,heavy,3101,0,2.439,
4350.0,heavy,3102,1,1.609,
4353.3,heavy,3103,0,5.041,
4356.7,heavy,3101,0,4.063,
4360.0,heavy,3102,1,1.447,
4363.3,heavy,3103,0,3.940,
4366.7,heavy,3101,0,3.832,
4370.0,heavy,3102,0,1.098,
4373.3,heavy,3103,1,5.007,
4376.7,heavy,3101,0,4.450,
4380.0,heavy,3102,1,1.647,
4383.3,heavy,3103,0,4.774,
4386.7,heavy,3101,0,4.877,
4390.0,heavy,3102,0,1.399,
4393.3,heavy,3103,1,3.141,
4396.7,heavy,3101,0,4.003,
4400.0,light-2,3102,1,1.499,
4400.0,light-5,3102,1,1.867,
4400.0,light-1,3101,1,3.062,
4400.0,light-3,3103,1,3.210,
4400.0,light-4,3101,1,3.376,
4400.0,heavy,3102,1,1.317,
4403.3,heavy,3103,0,3.740,
4406.7,heavy,3103,0,4.603,
4410.0,heavy,3101,1,4.237,
4413.3,heavy,3102,0,1.115,
4416.7,heavy,3103,0,3.463,
4420.0,heavy,3101,0,3.566,
4423.3,heavy,3102,1,0.917,
4426.7,heavy,3103,0,3.687,
4430.0,heavy,3101,0,3.787,
4433.3,heavy,3102,1,1.472,
4436.7,heavy,3103,0,2.055,
4440.0,heavy,3101,0,3.539,
4443.3,heavy,3102,1,1.150,
4446.7,heavy,3103,1,3.997,
4450.0,heavy,3101,0,6.309,
4453.3,heavy,3102,0,0.869,
4456.7,heavy,3103,0,2.634,
4460.0,heavy,3101,1,4.863,
4463.3,heavy,3102,0,0.885,
4466.7,heavy,3103,0,2.486,
4470.0,heavy,3101,0,5.144,
4473.3,heavy,3102,1,1.345,
4476.7,heavy,3103,0,3.766,
4480.0,heavy,3101,0,5.310,
4483.3,heavy,3102,1,0.989,
4486.7,heavy,3103,0,3.209,
4490.0,heavy,3101,0,4.090,
4493.3,heavy,3102,1,1.183,
4496.7,heavy,3103,0,6.569,
4500.0,light-1,3102,1,2.558,
4500.0,light-4,3102,1,3.060,
4500.0,light-3,3101,1,3.693,
4500.0,light-2,3103,1,3.957,
4500.0,light-5,3103,1,4.122,
4500.0,heavy,3101,1,5.630,
4503.3,heavy,3102,1,2.507,
4506.7,heavy,3103,0,6.272,
4510.0,heavy,3101,0,5.763,
4513.3,heavy,3101,0,4.864,
4516.7,heavy,3102,0,0.939,
4520.0,heavy,3103,0,4.431,
4523.3,heavy,3101,1,4.545,
4526.7,heavy,3102,1,1.761,
4530.0,heavy,3103,0,4.294,
4533.3,heavy,3101,0,4.555,
4536.7,heavy,3102,0,1.876,
4540.0,heavy,3103,0,5.899,
4543.3,heavy,3101,1,6.338,
4546.7,heavy,3102,1,2.488,
4550.0,heavy,3103,0,5.916,
4553.3,heavy,3101,0,2.650,
4556.7,heavy,3102,0,1.477,
4560.0,heavy,3103,0,3.934,
4563.3,heavy,3101,1,4.828,
4566.7,heavy,3102,0,1.218,
4570.0,heavy,3103,0,3.396,
4573.3,heavy,3101,1,4.534,
4576.7,heavy,3102,0,0.952,
4580.0,heavy,3103,0,4.192,
4583.3,heavy,3101,1,5.767,
4586.7,heavy,3102,0,1.508,
4590.0,heavy,3103,1,5.562,
4593.3,heavy,3101,0,4.388,
4596.7,heavy,3102,0,2.254,
4600.0,light-1,3101,1,1.749,
4600.0,light-4,3101,1,2.039,
4600.0,light-2,3102,1,2.310,
4600.0,light-5,3102,1,2.288,
4600.0,light-3,3103,1,3.573,
4600.0,heavy,3103,0,5.025,
4603.3,heavy,3103,1,4.730,
4606.7,heavy,3101,0,3.183,
4610.0,heavy,3102,0,1.100,
4613.3,heavy,3103,1,5.137,
4616.7,heavy,3101,0,3.944,
4620.0,heavy,3102,1,1.308,
4623.3,heavy,3103,0,4.836,
4626.7,heavy,3101,0,4.479,
4630.0,heavy,3102,0,1.437,
4633.3,heavy,3103,1,3.643,
4636.7,heavy,3101,0,2.975,
4640.0,heavy,3102,1,1.289,
4643.3,heavy,3103,0,2.128,
4646.7,heavy,3101,0,2.871,
4650.0,heavy,3102,0,1.014,
4653.3,heavy,3103,1,3.072,
4656.7,heavy,3101,0,2.844,
4660.0,heavy,3102,1,1.358,
4663.3,heavy,3103,0,3.226,
4666.7,heavy,3101,0,2.882,
4670.0,heavy,3102,0,0.809,
4673.3,heavy,3103,0,3.478,
4676.7,heavy,3101,1,3.804,
4680.0,heavy,3102,1,1.204,
4683.3,heavy,3103,0,3.342,
4686.7,heavy,3101,0,3.435,
4690.0,heavy,3102,0,1.425,
4693.3,heavy,3103,1,4.903,
4696.7,heavy,3101,0,3.698,
4700.0,light-2,3101,1,1.027,
4700.0,light-3,3102,1,1.342,
4700.0,light-5,3101,1,1.394,
4700.0,light-1,3103,1,1.771,
4700.0,light-4,3103,1,2.003,
4700.0,heavy,3102,0,1.390,
4703.3,heavy,3102,1,1.451,
4706.7,heavy,3103,0,3.640,
4710.0,heavy,3101,0,4.612,
4713.3,heavy,3102,1,2.494,
4716.7,heavy,3103,0,3.640,
4720.0,heavy,3101,0,5.361,
4723.3,heavy,3102,1,1.142,
4726.7,heavy,3103,0,3.397,
4730.0,heavy,3101,0,3.834,
4733.3,heavy,3102,1,1.127,
4736.7,heavy,3103,0,4.315,
4740.0,heavy,3101,0,3.748,
4743.3,heavy,3102,1,1.384,
4746.7,heavy,3103,0,2.667,
4750.0,heavy,3101,0,2.862,
4753.3,heavy,3102,1,1.544,
4756.7,heavy,3103,1,4.457,
4760.0,heavy,3101,0,3.059,
4763.3,heavy,3102,0,1.609,
4766.7,heavy,3103,0,4.050,
4770.0,heavy,3101,0,3.936,
4773.3,heavy,3102,1,1.158,
4776.7,heavy,3103,0,3.248,
4780.0,heavy,3101,0,3.520,
4783.3,heavy,3102,1,1.207,
4786.7,heavy,3103,0,4.454,
4790.0,heavy,3101,1,4.696,
4793.3,heavy,3102,0,0.887,
4796.7,heavy,3103,0,3.082,
4800.0,light-1,3102,1,2.155,
4800.0,light-2,3103,1,2.223,
4800.0,light-4,3102,1,2.260,
4800.0,light-5,3103,1,2.361,
4800.0,light-3,3101,1,2.631,
4800.0,heavy,3101,0,3.545,
4803.3,heavy,3101,1,4.023,
4806.7,heavy,3102,1,1.294,
4810.0,heavy,3103,0,7.183,
4813.3,heavy,3101,0,2.687,
4816.7,heavy,3102,0,0.858,
4820.0,heavy,3103,0,3.071,
4823.3,heavy,3101,1,3.795,
4826.7,heavy,3102,0,0.737,
4830.0,heavy,3103,1,4.570,
4833.3,heavy,3101,0,3.532,
4836.7,heavy,3102,0,1.447,
4840.0,heavy,3103,0,4.081,
4843.3,heavy,3101,1,4.305,
4846.7,heavy,3102,0,1.194,
4850.0,heavy,3103,1,4.801,
4853.3,heavy,3101,0,3.740,
4856.7,heavy,3102,1,1.331,
4860.0,heavy,3103,0,4.569,
4863.3,heavy,3101,0,2.897,
4866.7,heavy,3102,0,1.067,
4870.0,heavy,3103,0,3.971,
4873.3,heavy,3101,0,3.205,
4876.7,heavy,3102,1,1.259,
4880.0,heavy,3103,0,3.431,
4883.3,heavy,3101,1,4.340,
4886.7,heavy,3102,0,0.995,
4890.0,heavy,3103,1,4.739,
4893.3,heavy,3101,0,3.528,
4896.7,heavy,3102,0,1.018,
4900.0,light-1,3101,1,1.341,
4900.0,light-2,3102,1,1.671,
4900.0,light-4,3101,1,1.775,
4900.0,light-5,3102,1,1.859,
4900.0,light-3,3103,1,2.674,
4900.0,heavy,3103,1,4.897,
4903.3,heavy,3103,0,3.893,
4906.7,heavy,3101,0,3.284,
4910.0,heavy,3102,0,1.112,
4913.3,heavy,3103,0,3.736,
4916.7,heavy,3101,1,4.138,
4920.0,heavy,3102,1,1.288,
4923.3,heavy,3103,0,3.779,
4926.7,heavy,3101,0,1.986,
4930.0,heavy,3102,0,0.965,
4933.3,heavy,3103,0,3.598,
4936.7,heavy,3101,0,3.876,
4940.0,heavy,3102,1,1.241,
4943.3,heavy,3103,1,3.977,
4946.7,heavy,3101,0,3.354,
4950.0,heavy,3102,0,0.902,
4953.3,heavy,3103,1,4.322,
4956.7,heavy,3101,0,3.762,
4960.0,heavy,3102,0,0.988,
4963.3,heavy,3103,1,4.084,
4966.7,heavy,3101,0,3.096,
4970.0,heavy,3102,0,0.897,
4973.3,heavy,3103,1,4.897,
4976.7,heavy,3101,0,3.977,
4980.0,heavy,3102,1,1.601,
4983.3,heavy,3103,0,4.844,
4986.7,heavy,3101,0,4.350,
4990.0,heavy,3102,0,1.123,
4993.3,heavy,3103,0,8.708,
4996.7,heavy,3101,0,5.251,
5000.0,heavy,3102,1,1.416,
5000.0,light-5,3101,1,3.173,
5000.0,light-3,3102,1,7.709,
5000.0,light-2,3101,1,8.420,
5000.0,light-1,3103,1,8.849,
5000.0,light-4,3103,1,12.574,
5003.3,heavy,3102,1,2.722,
5006.7,heavy,3103,0,12.394,
5010.0,heavy,3101,0,2.984,
5013.3,heavy,3102,1,1.007,
5016.7,heavy,3103,0,4.361,
5020.0,heavy,3101,0,3.389,
5023.3,heavy,3102,1,1.085,
5026.7,heavy,3103,0,4.111,
5030.0,heavy,3101,0,3.496,
5033.3,heavy,3102,1,1.285,
5036.7,heavy,3103,0,3.810,
5040.0,heavy,3101,0,2.351,
5043.3,heavy,3102,1,1.361,
5046.7,heavy,3103,0,4.063,
5050.0,heavy,3101,0,3.144,
5053.3,heavy,3102,1,1.655,
5056.7,heavy,3103,0,3.688,
5060.0,heavy,3101,1,4.001,
5063.3,heavy,3102,0,0.834,
5066.7,heavy,3103,0,2.728,
5070.0,heavy,3101,1,4.503,
5073.3,heavy,3102,0,0.902,
5076.7,heavy,3103,0,3.199,
5080.0,heavy,3101,0,3.311,
5083.3,heavy,3102,1,0.994,
5086.7,heavy,3103,0,5.644,
5090.0,heavy,3101,1,5.592,
5093.3,heavy,3102,1,1.568,
5096.7,heavy,3103,0,5.625,
5100.0,heavy,3101,0,5.698,
5100.0,light-2,3103,1,2.945,
5100.0,light-4,3102,1,3.327,
5100.0,light-1,3102,1,4.808,
5100.0,light-5,3103,1,7.542,
5100.0,light-3,3101,1,8.208,
5103.3,heavy,3101,0,5.480,
5106.7,heavy,3102,0,0.963,
5110.0,heavy,3103,0,3.583,
5113.3,heavy,3101,1,3.846,
5116.7,heavy,3102,0,0.925,
5120.0,heavy,3103,1,7.481,
5123.3,heavy,3101,0,2.915,
5126.7,heavy,3102,0,0.986,
5130.0,heavy,3103,0,3.679,
5133.3,heavy,3101,1,3.864,
5136.7,heavy,3102,0,0.803,
5140.0,heavy,3103,0,3.917,
5143.3,heavy,3101,1,4.389,
5146.7,heavy,3102,0,1.117,
5150.0,heavy,3103,0,3.449,
5153.3,heavy,3101,1,4.481,
5156.7,heavy,3102,0,0.909,
5160.0,heavy,3103,1,4.747,
5163.3,heavy,3101,0,3.385,
5166.7,heavy,3102,0,1.268,
5170.0,heavy,3103,0,3.685,
5173.3,heavy,3101,0,4.034,
5176.7,heavy,3102,1,1.300,
5180.0,heavy,3103,0,3.543,
5183.3,heavy,3101,1,3.667,
5186.7,heavy,3102,0,1.092,
5190.0,heavy,3103,1,4.301,
5193.3,heavy,3101,0,2.873,
5196.7,heavy,3102,0,0.646,
5200.0,heavy,3103,0,3.280,
5200.0,light-1,3101,1,1.326,
5200.0,light-2,3102,1,1.528,
5200.0,light-5,3102,1,1.602,
5200.0,light-4,3101,1,1.799,
5200.0,light-3,3103,1,2.507,
5203.3,heavy,3103,1,3.925,
5206.7,heavy,3101,0,3.117,
5210.0,heavy,3102,0,1.064,
5213.3,heavy,3103,1,4.240,
5216.7,heavy,3101,0,3.199,
5220.0,heavy,3102,1,1.828,
5223.3,heavy,3103,0,4.006,
5226.7,heavy,3101,0,2.276,
5230.0,heavy,3102,0,0.836,
5233.3,heavy,3103,0,3.375,
5236.7,heavy,3101,1,3.619,
5240.0,heavy,3102,0,1.252,
5243.3,heavy,3103,0,2.655,
5246.7,heavy,3101,1,1.273,
5250.0,heavy,3102,1,1.313,
5253.3,heavy,3103,0,3.549,
5256.7,heavy,3101,0,3.069,
5260.0,heavy,3102,0,1.190,
5263.3,heavy,3103,0,4.564,
5266.7,heavy,3101,1,3.446,
5270.0,heavy,3102,0,1.379,
5273.3,heavy,3103,0,4.721,
5276.7,heavy,3101,1,1.543,
5280.0,heavy,3102,0,0.786,
5283.3,heavy,3103,1,4.703,
5286.7,heavy,3101,0,2.506,
5290.0,heavy,3102,0,0.799,
5293.3,heavy,3103,0,4.126,
5296.7,heavy,3101,0,3.676,
5300.0,heavy,3102,1,2.547,
5300.0,light-1,3103,1,1.993,
5300.0,light-2,3101,1,2.124,
5300.0,light-5,3101,1,2.128,
5300.0,light-4,3103,1,2.292,
5300.0,light-3,3102,1,2.541,
5303.3,heavy,3102,1,1.054,
5306.7,heavy,3103,0,4.413,
5310.0,heavy,3101,0,3.883,
5313.3,heavy,3102,1,1.481,
5316.7,heavy,3103,0,2.596,
5320.0,heavy,3101,0,3.343,
5323.3,heavy,3102,1,1.469,
5326.7,heavy,3103,0,4.265,
5330.0,heavy,3101,0,3.554,
5333.3,heavy,3102,1,0.865,
5336.7,heavy,3103,0,3.786,
5340.0,heavy,3101,0,3.191,
5343.3,heavy,3102,1,1.261,
5346.7,heavy,3103,0,2.185,
5350.0,heavy,3101,1,4.130,
5353.3,heavy,3102,1,1.537,
5356.7,heavy,3103,0,3.520,
5360.0,heavy,3101,0,3.906,
5363.3,heavy,3102,0,1.500,
5366.7,heavy,3103,0,4.120,
5370.0,heavy,3101,0,3.358,
5373.3,heavy,3102,1,1.307,
5376.7,heavy,3103,0,3.853,
5380.0,heavy,3101,0,2.837,
5383.3,heavy,3102,1,1.304,
5386.7,heavy,3103,1,4.003,
5390.0,heavy,3101,0,3.202,
5393.3,heavy,3102,0,1.387,
5396.7,heavy,3103,0,3.126,
5400.0,heavy,3101,0,3.409,
5400.0,light-1,3102,1,1.365,
5400.0,light-2,3103,1,1.517,
5400.0,light-4,3102,1,1.793,
5400.0,light-5,3103,1,1.893,
5400.0,light-3,3101,1,2.485,
5403.3,heavy,3101,0,3.214,
5406.7,heavy,3102,1,1.004,
5410.0,heavy,3103,1,3.680,
5413.3,heavy,3101,0,2.790,
5416.7,heavy,3102,0,0.788,
5420.0,heavy,3103,0,4.416,
5423.3,heavy,3101,1,4.714,
5426.7,heavy,3102,0,1.630,
5430.0,heavy,3103,0,3.256,
5433.3,heavy,3101,0,3.200,
5436.7,heavy,3102,1,1.185,
5440.0,heavy,3103,0,3.320,
5443.3,heavy,3101,1,3.892,
5446.7,heavy,3102,0,1.035,
5450.0,heavy,3103,0,4.207,
5453.3,heavy,3101,1,4.336,
5456.7,heavy,3102,0,1.280,
5460.0,heavy,3103,0,2.631,
5463.3,heavy,3101,0,3.155,
5466.7,heavy,3102,1,1.148,
5470.0,heavy,3103,0,3.042,
5473.3,heavy,3101,0,3.761,
5476.7,heavy,3102,1,1.416,
5480.0,heavy,3103,0,3.721,
5483.3,heavy,3101,0,3.563,
5486.7,heavy,3102,1,0.872,
5490.0,heavy,3103,0,6.611,
5493.3,heavy,3101,1,7.544,
5496.7,heavy,3102,1,1.563,
5500.0,heavy,3103,0,6.941,
5500.0,light-1,3101,1,2.580,
5500.0,light-3,3103,1,3.111,
5500.0,light-2,3102,1,7.149,
5500.0,light-4,3101,1,8.042,
5500.0,light-5,3102,1,8.208,
5503.3,heavy,3103,0,4.420,
5506.7,heavy,3101,0,3.558,
5510.0,heavy,3102,0,0.902,
5513.3,heavy,3103,1,3.576,
5516.7,heavy,3101,0,3.079,
5520.0,heavy,3102,1,1.054,
5523.3,heavy,3103,0,3.421,
5526.7,heavy,3101,0,2.857,
5530.0,heavy,3102,0,1.022,
5533.3,heavy,3103,1,4.449,
5536.7,heavy,3101,0,3.404,
5540.0,heavy,3102,1,1.199,
5543.3,heavy,3103,0,4.105,
5546.7,heavy,3101,0,3.386,
5550.0,heavy,3102,0,0.881,
5553.3,heavy,3103,1,4.177,
5556.7,heavy,3101,0,4.127,
5560.0,heavy,3102,1,1.172,
5563.3,heavy,3103,0,2.994,
5566.7,heavy,3101,0,3.334,
5570.0,heavy,3102,1,1.441,
5573.3,heavy,3103,0,3.729,
5576.7,heavy,3101,0,3.444,
5580.0,heavy,3102,0,0.937,
5583.3,heavy,3103,0,3.632,
5586.7,heavy,3101,1,4.008,
5590.0,heavy,3102,1,1.316,
5593.3,heavy,3103,0,2.473,
5596.7,heavy,3101,0,1.355,
5600.0,heavy,3102,1,1.569,
5600.0,light-1,3102,1,1.377,
5600.0,light-4,3102,1,1.560,
5600.0,light-2,3103,1,2.061,
5600.0,light-3,3101,1,2.177,
5600.0,light-5,3103,1,2.267,
5603.3,heavy,3103,0,3.307,
5606.7,heavy,3101,0,2.928,
5610.0,heavy,3101,0,2.291,
5613.3,heavy,3102,1,2.279,
5616.7,heavy,3103,0,4.061,
5620.0,heavy,3101,0,4.189,
5623.3,heavy,3102,1,2.351,
5626.7,heavy,3103,0,2.477,
5630.0,heavy,3101,0,3.718,
5633.3,heavy,3102,1,1.511,
5636.7,heavy,3103,0,4.134,
5640.0,heavy,3101,0,2.456,
5643.3,heavy,3102,1,1.586,
5646.7,heavy,3103,0,3.698,
5650.0,heavy,3101,0,3.670,
5653.3,heavy,3102,1,1.638,
5656.7,heavy,3103,0,2.653,
5660.0,heavy,3101,0,3.547,
5663.3,heavy,3102,1,1.260,
5666.7,heavy,3103,0,4.221,
5670.0,heavy,3101,0,3.986,
5673.3,heavy,3102,1,1.133,
5676.7,heavy,3103,0,4.567,
5680.0,heavy,3101,0,3.671,
5683.3,heavy,3102,1,1.122,
5686.7,heavy,3103,0,3.296,
5690.0,heavy,3101,0,3.254,
5693.3,heavy,3102,1,1.080,
5696.7,heavy,3103,0,4.675,
5700.0,heavy,3101,1,4.621,
5700.0,light-1,3102,1,1.319,
5700.0,light-4,3102,1,1.829,
5700.0,light-3,3101,1,3.022,
5700.0,light-2,3103,1,3.217,
5700.0,light-5,3103,1,3.236,
5703.3,heavy,3101,0,3.323,
5706.7,heavy,3102,1,1.294,
5710.0,heavy,3103,0,3.163,
5713.3,heavy,3101,0,2.676,
5716.7,heavy,3102,0,1.159,
5720.0,heavy,3103,0,2.893,
5723.3,heavy,3101,0,4.724,
5726.7,heavy,3102,1,1.689,
5730.0,heavy,3103,1,3.766,
5733.3,heavy,3101,0,2.940,
5736.7,heavy,3102,0,0.963,
5740.0,heavy,3103,0,3.979,
5743.3,heavy,3101,1,4.554,
5746.7,heavy,3102,1,1.294,
5750.0,heavy,3103,0,4.280,
5753.3,heavy,3101,0,4.530,
5756.7,heavy,3102,0,1.376,
5760.0,heavy,3103,0,3.840,
5763.3,heavy,3101,0,3.711,
5766.7,heavy,3102,1,1.129,
5770.0,heavy,3103,0,3.347,
5773.3,heavy,3101,1,4.383,
5776.7,heavy,3102,1,1.398,
5780.0,heavy,3103,0,3.559,
5783.3,heavy,3101,0,4.248,
5786.7,heavy,3102,0,0.999,
5790.0,heavy,3103,0,3.417,
5793.3,heavy,3101,0,3.517,
5796.7,heavy,3102,1,1.346,
5800.0,heavy,3103,0,3.526,
5800.0,light-2,3102,1,1.477,
5800.0,light-5,3102,1,1.602,
5800.0,light-1,3101,1,2.061,
5800.0,light-3,3103,1,2.135,
5800.0,light-4,3101,1,2.215,
5803.3,heavy,3103,1,2.843,
5806.7,heavy,3101,0,3.571,
5810.0,heavy,3102,1,1.475,
5813.3,heavy,3103,0,4.349,
5816.7,heavy,3101,0,1.952,
5820.0,heavy,3102,0,1.152,
5823.3,heavy,3103,1,4.764,
5826.7,heavy,3101,0,4.229,
5830.0,heavy,3102,1,1.370,
5833.3,heavy,3103,0,3.146,
5836.7,heavy,3101,0,3.271,
5840.0,heavy,3102,1,1.322,
5843.3,heavy,3103,0,3.566,
5846.7,heavy,3101,0,3.376,
5850.0,heavy,3102,0,0.814,
5853.3,heavy,3103,0,3.729,
5856.7,heavy,3101,1,4.230,
5860.0,heavy,3102,1,1.637,
5863.3,heavy,3103,0,3.920,
5866.7,heavy,3101,0,1.745,
5870.0,heavy,3102,1,1.640,
5873.3,heavy,3103,0,3.881,
5876.7,heavy,3101,0,4.154,
5880.0,heavy,3102,1,1.745,
5883.3,heavy,3103,0,3.931,
5886.7,heavy,3101,0,3.071,
5890.0,heavy,3102,0,1.256,
5893.3,heavy,3103,0,3.972,
5896.7,heavy,3101,1,4.011,
5900.0,heavy,3102,1,1.388,
5900.0,light-3,3102,1,1.696,
5900.0,light-2,3101,1,2.542,
5900.0,light-1,3103,1,2.774,
5900.0,light-4,3103,1,3.209,
5900.0,light-5,3101,1,3.309,
5903.3,heavy,3102,0,0.940,
5906.7,heavy,3103,0,3.523,
5910.0,heavy,3101,0,2.569,
5913.3,heavy,3102,1,1.199,
5916.7,heavy,3103,0,3.228,
5920.0,heavy,3101,0,2.951,
5923.3,heavy,3102,1,0.859,
5926.7,heavy,3103,0,3.901,
5930.0,heavy,3101,0,3.008,
5933.3,heavy,3102,1,1.251,
5936.7,heavy,3103,0,3.749,
5940.0,heavy,3101,0,2.990,
5943.3,heavy,3102,1,1.446,
5946.7,heavy,3103,0,3.487,
5950.0,heavy,3101,0,3.216,
5953.3,heavy,3102,1,1.019,
5956.7,heavy,3103,0,2.960,
5960.0,heavy,3101,0,3.278,
5963.3,heavy,3102,1,1.091,
5966.7,heavy,3103,0,3.054,
5970.0,heavy,3101,0,2.511,
5973.3,heavy,3102,1,1.064,
5976.7,heavy,3103,0,4.195,
5980.0,heavy,3101,1,4.845,
5983.3,heavy,3102,0,1.248,
5986.7,heavy,3103,0,2.981,
5990.0,heavy,3101,0,2.911,
5993.3,heavy,3102,1,0.979,
5996.7,heavy,3103,0,3.389,
6000.0,heavy,3101,1,4.102,
6000.0,light-1,3102,1,1.225,
6000.0,light-2,3103,1,1.467,
6000.0,light-4,3102,1,1.543,
6000.0,light-5,3103,1,1.960,
6000.0,light-3,3101,1,2.393,
6003.3,heavy,3101,0,3.696,
6006.7,heavy,3102,0,1.005,
6010.0,heavy,3103,0,3.694,
6013.3,heavy,3101,1,3.996,
6016.7,heavy,3102,0,0.978,
6020.0,heavy,3103,0,4.070,
6023.3,heavy,3101,0,3.255,
6026.7,heavy,3102,1,1.406,
6030.0,heavy,3103,0,3.814,
6033.3,heavy,3101,1,3.121,
6036.7,heavy,3102,0,0.740,
6040.0,heavy,3103,1,4.692,
6043.3,heavy,3101,0,3.830,
6046.7,heavy,3102,0,1.058,
6050.0,heavy,3103,0,3.686,
6053.3,heavy,3101,1,4.480,
6056.7,heavy,3102,1,1.282,
6060.0,heavy,3103,0,3.919,
6063.3,heavy,3101,0,2.231,
6066.7,heavy,3102,0,0.639,
6070.0,heavy,3103,1,4.037,
6073.3,heavy,3101,0,3.146,
6076.7,heavy,3102,0,0.765,
6080.0,heavy,3103,0,3.715,
6083.3,heavy,3101,1,4.431,
6086.7,heavy,3102,1,1.292,
6090.0,heavy,3103,0,4.109,
6093.3,heavy,3101,0,2.359,
6096.7,heavy,3102,0,0.844,
6100.0,heavy,3103,0,6.980,
6100.0,light-5,3101,1,3.453,
6100.0,light-3,3102,1,5.855,
6100.0,light-2,3101,1,6.653,
6100.0,light-1,3103,1,6.847,
6100.0,light-4,3103,1,7.401,
6103.3,heavy,3101,0,4.760,
6106.7,heavy,3102,1,1.560,
6110.0,heavy,3102,0,1.207,
6113.3,heavy,3103,1,5.213,
6116.7,heavy,3101,0,3.452,
6120.0,heavy,3102,0,1.141,
6123.3,heavy,3103,0,3.878,
6126.7,heavy,3101,1,4.182,
6130.0,heavy,3102,1,1.232,
6133.3,heavy,3103,0,4.231,
6136.7,heavy,3101,0,4.332,
6140.0,heavy,3102,0,1.016,
6143.3,heavy,3103,0,4.246,
6146.7,heavy,3101,1,4.597,
6150.0,heavy,3102,1,1.416,
6153.3,heavy,3103,0,4.328,
6156.7,heavy,3101,0,1.760,
6160.0,heavy,3102,1,1.445,
6163.3,heavy,3103,0,3.472,
6166.7,heavy,3101,0,3.161,
6170.0,heavy,3102,0,0.874,
6173.3,heavy,3103,1,4.815,
6176.7,heavy,3101,0,4.066,
6180.0,heavy,3102,1,1.605,
6183.3,heavy,3103,0,4.611,
6186.7,heavy,3101,0,3.493,
6190.0,heavy,3102,0,1.106,
6193.3,heavy,3103,1,4.228,
6196.7,heavy,3101,0,3.342,
6200.0,heavy,3102,0,1.247,
6200.0,light-1,3103,1,1.327,
6200.0,light-2,3101,1,1.374,
6200.0,light-3,3102,1,1.433,
6200.0,light-5,3101,1,1.477,
6200.0,light-4,3103,1,1.639,
6203.3,heavy,3102,1,1.459,
6206.7,heavy,3103,0,4.155,
6210.0,heavy,3101,0,3.630,
6213.3,heavy,3102,1,1.596,
6216.7,heavy,3103,0,3.469,
6220.0,heavy,3101,0,2.646,
6223.3,heavy,3102,1,1.337,
6226.7,heavy,3103,1,10.934,
6230.0,heavy,3101,0,6.003,
6233.3,heavy,3102,0,1.629,
6236.7,heavy,3103,0,7.201,
6240.0,heavy,3101,1,3.467,
6243.3,heavy,3102,0,1.165,
6246.7,heavy,3103,0,3.467,
6250.0,heavy,3101,0,3.994,
6253.3,heavy,3102,1,1.351,
6256.7,heavy,3103,0,3.637,
6260.0,heavy,3101,0,3.233,
6263.3,heavy,3102,1,1.162,
6266.7,heavy,3103,0,3.261,
6270.0,heavy,3101,1,4.225,
6273.3,heavy,3102,0,0.944,
6276.7,heavy,3103,0,4.298,
6280.0,heavy,3101,0,3.368,
6283.3,heavy,3102,1,1.264,
6286.7,heavy,3103,0,3.424,
6290.0,heavy,3101,0,2.838,
6293.3,heavy,3102,1,0.960,
6296.7,heavy,3103,0,5.050,
6300.0,heavy,3101,1,5.441,
6300.0,light-2,3103,1,2.419,
6300.0,light-4,3102,1,2.914,
6300.0,light-1,3102,1,4.869,
6300.0,light-3,3101,1,6.720,
6300.0,light-5,3103,1,7.053,
6303.3,heavy,3102,1,1.300,
6306.7,heavy,3103,0,5.067,
6310.0,heavy,3101,0,5.474,
6313.3,heavy,3101,0,3.081,
6316.7,heavy,3102,0,0.721,
6320.0,heavy,3103,1,3.615,
6323.3,heavy,3101,0,2.837,
6326.7,heavy,3102,0,0.960,
6330.0,heavy,3103,0,3.104,
6333.3,heavy,3101,0,3.734,
6336.7,heavy,3102,1,1.136,
6340.0,heavy,3103,0,3.237,
6343.3,heavy,3101,1,2.927,
6346.7,heavy,3102,0,0.742,
6350.0,heavy,3103,0,3.643,
6353.3,heavy,3101,1,4.085,
6356.7,heavy,3102,0,1.064,
6360.0,heavy,3103,0,3.184,
6363.3,heavy,3101,1,4.229,
6366.7,heavy,3102,0,0.934,
6370.0,heavy,3103,1,3.422,
6373.3,heavy,3101,0,2.577,
6376.7,heavy,3102,0,0.805,
6380.0,heavy,3103,0,2.938,
6383.3,heavy,3101,0,3.230,
6386.7,heavy,3102,1,1.363,
6390.0,heavy,3103,0,2.744,
6393.3,heavy,3101,0,4.132,
6396.7,heavy,3102,1,1.332,
6400.0,heavy,3103,1,3.895,
6400.0,light-2,3102,1,1.992,
6400.0,light-5,3102,1,2.053,
6400.0,light-3,3103,1,2.287,
6400.0,light-1,3101,1,2.501,
6400.0,light-4,3101,1,2.762,
6403.3,heavy,3103,0,2.788,
6406.7,heavy,3101,0,2.683,
6410.0,heavy,3102,1,1.537,
6413.3,heavy,3103,0,3.759,
6416.7,heavy,3101,0,3.899,
6420.0,heavy,3102,0,1.075,
6423.3,heavy,3103,1,4.145,
6426.7,heavy,3101,0,3.374,
6430.0,heavy,3102,1,1.177,
6433.3,heavy,3103,0,3.959,
6436.7,heavy,3101,0,3.155,
6440.0,heavy,3102,0,1.133,
6443.3,heavy,3103,1,4.588,
6446.7,heavy,3101,0,3.724,
6450.0,heavy,3102,0,1.123,
6453.3,heavy,3103,1,1.966,
6456.7,heavy,3101,0,3.025,
6460.0,heavy,3102,1,1.142,
6463.3,heavy,3103,0,3.062,
6466.7,heavy,3101,0,2.532,
6470.0,heavy,3102,0,1.006,
6473.3,heavy,3103,0,4.516,
6476.7,heavy,3101,0,3.485,
6480.0,heavy,3102,1,1.214,
6483.3,heavy,3103,1,3.285,
6486.7,heavy,3101,0,3.517,
6490.0,heavy,3102,0,1.188,
6493.3,heavy,3103,1,3.618,
6496.7,heavy,3101,0,3.445,
6500.0,heavy,3102,1,1.565,
6500.0,light-1,3103,1,1.573,
6500.0,light-2,3101,1,1.628,
6500.0,light-3,3102,1,1.697,
6500.0,light-5,3101,1,2.041,
6500.0,light-4,3103,1,2.217,
6503.3,heavy,3102,0,0.737,
6506.7,heavy,3103,0,4.186,
6510.0,heavy,3101,0,3.369,
6513.3,heavy,3102,1,0.947,
6516.7,heavy,3103,0,3.665,
6520.0,heavy,3101,0,3.101,
6523.3,heavy,3102,1,1.366,
6526.7,heavy,3103,0,1.964,
6530.0,heavy,3101,0,3.653,
6533.3,heavy,3102,1,1.360,
6536.7,heavy,3103,0,3.587,
6540.0,heavy,3101,0,3.389,
6543.3,heavy,3102,1,0.916,
6546.7,heavy,3103,0,4.352,
6550.0,heavy,3101,0,3.359,
6553.3,heavy,3102,1,1.365,
6556.7,heavy,3103,0,4.074,
6560.0,heavy,3101,0,3.341,
6563.3,heavy,3102,1,1.262,
6566.7,heavy,3103,1,4.371,
6570.0,heavy,3101,0,3.921,
6573.3,heavy,3102,0,1.361,
6576.7,heavy,3103,0,1.978,
6580.0,heavy,3101,1,4.294,
6583.3,heavy,3102,1,1.050,
6586.7,heavy,3103,0,3.367,
6590.0,heavy,3101,0,4.099,
6593.3,heavy,3102,0,0.807,
6596.7,heavy,3103,0,6.336,
6600.0,heavy,3101,0,5.560,
6600.0,light-1,3101,1,2.656,
6600.0,light-3,3103,1,3.171,
6600.0,light-2,3102,1,6.297,
6600.0,light-4,3101,1,7.301,
6600.0,light-5,3102,1,7.813,
6603.3,heavy,3102,1,1.624,
6606.7,heavy,3103,0,6.182,
6610.0,heavy,3103,0,3.544,
6613.3,heavy,3101,1,3.820,
6616.7,heavy,3102,0,0.764,
6620.0,heavy,3103,1,3.844,
6623.3,heavy,3101,0,2.833,
6626.7,heavy,3102,0,0.960,
6630.0,heavy,3103,0,3.504,
6633.3,heavy,3101,0,3.779,
6636.7,heavy,3102,1,1.238,
6640.0,heavy,3103,1,3.601,
6643.3,heavy,3101,0,3.397,
6646.7,heavy,3102,0,0.987,
6650.0,heavy,3103,1,4.729,
6653.3,heavy,3101,0,3.868,
6656.7,heavy,3102,0,1.245,
6660.0,heavy,3103,0,2.795,
6663.3,heavy,3101,0,2.871,
6666.7,heavy,3102,1,1.352,
6670.0,heavy,3103,0,2.348,
6673.3,heavy,3101,0,4.091,
6676.7,heavy,3102,1,1.376,
6680.0,heavy,3103,1,4.406,
6683.3,heavy,3101,0,4.200,
6686.7,heavy,3102,0,1.153,
6690.0,heavy,3103,0,3.490,
6693.3,heavy,3101,1,3.537,
6696.7,heavy,3102,0,0.997,
6700.0,heavy,3103,1,4.014,
6700.0,light-2,3102,1,1.540,
6700.0,light-1,3101,1,1.823,
6700.0,light-5,3102,1,1.720,
6700.0,light-4,3101,1,1.922,
6700.0,light-3,3103,1,2.361,
6703.3,heavy,3103,0,3.771,
6706.7,heavy,3101,0,2.646,
6710.0,heavy,3102,0,0.956,
6713.3,heavy,3103,0,3.611,
6716.7,heavy,3101,1,3.954,
6720.0,heavy,3102,0,1.192,
6723.3,heavy,3103,1,4.105,
6726.7,heavy,3101,0,3.672,
6730.0,heavy,3102,1,1.291,
6733.3,heavy,3103,0,2.682,
6736.7,heavy,3101,0,5.074,
6740.0,heavy,3102,1,1.842,
6743.3,heavy,3103,0,3.665,
6746.7,heavy,3101,0,4.739,
6750.0,heavy,3102,0,0.881,
6753.3,heavy,3103,1,4.149,
6756.7,heavy,3101,0,3.344,
6760.0,heavy,3102,1,1.223,
6763.3,heavy,3103,0,2.395,
6766.7,heavy,3101,0,3.286,
6770.0,heavy,3102,1,1.327,
6773.3,heavy,3103,0,3.942,
6776.7,heavy,3101,0,3.727,
6780.0,heavy,3102,0,1.025,
6783.3,heavy,3103,0,4.109,
6786.7,heavy,3101,1,4.505,
6790.0,heavy,3102,1,1.552,
6793.3,heavy,3103,0,2.680,
6796.7,heavy,3101,0,1.341,
6800.0,heavy,3102,1,1.774,
6800.0,light-1,3102,1,1.946,
6800.0,light-4,3102,1,1.956,
6800.0,light-2,3103,1,2.325,
6800.0,light-3,3101,1,2.600,
6800.0,light-5,3103,1,2.688,
6803.3,heavy,3103,0,3.634,
6806.7,heavy,3101,0,3.726,
6810.0,heavy,3101,0,2.356,
6813.3,heavy,3102,1,1.316,
6816.7,heavy,3103,0,3.395,
6820.0,heavy,3101,0,2.726,
6823.3,heavy,3102,1,1.132,
6826.7,heavy,3103,0,3.154,
6830.0,heavy,3101,0,3.320,
6833.3,heavy,3102,1,0.836,
6836.7,heavy,3103,0,3.909,
6840.0,heavy,3101,0,3.454,
6843.3,heavy,3102,1,1.238,
6846.7,heavy,3103,0,3.409,
6850.0,heavy,3101,0,4.115,
6853.3,heavy,3102,1,1.455,
6856.7,heavy,3103,0,3.945,
6860.0,heavy,3101,1,4.172,
6863.3,heavy,3102,1,1.325,
6866.7,heavy,3103,0,4.195,
6870.0,heavy,3101,0,4.280,
6873.3,heavy,3102,0,1.114,
6876.7,heavy,3103,0,3.775,
6880.0,heavy,3101,0,4.185,
6883.3,heavy,3102,1,1.607,
6886.7,heavy,3103,0,3.847,
6890.0,heavy,3101,0,3.762,
6893.3,heavy,3102,1,1.432,
6896.7,heavy,3103,1,5.537,
6900.0,heavy,3101,0,4.334,
6900.0,light-1,3102,1,1.926,
6900.0,light-4,3102,1,2.193,
6900.0,light-2,3103,1,2.566,
6900.0,light-3,3101,1,2.672,
6900.0,light-5,3103,1,2.744,
6903.3,heavy,3101,0,3.963,
6906.7,heavy,3102,0,1.075,
6910.0,heavy,3103,0,4.656,
6913.3,heavy,3101,0,4.060,
6916.7,heavy,3102,1,1.594,
6920.0,heavy,3103,0,2.711,
6923.3,heavy,3101,1,4.933,
6926.7,heavy,3102,1,1.359,
6930.0,heavy,3103,0,3.922,
6933.3,heavy,3101,0,4.645,
6936.7,heavy,3102,0,1.199,
6940.0,heavy,3103,0,3.842,
6943.3,heavy,3101,1,4.298,
6946.7,heavy,3102,0,0.830,
6950.0,heavy,3103,0,3.842,
6953.3,heavy,3101,1,5.535,
6956.7,heavy,3102,0,0.920,
6960.0,heavy,3103,0,3.036,
6963.3,heavy,3101,1,3.419,
6966.7,heavy,3102,0,0.789,
6970.0,heavy,3103,0,2.870,
6973.3,heavy,3101,1,4.306,
6976.7,heavy,3102,1,1.300,
6980.0,heavy,3103,0,3.379,
6983.3,heavy,3101,0,1.834,
6986.7,heavy,3102,0,1.633,
6990.0,heavy,3103,0,4.533,
6993.3,heavy,3101,0,3.190,
6996.7,heavy,3102,1,1.344,
7000.0,heavy,3103,0,3.323,
7000.0,light-1,3101,1,1.118,
7000.0,light-2,3102,1,1.211,
7000.0,light-5,3102,1,1.237,
7000.0,light-4,3101,1,1.404,
7000.0,light-3,3103,1,2.249,
7003.3,heavy,3103,1,3.776,
7006.7,heavy,3101,0,3.291,
7010.0,heavy,3102,1,1.079,
7013.3,heavy,3103,0,2.416,
7016.7,heavy,3101,0,3.098,
7020.0,heavy,3102,1,1.202,
7023.3,heavy,3103,0,2.615,
7026.7,heavy,3101,0,3.198,
7030.0,heavy,3102,0,0.814,
7033.3,heavy,3103,1,4.225,
7036.7,heavy,3101,0,3.190,
7040.0,heavy,3102,1,1.276,
7043.3,heavy,3103,0,3.087,
7046.7,heavy,3101,0,3.150,
7050.0,heavy,3102,0,0.977,
7053.3,heavy,3103,1,3.769,
7056.7,heavy,3101,0,4.084,
7060.0,heavy,3102,0,0.850,
7063.3,heavy,3103,1,4.363,
7066.7,heavy,3101,0,3.441,
7070.0,heavy,3102,1,1.190,
7073.3,heavy,3103,0,4.119,
7076.7,heavy,3101,0,3.039,
7080.0,heavy,3102,0,0.784,
7083.3,heavy,3103,0,3.449,
7086.7,heavy,3101,0,3.658,
7090.0,heavy,3102,1,0.942,
7093.3,heavy,3103,1,3.580,
7096.7,heavy,3101,0,3.262,
7100.0,heavy,3102,0,1.428,
7100.0,light-2,3101,1,1.439,
7100.0,light-1,3103,1,1.618,
7100.0,light-3,3102,1,1.621,
7100.0,light-4,3103,1,1.707,
7100.0,light-5,3101,1,1.759,
7103.3,heavy,3102,1,1.518,
7106.7,heavy,3103,1,4.366,
7110.0,heavy,3101,0,3.421,
7113.3,heavy,3102,1,1.274,
7116.7,heavy,3103,0,4.176,
7120.0,heavy,3101,0,3.774,
7123.3,heavy,3102,0,1.095,
7126.7,heavy,3103,0,3.186,
7130.0,heavy,3101,0,3.671,
7133.3,heavy,3102,1,1.152,
7136.7,heavy,3103,0,3.391,
7140.0,heavy,3101,0,3.013,
7143.3,heavy,3102,1,0.987,
7146.7,heavy,3103,1,4.745,
7150.0,heavy,3101,0,3.716,
7153.3,heavy,3102,0,0.984,
7156.7,heavy,3103,0,3.579,
7160.0,heavy,3101,0,3.179,
7163.3,heavy,3102,1,0.871,
7166.7,heavy,3103,0,3.178,
7170.0,heavy,3101,1,3.837,
7173.3,heavy,3102,0,0.837,
7176.7,heavy,3103,0,3.367,
7180.0,heavy,3101,0,3.580,
7183.3,heavy,3102,1,1.208,
7186.7,heavy,3103,0,3.059,
7190.0,heavy,3101,0,3.052,
7193.3,heavy,3102,1,1.499,
7196.7,heavy,3103,0,3.758,
7200.0,heavy,3101,0,3.754,
7200.0,light-2,3103,1,1.237,
7200.0,light-1,3102,1,1.548,
7200.0,light-5,3103,1,1.477,
7200.0,light-4,3102,1,1.667,
7200.0,light-3,3101,1,2.847,
7203.3,heavy,3101,1,4.462,
7206.7,heavy,3102,0,0.884,
7210.0,heavy,3103,1,3.806,
7213.3,heavy,3101,0,3.050,
7216.7,heavy,3102,0,1.195,
7220.0,heavy,3103,0,4.524,
7223.3,heavy,3101,0,3.688,
7226.7,heavy,3102,1,1.567,
7230.0,heavy,3103,0,2.674,
7233.3,heavy,3101,1,3.652,
7236.7,heavy,3102,0,0.791,
7240.0,heavy,3103,1,4.398,
7243.3,heavy,3101,0,3.475,
7246.7,heavy,3102,0,1.223,
7250.0,heavy,3103,0,3.244,
7253.3,heavy,3101,1,4.903,
7256.7,heavy,3102,0,0.923,
7260.0,heavy,3103,0,3.076,
7263.3,heavy,3101,1,3.613,
7266.7,heavy,3102,0,0.890,
7270.0,heavy,3103,0,3.459,
7273.3,heavy,3101,0,3.765,
7276.7,heavy,3102,1,1.627,
7280.0,heavy,3103,0,3.129,
7283.3,heavy,3101,1,3.608,
7286.7,heavy,3102,0,0.875,
7290.0,heavy,3103,1,3.939,
7293.3,heavy,3101,0,2.910,
7296.7,heavy,3102,0,0.903,
7300.0,heavy,3103,0,3.255,
7300.0,light-1,3101,1,1.226,
7300.0,light-2,3102,1,1.355,
7300.0,light-5,3102,1,1.418,
7300.0,light-4,3101,1,1.566,
7300.0,light-3,3103,1,2.389,
7303.3,heavy,3103,1,3.551,
7306.7,heavy,3101,0,3.350,
7310.0,heavy,3102,0,1.154,
7313.3,heavy,3103,0,3.892,
7316.7,heavy,3101,1,4.402,
7320.0,heavy,3102,1,1.338,
7323.3,heavy,3103,0,4.169,
7326.7,heavy,3101,0,1.624,
7330.0,heavy,3102,1,1.241,
7333.3,heavy,3103,0,3.386,
7336.7,heavy,3101,0,2.761,
7340.0,heavy,3102,0,1.445,
7343.3,heavy,3103,1,4.548,
7346.7,heavy,3101,0,3.643,
7350.0,heavy,3102,1,1.367,
7353.3,heavy,3103,0,4.240,
7356.7,heavy,3101,0,3.006,
7360.0,heavy,3102,0,0.906,
7363.3,heavy,3103,1,4.260,
7366.7,heavy,3101,0,3.446,
7370.0,heavy,3102,0,1.246,
7373.3,heavy,3103,1,1.699,
7376.7,heavy,3101,0,3.049,
7380.0,heavy,3102,1,1.292,
7383.3,heavy,3103,0,3.264,
7386.7,heavy,3101,0,2.458,
7390.0,heavy,3102,0,0.922,
7393.3,heavy,3103,1,3.597,
7396.7,heavy,3101,0,4.568,
7400.0,heavy,3102,0,1.471,
7400.0,light-1,3101,1,1.341,
7400.0,light-2,3102,1,1.401,
7400.0,light-5,3102,1,1.516,
7400.0,light-4,3101,1,1.713,
7400.0,light-3,3103,1,2.776,
7403.3,heavy,3103,1,2.313,
7406.7,heavy,3103,0,3.279,
7410.0,heavy,3101,0,3.133,
7413.3,heavy,3102,1,1.304,
7416.7,heavy,3103,0,1.803,
7420.0,heavy,3101,1,3.958,
7423.3,heavy,3102,1,1.187,
7426.7,heavy,3103,0,3.079,
7430.0,heavy,3101,0,3.693,
7433.3,heavy,3102,0,0.827,
7436.7,heavy,3103,0,3.424,
7440.0,heavy,3101,0,3.658,
7443.3,heavy,3102,1,1.296,
7446.7,heavy,3103,0,2.360,
7450.0,heavy,3101,0,2.362,
7453.3,heavy,3102,1,1.429,
7456.7,heavy,3103,0,3.049,
7460.0,heavy,3101,1,3.439,
7463.3,heavy,3102,0,0.851,
7466.7,heavy,3103,0,3.026,
7470.0,heavy,3101,0,3.333,
7473.3,heavy,3102,1,1.415,
7476.7,heavy,3103,0,3.072,
7480.0,heavy,3101,0,2.382,
7483.3,heavy,3102,1,1.679,
7486.7,heavy,3103,0,4.056,
7490.0,heavy,3101,0,3.387,
7493.3,heavy,3102,1,1.666,
7496.7,heavy,3103,0,2.951,
7500.0,heavy,3101,1,6.067,
7500.0,light-2,3103,1,1.515,
7500.0,light-4,3102,1,3.105,
7500.0,light-1,3102,1,5.440,
7500.0,light-5,3103,1,5.364,
7500.0,light-3,3101,1,7.160,
7503.3,heavy,3101,0,4.835,
7506.7,heavy,3102,0,1.003,
7510.0,heavy,3103,1,4.472,
7513.3,heavy,3101,0,3.552,
7516.7,heavy,3102,1,1.237,
7520.0,heavy,3103,0,4.235,
7523.3,heavy,3101,0,3.917,
7526.7,heavy,3102,0,1.007,
7530.0,heavy,3103,1,4.063,
7533.3,heavy,3101,0,3.141,
7536.7,heavy,3102,1,1.159,
7540.0,heavy,3103,0,3.968,
7543.3,heavy,3101,0,2.551,
7546.7,heavy,3102,0,1.059,
7550.0,heavy,3103,0,4.296,
7553.3,heavy,3101,1,4.673,
7556.7,heavy,3102,0,0.939,
7560.0,heavy,3103,0,3.076,
7563.3,heavy,3101,1,4.075,
7566.7,heavy,3102,0,0.767,
7570.0,heavy,3103,0,2.895,
7573.3,heavy,3101,1,3.627,
7576.7,heavy,3102,0,0.866,
7580.0,heavy,3103,0,3.394,
7583.3,heavy,3101,1,3.646,
7586.7,heavy,3102,0,1.163,
7590.0,heavy,3103,0,3.239,
7593.3,heavy,3101,1,3.618,
7596.7,heavy,3102,0,0.816,
7600.0,heavy,3103,1,4.528,
7600.0,light-1,3101,1,1.363,
7600.0,light-2,3102,1,1.494,
7600.0,light-4,3101,1,1.525,
7600.0,light-5,3102,1,1.596,
7600.0,light-3,3103,1,2.224,
7603.3,heavy,3103,0,4.162,
7606.7,heavy,3101,0,2.948,
7610.0,heavy,3102,1,1.375,
7613.3,heavy,3103,0,3.065,
7616.7,heavy,3101,0,3.419,
7620.0,heavy,3102,0,0.718,
7623.3,heavy,3103,1,4.095,
7626.7,heavy,3101,0,3.284,
7630.0,heavy,3102,1,1.151,
7633.3,heavy,3103,0,3.941,
7636.7,heavy,3101,0,2.520,
7640.0,heavy,3102,1,1.482,
7643.3,heavy,3103,0,3.261,
7646.7,heavy,3101,0,3.245,
7650.0,heavy,3102,0,0.903,
7653.3,heavy,3103,1,4.114,
7656.7,heavy,3101,0,3.227,
7660.0,heavy,3102,1,1.427,
7663.3,heavy,3103,0,3.875,
7666.7,heavy,3101,0,2.886,
7670.0,heavy,3102,0,0.850,
7673.3,heavy,3103,0,3.722,
7676.7,heavy,3101,0,3.159,
7680.0,heavy,3102,1,1.091,
7683.3,heavy,3103,1,4.095,
7686.7,heavy,3101,0,3.251,
7690.0,heavy,3102,1,1.197,
7693.3,heavy,3103,0,3.839,
7696.7,heavy,3101,0,2.871,
7700.0,heavy,3102,0,1.249,
7700.0,light-5,3101,1,2.455,
7700.0,light-1,3103,1,4.214,
7700.0,light-2,3101,1,4.308,
7700.0,light-4,3103,1,5.369,
7700.0,light-3,3102,1,6.161,
7703.3,heavy,3102,1,1.365,
7706.7,heavy,3103,0,3.042,
7710.0,heavy,3101,0,3.203,
7713.3,heavy,3102,1,1.048,
7716.7,heavy,3103,0,3.255,
7720.0,heavy,3101,0,3.324,
7723.3,heavy,3102,1,1.181,
7726.7,heavy,3103,0,1.942,
7730.0,heavy,3101,1,4.265,
7733.3,heavy,3102,1,1.478,
7736.7,heavy,3103,0,4.618,
7740.0,heavy,3101,0,4.328,
7743.3,heavy,3102,0,1.233,
7746.7,heavy,3103,0,2.603,
7750.0,heavy,3101,0,5.445,
7753.3,heavy,3102,1,2.360,
7756.7,heavy,3103,0,3.150,
7760.0,heavy,3101,0,2.904,
7763.3,heavy,3102,1,1.788,
7766.7,heavy,3103,0,4.515,
7770.0,heavy,3101,0,3.937,
7773.3,heavy,3102,1,1.125,
7776.7,heavy,3103,0,2.951,
7780.0,heavy,3101,0,3.575,
7783.3,heavy,3102,1,1.310,
7786.7,heavy,3103,0,3.979,
7790.0,heavy,3101,1,3.772,
7793.3,heavy,3102,0,0.936,
7796.7,heavy,3103,0,3.785,
7800.0,heavy,3101,0,3.583,
7800.0,light-3,3102,1,1.682,
7800.0,light-1,3103,1,2.271,
7800.0,light-2,3101,1,2.448,
7800.0,light-4,3103,1,2.507,
7800.0,light-5,3101,1,2.581,
7803.3,heavy,3102,1,1.441,
7806.7,heavy,3102,0,1.060,
7810.0,heavy,3103,0,3.714,
7813.3,heavy,3101,0,3.210,
7816.7,heavy,3102,1,1.342,
7820.0,heavy,3103,0,2.050,
7823.3,heavy,3101,1,4.268,
7826.7,heavy,3102,1,1.334,
7830.0,heavy,3103,0,3.149,
7833.3,heavy,3101,0,3.919,
7836.7,heavy,3102,0,1.135,
7840.0,heavy,3103,0,3.460,
7843.3,heavy,3101,0,3.965,
7846.7,heavy,3102,1,1.636,
7850.0,heavy,3103,0,3.701,
7853.3,heavy,3101,1,3.758,
7856.7,heavy,3102,0,0.903,
7860.0,heavy,3103,1,5.268,
7863.3,heavy,3101,0,4.166,
7866.7,heavy,3102,0,0.946,
7870.0,heavy,3103,0,3.265,
7873.3,heavy,3101,1,3.908,
7876.7,heavy,3102,0,0.855,
7880.0,heavy,3103,0,3.449,
7883.3,heavy,3101,1,3.809,
7886.7,heavy,3102,0,1.237,
7890.0,heavy,3103,1,3.930,
7893.3,heavy,3101,0,3.237,
7896.7,heavy,3102,0,1.254,
7900.0,heavy,3103,1,6.171,
7900.0,light-1,3101,1,1.371,
7900.0,light-3,3103,1,2.393,
7900.0,light-2,3102,1,5.477,
7900.0,light-5,3102,1,6.591,
7900.0,light-4,3101,1,6.806,
7903.3,heavy,3103,0,3.680,
7906.7,heavy,3101,0,4.273,
7910.0,heavy,3102,0,1.145,
7913.3,heavy,3103,0,4.190,
7916.7,heavy,3101,1,4.576,
7920.0,heavy,3102,1,1.495,
7923.3,heavy,3103,0,4.264,
7926.7,heavy,3101,0,4.500,
7930.0,heavy,3102,0,1.078,
7933.3,heavy,3103,0,3.329,
7936.7,heavy,3101,1,3.378,
7940.0,heavy,3102,1,1.096,
7943.3,heavy,3103,0,2.066,
7946.7,heavy,3101,0,3.116,
7950.0,heavy,3102,1,1.052,
7953.3,heavy,3103,0,3.448,
7956.7,heavy,3101,0,3.283,
7960.0,heavy,3102,0,0.784,
7963.3,heavy,3103,0,3.695,
7966.7,heavy,3101,1,4.043,
7970.0,heavy,3102,1,1.453,
7973.3,heavy,3103,0,3.768,
7976.7,heavy,3101,0,1.850,
7980.0,heavy,3102,1,1.471,
7983.3,heavy,3103,0,3.257,
7986.7,heavy,3101,0,3.627,
7990.0,heavy,3102,0,0.928,
7993.3,heavy,3103,1,3.140,
7996.7,heavy,3101,0,3.218,
8000.0,heavy,3102,1,1.165,
8000.0,light-2,3102,1,1.280,
8000.0,light-5,3102,1,1.559,
8000.0,light-3,3103,1,1.909,
8000.0,light-1,3101,1,2.113,
8000.0,light-4,3101,1,2.110,
8003.3,heavy,3103,0,3.086,
8006.7,heavy,3103,0,1.834,
8010.0,heavy,3101,0,4.169,
8013.3,heavy,3102,1,1.033,
8016.7,heavy,3103,0,3.550,
8020.0,heavy,3101,0,3.995,
8023.3,heavy,3102,1,0.858,
8026.7,heavy,3103,0,3.512,
8030.0,heavy,3101,0,3.864,
8033.3,heavy,3102,1,1.175,
8036.7,heavy,3103,0,3.317,
8040.0,heavy,3101,0,2.651,
8043.3,heavy,3102,1,0.995,
8046.7,heavy,3103,1,4.000,
8050.0,heavy,3101,0,3.123,
8053.3,heavy,3102,0,1.207,
8056.7,heavy,3103,0,3.860,
8060.0,heavy,3101,0,2.896,
8063.3,heavy,3102,1,1.261,
8066.7,heavy,3103,0,3.714,
8070.0,heavy,3101,0,3.594,
8073.3,heavy,3102,1,1.182,
8076.7,heavy,3103,0,3.870,
8080.0,heavy,3101,1,4.238,
8083.3,heavy,3102,0,1.388,
8086.7,heavy,3103,0,2.879,
8090.0,heavy,3101,0,3.281,
8093.3,heavy,3102,1,1.176,
8096.7,heavy,3103,0,3.101,
8100.0,heavy,3101,1,4.450,
8100.0,light-1,3102,1,1.235,
8100.0,light-2,3103,1,1.286,
8100.0,light-4,3102,1,1.300,
8100.0,light-5,3103,1,1.365,
8100.0,light-3,3101,1,2.429,
8103.3,heavy,3101,0,3.160,
8106.7,heavy,3102,0,0.916,
8110.0,heavy,3103,1,4.607,
8113.3,heavy,3101,0,3.630,
8116.7,heavy,3102,0,1.091,
8120.0,heavy,3103,0,2.978,
8123.3,heavy,3101,1,3.720,
8126.7,heavy,3102,0,0.980,
8130.0,heavy,3103,0,3.820,
8133.3,heavy,3101,1,4.022,
8136.7,heavy,3102,0,0.859,
8140.0,heavy,3103,0,3.642,
8143.3,heavy,3101,1,3.396,
8146.7,heavy,3102,0,0.944,
8150.0,heavy,3103,0,3.496,
8153.3,heavy,3101,1,3.863,
8156.7,heavy,3102,1,1.240,
8160.0,heavy,3103,0,3.537,
8163.3,heavy,3101,0,2.202,
8166.7,heavy,3102,0,1.220,
8170.0,heavy,3103,0,3.338,
8173.3,heavy,3101,0,3.733,
8176.7,heavy,3102,1,1.331,
8180.0,heavy,3103,0,2.495,
8183.3,heavy,3101,1,4.379,
8186.7,heavy,3102,1,1.175,
8190.0,heavy,3103,0,3.311,
8193.3,heavy,3101,0,1.843,
8196.7,heavy,3102,0,1.111,
8200.0,heavy,3103,0,3.373,
8200.0,light-3,3102,1,1.474,
8200.0,light-1,3103,1,2.052,
8200.0,light-2,3101,1,2.172,
8200.0,light-4,3103,1,2.589,
8200.0,light-5,3101,1,2.700,
8203.3,heavy,3101,0,3.186,
8206.7,heavy,3102,1,1.428,
8210.0,heavy,3102,0,0.927,
8213.3,heavy,3103,0,3.417,
8216.7,heavy,3101,1,3.783,
8220.0,heavy,3102,1,1.251,
8223.3,heavy,3103,0,3.552,
8226.7,heavy,3101,0,1.213,
8230.0,heavy,3102,1,1.289,
8233.3,heavy,3103,0,3.017,
8236.7,heavy,3101,0,2.747,
8240.0,heavy,3102,0,0.854,
8243.3,heavy,3103,1,4.624,
8246.7,heavy,3101,0,3.835,
8250.0,heavy,3102,1,1.441,
8253.3,heavy,3103,0,4.279,
8256.7,heavy,3101,0,2.424,
8260.0,heavy,3102,1,1.651,
8263.3,heavy,3103,0,4.386,
8266.7,heavy,3101,0,3.724,
8270.0,heavy,3102,0,1.406,
8273.3,heavy,3103,1,3.025,
8276.7,heavy,3101,0,2.904,
8280.0,heavy,3102,0,0.896,
8283.3,heavy,3103,1,3.660,
8286.7,heavy,3101,0,2.862,
8290.0,heavy,3102,0,0.859,
8293.3,heavy,3103,0,3.850,
8296.7,heavy,3101,0,3.560,
8300.0,heavy,3102,1,1.273,
8300.0,light-3,3102,1,1.524,
8300.0,light-1,3103,1,2.311,
8300.0,light-2,3101,1,2.587,
8300.0,light-4,3103,1,3.102,
8300.0,light-5,3101,1,3.253,
8303.3,heavy,3102,1,1.136,
8306.7,heavy,3103,0,4.398,
8310.0,heavy,3101,0,3.603,
8313.3,heavy,3102,1,1.377,
8316.7,heavy,3103,0,2.700,
8320.0,heavy,3101,0,3.115,
8323.3,heavy,3102,1,1.417,
8326.7,heavy,3103,0,3.199,
8330.0,heavy,3101,1,3.721,
8333.3,heavy,3102,0,0.867,
8336.7,heavy,3103,0,2.935,
8340.0,heavy,3101,0,3.318,
8343.3,heavy,3102,1,1.152,
8346.7,heavy,3103,0,2.767,
8350.0,heavy,3101,0,2.353,
8353.3,heavy,3102,1,1.728,
8356.7,heavy,3103,1,3.492,
8360.0,heavy,3101,0,3.567,
8363.3,heavy,3102,0,1.317,
8366.7,heavy,3103,0,3.909,
8370.0,heavy,3101,0,3.382,
8373.3,heavy,3102,1,1.453,
8376.7,heavy,3103,0,3.680,
8380.0,heavy,3101,0,1.976,
8383.3,heavy,3102,1,1.459,
8386.7,heavy,3103,0,3.021,
8390.0,heavy,3101,0,3.368,
8393.3,heavy,3102,1,1.258,
8396.7,heavy,3103,0,2.405,
8400.0,heavy,3101,0,3.885,
8400.0,light-2,3102,1,1.519,
8400.0,light-5,3102,1,1.622,
8400.0,light-3,3103,1,2.207,
8400.0,light-1,3101,1,2.505,
8400.0,light-4,3101,1,2.480,
8403.3,heavy,3102,1,1.525,
8406.7,heavy,3103,0,3.304,
8410.0,heavy,3103,0,2.492,
8413.3,heavy,3101,1,4.138,
8416.7,heavy,3102,1,1.267,
8420.0,heavy,3103,0,3.278,
8423.3,heavy,3101,0,3.859,
8426.7,heavy,3102,0,0.986,
8430.0,heavy,3103,0,4.116,
8433.3,heavy,3101,0,3.210,
8436.7,heavy,3102,1,1.247,
8440.0,heavy,3103,0,2.638,
8443.3,heavy,3101,1,4.158,
8446.7,heavy,3102,0,0.879,
8450.0,heavy,3103,1,3.933,
8453.3,heavy,3101,0,4.192,
8456.7,heavy,3102,0,0.698,
8460.0,heavy,3103,0,3.510,
8463.3,heavy,3101,1,4.266,
8466.7,heavy,3102,1,1.354,
8470.0,heavy,3103,0,3.868,
8473.3,heavy,3101,0,3.033,
8476.7,heavy,3102,0,0.844,
8480.0,heavy,3103,0,3.017,
8483.3,heavy,3101,0,2.947,
8486.7,heavy,3102,1,1.133,
8490.0,heavy,3103,1,4.395,
8493.3,heavy,3101,0,3.621,
8496.7,heavy,3102,1,1.507,
8500.0,heavy,3103,0,4.563,
8500.0,light-2,3102,1,1.967,
8500.0,light-5,3102,1,1.986,
8500.0,light-1,3101,1,2.313,
8500.0,light-3,3103,1,2.345,
8500.0,light-4,3101,1,2.441,
8503.3,heavy,3103,0,3.182,
8506.7,heavy,3101,0,3.265,
8510.0,heavy,3102,0,1.509,
8513.3,heavy,3103,1,4.192,
8516.7,heavy,3101,0,3.458,
8520.0,heavy,3102,0,0.982,
8523.3,heavy,3103,1,3.845,
8526.7,heavy,3101,0,3.048,
8530.0,heavy,3102,0,1.243,
8533.3,heavy,3103,1,3.239,
8536.7,heavy,3101,0,2.495,
8540.0,heavy,3102,0,1.029,
8543.3,heavy,3103,1,3.685,
8546.7,heavy,3101,0,2.841,
8550.0,heavy,3102,1,0.866,
8553.3,heavy,3103,0,3.622,
8556.7,heavy,3101,0,3.028,
8560.0,heavy,3102,1,1.276,
8563.3,heavy,3103,0,3.350,
8566.7,heavy,3101,0,1.836,
8570.0,heavy,3102,1,1.381,
8573.3,heavy,3103,0,2.605,
8576.7,heavy,3101,0,2.944,
8580.0,heavy,3102,0,1.435,
8583.3,heavy,3103,1,2.859,
8586.7,heavy,3101,0,2.461,
8590.0,heavy,3102,1,1.311,
8593.3,heavy,3103,0,2.851,
8596.7,heavy,3101,0,2.783,
8600.0,heavy,3102,0,1.136,
8600.0,light-1,3103,1,1.209,
8600.0,light-2,3101,1,1.284,
8600.0,light-3,3102,1,1.378,
8600.0,light-4,3103,1,1.485,
8600.0,light-5,3101,1,1.575,
8603.3,heavy,3102,1,1.194,
8606.7,heavy,3103,1,3.685,
8610.0,heavy,3101,0,3.128,
8613.3,heavy,3102,0,0.900,
8616.7,heavy,3103,0,2.952,
8620.0,heavy,3101,0,3.360,
8623.3,heavy,3102,1,1.194,
8626.7,heavy,3103,0,3.142,
8630.0,heavy,3101,0,2.638,
8633.3,heavy,3102,1,1.213,
8636.7,heavy,3103,0,2.872,
8640.0,heavy,3101,0,3.015,
8643.3,heavy,3102,1,0.859,
8646.7,heavy,3103,0,3.460,
8650.0,heavy,3101,1,4.035,
8653.3,heavy,3102,1,1.229,
8656.7,heavy,3103,0,3.736,
8660.0,heavy,3101,0,4.020,
8663.3,heavy,3102,0,1.013,
8666.7,heavy,3103,0,3.089,
8670.0,heavy,3101,0,3.237,
8673.3,heavy,3102,1,0.995,
8676.7,heavy,3103,0,2.403,
8680.0,heavy,3101,0,3.774,
8683.3,heavy,3102,1,1.256,
8686.7,heavy,3103,1,4.261,
8690.0,heavy,3101,0,4.052,
8693.3,heavy,3102,0,1.192,
8696.7,heavy,3103,0,3.970,
8700.0,heavy,3101,0,3.980,
8700.0,light-2,3102,1,2.381,
8700.0,light-1,3101,1,2.631,
8700.0,light-5,3102,1,2.599,
8700.0,light-4,3101,1,2.749,
8700.0,light-3,3103,1,3.368,
8703.3,heavy,3102,1,2.340,
8706.7,heavy,3103,0,3.758,
8710.0,heavy,3103,0,2.922,
8713.3,heavy,3101,1,3.943,
8716.7,heavy,3102,1,1.279,
8720.0,heavy,3103,0,3.413,
8723.3,heavy,3101,0,2.507,
8726.7,heavy,3102,1,1.282,
8730.0,heavy,3103,0,3.058,
8733.3,heavy,3101,0,3.619,
8736.7,heavy,3102,0,1.343,
8740.0,heavy,3103,0,3.152,
8743.3,heavy,3101,1,3.025,
8746.7,heavy,3102,0,0.688,
8750.0,heavy,3103,1,3.652,
8753.3,heavy,3101,0,2.922,
8756.7,heavy,3102,0,0.947,
8760.0,heavy,3103,0,4.767,
8763.3,heavy,3101,0,4.837,
8766.7,heavy,3102,1,2.022,
8770.0,heavy,3103,0,2.611,
8773.3,heavy,3101,1,4.255,
8776.7,heavy,3102,1,1.111,
8780.0,heavy,3103,0,3.349,
8783.3,heavy,3101,0,3.567,
8786.7,heavy,3102,0,1.013,
8790.0,heavy,3103,0,3.969,
8793.3,heavy,3101,0,4.870,
8796.7,heavy,3102,1,1.281,
8800.0,heavy,3103,0,2.689,
8800.0,light-1,3101,1,1.317,
8800.0,light-3,3103,1,1.339,
8800.0,light-2,3102,1,1.556,
8800.0,light-5,3102,1,1.615,
8800.0,light-4,3101,1,2.157,
8803.3,heavy,3103,1,4.364,
8806.7,heavy,3101,0,3.580,
8810.0,heavy,3102,1,1.229,
8813.3,heavy,3103,0,4.134,
8816.7,heavy,3101,0,4.483,
8820.0,heavy,3102,0,1.269,
8823.3,heavy,3103,1,3.911,
8826.7,heavy,3101,0,7.101,
8830.0,heavy,3102,1,4.996,
8833.3,heavy,3103,0,6.475,
8836.7,heavy,3101,0,4.588,
8840.0,heavy,3102,1,1.043,
8843.3,heavy,3103,0,3.103,
8846.7,heavy,3101,0,6.131,
8850.0,heavy,3102,1,1.195,
8853.3,heavy,3103,0,3.941,
8856.7,heavy,3101,0,5.942,
8860.0,heavy,3102,1,1.372,
8863.3,heavy,3103,0,3.470,
8866.7,heavy,3101,0,3.448,
8870.0,heavy,3102,0,1.169,
8873.3,heavy,3103,0,3.773,
8876.7,heavy,3101,0,3.893,
8880.0,heavy,3102,1,1.303,
8883.3,heavy,3103,0,3.910,
8886.7,heavy,3101,0,3.944,
8890.0,heavy,3102,1,1.018,
8893.3,heavy,3103,1,7.140,
8896.7,heavy,3101,0,6.262,
8900.0,heavy,3102,1,1.487,
8900.0,light-1,3101,1,2.677,
8900.0,light-3,3103,1,3.050,
8900.0,light-2,3102,1,6.510,
8900.0,light-4,3101,1,6.856,
8900.0,light-5,3102,1,7.335,
8903.3,heavy,3103,0,6.825,
8906.7,heavy,3103,0,4.158,
8910.0,heavy,3101,1,3.924,
8913.3,heavy,3102,0,1.104,
8916.7,heavy,3103,1,4.880,
8920.0,heavy,3101,0,4.145,
8923.3,heavy,3102,0,1.287,
8926.7,heavy,3103,0,4.276,
8930.0,heavy,3101,0,3.383,
8933.3,heavy,3102,1,1.193,
8936.7,heavy,3103,0,4.120,
8940.0,heavy,3101,0,3.236,
8943.3,heavy,3102,1,1.044,
8946.7,heavy,3103,1,4.389,
8950.0,heavy,3101,0,3.480,
8953.3,heavy,3102,0,1.578,
8956.7,heavy,3103,0,1.639,
8960.0,heavy,3101,0,2.769,
8963.3,heavy,3102,1,1.069,
8966.7,heavy,3103,0,2.785,
8970.0,heavy,3101,0,1.641,
8973.3,heavy,3102,1,1.590,
8976.7,heavy,3103,0,3.109,
8980.0,heavy,3101,0,3.541,
8983.3,heavy,3102,1,1.424,
8986.7,heavy,3103,0,3.178,
8990.0,heavy,3101,1,3.613,
8993.3,heavy,3102,0,0.861,
8996.7,heavy,3103,0,5.416,
9000.0,heavy,3101,1,4.899,
9000.0,light-2,3103,1,2.424,
9000.0,light-4,3102,1,2.814,
9000.0,light-1,3102,1,4.463,
9000.0,light-3,3101,1,6.495,
9000.0,light-5,3103,1,7.046,
9003.3,heavy,3101,0,2.460,
9006.7,heavy,3102,0,0.945,
9010.0,heavy,3103,0,3.157,
9013.3,heavy,3101,1,3.375,
9016.7,heavy,3102,0,0.990,
9020.0,heavy,3103,0,2.961,
9023.3,heavy,3101,0,3.344,
9026.7,heavy,3102,1,1.139,
9030.0,heavy,3103,0,3.068,
9033.3,heavy,3101,1,3.690,
9036.7,heavy,3102,0,0.698,
9040.0,heavy,3103,0,3.667,
9043.3,heavy,3101,0,2.957,
9046.7,heavy,3102,1,1.245,
9050.0,heavy,3103,0,2.828,
9053.3,heavy,3101,1,3.732,
9056.7,heavy,3102,1,1.142,
9060.0,heavy,3103,0,3.186,
9063.3,heavy,3101,0,2.430,
9066.7,heavy,3102,1,1.538,
9070.0,heavy,3103,0,3.185,
9073.3,heavy,3101,0,3.340,
9076.7,heavy,3102,0,1.421,
9080.0,heavy,3103,0,1.719,
9083.3,heavy,3101,1,3.766,
9086.7,heavy,3102,1,1.504,
9090.0,heavy,3103,0,4.059,
9093.3,heavy,3101,0,4.132,
9096.7,heavy,3102,0,0.753,
9100.0,heavy,3103,0,6.165,
9100.0,light-5,3101,1,3.321,
9100.0,light-3,3102,1,6.226,
9100.0,light-1,3103,1,7.122,
9100.0,light-2,3101,1,7.213,
9100.0,light-4,3103,1,7.528,
9103.3,heavy,3101,0,5.331,
9106.7,heavy,3102,1,1.389,
9110.0,heavy,3102,0,2.079,
9113.3,heavy,3103,1,5.278,
9116.7,heavy,3101,0,3.434,
9120.0,heavy,3102,0,0.709,
9123.3,heavy,3103,1,3.793,
9126.7,heavy,3101,0,2.678,
9130.0,heavy,3102,0,0.918,
9133.3,heavy,3103,1,4.623,
9136.7,heavy,3101,0,3.708,
9140.0,heavy,3102,0,0.851,
9143.3,heavy,3103,1,1.871,
9146.7,heavy,3101,0,3.472,
9150.0,heavy,3102,1,1.305,
9153.3,heavy,3103,0,3.418,
9156.7,heavy,3101,0,2.020,
9160.0,heavy,3102,1,1.556,
9163.3,heavy,3103,1,4.621,
9166.7,heavy,3101,0,3.944,
9170.0,heavy,3102,0,1.504,
9173.3,heavy,3103,0,2.079,
9176.7,heavy,3101,0,3.858,
9180.0,heavy,3102,0,1.049,
9183.3,heavy,3103,0,4.722,
9186.7,heavy,3101,1,5.131,
9190.0,heavy,3102,0,1.446,
9193.3,heavy,3103,0,4.227,
9196.7,heavy,3101,0,4.019,
9200.0,heavy,3102,1,1.769,
9200.0,light-3,3102,1,2.858,
9200.0,light-1,3103,1,3.349,
9200.0,light-2,3101,1,3.462,
9200.0,light-4,3103,1,3.468,
9200.0,light-5,3101,1,3.531,
9203.3,heavy,3102,1,2.148,
9206.7,heavy,3103,0,4.061,
9210.0,heavy,3101,1,5.090,
9213.3,heavy,3102,0,1.139,
9216.7,heavy,3103,0,3.980,
9220.0,heavy,3101,1,4.736,
9223.3,heavy,3102,0,0.942,
9226.7,heavy,3103,0,3.113,
9230.0,heavy,3101,0,3.390,
9233.3,heavy,3102,1,1.465,
9236.7,heavy,3103,0,3.845,
9240.0,heavy,3101,0,3.896,
9243.3,heavy,3102,1,1.472,
9246.7,heavy,3103,0,3.648,
9250.0,heavy,3101,0,2.391,
9253.3,heavy,3102,1,1.722,
9256.7,heavy,3103,0,3.758,
9260.0,heavy,3101,0,4.313,
9263.3,heavy,3102,1,1.640,
9266.7,heavy,3103,0,3.641,
9270.0,heavy,3101,1,6.281,
9273.3,heavy,3102,0,1.413,
9276.7,heavy,3103,0,2.813,
9280.0,heavy,3101,0,3.087,
9283.3,heavy,3102,1,0.910,
9286.7,heavy,3103,0,3.476,
9290.0,heavy,3101,0,3.680,
9293.3,heavy,3102,1,1.265,
9296.7,heavy,3103,0,2.784,
9300.0,heavy,3101,0,3.361,
9300.0,light-1,3102,1,1.190,
9300.0,light-2,3103,1,1.318,
9300.0,light-4,3102,1,1.432,
9300.0,light-5,3103,1,1.587,
9300.0,light-3,3101,1,2.324,
9303.3,heavy,3101,0,3.145,
9306.7,heavy,3102,1,1.044,
9310.0,heavy,3103,0,2.731,
9313.3,heavy,3101,0,3.547,
9316.7,heavy,3102,1,1.094,
9320.0,heavy,3103,1,4.086,
9323.3,heavy,3101,0,3.844,
9326.7,heavy,3102,0,1.088,
9330.0,heavy,3103,0,2.796,
9333.3,heavy,3101,1,4.568,
9336.7,heavy,3102,1,1.217,
9340.0,heavy,3103,0,3.543,
9343.3,heavy,3101,0,2.146,
9346.7,heavy,3102,0,1.172,
9350.0,heavy,3103,0,3.616,
9353.3,heavy,3101,0,3.918,
9356.7,heavy,3102,1,1.707,
9360.0,heavy,3103,0,2.992,
9363.3,heavy,3101,1,4.613,
9366.7,heavy,3102,0,1.349,
9370.0,heavy,3103,1,4.530,
9373.3,heavy,3101,0,3.223,
9376.7,heavy,3102,0,1.423,
9380.0,heavy,3103,0,3.176,
9383.3,heavy,3101,1,3.785,
9386.7,heavy,3102,0,0.795,
9390.0,heavy,3103,0,2.885,
9393.3,heavy,3101,0,3.579,
9396.7,heavy,3102,1,1.091,
9400.0,heavy,3103,0,2.602,
9400.0,light-1,3101,1,0.972,
9400.0,light-2,3102,1,1.075,
9400.0,light-5,3102,1,1.123,
9400.0,light-4,3101,1,1.255,
9400.0,light-3,3103,1,1.820,
9403.3,heavy,3103,1,3.712,
9406.7,heavy,3101,0,3.542,
9410.0,heavy,3102,1,1.154,
9413.3,heavy,3103,0,3.224,
9416.7,heavy,3101,0,3.381,
9420.0,heavy,3102,1,1.147,
9423.3,heavy,3103,0,3.623,
9426.7,heavy,3101,0,3.720,
9430.0,heavy,3102,0,0.838,
9433.3,heavy,3103,1,4.102,
9436.7,heavy,3101,0,3.618,
9440.0,heavy,3102,1,1.359,
9443.3,heavy,3103,0,2.430,
9446.7,heavy,3101,0,2.843,
9450.0,heavy,3102,1,1.073,
9453.3,heavy,3103,0,3.309,
9456.7,heavy,3101,0,3.131,
9460.0,heavy,3102,0,0.838,
9463.3,heavy,3103,1,4.489,
9466.7,heavy,3101,0,3.632,
9470.0,heavy,3102,1,1.283,
9473.3,heavy,3103,0,4.293,
9476.7,heavy,3101,0,2.739,
9480.0,heavy,3102,0,0.839,
9483.3,heavy,3103,1,4.276,
9486.7,heavy,3101,0,3.231,
9490.0,heavy,3102,0,1.351,
9493.3,heavy,3103,1,1.971,
9496.7,heavy,3101,0,3.817,
9500.0,heavy,3102,1,2.419,
9500.0,light-2,3102,1,2.548,
9500.0,light-5,3102,1,2.669,
9500.0,light-3,3103,1,2.894,
9500.0,light-1,3101,1,3.022,
9500.0,light-4,3101,1,3.014,
9503.3,heavy,3103,0,3.186,
9506.7,heavy,3103,0,4.037,
9510.0,heavy,3101,0,2.865,
9513.3,heavy,3102,1,0.758,
9516.7,heavy,3103,0,3.270,
9520.0,heavy,3101,0,3.607,
9523.3,heavy,3102,1,0.990,
9526.7,heavy,3103,0,3.340,
9530.0,heavy,3101,0,2.902,
9533.3,heavy,3102,1,1.102,
9536.7,heavy,3103,0,2.678,
9540.0,heavy,3101,1,3.899,
9543.3,heavy,3102,1,1.270,
9546.7,heavy,3103,0,3.744,
9550.0,heavy,3101,0,3.791,
9553.3,heavy,3102,0,1.171,
9556.7,heavy,3103,0,4.192,
9560.0,heavy,3101,0,3.430,
9563.3,heavy,3102,1,1.057,
9566.7,heavy,3103,0,3.978,
9570.0,heavy,3101,0,2.873,
9573.3,heavy,3102,1,1.086,
9576.7,heavy,3103,1,4.230,
9580.0,heavy,3101,0,3.461,
9583.3,heavy,3102,0,1.079,
9586.7,heavy,3103,0,3.137,
9590.0,heavy,3101,0,3.487,
9593.3,heavy,3102,1,0.993,
9596.7,heavy,3103,0,3.230,
9600.0,heavy,3101,1,4.163,
9600.0,light-1,3102,1,1.237,
9600.0,light-2,3103,1,1.376,
9600.0,light-4,3102,1,1.458,
9600.0,light-5,3103,1,1.580,
9600.0,light-3,3101,1,2.589,
9603.3,heavy,3101,0,2.711,
9606.7,heavy,3102,0,1.181,
9610.0,heavy,3103,0,3.729,
9613.3,heavy,3101,1,3.892,
9616.7,heavy,3102,0,1.413,
9620.0,heavy,3103,0,3.022,
9623.3,heavy,3101,0,3.114,
9626.7,heavy,3102,1,1.212,
9630.0,heavy,3103,0,1.687,
9633.3,heavy,3101,1,4.183,
9636.7,heavy,3102,1,1.206,
9640.0,heavy,3103,0,3.247,
9643.3,heavy,3101,0,3.984,
9646.7,heavy,3102,0,1.194,
9650.0,heavy,3103,0,3.198,
9653.3,heavy,3101,1,4.099,
9656.7,heavy,3102,0,0.997,
9660.0,heavy,3103,0,2.483,
9663.3,heavy,3101,0,3.953,
9666.7,heavy,3102,1,1.267,
9670.0,heavy,3103,0,4.104,
9673.3,heavy,3101,0,4.157,
9676.7,heavy,3102,1,1.069,
9680.0,heavy,3103,0,2.914,
9683.3,heavy,3101,1,3.693,
9686.7,heavy,3102,0,0.855,
9690.0,heavy,3103,1,3.375,
9693.3,heavy,3101,0,2.709,
9696.7,heavy,3102,0,0.926,
9700.0,heavy,3103,0,3.799,
9700.0,light-3,3102,1,1.481,
9700.0,light-1,3103,1,2.243,
9700.0,light-2,3101,1,2.349,
9700.0,light-5,3101,1,2.483,
9700.0,light-4,3103,1,2.600,
9703.3,heavy,3101,0,3.455,
9706.7,heavy,3102,1,1.258,
9710.0,heavy,3102,0,0.927,
9713.3,heavy,3103,0,4.448,
9716.7,heavy,3101,1,4.651,
9720.0,heavy,3102,1,1.509,
9723.3,heavy,3103,0,4.361,
9726.7,heavy,3101,0,1.887,
9730.0,heavy,3102,0,0.963,
9733.3,heavy,3103,0,3.276,
9736.7,heavy,3101,0,3.558,
9740.0,heavy,3102,1,1.314,
9743.3,heavy,3103,1,2.927,
9746.7,heavy,3101,0,3.564,
9750.0,heavy,3102,1,1.210,
9753.3,heavy,3103,0,5.395,
9756.7,heavy,3101,0,2.821,
9760.0,heavy,3102,0,0.791,
9763.3,heavy,3103,0,4.113,
9766.7,heavy,3101,0,3.264,
9770.0,heavy,3102,1,1.300,
9773.3,heavy,3103,1,3.601,
9776.7,heavy,3101,0,3.285,
9780.0,heavy,3102,0,1.082,
9783.3,heavy,3103,1,4.306,
9786.7,heavy,3101,0,3.320,
9790.0,heavy,3102,1,1.090,
9793.3,heavy,3103,0,3.089,
9796.7,heavy,3101,0,3.697,
9800.0,heavy,3102,0,1.472,
9800.0,light-1,3103,1,1.514,
9800.0,light-2,3101,1,1.522,
9800.0,light-3,3102,1,1.569,
9800.0,light-4,3103,1,1.637,
9800.0,light-5,3101,1,1.684,
9803.3,heavy,3102,1,1.557,
9806.7,heavy,3103,0,3.582,
9810.0,heavy,3101,0,4.124,
9813.3,heavy,3102,1,1.286,
9816.7,heavy,3103,0,3.886,
9820.0,heavy,3101,0,2.866,
9823.3,heavy,3102,1,1.138,
9826.7,heavy,3103,1,3.711,
9830.0,heavy,3101,0,3.569,
9833.3,heavy,3102,0,1.119,
9836.7,heavy,3103,0,1.439,
9840.0,heavy,3101,1,4.689,
9843.3,heavy,3102,1,1.334,
9846.7,heavy,3103,0,3.784,
9850.0,heavy,3101,0,4.451,
9853.3,heavy,3102,0,1.321,
9856.7,heavy,3103,0,3.373,
9860.0,heavy,3101,0,3.594,
9863.3,heavy,3102,1,1.048,
9866.7,heavy,3103,0,3.037,
9870.0,heavy,3101,0,2.754,
9873.3,heavy,3102,1,1.167,
9876.7,heavy,3103,1,4.312,
9880.0,heavy,3101,0,3.397,
9883.3,heavy,3102,0,1.024,
9886.7,heavy,3103,0,1.750,
9890.0,heavy,3101,0,3.707,
9893.3,heavy,3102,1,1.390,
9896.7,heavy,3103,0,3.987,
9900.0,light-2,3103,1,1.042,
9900.0,light-3,3101,1,1.181,
9900.0,light-5,3103,1,1.235,
9900.0,light-1,3102,1,1.544,
9900.0,light-4,3102,1,1.545,
9900.0,heavy,3101,0,2.116,
9903.3,heavy,3101,1,4.399,
9906.7,heavy,3102,1,1.481,
9910.0,heavy,3103,0,3.539,
9913.3,heavy,3101,0,4.151,
9916.7,heavy,3102,0,0.864,
9920.0,heavy,3103,1,4.184,
9923.3,heavy,3101,0,3.480,
9926.7,heavy,3102,1,1.372,
9930.0,heavy,3103,0,3.819,
9933.3,heavy,3101,0,3.002,
9936.7,heavy,3102,1,1.260,
9940.0,heavy,3103,0,2.875,
9943.3,heavy,3101,0,3.288,
9946.7,heavy,3102,0,1.255,
9950.0,heavy,3103,0,2.946,
9953.3,heavy,3101,1,3.877,
9956.7,heavy,3102,0,0.801,
9960.0,heavy,3103,1,3.211,
9963.3,heavy,3101,0,2.900,
9966.7,heavy,3102,0,1.161,
9970.0,heavy,3103,0,2.837,
9973.3,heavy,3101,1,4.044,
9976.7,heavy,3102,0,0.987,
9980.0,heavy,3103,1,3.258,
9983.3,heavy,3101,0,4.498,
9986.7,heavy,3102,1,1.384,
9990.0,heavy,3103,0,3.318,
9993.3,heavy,3101,0,4.537,
9996.7,heavy,3102,0,0.637,
10000.0,light-1,3101,1,2.333,
10000.0,light-3,3103,1,2.739,
10000.0,light-2,3102,1,5.343,
10000.0,light-4,3101,1,6.618,
10000.0,light-5,3102,1,6.653,
10000.0,heavy,3103,0,5.696,
10003.3,heavy,3101,1,6.515,
10006.7,heavy,3102,1,1.395,
10010.0,heavy,3103,0,6.184,
10013.3,heavy,3103,0,2.983,
10016.7,heavy,3101,0,1.368,
10020.0,heavy,3102,0,14.956,ECONNRESET
10023.3,heavy,3103,0,15.217,
10026.7,heavy,3101,0,8.176,
10030.0,heavy,3102,0,3.605,ECONNRESET
10033.3,heavy,3103,0,9.681,
10036.7,heavy,3101,0,8.242,
10040.0,heavy,3102,0,5.431,ECONNREFUSED
10043.3,heavy,3103,0,9.346,
10046.7,heavy,3101,0,5.235,
10050.0,heavy,3102,0,2.724,ECONNREFUSED
10053.3,heavy,3103,0,4.164,
10056.7,heavy,3101,0,4.611,
10060.0,heavy,3102,0,3.351,ECONNREFUSED
10063.3,heavy,3103,0,5.588,
10066.7,heavy,3101,0,6.229,
10070.0,heavy,3102,0,2.676,ECONNREFUSED
10073.3,heavy,3103,0,5.045,
10076.7,heavy,3101,0,4.363,
10080.0,heavy,3102,0,2.079,ECONNREFUSED
10083.3,heavy,3103,0,4.901,
10086.7,heavy,3101,0,4.579,
10090.0,heavy,3102,0,3.095,ECONNREFUSED
10093.3,heavy,3103,0,4.832,
10096.7,heavy,3101,0,4.584,
10100.0,light-1,3101,1,3.109,
10100.0,light-4,3101,1,3.629,
10100.0,light-3,3103,1,4.286,
10100.0,light-2,3102,0,6.264,ECONNREFUSED
10100.0,light-5,3102,0,6.416,ECONNREFUSED
10100.0,heavy,3102,0,6.079,ECONNREFUSED
10103.3,heavy,3103,0,6.102,
10106.7,heavy,3103,0,4.163,
10110.0,heavy,3101,0,4.723,
10113.3,heavy,3102,0,2.734,ECONNREFUSED
10116.7,heavy,3103,0,4.438,
10120.0,heavy,3101,0,4.578,
10123.3,heavy,3102,0,2.817,ECONNREFUSED
10126.7,heavy,3103,0,4.433,
10130.0,heavy,3101,0,4.551,
10133.3,heavy,3102,0,2.560,ECONNREFUSED
10136.7,heavy,3103,0,4.723,
10140.0,heavy,3101,0,4.822,
10143.3,heavy,3102,0,2.969,ECONNREFUSED
10146.7,heavy,3103,0,4.239,
10150.0,heavy,3101,0,4.647,
10153.3,heavy,3102,0,2.348,ECONNREFUSED
10156.7,heavy,3103,0,4.229,
10160.0,heavy,3101,0,4.201,
10163.3,heavy,3102,0,2.679,ECONNREFUSED
10166.7,heavy,3103,0,4.352,
10170.0,heavy,3101,0,4.744,
10173.3,heavy,3102,0,2.883,ECONNREFUSED
10176.7,heavy,3103,0,4.330,
10180.0,heavy,3101,0,4.654,
10183.3,heavy,3102,0,2.443,ECONNREFUSED
10186.7,heavy,3103,0,3.915,
10190.0,heavy,3101,0,4.875,
10193.3,heavy,3102,0,2.413,ECONNREFUSED
10196.7,heavy,3103,0,3.979,
10200.0,light-2,3103,1,2.240,
10200.0,light-1,3102,0,3.549,ECONNREFUSED
10200.0,light-4,3102,0,3.542,ECONNREFUSED
10200.0,light-3,3101,1,5.014,
10200.0,light-5,3103,1,5.542,
10200.0,heavy,3101,0,6.820,
10203.3,heavy,3101,0,5.342,
10206.7,heavy,3102,0,2.232,ECONNREFUSED
10210.0,heavy,3103,0,4.740,
10213.3,heavy,3101,0,3.877,
10216.7,heavy,3102,0,2.085,ECONNREFUSED
10220.0,heavy,3103,0,3.894,
10223.3,heavy,3101,0,4.162,
10226.7,heavy,3102,0,2.243,ECONNREFUSED
10230.0,heavy,3103,0,3.944,
10233.3,heavy,3101,0,4.991,
10236.7,heavy,3102,0,2.674,ECONNREFUSED
10240.0,heavy,3103,0,4.097,
10243.3,heavy,3101,0,4.807,
10246.7,heavy,3102,0,3.405,ECONNREFUSED
10250.0,heavy,3103,0,4.528,
10253.3,heavy,3101,0,4.782,
10256.7,heavy,3102,0,2.173,ECONNREFUSED
10260.0,heavy,3103,0,3.966,
10263.3,heavy,3101,0,3.968,
10266.7,heavy,3102,0,2.280,ECONNREFUSED
10270.0,heavy,3103,0,6.976,
10273.3,heavy,3101,0,6.004,
10276.7,heavy,3102,0,2.829,ECONNREFUSED
10280.0,heavy,3103,0,5.317,
10283.3,heavy,3101,0,4.037,
10286.7,heavy,3102,0,3.029,ECONNREFUSED
10290.0,heavy,3103,0,3.924,
10293.3,heavy,3101,0,4.056,
10296.7,heavy,3102,0,4.345,ECONNREFUSED
10300.0,light-1,3101,1,2.678,
10300.0,light-4,3101,1,2.881,
10300.0,light-3,3103,1,3.459,
10300.0,light-2,3102,0,4.610,ECONNREFUSED
10300.0,light-5,3102,0,4.516,ECONNREFUSED
10300.0,heavy,3103,0,4.959,
10303.3,heavy,3103,0,4.511,
10306.7,heavy,3101,0,4.224,
10310.0,heavy,3102,0,2.050,ECONNREFUSED
10313.3,heavy,3103,0,4.340,
10316.7,heavy,3101,0,3.667,
10320.0,heavy,3102,0,1.706,ECONNREFUSED
10323.3,heavy,3103,0,5.325,
10326.7,heavy,3101,0,3.883,
10330.0,heavy,3102,0,2.002,ECONNREFUSED
10333.3,heavy,3103,0,5.055,
10336.7,heavy,3101,0,5.600,
10340.0,heavy,3102,0,2.653,ECONNREFUSED
10343.3,heavy,3103,0,4.222,
10346.7,heavy,3101,0,4.015,
10350.0,heavy,3102,0,1.984,ECONNREFUSED
10353.3,heavy,3103,0,5.523,
10356.7,heavy,3101,0,4.098,
10360.0,heavy,3102,0,2.142,ECONNREFUSED
10363.3,heavy,3103,0,5.795,
10366.7,heavy,3101,0,4.879,
10370.0,heavy,3102,0,2.722,ECONNREFUSED
10373.3,heavy,3103,0,3.653,
10376.7,heavy,3101,0,4.430,
10380.0,heavy,3102,0,2.194,ECONNREFUSED
10383.3,heavy,3103,0,4.576,
10386.7,heavy,3101,0,5.080,
10390.0,heavy,3102,0,2.482,ECONNREFUSED
10393.3,heavy,3103,0,4.010,
10396.7,heavy,3101,0,4.409,
10400.0,light-5,3101,1,3.137,
10400.0,light-3,3102,0,4.540,ECONNREFUSED
10400.0,light-2,3101,1,6.359,
10400.0,light-1,3103,1,6.694,
10400.0,light-4,3103,0,9.065,
10400.0,heavy,3102,0,4.108,ECONNREFUSED
10403.3,heavy,3102,0,5.182,ECONNREFUSED
10406.7,heavy,3103,0,6.186,
10410.0,heavy,3101,0,4.948,
10413.3,heavy,3102,0,2.361,ECONNREFUSED
10416.7,heavy,3103,0,4.701,
10420.0,heavy,3101,0,4.616,
10423.3,heavy,3102,0,3.170,ECONNREFUSED
10426.7,heavy,3103,0,5.202,
10430.0,heavy,3101,0,4.530,
10433.3,heavy,3102,0,3.225,ECONNREFUSED
10436.7,heavy,3103,0,5.056,
10440.0,heavy,3101,0,4.653,
10443.3,heavy,3102,0,2.498,ECONNREFUSED
10446.7,heavy,3103,0,4.162,
10450.0,heavy,3101,0,4.865,
10453.3,heavy,3102,0,2.808,ECONNREFUSED
10456.7,heavy,3103,0,4.164,
10460.0,heavy,3101,0,3.869,
10463.3,heavy,3102,0,1.939,ECONNREFUSED
10466.7,heavy,3103,0,4.227,
10470.0,heavy,3101,0,4.252,
10473.3,heavy,3102,0,2.328,ECONNREFUSED
10476.7,heavy,3103,0,4.246,
10480.0,heavy,3101,0,2.959,
10483.3,heavy,3102,0,2.247,ECONNREFUSED
10486.7,heavy,3103,0,5.434,
10490.0,heavy,3101,0,4.510,
10493.3,heavy,3102,0,2.315,ECONNREFUSED
10496.7,heavy,3103,0,4.078,
10500.0,light-2,3103,1,2.265,
10500.0,light-5,3103,1,3.244,
10500.0,light-3,3101,1,4.300,
10500.0,light-1,3102,0,5.019,ECONNREFUSED
10500.0,light-4,3102,0,4.761,ECONNREFUSED
10500.0,heavy,3101,0,5.997,
10503.3,heavy,3101,0,4.165,
10506.7,heavy,3102,0,3.918,ECONNREFUSED
10510.0,heavy,3103,0,4.263,
10513.3,heavy,3101,0,4.389,
10516.7,heavy,3102,0,2.328,ECONNREFUSED
10520.0,heavy,3103,0,3.826,
10523.3,heavy,3101,0,4.462,
10526.7,heavy,3102,0,2.861,ECONNREFUSED
10530.0,heavy,3103,0,4.289,
10533.3,heavy,3101,0,4.249,
10536.7,heavy,3102,0,2.857,ECONNREFUSED
10540.0,heavy,3103,0,4.109,
10543.3,heavy,3101,0,3.963,
10546.7,heavy,3102,0,2.421,ECONNREFUSED
10550.0,heavy,3103,0,3.940,
10553.3,heavy,3101,0,3.647,
10556.7,heavy,3102,0,1.695,ECONNREFUSED
10560.0,heavy,3103,0,4.819,
10563.3,heavy,3101,0,5.161,
10566.7,heavy,3102,0,2.332,ECONNREFUSED
10570.0,heavy,3103,0,4.925,
10573.3,heavy,3101,0,3.875,
10576.7,heavy,3102,0,2.355,ECONNREFUSED
10580.0,heavy,3103,0,3.689,
10583.3,heavy,3101,0,7.117,
10586.7,heavy,3102,0,2.767,ECONNREFUSED
10590.0,heavy,3103,0,4.378,
10593.3,heavy,3101,0,4.635,
10596.7,heavy,3102,0,1.694,ECONNREFUSED
10600.0,light-1,3101,1,2.646,
10600.0,light-4,3101,1,2.965,
10600.0,light-3,3103,1,3.857,
10600.0,light-2,3102,0,4.440,ECONNREFUSED
10600.0,light-5,3102,0,4.193,ECONNREFUSED
10600.0,heavy,3103,0,5.557,
10603.3,heavy,3103,0,3.393,
10606.7,heavy,3101,0,4.330,
10610.0,heavy,3102,0,2.503,ECONNREFUSED
10613.3,heavy,3103,0,4.835,
10616.7,heavy,3101,0,4.788,
10620.0,heavy,3102,0,2.113,ECONNREFUSED
10623.3,heavy,3103,0,4.260,
10626.7,heavy,3101,0,7.183,
10630.0,heavy,3102,0,2.951,ECONNREFUSED
10633.3,heavy,3103,0,4.192,
10636.7,heavy,3101,0,4.387,
10640.0,heavy,3102,0,2.723,ECONNREFUSED
10643.3,heavy,3103,0,4.594,
10646.7,heavy,3101,0,4.317,
10650.0,heavy,3102,0,2.962,ECONNREFUSED
10653.3,heavy,3103,0,4.512,
10656.7,heavy,3101,0,4.497,
10660.0,heavy,3102,0,2.540,ECONNREFUSED
10663.3,heavy,3103,0,4.507,
10666.7,heavy,3101,0,4.200,
10670.0,heavy,3102,0,3.369,ECONNREFUSED
10673.3,heavy,3103,0,4.883,
10676.7,heavy,3101,0,3.910,
10680.0,heavy,3102,0,1.983,ECONNREFUSED
10683.3,heavy,3103,0,4.317,
10686.7,heavy,3101,0,4.448,
10690.0,heavy,3102,0,3.301,ECONNREFUSED
10693.3,heavy,3103,0,4.708,
10696.7,heavy,3101,0,4.321,
10700.0,light-1,3101,1,2.727,
10700.0,light-4,3101,1,3.066,
10700.0,light-3,3103,1,4.510,
10700.0,light-2,3102,0,5.196,ECONNREFUSED
10700.0,light-5,3102,0,5.337,ECONNREFUSED
10700.0,heavy,3102,0,5.489,ECONNREFUSED
10703.3,heavy,3103,0,5.633,
10706.7,heavy,3103,0,3.921,
10710.0,heavy,3101,0,3.338,
10713.3,heavy,3102,0,1.810,ECONNREFUSED
10716.7,heavy,3103,0,5.428,
10720.0,heavy,3101,0,4.461,
10723.3,heavy,3102,0,2.029,ECONNREFUSED
10726.7,heavy,3103,0,4.595,
10730.0,heavy,3101,0,4.406,
10733.3,heavy,3102,0,2.909,ECONNREFUSED
10736.7,heavy,3103,0,4.503,
10740.0,heavy,3101,0,6.545,
10743.3,heavy,3102,0,2.456,ECONNREFUSED
10746.7,heavy,3103,0,3.842,
10750.0,heavy,3101,0,4.186,
10753.3,heavy,3102,0,2.300,ECONNREFUSED
10756.7,heavy,3103,0,4.594,
10760.0,heavy,3101,0,4.997,
10763.3,heavy,3102,0,2.234,ECONNREFUSED
10766.7,heavy,3103,0,4.115,
10770.0,heavy,3101,0,4.752,
10773.3,heavy,3102,0,2.847,ECONNREFUSED
10776.7,heavy,3103,0,4.624,
10780.0,heavy,3101,0,7.906,
10783.3,heavy,3102,0,3.306,ECONNREFUSED
10786.7,heavy,3103,0,5.537,
10790.0,heavy,3101,0,5.468,
10793.3,heavy,3102,0,3.017,ECONNREFUSED
10796.7,heavy,3103,0,5.798,
10800.0,light-2,3103,1,2.705,
10800.0,light-5,3103,1,3.471,
10800.0,light-3,3101,1,4.974,
10800.0,light-1,3102,0,5.637,ECONNREFUSED
10800.0,light-4,3102,0,5.344,ECONNREFUSED
10800.0,heavy,3101,0,6.820,
10803.3,heavy,3101,0,4.519,
10806.7,heavy,3102,0,4.605,ECONNREFUSED
10810.0,heavy,3103,0,5.001,
10813.3,heavy,3101,0,4.235,
10816.7,heavy,3102,0,2.924,ECONNREFUSED
10820.0,heavy,3103,0,4.688,
10823.3,heavy,3101,0,4.719,
10826.7,heavy,3102,0,2.370,ECONNREFUSED
10830.0,heavy,3103,0,5.006,
10833.3,heavy,3101,0,4.723,
10836.7,heavy,3102,0,2.689,ECONNREFUSED
10840.0,heavy,3103,0,4.243,
10843.3,heavy,3101,0,4.417,
10846.7,heavy,3102,0,2.867,ECONNREFUSED
10850.0,heavy,3103,0,4.301,
10853.3,heavy,3101,0,4.862,
10856.7,heavy,3102,0,2.284,ECONNREFUSED
10860.0,heavy,3103,0,4.381,
10863.3,heavy,3101,0,4.683,
10866.7,heavy,3102,0,3.001,ECONNREFUSED
10870.0,heavy,3103,0,4.797,
10873.3,heavy,3101,0,4.547,
10876.7,heavy,3102,0,2.491,ECONNREFUSED
10880.0,heavy,3103,0,6.791,
10883.3,heavy,3101,0,4.751,
10886.7,heavy,3102,0,3.355,ECONNREFUSED
10890.0,heavy,3103,0,4.444,
10893.3,heavy,3101,0,5.447,
10896.7,heavy,3102,0,5.117,ECONNREFUSED
10900.0,light-1,3101,1,1.579,
10900.0,light-4,3101,1,1.551,
10900.0,light-3,3103,1,2.941,
10900.0,light-2,3102,0,6.564,ECONNREFUSED
10900.0,light-5,3102,0,6.470,ECONNREFUSED
10900.0,heavy,3103,0,6.216,
10903.3,heavy,3103,0,3.907,
10906.7,heavy,3101,0,4.409,
10910.0,heavy,3102,0,2.590,ECONNREFUSED
10913.3,heavy,3103,0,4.261,
10916.7,heavy,3101,0,4.426,
10920.0,heavy,3102,0,1.952,ECONNREFUSED
10923.3,heavy,3103,0,4.372,
10926.7,heavy,3101,0,3.911,
10930.0,heavy,3102,0,2.588,ECONNREFUSED
10933.3,heavy,3103,0,4.264,
10936.7,heavy,3101,0,4.114,
10940.0,heavy,3102,0,2.775,ECONNREFUSED
10943.3,heavy,3103,0,4.061,
10946.7,heavy,3101,0,3.951,
10950.0,heavy,3102,0,2.460,ECONNREFUSED
10953.3,heavy,3103,0,3.888,
10956.7,heavy,3101,0,4.084,
10960.0,heavy,3102,0,1.736,ECONNREFUSED
10963.3,heavy,3103,0,3.622,
10966.7,heavy,3101,0,3.695,
10970.0,heavy,3102,0,1.810,ECONNREFUSED
10973.3,heavy,3103,0,3.685,
10976.7,heavy,3101,0,3.693,
10980.0,heavy,3102,0,1.947,ECONNREFUSED
10983.3,heavy,3103,0,3.739,
10986.7,heavy,3101,0,4.147,
10990.0,heavy,3102,0,2.703,ECONNREFUSED
10993.3,heavy,3103,0,6.931,
10996.7,heavy,3101,0,6.894,
11000.0,light-3,3103,1,4.045,
11000.0,light-1,3101,1,4.477,
11000.0,light-4,3101,1,4.928,
11000.0,light-2,3102,0,5.940,ECONNREFUSED
11000.0,light-5,3102,0,6.709,ECONNREFUSED
11000.0,heavy,3102,0,6.210,ECONNREFUSED
11003.3,heavy,3103,0,6.709,
11006.7,heavy,3103,0,3.936,
11010.0,heavy,3101,0,4.390,
11013.3,heavy,3102,0,2.962,ECONNREFUSED
11016.7,heavy,3103,0,5.260,
11020.0,heavy,3101,0,4.237,
11023.3,heavy,3102,0,2.704,ECONNREFUSED
11026.7,heavy,3103,0,4.504,
11030.0,heavy,3101,0,4.013,
11033.3,heavy,3102,0,2.318,ECONNREFUSED
11036.7,heavy,3103,0,3.738,
11040.0,heavy,3101,0,3.646,
11043.3,heavy,3102,0,2.317,ECONNREFUSED
11046.7,heavy,3103,0,3.934,
11050.0,heavy,3101,0,4.075,
11053.3,heavy,3102,0,2.846,ECONNREFUSED
11056.7,heavy,3103,0,4.314,
11060.0,heavy,3101,0,3.775,
11063.3,heavy,3102,0,1.949,ECONNREFUSED
11066.7,heavy,3103,0,3.939,
11070.0,heavy,3101,0,4.511,
11073.3,heavy,3102,0,2.774,ECONNREFUSED
11076.7,heavy,3103,0,4.841,
11080.0,heavy,3101,0,5.010,
11083.3,heavy,3102,0,2.252,ECONNREFUSED
11086.7,heavy,3103,0,3.862,
11090.0,heavy,3101,0,4.333,
11093.3,heavy,3102,0,3.312,ECONNREFUSED
11096.7,heavy,3103,0,4.019,
11100.0,light-2,3103,1,2.186,
11100.0,light-5,3103,1,3.299,
11100.0,light-3,3101,1,3.850,
11100.0,light-4,3102,0,4.035,ECONNREFUSED
11100.0,light-1,3102,0,6.290,ECONNREFUSED
11100.0,heavy,3101,0,6.199,
11103.3,heavy,3101,0,4.743,
11106.7,heavy,3102,0,4.053,ECONNREFUSED
11110.0,heavy,3103,0,4.208,
11113.3,heavy,3101,0,4.558,
11116.7,heavy,3102,0,2.255,ECONNREFUSED
11120.0,heavy,3103,0,4.501,
11123.3,heavy,3101,0,4.497,
11126.7,heavy,3102,0,2.298,ECONNREFUSED
11130.0,heavy,3103,0,3.867,
11133.3,heavy,3101,0,5.140,
11136.7,heavy,3102,0,2.665,ECONNREFUSED
11140.0,heavy,3103,0,4.860,
11143.3,heavy,3101,0,4.794,
11146.7,heavy,3102,0,3.031,ECONNREFUSED
11150.0,heavy,3103,0,4.075,
11153.3,heavy,3101,0,4.237,
11156.7,heavy,3102,0,2.835,ECONNREFUSED
11160.0,heavy,3103,0,4.865,
11163.3,heavy,3101,0,4.592,
11166.7,heavy,3102,0,2.480,ECONNREFUSED
11170.0,heavy,3103,0,4.443,
11173.3,heavy,3101,0,4.389,
11176.7,heavy,3102,0,2.382,ECONNREFUSED
11180.0,heavy,3103,0,4.793,
11183.3,heavy,3101,0,5.059,
11186.7,heavy,3102,0,2.369,ECONNREFUSED
11190.0,heavy,3103,0,3.825,
11193.3,heavy,3101,0,4.130,
11196.7,heavy,3102,0,5.544,ECONNREFUSED
11200.0,light-1,3101,1,3.591,
11200.0,light-3,3103,1,4.702,
11200.0,light-2,3102,0,5.383,ECONNREFUSED
11200.0,light-5,3102,0,5.138,ECONNREFUSED
11200.0,light-4,3101,0,5.463,
11200.0,heavy,3103,0,6.360,
11203.3,heavy,3103,0,3.491,
11206.7,heavy,3101,0,5.224,
11210.0,heavy,3102,0,4.055,ECONNREFUSED
11213.3,heavy,3103,0,4.917,
11216.7,heavy,3101,0,4.667,
11220.0,heavy,3102,0,3.703,ECONNREFUSED
11223.3,heavy,3103,0,3.465,
11226.7,heavy,3101,0,4.322,
11230.0,heavy,3102,0,3.141,ECONNREFUSED
11233.3,heavy,3103,0,4.810,
11236.7,heavy,3101,0,4.840,
11240.0,heavy,3102,0,3.140,ECONNREFUSED
11243.3,heavy,3103,0,4.386,
11246.7,heavy,3101,0,4.462,
11250.0,heavy,3102,0,3.442,ECONNREFUSED
11253.3,heavy,3103,0,4.916,
11256.7,heavy,3101,0,5.002,
11260.0,heavy,3102,0,2.412,ECONNREFUSED
11263.3,heavy,3103,0,4.465,
11266.7,heavy,3101,0,4.160,
11270.0,heavy,3102,0,2.646,ECONNREFUSED
11273.3,heavy,3103,0,4.017,
11276.7,heavy,3101,0,4.503,
11280.0,heavy,3102,0,2.744,ECONNREFUSED
11283.3,heavy,3103,0,4.091,
11286.7,heavy,3101,0,7.290,
11290.0,heavy,3102,0,2.818,ECONNREFUSED
11293.3,heavy,3103,1,1.420,
11296.7,heavy,3101,1,3.213,
11300.0,light-2,3101,1,1.948,
11300.0,light-1,3103,1,2.238,
11300.0,light-5,3101,1,2.901,
11300.0,light-4,3103,1,3.139,
11300.0,light-3,3102,0,4.585,ECONNREFUSED
11300.0,heavy,3102,0,4.827,ECONNREFUSED
11303.3,heavy,3102,0,2.394,ECONNREFUSED
11306.7,heavy,3103,1,1.339,
11310.0,heavy,3101,1,2.755,
11313.3,heavy,3102,0,3.526,ECONNREFUSED
11316.7,heavy,3103,1,1.537,
11320.0,heavy,3101,1,2.110,
11323.3,heavy,3102,0,2.748,ECONNREFUSED
11326.7,heavy,3103,1,1.704,
11330.0,heavy,3101,1,1.238,
11333.3,heavy,3102,0,5.219,ECONNREFUSED
11336.7,heavy,3103,1,2.716,
11340.0,heavy,3101,1,2.768,
11343.3,heavy,3102,0,5.166,ECONNREFUSED
11346.7,heavy,3103,1,2.511,
11350.0,heavy,3101,1,1.039,
11353.3,heavy,3102,0,3.453,ECONNREFUSED
11356.7,heavy,3103,1,1.604,
11360.0,heavy,3101,1,1.708,
11363.3,heavy,3102,0,2.226,ECONNREFUSED
11366.7,heavy,3103,1,2.186,
11370.0,heavy,3101,1,2.994,
11373.3,heavy,3102,0,3.202,ECONNREFUSED
11376.7,heavy,3103,1,1.398,
11380.0,heavy,3101,1,2.054,
11383.3,heavy,3102,0,3.539,ECONNREFUSED
11386.7,heavy,3103,1,1.790,
11390.0,heavy,3101,1,2.537,
11393.3,heavy,3102,0,2.496,ECONNREFUSED
11396.7,heavy,3103,1,1.278,
11400.0,light-1,3101,1,4.635,
11400.0,light-3,3103,1,4.640,
11400.0,light-4,3101,1,7.287,
11400.0,light-2,3102,0,7.740,ECONNREFUSED
11400.0,light-5,3102,0,7.553,ECONNREFUSED
11400.0,heavy,3101,1,4.114,
11403.3,heavy,3102,0,7.773,ECONNREFUSED
11406.7,heavy,3103,1,3.696,
11410.0,heavy,3103,1,4.272,
11413.3,heavy,3101,1,2.541,
11416.7,heavy,3102,0,3.455,ECONNREFUSED
11420.0,heavy,3103,1,1.108,
11423.3,heavy,3101,1,1.390,
11426.7,heavy,3102,0,4.028,ECONNREFUSED
11430.0,heavy,3103,1,1.765,
11433.3,heavy,3101,1,1.878,
11436.7,heavy,3102,0,3.953,ECONNREFUSED
11440.0,heavy,3103,1,1.539,
11443.3,heavy,3101,1,2.603,
11446.7,heavy,3102,0,4.651,ECONNREFUSED
11450.0,heavy,3103,1,2.309,
11453.3,heavy,3101,1,1.881,
11456.7,heavy,3102,0,2.964,ECONNREFUSED
11460.0,heavy,3103,1,1.377,
11463.3,heavy,3101,1,2.484,
11466.7,heavy,3102,0,3.122,ECONNREFUSED
11470.0,heavy,3103,1,1.570,
11473.3,heavy,3101,1,4.137,
11476.7,heavy,3102,0,5.076,ECONNREFUSED
11480.0,heavy,3103,1,2.472,
11483.3,heavy,3101,1,3.704,
11486.7,heavy,3102,0,4.746,ECONNREFUSED
11490.0,heavy,3103,1,1.180,
11493.3,heavy,3101,1,4.493,
11496.7,heavy,3102,0,7.113,ECONNREFUSED
11500.0,light-3,3103,1,4.031,
11500.0,light-1,3101,1,4.481,
11500.0,light-4,3101,1,4.443,
11500.0,light-2,3102,0,6.973,ECONNREFUSED
11500.0,light-5,3102,0,6.820,ECONNREFUSED
11500.0,heavy,3103,1,4.125,
11503.3,heavy,3103,1,3.440,
11506.7,heavy,3101,1,1.881,
11510.0,heavy,3102,0,3.923,ECONNREFUSED
11513.3,heavy,3103,1,1.915,
11516.7,heavy,3101,1,1.675,
11520.0,heavy,3102,0,3.002,ECONNREFUSED
11523.3,heavy,3103,1,1.541,
11526.7,heavy,3101,1,2.630,
11530.0,heavy,3102,0,3.731,ECONNREFUSED
11533.3,heavy,3103,1,1.689,
11536.7,heavy,3101,1,2.107,
11540.0,heavy,3102,0,2.708,ECONNREFUSED
11543.3,heavy,3103,1,1.618,
11546.7,heavy,3101,1,2.180,
11550.0,heavy,3102,0,1.526,ECONNREFUSED
11553.3,heavy,3103,1,2.377,
11556.7,heavy,3101,1,2.260,
11560.0,heavy,3102,0,3.611,ECONNREFUSED
11563.3,heavy,3103,1,1.930,
11566.7,heavy,3101,1,2.404,
11570.0,heavy,3102,0,4.463,ECONNREFUSED
11573.3,heavy,3103,1,2.173,
11576.7,heavy,3101,1,3.886,
11580.0,heavy,3102,0,4.029,ECONNREFUSED
11583.3,heavy,3103,1,1.448,
11586.7,heavy,3101,1,2.425,
11590.0,heavy,3102,0,3.424,ECONNREFUSED
11593.3,heavy,3103,1,1.843,
11596.7,heavy,3101,1,1.270,
11600.0,light-2,3103,1,6.475,
11600.0,light-5,3103,1,8.382,
11600.0,light-3,3101,1,8.831,
11600.0,light-1,3102,0,9.721,ECONNREFUSED
11600.0,light-4,3102,0,9.537,ECONNREFUSED
11600.0,heavy,3102,0,10.388,ECONNREFUSED
11603.3,heavy,3103,1,4.751,
11606.7,heavy,3101,1,5.275,
11610.0,heavy,3101,1,6.345,
11613.3,heavy,3102,0,9.331,ECONNREFUSED
11616.7,heavy,3103,1,4.525,
11620.0,heavy,3101,1,1.895,
11623.3,heavy,3102,0,3.598,ECONNREFUSED
11626.7,heavy,3103,1,1.374,
11630.0,heavy,3101,1,2.245,
11633.3,heavy,3102,0,4.275,ECONNREFUSED
11636.7,heavy,3103,1,1.752,
11640.0,heavy,3101,1,3.538,
11643.3,heavy,3102,0,2.829,ECONNREFUSED
11646.7,heavy,3103,1,2.721,
11650.0,heavy,3101,1,2.726,
11653.3,heavy,3102,0,4.463,ECONNREFUSED
11656.7,heavy,3103,1,2.653,
11660.0,heavy,3101,1,1.433,
11663.3,heavy,3102,0,4.779,ECONNREFUSED
11666.7,heavy,3103,1,2.397,
11670.0,heavy,3101,1,3.178,
11673.3,heavy,3102,0,4.989,ECONNREFUSED
11676.7,heavy,3103,1,1.427,
11680.0,heavy,3101,1,1.708,
11683.3,heavy,3102,0,2.594,ECONNREFUSED
11686.7,heavy,3103,1,1.479,
11690.0,heavy,3101,1,1.195,
11693.3,heavy,3102,0,7.004,ECONNREFUSED
11696.7,heavy,3103,1,3.286,
11700.0,light-2,3103,1,3.917,
11700.0,light-3,3101,1,4.160,
11700.0,light-5,3103,1,4.110,
11700.0,light-1,3102,0,6.537,ECONNREFUSED
11700.0,light-4,3102,0,6.339,ECONNREFUSED
11700.0,heavy,3101,1,3.414,
11703.3,heavy,3101,1,3.696,
11706.7,heavy,3102,0,3.368,ECONNREFUSED
11710.0,heavy,3103,1,1.507,
11713.3,heavy,3101,1,1.871,
11716.7,heavy,3102,0,2.649,ECONNREFUSED
11720.0,heavy,3103,1,1.015,
11723.3,heavy,3101,1,2.196,
11726.7,heavy,3102,0,3.603,ECONNREFUSED
11730.0,heavy,3103,1,2.335,
11733.3,heavy,3101,1,2.885,
11736.7,heavy,3102,0,2.043,ECONNREFUSED
11740.0,heavy,3103,1,2.684,
11743.3,heavy,3101,1,2.598,
11746.7,heavy,3102,0,3.649,ECONNREFUSED
11750.0,heavy,3103,1,1.858,
11753.3,heavy,3101,1,1.550,
11756.7,heavy,3102,0,3.627,ECONNREFUSED
11760.0,heavy,3103,1,1.266,
11763.3,heavy,3101,1,2.151,
11766.7,heavy,3102,0,2.295,ECONNREFUSED
11770.0,heavy,3103,1,2.279,
11773.3,heavy,3101,1,2.142,
11776.7,heavy,3102,0,3.397,ECONNREFUSED
11780.0,heavy,3103,1,2.544,
11783.3,heavy,3101,1,1.237,
11786.7,heavy,3102,0,3.837,ECONNREFUSED
11790.0,heavy,3103,1,2.358,
11793.3,heavy,3101,1,3.796,
11796.7,heavy,3102,0,6.669,ECONNREFUSED
11800.0,light-1,3101,1,2.903,
11800.0,light-3,3103,1,2.769,
11800.0,light-4,3101,1,3.209,
11800.0,light-2,3102,0,5.692,ECONNREFUSED
11800.0,light-5,3102,0,5.498,ECONNREFUSED
11800.0,heavy,3103,1,2.864,
11803.3,heavy,3103,1,1.774,
11806.7,heavy,3101,1,1.190,
11810.0,heavy,3102,0,2.131,ECONNREFUSED
11813.3,heavy,3103,1,1.111,
11816.7,heavy,3101,1,2.207,
11820.0,heavy,3102,0,3.362,ECONNREFUSED
11823.3,heavy,3103,1,1.791,
11826.7,heavy,3101,1,2.386,
11830.0,heavy,3102,0,2.004,ECONNREFUSED
11833.3,heavy,3103,1,2.172,
11836.7,heavy,3101,1,2.126,
11840.0,heavy,3102,0,3.044,ECONNREFUSED
11843.3,heavy,3103,1,1.594,
11846.7,heavy,3101,1,1.899,
11850.0,heavy,3102,0,4.631,ECONNREFUSED
11853.3,heavy,3103,1,2.175,
11856.7,heavy,3101,1,2.954,
11860.0,heavy,3102,0,3.345,ECONNREFUSED
11863.3,heavy,3103,1,2.797,
11866.7,heavy,3101,1,4.265,
11870.0,heavy,3102,0,4.760,ECONNREFUSED
11873.3,heavy,3103,1,2.794,
11876.7,heavy,3101,1,2.129,
11880.0,heavy,3102,0,6.087,ECONNREFUSED
11883.3,heavy,3103,1,3.416,
11886.7,heavy,3101,1,3.545,
11890.0,heavy,3102,0,4.993,ECONNREFUSED
11893.3,heavy,3103,1,2.641,
11896.7,heavy,3101,1,1.155,
11900.0,light-1,3101,1,3.605,
11900.0,light-3,3103,1,4.239,
11900.0,light-4,3101,1,4.380,
11900.0,light-2,3102,0,6.574,ECONNREFUSED
11900.0,light-5,3102,0,6.423,ECONNREFUSED
11900.0,heavy,3102,0,7.069,ECONNREFUSED
11903.3,heavy,3103,1,3.457,
11906.7,heavy,3103,1,3.742,
11910.0,heavy,3101,1,1.946,
11913.3,heavy,3102,0,4.439,ECONNREFUSED
11916.7,heavy,3103,1,1.588,
11920.0,heavy,3101,1,1.712,
11923.3,heavy,3102,0,2.923,ECONNREFUSED
11926.7,heavy,3103,1,1.369,
11930.0,heavy,3101,1,2.655,
11933.3,heavy,3102,0,3.636,ECONNREFUSED
11936.7,heavy,3103,1,1.674,
11940.0,heavy,3101,1,2.516,
11943.3,heavy,3102,0,4.048,ECONNREFUSED
11946.7,heavy,3103,1,2.176,
11950.0,heavy,3101,1,2.284,
11953.3,heavy,3102,0,3.394,ECONNREFUSED
11956.7,heavy,3103,1,1.218,
11960.0,heavy,3101,1,1.931,
11963.3,heavy,3102,0,2.968,ECONNREFUSED
11966.7,heavy,3103,1,1.650,
11970.0,heavy,3101,1,1.668,
11973.3,heavy,3102,0,4.222,ECONNREFUSED
11976.7,heavy,3103,1,1.854,
11980.0,heavy,3101,1,1.999,
11983.3,heavy,3102,0,4.474,ECONNREFUSED
11986.7,heavy,3103,1,1.402,
11990.0,heavy,3101,1,3.275,
11993.3,heavy,3102,0,7.295,ECONNREFUSED
11996.7,heavy,3103,1,2.979,
12000.0,light-2,3103,1,3.244,
12000.0,light-3,3101,1,4.085,
12000.0,light-5,3103,1,4.072,
12000.0,light-1,3102,0,6.543,ECONNREFUSED
12000.0,light-4,3102,0,7.282,ECONNREFUSED
12000.0,heavy,3101,1,3.365,
12003.3,heavy,3101,1,2.802,
12006.7,heavy,3102,0,2.462,ECONNREFUSED
12010.0,heavy,3103,1,1.441,
12013.3,heavy,3101,1,1.465,
12016.7,heavy,3102,0,4.309,ECONNREFUSED
12020.0,heavy,3103,1,1.995,
12023.3,heavy,3101,1,2.020,
12026.7,heavy,3102,0,3.860,ECONNREFUSED
12030.0,heavy,3103,1,2.905,
12033.3,heavy,3101,1,1.149,
12036.7,heavy,3102,0,3.415,ECONNREFUSED
12040.0,heavy,3103,1,1.886,
12043.3,heavy,3101,1,1.614,
12046.7,heavy,3102,0,2.419,ECONNREFUSED
12050.0,heavy,3103,1,1.250,
12053.3,heavy,3101,1,1.950,
12056.7,heavy,3102,0,3.028,ECONNREFUSED
12060.0,heavy,3103,1,1.670,
12063.3,heavy,3101,1,1.871,
12066.7,heavy,3102,0,3.097,ECONNREFUSED
12070.0,heavy,3103,1,1.660,
12073.3,heavy,3101,1,1.692,
12076.7,heavy,3102,0,2.628,ECONNREFUSED
12080.0,heavy,3103,1,1.107,
12083.3,heavy,3101,1,2.299,
12086.7,heavy,3102,0,3.588,ECONNREFUSED
12090.0,heavy,3103,1,1.955,
12093.3,heavy,3101,1,1.655,
12096.7,heavy,3102,0,6.638,ECONNREFUSED
12100.0,light-4,3103,1,4.606,
12100.0,light-5,3101,1,4.798,
12100.0,light-1,3103,1,6.251,
12100.0,light-2,3101,1,6.388,
12100.0,light-3,3102,0,6.553,ECONNREFUSED
12100.0,heavy,3103,1,3.522,
12103.3,heavy,3101,1,3.647,
12106.7,heavy,3102,0,6.186,ECONNREFUSED
12110.0,heavy,3102,0,6.778,ECONNREFUSED
12113.3,heavy,3103,1,1.706,
12116.7,heavy,3101,1,1.424,
12120.0,heavy,3102,0,3.319,ECONNREFUSED
12123.3,heavy,3103,1,2.004,
12126.7,heavy,3101,1,1.227,
12130.0,heavy,3102,0,4.007,ECONNREFUSED
12133.3,heavy,3103,1,2.300,
12136.7,heavy,3101,1,1.993,
12140.0,heavy,3102,0,3.358,ECONNREFUSED
12143.3,heavy,3103,1,2.162,
12146.7,heavy,3101,1,2.062,
12150.0,heavy,3102,0,2.782,ECONNREFUSED
12153.3,heavy,3103,1,2.365,
12156.7,heavy,3101,1,1.005,
12160.0,heavy,3102,0,3.982,ECONNREFUSED
12163.3,heavy,3103,1,1.892,
12166.7,heavy,3101,1,2.693,
12170.0,heavy,3102,0,3.032,ECONNREFUSED
12173.3,heavy,3103,1,2.117,
12176.7,heavy,3101,1,1.995,
12180.0,heavy,3102,0,2.999,ECONNREFUSED
12183.3,heavy,3103,0,2.299,
12186.7,heavy,3101,1,0.815,
12190.0,heavy,3102,0,4.422,ECONNREFUSED
12193.3,heavy,3103,1,2.118,
12196.7,heavy,3101,1,2.169,
12200.0,light-2,3101,1,2.053,
12200.0,light-1,3103,1,2.170,
12200.0,light-5,3101,1,2.498,
12200.0,light-4,3103,1,2.647,
12200.0,light-3,3102,0,3.852,ECONNREFUSED
12200.0,heavy,3102,0,3.955,ECONNREFUSED
12203.3,heavy,3102,0,1.962,ECONNREFUSED
12206.7,heavy,3103,1,2.003,
12210.0,heavy,3101,1,1.856,
12213.3,heavy,3102,0,2.764,ECONNREFUSED
12216.7,heavy,3103,1,1.226,
12220.0,heavy,3101,1,1.947,
12223.3,heavy,3102,0,3.948,ECONNREFUSED
12226.7,heavy,3103,1,1.637,
12230.0,heavy,3101,1,2.684,
12233.3,heavy,3102,0,3.077,ECONNREFUSED
12236.7,heavy,3103,1,1.273,
12240.0,heavy,3101,1,1.413,
12243.3,heavy,3102,0,2.668,ECONNREFUSED
12246.7,heavy,3103,1,1.632,
12250.0,heavy,3101,1,1.917,
12253.3,heavy,3102,0,4.087,ECONNREFUSED
12256.7,heavy,3103,1,2.105,
12260.0,heavy,3101,1,2.863,
12263.3,heavy,3102,0,3.513,ECONNREFUSED
12266.7,heavy,3103,1,1.828,
12270.0,heavy,3101,1,3.420,
12273.3,heavy,3102,0,3.439,ECONNREFUSED
12276.7,heavy,3103,1,1.709,
12280.0,heavy,3101,1,1.407,
12283.3,heavy,3102,0,3.378,ECONNREFUSED
12286.7,heavy,3103,1,1.760,
12290.0,heavy,3101,0,3.536,
12293.3,heavy,3102,0,2.521,ECONNREFUSED
12296.7,heavy,3103,1,3.400,
12300.0,light-3,3103,1,3.707,
12300.0,light-1,3101,1,4.217,
12300.0,light-4,3101,1,4.027,
12300.0,light-2,3102,0,4.666,ECONNREFUSED
12300.0,light-5,3102,0,4.443,ECONNREFUSED
12300.0,heavy,3101,0,5.901,
12303.3,heavy,3102,0,4.966,ECONNREFUSED
12306.7,heavy,3103,1,2.853,
12310.0,heavy,3103,0,2.381,
12313.3,heavy,3101,0,3.412,
12316.7,heavy,3102,0,1.948,ECONNREFUSED
12320.0,heavy,3103,1,1.889,
12323.3,heavy,3101,1,4.268,
12326.7,heavy,3102,0,3.764,ECONNREFUSED
12330.0,heavy,3103,0,1.452,
12333.3,heavy,3101,1,4.310,
12336.7,heavy,3102,0,2.729,ECONNREFUSED
12340.0,heavy,3103,0,1.881,
12343.3,heavy,3101,0,4.189,
12346.7,heavy,3102,0,2.048,ECONNREFUSED
12350.0,heavy,3103,1,1.509,
12353.3,heavy,3101,1,4.455,
12356.7,heavy,3102,0,3.840,ECONNREFUSED
12360.0,heavy,3103,0,1.187,
12363.3,heavy,3101,0,3.770,
12366.7,heavy,3102,0,2.565,ECONNREFUSED
12370.0,heavy,3103,1,1.433,
12373.3,heavy,3101,0,3.379,
12376.7,heavy,3102,0,2.064,ECONNREFUSED
12380.0,heavy,3103,1,1.885,
12383.3,heavy,3101,1,4.150,
12386.7,heavy,3102,0,2.184,ECONNREFUSED
12390.0,heavy,3103,0,1.405,
12393.3,heavy,3101,0,7.846,
12396.7,heavy,3102,0,7.808,ECONNREFUSED
12400.0,light-3,3103,1,4.161,
12400.0,light-1,3101,1,5.991,
12400.0,light-4,3101,1,6.335,
12400.0,light-2,3102,0,7.292,ECONNREFUSED
12400.0,light-5,3102,0,7.133,ECONNREFUSED
12400.0,heavy,3103,1,3.330,
12403.3,heavy,3103,0,4.415,
12406.7,heavy,3101,1,4.119,
12410.0,heavy,3102,0,2.613,ECONNREFUSED
12413.3,heavy,3103,1,1.754,
12416.7,heavy,3101,0,3.315,
12420.0,heavy,3102,0,2.253,ECONNREFUSED
12423.3,heavy,3103,1,2.545,
12426.7,heavy,3101,0,3.918,
12430.0,heavy,3102,0,3.489,ECONNREFUSED
12433.3,heavy,3103,0,1.741,
12436.7,heavy,3101,1,4.016,
12440.0,heavy,3102,0,2.503,ECONNREFUSED
12443.3,heavy,3103,1,1.248,
12446.7,heavy,3101,0,4.289,
12450.0,heavy,3102,0,2.733,ECONNREFUSED
12453.3,heavy,3103,1,1.575,
12456.7,heavy,3101,0,3.817,
12460.0,heavy,3102,0,3.266,ECONNREFUSED
12463.3,heavy,3103,0,1.121,
12466.7,heavy,3101,1,4.889,
12470.0,heavy,3102,0,3.507,ECONNREFUSED
12473.3,heavy,3103,1,1.650,
12476.7,heavy,3101,0,5.172,
12480.0,heavy,3102,0,3.574,ECONNREFUSED
12483.3,heavy,3103,0,1.150,
12486.7,heavy,3101,0,4.128,
12490.0,heavy,3102,0,3.012,ECONNREFUSED
12493.3,heavy,3103,1,1.418,
12496.7,heavy,3101,1,4.037,
12500.0,light-1,3103,1,2.522,
12500.0,light-2,3101,1,2.611,
12500.0,light-4,3103,1,2.505,
12500.0,light-5,3101,1,3.252,
12500.0,light-3,3102,0,5.222,ECONNREFUSED
12500.0,heavy,3102,0,5.537,ECONNREFUSED
12503.3,heavy,3102,0,5.680,ECONNREFUSED
12506.7,heavy,3103,1,1.512,
12510.0,heavy,3101,1,5.271,
12513.3,heavy,3102,0,4.584,ECONNREFUSED
12516.7,heavy,3103,1,2.266,
12520.0,heavy,3101,0,4.586,
12523.3,heavy,3102,0,4.884,ECONNREFUSED
12526.7,heavy,3103,0,1.958,
12530.0,heavy,3101,0,3.376,
12533.3,heavy,3102,0,2.498,ECONNREFUSED
12536.7,heavy,3103,1,1.616,
12540.0,heavy,3101,0,9.454,
12543.3,heavy,3102,0,2.329,ECONNREFUSED
12546.7,heavy,3103,1,1.261,
12550.0,heavy,3101,0,2.873,
12553.3,heavy,3102,0,2.283,ECONNREFUSED
12556.7,heavy,3103,1,1.741,
12560.0,heavy,3101,0,3.465,
12563.3,heavy,3102,0,3.176,ECONNREFUSED
12566.7,heavy,3103,1,2.062,
12570.0,heavy,3101,0,3.226,
12573.3,heavy,3102,0,2.526,ECONNREFUSED
12576.7,heavy,3103,1,1.831,
12580.0,heavy,3101,0,3.367,
12583.3,heavy,3102,0,2.525,ECONNREFUSED
12586.7,heavy,3103,1,1.459,
12590.0,heavy,3101,0,2.662,
12593.3,heavy,3102,0,6.450,ECONNREFUSED
12596.7,heavy,3103,1,2.465,
12600.0,light-2,3103,1,2.663,
12600.0,light-5,3103,1,3.653,
12600.0,light-3,3101,1,4.630,
12600.0,light-1,3102,0,5.992,ECONNREFUSED
12600.0,light-4,3102,0,5.890,ECONNREFUSED
12600.0,heavy,3101,0,5.505,
12603.3,heavy,3101,1,5.424,
12606.7,heavy,3102,0,4.054,ECONNREFUSED
12610.0,heavy,3103,0,1.979,
12613.3,heavy,3101,0,4.222,
12616.7,heavy,3102,0,3.463,ECONNREFUSED
12620.0,heavy,3103,1,2.248,
12623.3,heavy,3101,0,2.584,
12626.7,heavy,3102,0,1.815,ECONNREFUSED
12630.0,heavy,3103,1,1.464,
12633.3,heavy,3101,1,3.810,
12636.7,heavy,3102,0,2.807,ECONNREFUSED
12640.0,heavy,3103,0,1.312,
12643.3,heavy,3101,0,3.611,
12646.7,heavy,3102,0,2.954,ECONNREFUSED
12650.0,heavy,3103,1,2.017,
12653.3,heavy,3101,0,2.186,
12656.7,heavy,3102,0,5.032,ECONNREFUSED
12660.0,heavy,3103,1,2.415,
12663.3,heavy,3101,0,5.441,
12666.7,heavy,3102,0,5.749,ECONNREFUSED
12670.0,heavy,3103,1,2.274,
12673.3,heavy,3101,0,3.652,
12676.7,heavy,3102,0,2.100,ECONNREFUSED
12680.0,heavy,3103,1,1.443,
12683.3,heavy,3101,0,3.699,
12686.7,heavy,3102,0,2.356,ECONNREFUSED
12690.0,heavy,3103,1,1.512,
12693.3,heavy,3101,1,5.576,
12696.7,heavy,3102,0,5.067,ECONNREFUSED
12700.0,light-3,3103,1,2.907,
12700.0,light-1,3101,1,4.884,
12700.0,light-2,3102,0,5.695,ECONNREFUSED
12700.0,light-5,3102,0,5.564,ECONNREFUSED
12700.0,light-4,3101,1,5.835,
12700.0,heavy,3103,0,3.179,
12703.3,heavy,3103,0,2.981,
12706.7,heavy,3101,1,4.022,
12710.0,heavy,3102,0,3.156,ECONNREFUSED
12713.3,heavy,3103,0,1.304,
12716.7,heavy,3101,1,5.123,
12720.0,heavy,3102,0,5.852,ECONNREFUSED
12723.3,heavy,3103,1,2.103,
12726.7,heavy,3101,0,5.022,
12730.0,heavy,3102,0,4.177,ECONNREFUSED
12733.3,heavy,3103,0,2.418,
12736.7,heavy,3101,1,3.945,
12740.0,heavy,3102,0,2.872,ECONNREFUSED
12743.3,heavy,3103,1,1.376,
12746.7,heavy,3101,0,2.784,
12750.0,heavy,3102,0,2.313,ECONNREFUSED
12753.3,heavy,3103,1,2.018,
12756.7,heavy,3101,0,3.236,
12760.0,heavy,3102,0,2.720,ECONNREFUSED
12763.3,heavy,3103,0,1.183,
12766.7,heavy,3101,1,4.055,
12770.0,heavy,3102,0,2.414,ECONNREFUSED
12773.3,heavy,3103,1,1.278,
12776.7,heavy,3101,0,4.027,
12780.0,heavy,3102,0,2.236,ECONNREFUSED
12783.3,heavy,3103,1,1.919,
12786.7,heavy,3101,0,3.386,
12790.0,heavy,3102,0,2.522,ECONNREFUSED
12793.3,heavy,3103,0,0.714,
12796.7,heavy,3101,1,8.283,
12800.0,light-2,3103,1,4.304,
12800.0,light-5,3103,1,6.412,
12800.0,light-1,3102,0,7.173,ECONNREFUSED
12800.0,light-4,3102,0,7.654,ECONNREFUSED
12800.0,light-3,3101,1,9.144,
12800.0,heavy,3102,0,7.016,ECONNREFUSED
12803.3,heavy,3103,1,3.827,
12806.7,heavy,3101,0,7.680,
12810.0,heavy,3101,0,11.254,
12813.3,heavy,3102,0,3.536,ECONNREFUSED
12816.7,heavy,3103,1,2.073,
12820.0,heavy,3101,0,3.637,
12823.3,heavy,3102,0,2.807,ECONNREFUSED
12826.7,heavy,3103,1,1.006,
12830.0,heavy,3101,0,3.999,
12833.3,heavy,3102,0,3.085,ECONNREFUSED
12836.7,heavy,3103,1,1.555,
12840.0,heavy,3101,0,3.346,
12843.3,heavy,3102,0,2.194,ECONNREFUSED
12846.7,heavy,3103,1,1.620,
12850.0,heavy,3101,0,3.844,
12853.3,heavy,3102,0,2.741,ECONNREFUSED
12856.7,heavy,3103,1,1.485,
12860.0,heavy,3101,0,4.252,
12863.3,heavy,3102,0,3.459,ECONNREFUSED
12866.7,heavy,3103,1,1.356,
12870.0,heavy,3101,0,3.129,
12873.3,heavy,3102,0,2.439,ECONNREFUSED
12876.7,heavy,3103,1,2.207,
12880.0,heavy,3101,1,4.200,
12883.3,heavy,3102,0,3.357,ECONNREFUSED
12886.7,heavy,3103,0,1.307,
12890.0,heavy,3101,0,8.025,
12893.3,heavy,3102,0,5.863,ECONNREFUSED
12896.7,heavy,3103,1,2.767,
12900.0,light-2,3103,1,3.258,
12900.0,light-5,3103,1,3.171,
12900.0,light-1,3102,0,6.426,ECONNREFUSED
12900.0,light-3,3101,1,6.562,
12900.0,light-4,3102,0,6.817,ECONNREFUSED
12900.0,heavy,3101,0,7.589,
12903.3,heavy,3101,0,4.379,
12906.7,heavy,3102,0,3.470,ECONNREFUSED
12910.0,heavy,3103,1,1.345,
12913.3,heavy,3101,1,4.432,
12916.7,heavy,3102,0,3.301,ECONNREFUSED
12920.0,heavy,3103,0,1.339,
12923.3,heavy,3101,0,3.753,
12926.7,heavy,3102,0,2.362,ECONNREFUSED
12930.0,heavy,3103,1,1.440,
12933.3,heavy,3101,1,5.343,
12936.7,heavy,3102,0,4.320,ECONNREFUSED
12940.0,heavy,3103,1,2.114,
12943.3,heavy,3101,0,4.752,
12946.7,heavy,3102,0,5.036,ECONNREFUSED
12950.0,heavy,3103,0,1.717,
12953.3,heavy,3101,0,3.837,
12956.7,heavy,3102,0,2.834,ECONNREFUSED
12960.0,heavy,3103,1,1.432,
12963.3,heavy,3101,1,4.281,
12966.7,heavy,3102,0,6.807,ECONNREFUSED
12970.0,heavy,3103,1,20.276,
12973.3,heavy,3101,1,22.751,
12976.7,heavy,3102,0,2.562,ECONNREFUSED
12980.0,heavy,3103,0,3.706,
12983.3,heavy,3101,0,4.151,
12986.7,heavy,3102,0,2.806,ECONNREFUSED
12990.0,heavy,3103,0,3.462,
12993.3,heavy,3101,0,2.966,
12996.7,heavy,3102,0,2.491,ECONNREFUSED
13000.0,light-1,3103,1,3.021,
13000.0,light-4,3103,1,3.653,
13000.0,light-2,3101,1,4.647,
13000.0,light-5,3101,1,5.016,
13000.0,light-3,3102,0,6.541,ECONNREFUSED
13000.0,heavy,3103,1,2.972,
13003.3,heavy,3101,1,4.210,
13006.7,heavy,3102,0,6.811,ECONNREFUSED
13010.0,heavy,3102,0,6.340,ECONNREFUSED
13013.3,heavy,3103,0,2.578,
13016.7,heavy,3101,1,4.211,
13020.0,heavy,3102,0,2.219,ECONNREFUSED
13023.3,heavy,3103,1,3.254,
13026.7,heavy,3101,0,4.322,
13030.0,heavy,3102,0,4.556,ECONNREFUSED
13033.3,heavy,3103,1,2.884,
13036.7,heavy,3101,0,4.025,
13040.0,heavy,3102,0,4.090,ECONNREFUSED
13043.3,heavy,3103,0,1.051,
13046.7,heavy,3101,0,4.532,
13050.0,heavy,3102,0,4.472,ECONNREFUSED
13053.3,heavy,3103,1,2.317,
13056.7,heavy,3101,1,4.243,
13060.0,heavy,3102,0,3.104,ECONNREFUSED
13063.3,heavy,3103,0,1.128,
13066.7,heavy,3101,1,3.617,
13070.0,heavy,3102,0,3.229,ECONNREFUSED
13073.3,heavy,3103,0,1.275,
13076.7,heavy,3101,1,4.679,
13080.0,heavy,3102,0,3.371,ECONNREFUSED
13083.3,heavy,3103,1,1.983,
13086.7,heavy,3101,0,3.524,
13090.0,heavy,3102,0,2.394,ECONNREFUSED
13093.3,heavy,3103,1,3.002,
13096.7,heavy,3101,0,6.175,
13100.0,light-1,3103,1,3.235,
13100.0,light-4,3103,1,3.825,
13100.0,light-2,3101,1,4.237,
13100.0,light-5,3101,1,4.213,
13100.0,light-3,3102,0,6.137,ECONNREFUSED
13100.0,heavy,3102,0,5.786,ECONNREFUSED
13103.3,heavy,3102,0,6.471,ECONNREFUSED
13106.7,heavy,3103,1,1.411,
13110.0,heavy,3101,0,3.131,
13113.3,heavy,3102,0,2.539,ECONNREFUSED
13116.7,heavy,3103,1,0.933,
13120.0,heavy,3101,0,3.313,
13123.3,heavy,3102,0,2.902,ECONNREFUSED
13126.7,heavy,3103,1,1.341,
13130.0,heavy,3101,0,3.135,
13133.3,heavy,3102,0,2.217,ECONNREFUSED
13136.7,heavy,3103,1,1.972,
13140.0,heavy,3101,0,3.792,
13143.3,heavy,3102,0,2.914,ECONNREFUSED
13146.7,heavy,3103,1,2.172,
13150.0,heavy,3101,0,2.798,
13153.3,heavy,3102,0,4.037,ECONNREFUSED
13156.7,heavy,3103,1,1.724,
13160.0,heavy,3101,0,4.319,
13163.3,heavy,3102,0,4.264,ECONNREFUSED
13166.7,heavy,3103,1,1.308,
13170.0,heavy,3101,0,3.770,
13173.3,heavy,3102,0,2.985,ECONNREFUSED
13176.7,heavy,3103,1,1.589,
13180.0,heavy,3101,0,3.171,
13183.3,heavy,3102,0,2.166,ECONNREFUSED
13186.7,heavy,3103,1,1.996,
13190.0,heavy,3101,0,3.195,
13193.3,heavy,3102,0,2.599,ECONNREFUSED
13196.7,heavy,3103,1,1.200,
13200.0,light-3,3103,1,3.385,
13200.0,light-1,3101,1,5.319,
13200.0,light-4,3101,1,5.401,
13200.0,light-2,3102,0,7.489,ECONNREFUSED
13200.0,light-5,3102,0,8.383,ECONNREFUSED
13200.0,heavy,3101,0,6.931,
13203.3,heavy,3102,0,6.412,ECONNREFUSED
13206.7,heavy,3103,1,2.739,
13210.0,heavy,3103,0,3.373,
13213.3,heavy,3101,1,4.371,
13216.7,heavy,3102,0,3.281,ECONNREFUSED
13220.0,heavy,3103,0,1.130,
13223.3,heavy,3101,1,3.750,
13226.7,heavy,3102,0,2.776,ECONNREFUSED
13230.0,heavy,3103,0,1.089,
13233.3,heavy,3101,0,3.287,
13236.7,heavy,3102,0,2.642,ECONNREFUSED
13240.0,heavy,3103,1,1.386,
13243.3,heavy,3101,1,4.992,
13246.7,heavy,3102,0,4.030,ECONNREFUSED
13250.0,heavy,3103,1,1.369,
13253.3,heavy,3101,0,4.793,
13256.7,heavy,3102,0,4.107,ECONNREFUSED
13260.0,heavy,3103,0,1.541,
13263.3,heavy,3101,0,5.011,
13266.7,heavy,3102,0,4.313,ECONNREFUSED
13270.0,heavy,3103,1,2.306,
13273.3,heavy,3101,0,4.521,
13276.7,heavy,3102,0,4.739,ECONNREFUSED
13280.0,heavy,3103,1,2.017,
13283.3,heavy,3101,0,2.667,
13286.7,heavy,3102,0,2.189,ECONNREFUSED
13290.0,heavy,3103,1,2.369,
13293.3,heavy,3101,0,4.943,
13296.7,heavy,3102,0,4.221,ECONNREFUSED
13300.0,light-2,3103,1,3.130,
13300.0,light-5,3103,1,3.092,
13300.0,light-3,3101,1,3.430,
13300.0,light-1,3102,0,5.072,ECONNREFUSED
13300.0,light-4,3102,0,6.504,ECONNREFUSED
13300.0,heavy,3103,1,2.517,
13303.3,heavy,3101,0,4.780,
13306.7,heavy,3101,1,3.645,
13310.0,heavy,3102,0,2.265,ECONNREFUSED
13313.3,heavy,3103,1,3.160,
13316.7,heavy,3101,0,3.823,
13320.0,heavy,3102,0,2.168,ECONNREFUSED
13323.3,heavy,3103,0,2.800,
13326.7,heavy,3101,1,4.241,
13330.0,heavy,3102,0,2.129,ECONNREFUSED
13333.3,heavy,3103,0,1.226,
13336.7,heavy,3101,1,4.553,
13340.0,heavy,3102,0,3.575,ECONNREFUSED
13343.3,heavy,3103,1,1.576,
13346.7,heavy,3101,0,3.566,
13350.0,heavy,3102,0,2.819,ECONNREFUSED
13353.3,heavy,3103,1,2.304,
13356.7,heavy,3101,1,4.387,
13360.0,heavy,3102,0,3.478,ECONNREFUSED
13363.3,heavy,3103,0,2.576,
13366.7,heavy,3101,0,2.697,
13370.0,heavy,3102,0,2.291,ECONNREFUSED
13373.3,heavy,3103,1,1.307,
13376.7,heavy,3101,0,2.568,
13380.0,heavy,3102,0,2.129,ECONNREFUSED
13383.3,heavy,3103,1,1.907,
13386.7,heavy,3101,0,3.311,
13390.0,heavy,3102,0,2.786,ECONNREFUSED
13393.3,heavy,3103,1,2.121,
13396.7,heavy,3101,0,2.432,
13400.0,light-5,3101,1,3.761,
13400.0,light-4,3103,1,4.441,
13400.0,light-3,3102,0,5.084,ECONNREFUSED
13400.0,light-1,3103,1,6.328,
13400.0,light-2,3101,1,6.421,
13400.0,heavy,3102,0,5.226,ECONNREFUSED
13403.3,heavy,3103,1,2.995,
13406.7,heavy,3101,0,6.361,
13410.0,heavy,3102,0,5.228,ECONNREFUSED
13413.3,heavy,3102,0,6.334,ECONNREFUSED
13416.7,heavy,3103,1,1.599,
13420.0,heavy,3101,0,2.773,
13423.3,heavy,3102,0,3.578,ECONNREFUSED
13426.7,heavy,3103,1,1.858,
13430.0,heavy,3101,0,3.741,
13433.3,heavy,3102,0,3.141,ECONNREFUSED
13436.7,heavy,3103,1,1.456,
13440.0,heavy,3101,0,3.215,
13443.3,heavy,3102,0,3.297,ECONNREFUSED
13446.7,heavy,3103,1,1.298,
13450.0,heavy,3101,0,3.858,
13453.3,heavy,3102,0,2.916,ECONNREFUSED
13456.7,heavy,3103,1,1.739,
13460.0,heavy,3101,0,2.811,
13463.3,heavy,3102,0,3.066,ECONNREFUSED
13466.7,heavy,3103,1,1.271,
13470.0,heavy,3101,0,3.121,
13473.3,heavy,3102,0,2.810,ECONNREFUSED
13476.7,heavy,3103,1,2.225,
13480.0,heavy,3101,0,3.999,
13483.3,heavy,3102,0,3.120,ECONNREFUSED
13486.7,heavy,3103,1,2.515,
13490.0,heavy,3101,0,3.594,
13493.3,heavy,3102,0,2.637,ECONNREFUSED
13496.7,heavy,3103,1,1.198,
13500.0,light-2,3103,1,2.539,
13500.0,light-5,3103,1,3.633,
13500.0,light-3,3101,1,4.499,
13500.0,light-1,3102,0,5.224,ECONNREFUSED
13500.0,light-4,3102,0,5.372,ECONNREFUSED
13500.0,heavy,3101,0,5.657,
13503.3,heavy,3101,0,3.479,
13506.7,heavy,3102,0,3.942,ECONNREFUSED
13510.0,heavy,3103,1,1.395,
13513.3,heavy,3101,1,4.777,
13516.7,heavy,3102,0,2.557,ECONNREFUSED
13520.0,heavy,3103,0,1.197,
13523.3,heavy,3101,0,3.935,
13526.7,heavy,3102,0,3.028,ECONNREFUSED
13530.0,heavy,3103,1,1.615,
13533.3,heavy,3101,0,3.201,
13536.7,heavy,3102,0,2.607,ECONNREFUSED
13540.0,heavy,3103,1,1.333,
13543.3,heavy,3101,0,3.855,
13546.7,heavy,3102,0,2.925,ECONNREFUSED
13550.0,heavy,3103,1,1.382,
13553.3,heavy,3101,1,4.601,
13556.7,heavy,3102,0,3.223,ECONNREFUSED
13560.0,heavy,3103,1,1.497,
13563.3,heavy,3101,0,4.205,
13566.7,heavy,3102,0,3.639,ECONNREFUSED
13570.0,heavy,3103,0,1.369,
13573.3,heavy,3101,0,3.694,
13576.7,heavy,3102,0,2.813,ECONNREFUSED
13580.0,heavy,3103,1,1.473,
13583.3,heavy,3101,1,4.416,
13586.7,heavy,3102,0,3.153,ECONNREFUSED
13590.0,heavy,3103,0,1.981,
13593.3,heavy,3101,1,3.997,
13596.7,heavy,3102,0,8.310,ECONNREFUSED
13600.0,light-1,3101,1,2.986,
13600.0,light-4,3101,1,3.174,
13600.0,light-3,3103,1,3.764,
13600.0,light-2,3102,0,8.362,ECONNREFUSED
13600.0,light-5,3102,0,8.299,ECONNREFUSED
13600.0,heavy,3103,0,2.443,
13603.3,heavy,3103,0,1.973,
13606.7,heavy,3101,1,10.954,
13610.0,heavy,3102,0,3.476,ECONNREFUSED
13613.3,heavy,3103,0,2.294,
13616.7,heavy,3101,1,3.334,
13620.0,heavy,3102,0,2.415,ECONNREFUSED
13623.3,heavy,3103,1,1.467,
13626.7,heavy,3101,0,3.360,
13630.0,heavy,3102,0,2.871,ECONNREFUSED
13633.3,heavy,3103,0,1.347,
13636.7,heavy,3101,0,4.322,
13640.0,heavy,3102,0,3.236,ECONNREFUSED
13643.3,heavy,3103,1,1.528,
13646.7,heavy,3101,1,3.514,
13650.0,heavy,3102,0,2.146,ECONNREFUSED
13653.3,heavy,3103,1,1.597,
13656.7,heavy,3101,0,3.003,
13660.0,heavy,3102,0,1.883,ECONNREFUSED
13663.3,heavy,3103,1,1.806,
13666.7,heavy,3101,0,3.285,
13670.0,heavy,3102,0,2.767,ECONNREFUSED
13673.3,heavy,3103,1,2.304,
13676.7,heavy,3101,0,3.799,
13680.0,heavy,3102,0,2.338,ECONNREFUSED
13683.3,heavy,3103,0,1.275,
13686.7,heavy,3101,1,4.308,
13690.0,heavy,3102,0,2.537,ECONNREFUSED
13693.3,heavy,3103,0,1.210,
13696.7,heavy,3101,1,7.273,
13700.0,light-3,3103,1,3.835,
13700.0,light-1,3101,1,5.308,
13700.0,light-2,3102,0,6.293,ECONNREFUSED
13700.0,light-5,3102,0,6.233,ECONNREFUSED
13700.0,light-4,3101,1,7.489,
13700.0,heavy,3102,0,6.454,ECONNREFUSED
13703.3,heavy,3103,1,3.052,
13706.7,heavy,3103,0,3.406,
13710.0,heavy,3101,0,2.522,
13713.3,heavy,3102,0,1.945,ECONNREFUSED
13716.7,heavy,3103,1,1.430,
13720.0,heavy,3101,0,3.449,
13723.3,heavy,3102,0,2.448,ECONNREFUSED
13726.7,heavy,3103,1,1.912,
13730.0,heavy,3101,0,3.436,
13733.3,heavy,3102,0,2.646,ECONNREFUSED
13736.7,heavy,3103,1,2.144,
13740.0,heavy,3101,0,3.014,
13743.3,heavy,3102,0,1.931,ECONNREFUSED
13746.7,heavy,3103,1,1.612,
13750.0,heavy,3101,0,3.408,
13753.3,heavy,3102,0,2.353,ECONNREFUSED
13756.7,heavy,3103,1,1.498,
13760.0,heavy,3101,0,3.712,
13763.3,heavy,3102,0,3.099,ECONNREFUSED
13766.7,heavy,3103,1,1.940,
13770.0,heavy,3101,0,1.906,
13773.3,heavy,3102,0,4.498,ECONNREFUSED
13776.7,heavy,3103,1,1.902,
13780.0,heavy,3101,1,5.533,
13783.3,heavy,3102,0,5.240,ECONNREFUSED
13786.7,heavy,3103,0,2.468,
13790.0,heavy,3101,0,2.679,
13793.3,heavy,3102,0,5.439,ECONNREFUSED
13796.7,heavy,3103,1,2.489,
13800.0,light-2,3103,1,2.982,
13800.0,light-5,3103,1,3.504,
13800.0,light-3,3101,1,3.886,
13800.0,light-1,3102,0,5.073,ECONNREFUSED
13800.0,light-4,3102,0,6.294,ECONNREFUSED
13800.0,heavy,3101,0,4.991,
13803.3,heavy,3101,0,3.335,
13806.7,heavy,3102,0,2.909,ECONNREFUSED
13810.0,heavy,3103,1,1.180,
13813.3,heavy,3101,1,4.457,
13816.7,heavy,3102,0,2.443,ECONNREFUSED
13820.0,heavy,3103,0,1.083,
13823.3,heavy,3101,1,6.679,
13826.7,heavy,3102,0,3.380,ECONNREFUSED
13830.0,heavy,3103,1,3.694,
13833.3,heavy,3101,0,5.351,
13836.7,heavy,3102,0,3.074,ECONNREFUSED
13840.0,heavy,3103,0,3.030,
13843.3,heavy,3101,0,4.098,
13846.7,heavy,3102,0,3.650,ECONNREFUSED
13850.0,heavy,3103,1,1.689,
13853.3,heavy,3101,1,6.348,
13856.7,heavy,3102,0,4.336,ECONNREFUSED
13860.0,heavy,3103,1,2.186,
13863.3,heavy,3101,0,5.407,
13866.7,heavy,3102,0,3.890,ECONNREFUSED
13870.0,heavy,3103,0,1.226,
13873.3,heavy,3101,1,6.462,
13876.7,heavy,3102,0,4.888,ECONNREFUSED
13880.0,heavy,3103,0,2.856,
13883.3,heavy,3101,0,4.753,
13886.7,heavy,3102,0,3.698,ECONNREFUSED
13890.0,heavy,3103,1,1.921,
13893.3,heavy,3101,0,9.916,
13896.7,heavy,3102,0,9.025,ECONNREFUSED
13900.0,light-3,3103,1,4.422,
13900.0,light-1,3101,1,6.520,
13900.0,light-4,3101,1,6.886,
13900.0,light-2,3102,0,9.471,ECONNREFUSED
13900.0,light-5,3102,0,9.324,ECONNREFUSED
13900.0,heavy,3103,1,3.615,
13903.3,heavy,3103,0,5.477,
13906.7,heavy,3101,1,4.399,
13910.0,heavy,3102,0,3.723,ECONNREFUSED
13913.3,heavy,3103,0,1.523,
13916.7,heavy,3101,1,4.250,
13920.0,heavy,3102,0,3.062,ECONNREFUSED
13923.3,heavy,3103,0,1.836,
13926.7,heavy,3101,1,3.587,
13930.0,heavy,3102,0,4.257,ECONNREFUSED
13933.3,heavy,3103,1,1.245,
13936.7,heavy,3101,0,4.895,
13940.0,heavy,3102,0,4.493,ECONNREFUSED
13943.3,heavy,3103,0,1.273,
13946.7,heavy,3101,1,4.841,
13950.0,heavy,3102,0,4.113,ECONNREFUSED
13953.3,heavy,3103,1,1.595,
13956.7,heavy,3101,0,3.068,
13960.0,heavy,3102,0,2.314,ECONNREFUSED
13963.3,heavy,3103,1,1.569,
13966.7,heavy,3101,0,4.149,
13970.0,heavy,3102,0,3.133,ECONNREFUSED
13973.3,heavy,3103,0,1.517,
13976.7,heavy,3101,0,3.930,
13980.0,heavy,3102,0,2.908,ECONNREFUSED
13983.3,heavy,3103,1,1.109,
13986.7,heavy,3101,1,4.374,
13990.0,heavy,3102,0,2.185,ECONNREFUSED
13993.3,heavy,3103,0,1.257,
13996.7,heavy,3101,1,5.064,
14000.0,light-1,3103,1,1.788,
14000.0,light-2,3101,1,2.401,
14000.0,light-4,3103,1,2.331,
14000.0,light-5,3101,1,3.391,
14000.0,light-3,3102,0,4.317,ECONNREFUSED
14000.0,heavy,3102,0,4.313,ECONNREFUSED
14003.3,heavy,3102,0,2.799,ECONNREFUSED
14006.7,heavy,3103,1,2.223,
14010.0,heavy,3101,1,3.630,
14013.3,heavy,3102,0,3.104,ECONNREFUSED
14016.7,heavy,3103,0,1.300,
14020.0,heavy,3101,0,3.629,
14023.3,heavy,3102,0,2.433,ECONNREFUSED
14026.7,heavy,3103,1,1.330,
14030.0,heavy,3101,0,3.628,
14033.3,heavy,3102,0,2.188,ECONNREFUSED
14036.7,heavy,3103,1,2.257,
14040.0,heavy,3101,1,3.703,
14043.3,heavy,3102,0,2.873,ECONNREFUSED
14046.7,heavy,3103,0,1.846,
14050.0,heavy,3101,0,4.406,
14053.3,heavy,3102,0,3.645,ECONNREFUSED
14056.7,heavy,3103,1,1.853,
14060.0,heavy,3101,0,3.978,
14063.3,heavy,3102,0,4.082,ECONNREFUSED
14066.7,heavy,3103,1,1.075,
14070.0,heavy,3101,0,3.940,
14073.3,heavy,3102,0,3.512,ECONNREFUSED
14076.7,heavy,3103,1,1.700,
14080.0,heavy,3101,0,3.864,
14083.3,heavy,3102,0,1.955,ECONNREFUSED
14086.7,heavy,3103,1,1.900,
14090.0,heavy,3101,1,4.866,
14093.3,heavy,3102,0,4.381,ECONNREFUSED
14096.7,heavy,3103,0,1.462,
14100.0,light-3,3103,1,3.465,
14100.0,light-1,3101,1,4.877,
14100.0,light-4,3101,1,4.790,
14100.0,light-2,3102,0,5.787,ECONNREFUSED
14100.0,light-5,3102,0,5.532,ECONNREFUSED
14100.0,heavy,3101,0,6.415,
14103.3,heavy,3102,0,5.880,ECONNREFUSED
14106.7,heavy,3103,1,3.184,
14110.0,heavy,3103,0,2.832,
14113.3,heavy,3101,1,3.250,
14116.7,heavy,3102,0,2.941,ECONNREFUSED
14120.0,heavy,3103,0,1.094,
14123.3,heavy,3101,1,3.877,
14126.7,heavy,3102,0,3.162,ECONNREFUSED
14130.0,heavy,3103,0,1.185,
14133.3,heavy,3101,0,3.148,
14136.7,heavy,3102,0,2.499,ECONNREFUSED
14140.0,heavy,3103,1,1.431,
14143.3,heavy,3101,1,3.972,
14146.7,heavy,3102,0,2.917,ECONNREFUSED
14150.0,heavy,3103,1,1.915,
14153.3,heavy,3101,0,3.601,
14156.7,heavy,3102,0,3.513,ECONNREFUSED
14160.0,heavy,3103,0,0.918,
14163.3,heavy,3101,0,3.229,
14166.7,heavy,3102,0,2.227,ECONNREFUSED
14170.0,heavy,3103,1,1.371,
14173.3,heavy,3101,1,3.483,
14176.7,heavy,3102,0,1.980,ECONNREFUSED
14180.0,heavy,3103,0,0.773,
14183.3,heavy,3101,1,3.972,
14186.7,heavy,3102,0,1.839,ECONNREFUSED
14190.0,heavy,3103,0,1.044,
14193.3,heavy,3101,0,6.149,
14196.7,heavy,3102,0,5.833,ECONNREFUSED
14200.0,light-3,3103,1,3.384,
14200.0,light-1,3101,1,4.796,
14200.0,light-4,3101,1,5.062,
14200.0,light-2,3102,0,5.860,ECONNREFUSED
14200.0,light-5,3102,0,5.781,ECONNREFUSED
14200.0,heavy,3103,1,2.708,
14203.3,heavy,3103,0,3.319,
14206.7,heavy,3101,1,4.001,
14210.0,heavy,3102,0,2.962,ECONNREFUSED
14213.3,heavy,3103,0,1.192,
14216.7,heavy,3101,1,3.407,
14220.0,heavy,3102,0,2.270,ECONNREFUSED
14223.3,heavy,3103,0,1.080,
14226.7,heavy,3101,0,4.189,
14230.0,heavy,3102,0,3.341,ECONNREFUSED
14233.3,heavy,3103,1,1.537,
14236.7,heavy,3101,1,4.744,
14240.0,heavy,3102,0,2.390,ECONNREFUSED
14243.3,heavy,3103,0,0.983,
14246.7,heavy,3101,1,4.278,
14250.0,heavy,3102,0,2.380,ECONNREFUSED
14253.3,heavy,3103,0,1.311,
14256.7,heavy,3101,1,4.811,
14260.0,heavy,3102,0,3.184,ECONNREFUSED
14263.3,heavy,3103,1,1.492,
14266.7,heavy,3101,0,3.159,
14270.0,heavy,3102,0,2.605,ECONNREFUSED
14273.3,heavy,3103,0,1.199,
14276.7,heavy,3101,1,4.567,
14280.0,heavy,3102,0,2.489,ECONNREFUSED
14283.3,heavy,3103,0,0.966,
14286.7,heavy,3101,1,3.560,
14290.0,heavy,3102,0,2.371,ECONNREFUSED
14293.3,heavy,3103,0,1.242,
14296.7,heavy,3101,1,8.022,
14300.0,light-1,3103,1,4.006,
14300.0,light-4,3103,1,4.654,
14300.0,light-2,3101,1,5.613,
14300.0,light-5,3101,1,5.587,
14300.0,light-3,3102,0,7.650,ECONNREFUSED
14300.0,heavy,3102,0,7.581,ECONNREFUSED
14303.3,heavy,3103,1,3.290,
14306.7,heavy,3101,0,7.616,
14310.0,heavy,3102,0,7.815,ECONNREFUSED
14313.3,heavy,3102,0,7.768,ECONNREFUSED
14316.7,heavy,3103,1,3.285,
14320.0,heavy,3101,0,3.785,
14323.3,heavy,3102,0,2.345,ECONNREFUSED
14326.7,heavy,3103,1,1.160,
14330.0,heavy,3101,0,4.949,
14333.3,heavy,3102,0,3.198,ECONNREFUSED
14336.7,heavy,3103,1,1.679,
14340.0,heavy,3101,0,4.582,
14343.3,heavy,3102,0,2.912,ECONNREFUSED
14346.7,heavy,3103,1,1.862,
14350.0,heavy,3101,0,3.041,
14353.3,heavy,3102,0,2.648,ECONNREFUSED
14356.7,heavy,3103,1,1.367,
14360.0,heavy,3101,0,2.765,
14363.3,heavy,3102,0,3.218,ECONNREFUSED
14366.7,heavy,3103,1,1.718,
14370.0,heavy,3101,0,3.336,
14373.3,heavy,3102,0,3.548,ECONNREFUSED
14376.7,heavy,3103,1,1.160,
14380.0,heavy,3101,0,3.949,
14383.3,heavy,3102,0,2.668,ECONNREFUSED
14386.7,heavy,3103,1,1.720,
14390.0,heavy,3101,0,3.600,
14393.3,heavy,3102,0,2.531,ECONNREFUSED
14396.7,heavy,3103,1,2.733,
14400.0,light-1,3103,1,2.925,
14400.0,light-4,3103,1,3.318,
14400.0,light-2,3101,1,3.685,
14400.0,light-5,3101,1,3.589,
14400.0,light-3,3102,0,4.754,ECONNREFUSED
14400.0,heavy,3101,1,6.090,
14403.3,heavy,3102,0,4.726,ECONNREFUSED
14406.7,heavy,3102,0,5.379,ECONNREFUSED
14410.0,heavy,3103,0,1.419,
14413.3,heavy,3101,0,3.809,
14416.7,heavy,3102,0,2.993,ECONNREFUSED
14420.0,heavy,3103,1,1.527,
14423.3,heavy,3101,1,4.279,
14426.7,heavy,3102,0,3.505,ECONNREFUSED
14430.0,heavy,3103,0,1.266,
14433.3,heavy,3101,1,4.316,
14436.7,heavy,3102,0,2.227,ECONNREFUSED
14440.0,heavy,3103,0,1.078,
14443.3,heavy,3101,0,3.856,
14446.7,heavy,3102,0,3.218,ECONNREFUSED
14450.0,heavy,3103,1,2.099,
14453.3,heavy,3101,0,2.259,
14456.7,heavy,3102,0,3.161,ECONNREFUSED
14460.0,heavy,3103,1,1.437,
14463.3,heavy,3101,1,3.744,
14466.7,heavy,3102,0,3.313,ECONNREFUSED
14470.0,heavy,3103,0,1.411,
14473.3,heavy,3101,0,3.503,
14476.7,heavy,3102,0,2.391,ECONNREFUSED
14480.0,heavy,3103,1,1.214,
14483.3,heavy,3101,0,3.459,
14486.7,heavy,3102,0,2.388,ECONNREFUSED
14490.0,heavy,3103,1,3.030,
14493.3,heavy,3101,1,5.024,
14496.7,heavy,3102,0,5.296,ECONNREFUSED
14500.0,light-3,3103,1,2.943,
14500.0,light-1,3101,1,4.724,
14500.0,light-4,3101,1,4.510,
14500.0,light-2,3102,0,5.394,ECONNREFUSED
14500.0,light-5,3102,0,5.282,ECONNREFUSED
14500.0,heavy,3103,0,3.218,
14503.3,heavy,3103,0,2.685,
14506.7,heavy,3101,1,3.861,
14510.0,heavy,3102,0,2.590,ECONNREFUSED
14513.3,heavy,3103,0,1.210,
14516.7,heavy,3101,1,3.973,
14520.0,heavy,3102,0,2.880,ECONNREFUSED
14523.3,heavy,3103,1,1.570,
14526.7,heavy,3101,0,3.578,
14530.0,heavy,3102,0,3.219,ECONNREFUSED
14533.3,heavy,3103,0,1.126,
14536.7,heavy,3101,1,3.987,
14540.0,heavy,3102,0,2.954,ECONNREFUSED
14543.3,heavy,3103,1,1.663,
14546.7,heavy,3101,0,2.510,
14550.0,heavy,3102,0,4.232,ECONNREFUSED
14553.3,heavy,3103,1,1.936,
14556.7,heavy,3101,0,4.238,
14560.0,heavy,3102,0,4.655,ECONNREFUSED
14563.3,heavy,3103,0,1.966,
14566.7,heavy,3101,1,4.059,
14570.0,heavy,3102,0,2.800,ECONNREFUSED
14573.3,heavy,3103,1,1.670,
14576.7,heavy,3101,0,3.850,
14580.0,heavy,3102,0,2.028,ECONNREFUSED
14583.3,heavy,3103,1,2.471,
14586.7,heavy,3101,0,4.057,
14590.0,heavy,3102,0,3.478,ECONNREFUSED
14593.3,heavy,3103,0,1.632,
14596.7,heavy,3101,1,7.617,
14600.0,light-2,3103,1,3.612,
14600.0,light-1,3102,0,5.559,ECONNREFUSED
14600.0,light-4,3102,0,5.541,ECONNREFUSED
14600.0,light-5,3103,1,7.002,
14600.0,light-3,3101,1,7.297,
14600.0,heavy,3102,0,5.659,ECONNREFUSED
14603.3,heavy,3103,1,3.038,
14606.7,heavy,3101,0,7.138,
14610.0,heavy,3101,0,5.008,
14613.3,heavy,3102,0,2.434,ECONNREFUSED
14616.7,heavy,3103,1,1.251,
14620.0,heavy,3101,0,4.468,
14623.3,heavy,3102,0,3.960,ECONNREFUSED
14626.7,heavy,3103,1,1.132,
14630.0,heavy,3101,0,4.059,
14633.3,heavy,3102,0,3.113,ECONNREFUSED
14636.7,heavy,3103,1,1.672,
14640.0,heavy,3101,0,2.646,
14643.3,heavy,3102,0,2.498,ECONNREFUSED
14646.7,heavy,3103,1,2.148,
14650.0,heavy,3101,1,4.058,
14653.3,heavy,3102,0,3.485,ECONNREFUSED
14656.7,heavy,3103,0,1.288,
14660.0,heavy,3101,0,4.180,
14663.3,heavy,3102,0,3.293,ECONNREFUSED
14666.7,heavy,3103,1,1.644,
14670.0,heavy,3101,0,3.825,
14673.3,heavy,3102,0,3.202,ECONNREFUSED
14676.7,heavy,3103,1,2.993,
14680.0,heavy,3101,0,4.466,
14683.3,heavy,3102,0,4.792,ECONNREFUSED
14686.7,heavy,3103,1,2.768,
14690.0,heavy,3101,0,3.241,
14693.3,heavy,3102,0,2.464,ECONNREFUSED
14696.7,heavy,3103,1,2.583,
14700.0,light-2,3103,1,3.128,
14700.0,light-5,3103,1,4.017,
14700.0,light-3,3101,1,5.052,
14700.0,light-1,3102,0,5.538,ECONNREFUSED
14700.0,light-4,3102,0,5.746,ECONNREFUSED
14700.0,heavy,3101,0,5.757,
14703.3,heavy,3101,0,4.006,
14706.7,heavy,3102,0,3.503,ECONNREFUSED
14710.0,heavy,3103,1,1.125,
14713.3,heavy,3101,1,4.450,
14716.7,heavy,3102,0,3.192,ECONNREFUSED
14720.0,heavy,3103,0,1.137,
14723.3,heavy,3101,0,3.937,
14726.7,heavy,3102,0,3.121,ECONNREFUSED
14730.0,heavy,3103,1,1.879,
14733.3,heavy,3101,0,2.195,
14736.7,heavy,3102,0,3.417,ECONNREFUSED
14740.0,heavy,3103,1,1.572,
14743.3,heavy,3101,1,3.557,
14746.7,heavy,3102,0,3.400,ECONNREFUSED
14750.0,heavy,3103,0,1.267,
14753.3,heavy,3101,1,4.489,
14756.7,heavy,3102,0,3.216,ECONNREFUSED
14760.0,heavy,3103,1,1.693,
14763.3,heavy,3101,0,4.058,
14766.7,heavy,3102,0,2.677,ECONNREFUSED
14770.0,heavy,3103,0,1.353,
14773.3,heavy,3101,1,3.488,
14776.7,heavy,3102,0,2.319,ECONNREFUSED
14780.0,heavy,3103,0,1.357,
14783.3,heavy,3101,1,4.572,
14786.7,heavy,3102,0,3.235,ECONNREFUSED
14790.0,heavy,3103,1,1.563,
14793.3,heavy,3101,0,4.254,
14796.7,heavy,3102,0,2.990,ECONNREFUSED
14800.0,light-1,3101,1,1.953,
14800.0,light-3,3103,1,2.591,
14800.0,light-5,3102,0,3.228,ECONNREFUSED
14800.0,light-2,3102,0,4.181,ECONNREFUSED
14800.0,light-4,3101,1,4.187,
14800.0,heavy,3103,0,2.211,
14803.3,heavy,3103,0,1.107,
14806.7,heavy,3101,1,4.114,
14810.0,heavy,3102,0,2.544,ECONNREFUSED
14813.3,heavy,3103,0,1.433,
14816.7,heavy,3101,1,3.989,
14820.0,heavy,3102,0,2.794,ECONNREFUSED
14823.3,heavy,3103,1,1.674,
14826.7,heavy,3101,0,2.592,
14830.0,heavy,3102,0,2.459,ECONNREFUSED
14833.3,heavy,3103,1,2.162,
14836.7,heavy,3101,0,3.579,
14840.0,heavy,3102,0,2.596,ECONNREFUSED
14843.3,heavy,3103,0,1.139,
14846.7,heavy,3101,1,5.958,
14850.0,heavy,3102,0,2.703,ECONNREFUSED
14853.3,heavy,3103,1,2.106,
14856.7,heavy,3101,0,5.651,
14860.0,heavy,3102,0,2.859,ECONNREFUSED
14863.3,heavy,3103,0,1.206,
14866.7,heavy,3101,1,4.516,
14870.0,heavy,3102,0,2.148,ECONNREFUSED
14873.3,heavy,3103,0,1.082,
14876.7,heavy,3101,1,2.984,
14880.0,heavy,3102,0,2.875,ECONNREFUSED
14883.3,heavy,3103,1,1.708,
14886.7,heavy,3101,0,3.282,
14890.0,heavy,3102,0,1.819,ECONNREFUSED
14893.3,heavy,3103,1,2.362,
14896.7,heavy,3101,1,6.705,
14900.0,light-4,3103,1,3.665,
14900.0,light-5,3101,1,4.310,
14900.0,light-1,3103,1,6.261,
14900.0,light-3,3102,0,7.755,ECONNREFUSED
14900.0,light-2,3101,1,7.966,
14900.0,heavy,3102,0,3.048,ECONNREFUSED
14903.3,heavy,3102,0,7.015,ECONNREFUSED
14906.7,heavy,3103,0,3.603,
14910.0,heavy,3101,0,3.305,
14913.3,heavy,3102,0,2.508,ECONNREFUSED
14916.7,heavy,3103,1,2.148,
14920.0,heavy,3101,1,3.858,
14923.3,heavy,3102,0,3.138,ECONNREFUSED
14926.7,heavy,3103,0,1.177,
14930.0,heavy,3101,0,3.643,
14933.3,heavy,3102,0,3.716,ECONNREFUSED
14936.7,heavy,3103,1,1.367,
14940.0,heavy,3101,0,4.282,
14943.3,heavy,3102,0,3.142,ECONNREFUSED
14946.7,heavy,3103,1,1.269,
14950.0,heavy,3101,1,4.237,
14953.3,heavy,3102,0,2.731,ECONNREFUSED
14956.7,heavy,3103,0,1.611,
14960.0,heavy,3101,0,2.445,
14963.3,heavy,3102,0,3.643,ECONNREFUSED
14966.7,heavy,3103,1,1.763,
14970.0,heavy,3101,0,3.778,
14973.3,heavy,3102,0,2.665,ECONNREFUSED
14976.7,heavy,3103,1,1.016,
14980.0,heavy,3101,0,3.445,
14983.3,heavy,3102,0,2.498,ECONNREFUSED
14986.7,heavy,3103,1,1.471,
14990.0,heavy,3101,0,3.105,
14993.3,heavy,3102,0,2.397,ECONNREFUSED
14996.7,heavy,3103,1,2.362,
15000.0,light-2,3103,1,2.671,
15000.0,light-5,3103,1,3.239,
15000.0,light-3,3101,1,3.545,
15000.0,light-1,3102,0,3.987,ECONNREFUSED
15000.0,light-4,3102,0,3.915,ECONNREFUSED
15000.0,heavy,3101,0,3.840,
15003.3,heavy,3101,1,4.522,
15006.7,heavy,3102,0,2.834,ECONNREFUSED
15010.0,heavy,3103,0,0.839,
15013.3,heavy,3101,1,3.757,
15016.7,heavy,3102,0,2.419,ECONNREFUSED
15020.0,heavy,3103,0,1.301,
15023.3,heavy,3101,1,4.513,
15026.7,heavy,3102,0,2.435,ECONNREFUSED
15030.0,heavy,3103,1,1.884,
15033.3,heavy,3101,0,4.619,
15036.7,heavy,3102,0,2.775,ECONNREFUSED
15040.0,heavy,3103,0,1.457,
15043.3,heavy,3101,0,3.580,
15046.7,heavy,3102,0,2.445,ECONNREFUSED
15050.0,heavy,3103,1,1.295,
15053.3,heavy,3101,1,4.464,
15056.7,heavy,3102,0,2.721,ECONNREFUSED
15060.0,heavy,3103,1,1.340,
15063.3,heavy,3101,0,4.067,
15066.7,heavy,3102,0,2.523,ECONNREFUSED
15070.0,heavy,3103,0,1.151,
15073.3,heavy,3101,0,2.876,
15076.7,heavy,3102,0,1.956,ECONNREFUSED
15080.0,heavy,3103,1,1.204,
15083.3,heavy,3101,0,3.078,
15086.7,heavy,3102,0,3.551,ECONNREFUSED
15090.0,heavy,3103,1,1.813,
15093.3,heavy,3101,1,5.182,
15096.7,heavy,3102,0,6.781,ECONNREFUSED
15100.0,light-3,3103,1,3.652,
15100.0,light-1,3101,1,4.458,
15100.0,light-4,3101,1,4.243,
15100.0,light-2,3102,0,6.742,ECONNREFUSED
15100.0,light-5,3102,0,6.627,ECONNREFUSED
15100.0,heavy,3103,0,2.760,
15103.3,heavy,3103,0,1.864,
15106.7,heavy,3101,1,3.827,
15110.0,heavy,3102,0,2.832,ECONNREFUSED
15113.3,heavy,3103,0,1.061,
15116.7,heavy,3101,1,4.206,
15120.0,heavy,3102,0,2.526,ECONNREFUSED
15123.3,heavy,3103,1,1.357,
15126.7,heavy,3101,0,4.230,
15130.0,heavy,3102,0,2.313,ECONNREFUSED
15133.3,heavy,3103,1,2.150,
15136.7,heavy,3101,0,3.302,
15140.0,heavy,3102,0,2.669,ECONNREFUSED
15143.3,heavy,3103,0,1.565,
15146.7,heavy,3101,1,5.504,
15150.0,heavy,3102,0,4.055,ECONNREFUSED
15153.3,heavy,3103,1,1.524,
15156.7,heavy,3101,0,5.058,
15160.0,heavy,3102,0,4.279,ECONNREFUSED
15163.3,heavy,3103,0,1.086,
15166.7,heavy,3101,0,4.532,
15170.0,heavy,3102,0,3.343,ECONNREFUSED
15173.3,heavy,3103,1,1.886,
15176.7,heavy,3101,1,3.511,
15180.0,heavy,3102,0,2.403,ECONNREFUSED
15183.3,heavy,3103,0,1.255,
15186.7,heavy,3101,1,4.283,
15190.0,heavy,3102,0,2.691,ECONNREFUSED
15193.3,heavy,3103,0,0.926,
15196.7,heavy,3101,1,6.441,
15200.0,light-3,3103,1,3.822,
15200.0,light-1,3101,1,5.046,
15200.0,light-4,3101,1,5.255,
15200.0,light-2,3102,0,6.038,ECONNREFUSED
15200.0,light-5,3102,0,5.961,ECONNREFUSED
15200.0,heavy,3102,0,6.117,ECONNREFUSED
15203.3,heavy,3103,1,3.205,
15206.7,heavy,3103,0,3.080,
15210.0,heavy,3101,0,2.485,
15213.3,heavy,3102,0,2.733,ECONNREFUSED
15216.7,heavy,3103,1,1.389,
15220.0,heavy,3101,0,3.104,
15223.3,heavy,3102,0,2.119,ECONNREFUSED
15226.7,heavy,3103,1,1.828,
15230.0,heavy,3101,0,3.879,
15233.3,heavy,3102,0,2.993,ECONNREFUSED
15236.7,heavy,3103,1,2.372,
15240.0,heavy,3101,0,2.981,
15243.3,heavy,3102,0,1.779,ECONNREFUSED
15246.7,heavy,3103,1,1.315,
15250.0,heavy,3101,0,2.786,
15253.3,heavy,3102,0,3.070,ECONNREFUSED
15256.7,heavy,3103,1,1.335,
15260.0,heavy,3101,0,3.708,
15263.3,heavy,3102,0,2.973,ECONNREFUSED
15266.7,heavy,3103,1,1.371,
15270.0,heavy,3101,0,3.149,
15273.3,heavy,3102,0,2.817,ECONNREFUSED
15276.7,heavy,3103,1,1.161,
15280.0,heavy,3101,1,4.156,
15283.3,heavy,3102,0,2.503,ECONNREFUSED
15286.7,heavy,3103,0,1.001,
15290.0,heavy,3101,0,5.714,
15293.3,heavy,3102,0,5.998,ECONNREFUSED
15296.7,heavy,3103,1,1.961,
15300.0,light-2,3103,1,2.196,
15300.0,light-5,3103,1,2.657,
15300.0,light-3,3101,1,2.952,
15300.0,light-1,3102,0,5.700,ECONNREFUSED
15300.0,light-4,3102,0,5.593,ECONNREFUSED
15300.0,heavy,3101,0,4.988,
15303.3,heavy,3101,0,3.195,
15306.7,heavy,3102,0,3.355,ECONNREFUSED
15310.0,heavy,3103,1,1.757,
15313.3,heavy,3101,1,4.014,
15316.7,heavy,3102,0,3.262,ECONNREFUSED
15320.0,heavy,3103,0,0.857,
15323.3,heavy,3101,0,3.006,
15326.7,heavy,3102,0,2.210,ECONNREFUSED
15330.0,heavy,3103,1,1.461,
15333.3,heavy,3101,1,4.322,
15336.7,heavy,3102,0,2.563,ECONNREFUSED
15340.0,heavy,3103,1,1.447,
15343.3,heavy,3101,0,3.824,
15346.7,heavy,3102,0,2.175,ECONNREFUSED
15350.0,heavy,3103,0,1.298,
15353.3,heavy,3101,0,5.268,
15356.7,heavy,3102,0,2.305,ECONNREFUSED
15360.0,heavy,3103,1,1.831,
15363.3,heavy,3101,0,2.671,
15366.7,heavy,3102,0,3.638,ECONNREFUSED
15370.0,heavy,3103,1,1.974,
15373.3,heavy,3101,1,4.034,
15376.7,heavy,3102,0,3.785,ECONNREFUSED
15380.0,heavy,3103,0,1.164,
15383.3,heavy,3101,0,3.573,
15386.7,heavy,3102,0,2.861,ECONNREFUSED
15390.0,heavy,3103,1,1.733,
15393.3,heavy,3101,0,2.203,
15396.7,heavy,3102,0,5.989,ECONNREFUSED
15400.0,light-1,3103,1,3.119,
15400.0,light-4,3103,1,3.545,
15400.0,light-2,3101,1,4.367,
15400.0,light-5,3101,1,4.450,
15400.0,light-3,3102,0,6.041,ECONNREFUSED
15400.0,heavy,3103,1,2.767,
15403.3,heavy,3101,1,6.043,
15406.7,heavy,3102,0,5.715,ECONNREFUSED
15410.0,heavy,3102,0,6.070,ECONNREFUSED
15413.3,heavy,3103,0,1.073,
15416.7,heavy,3101,1,4.037,
15420.0,heavy,3102,0,2.320,ECONNREFUSED
15423.3,heavy,3103,1,2.007,
15426.7,heavy,3101,0,3.595,
15430.0,heavy,3102,0,3.249,ECONNREFUSED
15433.3,heavy,3103,1,2.261,
15436.7,heavy,3101,0,3.405,
15440.0,heavy,3102,0,3.058,ECONNREFUSED
15443.3,heavy,3103,1,1.904,
15446.7,heavy,3101,0,3.520,
15450.0,heavy,3102,0,3.084,ECONNREFUSED
15453.3,heavy,3103,1,2.571,
15456.7,heavy,3101,0,3.543,
15460.0,heavy,3102,0,1.921,ECONNREFUSED
15463.3,heavy,3103,1,1.914,
15466.7,heavy,3101,0,3.579,
15470.0,heavy,3102,0,2.351,ECONNREFUSED
15473.3,heavy,3103,0,1.115,
15476.7,heavy,3101,1,4.177,
15480.0,heavy,3102,0,2.585,ECONNREFUSED
15483.3,heavy,3103,1,2.119,
15486.7,heavy,3101,0,2.621,
15490.0,heavy,3102,0,1.919,ECONNREFUSED
15493.3,heavy,3103,1,2.851,
15496.7,heavy,3101,0,5.128,
15500.0,light-1,3103,1,2.873,
15500.0,light-4,3103,1,2.829,
15500.0,light-2,3101,1,3.656,
15500.0,light-5,3101,1,3.622,
15500.0,light-3,3102,0,4.949,ECONNREFUSED
15500.0,heavy,3102,0,4.804,ECONNREFUSED
15503.3,heavy,3102,0,5.094,ECONNREFUSED
15506.7,heavy,3103,1,1.034,
15510.0,heavy,3101,0,4.074,
15513.3,heavy,3102,0,3.601,ECONNREFUSED
15516.7,heavy,3103,1,2.114,
15520.0,heavy,3101,0,3.031,
15523.3,heavy,3102,0,3.754,ECONNREFUSED
15526.7,heavy,3103,1,1.205,
15530.0,heavy,3101,0,4.621,
15533.3,heavy,3102,0,3.769,ECONNREFUSED
15536.7,heavy,3103,1,1.578,
15540.0,heavy,3101,0,3.606,
15543.3,heavy,3102,0,2.945,ECONNREFUSED
15546.7,heavy,3103,1,2.063,
15550.0,heavy,3101,0,3.429,
15553.3,heavy,3102,0,1.949,ECONNREFUSED
15556.7,heavy,3103,1,1.656,
15560.0,heavy,3101,0,2.794,
15563.3,heavy,3102,0,2.201,ECONNREFUSED
15566.7,heavy,3103,1,2.352,
15570.0,heavy,3101,0,3.865,
15573.3,heavy,3102,0,3.142,ECONNREFUSED
15576.7,heavy,3103,1,2.611,
15580.0,heavy,3101,0,3.664,
15583.3,heavy,3102,0,4.165,ECONNREFUSED
15586.7,heavy,3103,1,1.091,
15590.0,heavy,3101,0,3.806,
15593.3,heavy,3102,0,2.294,ECONNREFUSED
15596.7,heavy,3103,1,1.303,
15600.0,light-2,3103,1,1.788,
15600.0,light-5,3103,1,2.202,
15600.0,light-3,3101,1,3.238,
15600.0,light-1,3102,0,3.763,ECONNREFUSED
15600.0,light-4,3102,0,3.857,ECONNREFUSED
15600.0,heavy,3101,0,4.062,
15603.3,heavy,3101,0,2.622,
15606.7,heavy,3102,0,2.747,ECONNREFUSED
15610.0,heavy,3103,1,1.516,
15613.3,heavy,3101,0,2.829,
15616.7,heavy,3102,0,1.929,ECONNREFUSED
15620.0,heavy,3103,1,1.954,
15623.3,heavy,3101,0,3.281,
15626.7,heavy,3102,0,2.749,ECONNREFUSED
15630.0,heavy,3103,1,1.377,
15633.3,heavy,3101,1,4.113,
15636.7,heavy,3102,0,3.442,ECONNREFUSED
15640.0,heavy,3103,1,1.068,
15643.3,heavy,3101,0,3.744,
15646.7,heavy,3102,0,5.551,ECONNREFUSED
15650.0,heavy,3103,0,2.048,
15653.3,heavy,3101,1,3.951,
15656.7,heavy,3102,0,2.741,ECONNREFUSED
15660.0,heavy,3103,0,1.860,
15663.3,heavy,3101,1,4.661,
15666.7,heavy,3102,0,3.365,ECONNREFUSED
15670.0,heavy,3103,1,1.863,
15673.3,heavy,3101,0,4.079,
15676.7,heavy,3102,0,3.338,ECONNREFUSED
15680.0,heavy,3103,0,1.166,
15683.3,heavy,3101,0,3.840,
15686.7,heavy,3102,0,3.330,ECONNREFUSED
15690.0,heavy,3103,1,1.127,
15693.3,heavy,3101,0,2.806,
15696.7,heavy,3102,0,6.097,ECONNREFUSED
15700.0,light-2,3103,1,3.487,
15700.0,light-1,3102,0,5.808,ECONNREFUSED
15700.0,light-4,3102,0,5.740,ECONNREFUSED
15700.0,light-5,3103,1,7.547,
15700.0,light-3,3101,1,7.887,
15700.0,heavy,3103,1,3.003,
15703.3,heavy,3101,1,6.730,
15706.7,heavy,3101,0,4.554,
15710.0,heavy,3102,0,4.212,ECONNREFUSED
15713.3,heavy,3103,0,1.497,
15716.7,heavy,3101,1,4.699,
15720.0,heavy,3102,0,2.976,ECONNREFUSED
15723.3,heavy,3103,0,1.919,
15726.7,heavy,3101,1,3.059,
15730.0,heavy,3102,0,3.145,ECONNREFUSED
15733.3,heavy,3103,1,1.615,
15736.7,heavy,3101,0,3.948,
15740.0,heavy,3102,0,2.613,ECONNREFUSED
15743.3,heavy,3103,0,1.109,
15746.7,heavy,3101,1,4.416,
15750.0,heavy,3102,0,3.032,ECONNREFUSED
15753.3,heavy,3103,0,2.156,
15756.7,heavy,3101,1,2.778,
15760.0,heavy,3102,0,6.739,ECONNREFUSED
15763.3,heavy,3103,1,1.684,
15766.7,heavy,3101,0,3.439,
15770.0,heavy,3102,0,3.106,ECONNREFUSED
15773.3,heavy,3103,0,1.745,
15776.7,heavy,3101,0,3.988,
15780.0,heavy,3102,0,3.065,ECONNREFUSED
15783.3,heavy,3103,1,1.139,
15786.7,heavy,3101,1,3.116,
15790.0,heavy,3102,0,2.134,ECONNREFUSED
15793.3,heavy,3103,1,1.397,
15796.7,heavy,3101,0,3.391,
15800.0,light-1,3103,1,1.833,
15800.0,light-2,3101,1,1.893,
15800.0,light-4,3103,1,2.614,
15800.0,light-5,3101,1,2.809,
15800.0,light-3,3102,0,6.222,ECONNREFUSED
15800.0,heavy,3102,0,4.587,ECONNREFUSED
15803.3,heavy,3102,0,5.269,ECONNREFUSED
15806.7,heavy,3103,1,1.624,
15810.0,heavy,3101,0,3.802,
15813.3,heavy,3102,0,2.298,ECONNREFUSED
15816.7,heavy,3103,1,1.225,
15820.0,heavy,3101,0,3.868,
15823.3,heavy,3102,0,3.068,ECONNREFUSED
15826.7,heavy,3103,1,1.830,
15830.0,heavy,3101,0,2.246,
15833.3,heavy,3102,0,4.206,ECONNREFUSED
15836.7,heavy,3103,1,1.415,
15840.0,heavy,3101,0,4.289,
15843.3,heavy,3102,0,4.765,ECONNREFUSED
15846.7,heavy,3103,1,2.068,
15850.0,heavy,3101,0,3.901,
15853.3,heavy,3102,0,3.857,ECONNREFUSED
15856.7,heavy,3103,1,1.200,
15860.0,heavy,3101,0,2.846,
15863.3,heavy,3102,0,2.243,ECONNREFUSED
15866.7,heavy,3103,1,2.261,
15870.0,heavy,3101,0,5.171,
15873.3,heavy,3102,0,4.285,ECONNREFUSED
15876.7,heavy,3103,1,2.001,
15880.0,heavy,3101,1,4.124,
15883.3,heavy,3102,0,2.792,ECONNREFUSED
15886.7,heavy,3103,0,1.109,
15890.0,heavy,3101,0,9.028,
15893.3,heavy,3102,0,6.603,ECONNREFUSED
15896.7,heavy,3103,1,6.547,
15900.0,light-3,3101,1,2.695,
15900.0,light-2,3103,1,5.497,
15900.0,light-1,3102,0,5.976,ECONNREFUSED
15900.0,light-5,3103,1,6.394,
15900.0,light-4,3102,0,7.024,ECONNREFUSED
15900.0,heavy,3101,0,5.842,
15903.3,heavy,3101,1,7.213,
15906.7,heavy,3102,0,6.728,ECONNREFUSED
15910.0,heavy,3103,0,1.655,
15913.3,heavy,3101,0,3.143,
15916.7,heavy,3102,0,2.909,ECONNREFUSED
15920.0,heavy,3103,1,1.721,
15923.3,heavy,3101,0,3.769,
15926.7,heavy,3102,0,2.718,ECONNREFUSED
15930.0,heavy,3103,1,1.456,
15933.3,heavy,3101,0,3.401,
15936.7,heavy,3102,0,2.423,ECONNREFUSED
15940.0,heavy,3103,1,2.421,
15943.3,heavy,3101,1,4.926,
15946.7,heavy,3102,0,2.109,ECONNREFUSED
15950.0,heavy,3103,0,1.338,
15953.3,heavy,3101,0,4.162,
15956.7,heavy,3102,0,6.350,ECONNREFUSED
15960.0,heavy,3103,1,1.784,
15963.3,heavy,3101,0,2.006,
15966.7,heavy,3102,0,2.482,ECONNREFUSED
15970.0,heavy,3103,1,1.126,
15973.3,heavy,3101,1,4.888,
15976.7,heavy,3102,0,3.583,ECONNREFUSED
15980.0,heavy,3103,1,1.954,
15983.3,heavy,3101,0,4.465,
15986.7,heavy,3102,0,3.788,ECONNREFUSED
15990.0,heavy,3103,0,1.065,
15993.3,heavy,3101,0,6.044,
15996.7,heavy,3102,0,7.160,ECONNREFUSED
16000.0,light-3,3103,1,3.623,
16000.0,light-1,3101,1,4.574,
16000.0,light-4,3101,1,6.012,
16000.0,light-2,3102,0,6.563,ECONNREFUSED
16000.0,light-5,3102,0,7.616,ECONNREFUSED
16000.0,heavy,3103,1,2.828,
16003.3,heavy,3103,0,3.510,
16006.7,heavy,3101,1,3.630,
16010.0,heavy,3102,0,2.294,ECONNREFUSED
16013.3,heavy,3103,0,1.128,
16016.7,heavy,3101,1,5.555,
16020.0,heavy,3102,0,4.189,ECONNREFUSED
16023.3,heavy,3103,1,1.977,
16026.7,heavy,3101,0,5.231,
16030.0,heavy,3102,0,7.165,ECONNREFUSED
16033.3,heavy,3103,0,1.986,
16036.7,heavy,3101,1,3.843,
16040.0,heavy,3102,0,2.167,ECONNREFUSED
16043.3,heavy,3103,0,1.120,
16046.7,heavy,3101,1,5.939,
16050.0,heavy,3102,0,3.543,ECONNREFUSED
16053.3,heavy,3103,1,2.331,
16056.7,heavy,3101,0,5.464,
16060.0,heavy,3102,0,3.382,ECONNREFUSED
16063.3,heavy,3103,1,3.250,
16066.7,heavy,3101,0,1.259,
16070.0,heavy,3102,0,2.377,ECONNREFUSED
16073.3,heavy,3103,1,1.259,
16076.7,heavy,3101,0,2.630,
16080.0,heavy,3102,0,2.151,ECONNREFUSED
16083.3,heavy,3103,1,2.523,
16086.7,heavy,3101,0,4.426,
16090.0,heavy,3102,0,3.263,ECONNREFUSED
16093.3,heavy,3103,0,2.009,
16096.7,heavy,3101,1,4.165,
16100.0,light-5,3101,1,2.912,
16100.0,light-4,3103,1,3.116,
16100.0,light-3,3102,0,4.369,ECONNREFUSED
16100.0,light-2,3101,1,5.077,
16100.0,light-1,3103,1,5.317,
16100.0,heavy,3102,0,4.575,ECONNREFUSED
16103.3,heavy,3102,0,4.890,ECONNREFUSED
16106.7,heavy,3103,1,1.283,
16110.0,heavy,3101,1,5.347,
16113.3,heavy,3102,0,4.094,ECONNREFUSED
16116.7,heavy,3103,1,1.962,
16120.0,heavy,3101,0,4.776,
16123.3,heavy,3102,0,4.170,ECONNREFUSED
16126.7,heavy,3103,0,2.033,
16130.0,heavy,3101,0,3.772,
16133.3,heavy,3102,0,4.075,ECONNREFUSED
16136.7,heavy,3103,1,1.534,
16140.0,heavy,3101,0,3.061,
16143.3,heavy,3102,0,2.120,ECONNREFUSED
16146.7,heavy,3103,1,1.555,
16150.0,heavy,3101,1,3.856,
16153.3,heavy,3102,0,3.110,ECONNREFUSED
16156.7,heavy,3103,0,1.252,
16160.0,heavy,3101,0,3.605,
16163.3,heavy,3102,0,2.710,ECONNREFUSED
16166.7,heavy,3103,1,1.504,
16170.0,heavy,3101,0,2.829,
16173.3,heavy,3102,0,4.850,ECONNREFUSED
16176.7,heavy,3103,1,2.160,
16180.0,heavy,3101,1,5.610,
16183.3,heavy,3102,0,5.271,ECONNREFUSED
16186.7,heavy,3103,0,2.158,
16190.0,heavy,3101,0,3.304,
16193.3,heavy,3102,0,2.788,ECONNREFUSED
16196.7,heavy,3103,1,1.628,
16200.0,light-1,3103,1,4.950,
16200.0,light-4,3103,1,4.907,
16200.0,light-2,3101,1,6.174,
16200.0,light-5,3101,1,7.251,
16200.0,light-3,3102,0,10.138,ECONNREFUSED
16200.0,heavy,3101,1,10.584,
16203.3,heavy,3102,0,11.041,ECONNREFUSED
16206.7,heavy,3103,1,4.128,
16210.0,heavy,3101,0,10.022,
16213.3,heavy,3102,0,9.441,ECONNREFUSED
16216.7,heavy,3102,0,10.425,ECONNREFUSED
16220.0,heavy,3103,0,4.177,
16223.3,heavy,3101,0,4.787,
16226.7,heavy,3102,0,4.324,ECONNREFUSED
16230.0,heavy,3103,1,1.412,
16233.3,heavy,3101,1,5.502,
16236.7,heavy,3102,0,4.713,ECONNREFUSED
16240.0,heavy,3103,1,2.468,
16243.3,heavy,3101,0,5.518,
16246.7,heavy,3102,0,4.513,ECONNREFUSED
16250.0,heavy,3103,0,2.120,
16253.3,heavy,3101,0,5.259,
16256.7,heavy,3102,0,3.570,ECONNREFUSED
16260.0,heavy,3103,1,2.149,
16263.3,heavy,3101,0,3.425,
16266.7,heavy,3102,0,2.747,ECONNREFUSED
16270.0,heavy,3103,1,2.111,
16273.3,heavy,3101,1,3.990,
16276.7,heavy,3102,0,3.263,ECONNREFUSED
16280.0,heavy,3103,0,1.279,
16283.3,heavy,3101,0,3.391,
16286.7,heavy,3102,0,2.537,ECONNREFUSED
16290.0,heavy,3103,1,1.470,
16293.3,heavy,3101,0,2.682,
16296.7,heavy,3102,0,7.653,ECONNREFUSED
16300.0,light-1,3103,1,3.835,
16300.0,light-4,3103,1,4.773,
16300.0,light-2,3101,1,5.719,
16300.0,light-5,3101,1,5.986,
16300.0,light-3,3102,0,7.461,ECONNREFUSED
16300.0,heavy,3103,1,3.332,
16303.3,heavy,3101,1,7.396,
16306.7,heavy,3102,0,7.518,ECONNREFUSED
16310.0,heavy,3102,0,6.950,ECONNREFUSED
16313.3,heavy,3103,0,2.397,
16316.7,heavy,3101,1,3.799,
16320.0,heavy,3102,0,2.340,ECONNREFUSED
16323.3,heavy,3103,1,2.363,
16326.7,heavy,3101,0,4.472,
16330.0,heavy,3102,0,4.092,ECONNREFUSED
16333.3,heavy,3103,1,2.891,
16336.7,heavy,3101,0,4.352,
16340.0,heavy,3102,0,4.753,ECONNREFUSED
16343.3,heavy,3103,0,1.159,
16346.7,heavy,3101,0,3.307,
16350.0,heavy,3102,0,2.517,ECONNREFUSED
16353.3,heavy,3103,1,1.362,
16356.7,heavy,3101,1,3.974,
16360.0,heavy,3102,0,2.475,ECONNREFUSED
16363.3,heavy,3103,1,1.565,
16366.7,heavy,3101,0,3.816,
16370.0,heavy,3102,0,2.760,ECONNREFUSED
16373.3,heavy,3103,0,1.366,
16376.7,heavy,3101,1,5.102,
16380.0,heavy,3102,0,2.710,ECONNREFUSED
16383.3,heavy,3103,1,1.451,
16386.7,heavy,3101,0,3.187,
16390.0,heavy,3102,0,2.306,ECONNREFUSED
16393.3,heavy,3103,1,2.068,
16396.7,heavy,3101,0,4.992,
16400.0,light-1,3103,1,3.061,
16400.0,light-4,3103,1,2.996,
16400.0,light-2,3101,1,3.868,
16400.0,light-5,3101,1,3.796,
16400.0,light-3,3102,0,5.576,ECONNREFUSED
16400.0,heavy,3102,0,4.476,ECONNREFUSED
16403.3,heavy,3102,0,5.079,ECONNREFUSED
16406.7,heavy,3103,1,1.299,
16410.0,heavy,3101,0,3.354,
16413.3,heavy,3102,0,2.582,ECONNREFUSED
16416.7,heavy,3103,1,1.474,
16420.0,heavy,3101,0,3.475,
16423.3,heavy,3102,0,2.266,ECONNREFUSED
16426.7,heavy,3103,1,1.387,
16430.0,heavy,3101,0,3.725,
16433.3,heavy,3102,0,2.910,ECONNREFUSED
16436.7,heavy,3103,1,1.441,
16440.0,heavy,3101,0,3.673,
16443.3,heavy,3102,0,2.983,ECONNREFUSED
16446.7,heavy,3103,1,1.548,
16450.0,heavy,3101,0,3.899,
16453.3,heavy,3102,0,2.162,ECONNREFUSED
16456.7,heavy,3103,1,1.860,
16460.0,heavy,3101,0,3.161,
16463.3,heavy,3102,0,2.564,ECONNREFUSED
16466.7,heavy,3103,1,2.193,
16470.0,heavy,3101,0,3.528,
16473.3,heavy,3102,0,2.960,ECONNREFUSED
16476.7,heavy,3103,1,2.319,
16480.0,heavy,3101,0,2.790,
16483.3,heavy,3102,0,4.288,ECONNREFUSED
16486.7,heavy,3103,1,1.834,
16490.0,heavy,3101,1,4.621,
16493.3,heavy,3102,0,4.389,ECONNREFUSED
16496.7,heavy,3103,0,1.739,
16500.0,light-3,3103,1,3.564,
16500.0,light-1,3101,1,4.450,
16500.0,light-4,3101,1,5.619,
16500.0,light-2,3102,0,6.320,ECONNREFUSED
16500.0,light-5,3102,0,6.917,ECONNREFUSED
16500.0,heavy,3101,0,6.547,
16503.3,heavy,3102,0,7.682,ECONNREFUSED
16506.7,heavy,3103,1,3.001,
16510.0,heavy,3103,0,2.776,
16513.3,heavy,3101,0,3.832,
16516.7,heavy,3102,0,2.518,ECONNREFUSED
16520.0,heavy,3103,1,1.311,
16523.3,heavy,3101,1,3.818,
16526.7,heavy,3102,0,2.734,ECONNREFUSED
16530.0,heavy,3103,0,0.942,
16533.3,heavy,3101,0,3.565,
16536.7,heavy,3102,0,2.642,ECONNREFUSED
16540.0,heavy,3103,1,1.439,
16543.3,heavy,3101,0,3.136,
16546.7,heavy,3102,0,2.410,ECONNREFUSED
16550.0,heavy,3103,1,1.392,
16553.3,heavy,3101,1,3.305,
16556.7,heavy,3102,0,2.893,ECONNREFUSED
16560.0,heavy,3103,0,1.092,
16563.3,heavy,3101,0,3.032,
16566.7,heavy,3102,0,2.314,ECONNREFUSED
16570.0,heavy,3103,1,1.156,
16573.3,heavy,3101,0,2.832,
16576.7,heavy,3102,0,3.626,ECONNREFUSED
16580.0,heavy,3103,1,1.854,
16583.3,heavy,3101,1,4.407,
16586.7,heavy,3102,0,3.773,ECONNREFUSED
16590.0,heavy,3103,0,1.889,
16593.3,heavy,3101,0,6.881,
16596.7,heavy,3102,0,6.921,ECONNREFUSED
16600.0,light-3,3103,1,3.342,
16600.0,light-1,3101,1,4.381,
16600.0,light-4,3101,1,5.019,
16600.0,light-2,3102,0,6.684,ECONNREFUSED
16600.0,light-5,3102,0,7.033,ECONNREFUSED
16600.0,heavy,3103,1,2.921,
16603.3,heavy,3103,0,3.108,
16606.7,heavy,3101,1,3.809,
16610.0,heavy,3102,0,2.185,ECONNREFUSED
16613.3,heavy,3103,1,1.327,
16616.7,heavy,3101,0,2.883,
16620.0,heavy,3102,0,2.289,ECONNREFUSED
16623.3,heavy,3103,1,1.558,
16626.7,heavy,3101,0,5.388,
16630.0,heavy,3102,0,2.878,ECONNREFUSED
16633.3,heavy,3103,0,1.137,
16636.7,heavy,3101,1,3.533,
16640.0,heavy,3102,0,2.154,ECONNREFUSED
16643.3,heavy,3103,0,1.322,
16646.7,heavy,3101,1,2.470,
16650.0,heavy,3102,0,2.528,ECONNREFUSED
16653.3,heavy,3103,1,1.205,
16656.7,heavy,3101,0,3.101,
16660.0,heavy,3102,0,2.076,ECONNREFUSED
16663.3,heavy,3103,1,2.075,
16666.7,heavy,3101,0,3.732,
16670.0,heavy,3102,0,3.076,ECONNREFUSED
16673.3,heavy,3103,0,2.598,
16676.7,heavy,3101,1,3.885,
16680.0,heavy,3102,0,2.052,ECONNREFUSED
16683.3,heavy,3103,1,1.535,
16686.7,heavy,3101,0,3.250,
16690.0,heavy,3102,0,2.941,ECONNREFUSED
16693.3,heavy,3103,1,3.043,
16696.7,heavy,3101,1,5.990,
16700.0,light-3,3103,1,3.643,
16700.0,light-1,3101,1,4.494,
16700.0,light-4,3101,1,4.912,
16700.0,light-2,3102,0,5.756,ECONNREFUSED
16700.0,light-5,3102,0,5.734,ECONNREFUSED
16700.0,heavy,3102,0,5.826,ECONNREFUSED
16703.3,heavy,3103,0,3.073,
16706.7,heavy,3103,0,2.818,
16710.0,heavy,3101,0,3.323,
16713.3,heavy,3102,0,2.347,ECONNREFUSED
16716.7,heavy,3103,1,1.144,
16720.0,heavy,3101,1,4.728,
16723.3,heavy,3102,0,3.844,ECONNREFUSED
16726.7,heavy,3103,1,2.039,
16730.0,heavy,3101,0,4.646,
16733.3,heavy,3102,0,4.429,ECONNREFUSED
16736.7,heavy,3103,0,1.610,
16740.0,heavy,3101,0,4.485,
16743.3,heavy,3102,0,3.177,ECONNREFUSED
16746.7,heavy,3103,1,1.888,
16750.0,heavy,3101,0,2.762,
16753.3,heavy,3102,0,2.276,ECONNREFUSED
16756.7,heavy,3103,1,2.040,
16760.0,heavy,3101,1,3.555,
16763.3,heavy,3102,0,2.829,ECONNREFUSED
16766.7,heavy,3103,0,1.060,
16770.0,heavy,3101,0,4.085,
16773.3,heavy,3102,0,2.656,ECONNREFUSED
16776.7,heavy,3103,1,1.548,
16780.0,heavy,3101,0,4.198,
16783.3,heavy,3102,0,3.186,ECONNREFUSED
16786.7,heavy,3103,1,1.393,
16790.0,heavy,3101,0,3.602,
16793.3,heavy,3102,0,2.948,ECONNREFUSED
16796.7,heavy,3103,1,1.451,
16800.0,light-2,3103,1,3.755,
16800.0,light-1,3102,0,6.259,ECONNREFUSED
16800.0,light-4,3102,0,6.258,ECONNREFUSED
16800.0,light-5,3103,1,6.675,
16800.0,light-3,3101,1,8.314,
16800.0,heavy,3101,0,7.250,
16803.3,heavy,3102,0,6.290,ECONNREFUSED
16806.7,heavy,3103,1,2.957,
16810.0,heavy,3101,0,6.916,
16813.3,heavy,3101,0,4.837,
16816.7,heavy,3102,0,4.390,ECONNREFUSED
16820.0,heavy,3103,1,1.347,
16823.3,heavy,3101,1,3.613,
16826.7,heavy,3102,0,1.858,ECONNREFUSED
16830.0,heavy,3103,0,1.037,
16833.3,heavy,3101,0,3.809,
16836.7,heavy,3102,0,3.885,ECONNREFUSED
16840.0,heavy,3103,1,1.315,
16843.3,heavy,3101,0,2.906,
16846.7,heavy,3102,0,2.168,ECONNREFUSED
16850.0,heavy,3103,1,1.506,
16853.3,heavy,3101,1,3.797,
16856.7,heavy,3102,0,3.348,ECONNREFUSED
16860.0,heavy,3103,0,1.199,
16863.3,heavy,3101,0,3.782,
16866.7,heavy,3102,0,3.141,ECONNREFUSED
16870.0,heavy,3103,1,1.907,
16873.3,heavy,3101,0,2.077,
16876.7,heavy,3102,0,1.862,ECONNREFUSED
16880.0,heavy,3103,1,2.604,
16883.3,heavy,3101,1,5.666,
16886.7,heavy,3102,0,3.413,ECONNREFUSED
16890.0,heavy,3103,0,2.422,
16893.3,heavy,3101,0,3.349,
16896.7,heavy,3102,0,2.416,ECONNREFUSED
16900.0,light-1,3101,1,2.255,
16900.0,light-3,3103,1,3.209,
16900.0,light-4,3101,1,3.315,
16900.0,light-2,3102,0,4.628,ECONNREFUSED
16900.0,light-5,3102,0,5.301,ECONNREFUSED
16900.0,heavy,3103,1,2.345,
16903.3,heavy,3103,0,2.502,
16906.7,heavy,3101,0,4.858,
16910.0,heavy,3102,0,3.970,ECONNREFUSED
16913.3,heavy,3103,1,1.898,
16916.7,heavy,3101,0,4.387,
16920.0,heavy,3102,0,4.620,ECONNREFUSED
16923.3,heavy,3103,1,1.665,
16926.7,heavy,3101,1,4.044,
16930.0,heavy,3102,0,2.303,ECONNREFUSED
16933.3,heavy,3103,1,1.686,
16936.7,heavy,3101,0,3.355,
16940.0,heavy,3102,0,3.671,ECONNREFUSED
16943.3,heavy,3103,0,1.649,
16946.7,heavy,3101,0,4.371,
16950.0,heavy,3102,0,5.285,ECONNREFUSED
16953.3,heavy,3103,1,3.660,
16956.7,heavy,3101,1,4.085,
16960.0,heavy,3102,0,2.840,ECONNREFUSED
16963.3,heavy,3103,0,1.359,
16966.7,heavy,3101,1,4.516,
16970.0,heavy,3102,0,3.235,ECONNREFUSED
16973.3,heavy,3103,0,0.920,
16976.7,heavy,3101,1,4.294,
16980.0,heavy,3102,0,2.799,ECONNREFUSED
16983.3,heavy,3103,0,1.192,
16986.7,heavy,3101,1,6.804,
16990.0,heavy,3102,0,6.325,ECONNREFUSED
16993.3,heavy,3103,1,2.732,
16996.7,heavy,3101,0,6.750,
17000.0,light-1,3103,1,3.343,
17000.0,light-4,3103,1,4.010,
17000.0,light-2,3101,1,4.885,
17000.0,light-5,3101,1,4.902,
17000.0,light-3,3102,0,6.756,ECONNREFUSED
17000.0,heavy,3102,0,6.534,ECONNREFUSED
17003.3,heavy,3102,0,7.045,ECONNREFUSED
17006.7,heavy,3103,1,1.267,
17010.0,heavy,3101,0,3.494,
17013.3,heavy,3102,0,2.130,ECONNREFUSED
17016.7,heavy,3103,1,1.805,
17020.0,heavy,3101,0,3.339,
17023.3,heavy,3102,0,2.860,ECONNREFUSED
17026.7,heavy,3103,1,1.507,
17030.0,heavy,3101,0,3.168,
17033.3,heavy,3102,0,2.321,ECONNREFUSED
17036.7,heavy,3103,1,1.797,
17040.0,heavy,3101,0,3.028,
17043.3,heavy,3102,0,2.582,ECONNREFUSED
17046.7,heavy,3103,1,2.103,
17050.0,heavy,3101,0,2.671,
17053.3,heavy,3102,0,2.846,ECONNREFUSED
17056.7,heavy,3103,1,1.320,
17060.0,heavy,3101,0,2.758,
17063.3,heavy,3102,0,2.461,ECONNREFUSED
17066.7,heavy,3103,1,1.148,
17070.0,heavy,3101,0,3.539,
17073.3,heavy,3102,0,2.554,ECONNREFUSED
17076.7,heavy,3103,1,1.441,
17080.0,heavy,3101,0,2.855,
17083.3,heavy,3102,0,2.223,ECONNREFUSED
17086.7,heavy,3103,1,1.969,
17090.0,heavy,3101,0,3.284,
17093.3,heavy,3102,0,2.611,ECONNREFUSED
17096.7,heavy,3103,1,1.015,
17100.0,light-3,3103,1,3.058,
17100.0,light-1,3101,1,3.917,
17100.0,light-2,3102,0,4.614,ECONNREFUSED
17100.0,light-5,3102,0,5.413,ECONNREFUSED
17100.0,light-4,3101,1,5.628,
17100.0,heavy,3101,0,5.786,
17103.3,heavy,3102,0,6.290,ECONNREFUSED
17106.7,heavy,3103,1,2.561,
17110.0,heavy,3103,0,2.127,
17113.3,heavy,3101,0,2.787,
17116.7,heavy,3102,0,2.367,ECONNREFUSED
17120.0,heavy,3103,1,1.597,
17123.3,heavy,3101,1,3.886,
17126.7,heavy,3102,0,3.177,ECONNREFUSED
17130.0,heavy,3103,0,1.370,
17133.3,heavy,3101,0,3.179,
17136.7,heavy,3102,0,2.318,ECONNREFUSED
17140.0,heavy,3103,1,1.382,
17143.3,heavy,3101,1,4.277,
17146.7,heavy,3102,0,3.090,ECONNREFUSED
17150.0,heavy,3103,1,1.881,
17153.3,heavy,3101,0,3.895,
17156.7,heavy,3102,0,3.009,ECONNREFUSED
17160.0,heavy,3103,0,1.018,
17163.3,heavy,3101,0,2.703,
17166.7,heavy,3102,0,2.236,ECONNREFUSED
17170.0,heavy,3103,1,1.252,
17173.3,heavy,3101,0,3.283,
17176.7,heavy,3102,0,1.990,ECONNREFUSED
17180.0,heavy,3103,1,1.953,
17183.3,heavy,3101,1,3.414,
17186.7,heavy,3102,0,2.312,ECONNREFUSED
17190.0,heavy,3103,0,1.254,
17193.3,heavy,3101,0,6.392,
17196.7,heavy,3102,0,6.340,ECONNREFUSED
17200.0,light-3,3103,1,3.287,
17200.0,light-1,3101,1,4.520,
17200.0,light-4,3101,1,4.487,
17200.0,light-2,3102,0,6.249,ECONNREFUSED
17200.0,light-5,3102,0,7.125,ECONNREFUSED
17200.0,heavy,3103,1,2.646,
17203.3,heavy,3103,0,4.100,
17206.7,heavy,3101,1,4.028,
17210.0,heavy,3102,0,2.215,ECONNREFUSED
17213.3,heavy,3103,1,1.584,
17216.7,heavy,3101,0,3.335,
17220.0,heavy,3102,0,2.282,ECONNREFUSED
17223.3,heavy,3103,0,1.301,
17226.7,heavy,3101,0,3.211,
17230.0,heavy,3102,0,2.457,ECONNREFUSED
17233.3,heavy,3103,1,1.432,
17236.7,heavy,3101,1,4.469,
17240.0,heavy,3102,0,3.743,ECONNREFUSED
17243.3,heavy,3103,1,2.231,
17246.7,heavy,3101,0,4.890,
17250.0,heavy,3102,0,4.118,ECONNREFUSED
17253.3,heavy,3103,0,1.072,
17256.7,heavy,3101,1,4.174,
17260.0,heavy,3102,0,3.165,ECONNREFUSED
17263.3,heavy,3103,1,1.775,
17266.7,heavy,3101,0,2.687,
17270.0,heavy,3102,0,3.306,ECONNREFUSED
17273.3,heavy,3103,1,1.762,
17276.7,heavy,3101,0,3.783,
17280.0,heavy,3102,0,3.381,ECONNREFUSED
17283.3,heavy,3103,0,1.266,
17286.7,heavy,3101,1,4.038,
17290.0,heavy,3102,0,2.867,ECONNREFUSED
17293.3,heavy,3103,1,1.863,
17296.7,heavy,3101,0,2.392,
17300.0,light-4,3103,1,4.603,
17300.0,light-5,3101,1,5.638,
17300.0,light-3,3102,0,6.249,ECONNREFUSED
17300.0,light-1,3103,1,8.143,
17300.0,light-2,3101,1,8.209,
17300.0,heavy,3102,0,6.243,ECONNREFUSED
17303.3,heavy,3103,1,3.390,
17306.7,heavy,3101,0,7.461,
17310.0,heavy,3102,0,6.288,ECONNREFUSED
17313.3,heavy,3102,0,6.804,ECONNREFUSED
17316.7,heavy,3103,1,2.182,
17320.0,heavy,3101,0,3.190,
17323.3,heavy,3102,0,2.632,ECONNREFUSED
17326.7,heavy,3103,1,2.463,
17330.0,heavy,3101,0,4.280,
17333.3,heavy,3102,0,3.769,ECONNREFUSED
17336.7,heavy,3103,1,2.693,
17340.0,heavy,3101,0,4.059,
17343.3,heavy,3102,0,4.102,ECONNREFUSED
17346.7,heavy,3103,1,1.097,
17350.0,heavy,3101,0,3.771,
17353.3,heavy,3102,0,2.955,ECONNREFUSED
17356.7,heavy,3103,1,1.368,
17360.0,heavy,3101,0,3.717,
17363.3,heavy,3102,0,2.305,ECONNREFUSED
17366.7,heavy,3103,1,1.521,
17370.0,heavy,3101,0,3.288,
17373.3,heavy,3102,0,2.229,ECONNREFUSED
17376.7,heavy,3103,1,1.334,
17380.0,heavy,3101,0,3.215,
17383.3,heavy,3102,0,2.463,ECONNREFUSED
17386.7,heavy,3103,1,1.393,
17390.0,heavy,3101,0,2.486,
17393.3,heavy,3102,0,6.034,ECONNREFUSED
17396.7,heavy,3103,1,3.002,
17400.0,light-1,3103,1,4.350,
17400.0,light-4,3103,1,4.215,
17400.0,light-2,3101,1,5.540,
17400.0,light-3,3102,0,6.124,ECONNREFUSED
17400.0,light-5,3101,1,6.103,
17400.0,heavy,3101,1,8.498,
17403.3,heavy,3102,0,6.261,ECONNREFUSED
17406.7,heavy,3102,0,7.181,ECONNREFUSED
17410.0,heavy,3103,0,1.781,
17413.3,heavy,3101,0,2.894,
17416.7,heavy,3102,0,2.346,ECONNREFUSED
17420.0,heavy,3103,1,1.294,
17423.3,heavy,3101,1,4.693,
17426.7,heavy,3102,0,3.380,ECONNREFUSED
17430.0,heavy,3103,1,1.816,
17433.3,heavy,3101,0,4.282,
17436.7,heavy,3102,0,3.593,ECONNREFUSED
17440.0,heavy,3103,0,0.880,
17443.3,heavy,3101,0,3.117,
17446.7,heavy,3102,0,2.011,ECONNREFUSED
17450.0,heavy,3103,1,1.339,
17453.3,heavy,3101,0,2.590,
17456.7,heavy,3102,0,2.120,ECONNREFUSED
17460.0,heavy,3103,1,1.180,
17463.3,heavy,3101,1,3.446,
17466.7,heavy,3102,0,1.723,ECONNREFUSED
17470.0,heavy,3103,1,2.179,
17473.3,heavy,3101,0,2.980,
17476.7,heavy,3102,0,2.845,ECONNREFUSED
17480.0,heavy,3103,0,2.488,
17483.3,heavy,3101,0,1.839,
17486.7,heavy,3102,0,4.727,ECONNREFUSED
17490.0,heavy,3103,1,1.781,
17493.3,heavy,3101,1,4.435,
17496.7,heavy,3102,0,6.059,ECONNREFUSED
17500.0,light-1,3101,1,3.646,
17500.0,light-3,3103,1,3.521,
17500.0,light-4,3101,1,3.559,
17500.0,light-5,3102,0,5.450,ECONNREFUSED
17500.0,light-2,3102,0,5.893,ECONNREFUSED
17500.0,heavy,3103,0,3.411,
17503.3,heavy,3103,0,1.507,
17506.7,heavy,3101,0,4.325,
17510.0,heavy,3102,0,2.796,ECONNREFUSED
17513.3,heavy,3103,1,1.560,
17516.7,heavy,3101,1,3.851,
17520.0,heavy,3102,0,1.997,ECONNREFUSED
17523.3,heavy,3103,1,1.395,
17526.7,heavy,3101,0,3.583,
17530.0,heavy,3102,0,2.778,ECONNREFUSED
17533.3,heavy,3103,1,1.956,
17536.7,heavy,3101,1,4.033,
17540.0,heavy,3102,0,3.047,ECONNREFUSED
17543.3,heavy,3103,0,2.176,
17546.7,heavy,3101,0,3.203,
17550.0,heavy,3102,0,2.487,ECONNREFUSED
17553.3,heavy,3103,1,2.026,
17556.7,heavy,3101,0,3.242,
17560.0,heavy,3102,0,2.605,ECONNREFUSED
17563.3,heavy,3103,1,1.449,
17566.7,heavy,3101,0,3.538,
17570.0,heavy,3102,0,2.898,ECONNREFUSED
17573.3,heavy,3103,1,1.891,
17576.7,heavy,3101,0,2.436,
17580.0,heavy,3102,0,3.788,ECONNREFUSED
17583.3,heavy,3103,1,1.752,
17586.7,heavy,3101,0,3.600,
17590.0,heavy,3102,0,4.241,ECONNREFUSED
17593.3,heavy,3103,0,1.806,
17596.7,heavy,3101,1,4.579,
17600.0,light-2,3103,1,2.566,
17600.0,light-5,3103,1,3.197,
17600.0,light-3,3101,1,3.362,
17600.0,light-1,3102,0,3.723,ECONNREFUSED
17600.0,light-4,3102,0,3.903,ECONNREFUSED
17600.0,heavy,3102,0,3.820,ECONNREFUSED
17603.3,heavy,3103,1,1.951,
17606.7,heavy,3101,0,4.224,
17610.0,heavy,3101,0,2.447,
17613.3,heavy,3102,0,3.271,ECONNREFUSED
17616.7,heavy,3103,1,1.464,
17620.0,heavy,3101,0,3.192,
17623.3,heavy,3102,0,1.948,ECONNREFUSED
17626.7,heavy,3103,1,0.987,
17630.0,heavy,3101,0,4.552,
17633.3,heavy,3102,0,3.301,ECONNREFUSED
17636.7,heavy,3103,1,1.643,
17640.0,heavy,3101,0,4.211,
17643.3,heavy,3102,0,1.791,ECONNREFUSED
17646.7,heavy,3103,1,1.471,
17650.0,heavy,3101,0,3.127,
17653.3,heavy,3102,0,2.256,ECONNREFUSED
17656.7,heavy,3103,1,1.973,
17660.0,heavy,3101,0,2.562,
17663.3,heavy,3102,0,2.262,ECONNREFUSED
17666.7,heavy,3103,1,1.880,
17670.0,heavy,3101,0,1.924,
17673.3,heavy,3102,0,3.668,ECONNREFUSED
17676.7,heavy,3103,1,2.206,
17680.0,heavy,3101,1,4.112,
17683.3,heavy,3102,0,3.906,ECONNREFUSED
17686.7,heavy,3103,0,1.528,
17690.0,heavy,3101,0,6.929,
17693.3,heavy,3102,0,4.793,ECONNREFUSED
17696.7,heavy,3103,1,2.320,
17700.0,light-3,3101,1,2.460,
17700.0,light-2,3103,1,2.643,
17700.0,light-5,3103,1,3.792,
17700.0,light-1,3102,0,6.485,ECONNREFUSED
17700.0,light-4,3102,0,6.379,ECONNREFUSED
17700.0,heavy,3101,0,5.350,
17703.3,heavy,3101,1,4.422,
17706.7,heavy,3102,0,3.397,ECONNREFUSED
17710.0,heavy,3103,0,1.158,
17713.3,heavy,3101,1,3.748,
17716.7,heavy,3102,0,2.417,ECONNREFUSED
17720.0,heavy,3103,0,1.151,
17723.3,heavy,3101,0,3.122,
17726.7,heavy,3102,0,2.337,ECONNREFUSED
17730.0,heavy,3103,1,1.208,
17733.3,heavy,3101,0,3.149,
17736.7,heavy,3102,0,2.007,ECONNREFUSED
17740.0,heavy,3103,1,1.931,
17743.3,heavy,3101,1,3.764,
17746.7,heavy,3102,0,2.650,ECONNREFUSED
17750.0,heavy,3103,0,1.080,
17753.3,heavy,3101,0,3.408,
17756.7,heavy,3102,0,2.735,ECONNREFUSED
17760.0,heavy,3103,1,1.686,
17763.3,heavy,3101,0,1.768,
17766.7,heavy,3102,0,3.681,ECONNREFUSED
17770.0,heavy,3103,1,1.715,
17773.3,heavy,3101,1,4.112,
17776.7,heavy,3102,0,3.873,ECONNREFUSED
17780.0,heavy,3103,0,1.485,
17783.3,heavy,3101,1,5.003,
17786.7,heavy,3102,0,3.632,ECONNREFUSED
17790.0,heavy,3103,1,1.986,
17793.3,heavy,3101,0,4.499,
17796.7,heavy,3102,0,2.674,ECONNREFUSED
17800.0,light-2,3101,1,2.762,
17800.0,light-5,3101,1,3.685,
17800.0,light-1,3103,1,5.673,
17800.0,light-4,3103,1,6.140,
17800.0,light-3,3102,0,7.270,ECONNREFUSED
17800.0,heavy,3103,1,5.211,
17803.3,heavy,3101,0,7.360,
17806.7,heavy,3102,0,7.755,ECONNREFUSED
17810.0,heavy,3102,0,6.997,ECONNREFUSED
17813.3,heavy,3103,0,2.561,
17816.7,heavy,3101,1,3.535,
17820.0,heavy,3102,0,2.640,ECONNREFUSED
17823.3,heavy,3103,0,1.381,
17826.7,heavy,3101,1,5.584,
17830.0,heavy,3102,0,5.163,ECONNREFUSED
17833.3,heavy,3103,1,3.277,
17836.7,heavy,3101,0,4.654,
17840.0,heavy,3102,0,4.834,ECONNREFUSED
17843.3,heavy,3103,0,1.789,
17846.7,heavy,3101,1,3.320,
17850.0,heavy,3102,0,2.373,ECONNREFUSED
17853.3,heavy,3103,1,1.391,
17856.7,heavy,3101,0,3.602,
17860.0,heavy,3102,0,2.083,ECONNREFUSED
17863.3,heavy,3103,1,2.044,
17866.7,heavy,3101,0,3.442,
17870.0,heavy,3102,0,2.952,ECONNREFUSED
17873.3,heavy,3103,0,1.145,
17876.7,heavy,3101,1,3.984,
17880.0,heavy,3102,0,3.017,ECONNREFUSED
17883.3,heavy,3103,1,1.483,
17886.7,heavy,3101,0,3.711,
17890.0,heavy,3102,0,2.805,ECONNREFUSED
17893.3,heavy,3103,1,1.277,
17896.7,heavy,3101,0,2.904,
17900.0,light-1,3103,1,1.389,
17900.0,light-2,3101,1,1.461,
17900.0,light-5,3101,1,2.793,
17900.0,light-4,3103,1,2.988,
17900.0,light-3,3102,0,4.123,ECONNREFUSED
17900.0,heavy,3102,0,4.141,ECONNREFUSED
17903.3,heavy,3102,0,3.507,ECONNREFUSED
17906.7,heavy,3103,1,1.143,
17910.0,heavy,3101,1,6.101,
17913.3,heavy,3102,0,4.720,ECONNREFUSED
17916.7,heavy,3103,0,3.049,
17920.0,heavy,3101,0,4.231,
17923.3,heavy,3102,0,1.893,ECONNREFUSED
17926.7,heavy,3103,1,1.270,
17930.0,heavy,3101,0,2.973,
17933.3,heavy,3102,0,2.206,ECONNREFUSED
17936.7,heavy,3103,1,1.441,
17940.0,heavy,3101,1,3.835,
17943.3,heavy,3102,0,6.474,ECONNREFUSED
17946.7,heavy,3103,0,1.706,
17950.0,heavy,3101,0,3.065,
17953.3,heavy,3102,0,2.186,ECONNREFUSED
17956.7,heavy,3103,1,2.069,
17960.0,heavy,3101,0,4.205,
17963.3,heavy,3102,0,4.419,ECONNREFUSED
17966.7,heavy,3103,1,2.867,
17970.0,heavy,3101,0,4.292,
17973.3,heavy,3102,0,4.013,ECONNREFUSED
17976.7,heavy,3103,1,1.080,
17980.0,heavy,3101,1,4.334,
17983.3,heavy,3102,0,2.808,ECONNREFUSED
17986.7,heavy,3103,0,1.496,
17990.0,heavy,3101,0,1.691,
17993.3,heavy,3102,0,4.563,ECONNREFUSED
17996.7,heavy,3103,1,2.571,
18000.0,light-2,3103,1,2.926,
18000.0,light-1,3102,0,4.239,ECONNREFUSED
18000.0,light-5,3103,1,4.875,
18000.0,light-4,3102,0,5.229,ECONNREFUSED
18000.0,light-3,3101,1,5.433,
18000.0,heavy,3101,0,5.055,
18003.3,heavy,3101,0,3.562,
18006.7,heavy,3102,0,2.751,ECONNREFUSED
18010.0,heavy,3103,1,1.938,
18013.3,heavy,3101,1,3.690,
18016.7,heavy,3102,0,2.386,ECONNREFUSED
18020.0,heavy,3103,0,0.790,
18023.3,heavy,3101,0,3.247,
18026.7,heavy,3102,0,2.593,ECONNREFUSED
18030.0,heavy,3103,1,1.468,
18033.3,heavy,3101,0,1.958,
18036.7,heavy,3102,0,5.709,ECONNREFUSED
18040.0,heavy,3103,1,1.657,
18043.3,heavy,3101,1,4.363,
18046.7,heavy,3102,0,3.172,ECONNREFUSED
18050.0,heavy,3103,0,1.496,
18053.3,heavy,3101,0,3.489,
18056.7,heavy,3102,0,2.809,ECONNREFUSED
18060.0,heavy,3103,1,1.701,
18063.3,heavy,3101,0,1.969,
18066.7,heavy,3102,0,3.682,ECONNREFUSED
18070.0,heavy,3103,1,1.807,
18073.3,heavy,3101,1,4.429,
18076.7,heavy,3102,0,4.694,ECONNREFUSED
18080.0,heavy,3103,0,2.060,
18083.3,heavy,3101,0,3.127,
18086.7,heavy,3102,0,3.261,ECONNREFUSED
18090.0,heavy,3103,1,1.187,
18093.3,heavy,3101,0,1.552,
18096.7,heavy,3102,0,5.958,ECONNREFUSED
18100.0,light-1,3103,1,3.101,
18100.0,light-4,3103,1,4.381,
18100.0,light-2,3101,1,4.760,
18100.0,light-5,3101,1,4.667,
18100.0,light-3,3102,0,7.131,ECONNREFUSED
18100.0,heavy,3103,1,2.635,
18103.3,heavy,3101,1,6.138,
18106.7,heavy,3102,0,6.698,ECONNREFUSED
18110.0,heavy,3102,0,5.830,ECONNREFUSED
18113.3,heavy,3103,0,1.543,
18116.7,heavy,3101,0,3.699,
18120.0,heavy,3102,0,2.938,ECONNREFUSED
18123.3,heavy,3103,1,1.410,
18126.7,heavy,3101,1,3.754,
18130.0,heavy,3102,0,2.188,ECONNREFUSED
18133.3,heavy,3103,1,1.468,
18136.7,heavy,3101,0,3.601,
18140.0,heavy,3102,0,2.646,ECONNREFUSED
18143.3,heavy,3103,1,1.933,
18146.7,heavy,3101,1,3.741,
18150.0,heavy,3102,0,2.947,ECONNREFUSED
18153.3,heavy,3103,0,2.140,
18156.7,heavy,3101,0,2.621,
18160.0,heavy,3102,0,3.127,ECONNREFUSED
18163.3,heavy,3103,1,1.559,
18166.7,heavy,3101,0,3.165,
18170.0,heavy,3102,0,2.654,ECONNREFUSED
18173.3,heavy,3103,0,0.909,
18176.7,heavy,3101,1,4.035,
18180.0,heavy,3102,0,3.121,ECONNREFUSED
18183.3,heavy,3103,1,1.905,
18186.7,heavy,3101,0,2.312,
18190.0,heavy,3102,0,6.419,ECONNREFUSED
18193.3,heavy,3103,1,3.075,
18196.7,heavy,3101,0,6.128,
18200.0,light-1,3103,1,3.639,
18200.0,light-4,3103,1,4.208,
18200.0,light-2,3101,1,5.060,
18200.0,light-5,3101,1,5.018,
18200.0,light-3,3102,0,6.152,ECONNREFUSED
18200.0,heavy,3102,0,6.230,ECONNREFUSED
18203.3,heavy,3102,0,5.765,ECONNREFUSED
18206.7,heavy,3103,1,1.073,
18210.0,heavy,3101,0,3.592,
18213.3,heavy,3102,0,2.720,ECONNREFUSED
18216.7,heavy,3103,1,1.579,
18220.0,heavy,3101,0,3.148,
18223.3,heavy,3102,0,2.307,ECONNREFUSED
18226.7,heavy,3103,1,1.577,
18230.0,heavy,3101,0,3.598,
18233.3,heavy,3102,0,2.501,ECONNREFUSED
18236.7,heavy,3103,1,1.147,
18240.0,heavy,3101,0,3.421,
18243.3,heavy,3102,0,2.832,ECONNREFUSED
18246.7,heavy,3103,1,1.788,
18250.0,heavy,3101,0,1.813,
18253.3,heavy,3102,0,4.016,ECONNREFUSED
18256.7,heavy,3103,1,1.734,
18260.0,heavy,3101,0,3.750,
18263.3,heavy,3102,0,4.415,ECONNREFUSED
18266.7,heavy,3103,1,1.949,
18270.0,heavy,3101,0,2.990,
18273.3,heavy,3102,0,2.379,ECONNREFUSED
18276.7,heavy,3103,1,1.526,
18280.0,heavy,3101,0,1.453,
18283.3,heavy,3102,0,3.792,ECONNREFUSED
18286.7,heavy,3103,1,1.806,
18290.0,heavy,3101,1,4.295,
18293.3,heavy,3102,0,3.914,ECONNREFUSED
18296.7,heavy,3103,0,1.446,
18300.0,light-2,3103,1,1.569,
18300.0,light-5,3103,1,1.915,
18300.0,light-3,3101,1,2.389,
18300.0,light-1,3102,0,2.763,ECONNREFUSED
18300.0,light-4,3102,0,2.800,ECONNREFUSED
18300.0,heavy,3101,0,3.004,
18303.3,heavy,3101,0,3.253,
18306.7,heavy,3102,0,2.477,ECONNREFUSED
18310.0,heavy,3103,1,1.329,
18313.3,heavy,3101,0,3.211,
18316.7,heavy,3102,0,2.474,ECONNREFUSED
18320.0,heavy,3103,1,1.905,
18323.3,heavy,3101,1,4.122,
18326.7,heavy,3102,0,2.443,ECONNREFUSED
18330.0,heavy,3103,0,0.955,
18333.3,heavy,3101,0,3.824,
18336.7,heavy,3102,0,3.061,ECONNREFUSED
18340.0,heavy,3103,1,1.131,
18343.3,heavy,3101,0,2.365,
18346.7,heavy,3102,0,4.269,ECONNREFUSED
18350.0,heavy,3103,1,2.906,
18353.3,heavy,3101,0,4.455,
18356.7,heavy,3102,0,4.614,ECONNREFUSED
18360.0,heavy,3103,1,1.886,
18363.3,heavy,3101,0,3.207,
18366.7,heavy,3102,0,3.160,ECONNREFUSED
18370.0,heavy,3103,1,1.691,
18373.3,heavy,3101,0,3.270,
18376.7,heavy,3102,0,2.714,ECONNREFUSED
18380.0,heavy,3103,1,1.250,
18383.3,heavy,3101,0,3.631,
18386.7,heavy,3102,0,2.703,ECONNREFUSED
18390.0,heavy,3103,1,1.327,
18393.3,heavy,3101,1,6.516,
18396.7,heavy,3102,0,6.010,ECONNREFUSED
18400.0,light-2,3103,1,3.798,
18400.0,light-5,3103,1,4.165,
18400.0,light-3,3101,1,4.459,
18400.0,light-1,3102,0,6.220,ECONNREFUSED
18400.0,light-4,3102,0,6.145,ECONNREFUSED
18400.0,heavy,3103,1,3.277,
18403.3,heavy,3101,0,6.052,
18406.7,heavy,3101,0,4.003,
18410.0,heavy,3102,0,3.750,ECONNREFUSED
18413.3,heavy,3103,0,1.129,
18416.7,heavy,3101,0,5.843,
18420.0,heavy,3102,0,3.400,ECONNREFUSED
18423.3,heavy,3103,1,1.102,
18426.7,heavy,3101,1,4.701,
18430.0,heavy,3102,0,3.122,ECONNREFUSED
18433.3,heavy,3103,0,1.201,
18436.7,heavy,3101,1,4.023,
18440.0,heavy,3102,0,2.669,ECONNREFUSED
18443.3,heavy,3103,0,1.159,
18446.7,heavy,3101,0,3.184,
18450.0,heavy,3102,0,2.576,ECONNREFUSED
18453.3,heavy,3103,1,1.529,
18456.7,heavy,3101,1,3.656,
18460.0,heavy,3102,0,2.646,ECONNREFUSED
18463.3,heavy,3103,1,1.309,
18466.7,heavy,3101,0,3.288,
18470.0,heavy,3102,0,3.241,ECONNREFUSED
18473.3,heavy,3103,0,1.425,
18476.7,heavy,3101,1,3.385,
18480.0,heavy,3102,0,2.660,ECONNREFUSED
18483.3,heavy,3103,1,1.334,
18486.7,heavy,3101,0,2.272,
18490.0,heavy,3102,0,2.321,ECONNREFUSED
18493.3,heavy,3103,1,3.193,
18496.7,heavy,3101,0,7.654,
18500.0,light-3,3102,0,4.573,ECONNREFUSED
18500.0,light-4,3103,1,4.753,
18500.0,light-5,3101,1,4.855,
18500.0,light-1,3103,1,7.516,
18500.0,light-2,3101,1,7.558,
18500.0,heavy,3102,0,5.759,ECONNREFUSED
18503.3,heavy,3102,0,6.162,ECONNREFUSED
18506.7,heavy,3103,1,1.946,
18510.0,heavy,3101,1,5.546,
18513.3,heavy,3102,0,3.459,ECONNREFUSED
18516.7,heavy,3103,0,2.802,
18520.0,heavy,3101,0,3.945,
18523.3,heavy,3102,0,2.804,ECONNREFUSED
18526.7,heavy,3103,1,1.074,
18530.0,heavy,3101,0,4.200,
18533.3,heavy,3102,0,2.458,ECONNREFUSED
18536.7,heavy,3103,1,1.229,
18540.0,heavy,3101,0,4.158,
18543.3,heavy,3102,0,3.371,ECONNREFUSED
18546.7,heavy,3103,1,1.685,
18550.0,heavy,3101,0,4.131,
18553.3,heavy,3102,0,3.394,ECONNREFUSED
18556.7,heavy,3103,1,1.552,
18560.0,heavy,3101,0,3.882,
18563.3,heavy,3102,0,3.172,ECONNREFUSED
18566.7,heavy,3103,1,1.794,
18570.0,heavy,3101,0,3.245,
18573.3,heavy,3102,0,2.483,ECONNREFUSED
18576.7,heavy,3103,1,1.414,
18580.0,heavy,3101,1,5.608,
18583.3,heavy,3102,0,4.633,ECONNREFUSED
18586.7,heavy,3103,1,2.155,
18590.0,heavy,3101,0,5.177,
18593.3,heavy,3102,0,4.041,ECONNREFUSED
18596.7,heavy,3103,0,2.020,
18600.0,light-3,3103,1,4.363,
18600.0,light-1,3101,1,5.935,
18600.0,light-2,3102,0,6.762,ECONNREFUSED
18600.0,light-5,3102,0,7.816,ECONNREFUSED
18600.0,light-4,3101,1,8.059,
18600.0,heavy,3101,0,8.450,
18603.3,heavy,3102,0,8.862,ECONNREFUSED
18606.7,heavy,3103,1,3.564,
18610.0,heavy,3103,0,3.377,
18613.3,heavy,3101,1,6.770,
18616.7,heavy,3102,0,3.976,ECONNREFUSED
18620.0,heavy,3103,0,1.753,
18623.3,heavy,3101,0,3.109,
18626.7,heavy,3102,0,1.931,ECONNREFUSED
18630.0,heavy,3103,1,2.333,
18633.3,heavy,3101,0,3.118,
18636.7,heavy,3102,0,2.785,ECONNREFUSED
18640.0,heavy,3103,1,1.704,
18643.3,heavy,3101,1,4.761,
18646.7,heavy,3102,0,3.190,ECONNREFUSED
18650.0,heavy,3103,1,1.555,
18653.3,heavy,3101,0,4.549,
18656.7,heavy,3102,0,3.454,ECONNREFUSED
18660.0,heavy,3103,0,0.897,
18663.3,heavy,3101,1,3.426,
18666.7,heavy,3102,0,2.450,ECONNREFUSED
18670.0,heavy,3103,0,1.496,
18673.3,heavy,3101,1,4.090,
18676.7,heavy,3102,0,2.861,ECONNREFUSED
18680.0,heavy,3103,1,1.439,
18683.3,heavy,3101,0,4.556,
18686.7,heavy,3102,0,2.902,ECONNREFUSED
18690.0,heavy,3103,0,1.086,
18693.3,heavy,3101,0,5.754,
18696.7,heavy,3102,0,5.322,ECONNREFUSED
18700.0,light-3,3103,1,2.744,
18700.0,light-1,3101,1,3.891,
18700.0,light-4,3101,1,4.594,
18700.0,light-2,3102,0,5.459,ECONNREFUSED
18700.0,light-5,3102,0,6.089,ECONNREFUSED
18700.0,heavy,3103,1,2.246,
18703.3,heavy,3103,0,2.750,
18706.7,heavy,3101,1,3.410,
18710.0,heavy,3102,0,1.951,ECONNREFUSED
18713.3,heavy,3103,1,1.444,
18716.7,heavy,3101,0,3.364,
18720.0,heavy,3102,0,1.943,ECONNREFUSED
18723.3,heavy,3103,0,1.356,
18726.7,heavy,3101,1,4.618,
18730.0,heavy,3102,0,2.974,ECONNREFUSED
18733.3,heavy,3103,0,1.923,
18736.7,heavy,3101,1,2.444,
18740.0,heavy,3102,0,2.543,ECONNREFUSED
18743.3,heavy,3103,1,1.333,
18746.7,heavy,3101,0,2.971,
18750.0,heavy,3102,0,2.078,ECONNREFUSED
18753.3,heavy,3103,1,2.196,
18756.7,heavy,3101,0,3.573,
18760.0,heavy,3102,0,3.075,ECONNREFUSED
18763.3,heavy,3103,0,1.425,
18766.7,heavy,3101,1,16.965,
18770.0,heavy,3102,0,2.682,ECONNREFUSED
18773.3,heavy,3103,1,1.157,
18776.7,heavy,3101,0,7.720,
18780.0,heavy,3102,0,2.310,ECONNREFUSED
18783.3,heavy,3103,0,0.802,
18786.7,heavy,3101,1,2.972,
18790.0,heavy,3102,0,2.580,ECONNREFUSED
18793.3,heavy,3103,0,1.408,
18796.7,heavy,3101,1,6.387,
18800.0,light-2,3103,1,3.241,
18800.0,light-5,3103,1,4.114,
18800.0,light-3,3101,1,4.773,
18800.0,light-1,3102,0,5.206,ECONNREFUSED
18800.0,light-4,3102,0,5.429,ECONNREFUSED
18800.0,heavy,3102,0,5.724,ECONNREFUSED
18803.3,heavy,3103,1,2.705,
18806.7,heavy,3101,0,6.447,
18810.0,heavy,3101,0,4.423,
18813.3,heavy,3102,0,4.730,ECONNREFUSED
18816.7,heavy,3103,1,1.573,
18820.0,heavy,3101,1,3.420,
18823.3,heavy,3102,0,2.846,ECONNREFUSED
18826.7,heavy,3103,0,1.039,
18830.0,heavy,3101,0,3.103,
18833.3,heavy,3102,0,2.461,ECONNREFUSED
18836.7,heavy,3103,1,1.199,
18840.0,heavy,3101,0,2.689,
18843.3,heavy,3102,0,2.029,ECONNREFUSED
18846.7,heavy,3103,1,1.652,
18850.0,heavy,3101,0,3.521,
18853.3,heavy,3102,0,3.249,ECONNREFUSED
18856.7,heavy,3103,1,1.919,
18860.0,heavy,3101,0,2.298,
18863.3,heavy,3102,0,3.477,ECONNREFUSED
18866.7,heavy,3103,1,2.053,
18870.0,heavy,3101,0,4.216,
18873.3,heavy,3102,0,4.043,ECONNREFUSED
18876.7,heavy,3103,1,1.220,
18880.0,heavy,3101,0,3.566,
18883.3,heavy,3102,0,2.851,ECONNREFUSED
18886.7,heavy,3103,1,1.435,
18890.0,heavy,3101,0,3.949,
18893.3,heavy,3102,0,2.348,ECONNREFUSED
18896.7,heavy,3103,1,0.948,
18900.0,light-2,3103,1,2.290,
18900.0,light-5,3103,1,3.357,
18900.0,light-3,3101,1,4.371,
18900.0,light-1,3102,0,5.051,ECONNREFUSED
18900.0,light-4,3102,0,6.025,ECONNREFUSED
18900.0,heavy,3101,0,5.625,
18903.3,heavy,3101,0,3.867,
18906.7,heavy,3102,0,4.812,ECONNREFUSED
18910.0,heavy,3103,1,1.082,
18913.3,heavy,3101,1,4.812,
18916.7,heavy,3102,0,3.808,ECONNREFUSED
18920.0,heavy,3103,0,1.752,
18923.3,heavy,3101,0,1.765,
18926.7,heavy,3102,0,3.354,ECONNREFUSED
18930.0,heavy,3103,1,2.662,
18933.3,heavy,3101,1,6.865,
18936.7,heavy,3102,0,2.258,ECONNREFUSED
18940.0,heavy,3103,0,1.084,
18943.3,heavy,3101,0,3.505,
18946.7,heavy,3102,0,2.255,ECONNREFUSED
18950.0,heavy,3103,1,1.424,
18953.3,heavy,3101,1,5.059,
18956.7,heavy,3102,0,3.663,ECONNREFUSED
18960.0,heavy,3103,1,1.584,
18963.3,heavy,3101,0,4.551,
18966.7,heavy,3102,0,3.733,ECONNREFUSED
18970.0,heavy,3103,0,1.352,
18973.3,heavy,3101,0,3.877,
18976.7,heavy,3102,0,3.091,ECONNREFUSED
18980.0,heavy,3103,1,1.631,
18983.3,heavy,3101,1,4.747,
18986.7,heavy,3102,0,2.945,ECONNREFUSED
18990.0,heavy,3103,0,1.311,
18993.3,heavy,3101,1,4.828,
18996.7,heavy,3102,0,2.041,ECONNREFUSED
19000.0,light-1,3101,1,2.405,
19000.0,light-3,3103,1,3.391,
19000.0,light-4,3101,1,3.549,
19000.0,light-5,3102,0,4.253,ECONNREFUSED
19000.0,light-2,3102,0,5.371,ECONNREFUSED
19000.0,heavy,3103,0,2.424,
19003.3,heavy,3103,0,2.176,
19006.7,heavy,3101,1,3.903,
19010.0,heavy,3102,0,2.464,ECONNREFUSED
19013.3,heavy,3103,1,2.170,
19016.7,heavy,3101,0,2.759,
19020.0,heavy,3102,0,3.305,ECONNREFUSED
19023.3,heavy,3103,1,1.800,
19026.7,heavy,3101,0,3.252,
19030.0,heavy,3102,0,3.014,ECONNREFUSED
19033.3,heavy,3103,0,0.930,
19036.7,heavy,3101,0,3.560,
19040.0,heavy,3102,0,2.582,ECONNREFUSED
19043.3,heavy,3103,1,1.433,
19046.7,heavy,3101,1,3.306,
19050.0,heavy,3102,0,1.812,ECONNREFUSED
19053.3,heavy,3103,1,1.367,
19056.7,heavy,3101,0,3.185,
19060.0,heavy,3102,0,2.357,ECONNREFUSED
19063.3,heavy,3103,1,1.440,
19066.7,heavy,3101,0,2.823,
19070.0,heavy,3102,0,3.103,ECONNREFUSED
19073.3,heavy,3103,1,1.869,
19076.7,heavy,3101,0,3.446,
19080.0,heavy,3102,0,2.248,ECONNREFUSED
19083.3,heavy,3103,1,1.934,
19086.7,heavy,3101,0,3.662,
19090.0,heavy,3102,0,3.038,ECONNREFUSED
19093.3,heavy,3103,0,1.475,
19096.7,heavy,3101,1,6.828,
19100.0,light-3,3103,1,3.844,
19100.0,light-1,3101,1,5.108,
19100.0,light-4,3101,1,5.149,
19100.0,light-2,3102,0,6.510,ECONNREFUSED
19100.0,light-5,3102,0,7.196,ECONNREFUSED
19100.0,heavy,3102,0,6.414,ECONNREFUSED
19103.3,heavy,3103,1,2.606,
19106.7,heavy,3103,0,3.287,
19110.0,heavy,3101,0,3.080,
19113.3,heavy,3102,0,2.398,ECONNREFUSED
19116.7,heavy,3103,1,1.555,
19120.0,heavy,3101,0,4.182,
19123.3,heavy,3102,0,2.448,ECONNREFUSED
19126.7,heavy,3103,1,2.100,
19130.0,heavy,3101,0,3.572,
19133.3,heavy,3102,0,3.086,ECONNREFUSED
19136.7,heavy,3103,1,2.272,
19140.0,heavy,3101,0,3.699,
19143.3,heavy,3102,0,2.826,ECONNREFUSED
19146.7,heavy,3103,1,1.349,
19150.0,heavy,3101,0,3.285,
19153.3,heavy,3102,0,2.600,ECONNREFUSED
19156.7,heavy,3103,1,1.027,
19160.0,heavy,3101,0,3.586,
19163.3,heavy,3102,0,2.928,ECONNREFUSED
19166.7,heavy,3103,1,1.864,
19170.0,heavy,3101,0,1.998,
19173.3,heavy,3102,0,4.059,ECONNREFUSED
19176.7,heavy,3103,1,1.867,
19180.0,heavy,3101,1,4.516,
19183.3,heavy,3102,0,4.306,ECONNREFUSED
19186.7,heavy,3103,0,1.727,
19190.0,heavy,3101,0,4.921,
19193.3,heavy,3102,0,5.444,ECONNREFUSED
19196.7,heavy,3103,1,2.751,
19200.0,light-2,3103,1,3.427,
19200.0,light-1,3102,0,5.858,ECONNREFUSED
19200.0,light-5,3103,1,5.744,
19200.0,light-4,3102,0,6.269,ECONNREFUSED
19200.0,light-3,3101,1,6.926,
19200.0,heavy,3101,0,6.259,
19203.3,heavy,3101,1,5.461,
19206.7,heavy,3102,0,3.720,ECONNREFUSED
19210.0,heavy,3103,0,1.133,
19213.3,heavy,3101,1,4.529,
19216.7,heavy,3102,0,2.529,ECONNREFUSED
19220.0,heavy,3103,0,1.304,
19223.3,heavy,3101,0,3.439,
19226.7,heavy,3102,0,2.284,ECONNREFUSED
19230.0,heavy,3103,1,1.156,
19233.3,heavy,3101,0,1.451,
19236.7,heavy,3102,0,3.658,ECONNREFUSED
19240.0,heavy,3103,1,1.534,
19243.3,heavy,3101,1,4.333,
19246.7,heavy,3102,0,4.029,ECONNREFUSED
19250.0,heavy,3103,0,1.645,
19253.3,heavy,3101,0,3.519,
19256.7,heavy,3102,0,2.765,ECONNREFUSED
19260.0,heavy,3103,1,1.669,
19263.3,heavy,3101,0,2.055,
19266.7,heavy,3102,0,2.536,ECONNREFUSED
19270.0,heavy,3103,1,1.468,
19273.3,heavy,3101,1,3.088,
19276.7,heavy,3102,0,2.674,ECONNREFUSED
19280.0,heavy,3103,0,0.981,
19283.3,heavy,3101,0,3.823,
19286.7,heavy,3102,0,3.213,ECONNREFUSED
19290.0,heavy,3103,1,1.840,
19293.3,heavy,3101,0,2.196,
19296.7,heavy,3102,0,6.399,ECONNREFUSED
19300.0,light-1,3103,1,3.002,
19300.0,light-4,3103,1,3.591,
19300.0,light-2,3101,1,4.431,
19300.0,light-5,3101,1,4.788,
19300.0,light-3,3102,0,7.012,ECONNREFUSED
19300.0,heavy,3103,1,2.570,
19303.3,heavy,3101,1,6.125,
19306.7,heavy,3102,0,6.270,ECONNREFUSED
19310.0,heavy,3102,0,7.184,ECONNREFUSED
19313.3,heavy,3103,0,3.601,
19316.7,heavy,3101,1,3.830,
19320.0,heavy,3102,0,2.212,ECONNREFUSED
19323.3,heavy,3103,1,2.111,
19326.7,heavy,3101,0,3.960,
19330.0,heavy,3102,0,3.159,ECONNREFUSED
19333.3,heavy,3103,1,2.372,
19336.7,heavy,3101,0,3.818,
19340.0,heavy,3102,0,2.990,ECONNREFUSED
19343.3,heavy,3103,0,0.907,
19346.7,heavy,3101,0,3.081,
19350.0,heavy,3102,0,2.248,ECONNREFUSED
19353.3,heavy,3103,1,1.482,
19356.7,heavy,3101,1,3.843,
19360.0,heavy,3102,0,2.038,ECONNREFUSED
19363.3,heavy,3103,1,1.556,
19366.7,heavy,3101,0,3.303,
19370.0,heavy,3102,0,2.507,ECONNREFUSED
19373.3,heavy,3103,1,2.466,
19376.7,heavy,3101,0,3.484,
19380.0,heavy,3102,0,3.292,ECONNREFUSED
19383.3,heavy,3103,1,2.892,
19386.7,heavy,3101,0,1.843,
19390.0,heavy,3102,0,5.839,ECONNREFUSED
19393.3,heavy,3103,1,3.289,
19396.7,heavy,3101,0,7.708,
19400.0,light-1,3103,1,3.804,
19400.0,light-2,3101,1,5.202,
19400.0,light-5,3101,1,5.156,
19400.0,light-4,3103,1,5.294,
19400.0,light-3,3102,0,5.679,ECONNREFUSED
19400.0,heavy,3102,0,8.558,ECONNREFUSED
19403.3,heavy,3102,0,6.767,ECONNREFUSED
19406.7,heavy,3103,1,1.816,
19410.0,heavy,3101,0,2.478,
19413.3,heavy,3102,0,19.722,ECONNREFUSED
19416.7,heavy,3103,1,0.819,
19420.0,heavy,3101,1,13.305,
19423.3,heavy,3102,0,12.716,ECONNREFUSED
19426.7,heavy,3103,1,0.873,
19430.0,heavy,3101,0,12.911,
19433.3,heavy,3102,0,12.672,ECONNREFUSED
19436.7,heavy,3103,0,2.713,
19440.0,heavy,3101,1,4.526,
19443.3,heavy,3102,0,4.873,ECONNREFUSED
19446.7,heavy,3103,0,1.304,
19450.0,heavy,3101,0,2.990,
19453.3,heavy,3102,0,2.457,ECONNREFUSED
19456.7,heavy,3103,1,1.396,
19460.0,heavy,3101,0,2.703,
19463.3,heavy,3102,0,2.844,ECONNREFUSED
19466.7,heavy,3103,1,0.705,
19470.0,heavy,3101,0,3.450,
19473.3,heavy,3102,0,2.898,ECONNREFUSED
19476.7,heavy,3103,1,1.810,
19480.0,heavy,3101,0,1.932,
19483.3,heavy,3102,0,2.275,ECONNREFUSED
19486.7,heavy,3103,1,0.922,
19490.0,heavy,3101,0,4.380,
19493.3,heavy,3102,0,5.687,ECONNREFUSED
19496.7,heavy,3103,1,1.149,
19500.0,light-2,3103,1,2.153,
19500.0,light-5,3103,1,2.821,
19500.0,light-1,3102,0,4.841,ECONNREFUSED
19500.0,light-3,3101,1,4.775,
19500.0,light-4,3102,0,6.315,ECONNREFUSED
19500.0,heavy,3101,0,5.798,
19503.3,heavy,3101,1,3.708,
19506.7,heavy,3102,0,2.443,ECONNREFUSED
19510.0,heavy,3103,0,0.838,
19513.3,heavy,3101,0,2.736,
19516.7,heavy,3102,0,2.522,ECONNREFUSED
19520.0,heavy,3103,1,0.979,
19523.3,heavy,3101,1,3.763,
19526.7,heavy,3102,0,2.321,ECONNREFUSED
19530.0,heavy,3103,0,1.188,
19533.3,heavy,3101,0,3.185,
19536.7,heavy,3102,0,2.449,ECONNREFUSED
19540.0,heavy,3103,1,1.325,
19543.3,heavy,3101,0,2.743,
19546.7,heavy,3102,0,4.615,ECONNREFUSED
19550.0,heavy,3103,1,2.645,
19553.3,heavy,3101,0,4.953,
19556.7,heavy,3102,0,5.267,ECONNREFUSED
19560.0,heavy,3103,1,2.724,
19563.3,heavy,3101,0,3.066,
19566.7,heavy,3102,0,2.020,ECONNREFUSED
19570.0,heavy,3103,1,1.395,
19573.3,heavy,3101,0,3.244,
19576.7,heavy,3102,0,1.948,ECONNREFUSED
19580.0,heavy,3103,1,2.158,
19583.3,heavy,3101,0,3.145,
19586.7,heavy,3102,0,2.593,ECONNREFUSED
19590.0,heavy,3103,1,0.913,
19593.3,heavy,3101,1,6.543,
19596.7,heavy,3102,0,6.052,ECONNREFUSED
19600.0,light-2,3103,1,3.195,
19600.0,light-5,3103,1,3.815,
19600.0,light-3,3101,1,4.532,
19600.0,light-1,3102,0,6.304,ECONNREFUSED
19600.0,light-4,3102,0,7.067,ECONNREFUSED
19600.0,heavy,3103,1,2.740,
19603.3,heavy,3101,0,6.053,
19606.7,heavy,3101,0,4.317,
19610.0,heavy,3102,0,4.385,ECONNREFUSED
19613.3,heavy,3103,0,1.133,
19616.7,heavy,3101,1,4.645,
19620.0,heavy,3102,0,2.786,ECONNREFUSED
19623.3,heavy,3103,0,1.108,
19626.7,heavy,3101,1,3.793,
19630.0,heavy,3102,0,2.682,ECONNREFUSED
19633.3,heavy,3103,1,2.190,
19636.7,heavy,3101,0,3.638,
19640.0,heavy,3102,0,2.344,ECONNREFUSED
19643.3,heavy,3103,1,2.199,
19646.7,heavy,3101,0,3.463,
19650.0,heavy,3102,0,2.768,ECONNREFUSED
19653.3,heavy,3103,0,0.879,
19656.7,heavy,3101,1,4.157,
19660.0,heavy,3102,0,2.662,ECONNREFUSED
19663.3,heavy,3103,1,1.611,
19666.7,heavy,3101,0,4.406,
19670.0,heavy,3102,0,2.782,ECONNREFUSED
19673.3,heavy,3103,1,1.328,
19676.7,heavy,3101,0,2.849,
19680.0,heavy,3102,0,2.372,ECONNREFUSED
19683.3,heavy,3103,0,1.052,
19686.7,heavy,3101,1,4.585,
19690.0,heavy,3102,0,2.843,ECONNREFUSED
19693.3,heavy,3103,1,1.341,
19696.7,heavy,3101,0,4.276,
19700.0,heavy,3102,0,4.180,ECONNREFUSED
19700.0,light-4,3103,1,3.616,
19700.0,light-5,3101,1,4.036,
19700.0,light-3,3102,0,4.364,ECONNREFUSED
19700.0,light-1,3103,1,5.200,
19700.0,light-2,3101,1,5.234,
19703.3,heavy,3102,0,2.627,ECONNREFUSED
19706.7,heavy,3103,1,1.714,
19710.0,heavy,3101,0,3.214,
19713.3,heavy,3102,0,2.658,ECONNREFUSED
19716.7,heavy,3103,1,1.277,
19720.0,heavy,3101,0,3.381,
19723.3,heavy,3102,0,2.604,ECONNREFUSED
19726.7,heavy,3103,1,1.476,
19730.0,heavy,3101,0,3.035,
19733.3,heavy,3102,0,2.875,ECONNREFUSED
19736.7,heavy,3103,1,1.110,
19740.0,heavy,3101,1,4.493,
19743.3,heavy,3102,0,3.152,ECONNREFUSED
19746.7,heavy,3103,0,2.386,
19750.0,heavy,3101,0,2.353,
19753.3,heavy,3102,0,3.240,ECONNREFUSED
19756.7,heavy,3103,1,1.600,
19760.0,heavy,3101,0,3.808,
19763.3,heavy,3102,0,3.240,ECONNREFUSED
19766.7,heavy,3103,1,1.956,
19770.0,heavy,3101,0,3.532,
19773.3,heavy,3102,0,2.778,ECONNREFUSED
19776.7,heavy,3103,1,1.608,
19780.0,heavy,3101,0,3.313,
19783.3,heavy,3102,0,2.267,ECONNREFUSED
19786.7,heavy,3103,1,1.330,
19790.0,heavy,3101,0,3.475,
19793.3,heavy,3102,0,2.681,ECONNREFUSED
19796.7,heavy,3103,1,1.009,
19800.0,heavy,3101,0,6.489,
19800.0,light-3,3103,1,3.245,
19800.0,light-1,3101,1,4.138,
19800.0,light-2,3102,0,5.192,ECONNREFUSED
19800.0,light-5,3102,0,5.950,ECONNREFUSED
19800.0,light-4,3101,1,6.168,
19803.3,heavy,3102,0,5.350,ECONNREFUSED
19806.7,heavy,3103,1,2.568,
19810.0,heavy,3103,0,3.167,
19813.3,heavy,3101,0,2.678,
19816.7,heavy,3102,0,2.234,ECONNREFUSED
19820.0,heavy,3103,1,1.545,
19823.3,heavy,3101,1,3.812,
19826.7,heavy,3102,0,3.239,ECONNREFUSED
19830.0,heavy,3103,0,1.194,
19833.3,heavy,3101,1,3.412,
19836.7,heavy,3102,0,2.652,ECONNREFUSED
19840.0,heavy,3103,0,1.033,
19843.3,heavy,3101,0,3.436,
19846.7,heavy,3102,0,2.787,ECONNREFUSED
19850.0,heavy,3103,1,1.138,
19853.3,heavy,3101,0,3.055,
19856.7,heavy,3102,0,2.312,ECONNREFUSED
19860.0,heavy,3103,1,1.669,
19863.3,heavy,3101,0,4.277,
19866.7,heavy,3102,0,3.358,ECONNREFUSED
19870.0,heavy,3103,1,1.086,
19873.3,heavy,3101,0,3.271,
19876.7,heavy,3102,0,2.469,ECONNREFUSED
19880.0,heavy,3103,1,1.656,
19883.3,heavy,3101,1,3.614,
19886.7,heavy,3102,0,2.585,ECONNREFUSED
19890.0,heavy,3103,1,3.415,
19893.3,heavy,3101,0,5.927,
19896.7,heavy,3102,0,6.123,ECONNREFUSED
19900.0,heavy,3103,0,3.643,
19900.0,light-3,3103,1,3.585,
19900.0,light-1,3101,1,4.841,
19900.0,light-4,3101,1,4.833,
19900.0,light-2,3102,0,5.426,ECONNREFUSED
19900.0,light-5,3102,0,5.893,ECONNREFUSED
19903.3,heavy,3103,0,2.813,
19906.7,heavy,3101,1,4.202,
19910.0,heavy,3102,0,3.147,ECONNREFUSED
19913.3,heavy,3103,0,1.793,
19916.7,heavy,3101,1,3.687,
19920.0,heavy,3102,0,2.800,ECONNREFUSED
19923.3,heavy,3103,1,1.615,
19926.7,heavy,3101,0,3.696,
19930.0,heavy,3102,0,3.073,ECONNREFUSED
19933.3,heavy,3103,0,1.446,
19936.7,heavy,3101,1,6.539,
19940.0,heavy,3102,0,2.827,ECONNREFUSED
19943.3,heavy,3103,1,3.161,
19946.7,heavy,3101,0,6.510,
19950.0,heavy,3102,0,2.384,ECONNREFUSED
19953.3,heavy,3103,0,0.918,
19956.7,heavy,3101,0,4.009,
19960.0,heavy,3102,0,3.486,ECONNREFUSED
19963.3,heavy,3103,1,1.998,
19966.7,heavy,3101,1,3.857,
19970.0,heavy,3102,0,3.055,ECONNREFUSED
19973.3,heavy,3103,1,1.440,
19976.7,heavy,3101,0,3.217,
19980.0,heavy,3102,0,3.337,ECONNREFUSED
19983.3,heavy,3103,0,1.266,
19986.7,heavy,3101,1,5.707,
19990.0,heavy,3102,0,3.604,ECONNREFUSED
19993.3,heavy,3103,1,1.864,
19996.7,heavy,3101,0,4.340,
20000.0,heavy,3102,0,4.897,ECONNREFUSED
20000.0,light-1,3103,1,1.235,
20000.0,light-2,3101,1,1.381,
20000.0,light-4,3103,1,2.541,
20000.0,light-5,3101,1,2.661,
20000.0,light-3,3102,0,4.322,ECONNREFUSED
20003.3,heavy,3102,0,3.894,ECONNREFUSED
20006.7,heavy,3103,1,1.614,
20010.0,heavy,3101,0,3.634,
20013.3,heavy,3102,0,2.944,ECONNREFUSED
20016.7,heavy,3103,1,1.181,
20020.0,heavy,3101,0,3.481,
20023.3,heavy,3102,0,2.606,ECONNREFUSED
20026.7,heavy,3103,1,1.066,
20030.0,heavy,3101,0,2.626,
20033.3,heavy,3102,0,2.619,ECONNREFUSED
20036.7,heavy,3103,1,0.919,
20040.0,heavy,3101,0,3.331,
20043.3,heavy,3102,0,2.542,ECONNREFUSED
20046.7,heavy,3103,1,1.321,
20050.0,heavy,3101,0,2.920,
20053.3,heavy,3102,0,2.402,ECONNREFUSED
20056.7,heavy,3103,1,1.138,
20060.0,heavy,3101,0,3.050,
20063.3,heavy,3102,0,2.240,ECONNREFUSED
20066.7,heavy,3103,1,1.326,
20070.0,heavy,3101,0,2.416,
20073.3,heavy,3102,0,3.302,ECONNREFUSED
20076.7,heavy,3103,1,1.798,
20080.0,heavy,3101,0,3.854,
20083.3,heavy,3102,0,3.597,ECONNREFUSED
20086.7,heavy,3103,1,1.194,
20090.0,heavy,3101,0,6.114,
20093.3,heavy,3102,0,6.246,ECONNREFUSED
20096.7,heavy,3103,1,2.557,
20100.0,heavy,3101,0,5.668,
20100.0,light-2,3103,1,3.425,
20100.0,light-5,3103,1,3.406,
20100.0,light-3,3101,1,4.626,
20100.0,light-1,3102,0,6.214,ECONNREFUSED
20100.0,light-4,3102,0,7.612,ECONNREFUSED
20103.3,heavy,3101,1,6.111,
20106.7,heavy,3102,0,4.925,ECONNREFUSED
20110.0,heavy,3103,0,2.300,
20113.3,heavy,3101,0,5.079,
20116.7,heavy,3102,0,4.554,ECONNREFUSED
20120.0,heavy,3103,1,2.904,
20123.3,heavy,3101,0,5.180,
20126.7,heavy,3102,0,5.447,ECONNREFUSED
20130.0,heavy,3103,1,1.879,
20133.3,heavy,3101,1,3.709,
20136.7,heavy,3102,0,3.780,ECONNREFUSED
20140.0,heavy,3103,0,2.565,
20143.3,heavy,3101,1,3.744,
20146.7,heavy,3102,0,2.545,ECONNREFUSED
20150.0,heavy,3103,0,1.052,
20153.3,heavy,3101,0,3.689,
20156.7,heavy,3102,0,2.722,ECONNREFUSED
20160.0,heavy,3103,1,1.604,
20163.3,heavy,3101,0,2.666,
20166.7,heavy,3102,0,2.954,ECONNREFUSED
20170.0,heavy,3103,1,1.784,
20173.3,heavy,3101,1,3.838,
20176.7,heavy,3102,0,3.101,ECONNREFUSED
20180.0,heavy,3103,0,0.936,
20183.3,heavy,3101,0,3.290,
20186.7,heavy,3102,0,2.811,ECONNREFUSED
20190.0,heavy,3103,1,1.472,
20193.3,heavy,3101,0,2.723,
20196.7,heavy,3102,0,7.122,ECONNREFUSED
20200.0,heavy,3103,1,1.378,
20200.0,light-1,3103,1,1.498,
20200.0,light-4,3103,1,1.596,
20200.0,light-2,3101,1,4.009,
20200.0,light-5,3101,1,4.445,
20200.0,light-3,3102,0,6.782,ECONNREFUSED
20203.3,heavy,3101,1,6.490,
20206.7,heavy,3102,0,5.528,ECONNREFUSED
20210.0,heavy,3102,0,4.857,ECONNREFUSED
20213.3,heavy,3103,0,0.960,
20216.7,heavy,3101,1,3.734,
20220.0,heavy,3102,0,2.695,ECONNREFUSED
20223.3,heavy,3103,0,1.382,
20226.7,heavy,3101,1,2.004,
20230.0,heavy,3102,0,2.152,ECONNREFUSED
20233.3,heavy,3103,0,1.146,
20236.7,heavy,3101,1,3.292,
20240.0,heavy,3102,0,2.179,ECONNREFUSED
20243.3,heavy,3103,1,1.177,
20246.7,heavy,3101,0,2.781,
20250.0,heavy,3102,0,3.014,ECONNREFUSED
20253.3,heavy,3103,1,1.150,
20256.7,heavy,3101,0,3.594,
20260.0,heavy,3102,0,4.019,ECONNREFUSED
20263.3,heavy,3103,0,1.736,
20266.7,heavy,3101,1,4.018,
20270.0,heavy,3102,0,2.738,ECONNREFUSED
20273.3,heavy,3103,1,1.668,
20276.7,heavy,3101,0,3.639,
20280.0,heavy,3102,0,2.470,ECONNREFUSED
20283.3,heavy,3103,1,1.702,
20286.7,heavy,3101,0,2.840,
20290.0,heavy,3102,0,4.131,ECONNREFUSED
20293.3,heavy,3103,0,1.107,
20296.7,heavy,3101,1,3.267,
20300.0,heavy,3102,0,4.124,ECONNREFUSED
20300.0,light-1,3103,1,1.018,
20300.0,light-2,3101,1,1.116,
20300.0,light-4,3103,1,1.094,
20300.0,light-5,3101,1,1.160,
20300.0,light-3,3102,0,4.191,ECONNREFUSED
20303.3,heavy,3102,0,2.722,ECONNREFUSED
20306.7,heavy,3103,1,1.116,
20310.0,heavy,3101,0,3.443,
20313.3,heavy,3102,0,2.828,ECONNREFUSED
20316.7,heavy,3103,1,1.833,
20320.0,heavy,3101,0,3.154,
20323.3,heavy,3102,0,4.071,ECONNREFUSED
20326.7,heavy,3103,1,1.124,
20330.0,heavy,3101,0,3.034,
20333.3,heavy,3102,0,2.378,ECONNREFUSED
20336.7,heavy,3103,1,2.005,
20340.0,heavy,3101,0,3.300,
20343.3,heavy,3102,0,2.807,ECONNREFUSED
20346.7,heavy,3103,1,2.284,
20350.0,heavy,3101,0,2.119,
20353.3,heavy,3102,0,3.073,ECONNREFUSED
20356.7,heavy,3103,1,1.500,
20360.0,heavy,3101,0,3.669,
20363.3,heavy,3102,0,3.413,ECONNREFUSED
20366.7,heavy,3103,1,1.044,
20370.0,heavy,3101,0,3.529,
20373.3,heavy,3102,0,2.773,ECONNREFUSED
20376.7,heavy,3103,1,1.612,
20380.0,heavy,3101,0,2.106,
20383.3,heavy,3102,0,4.910,ECONNREFUSED
20386.7,heavy,3103,1,2.750,
20390.0,heavy,3101,1,6.409,
20393.3,heavy,3102,0,6.711,ECONNREFUSED
20396.7,heavy,3103,0,2.115,
20400.0,heavy,3101,0,5.832,
20400.0,light-2,3103,1,2.522,
20400.0,light-1,3102,0,4.864,ECONNREFUSED
20400.0,light-5,3103,1,4.822,
20400.0,light-4,3102,0,5.688,ECONNREFUSED
20400.0,light-3,3101,1,7.190,
20403.3,heavy,3101,0,3.470,
20406.7,heavy,3102,0,2.380,ECONNREFUSED
20410.0,heavy,3103,1,1.095,
20413.3,heavy,3101,1,3.946,
20416.7,heavy,3102,0,2.830,ECONNREFUSED
20420.0,heavy,3103,1,1.781,
20423.3,heavy,3101,0,3.590,
20426.7,heavy,3102,0,3.513,ECONNREFUSED
20430.0,heavy,3103,0,0.944,
20433.3,heavy,3101,0,3.350,
20436.7,heavy,3102,0,2.782,ECONNREFUSED
20440.0,heavy,3103,1,1.543,
20443.3,heavy,3101,0,3.574,
20446.7,heavy,3102,0,1.933,ECONNREFUSED
20450.0,heavy,3103,1,2.898,
20453.3,heavy,3101,1,5.682,
20456.7,heavy,3102,0,2.971,ECONNREFUSED
20460.0,heavy,3103,0,2.656,
20463.3,heavy,3101,0,4.177,
20466.7,heavy,3102,0,3.303,ECONNREFUSED
20470.0,heavy,3103,1,1.424,
20473.3,heavy,3101,1,4.470,
20476.7,heavy,3102,0,2.747,ECONNREFUSED
20480.0,heavy,3103,0,1.102,
20483.3,heavy,3101,1,4.869,
20486.7,heavy,3102,0,2.962,ECONNREFUSED
20490.0,heavy,3103,1,1.558,
20493.3,heavy,3101,0,4.556,
20496.7,heavy,3102,0,4.242,ECONNREFUSED
20500.0,heavy,3103,0,2.548,
20500.0,light-3,3103,1,2.302,
20500.0,light-1,3101,1,2.625,
20500.0,light-4,3101,1,2.424,
20500.0,light-2,3102,0,4.176,ECONNREFUSED
20500.0,light-5,3102,0,4.091,ECONNREFUSED
20503.3,heavy,3103,0,1.173,
20506.7,heavy,3101,1,4.794,
20510.0,heavy,3102,0,3.554,ECONNREFUSED
20513.3,heavy,3103,0,1.534,
20516.7,heavy,3101,1,1.836,
20520.0,heavy,3102,0,2.736,ECONNREFUSED
20523.3,heavy,3103,1,1.459,
20526.7,heavy,3101,0,3.324,
20530.0,heavy,3102,0,2.300,ECONNREFUSED
20533.3,heavy,3103,1,1.490,
20536.7,heavy,3101,0,3.574,
20540.0,heavy,3102,0,2.842,ECONNREFUSED
20543.3,heavy,3103,0,2.524,
20546.7,heavy,3101,1,3.658,
20550.0,heavy,3102,0,2.266,ECONNREFUSED
20553.3,heavy,3103,1,1.409,
20556.7,heavy,3101,0,3.802,
20560.0,heavy,3102,0,3.265,ECONNREFUSED
20563.3,heavy,3103,0,0.997,
20566.7,heavy,3101,1,3.684,
20570.0,heavy,3102,0,2.990,ECONNREFUSED
20573.3,heavy,3103,0,1.311,
20576.7,heavy,3101,1,3.958,
20580.0,heavy,3102,0,3.364,ECONNREFUSED
20583.3,heavy,3103,0,1.385,
20586.7,heavy,3101,0,3.025,
20590.0,heavy,3102,0,2.319,ECONNREFUSED
20593.3,heavy,3103,1,1.314,
20596.7,heavy,3101,1,5.720,
20600.0,heavy,3102,0,5.307,ECONNREFUSED
20600.0,light-2,3103,1,3.052,
20600.0,light-5,3103,1,3.472,
20600.0,light-3,3101,1,4.250,
20600.0,light-1,3102,0,5.530,ECONNREFUSED
20600.0,light-4,3102,0,5.545,ECONNREFUSED
20603.3,heavy,3103,1,2.631,
20606.7,heavy,3101,0,5.306,
20610.0,heavy,3101,0,3.883,
20613.3,heavy,3102,0,3.420,ECONNREFUSED
20616.7,heavy,3103,1,0.962,
20620.0,heavy,3101,0,3.002,
20623.3,heavy,3102,0,2.114,ECONNREFUSED
20626.7,heavy,3103,1,1.012,
20630.0,heavy,3101,0,3.340,
20633.3,heavy,3102,0,3.542,ECONNREFUSED
20636.7,heavy,3103,1,1.187,
20640.0,heavy,3101,0,1.791,
20643.3,heavy,3102,0,4.588,ECONNREFUSED
20646.7,heavy,3103,1,2.491,
20650.0,heavy,3101,0,4.950,
20653.3,heavy,3102,0,5.337,ECONNREFUSED
20656.7,heavy,3103,1,2.290,
20660.0,heavy,3101,0,3.095,
20663.3,heavy,3102,0,2.151,ECONNREFUSED
20666.7,heavy,3103,1,1.434,
20670.0,heavy,3101,0,3.074,
20673.3,heavy,3102,0,2.413,ECONNREFUSED
20676.7,heavy,3103,1,2.207,
20680.0,heavy,3101,1,3.586,
20683.3,heavy,3102,0,3.047,ECONNREFUSED
20686.7,heavy,3103,0,1.346,
20690.0,heavy,3101,0,5.487,
20693.3,heavy,3102,0,4.082,ECONNREFUSED
20696.7,heavy,3103,1,2.978,
20700.0,heavy,3101,0,5.049,
20700.0,light-3,3101,1,3.106,
20700.0,light-1,3102,0,3.556,ECONNREFUSED
20700.0,light-2,3103,1,4.204,
20700.0,light-4,3102,0,4.298,ECONNREFUSED
20700.0,light-5,3103,1,4.321,
20703.3,heavy,3101,0,3.480,
20706.7,heavy,3102,0,2.559,ECONNREFUSED
20710.0,heavy,3103,1,1.503,
20713.3,heavy,3101,1,4.020,
20716.7,heavy,3102,0,3.205,ECONNREFUSED
20720.0,heavy,3103,0,1.304,
20723.3,heavy,3101,0,3.107,
20726.7,heavy,3102,0,2.386,ECONNREFUSED
20730.0,heavy,3103,1,1.345,
20733.3,heavy,3101,0,2.695,
20736.7,heavy,3102,0,4.083,ECONNREFUSED
20740.0,heavy,3103,1,1.996,
20743.3,heavy,3101,1,4.377,
20746.7,heavy,3102,0,3.424,ECONNREFUSED
20750.0,heavy,3103,0,1.658,
20753.3,heavy,3101,0,3.469,
20756.7,heavy,3102,0,2.228,ECONNREFUSED
20760.0,heavy,3103,1,1.762,
20763.3,heavy,3101,0,3.614,
20766.7,heavy,3102,0,3.957,ECONNREFUSED
20770.0,heavy,3103,1,1.530,
20773.3,heavy,3101,1,4.533,
20776.7,heavy,3102,0,3.793,ECONNREFUSED
20780.0,heavy,3103,0,1.693,
20783.3,heavy,3101,1,4.214,
20786.7,heavy,3102,0,2.766,ECONNREFUSED
20790.0,heavy,3103,1,1.513,
20793.3,heavy,3101,0,3.782,
20796.7,heavy,3102,0,2.459,ECONNREFUSED
20800.0,heavy,3103,0,2.116,
20800.0,light-1,3101,1,2.056,
20800.0,light-3,3103,1,2.765,
20800.0,light-4,3101,1,3.447,
20800.0,light-5,3102,0,4.077,ECONNREFUSED
20800.0,light-2,3102,0,4.543,ECONNREFUSED
20803.3,heavy,3103,0,1.497,
20806.7,heavy,3101,1,4.246,
20810.0,heavy,3102,0,3.621,ECONNREFUSED
20813.3,heavy,3103,0,1.449,
20816.7,heavy,3101,1,4.618,
20820.0,heavy,3102,0,4.234,ECONNREFUSED
20823.3,heavy,3103,0,2.012,
20826.7,heavy,3101,1,5.527,
20830.0,heavy,3102,0,3.798,ECONNREFUSED
20833.3,heavy,3103,1,2.094,
20836.7,heavy,3101,0,5.139,
20840.0,heavy,3102,0,4.306,ECONNREFUSED
20843.3,heavy,3103,0,1.504,
20846.7,heavy,3101,1,4.135,
20850.0,heavy,3102,0,3.203,ECONNREFUSED
20853.3,heavy,3103,1,1.872,
20856.7,heavy,3101,0,2.553,
20860.0,heavy,3102,0,4.901,ECONNREFUSED
20863.3,heavy,3103,1,2.446,
20866.7,heavy,3101,0,4.926,
20870.0,heavy,3102,0,4.593,ECONNREFUSED
20873.3,heavy,3103,0,1.934,
20876.7,heavy,3101,1,4.595,
20880.0,heavy,3102,0,3.026,ECONNREFUSED
20883.3,heavy,3103,0,1.619,
20886.7,heavy,3101,0,3.566,
20890.0,heavy,3102,0,3.641,ECONNREFUSED
20893.3,heavy,3103,1,1.348,
20896.7,heavy,3101,1,3.954,
20900.0,heavy,3102,0,6.764,ECONNREFUSED
20900.0,light-4,3103,1,4.038,
20900.0,light-5,3101,1,4.174,
20900.0,light-2,3101,1,6.781,
20900.0,light-1,3103,1,7.003,
20900.0,light-3,3102,0,7.211,ECONNREFUSED
20903.3,heavy,3102,0,6.375,ECONNREFUSED
20906.7,heavy,3103,1,2.806,
20910.0,heavy,3101,0,3.810,
20913.3,heavy,3102,0,2.874,ECONNREFUSED
20916.7,heavy,3103,1,1.392,
20920.0,heavy,3101,0,4.599,
20923.3,heavy,3102,0,3.800,ECONNREFUSED
20926.7,heavy,3103,1,1.870,
20930.0,heavy,3101,0,4.178,
20933.3,heavy,3102,0,3.341,ECONNREFUSED
20936.7,heavy,3103,1,1.638,
20940.0,heavy,3101,1,5.547,
20943.3,heavy,3102,0,5.774,ECONNREFUSED
20946.7,heavy,3103,0,1.581,
20950.0,heavy,3101,0,2.159,
20953.3,heavy,3102,0,3.590,ECONNREFUSED
20956.7,heavy,3103,1,2.499,
20960.0,heavy,3101,0,3.784,
20963.3,heavy,3102,0,2.744,ECONNREFUSED
20966.7,heavy,3103,1,0.969,
20970.0,heavy,3101,1,5.139,
20973.3,heavy,3102,0,4.421,ECONNREFUSED
20976.7,heavy,3103,1,2.131,
20980.0,heavy,3101,0,5.226,
20983.3,heavy,3102,0,4.344,ECONNREFUSED
20986.7,heavy,3103,0,2.112,
20990.0,heavy,3101,0,2.633,
20993.3,heavy,3102,1,27.773,
20996.7,heavy,3103,1,3.522,
21000.0,heavy,3101,0,4.254,
21000.0,light-2,3103,1,3.371,
21000.0,light-5,3103,1,3.282,
21000.0,light-3,3101,1,3.541,
21000.0,light-4,3102,1,30.483,
21000.0,light-1,3102,0,95.685,
21003.3,heavy,3101,0,2.954,
21006.7,heavy,3102,1,83.875,
21010.0,heavy,3103,1,1.729,
21013.3,heavy,3101,1,4.218,
21016.7,heavy,3102,1,75.748,
21020.0,heavy,3103,0,1.206,
21023.3,heavy,3101,1,4.319,
21026.7,heavy,3102,1,4.772,
21030.0,heavy,3103,0,1.169,
21033.3,heavy,3101,1,4.312,
21036.7,heavy,3102,1,53.001,
21040.0,heavy,3103,1,1.450,
21043.3,heavy,3101,0,4.482,
21046.7,heavy,3102,1,54.350,
21050.0,heavy,3103,0,1.387,
21053.3,heavy,3101,0,3.076,
21056.7,heavy,3102,1,44.638,
21060.0,heavy,3103,1,1.708,
21063.3,heavy,3101,0,1.633,
21066.7,heavy,3102,1,31.007,
21070.0,heavy,3103,1,1.930,
21073.3,heavy,3101,1,3.612,
21076.7,heavy,3102,1,31.277,
21080.0,heavy,3103,0,0.850,
21083.3,heavy,3101,0,3.264,
21086.7,heavy,3102,1,14.597,
21090.0,heavy,3103,1,1.261,
21093.3,heavy,3101,1,3.734,
21096.7,heavy,3102,1,10.876,
21100.0,heavy,3103,0,1.635,
21100.0,light-1,3101,1,1.111,
21100.0,light-3,3103,1,1.383,
21100.0,light-4,3101,1,3.255,
21100.0,light-2,3102,1,59.051,
21100.0,light-5,3102,1,64.471,
21103.3,heavy,3103,0,1.164,
21106.7,heavy,3101,1,3.599,
21110.0,heavy,3102,1,19.266,
21113.3,heavy,3103,1,1.476,
21116.7,heavy,3101,0,3.079,
21120.0,heavy,3102,1,8.185,
21123.3,heavy,3103,0,1.521,
21126.7,heavy,3101,1,3.352,
21130.0,heavy,3102,1,4.252,
21133.3,heavy,3103,0,0.966,
21136.7,heavy,3101,1,3.741,
21140.0,heavy,3102,1,19.902,
21143.3,heavy,3103,1,1.673,
21146.7,heavy,3101,1,3.998,
21150.0,heavy,3102,1,10.847,
21153.3,heavy,3103,0,1.407,
21156.7,heavy,3101,0,3.355,
21160.0,heavy,3102,1,5.101,
21163.3,heavy,3103,0,1.040,
21166.7,heavy,3101,1,3.612,
21170.0,heavy,3102,1,1.515,
21173.3,heavy,3103,1,1.799,
21176.7,heavy,3101,0,3.731,
21180.0,heavy,3102,1,2.144,
21183.3,heavy,3103,1,1.950,
21186.7,heavy,3101,0,2.549,
21190.0,heavy,3102,1,1.938,
21193.3,heavy,3103,1,1.430,
21196.7,heavy,3101,0,3.627,
21200.0,heavy,3102,1,2.073,
21200.0,light-1,3103,1,1.605,
21200.0,light-4,3103,1,1.783,
21200.0,light-2,3101,1,2.357,
21200.0,light-5,3101,1,2.698,
21200.0,light-3,3102,1,8.033,
21203.3,heavy,3102,1,3.240,
21206.7,heavy,3103,1,1.132,
21210.0,heavy,3101,1,4.612,
21213.3,heavy,3102,1,1.570,
21216.7,heavy,3103,0,1.641,
21220.0,heavy,3101,0,3.840,
21223.3,heavy,3102,1,1.785,
21226.7,heavy,3103,1,1.742,
21230.0,heavy,3101,0,3.498,
21233.3,heavy,3102,1,1.714,
21236.7,heavy,3103,1,1.199,
21240.0,heavy,3101,0,2.681,
21243.3,heavy,3102,1,1.467,
21246.7,heavy,3103,1,0.915,
21250.0,heavy,3101,0,3.444,
21253.3,heavy,3102,1,1.663,
21256.7,heavy,3103,1,2.081,
21260.0,heavy,3101,0,3.226,
21263.3,heavy,3102,1,1.317,
21266.7,heavy,3103,1,1.514,
21270.0,heavy,3101,0,2.626,
21273.3,heavy,3102,1,1.622,
21276.7,heavy,3103,1,1.690,
21280.0,heavy,3101,0,3.204,
21283.3,heavy,3102,1,1.494,
21286.7,heavy,3103,1,1.252,
21290.0,heavy,3101,0,3.175,
21293.3,heavy,3102,1,1.503,
21296.7,heavy,3103,1,1.038,
21300.0,heavy,3101,0,3.635,
21300.0,light-3,3103,1,1.554,
21300.0,light-2,3102,1,1.953,
21300.0,light-1,3101,1,2.145,
21300.0,light-4,3101,1,2.311,
21300.0,light-5,3102,1,2.559,
21303.3,heavy,3102,1,1.588,
21306.7,heavy,3103,1,1.351,
21310.0,heavy,3103,0,1.048,
21313.3,heavy,3101,1,3.106,
21316.7,heavy,3102,1,1.517,
21320.0,heavy,3103,1,1.171,
21323.3,heavy,3101,0,3.259,
21326.7,heavy,3102,1,1.197,
21330.0,heavy,3103,1,1.792,
21333.3,heavy,3101,0,3.411,
21336.7,heavy,3102,1,1.948,
21340.0,heavy,3103,0,0.856,
21343.3,heavy,3101,0,2.566,
21346.7,heavy,3102,1,2.211,
21350.0,heavy,3103,1,1.290,
21353.3,heavy,3101,1,3.901,
21356.7,heavy,3102,1,1.640,
21360.0,heavy,3103,1,1.513,
21363.3,heavy,3101,0,3.348,
21366.7,heavy,3102,1,1.472,
21370.0,heavy,3103,0,1.551,
21373.3,heavy,3101,0,2.667,
21376.7,heavy,3102,1,1.213,
21380.0,heavy,3103,1,1.271,
21383.3,heavy,3101,1,3.648,
21386.7,heavy,3102,1,1.370,
21390.0,heavy,3103,0,1.249,
21393.3,heavy,3101,0,3.659,
21396.7,heavy,3102,1,1.527,
21400.0,heavy,3103,1,1.322,
21400.0,light-3,3103,1,1.502,
21400.0,light-2,3102,1,2.166,
21400.0,light-1,3101,1,2.319,
21400.0,light-4,3101,1,2.518,
21400.0,light-5,3102,1,2.937,
21403.3,heavy,3103,0,1.151,
21406.7,heavy,3101,1,4.661,
21410.0,heavy,3102,1,1.897,
21413.3,heavy,3103,1,1.560,
21416.7,heavy,3101,0,4.918,
21420.0,heavy,3102,1,1.186,
21423.3,heavy,3103,0,0.813,
21426.7,heavy,3101,1,2.925,
21430.0,heavy,3102,1,1.160,
21433.3,heavy,3103,0,0.799,
21436.7,heavy,3101,1,3.133,
21440.0,heavy,3102,1,1.397,
21443.3,heavy,3103,1,1.176,
21446.7,heavy,3101,0,3.309,
21450.0,heavy,3102,1,0.991,
21453.3,heavy,3103,1,1.046,
21456.7,heavy,3101,0,2.267,
21460.0,heavy,3102,1,1.092,
21463.3,heavy,3103,0,1.174,
21466.7,heavy,3101,1,4.165,
21470.0,heavy,3102,1,1.259,
21473.3,heavy,3103,1,1.386,
21476.7,heavy,3101,0,4.283,
21480.0,heavy,3102,1,1.636,
21483.3,heavy,3103,1,4.687,
21486.7,heavy,3101,1,2.480,
21490.0,heavy,3102,1,0.875,
21493.3,heavy,3103,1,2.203,
21496.7,heavy,3101,1,0.964,
21500.0,heavy,3102,1,6.300,
21500.0,light-3,3103,1,3.276,
21500.0,light-1,3101,1,3.607,
21500.0,light-4,3101,1,3.410,
21500.0,light-2,3102,1,7.008,
21500.0,light-5,3102,1,7.413,
21503.3,heavy,3103,1,3.506,
21506.7,heavy,3101,1,3.568,
21510.0,heavy,3102,1,6.552,
21513.3,heavy,3103,1,3.477,
21516.7,heavy,3103,1,1.405,
21520.0,heavy,3101,1,0.827,
21523.3,heavy,3102,1,2.070,
21526.7,heavy,3103,1,1.414,
21530.0,heavy,3101,1,1.299,
21533.3,heavy,3102,1,2.278,
21536.7,heavy,3103,1,1.273,
21540.0,heavy,3101,1,1.822,
21543.3,heavy,3102,1,2.047,
21546.7,heavy,3103,1,2.104,
21550.0,heavy,3101,1,1.702,
21553.3,heavy,3102,1,1.870,
21556.7,heavy,3103,1,1.659,
21560.0,heavy,3101,1,2.811,
21563.3,heavy,3102,1,3.049,
21566.7,heavy,3103,1,1.142,
21570.0,heavy,3101,1,1.244,
21573.3,heavy,3102,1,1.438,
21576.7,heavy,3103,1,0.897,
21580.0,heavy,3101,1,1.397,
21583.3,heavy,3102,1,1.462,
21586.7,heavy,3103,1,1.269,
21590.0,heavy,3101,1,1.869,
21593.3,heavy,3102,1,1.292,
21596.7,heavy,3103,1,1.653,
21600.0,heavy,3101,1,1.786,
21600.0,light-1,3101,1,1.839,
21600.0,light-4,3101,1,1.940,
21600.0,light-3,3103,1,2.131,
21600.0,light-2,3102,1,2.286,
21600.0,light-5,3102,1,2.403,
21603.3,heavy,3102,1,1.827,
21606.7,heavy,3103,1,1.963,
21610.0,heavy,3103,1,1.136,
21613.3,heavy,3101,1,1.678,
21616.7,heavy,3102,1,1.756,
21620.0,heavy,3103,1,1.598,
21623.3,heavy,3101,1,1.736,
21626.7,heavy,3102,1,2.235,
21630.0,heavy,3103,1,1.508,
21633.3,heavy,3101,1,2.048,
21636.7,heavy,3102,1,2.112,
21640.0,heavy,3103,1,1.906,
21643.3,heavy,3101,1,1.204,
21646.7,heavy,3102,1,2.434,
21650.0,heavy,3103,1,1.607,
21653.3,heavy,3101,1,1.385,
21656.7,heavy,3102,1,1.342,
21660.0,heavy,3103,1,1.536,
21663.3,heavy,3101,1,1.906,
21666.7,heavy,3102,1,1.517,
21670.0,heavy,3103,1,1.653,
21673.3,heavy,3101,1,1.450,
21676.7,heavy,3102,1,1.956,
21680.0,heavy,3103,1,1.740,
21683.3,heavy,3101,1,1.977,
21686.7,heavy,3102,1,1.121,
21690.0,heavy,3103,1,1.683,
21693.3,heavy,3101,1,1.582,
21696.7,heavy,3102,1,1.665,
21700.0,heavy,3103,1,1.777,
21700.0,light-1,3101,1,1.856,
21700.0,light-4,3101,1,1.894,
21700.0,light-3,3103,1,2.032,
21700.0,light-2,3102,1,2.186,
21700.0,light-5,3102,1,2.903,
21703.3,heavy,3103,1,1.437,
21706.7,heavy,3101,1,2.068,
21710.0,heavy,3102,1,2.516,
21713.3,heavy,3103,1,2.945,
21716.7,heavy,3101,1,1.108,
21720.0,heavy,3102,1,1.622,
21723.3,heavy,3103,1,1.126,
21726.7,heavy,3101,1,1.230,
21730.0,heavy,3102,1,1.629,
21733.3,heavy,3103,1,2.414,
21736.7,heavy,3101,1,1.286,
21740.0,heavy,3102,1,1.567,
21743.3,heavy,3103,1,2.761,
21746.7,heavy,3101,1,1.669,
21750.0,heavy,3102,1,1.171,
21753.3,heavy,3103,1,1.526,
21756.7,heavy,3101,1,1.447,
21760.0,heavy,3102,1,1.850,
21763.3,heavy,3103,1,1.048,
21766.7,heavy,3101,1,2.195,
21770.0,heavy,3102,1,1.633,
21773.3,heavy,3103,1,1.345,
21776.7,heavy,3101,1,2.539,
21780.0,heavy,3102,1,1.178,
21783.3,heavy,3103,1,1.443,
21786.7,heavy,3101,1,1.392,
21790.0,heavy,3102,1,1.771,
21793.3,heavy,3103,1,0.859,
21796.7,heavy,3101,1,1.356,
21800.0,heavy,3102,1,1.399,
21800.0,light-2,3103,1,1.865,
21800.0,light-3,3101,1,3.849,
21800.0,light-5,3103,1,4.003,
21800.0,light-4,3102,1,4.803,
21800.0,light-1,3102,1,6.703,
21803.3,heavy,3103,1,1.219,
21806.7,heavy,3101,1,1.790,
21810.0,heavy,3101,1,1.565,
21813.3,heavy,3102,1,1.311,
21816.7,heavy,3103,1,0.818,
21820.0,heavy,3101,1,1.401,
21823.3,heavy,3102,1,1.168,
21826.7,heavy,3103,1,1.633,
21830.0,heavy,3101,1,1.593,
21833.3,heavy,3102,1,1.729,
21836.7,heavy,3103,1,2.447,
21840.0,heavy,3101,1,1.307,
21843.3,heavy,3102,1,1.478,
21846.7,heavy,3103,1,1.167,
21850.0,heavy,3101,1,0.991,
21853.3,heavy,3102,1,1.522,
21856.7,heavy,3103,1,1.535,
21860.0,heavy,3101,1,1.729,
21863.3,heavy,3102,1,1.335,
21866.7,heavy,3103,1,1.471,
21870.0,heavy,3101,1,2.192,
21873.3,heavy,3102,1,2.321,
21876.7,heavy,3103,1,1.376,
21880.0,heavy,3101,1,1.878,
21883.3,heavy,3102,0,2.087,
21886.7,heavy,3103,1,0.901,
21890.0,heavy,3101,1,2.157,
21893.3,heavy,3102,1,2.162,
21896.7,heavy,3103,1,1.895,
21900.0,heavy,3101,1,2.582,
21900.0,light-2,3103,1,2.320,
21900.0,light-1,3102,1,2.458,
21900.0,light-5,3103,1,2.476,
21900.0,light-3,3101,1,2.667,
21900.0,light-4,3102,1,2.715,
21903.3,heavy,3101,1,0.948,
21906.7,heavy,3102,1,1.905,
21910.0,heavy,3103,1,1.540,
21913.3,heavy,3101,1,2.023,
21916.7,heavy,3102,0,2.163,
21920.0,heavy,3103,1,1.653,
21923.3,heavy,3101,1,2.203,
21926.7,heavy,3102,1,1.876,
21930.0,heavy,3103,1,1.987,
21933.3,heavy,3101,1,3.580,
21936.7,heavy,3102,0,1.440,
21940.0,heavy,3103,1,2.264,
21943.3,heavy,3101,0,3.681,
21946.7,heavy,3102,1,1.478,
21950.0,heavy,3103,1,1.352,
21953.3,heavy,3101,1,4.989,
21956.7,heavy,3102,1,1.774,
21960.0,heavy,3103,1,2.316,
21963.3,heavy,3101,0,3.440,
21966.7,heavy,3102,0,1.464,
21970.0,heavy,3103,1,5.437,
21973.3,heavy,3101,0,3.319,
21976.7,heavy,3102,1,1.633,
21980.0,heavy,3103,0,3.995,
21983.3,heavy,3101,0,3.124,
21986.7,heavy,3102,0,1.136,
21990.0,heavy,3103,0,6.651,
21993.3,heavy,3101,1,7.045,
21996.7,heavy,3102,1,2.140,
22000.0,heavy,3103,0,6.815,
22000.0,light-3,3101,1,2.854,
22000.0,light-2,3103,1,3.071,
22000.0,light-5,3103,1,3.126,
22000.0,light-1,3102,1,3.394,
22000.0,light-4,3102,1,3.941,
22003.3,heavy,3101,0,6.994,
22006.7,heavy,3101,0,4.941,
22010.0,heavy,3102,0,1.774,
22013.3,heavy,3103,0,4.326,
22016.7,heavy,3101,1,2.279,
22020.0,heavy,3102,1,1.935,
22023.3,heavy,3103,0,4.727,
22026.7,heavy,3101,1,8.397,
22030.0,heavy,3102,1,2.738,
22033.3,heavy,3103,0,4.629,
22036.7,heavy,3101,0,8.774,
22040.0,heavy,3102,0,6.222,
22043.3,heavy,3103,0,4.893,
22046.7,heavy,3101,0,3.484,
22050.0,heavy,3102,1,0.945,
22053.3,heavy,3103,0,4.617,
22056.7,heavy,3101,0,3.622,
22060.0,heavy,3102,1,1.783,
22063.3,heavy,3103,0,4.452,
22066.7,heavy,3101,0,1.877,
22070.0,heavy,3102,1,2.499,
22073.3,heavy,3103,0,5.664,
22076.7,heavy,3101,0,4.758,
22080.0,heavy,3102,1,3.442,
22083.3,heavy,3103,0,2.266,
22086.7,heavy,3101,0,3.656,
22090.0,heavy,3102,1,1.400,
22093.3,heavy,3103,0,4.124,
22096.7,heavy,3101,0,2.112,
22100.0,heavy,3102,1,1.307,
22100.0,light-3,3102,1,1.610,
22100.0,light-5,3101,1,1.966,
22100.0,light-2,3101,1,4.305,
22100.0,light-1,3103,1,4.864,
22100.0,light-4,3103,1,5.350,
22103.3,heavy,3102,0,1.265,
22106.7,heavy,3103,0,4.682,
22110.0,heavy,3101,1,4.142,
22113.3,heavy,3102,1,1.532,
22116.7,heavy,3103,0,4.341,
22120.0,heavy,3101,0,4.073,
22123.3,heavy,3102,0,2.251,
22126.7,heavy,3103,0,4.771,
22130.0,heavy,3101,0,3.665,
22133.3,heavy,3102,1,1.605,
22136.7,heavy,3103,0,4.654,
22140.0,heavy,3101,1,4.113,
22143.3,heavy,3102,0,1.351,
22146.7,heavy,3103,0,3.595,
22150.0,heavy,3101,1,4.431,
22153.3,heavy,3102,0,1.310,
22156.7,heavy,3103,0,5.296,
22160.0,heavy,3101,1,4.068,
22163.3,heavy,3102,1,1.662,
22166.7,heavy,3103,0,5.178,
22170.0,heavy,3101,0,4.284,
22173.3,heavy,3102,0,1.607,
22176.7,heavy,3103,0,4.463,
22180.0,heavy,3101,0,3.318,
22183.3,heavy,3102,1,1.616,
22186.7,heavy,3103,0,2.635,
22190.0,heavy,3101,1,5.305,
22193.3,heavy,3102,1,1.612,
22196.7,heavy,3103,0,4.810,
22200.0,heavy,3101,0,5.208,
22200.0,light-1,3102,1,2.046,
22200.0,light-4,3102,1,2.531,
22200.0,light-2,3103,1,3.090,
22200.0,light-3,3101,1,3.195,
22200.0,light-5,3103,1,3.307,
22203.3,heavy,3101,0,2.645,
22206.7,heavy,3102,1,1.579,
22210.0,heavy,3103,0,3.180,
22213.3,heavy,3101,0,3.350,
22216.7,heavy,3102,0,1.216,
22220.0,heavy,3103,1,4.533,
22223.3,heavy,3101,0,3.282,
22226.7,heavy,3102,0,1.257,
22230.0,heavy,3103,1,4.402,
22233.3,heavy,3101,0,3.461,
22236.7,heavy,3102,0,0.970,
22240.0,heavy,3103,0,4.222,
22243.3,heavy,3101,0,3.303,
22246.7,heavy,3102,1,1.405,
22250.0,heavy,3103,1,4.585,
22253.3,heavy,3101,0,3.395,
22256.7,heavy,3102,0,1.163,
22260.0,heavy,3103,1,4.408,
22263.3,heavy,3101,0,3.346,
22266.7,heavy,3102,0,1.178,
22270.0,heavy,3103,0,5.090,
22273.3,heavy,3101,1,4.253,
22276.7,heavy,3102,1,1.322,
22280.0,heavy,3103,0,3.592,
22283.3,heavy,3101,0,1.711,
22286.7,heavy,3102,1,1.999,
22290.0,heavy,3103,0,5.034,
22293.3,heavy,3101,0,4.317,
22296.7,heavy,3102,0,1.149,
22300.0,heavy,3103,1,8.247,
22300.0,light-1,3101,1,1.107,
22300.0,light-3,3103,1,3.089,
22300.0,light-4,3101,1,7.374,
22300.0,light-2,3102,1,8.261,
22300.0,light-5,3102,1,10.256,
22303.3,heavy,3103,0,5.007,
22306.7,heavy,3101,0,5.356,
22310.0,heavy,3102,0,2.755,
22313.3,heavy,3103,1,2.196,
22316.7,heavy,3101,0,3.021,
22320.0,heavy,3102,1,1.416,
22323.3,heavy,3103,0,3.554,
22326.7,heavy,3101,0,1.697,
22330.0,heavy,3102,1,1.507,
22333.3,heavy,3103,0,3.124,
22336.7,heavy,3101,0,2.564,
22340.0,heavy,3102,1,1.587,
22343.3,heavy,3103,0,3.239,
22346.7,heavy,3101,0,2.789,
22350.0,heavy,3102,1,1.421,
22353.3,heavy,3103,0,5.658,
22356.7,heavy,3101,0,3.039,
22360.0,heavy,3102,0,1.295,
22363.3,heavy,3103,0,5.322,
22366.7,heavy,3101,1,4.587,
22370.0,heavy,3102,1,1.617,
22373.3,heavy,3103,0,3.427,
22376.7,heavy,3101,0,1.549,
22380.0,heavy,3102,1,1.575,
22383.3,heavy,3103,0,3.855,
22386.7,heavy,3101,0,3.237,
22390.0,heavy,3102,1,1.163,
22393.3,heavy,3103,0,6.734,
22396.7,heavy,3101,0,6.095,
22400.0,heavy,3102,1,1.507,
22400.0,light-2,3101,1,2.524,
22400.0,light-1,3103,1,2.820,
22400.0,light-4,3103,1,2.885,
22400.0,light-5,3101,1,2.962,
22400.0,light-3,3102,1,7.056,
22403.3,heavy,3102,0,3.756,
22406.7,heavy,3103,0,2.000,
22410.0,heavy,3101,1,3.823,
22413.3,heavy,3102,0,1.245,
22416.7,heavy,3103,1,4.759,
22420.0,heavy,3101,0,3.205,
22423.3,heavy,3102,0,1.601,
22426.7,heavy,3103,0,3.734,
22430.0,heavy,3101,1,3.995,
22433.3,heavy,3102,0,1.388,
22436.7,heavy,3103,0,4.180,
22440.0,heavy,3101,1,4.618,
22443.3,heavy,3102,1,1.464,
22446.7,heavy,3103,0,4.364,
22450.0,heavy,3101,0,4.614,
22453.3,heavy,3102,0,2.149,
22456.7,heavy,3103,0,3.257,
22460.0,heavy,3101,1,3.404,
22463.3,heavy,3102,0,1.521,
22466.7,heavy,3103,0,5.256,
22470.0,heavy,3101,1,4.101,
22473.3,heavy,3102,1,1.550,
22476.7,heavy,3103,0,5.179,
22480.0,heavy,3101,0,4.725,
22483.3,heavy,3102,0,1.289,
22486.7,heavy,3103,0,5.443,
22490.0,heavy,3101,0,3.870,
22493.3,heavy,3102,1,1.667,
22496.7,heavy,3103,0,5.287,
22500.0,heavy,3101,1,4.221,
22500.0,light-1,3102,1,1.553,
22500.0,light-2,3103,1,2.298,
22500.0,light-4,3102,1,2.876,
22500.0,light-5,3103,1,3.022,
22500.0,light-3,3101,1,3.246,
22503.3,heavy,3101,0,3.091,
22506.7,heavy,3102,0,1.233,
22510.0,heavy,3103,1,4.429,
22513.3,heavy,3101,0,3.100,
22516.7,heavy,3102,0,1.078,
22520.0,heavy,3103,1,4.777,
22523.3,heavy,3101,0,3.470,
22526.7,heavy,3102,0,1.209,
22530.0,heavy,3103,0,5.534,
22533.3,heavy,3101,1,3.748,
22536.7,heavy,3102,1,1.419,
22540.0,heavy,3103,0,5.425,
22543.3,heavy,3101,0,4.050,
22546.7,heavy,3102,0,1.877,
22550.0,heavy,3103,1,3.691,
22553.3,heavy,3101,0,2.291,
22556.7,heavy,3102,0,1.119,
22560.0,heavy,3103,1,3.786,
22563.3,heavy,3101,0,3.034,
22566.7,heavy,3102,0,1.091,
22570.0,heavy,3103,1,3.947,
22573.3,heavy,3101,0,3.061,
22576.7,heavy,3102,0,1.079,
22580.0,heavy,3103,1,4.442,
22583.3,heavy,3101,0,3.018,
22586.7,heavy,3102,0,0.967,
22590.0,heavy,3103,1,4.227,
22593.3,heavy,3101,0,2.783,
22596.7,heavy,3102,0,1.056,
22600.0,heavy,3103,1,5.147,
22600.0,light-2,3102,1,2.414,
22600.0,light-1,3101,1,2.584,
22600.0,light-5,3102,1,2.594,
22600.0,light-4,3101,1,2.799,
22600.0,light-3,3103,1,2.955,
22603.3,heavy,3101,0,4.507,
22606.7,heavy,3102,1,2.101,
22610.0,heavy,3103,0,5.064,
22613.3,heavy,3103,0,3.369,
22616.7,heavy,3101,0,4.130,
22620.0,heavy,3102,1,0.929,
22623.3,heavy,3103,1,4.811,
22626.7,heavy,3101,0,3.232,
22630.0,heavy,3102,0,1.028,
22633.3,heavy,3103,0,4.962,
22636.7,heavy,3101,0,2.804,
22640.0,heavy,3102,1,1.337,
22643.3,heavy,3103,0,5.147,
22646.7,heavy,3101,0,2.888,
22650.0,heavy,3102,1,1.179,
22653.3,heavy,3103,0,5.177,
22656.7,heavy,3101,1,4.203,
22660.0,heavy,3102,0,1.353,
22663.3,heavy,3103,0,3.665,
22666.7,heavy,3101,0,2.870,
22670.0,heavy,3102,0,1.111,
22673.3,heavy,3103,1,4.552,
22676.7,heavy,3101,1,4.231,
22680.0,heavy,3102,0,1.258,
22683.3,heavy,3103,0,3.712,
22686.7,heavy,3101,0,2.922,
22690.0,heavy,3102,0,0.957,
22693.3,heavy,3103,0,6.244,
22696.7,heavy,3101,1,6.170,
22700.0,heavy,3102,1,1.510,
22700.0,light-2,3102,1,1.993,
22700.0,light-1,3101,1,2.308,
22700.0,light-3,3103,1,2.492,
22700.0,light-5,3102,1,2.555,
22700.0,light-4,3101,1,2.709,
22703.3,heavy,3103,0,6.488,
22706.7,heavy,3103,0,5.101,
22710.0,heavy,3101,1,2.176,
22713.3,heavy,3102,0,1.283,
22716.7,heavy,3103,1,5.773,
22720.0,heavy,3101,0,4.964,
22723.3,heavy,3102,0,1.455,
22726.7,heavy,3103,0,4.805,
22730.0,heavy,3101,1,3.814,
22733.3,heavy,3102,0,1.184,
22736.7,heavy,3103,0,3.051,
22740.0,heavy,3101,1,3.900,
22743.3,heavy,3102,0,1.189,
22746.7,heavy,3103,0,5.476,
22750.0,heavy,3101,1,4.333,
22753.3,heavy,3102,0,1.509,
22756.7,heavy,3103,0,3.755,
22760.0,heavy,3101,1,4.050,
22763.3,heavy,3102,0,0.991,
22766.7,heavy,3103,0,3.614,
22770.0,heavy,3101,1,4.002,
22773.3,heavy,3102,0,1.090,
22776.7,heavy,3103,0,3.537,
22780.0,heavy,3101,1,3.865,
22783.3,heavy,3102,0,1.276,
22786.7,heavy,3103,1,5.441,
22790.0,heavy,3101,0,3.231,
22793.3,heavy,3102,1,1.340,
22796.7,heavy,3103,0,5.705,
22800.0,heavy,3101,0,2.080,
22800.0,light-2,3103,1,1.071,
22800.0,light-5,3103,1,1.257,
22800.0,light-1,3102,1,1.794,
22800.0,light-3,3101,1,2.311,
22800.0,light-4,3102,1,2.467,
22803.3,heavy,3101,0,3.465,
22806.7,heavy,3102,0,1.149,
22810.0,heavy,3103,0,4.687,
22813.3,heavy,3101,1,3.702,
22816.7,heavy,3102,0,1.942,
22820.0,heavy,3103,1,4.307,
22823.3,heavy,3101,0,3.163,
22826.7,heavy,3102,0,1.114,
22830.0,heavy,3103,0,6.102,
22833.3,heavy,3101,1,4.135,
22836.7,heavy,3102,1,1.679,
22840.0,heavy,3103,0,6.204,
22843.3,heavy,3101,0,4.071,
22846.7,heavy,3102,0,2.133,
22850.0,heavy,3103,1,4.873,
22853.3,heavy,3101,0,3.651,
22856.7,heavy,3102,1,1.546,
22860.0,heavy,3103,0,3.676,
22863.3,heavy,3101,0,3.448,
22866.7,heavy,3102,0,1.286,
22870.0,heavy,3103,0,4.339,
22873.3,heavy,3101,1,3.463,
22876.7,heavy,3102,0,0.980,
22880.0,heavy,3103,1,3.890,
22883.3,heavy,3101,0,2.835,
22886.7,heavy,3102,0,1.006,
22890.0,heavy,3103,1,3.756,
22893.3,heavy,3101,0,3.353,
22896.7,heavy,3102,0,1.466,
22900.0,heavy,3103,1,5.018,
22900.0,light-1,3101,1,1.411,
22900.0,light-2,3102,1,1.532,
22900.0,light-4,3101,1,1.526,
22900.0,light-5,3102,1,1.692,
22900.0,light-3,3103,1,3.006,
22903.3,heavy,3103,0,4.338,
22906.7,heavy,3101,0,3.684,
22910.0,heavy,3102,1,1.266,
22913.3,heavy,3103,0,4.409,
22916.7,heavy,3101,0,3.656,
22920.0,heavy,3102,1,1.606,
22923.3,heavy,3103,0,4.189,
22926.7,heavy,3101,0,2.735,
22930.0,heavy,3102,0,1.029,
22933.3,heavy,3103,0,4.994,
22936.7,heavy,3101,1,5.430,
22940.0,heavy,3102,0,1.415,
22943.3,heavy,3103,0,3.432,
22946.7,heavy,3101,1,2.020,
22950.0,heavy,3102,1,1.662,
22953.3,heavy,3103,0,3.957,
22956.7,heavy,3101,0,3.738,
22960.0,heavy,3102,1,1.224,
22963.3,heavy,3103,0,3.857,
22966.7,heavy,3101,0,3.175,
22970.0,heavy,3102,1,1.153,
22973.3,heavy,3103,0,4.683,
22976.7,heavy,3101,0,4.869,
22980.0,heavy,3102,1,1.861,
22983.3,heavy,3103,0,4.633,
22986.7,heavy,3101,0,2.998,
22990.0,heavy,3102,0,1.213,
22993.3,heavy,3103,0,5.414,
22996.7,heavy,3101,1,5.820,
23000.0,heavy,3102,1,1.567,
23000.0,light-3,3102,1,2.051,
23000.0,light-2,3101,1,3.508,
23000.0,light-1,3103,1,4.059,
23000.0,light-5,3101,1,4.110,
23000.0,light-4,3103,1,4.267,
23003.3,heavy,3102,0,0.942,
23006.7,heavy,3103,0,4.081,
23010.0,heavy,3101,1,4.022,
23013.3,heavy,3102,0,1.174,
23016.7,heavy,3103,0,4.001,
23020.0,heavy,3101,1,4.571,
23023.3,heavy,3102,0,1.548,
23026.7,heavy,3103,0,4.141,
23030.0,heavy,3101,1,4.832,
23033.3,heavy,3102,0,1.416,
23036.7,heavy,3103,0,4.840,
23040.0,heavy,3101,1,4.021,
23043.3,heavy,3102,0,1.334,
23046.7,heavy,3103,0,4.199,
23050.0,heavy,3101,1,3.888,
23053.3,heavy,3102,0,1.338,
23056.7,heavy,3103,0,4.455,
23060.0,heavy,3101,1,4.763,
23063.3,heavy,3102,1,1.596,
23066.7,heavy,3103,0,4.886,
23070.0,heavy,3101,0,3.187,
23073.3,heavy,3102,0,1.283,
23076.7,heavy,3103,0,4.498,
23080.0,heavy,3101,0,3.450,
23083.3,heavy,3102,1,1.429,
23086.7,heavy,3103,0,3.980,
23090.0,heavy,3101,1,4.643,
23093.3,heavy,3102,0,2.171,
23096.7,heavy,3103,0,3.778,
23100.0,heavy,3101,1,6.439,
23100.0,light-2,3103,1,1.940,
23100.0,light-4,3102,1,4.246,
23100.0,light-5,3103,1,4.706,
23100.0,light-3,3101,1,4.969,
23100.0,light-1,3102,1,6.085,
23103.3,heavy,3101,0,3.355,
23106.7,heavy,3102,0,1.340,
23110.0,heavy,3103,0,4.143,
23113.3,heavy,3101,1,4.053,
23116.7,heavy,3102,0,0.859,
23120.0,heavy,3103,1,5.399,
23123.3,heavy,3101,0,4.573,
23126.7,heavy,3102,1,1.464,
23130.0,heavy,3103,0,5.264,
23133.3,heavy,3101,0,3.899,
23136.7,heavy,3102,0,1.458,
23140.0,heavy,3103,1,5.282,
23143.3,heavy,3101,0,4.261,
23146.7,heavy,3102,1,1.535,
23150.0,heavy,3103,0,4.354,
23153.3,heavy,3101,0,3.700,
23156.7,heavy,3102,0,1.413,
23160.0,heavy,3103,1,5.108,
23163.3,heavy,3101,0,4.210,
23166.7,heavy,3102,0,1.438,
23170.0,heavy,3103,1,5.827,
23173.3,heavy,3101,0,3.828,
23176.7,heavy,3102,0,1.049,
23180.0,heavy,3103,1,5.643,
23183.3,heavy,3101,0,4.782,
23186.7,heavy,3102,1,1.669,
23190.0,heavy,3103,0,3.985,
23193.3,heavy,3101,0,4.434,
23196.7,heavy,3102,1,2.021,
23200.0,heavy,3103,0,4.243,
23200.0,light-1,3101,1,2.017,
23200.0,light-4,3101,1,2.017,
23200.0,light-2,3102,1,2.219,
23200.0,light-5,3102,1,2.463,
23200.0,light-3,3103,1,3.207,
23203.3,heavy,3103,0,3.618,
23206.7,heavy,3101,0,3.306,
23210.0,heavy,3102,1,1.195,
23213.3,heavy,3103,0,5.248,
23216.7,heavy,3101,0,3.895,
23220.0,heavy,3102,1,1.528,
23223.3,heavy,3103,0,5.369,
23226.7,heavy,3101,0,2.445,
23230.0,heavy,3102,0,1.362,
23233.3,heavy,3103,1,5.336,
23236.7,heavy,3101,0,4.356,
23240.0,heavy,3102,1,1.550,
23243.3,heavy,3103,0,3.328,
23246.7,heavy,3101,0,3.771,
23250.0,heavy,3102,1,1.172,
23253.3,heavy,3103,0,4.970,
23256.7,heavy,3101,0,4.027,
23260.0,heavy,3102,1,1.378,
23263.3,heavy,3103,0,4.202,
23266.7,heavy,3101,0,3.370,
23270.0,heavy,3102,1,1.201,
23273.3,heavy,3103,0,4.175,
23276.7,heavy,3101,0,3.132,
23280.0,heavy,3102,1,1.384,
23283.3,heavy,3103,0,4.003,
23286.7,heavy,3101,0,3.638,
23290.0,heavy,3102,1,1.025,
23293.3,heavy,3103,0,6.404,
23296.7,heavy,3101,0,4.906,
23300.0,heavy,3102,1,1.845,
23300.0,light-3,3102,1,2.279,
23300.0,light-5,3101,1,3.881,
23300.0,light-2,3101,1,7.421,
23300.0,light-1,3103,1,8.469,
23300.0,light-4,3103,1,9.278,
23303.3,heavy,3102,0,1.351,
23306.7,heavy,3103,0,8.862,
23310.0,heavy,3101,1,4.405,
23313.3,heavy,3102,0,0.824,
23316.7,heavy,3103,0,3.580,
23320.0,heavy,3101,1,3.894,
23323.3,heavy,3102,0,0.959,
23326.7,heavy,3103,0,4.786,
23330.0,heavy,3101,1,5.240,
23333.3,heavy,3102,0,1.041,
23336.7,heavy,3103,0,3.390,
23340.0,heavy,3101,1,3.906,
23343.3,heavy,3102,0,0.892,
23346.7,heavy,3103,0,3.919,
23350.0,heavy,3101,1,3.459,
23353.3,heavy,3102,0,1.197,
23356.7,heavy,3103,1,4.482,
23360.0,heavy,3101,0,3.654,
23363.3,heavy,3102,0,1.008,
23366.7,heavy,3103,0,2.321,
23370.0,heavy,3101,0,3.222,
23373.3,heavy,3102,1,1.154,
23376.7,heavy,3103,0,3.454,
23380.0,heavy,3101,1,3.323,
23383.3,heavy,3102,0,0.939,
23386.7,heavy,3103,0,3.574,
23390.0,heavy,3101,0,3.129,
23393.3,heavy,3102,1,1.289,
23396.7,heavy,3103,0,4.022,
23400.0,heavy,3101,1,4.506,
23400.0,light-1,3102,1,1.351,
23400.0,light-2,3103,1,1.444,
23400.0,light-4,3102,1,1.492,
23400.0,light-5,3103,1,1.555,
23400.0,light-3,3101,1,2.760,
23403.3,heavy,3101,0,3.694,
23406.7,heavy,3102,0,1.118,
23410.0,heavy,3103,0,4.499,
23413.3,heavy,3101,1,4.726,
23416.7,heavy,3102,1,1.845,
23420.0,heavy,3103,0,4.504,
23423.3,heavy,3101,0,4.636,
23426.7,heavy,3102,0,1.253,
23430.0,heavy,3103,0,5.744,
23433.3,heavy,3101,1,3.243,
23436.7,heavy,3102,1,1.079,
23440.0,heavy,3103,0,5.426,
23443.3,heavy,3101,0,2.615,
23446.7,heavy,3102,0,0.727,
23450.0,heavy,3103,0,4.783,
23453.3,heavy,3101,1,4.031,
23456.7,heavy,3102,0,0.863,
23460.0,heavy,3103,1,4.396,
23463.3,heavy,3101,0,3.107,
23466.7,heavy,3102,0,0.924,
23470.0,heavy,3103,1,4.215,
23473.3,heavy,3101,0,2.944,
23476.7,heavy,3102,0,1.191,
23480.0,heavy,3103,0,4.308,
23483.3,heavy,3101,1,4.686,
23486.7,heavy,3102,1,1.126,
23490.0,heavy,3103,0,3.077,
23493.3,heavy,3101,0,3.267,
23496.7,heavy,3102,0,0.883,
23500.0,heavy,3103,1,8.248,
23500.0,light-1,3101,1,1.330,
23500.0,light-3,3103,1,2.929,
23500.0,light-2,3102,1,7.330,
23500.0,light-4,3101,1,8.013,
23500.0,light-5,3102,1,8.542,
23503.3,heavy,3103,0,6.870,
23506.7,heavy,3101,0,3.814,
23510.0,heavy,3102,0,1.586,
23513.3,heavy,3103,1,2.213,
23516.7,heavy,3101,0,3.732,
23520.0,heavy,3102,1,1.334,
23523.3,heavy,3103,0,3.645,
23526.7,heavy,3101,0,3.499,
23530.0,heavy,3102,1,1.664,
23533.3,heavy,3103,0,2.402,
23536.7,heavy,3101,0,3.399,
23540.0,heavy,3102,1,1.309,
23543.3,heavy,3103,0,3.631,
23546.7,heavy,3101,0,3.434,
23550.0,heavy,3102,1,0.932,
23553.3,heavy,3103,0,4.456,
23556.7,heavy,3101,0,3.491,
23560.0,heavy,3102,1,2.408,
23563.3,heavy,3103,0,2.157,
23566.7,heavy,3101,0,3.036,
23570.0,heavy,3102,0,1.144,
23573.3,heavy,3103,0,5.071,
23576.7,heavy,3101,1,4.367,
23580.0,heavy,3102,0,0.836,
23583.3,heavy,3103,0,3.710,
23586.7,heavy,3101,1,1.948,
23590.0,heavy,3102,1,1.251,
23593.3,heavy,3103,0,2.117,
23596.7,heavy,3101,0,5.619,
23600.0,heavy,3102,1,1.569,
23600.0,light-2,3101,1,2.927,
23600.0,light-1,3103,1,4.149,
23600.0,light-5,3101,1,4.217,
23600.0,light-4,3103,1,4.391,
23600.0,light-3,3102,1,5.551,
23603.3,heavy,3103,0,5.632,
23606.7,heavy,3101,0,5.331,
23610.0,heavy,3102,1,2.391,
23613.3,heavy,3102,0,2.301,
23616.7,heavy,3103,0,3.876,
23620.0,heavy,3101,1,4.134,
23623.3,heavy,3102,0,1.068,
23626.7,heavy,3103,0,4.191,
23630.0,heavy,3101,1,4.651,
23633.3,heavy,3102,1,1.300,
23636.7,heavy,3103,0,4.408,
23640.0,heavy,3101,0,4.602,
23643.3,heavy,3102,0,1.044,
23646.7,heavy,3103,0,4.507,
23650.0,heavy,3101,0,3.678,
23653.3,heavy,3102,1,1.383,
23656.7,heavy,3103,0,4.195,
23660.0,heavy,3101,1,3.361,
23663.3,heavy,3102,0,1.150,
23666.7,heavy,3103,0,4.281,
23670.0,heavy,3101,1,4.774,
23673.3,heavy,3102,0,1.045,
23676.7,heavy,3103,0,3.464,
23680.0,heavy,3101,1,4.573,
23683.3,heavy,3102,0,1.148,
23686.7,heavy,3103,0,4.156,
23690.0,heavy,3101,1,3.482,
23693.3,heavy,3102,0,0.933,
23696.7,heavy,3103,0,3.165,
23700.0,heavy,3101,1,3.968,
23700.0,light-1,3102,1,1.192,
23700.0,light-2,3103,1,1.303,
23700.0,light-4,3102,1,1.347,
23700.0,light-5,3103,1,1.410,
23700.0,light-3,3101,1,2.383,
23703.3,heavy,3101,0,1.599,
23706.7,heavy,3102,1,1.431,
23710.0,heavy,3103,0,3.109,
23713.3,heavy,3101,0,2.859,
23716.7,heavy,3102,1,1.546,
23720.0,heavy,3103,0,2.007,
23723.3,heavy,3101,0,3.206,
23726.7,heavy,3102,1,1.130,
23730.0,heavy,3103,0,3.502,
23733.3,heavy,3101,0,3.336,
23736.7,heavy,3102,0,0.875,
23740.0,heavy,3103,0,3.493,
23743.3,heavy,3101,1,3.757,
23746.7,heavy,3102,1,1.268,
23750.0,heavy,3103,0,3.780,
23753.3,heavy,3101,0,3.052,
23756.7,heavy,3102,0,0.924,
23760.0,heavy,3103,0,3.676,
23763.3,heavy,3101,1,3.903,
23766.7,heavy,3102,0,1.144,
23770.0,heavy,3103,1,4.709,
23773.3,heavy,3101,0,2.910,
23776.7,heavy,3102,0,0.845,
23780.0,heavy,3103,1,4.643,
23783.3,heavy,3101,0,3.194,
23786.7,heavy,3102,0,1.258,
23790.0,heavy,3103,1,4.025,
23793.3,heavy,3101,0,3.042,
23796.7,heavy,3102,0,1.004,
23800.0,heavy,3103,0,4.256,
23800.0,light-2,3102,1,1.756,
23800.0,light-5,3102,1,1.786,
23800.0,light-1,3101,1,2.213,
23800.0,light-4,3101,1,2.488,
23800.0,light-3,3103,1,2.658,
23803.3,heavy,3101,1,4.710,
23806.7,heavy,3102,1,1.295,
23810.0,heavy,3103,0,4.522,
23813.3,heavy,3103,0,3.450,
23816.7,heavy,3101,0,1.405,
23820.0,heavy,3102,1,1.557,
23823.3,heavy,3103,0,3.780,
23826.7,heavy,3101,0,3.178,
23830.0,heavy,3102,1,0.977,
23833.3,heavy,3103,0,4.208,
23836.7,heavy,3101,0,3.364,
23840.0,heavy,3102,1,1.448,
23843.3,heavy,3103,0,3.971,
23846.7,heavy,3101,0,3.006,
23850.0,heavy,3102,0,1.110,
23853.3,heavy,3103,0,4.187,
23856.7,heavy,3101,1,3.811,
23860.0,heavy,3102,0,0.880,
23863.3,heavy,3103,0,4.234,
23866.7,heavy,3101,1,1.638,
23870.0,heavy,3102,0,0.959,
23873.3,heavy,3103,1,5.086,
23876.7,heavy,3101,0,2.815,
23880.0,heavy,3102,1,1.008,
23883.3,heavy,3103,0,4.011,
23886.7,heavy,3101,1,4.392,
23890.0,heavy,3102,0,1.033,
23893.3,heavy,3103,0,3.558,
23896.7,heavy,3101,0,3.513,
23900.0,heavy,3102,1,1.355,
23900.0,light-2,3101,1,1.405,
23900.0,light-1,3103,1,1.614,
23900.0,light-3,3102,1,1.602,
23900.0,light-5,3101,1,1.582,
23900.0,light-4,3103,1,1.714,
23903.3,heavy,3102,0,1.571,
23906.7,heavy,3103,0,4.079,
23910.0,heavy,3101,1,3.675,
23913.3,heavy,3102,1,1.408,
23916.7,heavy,3103,0,4.213,
23920.0,heavy,3101,0,4.296,
23923.3,heavy,3102,0,0.824,
23926.7,heavy,3103,0,3.459,
23930.0,heavy,3101,0,2.854,
23933.3,heavy,3102,1,1.220,
23936.7,heavy,3103,0,2.040,
23940.0,heavy,3101,1,4.001,
23943.3,heavy,3102,1,1.361,
23946.7,heavy,3103,0,3.915,
23950.0,heavy,3101,0,3.718,
23953.3,heavy,3102,0,1.284,
23956.7,heavy,3103,0,4.736,
23960.0,heavy,3101,0,3.417,
23963.3,heavy,3102,1,2.293,
23966.7,heavy,3103,0,4.587,
23970.0,heavy,3101,1,4.950,
23973.3,heavy,3102,0,1.154,
23976.7,heavy,3103,0,4.211,
23980.0,heavy,3101,0,3.278,
23983.3,heavy,3102,1,1.413,
23986.7,heavy,3103,0,4.370,
23990.0,heavy,3101,1,3.969,
23993.3,heavy,3102,0,1.185,
23996.7,heavy,3103,0,3.843,
24000.0,heavy,3101,1,4.102,
24000.0,light-1,3102,1,1.423,
24000.0,light-2,3103,1,1.593,
24000.0,light-4,3102,1,1.645,
24000.0,light-5,3103,1,1.698,
24000.0,light-3,3101,1,2.414,
24003.3,heavy,3101,0,3.032,
24006.7,heavy,3102,1,1.626,
24010.0,heavy,3103,0,5.256,
24013.3,heavy,3101,0,3.979,
24016.7,heavy,3102,0,1.601,
24020.0,heavy,3103,1,4.303,
24023.3,heavy,3101,0,3.195,
24026.7,heavy,3102,0,1.378,
24030.0,heavy,3103,1,5.378,
24033.3,heavy,3101,0,3.715,
24036.7,heavy,3102,0,1.233,
24040.0,heavy,3103,1,5.388,
24043.3,heavy,3101,0,2.876,
24046.7,heavy,3102,0,0.955,
24050.0,heavy,3103,0,4.274,
24053.3,heavy,3101,1,17.341,
24056.7,heavy,3102,1,1.391,
24060.0,heavy,3103,0,4.350,
24063.3,heavy,3101,0,15.613,
24066.7,heavy,3102,1,2.289,
24070.0,heavy,3103,0,5.072,
24073.3,heavy,3101,0,6.754,
24076.7,heavy,3102,0,1.272,
24080.0,heavy,3103,1,4.221,
24083.3,heavy,3101,0,3.261,
24086.7,heavy,3102,0,1.083,
24090.0,heavy,3103,1,4.283,
24093.3,heavy,3101,0,3.248,
24096.7,heavy,3102,0,0.939,
24100.0,heavy,3103,0,7.914,
24100.0,light-2,3103,1,3.068,
24100.0,light-3,3101,1,5.727,
24100.0,light-4,3102,1,6.359,
24100.0,light-5,3103,1,6.752,
24100.0,light-1,3102,1,8.077,
24103.3,heavy,3101,1,8.427,
24106.7,heavy,3101,1,5.297,
24110.0,heavy,3102,0,2.634,
24113.3,heavy,3103,0,3.552,
24116.7,heavy,3101,0,3.144,
24120.0,heavy,3102,1,1.010,
24123.3,heavy,3103,0,3.897,
24126.7,heavy,3101,0,3.070,
24130.0,heavy,3102,1,1.059,
24133.3,heavy,3103,0,4.042,
24136.7,heavy,3101,0,2.669,
24140.0,heavy,3102,0,1.219,
24143.3,heavy,3103,0,3.831,
24146.7,heavy,3101,1,3.786,
24150.0,heavy,3102,1,1.243,
24153.3,heavy,3103,0,3.612,
24156.7,heavy,3101,0,2.717,
24160.0,heavy,3102,1,1.266,
24163.3,heavy,3103,0,6.036,
24166.7,heavy,3101,0,3.425,
24170.0,heavy,3102,1,1.044,
24173.3,heavy,3103,0,4.034,
24176.7,heavy,3101,0,3.499,
24180.0,heavy,3102,1,1.591,
24183.3,heavy,3103,0,2.226,
24186.7,heavy,3101,0,3.472,
24190.0,heavy,3102,1,1.422,
24193.3,heavy,3103,1,4.675,
24196.7,heavy,3101,0,3.298,
24200.0,heavy,3102,0,1.381,
24200.0,light-2,3101,1,0.883,
24200.0,light-1,3103,1,1.136,
24200.0,light-4,3103,1,1.247,
24200.0,light-3,3102,1,1.607,
24200.0,light-5,3101,1,1.816,
24203.3,heavy,3102,0,1.277,
24206.7,heavy,3103,0,3.717,
24210.0,heavy,3101,0,2.903,
24213.3,heavy,3102,1,1.218,
24216.7,heavy,3103,0,3.613,
24220.0,heavy,3101,1,3.903,
24223.3,heavy,3102,0,1.155,
24226.7,heavy,3103,1,4.755,
24230.0,heavy,3101,0,2.928,
24233.3,heavy,3102,0,1.050,
24236.7,heavy,3103,0,3.955,
24240.0,heavy,3101,1,2.849,
24243.3,heavy,3102,0,1.000,
24246.7,heavy,3103,0,4.136,
24250.0,heavy,3101,1,4.587,
24253.3,heavy,3102,1,1.276,
24256.7,heavy,3103,0,4.684,
24260.0,heavy,3101,0,4.768,
24263.3,heavy,3102,0,1.142,
24266.7,heavy,3103,0,4.282,
24270.0,heavy,3101,0,3.391,
24273.3,heavy,3102,1,1.393,
24276.7,heavy,3103,0,4.014,
24280.0,heavy,3101,1,3.251,
24283.3,heavy,3102,0,1.241,
24286.7,heavy,3103,0,4.031,
24290.0,heavy,3101,1,4.363,
24293.3,heavy,3102,0,0.902,
24296.7,heavy,3103,0,2.361,
24300.0,heavy,3101,0,4.406,
24300.0,light-2,3102,1,1.946,
24300.0,light-5,3102,1,2.157,
24300.0,light-1,3101,1,2.743,
24300.0,light-3,3103,1,2.776,
24300.0,light-4,3101,1,2.793,
24303.3,heavy,3102,1,1.724,
24306.7,heavy,3103,0,4.269,
24310.0,heavy,3103,0,1.916,
24313.3,heavy,3101,1,4.010,
24316.7,heavy,3102,1,1.292,
24320.0,heavy,3103,0,3.837,
24323.3,heavy,3101,0,3.804,
24326.7,heavy,3102,0,0.805,
24330.0,heavy,3103,0,3.857,
24333.3,heavy,3101,0,3.179,
24336.7,heavy,3102,1,1.246,
24340.0,heavy,3103,1,3.773,
24343.3,heavy,3101,0,3.169,
24346.7,heavy,3102,0,1.245,
24350.0,heavy,3103,1,4.376,
24353.3,heavy,3101,0,3.232,
24356.7,heavy,3102,0,1.239,
24360.0,heavy,3103,1,4.069,
24363.3,heavy,3101,0,3.251,
24366.7,heavy,3102,0,1.074,
24370.0,heavy,3103,0,4.272,
24373.3,heavy,3101,1,4.728,
24376.7,heavy,3102,1,1.338,
24380.0,heavy,3103,0,4.872,
24383.3,heavy,3101,0,4.753,
24386.7,heavy,3102,0,1.191,
24390.0,heavy,3103,0,3.936,
24393.3,heavy,3101,1,3.972,
24396.7,heavy,3102,1,1.469,
24400.0,heavy,3103,0,3.343,
24400.0,light-2,3102,1,1.067,
24400.0,light-5,3102,1,1.252,
24400.0,light-1,3101,1,1.659,
24400.0,light-4,3101,1,1.654,
24400.0,light-3,3103,1,1.860,
24403.3,heavy,3103,0,4.385,
24406.7,heavy,3101,0,3.737,
24410.0,heavy,3102,1,1.545,
24413.3,heavy,3103,0,4.082,
24416.7,heavy,3101,0,2.293,
24420.0,heavy,3102,1,1.400,
24423.3,heavy,3103,0,3.787,
24426.7,heavy,3101,0,3.207,
24430.0,heavy,3102,1,1.383,
24433.3,heavy,3103,0,3.870,
24436.7,heavy,3101,0,3.126,
24440.0,heavy,3102,1,1.053,
24443.3,heavy,3103,0,4.161,
24446.7,heavy,3101,0,2.784,
24450.0,heavy,3102,1,1.085,
24453.3,heavy,3103,0,3.793,
24456.7,heavy,3101,0,2.970,
24460.0,heavy,3102,1,1.382,
24463.3,heavy,3103,0,3.328,
24466.7,heavy,3101,0,3.156,
24470.0,heavy,3102,1,1.339,
24473.3,heavy,3103,0,3.838,
24476.7,heavy,3101,0,3.239,
24480.0,heavy,3102,1,0.980,
24483.3,heavy,3103,0,3.612,
24486.7,heavy,3101,0,2.859,
24490.0,heavy,3102,1,1.182,
24493.3,heavy,3103,0,3.418,
24496.7,heavy,3101,0,3.086,
24500.0,heavy,3102,1,1.403,
24500.0,light-3,3102,1,1.486,
24500.0,light-5,3101,1,2.771,
24500.0,light-2,3101,1,5.152,
24500.0,light-1,3103,1,5.401,
24500.0,light-4,3103,1,6.282,
24503.3,heavy,3102,0,1.095,
24506.7,heavy,3103,0,3.035,
24510.0,heavy,3101,0,3.228,
24513.3,heavy,3102,1,1.371,
24516.7,heavy,3103,0,4.014,
24520.0,heavy,3101,0,3.050,
24523.3,heavy,3102,1,1.650,
24526.7,heavy,3103,0,2.444,
24530.0,heavy,3101,1,4.588,
24533.3,heavy,3102,1,1.334,
24536.7,heavy,3103,0,4.818,
24540.0,heavy,3101,0,4.634,
24543.3,heavy,3102,0,0.867,
24546.7,heavy,3103,0,3.715,
24550.0,heavy,3101,0,2.885,
24553.3,heavy,3102,1,1.345,
24556.7,heavy,3103,0,3.400,
24560.0,heavy,3101,1,3.449,
24563.3,heavy,3102,0,0.882,
24566.7,heavy,3103,0,4.656,
24570.0,heavy,3101,1,4.048,
24573.3,heavy,3102,0,0.912,
24576.7,heavy,3103,0,3.202,
24580.0,heavy,3101,1,4.288,
24583.3,heavy,3102,0,1.569,
24586.7,heavy,3103,0,4.718,
24590.0,heavy,3101,1,5.026,
24593.3,heavy,3102,1,1.703,
24596.7,heavy,3103,0,4.764,
24600.0,heavy,3101,0,4.963,
24600.0,light-1,3102,1,1.996,
24600.0,light-4,3102,1,2.223,
24600.0,light-3,3101,1,2.867,
24600.0,light-2,3103,1,3.074,
24600.0,light-5,3103,1,3.103,
24603.3,heavy,3101,0,4.012,
24606.7,heavy,3102,0,0.830,
24610.0,heavy,3103,0,4.044,
24613.3,heavy,3101,0,3.407,
24616.7,heavy,3102,1,1.366,
24620.0,heavy,3103,1,4.770,
24623.3,heavy,3101,0,3.330,
24626.7,heavy,3102,0,1.211,
24630.0,heavy,3103,1,4.376,
24633.3,heavy,3101,0,2.890,
24636.7,heavy,3102,0,1.121,
24640.0,heavy,3103,0,4.199,
24643.3,heavy,3101,1,4.623,
24646.7,heavy,3102,1,1.979,
24650.0,heavy,3103,0,3.969,
24653.3,heavy,3101,0,1.743,
24656.7,heavy,3102,1,1.622,
24660.0,heavy,3103,0,3.889,
24663.3,heavy,3101,0,3.397,
24666.7,heavy,3102,0,0.883,
24670.0,heavy,3103,0,4.333,
24673.3,heavy,3101,1,3.537,
24676.7,heavy,3102,1,1.153,
24680.0,heavy,3103,0,4.098,
24683.3,heavy,3101,0,1.755,
24686.7,heavy,3102,1,1.659,
24690.0,heavy,3103,0,4.888,
24693.3,heavy,3101,0,4.193,
24696.7,heavy,3102,0,1.337,
24700.0,heavy,3103,1,6.770,
24700.0,light-1,3101,1,0.859,
24700.0,light-3,3103,1,2.806,
24700.0,light-4,3101,1,5.746,
24700.0,light-2,3102,1,6.080,
24700.0,light-5,3102,1,7.302,
24703.3,heavy,3103,0,4.325,
24706.7,heavy,3101,0,3.330,
24710.0,heavy,3102,1,0.923,
24713.3,heavy,3103,0,3.952,
24716.7,heavy,3101,0,4.267,
24720.0,heavy,3102,1,1.516,
24723.3,heavy,3103,0,4.041,
24726.7,heavy,3101,0,3.720,
24730.0,heavy,3102,0,0.800,
24733.3,heavy,3103,0,3.382,
24736.7,heavy,3101,1,3.578,
24740.0,heavy,3102,1,1.274,
24743.3,heavy,3103,0,5.790,
24746.7,heavy,3101,1,3.383,
24750.0,heavy,3102,0,1.128,
24753.3,heavy,3103,0,3.569,
24756.7,heavy,3101,0,2.754,
24760.0,heavy,3102,0,1.027,
24763.3,heavy,3103,0,4.159,
24766.7,heavy,3101,1,4.261,
24770.0,heavy,3102,1,1.272,
24773.3,heavy,3103,0,2.736,
24776.7,heavy,3101,0,4.119,
24780.0,heavy,3102,1,1.391,
24783.3,heavy,3103,0,4.451,
24786.7,heavy,3101,0,4.302,
24790.0,heavy,3102,1,0.902,
24793.3,heavy,3103,0,4.847,
24796.7,heavy,3101,0,3.521,
24800.0,heavy,3102,1,1.551,
24800.0,light-2,3102,1,1.834,
24800.0,light-5,3102,1,1.999,
24800.0,light-1,3101,1,2.419,
24800.0,light-4,3101,1,2.424,
24800.0,light-3,3103,1,2.596,
24803.3,heavy,3103,0,4.591,
24806.7,heavy,3103,0,3.474,
24810.0,heavy,3101,1,3.161,
24813.3,heavy,3102,0,0.942,
24816.7,heavy,3103,0,3.672,
24820.0,heavy,3101,1,3.970,
24823.3,heavy,3102,0,0.894,
24826.7,heavy,3103,0,3.304,
24830.0,heavy,3101,1,3.772,
24833.3,heavy,3102,0,1.078,
24836.7,heavy,3103,0,3.613,
24840.0,heavy,3101,1,3.865,
24843.3,heavy,3102,1,1.155,
24846.7,heavy,3103,0,3.898,
24850.0,heavy,3101,0,2.861,
24853.3,heavy,3102,0,0.919,
24856.7,heavy,3103,0,3.332,
24860.0,heavy,3101,0,2.717,
24863.3,heavy,3102,1,1.241,
24866.7,heavy,3103,0,1.876,
24870.0,heavy,3101,1,3.656,
24873.3,heavy,3102,1,1.084,
24876.7,heavy,3103,0,3.007,
24880.0,heavy,3101,0,3.525,
24883.3,heavy,3102,0,0.741,
24886.7,heavy,3103,0,3.429,
24890.0,heavy,3101,0,2.814,
24893.3,heavy,3102,1,1.076,
24896.7,heavy,3103,0,4.154,
24900.0,heavy,3101,1,3.945,
24900.0,light-1,3102,1,1.030,
24900.0,light-2,3103,1,1.101,
24900.0,light-4,3102,1,1.355,
24900.0,light-5,3103,1,1.459,
24900.0,light-3,3101,1,2.419,
24903.3,heavy,3101,0,3.219,
24906.7,heavy,3102,0,1.075,
24910.0,heavy,3103,1,3.933,
24913.3,heavy,3101,0,2.896,
24916.7,heavy,3102,0,0.805,
24920.0,heavy,3103,0,3.360,
24923.3,heavy,3101,0,2.759,
24926.7,heavy,3102,1,1.185,
24930.0,heavy,3103,1,3.616,
24933.3,heavy,3101,0,2.579,
24936.7,heavy,3102,0,0.869,
24940.0,heavy,3103,0,3.470,
24943.3,heavy,3101,1,3.719,
24946.7,heavy,3102,0,0.680,
24950.0,heavy,3103,0,3.297,
24953.3,heavy,3101,0,2.752,
24956.7,heavy,3102,1,1.317,
24960.0,heavy,3103,0,1.800,
24963.3,heavy,3101,1,4.541,
24966.7,heavy,3102,1,1.282,
24970.0,heavy,3103,0,4.900,
24973.3,heavy,3101,0,4.995,
24976.7,heavy,3102,0,0.979,
24980.0,heavy,3103,0,4.616,
24983.3,heavy,3101,1,4.548,
24986.7,heavy,3102,0,0.894,
24990.0,heavy,3103,0,4.018,
24993.3,heavy,3101,1,4.096,
24996.7,heavy,3102,1,2.329,
25000.0,heavy,3103,0,3.877,
25000.0,light-2,3102,1,2.418,
25000.0,light-1,3101,1,2.601,
25000.0,light-5,3102,1,2.947,
25000.0,light-4,3101,1,3.122,
25000.0,light-3,3103,1,3.283,
25003.3,heavy,3103,0,4.198,
25006.7,heavy,3101,0,3.184,
25010.0,heavy,3102,1,1.322,
25013.3,heavy,3103,0,3.419,
25016.7,heavy,3101,0,2.968,
25020.0,heavy,3102,1,1.120,
25023.3,heavy,3103,0,4.791,
25026.7,heavy,3101,0,3.508,
25030.0,heavy,3102,1,1.432,
25033.3,heavy,3103,0,3.213,
25036.7,heavy,3101,0,2.866,
25040.0,heavy,3102,1,1.886,
25043.3,heavy,3103,0,4.282,
25046.7,heavy,3101,0,2.675,
25050.0,heavy,3102,1,1.154,
25053.3,heavy,3103,0,3.363,
25056.7,heavy,3101,0,4.080,
25060.0,heavy,3102,1,1.278,
25063.3,heavy,3103,0,1.941,
25066.7,heavy,3101,0,3.409,
25070.0,heavy,3102,1,1.323,
25073.3,heavy,3103,0,3.727,
25076.7,heavy,3101,0,3.558,
25080.0,heavy,3102,1,0.983,
25083.3,heavy,3103,0,4.390,
25086.7,heavy,3101,0,3.030,
25090.0,heavy,3102,1,1.932,
25093.3,heavy,3103,0,4.204,
25096.7,heavy,3101,0,2.658,
25100.0,heavy,3102,1,1.734,
25100.0,light-1,3102,1,1.536,
25100.0,light-4,3102,1,1.993,
25100.0,light-2,3103,1,2.610,
25100.0,light-3,3101,1,7.068,
25100.0,light-5,3103,1,7.161,
25103.3,heavy,3103,1,5.747,
25106.7,heavy,3101,0,4.237,
25110.0,heavy,3101,0,4.026,
25113.3,heavy,3102,0,1.169,
25116.7,heavy,3103,0,3.745,
25120.0,heavy,3101,0,4.070,
25123.3,heavy,3102,1,1.511,
25126.7,heavy,3103,0,3.440,
25130.0,heavy,3101,1,2.777,
25133.3,heavy,3102,0,0.950,
25136.7,heavy,3103,0,3.843,
25140.0,heavy,3101,1,4.205,
25143.3,heavy,3102,1,1.377,
25146.7,heavy,3103,0,4.247,
25150.0,heavy,3101,0,4.319,
25153.3,heavy,3102,0,1.033,
25156.7,heavy,3103,0,3.782,
25160.0,heavy,3101,0,3.065,
25163.3,heavy,3102,1,1.514,
25166.7,heavy,3103,0,3.583,
25170.0,heavy,3101,1,3.095,
25173.3,heavy,3102,0,0.959,
25176.7,heavy,3103,0,4.018,
25180.0,heavy,3101,1,4.421,
25183.3,heavy,3102,0,0.902,
25186.7,heavy,3103,0,3.860,
25190.0,heavy,3101,1,4.507,
25193.3,heavy,3102,0,1.179,
25196.7,heavy,3103,0,3.795,
25200.0,heavy,3101,1,5.459,
25200.0,light-2,3103,1,1.295,
25200.0,light-5,3103,1,1.570,
25200.0,light-4,3102,1,2.737,
25200.0,light-3,3101,1,3.002,
25200.0,light-1,3102,1,4.712,
25203.3,heavy,3101,0,4.681,
25206.7,heavy,3102,0,1.460,
25210.0,heavy,3103,0,4.324,
25213.3,heavy,3101,1,4.228,
25216.7,heavy,3102,0,1.031,
25220.0,heavy,3103,1,4.914,
25223.3,heavy,3101,0,3.808,
25226.7,heavy,3102,1,1.676,
25230.0,heavy,3103,0,2.960,
25233.3,heavy,3101,0,3.438,
25236.7,heavy,3102,0,0.995,
25240.0,heavy,3103,0,4.772,
25243.3,heavy,3101,1,4.026,
25246.7,heavy,3102,0,0.817,
25250.0,heavy,3103,0,4.476,
25253.3,heavy,3101,1,4.656,
25256.7,heavy,3102,1,1.324,
25260.0,heavy,3103,0,4.641,
25263.3,heavy,3101,0,3.599,
25266.7,heavy,3102,0,0.886,
25270.0,heavy,3103,0,4.254,
25273.3,heavy,3101,0,3.485,
25276.7,heavy,3102,1,1.075,
25280.0,heavy,3103,1,4.075,
25283.3,heavy,3101,0,2.991,
25286.7,heavy,3102,0,0.749,
25290.0,heavy,3103,1,3.547,
25293.3,heavy,3101,0,3.257,
25296.7,heavy,3102,0,0.917,
25300.0,heavy,3103,0,5.218,
25300.0,light-2,3101,1,2.380,
25300.0,light-1,3103,1,2.683,
25300.0,light-5,3101,1,2.639,
25300.0,light-4,3103,1,2.767,
25300.0,light-3,3102,1,4.840,
25303.3,heavy,3101,1,4.657,
25306.7,heavy,3102,1,1.517,
25310.0,heavy,3102,0,2.234,
25313.3,heavy,3103,0,4.285,
25316.7,heavy,3101,0,3.351,
25320.0,heavy,3102,1,1.442,
25323.3,heavy,3103,0,4.025,
25326.7,heavy,3101,0,3.040,
25330.0,heavy,3102,0,1.076,
25333.3,heavy,3103,0,3.773,
25336.7,heavy,3101,1,3.283,
25340.0,heavy,3102,1,1.085,
25343.3,heavy,3103,0,3.815,
25346.7,heavy,3101,0,4.174,
25350.0,heavy,3102,1,1.218,
25353.3,heavy,3103,0,3.910,
25356.7,heavy,3101,0,2.791,
25360.0,heavy,3102,1,1.046,
25363.3,heavy,3103,0,3.784,
25366.7,heavy,3101,0,3.033,
25370.0,heavy,3102,1,1.404,
25373.3,heavy,3103,0,3.469,
25376.7,heavy,3101,0,3.065,
25380.0,heavy,3102,1,1.233,
25383.3,heavy,3103,0,4.411,
25386.7,heavy,3101,0,3.221,
25390.0,heavy,3102,1,1.399,
25393.3,heavy,3103,0,7.494,
25396.7,heavy,3101,0,3.519,
25400.0,heavy,3102,1,1.419,
25400.0,light-3,3102,1,1.841,
25400.0,light-2,3101,1,2.411,
25400.0,light-1,3103,1,2.591,
25400.0,light-5,3101,1,2.580,
25400.0,light-4,3103,1,2.979,
25403.3,heavy,3102,0,1.531,
25406.7,heavy,3103,1,4.452,
25410.0,heavy,3101,0,3.487,
25413.3,heavy,3102,0,0.973,
25416.7,heavy,3103,0,3.085,
25420.0,heavy,3101,1,3.271,
25423.3,heavy,3102,0,1.074,
25426.7,heavy,3103,0,4.329,
25430.0,heavy,3101,1,4.708,
25433.3,heavy,3102,0,0.864,
25436.7,heavy,3103,0,2.992,
25440.0,heavy,3101,1,2.718,
25443.3,heavy,3102,0,24.256,
25446.7,heavy,3103,0,25.061,
25450.0,heavy,3101,1,9.797,
25453.3,heavy,3102,0,11.073,
25456.7,heavy,3103,0,10.114,
25460.0,heavy,3101,1,9.652,
25463.3,heavy,3102,0,11.266,
25466.7,heavy,3103,0,3.840,
25470.0,heavy,3101,1,1.400,
25473.3,heavy,3102,0,1.772,
25476.7,heavy,3103,0,2.390,
25480.0,heavy,3101,0,2.655,
25483.3,heavy,3102,1,1.008,
25486.7,heavy,3103,0,2.939,
25490.0,heavy,3101,0,2.781,
25493.3,heavy,3102,1,1.292,
25496.7,heavy,3103,0,2.363,
25500.0,heavy,3101,1,4.703,
25500.0,light-1,3102,1,1.424,
25500.0,light-4,3102,1,1.586,
25500.0,light-3,3101,1,1.749,
25500.0,light-2,3103,1,2.037,
25500.0,light-5,3103,1,2.200,
25503.3,heavy,3102,1,1.217,
25506.7,heavy,3103,0,4.108,
25510.0,heavy,3101,0,4.572,
25513.3,heavy,3101,0,1.013,
25516.7,heavy,3102,1,1.080,
25520.0,heavy,3103,0,2.884,
25523.3,heavy,3101,0,2.437,
25526.7,heavy,3102,0,0.908,
25530.0,heavy,3103,0,5.599,
25533.3,heavy,3101,1,4.836,
25536.7,heavy,3102,1,1.585,
25540.0,heavy,3103,0,5.379,
25543.3,heavy,3101,0,2.334,
25546.7,heavy,3102,0,1.242,
25550.0,heavy,3103,1,7.183,
25553.3,heavy,3101,0,5.285,
25556.7,heavy,3102,1,2.578,
25560.0,heavy,3103,0,4.802,
25563.3,heavy,3101,0,3.956,
25566.7,heavy,3102,0,1.338,
25570.0,heavy,3103,1,4.948,
25573.3,heavy,3101,0,3.691,
25576.7,heavy,3102,0,1.315,
25580.0,heavy,3103,1,10.590,
25583.3,heavy,3101,0,2.921,
25586.7,heavy,3102,0,1.047,
25590.0,heavy,3103,1,3.835,
25593.3,heavy,3101,0,2.543,
25596.7,heavy,3102,0,0.793,
25600.0,heavy,3103,1,5.559,
25600.0,light-1,3101,1,1.554,
25600.0,light-2,3102,1,2.175,
25600.0,light-4,3101,1,2.239,
25600.0,light-5,3102,1,2.433,
25600.0,light-3,3103,1,2.862,
25603.3,heavy,3103,0,4.231,
25606.7,heavy,3101,0,2.573,
25610.0,heavy,3102,1,1.146,
25613.3,heavy,3103,0,3.871,
25616.7,heavy,3101,1,4.110,
25620.0,heavy,3102,0,1.673,
25623.3,heavy,3103,0,3.920,
25626.7,heavy,3101,0,2.832,
25630.0,heavy,3102,1,1.036,
25633.3,heavy,3103,0,3.373,
25636.7,heavy,3101,0,3.175,
25640.0,heavy,3102,1,1.030,
25643.3,heavy,3103,0,3.715,
25646.7,heavy,3101,0,3.042,
25650.0,heavy,3102,1,1.293,
25653.3,heavy,3103,0,2.821,
25656.7,heavy,3101,0,3.258,
25660.0,heavy,3102,0,1.018,
25663.3,heavy,3103,0,3.974,
25666.7,heavy,3101,1,3.908,
25670.0,heavy,3102,1,1.194,
25673.3,heavy,3103,0,3.967,
25676.7,heavy,3101,0,3.059,
25680.0,heavy,3102,1,1.143,
25683.3,heavy,3103,0,3.817,
25686.7,heavy,3101,0,3.100,
25690.0,heavy,3102,1,1.011,
25693.3,heavy,3103,0,4.700,
25696.7,heavy,3101,0,3.248,
25700.0,heavy,3102,1,1.239,
25700.0,light-3,3102,1,1.484,
25700.0,light-5,3101,1,2.584,
25700.0,light-2,3101,1,5.151,
25700.0,light-1,3103,1,5.549,
25700.0,light-4,3103,1,6.381,
25703.3,heavy,3102,0,1.292,
25706.7,heavy,3103,0,3.584,
25710.0,heavy,3101,1,3.477,
25713.3,heavy,3102,0,1.075,
25716.7,heavy,3103,0,3.496,
25720.0,heavy,3101,0,2.949,
25723.3,heavy,3102,1,1.254,
25726.7,heavy,3103,0,3.246,
25730.0,heavy,3101,0,1.773,
25733.3,heavy,3102,1,1.706,
25736.7,heavy,3103,0,3.793,
25740.0,heavy,3101,0,3.236,
25743.3,heavy,3102,1,1.660,
25746.7,heavy,3103,0,2.608,
25750.0,heavy,3101,1,3.229,
25753.3,heavy,3102,0,0.766,
25756.7,heavy,3103,1,3.959,
25760.0,heavy,3101,0,4.105,
25763.3,heavy,3102,0,0.909,
25766.7,heavy,3103,0,4.117,
25770.0,heavy,3101,0,3.323,
25773.3,heavy,3102,1,1.414,
25776.7,heavy,3103,0,2.465,
25780.0,heavy,3101,1,4.554,
25783.3,heavy,3102,1,1.171,
25786.7,heavy,3103,0,3.723,
25790.0,heavy,3101,0,4.324,
25793.3,heavy,3102,0,1.135,
25796.7,heavy,3103,0,4.156,
25800.0,heavy,3101,0,3.492,
25800.0,light-3,3102,1,1.901,
25800.0,light-2,3101,1,2.489,
25800.0,light-1,3103,1,2.645,
25800.0,light-5,3101,1,2.594,
25800.0,light-4,3103,1,2.749,
25803.3,heavy,3102,1,1.555,
25806.7,heavy,3102,0,1.524,
25810.0,heavy,3103,1,4.524,
25813.3,heavy,3101,0,2.784,
25816.7,heavy,3102,0,0.853,
25820.0,heavy,3103,1,4.016,
25823.3,heavy,3101,0,3.014,
25826.7,heavy,3102,0,0.831,
25830.0,heavy,3103,0,3.643,
25833.3,heavy,3101,0,2.973,
25836.7,heavy,3102,1,1.212,
25840.0,heavy,3103,1,4.038,
25843.3,heavy,3101,0,2.899,
25846.7,heavy,3102,0,1.280,
25850.0,heavy,3103,1,4.092,
25853.3,heavy,3101,0,3.026,
25856.7,heavy,3102,0,0.764,
25860.0,heavy,3103,1,3.554,
25863.3,heavy,3101,0,2.979,
25866.7,heavy,3102,0,0.972,
25870.0,heavy,3103,0,3.817,
25873.3,heavy,3101,1,4.158,
25876.7,heavy,3102,1,1.390,
25880.0,heavy,3103,0,3.934,
25883.3,heavy,3101,0,4.126,
25886.7,heavy,3102,0,0.787,
25890.0,heavy,3103,0,5.891,
25893.3,heavy,3101,1,6.314,
25896.7,heavy,3102,1,1.390,
25900.0,heavy,3103,0,5.674,
25900.0,light-1,3101,1,1.752,
25900.0,light-3,3103,1,1.825,
25900.0,light-2,3102,1,5.740,
25900.0,light-4,3101,1,6.113,
25900.0,light-5,3102,1,6.259,
25903.3,heavy,3103,0,3.246,
25906.7,heavy,3101,0,3.237,
25910.0,heavy,3102,1,1.272,
25913.3,heavy,3103,0,3.617,
25916.7,heavy,3101,0,3.267,
25920.0,heavy,3102,1,1.041,
25923.3,heavy,3103,0,9.241,
25926.7,heavy,3101,1,3.999,
25930.0,heavy,3102,0,1.040,
25933.3,heavy,3103,0,5.509,
25936.7,heavy,3101,0,3.406,
25940.0,heavy,3102,1,1.131,
25943.3,heavy,3103,0,3.216,
25946.7,heavy,3101,0,3.151,
25950.0,heavy,3102,0,1.039,
25953.3,heavy,3103,0,3.731,
25956.7,heavy,3101,1,4.162,
25960.0,heavy,3102,1,1.197,
25963.3,heavy,3103,0,3.611,
25966.7,heavy,3101,0,2.984,
25970.0,heavy,3102,1,1.095,
25973.3,heavy,3103,0,3.485,
25976.7,heavy,3101,0,3.227,
25980.0,heavy,3102,0,1.072,
25983.3,heavy,3103,0,3.921,
25986.7,heavy,3101,1,4.202,
25990.0,heavy,3102,1,1.317,
25993.3,heavy,3103,0,2.912,
25996.7,heavy,3101,0,1.772,
26000.0,heavy,3102,1,1.758,
26000.0,light-2,3102,1,2.021,
26000.0,light-5,3102,1,2.107,
26000.0,light-1,3101,1,2.682,
26000.0,light-3,3103,1,2.759,
26000.0,light-4,3101,1,2.869,
26003.3,heavy,3103,0,4.483,
26006.7,heavy,3101,0,3.926,
26010.0,heavy,3102,1,1.635,
26013.3,heavy,3103,0,4.475,
26016.7,heavy,3103,0,3.601,
26020.0,heavy,3101,1,4.260,
26023.3,heavy,3102,0,0.868,
26026.7,heavy,3103,1,4.562,
26030.0,heavy,3101,0,3.241,
26033.3,heavy,3102,0,1.013,
26036.7,heavy,3103,0,3.440,
26040.0,heavy,3101,1,3.678,
26043.3,heavy,3102,0,1.281,
26046.7,heavy,3103,0,4.582,
26050.0,heavy,3101,1,4.864,
26053.3,heavy,3102,1,1.606,
26056.7,heavy,3103,0,4.908,
26060.0,heavy,3101,0,3.335,
26063.3,heavy,3102,0,1.081,
26066.7,heavy,3103,0,3.577,
26070.0,heavy,3101,0,3.508,
26073.3,heavy,3102,1,1.689,
26076.7,heavy,3103,0,4.363,
26080.0,heavy,3101,1,3.868,
26083.3,heavy,3102,0,1.283,
26086.7,heavy,3103,0,3.571,
26090.0,heavy,3101,1,3.695,
26093.3,heavy,3102,0,0.937,
26096.7,heavy,3103,1,5.376,
26100.0,heavy,3101,0,4.365,
26100.0,light-1,3101,1,2.277,
26100.0,light-3,3103,1,2.642,
26100.0,light-2,3102,1,2.809,
26100.0,light-4,3101,1,2.829,
26100.0,light-5,3102,1,2.932,
26103.3,heavy,3102,1,1.732,
26106.7,heavy,3103,0,5.109,
26110.0,heavy,3103,0,2.840,
26113.3,heavy,3101,0,3.572,
26116.7,heavy,3102,1,1.492,
26120.0,heavy,3103,0,3.864,
26123.3,heavy,3101,0,3.702,
26126.7,heavy,3102,0,0.857,
26130.0,heavy,3103,0,3.555,
26133.3,heavy,3101,1,3.898,
26136.7,heavy,3102,1,1.525,
26140.0,heavy,3103,0,2.151,
26143.3,heavy,3101,0,2.075,
26146.7,heavy,3102,1,1.338,
26150.0,heavy,3103,0,3.704,
26153.3,heavy,3101,0,3.168,
26156.7,heavy,3102,0,0.899,
26160.0,heavy,3103,1,4.348,
26163.3,heavy,3101,0,3.470,
26166.7,heavy,3102,1,1.273,
26170.0,heavy,3103,0,4.150,
26173.3,heavy,3101,0,3.009,
26176.7,heavy,3102,0,0.854,
26180.0,heavy,3103,0,3.907,
26183.3,heavy,3101,0,3.178,
26186.7,heavy,3102,1,1.118,
26190.0,heavy,3103,1,4.136,
26193.3,heavy,3101,0,3.135,
26196.7,heavy,3102,0,1.306,
26200.0,heavy,3103,1,4.526,
26200.0,light-1,3101,1,1.198,
26200.0,light-2,3102,1,1.346,
26200.0,light-5,3102,1,1.393,
26200.0,light-4,3101,1,1.538,
26200.0,light-3,3103,1,2.503,
26203.3,heavy,3103,0,3.744,
26206.7,heavy,3101,0,2.675,
26210.0,heavy,3102,1,0.710,
26213.3,heavy,3103,0,3.705,
26216.7,heavy,3101,0,3.938,
26220.0,heavy,3102,1,0.810,
26223.3,heavy,3103,0,3.631,
26226.7,heavy,3101,0,3.923,
26230.0,heavy,3102,1,1.280,
26233.3,heavy,3103,0,3.480,
26236.7,heavy,3101,0,3.261,
26240.0,heavy,3102,0,1.176,
26243.3,heavy,3103,0,3.995,
26246.7,heavy,3101,1,4.317,
26250.0,heavy,3102,0,1.008,
26253.3,heavy,3103,0,3.796,
26256.7,heavy,3101,1,2.095,
26260.0,heavy,3102,1,1.356,
26263.3,heavy,3103,0,3.847,
26266.7,heavy,3101,0,2.840,
26270.0,heavy,3102,1,1.107,
26273.3,heavy,3103,1,4.492,
26276.7,heavy,3101,0,3.629,
26280.0,heavy,3102,0,1.120,
26283.3,heavy,3103,0,1.825,
26286.7,heavy,3101,0,3.530,
26290.0,heavy,3102,1,1.148,
26293.3,heavy,3103,0,3.779,
26296.7,heavy,3101,0,2.821,
26300.0,heavy,3102,1,1.281,
26300.0,light-2,3101,1,1.312,
26300.0,light-1,3103,1,1.490,
26300.0,light-5,3101,1,1.382,
26300.0,light-3,3102,1,1.546,
26300.0,light-4,3103,1,1.564,
26303.3,heavy,3102,0,1.494,
26306.7,heavy,3103,0,4.168,
26310.0,heavy,3101,1,4.661,
26313.3,heavy,3102,0,1.048,
26316.7,heavy,3103,0,4.252,
26320.0,heavy,3101,0,3.250,
26323.3,heavy,3102,1,1.628,
26326.7,heavy,3103,0,2.633,
26330.0,heavy,3101,1,3.575,
26333.3,heavy,3102,0,1.036,
26336.7,heavy,3103,0,4.044,
26340.0,heavy,3101,1,4.277,
26343.3,heavy,3102,0,1.088,
26346.7,heavy,3103,0,3.968,
26350.0,heavy,3101,0,3.197,
26353.3,heavy,3102,1,1.239,
26356.7,heavy,3103,0,3.706,
26360.0,heavy,3101,1,3.596,
26363.3,heavy,3102,0,0.730,
26366.7,heavy,3103,0,4.249,
26370.0,heavy,3101,0,3.442,
26373.3,heavy,3102,1,1.164,
26376.7,heavy,3103,0,3.525,
26380.0,heavy,3101,1,4.042,
26383.3,heavy,3102,0,1.032,
26386.7,heavy,3103,0,3.470,
26390.0,heavy,3101,1,3.785,
26393.3,heavy,3102,0,0.934,
26396.7,heavy,3103,0,3.171,
26400.0,heavy,3101,1,5.339,
26400.0,light-2,3103,1,1.119,
26400.0,light-4,3102,1,2.995,
26400.0,light-1,3102,1,4.947,
26400.0,light-5,3103,1,5.023,
26400.0,light-3,3101,1,6.178,
26403.3,heavy,3101,0,4.421,
26406.7,heavy,3102,0,1.139,
26410.0,heavy,3103,0,3.710,
26413.3,heavy,3101,1,4.186,
26416.7,heavy,3102,1,1.078,
26420.0,heavy,3103,0,2.854,
26423.3,heavy,3101,0,2.099,
26426.7,heavy,3102,1,1.435,
26430.0,heavy,3103,0,4.049,
26433.3,heavy,3101,0,3.492,
26436.7,heavy,3102,0,0.993,
26440.0,heavy,3103,0,4.392,
26443.3,heavy,3101,1,4.554,
26446.7,heavy,3102,1,1.349,
26450.0,heavy,3103,0,3.179,
26453.3,heavy,3101,0,4.360,
26456.7,heavy,3102,0,1.069,
26460.0,heavy,3103,0,3.671,
26463.3,heavy,3101,1,3.900,
26466.7,heavy,3102,0,1.480,
26470.0,heavy,3103,1,3.873,
26473.3,heavy,3101,0,3.096,
26476.7,heavy,3102,0,0.805,
26480.0,heavy,3103,1,3.838,
26483.3,heavy,3101,0,3.229,
26486.7,heavy,3102,0,1.012,
26490.0,heavy,3103,1,4.064,
26493.3,heavy,3101,0,3.008,
26496.7,heavy,3102,0,1.035,
26500.0,heavy,3103,1,4.963,
26500.0,light-2,3102,1,1.657,
26500.0,light-5,3102,1,1.772,
26500.0,light-1,3101,1,2.143,
26500.0,light-3,3103,1,2.236,
26500.0,light-4,3101,1,2.330,
26503.3,heavy,3101,0,3.501,
26506.7,heavy,3102,1,1.227,
26510.0,heavy,3103,0,4.690,
26513.3,heavy,3103,0,4.050,
26516.7,heavy,3101,0,3.098,
26520.0,heavy,3102,1,1.389,
26523.3,heavy,3103,0,3.363,
26526.7,heavy,3101,0,2.708,
26530.0,heavy,3102,1,0.998,
26533.3,heavy,3103,0,4.068,
26536.7,heavy,3101,0,3.365,
26540.0,heavy,3102,1,1.265,
26543.3,heavy,3103,0,3.827,
26546.7,heavy,3101,0,3.469,
26550.0,heavy,3102,1,1.084,
26553.3,heavy,3103,0,3.945,
26556.7,heavy,3101,1,4.210,
26560.0,heavy,3102,0,1.236,
26563.3,heavy,3103,0,3.198,
26566.7,heavy,3101,0,3.177,
26570.0,heavy,3102,1,0.949,
26573.3,heavy,3103,0,3.697,
26576.7,heavy,3101,0,3.150,
26580.0,heavy,3102,1,0.879,
26583.3,heavy,3103,0,3.976,
26586.7,heavy,3101,0,3.061,
26590.0,heavy,3102,1,1.258,
26593.3,heavy,3103,0,4.227,
26596.7,heavy,3101,0,3.804,
26600.0,heavy,3102,1,1.507,
26600.0,light-2,3101,1,1.779,
26600.0,light-1,3103,1,1.980,
26600.0,light-4,3103,1,1.914,
26600.0,light-5,3101,1,1.971,
26600.0,light-3,3102,1,4.634,
26603.3,heavy,3102,0,2.107,
26606.7,heavy,3103,0,3.525,
26610.0,heavy,3101,1,3.871,
26613.3,heavy,3102,0,2.198,
26616.7,heavy,3103,0,3.836,
26620.0,heavy,3101,1,3.907,
26623.3,heavy,3102,0,1.052,
26626.7,heavy,3103,0,3.665,
26630.0,heavy,3101,0,2.874,
26633.3,heavy,3102,1,1.377,
26636.7,heavy,3103,0,3.397,
26640.0,heavy,3101,1,3.627,
26643.3,heavy,3102,0,0.880,
26646.7,heavy,3103,0,4.615,
26650.0,heavy,3101,1,3.759,
26653.3,heavy,3102,0,0.716,
26656.7,heavy,3103,0,3.580,
26660.0,heavy,3101,1,3.481,
26663.3,heavy,3102,0,1.661,
26666.7,heavy,3103,0,3.114,
26670.0,heavy,3101,1,3.866,
26673.3,heavy,3102,0,0.929,
26676.7,heavy,3103,0,3.347,
26680.0,heavy,3101,1,3.256,
26683.3,heavy,3102,0,0.942,
26686.7,heavy,3103,0,4.600,
26690.0,heavy,3101,1,4.923,
26693.3,heavy,3102,1,1.253,
26696.7,heavy,3103,0,4.932,
26700.0,heavy,3101,0,3.790,
26700.0,light-2,3103,1,1.113,
26700.0,light-3,3101,1,1.267,
26700.0,light-1,3102,1,1.493,
26700.0,light-5,3103,1,1.406,
26700.0,light-4,3102,1,1.602,
26703.3,heavy,3101,0,1.780,
26706.7,heavy,3102,1,1.414,
26710.0,heavy,3103,0,3.789,
26713.3,heavy,3101,0,3.507,
26716.7,heavy,3102,0,0.899,
26720.0,heavy,3103,1,4.320,
26723.3,heavy,3101,0,3.541,
26726.7,heavy,3102,1,1.996,
26730.0,heavy,3103,0,4.099,
26733.3,heavy,3101,0,2.861,
26736.7,heavy,3102,0,0.910,
26740.0,heavy,3103,0,4.063,
26743.3,heavy,3101,1,4.711,
26746.7,heavy,3102,1,1.269,
26750.0,heavy,3103,0,3.016,
26753.3,heavy,3101,0,2.525,
26756.7,heavy,3102,1,1.470,
26760.0,heavy,3103,0,3.634,
26763.3,heavy,3101,0,3.353,
26766.7,heavy,3102,0,1.141,
26770.0,heavy,3103,1,4.576,
26773.3,heavy,3101,0,2.812,
26776.7,heavy,3102,0,0.798,
26780.0,heavy,3103,1,4.495,
26783.3,heavy,3101,0,3.592,
26786.7,heavy,3102,1,1.483,
26790.0,heavy,3103,0,4.276,
26793.3,heavy,3101,0,2.554,
26796.7,heavy,3102,0,0.856,
26800.0,heavy,3103,1,6.930,
26800.0,light-3,3102,1,1.615,
26800.0,light-5,3101,1,3.144,
26800.0,light-2,3101,1,7.835,
26800.0,light-1,3103,1,8.370,
26800.0,light-4,3103,1,8.800,
26803.3,heavy,3101,0,4.104,
26806.7,heavy,3102,1,1.223,
26810.0,heavy,3102,0,1.220,
26813.3,heavy,3103,0,5.615,
26816.7,heavy,3101,0,2.786,
26820.0,heavy,3102,1,1.151,
26823.3,heavy,3103,0,3.263,
26826.7,heavy,3101,0,3.103,
26830.0,heavy,3102,1,1.037,
26833.3,heavy,3103,1,5.078,
26836.7,heavy,3101,0,4.052,
26840.0,heavy,3102,0,1.195,
26843.3,heavy,3103,0,2.699,
26846.7,heavy,3101,0,3.075,
26850.0,heavy,3102,0,0.934,
26853.3,heavy,3103,1,3.628,
26856.7,heavy,3101,0,3.268,
26860.0,heavy,3102,1,1.100,
26863.3,heavy,3103,0,3.757,
26866.7,heavy,3101,0,2.966,
26870.0,heavy,3102,1,1.207,
26873.3,heavy,3103,0,4.107,
26876.7,heavy,3101,0,3.834,
26880.0,heavy,3102,1,1.285,
26883.3,heavy,3103,0,3.308,
26886.7,heavy,3101,0,2.620,
26890.0,heavy,3102,1,1.050,
26893.3,heavy,3103,0,3.867,
26896.7,heavy,3101,0,3.509,
26900.0,heavy,3102,1,1.250,
26900.0,light-3,3102,1,1.449,
26900.0,light-2,3101,1,2.264,
26900.0,light-1,3103,1,2.839,
26900.0,light-5,3101,1,2.840,
26900.0,light-4,3103,1,2.998,
26903.3,heavy,3102,0,0.903,
26906.7,heavy,3103,0,4.270,
26910.0,heavy,3101,0,3.426,
26913.3,heavy,3102,1,1.343,
26916.7,heavy,3103,0,3.853,
26920.0,heavy,3101,1,3.615,
26923.3,heavy,3102,0,1.306,
26926.7,heavy,3103,0,4.024,
26930.0,heavy,3101,1,4.267,
26933.3,heavy,3102,0,1.144,
26936.7,heavy,3103,0,3.799,
26940.0,heavy,3101,1,3.271,
26943.3,heavy,3102,0,1.189,
26946.7,heavy,3103,0,3.688,
26950.0,heavy,3101,1,3.576,
26953.3,heavy,3102,0,1.049,
26956.7,heavy,3103,1,5.071,
26960.0,heavy,3101,0,4.125,
26963.3,heavy,3102,0,1.215,
26966.7,heavy,3103,0,2.772,
26970.0,heavy,3101,1,4.037,
26973.3,heavy,3102,0,1.345,
26976.7,heavy,3103,1,4.788,
26980.0,heavy,3101,0,4.166,
26983.3,heavy,3102,0,1.026,
26986.7,heavy,3103,0,3.222,
26990.0,heavy,3101,1,3.380,
26993.3,heavy,3102,0,1.247,
26996.7,heavy,3103,0,7.019,
27000.0,heavy,3101,1,6.957,
27000.0,light-1,3101,1,2.660,
27000.0,light-3,3103,1,2.725,
27000.0,light-2,3102,1,6.077,
27000.0,light-4,3101,1,7.154,
27000.0,light-5,3102,1,7.576,
27003.3,heavy,3102,1,1.444,
27006.7,heavy,3103,0,6.769,
27010.0,heavy,3103,0,6.074,
27013.3,heavy,3101,0,2.593,
27016.7,heavy,3102,0,1.178,
27020.0,heavy,3103,0,4.110,
27023.3,heavy,3101,1,4.387,
27026.7,heavy,3102,0,1.257,
27030.0,heavy,3103,1,4.270,
27033.3,heavy,3101,0,3.073,
27036.7,heavy,3102,0,0.897,
27040.0,heavy,3103,0,5.392,
27043.3,heavy,3101,0,4.279,
27046.7,heavy,3102,1,2.271,
27050.0,heavy,3103,0,4.757,
27053.3,heavy,3101,0,4.460,
27056.7,heavy,3102,1,1.758,
27060.0,heavy,3103,1,4.039,
27063.3,heavy,3101,0,3.128,
27066.7,heavy,3102,0,1.086,
27070.0,heavy,3103,1,5.296,
27073.3,heavy,3101,0,3.415,
27076.7,heavy,3102,0,1.288,
27080.0,heavy,3103,1,4.637,
27083.3,heavy,3101,0,3.087,
27086.7,heavy,3102,1,2.817,
27090.0,heavy,3103,0,3.541,
27093.3,heavy,3101,0,3.291,
27096.7,heavy,3102,0,0.966,
27100.0,heavy,3103,1,4.958,
27100.0,light-2,3102,1,1.440,
27100.0,light-1,3101,1,1.658,
27100.0,light-5,3102,1,1.596,
27100.0,light-4,3101,1,1.726,
27100.0,light-3,3103,1,2.467,
27103.3,heavy,3103,0,4.166,
27106.7,heavy,3101,0,3.608,
27110.0,heavy,3102,1,0.900,
27113.3,heavy,3103,0,3.527,
27116.7,heavy,3101,0,2.779,
27120.0,heavy,3102,1,0.756,
27123.3,heavy,3103,0,3.086,
27126.7,heavy,3101,0,2.616,
27130.0,heavy,3102,1,1.044,
27133.3,heavy,3103,0,2.903,
27136.7,heavy,3101,1,3.635,
27140.0,heavy,3102,1,1.250,
27143.3,heavy,3103,0,3.824,
27146.7,heavy,3101,0,3.621,
27150.0,heavy,3102,0,0.852,
27153.3,heavy,3103,0,2.888,
27156.7,heavy,3101,0,3.325,
27160.0,heavy,3102,1,1.129,
27163.3,heavy,3103,0,4.003,
27166.7,heavy,3101,0,2.820,
27170.0,heavy,3102,0,0.927,
27173.3,heavy,3103,0,3.752,
27176.7,heavy,3101,1,4.154,
27180.0,heavy,3102,0,0.923,
27183.3,heavy,3103,0,2.941,
27186.7,heavy,3101,1,1.775,
27190.0,heavy,3102,1,1.156,
27193.3,heavy,3103,0,3.031,
27196.7,heavy,3101,0,2.537,
27200.0,heavy,3102,1,1.426,
27200.0,light-3,3102,1,1.697,
27200.0,light-2,3101,1,2.228,
27200.0,light-1,3103,1,2.411,
27200.0,light-5,3101,1,2.362,
27200.0,light-4,3103,1,2.612,
27203.3,heavy,3103,0,4.000,
27206.7,heavy,3101,0,3.398,
27210.0,heavy,3102,1,1.658,
27213.3,heavy,3102,0,0.808,
27216.7,heavy,3103,0,3.383,
27220.0,heavy,3101,0,2.780,
27223.3,heavy,3102,1,1.121,
27226.7,heavy,3103,0,3.224,
27230.0,heavy,3101,1,3.104,
27233.3,heavy,3102,1,1.287,
27236.7,heavy,3103,0,3.170,
27240.0,heavy,3101,0,2.825,
27243.3,heavy,3102,0,0.788,
27246.7,heavy,3103,0,3.594,
27250.0,heavy,3101,0,2.894,
27253.3,heavy,3102,1,1.227,
27256.7,heavy,3103,0,3.353,
27260.0,heavy,3101,1,2.988,
27263.3,heavy,3102,0,0.738,
27266.7,heavy,3103,0,4.234,
27270.0,heavy,3101,0,3.431,
27273.3,heavy,3102,1,1.173,
27276.7,heavy,3103,0,3.431,
27280.0,heavy,3101,1,3.528,
27283.3,heavy,3102,0,0.873,
27286.7,heavy,3103,0,3.353,
27290.0,heavy,3101,1,3.121,
27293.3,heavy,3102,0,0.873,
27296.7,heavy,3103,0,4.062,
27300.0,heavy,3101,0,3.660,
27300.0,light-3,3102,1,1.921,
27300.0,light-2,3101,1,2.473,
27300.0,light-1,3103,1,2.656,
27300.0,light-5,3101,1,2.763,
27300.0,light-4,3103,1,2.978,
27303.3,heavy,3102,1,1.588,
27306.7,heavy,3102,0,1.198,
27310.0,heavy,3103,0,4.335,
27313.3,heavy,3101,1,3.428,
27316.7,heavy,3102,1,1.283,
27320.0,heavy,3103,0,4.145,
27323.3,heavy,3101,0,1.790,
27326.7,heavy,3102,1,1.380,
27330.0,heavy,3103,0,3.774,
27333.3,heavy,3101,0,3.205,
27336.7,heavy,3102,0,0.946,
27340.0,heavy,3103,0,4.613,
27343.3,heavy,3101,1,4.903,
27346.7,heavy,3102,1,2.012,
27350.0,heavy,3103,0,4.626,
27353.3,heavy,3101,0,2.876,
27356.7,heavy,3102,1,1.471,
27360.0,heavy,3103,0,4.184,
27363.3,heavy,3101,0,3.568,
27366.7,heavy,3102,0,0.921,
27370.0,heavy,3103,1,4.488,
27373.3,heavy,3101,0,3.365,
27376.7,heavy,3102,0,1.169,
27380.0,heavy,3103,1,4.998,
27383.3,heavy,3101,0,3.085,
27386.7,heavy,3102,0,1.078,
27390.0,heavy,3103,0,4.364,
27393.3,heavy,3101,0,3.114,
27396.7,heavy,3102,1,1.429,
27400.0,heavy,3103,1,4.100,
27400.0,light-1,3101,1,1.077,
27400.0,light-2,3102,1,1.149,
27400.0,light-4,3101,1,1.209,
27400.0,light-5,3102,1,1.296,
27400.0,light-3,3103,1,2.577,
27403.3,heavy,3103,0,2.568,
27406.7,heavy,3101,0,3.301,
27410.0,heavy,3102,1,1.155,
27413.3,heavy,3103,0,3.542,
27416.7,heavy,3101,0,3.198,
27420.0,heavy,3102,1,1.230,
27423.3,heavy,3103,0,3.742,
27426.7,heavy,3101,0,2.922,
27430.0,heavy,3102,1,0.890,
27433.3,heavy,3103,0,3.962,
27436.7,heavy,3101,0,3.230,
27440.0,heavy,3102,1,1.371,
27443.3,heavy,3103,0,3.680,
27446.7,heavy,3101,0,3.035,
27450.0,heavy,3102,1,0.903,
27453.3,heavy,3103,0,4.237,
27456.7,heavy,3101,1,4.532,
27460.0,heavy,3102,0,1.025,
27463.3,heavy,3103,0,2.900,
27466.7,heavy,3101,0,3.161,
27470.0,heavy,3102,0,0.904,
27473.3,heavy,3103,1,4.263,
27476.7,heavy,3101,1,3.705,
27480.0,heavy,3102,0,1.054,
27483.3,heavy,3103,0,3.277,
27486.7,heavy,3101,0,3.520,
27490.0,heavy,3102,0,1.253,
27493.3,heavy,3103,0,4.716,
27496.7,heavy,3101,1,5.153,
27500.0,heavy,3102,1,1.689,
27500.0,light-2,3102,1,1.740,
27500.0,light-5,3102,1,1.876,
27500.0,light-1,3101,1,2.667,
27500.0,light-4,3101,1,2.898,
27500.0,light-3,3103,1,3.076,
27503.3,heavy,3103,0,4.838,
27506.7,heavy,3103,0,3.960,
27510.0,heavy,3101,1,2.032,
27513.3,heavy,3102,1,1.354,
27516.7,heavy,3103,0,3.629,
27520.0,heavy,3101,0,3.035,
27523.3,heavy,3102,0,1.113,
27526.7,heavy,3103,0,3.615,
27530.0,heavy,3101,0,2.898,
27533.3,heavy,3102,1,1.382,
27536.7,heavy,3103,0,3.358,
27540.0,heavy,3101,1,3.220,
27543.3,heavy,3102,0,1.005,
27546.7,heavy,3103,0,4.325,
27550.0,heavy,3101,1,4.710,
27553.3,heavy,3102,0,0.734,
27556.7,heavy,3103,0,3.474,
27560.0,heavy,3101,1,5.152,
27563.3,heavy,3102,0,0.927,
27566.7,heavy,3103,0,3.228,
27570.0,heavy,3101,1,3.728,
27573.3,heavy,3102,0,0.862,
27576.7,heavy,3103,0,4.084,
27580.0,heavy,3101,0,3.429,
27583.3,heavy,3102,1,1.401,
27586.7,heavy,3103,0,3.014,
27590.0,heavy,3101,1,3.498,
27593.3,heavy,3102,0,0.883,
27596.7,heavy,3103,1,7.046,
27600.0,heavy,3101,0,4.500,
27600.0,light-2,3103,1,2.108,
27600.0,light-4,3102,1,2.526,
27600.0,light-1,3102,1,4.902,
27600.0,light-3,3101,1,6.113,
27600.0,light-5,3103,1,7.990,
27603.3,heavy,3101,0,4.828,
27606.7,heavy,3102,0,0.892,
27610.0,heavy,3103,0,4.543,
27613.3,heavy,3101,1,3.708,
27616.7,heavy,3102,0,0.818,
27620.0,heavy,3103,0,4.111,
27623.3,heavy,3101,1,4.427,
27626.7,heavy,3102,1,1.674,
27630.0,heavy,3103,0,2.527,
27633.3,heavy,3101,0,1.613,
27636.7,heavy,3102,1,1.462,
27640.0,heavy,3103,0,3.614,
27643.3,heavy,3101,0,3.334,
27646.7,heavy,3102,0,0.918,
27650.0,heavy,3103,1,4.036,
27653.3,heavy,3101,0,3.275,
27656.7,heavy,3102,1,1.036,
27660.0,heavy,3103,0,3.895,
27663.3,heavy,3101,0,2.929,
27666.7,heavy,3102,0,1.034,
27670.0,heavy,3103,0,4.070,
27673.3,heavy,3101,0,3.076,
27676.7,heavy,3102,1,1.141,
27680.0,heavy,3103,1,4.987,
27683.3,heavy,3101,0,3.136,
27686.7,heavy,3102,0,1.165,
27690.0,heavy,3103,1,4.293,
27693.3,heavy,3101,0,2.669,
27696.7,heavy,3102,0,0.812,
27700.0,heavy,3103,0,5.508,
27700.0,light-2,3101,1,2.303,
27700.0,light-1,3103,1,2.553,
27700.0,light-5,3101,1,2.561,
27700.0,light-4,3103,1,2.681,
27700.0,light-3,3102,1,4.955,
27703.3,heavy,3101,0,4.458,
27706.7,heavy,3102,1,1.172,
27710.0,heavy,3102,1,1.692,
27713.3,heavy,3103,0,3.511,
27716.7,heavy,3101,0,2.730,
27720.0,heavy,3102,1,1.225,
27723.3,heavy,3103,0,3.177,
27726.7,heavy,3101,0,3.207,
27730.0,heavy,3102,1,0.837,
27733.3,heavy,3103,0,3.791,
27736.7,heavy,3101,0,3.078,
27740.0,heavy,3102,1,1.357,
27743.3,heavy,3103,0,3.115,
27746.7,heavy,3101,0,3.267,
27750.0,heavy,3102,0,0.749,
27753.3,heavy,3103,1,4.113,
27756.7,heavy,3101,0,3.099,
27760.0,heavy,3102,0,1.091,
27763.3,heavy,3103,1,2.361,
27766.7,heavy,3101,0,3.058,
27770.0,heavy,3102,1,1.930,
27773.3,heavy,3103,0,1.968,
27776.7,heavy,3101,0,4.140,
27780.0,heavy,3102,1,1.347,
27783.3,heavy,3103,0,4.122,
27786.7,heavy,3101,0,3.960,
27790.0,heavy,3102,1,1.204,
27793.3,heavy,3103,0,4.662,
27796.7,heavy,3101,0,4.202,
27800.0,heavy,3102,1,1.560,
27800.0,light-2,3102,1,1.775,
27800.0,light-5,3102,1,1.921,
27800.0,light-1,3101,1,2.543,
27800.0,light-4,3101,1,2.901,
27800.0,light-3,3103,1,3.066,
27803.3,heavy,3103,0,4.353,
27806.7,heavy,3103,0,4.554,
27810.0,heavy,3101,1,4.119,
27813.3,heavy,3102,0,0.756,
27816.7,heavy,3103,1,5.186,
27820.0,heavy,3101,0,3.881,
27823.3,heavy,3102,0,0.995,
27826.7,heavy,3103,0,4.617,
27830.0,heavy,3101,1,5.423,
27833.3,heavy,3102,0,2.160,
27836.7,heavy,3103,0,4.561,
27840.0,heavy,3101,1,4.784,
27843.3,heavy,3102,0,0.923,
27846.7,heavy,3103,0,3.266,
27850.0,heavy,3101,1,3.701,
27853.3,heavy,3102,0,0.907,
27856.7,heavy,3103,0,4.268,
27860.0,heavy,3101,0,3.479,
27863.3,heavy,3102,1,1.268,
27866.7,heavy,3103,0,3.607,
27870.0,heavy,3101,1,4.459,
27873.3,heavy,3102,0,1.173,
27876.7,heavy,3103,0,5.601,
27880.0,heavy,3101,1,5.947,
27883.3,heavy,3102,0,1.104,
27886.7,heavy,3103,1,6.007,
27890.0,heavy,3101,0,4.058,
27893.3,heavy,3102,0,1.033,
27896.7,heavy,3103,1,6.676,
27900.0,heavy,3101,1,25.190,
27900.0,light-3,3102,1,1.118,
27900.0,light-4,3103,1,5.956,
27900.0,light-5,3101,1,23.158,
27900.0,light-1,3103,1,24.458,
27900.0,light-2,3101,1,26.366,
27903.3,heavy,3102,0,1.060,
27906.7,heavy,3102,1,1.604,
27910.0,heavy,3103,0,4.469,
27913.3,heavy,3101,0,14.233,
27916.7,heavy,3102,0,1.242,
27920.0,heavy,3103,0,3.391,
27923.3,heavy,3101,0,4.149,
27926.7,heavy,3102,0,1.220,
27930.0,heavy,3103,1,4.138,
27933.3,heavy,3101,0,3.069,
27936.7,heavy,3102,0,1.163,
27940.0,heavy,3103,0,3.987,
27943.3,heavy,3101,1,4.144,
27946.7,heavy,3102,0,0.745,
27950.0,heavy,3103,0,4.123,
27953.3,heavy,3101,1,4.573,
27956.7,heavy,3102,1,1.479,
27960.0,heavy,3103,0,4.238,
27963.3,heavy,3101,0,1.805,
27966.7,heavy,3102,1,2.721,
27970.0,heavy,3103,0,3.247,
27973.3,heavy,3101,0,2.705,
27976.7,heavy,3102,0,2.156,
27980.0,heavy,3103,1,4.680,
27983.3,heavy,3101,0,3.799,
27986.7,heavy,3102,1,1.279,
27990.0,heavy,3103,0,4.463,
27993.3,heavy,3101,0,2.823,
27996.7,heavy,3102,0,1.037,
28000.0,heavy,3103,0,4.814,
28000.0,light-3,3102,1,2.002,
28000.0,light-2,3101,1,2.938,
28000.0,light-1,3103,1,3.581,
28000.0,light-5,3101,1,3.398,
28000.0,light-4,3103,1,3.612,
28003.3,heavy,3101,0,4.304,
28006.7,heavy,3102,1,1.655,
28010.0,heavy,3102,1,1.062,
28013.3,heavy,3103,0,3.861,
28016.7,heavy,3101,0,3.403,
28020.0,heavy,3102,1,1.340,
28023.3,heavy,3103,0,3.287,
28026.7,heavy,3101,0,4.427,
28030.0,heavy,3102,1,1.172,
28033.3,heavy,3103,0,3.462,
28036.7,heavy,3101,0,4.189,
28040.0,heavy,3102,1,0.831,
28043.3,heavy,3103,0,4.229,
28046.7,heavy,3101,0,3.231,
28050.0,heavy,3102,1,1.428,
28053.3,heavy,3103,0,3.960,
28056.7,heavy,3101,0,3.142,
28060.0,heavy,3102,1,1.243,
28063.3,heavy,3103,0,6.356,
28066.7,heavy,3101,1,4.702,
28070.0,heavy,3102,0,1.274,
28073.3,heavy,3103,0,4.649,
28076.7,heavy,3101,1,4.023,
28080.0,heavy,3102,0,1.038,
28083.3,heavy,3103,0,3.689,
28086.7,heavy,3101,0,3.346,
28090.0,heavy,3102,1,1.219,
28093.3,heavy,3103,0,4.690,
28096.7,heavy,3101,0,4.323,
28100.0,heavy,3102,1,2.224,
28100.0,light-3,3102,1,2.248,
28100.0,light-2,3101,1,2.978,
28100.0,light-1,3103,1,3.243,
28100.0,light-5,3101,1,3.328,
28100.0,light-4,3103,1,3.596,
28103.3,heavy,3102,0,0.864,
28106.7,heavy,3103,0,3.713,
28110.0,heavy,3101,0,3.110,
28113.3,heavy,3102,1,1.267,
28116.7,heavy,3103,0,2.198,
28120.0,heavy,3101,1,4.655,
28123.3,heavy,3102,1,1.141,
28126.7,heavy,3103,0,3.623,
28130.0,heavy,3101,0,4.459,
28133.3,heavy,3102,0,1.247,
28136.7,heavy,3103,0,2.877,
28140.0,heavy,3101,0,3.502,
28143.3,heavy,3102,1,1.394,
28146.7,heavy,3103,0,3.675,
28150.0,heavy,3101,1,3.242,
28153.3,heavy,3102,0,0.846,
28156.7,heavy,3103,1,3.997,
28160.0,heavy,3101,0,3.182,
28163.3,heavy,3102,0,0.990,
28166.7,heavy,3103,0,3.582,
28170.0,heavy,3101,1,3.288,
28173.3,heavy,3102,0,0.991,
28176.7,heavy,3103,0,3.583,
28180.0,heavy,3101,1,3.728,
28183.3,heavy,3102,0,0.989,
28186.7,heavy,3103,0,3.545,
28190.0,heavy,3101,1,3.576,
28193.3,heavy,3102,0,0.843,
28196.7,heavy,3103,0,4.149,
28200.0,heavy,3101,1,4.025,
28200.0,light-1,3102,1,1.906,
28200.0,light-4,3102,1,2.069,
28200.0,light-2,3103,1,2.752,
28200.0,light-3,3101,1,2.853,
28200.0,light-5,3103,1,2.900,
28203.3,heavy,3102,1,1.823,
28206.7,heavy,3103,0,4.015,
28210.0,heavy,3101,0,4.084,
28213.3,heavy,3101,0,2.729,
28216.7,heavy,3102,1,1.424,
28220.0,heavy,3103,0,3.418,
28223.3,heavy,3101,0,2.952,
28226.7,heavy,3102,0,0.861,
28230.0,heavy,3103,0,4.285,
28233.3,heavy,3101,1,4.820,
28236.7,heavy,3102,1,1.416,
28240.0,heavy,3103,0,4.565,
28243.3,heavy,3101,0,1.771,
28246.7,heavy,3102,0,1.363,
28250.0,heavy,3103,0,4.269,
28253.3,heavy,3101,0,3.501,
28256.7,heavy,3102,1,1.379,
28260.0,heavy,3103,1,4.961,
28263.3,heavy,3101,0,3.212,
28266.7,heavy,3102,0,0.916,
28270.0,heavy,3103,1,4.259,
28273.3,heavy,3101,0,2.542,
28276.7,heavy,3102,0,0.917,
28280.0,heavy,3103,0,3.784,
28283.3,heavy,3101,0,2.997,
28286.7,heavy,3102,1,1.136,
28290.0,heavy,3103,1,4.363,
28293.3,heavy,3101,0,2.542,
28296.7,heavy,3102,0,0.960,
28300.0,heavy,3103,0,4.341,
28300.0,light-1,3102,1,1.462,
28300.0,light-4,3102,1,1.633,
28300.0,light-3,3101,1,2.282,
28300.0,light-2,3103,1,2.573,
28300.0,light-5,3103,1,2.762,
28303.3,heavy,3101,1,3.892,
28306.7,heavy,3101,0,2.489,
28310.0,heavy,3102,1,1.439,
28313.3,heavy,3103,0,3.129,
28316.7,heavy,3101,0,2.744,
28320.0,heavy,3102,1,0.760,
28323.3,heavy,3103,0,3.993,
28326.7,heavy,3101,0,3.287,
28330.0,heavy,3102,1,1.199,
28333.3,heavy,3103,0,3.726,
28336.7,heavy,3101,0,2.151,
28340.0,heavy,3102,0,1.188,
28343.3,heavy,3103,0,3.733,
28346.7,heavy,3101,1,3.945,
28350.0,heavy,3102,1,1.237,
28353.3,heavy,3103,0,2.522,
28356.7,heavy,3101,0,3.926,
28360.0,heavy,3102,1,1.445,
28363.3,heavy,3103,0,4.323,
28366.7,heavy,3101,0,4.049,
28370.0,heavy,3102,1,0.831,
28373.3,heavy,3103,0,3.876,
28376.7,heavy,3101,0,3.153,
28380.0,heavy,3102,1,1.392,
28383.3,heavy,3103,0,3.539,
28386.7,heavy,3101,0,2.591,
28390.0,heavy,3102,1,1.156,
28393.3,heavy,3103,0,4.933,
28396.7,heavy,3101,0,3.582,
28400.0,heavy,3102,1,1.612,
28400.0,light-3,3102,1,1.667,
28400.0,light-2,3101,1,1.972,
28400.0,light-5,3101,1,1.977,
28400.0,light-1,3103,1,2.305,
28400.0,light-4,3103,1,2.665,
28403.3,heavy,3102,0,1.010,
28406.7,heavy,3103,0,3.953,
28410.0,heavy,3101,0,3.151,
28413.3,heavy,3102,1,1.277,
28416.7,heavy,3103,0,3.390,
28420.0,heavy,3101,1,3.901,
28423.3,heavy,3102,0,0.894,
28426.7,heavy,3103,0,4.087,
28430.0,heavy,3101,1,4.381,
28433.3,heavy,3102,0,0.758,
28436.7,heavy,3103,0,3.602,
28440.0,heavy,3101,0,2.986,
28443.3,heavy,3102,1,1.186,
28446.7,heavy,3103,0,2.088,
28450.0,heavy,3101,1,3.943,
28453.3,heavy,3102,1,1.273,
28456.7,heavy,3103,0,3.928,
28460.0,heavy,3101,0,3.766,
28463.3,heavy,3102,0,1.351,
28466.7,heavy,3103,0,3.904,
28470.0,heavy,3101,0,3.219,
28473.3,heavy,3102,1,1.163,
28476.7,heavy,3103,0,3.768,
28480.0,heavy,3101,1,3.261,
28483.3,heavy,3102,0,0.649,
28486.7,heavy,3103,0,3.145,
28490.0,heavy,3101,1,3.367,
28493.3,heavy,3102,0,1.163,
28496.7,heavy,3103,0,2.988,
28500.0,heavy,3101,1,3.528,
28500.0,light-1,3102,1,1.302,
28500.0,light-2,3103,1,1.435,
28500.0,light-4,3102,1,1.475,
28500.0,light-5,3103,1,1.528,
28500.0,light-3,3101,1,2.219,
28503.3,heavy,3101,0,3.085,
28506.7,heavy,3102,0,0.867,
28510.0,heavy,3103,0,3.858,
28513.3,heavy,3101,1,4.217,
28516.7,heavy,3102,1,1.383,
28520.0,heavy,3103,0,3.989,
28523.3,heavy,3101,0,4.184,
28526.7,heavy,3102,0,1.067,
28530.0,heavy,3103,0,3.858,
28533.3,heavy,3101,1,3.894,
28536.7,heavy,3102,1,1.675,
28540.0,heavy,3103,0,2.217,
28543.3,heavy,3101,0,4.012,
28546.7,heavy,3102,0,0.965,
28550.0,heavy,3103,0,3.587,
28553.3,heavy,3101,1,3.827,
28556.7,heavy,3102,0,1.074,
28560.0,heavy,3103,1,3.552,
28563.3,heavy,3101,0,2.652,
28566.7,heavy,3102,1,1.296,
28570.0,heavy,3103,0,3.355,
28573.3,heavy,3101,0,4.433,
28576.7,heavy,3102,0,1.097,
28580.0,heavy,3103,1,4.710,
28583.3,heavy,3101,0,3.412,
28586.7,heavy,3102,0,1.458,
28590.0,heavy,3103,0,6.473,
28593.3,heavy,3101,1,6.574,
28596.7,heavy,3102,1,1.597,
28600.0,heavy,3103,0,6.263,
28600.0,light-1,3101,1,2.653,
28600.0,light-3,3103,1,2.743,
28600.0,light-2,3102,1,5.488,
28600.0,light-4,3101,1,8.080,
28600.0,light-5,3102,1,8.561,
28603.3,heavy,3103,0,5.347,
28606.7,heavy,3101,0,3.887,
28610.0,heavy,3102,1,0.843,
28613.3,heavy,3103,0,3.405,
28616.7,heavy,3101,0,2.760,
28620.0,heavy,3102,0,0.786,
28623.3,heavy,3103,0,5.464,
28626.7,heavy,3101,1,4.028,
28630.0,heavy,3102,1,1.225,
28633.3,heavy,3103,0,5.300,
28636.7,heavy,3101,0,1.721,
28640.0,heavy,3102,1,1.439,
28643.3,heavy,3103,0,3.753,
28646.7,heavy,3101,1,4.173,
28650.0,heavy,3102,0,0.817,
28653.3,heavy,3103,0,3.441,
28656.7,heavy,3101,0,3.152,
28660.0,heavy,3102,0,0.952,
28663.3,heavy,3103,1,4.835,
28666.7,heavy,3101,0,2.819,
28670.0,heavy,3102,1,0.921,
28673.3,heavy,3103,0,3.810,
28676.7,heavy,3101,1,4.156,
28680.0,heavy,3102,0,0.867,
28683.3,heavy,3103,0,3.228,
28686.7,heavy,3101,0,3.130,
28690.0,heavy,3102,0,0.907,
28693.3,heavy,3103,1,4.221,
28696.7,heavy,3101,0,2.348,
28700.0,heavy,3102,1,1.099,
28700.0,light-1,3103,1,1.178,
28700.0,light-2,3101,1,1.261,
28700.0,light-3,3102,1,1.356,
28700.0,light-5,3101,1,1.656,
28700.0,light-4,3103,1,1.821,
28703.3,heavy,3102,1,1.444,
28706.7,heavy,3103,0,3.452,
28710.0,heavy,3101,0,2.935,
28713.3,heavy,3102,0,0.929,
28716.7,heavy,3103,0,3.524,
28720.0,heavy,3101,0,2.912,
28723.3,heavy,3102,1,1.179,
28726.7,heavy,3103,0,2.099,
28730.0,heavy,3101,1,3.935,
28733.3,heavy,3102,1,1.139,
28736.7,heavy,3103,0,3.149,
28740.0,heavy,3101,0,3.649,
28743.3,heavy,3102,0,1.657,
28746.7,heavy,3103,0,3.976,
28750.0,heavy,3101,0,4.320,
28753.3,heavy,3102,1,1.388,
28756.7,heavy,3103,0,4.049,
28760.0,heavy,3101,1,3.022,
28763.3,heavy,3102,0,0.656,
28766.7,heavy,3103,0,3.378,
28770.0,heavy,3101,1,3.556,
28773.3,heavy,3102,0,0.702,
28776.7,heavy,3103,0,3.838,
28780.0,heavy,3101,0,3.039,
28783.3,heavy,3102,1,1.216,
28786.7,heavy,3103,0,3.555,
28790.0,heavy,3101,1,3.536,
28793.3,heavy,3102,0,1.032,
28796.7,heavy,3103,0,4.869,
28800.0,heavy,3101,0,3.997,
28800.0,light-2,3101,1,2.152,
28800.0,light-1,3103,1,2.374,
28800.0,light-5,3101,1,2.358,
28800.0,light-4,3103,1,2.495,
28800.0,light-3,3102,1,4.513,
28803.3,heavy,3102,1,1.221,
28806.7,heavy,3102,0,0.807,
28810.0,heavy,3103,0,3.568,
28813.3,heavy,3101,1,3.566,
28816.7,heavy,3102,1,1.122,
28820.0,heavy,3103,0,2.247,
28823.3,heavy,3101,0,3.550,
28826.7,heavy,3102,1,1.432,
28830.0,heavy,3103,0,3.791,
28833.3,heavy,3101,0,3.619,
28836.7,heavy,3102,0,0.626,
28840.0,heavy,3103,0,3.774,
28843.3,heavy,3101,1,3.634,
28846.7,heavy,3102,1,1.118,
28850.0,heavy,3103,0,2.733,
28853.3,heavy,3101,0,2.712,
28856.7,heavy,3102,1,1.421,
28860.0,heavy,3103,0,3.576,
28863.3,heavy,3101,0,3.063,
28866.7,heavy,3102,0,0.827,
28870.0,heavy,3103,0,3.537,
28873.3,heavy,3101,1,4.125,
28876.7,heavy,3102,1,1.135,
28880.0,heavy,3103,0,3.824,
28883.3,heavy,3101,0,1.563,
28886.7,heavy,3102,1,1.611,
28890.0,heavy,3103,0,3.465,
28893.3,heavy,3101,0,3.563,
28896.7,heavy,3102,0,0.903,
28900.0,heavy,3103,1,4.352,
28900.0,light-1,3101,1,0.955,
28900.0,light-2,3102,1,1.325,
28900.0,light-4,3101,1,1.417,
28900.0,light-5,3102,1,1.570,
28900.0,light-3,3103,1,2.050,
28903.3,heavy,3103,0,2.028,
28906.7,heavy,3101,0,3.035,
28910.0,heavy,3102,1,1.183,
28913.3,heavy,3103,0,3.680,
28916.7,heavy,3101,0,3.111,
28920.0,heavy,3102,1,1.213,
28923.3,heavy,3103,0,3.380,
28926.7,heavy,3101,0,2.737,
28930.0,heavy,3102,0,1.010,
28933.3,heavy,3103,0,4.017,
28936.7,heavy,3101,1,3.565,
28940.0,heavy,3102,1,1.271,
28943.3,heavy,3103,0,2.529,
28946.7,heavy,3101,0,3.261,
28950.0,heavy,3102,1,1.097,
28953.3,heavy,3103,0,3.390,
28956.7,heavy,3101,0,3.219,
28960.0,heavy,3102,1,0.837,
28963.3,heavy,3103,0,4.395,
28966.7,heavy,3101,0,3.743,
28970.0,heavy,3102,1,1.460,
28973.3,heavy,3103,0,4.208,
28976.7,heavy,3101,0,3.118,
28980.0,heavy,3102,1,1.155,
28983.3,heavy,3103,1,4.274,
28986.7,heavy,3101,0,2.946,
28990.0,heavy,3102,0,0.772,
28993.3,heavy,3103,0,4.369,
28996.7,heavy,3101,0,3.499,
29000.0,heavy,3102,1,1.349,
29000.0,light-2,3102,1,1.512,
29000.0,light-5,3102,1,2.049,
29000.0,light-1,3101,1,2.374,
29000.0,light-4,3101,1,2.740,
29000.0,light-3,3103,1,2.914,
29003.3,heavy,3103,0,4.182,
29006.7,heavy,3103,0,5.077,
29010.0,heavy,3101,1,3.856,
29013.3,heavy,3102,0,1.169,
29016.7,heavy,3103,0,3.654,
29020.0,heavy,3101,1,4.176,
29023.3,heavy,3102,0,0.769,
29026.7,heavy,3103,0,3.810,
29030.0,heavy,3101,0,3.368,
29033.3,heavy,3102,1,1.323,
29036.7,heavy,3103,0,2.235,
29040.0,heavy,3101,1,3.453,
29043.3,heavy,3102,1,1.114,
29046.7,heavy,3103,0,3.680,
29050.0,heavy,3101,0,3.786,
29053.3,heavy,3102,0,0.737,
29056.7,heavy,3103,0,3.568,
29060.0,heavy,3101,0,3.130,
29063.3,heavy,3102,1,1.227,
29066.7,heavy,3103,0,3.340,
29070.0,heavy,3101,1,3.787,
29073.3,heavy,3102,0,0.993,
29076.7,heavy,3103,0,5.516,
29080.0,heavy,3101,1,4.658,
29083.3,heavy,3102,0,0.876,
29086.7,heavy,3103,0,3.823,
29090.0,heavy,3101,1,4.505,
29093.3,heavy,3102,0,0.976,
29096.7,heavy,3103,0,3.488,
29100.0,heavy,3101,1,6.126,
29100.0,light-2,3103,1,1.559,
29100.0,light-4,3102,1,3.170,
29100.0,light-1,3102,1,5.565,
29100.0,light-5,3103,1,5.745,
29100.0,light-3,3101,1,7.391,
29103.3,heavy,3101,0,4.992,
29106.7,heavy,3102,0,0.776,
29110.0,heavy,3103,0,4.478,
29113.3,heavy,3101,1,3.430,
29116.7,heavy,3102,0,0.891,
29120.0,heavy,3103,0,3.612,
29123.3,heavy,3101,1,3.600,
29126.7,heavy,3102,1,1.315,
29130.0,heavy,3103,0,3.233,
29133.3,heavy,3101,0,3.611,
29136.7,heavy,3102,1,2.007,
29140.0,heavy,3103,0,3.666,
29143.3,heavy,3101,0,3.480,
29146.7,heavy,3102,0,1.806,
29150.0,heavy,3103,0,3.439,
29153.3,heavy,3101,1,3.825,
29156.7,heavy,3102,1,1.131,
29160.0,heavy,3103,0,3.585,
29163.3,heavy,3101,0,1.725,
29166.7,heavy,3102,1,1.356,
29170.0,heavy,3103,0,3.536,
29173.3,heavy,3101,0,3.038,
29176.7,heavy,3102,0,1.336,
29180.0,heavy,3103,1,4.456,
29183.3,heavy,3101,0,2.815,
29186.7,heavy,3102,0,0.858,
29190.0,heavy,3103,1,4.558,
29193.3,heavy,3101,0,2.882,
29196.7,heavy,3102,0,1.306,
29200.0,heavy,3103,1,4.163,
29200.0,light-1,3101,1,1.255,
29200.0,light-2,3102,1,1.439,
29200.0,light-5,3102,1,1.504,
29200.0,light-4,3101,1,1.647,
29200.0,light-3,3103,1,2.559,
29203.3,heavy,3103,0,1.662,
29206.7,heavy,3101,0,2.847,
29210.0,heavy,3102,1,1.030,
29213.3,heavy,3103,0,3.653,
29216.7,heavy,3101,0,2.944,
29220.0,heavy,3102,1,1.270,
29223.3,heavy,3103,0,3.432,
29226.7,heavy,3101,0,2.546,
29230.0,heavy,3102,1,1.371,
29233.3,heavy,3103,0,3.209,
29236.7,heavy,3101,1,3.280,
29240.0,heavy,3102,0,0.807,
29243.3,heavy,3103,0,3.672,
29246.7,heavy,3101,0,2.795,
29250.0,heavy,3102,1,1.091,
29253.3,heavy,3103,0,3.470,
29256.7,heavy,3101,0,2.666,
29260.0,heavy,3102,0,0.820,
29263.3,heavy,3103,0,3.762,
29266.7,heavy,3101,1,3.351,
29270.0,heavy,3102,1,1.145,
29273.3,heavy,3103,0,4.006,
29276.7,heavy,3101,0,2.872,
29280.0,heavy,3102,1,0.857,
29283.3,heavy,3103,0,3.869,
29286.7,heavy,3101,1,3.416,
29290.0,heavy,3102,0,0.848,
29293.3,heavy,3103,0,6.511,
29296.7,heavy,3101,0,4.522,
29300.0,heavy,3102,1,1.392,
29300.0,light-3,3102,1,1.735,
29300.0,light-5,3101,1,3.531,
29300.0,light-2,3101,1,7.507,
29300.0,light-1,3103,1,7.658,
29300.0,light-4,3103,1,8.162,
29303.3,heavy,3102,0,1.203,
29306.7,heavy,3103,1,5.352,
29310.0,heavy,3101,0,2.931,
29313.3,heavy,3102,0,1.257,
29316.7,heavy,3103,0,2.638,
29320.0,heavy,3101,1,4.299,
29323.3,heavy,3102,1,1.193,
29326.7,heavy,3103,0,3.337,
29330.0,heavy,3101,0,4.116,
29333.3,heavy,3102,0,1.307,
29336.7,heavy,3103,0,3.440,
29340.0,heavy,3101,0,3.009,
29343.3,heavy,3102,1,1.154,
29346.7,heavy,3103,0,2.874,
29350.0,heavy,3101,1,3.186,
29353.3,heavy,3102,1,1.392,
29356.7,heavy,3103,0,3.531,
29360.0,heavy,3101,0,2.968,
29363.3,heavy,3102,0,0.844,
29366.7,heavy,3103,0,3.371,
29370.0,heavy,3101,0,2.933,
29373.3,heavy,3102,1,1.167,
29376.7,heavy,3103,0,1.965,
29380.0,heavy,3101,1,4.156,
29383.3,heavy,3102,1,1.069,
29386.7,heavy,3103,0,2.883,
29390.0,heavy,3101,0,3.447,
29393.3,heavy,3102,0,0.899,
29396.7,heavy,3103,0,2.879,
29400.0,heavy,3101,1,4.466,
29400.0,light-1,3102,1,1.030,
29400.0,light-4,3102,1,1.164,
29400.0,light-2,3103,1,1.351,
29400.0,light-5,3103,1,1.748,
29400.0,light-3,3101,1,2.768,
29403.3,heavy,3101,0,2.678,
29406.7,heavy,3102,0,1.117,
29410.0,heavy,3103,0,3.496,
29413.3,heavy,3101,1,3.887,
29416.7,heavy,3102,0,1.034,
29420.0,heavy,3103,0,3.614,
29423.3,heavy,3101,1,3.573,
29426.7,heavy,3102,1,1.250,
29430.0,heavy,3103,0,2.964,
29433.3,heavy,3101,0,3.249,
29436.7,heavy,3102,1,1.198,
29440.0,heavy,3103,0,3.599,
29443.3,heavy,3101,0,3.421,
29446.7,heavy,3102,0,0.933,
29450.0,heavy,3103,0,4.173,
29453.3,heavy,3101,1,4.194,
29456.7,heavy,3102,1,2.504,
29460.0,heavy,3103,0,4.225,
29463.3,heavy,3101,0,3.021,
29466.7,heavy,3102,1,1.231,
29470.0,heavy,3103,0,3.090,
29473.3,heavy,3101,0,2.644,
29476.7,heavy,3102,0,0.777,
29480.0,heavy,3103,0,3.595,
29483.3,heavy,3101,1,3.617,
29486.7,heavy,3102,1,1.126,
29490.0,heavy,3103,0,3.603,
29493.3,heavy,3101,0,2.581,
29496.7,heavy,3102,1,1.431,
29500.0,heavy,3103,0,4.173,
29500.0,light-3,3102,1,1.469,
29500.0,light-1,3103,1,2.559,
29500.0,light-4,3103,1,2.872,
29500.0,light-2,3101,1,3.073,
29500.0,light-5,3101,1,3.067,
29503.3,heavy,3101,0,4.800,
29506.7,heavy,3102,0,1.265,
29510.0,heavy,3102,0,1.272,
29513.3,heavy,3103,1,4.137,
29516.7,heavy,3101,0,3.493,
29520.0,heavy,3102,1,1.281,
29523.3,heavy,3103,0,3.969,
29526.7,heavy,3101,0,2.405,
29530.0,heavy,3102,0,0.801,
29533.3,heavy,3103,0,3.306,
29536.7,heavy,3101,1,3.572,
29540.0,heavy,3102,0,0.800,
29543.3,heavy,3103,0,2.905,
29546.7,heavy,3101,1,1.559,
29550.0,heavy,3102,1,1.154,
29553.3,heavy,3103,0,3.117,
29556.7,heavy,3101,0,2.679,
29560.0,heavy,3102,1,1.238,
29563.3,heavy,3103,0,3.720,
29566.7,heavy,3101,0,3.482,
29570.0,heavy,3102,1,2.444,
29573.3,heavy,3103,0,2.774,
29576.7,heavy,3101,0,3.446,
29580.0,heavy,3102,1,1.138,
29583.3,heavy,3103,0,4.321,
29586.7,heavy,3101,0,3.849,
29590.0,heavy,3102,1,0.939,
29593.3,heavy,3103,0,3.440,
29596.7,heavy,3101,0,3.000,
29600.0,heavy,3102,1,1.163,
29600.0,light-3,3102,1,1.500,
29600.0,light-2,3101,1,1.826,
29600.0,light-1,3103,1,2.037,
29600.0,light-5,3101,1,2.051,
29600.0,light-4,3103,1,2.187,
29603.3,heavy,3102,0,0.555,
29606.7,heavy,3103,0,3.515,
29610.0,heavy,3101,0,2.804,
29613.3,heavy,3102,1,1.024,
29616.7,heavy,3103,0,3.399,
29620.0,heavy,3101,1,3.263,
29623.3,heavy,3102,0,1.042,
29626.7,heavy,3103,0,4.481,
29630.0,heavy,3101,0,3.622,
29633.3,heavy,3102,1,1.849,
29636.7,heavy,3103,0,3.491,
29640.0,heavy,3101,1,3.565,
29643.3,heavy,3102,0,1.278,
29646.7,heavy,3103,0,3.475,
29650.0,heavy,3101,1,3.230,
29653.3,heavy,3102,0,0.921,
29656.7,heavy,3103,0,3.748,
29660.0,heavy,3101,0,3.029,
29663.3,heavy,3102,1,1.147,
29666.7,heavy,3103,0,3.399,
29670.0,heavy,3101,1,3.334,
29673.3,heavy,3102,0,0.814,
29676.7,heavy,3103,0,3.322,
29680.0,heavy,3101,1,3.310,
29683.3,heavy,3102,0,0.991,
29686.7,heavy,3103,0,3.490,
29690.0,heavy,3101,0,2.868,
29693.3,heavy,3102,1,1.233,
29696.7,heavy,3103,0,2.734,
29700.0,heavy,3101,1,3.737,
29700.0,light-1,3102,1,1.040,
29700.0,light-2,3103,1,1.168,
29700.0,light-5,3103,1,1.250,
29700.0,light-4,3102,1,1.771,
29700.0,light-3,3101,1,1.941,
29703.3,heavy,3101,0,3.272,
29706.7,heavy,3102,0,1.021,
29710.0,heavy,3103,1,3.997,
29713.3,heavy,3101,0,2.948,
29716.7,heavy,3102,0,0.981,
29720.0,heavy,3103,0,3.430,
29723.3,heavy,3101,1,3.690,
29726.7,heavy,3102,0,0.929,
29730.0,heavy,3103,1,4.048,
29733.3,heavy,3101,0,2.905,
29736.7,heavy,3102,0,0.941,
29740.0,heavy,3103,1,4.404,
29743.3,heavy,3101,0,2.919,
29746.7,heavy,3102,0,1.173,
29750.0,heavy,3103,1,3.966,
29753.3,heavy,3101,0,2.977,
29756.7,heavy,3102,0,1.101,
29760.0,heavy,3103,0,4.591,
29763.3,heavy,3101,1,3.868,
29766.7,heavy,3102,1,1.336,
29770.0,heavy,3103,0,4.475,
29773.3,heavy,3101,0,4.335,
29776.7,heavy,3102,0,1.093,
29780.0,heavy,3103,0,3.541,
29783.3,heavy,3101,0,3.184,
29786.7,heavy,3102,1,1.432,
29790.0,heavy,3103,0,1.849,
29793.3,heavy,3101,1,4.789,
29796.7,heavy,3102,1,1.422,
29800.0,heavy,3103,0,4.767,
29800.0,light-1,3102,1,1.584,
29800.0,light-4,3102,1,1.730,
29800.0,light-3,3101,1,2.487,
29800.0,light-2,3103,1,3.091,
29800.0,light-5,3103,1,3.161,
29803.3,heavy,3101,0,4.595,
29806.7,heavy,3101,0,3.280,
29810.0,heavy,3102,1,1.119,
29813.3,heavy,3103,0,5.467,
29816.7,heavy,3101,0,3.197,
29820.0,heavy,3102,1,1.144,
29823.3,heavy,3103,0,5.796,
29826.7,heavy,3101,0,2.726,
29830.0,heavy,3102,1,0.685,
29833.3,heavy,3103,0,2.610,
29836.7,heavy,3101,0,2.580,
29840.0,heavy,3102,1,0.974,
29843.3,heavy,3103,0,3.708,
29846.7,heavy,3101,0,2.932,
29850.0,heavy,3102,1,1.175,
29853.3,heavy,3103,0,3.222,
29856.7,heavy,3101,0,2.623,
29860.0,heavy,3102,1,1.065,
29863.3,heavy,3103,0,3.283,
29866.7,heavy,3101,0,2.656,
29870.0,heavy,3102,0,0.906,
29873.3,heavy,3103,0,3.783,
29876.7,heavy,3101,1,3.909,
29880.0,heavy,3102,1,1.281,
29883.3,heavy,3103,0,2.388,
29886.7,heavy,3101,0,2.977,
29890.0,heavy,3102,1,1.207,
29893.3,heavy,3103,0,3.811,
29896.7,heavy,3101,0,3.641,
29900.0,heavy,3102,1,1.209,
29900.0,light-2,3101,1,1.130,
29900.0,light-1,3103,1,1.273,
29900.0,light-4,3103,1,1.252,
29900.0,light-5,3101,1,1.314,
29900.0,light-3,3102,1,3.587,
29903.3,heavy,3102,0,1.028,
29906.7,heavy,3103,0,3.291,
29910.0,heavy,3101,0,2.765,
29913.3,heavy,3102,1,1.136,
29916.7,heavy,3103,0,3.627,
29920.0,heavy,3101,0,3.063,
29923.3,heavy,3102,1,1.320,
29926.7,heavy,3103,0,3.376,
29930.0,heavy,3101,0,1.858,
29933.3,heavy,3102,1,1.609,
29936.7,heavy,3103,0,4.148,
29940.0,heavy,3101,0,3.525,
29943.3,heavy,3102,1,1.593,
29946.7,heavy,3103,0,3.608,
29950.0,heavy,3101,1,3.823,
29953.3,heavy,3102,0,1.049,
29956.7,heavy,3103,1,4.688,
29960.0,heavy,3101,0,2.906,
29963.3,heavy,3102,0,0.761,
29966.7,heavy,3103,0,3.927,
29970.0,heavy,3101,1,4.081,
29973.3,heavy,3102,0,1.003,
29976.7,heavy,3103,1,5.179,
29980.0,heavy,3101,0,4.148,
29983.3,heavy,3102,1,1.924,
29986.7,heavy,3103,0,4.721,
29990.0,heavy,3101,0,4.062,
29993.3,heavy,3102,0,0.989,
29996.7,heavy,3103,0,4.276,
30000.0,heavy,3101,1,4.205,
