tMs,key,port,allowed,latencyMs,error
0.0,light-2,3103,1,3.063,
0.0,light-4,3102,1,3.834,
0.0,light-1,3102,1,6.969,
0.0,heavy,3101,1,7.856,
0.0,light-5,3103,1,9.216,
0.0,light-3,3101,1,9.663,
3.3,heavy,3101,1,4.481,
6.7,heavy,3102,1,1.061,
10.0,heavy,3103,1,4.350,
13.3,heavy,3101,1,1.551,
16.7,heavy,3102,1,1.722,
20.0,heavy,3103,1,1.789,
23.3,heavy,3101,1,1.917,
26.7,heavy,3102,1,2.086,
30.0,heavy,3103,1,2.193,
33.3,heavy,3101,1,1.819,
36.7,heavy,3102,1,1.873,
40.0,heavy,3103,1,1.966,
43.3,heavy,3101,1,2.133,
46.7,heavy,3102,1,2.232,
50.0,heavy,3103,1,1.762,
53.3,heavy,3101,1,3.002,
56.7,heavy,3102,1,2.568,
60.0,heavy,3103,1,1.808,
63.3,heavy,3101,1,3.804,
66.7,heavy,3102,1,1.810,
70.0,heavy,3103,1,1.463,
73.3,heavy,3101,1,1.664,
76.7,heavy,3102,1,1.780,
80.0,heavy,3103,1,2.981,
83.3,heavy,3101,1,2.055,
86.7,heavy,3102,1,1.733,
90.0,heavy,3103,1,3.652,
93.3,heavy,3101,1,1.530,
96.7,heavy,3102,1,1.190,
100.0,heavy,3103,1,1.881,
100.0,light-5,3101,1,3.583,
100.0,light-2,3101,1,6.599,
100.0,light-3,3102,1,6.940,
100.0,light-1,3103,1,7.271,
100.0,light-4,3103,1,8.337,
103.3,heavy,3101,1,2.251,
106.7,heavy,3102,1,2.377,
110.0,heavy,3102,1,3.297,
113.3,heavy,3103,1,5.290,
116.7,heavy,3101,1,2.009,
120.0,heavy,3102,1,1.733,
123.3,heavy,3103,1,1.667,
126.7,heavy,3101,1,1.642,
130.0,heavy,3102,1,1.660,
133.3,heavy,3103,1,1.762,
136.7,heavy,3101,1,2.043,
140.0,heavy,3102,1,1.858,
143.3,heavy,3103,1,1.947,
146.7,heavy,3101,1,1.380,
150.0,heavy,3102,1,2.068,
153.3,heavy,3103,1,1.902,
156.7,heavy,3101,1,0.933,
160.0,heavy,3102,1,2.006,
163.3,heavy,3103,1,2.007,
166.7,heavy,3101,1,2.423,
170.0,heavy,3102,1,2.001,
173.3,heavy,3103,1,1.514,
176.7,heavy,3101,1,1.448,
180.0,heavy,3102,1,1.796,
183.3,heavy,3103,1,2.539,
186.7,heavy,3101,1,1.407,
190.0,heavy,3102,1,2.081,
193.3,heavy,3103,1,2.506,
196.7,heavy,3101,1,2.649,
200.0,light-2,3101,1,2.844,
200.0,light-1,3103,1,3.056,
200.0,light-3,3102,1,3.159,
200.0,light-4,3103,1,3.283,
200.0,light-5,3101,1,3.379,
200.0,heavy,3102,1,2.787,
203.3,heavy,3102,1,2.115,
206.7,heavy,3103,1,1.735,
210.0,heavy,3101,1,1.857,
213.3,heavy,3102,1,1.987,
216.7,heavy,3103,1,2.102,
220.0,heavy,3101,1,1.633,
223.3,heavy,3102,1,2.186,
226.7,heavy,3103,1,2.365,
230.0,heavy,3101,1,2.482,
233.3,heavy,3102,1,1.396,
236.7,heavy,3103,1,1.663,
240.0,heavy,3101,1,1.765,
243.3,heavy,3102,1,2.145,
246.7,heavy,3103,1,2.226,
250.0,heavy,3101,1,1.011,
253.3,heavy,3102,1,1.823,
256.7,heavy,3103,1,1.980,
260.0,heavy,3101,1,2.067,
263.3,heavy,3102,1,2.157,
266.7,heavy,3103,1,1.785,
270.0,heavy,3101,1,2.368,
273.3,heavy,3102,1,1.720,
276.7,heavy,3103,1,1.900,
280.0,heavy,3101,1,3.362,
283.3,heavy,3102,1,1.530,
286.7,heavy,3103,1,2.909,
290.0,heavy,3101,1,2.309,
293.3,heavy,3102,1,1.634,
296.7,heavy,3103,1,1.303,
300.0,light-1,3102,1,2.707,
300.0,light-2,3103,1,3.085,
300.0,light-4,3102,1,3.187,
300.0,light-3,3101,1,3.458,
300.0,light-5,3103,1,3.527,
300.0,heavy,3101,1,2.071,
303.3,heavy,3102,1,2.369,
306.7,heavy,3103,1,2.595,
310.0,heavy,3101,1,2.931,
313.3,heavy,3101,1,2.217,
316.7,heavy,3102,1,1.642,
320.0,heavy,3103,1,1.501,
323.3,heavy,3101,1,1.576,
326.7,heavy,3102,1,1.766,
330.0,heavy,3103,1,1.985,
333.3,heavy,3101,1,2.025,
336.7,heavy,3102,1,2.148,
340.0,heavy,3103,1,2.437,
343.3,heavy,3101,1,1.295,
346.7,heavy,3102,1,1.739,
350.0,heavy,3103,1,1.798,
353.3,heavy,3101,1,1.904,
356.7,heavy,3102,1,1.976,
360.0,heavy,3103,1,1.784,
363.3,heavy,3101,1,2.820,
366.7,heavy,3102,1,1.684,
370.0,heavy,3103,1,1.985,
373.3,heavy,3101,1,3.170,
376.7,heavy,3102,1,1.156,
380.0,heavy,3103,1,1.602,
383.3,heavy,3101,1,2.149,
386.7,heavy,3102,1,1.923,
390.0,heavy,3103,1,2.291,
393.3,heavy,3101,1,3.288,
396.7,heavy,3102,1,1.797,
400.0,heavy,3103,1,1.941,
400.0,light-1,3102,1,2.009,
400.0,light-2,3103,1,2.123,
400.0,light-4,3102,1,2.750,
400.0,light-5,3103,1,2.794,
400.0,light-3,3101,1,3.239,
403.3,heavy,3101,1,3.288,
406.7,heavy,3101,1,1.399,
410.0,heavy,3102,1,1.756,
413.3,heavy,3103,1,1.678,
416.7,heavy,3101,1,1.741,
420.0,heavy,3102,1,1.370,
423.3,heavy,3103,1,1.528,
426.7,heavy,3101,1,1.558,
430.0,heavy,3102,1,1.731,
433.3,heavy,3103,1,1.939,
436.7,heavy,3101,1,1.540,
440.0,heavy,3102,1,1.514,
443.3,heavy,3103,1,1.528,
446.7,heavy,3101,1,1.649,
450.0,heavy,3102,1,1.774,
453.3,heavy,3103,1,1.999,
456.7,heavy,3101,1,2.770,
460.0,heavy,3102,1,1.831,
463.3,heavy,3103,1,1.994,
466.7,heavy,3101,1,2.494,
470.0,heavy,3102,1,1.936,
473.3,heavy,3103,1,2.796,
476.7,heavy,3101,1,2.457,
480.0,heavy,3102,0,1.836,
483.3,heavy,3103,1,3.644,
486.7,heavy,3101,1,2.906,
490.0,heavy,3102,0,1.275,
493.3,heavy,3103,1,2.509,
496.7,heavy,3101,0,3.619,
500.0,heavy,3102,0,1.622,
500.0,light-1,3103,1,1.634,
500.0,light-2,3101,1,1.921,
500.0,light-4,3103,1,2.034,
500.0,light-3,3102,1,2.320,
500.0,light-5,3101,1,2.375,
503.3,heavy,3102,1,1.930,
506.7,heavy,3103,1,2.551,
510.0,heavy,3101,1,6.019,
513.3,heavy,3102,0,1.682,
516.7,heavy,3103,1,2.755,
520.0,heavy,3101,0,4.433,
523.3,heavy,3102,1,1.554,
526.7,heavy,3103,1,5.393,
530.0,heavy,3101,0,4.795,
533.3,heavy,3102,1,1.689,
536.7,heavy,3103,0,5.176,
540.0,heavy,3101,0,4.800,
543.3,heavy,3102,0,2.300,
546.7,heavy,3103,0,2.593,
550.0,heavy,3101,0,4.840,
553.3,heavy,3102,1,1.479,
556.7,heavy,3103,0,5.151,
560.0,heavy,3101,1,5.338,
563.3,heavy,3102,0,2.910,
566.7,heavy,3103,0,5.231,
570.0,heavy,3101,0,5.115,
573.3,heavy,3102,1,1.118,
576.7,heavy,3103,0,4.491,
580.0,heavy,3101,0,5.123,
583.3,heavy,3102,1,1.619,
586.7,heavy,3103,0,4.830,
590.0,heavy,3101,1,5.597,
593.3,heavy,3102,0,1.465,
596.7,heavy,3103,0,6.061,
600.0,heavy,3101,1,7.861,
600.0,light-1,3102,1,1.644,
600.0,light-4,3102,1,1.715,
600.0,light-2,3103,1,1.961,
600.0,light-5,3103,1,2.246,
600.0,light-3,3101,1,2.859,
603.3,heavy,3101,0,7.224,
606.7,heavy,3102,0,1.177,
610.0,heavy,3103,0,4.055,
613.3,heavy,3101,1,5.438,
616.7,heavy,3102,0,1.295,
620.0,heavy,3103,0,4.390,
623.3,heavy,3101,1,5.394,
626.7,heavy,3102,0,1.275,
630.0,heavy,3103,1,5.476,
633.3,heavy,3101,0,4.227,
636.7,heavy,3102,0,1.212,
640.0,heavy,3103,0,4.724,
643.3,heavy,3101,1,5.909,
646.7,heavy,3102,0,1.766,
650.0,heavy,3103,0,6.413,
653.3,heavy,3101,0,4.443,
656.7,heavy,3102,1,1.498,
660.0,heavy,3103,1,5.475,
663.3,heavy,3101,0,5.353,
666.7,heavy,3102,0,1.265,
670.0,heavy,3103,0,4.531,
673.3,heavy,3101,1,4.834,
676.7,heavy,3102,0,1.924,
680.0,heavy,3103,0,3.529,
683.3,heavy,3101,1,5.039,
686.7,heavy,3102,0,1.081,
690.0,heavy,3103,1,8.011,
693.3,heavy,3101,0,6.861,
696.7,heavy,3102,1,1.645,
700.0,light-1,3101,1,2.963,
700.0,light-3,3103,1,3.471,
700.0,light-2,3102,1,7.219,
700.0,light-4,3101,1,8.341,
700.0,light-5,3102,1,8.469,
700.0,heavy,3103,0,7.782,
703.3,heavy,3103,0,4.862,
706.7,heavy,3101,0,5.282,
710.0,heavy,3102,0,1.764,
713.3,heavy,3103,1,4.489,
716.7,heavy,3101,0,4.414,
720.0,heavy,3102,0,1.246,
723.3,heavy,3103,0,4.726,
726.7,heavy,3101,1,5.445,
730.0,heavy,3102,1,1.640,
733.3,heavy,3103,0,3.455,
736.7,heavy,3101,0,2.897,
740.0,heavy,3102,1,1.569,
743.3,heavy,3103,0,4.023,
746.7,heavy,3101,0,4.584,
750.0,heavy,3102,0,1.137,
753.3,heavy,3103,1,5.766,
756.7,heavy,3101,0,4.681,
760.0,heavy,3102,1,1.740,
763.3,heavy,3103,0,3.803,
766.7,heavy,3101,0,3.587,
770.0,heavy,3102,0,1.426,
773.3,heavy,3103,0,5.272,
776.7,heavy,3101,1,6.145,
780.0,heavy,3102,0,1.834,
783.3,heavy,3103,1,5.202,
786.7,heavy,3101,0,4.204,
790.0,heavy,3102,0,1.335,
793.3,heavy,3103,1,5.198,
796.7,heavy,3101,0,5.363,
800.0,light-1,3101,1,1.594,
800.0,light-2,3102,1,1.744,
800.0,light-4,3101,1,1.814,
800.0,light-5,3102,1,2.422,
800.0,light-3,3103,1,2.798,
800.0,heavy,3102,1,1.590,
803.3,heavy,3103,0,4.296,
806.7,heavy,3103,0,2.520,
810.0,heavy,3101,0,4.104,
813.3,heavy,3102,1,1.392,
816.7,heavy,3103,0,4.575,
820.0,heavy,3101,0,4.345,
823.3,heavy,3102,1,1.839,
826.7,heavy,3103,0,4.255,
830.0,heavy,3101,1,5.535,
833.3,heavy,3102,0,1.563,
836.7,heavy,3103,0,4.032,
840.0,heavy,3101,0,3.798,
843.3,heavy,3102,1,1.092,
846.7,heavy,3103,0,4.284,
850.0,heavy,3101,0,4.628,
853.3,heavy,3102,1,1.451,
856.7,heavy,3103,0,4.191,
860.0,heavy,3101,1,5.326,
863.3,heavy,3102,0,1.396,
866.7,heavy,3103,0,3.962,
870.0,heavy,3101,1,4.679,
873.3,heavy,3102,0,1.291,
876.7,heavy,3103,0,4.068,
880.0,heavy,3101,0,3.689,
883.3,heavy,3102,1,1.384,
886.7,heavy,3103,0,4.377,
890.0,heavy,3101,1,5.236,
893.3,heavy,3102,0,1.114,
896.7,heavy,3103,0,3.784,
900.0,light-1,3102,1,1.625,
900.0,light-2,3103,1,1.855,
900.0,light-4,3102,1,1.910,
900.0,light-5,3103,1,1.980,
900.0,light-3,3101,1,2.810,
900.0,heavy,3101,0,4.316,
903.3,heavy,3101,1,5.156,
906.7,heavy,3102,0,1.331,
910.0,heavy,3103,0,4.373,
913.3,heavy,3101,1,5.660,
916.7,heavy,3102,0,1.615,
920.0,heavy,3103,0,3.991,
923.3,heavy,3101,1,6.191,
926.7,heavy,3102,0,1.485,
930.0,heavy,3103,0,5.101,
933.3,heavy,3101,1,6.271,
936.7,heavy,3102,0,1.408,
940.0,heavy,3103,1,5.059,
943.3,heavy,3101,0,4.572,
946.7,heavy,3102,0,1.193,
950.0,heavy,3103,1,5.949,
953.3,heavy,3101,0,4.714,
956.7,heavy,3102,1,1.532,
960.0,heavy,3103,0,5.745,
963.3,heavy,3101,0,3.789,
966.7,heavy,3102,0,1.354,
970.0,heavy,3103,0,4.210,
973.3,heavy,3101,0,4.579,
976.7,heavy,3102,1,1.465,
980.0,heavy,3103,1,5.424,
983.3,heavy,3101,0,3.607,
986.7,heavy,3102,0,0.962,
990.0,heavy,3103,0,3.901,
993.3,heavy,3101,1,5.398,
996.7,heavy,3102,0,1.398,
1000.0,light-2,3102,1,1.402,
1000.0,light-5,3102,1,1.620,
1000.0,light-3,3103,1,3.153,
1000.0,light-1,3101,1,4.909,
1000.0,light-4,3101,1,5.286,
1000.0,heavy,3103,0,4.694,
1003.3,heavy,3103,1,5.082,
1006.7,heavy,3101,0,4.027,
1010.0,heavy,3102,0,0.886,
1013.3,heavy,3103,1,5.147,
1016.7,heavy,3101,0,4.262,
1020.0,heavy,3102,1,1.358,
1023.3,heavy,3103,0,3.684,
1026.7,heavy,3101,0,4.129,
1030.0,heavy,3102,0,1.480,
1033.3,heavy,3103,1,5.992,
1036.7,heavy,3101,0,4.916,
1040.0,heavy,3102,0,1.339,
1043.3,heavy,3103,1,3.529,
1046.7,heavy,3101,0,4.119,
1050.0,heavy,3102,0,1.380,
1053.3,heavy,3103,0,4.090,
1056.7,heavy,3101,0,6.302,
1060.0,heavy,3102,1,1.466,
1063.3,heavy,3103,0,4.264,
1066.7,heavy,3101,0,6.329,
1070.0,heavy,3102,1,1.326,
1073.3,heavy,3103,1,6.051,
1076.7,heavy,3101,0,3.767,
1080.0,heavy,3102,1,1.479,
1083.3,heavy,3103,0,4.370,
1086.7,heavy,3101,0,4.067,
1090.0,heavy,3102,0,1.350,
1093.3,heavy,3103,1,4.677,
1096.7,heavy,3101,0,3.891,
1100.0,light-3,3102,1,1.814,
1100.0,light-2,3101,1,2.002,
1100.0,light-5,3101,1,2.035,
1100.0,light-1,3103,1,2.591,
1100.0,light-4,3103,1,2.771,
1100.0,heavy,3102,1,1.543,
1103.3,heavy,3102,0,1.006,
1106.7,heavy,3103,0,4.829,
1110.0,heavy,3101,0,4.177,
1113.3,heavy,3102,1,1.596,
1116.7,heavy,3103,0,2.956,
1120.0,heavy,3101,0,3.410,
1123.3,heavy,3102,1,1.415,
1126.7,heavy,3103,0,4.874,
1130.0,heavy,3101,1,5.225,
1133.3,heavy,3102,0,1.474,
1136.7,heavy,3103,0,3.703,
1140.0,heavy,3101,0,3.348,
1143.3,heavy,3102,1,1.095,
1146.7,heavy,3103,0,4.247,
1150.0,heavy,3101,0,3.502,
1153.3,heavy,3102,1,0.930,
1156.7,heavy,3103,1,4.823,
1160.0,heavy,3101,0,3.922,
1163.3,heavy,3102,0,1.420,
1166.7,heavy,3103,0,1.554,
1170.0,heavy,3101,0,3.751,
1173.3,heavy,3102,1,1.303,
1176.7,heavy,3103,0,3.826,
1180.0,heavy,3101,0,2.407,
1183.3,heavy,3102,1,1.642,
1186.7,heavy,3103,0,3.974,
1190.0,heavy,3101,0,4.391,
1193.3,heavy,3102,1,1.657,
1196.7,heavy,3103,0,2.439,
1200.0,light-2,3103,1,3.292,
1200.0,light-4,3102,1,3.733,
1200.0,light-1,3102,1,6.405,
1200.0,light-3,3101,1,9.398,
1200.0,light-5,3103,1,9.961,
1200.0,heavy,3101,0,7.440,
1203.3,heavy,3102,1,1.931,
1206.7,heavy,3103,1,7.544,
1210.0,heavy,3101,0,7.185,
1213.3,heavy,3101,0,3.870,
1216.7,heavy,3102,0,1.107,
1220.0,heavy,3103,1,6.135,
1223.3,heavy,3101,0,4.176,
1226.7,heavy,3102,0,1.333,
1230.0,heavy,3103,0,3.640,
1233.3,heavy,3101,1,5.177,
1236.7,heavy,3102,0,1.545,
1240.0,heavy,3103,0,3.573,
1243.3,heavy,3101,1,4.821,
1246.7,heavy,3102,0,1.058,
1250.0,heavy,3103,0,3.635,
1253.3,heavy,3101,0,4.005,
1256.7,heavy,3102,1,1.072,
1260.0,heavy,3103,0,3.498,
1263.3,heavy,3101,1,4.792,
1266.7,heavy,3102,0,1.334,
1270.0,heavy,3103,1,5.366,
1273.3,heavy,3101,0,4.963,
1276.7,heavy,3102,0,1.058,
1280.0,heavy,3103,1,5.671,
1283.3,heavy,3101,0,4.063,
1286.7,heavy,3102,0,1.106,
1290.0,heavy,3103,1,5.700,
1293.3,heavy,3101,0,4.634,
1296.7,heavy,3102,0,1.254,
1300.0,heavy,3103,1,6.331,
1300.0,light-2,3102,1,1.463,
1300.0,light-1,3101,1,2.205,
1300.0,light-5,3102,1,2.203,
1300.0,light-4,3101,1,2.359,
1300.0,light-3,3103,1,2.657,
1303.3,heavy,3103,0,5.311,
1306.7,heavy,3101,0,4.435,
1310.0,heavy,3102,0,1.262,
1313.3,heavy,3103,1,6.464,
1316.7,heavy,3101,0,4.416,
1320.0,heavy,3102,0,1.089,
1323.3,heavy,3103,1,4.871,
1326.7,heavy,3101,0,4.114,
1330.0,heavy,3102,1,1.298,
1333.3,heavy,3103,0,4.582,
1336.7,heavy,3101,0,3.611,
1340.0,heavy,3102,0,0.987,
1343.3,heavy,3103,1,4.475,
1346.7,heavy,3101,0,3.671,
1350.0,heavy,3102,0,1.272,
1353.3,heavy,3103,1,4.234,
1356.7,heavy,3101,0,3.620,
1360.0,heavy,3102,0,1.247,
1363.3,heavy,3103,1,4.707,
1366.7,heavy,3101,0,3.951,
1370.0,heavy,3102,0,0.909,
1373.3,heavy,3103,0,5.232,
1376.7,heavy,3101,0,4.368,
1380.0,heavy,3102,1,1.325,
1383.3,heavy,3103,1,4.184,
1386.7,heavy,3101,0,3.456,
1390.0,heavy,3102,0,1.056,
1393.3,heavy,3103,1,4.572,
1396.7,heavy,3101,0,3.880,
1400.0,heavy,3102,0,1.386,
1400.0,light-5,3101,1,2.833,
1400.0,light-2,3101,1,5.976,
1400.0,light-3,3102,1,6.533,
1400.0,light-1,3103,1,6.740,
1400.0,light-4,3103,1,7.868,
1403.3,heavy,3102,1,1.948,
1406.7,heavy,3103,0,5.453,
1410.0,heavy,3101,0,4.108,
1413.3,heavy,3102,1,1.279,
1416.7,heavy,3103,0,7.241,
1420.0,heavy,3101,0,5.516,
1423.3,heavy,3102,1,2.292,
1426.7,heavy,3103,0,7.443,
1430.0,heavy,3101,0,5.179,
1433.3,heavy,3102,1,1.788,
1436.7,heavy,3103,0,5.188,
1440.0,heavy,3101,1,6.468,
1443.3,heavy,3102,0,1.741,
1446.7,heavy,3103,0,4.992,
1450.0,heavy,3101,0,5.304,
1453.3,heavy,3102,1,1.480,
1456.7,heavy,3103,0,4.808,
1460.0,heavy,3101,0,5.049,
1463.3,heavy,3102,1,1.514,
1466.7,heavy,3103,0,4.681,
1470.0,heavy,3101,0,4.712,
1473.3,heavy,3102,1,1.392,
1476.7,heavy,3103,0,4.364,
1480.0,heavy,3101,1,5.392,
1483.3,heavy,3102,0,1.162,
1486.7,heavy,3103,0,5.305,
1490.0,heavy,3101,0,4.867,
1493.3,heavy,3102,1,1.544,
1496.7,heavy,3103,0,5.051,
1500.0,heavy,3101,0,5.093,
1500.0,light-1,3103,1,2.313,
1500.0,light-4,3103,1,2.318,
1500.0,light-3,3102,1,2.496,
1500.0,light-2,3101,1,3.150,
1500.0,light-5,3101,1,3.513,
1503.3,heavy,3102,1,2.192,
1506.7,heavy,3102,0,1.029,
1510.0,heavy,3103,1,5.338,
1513.3,heavy,3101,0,5.319,
1516.7,heavy,3102,1,1.884,
1520.0,heavy,3103,0,5.325,
1523.3,heavy,3101,0,5.393,
1526.7,heavy,3102,0,1.503,
1530.0,heavy,3103,0,4.382,
1533.3,heavy,3101,1,4.727,
1536.7,heavy,3102,0,1.734,
1540.0,heavy,3103,0,3.497,
1543.3,heavy,3101,1,4.608,
1546.7,heavy,3102,0,0.962,
1550.0,heavy,3103,1,4.691,
1553.3,heavy,3101,0,3.904,
1556.7,heavy,3102,0,1.267,
1560.0,heavy,3103,0,1.746,
1563.3,heavy,3101,1,5.314,
1566.7,heavy,3102,1,1.206,
1570.0,heavy,3103,0,4.474,
1573.3,heavy,3101,0,3.703,
1576.7,heavy,3102,0,1.688,
1580.0,heavy,3103,0,3.670,
1583.3,heavy,3101,1,7.211,
1586.7,heavy,3102,0,1.157,
1590.0,heavy,3103,0,3.909,
1593.3,heavy,3101,1,4.516,
1596.7,heavy,3102,0,1.513,
1600.0,heavy,3103,0,6.847,
1600.0,light-2,3102,1,1.236,
1600.0,light-5,3102,1,1.417,
1600.0,light-1,3101,1,1.780,
1600.0,light-4,3101,1,2.011,
1600.0,light-3,3103,1,5.740,
1603.3,heavy,3103,0,6.394,
1606.7,heavy,3101,1,4.964,
1610.0,heavy,3102,0,0.885,
1613.3,heavy,3103,0,4.819,
1616.7,heavy,3101,1,5.125,
1620.0,heavy,3102,0,1.834,
1623.3,heavy,3103,1,5.084,
1626.7,heavy,3101,0,4.101,
1630.0,heavy,3102,1,1.457,
1633.3,heavy,3103,0,3.810,
1636.7,heavy,3101,0,3.657,
1640.0,heavy,3102,0,1.317,
1643.3,heavy,3103,1,5.891,
1646.7,heavy,3101,0,4.855,
1650.0,heavy,3102,0,1.836,
1653.3,heavy,3103,1,3.672,
1656.7,heavy,3101,0,4.434,
1660.0,heavy,3102,0,1.265,
1663.3,heavy,3103,1,4.553,
1666.7,heavy,3101,0,3.413,
1670.0,heavy,3102,0,1.320,
1673.3,heavy,3103,0,4.811,
1676.7,heavy,3101,0,3.843,
1680.0,heavy,3102,1,1.085,
1683.3,heavy,3103,1,5.403,
1686.7,heavy,3101,0,3.426,
1690.0,heavy,3102,0,1.050,
1693.3,heavy,3103,1,4.646,
1696.7,heavy,3101,0,3.629,
1700.0,heavy,3102,0,1.302,
1700.0,light-3,3102,1,1.442,
1700.0,light-1,3103,1,1.741,
1700.0,light-4,3103,1,1.872,
1700.0,light-2,3101,1,2.101,
1700.0,light-5,3101,1,2.210,
1703.3,heavy,3102,1,1.438,
1706.7,heavy,3103,0,3.464,
1710.0,heavy,3101,0,3.989,
1713.3,heavy,3102,1,1.279,
1716.7,heavy,3103,0,4.176,
1720.0,heavy,3101,0,3.360,
1723.3,heavy,3102,1,1.270,
1726.7,heavy,3103,0,2.663,
1730.0,heavy,3101,0,2.997,
1733.3,heavy,3102,1,1.197,
1736.7,heavy,3103,0,3.861,
1740.0,heavy,3101,0,3.953,
1743.3,heavy,3102,1,1.062,
1746.7,heavy,3103,0,3.734,
1750.0,heavy,3101,0,4.180,
1753.3,heavy,3102,1,1.153,
1756.7,heavy,3103,0,3.918,
1760.0,heavy,3101,1,4.548,
1763.3,heavy,3102,0,1.160,
1766.7,heavy,3103,0,3.236,
1770.0,heavy,3101,0,3.459,
1773.3,heavy,3102,1,0.982,
1776.7,heavy,3103,0,4.718,
1780.0,heavy,3101,0,5.269,
1783.3,heavy,3102,1,1.759,
1786.7,heavy,3103,0,4.981,
1790.0,heavy,3101,0,5.264,
1793.3,heavy,3102,1,1.057,
1796.7,heavy,3103,0,5.353,
1800.0,heavy,3101,0,4.892,
1800.0,light-3,3102,1,1.985,
1800.0,light-2,3101,1,2.752,
1800.0,light-1,3103,1,2.983,
1800.0,light-5,3101,1,3.105,
1800.0,light-4,3103,1,3.362,
1803.3,heavy,3102,1,1.640,
1806.7,heavy,3102,0,1.407,
1810.0,heavy,3103,0,4.348,
1813.3,heavy,3101,1,5.002,
1816.7,heavy,3102,0,1.025,
1820.0,heavy,3103,0,3.230,
1823.3,heavy,3101,1,4.398,
1826.7,heavy,3102,0,0.862,
1830.0,heavy,3103,0,4.367,
1833.3,heavy,3101,1,4.704,
1836.7,heavy,3102,1,1.513,
1840.0,heavy,3103,0,4.430,
1843.3,heavy,3101,0,2.327,
1846.7,heavy,3102,0,1.248,
1850.0,heavy,3103,1,4.864,
1853.3,heavy,3101,0,3.964,
1856.7,heavy,3102,0,1.418,
1860.0,heavy,3103,0,2.405,
1863.3,heavy,3101,1,4.621,
1866.7,heavy,3102,1,1.179,
1870.0,heavy,3103,0,4.593,
1873.3,heavy,3101,0,3.567,
1876.7,heavy,3102,0,1.088,
1880.0,heavy,3103,0,3.632,
1883.3,heavy,3101,0,3.838,
1886.7,heavy,3102,1,1.193,
1890.0,heavy,3103,0,3.389,
1893.3,heavy,3101,1,5.233,
1896.7,heavy,3102,0,1.220,
1900.0,heavy,3103,1,5.521,
1900.0,light-1,3101,1,1.082,
1900.0,light-3,3103,1,2.478,
1900.0,light-2,3102,1,4.609,
1900.0,light-5,3102,1,8.567,
1900.0,light-4,3101,1,9.038,
1903.3,heavy,3103,0,2.950,
1906.7,heavy,3101,0,2.646,
1910.0,heavy,3102,0,0.898,
1913.3,heavy,3103,0,4.331,
1916.7,heavy,3101,1,4.658,
1920.0,heavy,3102,0,0.936,
1923.3,heavy,3103,1,4.252,
1926.7,heavy,3101,0,3.468,
1930.0,heavy,3102,0,0.951,
1933.3,heavy,3103,1,5.297,
1936.7,heavy,3101,0,3.207,
1940.0,heavy,3102,0,0.874,
1943.3,heavy,3103,1,5.489,
1946.7,heavy,3101,0,4.402,
1950.0,heavy,3102,1,1.552,
1953.3,heavy,3103,0,2.328,
1956.7,heavy,3101,0,4.449,
1960.0,heavy,3102,1,1.613,
1963.3,heavy,3103,0,4.648,
1966.7,heavy,3101,0,4.038,
1970.0,heavy,3102,1,1.099,
1973.3,heavy,3103,0,3.567,
1976.7,heavy,3101,0,3.796,
1980.0,heavy,3102,0,0.945,
1983.3,heavy,3103,1,6.833,
1986.7,heavy,3101,0,4.543,
1990.0,heavy,3102,1,1.737,
1993.3,heavy,3103,0,6.534,
1996.7,heavy,3101,0,4.428,
2000.0,heavy,3102,0,2.293,
2000.0,light-2,3101,1,2.126,
2000.0,light-3,3102,1,2.186,
2000.0,light-5,3101,1,2.146,
2000.0,light-1,3103,1,2.606,
2000.0,light-4,3103,1,3.146,
2003.3,heavy,3102,1,1.986,
2006.7,heavy,3103,0,6.038,
2010.0,heavy,3101,1,6.945,
2013.3,heavy,3102,0,1.395,
2016.7,heavy,3103,0,3.993,
2020.0,heavy,3101,1,9.453,
2023.3,heavy,3102,0,1.590,
2026.7,heavy,3103,0,5.105,
2030.0,heavy,3101,1,6.264,
2033.3,heavy,3102,0,1.106,
2036.7,heavy,3103,0,3.699,
2040.0,heavy,3101,0,3.664,
2043.3,heavy,3102,1,1.210,
2046.7,heavy,3103,0,4.060,
2050.0,heavy,3101,0,4.504,
2053.3,heavy,3102,1,1.223,
2056.7,heavy,3103,0,4.198,
2060.0,heavy,3101,0,3.581,
2063.3,heavy,3102,1,0.995,
2066.7,heavy,3103,0,4.325,
2070.0,heavy,3101,1,4.705,
2073.3,heavy,3102,0,1.194,
2076.7,heavy,3103,0,3.757,
2080.0,heavy,3101,0,4.353,
2083.3,heavy,3102,1,1.279,
2086.7,heavy,3103,0,4.494,
2090.0,heavy,3101,1,4.629,
2093.3,heavy,3102,0,0.974,
2096.7,heavy,3103,0,3.801,
2100.0,heavy,3101,0,3.639,
2100.0,light-1,3102,1,1.716,
2100.0,light-4,3102,1,2.070,
2100.0,light-3,3101,1,2.288,
2100.0,light-2,3103,1,5.618,
2100.0,light-5,3103,1,5.946,
2103.3,heavy,3101,0,1.970,
2106.7,heavy,3102,1,0.896,
2110.0,heavy,3103,0,6.511,
2113.3,heavy,3101,0,3.538,
2116.7,heavy,3102,1,1.266,
2120.0,heavy,3103,0,5.956,
2123.3,heavy,3101,1,4.197,
2126.7,heavy,3102,0,0.977,
2130.0,heavy,3103,1,5.193,
2133.3,heavy,3101,0,4.215,
2136.7,heavy,3102,0,1.113,
2140.0,heavy,3103,0,1.825,
2143.3,heavy,3101,1,6.198,
2146.7,heavy,3102,1,1.567,
2150.0,heavy,3103,0,4.621,
2153.3,heavy,3101,0,3.787,
2156.7,heavy,3102,0,1.343,
2160.0,heavy,3103,1,6.663,
2163.3,heavy,3101,0,5.167,
2166.7,heavy,3102,0,1.447,
2170.0,heavy,3103,0,2.782,
2173.3,heavy,3101,1,5.772,
2176.7,heavy,3102,0,1.632,
2180.0,heavy,3103,1,6.309,
2183.3,heavy,3101,0,4.659,
2186.7,heavy,3102,0,1.451,
2190.0,heavy,3103,1,6.071,
2193.3,heavy,3101,0,4.946,
2196.7,heavy,3102,0,1.330,
2200.0,heavy,3103,1,6.267,
2200.0,light-2,3102,1,1.556,
2200.0,light-1,3101,1,1.983,
2200.0,light-5,3102,1,1.970,
2200.0,light-4,3101,1,2.590,
2200.0,light-3,3103,1,3.530,
2203.3,heavy,3103,0,5.373,
2206.7,heavy,3101,0,4.670,
2210.0,heavy,3102,0,1.478,
2213.3,heavy,3103,1,5.435,
2216.7,heavy,3101,0,4.491,
2220.0,heavy,3102,1,1.508,
2223.3,heavy,3103,0,4.559,
2226.7,heavy,3101,0,4.639,
2230.0,heavy,3102,0,1.658,
2233.3,heavy,3103,1,6.087,
2236.7,heavy,3101,0,4.027,
2240.0,heavy,3102,0,1.008,
2243.3,heavy,3103,1,5.191,
2246.7,heavy,3101,0,3.221,
2250.0,heavy,3102,0,1.243,
2253.3,heavy,3103,1,3.802,
2256.7,heavy,3101,0,3.739,
2260.0,heavy,3102,0,0.829,
2263.3,heavy,3103,1,4.737,
2266.7,heavy,3101,0,3.919,
2270.0,heavy,3102,1,1.500,
2273.3,heavy,3103,0,4.448,
2276.7,heavy,3101,0,3.666,
2280.0,heavy,3102,0,1.070,
2283.3,heavy,3103,0,3.553,
2286.7,heavy,3101,0,3.762,
2290.0,heavy,3102,1,1.257,
2293.3,heavy,3103,1,4.561,
2296.7,heavy,3101,0,4.023,
2300.0,heavy,3102,0,1.719,
2300.0,light-1,3103,1,1.816,
2300.0,light-2,3101,1,1.869,
2300.0,light-3,3102,1,1.943,
2300.0,light-4,3103,1,1.980,
2300.0,light-5,3101,1,2.022,
2303.3,heavy,3102,1,1.428,
2306.7,heavy,3103,0,4.446,
2310.0,heavy,3101,0,3.287,
2313.3,heavy,3102,1,1.215,
2316.7,heavy,3103,0,4.018,
2320.0,heavy,3101,0,3.648,
2323.3,heavy,3102,1,1.049,
2326.7,heavy,3103,0,3.775,
2330.0,heavy,3101,0,4.309,
2333.3,heavy,3102,1,1.233,
2336.7,heavy,3103,0,3.614,
2340.0,heavy,3101,0,5.367,
2343.3,heavy,3102,1,1.423,
2346.7,heavy,3103,0,3.114,
2350.0,heavy,3101,0,3.367,
2353.3,heavy,3102,1,1.026,
2356.7,heavy,3103,0,4.831,
2360.0,heavy,3101,0,4.068,
2363.3,heavy,3102,1,1.565,
2366.7,heavy,3103,0,4.687,
2370.0,heavy,3101,0,3.579,
2373.3,heavy,3102,1,1.101,
2376.7,heavy,3103,0,4.549,
2380.0,heavy,3101,1,5.011,
2383.3,heavy,3102,0,1.443,
2386.7,heavy,3103,0,3.456,
2390.0,heavy,3101,0,3.430,
2393.3,heavy,3102,1,1.097,
2396.7,heavy,3103,0,3.867,
2400.0,heavy,3101,1,7.024,
2400.0,light-2,3103,1,1.468,
2400.0,light-4,3102,1,2.871,
2400.0,light-1,3102,1,5.878,
2400.0,light-5,3103,1,6.244,
2400.0,light-3,3101,1,8.703,
2403.3,heavy,3101,0,7.254,
2406.7,heavy,3102,0,1.173,
2410.0,heavy,3103,0,3.956,
2413.3,heavy,3101,1,4.935,
2416.7,heavy,3102,0,1.110,
2420.0,heavy,3103,0,3.272,
2423.3,heavy,3101,1,4.599,
2426.7,heavy,3102,0,0.989,
2430.0,heavy,3103,1,5.046,
2433.3,heavy,3101,0,4.050,
2436.7,heavy,3102,1,1.388,
2440.0,heavy,3103,0,4.850,
2443.3,heavy,3101,0,4.418,
2446.7,heavy,3102,0,1.092,
2450.0,heavy,3103,0,4.000,
2453.3,heavy,3101,0,4.002,
2456.7,heavy,3102,1,1.414,
2460.0,heavy,3103,0,2.527,
2463.3,heavy,3101,1,3.471,
2466.7,heavy,3102,0,1.008,
2470.0,heavy,3103,0,4.207,
2473.3,heavy,3101,1,4.566,
2476.7,heavy,3102,0,1.261,
2480.0,heavy,3103,0,3.986,
2483.3,heavy,3101,1,4.403,
2486.7,heavy,3102,0,1.276,
2490.0,heavy,3103,0,4.342,
2493.3,heavy,3101,1,4.583,
2496.7,heavy,3102,0,1.097,
2500.0,light-1,3101,1,2.274,
2500.0,light-4,3101,1,2.000,
2500.0,light-2,3102,1,2.765,
2500.0,light-5,3102,1,2.814,
2500.0,light-3,3103,1,4.049,
2500.0,heavy,3103,0,5.728,
2503.3,heavy,3103,1,5.043,
2506.7,heavy,3101,0,3.192,
2510.0,heavy,3102,0,0.838,
2513.3,heavy,3103,1,4.236,
2516.7,heavy,3101,0,4.253,
2520.0,heavy,3102,0,1.219,
2523.3,heavy,3103,0,3.754,
2526.7,heavy,3101,1,4.348,
2530.0,heavy,3102,1,1.219,
2533.3,heavy,3103,0,4.102,
2536.7,heavy,3101,0,4.295,
2540.0,heavy,3102,0,1.031,
2543.3,heavy,3103,1,4.490,
2546.7,heavy,3101,0,3.926,
2550.0,heavy,3102,1,1.267,
2553.3,heavy,3103,0,2.955,
2556.7,heavy,3101,0,4.107,
2560.0,heavy,3102,1,1.352,
2563.3,heavy,3103,0,4.374,
2566.7,heavy,3101,0,4.195,
2570.0,heavy,3102,0,0.763,
2573.3,heavy,3103,0,4.291,
2576.7,heavy,3101,1,4.791,
2580.0,heavy,3102,1,1.174,
2583.3,heavy,3103,0,3.388,
2586.7,heavy,3101,0,3.225,
2590.0,heavy,3102,0,1.169,
2593.3,heavy,3103,0,7.604,
2596.7,heavy,3101,1,4.733,
2600.0,light-2,3102,1,1.649,
2600.0,light-5,3102,1,1.706,
2600.0,light-1,3101,1,2.044,
2600.0,light-4,3101,1,2.215,
2600.0,light-3,3103,1,4.252,
2600.0,heavy,3102,1,1.160,
2603.3,heavy,3103,0,5.226,
2606.7,heavy,3103,0,4.143,
2610.0,heavy,3101,1,5.119,
2613.3,heavy,3102,0,1.370,
2616.7,heavy,3103,0,3.184,
2620.0,heavy,3101,0,3.322,
2623.3,heavy,3102,1,1.212,
2626.7,heavy,3103,0,5.661,
2630.0,heavy,3101,0,4.668,
2633.3,heavy,3102,1,1.134,
2636.7,heavy,3103,0,4.361,
2640.0,heavy,3101,0,3.464,
2643.3,heavy,3102,1,1.124,
2646.7,heavy,3103,0,3.675,
2650.0,heavy,3101,0,3.591,
2653.3,heavy,3102,1,1.264,
2656.7,heavy,3103,1,5.281,
2660.0,heavy,3101,0,4.155,
2663.3,heavy,3102,0,1.267,
2666.7,heavy,3103,0,4.421,
2670.0,heavy,3101,1,4.881,
2673.3,heavy,3102,0,1.089,
2676.7,heavy,3103,0,3.496,
2680.0,heavy,3101,0,4.315,
2683.3,heavy,3102,1,0.931,
2686.7,heavy,3103,1,4.518,
2690.0,heavy,3101,0,3.571,
2693.3,heavy,3102,0,1.052,
2696.7,heavy,3103,0,4.115,
2700.0,light-1,3102,1,1.221,
2700.0,light-2,3103,1,1.363,
2700.0,light-4,3102,1,1.418,
2700.0,light-5,3103,1,1.482,
2700.0,light-3,3101,1,2.628,
2700.0,heavy,3101,0,3.691,
2703.3,heavy,3101,1,4.385,
2706.7,heavy,3102,0,0.940,
2710.0,heavy,3103,1,5.176,
2713.3,heavy,3101,0,4.226,
2716.7,heavy,3102,1,1.657,
2720.0,heavy,3103,0,4.868,
2723.3,heavy,3101,0,4.558,
2726.7,heavy,3102,0,1.089,
2730.0,heavy,3103,0,3.656,
2733.3,heavy,3101,0,3.913,
2736.7,heavy,3102,1,1.381,
2740.0,heavy,3103,0,3.071,
2743.3,heavy,3101,1,3.807,
2746.7,heavy,3102,0,1.099,
2750.0,heavy,3103,0,3.962,
2753.3,heavy,3101,1,4.250,
2756.7,heavy,3102,0,1.026,
2760.0,heavy,3103,0,3.561,
2763.3,heavy,3101,0,3.809,
2766.7,heavy,3102,1,1.252,
2770.0,heavy,3103,0,3.578,
2773.3,heavy,3101,1,3.758,
2776.7,heavy,3102,0,0.885,
2780.0,heavy,3103,1,3.626,
2783.3,heavy,3101,0,3.637,
2786.7,heavy,3102,0,0.993,
2790.0,heavy,3103,0,2.939,
2793.3,heavy,3101,0,4.636,
2796.7,heavy,3102,1,1.485,
2800.0,light-2,3102,1,1.534,
2800.0,light-5,3102,1,1.845,
2800.0,light-1,3101,1,2.740,
2800.0,light-3,3103,1,3.128,
2800.0,light-4,3101,1,3.211,
2800.0,heavy,3103,1,4.362,
2803.3,heavy,3103,0,4.194,
2806.7,heavy,3101,0,3.737,
2810.0,heavy,3102,0,1.098,
2813.3,heavy,3103,1,4.437,
2816.7,heavy,3101,0,3.106,
2820.0,heavy,3102,0,1.004,
2823.3,heavy,3103,1,5.294,
2826.7,heavy,3101,0,4.267,
2830.0,heavy,3102,1,1.698,
2833.3,heavy,3103,0,3.244,
2836.7,heavy,3101,0,3.274,
2840.0,heavy,3102,0,0.970,
2843.3,heavy,3103,1,4.660,
2846.7,heavy,3101,0,3.861,
2850.0,heavy,3102,0,1.369,
2853.3,heavy,3103,1,4.398,
2856.7,heavy,3101,0,3.890,
2860.0,heavy,3102,0,1.269,
2863.3,heavy,3103,1,3.899,
2866.7,heavy,3101,0,3.607,
2870.0,heavy,3102,0,1.262,
2873.3,heavy,3103,0,4.260,
2876.7,heavy,3101,1,4.874,
2880.0,heavy,3102,0,1.482,
2883.3,heavy,3103,0,3.532,
2886.7,heavy,3101,1,1.653,
2890.0,heavy,3102,1,1.473,
2893.3,heavy,3103,0,3.479,
2896.7,heavy,3101,0,3.560,
2900.0,light-5,3101,1,2.671,
2900.0,light-4,3103,1,5.607,
2900.0,light-3,3102,1,6.166,
2900.0,light-1,3103,1,8.793,
2900.0,light-2,3101,1,8.904,
2900.0,heavy,3102,0,1.291,
2903.3,heavy,3102,1,1.103,
2906.7,heavy,3103,0,4.135,
2910.0,heavy,3101,0,3.815,
2913.3,heavy,3102,1,1.288,
2916.7,heavy,3103,0,3.600,
2920.0,heavy,3101,0,3.683,
2923.3,heavy,3102,1,1.314,
2926.7,heavy,3103,0,2.061,
2930.0,heavy,3101,0,3.269,
2933.3,heavy,3102,1,1.249,
2936.7,heavy,3103,0,3.440,
2940.0,heavy,3101,0,3.251,
2943.3,heavy,3102,1,0.868,
2946.7,heavy,3103,0,3.642,
2950.0,heavy,3101,0,4.006,
2953.3,heavy,3102,1,1.247,
2956.7,heavy,3103,0,3.724,
2960.0,heavy,3101,0,3.212,
2963.3,heavy,3102,1,0.890,
2966.7,heavy,3103,0,3.857,
2970.0,heavy,3101,1,4.339,
2973.3,heavy,3102,0,1.567,
2976.7,heavy,3103,0,3.189,
2980.0,heavy,3101,0,3.432,
2983.3,heavy,3102,1,1.240,
2986.7,heavy,3103,0,3.650,
2990.0,heavy,3101,0,3.322,
2993.3,heavy,3102,1,0.988,
2996.7,heavy,3103,0,4.521,
3000.0,light-3,3102,1,1.495,
3000.0,light-1,3103,1,2.279,
3000.0,light-2,3101,1,2.433,
3000.0,light-4,3103,1,2.502,
3000.0,light-5,3101,1,2.605,
3000.0,heavy,3101,0,4.766,
3003.3,heavy,3102,1,1.193,
3006.7,heavy,3102,0,0.914,
3010.0,heavy,3103,0,3.944,
3013.3,heavy,3101,0,4.068,
3016.7,heavy,3102,1,1.478,
3020.0,heavy,3103,0,2.282,
3023.3,heavy,3101,1,4.985,
3026.7,heavy,3102,1,1.241,
3030.0,heavy,3103,0,4.033,
3033.3,heavy,3101,0,4.603,
3036.7,heavy,3102,0,1.209,
3040.0,heavy,3103,0,4.154,
3043.3,heavy,3101,0,4.643,
3046.7,heavy,3102,1,1.706,
3050.0,heavy,3103,0,3.932,
3053.3,heavy,3101,1,4.195,
3056.7,heavy,3102,0,0.929,
3060.0,heavy,3103,1,4.933,
3063.3,heavy,3101,0,4.047,
3066.7,heavy,3102,0,1.226,
3070.0,heavy,3103,0,1.916,
3073.3,heavy,3101,0,3.631,
3076.7,heavy,3102,1,1.242,
3080.0,heavy,3103,0,3.847,
3083.3,heavy,3101,1,3.604,
3086.7,heavy,3102,0,0.930,
3090.0,heavy,3103,1,8.392,
3093.3,heavy,3101,0,4.598,
3096.7,heavy,3102,0,1.363,
3100.0,light-1,3101,1,1.282,
3100.0,light-3,3103,1,3.942,
3100.0,light-4,3101,1,5.935,
3100.0,light-5,3102,1,7.237,
3100.0,light-2,3102,1,10.447,
3100.0,heavy,3103,1,7.110,
3103.3,heavy,3103,0,4.061,
3106.7,heavy,3101,0,4.577,
3110.0,heavy,3102,0,1.192,
3113.3,heavy,3103,1,4.780,
3116.7,heavy,3101,0,3.880,
3120.0,heavy,3102,1,1.371,
3123.3,heavy,3103,0,4.515,
3126.7,heavy,3101,0,4.178,
3130.0,heavy,3102,0,0.865,
3133.3,heavy,3103,0,5.494,
3136.7,heavy,3101,1,4.510,
3140.0,heavy,3102,1,1.436,
3143.3,heavy,3103,0,3.787,
3146.7,heavy,3101,0,4.035,
3150.0,heavy,3102,0,1.074,
3153.3,heavy,3103,0,4.228,
3156.7,heavy,3101,1,4.478,
3160.0,heavy,3102,0,1.204,
3163.3,heavy,3103,1,4.686,
3166.7,heavy,3101,0,3.782,
3170.0,heavy,3102,1,1.230,
3173.3,heavy,3103,0,3.295,
3176.7,heavy,3101,0,3.450,
3180.0,heavy,3102,0,1.140,
3183.3,heavy,3103,1,4.346,
3186.7,heavy,3101,0,3.619,
3190.0,heavy,3102,0,1.433,
3193.3,heavy,3103,1,4.575,
3196.7,heavy,3101,0,3.857,
3200.0,light-2,3101,1,1.375,
3200.0,light-1,3103,1,1.588,
3200.0,light-3,3102,1,1.878,
3200.0,light-4,3103,1,2.025,
3200.0,light-5,3101,1,2.078,
3200.0,heavy,3102,0,1.407,
3203.3,heavy,3102,1,0.778,
3206.7,heavy,3103,0,4.342,
3210.0,heavy,3101,0,3.504,
3213.3,heavy,3102,1,1.474,
3216.7,heavy,3103,0,4.047,
3220.0,heavy,3101,0,2.378,
3223.3,heavy,3102,1,1.551,
3226.7,heavy,3103,0,3.728,
3230.0,heavy,3101,0,3.919,
3233.3,heavy,3102,1,1.274,
3236.7,heavy,3103,0,2.377,
3240.0,heavy,3101,0,4.213,
3243.3,heavy,3102,1,1.271,
3246.7,heavy,3103,0,3.431,
3250.0,heavy,3101,0,3.956,
3253.3,heavy,3102,1,0.839,
3256.7,heavy,3103,0,4.050,
3260.0,heavy,3101,0,4.436,
3263.3,heavy,3102,1,1.422,
3266.7,heavy,3103,0,2.769,
3270.0,heavy,3101,0,3.221,
3273.3,heavy,3102,1,1.397,
3276.7,heavy,3103,0,3.508,
3280.0,heavy,3101,1,4.559,
3283.3,heavy,3102,0,1.290,
3286.7,heavy,3103,0,3.295,
3290.0,heavy,3101,0,4.320,
3293.3,heavy,3102,1,1.225,
3296.7,heavy,3103,0,3.997,
3300.0,light-1,3102,1,1.167,
3300.0,light-2,3103,1,1.231,
3300.0,light-4,3102,1,1.238,
3300.0,light-5,3103,1,1.916,
3300.0,light-3,3101,1,2.300,
3300.0,heavy,3101,0,3.393,
3303.3,heavy,3101,0,4.469,
3306.7,heavy,3102,1,1.185,
3310.0,heavy,3103,1,4.906,
3313.3,heavy,3101,0,3.589,
3316.7,heavy,3102,0,1.265,
3320.0,heavy,3103,0,3.749,
3323.3,heavy,3101,0,3.825,
3326.7,heavy,3102,1,1.293,
3330.0,heavy,3103,0,2.257,
3333.3,heavy,3101,1,4.669,
3336.7,heavy,3102,1,1.239,
3340.0,heavy,3103,0,3.783,
3343.3,heavy,3101,0,4.413,
3346.7,heavy,3102,0,1.209,
3350.0,heavy,3103,0,4.490,
3353.3,heavy,3101,0,3.526,
3356.7,heavy,3102,1,1.174,
3360.0,heavy,3103,0,3.910,
3363.3,heavy,3101,1,4.699,
3366.7,heavy,3102,0,0.855,
3370.0,heavy,3103,0,4.456,
3373.3,heavy,3101,1,4.963,
3376.7,heavy,3102,0,1.664,
3380.0,heavy,3103,0,2.907,
3383.3,heavy,3101,0,4.352,
3386.7,heavy,3102,1,1.296,
3390.0,heavy,3103,0,3.526,
3393.3,heavy,3101,1,4.233,
3396.7,heavy,3102,0,1.007,
3400.0,light-1,3101,1,1.489,
3400.0,light-2,3102,1,1.581,
3400.0,light-4,3101,1,1.513,
3400.0,light-5,3102,1,1.509,
3400.0,light-3,3103,1,2.806,
3400.0,heavy,3103,0,3.867,
3403.3,heavy,3103,1,4.209,
3406.7,heavy,3101,0,3.377,
3410.0,heavy,3102,0,0.949,
3413.3,heavy,3103,1,4.828,
3416.7,heavy,3101,0,3.949,
3420.0,heavy,3102,1,1.178,
3423.3,heavy,3103,0,3.406,
3426.7,heavy,3101,0,3.746,
3430.0,heavy,3102,0,1.045,
3433.3,heavy,3103,1,4.519,
3436.7,heavy,3101,0,3.478,
3440.0,heavy,3102,0,1.350,
3443.3,heavy,3103,1,5.005,
3446.7,heavy,3101,0,4.185,
3450.0,heavy,3102,1,1.575,
3453.3,heavy,3103,0,4.803,
3456.7,heavy,3101,0,3.184,
3460.0,heavy,3102,0,0.989,
3463.3,heavy,3103,1,4.658,
3466.7,heavy,3101,0,3.732,
3470.0,heavy,3102,0,1.168,
3473.3,heavy,3103,1,2.954,
3476.7,heavy,3101,0,3.456,
3480.0,heavy,3102,0,1.196,
3483.3,heavy,3103,1,4.521,
3486.7,heavy,3101,0,3.574,
3490.0,heavy,3102,1,1.100,
3493.3,heavy,3103,0,3.480,
3496.7,heavy,3101,0,3.565,
3500.0,light-2,3101,1,1.779,
3500.0,light-3,3102,1,1.885,
3500.0,light-5,3101,1,1.944,
3500.0,light-1,3103,1,2.289,
3500.0,light-4,3103,1,2.402,
3500.0,heavy,3102,0,1.683,
3503.3,heavy,3102,1,1.737,
3506.7,heavy,3103,0,3.470,
3510.0,heavy,3101,0,3.971,
3513.3,heavy,3102,1,1.583,
3516.7,heavy,3103,0,2.560,
3520.0,heavy,3101,0,3.340,
3523.3,heavy,3102,1,1.403,
3526.7,heavy,3103,0,3.765,
3530.0,heavy,3101,1,4.487,
3533.3,heavy,3102,0,1.155,
3536.7,heavy,3103,0,4.184,
3540.0,heavy,3101,0,4.574,
3543.3,heavy,3102,1,1.421,
3546.7,heavy,3103,0,4.371,
3550.0,heavy,3101,0,3.415,
3553.3,heavy,3102,1,1.243,
3556.7,heavy,3103,1,5.600,
3560.0,heavy,3101,0,4.417,
3563.3,heavy,3102,0,1.541,
3566.7,heavy,3103,0,1.929,
3570.0,heavy,3101,0,4.565,
3573.3,heavy,3102,1,1.488,
3576.7,heavy,3103,0,3.631,
3580.0,heavy,3101,0,3.663,
3583.3,heavy,3102,1,1.211,
3586.7,heavy,3103,1,5.235,
3590.0,heavy,3101,0,4.230,
3593.3,heavy,3102,0,1.491,
3596.7,heavy,3103,0,2.268,
3600.0,light-2,3103,1,1.956,
3600.0,light-4,3102,1,3.289,
3600.0,light-1,3102,1,7.924,
3600.0,light-5,3103,1,8.386,
3600.0,light-3,3101,1,17.967,
3600.0,heavy,3101,1,9.356,
3603.3,heavy,3101,1,16.725,
3606.7,heavy,3102,0,1.967,
3610.0,heavy,3103,0,4.078,
3613.3,heavy,3101,0,7.264,
3616.7,heavy,3102,0,1.402,
3620.0,heavy,3103,0,3.753,
3623.3,heavy,3101,1,4.583,
3626.7,heavy,3102,0,1.564,
3630.0,heavy,3103,0,4.841,
3633.3,heavy,3101,1,5.433,
3636.7,heavy,3102,0,1.130,
3640.0,heavy,3103,0,9.874,
3643.3,heavy,3101,1,4.351,
3646.7,heavy,3102,0,1.037,
3650.0,heavy,3103,0,4.102,
3653.3,heavy,3101,1,4.655,
3656.7,heavy,3102,0,1.736,
3660.0,heavy,3103,0,3.147,
3663.3,heavy,3101,1,4.700,
3666.7,heavy,3102,0,1.340,
3670.0,heavy,3103,0,3.110,
3673.3,heavy,3101,1,4.969,
3676.7,heavy,3102,0,1.440,
3680.0,heavy,3103,0,4.381,
3683.3,heavy,3101,1,4.648,
3686.7,heavy,3102,1,1.266,
3690.0,heavy,3103,0,4.637,
3693.3,heavy,3101,0,4.197,
3696.7,heavy,3102,0,1.025,
3700.0,light-3,3102,1,2.530,
3700.0,light-1,3103,1,2.973,
3700.0,light-2,3101,1,2.956,
3700.0,light-4,3103,1,2.937,
3700.0,light-5,3101,1,3.240,
3700.0,heavy,3103,0,4.548,
3703.3,heavy,3101,0,4.641,
3706.7,heavy,3102,1,2.275,
3710.0,heavy,3102,0,1.147,
3713.3,heavy,3103,1,6.749,
3716.7,heavy,3101,0,5.592,
3720.0,heavy,3102,1,1.736,
3723.3,heavy,3103,0,4.679,
3726.7,heavy,3101,0,4.386,
3730.0,heavy,3102,1,1.480,
3733.3,heavy,3103,0,3.877,
3736.7,heavy,3101,0,4.781,
3740.0,heavy,3102,0,1.335,
3743.3,heavy,3103,1,5.168,
3746.7,heavy,3101,0,4.717,
3750.0,heavy,3102,1,1.159,
3753.3,heavy,3103,0,3.197,
3756.7,heavy,3101,0,3.375,
3760.0,heavy,3102,0,1.229,
3763.3,heavy,3103,1,4.566,
3766.7,heavy,3101,0,3.720,
3770.0,heavy,3102,1,0.948,
3773.3,heavy,3103,0,4.339,
3776.7,heavy,3101,0,3.466,
3780.0,heavy,3102,0,0.945,
3783.3,heavy,3103,1,3.688,
3786.7,heavy,3101,0,3.102,
3790.0,heavy,3102,0,1.049,
3793.3,heavy,3103,0,4.035,
3796.7,heavy,3101,0,4.163,
3800.0,light-3,3102,1,1.697,
3800.0,light-1,3103,1,2.227,
3800.0,light-2,3101,1,2.413,
3800.0,light-4,3103,1,2.459,
3800.0,light-5,3101,1,2.789,
3800.0,heavy,3102,1,1.500,
3803.3,heavy,3102,1,1.039,
3806.7,heavy,3103,0,5.130,
3810.0,heavy,3101,0,4.069,
3813.3,heavy,3102,1,1.543,
3816.7,heavy,3103,0,3.245,
3820.0,heavy,3101,0,3.540,
3823.3,heavy,3102,1,1.044,
3826.7,heavy,3103,1,4.989,
3830.0,heavy,3101,0,4.130,
3833.3,heavy,3102,0,1.354,
3836.7,heavy,3103,0,3.430,
3840.0,heavy,3101,0,3.119,
3843.3,heavy,3102,1,0.845,
3846.7,heavy,3103,0,3.669,
3850.0,heavy,3101,0,3.510,
3853.3,heavy,3102,1,1.361,
3856.7,heavy,3103,1,5.396,
3860.0,heavy,3101,0,4.375,
3863.3,heavy,3102,0,1.323,
3866.7,heavy,3103,0,2.064,
3870.0,heavy,3101,0,3.569,
3873.3,heavy,3102,1,1.176,
3876.7,heavy,3103,0,3.217,
3880.0,heavy,3101,0,2.839,
3883.3,heavy,3102,1,1.048,
3886.7,heavy,3103,1,4.511,
3890.0,heavy,3101,0,3.605,
3893.3,heavy,3102,0,1.334,
3896.7,heavy,3103,0,1.949,
3900.0,light-2,3102,1,2.015,
3900.0,light-5,3102,1,2.093,
3900.0,light-3,3103,1,2.582,
3900.0,light-1,3101,1,2.803,
3900.0,light-4,3101,1,2.831,
3900.0,heavy,3101,0,4.729,
3903.3,heavy,3102,1,1.620,
3906.7,heavy,3103,0,3.978,
3910.0,heavy,3103,0,2.686,
3913.3,heavy,3101,1,5.668,
3916.7,heavy,3102,1,1.408,
3920.0,heavy,3103,0,4.666,
3923.3,heavy,3101,0,5.429,
3926.7,heavy,3102,0,1.077,
3930.0,heavy,3103,0,3.774,
3933.3,heavy,3101,0,3.900,
3936.7,heavy,3102,1,1.269,
3940.0,heavy,3103,0,2.380,
3943.3,heavy,3101,1,4.609,
3946.7,heavy,3102,1,1.292,
3950.0,heavy,3103,0,3.791,
3953.3,heavy,3101,0,4.307,
3956.7,heavy,3102,0,1.489,
3960.0,heavy,3103,0,3.654,
3963.3,heavy,3101,0,4.109,
3966.7,heavy,3102,1,1.363,
3970.0,heavy,3103,0,2.447,
3973.3,heavy,3101,1,9.283,
3976.7,heavy,3102,0,1.170,
3980.0,heavy,3103,1,4.068,
3983.3,heavy,3101,0,3.497,
3986.7,heavy,3102,0,1.124,
3990.0,heavy,3103,0,4.325,
3993.3,heavy,3101,0,4.618,
3996.7,heavy,3102,1,1.699,
4000.0,light-2,3102,1,2.016,
4000.0,light-5,3102,1,2.231,
4000.0,light-1,3101,1,2.872,
4000.0,light-3,3103,1,2.958,
4000.0,light-4,3101,1,3.077,
4000.0,heavy,3103,0,4.370,
4003.3,heavy,3103,1,3.975,
4006.7,heavy,3101,0,3.057,
4010.0,heavy,3102,0,1.056,
4013.3,heavy,3103,1,4.730,
4016.7,heavy,3101,0,3.282,
4020.0,heavy,3102,0,0.809,
4023.3,heavy,3103,1,3.849,
4026.7,heavy,3101,0,3.230,
4030.0,heavy,3102,0,1.151,
4033.3,heavy,3103,0,4.456,
4036.7,heavy,3101,0,3.650,
4040.0,heavy,3102,1,1.269,
4043.3,heavy,3103,1,3.823,
4046.7,heavy,3101,0,3.356,
4050.0,heavy,3102,0,0.954,
4053.3,heavy,3103,1,3.447,
4056.7,heavy,3101,0,2.408,
4060.0,heavy,3102,0,0.700,
4063.3,heavy,3103,0,3.272,
4066.7,heavy,3101,1,3.236,
4070.0,heavy,3102,1,1.059,
4073.3,heavy,3103,0,2.244,
4076.7,heavy,3101,0,14.051,
4080.0,heavy,3102,1,11.042,
4083.3,heavy,3103,0,13.126,
4086.7,heavy,3101,0,14.020,
4090.0,heavy,3102,1,12.770,
4093.3,heavy,3103,0,25.025,
4096.7,heavy,3101,0,11.644,
4100.0,light-1,3102,1,11.333,
4100.0,light-2,3103,1,11.831,
4100.0,light-3,3101,1,11.871,
4100.0,light-4,3102,1,13.864,
4100.0,light-5,3103,1,15.095,
4100.0,heavy,3102,1,11.058,
4103.3,heavy,3103,1,11.317,
4106.7,heavy,3101,0,11.596,
4110.0,heavy,3101,0,3.575,
4113.3,heavy,3102,1,3.027,
4116.7,heavy,3103,0,5.034,
4120.0,heavy,3101,0,3.293,
4123.3,heavy,3102,0,2.843,
4126.7,heavy,3103,0,2.061,
4130.0,heavy,3101,0,2.929,
4133.3,heavy,3102,1,1.300,
4136.7,heavy,3103,0,3.027,
4140.0,heavy,3101,0,1.635,
4143.3,heavy,3102,1,3.016,
4146.7,heavy,3103,0,4.666,
4150.0,heavy,3101,0,4.371,
4153.3,heavy,3102,1,3.075,
4156.7,heavy,3103,0,2.025,
4160.0,heavy,3101,0,3.550,
4163.3,heavy,3102,1,1.249,
4166.7,heavy,3103,0,3.795,
4170.0,heavy,3101,0,3.901,
4173.3,heavy,3102,1,1.366,
4176.7,heavy,3103,0,2.285,
4180.0,heavy,3101,0,3.117,
4183.3,heavy,3102,1,0.921,
4186.7,heavy,3103,0,3.240,
4190.0,heavy,3101,0,3.452,
4193.3,heavy,3102,1,0.770,
4196.7,heavy,3103,0,5.950,
4200.0,light-5,3101,1,3.612,
4200.0,light-3,3102,1,6.308,
4200.0,light-1,3103,1,7.064,
4200.0,light-2,3101,1,7.280,
4200.0,light-4,3103,1,7.755,
4200.0,heavy,3101,0,5.335,
4203.3,heavy,3102,1,1.492,
4206.7,heavy,3102,0,1.660,
4210.0,heavy,3103,0,4.251,
4213.3,heavy,3101,1,4.269,
4216.7,heavy,3102,0,1.257,
4220.0,heavy,3103,0,3.574,
4223.3,heavy,3101,1,3.899,
4226.7,heavy,3102,0,1.262,
4230.0,heavy,3103,1,5.086,
4233.3,heavy,3101,0,4.157,
4236.7,heavy,3102,0,1.033,
4240.0,heavy,3103,0,3.600,
4243.3,heavy,3101,1,4.125,
4246.7,heavy,3102,0,1.013,
4250.0,heavy,3103,0,3.823,
4253.3,heavy,3101,1,4.467,
4256.7,heavy,3102,0,0.963,
4260.0,heavy,3103,1,5.163,
4263.3,heavy,3101,0,4.136,
4266.7,heavy,3102,0,1.512,
4270.0,heavy,3103,0,2.186,
4273.3,heavy,3101,1,4.412,
4276.7,heavy,3102,1,1.417,
4280.0,heavy,3103,0,3.876,
4283.3,heavy,3101,0,2.812,
4286.7,heavy,3102,1,1.512,
4290.0,heavy,3103,0,4.720,
4293.3,heavy,3101,0,3.424,
4296.7,heavy,3102,0,1.351,
4300.0,light-1,3101,1,1.257,
4300.0,light-3,3103,1,2.301,
4300.0,light-4,3101,1,5.161,
4300.0,light-2,3102,1,5.865,
4300.0,light-5,3102,1,6.273,
4300.0,heavy,3103,1,6.285,
4303.3,heavy,3103,0,3.818,
4306.7,heavy,3101,0,2.919,
4310.0,heavy,3102,0,0.934,
4313.3,heavy,3103,1,4.412,
4316.7,heavy,3101,0,3.517,
4320.0,heavy,3102,0,1.461,
4323.3,heavy,3103,0,3.940,
4326.7,heavy,3101,1,4.317,
4330.0,heavy,3102,0,1.168,
4333.3,heavy,3103,1,4.709,
4336.7,heavy,3101,0,3.923,
4340.0,heavy,3102,1,1.277,
4343.3,heavy,3103,0,4.508,
4346.7,heavy,3101,0,3.209,
4350.0,heavy,3102,0,0.855,
4353.3,heavy,3103,0,3.524,
4356.7,heavy,3101,1,8.178,
4360.0,heavy,3102,1,0.975,
4363.3,heavy,3103,0,3.086,
4366.7,heavy,3101,0,4.313,
4370.0,heavy,3102,0,0.968,
4373.3,heavy,3103,1,4.294,
4376.7,heavy,3101,0,5.270,
4380.0,heavy,3102,1,1.117,
4383.3,heavy,3103,0,3.540,
4386.7,heavy,3101,0,5.019,
4390.0,heavy,3102,0,1.349,
4393.3,heavy,3103,1,4.641,
4396.7,heavy,3101,0,5.033,
4400.0,light-2,3102,1,2.527,
4400.0,light-1,3101,1,2.758,
4400.0,light-4,3101,1,2.856,
4400.0,light-5,3102,1,2.998,
4400.0,light-3,3103,1,3.220,
4400.0,heavy,3102,1,2.524,
4403.3,heavy,3103,0,4.498,
4406.7,heavy,3103,0,3.997,
4410.0,heavy,3101,0,3.446,
4413.3,heavy,3102,1,0.934,
4416.7,heavy,3103,0,3.335,
4420.0,heavy,3101,1,4.016,
4423.3,heavy,3102,0,1.190,
4426.7,heavy,3103,0,4.541,
4430.0,heavy,3101,0,3.646,
4433.3,heavy,3102,1,1.244,
4436.7,heavy,3103,0,4.321,
4440.0,heavy,3101,0,3.520,
4443.3,heavy,3102,1,1.295,
4446.7,heavy,3103,0,3.731,
4450.0,heavy,3101,1,4.363,
4453.3,heavy,3102,0,1.562,
4456.7,heavy,3103,0,3.232,
4460.0,heavy,3101,0,3.052,
4463.3,heavy,3102,1,0.810,
4466.7,heavy,3103,0,3.294,
4470.0,heavy,3101,0,3.036,
4473.3,heavy,3102,1,1.161,
4476.7,heavy,3103,0,4.560,
4480.0,heavy,3101,0,3.557,
4483.3,heavy,3102,1,1.335,
4486.7,heavy,3103,0,3.577,
4490.0,heavy,3101,0,3.471,
4493.3,heavy,3102,1,1.041,
4496.7,heavy,3103,0,4.939,
4500.0,light-1,3103,1,1.908,
4500.0,light-3,3102,1,1.958,
4500.0,light-4,3103,1,2.023,
4500.0,light-2,3101,1,3.673,
4500.0,light-5,3101,1,4.234,
4500.0,heavy,3101,0,5.360,
4503.3,heavy,3102,1,1.801,
4506.7,heavy,3102,0,1.165,
4510.0,heavy,3103,0,5.330,
4513.3,heavy,3101,1,5.959,
4516.7,heavy,3102,0,1.008,
4520.0,heavy,3103,1,5.394,
4523.3,heavy,3101,0,3.658,
4526.7,heavy,3102,0,1.614,
4530.0,heavy,3103,0,3.794,
4533.3,heavy,3101,1,4.023,
4536.7,heavy,3102,0,0.951,
4540.0,heavy,3103,0,3.035,
4543.3,heavy,3101,0,2.979,
4546.7,heavy,3102,1,1.000,
4550.0,heavy,3103,1,3.491,
4553.3,heavy,3101,0,2.938,
4556.7,heavy,3102,1,1.171,
4560.0,heavy,3103,0,3.227,
4563.3,heavy,3101,0,1.843,
4566.7,heavy,3102,1,1.618,
4570.0,heavy,3103,0,3.807,
4573.3,heavy,3101,0,3.173,
4576.7,heavy,3102,0,1.605,
4580.0,heavy,3103,0,4.366,
4583.3,heavy,3101,1,4.968,
4586.7,heavy,3102,0,1.166,
4590.0,heavy,3103,0,3.274,
4593.3,heavy,3101,1,3.020,
4596.7,heavy,3102,0,0.728,
4600.0,light-1,3101,1,2.105,
4600.0,light-2,3102,1,2.234,
4600.0,light-5,3102,1,2.354,
4600.0,light-4,3101,1,2.592,
4600.0,light-3,3103,1,2.797,
4600.0,heavy,3103,0,3.477,
4603.3,heavy,3103,1,5.703,
4606.7,heavy,3101,0,6.214,
4610.0,heavy,3102,1,2.117,
4613.3,heavy,3103,0,6.241,
4616.7,heavy,3101,0,4.316,
4620.0,heavy,3102,0,1.470,
4623.3,heavy,3103,0,3.550,
4626.7,heavy,3101,0,5.628,
4630.0,heavy,3102,1,1.377,
4633.3,heavy,3103,1,4.876,
4636.7,heavy,3101,0,3.439,
4640.0,heavy,3102,0,1.083,
4643.3,heavy,3103,1,5.153,
4646.7,heavy,3101,0,3.756,
4650.0,heavy,3102,1,1.883,
4653.3,heavy,3103,0,4.793,
4656.7,heavy,3101,0,2.898,
4660.0,heavy,3102,0,0.814,
4663.3,heavy,3103,1,2.070,
4666.7,heavy,3101,0,3.082,
4670.0,heavy,3102,0,1.231,
4673.3,heavy,3103,1,4.818,
4676.7,heavy,3101,0,3.569,
4680.0,heavy,3102,0,0.894,
4683.3,heavy,3103,1,5.472,
4686.7,heavy,3101,0,3.415,
4690.0,heavy,3102,0,1.353,
4693.3,heavy,3103,0,7.358,
4696.7,heavy,3101,1,5.827,
4700.0,light-2,3102,1,1.973,
4700.0,light-5,3102,1,2.218,
4700.0,light-1,3101,1,2.787,
4700.0,light-4,3101,1,3.006,
4700.0,light-3,3103,1,4.581,
4700.0,heavy,3102,1,1.856,
4703.3,heavy,3103,0,7.516,
4706.7,heavy,3103,0,4.460,
4710.0,heavy,3101,0,3.764,
4713.3,heavy,3102,1,0.940,
4716.7,heavy,3103,0,4.856,
4720.0,heavy,3101,0,3.252,
4723.3,heavy,3102,1,1.094,
4726.7,heavy,3103,0,3.503,
4730.0,heavy,3101,0,3.036,
4733.3,heavy,3102,1,1.123,
4736.7,heavy,3103,0,2.216,
4740.0,heavy,3101,0,3.070,
4743.3,heavy,3102,1,1.215,
4746.7,heavy,3103,0,3.444,
4750.0,heavy,3101,0,3.300,
4753.3,heavy,3102,1,1.067,
4756.7,heavy,3103,0,4.523,
4760.0,heavy,3101,0,3.654,
4763.3,heavy,3102,1,1.350,
4766.7,heavy,3103,0,4.057,
4770.0,heavy,3101,0,2.975,
4773.3,heavy,3102,1,1.112,
4776.7,heavy,3103,0,4.121,
4780.0,heavy,3101,1,4.462,
4783.3,heavy,3102,0,0.927,
4786.7,heavy,3103,0,2.625,
4790.0,heavy,3101,0,2.796,
4793.3,heavy,3102,1,0.970,
4796.7,heavy,3103,0,25.374,
4800.0,light-4,3102,1,2.013,
4800.0,light-1,3102,1,3.859,
4800.0,light-2,3103,1,23.448,
4800.0,light-5,3103,1,26.924,
4800.0,light-3,3101,1,27.763,
4800.0,heavy,3101,0,3.792,
4803.3,heavy,3101,1,3.734,
4806.7,heavy,3102,0,0.753,
4810.0,heavy,3103,0,20.586,
4813.3,heavy,3101,1,13.782,
4816.7,heavy,3102,1,0.983,
4820.0,heavy,3103,0,10.485,
4823.3,heavy,3101,0,4.085,
4826.7,heavy,3102,0,6.027,
4830.0,heavy,3103,0,2.749,
4833.3,heavy,3101,1,3.047,
4836.7,heavy,3102,0,0.878,
4840.0,heavy,3103,0,3.054,
4843.3,heavy,3101,1,3.305,
4846.7,heavy,3102,0,1.011,
4850.0,heavy,3103,0,3.255,
4853.3,heavy,3101,0,2.602,
4856.7,heavy,3102,1,1.104,
4860.0,heavy,3103,0,3.094,
4863.3,heavy,3101,1,3.051,
4866.7,heavy,3102,0,0.772,
4870.0,heavy,3103,1,4.787,
4873.3,heavy,3101,0,4.344,
4876.7,heavy,3102,0,1.187,
4880.0,heavy,3103,1,7.477,
4883.3,heavy,3101,0,3.211,
4886.7,heavy,3102,0,0.915,
4890.0,heavy,3103,0,3.216,
4893.3,heavy,3101,1,3.299,
4896.7,heavy,3102,0,0.898,
4900.0,light-2,3102,1,2.090,
4900.0,light-5,3102,1,2.167,
4900.0,light-1,3101,1,2.504,
4900.0,light-3,3103,1,2.567,
4900.0,light-4,3101,1,2.659,
4900.0,heavy,3103,1,4.462,
4903.3,heavy,3101,0,3.629,
4906.7,heavy,3102,1,1.633,
4910.0,heavy,3103,0,4.318,
4913.3,heavy,3103,0,2.954,
4916.7,heavy,3101,0,3.362,
4920.0,heavy,3102,0,1.118,
4923.3,heavy,3103,1,4.152,
4926.7,heavy,3101,0,3.352,
4930.0,heavy,3102,0,9.323,
4933.3,heavy,3103,1,3.132,
4936.7,heavy,3101,0,2.910,
4940.0,heavy,3102,0,2.461,
4943.3,heavy,3103,1,2.155,
4946.7,heavy,3101,0,3.573,
4950.0,heavy,3102,1,1.217,
4953.3,heavy,3103,0,3.958,
4956.7,heavy,3101,0,3.744,
4960.0,heavy,3102,0,0.792,
4963.3,heavy,3103,0,4.308,
4966.7,heavy,3101,1,3.258,
4970.0,heavy,3102,1,1.150,
4973.3,heavy,3103,0,3.203,
4976.7,heavy,3101,0,2.865,
4980.0,heavy,3102,1,1.564,
4983.3,heavy,3103,0,3.160,
4986.7,heavy,3101,0,3.690,
4990.0,heavy,3102,0,1.073,
4993.3,heavy,3103,0,4.621,
4996.7,heavy,3101,0,3.770,
5000.0,heavy,3102,1,1.385,
5000.0,light-3,3102,1,1.534,
5000.0,light-1,3103,1,2.216,
5000.0,light-2,3101,1,2.312,
5000.0,light-4,3103,1,2.398,
5000.0,light-5,3101,1,2.490,
5003.3,heavy,3102,1,1.116,
5006.7,heavy,3103,0,3.497,
5010.0,heavy,3101,0,2.749,
5013.3,heavy,3102,1,1.319,
5016.7,heavy,3103,0,4.932,
5020.0,heavy,3101,0,2.892,
5023.3,heavy,3102,1,1.002,
5026.7,heavy,3103,0,4.380,
5030.0,heavy,3101,0,3.230,
5033.3,heavy,3102,1,1.081,
5036.7,heavy,3103,0,3.739,
5040.0,heavy,3101,0,3.117,
5043.3,heavy,3102,1,1.153,
5046.7,heavy,3103,0,3.554,
5050.0,heavy,3101,0,3.626,
5053.3,heavy,3102,1,0.931,
5056.7,heavy,3103,0,3.995,
5060.0,heavy,3101,0,3.377,
5063.3,heavy,3102,1,1.446,
5066.7,heavy,3103,0,2.317,
5070.0,heavy,3101,1,4.480,
5073.3,heavy,3102,1,1.502,
5076.7,heavy,3103,0,4.415,
5080.0,heavy,3101,0,4.579,
5083.3,heavy,3102,0,1.374,
5086.7,heavy,3103,0,3.613,
5090.0,heavy,3101,0,4.879,
5093.3,heavy,3102,1,1.835,
5096.7,heavy,3103,0,4.558,
5100.0,heavy,3101,0,3.534,
5100.0,light-1,3102,1,1.552,
5100.0,light-2,3103,1,1.595,
5100.0,light-4,3102,1,1.524,
5100.0,light-5,3103,1,1.589,
5100.0,light-3,3101,1,2.132,
5103.3,heavy,3101,1,3.913,
5106.7,heavy,3102,0,0.933,
5110.0,heavy,3103,1,4.585,
5113.3,heavy,3101,0,3.815,
5116.7,heavy,3102,0,0.873,
5120.0,heavy,3103,0,2.935,
5123.3,heavy,3101,1,3.608,
5126.7,heavy,3102,0,0.874,
5130.0,heavy,3103,1,4.716,
5133.3,heavy,3101,0,3.736,
5136.7,heavy,3102,1,1.713,
5140.0,heavy,3103,0,4.461,
5143.3,heavy,3101,0,4.123,
5146.7,heavy,3102,0,0.998,
5150.0,heavy,3103,0,3.836,
5153.3,heavy,3101,0,3.277,
5156.7,heavy,3102,1,1.304,
5160.0,heavy,3103,0,2.352,
5163.3,heavy,3101,1,3.791,
5166.7,heavy,3102,1,1.181,
5170.0,heavy,3103,0,2.878,
5173.3,heavy,3101,0,3.416,
5176.7,heavy,3102,0,0.946,
5180.0,heavy,3103,0,3.355,
5183.3,heavy,3101,0,3.495,
5186.7,heavy,3102,1,1.061,
5190.0,heavy,3103,0,2.886,
5193.3,heavy,3101,1,4.598,
5196.7,heavy,3102,1,1.682,
5200.0,heavy,3103,0,3.968,
5200.0,light-1,3102,1,1.707,
5200.0,light-4,3102,1,1.924,
5200.0,light-3,3101,1,2.482,
5200.0,light-2,3103,1,2.662,
5200.0,light-5,3103,1,2.654,
5203.3,heavy,3101,0,4.263,
5206.7,heavy,3101,0,3.351,
5210.0,heavy,3102,0,0.939,
5213.3,heavy,3103,0,3.723,
5216.7,heavy,3101,0,3.053,
5220.0,heavy,3102,1,1.556,
5223.3,heavy,3103,1,2.857,
5226.7,heavy,3101,0,2.851,
5230.0,heavy,3102,1,1.388,
5233.3,heavy,3103,0,3.215,
5236.7,heavy,3101,0,2.289,
5240.0,heavy,3102,1,1.343,
5243.3,heavy,3103,0,3.540,
5246.7,heavy,3101,0,3.027,
5250.0,heavy,3102,0,1.252,
5253.3,heavy,3103,1,3.641,
5256.7,heavy,3101,0,3.404,
5260.0,heavy,3102,0,1.213,
5263.3,heavy,3103,1,3.841,
5266.7,heavy,3101,0,4.154,
5270.0,heavy,3102,0,1.067,
5273.3,heavy,3103,1,3.880,
5276.7,heavy,3101,0,3.645,
5280.0,heavy,3102,0,1.027,
5283.3,heavy,3103,0,3.653,
5286.7,heavy,3101,1,4.635,
5290.0,heavy,3102,1,1.256,
5293.3,heavy,3103,0,4.302,
5296.7,heavy,3101,0,4.624,
5300.0,heavy,3102,0,1.488,
5300.0,light-5,3101,1,2.501,
5300.0,light-1,3103,1,4.415,
5300.0,light-2,3101,1,4.496,
5300.0,light-3,3102,1,4.601,
5300.0,light-4,3103,1,4.915,
5303.3,heavy,3102,1,0.838,
5306.7,heavy,3103,0,3.226,
5310.0,heavy,3101,0,2.774,
5313.3,heavy,3102,1,1.066,
5316.7,heavy,3103,0,3.515,
5320.0,heavy,3101,0,2.867,
5323.3,heavy,3102,1,1.349,
5326.7,heavy,3103,0,3.237,
5330.0,heavy,3101,0,1.635,
5333.3,heavy,3102,1,1.717,
5336.7,heavy,3103,0,3.308,
5340.0,heavy,3101,0,3.749,
5343.3,heavy,3102,1,1.684,
5346.7,heavy,3103,0,2.901,
5350.0,heavy,3101,0,2.522,
5353.3,heavy,3102,1,0.897,
5356.7,heavy,3103,0,3.272,
5360.0,heavy,3101,0,3.729,
5363.3,heavy,3102,1,0.984,
5366.7,heavy,3103,0,3.686,
5370.0,heavy,3101,0,3.965,
5373.3,heavy,3102,1,1.245,
5376.7,heavy,3103,0,3.576,
5380.0,heavy,3101,0,3.267,
5383.3,heavy,3102,1,1.207,
5386.7,heavy,3103,0,3.206,
5390.0,heavy,3101,0,3.627,
5393.3,heavy,3102,1,1.099,
5396.7,heavy,3103,0,5.060,
5400.0,heavy,3101,0,6.168,
5400.0,light-3,3103,1,2.269,
5400.0,light-1,3101,1,2.863,
5400.0,light-2,3102,1,5.333,
5400.0,light-4,3101,1,6.057,
5400.0,light-5,3102,1,6.205,
5403.3,heavy,3102,1,1.212,
5406.7,heavy,3103,0,5.016,
5410.0,heavy,3103,0,2.756,
5413.3,heavy,3101,1,3.270,
5416.7,heavy,3102,0,0.842,
5420.0,heavy,3103,1,4.418,
5423.3,heavy,3101,0,2.885,
5426.7,heavy,3102,0,0.948,
5430.0,heavy,3103,0,2.997,
5433.3,heavy,3101,1,3.947,
5436.7,heavy,3102,0,0.924,
5440.0,heavy,3103,0,3.839,
5443.3,heavy,3101,1,4.473,
5446.7,heavy,3102,1,1.254,
5450.0,heavy,3103,0,4.121,
5453.3,heavy,3101,0,4.424,
5456.7,heavy,3102,0,1.229,
5460.0,heavy,3103,0,4.302,
5463.3,heavy,3101,0,2.971,
5466.7,heavy,3102,1,1.028,
5470.0,heavy,3103,0,3.064,
5473.3,heavy,3101,1,4.496,
5476.7,heavy,3102,1,1.416,
5480.0,heavy,3103,0,3.655,
5483.3,heavy,3101,0,4.211,
5486.7,heavy,3102,0,1.274,
5490.0,heavy,3103,0,3.011,
5493.3,heavy,3101,0,3.850,
5496.7,heavy,3102,1,1.581,
5500.0,heavy,3103,0,3.629,
5500.0,light-2,3102,1,1.043,
5500.0,light-1,3101,1,1.307,
5500.0,light-5,3102,1,1.284,
5500.0,light-4,3101,1,2.151,
5500.0,light-3,3103,1,2.758,
5503.3,heavy,3103,1,5.839,
5506.7,heavy,3101,0,3.296,
5510.0,heavy,3102,0,1.139,
5513.3,heavy,3103,1,4.420,
5516.7,heavy,3101,0,2.872,
5520.0,heavy,3102,0,1.082,
5523.3,heavy,3103,1,4.469,
5526.7,heavy,3101,0,3.508,
5530.0,heavy,3102,0,0.997,
5533.3,heavy,3103,1,2.771,
5536.7,heavy,3101,0,3.286,
5540.0,heavy,3102,0,1.084,
5543.3,heavy,3103,1,4.437,
5546.7,heavy,3101,0,2.980,
5550.0,heavy,3102,0,1.045,
5553.3,heavy,3103,1,3.399,
5556.7,heavy,3101,0,3.414,
5560.0,heavy,3102,0,1.202,
5563.3,heavy,3103,0,3.823,
5566.7,heavy,3101,1,8.807,
5570.0,heavy,3102,1,1.430,
5573.3,heavy,3103,0,3.988,
5576.7,heavy,3101,0,9.184,
5580.0,heavy,3102,0,1.029,
5583.3,heavy,3103,0,3.515,
5586.7,heavy,3101,1,2.026,
5590.0,heavy,3102,0,1.054,
5593.3,heavy,3103,0,4.672,
5596.7,heavy,3101,1,4.796,
5600.0,heavy,3102,1,1.487,
5600.0,light-1,3102,1,1.903,
5600.0,light-4,3102,1,1.926,
5600.0,light-2,3103,1,2.597,
5600.0,light-3,3101,1,2.705,
5600.0,light-5,3103,1,2.898,
5603.3,heavy,3103,0,4.484,
5606.7,heavy,3101,0,4.738,
5610.0,heavy,3101,0,3.406,
5613.3,heavy,3102,1,0.844,
5616.7,heavy,3103,0,4.049,
5620.0,heavy,3101,0,4.366,
5623.3,heavy,3102,1,1.724,
5626.7,heavy,3103,0,3.753,
5630.0,heavy,3101,0,3.520,
5633.3,heavy,3102,1,1.217,
5636.7,heavy,3103,0,3.764,
5640.0,heavy,3101,1,3.667,
5643.3,heavy,3102,0,1.114,
5646.7,heavy,3103,0,3.332,
5650.0,heavy,3101,0,3.154,
5653.3,heavy,3102,1,1.070,
5656.7,heavy,3103,1,6.873,
5660.0,heavy,3101,0,5.067,
5663.3,heavy,3102,1,2.040,
5666.7,heavy,3103,0,6.831,
5670.0,heavy,3101,0,5.676,
5673.3,heavy,3102,0,1.082,
5676.7,heavy,3103,0,2.624,
5680.0,heavy,3101,0,3.536,
5683.3,heavy,3102,1,1.258,
5686.7,heavy,3103,0,3.262,
5690.0,heavy,3101,0,3.485,
5693.3,heavy,3102,1,1.072,
5696.7,heavy,3103,1,5.370,
5700.0,heavy,3101,0,4.002,
5700.0,light-1,3102,1,1.582,
5700.0,light-4,3102,1,1.641,
5700.0,light-2,3103,1,2.930,
5700.0,light-3,3101,1,3.455,
5700.0,light-5,3103,1,3.569,
5703.3,heavy,3101,0,3.953,
5706.7,heavy,3102,0,1.043,
5710.0,heavy,3103,0,4.035,
5713.3,heavy,3101,0,3.264,
5716.7,heavy,3102,1,1.760,
5720.0,heavy,3103,0,3.081,
5723.3,heavy,3101,1,3.753,
5726.7,heavy,3102,0,0.865,
5730.0,heavy,3103,1,3.925,
5733.3,heavy,3101,0,2.832,
5736.7,heavy,3102,0,1.131,
5740.0,heavy,3103,0,2.708,
5743.3,heavy,3101,0,3.343,
5746.7,heavy,3102,1,1.048,
5750.0,heavy,3103,0,2.700,
5753.3,heavy,3101,1,3.386,
5756.7,heavy,3102,0,0.888,
5760.0,heavy,3103,0,3.976,
5763.3,heavy,3101,1,4.191,
5766.7,heavy,3102,0,1.039,
5770.0,heavy,3103,0,3.841,
5773.3,heavy,3101,0,3.060,
5776.7,heavy,3102,1,1.721,
5780.0,heavy,3103,0,1.819,
5783.3,heavy,3101,1,4.297,
5786.7,heavy,3102,1,1.229,
5790.0,heavy,3103,0,3.313,
5793.3,heavy,3101,0,4.117,
5796.7,heavy,3102,0,1.195,
5800.0,heavy,3103,0,3.130,
5800.0,light-2,3102,1,1.430,
5800.0,light-5,3102,1,1.500,
5800.0,light-1,3101,1,1.955,
5800.0,light-3,3103,1,1.983,
5800.0,light-4,3101,1,2.057,
5803.3,heavy,3101,0,3.359,
5806.7,heavy,3102,1,1.392,
5810.0,heavy,3103,0,2.831,
5813.3,heavy,3103,1,2.749,
5816.7,heavy,3101,0,2.755,
5820.0,heavy,3102,1,1.356,
5823.3,heavy,3103,0,2.922,
5826.7,heavy,3101,0,2.739,
5830.0,heavy,3102,0,0.931,
5833.3,heavy,3103,0,3.857,
5836.7,heavy,3101,1,3.673,
5840.0,heavy,3102,1,1.185,
5843.3,heavy,3103,0,3.697,
5846.7,heavy,3101,0,2.547,
5850.0,heavy,3102,0,1.548,
5853.3,heavy,3103,1,4.474,
5856.7,heavy,3101,0,3.438,
5860.0,heavy,3102,0,1.197,
5863.3,heavy,3103,1,4.360,
5866.7,heavy,3101,0,3.565,
5870.0,heavy,3102,1,1.213,
5873.3,heavy,3103,0,3.763,
5876.7,heavy,3101,0,2.721,
5880.0,heavy,3102,1,1.500,
5883.3,heavy,3103,0,3.848,
5886.7,heavy,3101,0,3.558,
5890.0,heavy,3102,0,1.119,
5893.3,heavy,3103,1,3.549,
5896.7,heavy,3101,0,3.532,
5900.0,heavy,3102,1,1.487,
5900.0,light-2,3102,1,1.622,
5900.0,light-5,3102,1,1.770,
5900.0,light-3,3103,1,2.214,
5900.0,light-1,3101,1,2.453,
5900.0,light-4,3101,1,2.447,
5903.3,heavy,3103,0,3.311,
5906.7,heavy,3103,0,2.784,
5910.0,heavy,3101,0,4.080,
5913.3,heavy,3102,1,1.277,
5916.7,heavy,3103,0,3.167,
5920.0,heavy,3101,0,2.560,
5923.3,heavy,3102,1,0.739,
5926.7,heavy,3103,0,3.206,
5930.0,heavy,3101,0,3.304,
5933.3,heavy,3102,1,1.362,
5936.7,heavy,3103,0,2.466,
5940.0,heavy,3101,0,3.539,
5943.3,heavy,3102,1,1.060,
5946.7,heavy,3103,0,4.495,
5950.0,heavy,3101,0,4.736,
5953.3,heavy,3102,1,1.176,
5956.7,heavy,3103,0,4.490,
5960.0,heavy,3101,0,4.872,
5963.3,heavy,3102,1,2.123,
5966.7,heavy,3103,0,5.076,
5970.0,heavy,3101,0,3.793,
5973.3,heavy,3102,1,1.201,
5976.7,heavy,3103,0,4.172,
5980.0,heavy,3101,0,4.338,
5983.3,heavy,3102,1,0.923,
5986.7,heavy,3103,0,3.235,
5990.0,heavy,3101,0,2.573,
5993.3,heavy,3102,1,1.022,
5996.7,heavy,3103,0,1.834,
6000.0,heavy,3101,0,6.272,
6000.0,light-2,3103,1,6.183,
6000.0,light-1,3102,1,6.321,
6000.0,light-4,3102,1,6.726,
6000.0,light-3,3101,1,6.881,
6000.0,light-5,3103,1,8.887,
6003.3,heavy,3102,1,5.900,
6006.7,heavy,3103,1,6.208,
6010.0,heavy,3101,0,6.042,
6013.3,heavy,3101,0,2.939,
6016.7,heavy,3102,0,0.751,
6020.0,heavy,3103,0,3.577,
6023.3,heavy,3101,1,4.072,
6026.7,heavy,3102,0,1.109,
6030.0,heavy,3103,0,3.372,
6033.3,heavy,3101,1,3.722,
6036.7,heavy,3102,0,1.389,
6040.0,heavy,3103,0,3.287,
6043.3,heavy,3101,1,3.568,
6046.7,heavy,3102,0,0.817,
6050.0,heavy,3103,0,3.555,
6053.3,heavy,3101,1,4.896,
6056.7,heavy,3102,0,1.109,
6060.0,heavy,3103,0,3.567,
6063.3,heavy,3101,1,4.793,
6066.7,heavy,3102,0,1.298,
6070.0,heavy,3103,0,3.746,
6073.3,heavy,3101,1,3.839,
6076.7,heavy,3102,1,1.480,
6080.0,heavy,3103,0,3.575,
6083.3,heavy,3101,0,2.319,
6086.7,heavy,3102,0,0.820,
6090.0,heavy,3103,0,4.219,
6093.3,heavy,3101,0,3.322,
6096.7,heavy,3102,1,1.534,
6100.0,heavy,3103,0,2.265,
6100.0,light-3,3103,1,1.064,
6100.0,light-2,3102,1,1.287,
6100.0,light-5,3102,1,1.499,
6100.0,light-1,3101,1,1.875,
6100.0,light-4,3101,1,2.092,
6103.3,heavy,3103,1,4.513,
6106.7,heavy,3101,0,3.712,
6110.0,heavy,3102,1,2.178,
6113.3,heavy,3103,0,4.346,
6116.7,heavy,3101,0,3.841,
6120.0,heavy,3102,0,1.088,
6123.3,heavy,3103,0,3.482,
6126.7,heavy,3101,0,4.005,
6130.0,heavy,3102,1,2.080,
6133.3,heavy,3103,1,3.174,
6136.7,heavy,3101,0,3.090,
6140.0,heavy,3102,0,1.140,
6143.3,heavy,3103,1,4.085,
6146.7,heavy,3101,0,3.011,
6150.0,heavy,3102,0,0.949,
6153.3,heavy,3103,0,3.117,
6156.7,heavy,3101,0,3.206,
6160.0,heavy,3102,1,1.191,
6163.3,heavy,3103,1,3.848,
6166.7,heavy,3101,0,2.975,
6170.0,heavy,3102,0,0.871,
6173.3,heavy,3103,1,4.063,
6176.7,heavy,3101,0,3.008,
6180.0,heavy,3102,0,1.602,
6183.3,heavy,3103,1,4.399,
6186.7,heavy,3101,0,3.641,
6190.0,heavy,3102,1,1.427,
6193.3,heavy,3103,0,2.840,
6196.7,heavy,3101,0,4.213,
6200.0,heavy,3102,1,1.542,
6200.0,light-1,3102,1,1.850,
6200.0,light-4,3102,1,2.185,
6200.0,light-3,3101,1,2.406,
6200.0,light-2,3103,1,2.577,
6200.0,light-5,3103,1,2.570,
6203.3,heavy,3103,0,4.016,
6206.7,heavy,3101,0,4.191,
6210.0,heavy,3101,0,2.375,
6213.3,heavy,3102,1,1.416,
6216.7,heavy,3103,0,3.188,
6220.0,heavy,3101,0,3.740,
6223.3,heavy,3102,1,1.327,
6226.7,heavy,3103,0,3.073,
6230.0,heavy,3101,0,2.989,
6233.3,heavy,3102,1,1.309,
6236.7,heavy,3103,0,2.627,
6240.0,heavy,3101,0,2.425,
6243.3,heavy,3102,1,1.371,
6246.7,heavy,3103,0,2.840,
6250.0,heavy,3101,0,3.377,
6253.3,heavy,3102,1,1.282,
6256.7,heavy,3103,0,3.074,
6260.0,heavy,3101,0,3.375,
6263.3,heavy,3102,1,1.108,
6266.7,heavy,3103,0,4.066,
6270.0,heavy,3101,0,3.245,
6273.3,heavy,3102,1,0.924,
6276.7,heavy,3103,0,3.275,
6280.0,heavy,3101,0,3.494,
6283.3,heavy,3102,1,1.141,
6286.7,heavy,3103,0,2.090,
6290.0,heavy,3101,0,3.787,
6293.3,heavy,3102,1,1.567,
6296.7,heavy,3103,0,3.945,
6300.0,heavy,3101,0,3.496,
6300.0,light-1,3102,1,1.752,
6300.0,light-4,3102,1,1.817,
6300.0,light-3,3101,1,2.415,
6300.0,light-2,3103,1,2.972,
6300.0,light-5,3103,1,2.990,
6303.3,heavy,3101,1,3.955,
6306.7,heavy,3102,0,0.887,
6310.0,heavy,3103,0,3.734,
6313.3,heavy,3101,0,3.888,
6316.7,heavy,3102,1,1.265,
6320.0,heavy,3103,0,2.985,
6323.3,heavy,3101,1,3.821,
6326.7,heavy,3102,0,0.845,
6330.0,heavy,3103,1,4.155,
6333.3,heavy,3101,0,3.937,
6336.7,heavy,3102,0,1.037,
6340.0,heavy,3103,0,3.079,
6343.3,heavy,3101,1,3.767,
6346.7,heavy,3102,0,0.875,
6350.0,heavy,3103,0,3.412,
6353.3,heavy,3101,1,3.865,
6356.7,heavy,3102,1,1.373,
6360.0,heavy,3103,0,3.618,
6363.3,heavy,3101,0,3.810,
6366.7,heavy,3102,0,1.044,
6370.0,heavy,3103,0,3.277,
6373.3,heavy,3101,0,3.255,
6376.7,heavy,3102,1,1.243,
6380.0,heavy,3103,0,2.674,
6383.3,heavy,3101,1,3.551,
6386.7,heavy,3102,1,1.294,
6390.0,heavy,3103,0,2.811,
6393.3,heavy,3101,0,3.183,
6396.7,heavy,3102,0,0.845,
6400.0,heavy,3103,0,3.494,
6400.0,light-2,3102,1,1.439,
6400.0,light-5,3102,1,1.590,
6400.0,light-1,3101,1,2.059,
6400.0,light-3,3103,1,2.126,
6400.0,light-4,3101,1,2.236,
6403.3,heavy,3101,0,3.614,
6406.7,heavy,3102,1,1.269,
6410.0,heavy,3103,0,3.581,
6413.3,heavy,3103,1,3.229,
6416.7,heavy,3101,0,3.306,
6420.0,heavy,3102,0,1.043,
6423.3,heavy,3103,1,3.326,
6426.7,heavy,3101,0,2.512,
6430.0,heavy,3102,0,0.798,
6433.3,heavy,3103,0,3.074,
6436.7,heavy,3101,0,3.365,
6440.0,heavy,3102,1,1.160,
6443.3,heavy,3103,1,3.871,
6446.7,heavy,3101,0,2.885,
6450.0,heavy,3102,0,1.037,
6453.3,heavy,3103,1,4.199,
6456.7,heavy,3101,0,3.310,
6460.0,heavy,3102,0,0.940,
6463.3,heavy,3103,1,3.699,
6466.7,heavy,3101,0,3.005,
6470.0,heavy,3102,1,1.212,
6473.3,heavy,3103,0,2.234,
6476.7,heavy,3101,0,4.275,
6480.0,heavy,3102,1,1.164,
6483.3,heavy,3103,0,2.680,
6486.7,heavy,3101,0,3.973,
6490.0,heavy,3102,0,0.943,
6493.3,heavy,3103,0,6.281,
6496.7,heavy,3101,0,4.377,
6500.0,heavy,3102,1,1.313,
6500.0,light-5,3101,1,3.513,
6500.0,light-2,3101,1,5.895,
6500.0,light-3,3102,1,5.977,
6500.0,light-1,3103,1,6.555,
6500.0,light-4,3103,1,8.970,
6503.3,heavy,3102,1,2.292,
6506.7,heavy,3103,0,6.498,
6510.0,heavy,3101,0,3.628,
6513.3,heavy,3102,1,0.833,
6516.7,heavy,3103,0,3.169,
6520.0,heavy,3101,0,3.549,
6523.3,heavy,3102,1,1.268,
6526.7,heavy,3103,0,3.436,
6530.0,heavy,3101,0,3.578,
6533.3,heavy,3102,1,1.566,
6536.7,heavy,3103,0,3.125,
6540.0,heavy,3101,0,3.569,
6543.3,heavy,3102,1,1.222,
6546.7,heavy,3103,0,2.975,
6550.0,heavy,3101,1,3.456,
6553.3,heavy,3102,0,1.267,
6556.7,heavy,3103,0,2.609,
6560.0,heavy,3101,1,7.127,
6563.3,heavy,3102,0,1.161,
6566.7,heavy,3103,0,3.241,
6570.0,heavy,3101,0,2.770,
6573.3,heavy,3102,1,1.402,
6576.7,heavy,3103,0,3.694,
6580.0,heavy,3101,0,3.110,
6583.3,heavy,3102,1,0.935,
6586.7,heavy,3103,0,3.717,
6590.0,heavy,3101,0,4.933,
6593.3,heavy,3102,1,1.320,
6596.7,heavy,3103,0,4.243,
6600.0,heavy,3101,0,3.781,
6600.0,light-1,3102,1,1.294,
6600.0,light-2,3103,1,1.344,
6600.0,light-4,3102,1,1.364,
6600.0,light-5,3103,1,1.406,
6600.0,light-3,3101,1,2.494,
6603.3,heavy,3101,1,4.042,
6606.7,heavy,3102,0,0.966,
6610.0,heavy,3103,1,4.563,
6613.3,heavy,3101,0,3.446,
6616.7,heavy,3102,0,1.127,
6620.0,heavy,3103,0,3.446,
6623.3,heavy,3101,1,4.367,
6626.7,heavy,3102,0,1.524,
6630.0,heavy,3103,1,4.845,
6633.3,heavy,3101,0,5.147,
6636.7,heavy,3102,1,2.113,
6640.0,heavy,3103,0,4.883,
6643.3,heavy,3101,0,3.052,
6646.7,heavy,3102,0,0.820,
6650.0,heavy,3103,0,3.497,
6653.3,heavy,3101,0,3.392,
6656.7,heavy,3102,1,1.747,
6660.0,heavy,3103,0,4.199,
6663.3,heavy,3101,1,3.508,
6666.7,heavy,3102,0,1.060,
6670.0,heavy,3103,0,3.980,
6673.3,heavy,3101,1,4.280,
6676.7,heavy,3102,0,1.038,
6680.0,heavy,3103,0,4.854,
6683.3,heavy,3101,0,4.053,
6686.7,heavy,3102,1,1.260,
6690.0,heavy,3103,0,3.356,
6693.3,heavy,3101,1,3.653,
6696.7,heavy,3102,0,0.859,
6700.0,heavy,3103,0,5.664,
6700.0,light-1,3102,1,1.437,
6700.0,light-4,3102,1,1.862,
6700.0,light-3,3101,1,2.489,
6700.0,light-2,3103,1,4.610,
6700.0,light-5,3103,1,4.850,
6703.3,heavy,3101,1,4.190,
6706.7,heavy,3101,0,3.406,
6710.0,heavy,3102,0,1.021,
6713.3,heavy,3103,0,4.188,
6716.7,heavy,3101,0,3.350,
6720.0,heavy,3102,1,1.197,
6723.3,heavy,3103,1,3.745,
6726.7,heavy,3101,0,2.681,
6730.0,heavy,3102,0,0.815,
6733.3,heavy,3103,0,3.402,
6736.7,heavy,3101,1,3.802,
6740.0,heavy,3102,0,1.182,
6743.3,heavy,3103,1,3.864,
6746.7,heavy,3101,0,3.409,
6750.0,heavy,3102,1,1.325,
6753.3,heavy,3103,0,2.233,
6756.7,heavy,3101,0,3.315,
6760.0,heavy,3102,1,1.371,
6763.3,heavy,3103,0,3.273,
6766.7,heavy,3101,0,3.061,
6770.0,heavy,3102,0,0.913,
6773.3,heavy,3103,0,3.542,
6776.7,heavy,3101,1,4.003,
6780.0,heavy,3102,1,1.277,
6783.3,heavy,3103,0,3.682,
6786.7,heavy,3101,0,2.294,
6790.0,heavy,3102,0,1.101,
6793.3,heavy,3103,0,4.066,
6796.7,heavy,3101,0,3.559,
6800.0,heavy,3102,1,1.388,
6800.0,light-3,3102,1,1.531,
6800.0,light-1,3103,1,2.437,
6800.0,light-2,3101,1,2.853,
6800.0,light-5,3101,1,2.876,
6800.0,light-4,3103,1,3.051,
6803.3,heavy,3102,0,0.868,
6806.7,heavy,3103,0,4.426,
6810.0,heavy,3101,1,4.476,
6813.3,heavy,3102,1,1.599,
6816.7,heavy,3103,0,2.608,
6820.0,heavy,3101,0,3.779,
6823.3,heavy,3102,1,1.421,
6826.7,heavy,3103,0,4.340,
6830.0,heavy,3101,1,5.285,
6833.3,heavy,3102,0,1.518,
6836.7,heavy,3103,0,3.659,
6840.0,heavy,3101,0,4.254,
6843.3,heavy,3102,1,1.293,
6846.7,heavy,3103,0,3.968,
6850.0,heavy,3101,0,3.087,
6853.3,heavy,3102,1,1.333,
6856.7,heavy,3103,1,4.136,
6860.0,heavy,3101,0,3.417,
6863.3,heavy,3102,0,1.316,
6866.7,heavy,3103,0,3.158,
6870.0,heavy,3101,0,2.931,
6873.3,heavy,3102,1,1.453,
6876.7,heavy,3103,0,3.242,
6880.0,heavy,3101,0,2.854,
6883.3,heavy,3102,1,1.004,
6886.7,heavy,3103,0,3.269,
6890.0,heavy,3101,0,3.499,
6893.3,heavy,3102,1,1.263,
6896.7,heavy,3103,0,3.139,
6900.0,heavy,3101,1,7.302,
6900.0,light-1,3101,1,2.641,
6900.0,light-3,3103,1,2.766,
6900.0,light-2,3102,1,6.654,
6900.0,light-5,3102,1,7.386,
6900.0,light-4,3101,1,7.963,
6903.3,heavy,3102,1,1.401,
6906.7,heavy,3103,0,6.057,
6910.0,heavy,3103,0,5.729,
6913.3,heavy,3101,0,5.791,
6916.7,heavy,3102,0,0.945,
6920.0,heavy,3103,0,3.178,
6923.3,heavy,3101,1,4.258,
6926.7,heavy,3102,0,0.897,
6930.0,heavy,3103,0,3.311,
6933.3,heavy,3101,0,3.551,
6936.7,heavy,3102,1,1.335,
6940.0,heavy,3103,0,3.315,
6943.3,heavy,3101,1,3.270,
6946.7,heavy,3102,0,1.098,
6950.0,heavy,3103,0,3.206,
6953.3,heavy,3101,0,3.210,
6956.7,heavy,3102,1,0.989,
6960.0,heavy,3103,0,2.845,
6963.3,heavy,3101,1,3.681,
6966.7,heavy,3102,1,1.148,
6970.0,heavy,3103,0,3.220,
6973.3,heavy,3101,0,2.402,
6976.7,heavy,3102,1,1.564,
6980.0,heavy,3103,0,3.145,
6983.3,heavy,3101,0,3.619,
6986.7,heavy,3102,0,1.439,
6990.0,heavy,3103,0,2.865,
6993.3,heavy,3101,1,3.155,
6996.7,heavy,3102,0,0.767,
7000.0,heavy,3103,0,3.096,
7000.0,light-1,3102,1,1.041,
7000.0,light-4,3102,1,2.035,
7000.0,light-2,3103,1,2.274,
7000.0,light-3,3101,1,2.359,
7000.0,light-5,3103,1,2.425,
7003.3,heavy,3101,1,3.397,
7006.7,heavy,3101,0,1.641,
7010.0,heavy,3102,1,1.365,
7013.3,heavy,3103,0,3.689,
7016.7,heavy,3101,0,3.843,
7020.0,heavy,3102,0,1.058,
7023.3,heavy,3103,0,3.792,
7026.7,heavy,3101,1,4.064,
7030.0,heavy,3102,1,1.280,
7033.3,heavy,3103,0,3.853,
7036.7,heavy,3101,0,1.522,
7040.0,heavy,3102,1,1.575,
7043.3,heavy,3103,0,3.236,
7046.7,heavy,3101,0,3.374,
7050.0,heavy,3102,0,0.897,
7053.3,heavy,3103,0,4.104,
7056.7,heavy,3101,1,4.499,
7060.0,heavy,3102,1,1.241,
7063.3,heavy,3103,0,4.208,
7066.7,heavy,3101,0,1.640,
7070.0,heavy,3102,0,0.889,
7073.3,heavy,3103,0,3.292,
7076.7,heavy,3101,0,3.371,
7080.0,heavy,3102,1,1.145,
7083.3,heavy,3103,1,3.792,
7086.7,heavy,3101,0,2.882,
7090.0,heavy,3102,0,1.013,
7093.3,heavy,3103,1,3.988,
7096.7,heavy,3101,0,3.416,
7100.0,heavy,3102,0,1.325,
7100.0,light-2,3101,1,1.314,
7100.0,light-1,3103,1,1.824,
7100.0,light-5,3101,1,1.777,
7100.0,light-3,3102,1,1.952,
7100.0,light-4,3103,1,2.004,
7103.3,heavy,3102,1,0.860,
7106.7,heavy,3103,0,3.792,
7110.0,heavy,3101,0,2.786,
7113.3,heavy,3102,1,1.292,
7116.7,heavy,3103,0,3.298,
7120.0,heavy,3101,0,3.333,
7123.3,heavy,3102,1,1.139,
7126.7,heavy,3103,0,1.949,
7130.0,heavy,3101,0,3.161,
7133.3,heavy,3102,1,1.755,
7136.7,heavy,3103,0,2.391,
7140.0,heavy,3101,0,2.889,
7143.3,heavy,3102,1,0.823,
7146.7,heavy,3103,0,3.928,
7150.0,heavy,3101,0,4.191,
7153.3,heavy,3102,1,1.769,
7156.7,heavy,3103,0,3.963,
7160.0,heavy,3101,0,2.425,
7163.3,heavy,3102,1,1.169,
7166.7,heavy,3103,0,3.391,
7170.0,heavy,3101,1,3.702,
7173.3,heavy,3102,0,0.970,
7176.7,heavy,3103,0,2.838,
7180.0,heavy,3101,0,3.185,
7183.3,heavy,3102,1,1.157,
7186.7,heavy,3103,0,3.090,
7190.0,heavy,3101,0,1.879,
7193.3,heavy,3102,1,1.713,
7196.7,heavy,3103,0,4.070,
7200.0,heavy,3101,0,4.631,
7200.0,light-3,3102,1,1.595,
7200.0,light-1,3103,1,2.551,
7200.0,light-4,3103,1,2.895,
7200.0,light-2,3101,1,3.124,
7200.0,light-5,3101,1,3.504,
7203.3,heavy,3102,1,1.561,
7206.7,heavy,3102,0,0.922,
7210.0,heavy,3103,0,3.607,
7213.3,heavy,3101,0,3.111,
7216.7,heavy,3102,1,1.159,
7220.0,heavy,3103,0,2.143,
7223.3,heavy,3101,1,3.496,
7226.7,heavy,3102,1,1.526,
7230.0,heavy,3103,0,2.836,
7233.3,heavy,3101,0,3.409,
7236.7,heavy,3102,0,1.103,
7240.0,heavy,3103,0,3.547,
7243.3,heavy,3101,0,2.761,
7246.7,heavy,3102,1,1.229,
7250.0,heavy,3103,0,3.183,
7253.3,heavy,3101,1,3.973,
7256.7,heavy,3102,0,0.776,
7260.0,heavy,3103,1,4.989,
7263.3,heavy,3101,0,3.933,
7266.7,heavy,3102,0,1.129,
7270.0,heavy,3103,0,1.533,
7273.3,heavy,3101,0,3.405,
7276.7,heavy,3102,1,1.151,
7280.0,heavy,3103,0,3.574,
7283.3,heavy,3101,1,3.644,
7286.7,heavy,3102,0,0.887,
7290.0,heavy,3103,0,3.434,
7293.3,heavy,3101,0,4.425,
7296.7,heavy,3102,1,1.164,
7300.0,heavy,3103,0,3.868,
7300.0,light-1,3101,1,1.196,
7300.0,light-2,3102,1,1.263,
7300.0,light-5,3102,1,1.593,
7300.0,light-4,3101,1,1.775,
7300.0,light-3,3103,1,2.604,
7303.3,heavy,3103,1,4.188,
7306.7,heavy,3101,0,2.603,
7310.0,heavy,3102,0,1.295,
7313.3,heavy,3103,1,3.952,
7316.7,heavy,3101,0,3.437,
7320.0,heavy,3102,1,1.372,
7323.3,heavy,3103,0,3.693,
7326.7,heavy,3101,0,3.402,
7330.0,heavy,3102,0,1.704,
7333.3,heavy,3103,1,4.697,
7336.7,heavy,3101,0,3.937,
7340.0,heavy,3102,1,1.472,
7343.3,heavy,3103,0,4.482,
7346.7,heavy,3101,0,2.765,
7350.0,heavy,3102,0,0.806,
7353.3,heavy,3103,0,3.192,
7356.7,heavy,3101,1,3.424,
7360.0,heavy,3102,0,1.053,
7363.3,heavy,3103,0,2.666,
7366.7,heavy,3101,1,1.956,
7370.0,heavy,3102,1,1.451,
7373.3,heavy,3103,0,2.679,
7376.7,heavy,3101,0,2.710,
7380.0,heavy,3102,0,1.009,
7383.3,heavy,3103,1,3.717,
7386.7,heavy,3101,0,3.273,
7390.0,heavy,3102,1,1.197,
7393.3,heavy,3103,0,2.315,
7396.7,heavy,3101,0,5.022,
7400.0,heavy,3102,1,1.457,
7400.0,light-2,3103,1,2.682,
7400.0,light-4,3102,1,2.979,
7400.0,light-1,3102,1,4.726,
7400.0,light-5,3103,1,5.676,
7400.0,light-3,3101,1,6.415,
7403.3,heavy,3103,0,4.481,
7406.7,heavy,3101,0,4.817,
7410.0,heavy,3101,0,2.118,
7413.3,heavy,3102,1,0.986,
7416.7,heavy,3103,1,4.285,
7420.0,heavy,3101,0,3.456,
7423.3,heavy,3102,0,1.086,
7426.7,heavy,3103,0,3.464,
7430.0,heavy,3101,0,3.285,
7433.3,heavy,3102,1,1.034,
7436.7,heavy,3103,0,3.171,
7440.0,heavy,3101,0,3.045,
7443.3,heavy,3102,1,1.189,
7446.7,heavy,3103,0,3.433,
7450.0,heavy,3101,0,3.790,
7453.3,heavy,3102,1,1.128,
7456.7,heavy,3103,0,3.035,
7460.0,heavy,3101,0,2.782,
7463.3,heavy,3102,1,0.933,
7466.7,heavy,3103,0,3.177,
7470.0,heavy,3101,1,3.803,
7473.3,heavy,3102,0,1.041,
7476.7,heavy,3103,0,2.690,
7480.0,heavy,3101,0,4.003,
7483.3,heavy,3102,1,0.999,
7486.7,heavy,3103,0,3.816,
7490.0,heavy,3101,0,3.774,
7493.3,heavy,3102,1,1.800,
7496.7,heavy,3103,0,3.540,
7500.0,heavy,3101,0,3.738,
7500.0,light-1,3102,1,1.837,
7500.0,light-4,3102,1,2.211,
7500.0,light-2,3103,1,2.484,
7500.0,light-3,3101,1,2.888,
7500.0,light-5,3103,1,2.992,
7503.3,heavy,3101,1,4.096,
7506.7,heavy,3102,0,0.996,
7510.0,heavy,3103,0,3.794,
7513.3,heavy,3101,1,4.076,
7516.7,heavy,3102,0,1.387,
7520.0,heavy,3103,0,2.536,
7523.3,heavy,3101,0,3.029,
7526.7,heavy,3102,1,1.235,
7530.0,heavy,3103,0,3.081,
7533.3,heavy,3101,1,3.502,
7536.7,heavy,3102,0,0.710,
7540.0,heavy,3103,0,3.328,
7543.3,heavy,3101,0,7.804,
7546.7,heavy,3102,1,1.022,
7550.0,heavy,3103,0,2.928,
7553.3,heavy,3101,1,4.680,
7556.7,heavy,3102,0,1.032,
7560.0,heavy,3103,0,3.457,
7563.3,heavy,3101,1,3.206,
7566.7,heavy,3102,0,1.013,
7570.0,heavy,3103,0,3.103,
7573.3,heavy,3101,0,3.216,
7576.7,heavy,3102,1,1.184,
7580.0,heavy,3103,0,1.780,
7583.3,heavy,3101,1,3.934,
7586.7,heavy,3102,1,1.141,
7590.0,heavy,3103,0,3.129,
7593.3,heavy,3101,0,3.744,
7596.7,heavy,3102,0,0.984,
7600.0,heavy,3103,0,5.775,
7600.0,light-5,3101,1,3.762,
7600.0,light-3,3102,1,5.481,
7600.0,light-2,3101,1,5.645,
7600.0,light-1,3103,1,5.862,
7600.0,light-4,3103,1,7.931,
7603.3,heavy,3101,0,4.823,
7606.7,heavy,3102,1,1.339,
7610.0,heavy,3102,0,2.510,
7613.3,heavy,3103,1,6.059,
7616.7,heavy,3101,0,2.928,
7620.0,heavy,3102,0,0.953,
7623.3,heavy,3103,1,4.857,
7626.7,heavy,3101,0,4.016,
7630.0,heavy,3102,1,1.700,
7633.3,heavy,3103,0,4.685,
7636.7,heavy,3101,0,4.241,
7640.0,heavy,3102,0,0.982,
7643.3,heavy,3103,1,3.660,
7646.7,heavy,3101,0,4.023,
7650.0,heavy,3102,1,1.723,
7653.3,heavy,3103,0,3.475,
7656.7,heavy,3101,0,3.116,
7660.0,heavy,3102,1,2.392,
7663.3,heavy,3103,0,3.977,
7666.7,heavy,3101,0,5.377,
7670.0,heavy,3102,0,1.566,
7673.3,heavy,3103,1,3.732,
7676.7,heavy,3101,0,3.182,
7680.0,heavy,3102,0,1.200,
7683.3,heavy,3103,1,4.078,
7686.7,heavy,3101,0,3.021,
7690.0,heavy,3102,0,1.088,
7693.3,heavy,3103,0,3.670,
7696.7,heavy,3101,1,4.573,
7700.0,heavy,3102,1,1.327,
7700.0,light-2,3102,1,1.212,
7700.0,light-1,3101,1,1.389,
7700.0,light-5,3102,1,1.359,
7700.0,light-4,3101,1,1.508,
7700.0,light-3,3103,1,2.351,
7703.3,heavy,3103,0,3.238,
7706.7,heavy,3103,0,3.188,
7710.0,heavy,3101,0,3.426,
7713.3,heavy,3102,1,1.185,
7716.7,heavy,3103,0,3.003,
7720.0,heavy,3101,0,3.708,
7723.3,heavy,3102,1,1.192,
7726.7,heavy,3103,0,3.275,
7730.0,heavy,3101,0,3.459,
7733.3,heavy,3102,1,1.380,
7736.7,heavy,3103,0,3.189,
7740.0,heavy,3101,0,2.071,
7743.3,heavy,3102,1,1.276,
7746.7,heavy,3103,0,3.793,
7750.0,heavy,3101,0,3.134,
7753.3,heavy,3102,1,1.254,
7756.7,heavy,3103,0,2.860,
7760.0,heavy,3101,0,2.750,
7763.3,heavy,3102,1,0.931,
7766.7,heavy,3103,0,2.864,
7770.0,heavy,3101,0,2.859,
7773.3,heavy,3102,1,2.209,
7776.7,heavy,3103,0,3.033,
7780.0,heavy,3101,0,3.311,
7783.3,heavy,3102,1,2.387,
7786.7,heavy,3103,0,4.043,
7790.0,heavy,3101,1,3.718,
7793.3,heavy,3102,0,1.049,
7796.7,heavy,3103,0,3.124,
7800.0,heavy,3101,0,3.616,
7800.0,light-1,3102,1,1.489,
7800.0,light-2,3103,1,1.614,
7800.0,light-4,3102,1,1.672,
7800.0,light-5,3103,1,1.691,
7800.0,light-3,3101,1,2.280,
7803.3,heavy,3101,1,3.164,
7806.7,heavy,3102,0,0.854,
7810.0,heavy,3103,0,3.416,
7813.3,heavy,3101,0,3.740,
7816.7,heavy,3102,1,1.279,
7820.0,heavy,3103,0,3.151,
7823.3,heavy,3101,1,3.417,
7826.7,heavy,3102,0,0.824,
7830.0,heavy,3103,1,4.000,
7833.3,heavy,3101,0,3.370,
7836.7,heavy,3102,0,1.159,
7840.0,heavy,3103,0,3.086,
7843.3,heavy,3101,0,3.497,
7846.7,heavy,3102,1,1.132,
7850.0,heavy,3103,0,2.874,
7853.3,heavy,3101,1,4.215,
7856.7,heavy,3102,0,0.917,
7860.0,heavy,3103,1,4.492,
7863.3,heavy,3101,0,3.633,
7866.7,heavy,3102,0,0.916,
7870.0,heavy,3103,0,3.586,
7873.3,heavy,3101,0,3.424,
7876.7,heavy,3102,1,1.345,
7880.0,heavy,3103,0,2.089,
7883.3,heavy,3101,0,3.702,
7886.7,heavy,3102,1,1.289,
7890.0,heavy,3103,0,3.671,
7893.3,heavy,3101,0,3.448,
7896.7,heavy,3102,1,1.005,
7900.0,heavy,3103,1,4.678,
7900.0,light-2,3102,1,1.501,
7900.0,light-5,3102,1,1.967,
7900.0,light-3,3103,1,2.539,
7900.0,light-1,3101,1,2.772,
7900.0,light-4,3101,1,2.772,
7903.3,heavy,3101,0,4.190,
7906.7,heavy,3102,1,1.351,
7910.0,heavy,3103,0,4.316,
7913.3,heavy,3103,0,3.478,
7916.7,heavy,3101,0,3.247,
7920.0,heavy,3102,0,0.798,
7923.3,heavy,3103,1,4.005,
7926.7,heavy,3101,0,3.189,
7930.0,heavy,3102,0,1.049,
7933.3,heavy,3103,1,3.971,
7936.7,heavy,3101,0,3.317,
7940.0,heavy,3102,1,1.238,
7943.3,heavy,3103,0,2.412,
7946.7,heavy,3101,0,2.705,
7950.0,heavy,3102,1,1.504,
7953.3,heavy,3103,0,3.716,
7956.7,heavy,3101,0,3.855,
7960.0,heavy,3102,0,1.142,
7963.3,heavy,3103,1,3.977,
7966.7,heavy,3101,0,3.243,
7970.0,heavy,3102,1,1.312,
7973.3,heavy,3103,0,3.773,
7976.7,heavy,3101,0,2.959,
7980.0,heavy,3102,0,1.118,
7983.3,heavy,3103,0,3.157,
7986.7,heavy,3101,0,3.248,
7990.0,heavy,3102,1,1.127,
7993.3,heavy,3103,1,3.424,
7996.7,heavy,3101,0,2.880,
8000.0,heavy,3102,0,1.345,
8000.0,light-1,3103,1,1.372,
8000.0,light-2,3101,1,1.413,
8000.0,light-3,3102,1,1.471,
8000.0,light-4,3103,1,1.521,
8000.0,light-5,3101,1,1.579,
8003.3,heavy,3102,1,1.340,
8006.7,heavy,3103,0,3.351,
8010.0,heavy,3101,0,2.318,
8013.3,heavy,3102,1,1.613,
8016.7,heavy,3103,1,3.662,
8020.0,heavy,3101,0,3.108,
8023.3,heavy,3102,0,1.033,
8026.7,heavy,3103,0,4.092,
8030.0,heavy,3101,0,3.308,
8033.3,heavy,3102,1,1.170,
8036.7,heavy,3103,0,3.829,
8040.0,heavy,3101,0,2.548,
8043.3,heavy,3102,1,1.645,
8046.7,heavy,3103,1,3.820,
8050.0,heavy,3101,0,3.239,
8053.3,heavy,3102,0,0.974,
8056.7,heavy,3103,0,3.302,
8060.0,heavy,3101,0,3.708,
8063.3,heavy,3102,1,1.196,
8066.7,heavy,3103,0,3.404,
8070.0,heavy,3101,0,2.868,
8073.3,heavy,3102,1,1.163,
8076.7,heavy,3103,1,4.688,
8080.0,heavy,3101,0,3.584,
8083.3,heavy,3102,0,1.169,
8086.7,heavy,3103,0,3.547,
8090.0,heavy,3101,0,3.431,
8093.3,heavy,3102,1,1.164,
8096.7,heavy,3103,0,2.938,
8100.0,heavy,3101,0,2.816,
8100.0,light-1,3102,1,1.125,
8100.0,light-4,3102,1,1.210,
8100.0,light-3,3101,1,2.063,
8100.0,light-2,3103,1,6.404,
8100.0,light-5,3103,1,6.402,
8103.3,heavy,3101,1,3.728,
8106.7,heavy,3102,0,0.752,
8110.0,heavy,3103,1,4.230,
8113.3,heavy,3101,0,3.455,
8116.7,heavy,3102,0,0.857,
8120.0,heavy,3103,0,3.390,
8123.3,heavy,3101,0,2.919,
8126.7,heavy,3102,1,1.147,
8130.0,heavy,3103,0,2.718,
8133.3,heavy,3101,1,3.197,
8136.7,heavy,3102,1,1.019,
8140.0,heavy,3103,0,2.501,
8143.3,heavy,3101,0,3.017,
8146.7,heavy,3102,0,0.833,
8150.0,heavy,3103,0,2.388,
8153.3,heavy,3101,0,2.456,
8156.7,heavy,3102,1,0.912,
8160.0,heavy,3103,0,2.253,
8163.3,heavy,3101,0,3.972,
8166.7,heavy,3102,1,1.363,
8170.0,heavy,3103,1,3.150,
8173.3,heavy,3101,0,4.076,
8176.7,heavy,3102,0,0.612,
8180.0,heavy,3103,0,2.359,
8183.3,heavy,3101,0,2.622,
8186.7,heavy,3102,1,0.982,
8190.0,heavy,3103,1,3.033,
8193.3,heavy,3101,0,2.026,
8196.7,heavy,3102,0,0.705,
8200.0,heavy,3103,0,3.681,
8200.0,light-3,3102,1,1.181,
8200.0,light-2,3101,1,1.979,
8200.0,light-1,3103,1,2.129,
8200.0,light-5,3101,1,2.379,
8200.0,light-4,3103,1,2.581,
8203.3,heavy,3101,0,3.014,
8206.7,heavy,3102,1,1.085,
8210.0,heavy,3102,0,0.666,
8213.3,heavy,3103,0,3.101,
8216.7,heavy,3101,1,3.473,
8220.0,heavy,3102,1,1.081,
8223.3,heavy,3103,0,3.225,
8226.7,heavy,3101,0,1.688,
8230.0,heavy,3102,1,1.125,
8233.3,heavy,3103,0,2.438,
8236.7,heavy,3101,0,2.547,
8240.0,heavy,3102,0,1.074,
8243.3,heavy,3103,0,7.550,
8246.7,heavy,3101,1,2.934,
8250.0,heavy,3102,1,0.915,
8253.3,heavy,3103,0,7.774,
8256.7,heavy,3101,0,9.804,
8260.0,heavy,3102,1,3.082,
8263.3,heavy,3103,0,3.387,
8266.7,heavy,3101,0,2.939,
8270.0,heavy,3102,0,1.192,
8273.3,heavy,3103,1,3.423,
8276.7,heavy,3101,0,2.879,
8280.0,heavy,3102,1,1.121,
8283.3,heavy,3103,0,3.215,
8286.7,heavy,3101,0,1.861,
8290.0,heavy,3102,1,1.268,
8293.3,heavy,3103,1,3.327,
8296.7,heavy,3101,0,2.744,
8300.0,heavy,3102,0,1.352,
8300.0,light-3,3102,1,1.372,
8300.0,light-2,3101,1,1.858,
8300.0,light-1,3103,1,2.044,
8300.0,light-5,3101,1,2.013,
8300.0,light-4,3103,1,2.164,
8303.3,heavy,3102,0,0.608,
8306.7,heavy,3103,0,2.746,
8310.0,heavy,3101,0,2.699,
8313.3,heavy,3102,1,1.028,
8316.7,heavy,3103,0,2.405,
8320.0,heavy,3101,0,1.986,
8323.3,heavy,3102,1,1.186,
8326.7,heavy,3103,0,3.012,
8330.0,heavy,3101,0,2.768,
8333.3,heavy,3102,1,0.890,
8336.7,heavy,3103,0,2.998,
8340.0,heavy,3101,0,2.533,
8343.3,heavy,3102,1,1.010,
8346.7,heavy,3103,0,2.815,
8350.0,heavy,3101,0,1.607,
8353.3,heavy,3102,1,1.425,
8356.7,heavy,3103,0,2.740,
8360.0,heavy,3101,0,3.277,
8363.3,heavy,3102,1,1.296,
8366.7,heavy,3103,0,3.404,
8370.0,heavy,3101,0,3.451,
8373.3,heavy,3102,1,0.952,
8376.7,heavy,3103,0,3.389,
8380.0,heavy,3101,0,3.547,
8383.3,heavy,3102,1,1.439,
8386.7,heavy,3103,0,1.866,
8390.0,heavy,3101,0,2.803,
8393.3,heavy,3102,1,3.620,
8396.7,heavy,3103,0,3.902,
8400.0,heavy,3101,0,4.376,
8400.0,light-1,3102,1,3.455,
8400.0,light-4,3102,1,4.342,
8400.0,light-2,3103,1,4.582,
8400.0,light-3,3101,1,4.672,
8400.0,light-5,3103,1,4.723,
8403.3,heavy,3101,1,3.558,
8406.7,heavy,3102,0,1.021,
8410.0,heavy,3103,1,4.131,
8413.3,heavy,3101,0,3.390,
8416.7,heavy,3102,0,1.028,
8420.0,heavy,3103,0,2.698,
8423.3,heavy,3101,1,4.197,
8426.7,heavy,3102,0,1.048,
8430.0,heavy,3103,1,3.876,
8433.3,heavy,3101,0,2.434,
8436.7,heavy,3102,0,0.746,
8440.0,heavy,3103,0,2.339,
8443.3,heavy,3101,1,2.852,
8446.7,heavy,3102,0,0.579,
8450.0,heavy,3103,0,2.661,
8453.3,heavy,3101,0,2.317,
8456.7,heavy,3102,1,1.013,
8460.0,heavy,3103,0,2.311,
8463.3,heavy,3101,1,2.841,
8466.7,heavy,3102,0,0.665,
8470.0,heavy,3103,0,2.888,
8473.3,heavy,3101,0,2.908,
8476.7,heavy,3102,1,1.213,
8480.0,heavy,3103,0,2.604,
8483.3,heavy,3101,1,3.986,
8486.7,heavy,3102,1,1.105,
8490.0,heavy,3103,0,3.930,
8493.3,heavy,3101,0,3.391,
8496.7,heavy,3102,0,1.266,
8500.0,heavy,3103,1,6.749,
8500.0,light-1,3101,1,2.594,
8500.0,light-3,3103,1,2.663,
8500.0,light-4,3101,1,5.478,
8500.0,light-2,3102,1,6.322,
8500.0,light-5,3102,1,6.819,
8503.3,heavy,3103,0,2.559,
8506.7,heavy,3101,0,2.887,
8510.0,heavy,3102,0,0.944,
8513.3,heavy,3103,1,4.530,
8516.7,heavy,3101,0,3.846,
8520.0,heavy,3102,1,1.340,
8523.3,heavy,3103,0,4.385,
8526.7,heavy,3101,0,3.095,
8530.0,heavy,3102,0,1.221,
8533.3,heavy,3103,1,4.449,
8536.7,heavy,3101,0,3.575,
8540.0,heavy,3102,1,1.258,
8543.3,heavy,3103,0,4.209,
8546.7,heavy,3101,0,3.908,
8550.0,heavy,3102,0,1.285,
8553.3,heavy,3103,1,3.824,
8556.7,heavy,3101,0,3.373,
8560.0,heavy,3102,1,1.698,
8563.3,heavy,3103,0,2.973,
8566.7,heavy,3101,0,2.868,
8570.0,heavy,3102,0,1.078,
8573.3,heavy,3103,1,4.017,
8576.7,heavy,3101,0,3.231,
8580.0,heavy,3102,0,0.955,
8583.3,heavy,3103,1,2.932,
8586.7,heavy,3101,0,8.099,
8590.0,heavy,3102,1,0.892,
8593.3,heavy,3103,0,1.958,
8596.7,heavy,3101,1,6.271,
8600.0,heavy,3102,0,1.180,
8600.0,light-1,3103,1,1.254,
8600.0,light-3,3102,1,1.260,
8600.0,light-4,3103,1,1.603,
8600.0,light-2,3101,1,4.116,
8600.0,light-5,3101,1,4.491,
8603.3,heavy,3102,0,0.918,
8606.7,heavy,3103,0,3.034,
8610.0,heavy,3101,0,2.998,
8613.3,heavy,3102,1,1.047,
8616.7,heavy,3103,0,2.969,
8620.0,heavy,3101,0,3.216,
8623.3,heavy,3102,1,1.571,
8626.7,heavy,3103,0,2.488,
8630.0,heavy,3101,0,4.546,
8633.3,heavy,3102,1,2.442,
8636.7,heavy,3103,0,5.851,
8640.0,heavy,3101,0,4.256,
8643.3,heavy,3102,1,1.063,
8646.7,heavy,3103,0,3.299,
8650.0,heavy,3101,0,3.597,
8653.3,heavy,3102,1,1.113,
8656.7,heavy,3103,0,3.028,
8660.0,heavy,3101,0,3.487,
8663.3,heavy,3102,1,1.159,
8666.7,heavy,3103,0,2.956,
8670.0,heavy,3101,0,4.692,
8673.3,heavy,3102,1,1.059,
8676.7,heavy,3103,0,3.261,
8680.0,heavy,3101,0,5.603,
8683.3,heavy,3102,1,1.861,
8686.7,heavy,3103,0,4.196,
8690.0,heavy,3101,0,3.361,
8693.3,heavy,3102,1,1.342,
8696.7,heavy,3103,0,8.810,
8700.0,heavy,3101,0,4.618,
8700.0,light-5,3101,1,3.348,
8700.0,light-3,3102,1,8.031,
8700.0,light-2,3101,1,8.609,
8700.0,light-1,3103,1,9.816,
8700.0,light-4,3103,1,10.536,
8703.3,heavy,3102,1,1.402,
8706.7,heavy,3102,0,2.637,
8710.0,heavy,3103,0,13.253,
8713.3,heavy,3101,1,4.012,
8716.7,heavy,3102,0,1.756,
8720.0,heavy,3103,0,2.730,
8723.3,heavy,3101,1,3.663,
8726.7,heavy,3102,0,0.925,
8730.0,heavy,3103,0,3.384,
8733.3,heavy,3101,0,3.715,
8736.7,heavy,3102,1,1.173,
8740.0,heavy,3103,0,3.374,
8743.3,heavy,3101,1,4.204,
8746.7,heavy,3102,0,0.829,
8750.0,heavy,3103,1,3.895,
8753.3,heavy,3101,0,3.448,
8756.7,heavy,3102,0,0.985,
8760.0,heavy,3103,0,3.485,
8763.3,heavy,3101,1,3.865,
8766.7,heavy,3102,0,0.956,
8770.0,heavy,3103,1,4.663,
8773.3,heavy,3101,0,3.760,
8776.7,heavy,3102,1,1.236,
8780.0,heavy,3103,0,4.216,
8783.3,heavy,3101,0,3.897,
8786.7,heavy,3102,0,0.956,
8790.0,heavy,3103,0,3.436,
8793.3,heavy,3101,0,3.944,
8796.7,heavy,3102,1,1.302,
8800.0,heavy,3103,0,1.888,
8800.0,light-1,3101,1,1.133,
8800.0,light-2,3102,1,1.257,
8800.0,light-4,3101,1,1.313,
8800.0,light-5,3102,1,1.627,
8800.0,light-3,3103,1,2.061,
8803.3,heavy,3103,1,4.406,
8806.7,heavy,3101,0,3.649,
8810.0,heavy,3102,1,1.211,
8813.3,heavy,3103,0,4.166,
8816.7,heavy,3101,0,2.397,
8820.0,heavy,3102,0,0.829,
8823.3,heavy,3103,0,3.090,
8826.7,heavy,3101,0,3.524,
8830.0,heavy,3102,1,1.112,
8833.3,heavy,3103,1,3.809,
8836.7,heavy,3101,0,2.966,
8840.0,heavy,3102,0,0.842,
8843.3,heavy,3103,1,5.027,
8846.7,heavy,3101,0,5.053,
8850.0,heavy,3102,0,0.890,
8853.3,heavy,3103,1,3.749,
8856.7,heavy,3101,0,3.295,
8860.0,heavy,3102,1,1.304,
8863.3,heavy,3103,0,2.227,
8866.7,heavy,3101,0,3.340,
8870.0,heavy,3102,1,1.228,
8873.3,heavy,3103,0,3.904,
8876.7,heavy,3101,0,3.693,
8880.0,heavy,3102,0,1.082,
8883.3,heavy,3103,1,4.828,
8886.7,heavy,3101,0,3.989,
8890.0,heavy,3102,1,1.589,
8893.3,heavy,3103,0,4.572,
8896.7,heavy,3101,0,2.630,
8900.0,heavy,3102,0,1.410,
8900.0,light-1,3103,1,1.398,
8900.0,light-2,3101,1,1.456,
8900.0,light-3,3102,1,1.523,
8900.0,light-5,3101,1,1.527,
8900.0,light-4,3103,1,1.691,
8903.3,heavy,3102,1,1.568,
8906.7,heavy,3103,0,3.223,
8910.0,heavy,3101,0,3.089,
8913.3,heavy,3102,1,0.777,
8916.7,heavy,3103,0,2.933,
8920.0,heavy,3101,0,3.147,
8923.3,heavy,3102,1,1.181,
8926.7,heavy,3103,0,2.721,
8930.0,heavy,3101,0,3.453,
8933.3,heavy,3102,1,1.125,
8936.7,heavy,3103,0,2.648,
8940.0,heavy,3101,0,2.803,
8943.3,heavy,3102,1,1.465,
8946.7,heavy,3103,0,3.360,
8950.0,heavy,3101,0,3.141,
8953.3,heavy,3102,1,1.534,
8956.7,heavy,3103,0,1.774,
8960.0,heavy,3101,0,3.753,
8963.3,heavy,3102,1,1.146,
8966.7,heavy,3103,0,2.993,
8970.0,heavy,3101,0,3.501,
8973.3,heavy,3102,1,0.851,
8976.7,heavy,3103,0,2.931,
8980.0,heavy,3101,0,3.320,
8983.3,heavy,3102,1,1.318,
8986.7,heavy,3103,0,3.047,
8990.0,heavy,3101,0,2.396,
8993.3,heavy,3102,1,1.579,
8996.7,heavy,3103,0,5.438,
9000.0,heavy,3101,1,6.150,
9000.0,light-2,3103,1,2.580,
9000.0,light-4,3102,1,3.040,
9000.0,light-1,3102,1,5.952,
9000.0,light-3,3101,1,7.819,
9000.0,light-5,3103,1,7.977,
9003.3,heavy,3101,0,5.613,
9006.7,heavy,3102,0,1.079,
9010.0,heavy,3103,0,2.905,
9013.3,heavy,3101,1,4.318,
9016.7,heavy,3102,0,1.488,
9020.0,heavy,3103,0,4.114,
9023.3,heavy,3101,1,4.414,
9026.7,heavy,3102,1,1.211,
9030.0,heavy,3103,0,4.203,
9033.3,heavy,3101,0,3.200,
9036.7,heavy,3102,0,0.899,
9040.0,heavy,3103,0,3.420,
9043.3,heavy,3101,0,3.640,
9046.7,heavy,3102,1,1.050,
9050.0,heavy,3103,0,3.104,
9053.3,heavy,3101,1,3.711,
9056.7,heavy,3102,0,0.772,
9060.0,heavy,3103,1,4.401,
9063.3,heavy,3101,0,3.514,
9066.7,heavy,3102,0,1.066,
9070.0,heavy,3103,0,3.529,
9073.3,heavy,3101,0,3.077,
9076.7,heavy,3102,1,1.237,
9080.0,heavy,3103,0,2.050,
9083.3,heavy,3101,1,4.112,
9086.7,heavy,3102,1,1.227,
9090.0,heavy,3103,0,3.213,
9093.3,heavy,3101,0,3.825,
9096.7,heavy,3102,0,1.029,
9100.0,heavy,3103,0,3.422,
9100.0,light-3,3102,1,1.588,
9100.0,light-1,3103,1,2.178,
9100.0,light-2,3101,1,2.301,
9100.0,light-5,3101,1,2.308,
9100.0,light-4,3103,1,2.449,
9103.3,heavy,3101,0,3.262,
9106.7,heavy,3102,1,1.267,
9110.0,heavy,3102,0,1.401,
9113.3,heavy,3103,1,3.913,
9116.7,heavy,3101,0,3.803,
9120.0,heavy,3102,1,1.401,
9123.3,heavy,3103,0,4.113,
9126.7,heavy,3101,0,2.676,
9130.0,heavy,3102,0,0.873,
9133.3,heavy,3103,0,4.168,
9136.7,heavy,3101,0,3.402,
9140.0,heavy,3102,1,1.196,
9143.3,heavy,3103,1,3.589,
9146.7,heavy,3101,0,3.598,
9150.0,heavy,3102,0,1.095,
9153.3,heavy,3103,1,4.278,
9156.7,heavy,3101,0,3.287,
9160.0,heavy,3102,0,0.990,
9163.3,heavy,3103,1,4.788,
9166.7,heavy,3101,0,3.802,
9170.0,heavy,3102,0,1.373,
9173.3,heavy,3103,0,7.501,
9176.7,heavy,3101,1,6.284,
9180.0,heavy,3102,1,1.856,
9183.3,heavy,3103,0,7.415,
9186.7,heavy,3101,0,6.923,
9190.0,heavy,3102,1,1.443,
9193.3,heavy,3103,0,4.337,
9196.7,heavy,3101,0,4.078,
9200.0,heavy,3102,0,2.118,
9200.0,light-1,3103,1,1.285,
9200.0,light-2,3101,1,1.783,
9200.0,light-3,3102,1,1.985,
9200.0,light-4,3103,1,2.045,
9200.0,light-5,3101,1,2.096,
9203.3,heavy,3102,1,1.028,
9206.7,heavy,3103,0,10.569,
9210.0,heavy,3101,0,3.615,
9213.3,heavy,3102,1,1.180,
9216.7,heavy,3103,0,10.893,
9220.0,heavy,3101,0,2.487,
9223.3,heavy,3102,1,1.126,
9226.7,heavy,3103,0,2.807,
9230.0,heavy,3101,0,2.531,
9233.3,heavy,3102,1,1.109,
9236.7,heavy,3103,0,3.998,
9240.0,heavy,3101,0,3.147,
9243.3,heavy,3102,1,1.254,
9246.7,heavy,3103,0,3.729,
9250.0,heavy,3101,0,3.471,
9253.3,heavy,3102,1,0.815,
9256.7,heavy,3103,0,3.365,
9260.0,heavy,3101,0,3.314,
9263.3,heavy,3102,1,1.434,
9266.7,heavy,3103,0,1.908,
9270.0,heavy,3101,0,4.249,
9273.3,heavy,3102,1,1.579,
9276.7,heavy,3103,0,3.355,
9280.0,heavy,3101,0,4.031,
9283.3,heavy,3102,1,0.780,
9286.7,heavy,3103,0,3.105,
9290.0,heavy,3101,0,2.776,
9293.3,heavy,3102,1,1.357,
9296.7,heavy,3103,0,1.617,
9300.0,heavy,3101,1,3.665,
9300.0,light-1,3102,1,1.323,
9300.0,light-4,3102,1,1.391,
9300.0,light-2,3103,1,1.871,
9300.0,light-3,3101,1,1.972,
9300.0,light-5,3103,1,2.038,
9303.3,heavy,3102,1,1.307,
9306.7,heavy,3103,0,2.894,
9310.0,heavy,3101,0,3.503,
9313.3,heavy,3101,0,2.812,
9316.7,heavy,3102,1,1.144,
9320.0,heavy,3103,0,2.380,
9323.3,heavy,3101,0,2.718,
9326.7,heavy,3102,0,1.049,
9330.0,heavy,3103,0,2.217,
9333.3,heavy,3101,1,2.920,
9336.7,heavy,3102,1,0.917,
9340.0,heavy,3103,0,2.474,
9343.3,heavy,3101,0,1.906,
9346.7,heavy,3102,1,1.157,
9350.0,heavy,3103,0,2.906,
9353.3,heavy,3101,0,2.455,
9356.7,heavy,3102,0,1.101,
9360.0,heavy,3103,0,2.065,
9363.3,heavy,3101,1,3.442,
9366.7,heavy,3102,1,1.161,
9370.0,heavy,3103,0,2.751,
9373.3,heavy,3101,0,3.250,
9376.7,heavy,3102,0,0.901,
9380.0,heavy,3103,0,2.598,
9383.3,heavy,3101,0,2.748,
9386.7,heavy,3102,1,0.966,
9390.0,heavy,3103,0,1.581,
9393.3,heavy,3101,1,3.604,
9396.7,heavy,3102,1,1.226,
9400.0,heavy,3103,0,2.972,
9400.0,light-1,3102,1,1.296,
9400.0,light-4,3102,1,1.391,
9400.0,light-2,3103,1,1.885,
9400.0,light-3,3101,1,2.241,
9400.0,light-5,3103,1,2.302,
9403.3,heavy,3101,0,3.442,
9406.7,heavy,3101,0,2.442,
9410.0,heavy,3102,1,1.002,
9413.3,heavy,3103,0,2.112,
9416.7,heavy,3101,0,2.215,
9420.0,heavy,3102,0,0.667,
9423.3,heavy,3103,1,4.508,
9426.7,heavy,3101,0,2.581,
9430.0,heavy,3102,1,0.969,
9433.3,heavy,3103,0,4.418,
9436.7,heavy,3101,0,2.044,
9440.0,heavy,3102,1,1.077,
9443.3,heavy,3103,0,2.679,
9446.7,heavy,3101,0,2.222,
9450.0,heavy,3102,0,1.020,
9453.3,heavy,3103,1,2.303,
9456.7,heavy,3101,0,2.491,
9460.0,heavy,3102,1,1.030,
9463.3,heavy,3103,0,2.542,
9466.7,heavy,3101,0,2.381,
9470.0,heavy,3102,1,1.059,
9473.3,heavy,3103,0,2.300,
9476.7,heavy,3101,0,2.682,
9480.0,heavy,3102,0,1.003,
9483.3,heavy,3103,1,2.832,
9486.7,heavy,3101,0,2.234,
9490.0,heavy,3102,1,2.063,
9493.3,heavy,3103,0,3.536,
9496.7,heavy,3101,0,4.667,
9500.0,heavy,3102,0,1.331,
9500.0,light-3,3102,1,1.201,
9500.0,light-2,3101,1,1.853,
9500.0,light-5,3101,1,3.131,
9500.0,light-1,3103,1,3.829,
9500.0,light-4,3103,1,4.371,
9503.3,heavy,3102,1,0.996,
9506.7,heavy,3103,0,3.622,
9510.0,heavy,3101,1,4.092,
9513.3,heavy,3102,1,1.739,
9516.7,heavy,3103,0,3.606,
9520.0,heavy,3101,0,4.063,
9523.3,heavy,3102,0,1.696,
9526.7,heavy,3103,0,4.153,
9530.0,heavy,3101,0,3.784,
9533.3,heavy,3102,1,2.247,
9536.7,heavy,3103,0,4.312,
9540.0,heavy,3101,0,2.913,
9543.3,heavy,3102,1,1.328,
9546.7,heavy,3103,0,2.923,
9550.0,heavy,3101,0,3.438,
9553.3,heavy,3102,1,0.980,
9556.7,heavy,3103,0,2.487,
9560.0,heavy,3101,0,3.085,
9563.3,heavy,3102,1,0.943,
9566.7,heavy,3103,0,1.407,
9570.0,heavy,3101,0,2.625,
9573.3,heavy,3102,1,0.969,
9576.7,heavy,3103,1,2.895,
9580.0,heavy,3101,0,2.445,
9583.3,heavy,3102,0,1.243,
9586.7,heavy,3103,0,3.274,
9590.0,heavy,3101,0,4.336,
9593.3,heavy,3102,1,1.357,
9596.7,heavy,3103,0,4.058,
9600.0,heavy,3101,0,3.738,
9600.0,light-1,3102,1,1.254,
9600.0,light-2,3103,1,1.479,
9600.0,light-4,3102,1,1.498,
9600.0,light-5,3103,1,1.658,
9600.0,light-3,3101,1,2.730,
9603.3,heavy,3101,1,3.618,
9606.7,heavy,3102,0,0.660,
9610.0,heavy,3103,1,3.263,
9613.3,heavy,3101,0,2.929,
9616.7,heavy,3102,0,0.978,
9620.0,heavy,3103,0,3.205,
9623.3,heavy,3101,0,3.545,
9626.7,heavy,3102,1,1.248,
9630.0,heavy,3103,0,3.163,
9633.3,heavy,3101,1,3.396,
9636.7,heavy,3102,0,0.893,
9640.0,heavy,3103,1,3.641,
9643.3,heavy,3101,0,2.924,
9646.7,heavy,3102,0,0.924,
9650.0,heavy,3103,0,3.627,
9653.3,heavy,3101,0,3.173,
9656.7,heavy,3102,1,1.203,
9660.0,heavy,3103,0,2.967,
9663.3,heavy,3101,0,4.752,
9666.7,heavy,3102,1,1.364,
9670.0,heavy,3103,0,3.240,
9673.3,heavy,3101,0,4.828,
9676.7,heavy,3102,1,0.846,
9680.0,heavy,3103,0,3.362,
9683.3,heavy,3101,1,4.079,
9686.7,heavy,3102,0,0.908,
9690.0,heavy,3103,0,4.326,
9693.3,heavy,3101,1,3.949,
9696.7,heavy,3102,0,1.503,
9700.0,heavy,3103,1,6.636,
9700.0,light-1,3101,1,1.415,
9700.0,light-3,3103,1,2.945,
9700.0,light-4,3101,1,5.822,
9700.0,light-2,3102,1,6.150,
9700.0,light-5,3102,1,6.701,
9703.3,heavy,3103,0,3.333,
9706.7,heavy,3101,0,3.181,
9710.0,heavy,3102,0,1.191,
9713.3,heavy,3103,1,4.417,
9716.7,heavy,3101,0,3.666,
9720.0,heavy,3102,1,1.337,
9723.3,heavy,3103,0,2.861,
9726.7,heavy,3101,0,3.215,
9730.0,heavy,3102,1,1.640,
9733.3,heavy,3103,0,3.946,
9736.7,heavy,3101,0,3.202,
9740.0,heavy,3102,0,0.941,
9743.3,heavy,3103,1,3.965,
9746.7,heavy,3101,0,3.241,
9750.0,heavy,3102,1,1.103,
9753.3,heavy,3103,0,2.680,
9756.7,heavy,3101,0,3.217,
9760.0,heavy,3102,0,1.077,
9763.3,heavy,3103,0,4.117,
9766.7,heavy,3101,1,4.502,
9770.0,heavy,3102,1,1.264,
9773.3,heavy,3103,0,3.507,
9776.7,heavy,3101,0,3.363,
9780.0,heavy,3102,0,0.940,
9783.3,heavy,3103,1,3.697,
9786.7,heavy,3101,0,3.025,
9790.0,heavy,3102,0,0.867,
9793.3,heavy,3103,0,5.829,
9796.7,heavy,3101,1,5.951,
9800.0,heavy,3102,1,1.650,
9800.0,light-5,3101,1,3.539,
9800.0,light-3,3102,1,5.442,
9800.0,light-4,3103,1,5.657,
9800.0,light-2,3101,1,6.377,
9800.0,light-1,3103,1,6.807,
9803.3,heavy,3102,0,0.691,
9806.7,heavy,3103,0,2.358,
9810.0,heavy,3101,0,3.133,
9813.3,heavy,3102,1,1.062,
9816.7,heavy,3103,0,2.702,
9820.0,heavy,3101,0,2.778,
9823.3,heavy,3102,1,0.846,
9826.7,heavy,3103,0,3.709,
9830.0,heavy,3101,0,2.860,
9833.3,heavy,3102,1,0.931,
9836.7,heavy,3103,0,3.040,
9840.0,heavy,3101,0,3.144,
9843.3,heavy,3102,1,1.158,
9846.7,heavy,3103,0,1.750,
9850.0,heavy,3101,1,4.143,
9853.3,heavy,3102,1,1.311,
9856.7,heavy,3103,0,2.938,
9860.0,heavy,3101,0,3.946,
9863.3,heavy,3102,0,1.132,
9866.7,heavy,3103,0,4.127,
9870.0,heavy,3101,0,3.337,
9873.3,heavy,3102,1,1.175,
9876.7,heavy,3103,0,3.892,
9880.0,heavy,3101,0,3.162,
9883.3,heavy,3102,1,1.037,
9886.7,heavy,3103,1,3.856,
9890.0,heavy,3101,0,2.998,
9893.3,heavy,3102,0,1.125,
9896.7,heavy,3103,0,2.680,
9900.0,light-1,3102,1,1.218,
9900.0,light-2,3103,1,1.343,
9900.0,light-4,3102,1,1.392,
9900.0,light-5,3103,1,1.450,
9900.0,light-3,3101,1,2.475,
9900.0,heavy,3101,0,3.535,
9903.3,heavy,3101,1,4.254,
9906.7,heavy,3102,0,0.859,
9910.0,heavy,3103,1,4.672,
9913.3,heavy,3101,0,3.663,
9916.7,heavy,3102,1,1.248,
9920.0,heavy,3103,0,4.347,
9923.3,heavy,3101,0,4.067,
9926.7,heavy,3102,0,0.953,
9930.0,heavy,3103,0,3.224,
9933.3,heavy,3101,0,3.218,
9936.7,heavy,3102,1,1.234,
9940.0,heavy,3103,0,1.704,
9943.3,heavy,3101,0,4.225,
9946.7,heavy,3102,1,1.439,
9950.0,heavy,3103,0,3.572,
9953.3,heavy,3101,0,3.844,
9956.7,heavy,3102,1,1.028,
9960.0,heavy,3103,0,2.727,
9963.3,heavy,3101,0,3.097,
9966.7,heavy,3102,1,1.400,
9970.0,heavy,3103,1,3.401,
9973.3,heavy,3101,0,1.624,
9976.7,heavy,3102,1,1.315,
9980.0,heavy,3103,0,2.849,
9983.3,heavy,3101,0,3.304,
9986.7,heavy,3102,0,1.215,
9990.0,heavy,3103,0,3.084,
9993.3,heavy,3101,1,3.776,
9996.7,heavy,3102,0,0.970,
10000.0,light-1,3101,1,1.522,
10000.0,light-2,3102,1,2.037,
10000.0,light-5,3102,1,2.078,
10000.0,light-4,3101,1,2.255,
10000.0,light-3,3103,1,2.459,
10000.0,heavy,3103,1,4.379,
10003.3,heavy,3103,0,3.154,
10006.7,heavy,3101,1,10.810,
10010.0,heavy,3102,0,2.999,ECONNRESET
10013.3,heavy,3103,1,7.710,
10016.7,heavy,3101,1,7.641,
10020.0,heavy,3102,0,3.651,ECONNREFUSED
10023.3,heavy,3103,1,4.493,
10026.7,heavy,3101,1,5.175,
10030.0,heavy,3102,0,3.164,ECONNREFUSED
10033.3,heavy,3103,1,5.408,
10036.7,heavy,3101,1,3.967,
10040.0,heavy,3102,0,2.687,ECONNREFUSED
10043.3,heavy,3103,1,4.110,
10046.7,heavy,3101,1,5.169,
10050.0,heavy,3102,0,2.644,ECONNREFUSED
10053.3,heavy,3103,1,6.389,
10056.7,heavy,3101,1,4.943,
10060.0,heavy,3102,0,3.134,ECONNREFUSED
10063.3,heavy,3103,1,4.840,
10066.7,heavy,3101,1,5.279,
10070.0,heavy,3102,0,2.965,ECONNREFUSED
10073.3,heavy,3103,1,4.434,
10076.7,heavy,3101,1,5.068,
10080.0,heavy,3102,0,2.506,ECONNREFUSED
10083.3,heavy,3103,1,4.253,
10086.7,heavy,3101,1,4.724,
10090.0,heavy,3102,0,2.865,ECONNREFUSED
10093.3,heavy,3103,1,4.847,
10096.7,heavy,3101,1,4.295,
10100.0,light-1,3101,1,2.817,
10100.0,light-4,3101,1,3.376,
10100.0,light-3,3103,1,4.795,
10100.0,light-2,3102,0,6.214,ECONNREFUSED
10100.0,light-5,3102,0,7.252,ECONNREFUSED
10100.0,heavy,3102,0,6.421,ECONNREFUSED
10103.3,heavy,3103,1,6.666,
10106.7,heavy,3103,1,11.532,
10110.0,heavy,3101,1,8.995,
10113.3,heavy,3102,0,3.098,ECONNREFUSED
10116.7,heavy,3103,1,4.111,
10120.0,heavy,3101,1,4.749,
10123.3,heavy,3102,0,2.224,ECONNREFUSED
10126.7,heavy,3103,1,5.552,
10130.0,heavy,3101,1,4.734,
10133.3,heavy,3102,0,3.175,ECONNREFUSED
10136.7,heavy,3103,1,5.303,
10140.0,heavy,3101,1,4.473,
10143.3,heavy,3102,0,2.743,ECONNREFUSED
10146.7,heavy,3103,1,4.358,
10150.0,heavy,3101,1,4.666,
10153.3,heavy,3102,0,2.895,ECONNREFUSED
10156.7,heavy,3103,1,4.334,
10160.0,heavy,3101,1,4.716,
10163.3,heavy,3102,0,2.136,ECONNREFUSED
10166.7,heavy,3103,1,4.094,
10170.0,heavy,3101,1,4.045,
10173.3,heavy,3102,0,3.033,ECONNREFUSED
10176.7,heavy,3103,1,5.117,
10180.0,heavy,3101,1,4.488,
10183.3,heavy,3102,0,2.649,ECONNREFUSED
10186.7,heavy,3103,1,4.681,
10190.0,heavy,3101,1,4.468,
10193.3,heavy,3102,0,2.197,ECONNREFUSED
10196.7,heavy,3103,1,3.523,
10200.0,light-2,3103,1,1.737,
10200.0,light-1,3102,0,3.795,ECONNREFUSED
10200.0,light-4,3102,0,3.675,ECONNREFUSED
10200.0,light-5,3103,1,6.267,
10200.0,light-3,3101,1,13.639,
10200.0,heavy,3101,1,11.902,
10203.3,heavy,3101,1,9.519,
10206.7,heavy,3102,0,2.403,ECONNREFUSED
10210.0,heavy,3103,1,4.151,
10213.3,heavy,3101,1,6.508,
10216.7,heavy,3102,0,2.243,ECONNREFUSED
10220.0,heavy,3103,1,3.349,
10223.3,heavy,3101,1,3.880,
10226.7,heavy,3102,0,2.510,ECONNREFUSED
10230.0,heavy,3103,1,3.653,
10233.3,heavy,3101,1,4.653,
10236.7,heavy,3102,0,2.637,ECONNREFUSED
10240.0,heavy,3103,1,6.968,
10243.3,heavy,3101,1,4.970,
10246.7,heavy,3102,0,2.197,ECONNREFUSED
10250.0,heavy,3103,1,4.622,
10253.3,heavy,3101,1,4.307,
10256.7,heavy,3102,0,3.460,ECONNREFUSED
10260.0,heavy,3103,1,4.572,
10263.3,heavy,3101,1,4.860,
10266.7,heavy,3102,0,2.644,ECONNREFUSED
10270.0,heavy,3103,1,4.560,
10273.3,heavy,3101,1,4.882,
10276.7,heavy,3102,0,2.469,ECONNREFUSED
10280.0,heavy,3103,1,4.374,
10283.3,heavy,3101,1,4.534,
10286.7,heavy,3102,0,2.921,ECONNREFUSED
10290.0,heavy,3103,1,4.591,
10293.3,heavy,3101,1,5.125,
10296.7,heavy,3102,0,5.356,ECONNREFUSED
10300.0,light-1,3101,1,2.863,
10300.0,light-4,3101,1,3.275,
10300.0,light-3,3103,1,4.392,
10300.0,light-2,3102,0,5.032,ECONNREFUSED
10300.0,light-5,3102,0,4.756,ECONNREFUSED
10300.0,heavy,3103,1,5.747,
10303.3,heavy,3103,1,3.421,
10306.7,heavy,3101,1,4.168,
10310.0,heavy,3102,0,2.332,ECONNREFUSED
10313.3,heavy,3103,1,4.504,
10316.7,heavy,3101,1,4.340,
10320.0,heavy,3102,0,2.337,ECONNREFUSED
10323.3,heavy,3103,1,3.659,
10326.7,heavy,3101,1,4.279,
10330.0,heavy,3102,0,1.944,ECONNREFUSED
10333.3,heavy,3103,1,4.379,
10336.7,heavy,3101,1,4.878,
10340.0,heavy,3102,0,2.781,ECONNREFUSED
10343.3,heavy,3103,1,2.970,
10346.7,heavy,3101,1,3.924,
10350.0,heavy,3102,0,1.865,ECONNREFUSED
10353.3,heavy,3103,1,4.546,
10356.7,heavy,3101,1,4.032,
10360.0,heavy,3102,0,3.128,ECONNREFUSED
10363.3,heavy,3103,1,4.577,
10366.7,heavy,3101,1,4.150,
10370.0,heavy,3102,0,2.157,ECONNREFUSED
10373.3,heavy,3103,1,4.110,
10376.7,heavy,3101,1,4.783,
10380.0,heavy,3102,0,2.963,ECONNREFUSED
10383.3,heavy,3103,1,4.649,
10386.7,heavy,3101,1,4.217,
10390.0,heavy,3102,0,2.137,ECONNREFUSED
10393.3,heavy,3103,1,7.090,
10396.7,heavy,3101,1,6.526,
10400.0,light-1,3101,1,4.071,
10400.0,light-3,3103,1,3.959,
10400.0,light-4,3101,1,4.597,
10400.0,light-2,3102,0,5.652,ECONNREFUSED
10400.0,light-5,3102,0,5.741,ECONNREFUSED
10400.0,heavy,3102,0,5.982,ECONNREFUSED
10403.3,heavy,3103,1,6.605,
10406.7,heavy,3103,1,4.038,
10410.0,heavy,3101,1,4.519,
10413.3,heavy,3102,0,2.762,ECONNREFUSED
10416.7,heavy,3103,1,4.017,
10420.0,heavy,3101,1,3.960,
10423.3,heavy,3102,0,3.055,ECONNREFUSED
10426.7,heavy,3103,1,3.516,
10430.0,heavy,3101,1,3.738,
10433.3,heavy,3102,0,2.181,ECONNREFUSED
10436.7,heavy,3103,1,4.434,
10440.0,heavy,3101,1,4.035,
10443.3,heavy,3102,0,2.544,ECONNREFUSED
10446.7,heavy,3103,1,3.895,
10450.0,heavy,3101,1,3.947,
10453.3,heavy,3102,0,2.019,ECONNREFUSED
10456.7,heavy,3103,1,5.222,
10460.0,heavy,3101,1,5.249,
10463.3,heavy,3102,0,2.900,ECONNREFUSED
10466.7,heavy,3103,1,4.776,
10470.0,heavy,3101,1,3.045,
10473.3,heavy,3102,0,1.879,ECONNREFUSED
10476.7,heavy,3103,1,5.380,
10480.0,heavy,3101,1,4.844,
10483.3,heavy,3102,0,2.333,ECONNREFUSED
10486.7,heavy,3103,1,4.384,
10490.0,heavy,3101,1,4.367,
10493.3,heavy,3102,0,2.384,ECONNREFUSED
10496.7,heavy,3103,1,5.304,
10500.0,light-2,3103,1,2.998,
10500.0,light-5,3103,1,3.895,
10500.0,light-3,3101,1,4.296,
10500.0,light-1,3102,0,5.007,ECONNREFUSED
10500.0,light-4,3102,0,4.697,ECONNREFUSED
10500.0,heavy,3101,1,6.100,
10503.3,heavy,3101,1,4.926,
10506.7,heavy,3102,0,2.744,ECONNREFUSED
10510.0,heavy,3103,1,4.417,
10513.3,heavy,3101,1,4.773,
10516.7,heavy,3102,0,3.021,ECONNREFUSED
10520.0,heavy,3103,1,4.948,
10523.3,heavy,3101,1,4.585,
10526.7,heavy,3102,0,3.175,ECONNREFUSED
10530.0,heavy,3103,1,5.333,
10533.3,heavy,3101,1,5.074,
10536.7,heavy,3102,0,2.390,ECONNREFUSED
10540.0,heavy,3103,1,14.274,
10543.3,heavy,3101,1,3.656,
10546.7,heavy,3102,0,1.981,ECONNREFUSED
10550.0,heavy,3103,1,10.640,
10553.3,heavy,3101,1,4.209,
10556.7,heavy,3102,0,2.898,ECONNREFUSED
10560.0,heavy,3103,1,5.855,
10563.3,heavy,3101,1,6.126,
10566.7,heavy,3102,0,3.665,ECONNREFUSED
10570.0,heavy,3103,1,6.033,
10573.3,heavy,3101,1,6.122,
10576.7,heavy,3102,0,3.552,ECONNREFUSED
10580.0,heavy,3103,1,5.111,
10583.3,heavy,3101,1,5.705,
10586.7,heavy,3102,0,3.756,ECONNREFUSED
10590.0,heavy,3103,1,5.768,
10593.3,heavy,3101,1,5.947,
10596.7,heavy,3102,0,2.725,ECONNREFUSED
10600.0,light-1,3101,1,3.719,
10600.0,light-4,3101,1,4.227,
10600.0,light-3,3103,1,4.949,
10600.0,light-2,3102,0,5.512,ECONNREFUSED
10600.0,light-5,3102,0,5.231,ECONNREFUSED
10600.0,heavy,3103,1,6.677,
10603.3,heavy,3103,1,4.380,
10606.7,heavy,3101,1,4.299,
10610.0,heavy,3102,0,2.891,ECONNREFUSED
10613.3,heavy,3103,1,5.409,
10616.7,heavy,3101,1,9.809,
10620.0,heavy,3102,0,2.155,ECONNREFUSED
10623.3,heavy,3103,1,3.978,
10626.7,heavy,3101,1,3.892,
10630.0,heavy,3102,0,2.478,ECONNREFUSED
10633.3,heavy,3103,1,4.422,
10636.7,heavy,3101,1,4.854,
10640.0,heavy,3102,0,3.528,ECONNREFUSED
10643.3,heavy,3103,1,5.605,
10646.7,heavy,3101,1,5.699,
10650.0,heavy,3102,0,2.917,ECONNREFUSED
10653.3,heavy,3103,1,5.401,
10656.7,heavy,3101,1,4.504,
10660.0,heavy,3102,0,2.163,ECONNREFUSED
10663.3,heavy,3103,1,4.414,
10666.7,heavy,3101,1,4.555,
10670.0,heavy,3102,0,2.466,ECONNREFUSED
10673.3,heavy,3103,1,4.349,
10676.7,heavy,3101,1,4.044,
10680.0,heavy,3102,0,2.872,ECONNREFUSED
10683.3,heavy,3103,1,4.701,
10686.7,heavy,3101,1,3.761,
10690.0,heavy,3102,0,3.279,ECONNREFUSED
10693.3,heavy,3103,1,5.004,
10696.7,heavy,3101,1,4.441,
10700.0,light-1,3101,1,3.028,
10700.0,light-3,3103,1,4.158,
10700.0,light-2,3102,0,4.823,ECONNREFUSED
10700.0,light-5,3102,0,4.678,ECONNREFUSED
10700.0,light-4,3101,1,4.978,
10700.0,heavy,3102,0,5.244,ECONNREFUSED
10703.3,heavy,3103,1,5.463,
10706.7,heavy,3103,1,3.779,
10710.0,heavy,3101,1,5.370,
10713.3,heavy,3102,0,2.865,ECONNREFUSED
10716.7,heavy,3103,1,4.713,
10720.0,heavy,3101,1,4.366,
10723.3,heavy,3102,0,2.868,ECONNREFUSED
10726.7,heavy,3103,1,4.534,
10730.0,heavy,3101,1,3.877,
10733.3,heavy,3102,0,3.695,ECONNREFUSED
10736.7,heavy,3103,1,5.566,
10740.0,heavy,3101,1,4.635,
10743.3,heavy,3102,0,2.618,ECONNREFUSED
10746.7,heavy,3103,1,7.693,
10750.0,heavy,3101,1,5.634,
10753.3,heavy,3102,0,2.513,ECONNREFUSED
10756.7,heavy,3103,1,7.043,
10760.0,heavy,3101,1,5.500,
10763.3,heavy,3102,0,2.091,ECONNREFUSED
10766.7,heavy,3103,1,5.584,
10770.0,heavy,3101,1,5.118,
10773.3,heavy,3102,0,2.108,ECONNREFUSED
10776.7,heavy,3103,1,4.230,
10780.0,heavy,3101,1,4.459,
10783.3,heavy,3102,0,2.773,ECONNREFUSED
10786.7,heavy,3103,1,4.051,
10790.0,heavy,3101,1,4.946,
10793.3,heavy,3102,0,2.538,ECONNREFUSED
10796.7,heavy,3103,1,4.776,
10800.0,light-2,3103,1,2.347,
10800.0,light-5,3103,1,3.040,
10800.0,light-3,3101,1,3.999,
10800.0,light-1,3102,0,4.492,ECONNREFUSED
10800.0,light-4,3102,0,4.337,ECONNREFUSED
10800.0,heavy,3101,1,5.779,
10803.3,heavy,3101,1,3.937,
10806.7,heavy,3102,0,2.301,ECONNREFUSED
10810.0,heavy,3103,1,4.927,
10813.3,heavy,3101,1,4.964,
10816.7,heavy,3102,0,2.495,ECONNREFUSED
10820.0,heavy,3103,1,5.419,
10823.3,heavy,3101,1,5.950,
10826.7,heavy,3102,0,3.793,ECONNREFUSED
10830.0,heavy,3103,1,3.971,
10833.3,heavy,3101,1,4.149,
10836.7,heavy,3102,0,2.530,ECONNREFUSED
10840.0,heavy,3103,1,18.423,
10843.3,heavy,3101,1,4.937,
10846.7,heavy,3102,0,3.285,ECONNREFUSED
10850.0,heavy,3103,1,2.320,
10853.3,heavy,3101,1,4.661,
10856.7,heavy,3102,0,3.923,ECONNREFUSED
10860.0,heavy,3103,1,3.938,
10863.3,heavy,3101,1,3.780,
10866.7,heavy,3102,0,2.085,ECONNREFUSED
10870.0,heavy,3103,1,4.249,
10873.3,heavy,3101,1,4.215,
10876.7,heavy,3102,0,3.115,ECONNREFUSED
10880.0,heavy,3103,1,4.169,
10883.3,heavy,3101,1,4.382,
10886.7,heavy,3102,0,2.478,ECONNREFUSED
10890.0,heavy,3103,1,6.492,
10893.3,heavy,3101,1,7.578,
10896.7,heavy,3102,0,5.724,ECONNREFUSED
10900.0,light-1,3101,1,4.262,
10900.0,light-3,3103,1,4.200,
10900.0,light-2,3102,0,5.466,ECONNREFUSED
10900.0,light-5,3102,0,6.416,ECONNREFUSED
10900.0,light-4,3101,1,8.582,
10900.0,heavy,3103,1,6.088,
10903.3,heavy,3103,1,3.749,
10906.7,heavy,3101,1,5.801,
10910.0,heavy,3102,0,2.124,ECONNREFUSED
10913.3,heavy,3103,1,5.092,
10916.7,heavy,3101,1,4.094,
10920.0,heavy,3102,0,2.294,ECONNREFUSED
10923.3,heavy,3103,1,4.695,
10926.7,heavy,3101,1,5.300,
10930.0,heavy,3102,0,2.963,ECONNREFUSED
10933.3,heavy,3103,1,4.467,
10936.7,heavy,3101,1,4.673,
10940.0,heavy,3102,0,2.425,ECONNREFUSED
10943.3,heavy,3103,1,4.112,
10946.7,heavy,3101,1,3.952,
10950.0,heavy,3102,0,2.397,ECONNREFUSED
10953.3,heavy,3103,1,4.467,
10956.7,heavy,3101,1,4.207,
10960.0,heavy,3102,0,2.344,ECONNREFUSED
10963.3,heavy,3103,1,4.530,
10966.7,heavy,3101,1,3.592,
10970.0,heavy,3102,0,1.834,ECONNREFUSED
10973.3,heavy,3103,1,4.412,
10976.7,heavy,3101,1,4.027,
10980.0,heavy,3102,0,2.676,ECONNREFUSED
10983.3,heavy,3103,1,4.359,
10986.7,heavy,3101,1,3.627,
10990.0,heavy,3102,0,2.719,ECONNREFUSED
10993.3,heavy,3103,1,4.499,
10996.7,heavy,3101,1,4.363,
11000.0,light-5,3101,1,4.071,
11000.0,light-3,3102,0,5.961,ECONNREFUSED
11000.0,light-2,3101,1,6.326,
11000.0,light-1,3103,1,7.049,
11000.0,light-4,3103,1,8.716,
11000.0,heavy,3102,0,6.400,ECONNREFUSED
11003.3,heavy,3102,0,6.096,ECONNREFUSED
11006.7,heavy,3103,1,6.649,
11010.0,heavy,3101,1,4.246,
11013.3,heavy,3102,0,2.031,ECONNREFUSED
11016.7,heavy,3103,1,4.687,
11020.0,heavy,3101,1,4.500,
11023.3,heavy,3102,0,2.136,ECONNREFUSED
11026.7,heavy,3103,1,4.584,
11030.0,heavy,3101,1,4.532,
11033.3,heavy,3102,0,2.177,ECONNREFUSED
11036.7,heavy,3103,1,3.929,
11040.0,heavy,3101,1,4.456,
11043.3,heavy,3102,0,2.797,ECONNREFUSED
11046.7,heavy,3103,1,4.570,
11050.0,heavy,3101,1,4.521,
11053.3,heavy,3102,0,2.614,ECONNREFUSED
11056.7,heavy,3103,1,4.380,
11060.0,heavy,3101,1,4.222,
11063.3,heavy,3102,0,2.301,ECONNREFUSED
11066.7,heavy,3103,1,4.300,
11070.0,heavy,3101,1,3.842,
11073.3,heavy,3102,0,2.156,ECONNREFUSED
11076.7,heavy,3103,1,4.992,
11080.0,heavy,3101,1,4.919,
11083.3,heavy,3102,0,2.658,ECONNREFUSED
11086.7,heavy,3103,1,4.671,
11090.0,heavy,3101,1,3.868,
11093.3,heavy,3102,0,2.896,ECONNREFUSED
11096.7,heavy,3103,1,4.012,
11100.0,light-2,3103,1,2.333,
11100.0,light-5,3103,1,2.174,
11100.0,light-3,3101,1,4.306,
11100.0,light-1,3102,0,4.928,ECONNREFUSED
11100.0,light-4,3102,0,4.596,ECONNREFUSED
11100.0,heavy,3101,1,5.893,
11103.3,heavy,3101,1,1.930,
11106.7,heavy,3102,0,3.101,ECONNREFUSED
11110.0,heavy,3103,1,4.285,
11113.3,heavy,3101,1,4.359,
11116.7,heavy,3102,0,2.536,ECONNREFUSED
11120.0,heavy,3103,1,4.562,
11123.3,heavy,3101,1,4.586,
11126.7,heavy,3102,0,2.972,ECONNREFUSED
11130.0,heavy,3103,1,4.682,
11133.3,heavy,3101,1,4.677,
11136.7,heavy,3102,0,2.397,ECONNREFUSED
11140.0,heavy,3103,1,3.936,
11143.3,heavy,3101,1,4.938,
11146.7,heavy,3102,0,3.262,ECONNREFUSED
11150.0,heavy,3103,1,4.636,
11153.3,heavy,3101,1,3.521,
11156.7,heavy,3102,0,2.908,ECONNREFUSED
11160.0,heavy,3103,1,4.598,
11163.3,heavy,3101,1,4.184,
11166.7,heavy,3102,0,2.048,ECONNREFUSED
11170.0,heavy,3103,1,4.383,
11173.3,heavy,3101,1,4.951,
11176.7,heavy,3102,0,2.607,ECONNREFUSED
11180.0,heavy,3103,1,4.133,
11183.3,heavy,3101,1,4.598,
11186.7,heavy,3102,0,2.368,ECONNREFUSED
11190.0,heavy,3103,1,3.999,
11193.3,heavy,3101,1,4.368,
11196.7,heavy,3102,0,4.757,ECONNREFUSED
11200.0,light-1,3101,1,2.860,
11200.0,light-3,3103,1,3.861,
11200.0,light-2,3102,0,4.333,ECONNREFUSED
11200.0,light-5,3102,0,4.012,ECONNREFUSED
11200.0,light-4,3101,1,4.731,
11200.0,heavy,3103,1,4.770,
11203.3,heavy,3103,1,4.334,
11206.7,heavy,3101,1,4.156,
11210.0,heavy,3102,0,1.869,ECONNREFUSED
11213.3,heavy,3103,1,4.352,
11216.7,heavy,3101,1,9.680,
11220.0,heavy,3102,0,2.528,ECONNREFUSED
11223.3,heavy,3103,1,4.537,
11226.7,heavy,3101,1,8.903,
11230.0,heavy,3102,0,2.453,ECONNREFUSED
11233.3,heavy,3103,1,4.796,
11236.7,heavy,3101,1,3.646,
11240.0,heavy,3102,0,2.296,ECONNREFUSED
11243.3,heavy,3103,1,4.449,
11246.7,heavy,3101,1,1.325,
11250.0,heavy,3102,0,2.237,ECONNREFUSED
11253.3,heavy,3103,1,4.924,
11256.7,heavy,3101,1,1.504,
11260.0,heavy,3102,0,2.753,ECONNREFUSED
11263.3,heavy,3103,1,6.668,
11266.7,heavy,3101,1,2.067,
11270.0,heavy,3102,0,2.998,ECONNREFUSED
11273.3,heavy,3103,1,1.030,
11276.7,heavy,3101,1,2.414,
11280.0,heavy,3102,0,4.833,ECONNREFUSED
11283.3,heavy,3103,1,1.966,
11286.7,heavy,3101,1,2.053,
11290.0,heavy,3102,0,5.310,ECONNREFUSED
11293.3,heavy,3103,1,1.951,
11296.7,heavy,3101,1,3.746,
11300.0,light-3,3103,1,3.799,
11300.0,light-1,3101,1,4.220,
11300.0,light-4,3101,1,6.175,
11300.0,light-2,3102,0,6.704,ECONNREFUSED
11300.0,light-5,3102,0,6.628,ECONNREFUSED
11300.0,heavy,3102,0,6.628,ECONNREFUSED
11303.3,heavy,3103,1,3.357,
11306.7,heavy,3103,1,3.454,
11310.0,heavy,3101,1,2.513,
11313.3,heavy,3102,0,2.670,ECONNREFUSED
11316.7,heavy,3103,1,1.406,
11320.0,heavy,3101,1,1.067,
11323.3,heavy,3102,0,4.260,ECONNREFUSED
11326.7,heavy,3103,1,2.024,
11330.0,heavy,3101,1,2.143,
11333.3,heavy,3102,0,3.981,ECONNREFUSED
11336.7,heavy,3103,1,1.458,
11340.0,heavy,3101,1,2.179,
11343.3,heavy,3102,0,3.627,ECONNREFUSED
11346.7,heavy,3103,1,1.648,
11350.0,heavy,3101,1,2.992,
11353.3,heavy,3102,0,2.477,ECONNREFUSED
11356.7,heavy,3103,1,2.412,
11360.0,heavy,3101,1,2.368,
11363.3,heavy,3102,0,3.390,ECONNREFUSED
11366.7,heavy,3103,1,1.671,
11370.0,heavy,3101,1,0.928,
11373.3,heavy,3102,0,3.124,ECONNREFUSED
11376.7,heavy,3103,1,1.516,
11380.0,heavy,3101,1,1.735,
11383.3,heavy,3102,0,2.343,ECONNREFUSED
11386.7,heavy,3103,1,2.141,
11390.0,heavy,3101,1,2.076,
11393.3,heavy,3102,0,4.249,ECONNREFUSED
11396.7,heavy,3103,1,3.794,
11400.0,light-2,3103,1,2.347,
11400.0,light-1,3102,0,3.971,ECONNREFUSED
11400.0,light-4,3102,0,3.626,ECONNREFUSED
11400.0,light-3,3101,1,3.860,
11400.0,light-5,3103,1,3.833,
11400.0,heavy,3101,1,2.734,
11403.3,heavy,3101,1,1.950,
11406.7,heavy,3102,0,3.257,ECONNREFUSED
11410.0,heavy,3103,1,1.795,
11413.3,heavy,3101,1,1.468,
11416.7,heavy,3102,0,3.818,ECONNREFUSED
11420.0,heavy,3103,1,2.007,
11423.3,heavy,3101,1,2.073,
11426.7,heavy,3102,0,3.461,ECONNREFUSED
11430.0,heavy,3103,1,2.039,
11433.3,heavy,3101,1,2.134,
11436.7,heavy,3102,0,3.811,ECONNREFUSED
11440.0,heavy,3103,1,1.810,
11443.3,heavy,3101,1,3.081,
11446.7,heavy,3102,0,2.882,ECONNREFUSED
11450.0,heavy,3103,1,1.189,
11453.3,heavy,3101,1,2.266,
11456.7,heavy,3102,0,3.810,ECONNREFUSED
11460.0,heavy,3103,1,1.951,
11463.3,heavy,3101,1,1.238,
11466.7,heavy,3102,0,5.074,ECONNREFUSED
11470.0,heavy,3103,1,2.246,
11473.3,heavy,3101,1,2.349,
11476.7,heavy,3102,0,5.889,ECONNREFUSED
11480.0,heavy,3103,1,2.030,
11483.3,heavy,3101,1,1.718,
11486.7,heavy,3102,0,5.359,ECONNREFUSED
11490.0,heavy,3103,1,2.923,
11493.3,heavy,3101,1,2.338,
11496.7,heavy,3102,0,2.516,ECONNREFUSED
11500.0,light-2,3103,1,3.543,
11500.0,light-5,3103,1,4.356,
11500.0,light-3,3101,1,5.194,
11500.0,light-1,3102,0,5.911,ECONNREFUSED
11500.0,light-4,3102,0,5.611,ECONNREFUSED
11500.0,heavy,3103,1,3.163,
11503.3,heavy,3101,1,4.813,
11506.7,heavy,3101,1,3.457,
11510.0,heavy,3102,0,2.841,ECONNREFUSED
11513.3,heavy,3103,1,1.956,
11516.7,heavy,3101,1,2.060,
11520.0,heavy,3102,0,2.708,ECONNREFUSED
11523.3,heavy,3103,1,1.208,
11526.7,heavy,3101,1,1.871,
11530.0,heavy,3102,0,2.573,ECONNREFUSED
11533.3,heavy,3103,1,1.380,
11536.7,heavy,3101,1,2.222,
11540.0,heavy,3102,0,1.396,ECONNREFUSED
11543.3,heavy,3103,1,2.112,
11546.7,heavy,3101,1,1.950,
11550.0,heavy,3102,0,3.045,ECONNREFUSED
11553.3,heavy,3103,1,1.388,
11556.7,heavy,3101,1,1.704,
11560.0,heavy,3102,0,5.214,ECONNREFUSED
11563.3,heavy,3103,1,2.149,
11566.7,heavy,3101,1,2.335,
11570.0,heavy,3102,0,5.267,ECONNREFUSED
11573.3,heavy,3103,1,1.834,
11576.7,heavy,3101,1,2.914,
11580.0,heavy,3102,0,4.372,ECONNREFUSED
11583.3,heavy,3103,1,2.645,
11586.7,heavy,3101,1,2.177,
11590.0,heavy,3102,0,8.344,ECONNREFUSED
11593.3,heavy,3103,1,4.110,
11596.7,heavy,3101,1,5.173,
11600.0,light-1,3103,1,4.032,
11600.0,light-4,3103,1,4.592,
11600.0,light-2,3101,1,5.805,
11600.0,light-5,3101,1,5.724,
11600.0,light-3,3102,0,7.730,ECONNREFUSED
11600.0,heavy,3102,0,7.875,ECONNREFUSED
11603.3,heavy,3102,0,6.397,ECONNREFUSED
11606.7,heavy,3103,1,2.006,
11610.0,heavy,3101,1,1.019,
11613.3,heavy,3102,0,2.662,ECONNREFUSED
11616.7,heavy,3103,1,1.452,
11620.0,heavy,3101,1,1.910,
11623.3,heavy,3102,0,3.624,ECONNREFUSED
11626.7,heavy,3103,1,1.705,
11630.0,heavy,3101,1,2.583,
11633.3,heavy,3102,0,2.537,ECONNREFUSED
11636.7,heavy,3103,1,1.295,
11640.0,heavy,3101,1,2.050,
11643.3,heavy,3102,0,3.404,ECONNREFUSED
11646.7,heavy,3103,1,1.740,
11650.0,heavy,3101,1,1.496,
11653.3,heavy,3102,0,4.389,ECONNREFUSED
11656.7,heavy,3103,1,2.387,
11660.0,heavy,3101,1,2.533,
11663.3,heavy,3102,0,4.521,ECONNREFUSED
11666.7,heavy,3103,1,1.338,
11670.0,heavy,3101,1,2.359,
11673.3,heavy,3102,0,3.429,ECONNREFUSED
11676.7,heavy,3103,1,2.039,
11680.0,heavy,3101,1,1.667,
11683.3,heavy,3102,0,4.226,ECONNREFUSED
11686.7,heavy,3103,1,2.331,
11690.0,heavy,3101,1,2.009,
11693.3,heavy,3102,0,4.584,ECONNREFUSED
11696.7,heavy,3103,1,1.537,
11700.0,light-3,3103,1,4.022,
11700.0,light-1,3101,1,5.740,
11700.0,light-4,3101,1,6.141,
11700.0,light-2,3102,0,7.104,ECONNREFUSED
11700.0,light-5,3102,0,6.886,ECONNREFUSED
11700.0,heavy,3101,1,4.951,
11703.3,heavy,3102,0,7.174,ECONNREFUSED
11706.7,heavy,3103,1,3.576,
11710.0,heavy,3103,1,3.616,
11713.3,heavy,3101,1,2.872,
11716.7,heavy,3102,0,2.403,ECONNREFUSED
11720.0,heavy,3103,1,2.005,
11723.3,heavy,3101,1,1.425,
11726.7,heavy,3102,0,4.518,ECONNREFUSED
11730.0,heavy,3103,1,2.311,
11733.3,heavy,3101,1,2.437,
11736.7,heavy,3102,0,4.498,ECONNREFUSED
11740.0,heavy,3103,1,2.073,
11743.3,heavy,3101,1,1.290,
11746.7,heavy,3102,0,3.807,ECONNREFUSED
11750.0,heavy,3103,1,1.864,
11753.3,heavy,3101,1,1.952,
11756.7,heavy,3102,0,3.407,ECONNREFUSED
11760.0,heavy,3103,1,1.111,
11763.3,heavy,3101,1,2.159,
11766.7,heavy,3102,0,3.579,ECONNREFUSED
11770.0,heavy,3103,1,1.754,
11773.3,heavy,3101,1,1.417,
11776.7,heavy,3102,0,4.993,ECONNREFUSED
11780.0,heavy,3103,1,2.269,
11783.3,heavy,3101,1,2.401,
11786.7,heavy,3102,0,4.358,ECONNREFUSED
11790.0,heavy,3103,1,1.500,
11793.3,heavy,3101,1,3.176,
11796.7,heavy,3102,0,7.581,ECONNREFUSED
11800.0,light-1,3101,1,4.133,
11800.0,light-3,3103,1,4.712,
11800.0,light-4,3101,1,4.846,
11800.0,light-2,3102,0,7.261,ECONNREFUSED
11800.0,light-5,3102,0,7.945,ECONNREFUSED
11800.0,heavy,3103,1,3.205,
11803.3,heavy,3103,1,3.813,
11806.7,heavy,3101,1,2.862,
11810.0,heavy,3102,0,2.070,ECONNREFUSED
11813.3,heavy,3103,1,1.344,
11816.7,heavy,3101,1,1.348,
11820.0,heavy,3102,0,2.228,ECONNREFUSED
11823.3,heavy,3103,1,1.990,
11826.7,heavy,3101,1,1.899,
11830.0,heavy,3102,0,3.185,ECONNREFUSED
11833.3,heavy,3103,1,2.320,
11836.7,heavy,3101,1,1.070,
11840.0,heavy,3102,0,3.173,ECONNREFUSED
11843.3,heavy,3103,1,1.881,
11846.7,heavy,3101,1,1.663,
11850.0,heavy,3102,0,1.974,ECONNREFUSED
11853.3,heavy,3103,1,2.200,
11856.7,heavy,3101,1,1.694,
11860.0,heavy,3102,0,3.444,ECONNREFUSED
11863.3,heavy,3103,1,3.016,
11866.7,heavy,3101,1,1.146,
11870.0,heavy,3102,0,4.915,ECONNREFUSED
11873.3,heavy,3103,1,1.730,
11876.7,heavy,3101,1,1.838,
11880.0,heavy,3102,0,5.092,ECONNREFUSED
11883.3,heavy,3103,1,1.876,
11886.7,heavy,3101,1,2.412,
11890.0,heavy,3102,0,3.443,ECONNREFUSED
11893.3,heavy,3103,1,1.908,
11896.7,heavy,3101,1,1.702,
11900.0,light-1,3103,1,3.390,
11900.0,light-2,3101,1,3.559,
11900.0,light-4,3103,1,4.162,
11900.0,light-5,3101,1,4.281,
11900.0,light-3,3102,0,6.263,ECONNREFUSED
11900.0,heavy,3102,0,6.467,ECONNREFUSED
11903.3,heavy,3102,0,3.638,ECONNREFUSED
11906.7,heavy,3103,1,1.259,
11910.0,heavy,3101,1,2.304,
11913.3,heavy,3102,0,2.328,ECONNREFUSED
11916.7,heavy,3103,1,1.428,
11920.0,heavy,3101,1,1.721,
11923.3,heavy,3102,0,2.536,ECONNREFUSED
11926.7,heavy,3103,1,1.486,
11930.0,heavy,3101,1,0.860,
11933.3,heavy,3102,0,3.234,ECONNREFUSED
11936.7,heavy,3103,1,1.647,
11940.0,heavy,3101,1,1.709,
11943.3,heavy,3102,0,3.000,ECONNREFUSED
11946.7,heavy,3103,1,1.187,
11950.0,heavy,3101,1,1.986,
11953.3,heavy,3102,0,2.522,ECONNREFUSED
11956.7,heavy,3103,1,1.524,
11960.0,heavy,3101,1,1.122,
11963.3,heavy,3102,0,5.114,ECONNREFUSED
11966.7,heavy,3103,1,2.758,
11970.0,heavy,3101,1,2.451,
11973.3,heavy,3102,0,5.196,ECONNREFUSED
11976.7,heavy,3103,1,2.407,
11980.0,heavy,3101,1,1.133,
11983.3,heavy,3102,0,3.423,ECONNREFUSED
11986.7,heavy,3103,1,1.719,
11990.0,heavy,3101,1,1.447,
11993.3,heavy,3102,0,2.162,ECONNREFUSED
11996.7,heavy,3103,1,3.441,
12000.0,light-1,3103,1,3.971,
12000.0,light-4,3103,1,4.557,
12000.0,light-5,3101,1,5.094,
12000.0,light-2,3101,1,6.613,
12000.0,light-3,3102,0,6.774,ECONNREFUSED
12000.0,heavy,3101,1,3.337,
12003.3,heavy,3102,0,6.638,ECONNREFUSED
12006.7,heavy,3102,0,6.875,ECONNREFUSED
12010.0,heavy,3103,1,2.614,
12013.3,heavy,3101,1,2.292,
12016.7,heavy,3102,0,2.461,ECONNREFUSED
12020.0,heavy,3103,1,1.397,
12023.3,heavy,3101,1,2.729,
12026.7,heavy,3102,0,5.067,ECONNREFUSED
12030.0,heavy,3103,1,1.960,
12033.3,heavy,3101,1,3.107,
12036.7,heavy,3102,0,5.318,ECONNREFUSED
12040.0,heavy,3103,1,2.062,
12043.3,heavy,3101,1,2.208,
12046.7,heavy,3102,0,3.659,ECONNREFUSED
12050.0,heavy,3103,1,1.835,
12053.3,heavy,3101,1,1.320,
12056.7,heavy,3102,0,3.853,ECONNREFUSED
12060.0,heavy,3103,1,1.850,
12063.3,heavy,3101,1,1.912,
12066.7,heavy,3102,0,3.582,ECONNREFUSED
12070.0,heavy,3103,1,1.492,
12073.3,heavy,3101,1,2.287,
12076.7,heavy,3102,0,2.923,ECONNREFUSED
12080.0,heavy,3103,1,1.949,
12083.3,heavy,3101,1,2.388,
12086.7,heavy,3102,0,8.686,ECONNREFUSED
12090.0,heavy,3103,1,4.352,
12093.3,heavy,3101,1,4.443,
12096.7,heavy,3102,0,9.221,ECONNREFUSED
12100.0,light-1,3101,1,4.393,
12100.0,light-3,3103,1,4.160,
12100.0,light-4,3101,1,5.058,
12100.0,light-2,3102,0,7.894,ECONNREFUSED
12100.0,light-5,3102,0,7.666,ECONNREFUSED
12100.0,heavy,3103,1,4.509,
12103.3,heavy,3103,1,3.870,
12106.7,heavy,3101,1,1.941,
12110.0,heavy,3102,0,3.475,ECONNREFUSED
12113.3,heavy,3103,1,1.687,
12116.7,heavy,3101,1,2.167,
12120.0,heavy,3102,0,3.085,ECONNREFUSED
12123.3,heavy,3103,1,1.669,
12126.7,heavy,3101,1,1.468,
12130.0,heavy,3102,0,2.116,ECONNREFUSED
12133.3,heavy,3103,1,2.692,
12136.7,heavy,3101,1,2.555,
12140.0,heavy,3102,0,3.975,ECONNREFUSED
12143.3,heavy,3103,1,3.097,
12146.7,heavy,3101,1,2.085,
12150.0,heavy,3102,0,1.905,ECONNREFUSED
12153.3,heavy,3103,1,1.949,
12156.7,heavy,3101,1,1.872,
12160.0,heavy,3102,0,2.619,ECONNREFUSED
12163.3,heavy,3103,1,2.425,
12166.7,heavy,3101,1,2.282,
12170.0,heavy,3102,0,3.798,ECONNREFUSED
12173.3,heavy,3103,1,2.068,
12176.7,heavy,3101,1,2.014,
12180.0,heavy,3102,0,1.775,ECONNREFUSED
12183.3,heavy,3103,1,1.776,
12186.7,heavy,3101,1,1.639,
12190.0,heavy,3102,0,2.386,ECONNREFUSED
12193.3,heavy,3103,1,0.861,
12196.7,heavy,3101,1,3.644,
12200.0,light-2,3103,1,4.426,
12200.0,light-3,3101,1,4.514,
12200.0,light-5,3103,1,4.411,
12200.0,light-1,3102,0,7.250,ECONNREFUSED
12200.0,light-4,3102,0,7.044,ECONNREFUSED
12200.0,heavy,3102,0,6.954,ECONNREFUSED
12203.3,heavy,3103,1,3.798,
12206.7,heavy,3101,1,3.914,
12210.0,heavy,3101,1,3.812,
12213.3,heavy,3102,0,4.614,ECONNREFUSED
12216.7,heavy,3103,0,1.626,
12220.0,heavy,3101,1,2.324,
12223.3,heavy,3102,0,3.552,ECONNREFUSED
12226.7,heavy,3103,1,1.609,
12230.0,heavy,3101,1,3.711,
12233.3,heavy,3102,0,4.079,ECONNREFUSED
12236.7,heavy,3103,1,2.056,
12240.0,heavy,3101,1,1.961,
12243.3,heavy,3102,0,2.534,ECONNREFUSED
12246.7,heavy,3103,1,3.046,
12250.0,heavy,3101,1,3.433,
12253.3,heavy,3102,0,3.803,ECONNREFUSED
12256.7,heavy,3103,0,1.721,
12260.0,heavy,3101,1,2.835,
12263.3,heavy,3102,0,2.891,ECONNREFUSED
12266.7,heavy,3103,1,1.479,
12270.0,heavy,3101,1,3.535,
12273.3,heavy,3102,0,2.689,ECONNREFUSED
12276.7,heavy,3103,1,2.548,
12280.0,heavy,3101,0,4.568,
12283.3,heavy,3102,0,2.963,ECONNREFUSED
12286.7,heavy,3103,0,1.994,
12290.0,heavy,3101,1,4.002,
12293.3,heavy,3102,0,3.057,ECONNREFUSED
12296.7,heavy,3103,0,1.112,
12300.0,light-2,3103,1,2.056,
12300.0,light-5,3103,1,2.593,
12300.0,light-3,3101,1,4.038,
12300.0,light-1,3102,0,4.745,ECONNREFUSED
12300.0,light-4,3102,0,4.540,ECONNREFUSED
12300.0,heavy,3101,1,5.500,
12303.3,heavy,3101,0,2.156,
12306.7,heavy,3102,0,4.050,ECONNREFUSED
12310.0,heavy,3103,1,2.324,
12313.3,heavy,3101,0,4.261,
12316.7,heavy,3102,0,3.884,ECONNREFUSED
12320.0,heavy,3103,0,1.392,
12323.3,heavy,3101,1,4.858,
12326.7,heavy,3102,0,3.733,ECONNREFUSED
12330.0,heavy,3103,1,2.177,
12333.3,heavy,3101,0,3.251,
12336.7,heavy,3102,0,2.158,ECONNREFUSED
12340.0,heavy,3103,1,2.179,
12343.3,heavy,3101,0,4.161,
12346.7,heavy,3102,0,3.046,ECONNREFUSED
12350.0,heavy,3103,0,1.226,
12353.3,heavy,3101,1,4.149,
12356.7,heavy,3102,0,3.443,ECONNREFUSED
12360.0,heavy,3103,1,1.235,
12363.3,heavy,3101,0,2.653,
12366.7,heavy,3102,0,3.629,ECONNREFUSED
12370.0,heavy,3103,1,1.649,
12373.3,heavy,3101,0,3.661,
12376.7,heavy,3102,0,3.951,ECONNREFUSED
12380.0,heavy,3103,0,1.686,
12383.3,heavy,3101,1,4.870,
12386.7,heavy,3102,0,3.078,ECONNREFUSED
12390.0,heavy,3103,1,1.663,
12393.3,heavy,3101,0,5.090,
12396.7,heavy,3102,0,4.946,ECONNREFUSED
12400.0,light-3,3103,1,1.842,
12400.0,light-2,3102,0,5.624,ECONNREFUSED
12400.0,light-5,3102,0,6.179,ECONNREFUSED
12400.0,light-1,3101,1,7.269,
12400.0,light-4,3101,1,9.059,
12400.0,heavy,3103,0,2.253,
12403.3,heavy,3103,1,1.504,
12406.7,heavy,3101,0,4.063,
12410.0,heavy,3102,0,1.905,ECONNREFUSED
12413.3,heavy,3103,1,2.014,
12416.7,heavy,3101,0,4.013,
12420.0,heavy,3102,0,4.376,ECONNREFUSED
12423.3,heavy,3103,1,2.606,
12426.7,heavy,3101,0,2.459,
12430.0,heavy,3102,0,3.755,ECONNREFUSED
12433.3,heavy,3103,1,1.858,
12436.7,heavy,3101,1,4.427,
12440.0,heavy,3102,0,3.718,ECONNREFUSED
12443.3,heavy,3103,0,1.865,
12446.7,heavy,3101,0,3.938,
12450.0,heavy,3102,0,3.206,ECONNREFUSED
12453.3,heavy,3103,1,2.063,
12456.7,heavy,3101,0,2.094,
12460.0,heavy,3102,0,4.849,ECONNREFUSED
12463.3,heavy,3103,1,2.433,
12466.7,heavy,3101,1,5.524,
12470.0,heavy,3102,0,5.248,ECONNREFUSED
12473.3,heavy,3103,0,1.990,
12476.7,heavy,3101,0,3.741,
12480.0,heavy,3102,0,2.029,ECONNREFUSED
12483.3,heavy,3103,1,1.339,
12486.7,heavy,3101,0,2.981,
12490.0,heavy,3102,0,1.877,ECONNREFUSED
12493.3,heavy,3103,1,2.818,
12496.7,heavy,3101,1,7.892,
12500.0,light-4,3103,1,4.154,
12500.0,light-2,3101,1,4.581,
12500.0,light-3,3102,0,4.912,ECONNREFUSED
12500.0,light-5,3101,1,5.703,
12500.0,light-1,3103,1,7.417,
12500.0,heavy,3102,0,8.562,ECONNREFUSED
12503.3,heavy,3102,0,7.026,ECONNREFUSED
12506.7,heavy,3103,0,2.724,
12510.0,heavy,3101,1,4.781,
12513.3,heavy,3102,0,3.610,ECONNREFUSED
12516.7,heavy,3103,0,1.557,
12520.0,heavy,3101,1,5.157,
12523.3,heavy,3102,0,3.752,ECONNREFUSED
12526.7,heavy,3103,1,1.923,
12530.0,heavy,3101,0,4.622,
12533.3,heavy,3102,0,4.121,ECONNREFUSED
12536.7,heavy,3103,0,1.514,
12540.0,heavy,3101,0,3.599,
12543.3,heavy,3102,0,2.838,ECONNREFUSED
12546.7,heavy,3103,1,1.704,
12550.0,heavy,3101,0,1.905,
12553.3,heavy,3102,0,6.988,ECONNREFUSED
12556.7,heavy,3103,1,3.780,
12560.0,heavy,3101,1,6.639,
12563.3,heavy,3102,0,7.025,ECONNREFUSED
12566.7,heavy,3103,0,3.717,
12570.0,heavy,3101,0,2.664,
12573.3,heavy,3102,0,2.411,ECONNREFUSED
12576.7,heavy,3103,1,1.828,
12580.0,heavy,3101,0,3.866,
12583.3,heavy,3102,0,3.242,ECONNREFUSED
12586.7,heavy,3103,1,1.574,
12590.0,heavy,3101,1,4.594,
12593.3,heavy,3102,0,4.413,ECONNREFUSED
12596.7,heavy,3103,0,1.742,
12600.0,light-2,3103,1,2.656,
12600.0,light-1,3102,0,5.174,ECONNREFUSED
12600.0,light-4,3102,0,5.027,ECONNREFUSED
12600.0,light-5,3103,1,5.236,
12600.0,light-3,3101,1,8.343,
12600.0,heavy,3101,1,7.410,
12603.3,heavy,3101,0,5.122,
12606.7,heavy,3102,0,5.021,ECONNREFUSED
12610.0,heavy,3103,0,2.261,
12613.3,heavy,3101,1,3.457,
12616.7,heavy,3102,0,3.622,ECONNREFUSED
12620.0,heavy,3103,0,2.085,
12623.3,heavy,3101,1,4.199,
12626.7,heavy,3102,0,2.922,ECONNREFUSED
12630.0,heavy,3103,1,1.222,
12633.3,heavy,3101,0,3.698,
12636.7,heavy,3102,0,2.900,ECONNREFUSED
12640.0,heavy,3103,1,1.719,
12643.3,heavy,3101,0,4.201,
12646.7,heavy,3102,0,3.756,ECONNREFUSED
12650.0,heavy,3103,0,1.453,
12653.3,heavy,3101,1,3.490,
12656.7,heavy,3102,0,2.082,ECONNREFUSED
12660.0,heavy,3103,1,1.993,
12663.3,heavy,3101,0,3.593,
12666.7,heavy,3102,0,3.330,ECONNREFUSED
12670.0,heavy,3103,0,1.329,
12673.3,heavy,3101,1,5.133,
12676.7,heavy,3102,0,2.164,ECONNREFUSED
12680.0,heavy,3103,1,2.282,
12683.3,heavy,3101,0,3.889,
12686.7,heavy,3102,0,2.604,ECONNREFUSED
12690.0,heavy,3103,0,1.371,
12693.3,heavy,3101,1,3.976,
12696.7,heavy,3102,0,5.304,ECONNREFUSED
12700.0,light-1,3101,1,3.232,
12700.0,light-3,3103,1,3.452,
12700.0,light-4,3101,1,3.513,
12700.0,light-5,3102,0,6.385,ECONNREFUSED
12700.0,light-2,3102,0,6.973,ECONNREFUSED
12700.0,heavy,3103,0,3.204,
12703.3,heavy,3103,1,4.169,
12706.7,heavy,3101,0,3.749,
12710.0,heavy,3102,0,2.324,ECONNREFUSED
12713.3,heavy,3103,1,2.085,
12716.7,heavy,3101,0,4.374,
12720.0,heavy,3102,0,2.476,ECONNREFUSED
12723.3,heavy,3103,1,1.551,
12726.7,heavy,3101,0,3.703,
12730.0,heavy,3102,0,2.948,ECONNREFUSED
12733.3,heavy,3103,1,1.556,
12736.7,heavy,3101,1,5.306,
12740.0,heavy,3102,0,3.783,ECONNREFUSED
12743.3,heavy,3103,0,1.727,
12746.7,heavy,3101,0,7.102,
12750.0,heavy,3102,0,2.842,ECONNREFUSED
12753.3,heavy,3103,1,1.534,
12756.7,heavy,3101,0,2.846,
12760.0,heavy,3102,0,5.541,ECONNREFUSED
12763.3,heavy,3103,1,2.563,
12766.7,heavy,3101,1,5.553,
12770.0,heavy,3102,0,5.235,ECONNREFUSED
12773.3,heavy,3103,0,3.171,
12776.7,heavy,3101,0,2.335,
12780.0,heavy,3102,0,3.933,ECONNREFUSED
12783.3,heavy,3103,1,1.974,
12786.7,heavy,3101,0,4.392,
12790.0,heavy,3102,0,3.934,ECONNREFUSED
12793.3,heavy,3103,1,1.105,
12796.7,heavy,3101,0,8.302,
12800.0,light-3,3103,1,4.598,
12800.0,light-1,3101,1,5.749,
12800.0,light-4,3101,1,6.146,
12800.0,light-2,3102,0,7.781,ECONNREFUSED
12800.0,light-5,3102,0,7.670,ECONNREFUSED
12800.0,heavy,3102,0,8.102,ECONNREFUSED
12803.3,heavy,3103,1,3.836,
12806.7,heavy,3103,0,4.033,
12810.0,heavy,3101,1,3.911,
12813.3,heavy,3102,0,2.485,ECONNREFUSED
12816.7,heavy,3103,0,1.139,
12820.0,heavy,3101,0,5.933,
12823.3,heavy,3102,0,4.638,ECONNREFUSED
12826.7,heavy,3103,1,2.360,
12830.0,heavy,3101,0,5.596,
12833.3,heavy,3102,0,5.834,ECONNREFUSED
12836.7,heavy,3103,1,2.129,
12840.0,heavy,3101,0,3.264,
12843.3,heavy,3102,0,1.778,ECONNREFUSED
12846.7,heavy,3103,1,1.473,
12850.0,heavy,3101,1,4.066,
12853.3,heavy,3102,0,2.905,ECONNREFUSED
12856.7,heavy,3103,0,1.504,
12860.0,heavy,3101,1,4.337,
12863.3,heavy,3102,0,2.984,ECONNREFUSED
12866.7,heavy,3103,0,1.666,
12870.0,heavy,3101,0,1.727,
12873.3,heavy,3102,0,4.877,ECONNREFUSED
12876.7,heavy,3103,1,1.359,
12880.0,heavy,3101,1,5.761,
12883.3,heavy,3102,0,4.779,ECONNREFUSED
12886.7,heavy,3103,0,1.506,
12890.0,heavy,3101,0,5.432,
12893.3,heavy,3102,0,4.795,ECONNREFUSED
12896.7,heavy,3103,1,1.886,
12900.0,light-2,3103,1,3.642,
12900.0,light-5,3103,1,3.482,
12900.0,light-3,3101,1,4.885,
12900.0,light-1,3102,0,6.987,ECONNREFUSED
12900.0,light-4,3102,0,7.166,ECONNREFUSED
12900.0,heavy,3101,1,7.566,
12903.3,heavy,3101,0,5.021,
12906.7,heavy,3102,0,5.024,ECONNREFUSED
12910.0,heavy,3103,0,1.620,
12913.3,heavy,3101,1,5.601,
12916.7,heavy,3102,0,4.287,ECONNREFUSED
12920.0,heavy,3103,1,1.915,
12923.3,heavy,3101,0,5.211,
12926.7,heavy,3102,0,4.759,ECONNREFUSED
12930.0,heavy,3103,0,2.067,
12933.3,heavy,3101,1,1.815,
12936.7,heavy,3102,0,2.810,ECONNREFUSED
12940.0,heavy,3103,1,1.549,
12943.3,heavy,3101,0,3.164,
12946.7,heavy,3102,0,2.357,ECONNREFUSED
12950.0,heavy,3103,0,1.211,
12953.3,heavy,3101,1,5.488,
12956.7,heavy,3102,0,3.601,ECONNREFUSED
12960.0,heavy,3103,0,2.180,
12963.3,heavy,3101,1,2.979,
12966.7,heavy,3102,0,3.892,ECONNREFUSED
12970.0,heavy,3103,1,1.879,
12973.3,heavy,3101,0,4.008,
12976.7,heavy,3102,0,2.923,ECONNREFUSED
12980.0,heavy,3103,0,1.317,
12983.3,heavy,3101,0,5.444,
12986.7,heavy,3102,0,4.026,ECONNREFUSED
12990.0,heavy,3103,1,1.686,
12993.3,heavy,3101,1,5.437,
12996.7,heavy,3102,0,6.587,ECONNREFUSED
13000.0,light-1,3101,1,3.722,
13000.0,light-3,3103,1,3.580,
13000.0,light-4,3101,1,3.663,
13000.0,light-2,3102,0,6.082,ECONNREFUSED
13000.0,light-5,3102,0,5.882,ECONNREFUSED
13000.0,heavy,3103,1,3.801,
13003.3,heavy,3103,0,3.052,
13006.7,heavy,3101,0,3.141,
13010.0,heavy,3102,0,2.246,ECONNREFUSED
13013.3,heavy,3103,1,1.972,
13016.7,heavy,3101,1,3.731,
13020.0,heavy,3102,0,2.191,ECONNREFUSED
13023.3,heavy,3103,0,0.790,
13026.7,heavy,3101,0,3.667,
13030.0,heavy,3102,0,2.875,ECONNREFUSED
13033.3,heavy,3103,1,1.681,
13036.7,heavy,3101,0,2.063,
13040.0,heavy,3102,0,6.081,ECONNREFUSED
13043.3,heavy,3103,1,3.384,
13046.7,heavy,3101,1,5.726,
13050.0,heavy,3102,0,5.859,ECONNREFUSED
13053.3,heavy,3103,0,2.547,
13056.7,heavy,3101,0,3.070,
13060.0,heavy,3102,0,3.024,ECONNREFUSED
13063.3,heavy,3103,1,1.237,
13066.7,heavy,3101,0,3.836,
13070.0,heavy,3102,0,2.343,ECONNREFUSED
13073.3,heavy,3103,1,1.137,
13076.7,heavy,3101,1,4.213,
13080.0,heavy,3102,0,2.590,ECONNREFUSED
13083.3,heavy,3103,0,1.485,
13086.7,heavy,3101,0,1.897,
13090.0,heavy,3102,0,4.346,ECONNREFUSED
13093.3,heavy,3103,1,1.548,
13096.7,heavy,3101,0,5.790,
13100.0,light-1,3103,1,3.564,
13100.0,light-4,3103,1,5.208,
13100.0,light-5,3101,1,5.355,
13100.0,light-2,3101,1,5.816,
13100.0,light-3,3102,0,8.226,ECONNREFUSED
13100.0,heavy,3102,0,9.098,ECONNREFUSED
13103.3,heavy,3102,0,6.254,ECONNREFUSED
13106.7,heavy,3103,1,3.205,
13110.0,heavy,3101,1,4.541,
13113.3,heavy,3102,0,3.811,ECONNREFUSED
13116.7,heavy,3103,0,1.517,
13120.0,heavy,3101,0,4.252,
13123.3,heavy,3102,0,3.495,ECONNREFUSED
13126.7,heavy,3103,1,2.209,
13130.0,heavy,3101,0,2.361,
13133.3,heavy,3102,0,3.637,ECONNREFUSED
13136.7,heavy,3103,1,1.590,
13140.0,heavy,3101,1,4.969,
13143.3,heavy,3102,0,3.853,ECONNREFUSED
13146.7,heavy,3103,0,1.528,
13150.0,heavy,3101,0,4.189,
13153.3,heavy,3102,0,3.358,ECONNREFUSED
13156.7,heavy,3103,1,1.892,
13160.0,heavy,3101,0,2.696,
13163.3,heavy,3102,0,4.413,ECONNREFUSED
13166.7,heavy,3103,1,2.161,
13170.0,heavy,3101,1,5.041,
13173.3,heavy,3102,0,4.739,ECONNREFUSED
13176.7,heavy,3103,0,1.805,
13180.0,heavy,3101,1,4.134,
13183.3,heavy,3102,0,3.985,ECONNREFUSED
13186.7,heavy,3103,0,1.220,
13190.0,heavy,3101,1,4.468,
13193.3,heavy,3102,0,3.394,ECONNREFUSED
13196.7,heavy,3103,0,1.387,
13200.0,light-3,3103,1,3.510,
13200.0,light-1,3101,1,4.802,
13200.0,light-4,3101,1,5.224,
13200.0,light-2,3102,0,6.080,ECONNREFUSED
13200.0,light-5,3102,0,6.981,ECONNREFUSED
13200.0,heavy,3101,0,6.463,
13203.3,heavy,3102,0,6.081,ECONNREFUSED
13206.7,heavy,3103,1,2.945,
13210.0,heavy,3103,0,2.729,
13213.3,heavy,3101,1,4.381,
13216.7,heavy,3102,0,3.757,ECONNREFUSED
13220.0,heavy,3103,0,1.279,
13223.3,heavy,3101,0,6.532,
13226.7,heavy,3102,0,4.725,ECONNREFUSED
13230.0,heavy,3103,1,2.547,
13233.3,heavy,3101,0,6.050,
13236.7,heavy,3102,0,6.372,ECONNREFUSED
13240.0,heavy,3103,1,2.216,
13243.3,heavy,3101,1,4.077,
13246.7,heavy,3102,0,2.810,ECONNREFUSED
13250.0,heavy,3103,0,1.308,
13253.3,heavy,3101,1,5.216,
13256.7,heavy,3102,0,3.253,ECONNREFUSED
13260.0,heavy,3103,0,1.377,
13263.3,heavy,3101,1,5.718,
13266.7,heavy,3102,0,4.593,ECONNREFUSED
13270.0,heavy,3103,1,2.463,
13273.3,heavy,3101,0,5.305,
13276.7,heavy,3102,0,4.403,ECONNREFUSED
13280.0,heavy,3103,0,2.010,
13283.3,heavy,3101,1,4.029,
13286.7,heavy,3102,0,4.115,ECONNREFUSED
13290.0,heavy,3103,1,1.931,
13293.3,heavy,3101,0,4.248,
13296.7,heavy,3102,0,2.972,ECONNREFUSED
13300.0,light-1,3101,1,2.019,
13300.0,light-4,3101,1,1.811,
13300.0,light-3,3103,1,2.017,
13300.0,light-2,3102,0,5.269,ECONNREFUSED
13300.0,light-5,3102,0,5.390,ECONNREFUSED
13300.0,heavy,3103,0,1.988,
13303.3,heavy,3103,1,2.179,
13306.7,heavy,3101,0,3.723,
13310.0,heavy,3102,0,2.991,ECONNREFUSED
13313.3,heavy,3103,1,1.241,
13316.7,heavy,3101,0,4.810,
13320.0,heavy,3102,0,3.074,ECONNREFUSED
13323.3,heavy,3103,1,1.491,
13326.7,heavy,3101,0,2.486,
13330.0,heavy,3102,0,5.043,ECONNREFUSED
13333.3,heavy,3103,1,1.112,
13336.7,heavy,3101,0,3.870,
13340.0,heavy,3102,0,6.043,ECONNREFUSED
13343.3,heavy,3103,1,2.080,
13346.7,heavy,3101,0,4.051,
13350.0,heavy,3102,0,2.493,ECONNREFUSED
13353.3,heavy,3103,1,1.222,
13356.7,heavy,3101,1,5.765,
13360.0,heavy,3102,0,4.347,ECONNREFUSED
13363.3,heavy,3103,1,1.623,
13366.7,heavy,3101,0,5.226,
13370.0,heavy,3102,0,4.739,ECONNREFUSED
13373.3,heavy,3103,0,1.893,
13376.7,heavy,3101,0,3.412,
13380.0,heavy,3102,0,2.379,ECONNREFUSED
13383.3,heavy,3103,1,1.585,
13386.7,heavy,3101,0,3.316,
13390.0,heavy,3102,0,2.725,ECONNREFUSED
13393.3,heavy,3103,1,1.414,
13396.7,heavy,3101,1,6.695,
13400.0,light-1,3103,1,2.079,
13400.0,light-4,3103,1,2.766,
13400.0,light-2,3101,1,3.268,
13400.0,light-5,3101,1,3.948,
13400.0,light-3,3102,0,6.584,ECONNREFUSED
13400.0,heavy,3102,0,4.130,ECONNREFUSED
13403.3,heavy,3102,0,6.363,ECONNREFUSED
13406.7,heavy,3103,0,2.360,
13410.0,heavy,3101,0,3.052,
13413.3,heavy,3102,0,2.340,ECONNREFUSED
13416.7,heavy,3103,1,1.640,
13420.0,heavy,3101,1,4.808,
13423.3,heavy,3102,0,3.113,ECONNREFUSED
13426.7,heavy,3103,0,1.208,
13430.0,heavy,3101,1,4.720,
13433.3,heavy,3102,0,2.707,ECONNREFUSED
13436.7,heavy,3103,0,1.164,
13440.0,heavy,3101,1,5.053,
13443.3,heavy,3102,0,4.347,ECONNREFUSED
13446.7,heavy,3103,1,2.729,
13450.0,heavy,3101,0,2.600,
13453.3,heavy,3102,0,2.894,ECONNREFUSED
13456.7,heavy,3103,1,1.967,
13460.0,heavy,3101,0,3.755,
13463.3,heavy,3102,0,3.231,ECONNREFUSED
13466.7,heavy,3103,0,1.318,
13470.0,heavy,3101,1,5.050,
13473.3,heavy,3102,0,3.547,ECONNREFUSED
13476.7,heavy,3103,1,1.654,
13480.0,heavy,3101,0,4.635,
13483.3,heavy,3102,0,3.690,ECONNREFUSED
13486.7,heavy,3103,0,1.123,
13490.0,heavy,3101,1,4.309,
13493.3,heavy,3102,0,2.617,ECONNREFUSED
13496.7,heavy,3103,0,1.687,
13500.0,light-2,3103,1,4.854,
13500.0,light-5,3103,1,3.832,
13500.0,light-1,3102,0,5.739,ECONNREFUSED
13500.0,light-4,3102,0,5.504,ECONNREFUSED
13500.0,light-3,3101,1,5.848,
13500.0,heavy,3101,1,7.551,
13503.3,heavy,3101,0,4.635,
13506.7,heavy,3102,0,2.995,ECONNREFUSED
13510.0,heavy,3103,0,1.270,
13513.3,heavy,3101,1,5.267,
13516.7,heavy,3102,0,3.985,ECONNREFUSED
13520.0,heavy,3103,1,1.861,
13523.3,heavy,3101,0,4.895,
13526.7,heavy,3102,0,4.430,ECONNREFUSED
13530.0,heavy,3103,0,1.707,
13533.3,heavy,3101,1,5.111,
13536.7,heavy,3102,0,3.184,ECONNREFUSED
13540.0,heavy,3103,1,1.831,
13543.3,heavy,3101,0,3.519,
13546.7,heavy,3102,0,4.145,ECONNREFUSED
13550.0,heavy,3103,0,1.641,
13553.3,heavy,3101,1,4.395,
13556.7,heavy,3102,0,3.577,ECONNREFUSED
13560.0,heavy,3103,0,1.477,
13563.3,heavy,3101,1,3.062,
13566.7,heavy,3102,0,3.077,ECONNREFUSED
13570.0,heavy,3103,1,1.387,
13573.3,heavy,3101,0,3.824,
13576.7,heavy,3102,0,3.612,ECONNREFUSED
13580.0,heavy,3103,0,1.256,
13583.3,heavy,3101,1,4.189,
13586.7,heavy,3102,0,3.145,ECONNREFUSED
13590.0,heavy,3103,1,1.472,
13593.3,heavy,3101,0,3.323,
13596.7,heavy,3102,0,2.402,ECONNREFUSED
13600.0,light-2,3103,1,2.441,
13600.0,light-3,3101,1,3.774,
13600.0,light-1,3102,0,4.360,ECONNREFUSED
13600.0,light-4,3102,0,4.099,ECONNREFUSED
13600.0,light-5,3103,1,4.145,
13600.0,heavy,3103,1,2.851,
13603.3,heavy,3101,0,4.892,
13606.7,heavy,3101,0,3.801,
13610.0,heavy,3102,0,2.298,ECONNREFUSED
13613.3,heavy,3103,1,2.594,
13616.7,heavy,3101,1,4.454,
13620.0,heavy,3102,0,3.492,ECONNREFUSED
13623.3,heavy,3103,0,1.446,
13626.7,heavy,3101,0,3.616,
13630.0,heavy,3102,0,4.445,ECONNREFUSED
13633.3,heavy,3103,1,1.213,
13636.7,heavy,3101,0,3.328,
13640.0,heavy,3102,0,3.389,ECONNREFUSED
13643.3,heavy,3103,1,2.491,
13646.7,heavy,3101,0,4.512,
13650.0,heavy,3102,0,4.758,ECONNREFUSED
13653.3,heavy,3103,1,1.543,
13656.7,heavy,3101,0,3.564,
13660.0,heavy,3102,0,2.399,ECONNREFUSED
13663.3,heavy,3103,1,1.236,
13666.7,heavy,3101,0,3.438,
13670.0,heavy,3102,0,2.601,ECONNREFUSED
13673.3,heavy,3103,1,1.585,
13676.7,heavy,3101,0,4.602,
13680.0,heavy,3102,0,3.470,ECONNREFUSED
13683.3,heavy,3103,1,1.521,
13686.7,heavy,3101,0,3.262,
13690.0,heavy,3102,0,2.478,ECONNREFUSED
13693.3,heavy,3103,1,1.665,
13696.7,heavy,3101,0,5.425,
13700.0,light-2,3101,1,2.233,
13700.0,light-5,3101,1,4.187,
13700.0,light-4,3103,1,4.446,
13700.0,light-1,3103,1,5.581,
13700.0,light-3,3102,0,6.760,ECONNREFUSED
13700.0,heavy,3102,0,5.474,ECONNREFUSED
13703.3,heavy,3102,0,5.978,ECONNREFUSED
13706.7,heavy,3103,1,1.374,
13710.0,heavy,3101,0,3.322,
13713.3,heavy,3102,0,2.354,ECONNREFUSED
13716.7,heavy,3103,1,2.609,
13720.0,heavy,3101,1,3.979,
13723.3,heavy,3102,0,3.347,ECONNREFUSED
13726.7,heavy,3103,1,2.216,
13730.0,heavy,3101,0,4.426,
13733.3,heavy,3102,0,6.261,ECONNREFUSED
13736.7,heavy,3103,0,2.776,
13740.0,heavy,3101,1,4.685,
13743.3,heavy,3102,0,3.598,ECONNREFUSED
13746.7,heavy,3103,0,1.250,
13750.0,heavy,3101,1,6.473,
13753.3,heavy,3102,0,4.180,ECONNREFUSED
13756.7,heavy,3103,1,1.907,
13760.0,heavy,3101,0,6.079,
13763.3,heavy,3102,0,3.936,ECONNREFUSED
13766.7,heavy,3103,0,1.362,
13770.0,heavy,3101,0,4.530,
13773.3,heavy,3102,0,3.427,ECONNREFUSED
13776.7,heavy,3103,1,1.665,
13780.0,heavy,3101,0,3.115,
13783.3,heavy,3102,0,4.090,ECONNREFUSED
13786.7,heavy,3103,1,1.924,
13790.0,heavy,3101,1,4.575,
13793.3,heavy,3102,0,4.208,ECONNREFUSED
13796.7,heavy,3103,0,2.819,
13800.0,light-2,3103,1,9.813,
13800.0,light-1,3102,0,12.381,ECONNREFUSED
13800.0,light-5,3103,1,14.397,
13800.0,light-3,3101,1,16.787,
13800.0,light-4,3102,0,23.866,ECONNREFUSED
13800.0,heavy,3101,1,17.064,
13803.3,heavy,3101,0,11.519,
13806.7,heavy,3102,0,17.211,ECONNREFUSED
13810.0,heavy,3103,1,4.216,
13813.3,heavy,3101,1,11.194,
13816.7,heavy,3102,0,13.033,ECONNREFUSED
13820.0,heavy,3103,0,4.150,
13823.3,heavy,3101,0,5.787,
13826.7,heavy,3102,0,13.031,ECONNREFUSED
13830.0,heavy,3103,1,7.483,
13833.3,heavy,3101,0,8.914,
13836.7,heavy,3102,0,5.951,ECONNREFUSED
13840.0,heavy,3103,1,2.151,
13843.3,heavy,3101,0,4.214,
13846.7,heavy,3102,0,2.583,ECONNREFUSED
13850.0,heavy,3103,0,1.662,
13853.3,heavy,3101,1,5.208,
13856.7,heavy,3102,0,4.167,ECONNREFUSED
13860.0,heavy,3103,0,2.278,
13863.3,heavy,3101,1,2.742,
13866.7,heavy,3102,0,3.702,ECONNREFUSED
13870.0,heavy,3103,1,1.655,
13873.3,heavy,3101,0,3.640,
13876.7,heavy,3102,0,3.009,ECONNREFUSED
13880.0,heavy,3103,1,2.025,
13883.3,heavy,3101,1,4.511,
13886.7,heavy,3102,0,3.632,ECONNREFUSED
13890.0,heavy,3103,0,1.473,
13893.3,heavy,3101,0,3.206,
13896.7,heavy,3102,0,2.888,ECONNREFUSED
13900.0,light-2,3103,1,3.679,
13900.0,light-5,3103,1,3.589,
13900.0,light-3,3101,1,4.580,
13900.0,light-1,3102,0,5.175,ECONNREFUSED
13900.0,light-4,3102,0,5.887,ECONNREFUSED
13900.0,heavy,3103,1,3.400,
13903.3,heavy,3101,0,5.400,
13906.7,heavy,3101,0,3.552,
13910.0,heavy,3102,0,2.281,ECONNREFUSED
13913.3,heavy,3103,1,1.173,
13916.7,heavy,3101,0,4.560,
13920.0,heavy,3102,0,3.463,ECONNREFUSED
13923.3,heavy,3103,1,1.053,
13926.7,heavy,3101,0,4.649,
13930.0,heavy,3102,0,4.847,ECONNREFUSED
13933.3,heavy,3103,1,3.344,
13936.7,heavy,3101,0,4.255,
13940.0,heavy,3102,0,3.337,ECONNREFUSED
13943.3,heavy,3103,1,2.807,
13946.7,heavy,3101,0,3.949,
13950.0,heavy,3102,0,4.132,ECONNREFUSED
13953.3,heavy,3103,1,2.277,
13956.7,heavy,3101,0,3.879,
13960.0,heavy,3102,0,3.405,ECONNREFUSED
13963.3,heavy,3103,1,2.916,
13966.7,heavy,3101,0,4.504,
13970.0,heavy,3102,0,3.900,ECONNREFUSED
13973.3,heavy,3103,1,1.954,
13976.7,heavy,3101,0,4.071,
13980.0,heavy,3102,0,2.681,ECONNREFUSED
13983.3,heavy,3103,1,2.638,
13986.7,heavy,3101,0,4.296,
13990.0,heavy,3102,0,2.814,ECONNREFUSED
13993.3,heavy,3103,1,1.146,
13996.7,heavy,3101,0,8.311,
14000.0,light-3,3103,1,3.948,
14000.0,light-1,3101,1,5.441,
14000.0,light-2,3102,0,7.239,ECONNREFUSED
14000.0,light-4,3101,1,8.296,
14000.0,light-5,3102,0,8.709,ECONNREFUSED
14000.0,heavy,3102,0,7.518,ECONNREFUSED
14003.3,heavy,3103,1,3.331,
14006.7,heavy,3103,0,4.621,
14010.0,heavy,3101,1,5.540,
14013.3,heavy,3102,0,4.071,ECONNREFUSED
14016.7,heavy,3103,0,1.339,
14020.0,heavy,3101,1,6.626,
14023.3,heavy,3102,0,3.123,ECONNREFUSED
14026.7,heavy,3103,0,0.998,
14030.0,heavy,3101,1,3.984,
14033.3,heavy,3102,0,3.586,ECONNREFUSED
14036.7,heavy,3103,0,1.758,
14040.0,heavy,3101,1,8.428,
14043.3,heavy,3102,0,6.646,ECONNREFUSED
14046.7,heavy,3103,1,3.373,
14050.0,heavy,3101,0,7.845,
14053.3,heavy,3102,0,5.847,ECONNREFUSED
14056.7,heavy,3103,0,2.024,
14060.0,heavy,3101,1,4.114,
14063.3,heavy,3102,0,3.549,ECONNREFUSED
14066.7,heavy,3103,0,1.700,
14070.0,heavy,3101,1,7.419,
14073.3,heavy,3102,0,3.914,ECONNREFUSED
14076.7,heavy,3103,1,2.308,
14080.0,heavy,3101,0,7.422,
14083.3,heavy,3102,0,8.904,ECONNREFUSED
14086.7,heavy,3103,0,3.723,
14090.0,heavy,3101,1,3.870,
14093.3,heavy,3102,0,2.419,ECONNREFUSED
14096.7,heavy,3103,1,3.771,
14100.0,light-1,3103,1,4.007,
14100.0,light-4,3103,1,4.092,
14100.0,light-5,3101,1,6.270,
14100.0,light-3,3102,0,6.892,ECONNREFUSED
14100.0,light-2,3101,1,7.792,
14100.0,heavy,3101,0,7.518,
14103.3,heavy,3102,0,7.089,ECONNREFUSED
14106.7,heavy,3102,0,6.831,ECONNREFUSED
14110.0,heavy,3103,0,2.797,
14113.3,heavy,3101,1,4.501,
14116.7,heavy,3102,0,2.921,ECONNREFUSED
14120.0,heavy,3103,0,1.289,
14123.3,heavy,3101,1,6.592,
14126.7,heavy,3102,0,5.060,ECONNREFUSED
14130.0,heavy,3103,1,1.271,
14133.3,heavy,3101,0,6.122,
14136.7,heavy,3102,0,5.195,ECONNREFUSED
14140.0,heavy,3103,0,1.629,
14143.3,heavy,3101,1,7.096,
14146.7,heavy,3102,0,5.703,ECONNREFUSED
14150.0,heavy,3103,1,1.773,
14153.3,heavy,3101,0,5.704,
14156.7,heavy,3102,0,3.030,ECONNREFUSED
14160.0,heavy,3103,0,1.253,
14163.3,heavy,3101,1,4.998,
14166.7,heavy,3102,0,4.507,ECONNREFUSED
14170.0,heavy,3103,0,0.961,
14173.3,heavy,3101,1,4.858,
14176.7,heavy,3102,0,2.142,ECONNREFUSED
14180.0,heavy,3103,0,0.832,
14183.3,heavy,3101,1,6.093,
14186.7,heavy,3102,0,3.385,ECONNREFUSED
14190.0,heavy,3103,1,1.921,
14193.3,heavy,3101,0,5.612,
14196.7,heavy,3102,0,6.539,ECONNREFUSED
14200.0,light-3,3103,1,3.301,
14200.0,light-1,3101,1,4.204,
14200.0,light-4,3101,1,5.575,
14200.0,light-2,3102,0,7.298,ECONNREFUSED
14200.0,light-5,3102,0,7.207,ECONNREFUSED
14200.0,heavy,3103,0,2.196,
14203.3,heavy,3103,1,2.617,
14206.7,heavy,3101,0,3.494,
14210.0,heavy,3102,0,2.363,ECONNREFUSED
14213.3,heavy,3103,1,2.093,
14216.7,heavy,3101,0,3.950,
14220.0,heavy,3102,0,3.049,ECONNREFUSED
14223.3,heavy,3103,1,2.458,
14226.7,heavy,3101,0,3.798,
14230.0,heavy,3102,0,2.482,ECONNREFUSED
14233.3,heavy,3103,1,2.736,
14236.7,heavy,3101,1,4.700,
14240.0,heavy,3102,0,3.902,ECONNREFUSED
14243.3,heavy,3103,0,1.951,
14246.7,heavy,3101,0,1.641,
14250.0,heavy,3102,0,4.356,ECONNREFUSED
14253.3,heavy,3103,1,2.362,
14256.7,heavy,3101,0,5.029,
14260.0,heavy,3102,0,4.287,ECONNREFUSED
14263.3,heavy,3103,1,1.199,
14266.7,heavy,3101,0,4.529,
14270.0,heavy,3102,0,3.317,ECONNREFUSED
14273.3,heavy,3103,1,1.559,
14276.7,heavy,3101,0,6.207,
14280.0,heavy,3102,0,4.236,ECONNREFUSED
14283.3,heavy,3103,1,1.693,
14286.7,heavy,3101,0,4.827,
14290.0,heavy,3102,0,2.567,ECONNREFUSED
14293.3,heavy,3103,1,4.186,
14296.7,heavy,3101,0,7.210,
14300.0,light-3,3103,1,3.728,
14300.0,light-1,3101,1,5.118,
14300.0,light-4,3101,1,5.135,
14300.0,light-5,3102,0,6.443,ECONNREFUSED
14300.0,light-2,3102,0,6.845,ECONNREFUSED
14300.0,heavy,3102,0,6.233,ECONNREFUSED
14303.3,heavy,3103,1,3.879,
14306.7,heavy,3103,0,3.823,
14310.0,heavy,3101,1,4.637,
14313.3,heavy,3102,0,9.157,ECONNREFUSED
14316.7,heavy,3103,0,7.960,
14320.0,heavy,3101,1,14.163,
14323.3,heavy,3102,0,4.696,ECONNREFUSED
14326.7,heavy,3103,1,2.054,
14330.0,heavy,3101,0,3.132,
14333.3,heavy,3102,0,3.793,ECONNREFUSED
14336.7,heavy,3103,0,1.312,
14340.0,heavy,3101,0,3.170,
14343.3,heavy,3102,0,2.655,ECONNREFUSED
14346.7,heavy,3103,1,1.390,
14350.0,heavy,3101,1,4.609,
14353.3,heavy,3102,0,2.776,ECONNREFUSED
14356.7,heavy,3103,1,3.199,
14360.0,heavy,3101,0,5.242,
14363.3,heavy,3102,0,5.555,ECONNREFUSED
14366.7,heavy,3103,0,2.726,
14370.0,heavy,3101,1,6.708,
14373.3,heavy,3102,0,3.183,ECONNREFUSED
14376.7,heavy,3103,0,1.063,
14380.0,heavy,3101,1,7.811,
14383.3,heavy,3102,0,6.581,ECONNREFUSED
14386.7,heavy,3103,0,2.586,
14390.0,heavy,3101,1,4.056,
14393.3,heavy,3102,0,3.670,ECONNREFUSED
14396.7,heavy,3103,0,1.483,
14400.0,light-1,3103,1,5.003,
14400.0,light-4,3103,1,5.010,
14400.0,light-2,3101,1,7.575,
14400.0,light-5,3101,1,8.154,
14400.0,light-3,3102,0,11.215,ECONNREFUSED
14400.0,heavy,3101,1,11.236,
14403.3,heavy,3102,0,9.964,ECONNREFUSED
14406.7,heavy,3103,1,3.699,
14410.0,heavy,3101,0,11.250,
14413.3,heavy,3102,0,10.989,ECONNREFUSED
14416.7,heavy,3102,0,11.412,ECONNREFUSED
14420.0,heavy,3103,0,4.015,
14423.3,heavy,3101,1,4.554,
14426.7,heavy,3102,0,4.291,ECONNREFUSED
14430.0,heavy,3103,0,1.507,
14433.3,heavy,3101,1,5.710,
14436.7,heavy,3102,0,3.892,ECONNREFUSED
14440.0,heavy,3103,1,2.145,
14443.3,heavy,3101,0,5.322,
14446.7,heavy,3102,0,4.506,ECONNREFUSED
14450.0,heavy,3103,0,1.643,
14453.3,heavy,3101,1,4.069,
14456.7,heavy,3102,0,3.116,ECONNREFUSED
14460.0,heavy,3103,1,1.620,
14463.3,heavy,3101,0,3.126,
14466.7,heavy,3102,0,2.256,ECONNREFUSED
14470.0,heavy,3103,1,2.008,
14473.3,heavy,3101,0,3.592,
14476.7,heavy,3102,0,2.690,ECONNREFUSED
14480.0,heavy,3103,0,1.005,
14483.3,heavy,3101,1,4.001,
14486.7,heavy,3102,0,2.785,ECONNREFUSED
14490.0,heavy,3103,1,1.735,
14493.3,heavy,3101,0,2.533,
14496.7,heavy,3102,0,2.297,ECONNREFUSED
14500.0,light-1,3103,1,3.418,
14500.0,light-4,3103,1,3.434,
14500.0,light-2,3101,1,4.863,
14500.0,light-5,3101,1,4.818,
14500.0,light-3,3102,0,7.180,ECONNREFUSED
14500.0,heavy,3103,1,3.072,
14503.3,heavy,3101,0,6.498,
14506.7,heavy,3102,0,5.618,ECONNREFUSED
14510.0,heavy,3102,0,7.286,ECONNREFUSED
14513.3,heavy,3103,1,2.571,
14516.7,heavy,3101,0,4.312,
14520.0,heavy,3102,0,4.693,ECONNREFUSED
14523.3,heavy,3103,1,1.421,
14526.7,heavy,3101,1,5.459,
14530.0,heavy,3102,0,5.128,ECONNREFUSED
14533.3,heavy,3103,1,1.434,
14536.7,heavy,3101,0,4.969,
14540.0,heavy,3102,0,5.111,ECONNREFUSED
14543.3,heavy,3103,0,1.828,
14546.7,heavy,3101,0,3.098,
14550.0,heavy,3102,0,3.200,ECONNREFUSED
14553.3,heavy,3103,1,1.698,
14556.7,heavy,3101,0,3.374,
14560.0,heavy,3102,0,2.541,ECONNREFUSED
14563.3,heavy,3103,1,1.719,
14566.7,heavy,3101,1,4.327,
14570.0,heavy,3102,0,2.952,ECONNREFUSED
14573.3,heavy,3103,0,1.192,
14576.7,heavy,3101,0,6.152,
14580.0,heavy,3102,0,4.367,ECONNREFUSED
14583.3,heavy,3103,1,3.501,
14586.7,heavy,3101,0,6.146,
14590.0,heavy,3102,0,3.405,ECONNREFUSED
14593.3,heavy,3103,1,1.043,
14596.7,heavy,3101,1,9.621,
14600.0,light-1,3103,1,4.103,
14600.0,light-4,3103,1,4.135,
14600.0,light-2,3101,1,5.245,
14600.0,light-5,3101,1,5.170,
14600.0,light-3,3102,0,9.202,ECONNREFUSED
14600.0,heavy,3102,0,10.952,ECONNREFUSED
14603.3,heavy,3102,0,8.828,ECONNREFUSED
14606.7,heavy,3103,0,1.417,
14610.0,heavy,3101,1,4.161,
14613.3,heavy,3102,0,2.650,ECONNREFUSED
14616.7,heavy,3103,0,1.461,
14620.0,heavy,3101,1,4.406,
14623.3,heavy,3102,0,2.863,ECONNREFUSED
14626.7,heavy,3103,1,1.530,
14630.0,heavy,3101,0,3.935,
14633.3,heavy,3102,0,3.365,ECONNREFUSED
14636.7,heavy,3103,0,1.338,
14640.0,heavy,3101,1,4.427,
14643.3,heavy,3102,0,3.280,ECONNREFUSED
14646.7,heavy,3103,0,1.366,
14650.0,heavy,3101,1,4.576,
14653.3,heavy,3102,0,2.532,ECONNREFUSED
14656.7,heavy,3103,1,1.474,
14660.0,heavy,3101,0,5.014,
14663.3,heavy,3102,0,2.969,ECONNREFUSED
14666.7,heavy,3103,1,1.553,
14670.0,heavy,3101,0,4.659,
14673.3,heavy,3102,0,3.809,ECONNREFUSED
14676.7,heavy,3103,0,0.994,
14680.0,heavy,3101,0,2.922,
14683.3,heavy,3102,0,6.115,ECONNREFUSED
14686.7,heavy,3103,1,2.301,
14690.0,heavy,3101,1,3.665,
14693.3,heavy,3102,0,1.974,ECONNREFUSED
14696.7,heavy,3103,0,1.232,
14700.0,light-2,3103,1,5.323,
14700.0,light-3,3101,1,5.219,
14700.0,light-5,3103,1,6.131,
14700.0,light-1,3102,0,9.400,ECONNREFUSED
14700.0,light-4,3102,0,7.915,ECONNREFUSED
14700.0,heavy,3101,1,8.887,
14703.3,heavy,3101,0,4.099,
14706.7,heavy,3102,0,6.046,ECONNREFUSED
14710.0,heavy,3103,0,2.354,
14713.3,heavy,3101,1,5.144,
14716.7,heavy,3102,0,6.741,ECONNREFUSED
14720.0,heavy,3103,0,2.427,
14723.3,heavy,3101,1,3.791,
14726.7,heavy,3102,0,2.135,ECONNREFUSED
14730.0,heavy,3103,0,1.299,
14733.3,heavy,3101,1,7.409,
14736.7,heavy,3102,0,2.755,ECONNREFUSED
14740.0,heavy,3103,0,0.746,
14743.3,heavy,3101,1,4.364,
14746.7,heavy,3102,0,3.232,ECONNREFUSED
14750.0,heavy,3103,0,1.988,
14753.3,heavy,3101,1,6.448,
14756.7,heavy,3102,0,4.145,ECONNREFUSED
14760.0,heavy,3103,1,1.776,
14763.3,heavy,3101,0,6.402,
14766.7,heavy,3102,0,5.301,ECONNREFUSED
14770.0,heavy,3103,0,1.452,
14773.3,heavy,3101,1,5.143,
14776.7,heavy,3102,0,2.988,ECONNREFUSED
14780.0,heavy,3103,1,1.690,
14783.3,heavy,3101,0,4.478,
14786.7,heavy,3102,0,3.112,ECONNREFUSED
14790.0,heavy,3103,0,1.459,
14793.3,heavy,3101,1,4.544,
14796.7,heavy,3102,0,9.419,ECONNREFUSED
14800.0,light-3,3101,1,3.222,
14800.0,light-2,3103,1,5.814,
14800.0,light-5,3103,1,5.305,
14800.0,light-4,3102,0,5.737,ECONNREFUSED
14800.0,light-1,3102,0,7.034,ECONNREFUSED
14800.0,heavy,3103,0,6.670,
14803.3,heavy,3101,1,6.939,
14806.7,heavy,3101,0,4.462,
14810.0,heavy,3102,0,3.848,ECONNREFUSED
14813.3,heavy,3103,1,1.237,
14816.7,heavy,3101,1,9.008,
14820.0,heavy,3102,0,6.591,ECONNREFUSED
14823.3,heavy,3103,1,2.346,
14826.7,heavy,3101,0,8.758,
14830.0,heavy,3102,0,9.133,ECONNREFUSED
14833.3,heavy,3103,0,6.186,
14836.7,heavy,3101,0,3.614,
14840.0,heavy,3102,0,2.618,ECONNREFUSED
14843.3,heavy,3103,1,1.237,
14846.7,heavy,3101,0,5.184,
14850.0,heavy,3102,0,3.902,ECONNREFUSED
14853.3,heavy,3103,1,2.091,
14856.7,heavy,3101,0,3.062,
14860.0,heavy,3102,0,3.342,ECONNREFUSED
14863.3,heavy,3103,1,3.464,
14866.7,heavy,3101,0,5.193,
14870.0,heavy,3102,0,4.367,ECONNREFUSED
14873.3,heavy,3103,1,1.779,
14876.7,heavy,3101,0,3.272,
14880.0,heavy,3102,0,2.441,ECONNREFUSED
14883.3,heavy,3103,1,1.631,
14886.7,heavy,3101,0,3.327,
14890.0,heavy,3102,0,2.058,ECONNREFUSED
14893.3,heavy,3103,1,2.402,
14896.7,heavy,3101,0,7.034,
14900.0,light-3,3103,1,4.361,
14900.0,light-1,3101,1,5.455,
14900.0,light-4,3101,1,6.061,
14900.0,light-2,3102,0,6.498,ECONNREFUSED
14900.0,light-5,3102,0,7.431,ECONNREFUSED
14900.0,heavy,3102,0,8.115,ECONNREFUSED
14903.3,heavy,3103,1,4.074,
14906.7,heavy,3103,0,3.367,
14910.0,heavy,3101,1,3.783,
14913.3,heavy,3102,0,4.087,ECONNREFUSED
14916.7,heavy,3103,0,1.688,
14920.0,heavy,3101,1,5.633,
14923.3,heavy,3102,0,5.784,ECONNREFUSED
14926.7,heavy,3103,1,2.259,
14930.0,heavy,3101,0,4.795,
14933.3,heavy,3102,0,4.191,ECONNREFUSED
14936.7,heavy,3103,0,1.689,
14940.0,heavy,3101,0,2.747,
14943.3,heavy,3102,0,3.015,ECONNREFUSED
14946.7,heavy,3103,1,1.739,
14950.0,heavy,3101,1,4.104,
14953.3,heavy,3102,0,3.058,ECONNREFUSED
14956.7,heavy,3103,0,1.213,
14960.0,heavy,3101,1,5.396,
14963.3,heavy,3102,0,3.929,ECONNREFUSED
14966.7,heavy,3103,0,1.729,
14970.0,heavy,3101,0,2.089,
14973.3,heavy,3102,0,2.954,ECONNREFUSED
14976.7,heavy,3103,1,1.551,
14980.0,heavy,3101,1,3.914,
14983.3,heavy,3102,0,3.769,ECONNREFUSED
14986.7,heavy,3103,0,1.260,
14990.0,heavy,3101,0,3.369,
14993.3,heavy,3102,0,2.640,ECONNREFUSED
14996.7,heavy,3103,1,1.340,
15000.0,light-2,3103,1,3.992,
15000.0,light-5,3103,1,4.846,
15000.0,light-4,3102,0,7.156,ECONNREFUSED
15000.0,light-1,3102,0,9.046,ECONNREFUSED
15000.0,light-3,3101,1,9.080,
15000.0,heavy,3101,1,8.303,
15003.3,heavy,3102,0,6.040,ECONNREFUSED
15006.7,heavy,3103,1,2.472,
15010.0,heavy,3101,0,7.935,
15013.3,heavy,3101,0,6.751,
15016.7,heavy,3102,0,5.306,ECONNREFUSED
15020.0,heavy,3103,0,2.115,
15023.3,heavy,3101,1,4.515,
15026.7,heavy,3102,0,2.464,ECONNREFUSED
15030.0,heavy,3103,0,1.109,
15033.3,heavy,3101,1,4.084,
15036.7,heavy,3102,0,3.075,ECONNREFUSED
15040.0,heavy,3103,1,1.861,
15043.3,heavy,3101,0,2.465,
15046.7,heavy,3102,0,3.835,ECONNREFUSED
15050.0,heavy,3103,1,1.713,
15053.3,heavy,3101,0,3.714,
15056.7,heavy,3102,0,4.199,ECONNREFUSED
15060.0,heavy,3103,0,1.748,
15063.3,heavy,3101,1,4.372,
15066.7,heavy,3102,0,2.851,ECONNREFUSED
15070.0,heavy,3103,1,1.597,
15073.3,heavy,3101,0,4.372,
15076.7,heavy,3102,0,2.436,ECONNREFUSED
15080.0,heavy,3103,0,1.494,
15083.3,heavy,3101,1,5.742,
15086.7,heavy,3102,0,4.660,ECONNREFUSED
15090.0,heavy,3103,1,1.956,
15093.3,heavy,3101,0,3.885,
15096.7,heavy,3102,0,3.883,ECONNREFUSED
15100.0,light-1,3101,1,5.476,
15100.0,light-3,3103,1,5.767,
15100.0,light-4,3101,1,8.329,
15100.0,light-2,3102,0,8.934,ECONNREFUSED
15100.0,light-5,3102,0,8.649,ECONNREFUSED
15100.0,heavy,3103,0,4.993,
15103.3,heavy,3103,1,4.459,
15106.7,heavy,3101,0,3.174,
15110.0,heavy,3102,0,2.326,ECONNREFUSED
15113.3,heavy,3103,1,1.394,
15116.7,heavy,3101,0,3.651,
15120.0,heavy,3102,0,2.670,ECONNREFUSED
15123.3,heavy,3103,1,1.431,
15126.7,heavy,3101,0,3.849,
15130.0,heavy,3102,0,3.052,ECONNREFUSED
15133.3,heavy,3103,1,1.868,
15136.7,heavy,3101,0,2.217,
15140.0,heavy,3102,0,4.777,ECONNREFUSED
15143.3,heavy,3103,1,4.616,
15146.7,heavy,3101,1,6.640,
15150.0,heavy,3102,0,6.165,ECONNREFUSED
15153.3,heavy,3103,0,3.137,
15156.7,heavy,3101,0,2.168,
15160.0,heavy,3102,0,4.147,ECONNREFUSED
15163.3,heavy,3103,1,1.614,
15166.7,heavy,3101,0,5.778,
15170.0,heavy,3102,0,4.619,ECONNREFUSED
15173.3,heavy,3103,1,1.333,
15176.7,heavy,3101,1,7.850,
15180.0,heavy,3102,0,5.216,ECONNREFUSED
15183.3,heavy,3103,0,2.485,
15186.7,heavy,3101,0,7.388,
15190.0,heavy,3102,0,3.774,ECONNREFUSED
15193.3,heavy,3103,1,1.984,
15196.7,heavy,3101,0,4.976,
15200.0,light-4,3103,1,5.839,
15200.0,light-5,3101,1,6.538,
15200.0,light-3,3102,0,8.823,ECONNREFUSED
15200.0,light-2,3101,1,9.100,
15200.0,light-1,3103,1,9.480,
15200.0,heavy,3102,0,9.522,ECONNREFUSED
15203.3,heavy,3102,0,7.635,ECONNREFUSED
15206.7,heavy,3103,1,4.004,
15210.0,heavy,3101,1,4.778,
15213.3,heavy,3102,0,3.622,ECONNREFUSED
15216.7,heavy,3103,0,1.654,
15220.0,heavy,3101,1,7.355,
15223.3,heavy,3102,0,6.439,ECONNREFUSED
15226.7,heavy,3103,0,2.383,
15230.0,heavy,3101,1,5.145,
15233.3,heavy,3102,0,5.274,ECONNREFUSED
15236.7,heavy,3103,0,2.307,
15240.0,heavy,3101,1,5.418,
15243.3,heavy,3102,0,3.332,ECONNREFUSED
15246.7,heavy,3103,0,1.219,
15250.0,heavy,3101,0,5.239,
15253.3,heavy,3102,0,4.128,ECONNREFUSED
15256.7,heavy,3103,1,2.646,
15260.0,heavy,3101,0,2.506,
15263.3,heavy,3102,0,3.585,ECONNREFUSED
15266.7,heavy,3103,1,1.591,
15270.0,heavy,3101,1,3.702,
15273.3,heavy,3102,0,3.079,ECONNREFUSED
15276.7,heavy,3103,0,0.925,
15280.0,heavy,3101,1,8.104,
15283.3,heavy,3102,0,4.074,ECONNREFUSED
15286.7,heavy,3103,1,2.894,
15290.0,heavy,3101,0,6.097,
15293.3,heavy,3102,0,3.623,ECONNREFUSED
15296.7,heavy,3103,0,1.642,
15300.0,light-2,3103,1,3.686,
15300.0,light-5,3103,1,3.971,
15300.0,light-3,3101,1,4.509,
15300.0,light-4,3102,0,10.392,ECONNREFUSED
15300.0,light-1,3102,0,12.763,ECONNREFUSED
15300.0,heavy,3101,1,9.487,
15303.3,heavy,3101,0,7.758,
15306.7,heavy,3102,0,7.495,ECONNREFUSED
15310.0,heavy,3103,1,2.360,
15313.3,heavy,3101,0,4.710,
15316.7,heavy,3102,0,6.494,ECONNREFUSED
15320.0,heavy,3103,1,3.682,
15323.3,heavy,3101,0,4.801,
15326.7,heavy,3102,0,4.016,ECONNREFUSED
15330.0,heavy,3103,0,1.507,
15333.3,heavy,3101,1,6.598,
15336.7,heavy,3102,0,3.366,ECONNREFUSED
15340.0,heavy,3103,1,1.209,
15343.3,heavy,3101,0,3.549,
15346.7,heavy,3102,0,3.173,ECONNREFUSED
15350.0,heavy,3103,0,1.587,
15353.3,heavy,3101,1,7.192,
15356.7,heavy,3102,0,6.251,ECONNREFUSED
15360.0,heavy,3103,1,2.950,
15363.3,heavy,3101,0,6.955,
15366.7,heavy,3102,0,6.113,ECONNREFUSED
15370.0,heavy,3103,0,3.268,
15373.3,heavy,3101,1,1.841,
15376.7,heavy,3102,0,3.410,ECONNREFUSED
15380.0,heavy,3103,1,1.474,
15383.3,heavy,3101,0,4.656,
15386.7,heavy,3102,0,4.057,ECONNREFUSED
15390.0,heavy,3103,0,1.621,
15393.3,heavy,3101,1,5.927,
15396.7,heavy,3102,0,2.518,ECONNREFUSED
15400.0,light-3,3103,1,5.177,
15400.0,light-1,3101,1,7.292,
15400.0,light-4,3101,1,7.127,
15400.0,light-5,3102,0,7.426,ECONNREFUSED
15400.0,light-2,3102,0,9.006,ECONNREFUSED
15400.0,heavy,3103,0,3.074,
15403.3,heavy,3103,0,4.525,
15406.7,heavy,3101,1,2.460,
15410.0,heavy,3102,0,2.730,ECONNREFUSED
15413.3,heavy,3103,1,2.232,
15416.7,heavy,3101,0,4.115,
15420.0,heavy,3102,0,3.508,ECONNREFUSED
15423.3,heavy,3103,1,1.885,
15426.7,heavy,3101,0,3.980,
15430.0,heavy,3102,0,3.413,ECONNREFUSED
15433.3,heavy,3103,1,1.345,
15436.7,heavy,3101,0,4.036,
15440.0,heavy,3102,0,2.749,ECONNREFUSED
15443.3,heavy,3103,1,1.386,
15446.7,heavy,3101,0,2.934,
15450.0,heavy,3102,0,2.497,ECONNREFUSED
15453.3,heavy,3103,1,1.542,
15456.7,heavy,3101,0,3.782,
15460.0,heavy,3102,0,2.852,ECONNREFUSED
15463.3,heavy,3103,1,2.248,
15466.7,heavy,3101,0,4.252,
15470.0,heavy,3102,0,3.631,ECONNREFUSED
15473.3,heavy,3103,1,2.641,
15476.7,heavy,3101,0,3.463,
15480.0,heavy,3102,0,2.043,ECONNREFUSED
15483.3,heavy,3103,1,1.365,
15486.7,heavy,3101,0,3.316,
15490.0,heavy,3102,0,2.554,ECONNREFUSED
15493.3,heavy,3103,1,3.256,
15496.7,heavy,3101,0,7.603,
15500.0,light-3,3103,1,3.212,
15500.0,light-1,3101,1,5.187,
15500.0,light-4,3101,1,4.648,
15500.0,light-2,3102,0,8.036,ECONNREFUSED
15500.0,light-5,3102,0,8.277,ECONNREFUSED
15500.0,heavy,3102,0,7.302,ECONNREFUSED
15503.3,heavy,3103,1,2.684,
15506.7,heavy,3103,0,3.570,
15510.0,heavy,3101,1,4.430,
15513.3,heavy,3102,0,3.556,ECONNREFUSED
15516.7,heavy,3103,0,1.751,
15520.0,heavy,3101,1,4.089,
15523.3,heavy,3102,0,2.449,ECONNREFUSED
15526.7,heavy,3103,0,1.727,
15530.0,heavy,3101,1,4.878,
15533.3,heavy,3102,0,3.565,ECONNREFUSED
15536.7,heavy,3103,1,1.718,
15540.0,heavy,3101,0,4.519,
15543.3,heavy,3102,0,4.830,ECONNREFUSED
15546.7,heavy,3103,0,1.024,
15550.0,heavy,3101,0,3.130,
15553.3,heavy,3102,0,2.519,ECONNREFUSED
15556.7,heavy,3103,1,1.407,
15560.0,heavy,3101,1,5.608,
15563.3,heavy,3102,0,4.018,ECONNREFUSED
15566.7,heavy,3103,1,2.078,
15570.0,heavy,3101,0,5.260,
15573.3,heavy,3102,0,4.622,ECONNREFUSED
15576.7,heavy,3103,0,1.294,
15580.0,heavy,3101,0,5.729,
15583.3,heavy,3102,0,5.818,ECONNREFUSED
15586.7,heavy,3103,1,4.115,
15590.0,heavy,3101,1,4.887,
15593.3,heavy,3102,0,3.082,ECONNREFUSED
15596.7,heavy,3103,0,1.077,
15600.0,light-2,3103,1,4.528,
15600.0,light-5,3103,1,4.310,
15600.0,light-1,3102,0,6.389,ECONNREFUSED
15600.0,light-3,3101,1,6.358,
15600.0,light-4,3102,0,7.173,ECONNREFUSED
15600.0,heavy,3101,1,9.141,
15603.3,heavy,3101,0,6.683,
15606.7,heavy,3102,0,4.920,ECONNREFUSED
15610.0,heavy,3103,0,2.065,
15613.3,heavy,3101,1,7.237,
15616.7,heavy,3102,0,5.932,ECONNREFUSED
15620.0,heavy,3103,0,2.294,
15623.3,heavy,3101,1,2.939,
15626.7,heavy,3102,0,2.160,ECONNREFUSED
15630.0,heavy,3103,1,1.985,
15633.3,heavy,3101,0,6.017,
15636.7,heavy,3102,0,3.155,ECONNREFUSED
15640.0,heavy,3103,1,1.438,
15643.3,heavy,3101,0,3.246,
15646.7,heavy,3102,0,2.427,ECONNREFUSED
15650.0,heavy,3103,1,2.560,
15653.3,heavy,3101,0,4.845,
15656.7,heavy,3102,0,3.928,ECONNREFUSED
15660.0,heavy,3103,1,3.378,
15663.3,heavy,3101,0,4.602,
15666.7,heavy,3102,0,5.429,ECONNREFUSED
15670.0,heavy,3103,0,1.655,
15673.3,heavy,3101,1,4.069,
15676.7,heavy,3102,0,2.318,ECONNREFUSED
15680.0,heavy,3103,0,1.063,
15683.3,heavy,3101,1,6.769,
15686.7,heavy,3102,0,3.342,ECONNREFUSED
15690.0,heavy,3103,1,1.761,
15693.3,heavy,3101,0,6.355,
15696.7,heavy,3102,0,3.183,ECONNREFUSED
15700.0,light-3,3103,1,5.141,
15700.0,light-1,3101,1,7.672,
15700.0,light-4,3101,1,7.905,
15700.0,light-2,3102,0,8.689,ECONNREFUSED
15700.0,light-5,3102,0,8.470,ECONNREFUSED
15700.0,heavy,3103,0,5.093,
15703.3,heavy,3103,1,4.578,
15706.7,heavy,3101,0,3.370,
15710.0,heavy,3102,0,2.686,ECONNREFUSED
15713.3,heavy,3103,1,2.838,
15716.7,heavy,3101,1,4.656,
15720.0,heavy,3102,0,3.778,ECONNREFUSED
15723.3,heavy,3103,0,1.736,
15726.7,heavy,3101,0,2.178,
15730.0,heavy,3102,0,4.546,ECONNREFUSED
15733.3,heavy,3103,1,3.277,
15736.7,heavy,3101,0,4.800,
15740.0,heavy,3102,0,3.294,ECONNREFUSED
15743.3,heavy,3103,1,1.288,
15746.7,heavy,3101,0,5.943,
15750.0,heavy,3102,0,4.799,ECONNREFUSED
15753.3,heavy,3103,1,2.408,
15756.7,heavy,3101,0,2.863,
15760.0,heavy,3102,0,2.701,ECONNREFUSED
15763.3,heavy,3103,1,1.651,
15766.7,heavy,3101,1,4.793,
15770.0,heavy,3102,0,2.590,ECONNREFUSED
15773.3,heavy,3103,0,1.525,
15776.7,heavy,3101,0,8.497,
15780.0,heavy,3102,0,9.083,ECONNREFUSED
15783.3,heavy,3103,1,1.302,
15786.7,heavy,3101,0,8.350,
15790.0,heavy,3102,0,5.316,ECONNREFUSED
15793.3,heavy,3103,1,1.526,
15796.7,heavy,3101,0,6.691,
15800.0,light-1,3103,1,4.371,
15800.0,light-4,3103,1,4.610,
15800.0,light-2,3101,1,5.181,
15800.0,light-5,3101,1,5.489,
15800.0,light-3,3102,0,7.721,ECONNREFUSED
15800.0,heavy,3102,0,9.767,ECONNREFUSED
15803.3,heavy,3102,0,7.138,ECONNREFUSED
15806.7,heavy,3103,1,2.523,
15810.0,heavy,3101,1,4.263,
15813.3,heavy,3102,0,3.764,ECONNREFUSED
15816.7,heavy,3103,0,1.644,
15820.0,heavy,3101,1,5.787,
15823.3,heavy,3102,0,3.287,ECONNREFUSED
15826.7,heavy,3103,0,1.232,
15830.0,heavy,3101,1,6.833,
15833.3,heavy,3102,0,5.045,ECONNREFUSED
15836.7,heavy,3103,1,2.936,
15840.0,heavy,3101,0,3.867,
15843.3,heavy,3102,0,2.288,ECONNREFUSED
15846.7,heavy,3103,0,1.491,
15850.0,heavy,3101,1,6.021,
15853.3,heavy,3102,0,3.635,ECONNREFUSED
15856.7,heavy,3103,1,1.934,
15860.0,heavy,3101,0,5.676,
15863.3,heavy,3102,0,3.849,ECONNREFUSED
15866.7,heavy,3103,0,1.896,
15870.0,heavy,3101,0,4.028,
15873.3,heavy,3102,0,3.339,ECONNREFUSED
15876.7,heavy,3103,1,1.658,
15880.0,heavy,3101,1,3.901,
15883.3,heavy,3102,0,2.584,ECONNREFUSED
15886.7,heavy,3103,0,1.024,
15890.0,heavy,3101,1,4.140,
15893.3,heavy,3102,0,3.419,ECONNREFUSED
15896.7,heavy,3103,0,1.476,
15900.0,light-2,3103,1,1.878,
15900.0,light-3,3101,1,4.086,
15900.0,light-5,3103,1,4.838,
15900.0,light-4,3102,0,5.318,ECONNREFUSED
15900.0,light-1,3102,0,6.992,ECONNREFUSED
15900.0,heavy,3101,1,6.305,
15903.3,heavy,3101,0,5.515,
15906.7,heavy,3102,0,3.854,ECONNREFUSED
15910.0,heavy,3103,0,1.299,
15913.3,heavy,3101,1,4.273,
15916.7,heavy,3102,0,2.993,ECONNREFUSED
15920.0,heavy,3103,1,1.728,
15923.3,heavy,3101,0,3.529,
15926.7,heavy,3102,0,2.490,ECONNREFUSED
15930.0,heavy,3103,1,3.094,
15933.3,heavy,3101,1,4.881,
15936.7,heavy,3102,0,3.739,ECONNREFUSED
15940.0,heavy,3103,0,1.473,
15943.3,heavy,3101,0,4.032,
15946.7,heavy,3102,0,3.496,ECONNREFUSED
15950.0,heavy,3103,0,1.502,
15953.3,heavy,3101,1,5.771,
15956.7,heavy,3102,0,3.943,ECONNREFUSED
15960.0,heavy,3103,0,1.913,
15963.3,heavy,3101,1,4.106,
15966.7,heavy,3102,0,5.450,ECONNREFUSED
15970.0,heavy,3103,0,1.797,
15973.3,heavy,3101,1,4.492,
15976.7,heavy,3102,0,3.487,ECONNREFUSED
15980.0,heavy,3103,0,1.463,
15983.3,heavy,3101,1,4.962,
15986.7,heavy,3102,0,2.336,ECONNREFUSED
15990.0,heavy,3103,0,1.410,
15993.3,heavy,3101,1,6.995,
15996.7,heavy,3102,0,6.414,ECONNREFUSED
16000.0,light-3,3103,1,3.566,
16000.0,light-1,3101,1,5.059,
16000.0,light-4,3101,1,5.054,
16000.0,light-2,3102,0,6.500,ECONNREFUSED
16000.0,light-5,3102,0,6.446,ECONNREFUSED
16000.0,heavy,3103,1,2.845,
16003.3,heavy,3103,0,3.528,
16006.7,heavy,3101,0,2.960,
16010.0,heavy,3102,0,6.066,ECONNREFUSED
16013.3,heavy,3103,1,1.309,
16016.7,heavy,3101,0,6.623,
16020.0,heavy,3102,0,5.135,ECONNREFUSED
16023.3,heavy,3103,1,1.494,
16026.7,heavy,3101,1,5.205,
16030.0,heavy,3102,0,3.756,ECONNREFUSED
16033.3,heavy,3103,0,1.665,
16036.7,heavy,3101,0,3.309,
16040.0,heavy,3102,0,2.323,ECONNREFUSED
16043.3,heavy,3103,1,1.443,
16046.7,heavy,3101,0,3.194,
16050.0,heavy,3102,0,3.726,ECONNREFUSED
16053.3,heavy,3103,1,1.379,
16056.7,heavy,3101,1,3.935,
16060.0,heavy,3102,0,2.052,ECONNREFUSED
16063.3,heavy,3103,0,1.190,
16066.7,heavy,3101,0,5.381,
16070.0,heavy,3102,0,4.820,ECONNREFUSED
16073.3,heavy,3103,1,3.098,
16076.7,heavy,3101,0,3.210,
16080.0,heavy,3102,0,2.758,ECONNREFUSED
16083.3,heavy,3103,1,1.634,
16086.7,heavy,3101,1,4.359,
16090.0,heavy,3102,0,3.132,ECONNREFUSED
16093.3,heavy,3103,0,1.233,
16096.7,heavy,3101,0,7.680,
16100.0,light-2,3103,1,4.098,
16100.0,light-5,3103,1,4.938,
16100.0,light-1,3102,0,7.267,ECONNREFUSED
16100.0,light-4,3102,0,7.424,ECONNREFUSED
16100.0,light-3,3101,1,8.714,
16100.0,heavy,3102,0,7.137,ECONNREFUSED
16103.3,heavy,3103,1,3.252,
16106.7,heavy,3101,0,7.468,
16110.0,heavy,3101,1,7.841,
16113.3,heavy,3102,0,4.560,ECONNREFUSED
16116.7,heavy,3103,0,1.814,
16120.0,heavy,3101,1,3.652,
16123.3,heavy,3102,0,2.960,ECONNREFUSED
16126.7,heavy,3103,0,1.290,
16130.0,heavy,3101,0,4.908,
16133.3,heavy,3102,0,4.126,ECONNREFUSED
16136.7,heavy,3103,1,2.740,
16140.0,heavy,3101,0,2.144,
16143.3,heavy,3102,0,7.366,ECONNREFUSED
16146.7,heavy,3103,1,3.574,
16150.0,heavy,3101,1,6.967,
16153.3,heavy,3102,0,6.447,ECONNREFUSED
16156.7,heavy,3103,0,2.037,
16160.0,heavy,3101,0,3.084,
16163.3,heavy,3102,0,1.962,ECONNREFUSED
16166.7,heavy,3103,1,1.832,
16170.0,heavy,3101,1,8.863,
16173.3,heavy,3102,0,6.638,ECONNREFUSED
16176.7,heavy,3103,1,1.475,
16180.0,heavy,3101,0,8.440,
16183.3,heavy,3102,0,7.208,ECONNREFUSED
16186.7,heavy,3103,0,3.569,
16190.0,heavy,3101,0,2.453,
16193.3,heavy,3102,0,8.017,ECONNREFUSED
16196.7,heavy,3103,1,3.094,
16200.0,light-3,3103,1,4.631,
16200.0,light-1,3101,1,5.987,
16200.0,light-4,3101,1,7.641,
16200.0,light-2,3102,0,8.117,ECONNREFUSED
16200.0,light-5,3102,0,8.657,ECONNREFUSED
16200.0,heavy,3101,0,7.667,
16203.3,heavy,3102,0,7.836,ECONNREFUSED
16206.7,heavy,3103,1,4.075,
16210.0,heavy,3103,0,3.617,
16213.3,heavy,3101,1,3.314,
16216.7,heavy,3102,0,3.453,ECONNREFUSED
16220.0,heavy,3103,1,1.822,
16223.3,heavy,3101,0,2.976,
16226.7,heavy,3102,0,2.500,ECONNREFUSED
16230.0,heavy,3103,0,1.071,
16233.3,heavy,3101,1,5.061,
16236.7,heavy,3102,0,4.343,ECONNREFUSED
16240.0,heavy,3103,0,1.272,
16243.3,heavy,3101,1,4.783,
16246.7,heavy,3102,0,5.471,ECONNREFUSED
16250.0,heavy,3103,1,3.372,
16253.3,heavy,3101,0,5.614,
16256.7,heavy,3102,0,3.793,ECONNREFUSED
16260.0,heavy,3103,0,1.008,
16263.3,heavy,3101,1,6.671,
16266.7,heavy,3102,0,5.145,ECONNREFUSED
16270.0,heavy,3103,0,3.200,
16273.3,heavy,3101,1,3.488,
16276.7,heavy,3102,0,2.380,ECONNREFUSED
16280.0,heavy,3103,0,1.394,
16283.3,heavy,3101,1,6.966,
16286.7,heavy,3102,0,3.219,ECONNREFUSED
16290.0,heavy,3103,1,0.974,
16293.3,heavy,3101,1,18.233,
16296.7,heavy,3102,0,11.751,ECONNREFUSED
16300.0,light-3,3103,1,7.567,
16300.0,light-1,3101,1,10.107,
16300.0,light-4,3101,1,9.885,
16300.0,light-2,3102,0,11.420,ECONNREFUSED
16300.0,light-5,3102,0,11.165,ECONNREFUSED
16300.0,heavy,3103,0,7.114,
16303.3,heavy,3103,0,3.892,
16306.7,heavy,3101,0,6.119,
16310.0,heavy,3102,0,4.245,ECONNREFUSED
16313.3,heavy,3103,1,1.309,
16316.7,heavy,3101,1,5.749,
16320.0,heavy,3102,0,4.583,ECONNREFUSED
16323.3,heavy,3103,1,1.905,
16326.7,heavy,3101,0,5.449,
16330.0,heavy,3102,0,5.696,ECONNREFUSED
16333.3,heavy,3103,0,2.309,
16336.7,heavy,3101,0,3.045,
16340.0,heavy,3102,0,6.341,ECONNREFUSED
16343.3,heavy,3103,1,5.192,
16346.7,heavy,3101,1,7.228,
16350.0,heavy,3102,0,4.328,ECONNREFUSED
16353.3,heavy,3103,0,1.577,
16356.7,heavy,3101,1,3.825,
16360.0,heavy,3102,0,3.151,ECONNREFUSED
16363.3,heavy,3103,0,1.175,
16366.7,heavy,3101,0,3.691,
16370.0,heavy,3102,0,3.083,ECONNREFUSED
16373.3,heavy,3103,1,1.529,
16376.7,heavy,3101,0,3.313,
16380.0,heavy,3102,0,2.143,ECONNREFUSED
16383.3,heavy,3103,1,1.416,
16386.7,heavy,3101,0,3.930,
16390.0,heavy,3102,0,3.383,ECONNREFUSED
16393.3,heavy,3103,1,1.223,
16396.7,heavy,3101,0,3.207,
16400.0,light-5,3101,1,5.040,
16400.0,light-4,3103,1,5.786,
16400.0,light-3,3102,0,6.754,ECONNREFUSED
16400.0,light-1,3103,1,8.310,
16400.0,light-2,3101,1,8.374,
16400.0,heavy,3102,0,6.085,ECONNREFUSED
16403.3,heavy,3102,0,6.866,ECONNREFUSED
16406.7,heavy,3103,1,1.797,
16410.0,heavy,3101,1,4.376,
16413.3,heavy,3102,0,3.917,ECONNREFUSED
16416.7,heavy,3103,0,1.682,
16420.0,heavy,3101,1,4.486,
16423.3,heavy,3102,0,3.245,ECONNREFUSED
16426.7,heavy,3103,0,0.818,
16430.0,heavy,3101,0,3.048,
16433.3,heavy,3102,0,2.550,ECONNREFUSED
16436.7,heavy,3103,1,1.462,
16440.0,heavy,3101,0,3.138,
16443.3,heavy,3102,0,2.362,ECONNREFUSED
16446.7,heavy,3103,1,1.582,
16450.0,heavy,3101,1,5.949,
16453.3,heavy,3102,0,5.103,ECONNREFUSED
16456.7,heavy,3103,0,1.509,
16460.0,heavy,3101,1,4.231,
16463.3,heavy,3102,0,2.918,ECONNREFUSED
16466.7,heavy,3103,0,1.617,
16470.0,heavy,3101,1,5.014,
16473.3,heavy,3102,0,2.919,ECONNREFUSED
16476.7,heavy,3103,0,1.141,
16480.0,heavy,3101,1,6.315,
16483.3,heavy,3102,0,5.217,ECONNREFUSED
16486.7,heavy,3103,0,2.520,
16490.0,heavy,3101,1,4.001,
16493.3,heavy,3102,0,3.029,ECONNREFUSED
16496.7,heavy,3103,0,1.270,
16500.0,light-2,3103,1,3.553,
16500.0,light-5,3103,1,4.500,
16500.0,light-3,3101,1,7.535,
16500.0,light-1,3102,0,8.452,ECONNREFUSED
16500.0,light-4,3102,0,9.785,ECONNREFUSED
16500.0,heavy,3101,1,10.188,
16503.3,heavy,3101,0,7.704,
16506.7,heavy,3102,0,6.027,ECONNREFUSED
16510.0,heavy,3103,0,2.322,
16513.3,heavy,3101,1,4.108,
16516.7,heavy,3102,0,4.038,ECONNREFUSED
16520.0,heavy,3103,0,1.311,
16523.3,heavy,3101,1,3.895,
16526.7,heavy,3102,0,3.127,ECONNREFUSED
16530.0,heavy,3103,1,1.888,
16533.3,heavy,3101,0,3.814,
16536.7,heavy,3102,0,2.947,ECONNREFUSED
16540.0,heavy,3103,0,1.168,
16543.3,heavy,3101,1,4.184,
16546.7,heavy,3102,0,3.390,ECONNREFUSED
16550.0,heavy,3103,0,1.416,
16553.3,heavy,3101,1,3.613,
16556.7,heavy,3102,0,3.545,ECONNREFUSED
16560.0,heavy,3103,1,1.556,
16563.3,heavy,3101,0,7.164,
16566.7,heavy,3102,0,4.106,ECONNREFUSED
16570.0,heavy,3103,0,2.797,
16573.3,heavy,3101,1,4.083,
16576.7,heavy,3102,0,2.728,ECONNREFUSED
16580.0,heavy,3103,1,1.722,
16583.3,heavy,3101,0,3.753,
16586.7,heavy,3102,0,3.021,ECONNREFUSED
16590.0,heavy,3103,1,1.565,
16593.3,heavy,3101,0,3.277,
16596.7,heavy,3102,0,2.370,ECONNREFUSED
16600.0,light-1,3101,1,3.806,
16600.0,light-3,3103,1,3.762,
16600.0,light-4,3101,1,3.794,
16600.0,light-5,3102,0,4.153,ECONNREFUSED
16600.0,light-2,3102,0,8.151,ECONNREFUSED
16600.0,heavy,3103,0,2.107,
16603.3,heavy,3103,1,3.763,
16606.7,heavy,3101,0,3.352,
16610.0,heavy,3102,0,1.915,ECONNREFUSED
16613.3,heavy,3103,1,2.101,
16616.7,heavy,3101,0,3.005,
16620.0,heavy,3102,0,3.399,ECONNREFUSED
16623.3,heavy,3103,1,1.799,
16626.7,heavy,3101,0,2.478,
16630.0,heavy,3102,0,2.446,ECONNREFUSED
16633.3,heavy,3103,1,2.201,
16636.7,heavy,3101,0,3.536,
16640.0,heavy,3102,0,2.941,ECONNREFUSED
16643.3,heavy,3103,1,1.219,
16646.7,heavy,3101,0,3.597,
16650.0,heavy,3102,0,2.505,ECONNREFUSED
16653.3,heavy,3103,1,1.005,
16656.7,heavy,3101,0,3.250,
16660.0,heavy,3102,0,2.180,ECONNREFUSED
16663.3,heavy,3103,1,2.105,
16666.7,heavy,3101,1,3.582,
16670.0,heavy,3102,0,3.161,ECONNREFUSED
16673.3,heavy,3103,0,1.579,
16676.7,heavy,3101,0,6.444,
16680.0,heavy,3102,0,5.263,ECONNREFUSED
16683.3,heavy,3103,1,3.112,
16686.7,heavy,3101,0,5.123,
16690.0,heavy,3102,0,4.765,ECONNREFUSED
16693.3,heavy,3103,1,1.844,
16696.7,heavy,3101,0,9.515,
16700.0,light-3,3103,1,6.091,
16700.0,light-1,3101,1,7.209,
16700.0,light-4,3101,1,7.619,
16700.0,light-2,3102,0,9.424,ECONNREFUSED
16700.0,light-5,3102,0,9.919,ECONNREFUSED
16700.0,heavy,3102,0,9.585,ECONNREFUSED
16703.3,heavy,3103,1,5.310,
16706.7,heavy,3103,0,4.114,
16710.0,heavy,3101,1,4.213,
16713.3,heavy,3102,0,3.331,ECONNREFUSED
16716.7,heavy,3103,0,1.361,
16720.0,heavy,3101,1,5.367,
16723.3,heavy,3102,0,4.561,ECONNREFUSED
16726.7,heavy,3103,0,2.001,
16730.0,heavy,3101,0,2.692,
16733.3,heavy,3102,0,3.767,ECONNREFUSED
16736.7,heavy,3103,1,1.938,
16740.0,heavy,3101,1,4.481,
16743.3,heavy,3102,0,4.092,ECONNREFUSED
16746.7,heavy,3103,0,1.207,
16750.0,heavy,3101,0,4.308,
16753.3,heavy,3102,0,4.423,ECONNREFUSED
16756.7,heavy,3103,1,2.542,
16760.0,heavy,3101,1,5.594,
16763.3,heavy,3102,0,4.033,ECONNREFUSED
16766.7,heavy,3103,0,1.808,
16770.0,heavy,3101,1,4.505,
16773.3,heavy,3102,0,2.894,ECONNREFUSED
16776.7,heavy,3103,0,1.062,
16780.0,heavy,3101,1,4.731,
16783.3,heavy,3102,0,3.322,ECONNREFUSED
16786.7,heavy,3103,1,1.918,
16790.0,heavy,3101,0,3.650,
16793.3,heavy,3102,0,3.034,ECONNREFUSED
16796.7,heavy,3103,0,1.280,
16800.0,light-1,3103,1,2.802,
16800.0,light-4,3103,1,3.732,
16800.0,light-2,3101,1,4.813,
16800.0,light-5,3101,1,5.344,
16800.0,light-3,3102,0,5.786,ECONNREFUSED
16800.0,heavy,3101,1,6.996,
16803.3,heavy,3102,0,7.060,ECONNREFUSED
16806.7,heavy,3102,0,6.606,ECONNREFUSED
16810.0,heavy,3103,0,1.791,
16813.3,heavy,3101,1,4.615,
16816.7,heavy,3102,0,3.747,ECONNREFUSED
16820.0,heavy,3103,0,3.029,
16823.3,heavy,3101,1,8.102,
16826.7,heavy,3102,0,6.180,ECONNREFUSED
16830.0,heavy,3103,1,3.207,
16833.3,heavy,3101,0,7.228,
16836.7,heavy,3102,0,5.717,ECONNREFUSED
16840.0,heavy,3103,0,1.925,
16843.3,heavy,3101,1,2.193,
16846.7,heavy,3102,0,5.028,ECONNREFUSED
16850.0,heavy,3103,1,2.184,
16853.3,heavy,3101,1,5.025,
16856.7,heavy,3102,0,3.652,ECONNREFUSED
16860.0,heavy,3103,0,2.904,
16863.3,heavy,3101,0,3.048,
16866.7,heavy,3102,0,2.658,ECONNREFUSED
16870.0,heavy,3103,0,1.106,
16873.3,heavy,3101,1,3.929,
16876.7,heavy,3102,0,3.244,ECONNREFUSED
16880.0,heavy,3103,0,1.378,
16883.3,heavy,3101,1,4.064,
16886.7,heavy,3102,0,2.654,ECONNREFUSED
16890.0,heavy,3103,1,1.459,
16893.3,heavy,3101,0,1.704,
16896.7,heavy,3102,0,9.265,ECONNREFUSED
16900.0,light-2,3103,1,2.786,
16900.0,light-3,3101,1,3.872,
16900.0,light-1,3102,0,5.300,ECONNREFUSED
16900.0,light-5,3103,1,5.204,
16900.0,light-4,3102,0,6.866,ECONNREFUSED
16900.0,heavy,3103,1,2.207,
16903.3,heavy,3101,0,6.031,
16906.7,heavy,3101,0,4.009,
16910.0,heavy,3102,0,5.608,ECONNREFUSED
16913.3,heavy,3103,1,1.501,
16916.7,heavy,3101,0,4.322,
16920.0,heavy,3102,0,2.608,ECONNREFUSED
16923.3,heavy,3103,1,1.218,
16926.7,heavy,3101,1,5.897,
16930.0,heavy,3102,0,4.698,ECONNREFUSED
16933.3,heavy,3103,1,1.532,
16936.7,heavy,3101,0,5.467,
16940.0,heavy,3102,0,5.879,ECONNREFUSED
16943.3,heavy,3103,0,2.595,
16946.7,heavy,3101,0,3.093,
16950.0,heavy,3102,0,4.246,ECONNREFUSED
16953.3,heavy,3103,1,1.278,
16956.7,heavy,3101,0,3.746,
16960.0,heavy,3102,0,2.843,ECONNREFUSED
16963.3,heavy,3103,1,2.517,
16966.7,heavy,3101,1,4.636,
16970.0,heavy,3102,0,3.570,ECONNREFUSED
16973.3,heavy,3103,0,1.742,
16976.7,heavy,3101,0,1.799,
16980.0,heavy,3102,0,3.053,ECONNREFUSED
16983.3,heavy,3103,1,1.463,
16986.7,heavy,3101,0,3.387,
16990.0,heavy,3102,0,2.386,ECONNREFUSED
16993.3,heavy,3103,1,4.939,
16996.7,heavy,3101,1,7.401,
17000.0,light-1,3103,1,5.237,
17000.0,light-4,3103,1,5.211,
17000.0,light-2,3101,1,6.206,
17000.0,light-5,3101,1,5.997,
17000.0,light-3,3102,0,7.802,ECONNREFUSED
17000.0,heavy,3102,0,7.146,ECONNREFUSED
17003.3,heavy,3102,0,5.624,ECONNREFUSED
17006.7,heavy,3103,0,2.652,
17010.0,heavy,3101,1,3.306,
17013.3,heavy,3102,0,2.162,ECONNREFUSED
17016.7,heavy,3103,0,1.490,
17020.0,heavy,3101,1,5.394,
17023.3,heavy,3102,0,3.117,ECONNREFUSED
17026.7,heavy,3103,0,1.322,
17030.0,heavy,3101,1,7.107,
17033.3,heavy,3102,0,4.090,ECONNREFUSED
17036.7,heavy,3103,0,2.924,
17040.0,heavy,3101,0,2.389,
17043.3,heavy,3102,0,5.331,ECONNREFUSED
17046.7,heavy,3103,1,2.170,
17050.0,heavy,3101,1,6.913,
17053.3,heavy,3102,0,4.943,ECONNREFUSED
17056.7,heavy,3103,0,1.670,
17060.0,heavy,3101,1,4.611,
17063.3,heavy,3102,0,2.971,ECONNREFUSED
17066.7,heavy,3103,0,2.341,
17070.0,heavy,3101,1,4.177,
17073.3,heavy,3102,0,2.592,ECONNREFUSED
17076.7,heavy,3103,1,1.482,
17080.0,heavy,3101,0,4.020,
17083.3,heavy,3102,0,3.937,ECONNREFUSED
17086.7,heavy,3103,0,1.129,
17090.0,heavy,3101,1,4.454,
17093.3,heavy,3102,0,2.655,ECONNREFUSED
17096.7,heavy,3103,0,1.909,
17100.0,light-2,3103,1,3.696,
17100.0,light-5,3103,1,3.728,
17100.0,light-1,3102,0,6.447,ECONNREFUSED
17100.0,light-4,3102,0,6.382,ECONNREFUSED
17100.0,light-3,3101,1,7.525,
17100.0,heavy,3101,1,7.721,
17103.3,heavy,3102,0,6.748,ECONNREFUSED
17106.7,heavy,3103,1,3.033,
17110.0,heavy,3101,0,7.075,
17113.3,heavy,3101,0,6.002,
17116.7,heavy,3102,0,8.427,ECONNREFUSED
17120.0,heavy,3103,0,3.464,
17123.3,heavy,3101,1,3.745,
17126.7,heavy,3102,0,2.276,ECONNREFUSED
17130.0,heavy,3103,1,2.328,
17133.3,heavy,3101,0,5.331,
17136.7,heavy,3102,0,4.077,ECONNREFUSED
17140.0,heavy,3103,1,2.016,
17143.3,heavy,3101,0,5.254,
17146.7,heavy,3102,0,5.779,ECONNREFUSED
17150.0,heavy,3103,0,2.313,
17153.3,heavy,3101,1,4.074,
17156.7,heavy,3102,0,2.564,ECONNREFUSED
17160.0,heavy,3103,1,1.453,
17163.3,heavy,3101,0,4.169,
17166.7,heavy,3102,0,6.563,ECONNREFUSED
17170.0,heavy,3103,1,3.728,
17173.3,heavy,3101,0,3.236,
17176.7,heavy,3102,0,2.350,ECONNREFUSED
17180.0,heavy,3103,0,1.005,
17183.3,heavy,3101,1,4.795,
17186.7,heavy,3102,0,3.248,ECONNREFUSED
17190.0,heavy,3103,1,1.862,
17193.3,heavy,3101,0,3.507,
17196.7,heavy,3102,0,2.917,ECONNREFUSED
17200.0,light-1,3103,1,3.659,
17200.0,light-4,3103,1,4.131,
17200.0,light-2,3101,1,4.934,
17200.0,light-5,3101,1,4.807,
17200.0,light-3,3102,0,6.166,ECONNREFUSED
17200.0,heavy,3103,1,3.915,
17203.3,heavy,3101,0,5.439,
17206.7,heavy,3102,0,6.681,ECONNREFUSED
17210.0,heavy,3102,0,6.083,ECONNREFUSED
17213.3,heavy,3103,1,1.484,
17216.7,heavy,3101,1,5.225,
17220.0,heavy,3102,0,3.759,ECONNREFUSED
17223.3,heavy,3103,0,1.411,
17226.7,heavy,3101,0,4.133,
17230.0,heavy,3102,0,2.243,ECONNREFUSED
17233.3,heavy,3103,1,2.645,
17236.7,heavy,3101,0,4.142,
17240.0,heavy,3102,0,2.740,ECONNREFUSED
17243.3,heavy,3103,1,1.020,
17246.7,heavy,3101,0,5.175,
17250.0,heavy,3102,0,4.531,ECONNREFUSED
17253.3,heavy,3103,1,3.217,
17256.7,heavy,3101,0,2.132,
17260.0,heavy,3102,0,8.615,ECONNREFUSED
17263.3,heavy,3103,1,2.199,
17266.7,heavy,3101,1,7.794,
17270.0,heavy,3102,0,7.076,ECONNREFUSED
17273.3,heavy,3103,0,2.210,
17276.7,heavy,3101,0,3.391,
17280.0,heavy,3102,0,2.519,ECONNREFUSED
17283.3,heavy,3103,1,4.141,
17286.7,heavy,3101,1,10.627,
17290.0,heavy,3102,0,9.630,ECONNREFUSED
17293.3,heavy,3103,1,3.834,
17296.7,heavy,3101,0,10.307,
17300.0,light-1,3103,1,4.312,
17300.0,light-4,3103,1,4.241,
17300.0,light-2,3101,1,6.525,
17300.0,light-5,3101,1,7.949,
17300.0,light-3,3102,0,8.719,ECONNREFUSED
17300.0,heavy,3102,0,11.366,ECONNREFUSED
17303.3,heavy,3102,0,8.229,ECONNREFUSED
17306.7,heavy,3103,0,1.712,
17310.0,heavy,3101,1,4.520,
17313.3,heavy,3102,0,2.403,ECONNREFUSED
17316.7,heavy,3103,0,1.438,
17320.0,heavy,3101,1,8.287,
17323.3,heavy,3102,0,3.688,ECONNREFUSED
17326.7,heavy,3103,1,1.790,
17330.0,heavy,3101,0,8.117,
17333.3,heavy,3102,0,8.140,ECONNREFUSED
17336.7,heavy,3103,0,3.473,
17340.0,heavy,3101,1,4.974,
17343.3,heavy,3102,0,3.647,ECONNREFUSED
17346.7,heavy,3103,0,1.568,
17350.0,heavy,3101,0,3.739,
17353.3,heavy,3102,0,2.971,ECONNREFUSED
17356.7,heavy,3103,1,1.509,
17360.0,heavy,3101,0,2.852,
17363.3,heavy,3102,0,4.233,ECONNREFUSED
17366.7,heavy,3103,1,1.998,
17370.0,heavy,3101,1,4.899,
17373.3,heavy,3102,0,4.409,ECONNREFUSED
17376.7,heavy,3103,0,1.589,
17380.0,heavy,3101,1,5.450,
17383.3,heavy,3102,0,3.867,ECONNREFUSED
17386.7,heavy,3103,1,2.165,
17390.0,heavy,3101,0,3.395,
17393.3,heavy,3102,0,3.137,ECONNREFUSED
17396.7,heavy,3103,0,1.155,
17400.0,light-1,3103,1,4.013,
17400.0,light-4,3103,1,4.519,
17400.0,light-5,3101,1,6.587,
17400.0,light-3,3102,0,7.298,ECONNREFUSED
17400.0,light-2,3101,1,9.507,
17400.0,heavy,3101,1,9.592,
17403.3,heavy,3102,0,6.950,ECONNREFUSED
17406.7,heavy,3102,0,6.607,ECONNREFUSED
17410.0,heavy,3103,0,2.597,
17413.3,heavy,3101,1,4.066,
17416.7,heavy,3102,0,3.609,ECONNREFUSED
17420.0,heavy,3103,0,1.401,
17423.3,heavy,3101,1,5.097,
17426.7,heavy,3102,0,3.426,ECONNREFUSED
17430.0,heavy,3103,1,1.914,
17433.3,heavy,3101,0,4.626,
17436.7,heavy,3102,0,3.633,ECONNREFUSED
17440.0,heavy,3103,0,0.961,
17443.3,heavy,3101,1,6.419,
17446.7,heavy,3102,0,5.245,ECONNREFUSED
17450.0,heavy,3103,1,1.781,
17453.3,heavy,3101,0,4.441,
17456.7,heavy,3102,0,3.128,ECONNREFUSED
17460.0,heavy,3103,0,1.157,
17463.3,heavy,3101,1,6.841,
17466.7,heavy,3102,0,5.347,ECONNREFUSED
17470.0,heavy,3103,0,1.751,
17473.3,heavy,3101,1,2.482,
17476.7,heavy,3102,0,5.272,ECONNREFUSED
17480.0,heavy,3103,1,2.389,
17483.3,heavy,3101,0,5.972,
17486.7,heavy,3102,0,5.398,ECONNREFUSED
17490.0,heavy,3103,0,1.736,
17493.3,heavy,3101,1,15.428,
17496.7,heavy,3102,0,10.171,ECONNREFUSED
17500.0,light-3,3103,1,6.397,
17500.0,light-1,3101,1,8.257,
17500.0,light-2,3102,0,9.943,ECONNREFUSED
17500.0,light-5,3102,0,10.153,ECONNREFUSED
17500.0,light-4,3101,1,12.049,
17500.0,heavy,3103,0,8.237,
17503.3,heavy,3103,0,4.815,
17506.7,heavy,3101,1,5.465,
17510.0,heavy,3102,0,4.829,ECONNREFUSED
17513.3,heavy,3103,0,1.680,
17516.7,heavy,3101,1,2.046,
17520.0,heavy,3102,0,4.131,ECONNREFUSED
17523.3,heavy,3103,1,1.870,
17526.7,heavy,3101,0,4.713,
17530.0,heavy,3102,0,5.125,ECONNREFUSED
17533.3,heavy,3103,1,1.921,
17536.7,heavy,3101,0,3.536,
17540.0,heavy,3102,0,2.243,ECONNREFUSED
17543.3,heavy,3103,1,1.381,
17546.7,heavy,3101,0,3.984,
17550.0,heavy,3102,0,1.904,ECONNREFUSED
17553.3,heavy,3103,1,1.886,
17556.7,heavy,3101,1,3.996,
17560.0,heavy,3102,0,3.172,ECONNREFUSED
17563.3,heavy,3103,0,1.292,
17566.7,heavy,3101,0,4.111,
17570.0,heavy,3102,0,3.564,ECONNREFUSED
17573.3,heavy,3103,1,2.014,
17576.7,heavy,3101,0,3.783,
17580.0,heavy,3102,0,2.558,ECONNREFUSED
17583.3,heavy,3103,1,2.983,
17586.7,heavy,3101,1,5.445,
17590.0,heavy,3102,0,4.803,ECONNREFUSED
17593.3,heavy,3103,0,2.460,
17596.7,heavy,3101,0,3.583,
17600.0,light-2,3101,1,3.943,
17600.0,light-4,3103,1,5.123,
17600.0,light-5,3101,1,5.804,
17600.0,light-1,3103,1,8.901,
17600.0,light-3,3102,0,12.128,ECONNREFUSED
17600.0,heavy,3102,0,4.805,ECONNREFUSED
17603.3,heavy,3102,0,8.738,ECONNREFUSED
17606.7,heavy,3103,1,3.162,
17610.0,heavy,3101,1,6.012,
17613.3,heavy,3102,0,4.150,ECONNREFUSED
17616.7,heavy,3103,0,3.314,
17620.0,heavy,3101,1,7.265,
17623.3,heavy,3102,0,5.472,ECONNREFUSED
17626.7,heavy,3103,0,2.006,
17630.0,heavy,3101,0,4.106,
17633.3,heavy,3102,0,3.087,ECONNREFUSED
17636.7,heavy,3103,1,1.672,
17640.0,heavy,3101,0,2.298,
17643.3,heavy,3102,0,5.190,ECONNREFUSED
17646.7,heavy,3103,1,1.457,
17650.0,heavy,3101,0,4.375,
17653.3,heavy,3102,0,4.800,ECONNREFUSED
17656.7,heavy,3103,1,1.589,
17660.0,heavy,3101,1,4.141,
17663.3,heavy,3102,0,3.036,ECONNREFUSED
17666.7,heavy,3103,0,1.541,
17670.0,heavy,3101,1,3.934,
17673.3,heavy,3102,0,2.433,ECONNREFUSED
17676.7,heavy,3103,0,1.098,
17680.0,heavy,3101,0,5.449,
17683.3,heavy,3102,0,4.659,ECONNREFUSED
17686.7,heavy,3103,1,2.246,
17690.0,heavy,3101,0,2.325,
17693.3,heavy,3102,0,9.107,ECONNREFUSED
17696.7,heavy,3103,1,5.165,
17700.0,light-2,3103,1,5.411,
17700.0,light-5,3103,1,5.264,
17700.0,light-3,3101,1,6.348,
17700.0,light-1,3102,0,7.798,ECONNREFUSED
17700.0,light-4,3102,0,9.440,ECONNREFUSED
17700.0,heavy,3101,1,8.172,
17703.3,heavy,3101,0,4.867,
17706.7,heavy,3102,0,5.345,ECONNREFUSED
17710.0,heavy,3103,0,1.800,
17713.3,heavy,3101,1,6.955,
17716.7,heavy,3102,0,7.583,ECONNREFUSED
17720.0,heavy,3103,1,2.960,
17723.3,heavy,3101,0,3.375,
17726.7,heavy,3102,0,2.774,ECONNREFUSED
17730.0,heavy,3103,0,1.061,
17733.3,heavy,3101,1,4.955,
17736.7,heavy,3102,0,4.220,ECONNREFUSED
17740.0,heavy,3103,1,1.956,
17743.3,heavy,3101,0,4.735,
17746.7,heavy,3102,0,5.218,ECONNREFUSED
17750.0,heavy,3103,0,2.383,
17753.3,heavy,3101,1,4.168,
17756.7,heavy,3102,0,3.126,ECONNREFUSED
17760.0,heavy,3103,0,1.169,
17763.3,heavy,3101,1,5.391,
17766.7,heavy,3102,0,2.915,ECONNREFUSED
17770.0,heavy,3103,0,1.121,
17773.3,heavy,3101,1,4.374,
17776.7,heavy,3102,0,3.481,ECONNREFUSED
17780.0,heavy,3103,0,1.398,
17783.3,heavy,3101,1,2.928,
17786.7,heavy,3102,0,3.577,ECONNREFUSED
17790.0,heavy,3103,1,1.192,
17793.3,heavy,3101,0,3.553,
17796.7,heavy,3102,0,2.650,ECONNREFUSED
17800.0,light-1,3101,1,3.913,
17800.0,light-3,3103,1,3.741,
17800.0,light-4,3101,1,5.856,
17800.0,light-5,3102,0,8.641,ECONNREFUSED
17800.0,light-2,3102,0,9.484,ECONNREFUSED
17800.0,heavy,3103,0,3.921,
17803.3,heavy,3103,1,4.955,
17806.7,heavy,3101,0,3.724,
17810.0,heavy,3102,0,2.389,ECONNREFUSED
17813.3,heavy,3103,1,2.642,
17816.7,heavy,3101,0,4.420,
17820.0,heavy,3102,0,3.758,ECONNREFUSED
17823.3,heavy,3103,1,2.220,
17826.7,heavy,3101,0,2.855,
17830.0,heavy,3102,0,4.450,ECONNREFUSED
17833.3,heavy,3103,1,2.013,
17836.7,heavy,3101,1,5.096,
17840.0,heavy,3102,0,4.639,ECONNREFUSED
17843.3,heavy,3103,0,1.803,
17846.7,heavy,3101,0,4.866,
17850.0,heavy,3102,0,5.230,ECONNREFUSED
17853.3,heavy,3103,1,2.436,
17856.7,heavy,3101,0,3.617,
17860.0,heavy,3102,0,3.403,ECONNREFUSED
17863.3,heavy,3103,1,1.375,
17866.7,heavy,3101,1,4.282,
17870.0,heavy,3102,0,2.931,ECONNREFUSED
17873.3,heavy,3103,0,1.836,
17876.7,heavy,3101,0,6.678,
17880.0,heavy,3102,0,4.765,ECONNREFUSED
17883.3,heavy,3103,1,3.087,
17886.7,heavy,3101,0,6.163,
17890.0,heavy,3102,0,6.151,ECONNREFUSED
17893.3,heavy,3103,1,1.974,
17896.7,heavy,3101,0,2.973,
17900.0,light-1,3101,1,2.764,
17900.0,light-4,3101,1,5.205,
17900.0,light-3,3103,1,5.383,
17900.0,light-2,3102,0,7.828,ECONNREFUSED
17900.0,light-5,3102,0,7.822,ECONNREFUSED
17900.0,heavy,3102,0,7.195,ECONNREFUSED
17903.3,heavy,3103,1,2.576,
17906.7,heavy,3103,0,3.543,
17910.0,heavy,3101,1,3.462,
17913.3,heavy,3102,0,2.798,ECONNREFUSED
17916.7,heavy,3103,1,1.820,
17920.0,heavy,3101,0,5.340,
17923.3,heavy,3102,0,3.847,ECONNREFUSED
17926.7,heavy,3103,0,0.925,
17930.0,heavy,3101,0,3.485,
17933.3,heavy,3102,0,2.830,ECONNREFUSED
17936.7,heavy,3103,1,1.347,
17940.0,heavy,3101,1,4.198,
17943.3,heavy,3102,0,2.859,ECONNREFUSED
17946.7,heavy,3103,0,1.102,
17950.0,heavy,3101,1,4.321,
17953.3,heavy,3102,0,2.968,ECONNREFUSED
17956.7,heavy,3103,0,1.063,
17960.0,heavy,3101,1,5.913,
17963.3,heavy,3102,0,4.222,ECONNREFUSED
17966.7,heavy,3103,1,2.558,
17970.0,heavy,3101,0,4.917,
17973.3,heavy,3102,0,3.370,ECONNREFUSED
17976.7,heavy,3103,0,1.184,
17980.0,heavy,3101,0,4.714,
17983.3,heavy,3102,0,3.577,ECONNREFUSED
17986.7,heavy,3103,1,1.408,
17990.0,heavy,3101,0,3.039,
17993.3,heavy,3102,0,7.502,ECONNREFUSED
17996.7,heavy,3103,1,3.052,
18000.0,light-2,3103,1,3.260,
18000.0,light-3,3101,1,5.484,
18000.0,light-5,3103,1,5.936,
18000.0,light-1,3102,0,6.602,ECONNREFUSED
18000.0,light-4,3102,0,7.174,ECONNREFUSED
18000.0,heavy,3101,1,7.229,
18003.3,heavy,3101,0,5.874,
18006.7,heavy,3102,0,4.835,ECONNREFUSED
18010.0,heavy,3103,0,1.314,
18013.3,heavy,3101,1,7.239,
18016.7,heavy,3102,0,3.431,ECONNREFUSED
18020.0,heavy,3103,0,1.332,
18023.3,heavy,3101,1,2.487,
18026.7,heavy,3102,0,2.048,ECONNREFUSED
18030.0,heavy,3103,1,1.114,
18033.3,heavy,3101,0,4.514,
18036.7,heavy,3102,0,3.925,ECONNREFUSED
18040.0,heavy,3103,1,1.921,
18043.3,heavy,3101,0,4.391,
18046.7,heavy,3102,0,5.956,ECONNREFUSED
18050.0,heavy,3103,0,2.710,
18053.3,heavy,3101,1,5.634,
18056.7,heavy,3102,0,2.808,ECONNREFUSED
18060.0,heavy,3103,0,1.617,
18063.3,heavy,3101,1,5.793,
18066.7,heavy,3102,0,4.752,ECONNREFUSED
18070.0,heavy,3103,1,2.608,
18073.3,heavy,3101,0,5.311,
18076.7,heavy,3102,0,4.467,ECONNREFUSED
18080.0,heavy,3103,0,2.112,
18083.3,heavy,3101,1,3.598,
18086.7,heavy,3102,0,4.233,ECONNREFUSED
18090.0,heavy,3103,1,2.201,
18093.3,heavy,3101,0,2.443,
18096.7,heavy,3102,0,2.445,ECONNREFUSED
18100.0,light-1,3103,1,3.615,
18100.0,light-4,3103,1,3.547,
18100.0,light-2,3101,1,4.570,
18100.0,light-5,3101,1,5.135,
18100.0,light-3,3102,0,7.050,ECONNREFUSED
18100.0,heavy,3103,1,3.360,
18103.3,heavy,3101,0,6.707,
18106.7,heavy,3102,0,6.327,ECONNREFUSED
18110.0,heavy,3102,0,8.440,ECONNREFUSED
18113.3,heavy,3103,1,3.043,
18116.7,heavy,3101,0,5.963,
18120.0,heavy,3102,0,2.424,ECONNREFUSED
18123.3,heavy,3103,1,1.315,
18126.7,heavy,3101,0,6.365,
18130.0,heavy,3102,0,5.139,ECONNREFUSED
18133.3,heavy,3103,1,2.783,
18136.7,heavy,3101,0,4.960,
18140.0,heavy,3102,0,4.407,ECONNREFUSED
18143.3,heavy,3103,1,1.757,
18146.7,heavy,3101,0,3.618,
18150.0,heavy,3102,0,3.673,ECONNREFUSED
18153.3,heavy,3103,1,1.568,
18156.7,heavy,3101,1,7.362,
18160.0,heavy,3102,0,6.068,ECONNREFUSED
18163.3,heavy,3103,1,2.628,
18166.7,heavy,3101,0,7.018,
18170.0,heavy,3102,0,7.541,ECONNREFUSED
18173.3,heavy,3103,0,3.101,
18176.7,heavy,3101,0,3.268,
18180.0,heavy,3102,0,3.830,ECONNREFUSED
18183.3,heavy,3103,1,1.812,
18186.7,heavy,3101,1,8.642,
18190.0,heavy,3102,0,8.109,ECONNREFUSED
18193.3,heavy,3103,1,3.247,
18196.7,heavy,3101,0,8.165,
18200.0,light-1,3103,1,3.874,
18200.0,light-4,3103,1,3.822,
18200.0,light-2,3101,1,4.847,
18200.0,light-5,3101,1,5.680,
18200.0,light-3,3102,0,8.269,ECONNREFUSED
18200.0,heavy,3102,0,8.363,ECONNREFUSED
18203.3,heavy,3102,0,8.116,ECONNREFUSED
18206.7,heavy,3103,0,3.355,
18210.0,heavy,3101,1,4.381,
18213.3,heavy,3102,0,2.826,ECONNREFUSED
18216.7,heavy,3103,0,1.209,
18220.0,heavy,3101,1,5.142,
18223.3,heavy,3102,0,3.194,ECONNREFUSED
18226.7,heavy,3103,1,1.967,
18230.0,heavy,3101,0,4.916,
18233.3,heavy,3102,0,4.528,ECONNREFUSED
18236.7,heavy,3103,0,1.479,
18240.0,heavy,3101,0,3.696,
18243.3,heavy,3102,0,3.837,ECONNREFUSED
18246.7,heavy,3103,1,2.219,
18250.0,heavy,3101,0,2.464,
18253.3,heavy,3102,0,2.919,ECONNREFUSED
18256.7,heavy,3103,1,2.427,
18260.0,heavy,3101,1,4.275,
18263.3,heavy,3102,0,3.495,ECONNREFUSED
18266.7,heavy,3103,0,1.415,
18270.0,heavy,3101,0,18.762,
18273.3,heavy,3102,0,2.723,ECONNREFUSED
18276.7,heavy,3103,1,1.491,
18280.0,heavy,3101,0,17.979,
18283.3,heavy,3102,0,4.530,ECONNREFUSED
18286.7,heavy,3103,1,1.949,
18290.0,heavy,3101,0,5.040,
18293.3,heavy,3102,0,4.550,ECONNREFUSED
18296.7,heavy,3103,1,1.795,
18300.0,light-2,3103,1,3.335,
18300.0,light-5,3103,1,3.327,
18300.0,light-1,3102,0,5.466,ECONNREFUSED
18300.0,light-4,3102,0,5.485,ECONNREFUSED
18300.0,light-3,3101,1,10.328,
18300.0,heavy,3101,1,8.083,
18303.3,heavy,3102,0,5.323,ECONNREFUSED
18306.7,heavy,3103,1,2.429,
18310.0,heavy,3101,0,8.232,
18313.3,heavy,3101,0,5.405,
18316.7,heavy,3102,0,3.441,ECONNREFUSED
18320.0,heavy,3103,0,1.669,
18323.3,heavy,3101,1,4.239,
18326.7,heavy,3102,0,2.649,ECONNREFUSED
18330.0,heavy,3103,0,1.023,
18333.3,heavy,3101,1,3.932,
18336.7,heavy,3102,0,2.413,ECONNREFUSED
18340.0,heavy,3103,1,1.341,
18343.3,heavy,3101,0,3.802,
18346.7,heavy,3102,0,3.521,ECONNREFUSED
18350.0,heavy,3103,0,1.618,
18353.3,heavy,3101,1,5.093,
18356.7,heavy,3102,0,2.322,ECONNREFUSED
18360.0,heavy,3103,1,1.265,
18363.3,heavy,3101,0,3.259,
18366.7,heavy,3102,0,2.199,ECONNREFUSED
18370.0,heavy,3103,0,1.048,
18373.3,heavy,3101,1,5.342,
18376.7,heavy,3102,0,4.007,ECONNREFUSED
18380.0,heavy,3103,1,2.075,
18383.3,heavy,3101,0,4.648,
18386.7,heavy,3102,0,4.335,ECONNREFUSED
18390.0,heavy,3103,0,1.419,
18393.3,heavy,3101,1,7.823,
18396.7,heavy,3102,0,8.798,ECONNREFUSED
18400.0,light-3,3103,1,2.356,
18400.0,light-1,3101,1,4.511,
18400.0,light-4,3101,1,4.616,
18400.0,light-2,3102,0,7.904,ECONNREFUSED
18400.0,light-5,3102,0,7.849,ECONNREFUSED
18400.0,heavy,3103,1,2.054,
18403.3,heavy,3103,0,3.832,
18406.7,heavy,3101,0,3.607,
18410.0,heavy,3102,0,3.307,ECONNREFUSED
18413.3,heavy,3103,1,1.392,
18416.7,heavy,3101,0,3.237,
18420.0,heavy,3102,0,3.229,ECONNREFUSED
18423.3,heavy,3103,1,1.306,
18426.7,heavy,3101,0,3.240,
18430.0,heavy,3102,0,2.400,ECONNREFUSED
18433.3,heavy,3103,1,1.417,
18436.7,heavy,3101,0,5.674,
18440.0,heavy,3102,0,4.381,ECONNREFUSED
18443.3,heavy,3103,1,1.889,
18446.7,heavy,3101,0,5.113,
18450.0,heavy,3102,0,4.975,ECONNREFUSED
18453.3,heavy,3103,1,1.649,
18456.7,heavy,3101,0,4.936,
18460.0,heavy,3102,0,4.303,ECONNREFUSED
18463.3,heavy,3103,1,2.656,
18466.7,heavy,3101,0,3.826,
18470.0,heavy,3102,0,2.861,ECONNREFUSED
18473.3,heavy,3103,1,2.724,
18476.7,heavy,3101,1,5.845,
18480.0,heavy,3102,0,4.944,ECONNREFUSED
18483.3,heavy,3103,0,2.251,
18486.7,heavy,3101,0,4.661,
18490.0,heavy,3102,0,4.864,ECONNREFUSED
18493.3,heavy,3103,1,2.378,
18496.7,heavy,3101,0,2.470,
18500.0,light-1,3103,1,2.847,
18500.0,light-4,3103,1,2.639,
18500.0,light-5,3101,1,3.902,
18500.0,light-2,3101,1,5.299,
18500.0,light-3,3102,0,5.766,ECONNREFUSED
18500.0,heavy,3102,0,6.345,ECONNREFUSED
18503.3,heavy,3102,0,5.673,ECONNREFUSED
18506.7,heavy,3103,1,1.328,
18510.0,heavy,3101,0,2.994,
18513.3,heavy,3102,0,2.516,ECONNREFUSED
18516.7,heavy,3103,1,2.554,
18520.0,heavy,3101,1,4.555,
18523.3,heavy,3102,0,3.519,ECONNREFUSED
18526.7,heavy,3103,0,1.539,
18530.0,heavy,3101,0,1.515,
18533.3,heavy,3102,0,3.723,ECONNREFUSED
18536.7,heavy,3103,1,1.712,
18540.0,heavy,3101,1,4.461,
18543.3,heavy,3102,0,3.786,ECONNREFUSED
18546.7,heavy,3103,0,0.995,
18550.0,heavy,3101,0,4.054,
18553.3,heavy,3102,0,3.357,ECONNREFUSED
18556.7,heavy,3103,1,1.742,
18560.0,heavy,3101,1,3.897,
18563.3,heavy,3102,0,2.507,ECONNREFUSED
18566.7,heavy,3103,0,1.070,
18570.0,heavy,3101,1,4.279,
18573.3,heavy,3102,0,2.699,ECONNREFUSED
18576.7,heavy,3103,0,0.886,
18580.0,heavy,3101,0,4.352,
18583.3,heavy,3102,0,3.173,ECONNREFUSED
18586.7,heavy,3103,1,1.893,
18590.0,heavy,3101,0,2.615,
18593.3,heavy,3102,0,2.072,ECONNREFUSED
18596.7,heavy,3103,1,2.802,
18600.0,light-2,3101,1,3.381,
18600.0,light-4,3103,1,3.491,
18600.0,light-5,3101,1,3.566,
18600.0,light-3,3102,0,4.910,ECONNREFUSED
18600.0,light-1,3103,1,5.246,
18600.0,heavy,3101,1,6.283,
18603.3,heavy,3102,0,5.002,ECONNREFUSED
18606.7,heavy,3102,0,5.239,ECONNREFUSED
18610.0,heavy,3103,0,1.128,
18613.3,heavy,3101,0,3.022,
18616.7,heavy,3102,0,2.371,ECONNREFUSED
18620.0,heavy,3103,1,1.428,
18623.3,heavy,3101,1,5.005,
18626.7,heavy,3102,0,3.267,ECONNREFUSED
18630.0,heavy,3103,1,1.719,
18633.3,heavy,3101,0,4.402,
18636.7,heavy,3102,0,3.661,ECONNREFUSED
18640.0,heavy,3103,0,1.404,
18643.3,heavy,3101,1,4.185,
18646.7,heavy,3102,0,2.777,ECONNREFUSED
18650.0,heavy,3103,1,1.636,
18653.3,heavy,3101,0,2.197,
18656.7,heavy,3102,0,1.860,ECONNREFUSED
18660.0,heavy,3103,1,2.366,
18663.3,heavy,3101,0,3.403,
18666.7,heavy,3102,0,2.979,ECONNREFUSED
18670.0,heavy,3103,0,1.002,
18673.3,heavy,3101,1,3.580,
18676.7,heavy,3102,0,2.862,ECONNREFUSED
18680.0,heavy,3103,1,1.798,
18683.3,heavy,3101,0,2.055,
18686.7,heavy,3102,0,7.212,ECONNREFUSED
18690.0,heavy,3103,1,3.210,
18693.3,heavy,3101,0,9.007,
18696.7,heavy,3102,0,8.681,ECONNREFUSED
18700.0,light-3,3103,1,4.084,
18700.0,light-1,3101,1,6.522,
18700.0,light-2,3102,0,7.978,ECONNREFUSED
18700.0,light-4,3101,1,7.905,
18700.0,light-5,3102,0,9.197,ECONNREFUSED
18700.0,heavy,3103,0,3.032,
18703.3,heavy,3103,1,3.393,
18706.7,heavy,3101,0,3.946,
18710.0,heavy,3102,0,3.087,ECONNREFUSED
18713.3,heavy,3103,1,1.444,
18716.7,heavy,3101,0,4.731,
18720.0,heavy,3102,0,3.537,ECONNREFUSED
18723.3,heavy,3103,1,2.093,
18726.7,heavy,3101,0,4.349,
18730.0,heavy,3102,0,4.400,ECONNREFUSED
18733.3,heavy,3103,1,2.051,
18736.7,heavy,3101,0,3.451,
18740.0,heavy,3102,0,2.895,ECONNREFUSED
18743.3,heavy,3103,1,1.771,
18746.7,heavy,3101,0,2.253,
18750.0,heavy,3102,0,4.404,ECONNREFUSED
18753.3,heavy,3103,1,1.901,
18756.7,heavy,3101,1,4.319,
18760.0,heavy,3102,0,3.807,ECONNREFUSED
18763.3,heavy,3103,0,1.895,
18766.7,heavy,3101,0,3.382,
18770.0,heavy,3102,0,2.522,ECONNREFUSED
18773.3,heavy,3103,1,1.494,
18776.7,heavy,3101,0,2.752,
18780.0,heavy,3102,0,5.111,ECONNREFUSED
18783.3,heavy,3103,1,2.279,
18786.7,heavy,3101,0,4.864,
18790.0,heavy,3102,0,5.985,ECONNREFUSED
18793.3,heavy,3103,1,2.346,
18796.7,heavy,3101,0,3.923,
18800.0,light-1,3103,1,2.091,
18800.0,light-2,3101,1,2.185,
18800.0,light-4,3103,1,3.415,
18800.0,light-5,3101,1,3.529,
18800.0,light-3,3102,0,6.833,ECONNREFUSED
18800.0,heavy,3102,0,5.398,ECONNREFUSED
18803.3,heavy,3102,0,6.398,ECONNREFUSED
18806.7,heavy,3103,1,2.020,
18810.0,heavy,3101,1,4.338,
18813.3,heavy,3102,0,2.429,ECONNREFUSED
18816.7,heavy,3103,0,1.422,
18820.0,heavy,3101,1,3.913,
18823.3,heavy,3102,0,2.925,ECONNREFUSED
18826.7,heavy,3103,0,1.210,
18830.0,heavy,3101,0,4.157,
18833.3,heavy,3102,0,3.417,ECONNREFUSED
18836.7,heavy,3103,1,1.712,
18840.0,heavy,3101,1,4.067,
18843.3,heavy,3102,0,3.195,ECONNREFUSED
18846.7,heavy,3103,0,1.370,
18850.0,heavy,3101,1,4.065,
18853.3,heavy,3102,0,2.781,ECONNREFUSED
18856.7,heavy,3103,0,0.855,
18860.0,heavy,3101,0,2.679,
18863.3,heavy,3102,0,3.089,ECONNREFUSED
18866.7,heavy,3103,1,1.970,
18870.0,heavy,3101,1,4.101,
18873.3,heavy,3102,0,2.065,ECONNREFUSED
18876.7,heavy,3103,0,1.059,
18880.0,heavy,3101,1,3.575,
18883.3,heavy,3102,0,2.063,ECONNREFUSED
18886.7,heavy,3103,0,0.803,
18890.0,heavy,3101,0,5.256,
18893.3,heavy,3102,0,7.896,ECONNREFUSED
18896.7,heavy,3103,1,1.123,
18900.0,light-2,3103,1,3.207,
18900.0,light-5,3103,1,3.917,
18900.0,light-3,3101,1,5.488,
18900.0,light-1,3102,0,6.815,ECONNREFUSED
18900.0,light-4,3102,0,6.698,ECONNREFUSED
18900.0,heavy,3101,1,6.751,
18903.3,heavy,3101,0,4.322,
18906.7,heavy,3102,0,3.750,ECONNREFUSED
18910.0,heavy,3103,0,1.249,
18913.3,heavy,3101,1,4.128,
18916.7,heavy,3102,0,3.820,ECONNREFUSED
18920.0,heavy,3103,0,1.994,
18923.3,heavy,3101,1,3.839,
18926.7,heavy,3102,0,2.476,ECONNREFUSED
18930.0,heavy,3103,1,1.265,
18933.3,heavy,3101,0,3.453,
18936.7,heavy,3102,0,1.933,ECONNREFUSED
18940.0,heavy,3103,1,1.969,
18943.3,heavy,3101,0,3.757,
18946.7,heavy,3102,0,2.748,ECONNREFUSED
18950.0,heavy,3103,0,1.184,
18953.3,heavy,3101,1,4.855,
18956.7,heavy,3102,0,3.664,ECONNREFUSED
18960.0,heavy,3103,1,2.371,
18963.3,heavy,3101,0,3.672,
18966.7,heavy,3102,0,3.060,ECONNREFUSED
18970.0,heavy,3103,0,0.944,
18973.3,heavy,3101,1,3.861,
18976.7,heavy,3102,0,3.228,ECONNREFUSED
18980.0,heavy,3103,0,1.391,
18983.3,heavy,3101,1,3.241,
18986.7,heavy,3102,0,3.310,ECONNREFUSED
18990.0,heavy,3103,1,1.564,
18993.3,heavy,3101,0,3.359,
18996.7,heavy,3102,0,1.966,ECONNREFUSED
19000.0,light-1,3103,1,2.025,
19000.0,light-4,3103,1,2.390,
19000.0,light-2,3101,1,2.571,
19000.0,light-5,3101,1,2.852,
19000.0,light-3,3102,0,3.966,ECONNREFUSED
19000.0,heavy,3103,1,2.350,
19003.3,heavy,3101,0,3.869,
19006.7,heavy,3102,0,4.020,ECONNREFUSED
19010.0,heavy,3102,0,3.442,ECONNREFUSED
19013.3,heavy,3103,1,1.357,
19016.7,heavy,3101,0,4.179,
19020.0,heavy,3102,0,3.230,ECONNREFUSED
19023.3,heavy,3103,1,1.933,
19026.7,heavy,3101,0,2.410,
19030.0,heavy,3102,0,5.769,ECONNREFUSED
19033.3,heavy,3103,1,1.750,
19036.7,heavy,3101,1,4.339,
19040.0,heavy,3102,0,3.956,ECONNREFUSED
19043.3,heavy,3103,0,1.997,
19046.7,heavy,3101,0,3.536,
19050.0,heavy,3102,0,2.817,ECONNREFUSED
19053.3,heavy,3103,1,1.581,
19056.7,heavy,3101,0,3.182,
19060.0,heavy,3102,0,2.470,ECONNREFUSED
19063.3,heavy,3103,1,1.483,
19066.7,heavy,3101,1,3.881,
19070.0,heavy,3102,0,3.258,ECONNREFUSED
19073.3,heavy,3103,0,1.163,
19076.7,heavy,3101,0,3.621,
19080.0,heavy,3102,0,2.561,ECONNREFUSED
19083.3,heavy,3103,1,1.296,
19086.7,heavy,3101,0,3.271,
19090.0,heavy,3102,0,2.527,ECONNREFUSED
19093.3,heavy,3103,1,2.715,
19096.7,heavy,3101,1,6.310,
19100.0,light-1,3103,1,2.350,
19100.0,light-4,3103,1,3.068,
19100.0,light-2,3101,1,4.074,
19100.0,light-5,3101,1,4.457,
19100.0,light-3,3102,0,6.275,ECONNREFUSED
19100.0,heavy,3102,0,5.874,ECONNREFUSED
19103.3,heavy,3102,0,6.552,ECONNREFUSED
19106.7,heavy,3103,0,2.672,
19110.0,heavy,3101,0,2.835,
19113.3,heavy,3102,0,2.891,ECONNREFUSED
19116.7,heavy,3103,1,1.480,
19120.0,heavy,3101,0,3.178,
19123.3,heavy,3102,0,2.187,ECONNREFUSED
19126.7,heavy,3103,1,1.444,
19130.0,heavy,3101,1,3.784,
19133.3,heavy,3102,0,2.440,ECONNREFUSED
19136.7,heavy,3103,0,0.823,
19140.0,heavy,3101,0,3.361,
19143.3,heavy,3102,0,2.627,ECONNREFUSED
19146.7,heavy,3103,1,1.091,
19150.0,heavy,3101,0,2.498,
19153.3,heavy,3102,0,4.050,ECONNREFUSED
19156.7,heavy,3103,1,1.376,
19160.0,heavy,3101,1,4.480,
19163.3,heavy,3102,0,4.196,ECONNREFUSED
19166.7,heavy,3103,0,1.843,
19170.0,heavy,3101,1,3.653,
19173.3,heavy,3102,0,2.789,ECONNREFUSED
19176.7,heavy,3103,1,1.407,
19180.0,heavy,3101,0,3.832,
19183.3,heavy,3102,0,2.493,ECONNREFUSED
19186.7,heavy,3103,1,1.869,
19190.0,heavy,3101,0,3.191,
19193.3,heavy,3102,0,2.597,ECONNREFUSED
19196.7,heavy,3103,0,1.186,
19200.0,light-2,3103,1,3.442,
19200.0,light-3,3101,1,4.094,
19200.0,light-5,3103,1,5.314,
19200.0,light-1,3102,0,5.849,ECONNREFUSED
19200.0,light-4,3102,0,6.216,ECONNREFUSED
19200.0,heavy,3101,1,6.591,
19203.3,heavy,3102,0,5.726,ECONNREFUSED
19206.7,heavy,3103,1,2.801,
19210.0,heavy,3101,0,6.161,
19213.3,heavy,3101,0,3.993,
19216.7,heavy,3102,0,2.774,ECONNREFUSED
19220.0,heavy,3103,0,0.800,
19223.3,heavy,3101,1,3.482,
19226.7,heavy,3102,0,2.097,ECONNREFUSED
19230.0,heavy,3103,0,0.917,
19233.3,heavy,3101,1,3.530,
19236.7,heavy,3102,0,2.758,ECONNREFUSED
19240.0,heavy,3103,1,1.661,
19243.3,heavy,3101,0,2.371,
19246.7,heavy,3102,0,2.176,ECONNREFUSED
19250.0,heavy,3103,1,2.370,
19253.3,heavy,3101,0,3.839,
19256.7,heavy,3102,0,3.290,ECONNREFUSED
19260.0,heavy,3103,0,1.528,
19263.3,heavy,3101,1,4.116,
19266.7,heavy,3102,0,2.920,ECONNREFUSED
19270.0,heavy,3103,1,1.750,
19273.3,heavy,3101,0,3.881,
19276.7,heavy,3102,0,2.328,ECONNREFUSED
19280.0,heavy,3103,0,1.113,
19283.3,heavy,3101,1,3.935,
19286.7,heavy,3102,0,2.999,ECONNREFUSED
19290.0,heavy,3103,0,1.249,
19293.3,heavy,3101,1,3.953,
19296.7,heavy,3102,0,5.472,ECONNREFUSED
19300.0,light-2,3103,1,3.075,
19300.0,light-5,3103,1,3.142,
19300.0,light-3,3101,1,4.430,
19300.0,light-1,3102,0,6.045,ECONNREFUSED
19300.0,light-4,3102,0,6.026,ECONNREFUSED
19300.0,heavy,3103,1,2.620,
19303.3,heavy,3101,0,5.369,
19306.7,heavy,3101,0,4.847,
19310.0,heavy,3102,0,3.760,ECONNREFUSED
19313.3,heavy,3103,1,0.981,
19316.7,heavy,3101,0,2.895,
19320.0,heavy,3102,0,2.136,ECONNREFUSED
19323.3,heavy,3103,1,1.887,
19326.7,heavy,3101,0,3.322,
19330.0,heavy,3102,0,2.658,ECONNREFUSED
19333.3,heavy,3103,1,1.609,
19336.7,heavy,3101,0,2.806,
19340.0,heavy,3102,0,4.063,ECONNREFUSED
19343.3,heavy,3103,1,2.038,
19346.7,heavy,3101,1,4.307,
19350.0,heavy,3102,0,3.758,ECONNREFUSED
19353.3,heavy,3103,0,1.863,
19356.7,heavy,3101,0,3.852,
19360.0,heavy,3102,0,2.867,ECONNREFUSED
19363.3,heavy,3103,1,1.694,
19366.7,heavy,3101,0,3.478,
19370.0,heavy,3102,0,2.119,ECONNREFUSED
19373.3,heavy,3103,1,1.636,
19376.7,heavy,3101,0,3.981,
19380.0,heavy,3102,0,3.335,ECONNREFUSED
19383.3,heavy,3103,1,1.102,
19386.7,heavy,3101,0,3.818,
19390.0,heavy,3102,0,2.258,ECONNREFUSED
19393.3,heavy,3103,1,1.289,
19396.7,heavy,3101,0,2.914,
19400.0,light-1,3103,1,1.455,
19400.0,light-2,3101,1,1.553,
19400.0,light-4,3103,1,2.542,
19400.0,light-5,3101,1,3.139,
19400.0,light-3,3102,0,5.825,ECONNREFUSED
19400.0,heavy,3102,0,4.021,ECONNREFUSED
19403.3,heavy,3102,0,4.480,ECONNREFUSED
19406.7,heavy,3103,1,1.454,
19410.0,heavy,3101,1,4.025,
19413.3,heavy,3102,0,3.126,ECONNREFUSED
19416.7,heavy,3103,0,1.275,
19420.0,heavy,3101,1,4.348,
19423.3,heavy,3102,0,2.552,ECONNREFUSED
19426.7,heavy,3103,1,1.386,
19430.0,heavy,3101,0,4.874,
19433.3,heavy,3102,0,3.335,ECONNREFUSED
19436.7,heavy,3103,1,2.537,
19440.0,heavy,3101,0,4.104,
19443.3,heavy,3102,0,3.618,ECONNREFUSED
19446.7,heavy,3103,0,1.753,
19450.0,heavy,3101,1,4.085,
19453.3,heavy,3102,0,2.473,ECONNREFUSED
19456.7,heavy,3103,1,1.381,
19460.0,heavy,3101,0,4.283,
19463.3,heavy,3102,0,3.465,ECONNREFUSED
19466.7,heavy,3103,0,1.589,
19470.0,heavy,3101,1,3.641,
19473.3,heavy,3102,0,2.532,ECONNREFUSED
19476.7,heavy,3103,0,1.606,
19480.0,heavy,3101,1,5.332,
19483.3,heavy,3102,0,3.956,ECONNREFUSED
19486.7,heavy,3103,1,2.081,
19490.0,heavy,3101,0,4.925,
19493.3,heavy,3102,0,4.178,ECONNREFUSED
19496.7,heavy,3103,0,0.941,
19500.0,light-3,3103,1,4.235,
19500.0,light-1,3101,1,5.327,
19500.0,light-4,3101,1,5.930,
19500.0,light-5,3102,0,7.655,ECONNREFUSED
19500.0,light-2,3102,0,8.111,ECONNREFUSED
19500.0,heavy,3101,0,7.226,
19503.3,heavy,3102,0,6.757,ECONNREFUSED
19506.7,heavy,3103,1,2.852,
19510.0,heavy,3103,0,3.772,
19513.3,heavy,3101,1,3.532,
19516.7,heavy,3102,0,3.119,ECONNREFUSED
19520.0,heavy,3103,0,1.154,
19523.3,heavy,3101,1,4.438,
19526.7,heavy,3102,0,3.861,ECONNREFUSED
19530.0,heavy,3103,1,1.784,
19533.3,heavy,3101,0,4.066,
19536.7,heavy,3102,0,3.321,ECONNREFUSED
19540.0,heavy,3103,0,1.430,
19543.3,heavy,3101,1,3.542,
19546.7,heavy,3102,0,2.736,ECONNREFUSED
19550.0,heavy,3103,1,1.604,
19553.3,heavy,3101,0,1.984,
19556.7,heavy,3102,0,3.257,ECONNREFUSED
19560.0,heavy,3103,1,1.753,
19563.3,heavy,3101,0,3.255,
19566.7,heavy,3102,0,2.728,ECONNREFUSED
19570.0,heavy,3103,0,1.221,
19573.3,heavy,3101,1,3.967,
19576.7,heavy,3102,0,2.814,ECONNREFUSED
19580.0,heavy,3103,1,1.567,
19583.3,heavy,3101,0,3.462,
19586.7,heavy,3102,0,2.007,ECONNREFUSED
19590.0,heavy,3103,1,2.045,
19593.3,heavy,3101,0,5.178,
19596.7,heavy,3102,0,5.927,ECONNREFUSED
19600.0,light-1,3101,1,2.927,
19600.0,light-3,3103,1,2.709,
19600.0,light-4,3101,1,3.281,
19600.0,light-5,3102,0,5.046,ECONNREFUSED
19600.0,light-2,3102,0,6.312,ECONNREFUSED
19600.0,heavy,3103,0,2.375,
19603.3,heavy,3103,1,2.063,
19606.7,heavy,3101,0,2.970,
19610.0,heavy,3102,0,1.837,ECONNREFUSED
19613.3,heavy,3103,1,1.296,
19616.7,heavy,3101,0,2.935,
19620.0,heavy,3102,0,4.182,ECONNREFUSED
19623.3,heavy,3103,1,1.889,
19626.7,heavy,3101,1,4.607,
19630.0,heavy,3102,0,4.419,ECONNREFUSED
19633.3,heavy,3103,0,1.760,
19636.7,heavy,3101,0,3.961,
19640.0,heavy,3102,0,2.634,ECONNREFUSED
19643.3,heavy,3103,1,1.394,
19646.7,heavy,3101,0,3.619,
19650.0,heavy,3102,0,2.405,ECONNREFUSED
19653.3,heavy,3103,1,1.951,
19656.7,heavy,3101,1,3.451,
19660.0,heavy,3102,0,2.928,ECONNREFUSED
19663.3,heavy,3103,0,1.372,
19666.7,heavy,3101,0,4.477,
19670.0,heavy,3102,0,3.697,ECONNREFUSED
19673.3,heavy,3103,1,1.733,
19676.7,heavy,3101,0,3.926,
19680.0,heavy,3102,0,4.186,ECONNREFUSED
19683.3,heavy,3103,1,1.296,
19686.7,heavy,3101,0,3.037,
19690.0,heavy,3102,0,2.335,ECONNREFUSED
19693.3,heavy,3103,1,1.303,
19696.7,heavy,3101,0,6.364,
19700.0,heavy,3102,0,6.940,ECONNREFUSED
19700.0,light-2,3103,1,3.316,
19700.0,light-5,3103,1,3.272,
19700.0,light-1,3102,0,6.203,ECONNREFUSED
19700.0,light-3,3101,1,6.247,
19700.0,light-4,3102,0,6.620,ECONNREFUSED
19703.3,heavy,3103,1,3.010,
19706.7,heavy,3101,0,5.968,
19710.0,heavy,3101,1,6.437,
19713.3,heavy,3102,0,5.795,ECONNREFUSED
19716.7,heavy,3103,0,2.333,
19720.0,heavy,3101,0,3.080,
19723.3,heavy,3102,0,2.541,ECONNREFUSED
19726.7,heavy,3103,1,1.464,
19730.0,heavy,3101,1,3.865,
19733.3,heavy,3102,0,3.480,ECONNREFUSED
19736.7,heavy,3103,1,1.310,
19740.0,heavy,3101,0,4.014,
19743.3,heavy,3102,0,3.142,ECONNREFUSED
19746.7,heavy,3103,1,1.600,
19750.0,heavy,3101,0,3.491,
19753.3,heavy,3102,0,3.107,ECONNREFUSED
19756.7,heavy,3103,0,0.999,
19760.0,heavy,3101,1,3.189,
19763.3,heavy,3102,0,1.843,ECONNREFUSED
19766.7,heavy,3103,1,1.045,
19770.0,heavy,3101,0,2.962,
19773.3,heavy,3102,0,2.730,ECONNREFUSED
19776.7,heavy,3103,0,0.946,
19780.0,heavy,3101,0,3.999,
19783.3,heavy,3102,0,2.919,ECONNREFUSED
19786.7,heavy,3103,1,1.719,
19790.0,heavy,3101,1,3.680,
19793.3,heavy,3102,0,2.639,ECONNREFUSED
19796.7,heavy,3103,0,1.531,
19800.0,heavy,3101,1,5.383,
19800.0,light-2,3103,1,2.290,
19800.0,light-5,3103,1,2.243,
19800.0,light-3,3101,1,4.136,
19800.0,light-1,3102,0,4.716,ECONNREFUSED
19800.0,light-4,3102,0,4.545,ECONNREFUSED
19803.3,heavy,3101,0,4.231,
19806.7,heavy,3102,0,3.594,ECONNREFUSED
19810.0,heavy,3103,0,1.367,
19813.3,heavy,3101,0,3.962,
19816.7,heavy,3102,0,3.298,ECONNREFUSED
19820.0,heavy,3103,1,1.374,
19823.3,heavy,3101,1,6.738,
19826.7,heavy,3102,0,4.702,ECONNREFUSED
19830.0,heavy,3103,1,2.539,
19833.3,heavy,3101,0,6.137,
19836.7,heavy,3102,0,5.274,ECONNREFUSED
19840.0,heavy,3103,0,1.772,
19843.3,heavy,3101,1,5.477,
19846.7,heavy,3102,0,5.393,ECONNREFUSED
19850.0,heavy,3103,1,3.235,
19853.3,heavy,3101,0,4.408,
19856.7,heavy,3102,0,4.212,ECONNREFUSED
19860.0,heavy,3103,0,1.552,
19863.3,heavy,3101,1,5.830,
19866.7,heavy,3102,0,3.667,ECONNREFUSED
19870.0,heavy,3103,1,0.989,
19873.3,heavy,3101,0,3.809,
19876.7,heavy,3102,0,3.858,ECONNREFUSED
19880.0,heavy,3103,0,1.454,
19883.3,heavy,3101,1,6.785,
19886.7,heavy,3102,0,4.489,ECONNREFUSED
19890.0,heavy,3103,1,1.813,
19893.3,heavy,3101,0,6.376,
19896.7,heavy,3102,0,5.892,ECONNREFUSED
19900.0,heavy,3103,0,3.296,
19900.0,light-3,3103,1,3.301,
19900.0,light-1,3101,1,6.032,
19900.0,light-2,3102,0,6.510,ECONNREFUSED
19900.0,light-5,3102,0,6.402,ECONNREFUSED
19900.0,light-4,3101,1,7.207,
19903.3,heavy,3103,0,2.189,
19906.7,heavy,3101,1,1.703,
19910.0,heavy,3102,0,3.350,ECONNREFUSED
19913.3,heavy,3103,1,1.397,
19916.7,heavy,3101,0,4.949,
19920.0,heavy,3102,0,3.641,ECONNREFUSED
19923.3,heavy,3103,1,2.483,
19926.7,heavy,3101,0,4.551,
19930.0,heavy,3102,0,4.277,ECONNREFUSED
19933.3,heavy,3103,1,1.145,
19936.7,heavy,3101,0,3.829,
19940.0,heavy,3102,0,3.178,ECONNREFUSED
19943.3,heavy,3103,1,1.513,
19946.7,heavy,3101,0,3.473,
19950.0,heavy,3102,0,2.364,ECONNREFUSED
19953.3,heavy,3103,1,1.746,
19956.7,heavy,3101,0,4.052,
19960.0,heavy,3102,0,2.945,ECONNREFUSED
19963.3,heavy,3103,1,1.489,
19966.7,heavy,3101,0,4.751,
19970.0,heavy,3102,0,3.755,ECONNREFUSED
19973.3,heavy,3103,1,3.039,
19976.7,heavy,3101,0,2.817,
19980.0,heavy,3102,0,2.907,ECONNREFUSED
19983.3,heavy,3103,1,1.421,
19986.7,heavy,3101,0,6.012,
19990.0,heavy,3102,0,3.842,ECONNREFUSED
19993.3,heavy,3103,1,2.201,
19996.7,heavy,3101,0,5.036,
20000.0,heavy,3102,0,3.737,ECONNREFUSED
20000.0,light-4,3103,1,3.242,
20000.0,light-5,3101,1,3.315,
20000.0,light-3,3102,0,3.637,ECONNREFUSED
20000.0,light-2,3101,1,4.471,
20000.0,light-1,3103,1,4.689,
20003.3,heavy,3102,0,2.386,ECONNREFUSED
20006.7,heavy,3103,1,1.530,
20010.0,heavy,3101,1,3.617,
20013.3,heavy,3102,0,2.987,ECONNREFUSED
20016.7,heavy,3103,0,1.118,
20020.0,heavy,3101,0,3.885,
20023.3,heavy,3102,0,2.880,ECONNREFUSED
20026.7,heavy,3103,1,1.714,
20030.0,heavy,3101,0,2.314,
20033.3,heavy,3102,0,3.848,ECONNREFUSED
20036.7,heavy,3103,1,1.972,
20040.0,heavy,3101,1,4.534,
20043.3,heavy,3102,0,3.994,ECONNREFUSED
20046.7,heavy,3103,0,1.127,
20050.0,heavy,3101,0,3.799,
20053.3,heavy,3102,0,3.050,ECONNREFUSED
20056.7,heavy,3103,1,1.676,
20060.0,heavy,3101,0,3.131,
20063.3,heavy,3102,0,2.289,ECONNREFUSED
20066.7,heavy,3103,1,1.735,
20070.0,heavy,3101,1,4.031,
20073.3,heavy,3102,0,2.541,ECONNREFUSED
20076.7,heavy,3103,0,1.040,
20080.0,heavy,3101,0,3.202,
20083.3,heavy,3102,0,2.582,ECONNREFUSED
20086.7,heavy,3103,1,1.706,
20090.0,heavy,3101,0,1.628,
20093.3,heavy,3102,0,6.262,ECONNREFUSED
20096.7,heavy,3103,1,2.092,
20100.0,heavy,3101,1,6.056,
20100.0,light-1,3103,1,2.689,
20100.0,light-4,3103,1,3.408,
20100.0,light-2,3101,1,4.722,
20100.0,light-5,3101,1,4.721,
20100.0,light-3,3102,0,5.961,ECONNREFUSED
20103.3,heavy,3102,0,7.201,ECONNREFUSED
20106.7,heavy,3102,0,3.787,ECONNREFUSED
20110.0,heavy,3103,0,1.168,
20113.3,heavy,3101,1,3.760,
20116.7,heavy,3102,0,2.488,ECONNREFUSED
20120.0,heavy,3103,0,1.546,
20123.3,heavy,3101,1,2.262,
20126.7,heavy,3102,0,3.126,ECONNREFUSED
20130.0,heavy,3103,1,1.400,
20133.3,heavy,3101,0,3.658,
20136.7,heavy,3102,0,3.062,ECONNREFUSED
20140.0,heavy,3103,0,1.116,
20143.3,heavy,3101,1,4.026,
20146.7,heavy,3102,0,2.451,ECONNREFUSED
20150.0,heavy,3103,1,1.446,
20153.3,heavy,3101,0,2.986,
20156.7,heavy,3102,0,5.011,ECONNREFUSED
20160.0,heavy,3103,1,0.994,
20163.3,heavy,3101,0,3.817,
20166.7,heavy,3102,0,3.845,ECONNREFUSED
20170.0,heavy,3103,0,1.237,
20173.3,heavy,3101,1,4.071,
20176.7,heavy,3102,0,2.468,ECONNREFUSED
20180.0,heavy,3103,1,1.002,
20183.3,heavy,3101,0,3.662,
20186.7,heavy,3102,0,2.829,ECONNREFUSED
20190.0,heavy,3103,0,1.268,
20193.3,heavy,3101,1,3.634,
20196.7,heavy,3102,0,4.419,ECONNREFUSED
20200.0,heavy,3103,0,2.553,
20200.0,light-1,3101,1,2.545,
20200.0,light-3,3103,1,2.743,
20200.0,light-4,3101,1,2.787,
20200.0,light-2,3102,0,4.941,ECONNREFUSED
20200.0,light-5,3102,0,4.870,ECONNREFUSED
20203.3,heavy,3103,1,1.382,
20206.7,heavy,3101,1,3.566,
20210.0,heavy,3102,0,1.998,ECONNREFUSED
20213.3,heavy,3103,0,0.946,
20216.7,heavy,3101,0,3.087,
20220.0,heavy,3102,0,2.496,ECONNREFUSED
20223.3,heavy,3103,1,1.501,
20226.7,heavy,3101,0,1.782,
20230.0,heavy,3102,0,3.395,ECONNREFUSED
20233.3,heavy,3103,1,1.524,
20236.7,heavy,3101,1,3.815,
20240.0,heavy,3102,0,3.616,ECONNREFUSED
20243.3,heavy,3103,0,1.448,
20246.7,heavy,3101,0,2.631,
20250.0,heavy,3102,0,3.249,ECONNREFUSED
20253.3,heavy,3103,1,1.526,
20256.7,heavy,3101,0,3.352,
20260.0,heavy,3102,0,2.570,ECONNREFUSED
20263.3,heavy,3103,1,1.568,
20266.7,heavy,3101,0,3.436,
20270.0,heavy,3102,0,3.627,ECONNREFUSED
20273.3,heavy,3103,1,2.097,
20276.7,heavy,3101,0,2.603,
20280.0,heavy,3102,0,2.143,ECONNREFUSED
20283.3,heavy,3103,1,1.721,
20286.7,heavy,3101,0,3.172,
20290.0,heavy,3102,0,2.691,ECONNREFUSED
20293.3,heavy,3103,1,1.388,
20296.7,heavy,3101,0,3.199,
20300.0,heavy,3102,0,4.595,ECONNREFUSED
20300.0,light-2,3101,1,2.072,
20300.0,light-1,3103,1,2.256,
20300.0,light-5,3101,1,2.668,
20300.0,light-4,3103,1,2.829,
20300.0,light-3,3102,0,5.968,ECONNREFUSED
20303.3,heavy,3102,0,5.695,ECONNREFUSED
20306.7,heavy,3103,1,1.885,
20310.0,heavy,3101,1,3.338,
20313.3,heavy,3102,0,2.216,ECONNREFUSED
20316.7,heavy,3103,0,1.002,
20320.0,heavy,3101,0,3.739,
20323.3,heavy,3102,0,2.795,ECONNREFUSED
20326.7,heavy,3103,1,1.483,
20330.0,heavy,3101,0,2.988,
20333.3,heavy,3102,0,3.407,ECONNREFUSED
20336.7,heavy,3103,1,1.774,
20340.0,heavy,3101,1,4.073,
20343.3,heavy,3102,0,3.451,ECONNREFUSED
20346.7,heavy,3103,0,0.871,
20350.0,heavy,3101,0,3.893,
20353.3,heavy,3102,0,3.368,ECONNREFUSED
20356.7,heavy,3103,1,1.610,
20360.0,heavy,3101,1,3.296,
20363.3,heavy,3102,0,2.488,ECONNREFUSED
20366.7,heavy,3103,1,2.023,
20370.0,heavy,3101,0,3.435,
20373.3,heavy,3102,0,2.596,ECONNREFUSED
20376.7,heavy,3103,0,0.840,
20380.0,heavy,3101,0,3.311,
20383.3,heavy,3102,0,2.532,ECONNREFUSED
20386.7,heavy,3103,1,1.390,
20390.0,heavy,3101,0,2.868,
20393.3,heavy,3102,0,6.649,ECONNREFUSED
20396.7,heavy,3103,1,2.880,
20400.0,heavy,3101,1,7.103,
20400.0,light-1,3103,1,3.375,
20400.0,light-4,3103,1,3.772,
20400.0,light-2,3101,1,4.460,
20400.0,light-5,3101,1,5.486,
20400.0,light-3,3102,0,8.099,ECONNREFUSED
20403.3,heavy,3102,0,6.325,ECONNREFUSED
20406.7,heavy,3102,0,7.748,ECONNREFUSED
20410.0,heavy,3103,0,2.814,
20413.3,heavy,3101,1,4.130,
20416.7,heavy,3102,0,3.131,ECONNREFUSED
20420.0,heavy,3103,0,1.170,
20423.3,heavy,3101,1,4.795,
20426.7,heavy,3102,0,4.048,ECONNREFUSED
20430.0,heavy,3103,1,2.022,
20433.3,heavy,3101,0,4.397,
20436.7,heavy,3102,0,3.511,ECONNREFUSED
20440.0,heavy,3103,0,1.573,
20443.3,heavy,3101,1,3.860,
20446.7,heavy,3102,0,2.917,ECONNREFUSED
20450.0,heavy,3103,1,1.731,
20453.3,heavy,3101,0,2.417,
20456.7,heavy,3102,0,1.810,ECONNREFUSED
20460.0,heavy,3103,1,1.858,
20463.3,heavy,3101,0,3.579,
20466.7,heavy,3102,0,3.003,ECONNREFUSED
20470.0,heavy,3103,0,1.426,
20473.3,heavy,3101,1,4.335,
20476.7,heavy,3102,0,3.023,ECONNREFUSED
20480.0,heavy,3103,1,1.472,
20483.3,heavy,3101,0,4.023,
20486.7,heavy,3102,0,2.924,ECONNREFUSED
20490.0,heavy,3103,1,3.044,
20493.3,heavy,3101,1,6.846,
20496.7,heavy,3102,0,8.133,ECONNREFUSED
20500.0,heavy,3103,0,3.476,
20500.0,light-3,3103,1,3.707,
20500.0,light-1,3101,1,5.215,
20500.0,light-2,3102,0,5.426,ECONNREFUSED
20500.0,light-4,3101,1,5.307,
20500.0,light-5,3102,0,5.880,ECONNREFUSED
20503.3,heavy,3103,0,2.662,
20506.7,heavy,3101,0,2.661,
20510.0,heavy,3102,0,1.944,ECONNREFUSED
20513.3,heavy,3103,1,1.052,
20516.7,heavy,3101,0,2.928,
20520.0,heavy,3102,0,2.067,ECONNREFUSED
20523.3,heavy,3103,1,1.192,
20526.7,heavy,3101,1,4.151,
20530.0,heavy,3102,0,2.293,ECONNREFUSED
20533.3,heavy,3103,0,1.257,
20536.7,heavy,3101,0,3.951,
20540.0,heavy,3102,0,3.216,ECONNREFUSED
20543.3,heavy,3103,1,1.815,
20546.7,heavy,3101,0,2.381,
20550.0,heavy,3102,0,2.900,ECONNREFUSED
20553.3,heavy,3103,1,1.483,
20556.7,heavy,3101,1,3.773,
20560.0,heavy,3102,0,2.706,ECONNREFUSED
20563.3,heavy,3103,0,1.517,
20566.7,heavy,3101,0,3.544,
20570.0,heavy,3102,0,3.099,ECONNREFUSED
20573.3,heavy,3103,1,1.520,
20576.7,heavy,3101,0,3.254,
20580.0,heavy,3102,0,2.434,ECONNREFUSED
20583.3,heavy,3103,1,2.296,
20586.7,heavy,3101,0,3.620,
20590.0,heavy,3102,0,3.304,ECONNREFUSED
20593.3,heavy,3103,1,1.915,
20596.7,heavy,3101,0,2.973,
20600.0,heavy,3102,0,8.198,ECONNREFUSED
20600.0,light-3,3103,1,3.609,
20600.0,light-1,3101,1,4.702,
20600.0,light-4,3101,1,4.759,
20600.0,light-2,3102,0,6.501,ECONNREFUSED
20600.0,light-5,3102,0,7.114,ECONNREFUSED
20603.3,heavy,3103,1,2.424,
20606.7,heavy,3101,0,5.562,
20610.0,heavy,3102,0,5.376,ECONNREFUSED
20613.3,heavy,3103,1,2.335,
20616.7,heavy,3103,0,3.132,
20620.0,heavy,3101,1,3.485,
20623.3,heavy,3102,0,3.001,ECONNREFUSED
20626.7,heavy,3103,0,1.349,
20630.0,heavy,3101,1,3.602,
20633.3,heavy,3102,0,2.403,ECONNREFUSED
20636.7,heavy,3103,0,1.285,
20640.0,heavy,3101,1,3.651,
20643.3,heavy,3102,0,2.898,ECONNREFUSED
20646.7,heavy,3103,0,1.168,
20650.0,heavy,3101,1,4.847,
20653.3,heavy,3102,0,5.646,ECONNREFUSED
20656.7,heavy,3103,1,0.985,
20660.0,heavy,3101,0,4.487,
20663.3,heavy,3102,0,4.987,ECONNREFUSED
20666.7,heavy,3103,0,1.215,
20670.0,heavy,3101,1,4.118,
20673.3,heavy,3102,0,3.039,ECONNREFUSED
20676.7,heavy,3103,0,1.182,
20680.0,heavy,3101,0,2.304,
20683.3,heavy,3102,0,3.580,ECONNREFUSED
20686.7,heavy,3103,1,1.789,
20690.0,heavy,3101,1,4.035,
20693.3,heavy,3102,0,3.286,ECONNREFUSED
20696.7,heavy,3103,1,2.670,
20700.0,heavy,3101,0,6.230,
20700.0,light-3,3103,1,4.417,
20700.0,light-1,3101,1,4.737,
20700.0,light-4,3101,1,4.599,
20700.0,light-2,3102,0,5.067,ECONNREFUSED
20700.0,light-5,3102,0,6.990,ECONNREFUSED
20703.3,heavy,3102,0,8.187,ECONNREFUSED
20706.7,heavy,3103,0,3.869,
20710.0,heavy,3103,0,3.455,
20713.3,heavy,3101,1,3.421,
20716.7,heavy,3102,0,2.781,ECONNREFUSED
20720.0,heavy,3103,1,1.352,
20723.3,heavy,3101,0,3.084,
20726.7,heavy,3102,0,2.168,ECONNREFUSED
20730.0,heavy,3103,0,1.140,
20733.3,heavy,3101,1,3.515,
20736.7,heavy,3102,0,2.663,ECONNREFUSED
20740.0,heavy,3103,0,1.137,
20743.3,heavy,3101,1,3.538,
20746.7,heavy,3102,0,2.556,ECONNREFUSED
20750.0,heavy,3103,1,1.472,
20753.3,heavy,3101,0,2.777,
20756.7,heavy,3102,0,1.982,ECONNREFUSED
20760.0,heavy,3103,1,2.296,
20763.3,heavy,3101,0,3.813,
20766.7,heavy,3102,0,3.124,ECONNREFUSED
20770.0,heavy,3103,0,1.420,
20773.3,heavy,3101,1,4.203,
20776.7,heavy,3102,0,2.994,ECONNREFUSED
20780.0,heavy,3103,1,1.448,
20783.3,heavy,3101,0,3.836,
20786.7,heavy,3102,0,2.755,ECONNREFUSED
20790.0,heavy,3103,1,2.950,
20793.3,heavy,3101,0,4.802,
20796.7,heavy,3102,0,5.120,ECONNREFUSED
20800.0,heavy,3103,1,3.172,
20800.0,light-3,3103,1,2.986,
20800.0,light-1,3101,1,3.649,
20800.0,light-4,3101,1,3.482,
20800.0,light-2,3102,0,5.450,ECONNREFUSED
20800.0,light-5,3102,0,5.355,ECONNREFUSED
20803.3,heavy,3103,0,2.524,
20806.7,heavy,3101,0,2.645,
20810.0,heavy,3102,0,3.156,ECONNREFUSED
20813.3,heavy,3103,1,1.037,
20816.7,heavy,3101,0,2.923,
20820.0,heavy,3102,0,2.743,ECONNREFUSED
20823.3,heavy,3103,1,1.356,
20826.7,heavy,3101,0,3.363,
20830.0,heavy,3102,0,3.735,ECONNREFUSED
20833.3,heavy,3103,1,1.532,
20836.7,heavy,3101,0,4.526,
20840.0,heavy,3102,0,3.390,ECONNREFUSED
20843.3,heavy,3103,1,1.873,
20846.7,heavy,3101,0,4.154,
20850.0,heavy,3102,0,2.834,ECONNREFUSED
20853.3,heavy,3103,1,1.671,
20856.7,heavy,3101,0,5.040,
20860.0,heavy,3102,0,5.381,ECONNREFUSED
20863.3,heavy,3103,1,1.810,
20866.7,heavy,3101,0,4.287,
20870.0,heavy,3102,0,3.132,ECONNREFUSED
20873.3,heavy,3103,1,1.503,
20876.7,heavy,3101,1,4.439,
20880.0,heavy,3102,0,3.079,ECONNREFUSED
20883.3,heavy,3103,0,1.675,
20886.7,heavy,3101,0,3.200,
20890.0,heavy,3102,0,2.321,ECONNREFUSED
20893.3,heavy,3103,1,2.649,
20896.7,heavy,3101,1,5.653,
20900.0,heavy,3102,0,5.348,ECONNREFUSED
20900.0,light-1,3103,1,2.297,
20900.0,light-4,3103,1,2.843,
20900.0,light-2,3101,1,3.824,
20900.0,light-5,3101,1,4.087,
20900.0,light-3,3102,0,5.552,ECONNREFUSED
20903.3,heavy,3102,0,5.560,ECONNREFUSED
20906.7,heavy,3103,0,2.279,
20910.0,heavy,3101,1,4.172,
20913.3,heavy,3102,0,1.956,ECONNREFUSED
20916.7,heavy,3103,0,0.938,
20920.0,heavy,3101,1,5.299,
20923.3,heavy,3102,0,5.515,ECONNREFUSED
20926.7,heavy,3103,1,1.336,
20930.0,heavy,3101,0,4.960,
20933.3,heavy,3102,0,3.107,ECONNREFUSED
20936.7,heavy,3103,0,1.968,
20940.0,heavy,3101,0,4.472,
20943.3,heavy,3102,0,3.067,ECONNREFUSED
20946.7,heavy,3103,1,2.001,
20950.0,heavy,3101,0,3.161,
20953.3,heavy,3102,0,2.307,ECONNREFUSED
20956.7,heavy,3103,1,1.324,
20960.0,heavy,3101,1,3.954,
20963.3,heavy,3102,0,2.398,ECONNREFUSED
20966.7,heavy,3103,0,1.081,
20970.0,heavy,3101,0,3.277,
20973.3,heavy,3102,1,19.005,
20976.7,heavy,3103,1,1.933,
20980.0,heavy,3101,0,3.300,
20983.3,heavy,3102,1,16.901,
20986.7,heavy,3103,1,2.139,
20990.0,heavy,3101,0,3.465,
20993.3,heavy,3102,1,6.244,
20996.7,heavy,3103,1,1.554,
21000.0,heavy,3101,1,5.332,
21000.0,light-2,3103,1,1.295,
21000.0,light-5,3103,1,4.467,
21000.0,light-3,3101,1,6.045,
21000.0,light-4,3102,1,51.446,
21000.0,light-1,3102,1,66.469,
21003.3,heavy,3101,0,2.388,
21006.7,heavy,3102,1,45.806,
21010.0,heavy,3103,0,1.226,
21013.3,heavy,3101,1,3.641,
21016.7,heavy,3102,1,32.634,
21020.0,heavy,3103,1,1.586,
21023.3,heavy,3101,0,3.246,
21026.7,heavy,3102,1,33.040,
21030.0,heavy,3103,0,0.766,
21033.3,heavy,3101,1,4.870,
21036.7,heavy,3102,1,19.233,
21040.0,heavy,3103,1,2.422,
21043.3,heavy,3101,0,3.184,
21046.7,heavy,3102,1,15.907,
21050.0,heavy,3103,1,1.048,
21053.3,heavy,3101,0,3.739,
21056.7,heavy,3102,1,13.964,
21060.0,heavy,3103,0,1.033,
21063.3,heavy,3101,1,5.012,
21066.7,heavy,3102,1,5.014,
21070.0,heavy,3103,0,0.808,
21073.3,heavy,3101,0,3.863,
21076.7,heavy,3102,1,1.894,
21080.0,heavy,3103,1,1.303,
21083.3,heavy,3101,0,3.628,
21086.7,heavy,3102,1,2.258,
21090.0,heavy,3103,1,1.169,
21093.3,heavy,3101,1,4.955,
21096.7,heavy,3102,1,1.720,
21100.0,heavy,3103,1,1.466,
21100.0,light-2,3103,1,1.654,
21100.0,light-5,3103,1,1.839,
21100.0,light-3,3101,1,2.848,
21100.0,light-4,3102,1,5.911,
21100.0,light-1,3102,1,32.192,
21103.3,heavy,3101,0,5.295,
21106.7,heavy,3101,0,3.578,
21110.0,heavy,3102,1,1.922,
21113.3,heavy,3103,1,1.552,
21116.7,heavy,3101,0,3.315,
21120.0,heavy,3102,1,18.411,
21123.3,heavy,3103,1,1.396,
21126.7,heavy,3101,0,3.356,
21130.0,heavy,3102,1,4.864,
21133.3,heavy,3103,1,1.107,
21136.7,heavy,3101,0,2.652,
21140.0,heavy,3102,1,1.246,
21143.3,heavy,3103,1,1.479,
21146.7,heavy,3101,0,2.951,
21150.0,heavy,3102,1,1.374,
21153.3,heavy,3103,1,1.453,
21156.7,heavy,3101,0,3.090,
21160.0,heavy,3102,1,1.627,
21163.3,heavy,3103,1,1.443,
21166.7,heavy,3101,0,3.018,
21170.0,heavy,3102,1,1.600,
21173.3,heavy,3103,1,1.144,
21176.7,heavy,3101,0,3.087,
21180.0,heavy,3102,1,1.376,
21183.3,heavy,3103,1,1.571,
21186.7,heavy,3101,0,2.939,
21190.0,heavy,3102,1,1.848,
21193.3,heavy,3103,1,1.657,
21196.7,heavy,3101,0,1.789,
21200.0,heavy,3102,1,1.917,
21200.0,light-4,3103,1,2.824,
21200.0,light-5,3101,1,3.585,
21200.0,light-1,3103,1,5.193,
21200.0,light-2,3101,1,7.032,
21200.0,light-3,3102,1,11.049,
21203.3,heavy,3103,1,1.455,
21206.7,heavy,3101,1,5.887,
21210.0,heavy,3102,1,2.254,
21213.3,heavy,3102,1,2.607,
21216.7,heavy,3103,0,1.078,
21220.0,heavy,3101,1,4.745,
21223.3,heavy,3102,1,1.630,
21226.7,heavy,3103,0,1.039,
21230.0,heavy,3101,1,4.080,
21233.3,heavy,3102,1,1.531,
21236.7,heavy,3103,1,1.272,
21240.0,heavy,3101,0,4.184,
21243.3,heavy,3102,1,1.447,
21246.7,heavy,3103,0,1.296,
21250.0,heavy,3101,0,3.085,
21253.3,heavy,3102,1,1.403,
21256.7,heavy,3103,1,1.165,
21260.0,heavy,3101,1,4.279,
21263.3,heavy,3102,1,1.646,
21266.7,heavy,3103,1,1.253,
21270.0,heavy,3101,0,2.600,
21273.3,heavy,3102,1,1.456,
21276.7,heavy,3103,0,1.143,
21280.0,heavy,3101,0,3.524,
21283.3,heavy,3102,1,1.431,
21286.7,heavy,3103,1,1.120,
21290.0,heavy,3101,1,3.218,
21293.3,heavy,3102,1,1.367,
21296.7,heavy,3103,1,1.583,
21300.0,heavy,3101,0,3.776,
21300.0,light-1,3103,1,1.508,
21300.0,light-4,3103,1,1.597,
21300.0,light-3,3102,1,2.374,
21300.0,light-2,3101,1,2.565,
21300.0,light-5,3101,1,2.564,
21303.3,heavy,3102,1,1.675,
21306.7,heavy,3102,1,1.251,
21310.0,heavy,3103,1,1.499,
21313.3,heavy,3101,0,3.624,
21316.7,heavy,3102,1,1.731,
21320.0,heavy,3103,0,0.839,
21323.3,heavy,3101,1,3.393,
21326.7,heavy,3102,1,1.468,
21330.0,heavy,3103,1,1.221,
21333.3,heavy,3101,0,3.437,
21336.7,heavy,3102,1,1.111,
21340.0,heavy,3103,1,1.242,
21343.3,heavy,3101,0,3.056,
21346.7,heavy,3102,1,2.094,
21350.0,heavy,3103,0,0.952,
21353.3,heavy,3101,1,4.363,
21356.7,heavy,3102,1,1.418,
21360.0,heavy,3103,1,1.157,
21363.3,heavy,3101,0,4.594,
21366.7,heavy,3102,1,1.718,
21370.0,heavy,3103,0,0.998,
21373.3,heavy,3101,1,4.798,
21376.7,heavy,3102,1,1.863,
21380.0,heavy,3103,1,1.487,
21383.3,heavy,3101,0,3.693,
21386.7,heavy,3102,1,1.228,
21390.0,heavy,3103,0,0.885,
21393.3,heavy,3101,1,3.909,
21396.7,heavy,3102,1,1.525,
21400.0,heavy,3103,0,1.205,
21400.0,light-1,3101,1,1.309,
21400.0,light-3,3103,1,1.379,
21400.0,light-4,3101,1,3.423,
21400.0,light-2,3102,1,8.801,
21400.0,light-5,3102,1,11.265,
21403.3,heavy,3103,1,0.932,
21406.7,heavy,3101,0,3.199,
21410.0,heavy,3102,1,3.232,
21413.3,heavy,3103,1,1.409,
21416.7,heavy,3101,0,3.974,
21420.0,heavy,3102,1,1.532,
21423.3,heavy,3103,1,1.308,
21426.7,heavy,3101,0,3.776,
21430.0,heavy,3102,1,1.889,
21433.3,heavy,3103,1,1.257,
21436.7,heavy,3101,1,3.306,
21440.0,heavy,3102,1,1.231,
21443.3,heavy,3103,1,0.808,
21446.7,heavy,3101,1,1.640,
21450.0,heavy,3102,1,1.630,
21453.3,heavy,3103,1,1.711,
21456.7,heavy,3101,1,1.796,
21460.0,heavy,3102,1,2.107,
21463.3,heavy,3103,1,7.153,
21466.7,heavy,3101,1,1.241,
21470.0,heavy,3102,1,5.561,
21473.3,heavy,3103,1,6.280,
21476.7,heavy,3101,1,1.088,
21480.0,heavy,3102,1,2.400,
21483.3,heavy,3103,1,1.404,
21486.7,heavy,3101,1,1.338,
21490.0,heavy,3102,1,1.463,
21493.3,heavy,3103,1,2.392,
21496.7,heavy,3101,1,2.247,
21500.0,heavy,3102,1,2.420,
21500.0,light-1,3101,1,2.223,
21500.0,light-3,3103,1,2.364,
21500.0,light-4,3101,1,2.756,
21500.0,light-2,3102,1,2.943,
21500.0,light-5,3102,1,2.940,
21503.3,heavy,3103,1,2.161,
21506.7,heavy,3103,1,0.753,
21510.0,heavy,3101,1,2.195,
21513.3,heavy,3102,1,1.461,
21516.7,heavy,3103,1,1.257,
21520.0,heavy,3101,1,2.211,
21523.3,heavy,3102,1,2.539,
21526.7,heavy,3103,1,1.810,
21530.0,heavy,3101,1,1.182,
21533.3,heavy,3102,1,2.668,
21536.7,heavy,3103,1,0.755,
21540.0,heavy,3101,1,1.539,
21543.3,heavy,3102,1,1.630,
21546.7,heavy,3103,1,1.428,
21550.0,heavy,3101,1,1.650,
21553.3,heavy,3102,1,2.103,
21556.7,heavy,3103,1,1.693,
21560.0,heavy,3101,1,1.425,
21563.3,heavy,3102,1,2.222,
21566.7,heavy,3103,1,1.481,
21570.0,heavy,3101,1,1.422,
21573.3,heavy,3102,1,1.572,
21576.7,heavy,3103,1,1.357,
21580.0,heavy,3101,1,1.553,
21583.3,heavy,3102,1,2.005,
21586.7,heavy,3103,1,1.545,
21590.0,heavy,3101,1,1.165,
21593.3,heavy,3102,1,2.049,
21596.7,heavy,3103,1,1.394,
21600.0,heavy,3101,1,1.843,
21600.0,light-2,3103,1,2.170,
21600.0,light-5,3103,1,2.201,
21600.0,light-1,3102,1,2.583,
21600.0,light-3,3101,1,2.962,
21600.0,light-4,3102,1,3.246,
21603.3,heavy,3102,1,1.760,
21606.7,heavy,3103,1,1.824,
21610.0,heavy,3101,1,2.512,
21613.3,heavy,3101,1,1.733,
21616.7,heavy,3102,1,1.902,
21620.0,heavy,3103,1,1.298,
21623.3,heavy,3101,1,1.459,
21626.7,heavy,3102,1,1.751,
21630.0,heavy,3103,1,2.200,
21633.3,heavy,3101,1,1.321,
21636.7,heavy,3102,1,1.763,
21640.0,heavy,3103,1,2.244,
21643.3,heavy,3101,1,0.840,
21646.7,heavy,3102,1,2.196,
21650.0,heavy,3103,1,1.274,
21653.3,heavy,3101,1,1.735,
21656.7,heavy,3102,1,1.957,
21660.0,heavy,3103,1,0.879,
21663.3,heavy,3101,1,1.970,
21666.7,heavy,3102,1,1.899,
21670.0,heavy,3103,1,1.948,
21673.3,heavy,3101,1,2.032,
21676.7,heavy,3102,1,2.099,
21680.0,heavy,3103,1,1.241,
21683.3,heavy,3101,1,1.659,
21686.7,heavy,3102,1,1.858,
21690.0,heavy,3103,1,0.841,
21693.3,heavy,3101,1,2.658,
21696.7,heavy,3102,1,2.599,
21700.0,heavy,3103,1,2.646,
21700.0,light-2,3103,1,2.972,
21700.0,light-1,3102,1,3.292,
21700.0,light-4,3102,1,3.390,
21700.0,light-3,3101,1,3.520,
21700.0,light-5,3103,1,3.556,
21703.3,heavy,3101,1,3.465,
21706.7,heavy,3101,1,1.247,
21710.0,heavy,3102,1,2.045,
21713.3,heavy,3103,1,1.899,
21716.7,heavy,3101,1,1.176,
21720.0,heavy,3102,1,1.917,
21723.3,heavy,3103,1,2.171,
21726.7,heavy,3101,1,0.898,
21730.0,heavy,3102,1,2.113,
21733.3,heavy,3103,1,2.187,
21736.7,heavy,3101,1,1.469,
21740.0,heavy,3102,1,1.933,
21743.3,heavy,3103,1,2.030,
21746.7,heavy,3101,1,2.177,
21750.0,heavy,3102,1,1.709,
21753.3,heavy,3103,1,1.521,
21756.7,heavy,3101,1,3.306,
21760.0,heavy,3102,1,1.758,
21763.3,heavy,3103,1,1.388,
21766.7,heavy,3101,1,1.224,
21770.0,heavy,3102,1,1.292,
21773.3,heavy,3103,1,1.538,
21776.7,heavy,3101,1,1.422,
21780.0,heavy,3102,1,1.506,
21783.3,heavy,3103,1,1.580,
21786.7,heavy,3101,1,1.680,
21790.0,heavy,3102,1,5.502,
21793.3,heavy,3103,1,4.733,
21796.7,heavy,3101,1,5.366,
21800.0,heavy,3102,1,5.606,
21800.0,light-1,3103,1,4.877,
21800.0,light-2,3101,1,5.361,
21800.0,light-5,3101,1,6.617,
21800.0,light-3,3102,1,6.884,
21800.0,light-4,3103,1,6.963,
21803.3,heavy,3102,1,1.734,
21806.7,heavy,3103,1,1.505,
21810.0,heavy,3101,1,1.955,
21813.3,heavy,3102,1,2.433,
21816.7,heavy,3103,1,2.053,
21820.0,heavy,3101,1,1.032,
21823.3,heavy,3102,1,2.700,
21826.7,heavy,3103,1,2.319,
21830.0,heavy,3101,1,2.518,
21833.3,heavy,3102,1,2.565,
21836.7,heavy,3103,1,2.644,
21840.0,heavy,3101,1,1.671,
21843.3,heavy,3102,1,2.161,
21846.7,heavy,3103,1,2.409,
21850.0,heavy,3101,1,0.955,
21853.3,heavy,3102,1,2.320,
21856.7,heavy,3103,1,1.393,
21860.0,heavy,3101,1,1.591,
21863.3,heavy,3102,1,2.289,
21866.7,heavy,3103,1,0.996,
21870.0,heavy,3101,1,1.532,
21873.3,heavy,3102,1,1.551,
21876.7,heavy,3103,1,1.813,
21880.0,heavy,3101,1,1.614,
21883.3,heavy,3102,1,2.614,
21886.7,heavy,3103,1,2.847,
21890.0,heavy,3101,1,2.120,
21893.3,heavy,3102,1,2.943,
21896.7,heavy,3103,1,0.793,
21900.0,heavy,3101,1,2.530,
21900.0,light-2,3103,1,1.307,
21900.0,light-1,3102,1,1.897,
21900.0,light-5,3103,1,1.830,
21900.0,light-4,3102,1,2.189,
21900.0,light-3,3101,1,2.371,
21903.3,heavy,3101,1,1.492,
21906.7,heavy,3102,1,2.032,
21910.0,heavy,3103,0,4.534,
21913.3,heavy,3101,1,2.779,
21916.7,heavy,3102,0,2.333,
21920.0,heavy,3103,0,4.118,
21923.3,heavy,3101,1,3.029,
21926.7,heavy,3102,0,1.459,
21930.0,heavy,3103,1,5.960,
21933.3,heavy,3101,1,2.825,
21936.7,heavy,3102,0,2.329,
21940.0,heavy,3103,1,5.028,
21943.3,heavy,3101,0,3.759,
21946.7,heavy,3102,0,1.258,
21950.0,heavy,3103,0,4.036,
21953.3,heavy,3101,1,4.976,
21956.7,heavy,3102,0,1.473,
21960.0,heavy,3103,0,4.029,
21963.3,heavy,3101,1,5.156,
21966.7,heavy,3102,0,2.990,
21970.0,heavy,3103,1,4.784,
21973.3,heavy,3101,0,3.560,
21976.7,heavy,3102,0,1.508,
21980.0,heavy,3103,0,3.178,
21983.3,heavy,3101,1,9.047,
21986.7,heavy,3102,0,1.570,
21990.0,heavy,3103,0,3.308,
21993.3,heavy,3101,1,2.650,
21996.7,heavy,3102,1,2.007,
22000.0,heavy,3103,0,5.560,
22000.0,light-1,3101,1,2.716,
22000.0,light-2,3102,1,2.959,
22000.0,light-4,3101,1,3.016,
22000.0,light-3,3103,1,3.174,
22000.0,light-5,3102,1,3.473,
22003.3,heavy,3101,0,6.547,
22006.7,heavy,3102,1,2.421,
22010.0,heavy,3103,0,6.165,
22013.3,heavy,3103,0,5.211,
22016.7,heavy,3101,0,8.222,
22020.0,heavy,3102,1,4.330,
22023.3,heavy,3103,0,3.547,
22026.7,heavy,3101,0,4.074,
22030.0,heavy,3102,1,1.431,
22033.3,heavy,3103,0,4.013,
22036.7,heavy,3101,0,3.499,
22040.0,heavy,3102,0,1.495,
22043.3,heavy,3103,0,4.335,
22046.7,heavy,3101,1,3.769,
22050.0,heavy,3102,1,1.693,
22053.3,heavy,3103,0,4.715,
22056.7,heavy,3101,0,4.505,
22060.0,heavy,3102,0,1.102,
22063.3,heavy,3103,1,5.746,
22066.7,heavy,3101,0,5.719,
22070.0,heavy,3102,1,2.705,
22073.3,heavy,3103,0,3.377,
22076.7,heavy,3101,0,3.480,
22080.0,heavy,3102,0,1.325,
22083.3,heavy,3103,1,4.748,
22086.7,heavy,3101,0,3.946,
22090.0,heavy,3102,0,1.207,
22093.3,heavy,3103,1,4.217,
22096.7,heavy,3101,0,3.588,
22100.0,heavy,3102,0,1.809,
22100.0,light-1,3103,1,1.349,
22100.0,light-2,3101,1,1.765,
22100.0,light-4,3103,1,1.736,
22100.0,light-5,3101,1,1.789,
22100.0,light-3,3102,1,1.943,
22103.3,heavy,3102,1,1.894,
22106.7,heavy,3103,0,3.265,
22110.0,heavy,3101,0,3.785,
22113.3,heavy,3102,1,1.846,
22116.7,heavy,3103,0,3.561,
22120.0,heavy,3101,0,3.746,
22123.3,heavy,3102,1,1.097,
22126.7,heavy,3103,0,3.555,
22130.0,heavy,3101,0,3.893,
22133.3,heavy,3102,1,1.989,
22136.7,heavy,3103,0,4.343,
22140.0,heavy,3101,1,4.086,
22143.3,heavy,3102,0,1.246,
22146.7,heavy,3103,0,3.540,
22150.0,heavy,3101,0,3.717,
22153.3,heavy,3102,1,1.363,
22156.7,heavy,3103,0,5.626,
22160.0,heavy,3101,0,6.304,
22163.3,heavy,3102,1,2.617,
22166.7,heavy,3103,0,2.862,
22170.0,heavy,3101,1,5.404,
22173.3,heavy,3102,0,1.505,
22176.7,heavy,3103,0,3.227,
22180.0,heavy,3101,0,4.276,
22183.3,heavy,3102,1,1.732,
22186.7,heavy,3103,0,4.541,
22190.0,heavy,3101,1,4.639,
22193.3,heavy,3102,0,1.605,
22196.7,heavy,3103,0,6.348,
22200.0,heavy,3101,0,5.657,
22200.0,light-1,3103,1,1.585,
22200.0,light-4,3103,1,1.898,
22200.0,light-3,3102,1,2.198,
22200.0,light-2,3101,1,3.455,
22200.0,light-5,3101,1,4.155,
22203.3,heavy,3102,1,1.891,
22206.7,heavy,3102,0,1.647,
22210.0,heavy,3103,1,4.385,
22213.3,heavy,3101,0,3.448,
22216.7,heavy,3102,0,1.498,
22220.0,heavy,3103,0,3.309,
22223.3,heavy,3101,1,4.048,
22226.7,heavy,3102,0,1.629,
22230.0,heavy,3103,0,3.960,
22233.3,heavy,3101,1,4.426,
22236.7,heavy,3102,1,1.453,
22240.0,heavy,3103,0,4.169,
22243.3,heavy,3101,0,2.975,
22246.7,heavy,3102,0,1.529,
22250.0,heavy,3103,0,5.252,
22253.3,heavy,3101,0,4.386,
22256.7,heavy,3102,1,2.537,
22260.0,heavy,3103,0,2.442,
22263.3,heavy,3101,1,4.774,
22266.7,heavy,3102,0,1.359,
22270.0,heavy,3103,1,4.597,
22273.3,heavy,3101,0,3.827,
22276.7,heavy,3102,0,1.108,
22280.0,heavy,3103,0,3.455,
22283.3,heavy,3101,0,3.769,
22286.7,heavy,3102,1,1.276,
22290.0,heavy,3103,0,3.025,
22293.3,heavy,3101,1,8.139,
22296.7,heavy,3102,1,1.815,
22300.0,heavy,3103,0,8.318,
22300.0,light-2,3103,1,2.550,
22300.0,light-3,3101,1,5.060,
22300.0,light-5,3103,1,5.164,
22300.0,light-4,3102,1,5.377,
22300.0,light-1,3102,1,8.639,
22303.3,heavy,3101,0,8.398,
22306.7,heavy,3101,0,5.818,
22310.0,heavy,3102,0,2.255,
22313.3,heavy,3103,0,3.384,
22316.7,heavy,3101,1,1.777,
22320.0,heavy,3102,0,1.213,
22323.3,heavy,3103,0,4.438,
22326.7,heavy,3101,1,4.945,
22330.0,heavy,3102,1,1.860,
22333.3,heavy,3103,0,4.662,
22336.7,heavy,3101,0,3.058,
22340.0,heavy,3102,0,1.403,
22343.3,heavy,3103,1,5.702,
22346.7,heavy,3101,0,4.762,
22350.0,heavy,3102,1,1.733,
22353.3,heavy,3103,0,3.704,
22356.7,heavy,3101,0,3.853,
22360.0,heavy,3102,0,1.313,
22363.3,heavy,3103,0,5.514,
22366.7,heavy,3101,1,5.540,
22370.0,heavy,3102,1,1.808,
22373.3,heavy,3103,0,4.169,
22376.7,heavy,3101,0,4.113,
22380.0,heavy,3102,0,1.518,
22383.3,heavy,3103,1,4.941,
22386.7,heavy,3101,0,3.731,
22390.0,heavy,3102,1,1.744,
22393.3,heavy,3103,0,4.872,
22396.7,heavy,3101,0,4.699,
22400.0,heavy,3102,0,1.394,
22400.0,light-5,3101,1,2.698,
22400.0,light-4,3103,1,3.280,
22400.0,light-1,3103,1,4.622,
22400.0,light-2,3101,1,4.694,
22400.0,light-3,3102,1,7.754,
22403.3,heavy,3102,1,1.466,
22406.7,heavy,3103,0,3.280,
22410.0,heavy,3101,0,3.720,
22413.3,heavy,3102,1,1.751,
22416.7,heavy,3103,0,4.044,
22420.0,heavy,3101,0,3.315,
22423.3,heavy,3102,1,1.991,
22426.7,heavy,3103,0,3.991,
22430.0,heavy,3101,0,2.400,
22433.3,heavy,3102,1,1.122,
22436.7,heavy,3103,0,3.586,
22440.0,heavy,3101,0,4.306,
22443.3,heavy,3102,1,1.852,
22446.7,heavy,3103,0,4.549,
22450.0,heavy,3101,1,4.103,
22453.3,heavy,3102,0,1.357,
22456.7,heavy,3103,0,3.213,
22460.0,heavy,3101,0,3.121,
22463.3,heavy,3102,1,1.303,
22466.7,heavy,3103,0,4.362,
22470.0,heavy,3101,0,3.949,
22473.3,heavy,3102,1,1.562,
22476.7,heavy,3103,0,2.528,
22480.0,heavy,3101,0,3.679,
22483.3,heavy,3102,1,2.082,
22486.7,heavy,3103,0,3.966,
22490.0,heavy,3101,0,3.805,
22493.3,heavy,3102,1,1.350,
22496.7,heavy,3103,0,4.269,
22500.0,heavy,3101,0,4.569,
22500.0,light-3,3102,1,2.133,
22500.0,light-1,3103,1,2.732,
22500.0,light-2,3101,1,3.029,
22500.0,light-4,3103,1,3.073,
22500.0,light-5,3101,1,3.150,
22503.3,heavy,3102,1,1.600,
22506.7,heavy,3102,0,2.085,
22510.0,heavy,3103,0,3.077,
22513.3,heavy,3101,1,4.120,
22516.7,heavy,3102,0,1.304,
22520.0,heavy,3103,1,4.013,
22523.3,heavy,3101,0,2.989,
22526.7,heavy,3102,0,1.166,
22530.0,heavy,3103,1,5.237,
22533.3,heavy,3101,0,4.355,
22536.7,heavy,3102,0,1.978,
22540.0,heavy,3103,0,1.614,
22543.3,heavy,3101,1,4.518,
22546.7,heavy,3102,0,0.963,
22550.0,heavy,3103,1,3.623,
22553.3,heavy,3101,0,2.925,
22556.7,heavy,3102,0,1.090,
22560.0,heavy,3103,0,3.515,
22563.3,heavy,3101,0,3.721,
22566.7,heavy,3102,1,1.389,
22570.0,heavy,3103,0,3.467,
22573.3,heavy,3101,1,3.847,
22576.7,heavy,3102,0,1.312,
22580.0,heavy,3103,0,3.286,
22583.3,heavy,3101,1,4.228,
22586.7,heavy,3102,0,1.175,
22590.0,heavy,3103,0,3.581,
22593.3,heavy,3101,0,4.161,
22596.7,heavy,3102,1,1.219,
22600.0,heavy,3103,0,2.178,
22600.0,light-1,3101,1,1.199,
22600.0,light-3,3103,1,1.259,
22600.0,light-4,3101,1,5.175,
22600.0,light-2,3102,1,5.765,
22600.0,light-5,3102,1,6.945,
22603.3,heavy,3103,1,3.871,
22606.7,heavy,3101,0,3.604,
22610.0,heavy,3102,0,1.007,
22613.3,heavy,3103,1,4.556,
22616.7,heavy,3101,0,3.435,
22620.0,heavy,3102,0,1.172,
22623.3,heavy,3103,1,3.905,
22626.7,heavy,3101,0,2.912,
22630.0,heavy,3102,0,1.405,
22633.3,heavy,3103,1,4.853,
22636.7,heavy,3101,0,5.910,
22640.0,heavy,3102,1,1.589,
22643.3,heavy,3103,0,4.664,
22646.7,heavy,3101,0,4.784,
22650.0,heavy,3102,0,2.070,
22653.3,heavy,3103,0,4.499,
22656.7,heavy,3101,0,3.571,
22660.0,heavy,3102,1,1.897,
22663.3,heavy,3103,1,4.110,
22666.7,heavy,3101,0,3.541,
22670.0,heavy,3102,0,1.563,
22673.3,heavy,3103,1,3.864,
22676.7,heavy,3101,0,3.409,
22680.0,heavy,3102,0,1.187,
22683.3,heavy,3103,1,3.945,
22686.7,heavy,3101,0,3.237,
22690.0,heavy,3102,1,1.295,
22693.3,heavy,3103,0,2.134,
22696.7,heavy,3101,0,3.064,
22700.0,heavy,3102,0,2.229,
22700.0,light-1,3103,1,1.466,
22700.0,light-2,3101,1,1.753,
22700.0,light-5,3101,1,1.812,
22700.0,light-4,3103,1,2.075,
22700.0,light-3,3102,1,2.271,
22703.3,heavy,3102,1,1.723,
22706.7,heavy,3103,0,3.298,
22710.0,heavy,3101,0,3.243,
22713.3,heavy,3102,1,1.585,
22716.7,heavy,3103,0,3.011,
22720.0,heavy,3101,0,3.243,
22723.3,heavy,3102,1,1.164,
22726.7,heavy,3103,0,2.849,
22730.0,heavy,3101,0,3.415,
22733.3,heavy,3102,1,1.397,
22736.7,heavy,3103,0,3.467,
22740.0,heavy,3101,0,2.876,
22743.3,heavy,3102,1,1.621,
22746.7,heavy,3103,0,3.405,
22750.0,heavy,3101,0,3.520,
22753.3,heavy,3102,1,1.896,
22756.7,heavy,3103,0,4.121,
22760.0,heavy,3101,1,4.121,
22763.3,heavy,3102,0,1.148,
22766.7,heavy,3103,0,3.357,
22770.0,heavy,3101,0,3.357,
22773.3,heavy,3102,1,1.131,
22776.7,heavy,3103,0,3.972,
22780.0,heavy,3101,0,3.896,
22783.3,heavy,3102,1,1.503,
22786.7,heavy,3103,0,2.753,
22790.0,heavy,3101,0,3.596,
22793.3,heavy,3102,1,1.389,
22796.7,heavy,3103,1,5.190,
22800.0,heavy,3101,0,4.594,
22800.0,light-1,3102,1,3.259,
22800.0,light-2,3103,1,4.014,
22800.0,light-4,3102,1,4.099,
22800.0,light-5,3103,1,4.179,
22800.0,light-3,3101,1,4.336,
22803.3,heavy,3101,0,4.211,
22806.7,heavy,3102,0,1.377,
22810.0,heavy,3103,0,3.744,
22813.3,heavy,3101,1,4.356,
22816.7,heavy,3102,0,1.215,
22820.0,heavy,3103,0,3.335,
22823.3,heavy,3101,1,3.994,
22826.7,heavy,3102,0,1.486,
22830.0,heavy,3103,1,4.156,
22833.3,heavy,3101,0,3.315,
22836.7,heavy,3102,0,1.058,
22840.0,heavy,3103,0,3.412,
22843.3,heavy,3101,1,3.832,
22846.7,heavy,3102,0,1.382,
22850.0,heavy,3103,0,4.360,
22853.3,heavy,3101,1,4.631,
22856.7,heavy,3102,1,1.391,
22860.0,heavy,3103,0,4.351,
22863.3,heavy,3101,0,4.525,
22866.7,heavy,3102,0,1.092,
22870.0,heavy,3103,0,4.036,
22873.3,heavy,3101,0,4.607,
22876.7,heavy,3102,1,1.499,
22880.0,heavy,3103,0,3.112,
22883.3,heavy,3101,1,4.502,
22886.7,heavy,3102,0,1.358,
22890.0,heavy,3103,1,4.722,
22893.3,heavy,3101,0,3.833,
22896.7,heavy,3102,0,1.479,
22900.0,heavy,3103,0,3.325,
22900.0,light-1,3101,1,1.356,
22900.0,light-2,3102,1,1.475,
22900.0,light-4,3101,1,1.505,
22900.0,light-5,3102,1,1.566,
22900.0,light-3,3103,1,2.192,
22903.3,heavy,3103,1,3.649,
22906.7,heavy,3101,0,3.386,
22910.0,heavy,3102,0,1.218,
22913.3,heavy,3103,1,4.253,
22916.7,heavy,3101,0,3.809,
22920.0,heavy,3102,1,1.477,
22923.3,heavy,3103,0,4.459,
22926.7,heavy,3101,0,2.874,
22930.0,heavy,3102,0,0.895,
22933.3,heavy,3103,1,4.123,
22936.7,heavy,3101,0,3.631,
22940.0,heavy,3102,1,1.530,
22943.3,heavy,3103,0,2.269,
22946.7,heavy,3101,0,4.167,
22950.0,heavy,3102,1,1.320,
22953.3,heavy,3103,0,2.986,
22956.7,heavy,3101,0,3.996,
22960.0,heavy,3102,0,1.164,
22963.3,heavy,3103,1,4.676,
22966.7,heavy,3101,0,3.943,
22970.0,heavy,3102,1,1.495,
22973.3,heavy,3103,0,2.910,
22976.7,heavy,3101,0,3.375,
22980.0,heavy,3102,0,1.858,
22983.3,heavy,3103,1,3.974,
22986.7,heavy,3101,0,3.871,
22990.0,heavy,3102,0,1.065,
22993.3,heavy,3103,1,2.374,
22996.7,heavy,3101,0,5.267,
23000.0,heavy,3102,1,1.449,
23000.0,light-2,3102,1,1.899,
23000.0,light-3,3103,1,2.253,
23000.0,light-5,3102,1,2.484,
23000.0,light-1,3101,1,2.829,
23000.0,light-4,3101,1,2.966,
23003.3,heavy,3103,0,4.388,
23006.7,heavy,3103,0,3.440,
23010.0,heavy,3101,0,3.066,
23013.3,heavy,3102,1,1.697,
23016.7,heavy,3103,0,4.125,
23020.0,heavy,3101,1,4.250,
23023.3,heavy,3102,0,1.174,
23026.7,heavy,3103,0,3.037,
23030.0,heavy,3101,0,3.286,
23033.3,heavy,3102,1,1.312,
23036.7,heavy,3103,1,4.049,
23040.0,heavy,3101,0,3.592,
23043.3,heavy,3102,1,1.267,
23046.7,heavy,3103,0,3.975,
23050.0,heavy,3101,0,3.816,
23053.3,heavy,3102,0,1.967,
23056.7,heavy,3103,0,3.248,
23060.0,heavy,3101,0,3.642,
23063.3,heavy,3102,1,1.420,
23066.7,heavy,3103,0,3.357,
23070.0,heavy,3101,0,3.346,
23073.3,heavy,3102,1,1.497,
23076.7,heavy,3103,0,5.603,
23080.0,heavy,3101,1,4.697,
23083.3,heavy,3102,0,1.086,
23086.7,heavy,3103,0,2.822,
23090.0,heavy,3101,0,2.766,
23093.3,heavy,3102,1,0.943,
23096.7,heavy,3103,0,3.553,
23100.0,heavy,3101,1,4.579,
23100.0,light-2,3103,1,1.366,
23100.0,light-1,3102,1,1.851,
23100.0,light-4,3102,1,1.880,
23100.0,light-5,3103,1,1.948,
23100.0,light-3,3101,1,2.332,
23103.3,heavy,3101,0,3.521,
23106.7,heavy,3102,0,0.968,
23110.0,heavy,3103,0,4.101,
23113.3,heavy,3101,1,4.334,
23116.7,heavy,3102,0,1.182,
23120.0,heavy,3103,0,3.228,
23123.3,heavy,3101,0,3.209,
23126.7,heavy,3102,1,1.324,
23130.0,heavy,3103,0,2.624,
23133.3,heavy,3101,1,4.141,
23136.7,heavy,3102,1,1.373,
23140.0,heavy,3103,0,3.593,
23143.3,heavy,3101,0,3.853,
23146.7,heavy,3102,0,1.578,
23150.0,heavy,3103,1,4.849,
23153.3,heavy,3101,0,4.225,
23156.7,heavy,3102,1,1.316,
23160.0,heavy,3103,0,4.600,
23163.3,heavy,3101,0,3.044,
23166.7,heavy,3102,1,1.726,
23170.0,heavy,3103,0,3.897,
23173.3,heavy,3101,0,3.300,
23176.7,heavy,3102,0,1.796,
23180.0,heavy,3103,1,5.408,
23183.3,heavy,3101,0,4.672,
23186.7,heavy,3102,0,1.688,
23190.0,heavy,3103,1,5.658,
23193.3,heavy,3101,0,4.221,
23196.7,heavy,3102,0,1.299,
23200.0,heavy,3103,0,3.407,
23200.0,light-1,3101,1,1.067,
23200.0,light-2,3102,1,1.229,
23200.0,light-4,3101,1,1.275,
23200.0,light-5,3102,1,1.586,
23200.0,light-3,3103,1,2.194,
23203.3,heavy,3103,1,3.776,
23206.7,heavy,3101,0,2.706,
23210.0,heavy,3102,0,1.472,
23213.3,heavy,3103,0,3.761,
23216.7,heavy,3101,1,4.176,
23220.0,heavy,3102,1,1.583,
23223.3,heavy,3103,0,3.904,
23226.7,heavy,3101,0,2.401,
23230.0,heavy,3102,0,0.928,
23233.3,heavy,3103,0,3.595,
23236.7,heavy,3101,0,3.021,
23240.0,heavy,3102,1,1.174,
23243.3,heavy,3103,1,4.324,
23246.7,heavy,3101,0,3.936,
23250.0,heavy,3102,1,1.240,
23253.3,heavy,3103,0,4.552,
23256.7,heavy,3101,0,3.491,
23260.0,heavy,3102,0,1.163,
23263.3,heavy,3103,1,3.758,
23266.7,heavy,3101,0,3.248,
23270.0,heavy,3102,0,0.944,
23273.3,heavy,3103,1,4.745,
23276.7,heavy,3101,0,3.790,
23280.0,heavy,3102,1,1.384,
23283.3,heavy,3103,0,4.465,
23286.7,heavy,3101,0,2.839,
23290.0,heavy,3102,0,0.883,
23293.3,heavy,3103,0,5.315,
23296.7,heavy,3101,1,4.694,
23300.0,heavy,3102,1,1.434,
23300.0,light-3,3102,1,1.605,
23300.0,light-1,3103,1,2.563,
23300.0,light-2,3101,1,3.104,
23300.0,light-5,3101,1,3.168,
23300.0,light-4,3103,1,5.860,
23303.3,heavy,3102,0,0.930,
23306.7,heavy,3103,0,2.849,
23310.0,heavy,3101,0,2.564,
23313.3,heavy,3102,1,1.505,
23316.7,heavy,3103,0,3.659,
23320.0,heavy,3101,0,2.915,
23323.3,heavy,3102,1,1.220,
23326.7,heavy,3103,0,4.022,
23330.0,heavy,3101,1,4.442,
23333.3,heavy,3102,0,1.156,
23336.7,heavy,3103,0,3.016,
23340.0,heavy,3101,0,3.216,
23343.3,heavy,3102,1,1.188,
23346.7,heavy,3103,0,3.440,
23350.0,heavy,3101,1,4.220,
23353.3,heavy,3102,0,1.079,
23356.7,heavy,3103,0,3.010,
23360.0,heavy,3101,0,2.754,
23363.3,heavy,3102,1,1.191,
23366.7,heavy,3103,0,3.347,
23370.0,heavy,3101,0,3.734,
23373.3,heavy,3102,1,1.284,
23376.7,heavy,3103,0,3.488,
23380.0,heavy,3101,0,2.477,
23383.3,heavy,3102,1,0.912,
23386.7,heavy,3103,0,3.643,
23390.0,heavy,3101,0,2.945,
23393.3,heavy,3102,1,1.475,
23396.7,heavy,3103,0,2.519,
23400.0,heavy,3101,1,4.934,
23400.0,light-2,3103,1,1.186,
23400.0,light-4,3102,1,3.191,
23400.0,light-5,3103,1,4.263,
23400.0,light-1,3102,1,4.978,
23400.0,light-3,3101,1,5.825,
23403.3,heavy,3101,0,3.769,
23406.7,heavy,3102,0,0.956,
23410.0,heavy,3103,0,4.415,
23413.3,heavy,3101,0,3.832,
23416.7,heavy,3102,1,1.586,
23420.0,heavy,3103,0,4.112,
23423.3,heavy,3101,0,3.888,
23426.7,heavy,3102,1,1.001,
23430.0,heavy,3103,1,4.911,
23433.3,heavy,3101,0,4.448,
23436.7,heavy,3102,1,1.531,
23440.0,heavy,3103,0,5.213,
23443.3,heavy,3101,0,2.873,
23446.7,heavy,3102,0,1.163,
23450.0,heavy,3103,0,3.298,
23453.3,heavy,3101,1,3.833,
23456.7,heavy,3102,0,1.132,
23460.0,heavy,3103,0,3.420,
23463.3,heavy,3101,1,3.512,
23466.7,heavy,3102,1,1.196,
23470.0,heavy,3103,0,3.182,
23473.3,heavy,3101,0,2.394,
23476.7,heavy,3102,1,1.451,
23480.0,heavy,3103,0,3.715,
23483.3,heavy,3101,0,3.178,
23486.7,heavy,3102,0,1.507,
23490.0,heavy,3103,0,2.623,
23493.3,heavy,3101,1,5.288,
23496.7,heavy,3102,1,2.346,
23500.0,heavy,3103,0,4.789,
23500.0,light-2,3103,1,2.632,
23500.0,light-1,3102,1,2.824,
23500.0,light-3,3101,1,2.849,
23500.0,light-5,3103,1,2.892,
23500.0,light-4,3102,1,3.009,
23503.3,heavy,3101,0,5.094,
23506.7,heavy,3101,0,2.904,
23510.0,heavy,3102,0,1.018,
23513.3,heavy,3103,0,2.870,
23516.7,heavy,3101,0,3.156,
23520.0,heavy,3102,1,0.892,
23523.3,heavy,3103,1,4.270,
23526.7,heavy,3101,0,3.688,
23530.0,heavy,3102,1,1.472,
23533.3,heavy,3103,0,3.987,
23536.7,heavy,3101,0,2.298,
23540.0,heavy,3102,1,1.544,
23543.3,heavy,3103,1,4.319,
23546.7,heavy,3101,0,3.655,
23550.0,heavy,3102,0,1.571,
23553.3,heavy,3103,0,2.437,
23556.7,heavy,3101,0,2.972,
23560.0,heavy,3102,0,1.820,
23563.3,heavy,3103,1,3.346,
23566.7,heavy,3101,0,7.119,
23570.0,heavy,3102,1,1.165,
23573.3,heavy,3103,0,2.922,
23576.7,heavy,3101,0,3.995,
23580.0,heavy,3102,1,1.483,
23583.3,heavy,3103,0,3.223,
23586.7,heavy,3101,0,3.356,
23590.0,heavy,3102,0,0.855,
23593.3,heavy,3103,0,4.181,
23596.7,heavy,3101,1,4.956,
23600.0,heavy,3102,0,1.571,
23600.0,light-4,3103,1,2.731,
23600.0,light-5,3101,1,2.970,
23600.0,light-1,3103,1,4.154,
23600.0,light-2,3101,1,4.242,
23600.0,light-3,3102,1,4.489,
23603.3,heavy,3102,0,2.568,
23606.7,heavy,3103,0,2.435,
23610.0,heavy,3101,1,1.334,
23613.3,heavy,3102,1,1.142,
23616.7,heavy,3103,0,3.503,
23620.0,heavy,3101,0,3.916,
23623.3,heavy,3102,1,1.388,
23626.7,heavy,3103,0,3.644,
23630.0,heavy,3101,0,2.510,
23633.3,heavy,3102,1,0.915,
23636.7,heavy,3103,0,3.248,
23640.0,heavy,3101,0,3.447,
23643.3,heavy,3102,1,1.155,
23646.7,heavy,3103,0,2.994,
23650.0,heavy,3101,0,2.787,
23653.3,heavy,3102,1,0.935,
23656.7,heavy,3103,0,3.707,
23660.0,heavy,3101,0,3.067,
23663.3,heavy,3102,1,0.893,
23666.7,heavy,3103,0,3.767,
23670.0,heavy,3101,0,3.297,
23673.3,heavy,3102,1,1.556,
23676.7,heavy,3103,0,1.928,
23680.0,heavy,3101,0,4.344,
23683.3,heavy,3102,1,2.374,
23686.7,heavy,3103,0,4.748,
23690.0,heavy,3101,0,4.147,
23693.3,heavy,3102,1,0.935,
23696.7,heavy,3103,0,5.010,
23700.0,heavy,3101,0,3.285,
23700.0,light-3,3102,1,1.754,
23700.0,light-2,3101,1,2.064,
23700.0,light-5,3101,1,2.263,
23700.0,light-1,3103,1,3.648,
23700.0,light-4,3103,1,3.877,
23703.3,heavy,3102,1,1.372,
23706.7,heavy,3102,0,0.890,
23710.0,heavy,3103,0,3.123,
23713.3,heavy,3101,1,3.906,
23716.7,heavy,3102,0,1.161,
23720.0,heavy,3103,0,3.971,
23723.3,heavy,3101,1,4.624,
23726.7,heavy,3102,0,1.287,
23730.0,heavy,3103,0,3.871,
23733.3,heavy,3101,1,3.718,
23736.7,heavy,3102,0,0.894,
23740.0,heavy,3103,0,3.189,
23743.3,heavy,3101,0,3.475,
23746.7,heavy,3102,1,1.197,
23750.0,heavy,3103,0,3.239,
23753.3,heavy,3101,1,3.559,
23756.7,heavy,3102,0,1.108,
23760.0,heavy,3103,1,4.755,
23763.3,heavy,3101,0,3.870,
23766.7,heavy,3102,0,1.090,
23770.0,heavy,3103,0,2.841,
23773.3,heavy,3101,1,3.743,
23776.7,heavy,3102,0,0.977,
23780.0,heavy,3103,0,3.727,
23783.3,heavy,3101,1,11.506,
23786.7,heavy,3102,1,1.154,
23790.0,heavy,3103,0,3.059,
23793.3,heavy,3101,0,3.019,
23796.7,heavy,3102,1,1.352,
23800.0,heavy,3103,0,3.242,
23800.0,light-1,3102,1,1.523,
23800.0,light-4,3102,1,1.874,
23800.0,light-2,3103,1,2.085,
23800.0,light-3,3101,1,2.175,
23800.0,light-5,3103,1,2.250,
23803.3,heavy,3101,0,3.365,
23806.7,heavy,3101,0,1.908,
23810.0,heavy,3102,1,1.402,
23813.3,heavy,3103,0,3.478,
23816.7,heavy,3101,0,3.898,
23820.0,heavy,3102,0,0.835,
23823.3,heavy,3103,1,4.496,
23826.7,heavy,3101,0,3.275,
23830.0,heavy,3102,0,1.255,
23833.3,heavy,3103,1,4.253,
23836.7,heavy,3101,0,3.414,
23840.0,heavy,3102,0,0.955,
23843.3,heavy,3103,1,4.375,
23846.7,heavy,3101,0,3.487,
23850.0,heavy,3102,0,1.245,
23853.3,heavy,3103,0,3.841,
23856.7,heavy,3101,1,4.052,
23860.0,heavy,3102,1,1.223,
23863.3,heavy,3103,0,3.777,
23866.7,heavy,3101,0,3.053,
23870.0,heavy,3102,0,0.947,
23873.3,heavy,3103,0,3.608,
23876.7,heavy,3101,1,4.269,
23880.0,heavy,3102,1,1.572,
23883.3,heavy,3103,0,3.026,
23886.7,heavy,3101,0,3.637,
23890.0,heavy,3102,0,1.100,
23893.3,heavy,3103,1,6.071,
23896.7,heavy,3101,0,3.641,
23900.0,heavy,3102,0,2.056,
23900.0,light-3,3102,1,1.739,
23900.0,light-2,3101,1,1.927,
23900.0,light-1,3103,1,2.180,
23900.0,light-4,3103,1,2.118,
23900.0,light-5,3101,1,2.194,
23903.3,heavy,3102,1,1.726,
23906.7,heavy,3103,1,4.743,
23910.0,heavy,3101,0,3.915,
23913.3,heavy,3102,0,0.977,
23916.7,heavy,3103,0,4.089,
23920.0,heavy,3101,0,3.297,
23923.3,heavy,3102,1,1.356,
23926.7,heavy,3103,0,3.779,
23930.0,heavy,3101,0,2.313,
23933.3,heavy,3102,1,1.711,
23936.7,heavy,3103,0,3.536,
23940.0,heavy,3101,1,4.242,
23943.3,heavy,3102,0,1.863,
23946.7,heavy,3103,0,2.519,
23950.0,heavy,3101,0,3.561,
23953.3,heavy,3102,1,1.442,
23956.7,heavy,3103,0,3.733,
23960.0,heavy,3101,0,2.755,
23963.3,heavy,3102,1,0.928,
23966.7,heavy,3103,1,4.149,
23970.0,heavy,3101,0,3.449,
23973.3,heavy,3102,0,1.275,
23976.7,heavy,3103,0,2.786,
23980.0,heavy,3101,0,3.371,
23983.3,heavy,3102,1,1.153,
23986.7,heavy,3103,0,3.193,
23990.0,heavy,3101,0,2.952,
23993.3,heavy,3102,1,1.122,
23996.7,heavy,3103,0,5.836,
24000.0,heavy,3101,0,3.347,
24000.0,light-3,3102,1,2.522,
24000.0,light-2,3101,1,2.704,
24000.0,light-5,3101,1,2.694,
24000.0,light-1,3103,1,2.982,
24000.0,light-4,3103,1,3.384,
24003.3,heavy,3102,1,2.097,
24006.7,heavy,3102,0,0.989,
24010.0,heavy,3103,0,3.850,
24013.3,heavy,3101,1,3.653,
24016.7,heavy,3102,0,1.453,
24020.0,heavy,3103,0,3.628,
24023.3,heavy,3101,1,4.019,
24026.7,heavy,3102,1,1.239,
24030.0,heavy,3103,0,4.065,
24033.3,heavy,3101,0,4.147,
24036.7,heavy,3102,0,1.006,
24040.0,heavy,3103,1,3.619,
24043.3,heavy,3101,0,3.042,
24046.7,heavy,3102,0,1.094,
24050.0,heavy,3103,0,2.886,
24053.3,heavy,3101,1,3.517,
24056.7,heavy,3102,0,0.911,
24060.0,heavy,3103,0,3.642,
24063.3,heavy,3101,1,3.971,
24066.7,heavy,3102,1,1.326,
24070.0,heavy,3103,0,3.670,
24073.3,heavy,3101,0,3.916,
24076.7,heavy,3102,0,1.298,
24080.0,heavy,3103,0,3.535,
24083.3,heavy,3101,0,3.585,
24086.7,heavy,3102,1,1.336,
24090.0,heavy,3103,0,2.000,
24093.3,heavy,3101,1,5.679,
24096.7,heavy,3102,1,1.923,
24100.0,heavy,3103,0,4.898,
24100.0,light-1,3102,1,2.537,
24100.0,light-2,3103,1,3.074,
24100.0,light-5,3103,1,3.039,
24100.0,light-3,3101,1,3.345,
24100.0,light-4,3102,1,3.331,
24103.3,heavy,3101,0,5.850,
24106.7,heavy,3101,0,3.378,
24110.0,heavy,3102,0,1.354,
24113.3,heavy,3103,0,3.331,
24116.7,heavy,3101,0,3.276,
24120.0,heavy,3102,1,1.446,
24123.3,heavy,3103,0,3.954,
24126.7,heavy,3101,1,4.193,
24130.0,heavy,3102,1,1.415,
24133.3,heavy,3103,0,3.963,
24136.7,heavy,3101,0,1.595,
24140.0,heavy,3102,1,1.577,
24143.3,heavy,3103,0,3.518,
24146.7,heavy,3101,0,3.181,
24150.0,heavy,3102,0,1.260,
24153.3,heavy,3103,0,3.842,
24156.7,heavy,3101,1,4.071,
24160.0,heavy,3102,1,1.434,
24163.3,heavy,3103,0,4.011,
24166.7,heavy,3101,0,1.555,
24170.0,heavy,3102,1,1.558,
24173.3,heavy,3103,0,3.450,
24176.7,heavy,3101,0,2.847,
24180.0,heavy,3102,0,1.600,
24183.3,heavy,3103,1,3.895,
24186.7,heavy,3101,0,3.103,
24190.0,heavy,3102,0,1.248,
24193.3,heavy,3103,1,4.614,
24196.7,heavy,3101,0,3.641,
24200.0,heavy,3102,0,1.421,
24200.0,light-1,3103,1,1.407,
24200.0,light-3,3102,1,1.445,
24200.0,light-4,3103,1,1.520,
24200.0,light-2,3101,1,2.064,
24200.0,light-5,3101,1,2.256,
24203.3,heavy,3102,1,1.191,
24206.7,heavy,3103,0,3.762,
24210.0,heavy,3101,1,3.993,
24213.3,heavy,3102,0,1.415,
24216.7,heavy,3103,0,3.674,
24220.0,heavy,3101,0,2.812,
24223.3,heavy,3102,1,1.375,
24226.7,heavy,3103,0,3.330,
24230.0,heavy,3101,0,3.493,
24233.3,heavy,3102,1,1.333,
24236.7,heavy,3103,0,4.047,
24240.0,heavy,3101,1,4.499,
24243.3,heavy,3102,0,1.372,
24246.7,heavy,3103,0,3.447,
24250.0,heavy,3101,0,3.102,
24253.3,heavy,3102,1,1.267,
24256.7,heavy,3103,0,3.857,
24260.0,heavy,3101,1,3.710,
24263.3,heavy,3102,0,1.015,
24266.7,heavy,3103,1,4.750,
24270.0,heavy,3101,0,3.803,
24273.3,heavy,3102,0,1.033,
24276.7,heavy,3103,0,4.174,
24280.0,heavy,3101,1,3.902,
24283.3,heavy,3102,0,0.926,
24286.7,heavy,3103,0,2.947,
24290.0,heavy,3101,0,4.310,
24293.3,heavy,3102,1,1.655,
24296.7,heavy,3103,0,4.614,
24300.0,heavy,3101,0,4.390,
24300.0,light-3,3102,1,2.180,
24300.0,light-1,3103,1,2.418,
24300.0,light-2,3101,1,2.503,
24300.0,light-5,3101,1,2.676,
24300.0,light-4,3103,1,5.484,
24303.3,heavy,3102,1,1.834,
24306.7,heavy,3102,0,0.807,
24310.0,heavy,3103,0,3.686,
24313.3,heavy,3101,0,3.071,
24316.7,heavy,3102,1,1.608,
24320.0,heavy,3103,0,2.947,
24323.3,heavy,3101,1,4.364,
24326.7,heavy,3102,1,1.301,
24330.0,heavy,3103,0,3.435,
24333.3,heavy,3101,0,4.064,
24336.7,heavy,3102,0,1.398,
24340.0,heavy,3103,0,3.889,
24343.3,heavy,3101,0,3.555,
24346.7,heavy,3102,1,1.370,
24350.0,heavy,3103,0,3.416,
24353.3,heavy,3101,1,4.205,
24356.7,heavy,3102,1,1.385,
24360.0,heavy,3103,0,3.997,
24363.3,heavy,3101,0,4.059,
24366.7,heavy,3102,0,1.443,
24370.0,heavy,3103,0,3.870,
24373.3,heavy,3101,0,3.391,
24376.7,heavy,3102,1,1.324,
24380.0,heavy,3103,0,3.857,
24383.3,heavy,3101,1,3.467,
24386.7,heavy,3102,0,0.820,
24390.0,heavy,3103,0,3.912,
24393.3,heavy,3101,0,3.180,
24396.7,heavy,3102,1,1.251,
24400.0,heavy,3103,1,6.511,
24400.0,light-1,3101,1,1.415,
24400.0,light-3,3103,1,1.996,
24400.0,light-4,3101,1,5.436,
24400.0,light-2,3102,1,6.177,
24400.0,light-5,3102,1,7.085,
24403.3,heavy,3103,0,3.089,
24406.7,heavy,3101,0,2.555,
24410.0,heavy,3102,0,0.978,
24413.3,heavy,3103,0,3.588,
24416.7,heavy,3101,1,4.037,
24420.0,heavy,3102,1,1.276,
24423.3,heavy,3103,0,3.752,
24426.7,heavy,3101,0,3.987,
24430.0,heavy,3102,0,1.179,
24433.3,heavy,3103,0,3.960,
24436.7,heavy,3101,1,4.290,
24440.0,heavy,3102,1,1.272,
24443.3,heavy,3103,0,2.760,
24446.7,heavy,3101,0,1.725,
24450.0,heavy,3102,1,1.574,
24453.3,heavy,3103,0,3.729,
24456.7,heavy,3101,0,4.204,
24460.0,heavy,3102,0,1.110,
24463.3,heavy,3103,0,5.186,
24466.7,heavy,3101,1,5.062,
24470.0,heavy,3102,1,1.644,
24473.3,heavy,3103,0,5.562,
24476.7,heavy,3101,0,3.077,
24480.0,heavy,3102,0,1.071,
24483.3,heavy,3103,1,3.627,
24486.7,heavy,3101,0,3.589,
24490.0,heavy,3102,0,1.007,
24493.3,heavy,3103,1,4.622,
24496.7,heavy,3101,0,3.920,
24500.0,heavy,3102,1,1.477,
24500.0,light-2,3102,1,1.694,
24500.0,light-5,3102,1,1.937,
24500.0,light-1,3101,1,2.596,
24500.0,light-3,3103,1,2.667,
24500.0,light-4,3101,1,2.740,
24503.3,heavy,3103,0,4.570,
24506.7,heavy,3103,0,5.520,
24510.0,heavy,3101,1,3.777,
24513.3,heavy,3102,0,2.395,
24516.7,heavy,3103,0,3.197,
24520.0,heavy,3101,0,3.076,
24523.3,heavy,3102,1,1.413,
24526.7,heavy,3103,0,2.997,
24530.0,heavy,3101,0,2.735,
24533.3,heavy,3102,1,1.523,
24536.7,heavy,3103,0,1.900,
24540.0,heavy,3101,1,4.280,
24543.3,heavy,3102,1,1.332,
24546.7,heavy,3103,0,4.431,
24550.0,heavy,3101,0,4.177,
24553.3,heavy,3102,0,1.544,
24556.7,heavy,3103,0,6.277,
24560.0,heavy,3101,0,5.819,
24563.3,heavy,3102,1,4.165,
24566.7,heavy,3103,0,6.032,
24570.0,heavy,3101,1,4.914,
24573.3,heavy,3102,0,0.997,
24576.7,heavy,3103,0,3.096,
24580.0,heavy,3101,0,2.948,
24583.3,heavy,3102,1,1.056,
24586.7,heavy,3103,0,3.889,
24590.0,heavy,3101,0,4.899,
24593.3,heavy,3102,1,1.299,
24596.7,heavy,3103,0,4.545,
24600.0,heavy,3101,1,6.178,
24600.0,light-2,3103,1,1.719,
24600.0,light-4,3102,1,2.942,
24600.0,light-1,3102,1,5.281,
24600.0,light-5,3103,1,5.710,
24600.0,light-3,3101,1,7.258,
24603.3,heavy,3101,0,4.985,
24606.7,heavy,3102,0,0.875,
24610.0,heavy,3103,0,4.357,
24613.3,heavy,3101,1,4.500,
24616.7,heavy,3102,0,1.321,
24620.0,heavy,3103,0,3.177,
24623.3,heavy,3101,0,3.184,
24626.7,heavy,3102,1,1.193,
24630.0,heavy,3103,0,2.622,
24633.3,heavy,3101,1,5.055,
24636.7,heavy,3102,1,1.667,
24640.0,heavy,3103,0,5.084,
24643.3,heavy,3101,0,4.898,
24646.7,heavy,3102,0,1.766,
24650.0,heavy,3103,0,4.055,
24653.3,heavy,3101,1,4.774,
24656.7,heavy,3102,0,1.342,
24660.0,heavy,3103,0,4.025,
24663.3,heavy,3101,1,4.582,
24666.7,heavy,3102,0,1.111,
24670.0,heavy,3103,0,2.947,
24673.3,heavy,3101,1,4.134,
24676.7,heavy,3102,0,1.316,
24680.0,heavy,3103,0,3.916,
24683.3,heavy,3101,1,3.967,
24686.7,heavy,3102,1,1.375,
24690.0,heavy,3103,0,3.736,
24693.3,heavy,3101,0,2.553,
24696.7,heavy,3102,1,1.674,
24700.0,heavy,3103,0,5.596,
24700.0,light-4,3103,1,3.610,
24700.0,light-5,3101,1,3.794,
24700.0,light-3,3102,1,5.646,
24700.0,light-2,3101,1,5.852,
24700.0,light-1,3103,1,6.227,
24703.3,heavy,3101,0,5.127,
24706.7,heavy,3102,0,1.660,
24710.0,heavy,3102,1,2.286,
24713.3,heavy,3103,0,2.572,
24716.7,heavy,3101,0,3.014,
24720.0,heavy,3102,1,1.498,
24723.3,heavy,3103,0,3.276,
24726.7,heavy,3101,0,3.653,
24730.0,heavy,3102,0,1.373,
24733.3,heavy,3103,1,4.206,
24736.7,heavy,3101,0,3.201,
24740.0,heavy,3102,0,0.742,
24743.3,heavy,3103,0,4.619,
24746.7,heavy,3101,1,5.018,
24750.0,heavy,3102,1,1.748,
24753.3,heavy,3103,0,4.986,
24756.7,heavy,3101,0,1.762,
24760.0,heavy,3102,0,1.052,
24763.3,heavy,3103,0,3.128,
24766.7,heavy,3101,0,2.700,
24770.0,heavy,3102,1,1.137,
24773.3,heavy,3103,0,3.545,
24776.7,heavy,3101,1,3.885,
24780.0,heavy,3102,1,1.208,
24783.3,heavy,3103,0,3.655,
24786.7,heavy,3101,0,2.037,
24790.0,heavy,3102,0,1.260,
24793.3,heavy,3103,0,3.776,
24796.7,heavy,3101,0,3.731,
24800.0,heavy,3102,1,1.456,
24800.0,light-3,3102,1,1.744,
24800.0,light-1,3103,1,2.295,
24800.0,light-2,3101,1,2.406,
24800.0,light-4,3103,1,2.426,
24800.0,light-5,3101,1,2.515,
24803.3,heavy,3102,1,0.959,
24806.7,heavy,3103,0,3.957,
24810.0,heavy,3101,0,3.106,
24813.3,heavy,3102,1,1.182,
24816.7,heavy,3103,0,3.079,
24820.0,heavy,3101,0,2.889,
24823.3,heavy,3102,1,1.091,
24826.7,heavy,3103,0,3.475,
24830.0,heavy,3101,0,3.934,
24833.3,heavy,3102,1,1.059,
24836.7,heavy,3103,0,3.641,
24840.0,heavy,3101,0,3.759,
24843.3,heavy,3102,1,1.698,
24846.7,heavy,3103,0,1.766,
24850.0,heavy,3101,0,3.736,
24853.3,heavy,3102,1,1.515,
24856.7,heavy,3103,1,4.610,
24860.0,heavy,3101,0,4.060,
24863.3,heavy,3102,0,0.987,
24866.7,heavy,3103,0,5.409,
24870.0,heavy,3101,0,3.228,
24873.3,heavy,3102,1,1.412,
24876.7,heavy,3103,0,4.204,
24880.0,heavy,3101,0,3.026,
24883.3,heavy,3102,1,1.007,
24886.7,heavy,3103,0,3.371,
24890.0,heavy,3101,0,3.317,
24893.3,heavy,3102,1,1.313,
24896.7,heavy,3103,1,4.438,
24900.0,heavy,3101,0,3.500,
24900.0,light-1,3102,1,1.450,
24900.0,light-4,3102,1,1.746,
24900.0,light-2,3103,1,2.298,
24900.0,light-3,3101,1,2.391,
24900.0,light-5,3103,1,2.450,
24903.3,heavy,3101,0,3.155,
24906.7,heavy,3102,0,1.070,
24910.0,heavy,3103,0,3.275,
24913.3,heavy,3101,0,2.828,
24916.7,heavy,3102,1,1.218,
24920.0,heavy,3103,0,1.803,
24923.3,heavy,3101,1,4.563,
24926.7,heavy,3102,1,1.291,
24930.0,heavy,3103,0,3.547,
24933.3,heavy,3101,0,4.381,
24936.7,heavy,3102,0,1.123,
24940.0,heavy,3103,0,3.683,
24943.3,heavy,3101,0,3.705,
24946.7,heavy,3102,1,1.825,
24950.0,heavy,3103,1,4.643,
24953.3,heavy,3101,0,3.122,
24956.7,heavy,3102,0,1.094,
24960.0,heavy,3103,0,3.585,
24963.3,heavy,3101,1,4.316,
24966.7,heavy,3102,0,1.180,
24970.0,heavy,3103,0,3.609,
24973.3,heavy,3101,0,2.919,
24976.7,heavy,3102,1,1.138,
24980.0,heavy,3103,0,3.037,
24983.3,heavy,3101,1,4.604,
24986.7,heavy,3102,1,1.599,
24990.0,heavy,3103,0,4.106,
24993.3,heavy,3101,0,4.372,
24996.7,heavy,3102,0,1.297,
25000.0,heavy,3103,0,3.313,
25000.0,light-2,3102,1,1.306,
25000.0,light-5,3102,1,1.530,
25000.0,light-1,3101,1,1.878,
25000.0,light-4,3101,1,2.009,
25000.0,light-3,3103,1,2.390,
25003.3,heavy,3103,1,3.036,
25006.7,heavy,3101,0,3.357,
25010.0,heavy,3102,0,1.125,
25013.3,heavy,3103,1,4.508,
25016.7,heavy,3101,0,3.568,
25020.0,heavy,3102,0,2.961,
25023.3,heavy,3103,1,2.068,
25026.7,heavy,3101,0,3.433,
25030.0,heavy,3102,0,1.293,
25033.3,heavy,3103,0,3.330,
25036.7,heavy,3101,1,3.985,
25040.0,heavy,3102,1,1.236,
25043.3,heavy,3103,0,3.211,
25046.7,heavy,3101,0,3.549,
25050.0,heavy,3102,0,1.054,
25053.3,heavy,3103,1,3.643,
25056.7,heavy,3101,0,2.931,
25060.0,heavy,3102,0,0.850,
25063.3,heavy,3103,1,4.406,
25066.7,heavy,3101,0,3.629,
25070.0,heavy,3102,1,1.109,
25073.3,heavy,3103,0,3.075,
25076.7,heavy,3101,0,2.713,
25080.0,heavy,3102,1,1.520,
25083.3,heavy,3103,0,4.262,
25086.7,heavy,3101,0,3.957,
25090.0,heavy,3102,0,1.160,
25093.3,heavy,3103,0,3.813,
25096.7,heavy,3101,1,3.840,
25100.0,heavy,3102,1,1.374,
25100.0,light-2,3102,1,1.631,
25100.0,light-1,3101,1,2.079,
25100.0,light-5,3102,1,2.097,
25100.0,light-3,3103,1,2.568,
25100.0,light-4,3101,1,2.659,
25103.3,heavy,3103,0,3.645,
25106.7,heavy,3103,0,3.436,
25110.0,heavy,3101,0,3.766,
25113.3,heavy,3102,1,1.096,
25116.7,heavy,3103,0,3.391,
25120.0,heavy,3101,0,3.132,
25123.3,heavy,3102,1,1.789,
25126.7,heavy,3103,0,3.305,
25130.0,heavy,3101,0,3.653,
25133.3,heavy,3102,1,1.858,
25136.7,heavy,3103,0,2.795,
25140.0,heavy,3101,0,2.657,
25143.3,heavy,3102,1,0.977,
25146.7,heavy,3103,0,3.289,
25150.0,heavy,3101,1,3.402,
25153.3,heavy,3102,0,0.786,
25156.7,heavy,3103,0,2.144,
25160.0,heavy,3101,0,3.059,
25163.3,heavy,3102,1,1.254,
25166.7,heavy,3103,0,3.451,
25170.0,heavy,3101,0,2.772,
25173.3,heavy,3102,1,1.279,
25176.7,heavy,3103,0,3.612,
25180.0,heavy,3101,1,3.779,
25183.3,heavy,3102,0,1.060,
25186.7,heavy,3103,0,3.388,
25190.0,heavy,3101,0,2.732,
25193.3,heavy,3102,1,1.388,
25196.7,heavy,3103,0,3.367,
25200.0,heavy,3101,0,3.798,
25200.0,light-2,3103,1,1.329,
25200.0,light-1,3102,1,1.584,
25200.0,light-5,3103,1,1.548,
25200.0,light-4,3102,1,1.714,
25200.0,light-3,3101,1,2.324,
25203.3,heavy,3101,1,3.448,
25206.7,heavy,3102,0,0.952,
25210.0,heavy,3103,0,3.012,
25213.3,heavy,3101,1,4.031,
25216.7,heavy,3102,0,1.024,
25220.0,heavy,3103,0,3.138,
25223.3,heavy,3101,0,2.655,
25226.7,heavy,3102,1,1.193,
25230.0,heavy,3103,1,4.612,
25233.3,heavy,3101,0,3.952,
25236.7,heavy,3102,1,1.499,
25240.0,heavy,3103,0,4.336,
25243.3,heavy,3101,0,2.566,
25246.7,heavy,3102,0,1.115,
25250.0,heavy,3103,0,4.194,
25253.3,heavy,3101,0,3.304,
25256.7,heavy,3102,1,1.555,
25260.0,heavy,3103,1,4.263,
25263.3,heavy,3101,0,3.730,
25266.7,heavy,3102,0,0.986,
25270.0,heavy,3103,0,2.833,
25273.3,heavy,3101,0,3.684,
25276.7,heavy,3102,1,1.360,
25280.0,heavy,3103,0,2.933,
25283.3,heavy,3101,0,3.378,
25286.7,heavy,3102,1,1.771,
25290.0,heavy,3103,0,1.815,
25293.3,heavy,3101,0,4.826,
25296.7,heavy,3102,1,1.767,
25300.0,heavy,3103,1,5.022,
25300.0,light-1,3102,1,1.882,
25300.0,light-4,3102,1,2.250,
25300.0,light-2,3103,1,2.697,
25300.0,light-3,3101,1,2.797,
25300.0,light-5,3103,1,2.829,
25303.3,heavy,3101,0,4.722,
25306.7,heavy,3101,0,3.103,
25310.0,heavy,3102,0,1.045,
25313.3,heavy,3103,0,3.193,
25316.7,heavy,3101,0,3.304,
25320.0,heavy,3102,1,1.082,
25323.3,heavy,3103,1,3.501,
25326.7,heavy,3101,0,3.265,
25330.0,heavy,3102,0,1.176,
25333.3,heavy,3103,1,4.077,
25336.7,heavy,3101,0,2.766,
25340.0,heavy,3102,0,0.901,
25343.3,heavy,3103,1,3.724,
25346.7,heavy,3101,0,3.684,
25350.0,heavy,3102,1,1.422,
25353.3,heavy,3103,0,3.206,
25356.7,heavy,3101,0,2.812,
25360.0,heavy,3102,0,0.908,
25363.3,heavy,3103,1,4.562,
25366.7,heavy,3101,0,3.743,
25370.0,heavy,3102,0,1.000,
25373.3,heavy,3103,1,3.814,
25376.7,heavy,3101,0,3.372,
25380.0,heavy,3102,1,1.251,
25383.3,heavy,3103,0,2.345,
25386.7,heavy,3101,0,3.125,
25390.0,heavy,3102,1,1.209,
25393.3,heavy,3103,0,4.199,
25396.7,heavy,3101,0,3.971,
25400.0,heavy,3102,0,1.573,
25400.0,light-2,3101,1,1.264,
25400.0,light-1,3103,1,1.523,
25400.0,light-3,3102,1,1.510,
25400.0,light-5,3101,1,1.502,
25400.0,light-4,3103,1,3.030,
25403.3,heavy,3102,1,1.022,
25406.7,heavy,3103,1,4.289,
25410.0,heavy,3101,0,3.529,
25413.3,heavy,3102,0,1.041,
25416.7,heavy,3103,0,3.044,
25420.0,heavy,3101,0,3.430,
25423.3,heavy,3102,1,1.252,
25426.7,heavy,3103,0,3.234,
25430.0,heavy,3101,0,2.390,
25433.3,heavy,3102,1,1.090,
25436.7,heavy,3103,0,3.808,
25440.0,heavy,3101,0,4.074,
25443.3,heavy,3102,1,1.495,
25446.7,heavy,3103,0,2.705,
25450.0,heavy,3101,0,3.053,
25453.3,heavy,3102,1,0.817,
25456.7,heavy,3103,0,3.428,
25460.0,heavy,3101,1,3.670,
25463.3,heavy,3102,0,0.958,
25466.7,heavy,3103,0,2.788,
25470.0,heavy,3101,0,2.827,
25473.3,heavy,3102,1,1.659,
25476.7,heavy,3103,0,3.317,
25480.0,heavy,3101,0,2.889,
25483.3,heavy,3102,1,1.468,
25486.7,heavy,3103,0,3.381,
25490.0,heavy,3101,1,4.839,
25493.3,heavy,3102,0,1.157,
25496.7,heavy,3103,0,4.117,
25500.0,heavy,3101,0,4.957,
25500.0,light-3,3102,1,2.387,
25500.0,light-1,3103,1,2.678,
25500.0,light-4,3103,1,2.823,
25500.0,light-2,3101,1,3.027,
25500.0,light-5,3101,1,3.363,
25503.3,heavy,3102,1,1.888,
25506.7,heavy,3102,0,0.952,
25510.0,heavy,3103,0,3.878,
25513.3,heavy,3101,1,4.520,
25516.7,heavy,3102,0,1.160,
25520.0,heavy,3103,1,6.443,
25523.3,heavy,3101,0,4.225,
25526.7,heavy,3102,0,2.110,
25530.0,heavy,3103,1,4.426,
25533.3,heavy,3101,0,4.657,
25536.7,heavy,3102,0,1.418,
25540.0,heavy,3103,0,3.446,
25543.3,heavy,3101,0,3.546,
25546.7,heavy,3102,1,1.276,
25550.0,heavy,3103,0,2.024,
25553.3,heavy,3101,1,4.165,
25556.7,heavy,3102,1,1.277,
25560.0,heavy,3103,0,3.354,
25563.3,heavy,3101,0,3.883,
25566.7,heavy,3102,0,1.095,
25570.0,heavy,3103,0,3.058,
25573.3,heavy,3101,0,3.106,
25576.7,heavy,3102,1,1.166,
25580.0,heavy,3103,0,1.698,
25583.3,heavy,3101,1,3.993,
25586.7,heavy,3102,1,1.375,
25590.0,heavy,3103,0,3.456,
25593.3,heavy,3101,0,3.716,
25596.7,heavy,3102,0,1.671,
25600.0,heavy,3103,1,7.802,
25600.0,light-1,3101,1,2.475,
25600.0,light-3,3103,1,2.875,
25600.0,light-2,3102,1,7.066,
25600.0,light-5,3102,1,8.493,
25600.0,light-4,3101,1,9.158,
25603.3,heavy,3101,0,6.757,
25606.7,heavy,3102,1,1.433,
25610.0,heavy,3103,0,7.450,
25613.3,heavy,3103,0,4.995,
25616.7,heavy,3101,0,3.975,
25620.0,heavy,3102,0,1.527,
25623.3,heavy,3103,1,4.335,
25626.7,heavy,3101,0,3.519,
25630.0,heavy,3102,0,1.246,
25633.3,heavy,3103,1,3.396,
25636.7,heavy,3101,0,3.701,
25640.0,heavy,3102,1,1.187,
25643.3,heavy,3103,0,3.233,
25646.7,heavy,3101,0,2.720,
25650.0,heavy,3102,0,1.011,
25653.3,heavy,3103,0,3.978,
25656.7,heavy,3101,1,5.207,
25660.0,heavy,3102,0,1.949,
25663.3,heavy,3103,1,3.323,
25666.7,heavy,3101,0,3.104,
25670.0,heavy,3102,1,1.384,
25673.3,heavy,3103,0,3.026,
25676.7,heavy,3101,0,2.556,
25680.0,heavy,3102,0,0.716,
25683.3,heavy,3103,0,4.241,
25686.7,heavy,3101,1,3.431,
25690.0,heavy,3102,0,0.909,
25693.3,heavy,3103,1,4.146,
25696.7,heavy,3101,0,3.361,
25700.0,heavy,3102,1,1.358,
25700.0,light-2,3102,1,1.500,
25700.0,light-5,3102,1,1.567,
25700.0,light-1,3101,1,2.149,
25700.0,light-3,3103,1,2.262,
25700.0,light-4,3101,1,2.331,
25703.3,heavy,3103,0,3.838,
25706.7,heavy,3103,0,2.012,
25710.0,heavy,3101,0,3.336,
25713.3,heavy,3102,1,1.208,
25716.7,heavy,3103,0,3.265,
25720.0,heavy,3101,0,2.690,
25723.3,heavy,3102,1,1.517,
25726.7,heavy,3103,0,3.694,
25730.0,heavy,3101,0,3.834,
25733.3,heavy,3102,1,1.809,
25736.7,heavy,3103,0,3.989,
25740.0,heavy,3101,0,3.302,
25743.3,heavy,3102,1,1.120,
25746.7,heavy,3103,0,2.817,
25750.0,heavy,3101,0,2.905,
25753.3,heavy,3102,1,0.765,
25756.7,heavy,3103,0,3.412,
25760.0,heavy,3101,0,3.543,
25763.3,heavy,3102,1,1.364,
25766.7,heavy,3103,0,2.890,
25770.0,heavy,3101,0,3.333,
25773.3,heavy,3102,1,1.424,
25776.7,heavy,3103,1,4.635,
25780.0,heavy,3101,0,3.867,
25783.3,heavy,3102,0,1.044,
25786.7,heavy,3103,0,3.415,
25790.0,heavy,3101,0,3.551,
25793.3,heavy,3102,1,1.151,
25796.7,heavy,3103,0,3.511,
25800.0,heavy,3101,1,5.465,
25800.0,light-2,3103,1,1.164,
25800.0,light-4,3102,1,2.616,
25800.0,light-5,3103,1,4.696,
25800.0,light-1,3102,1,5.001,
25800.0,light-3,3101,1,6.797,
25803.3,heavy,3101,0,4.700,
25806.7,heavy,3102,0,0.958,
25810.0,heavy,3103,1,4.187,
25813.3,heavy,3101,0,3.527,
25816.7,heavy,3102,0,1.064,
25820.0,heavy,3103,0,3.096,
25823.3,heavy,3101,1,4.099,
25826.7,heavy,3102,0,1.166,
25830.0,heavy,3103,0,4.204,
25833.3,heavy,3101,1,4.542,
25836.7,heavy,3102,1,1.523,
25840.0,heavy,3103,0,4.285,
25843.3,heavy,3101,0,4.474,
25846.7,heavy,3102,0,1.377,
25850.0,heavy,3103,0,3.260,
25853.3,heavy,3101,0,2.884,
25856.7,heavy,3102,1,1.234,
25860.0,heavy,3103,0,1.794,
25863.3,heavy,3101,1,4.912,
25866.7,heavy,3102,1,1.487,
25870.0,heavy,3103,0,4.348,
25873.3,heavy,3101,0,4.694,
25876.7,heavy,3102,0,1.471,
25880.0,heavy,3103,0,3.080,
25883.3,heavy,3101,1,3.958,
25886.7,heavy,3102,1,1.499,
25890.0,heavy,3103,0,4.277,
25893.3,heavy,3101,0,3.314,
25896.7,heavy,3102,0,1.098,
25900.0,heavy,3103,0,3.775,
25900.0,light-1,3102,1,1.498,
25900.0,light-4,3102,1,1.761,
25900.0,light-2,3103,1,2.205,
25900.0,light-3,3101,1,2.303,
25900.0,light-5,3103,1,2.341,
25903.3,heavy,3101,1,3.718,
25906.7,heavy,3101,0,2.941,
25910.0,heavy,3102,0,1.029,
25913.3,heavy,3103,0,2.913,
25916.7,heavy,3101,1,3.541,
25920.0,heavy,3102,1,1.116,
25923.3,heavy,3103,0,2.651,
25926.7,heavy,3101,0,2.922,
25930.0,heavy,3102,1,1.451,
25933.3,heavy,3103,0,3.194,
25936.7,heavy,3101,0,3.511,
25940.0,heavy,3102,0,0.924,
25943.3,heavy,3103,1,3.681,
25946.7,heavy,3101,0,3.650,
25950.0,heavy,3102,1,1.687,
25953.3,heavy,3103,0,3.054,
25956.7,heavy,3101,0,3.349,
25960.0,heavy,3102,0,1.110,
25963.3,heavy,3103,1,4.377,
25966.7,heavy,3101,0,3.552,
25970.0,heavy,3102,0,1.040,
25973.3,heavy,3103,1,3.889,
25976.7,heavy,3101,0,3.373,
25980.0,heavy,3102,1,1.393,
25983.3,heavy,3103,0,2.202,
25986.7,heavy,3101,0,4.799,
25990.0,heavy,3102,1,1.317,
25993.3,heavy,3103,0,4.347,
25996.7,heavy,3101,0,4.841,
26000.0,heavy,3102,0,1.769,
26000.0,light-4,3103,1,2.100,
26000.0,light-5,3101,1,2.229,
26000.0,light-2,3101,1,4.245,
26000.0,light-1,3103,1,4.421,
26000.0,light-3,3102,1,5.131,
26003.3,heavy,3102,1,0.825,
26006.7,heavy,3103,0,3.526,
26010.0,heavy,3101,0,3.652,
26013.3,heavy,3102,1,1.202,
26016.7,heavy,3103,0,2.867,
26020.0,heavy,3101,0,2.946,
26023.3,heavy,3102,1,0.884,
26026.7,heavy,3103,0,4.458,
26030.0,heavy,3101,0,3.267,
26033.3,heavy,3102,1,1.039,
26036.7,heavy,3103,0,3.550,
26040.0,heavy,3101,0,3.514,
26043.3,heavy,3102,1,1.144,
26046.7,heavy,3103,0,3.170,
26050.0,heavy,3101,1,3.786,
26053.3,heavy,3102,1,1.232,
26056.7,heavy,3103,0,3.276,
26060.0,heavy,3101,0,3.976,
26063.3,heavy,3102,0,1.032,
26066.7,heavy,3103,0,2.811,
26070.0,heavy,3101,0,2.934,
26073.3,heavy,3102,1,1.151,
26076.7,heavy,3103,0,2.706,
26080.0,heavy,3101,0,2.795,
26083.3,heavy,3102,1,1.404,
26086.7,heavy,3103,0,3.309,
26090.0,heavy,3101,0,3.424,
26093.3,heavy,3102,1,1.066,
26096.7,heavy,3103,0,3.641,
26100.0,heavy,3101,0,3.696,
26100.0,light-2,3102,1,2.123,
26100.0,light-5,3102,1,2.176,
26100.0,light-1,3101,1,2.740,
26100.0,light-3,3103,1,2.802,
26100.0,light-4,3101,1,2.875,
26103.3,heavy,3102,1,1.900,
26106.7,heavy,3103,0,3.404,
26110.0,heavy,3103,0,3.495,
26113.3,heavy,3101,1,4.239,
26116.7,heavy,3102,0,2.199,
26120.0,heavy,3103,0,3.233,
26123.3,heavy,3101,1,4.180,
26126.7,heavy,3102,0,1.059,
26130.0,heavy,3103,0,4.046,
26133.3,heavy,3101,0,3.530,
26136.7,heavy,3102,1,1.440,
26140.0,heavy,3103,0,2.371,
26143.3,heavy,3101,1,4.351,
26146.7,heavy,3102,1,1.268,
26150.0,heavy,3103,0,3.504,
26153.3,heavy,3101,0,4.105,
26156.7,heavy,3102,0,0.886,
26160.0,heavy,3103,0,3.770,
26163.3,heavy,3101,0,4.081,
26166.7,heavy,3102,1,1.666,
26170.0,heavy,3103,0,3.108,
26173.3,heavy,3101,1,4.117,
26176.7,heavy,3102,1,1.332,
26180.0,heavy,3103,0,3.297,
26183.3,heavy,3101,0,3.980,
26186.7,heavy,3102,0,1.228,
26190.0,heavy,3103,0,3.978,
26193.3,heavy,3101,1,4.526,
26196.7,heavy,3102,1,1.779,
26200.0,heavy,3103,0,4.199,
26200.0,light-2,3102,1,2.067,
26200.0,light-5,3102,1,2.153,
26200.0,light-1,3101,1,2.615,
26200.0,light-3,3103,1,2.508,
26200.0,light-4,3101,1,2.567,
26203.3,heavy,3103,0,3.119,
26206.7,heavy,3101,0,3.340,
26210.0,heavy,3102,0,1.039,
26213.3,heavy,3103,1,3.769,
26216.7,heavy,3101,0,3.649,
26220.0,heavy,3102,0,0.865,
26223.3,heavy,3103,1,4.136,
26226.7,heavy,3101,0,2.843,
26230.0,heavy,3102,0,1.325,
26233.3,heavy,3103,1,3.755,
26236.7,heavy,3101,0,3.166,
26240.0,heavy,3102,1,1.367,
26243.3,heavy,3103,0,3.577,
26246.7,heavy,3101,0,2.746,
26250.0,heavy,3102,0,1.015,
26253.3,heavy,3103,1,4.888,
26256.7,heavy,3101,0,4.230,
26260.0,heavy,3102,1,1.345,
26263.3,heavy,3103,0,3.274,
26266.7,heavy,3101,0,4.168,
26270.0,heavy,3102,1,1.506,
26273.3,heavy,3103,0,3.326,
26276.7,heavy,3101,0,3.892,
26280.0,heavy,3102,0,0.808,
26283.3,heavy,3103,0,3.850,
26286.7,heavy,3101,1,4.404,
26290.0,heavy,3102,1,1.346,
26293.3,heavy,3103,0,2.801,
26296.7,heavy,3101,0,1.668,
26300.0,heavy,3102,1,1.850,
26300.0,light-1,3102,1,1.846,
26300.0,light-4,3102,1,2.013,
26300.0,light-2,3103,1,2.529,
26300.0,light-3,3101,1,2.678,
26300.0,light-5,3103,1,2.730,
26303.3,heavy,3103,0,3.932,
26306.7,heavy,3101,0,4.024,
26310.0,heavy,3101,0,2.675,
26313.3,heavy,3102,1,1.367,
26316.7,heavy,3103,0,3.006,
26320.0,heavy,3101,0,3.496,
26323.3,heavy,3102,1,1.341,
26326.7,heavy,3103,0,2.825,
26330.0,heavy,3101,0,3.535,
26333.3,heavy,3102,1,1.114,
26336.7,heavy,3103,0,4.059,
26340.0,heavy,3101,0,3.213,
26343.3,heavy,3102,1,1.133,
26346.7,heavy,3103,0,4.780,
26350.0,heavy,3101,0,3.833,
26353.3,heavy,3102,1,1.491,
26356.7,heavy,3103,0,3.853,
26360.0,heavy,3101,0,3.095,
26363.3,heavy,3102,1,0.962,
26366.7,heavy,3103,0,3.557,
26370.0,heavy,3101,0,3.129,
26373.3,heavy,3102,1,1.679,
26376.7,heavy,3103,0,3.364,
26380.0,heavy,3101,0,4.350,
26383.3,heavy,3102,1,1.288,
26386.7,heavy,3103,0,4.104,
26390.0,heavy,3101,0,4.388,
26393.3,heavy,3102,1,1.538,
26396.7,heavy,3103,0,4.085,
26400.0,heavy,3101,1,4.954,
26400.0,light-2,3103,1,1.316,
26400.0,light-1,3102,1,1.559,
26400.0,light-5,3103,1,1.499,
26400.0,light-4,3102,1,1.946,
26400.0,light-3,3101,1,2.479,
26403.3,heavy,3101,0,3.735,
26406.7,heavy,3102,0,0.947,
26410.0,heavy,3103,1,4.511,
26413.3,heavy,3101,0,3.510,
26416.7,heavy,3102,1,1.586,
26420.0,heavy,3103,0,4.294,
26423.3,heavy,3101,0,3.947,
26426.7,heavy,3102,0,1.234,
26430.0,heavy,3103,0,3.049,
26433.3,heavy,3101,0,3.130,
26436.7,heavy,3102,1,1.376,
26440.0,heavy,3103,0,2.812,
26443.3,heavy,3101,1,4.210,
26446.7,heavy,3102,1,1.563,
26450.0,heavy,3103,0,4.095,
26453.3,heavy,3101,0,3.837,
26456.7,heavy,3102,0,1.172,
26460.0,heavy,3103,0,3.302,
26463.3,heavy,3101,1,4.176,
26466.7,heavy,3102,0,1.228,
26470.0,heavy,3103,1,4.617,
26473.3,heavy,3101,0,3.261,
26476.7,heavy,3102,0,1.133,
26480.0,heavy,3103,0,2.906,
26483.3,heavy,3101,1,3.938,
26486.7,heavy,3102,0,1.001,
26490.0,heavy,3103,0,3.858,
26493.3,heavy,3101,1,4.011,
26496.7,heavy,3102,1,1.756,
26500.0,heavy,3103,0,3.683,
26500.0,light-2,3102,1,2.300,
26500.0,light-1,3101,1,2.521,
26500.0,light-5,3102,1,2.524,
26500.0,light-3,3103,1,2.719,
26500.0,light-4,3101,1,2.774,
26503.3,heavy,3103,0,1.996,
26506.7,heavy,3101,0,1.614,
26510.0,heavy,3102,1,3.639,
26513.3,heavy,3103,1,8.279,
26516.7,heavy,3101,0,4.545,
26520.0,heavy,3102,0,1.005,
26523.3,heavy,3103,0,4.613,
26526.7,heavy,3101,0,2.985,
26530.0,heavy,3102,0,1.357,
26533.3,heavy,3103,1,4.719,
26536.7,heavy,3101,0,4.238,
26540.0,heavy,3102,1,1.453,
26543.3,heavy,3103,0,4.496,
26546.7,heavy,3101,0,4.248,
26550.0,heavy,3102,0,2.255,
26553.3,heavy,3103,1,2.272,
26556.7,heavy,3101,0,3.171,
26560.0,heavy,3102,1,1.260,
26563.3,heavy,3103,0,3.826,
26566.7,heavy,3101,0,3.141,
26570.0,heavy,3102,0,1.172,
26573.3,heavy,3103,0,3.367,
26576.7,heavy,3101,1,3.611,
26580.0,heavy,3102,0,1.788,
26583.3,heavy,3103,0,3.008,
26586.7,heavy,3101,1,1.743,
26590.0,heavy,3102,0,0.819,
26593.3,heavy,3103,1,3.964,
26596.7,heavy,3101,0,3.166,
26600.0,heavy,3102,0,1.151,
26600.0,light-1,3103,1,1.144,
26600.0,light-2,3101,1,1.189,
26600.0,light-3,3102,1,1.288,
26600.0,light-5,3101,1,1.396,
26600.0,light-4,3103,1,3.748,
26603.3,heavy,3102,1,1.229,
26606.7,heavy,3103,0,3.451,
26610.0,heavy,3101,1,4.243,
26613.3,heavy,3102,0,1.177,
26616.7,heavy,3103,0,3.380,
26620.0,heavy,3101,0,3.817,
26623.3,heavy,3102,1,1.408,
26626.7,heavy,3103,0,3.531,
26630.0,heavy,3101,0,3.296,
26633.3,heavy,3102,1,1.539,
26636.7,heavy,3103,0,3.378,
26640.0,heavy,3101,0,3.588,
26643.3,heavy,3102,1,1.155,
26646.7,heavy,3103,0,2.903,
26650.0,heavy,3101,0,3.566,
26653.3,heavy,3102,1,1.276,
26656.7,heavy,3103,0,3.023,
26660.0,heavy,3101,0,2.076,
26663.3,heavy,3102,1,1.623,
26666.7,heavy,3103,0,3.145,
26670.0,heavy,3101,0,3.626,
26673.3,heavy,3102,1,1.606,
26676.7,heavy,3103,0,3.397,
26680.0,heavy,3101,0,3.448,
26683.3,heavy,3102,1,1.194,
26686.7,heavy,3103,0,3.296,
26690.0,heavy,3101,1,4.072,
26693.3,heavy,3102,0,1.012,
26696.7,heavy,3103,0,3.103,
26700.0,heavy,3101,0,3.329,
26700.0,light-2,3103,1,1.910,
26700.0,light-1,3102,1,2.200,
26700.0,light-4,3102,1,2.148,
26700.0,light-5,3103,1,2.266,
26700.0,light-3,3101,1,2.753,
26703.3,heavy,3101,1,3.848,
26706.7,heavy,3102,0,1.116,
26710.0,heavy,3103,0,3.190,
26713.3,heavy,3101,1,3.765,
26716.7,heavy,3102,0,0.861,
26720.0,heavy,3103,0,3.017,
26723.3,heavy,3101,1,3.875,
26726.7,heavy,3102,0,0.930,
26730.0,heavy,3103,0,4.746,
26733.3,heavy,3101,0,3.339,
26736.7,heavy,3102,1,1.313,
26740.0,heavy,3103,1,5.207,
26743.3,heavy,3101,0,4.034,
26746.7,heavy,3102,0,1.338,
26750.0,heavy,3103,0,3.659,
26753.3,heavy,3101,1,3.807,
26756.7,heavy,3102,0,0.905,
26760.0,heavy,3103,0,4.320,
26763.3,heavy,3101,0,4.808,
26766.7,heavy,3102,1,1.575,
26770.0,heavy,3103,0,4.062,
26773.3,heavy,3101,1,4.535,
26776.7,heavy,3102,0,1.174,
26780.0,heavy,3103,1,4.844,
26783.3,heavy,3101,0,3.900,
26786.7,heavy,3102,0,1.386,
26790.0,heavy,3103,0,3.416,
26793.3,heavy,3101,1,3.506,
26796.7,heavy,3102,0,1.007,
26800.0,heavy,3103,1,6.893,
26800.0,light-1,3101,1,1.326,
26800.0,light-3,3103,1,2.403,
26800.0,light-4,3101,1,5.804,
26800.0,light-2,3102,1,6.406,
26800.0,light-5,3102,1,7.219,
26803.3,heavy,3103,0,4.141,
26806.7,heavy,3101,0,3.179,
26810.0,heavy,3102,0,1.185,
26813.3,heavy,3103,1,4.062,
26816.7,heavy,3101,0,3.400,
26820.0,heavy,3102,0,1.241,
26823.3,heavy,3103,0,4.117,
26826.7,heavy,3101,1,4.347,
26830.0,heavy,3102,1,1.362,
26833.3,heavy,3103,0,2.756,
26836.7,heavy,3101,0,2.263,
26840.0,heavy,3102,1,1.590,
26843.3,heavy,3103,0,3.479,
26846.7,heavy,3101,0,3.303,
26850.0,heavy,3102,0,1.733,
26853.3,heavy,3103,0,4.329,
26856.7,heavy,3101,1,5.221,
26860.0,heavy,3102,1,1.596,
26863.3,heavy,3103,0,4.706,
26866.7,heavy,3101,0,3.526,
26870.0,heavy,3102,0,2.071,
26873.3,heavy,3103,0,4.255,
26876.7,heavy,3101,0,4.547,
26880.0,heavy,3102,1,1.507,
26883.3,heavy,3103,1,4.343,
26886.7,heavy,3101,0,3.229,
26890.0,heavy,3102,0,0.934,
26893.3,heavy,3103,1,3.482,
26896.7,heavy,3101,0,3.454,
26900.0,heavy,3102,0,1.623,
26900.0,light-1,3103,1,1.619,
26900.0,light-2,3101,1,1.688,
26900.0,light-3,3102,1,1.733,
26900.0,light-5,3101,1,1.737,
26900.0,light-4,3103,1,1.862,
26903.3,heavy,3102,1,1.448,
26906.7,heavy,3103,0,3.400,
26910.0,heavy,3101,1,3.820,
26913.3,heavy,3102,0,1.358,
26916.7,heavy,3103,0,3.749,
26920.0,heavy,3101,0,4.133,
26923.3,heavy,3102,1,1.395,
26926.7,heavy,3103,0,3.836,
26930.0,heavy,3101,0,3.035,
26933.3,heavy,3102,1,1.313,
26936.7,heavy,3103,0,4.343,
26940.0,heavy,3101,1,4.711,
26943.3,heavy,3102,0,1.374,
26946.7,heavy,3103,0,3.828,
26950.0,heavy,3101,1,4.652,
26953.3,heavy,3102,0,1.146,
26956.7,heavy,3103,0,4.163,
26960.0,heavy,3101,1,4.087,
26963.3,heavy,3102,0,1.119,
26966.7,heavy,3103,0,3.783,
26970.0,heavy,3101,0,3.997,
26973.3,heavy,3102,1,1.505,
26976.7,heavy,3103,0,4.864,
26980.0,heavy,3101,0,4.009,
26983.3,heavy,3102,1,1.490,
26986.7,heavy,3103,0,4.617,
26990.0,heavy,3101,1,4.969,
26993.3,heavy,3102,0,1.026,
26996.7,heavy,3103,0,3.951,
27000.0,heavy,3101,1,6.860,
27000.0,light-2,3103,1,1.395,
27000.0,light-4,3102,1,3.139,
27000.0,light-1,3102,1,5.983,
27000.0,light-5,3103,1,6.341,
27000.0,light-3,3101,1,8.125,
27003.3,heavy,3101,0,6.138,
27006.7,heavy,3102,0,0.740,
27010.0,heavy,3103,0,3.564,
27013.3,heavy,3101,1,4.182,
27016.7,heavy,3102,0,1.054,
27020.0,heavy,3103,1,4.819,
27023.3,heavy,3101,0,3.936,
27026.7,heavy,3102,1,1.424,
27030.0,heavy,3103,0,4.585,
27033.3,heavy,3101,0,4.279,
27036.7,heavy,3102,0,0.847,
27040.0,heavy,3103,0,4.226,
27043.3,heavy,3101,0,3.329,
27046.7,heavy,3102,1,1.220,
27050.0,heavy,3103,0,3.969,
27053.3,heavy,3101,1,3.575,
27056.7,heavy,3102,0,0.829,
27060.0,heavy,3103,0,3.428,
27063.3,heavy,3101,0,2.974,
27066.7,heavy,3102,1,0.982,
27070.0,heavy,3103,0,3.218,
27073.3,heavy,3101,1,3.892,
27076.7,heavy,3102,1,1.078,
27080.0,heavy,3103,0,3.131,
27083.3,heavy,3101,0,2.260,
27086.7,heavy,3102,0,1.241,
27090.0,heavy,3103,0,4.341,
27093.3,heavy,3101,0,2.963,
27096.7,heavy,3102,1,1.084,
27100.0,heavy,3103,0,3.375,
27100.0,light-1,3101,1,1.157,
27100.0,light-2,3102,1,1.243,
27100.0,light-5,3102,1,1.377,
27100.0,light-4,3101,1,1.549,
27100.0,light-3,3103,1,2.293,
27103.3,heavy,3103,1,3.183,
27106.7,heavy,3101,0,3.377,
27110.0,heavy,3102,0,0.936,
27113.3,heavy,3103,1,4.162,
27116.7,heavy,3101,0,3.284,
27120.0,heavy,3102,1,1.246,
27123.3,heavy,3103,0,3.843,
27126.7,heavy,3101,0,3.601,
27130.0,heavy,3102,0,0.999,
27133.3,heavy,3103,0,3.599,
27136.7,heavy,3101,1,3.988,
27140.0,heavy,3102,1,1.537,
27143.3,heavy,3103,0,3.751,
27146.7,heavy,3101,0,1.862,
27150.0,heavy,3102,1,1.458,
27153.3,heavy,3103,0,3.960,
27156.7,heavy,3101,0,3.344,
27160.0,heavy,3102,0,1.061,
27163.3,heavy,3103,1,3.624,
27166.7,heavy,3101,0,3.350,
27170.0,heavy,3102,0,1.004,
27173.3,heavy,3103,1,3.298,
27176.7,heavy,3101,0,3.231,
27180.0,heavy,3102,0,0.997,
27183.3,heavy,3103,0,2.797,
27186.7,heavy,3101,0,2.848,
27190.0,heavy,3102,1,0.978,
27193.3,heavy,3103,0,4.023,
27196.7,heavy,3101,1,4.514,
27200.0,heavy,3102,1,1.529,
27200.0,light-2,3102,1,1.882,
27200.0,light-5,3102,1,1.952,
27200.0,light-1,3101,1,2.398,
27200.0,light-3,3103,1,2.464,
27200.0,light-4,3101,1,2.673,
27203.3,heavy,3103,0,3.905,
27206.7,heavy,3103,0,2.484,
27210.0,heavy,3101,0,2.492,
27213.3,heavy,3102,1,1.347,
27216.7,heavy,3103,1,4.233,
27220.0,heavy,3101,0,3.647,
27223.3,heavy,3102,0,1.334,
27226.7,heavy,3103,0,3.051,
27230.0,heavy,3101,0,2.625,
27233.3,heavy,3102,1,1.079,
27236.7,heavy,3103,0,2.498,
27240.0,heavy,3101,0,3.495,
27243.3,heavy,3102,1,1.253,
27246.7,heavy,3103,0,3.403,
27250.0,heavy,3101,0,3.252,
27253.3,heavy,3102,1,0.895,
27256.7,heavy,3103,0,4.223,
27260.0,heavy,3101,0,3.258,
27263.3,heavy,3102,1,1.415,
27266.7,heavy,3103,0,3.831,
27270.0,heavy,3101,0,2.934,
27273.3,heavy,3102,1,1.140,
27276.7,heavy,3103,0,4.069,
27280.0,heavy,3101,1,4.519,
27283.3,heavy,3102,0,1.370,
27286.7,heavy,3103,0,2.966,
27290.0,heavy,3101,0,3.559,
27293.3,heavy,3102,1,0.906,
27296.7,heavy,3103,0,3.185,
27300.0,heavy,3101,1,4.436,
27300.0,light-1,3102,1,1.297,
27300.0,light-2,3103,1,1.432,
27300.0,light-4,3102,1,1.482,
27300.0,light-5,3103,1,1.568,
27300.0,light-3,3101,1,2.658,
27303.3,heavy,3101,0,3.193,
27306.7,heavy,3102,0,1.246,
27310.0,heavy,3103,1,4.637,
27313.3,heavy,3101,0,3.872,
27316.7,heavy,3102,0,1.248,
27320.0,heavy,3103,0,3.865,
27323.3,heavy,3101,0,3.400,
27326.7,heavy,3102,1,1.148,
27330.0,heavy,3103,0,3.319,
27333.3,heavy,3101,0,3.766,
27336.7,heavy,3102,1,1.373,
27340.0,heavy,3103,1,4.012,
27343.3,heavy,3101,0,3.672,
27346.7,heavy,3102,0,1.850,
27350.0,heavy,3103,0,3.465,
27353.3,heavy,3101,1,4.064,
27356.7,heavy,3102,1,1.117,
27360.0,heavy,3103,0,3.595,
27363.3,heavy,3101,0,2.525,
27366.7,heavy,3102,0,1.093,
27370.0,heavy,3103,0,4.019,
27373.3,heavy,3101,1,4.303,
27376.7,heavy,3102,0,1.130,
27380.0,heavy,3103,0,2.919,
27383.3,heavy,3101,1,5.059,
27386.7,heavy,3102,1,1.411,
27390.0,heavy,3103,0,3.800,
27393.3,heavy,3101,0,2.558,
27396.7,heavy,3102,0,1.077,
27400.0,heavy,3103,0,5.294,
27400.0,light-4,3103,1,3.616,
27400.0,light-5,3101,1,4.062,
27400.0,light-3,3102,1,5.096,
27400.0,light-2,3101,1,5.833,
27400.0,light-1,3103,1,5.998,
27403.3,heavy,3101,0,4.873,
27406.7,heavy,3102,1,1.543,
27410.0,heavy,3102,0,1.619,
27413.3,heavy,3103,1,4.824,
27416.7,heavy,3101,0,3.974,
27420.0,heavy,3102,1,1.299,
27423.3,heavy,3103,0,3.278,
27426.7,heavy,3101,0,2.925,
27430.0,heavy,3102,0,0.931,
27433.3,heavy,3103,1,3.648,
27436.7,heavy,3101,0,2.967,
27440.0,heavy,3102,0,0.982,
27443.3,heavy,3103,0,3.424,
27446.7,heavy,3101,1,3.766,
27450.0,heavy,3102,1,1.107,
27453.3,heavy,3103,0,3.522,
27456.7,heavy,3101,0,2.189,
27460.0,heavy,3102,1,1.502,
27463.3,heavy,3103,0,3.639,
27466.7,heavy,3101,0,3.384,
27470.0,heavy,3102,0,0.990,
27473.3,heavy,3103,1,13.886,
27476.7,heavy,3101,0,3.668,
27480.0,heavy,3102,1,1.348,
27483.3,heavy,3103,0,14.180,
27486.7,heavy,3101,0,2.659,
27490.0,heavy,3102,0,0.917,
27493.3,heavy,3103,1,2.195,
27496.7,heavy,3101,0,3.096,
27500.0,heavy,3102,0,1.144,
27500.0,light-3,3102,1,0.949,
27500.0,light-2,3101,1,1.100,
27500.0,light-1,3103,1,1.284,
27500.0,light-4,3103,1,1.195,
27500.0,light-5,3101,1,1.253,
27503.3,heavy,3102,1,1.567,
27506.7,heavy,3103,0,3.868,
27510.0,heavy,3101,0,3.462,
27513.3,heavy,3102,1,1.581,
27516.7,heavy,3103,0,3.328,
27520.0,heavy,3101,0,2.190,
27523.3,heavy,3102,1,1.294,
27526.7,heavy,3103,0,3.702,
27530.0,heavy,3101,1,4.209,
27533.3,heavy,3102,0,1.154,
27536.7,heavy,3103,0,2.093,
27540.0,heavy,3101,0,3.673,
27543.3,heavy,3102,1,1.483,
27546.7,heavy,3103,0,4.556,
27550.0,heavy,3101,0,2.484,
27553.3,heavy,3102,1,0.752,
27556.7,heavy,3103,1,4.090,
27560.0,heavy,3101,0,3.279,
27563.3,heavy,3102,0,0.981,
27566.7,heavy,3103,0,3.267,
27570.0,heavy,3101,0,3.285,
27573.3,heavy,3102,1,1.223,
27576.7,heavy,3103,0,3.077,
27580.0,heavy,3101,0,2.043,
27583.3,heavy,3102,1,1.424,
27586.7,heavy,3103,0,3.123,
27590.0,heavy,3101,0,3.527,
27593.3,heavy,3102,1,1.298,
27596.7,heavy,3103,0,3.303,
27600.0,heavy,3101,0,4.097,
27600.0,light-1,3102,1,1.246,
27600.0,light-2,3103,1,1.349,
27600.0,light-4,3102,1,1.395,
27600.0,light-5,3103,1,1.454,
27600.0,light-3,3101,1,3.260,
27603.3,heavy,3101,1,3.502,
27606.7,heavy,3102,0,0.751,
27610.0,heavy,3103,0,3.403,
27613.3,heavy,3101,1,3.819,
27616.7,heavy,3102,1,1.294,
27620.0,heavy,3103,0,3.539,
27623.3,heavy,3101,0,3.803,
27626.7,heavy,3102,0,0.971,
27630.0,heavy,3103,0,4.090,
27633.3,heavy,3101,0,4.443,
27636.7,heavy,3102,1,1.258,
27640.0,heavy,3103,0,4.231,
27643.3,heavy,3101,1,3.695,
27646.7,heavy,3102,0,0.889,
27650.0,heavy,3103,0,3.514,
27653.3,heavy,3101,1,3.778,
27656.7,heavy,3102,0,1.115,
27660.0,heavy,3103,0,3.165,
27663.3,heavy,3101,1,3.883,
27666.7,heavy,3102,0,0.960,
27670.0,heavy,3103,1,3.416,
27673.3,heavy,3101,0,3.043,
27676.7,heavy,3102,0,0.971,
27680.0,heavy,3103,0,3.391,
27683.3,heavy,3101,0,3.505,
27686.7,heavy,3102,1,1.345,
27690.0,heavy,3103,0,2.684,
27693.3,heavy,3101,1,4.030,
27696.7,heavy,3102,0,1.139,
27700.0,heavy,3103,0,4.058,
27700.0,light-1,3102,1,1.555,
27700.0,light-4,3102,1,1.673,
27700.0,light-3,3101,1,2.718,
27700.0,light-2,3103,1,2.954,
27700.0,light-5,3103,1,3.332,
27703.3,heavy,3101,1,3.944,
27706.7,heavy,3101,0,2.749,
27710.0,heavy,3102,1,1.273,
27713.3,heavy,3103,0,3.104,
27716.7,heavy,3101,0,2.633,
27720.0,heavy,3102,0,0.796,
27723.3,heavy,3103,1,4.433,
27726.7,heavy,3101,0,3.594,
27730.0,heavy,3102,1,1.178,
27733.3,heavy,3103,0,4.227,
27736.7,heavy,3101,0,3.385,
27740.0,heavy,3102,0,0.908,
27743.3,heavy,3103,0,3.589,
27746.7,heavy,3101,0,2.681,
27750.0,heavy,3102,1,1.635,
27753.3,heavy,3103,1,3.786,
27756.7,heavy,3101,0,3.720,
27760.0,heavy,3102,0,1.309,
27763.3,heavy,3103,1,3.341,
27766.7,heavy,3101,0,2.818,
27770.0,heavy,3102,0,0.914,
27773.3,heavy,3103,1,3.697,
27776.7,heavy,3101,0,2.958,
27780.0,heavy,3102,0,0.977,
27783.3,heavy,3103,1,4.089,
27786.7,heavy,3101,0,3.523,
27790.0,heavy,3102,1,1.373,
27793.3,heavy,3103,0,3.852,
27796.7,heavy,3101,0,2.265,
27800.0,heavy,3102,0,1.925,
27800.0,light-2,3101,1,1.950,
27800.0,light-3,3102,1,2.131,
27800.0,light-1,3103,1,2.385,
27800.0,light-5,3101,1,2.388,
27800.0,light-4,3103,1,4.490,
27803.3,heavy,3102,1,1.379,
27806.7,heavy,3103,0,4.090,
27810.0,heavy,3101,1,4.405,
27813.3,heavy,3102,0,1.746,
27816.7,heavy,3103,0,3.800,
27820.0,heavy,3101,1,4.598,
27823.3,heavy,3102,0,2.979,
27826.7,heavy,3103,0,6.080,
27830.0,heavy,3101,1,23.953,
27833.3,heavy,3102,1,1.269,
27836.7,heavy,3103,0,3.561,
27840.0,heavy,3101,0,14.029,
27843.3,heavy,3102,1,1.418,
27846.7,heavy,3103,0,2.850,
27850.0,heavy,3101,0,7.998,
27853.3,heavy,3102,0,0.893,
27856.7,heavy,3103,0,3.324,
27860.0,heavy,3101,0,3.688,
27863.3,heavy,3102,1,1.330,
27866.7,heavy,3103,0,3.787,
27870.0,heavy,3101,0,3.840,
27873.3,heavy,3102,1,1.687,
27876.7,heavy,3103,0,3.560,
27880.0,heavy,3101,0,3.720,
27883.3,heavy,3102,1,1.368,
27886.7,heavy,3103,0,5.301,
27890.0,heavy,3101,0,4.066,
27893.3,heavy,3102,1,1.802,
27896.7,heavy,3103,0,5.013,
27900.0,heavy,3101,1,3.954,
27900.0,light-2,3103,1,1.003,
27900.0,light-5,3103,1,1.250,
27900.0,light-1,3102,1,1.521,
27900.0,light-4,3102,1,1.753,
27900.0,light-3,3101,1,1.989,
27903.3,heavy,3101,0,3.569,
27906.7,heavy,3102,0,1.140,
27910.0,heavy,3103,0,4.050,
27913.3,heavy,3101,1,4.223,
27916.7,heavy,3102,0,0.954,
27920.0,heavy,3103,0,4.589,
27923.3,heavy,3101,0,3.631,
27926.7,heavy,3102,1,1.428,
27930.0,heavy,3103,0,2.798,
27933.3,heavy,3101,1,4.483,
27936.7,heavy,3102,0,0.957,
27940.0,heavy,3103,1,4.278,
27943.3,heavy,3101,0,3.516,
27946.7,heavy,3102,0,1.213,
27950.0,heavy,3103,0,2.931,
27953.3,heavy,3101,0,3.276,
27956.7,heavy,3102,1,1.147,
27960.0,heavy,3103,0,3.673,
27963.3,heavy,3101,1,3.347,
27966.7,heavy,3102,0,0.829,
27970.0,heavy,3103,1,3.915,
27973.3,heavy,3101,0,3.203,
27976.7,heavy,3102,0,1.080,
27980.0,heavy,3103,0,3.375,
27983.3,heavy,3101,1,4.102,
27986.7,heavy,3102,0,0.794,
27990.0,heavy,3103,1,3.663,
27993.3,heavy,3101,0,3.575,
27996.7,heavy,3102,0,0.963,
28000.0,heavy,3103,1,5.844,
28000.0,light-1,3101,1,1.363,
28000.0,light-3,3103,1,2.758,
28000.0,light-4,3101,1,5.233,
28000.0,light-2,3102,1,5.570,
28000.0,light-5,3102,1,5.780,
28003.3,heavy,3103,0,2.921,
28006.7,heavy,3101,0,3.235,
28010.0,heavy,3102,1,1.382,
28013.3,heavy,3103,0,3.271,
28016.7,heavy,3101,0,3.130,
28020.0,heavy,3102,1,1.389,
28023.3,heavy,3103,0,2.479,
28026.7,heavy,3101,0,3.309,
28030.0,heavy,3102,1,1.153,
28033.3,heavy,3103,0,3.637,
28036.7,heavy,3101,0,3.461,
28040.0,heavy,3102,0,0.794,
28043.3,heavy,3103,0,5.519,
28046.7,heavy,3101,1,4.597,
28050.0,heavy,3102,1,1.988,
28053.3,heavy,3103,0,5.250,
28056.7,heavy,3101,0,2.967,
28060.0,heavy,3102,0,0.659,
28063.3,heavy,3103,0,3.881,
28066.7,heavy,3101,0,4.119,
28070.0,heavy,3102,1,1.083,
28073.3,heavy,3103,1,3.669,
28076.7,heavy,3101,0,2.415,
28080.0,heavy,3102,1,1.441,
28083.3,heavy,3103,0,2.966,
28086.7,heavy,3101,0,3.045,
28090.0,heavy,3102,0,1.254,
28093.3,heavy,3103,0,3.977,
28096.7,heavy,3101,0,3.254,
28100.0,heavy,3102,1,1.377,
28100.0,light-3,3102,1,1.544,
28100.0,light-1,3103,1,2.004,
28100.0,light-2,3101,1,2.140,
28100.0,light-5,3101,1,2.200,
28100.0,light-4,3103,1,2.326,
28103.3,heavy,3102,1,0.769,
28106.7,heavy,3103,0,3.170,
28110.0,heavy,3101,0,3.198,
28113.3,heavy,3102,1,1.121,
28116.7,heavy,3103,0,2.661,
28120.0,heavy,3101,0,3.422,
28123.3,heavy,3102,1,1.159,
28126.7,heavy,3103,0,3.397,
28130.0,heavy,3101,0,3.246,
28133.3,heavy,3102,1,1.011,
28136.7,heavy,3103,0,3.774,
28140.0,heavy,3101,0,3.051,
28143.3,heavy,3102,1,1.333,
28146.7,heavy,3103,0,3.590,
28150.0,heavy,3101,0,2.862,
28153.3,heavy,3102,1,1.337,
28156.7,heavy,3103,1,4.186,
28160.0,heavy,3101,0,3.371,
28163.3,heavy,3102,0,1.114,
28166.7,heavy,3103,0,2.538,
28170.0,heavy,3101,0,3.837,
28173.3,heavy,3102,1,1.301,
28176.7,heavy,3103,0,3.359,
28180.0,heavy,3101,0,2.378,
28183.3,heavy,3102,1,1.654,
28186.7,heavy,3103,0,3.460,
28190.0,heavy,3101,0,3.883,
28193.3,heavy,3102,1,1.581,
28196.7,heavy,3103,0,2.921,
28200.0,heavy,3101,1,5.326,
28200.0,light-2,3103,1,1.329,
28200.0,light-4,3102,1,2.349,
28200.0,light-5,3103,1,4.470,
28200.0,light-1,3102,1,4.833,
28200.0,light-3,3101,1,7.019,
28203.3,heavy,3101,0,5.444,
28206.7,heavy,3102,0,0.964,
28210.0,heavy,3103,1,3.910,
28213.3,heavy,3101,0,3.033,
28216.7,heavy,3102,1,1.086,
28220.0,heavy,3103,0,3.668,
28223.3,heavy,3101,0,3.365,
28226.7,heavy,3102,0,1.144,
28230.0,heavy,3103,0,2.925,
28233.3,heavy,3101,0,3.106,
28236.7,heavy,3102,1,1.164,
28240.0,heavy,3103,0,3.136,
28243.3,heavy,3101,1,3.332,
28246.7,heavy,3102,0,0.798,
28250.0,heavy,3103,0,2.994,
28253.3,heavy,3101,0,3.336,
28256.7,heavy,3102,1,1.054,
28260.0,heavy,3103,0,3.157,
28263.3,heavy,3101,1,3.566,
28266.7,heavy,3102,0,1.023,
28270.0,heavy,3103,1,3.573,
28273.3,heavy,3101,0,2.535,
28276.7,heavy,3102,0,0.739,
28280.0,heavy,3103,0,3.277,
28283.3,heavy,3101,0,2.674,
28286.7,heavy,3102,1,1.037,
28290.0,heavy,3103,0,2.361,
28293.3,heavy,3101,1,3.502,
28296.7,heavy,3102,0,0.788,
28300.0,heavy,3103,1,4.326,
28300.0,light-1,3102,1,1.385,
28300.0,light-4,3102,1,1.498,
28300.0,light-2,3103,1,2.543,
28300.0,light-3,3101,1,2.858,
28300.0,light-5,3103,1,2.863,
28303.3,heavy,3101,0,3.374,
28306.7,heavy,3101,0,3.270,
28310.0,heavy,3102,0,0.679,
28313.3,heavy,3103,0,6.279,
28316.7,heavy,3101,1,2.972,
28320.0,heavy,3102,1,0.614,
28323.3,heavy,3103,0,2.691,
28326.7,heavy,3101,0,2.479,
28330.0,heavy,3102,0,1.128,
28333.3,heavy,3103,1,3.534,
28336.7,heavy,3101,0,3.138,
28340.0,heavy,3102,0,0.772,
28343.3,heavy,3103,0,3.770,
28346.7,heavy,3101,0,3.052,
28350.0,heavy,3102,1,1.162,
28353.3,heavy,3103,1,3.039,
28356.7,heavy,3101,0,2.732,
28360.0,heavy,3102,0,0.928,
28363.3,heavy,3103,1,4.103,
28366.7,heavy,3101,0,2.609,
28370.0,heavy,3102,0,0.892,
28373.3,heavy,3103,1,4.283,
28376.7,heavy,3101,0,3.628,
28380.0,heavy,3102,1,1.310,
28383.3,heavy,3103,0,3.202,
28386.7,heavy,3101,0,2.872,
28390.0,heavy,3102,0,1.034,
28393.3,heavy,3103,1,3.750,
28396.7,heavy,3101,0,3.954,
28400.0,heavy,3102,0,1.308,
28400.0,light-3,3102,1,1.463,
28400.0,light-1,3103,1,1.689,
28400.0,light-4,3103,1,1.726,
28400.0,light-2,3101,1,2.450,
28400.0,light-5,3101,1,2.576,
28403.3,heavy,3102,1,0.963,
28406.7,heavy,3103,1,3.908,
28410.0,heavy,3101,0,3.174,
28413.3,heavy,3102,0,1.125,
28416.7,heavy,3103,0,2.994,
28420.0,heavy,3101,0,3.013,
28423.3,heavy,3102,1,1.141,
28426.7,heavy,3103,0,2.773,
28430.0,heavy,3101,1,3.828,
28433.3,heavy,3102,1,1.309,
28436.7,heavy,3103,0,3.124,
28440.0,heavy,3101,0,4.056,
28443.3,heavy,3102,0,1.405,
28446.7,heavy,3103,0,2.659,
28450.0,heavy,3101,0,4.677,
28453.3,heavy,3102,1,1.827,
28456.7,heavy,3103,0,4.001,
28460.0,heavy,3101,0,2.608,
28463.3,heavy,3102,1,1.217,
28466.7,heavy,3103,0,2.889,
28470.0,heavy,3101,0,3.271,
28473.3,heavy,3102,1,1.180,
28476.7,heavy,3103,0,3.180,
28480.0,heavy,3101,0,3.032,
28483.3,heavy,3102,1,1.089,
28486.7,heavy,3103,0,2.939,
28490.0,heavy,3101,0,2.505,
28493.3,heavy,3102,1,1.191,
28496.7,heavy,3103,0,4.646,
28500.0,heavy,3101,0,4.101,
28500.0,light-4,3103,1,2.987,
28500.0,light-5,3101,1,3.102,
28500.0,light-3,3102,1,4.094,
28500.0,light-2,3101,1,5.002,
28500.0,light-1,3103,1,5.202,
28503.3,heavy,3102,1,1.275,
28506.7,heavy,3102,0,1.493,
28510.0,heavy,3103,0,2.946,
28513.3,heavy,3101,0,2.593,
28516.7,heavy,3102,1,1.015,
28520.0,heavy,3103,0,1.785,
28523.3,heavy,3101,1,4.309,
28526.7,heavy,3102,1,1.380,
28530.0,heavy,3103,0,3.509,
28533.3,heavy,3101,0,3.981,
28536.7,heavy,3102,0,1.173,
28540.0,heavy,3103,0,3.069,
28543.3,heavy,3101,0,3.053,
28546.7,heavy,3102,1,1.566,
28550.0,heavy,3103,0,3.192,
28553.3,heavy,3101,1,3.558,
28556.7,heavy,3102,0,1.128,
28560.0,heavy,3103,0,3.195,
28563.3,heavy,3101,0,2.643,
28566.7,heavy,3102,1,1.198,
28570.0,heavy,3103,1,4.360,
28573.3,heavy,3101,0,3.585,
28576.7,heavy,3102,1,1.246,
28580.0,heavy,3103,0,4.115,
28583.3,heavy,3101,0,3.148,
28586.7,heavy,3102,0,1.107,
28590.0,heavy,3103,0,4.307,
28593.3,heavy,3101,0,3.149,
28596.7,heavy,3102,1,1.227,
28600.0,heavy,3103,0,3.044,
28600.0,light-2,3102,1,0.872,
28600.0,light-1,3101,1,1.064,
28600.0,light-5,3102,1,1.083,
28600.0,light-4,3101,1,1.669,
28600.0,light-3,3103,1,2.143,
28603.3,heavy,3103,1,3.860,
28606.7,heavy,3101,0,3.221,
28610.0,heavy,3102,0,0.896,
28613.3,heavy,3103,1,3.734,
28616.7,heavy,3101,0,2.702,
28620.0,heavy,3102,0,0.873,
28623.3,heavy,3103,0,3.711,
28626.7,heavy,3101,1,3.921,
28630.0,heavy,3102,0,1.093,
28633.3,heavy,3103,0,3.157,
28636.7,heavy,3101,1,1.354,
28640.0,heavy,3102,1,1.608,
28643.3,heavy,3103,0,3.143,
28646.7,heavy,3101,0,3.061,
28650.0,heavy,3102,0,1.007,
28653.3,heavy,3103,0,3.668,
28656.7,heavy,3101,0,2.944,
28660.0,heavy,3102,1,1.185,
28663.3,heavy,3103,1,3.457,
28666.7,heavy,3101,0,3.452,
28670.0,heavy,3102,0,1.104,
28673.3,heavy,3103,1,4.383,
28676.7,heavy,3101,0,2.715,
28680.0,heavy,3102,0,0.876,
28683.3,heavy,3103,1,3.979,
28686.7,heavy,3101,0,3.420,
28690.0,heavy,3102,0,0.981,
28693.3,heavy,3103,1,4.290,
28696.7,heavy,3101,0,3.063,
28700.0,heavy,3102,1,1.308,
28700.0,light-1,3102,1,1.422,
28700.0,light-4,3102,1,1.686,
28700.0,light-3,3101,1,2.046,
28700.0,light-2,3103,1,2.204,
28700.0,light-5,3103,1,2.236,
28703.3,heavy,3103,0,4.180,
28706.7,heavy,3101,0,3.051,
28710.0,heavy,3101,1,5.562,
28713.3,heavy,3102,0,0.900,
28716.7,heavy,3103,1,3.435,
28720.0,heavy,3101,0,2.745,
28723.3,heavy,3102,0,0.938,
28726.7,heavy,3103,0,3.203,
28730.0,heavy,3101,0,3.610,
28733.3,heavy,3102,1,1.195,
28736.7,heavy,3103,0,3.343,
28740.0,heavy,3101,0,2.790,
28743.3,heavy,3102,1,1.363,
28746.7,heavy,3103,0,3.247,
28750.0,heavy,3101,0,2.793,
28753.3,heavy,3102,1,1.105,
28756.7,heavy,3103,0,3.349,
28760.0,heavy,3101,0,3.603,
28763.3,heavy,3102,1,1.785,
28766.7,heavy,3103,0,3.290,
28770.0,heavy,3101,0,1.835,
28773.3,heavy,3102,1,2.136,
28776.7,heavy,3103,0,3.514,
28780.0,heavy,3101,0,3.524,
28783.3,heavy,3102,1,1.851,
28786.7,heavy,3103,0,2.452,
28790.0,heavy,3101,0,3.503,
28793.3,heavy,3102,1,1.318,
28796.7,heavy,3103,0,4.363,
28800.0,heavy,3101,1,4.422,
28800.0,light-1,3102,1,1.254,
28800.0,light-4,3102,1,1.596,
28800.0,light-2,3103,1,2.724,
28800.0,light-5,3103,1,3.278,
28800.0,light-3,3101,1,3.501,
28803.3,heavy,3101,0,2.852,
28806.7,heavy,3102,0,0.807,
28810.0,heavy,3103,1,3.989,
28813.3,heavy,3101,0,3.135,
28816.7,heavy,3102,0,1.201,
28820.0,heavy,3103,0,2.778,
28823.3,heavy,3101,0,2.817,
28826.7,heavy,3102,1,1.000,
28830.0,heavy,3103,0,1.603,
28833.3,heavy,3101,0,4.204,
28836.7,heavy,3102,1,1.427,
28840.0,heavy,3103,0,4.156,
28843.3,heavy,3101,0,3.989,
28846.7,heavy,3102,1,1.271,
28850.0,heavy,3103,0,3.205,
28853.3,heavy,3101,0,3.567,
28856.7,heavy,3102,1,1.072,
28860.0,heavy,3103,0,3.296,
28863.3,heavy,3101,1,3.872,
28866.7,heavy,3102,0,1.215,
28870.0,heavy,3103,1,4.027,
28873.3,heavy,3101,0,3.315,
28876.7,heavy,3102,0,1.288,
28880.0,heavy,3103,0,2.709,
28883.3,heavy,3101,1,3.932,
28886.7,heavy,3102,1,1.360,
28890.0,heavy,3103,0,3.356,
28893.3,heavy,3101,0,2.351,
28896.7,heavy,3102,1,1.754,
28900.0,heavy,3103,0,4.043,
28900.0,light-3,3102,1,1.878,
28900.0,light-1,3103,1,2.492,
28900.0,light-2,3101,1,2.641,
28900.0,light-5,3101,1,2.985,
28900.0,light-4,3103,1,5.198,
28903.3,heavy,3101,0,3.586,
28906.7,heavy,3102,0,1.806,
28910.0,heavy,3102,0,1.025,
28913.3,heavy,3103,1,4.489,
28916.7,heavy,3101,0,3.692,
28920.0,heavy,3102,1,1.148,
28923.3,heavy,3103,0,2.667,
28926.7,heavy,3101,0,3.716,
28930.0,heavy,3102,1,1.051,
28933.3,heavy,3103,0,3.319,
28936.7,heavy,3101,0,2.621,
28940.0,heavy,3102,0,0.703,
28943.3,heavy,3103,1,4.096,
28946.7,heavy,3101,0,3.352,
28950.0,heavy,3102,1,1.305,
28953.3,heavy,3103,0,3.866,
28956.7,heavy,3101,0,3.133,
28960.0,heavy,3102,0,0.995,
28963.3,heavy,3103,0,3.265,
28966.7,heavy,3101,0,2.796,
28970.0,heavy,3102,1,0.851,
28973.3,heavy,3103,1,4.651,
28976.7,heavy,3101,0,3.946,
28980.0,heavy,3102,1,1.756,
28983.3,heavy,3103,0,4.654,
28986.7,heavy,3101,0,2.250,
28990.0,heavy,3102,0,1.486,
28993.3,heavy,3103,0,5.394,
28996.7,heavy,3101,1,5.284,
29000.0,heavy,3102,1,1.748,
29000.0,light-3,3102,1,1.670,
29000.0,light-2,3101,1,2.859,
29000.0,light-5,3101,1,2.799,
29000.0,light-1,3103,1,3.772,
29000.0,light-4,3103,1,3.515,
29003.3,heavy,3102,0,0.672,
29006.7,heavy,3103,0,4.877,
29010.0,heavy,3101,0,3.290,
29013.3,heavy,3102,1,1.234,
29016.7,heavy,3103,0,4.459,
29020.0,heavy,3101,0,2.759,
29023.3,heavy,3102,1,1.604,
29026.7,heavy,3103,0,4.033,
29030.0,heavy,3101,0,4.535,
29033.3,heavy,3102,1,1.329,
29036.7,heavy,3103,0,4.031,
29040.0,heavy,3101,1,4.897,
29043.3,heavy,3102,0,1.020,
29046.7,heavy,3103,1,6.729,
29050.0,heavy,3101,0,5.133,
29053.3,heavy,3102,1,2.226,
29056.7,heavy,3103,0,6.470,
29060.0,heavy,3101,0,5.169,
29063.3,heavy,3102,0,1.216,
29066.7,heavy,3103,0,3.568,
29070.0,heavy,3101,1,5.251,
29073.3,heavy,3102,0,1.012,
29076.7,heavy,3103,0,3.041,
29080.0,heavy,3101,0,3.169,
29083.3,heavy,3102,1,1.305,
29086.7,heavy,3103,0,3.405,
29090.0,heavy,3101,0,3.364,
29093.3,heavy,3102,1,1.409,
29096.7,heavy,3103,0,3.046,
29100.0,heavy,3101,0,1.933,
29100.0,light-2,3103,1,0.825,
29100.0,light-3,3101,1,0.940,
29100.0,light-1,3102,1,1.161,
29100.0,light-4,3102,1,1.246,
29100.0,light-5,3103,1,1.731,
29103.3,heavy,3101,0,3.644,
29106.7,heavy,3102,1,1.166,
29110.0,heavy,3103,0,3.700,
29113.3,heavy,3101,0,3.535,
29116.7,heavy,3102,1,1.048,
29120.0,heavy,3103,0,3.816,
29123.3,heavy,3101,1,3.336,
29126.7,heavy,3102,1,1.225,
29130.0,heavy,3103,0,3.597,
29133.3,heavy,3101,0,2.459,
29136.7,heavy,3102,1,1.143,
29140.0,heavy,3103,0,3.327,
29143.3,heavy,3101,0,2.796,
29146.7,heavy,3102,0,1.099,
29150.0,heavy,3103,0,3.214,
29153.3,heavy,3101,1,3.877,
29156.7,heavy,3102,0,0.867,
29160.0,heavy,3103,1,3.451,
29163.3,heavy,3101,0,2.848,
29166.7,heavy,3102,0,0.861,
29170.0,heavy,3103,0,3.862,
29173.3,heavy,3101,0,3.084,
29176.7,heavy,3102,1,1.220,
29180.0,heavy,3103,0,3.252,
29183.3,heavy,3101,1,2.619,
29186.7,heavy,3102,0,0.807,
29190.0,heavy,3103,1,4.570,
29193.3,heavy,3101,0,3.773,
29196.7,heavy,3102,0,1.152,
29200.0,heavy,3103,0,3.812,
29200.0,light-3,3102,1,1.788,
29200.0,light-2,3101,1,2.148,
29200.0,light-1,3103,1,2.309,
29200.0,light-5,3101,1,2.342,
29200.0,light-4,3103,1,2.484,
29203.3,heavy,3101,0,3.401,
29206.7,heavy,3102,1,1.547,
29210.0,heavy,3102,0,1.056,
29213.3,heavy,3103,0,3.727,
29216.7,heavy,3101,1,4.317,
29220.0,heavy,3102,1,1.340,
29223.3,heavy,3103,0,3.985,
29226.7,heavy,3101,0,2.237,
29230.0,heavy,3102,0,0.918,
29233.3,heavy,3103,0,3.236,
29236.7,heavy,3101,0,3.112,
29240.0,heavy,3102,1,1.445,
29243.3,heavy,3103,0,3.851,
29246.7,heavy,3101,1,3.950,
29250.0,heavy,3102,1,1.314,
29253.3,heavy,3103,0,3.708,
29256.7,heavy,3101,0,4.449,
29260.0,heavy,3102,0,1.380,
29263.3,heavy,3103,1,4.936,
29266.7,heavy,3101,0,4.329,
29270.0,heavy,3102,1,1.506,
29273.3,heavy,3103,0,3.178,
29276.7,heavy,3101,0,4.103,
29280.0,heavy,3102,1,1.547,
29283.3,heavy,3103,0,4.420,
29286.7,heavy,3101,0,4.243,
29290.0,heavy,3102,0,1.122,
29293.3,heavy,3103,1,6.739,
29296.7,heavy,3101,0,5.902,
29300.0,heavy,3102,1,1.578,
29300.0,light-1,3101,1,2.598,
29300.0,light-3,3103,1,2.724,
29300.0,light-2,3102,1,6.131,
29300.0,light-4,3101,1,6.908,
29300.0,light-5,3102,1,6.999,
29303.3,heavy,3103,0,6.515,
29306.7,heavy,3103,0,2.768,
29310.0,heavy,3101,0,2.839,
29313.3,heavy,3102,1,1.277,
29316.7,heavy,3103,0,2.994,
29320.0,heavy,3101,0,2.478,
29323.3,heavy,3102,1,1.902,
29326.7,heavy,3103,0,3.113,
29330.0,heavy,3101,0,3.206,
29333.3,heavy,3102,1,1.384,
29336.7,heavy,3103,0,2.678,
29340.0,heavy,3101,0,2.745,
29343.3,heavy,3102,1,1.200,
29346.7,heavy,3103,0,3.557,
29350.0,heavy,3101,0,3.335,
29353.3,heavy,3102,1,1.579,
29356.7,heavy,3103,0,3.443,
29360.0,heavy,3101,0,3.880,
29363.3,heavy,3102,1,1.475,
29366.7,heavy,3103,0,2.840,
29370.0,heavy,3101,0,2.592,
29373.3,heavy,3102,1,0.768,
29376.7,heavy,3103,0,3.292,
29380.0,heavy,3101,0,2.903,
29383.3,heavy,3102,1,0.848,
29386.7,heavy,3103,0,2.687,
29390.0,heavy,3101,0,2.706,
29393.3,heavy,3102,1,1.063,
29396.7,heavy,3103,0,1.439,
29400.0,heavy,3101,1,5.282,
29400.0,light-2,3103,1,2.262,
29400.0,light-4,3102,1,3.131,
29400.0,light-1,3102,1,4.744,
29400.0,light-5,3103,1,5.265,
29400.0,light-3,3101,1,6.561,
29403.3,heavy,3102,1,1.606,
29406.7,heavy,3103,0,4.599,
29410.0,heavy,3101,0,4.984,
29413.3,heavy,3101,0,2.707,
29416.7,heavy,3102,0,0.998,
29420.0,heavy,3103,0,3.042,
29423.3,heavy,3101,0,3.218,
29426.7,heavy,3102,1,1.203,
29430.0,heavy,3103,0,2.648,
29433.3,heavy,3101,1,4.194,
29436.7,heavy,3102,1,0.979,
29440.0,heavy,3103,0,3.336,
29443.3,heavy,3101,0,3.607,
29446.7,heavy,3102,0,1.165,
29450.0,heavy,3103,0,3.025,
29453.3,heavy,3101,0,3.070,
29456.7,heavy,3102,1,1.133,
29460.0,heavy,3103,0,2.259,
29463.3,heavy,3101,1,3.910,
29466.7,heavy,3102,1,1.097,
29470.0,heavy,3103,0,3.117,
29473.3,heavy,3101,0,3.712,
29476.7,heavy,3102,0,0.792,
29480.0,heavy,3103,0,3.553,
29483.3,heavy,3101,0,3.948,
29486.7,heavy,3102,1,1.208,
29490.0,heavy,3103,0,3.728,
29493.3,heavy,3101,1,3.516,
29496.7,heavy,3102,0,0.755,
29500.0,heavy,3103,1,4.611,
29500.0,light-1,3102,1,1.268,
29500.0,light-4,3102,1,1.430,
29500.0,light-2,3103,1,2.307,
29500.0,light-3,3101,1,2.431,
29500.0,light-5,3103,1,2.509,
29503.3,heavy,3101,0,3.649,
29506.7,heavy,3101,0,3.356,
29510.0,heavy,3102,0,0.886,
29513.3,heavy,3103,0,3.915,
29516.7,heavy,3101,1,4.209,
29520.0,heavy,3102,1,1.522,
29523.3,heavy,3103,0,2.365,
29526.7,heavy,3101,0,3.212,
29530.0,heavy,3102,1,1.204,
29533.3,heavy,3103,0,3.570,
29536.7,heavy,3101,0,3.358,
29540.0,heavy,3102,0,0.783,
29543.3,heavy,3103,0,4.132,
29546.7,heavy,3101,1,4.587,
29550.0,heavy,3102,1,1.909,
29553.3,heavy,3103,0,3.881,
29556.7,heavy,3101,0,1.970,
29560.0,heavy,3102,1,1.686,
29563.3,heavy,3103,0,3.291,
29566.7,heavy,3101,0,4.330,
29570.0,heavy,3102,0,1.552,
29573.3,heavy,3103,1,3.736,
29576.7,heavy,3101,0,2.963,
29580.0,heavy,3102,0,0.972,
29583.3,heavy,3103,1,3.913,
29586.7,heavy,3101,0,2.741,
29590.0,heavy,3102,0,1.265,
29593.3,heavy,3103,1,6.133,
29596.7,heavy,3101,0,5.720,
29600.0,heavy,3102,1,1.283,
29600.0,light-4,3103,1,3.662,
29600.0,light-5,3101,1,4.321,
29600.0,light-3,3102,1,5.331,
29600.0,light-2,3101,1,6.108,
29600.0,light-1,3103,1,7.105,
29603.3,heavy,3102,0,2.148,
29606.7,heavy,3103,0,2.844,
29610.0,heavy,3101,0,2.291,
29613.3,heavy,3102,1,1.097,
29616.7,heavy,3103,1,4.161,
29620.0,heavy,3101,0,3.017,
29623.3,heavy,3102,1,1.208,
29626.7,heavy,3103,0,3.940,
29630.0,heavy,3101,0,3.375,
29633.3,heavy,3102,0,1.111,
29636.7,heavy,3103,0,3.358,
29640.0,heavy,3101,0,3.741,
29643.3,heavy,3102,1,1.162,
29646.7,heavy,3103,0,3.503,
29650.0,heavy,3101,0,2.917,
29653.3,heavy,3102,1,1.407,
29656.7,heavy,3103,0,3.155,
29660.0,heavy,3101,0,3.258,
29663.3,heavy,3102,1,0.908,
29666.7,heavy,3103,0,4.073,
29670.0,heavy,3101,0,3.469,
29673.3,heavy,3102,1,1.569,
29676.7,heavy,3103,0,3.752,
29680.0,heavy,3101,0,1.998,
29683.3,heavy,3102,1,1.393,
29686.7,heavy,3103,0,3.275,
29690.0,heavy,3101,0,3.726,
29693.3,heavy,3102,1,1.327,
29696.7,heavy,3103,0,3.148,
29700.0,heavy,3101,0,3.687,
29700.0,light-1,3102,1,1.390,
29700.0,light-2,3103,1,1.533,
29700.0,light-4,3102,1,1.610,
29700.0,light-5,3103,1,1.646,
29700.0,light-3,3101,1,2.543,
29703.3,heavy,3101,1,3.480,
29706.7,heavy,3102,0,0.953,
29710.0,heavy,3103,0,4.598,
29713.3,heavy,3101,1,4.164,
29716.7,heavy,3102,1,1.494,
29720.0,heavy,3103,0,4.451,
29723.3,heavy,3101,0,4.317,
29726.7,heavy,3102,0,1.414,
29730.0,heavy,3103,0,2.199,
29733.3,heavy,3101,0,2.285,
29736.7,heavy,3102,1,0.933,
29740.0,heavy,3103,0,2.228,
29743.3,heavy,3101,0,2.385,
29746.7,heavy,3102,1,1.147,
29750.0,heavy,3103,0,2.481,
29753.3,heavy,3101,0,2.323,
29756.7,heavy,3102,1,0.854,
29760.0,heavy,3103,0,2.324,
29763.3,heavy,3101,1,2.709,
29766.7,heavy,3102,1,0.884,
29770.0,heavy,3103,0,2.383,
29773.3,heavy,3101,0,1.610,
29776.7,heavy,3102,1,1.011,
29780.0,heavy,3103,0,3.486,
29783.3,heavy,3101,0,2.952,
29786.7,heavy,3102,0,0.927,
29790.0,heavy,3103,0,2.473,
29793.3,heavy,3101,1,3.149,
29796.7,heavy,3102,1,1.018,
29800.0,heavy,3103,0,3.223,
29800.0,light-1,3102,1,1.139,
29800.0,light-4,3102,1,1.265,
29800.0,light-3,3101,1,1.736,
29800.0,light-2,3103,1,1.999,
29800.0,light-5,3103,1,2.152,
29803.3,heavy,3101,0,3.065,
29806.7,heavy,3101,0,2.256,
29810.0,heavy,3102,1,3.224,
29813.3,heavy,3103,0,3.501,
29816.7,heavy,3101,0,5.016,
29820.0,heavy,3102,0,1.849,
29823.3,heavy,3103,0,3.918,
29826.7,heavy,3101,1,4.260,
29830.0,heavy,3102,1,1.833,
29833.3,heavy,3103,0,3.994,
29836.7,heavy,3101,0,1.424,
29840.0,heavy,3102,1,1.728,
29843.3,heavy,3103,0,3.210,
29846.7,heavy,3101,0,2.779,
29850.0,heavy,3102,0,1.067,
29853.3,heavy,3103,1,3.924,
29856.7,heavy,3101,0,3.415,
29860.0,heavy,3102,1,1.060,
29863.3,heavy,3103,0,3.702,
29866.7,heavy,3101,0,2.429,
29870.0,heavy,3102,1,1.452,
29873.3,heavy,3103,0,3.560,
29876.7,heavy,3101,1,4.028,
29880.0,heavy,3102,0,1.484,
29883.3,heavy,3103,0,2.887,
29886.7,heavy,3101,0,3.134,
29890.0,heavy,3102,0,0.973,
29893.3,heavy,3103,0,4.080,
29896.7,heavy,3101,1,4.734,
29900.0,heavy,3102,0,1.031,
29900.0,light-1,3103,1,0.964,
29900.0,light-3,3102,1,0.984,
29900.0,light-4,3103,1,1.046,
29900.0,light-2,3101,1,1.488,
29900.0,light-5,3101,1,1.821,
29903.3,heavy,3102,1,1.265,
29906.7,heavy,3103,0,3.263,
29910.0,heavy,3101,1,3.697,
29913.3,heavy,3102,0,0.823,
29916.7,heavy,3103,0,3.104,
29920.0,heavy,3101,0,3.500,
29923.3,heavy,3102,1,1.104,
29926.7,heavy,3103,0,3.272,
29930.0,heavy,3101,0,2.849,
29933.3,heavy,3102,1,1.153,
29936.7,heavy,3103,0,3.640,
29940.0,heavy,3101,0,2.885,
29943.3,heavy,3102,1,1.307,
29946.7,heavy,3103,0,2.793,
29950.0,heavy,3101,0,3.472,
29953.3,heavy,3102,1,1.456,
29956.7,heavy,3103,0,3.396,
29960.0,heavy,3101,0,1.939,
29963.3,heavy,3102,1,1.629,
29966.7,heavy,3103,0,3.889,
29970.0,heavy,3101,0,3.268,
29973.3,heavy,3102,1,1.466,
29976.7,heavy,3103,0,2.960,
29980.0,heavy,3101,0,2.823,
29983.3,heavy,3102,1,1.175,
29986.7,heavy,3103,0,3.730,
29990.0,heavy,3101,1,4.355,
29993.3,heavy,3102,0,0.990,
29996.7,heavy,3103,1,4.423,
30000.0,heavy,3101,0,3.875,
