tMs,key,port,allowed,latencyMs,error
0.0,light-2,3103,1,1.856,
0.0,light-4,3102,1,3.441,
0.0,light-1,3102,1,6.833,
0.0,light-5,3103,1,6.783,
0.0,heavy,3101,1,9.657,
0.0,light-3,3101,1,11.776,
3.3,heavy,3101,1,6.347,
6.7,heavy,3102,1,1.498,
10.0,heavy,3103,1,5.046,
13.3,heavy,3101,1,2.009,
16.7,heavy,3102,1,1.759,
20.0,heavy,3103,1,1.978,
23.3,heavy,3101,1,2.133,
26.7,heavy,3102,1,1.914,
30.0,heavy,3103,1,2.219,
33.3,heavy,3101,1,2.160,
36.7,heavy,3102,1,1.725,
40.0,heavy,3103,1,2.456,
43.3,heavy,3101,1,2.600,
46.7,heavy,3102,1,1.169,
50.0,heavy,3103,1,2.197,
53.3,heavy,3101,1,2.180,
56.7,heavy,3102,1,2.773,
60.0,heavy,3103,1,2.892,
63.3,heavy,3101,1,2.661,
66.7,heavy,3102,1,1.382,
70.0,heavy,3103,1,1.850,
73.3,heavy,3101,1,2.005,
76.7,heavy,3102,1,1.061,
80.0,heavy,3103,1,3.254,
83.3,heavy,3101,1,1.848,
86.7,heavy,3102,1,2.567,
90.0,heavy,3103,1,3.737,
93.3,heavy,3101,1,1.644,
96.7,heavy,3102,1,2.084,
100.0,heavy,3103,1,2.064,
100.0,light-5,3101,1,4.065,
100.0,light-2,3101,1,9.310,
100.0,light-1,3103,1,10.427,
100.0,light-3,3102,1,10.536,
100.0,light-4,3103,1,11.967,
103.3,heavy,3101,1,2.240,
106.7,heavy,3102,1,2.493,
110.0,heavy,3102,1,1.284,
113.3,heavy,3103,1,2.987,
116.7,heavy,3101,1,2.040,
120.0,heavy,3102,1,1.328,
123.3,heavy,3103,1,1.400,
126.7,heavy,3101,1,2.032,
130.0,heavy,3102,1,1.454,
133.3,heavy,3103,1,1.824,
136.7,heavy,3101,1,1.949,
140.0,heavy,3102,1,1.325,
143.3,heavy,3103,1,1.803,
146.7,heavy,3101,1,1.877,
150.0,heavy,3102,1,2.013,
153.3,heavy,3103,1,2.117,
156.7,heavy,3101,1,2.236,
160.0,heavy,3102,1,2.058,
163.3,heavy,3103,1,2.126,
166.7,heavy,3101,1,3.410,
170.0,heavy,3102,1,1.651,
173.3,heavy,3103,1,1.545,
176.7,heavy,3101,1,2.204,
180.0,heavy,3102,1,4.779,
183.3,heavy,3103,1,2.504,
186.7,heavy,3101,1,1.177,
190.0,heavy,3102,1,5.521,
193.3,heavy,3103,1,1.382,
196.7,heavy,3101,1,1.436,
200.0,light-2,3101,1,2.276,
200.0,light-1,3103,1,2.630,
200.0,light-3,3102,1,2.732,
200.0,light-5,3101,1,2.861,
200.0,light-4,3103,1,3.046,
200.0,heavy,3102,1,2.086,
203.3,heavy,3102,1,1.509,
206.7,heavy,3103,1,1.956,
210.0,heavy,3101,1,2.015,
213.3,heavy,3102,1,2.162,
216.7,heavy,3103,1,2.424,
220.0,heavy,3101,1,1.994,
223.3,heavy,3102,1,1.947,
226.7,heavy,3103,1,2.110,
230.0,heavy,3101,1,2.213,
233.3,heavy,3102,1,1.394,
236.7,heavy,3103,1,1.699,
240.0,heavy,3101,1,1.644,
243.3,heavy,3102,1,1.739,
246.7,heavy,3103,1,1.839,
250.0,heavy,3101,1,1.025,
253.3,heavy,3102,1,1.706,
256.7,heavy,3103,1,1.899,
260.0,heavy,3101,1,2.170,
263.3,heavy,3102,1,2.380,
266.7,heavy,3103,1,1.675,
270.0,heavy,3101,1,2.431,
273.3,heavy,3102,1,1.654,
276.7,heavy,3103,1,2.121,
280.0,heavy,3101,1,2.099,
283.3,heavy,3102,1,2.825,
286.7,heavy,3103,1,2.977,
290.0,heavy,3101,1,2.065,
293.3,heavy,3102,1,2.639,
296.7,heavy,3103,1,2.223,
300.0,light-1,3101,1,2.680,
300.0,light-3,3103,1,3.091,
300.0,light-2,3102,1,7.276,
300.0,light-4,3101,1,9.323,
300.0,light-5,3102,1,9.568,
300.0,heavy,3101,1,2.309,
303.3,heavy,3102,1,2.480,
306.7,heavy,3103,1,2.912,
310.0,heavy,3103,1,2.423,
313.3,heavy,3101,1,2.939,
316.7,heavy,3102,1,2.914,
320.0,heavy,3103,1,1.736,
323.3,heavy,3101,1,1.777,
326.7,heavy,3102,1,1.872,
330.0,heavy,3103,1,2.050,
333.3,heavy,3101,1,2.223,
336.7,heavy,3102,1,2.374,
340.0,heavy,3103,1,2.479,
343.3,heavy,3101,1,2.279,
346.7,heavy,3102,1,1.694,
350.0,heavy,3103,1,2.531,
353.3,heavy,3101,1,2.659,
356.7,heavy,3102,1,1.104,
360.0,heavy,3103,1,2.519,
363.3,heavy,3101,1,2.889,
366.7,heavy,3102,1,2.984,
370.0,heavy,3103,1,3.069,
373.3,heavy,3101,1,2.260,
376.7,heavy,3102,1,1.926,
380.0,heavy,3103,1,2.620,
383.3,heavy,3101,1,1.784,
386.7,heavy,3102,1,2.065,
390.0,heavy,3103,1,2.233,
393.3,heavy,3101,1,2.757,
396.7,heavy,3102,1,2.379,
400.0,heavy,3103,1,2.702,
400.0,light-2,3102,1,2.868,
400.0,light-1,3101,1,3.069,
400.0,light-5,3102,1,3.108,
400.0,light-4,3101,1,3.305,
400.0,light-3,3103,1,3.504,
403.3,heavy,3103,1,2.065,
406.7,heavy,3101,1,1.481,
410.0,heavy,3102,1,2.283,
413.3,heavy,3103,1,2.748,
416.7,heavy,3101,1,2.874,
420.0,heavy,3102,1,1.392,
423.3,heavy,3103,1,2.369,
426.7,heavy,3101,1,1.686,
430.0,heavy,3102,1,2.111,
433.3,heavy,3103,1,1.662,
436.7,heavy,3101,1,2.003,
440.0,heavy,3102,1,2.189,
443.3,heavy,3103,1,2.205,
446.7,heavy,3101,1,2.342,
450.0,heavy,3102,1,1.170,
453.3,heavy,3103,1,2.394,
456.7,heavy,3101,1,1.421,
460.0,heavy,3102,1,1.721,
463.3,heavy,3103,1,3.025,
466.7,heavy,3101,1,1.639,
470.0,heavy,3102,1,1.629,
473.3,heavy,3103,1,2.601,
476.7,heavy,3101,1,2.920,
480.0,heavy,3102,0,1.540,
483.3,heavy,3103,1,3.456,
486.7,heavy,3101,1,2.653,
490.0,heavy,3102,1,1.842,
493.3,heavy,3103,0,4.901,
496.7,heavy,3101,1,1.111,
500.0,heavy,3102,1,8.329,
500.0,light-1,3102,1,9.900,
500.0,light-2,3103,1,10.438,
500.0,light-3,3101,1,10.543,
500.0,light-4,3102,1,12.423,
500.0,light-5,3103,1,12.653,
503.3,heavy,3103,1,10.966,
506.7,heavy,3101,1,10.371,
510.0,heavy,3101,0,7.458,
513.3,heavy,3102,0,2.138,
516.7,heavy,3103,0,6.200,
520.0,heavy,3101,0,7.338,
523.3,heavy,3102,1,1.619,
526.7,heavy,3103,0,4.553,
530.0,heavy,3101,1,5.858,
533.3,heavy,3102,0,2.214,
536.7,heavy,3103,0,4.840,
540.0,heavy,3101,1,7.034,
543.3,heavy,3102,0,1.673,
546.7,heavy,3103,0,4.965,
550.0,heavy,3101,1,6.839,
553.3,heavy,3102,0,1.982,
556.7,heavy,3103,0,5.546,
560.0,heavy,3101,0,4.994,
563.3,heavy,3102,1,1.756,
566.7,heavy,3103,0,5.224,
570.0,heavy,3101,0,5.596,
573.3,heavy,3102,1,1.524,
576.7,heavy,3103,0,5.169,
580.0,heavy,3101,1,6.269,
583.3,heavy,3102,0,1.170,
586.7,heavy,3103,0,3.940,
590.0,heavy,3101,0,5.967,
593.3,heavy,3102,1,1.150,
596.7,heavy,3103,0,4.530,
600.0,heavy,3101,1,5.812,
600.0,light-2,3103,1,1.336,
600.0,light-1,3102,1,1.944,
600.0,light-4,3102,1,2.016,
600.0,light-5,3103,1,2.155,
600.0,light-3,3101,1,2.883,
603.3,heavy,3101,0,4.950,
606.7,heavy,3102,0,1.114,
610.0,heavy,3103,0,7.088,
613.3,heavy,3101,1,4.436,
616.7,heavy,3102,0,1.661,
620.0,heavy,3103,0,3.985,
623.3,heavy,3101,1,5.633,
626.7,heavy,3102,0,1.396,
630.0,heavy,3103,0,5.568,
633.3,heavy,3101,1,5.537,
636.7,heavy,3102,0,1.640,
640.0,heavy,3103,1,5.930,
643.3,heavy,3101,0,4.026,
646.7,heavy,3102,0,1.044,
650.0,heavy,3103,0,4.725,
653.3,heavy,3101,0,5.259,
656.7,heavy,3102,1,1.824,
660.0,heavy,3103,0,5.002,
663.3,heavy,3101,1,6.202,
666.7,heavy,3102,0,1.452,
670.0,heavy,3103,1,5.315,
673.3,heavy,3101,0,4.793,
676.7,heavy,3102,0,1.782,
680.0,heavy,3103,0,4.401,
683.3,heavy,3101,1,5.277,
686.7,heavy,3102,0,1.337,
690.0,heavy,3103,0,4.391,
693.3,heavy,3101,1,5.732,
696.7,heavy,3102,0,1.999,
700.0,light-2,3102,1,2.433,
700.0,light-1,3101,1,2.769,
700.0,light-5,3102,1,2.740,
700.0,light-4,3101,1,3.079,
700.0,light-3,3103,1,3.291,
700.0,heavy,3103,0,4.874,
703.3,heavy,3103,1,5.973,
706.7,heavy,3101,0,4.317,
710.0,heavy,3102,0,1.518,
713.3,heavy,3103,1,2.953,
716.7,heavy,3101,0,4.214,
720.0,heavy,3102,0,1.457,
723.3,heavy,3103,1,5.015,
726.7,heavy,3101,0,4.111,
730.0,heavy,3102,1,1.412,
733.3,heavy,3103,0,4.397,
736.7,heavy,3101,0,4.713,
740.0,heavy,3102,1,1.333,
743.3,heavy,3103,0,4.283,
746.7,heavy,3101,0,4.056,
750.0,heavy,3102,0,1.561,
753.3,heavy,3103,0,5.740,
756.7,heavy,3101,1,6.165,
760.0,heavy,3102,1,1.438,
763.3,heavy,3103,0,6.254,
766.7,heavy,3101,0,5.825,
770.0,heavy,3102,0,1.559,
773.3,heavy,3103,1,5.973,
776.7,heavy,3101,0,5.020,
780.0,heavy,3102,1,3.551,
783.3,heavy,3103,0,3.786,
786.7,heavy,3101,0,6.587,
790.0,heavy,3102,1,1.621,
793.3,heavy,3103,0,4.341,
796.7,heavy,3101,0,4.010,
800.0,light-1,3103,1,1.963,
800.0,light-2,3101,1,2.070,
800.0,light-3,3102,1,2.667,
800.0,light-5,3101,1,2.768,
800.0,light-4,3103,1,3.068,
800.0,heavy,3102,0,1.817,
803.3,heavy,3102,1,1.338,
806.7,heavy,3103,1,6.228,
810.0,heavy,3101,0,5.298,
813.3,heavy,3102,0,1.829,
816.7,heavy,3103,0,2.351,
820.0,heavy,3101,0,4.430,
823.3,heavy,3102,1,1.409,
826.7,heavy,3103,0,3.814,
830.0,heavy,3101,1,4.521,
833.3,heavy,3102,0,1.173,
836.7,heavy,3103,0,3.635,
840.0,heavy,3101,1,5.613,
843.3,heavy,3102,0,1.471,
846.7,heavy,3103,0,3.707,
850.0,heavy,3101,0,4.157,
853.3,heavy,3102,1,1.378,
856.7,heavy,3103,0,5.048,
860.0,heavy,3101,0,5.214,
863.3,heavy,3102,1,1.049,
866.7,heavy,3103,0,4.249,
870.0,heavy,3101,0,3.845,
873.3,heavy,3102,1,1.372,
876.7,heavy,3103,0,2.587,
880.0,heavy,3101,0,4.166,
883.3,heavy,3102,1,1.346,
886.7,heavy,3103,0,5.632,
890.0,heavy,3101,0,4.232,
893.3,heavy,3102,1,1.131,
896.7,heavy,3103,0,4.270,
900.0,light-1,3102,1,1.643,
900.0,light-2,3103,1,1.983,
900.0,light-5,3103,1,2.044,
900.0,light-4,3102,1,2.238,
900.0,light-3,3101,1,3.589,
900.0,heavy,3101,0,4.957,
903.3,heavy,3101,1,5.876,
906.7,heavy,3102,0,1.127,
910.0,heavy,3103,0,3.422,
913.3,heavy,3101,1,4.770,
916.7,heavy,3102,0,1.241,
920.0,heavy,3103,0,4.584,
923.3,heavy,3101,1,5.392,
926.7,heavy,3102,0,1.566,
930.0,heavy,3103,1,5.511,
933.3,heavy,3101,0,3.887,
936.7,heavy,3102,0,1.236,
940.0,heavy,3103,0,4.540,
943.3,heavy,3101,1,5.168,
946.7,heavy,3102,0,2.327,
950.0,heavy,3103,0,3.977,
953.3,heavy,3101,1,5.537,
956.7,heavy,3102,0,1.769,
960.0,heavy,3103,0,4.587,
963.3,heavy,3101,1,4.909,
966.7,heavy,3102,0,1.228,
970.0,heavy,3103,0,4.290,
973.3,heavy,3101,1,5.482,
976.7,heavy,3102,0,1.625,
980.0,heavy,3103,0,4.115,
983.3,heavy,3101,1,5.141,
986.7,heavy,3102,0,1.016,
990.0,heavy,3103,0,4.002,
993.3,heavy,3101,1,6.787,
996.7,heavy,3102,0,1.465,
1000.0,light-2,3102,1,1.699,
1000.0,light-1,3101,1,1.994,
1000.0,light-5,3102,1,2.046,
1000.0,light-4,3101,1,2.259,
1000.0,light-3,3103,1,2.828,
1000.0,heavy,3103,0,4.379,
1003.3,heavy,3103,1,5.621,
1006.7,heavy,3101,0,4.245,
1010.0,heavy,3102,1,1.221,
1013.3,heavy,3103,0,3.532,
1016.7,heavy,3101,0,3.301,
1020.0,heavy,3102,0,1.322,
1023.3,heavy,3103,1,5.683,
1026.7,heavy,3101,0,5.148,
1030.0,heavy,3102,0,1.091,
1033.3,heavy,3103,1,2.851,
1036.7,heavy,3101,0,3.878,
1040.0,heavy,3102,0,1.503,
1043.3,heavy,3103,1,6.116,
1046.7,heavy,3101,0,4.182,
1050.0,heavy,3102,1,2.173,
1053.3,heavy,3103,0,4.167,
1056.7,heavy,3101,0,4.315,
1060.0,heavy,3102,0,1.555,
1063.3,heavy,3103,1,4.332,
1066.7,heavy,3101,0,4.456,
1070.0,heavy,3102,0,1.555,
1073.3,heavy,3103,1,4.762,
1076.7,heavy,3101,0,4.142,
1080.0,heavy,3102,0,0.998,
1083.3,heavy,3103,1,4.517,
1086.7,heavy,3101,0,3.668,
1090.0,heavy,3102,0,1.084,
1093.3,heavy,3103,0,5.950,
1096.7,heavy,3101,1,5.522,
1100.0,light-2,3102,1,1.887,
1100.0,light-5,3102,1,2.082,
1100.0,light-1,3101,1,2.767,
1100.0,light-4,3101,1,3.151,
1100.0,light-3,3103,1,3.742,
1100.0,heavy,3102,1,1.566,
1103.3,heavy,3103,0,5.723,
1106.7,heavy,3103,0,5.281,
1110.0,heavy,3101,1,4.323,
1113.3,heavy,3102,0,1.152,
1116.7,heavy,3103,0,3.667,
1120.0,heavy,3101,0,3.682,
1123.3,heavy,3102,1,1.111,
1126.7,heavy,3103,0,5.512,
1130.0,heavy,3101,0,5.999,
1133.3,heavy,3102,1,1.320,
1136.7,heavy,3103,0,4.412,
1140.0,heavy,3101,0,3.957,
1143.3,heavy,3102,1,1.214,
1146.7,heavy,3103,0,3.971,
1150.0,heavy,3101,0,4.469,
1153.3,heavy,3102,1,1.183,
1156.7,heavy,3103,0,4.704,
1160.0,heavy,3101,0,4.164,
1163.3,heavy,3102,1,1.484,
1166.7,heavy,3103,0,3.222,
1170.0,heavy,3101,0,3.134,
1173.3,heavy,3102,1,1.785,
1176.7,heavy,3103,0,4.638,
1180.0,heavy,3101,1,5.262,
1183.3,heavy,3102,0,1.118,
1186.7,heavy,3103,0,3.577,
1190.0,heavy,3101,0,4.156,
1193.3,heavy,3102,1,1.273,
1196.7,heavy,3103,0,3.395,
1200.0,light-2,3103,1,1.364,
1200.0,light-4,3102,1,4.778,
1200.0,light-5,3103,1,7.512,
1200.0,light-1,3102,1,8.258,
1200.0,light-3,3101,1,9.420,
1200.0,heavy,3101,1,8.576,
1203.3,heavy,3101,0,7.124,
1206.7,heavy,3102,0,1.614,
1210.0,heavy,3103,1,6.916,
1213.3,heavy,3101,0,4.126,
1216.7,heavy,3102,0,1.054,
1220.0,heavy,3103,1,4.235,
1223.3,heavy,3101,0,4.772,
1226.7,heavy,3102,0,1.260,
1230.0,heavy,3103,1,4.878,
1233.3,heavy,3101,0,4.079,
1236.7,heavy,3102,0,1.009,
1240.0,heavy,3103,0,4.069,
1243.3,heavy,3101,1,5.515,
1246.7,heavy,3102,0,1.097,
1250.0,heavy,3103,0,3.616,
1253.3,heavy,3101,1,4.488,
1256.7,heavy,3102,0,1.121,
1260.0,heavy,3103,0,4.968,
1263.3,heavy,3101,0,4.902,
1266.7,heavy,3102,1,1.369,
1270.0,heavy,3103,0,5.480,
1273.3,heavy,3101,0,5.303,
1276.7,heavy,3102,1,1.361,
1280.0,heavy,3103,0,3.910,
1283.3,heavy,3101,1,5.755,
1286.7,heavy,3102,0,1.231,
1290.0,heavy,3103,0,4.431,
1293.3,heavy,3101,1,4.776,
1296.7,heavy,3102,0,1.346,
1300.0,heavy,3103,1,6.682,
1300.0,light-2,3102,1,1.481,
1300.0,light-1,3101,1,1.880,
1300.0,light-5,3102,1,1.862,
1300.0,light-4,3101,1,2.013,
1300.0,light-3,3103,1,3.909,
1303.3,heavy,3103,0,4.647,
1306.7,heavy,3101,0,4.086,
1310.0,heavy,3102,0,1.190,
1313.3,heavy,3103,1,5.288,
1316.7,heavy,3101,0,4.356,
1320.0,heavy,3102,1,1.355,
1323.3,heavy,3103,0,2.378,
1326.7,heavy,3101,0,4.040,
1330.0,heavy,3102,0,1.123,
1333.3,heavy,3103,1,4.304,
1336.7,heavy,3101,0,3.870,
1340.0,heavy,3102,0,1.068,
1343.3,heavy,3103,1,5.531,
1346.7,heavy,3101,0,4.628,
1350.0,heavy,3102,1,1.912,
1353.3,heavy,3103,0,3.324,
1356.7,heavy,3101,0,3.833,
1360.0,heavy,3102,0,1.345,
1363.3,heavy,3103,1,5.411,
1366.7,heavy,3101,0,4.303,
1370.0,heavy,3102,0,0.965,
1373.3,heavy,3103,0,5.595,
1376.7,heavy,3101,1,4.023,
1380.0,heavy,3102,1,1.165,
1383.3,heavy,3103,0,4.371,
1386.7,heavy,3101,0,4.625,
1390.0,heavy,3102,0,0.883,
1393.3,heavy,3103,1,5.567,
1396.7,heavy,3101,0,4.091,
1400.0,heavy,3102,1,1.715,
1400.0,light-5,3101,1,3.293,
1400.0,light-2,3101,1,7.320,
1400.0,light-1,3103,1,8.086,
1400.0,light-3,3102,1,8.172,
1400.0,light-4,3103,1,9.226,
1403.3,heavy,3102,0,2.259,
1406.7,heavy,3103,1,6.234,
1410.0,heavy,3101,0,3.956,
1413.3,heavy,3102,0,1.264,
1416.7,heavy,3103,0,4.760,
1420.0,heavy,3101,0,3.816,
1423.3,heavy,3102,1,1.468,
1426.7,heavy,3103,0,4.482,
1430.0,heavy,3101,0,3.667,
1433.3,heavy,3102,1,1.001,
1436.7,heavy,3103,0,4.263,
1440.0,heavy,3101,0,3.495,
1443.3,heavy,3102,1,1.401,
1446.7,heavy,3103,0,3.188,
1450.0,heavy,3101,1,4.552,
1453.3,heavy,3102,0,0.919,
1456.7,heavy,3103,0,3.955,
1460.0,heavy,3101,0,4.682,
1463.3,heavy,3102,1,1.163,
1466.7,heavy,3103,0,4.800,
1470.0,heavy,3101,0,5.323,
1473.3,heavy,3102,1,1.709,
1476.7,heavy,3103,0,3.290,
1480.0,heavy,3101,0,4.581,
1483.3,heavy,3102,1,1.254,
1486.7,heavy,3103,1,5.762,
1490.0,heavy,3101,0,4.972,
1493.3,heavy,3102,0,1.326,
1496.7,heavy,3103,0,2.033,
1500.0,heavy,3101,0,8.299,
1500.0,light-1,3101,1,3.301,
1500.0,light-3,3103,1,4.007,
1500.0,light-2,3102,1,6.866,
1500.0,light-4,3101,1,8.276,
1500.0,light-5,3102,1,8.402,
1503.3,heavy,3102,1,1.575,
1506.7,heavy,3103,0,7.180,
1510.0,heavy,3103,0,4.298,
1513.3,heavy,3101,1,7.061,
1516.7,heavy,3102,0,1.154,
1520.0,heavy,3103,1,9.387,
1523.3,heavy,3101,0,3.998,
1526.7,heavy,3102,0,1.238,
1530.0,heavy,3103,1,5.828,
1533.3,heavy,3101,0,3.606,
1536.7,heavy,3102,0,1.388,
1540.0,heavy,3103,1,5.452,
1543.3,heavy,3101,0,4.346,
1546.7,heavy,3102,1,1.443,
1550.0,heavy,3103,0,5.166,
1553.3,heavy,3101,0,4.831,
1556.7,heavy,3102,0,1.045,
1560.0,heavy,3103,0,5.739,
1563.3,heavy,3101,0,4.732,
1566.7,heavy,3102,1,1.624,
1570.0,heavy,3103,0,4.943,
1573.3,heavy,3101,1,4.774,
1576.7,heavy,3102,0,1.088,
1580.0,heavy,3103,0,4.473,
1583.3,heavy,3101,1,5.111,
1586.7,heavy,3102,0,0.976,
1590.0,heavy,3103,0,4.863,
1593.3,heavy,3101,1,4.833,
1596.7,heavy,3102,0,1.280,
1600.0,heavy,3103,0,4.618,
1600.0,light-2,3102,1,1.353,
1600.0,light-1,3101,1,1.771,
1600.0,light-5,3102,1,1.807,
1600.0,light-4,3101,1,2.001,
1600.0,light-3,3103,1,3.090,
1603.3,heavy,3103,1,6.458,
1606.7,heavy,3101,0,4.113,
1610.0,heavy,3102,0,1.315,
1613.3,heavy,3103,1,4.960,
1616.7,heavy,3101,0,4.347,
1620.0,heavy,3102,1,1.331,
1623.3,heavy,3103,0,4.143,
1626.7,heavy,3101,0,3.992,
1630.0,heavy,3102,0,1.129,
1633.3,heavy,3103,1,4.768,
1636.7,heavy,3101,0,3.779,
1640.0,heavy,3102,0,1.043,
1643.3,heavy,3103,1,4.792,
1646.7,heavy,3101,0,3.598,
1650.0,heavy,3102,0,1.054,
1653.3,heavy,3103,1,5.323,
1656.7,heavy,3101,0,4.351,
1660.0,heavy,3102,1,1.422,
1663.3,heavy,3103,0,5.001,
1666.7,heavy,3101,0,3.564,
1670.0,heavy,3102,0,1.276,
1673.3,heavy,3103,1,5.248,
1676.7,heavy,3101,0,4.337,
1680.0,heavy,3102,1,0.940,
1683.3,heavy,3103,0,4.204,
1686.7,heavy,3101,0,3.851,
1690.0,heavy,3102,0,1.347,
1693.3,heavy,3103,1,4.804,
1696.7,heavy,3101,0,4.270,
1700.0,heavy,3102,1,1.460,
1700.0,light-1,3103,1,1.836,
1700.0,light-2,3101,1,1.947,
1700.0,light-3,3102,1,2.053,
1700.0,light-4,3103,1,2.120,
1700.0,light-5,3101,1,2.226,
1703.3,heavy,3102,0,1.150,
1706.7,heavy,3103,0,4.349,
1710.0,heavy,3101,0,6.508,
1713.3,heavy,3102,1,1.351,
1716.7,heavy,3103,0,4.476,
1720.0,heavy,3101,0,3.690,
1723.3,heavy,3102,1,1.095,
1726.7,heavy,3103,1,5.366,
1730.0,heavy,3101,0,4.187,
1733.3,heavy,3102,1,1.521,
1736.7,heavy,3103,0,5.034,
1740.0,heavy,3101,0,4.663,
1743.3,heavy,3102,0,1.031,
1746.7,heavy,3103,0,4.656,
1750.0,heavy,3101,0,3.933,
1753.3,heavy,3102,1,1.409,
1756.7,heavy,3103,0,3.023,
1760.0,heavy,3101,0,3.575,
1763.3,heavy,3102,1,1.112,
1766.7,heavy,3103,1,4.587,
1770.0,heavy,3101,0,3.758,
1773.3,heavy,3102,0,1.236,
1776.7,heavy,3103,0,3.912,
1780.0,heavy,3101,0,4.335,
1783.3,heavy,3102,1,1.569,
1786.7,heavy,3103,0,4.111,
1790.0,heavy,3101,1,4.749,
1793.3,heavy,3102,0,1.189,
1796.7,heavy,3103,0,3.477,
1800.0,heavy,3101,0,4.068,
1800.0,light-1,3102,1,1.218,
1800.0,light-2,3103,1,1.451,
1800.0,light-4,3102,1,1.544,
1800.0,light-5,3103,1,1.638,
1800.0,light-3,3101,1,2.867,
1803.3,heavy,3101,1,5.341,
1806.7,heavy,3102,0,0.835,
1810.0,heavy,3103,0,3.949,
1813.3,heavy,3101,1,5.479,
1816.7,heavy,3102,0,1.257,
1820.0,heavy,3103,0,3.981,
1823.3,heavy,3101,1,5.654,
1826.7,heavy,3102,0,1.539,
1830.0,heavy,3103,0,4.200,
1833.3,heavy,3101,1,4.066,
1836.7,heavy,3102,0,1.144,
1840.0,heavy,3103,0,4.358,
1843.3,heavy,3101,0,4.327,
1846.7,heavy,3102,1,1.877,
1850.0,heavy,3103,0,2.235,
1853.3,heavy,3101,1,4.898,
1856.7,heavy,3102,1,1.318,
1860.0,heavy,3103,0,3.873,
1863.3,heavy,3101,0,4.572,
1866.7,heavy,3102,0,1.080,
1870.0,heavy,3103,0,3.337,
1873.3,heavy,3101,1,5.459,
1876.7,heavy,3102,0,0.979,
1880.0,heavy,3103,0,3.621,
1883.3,heavy,3101,1,4.709,
1886.7,heavy,3102,0,0.986,
1890.0,heavy,3103,1,5.781,
1893.3,heavy,3101,0,3.842,
1896.7,heavy,3102,0,1.465,
1900.0,heavy,3103,0,3.548,
1900.0,light-2,3102,1,1.292,
1900.0,light-1,3101,1,1.484,
1900.0,light-5,3102,1,1.446,
1900.0,light-3,3103,1,1.813,
1900.0,light-4,3101,1,1.912,
1903.3,heavy,3103,1,4.229,
1906.7,heavy,3101,0,3.652,
1910.0,heavy,3102,0,1.083,
1913.3,heavy,3103,1,5.152,
1916.7,heavy,3101,0,4.153,
1920.0,heavy,3102,1,1.444,
1923.3,heavy,3103,0,4.943,
1926.7,heavy,3101,0,4.594,
1930.0,heavy,3102,0,1.040,
1933.3,heavy,3103,1,4.484,
1936.7,heavy,3101,0,7.168,
1940.0,heavy,3102,1,1.235,
1943.3,heavy,3103,0,3.367,
1946.7,heavy,3101,0,5.915,
1950.0,heavy,3102,0,1.315,
1953.3,heavy,3103,1,4.236,
1956.7,heavy,3101,0,3.612,
1960.0,heavy,3102,0,1.119,
1963.3,heavy,3103,0,4.111,
1966.7,heavy,3101,1,4.498,
1970.0,heavy,3102,1,1.892,
1973.3,heavy,3103,0,3.767,
1976.7,heavy,3101,0,2.012,
1980.0,heavy,3102,1,1.550,
1983.3,heavy,3103,0,3.998,
1986.7,heavy,3101,0,4.213,
1990.0,heavy,3102,0,1.093,
1993.3,heavy,3103,1,4.404,
1996.7,heavy,3101,0,3.624,
2000.0,heavy,3102,0,1.468,
2000.0,light-1,3103,1,1.526,
2000.0,light-2,3101,1,1.629,
2000.0,light-3,3102,1,1.731,
2000.0,light-4,3103,1,2.206,
2000.0,light-5,3101,1,2.300,
2003.3,heavy,3102,1,0.926,
2006.7,heavy,3103,0,5.189,
2010.0,heavy,3101,0,3.889,
2013.3,heavy,3102,1,1.335,
2016.7,heavy,3103,0,4.980,
2020.0,heavy,3101,0,3.139,
2023.3,heavy,3102,1,1.339,
2026.7,heavy,3103,0,4.130,
2030.0,heavy,3101,0,3.608,
2033.3,heavy,3102,1,1.287,
2036.7,heavy,3103,0,2.632,
2040.0,heavy,3101,0,4.774,
2043.3,heavy,3102,1,1.333,
2046.7,heavy,3103,0,3.796,
2050.0,heavy,3101,0,4.529,
2053.3,heavy,3102,1,1.068,
2056.7,heavy,3103,0,4.872,
2060.0,heavy,3101,0,5.510,
2063.3,heavy,3102,1,1.444,
2066.7,heavy,3103,0,4.806,
2070.0,heavy,3101,1,5.441,
2073.3,heavy,3102,0,1.311,
2076.7,heavy,3103,0,3.664,
2080.0,heavy,3101,0,4.093,
2083.3,heavy,3102,1,1.244,
2086.7,heavy,3103,0,4.908,
2090.0,heavy,3101,0,4.009,
2093.3,heavy,3102,1,1.226,
2096.7,heavy,3103,0,4.673,
2100.0,heavy,3101,0,2.780,
2100.0,light-2,3103,1,1.404,
2100.0,light-3,3101,1,1.577,
2100.0,light-1,3102,1,1.789,
2100.0,light-4,3102,1,1.788,
2100.0,light-5,3103,1,1.880,
2103.3,heavy,3101,1,5.428,
2106.7,heavy,3102,1,1.506,
2110.0,heavy,3103,0,4.335,
2113.3,heavy,3101,0,5.057,
2116.7,heavy,3102,0,1.487,
2120.0,heavy,3103,0,3.997,
2123.3,heavy,3101,1,4.681,
2126.7,heavy,3102,0,1.288,
2130.0,heavy,3103,0,3.552,
2133.3,heavy,3101,1,4.471,
2136.7,heavy,3102,0,0.799,
2140.0,heavy,3103,0,9.734,
2143.3,heavy,3101,1,4.512,
2146.7,heavy,3102,0,0.961,
2150.0,heavy,3103,1,9.508,
2153.3,heavy,3101,0,4.120,
2156.7,heavy,3102,0,0.876,
2160.0,heavy,3103,0,4.235,
2163.3,heavy,3101,1,5.547,
2166.7,heavy,3102,0,1.149,
2170.0,heavy,3103,0,5.101,
2173.3,heavy,3101,1,7.054,
2176.7,heavy,3102,1,1.234,
2180.0,heavy,3103,0,4.958,
2183.3,heavy,3101,0,4.595,
2186.7,heavy,3102,0,1.229,
2190.0,heavy,3103,1,5.611,
2193.3,heavy,3101,0,5.317,
2196.7,heavy,3102,0,1.286,
2200.0,heavy,3103,0,11.020,
2200.0,light-1,3102,1,2.222,
2200.0,light-4,3102,1,2.331,
2200.0,light-3,3101,1,4.517,
2200.0,light-2,3103,1,6.864,
2200.0,light-5,3103,1,11.637,
2203.3,heavy,3101,1,6.709,
2206.7,heavy,3101,0,4.804,
2210.0,heavy,3102,0,1.335,
2213.3,heavy,3103,1,5.577,
2216.7,heavy,3101,0,4.692,
2220.0,heavy,3102,1,1.471,
2223.3,heavy,3103,0,4.218,
2226.7,heavy,3101,0,3.296,
2230.0,heavy,3102,0,0.948,
2233.3,heavy,3103,1,5.349,
2236.7,heavy,3101,0,4.039,
2240.0,heavy,3102,1,1.570,
2243.3,heavy,3103,0,5.569,
2246.7,heavy,3101,0,2.616,
2250.0,heavy,3102,0,1.039,
2253.3,heavy,3103,0,3.835,
2256.7,heavy,3101,0,4.492,
2260.0,heavy,3102,1,1.536,
2263.3,heavy,3103,1,3.896,
2266.7,heavy,3101,0,3.610,
2270.0,heavy,3102,0,1.025,
2273.3,heavy,3103,1,4.722,
2276.7,heavy,3101,0,3.835,
2280.0,heavy,3102,0,0.900,
2283.3,heavy,3103,0,3.738,
2286.7,heavy,3101,1,4.843,
2290.0,heavy,3102,1,1.215,
2293.3,heavy,3103,0,3.876,
2296.7,heavy,3101,0,2.367,
2300.0,heavy,3102,1,1.383,
2300.0,light-2,3103,1,2.741,
2300.0,light-4,3102,1,2.890,
2300.0,light-5,3103,1,3.000,
2300.0,light-1,3102,1,5.846,
2300.0,light-3,3101,1,6.190,
2303.3,heavy,3103,0,5.103,
2306.7,heavy,3101,0,5.611,
2310.0,heavy,3101,0,4.601,
2313.3,heavy,3102,1,0.957,
2316.7,heavy,3103,0,4.226,
2320.0,heavy,3101,0,5.896,
2323.3,heavy,3102,1,1.506,
2326.7,heavy,3103,0,2.550,
2330.0,heavy,3101,0,4.510,
2333.3,heavy,3102,1,1.169,
2336.7,heavy,3103,1,6.173,
2340.0,heavy,3101,0,5.161,
2343.3,heavy,3102,0,1.491,
2346.7,heavy,3103,0,4.095,
2350.0,heavy,3101,1,6.399,
2353.3,heavy,3102,0,1.230,
2356.7,heavy,3103,0,6.140,
2360.0,heavy,3101,0,3.998,
2363.3,heavy,3102,1,1.476,
2366.7,heavy,3103,0,3.787,
2370.0,heavy,3101,1,4.398,
2373.3,heavy,3102,0,1.240,
2376.7,heavy,3103,0,4.522,
2380.0,heavy,3101,1,5.445,
2383.3,heavy,3102,0,1.167,
2386.7,heavy,3103,0,4.592,
2390.0,heavy,3101,1,5.576,
2393.3,heavy,3102,0,0.776,
2396.7,heavy,3103,0,3.486,
2400.0,heavy,3101,1,8.220,
2400.0,light-2,3103,1,1.552,
2400.0,light-1,3102,1,2.197,
2400.0,light-5,3103,1,2.102,
2400.0,light-4,3102,1,3.020,
2400.0,light-3,3101,1,3.922,
2403.3,heavy,3101,0,7.013,
2406.7,heavy,3102,0,1.389,
2410.0,heavy,3103,0,4.659,
2413.3,heavy,3101,1,7.261,
2416.7,heavy,3102,0,1.113,
2420.0,heavy,3103,1,5.225,
2423.3,heavy,3101,0,4.686,
2426.7,heavy,3102,0,1.526,
2430.0,heavy,3103,0,4.719,
2433.3,heavy,3101,1,4.492,
2436.7,heavy,3102,0,1.074,
2440.0,heavy,3103,0,3.713,
2443.3,heavy,3101,1,4.805,
2446.7,heavy,3102,0,1.356,
2450.0,heavy,3103,0,3.656,
2453.3,heavy,3101,1,4.169,
2456.7,heavy,3102,0,0.959,
2460.0,heavy,3103,1,4.726,
2463.3,heavy,3101,0,3.431,
2466.7,heavy,3102,0,1.128,
2470.0,heavy,3103,0,3.999,
2473.3,heavy,3101,1,4.781,
2476.7,heavy,3102,0,0.792,
2480.0,heavy,3103,0,4.164,
2483.3,heavy,3101,1,4.873,
2486.7,heavy,3102,0,1.112,
2490.0,heavy,3103,0,3.387,
2493.3,heavy,3101,1,3.323,
2496.7,heavy,3102,0,0.725,
2500.0,light-5,3101,1,3.872,
2500.0,light-3,3102,1,6.579,
2500.0,light-1,3103,1,7.636,
2500.0,light-2,3101,1,7.814,
2500.0,light-4,3103,1,9.481,
2500.0,heavy,3103,0,6.556,
2503.3,heavy,3101,0,5.493,
2506.7,heavy,3102,1,1.478,
2510.0,heavy,3102,0,1.036,
2513.3,heavy,3103,1,7.246,
2516.7,heavy,3101,0,3.295,
2520.0,heavy,3102,0,0.848,
2523.3,heavy,3103,0,4.267,
2526.7,heavy,3101,1,3.808,
2530.0,heavy,3102,1,1.399,
2533.3,heavy,3103,0,4.470,
2536.7,heavy,3101,0,4.316,
2540.0,heavy,3102,0,0.777,
2543.3,heavy,3103,0,4.173,
2546.7,heavy,3101,1,4.615,
2550.0,heavy,3102,1,1.194,
2553.3,heavy,3103,0,3.892,
2556.7,heavy,3101,0,2.160,
2560.0,heavy,3102,1,1.642,
2563.3,heavy,3103,0,4.026,
2566.7,heavy,3101,0,4.147,
2570.0,heavy,3102,0,1.079,
2573.3,heavy,3103,0,5.195,
2576.7,heavy,3101,1,4.694,
2580.0,heavy,3102,1,1.391,
2583.3,heavy,3103,0,5.284,
2586.7,heavy,3101,0,4.844,
2590.0,heavy,3102,0,1.184,
2593.3,heavy,3103,1,4.127,
2596.7,heavy,3101,0,3.369,
2600.0,light-1,3103,1,1.279,
2600.0,light-2,3101,1,1.300,
2600.0,light-3,3102,1,1.370,
2600.0,light-4,3103,1,1.503,
2600.0,light-5,3101,1,1.693,
2600.0,heavy,3102,0,1.274,
2603.3,heavy,3102,1,1.083,
2606.7,heavy,3103,0,6.909,
2610.0,heavy,3101,0,3.391,
2613.3,heavy,3102,1,1.570,
2616.7,heavy,3103,0,7.246,
2620.0,heavy,3101,0,2.183,
2623.3,heavy,3102,1,0.910,
2626.7,heavy,3103,0,4.031,
2630.0,heavy,3101,0,3.980,
2633.3,heavy,3102,1,1.151,
2636.7,heavy,3103,1,5.343,
2640.0,heavy,3101,0,4.798,
2643.3,heavy,3102,1,1.639,
2646.7,heavy,3103,0,5.671,
2650.0,heavy,3101,0,5.459,
2653.3,heavy,3102,0,1.714,
2656.7,heavy,3103,0,5.308,
2660.0,heavy,3101,1,4.604,
2663.3,heavy,3102,0,0.780,
2666.7,heavy,3103,0,3.038,
2670.0,heavy,3101,0,3.369,
2673.3,heavy,3102,1,1.345,
2676.7,heavy,3103,0,4.451,
2680.0,heavy,3101,0,4.523,
2683.3,heavy,3102,1,1.431,
2686.7,heavy,3103,0,3.431,
2690.0,heavy,3101,0,3.100,
2693.3,heavy,3102,1,1.287,
2696.7,heavy,3103,0,4.161,
2700.0,light-1,3102,1,1.374,
2700.0,light-2,3103,1,1.858,
2700.0,light-4,3102,1,1.943,
2700.0,light-5,3103,1,2.069,
2700.0,light-3,3101,1,3.115,
2700.0,heavy,3101,1,5.460,
2703.3,heavy,3101,0,4.503,
2706.7,heavy,3102,0,1.173,
2710.0,heavy,3103,1,4.490,
2713.3,heavy,3101,0,4.681,
2716.7,heavy,3102,0,1.227,
2720.0,heavy,3103,0,5.067,
2723.3,heavy,3101,0,3.957,
2726.7,heavy,3102,1,1.581,
2730.0,heavy,3103,0,4.053,
2733.3,heavy,3101,1,4.965,
2736.7,heavy,3102,0,1.026,
2740.0,heavy,3103,1,4.769,
2743.3,heavy,3101,0,3.926,
2746.7,heavy,3102,0,1.081,
2750.0,heavy,3103,0,4.680,
2753.3,heavy,3101,0,5.140,
2756.7,heavy,3102,1,1.892,
2760.0,heavy,3103,0,3.582,
2763.3,heavy,3101,1,3.773,
2766.7,heavy,3102,0,1.491,
2770.0,heavy,3103,0,3.613,
2773.3,heavy,3101,1,4.798,
2776.7,heavy,3102,0,3.244,
2780.0,heavy,3103,1,4.405,
2783.3,heavy,3101,0,3.141,
2786.7,heavy,3102,0,1.370,
2790.0,heavy,3103,0,2.965,
2793.3,heavy,3101,1,6.713,
2796.7,heavy,3102,0,1.426,
2800.0,light-3,3103,1,2.776,
2800.0,light-2,3102,1,5.679,
2800.0,light-1,3101,1,9.481,
2800.0,light-5,3102,1,15.531,
2800.0,light-4,3101,1,17.864,
2800.0,heavy,3103,1,6.381,
2803.3,heavy,3103,0,3.629,
2806.7,heavy,3101,0,16.864,
2810.0,heavy,3102,0,1.273,
2813.3,heavy,3103,1,4.681,
2816.7,heavy,3101,0,7.346,
2820.0,heavy,3102,0,1.463,
2823.3,heavy,3103,1,5.264,
2826.7,heavy,3101,0,7.733,
2830.0,heavy,3102,1,1.563,
2833.3,heavy,3103,0,5.127,
2836.7,heavy,3101,0,4.800,
2840.0,heavy,3102,0,1.522,
2843.3,heavy,3103,1,6.570,
2846.7,heavy,3101,1,5.346,
2850.0,heavy,3102,0,1.612,
2853.3,heavy,3103,0,4.255,
2856.7,heavy,3101,0,6.930,
2860.0,heavy,3102,1,3.360,
2863.3,heavy,3103,0,9.004,
2866.7,heavy,3101,0,4.684,
2870.0,heavy,3102,0,1.170,
2873.3,heavy,3103,1,11.680,
2876.7,heavy,3101,0,5.185,
2880.0,heavy,3102,1,1.729,
2883.3,heavy,3103,0,12.943,
2886.7,heavy,3101,0,5.731,
2890.0,heavy,3102,1,1.481,
2893.3,heavy,3103,0,8.050,
2896.7,heavy,3101,0,6.732,
2900.0,light-3,3102,1,2.598,
2900.0,light-2,3101,1,3.919,
2900.0,light-5,3101,1,4.216,
2900.0,light-1,3103,1,8.056,
2900.0,light-4,3103,1,8.998,
2900.0,heavy,3102,0,2.178,
2903.3,heavy,3102,1,1.432,
2906.7,heavy,3103,1,15.429,
2910.0,heavy,3101,0,5.908,
2913.3,heavy,3102,0,2.280,
2916.7,heavy,3103,1,10.357,
2920.0,heavy,3101,0,5.165,
2923.3,heavy,3102,0,1.446,
2926.7,heavy,3103,0,5.069,
2930.0,heavy,3101,0,7.472,
2933.3,heavy,3102,1,2.572,
2936.7,heavy,3103,0,10.413,
2940.0,heavy,3101,0,4.281,
2943.3,heavy,3102,1,1.587,
2946.7,heavy,3103,0,5.255,
2950.0,heavy,3101,1,7.642,
2953.3,heavy,3102,0,2.476,
2956.7,heavy,3103,0,6.410,
2960.0,heavy,3101,0,4.624,
2963.3,heavy,3102,1,1.234,
2966.7,heavy,3103,0,5.072,
2970.0,heavy,3101,0,3.875,
2973.3,heavy,3102,1,1.285,
2976.7,heavy,3103,0,6.126,
2980.0,heavy,3101,1,4.778,
2983.3,heavy,3102,0,1.324,
2986.7,heavy,3103,0,2.985,
2990.0,heavy,3101,0,2.988,
2993.3,heavy,3102,1,1.388,
2996.7,heavy,3103,0,4.512,
3000.0,light-1,3102,1,1.660,
3000.0,light-2,3103,1,1.769,
3000.0,light-4,3102,1,1.764,
3000.0,light-5,3103,1,2.264,
3000.0,light-3,3101,1,2.502,
3000.0,heavy,3101,1,4.830,
3003.3,heavy,3101,0,5.301,
3006.7,heavy,3102,0,1.019,
3010.0,heavy,3103,0,5.996,
3013.3,heavy,3101,1,5.312,
3016.7,heavy,3102,0,0.955,
3020.0,heavy,3103,0,3.409,
3023.3,heavy,3101,1,3.770,
3026.7,heavy,3102,0,1.357,
3030.0,heavy,3103,1,6.934,
3033.3,heavy,3101,0,6.090,
3036.7,heavy,3102,1,4.676,
3040.0,heavy,3103,0,6.670,
3043.3,heavy,3101,0,6.003,
3046.7,heavy,3102,0,1.063,
3050.0,heavy,3103,0,2.178,
3053.3,heavy,3101,1,3.689,
3056.7,heavy,3102,0,0.786,
3060.0,heavy,3103,0,8.322,
3063.3,heavy,3101,0,6.108,
3066.7,heavy,3102,1,1.424,
3070.0,heavy,3103,0,7.999,
3073.3,heavy,3101,0,7.667,
3076.7,heavy,3102,1,1.677,
3080.0,heavy,3103,1,5.260,
3083.3,heavy,3101,0,3.009,
3086.7,heavy,3102,0,0.934,
3090.0,heavy,3103,0,3.149,
3093.3,heavy,3101,1,7.225,
3096.7,heavy,3102,0,1.171,
3100.0,light-2,3102,1,1.359,
3100.0,light-5,3102,1,1.596,
3100.0,light-1,3101,1,2.227,
3100.0,light-4,3101,1,2.589,
3100.0,light-3,3103,1,3.188,
3100.0,heavy,3103,0,3.812,
3103.3,heavy,3103,1,4.588,
3106.7,heavy,3101,0,3.112,
3110.0,heavy,3102,0,2.289,
3113.3,heavy,3103,1,7.068,
3116.7,heavy,3101,0,3.029,
3120.0,heavy,3102,0,0.871,
3123.3,heavy,3103,1,3.741,
3126.7,heavy,3101,0,5.581,
3130.0,heavy,3102,1,1.023,
3133.3,heavy,3103,0,2.967,
3136.7,heavy,3101,0,2.975,
3140.0,heavy,3102,0,0.984,
3143.3,heavy,3103,1,4.496,
3146.7,heavy,3101,0,3.675,
3150.0,heavy,3102,1,1.214,
3153.3,heavy,3103,0,3.093,
3156.7,heavy,3101,0,3.139,
3160.0,heavy,3102,0,1.049,
3163.3,heavy,3103,1,4.226,
3166.7,heavy,3101,0,3.469,
3170.0,heavy,3102,0,1.332,
3173.3,heavy,3103,1,3.747,
3176.7,heavy,3101,0,5.980,
3180.0,heavy,3102,1,1.046,
3183.3,heavy,3103,0,2.792,
3186.7,heavy,3101,0,3.181,
3190.0,heavy,3102,0,0.872,
3193.3,heavy,3103,0,4.436,
3196.7,heavy,3101,0,4.562,
3200.0,light-1,3103,1,2.022,
3200.0,light-2,3101,1,2.007,
3200.0,light-3,3102,1,2.075,
3200.0,light-4,3103,1,2.151,
3200.0,light-5,3101,1,2.234,
3200.0,heavy,3102,1,1.906,
3203.3,heavy,3102,1,0.878,
3206.7,heavy,3103,0,3.937,
3210.0,heavy,3101,0,6.290,
3213.3,heavy,3102,1,1.440,
3216.7,heavy,3103,0,4.091,
3220.0,heavy,3101,0,3.083,
3223.3,heavy,3102,1,1.183,
3226.7,heavy,3103,0,6.478,
3230.0,heavy,3101,0,4.350,
3233.3,heavy,3102,1,1.215,
3236.7,heavy,3103,0,4.027,
3240.0,heavy,3101,1,7.575,
3243.3,heavy,3102,0,6.805,
3246.7,heavy,3103,0,4.796,
3250.0,heavy,3101,0,4.098,
3253.3,heavy,3102,1,1.049,
3256.7,heavy,3103,0,5.702,
3260.0,heavy,3101,0,4.631,
3263.3,heavy,3102,1,1.804,
3266.7,heavy,3103,0,5.308,
3270.0,heavy,3101,0,3.391,
3273.3,heavy,3102,1,1.124,
3276.7,heavy,3103,0,7.484,
3280.0,heavy,3101,0,8.019,
3283.3,heavy,3102,1,1.498,
3286.7,heavy,3103,0,8.163,
3290.0,heavy,3101,0,7.985,
3293.3,heavy,3102,1,1.362,
3296.7,heavy,3103,0,6.163,
3300.0,light-1,3102,1,1.945,
3300.0,light-4,3102,1,2.101,
3300.0,light-2,3103,1,2.347,
3300.0,light-3,3101,1,3.407,
3300.0,light-5,3103,1,7.856,
3300.0,heavy,3101,0,4.835,
3303.3,heavy,3101,1,6.618,
3306.7,heavy,3102,0,1.400,
3310.0,heavy,3103,0,6.096,
3313.3,heavy,3101,0,4.421,
3316.7,heavy,3102,1,1.624,
3320.0,heavy,3103,0,3.422,
3323.3,heavy,3101,1,5.008,
3326.7,heavy,3102,0,2.268,
3330.0,heavy,3103,1,4.543,
3333.3,heavy,3101,0,4.202,
3336.7,heavy,3102,0,2.083,
3340.0,heavy,3103,1,5.373,
3343.3,heavy,3101,0,4.579,
3346.7,heavy,3102,1,1.809,
3350.0,heavy,3103,0,4.943,
3353.3,heavy,3101,0,2.892,
3356.7,heavy,3102,1,2.072,
3360.0,heavy,3103,0,5.045,
3363.3,heavy,3101,0,5.308,
3366.7,heavy,3102,0,1.554,
3370.0,heavy,3103,0,3.490,
3373.3,heavy,3101,1,4.761,
3376.7,heavy,3102,0,3.365,
3380.0,heavy,3103,1,5.683,
3383.3,heavy,3101,0,3.650,
3386.7,heavy,3102,0,0.872,
3390.0,heavy,3103,0,3.258,
3393.3,heavy,3101,1,6.647,
3396.7,heavy,3102,0,1.079,
3400.0,light-2,3102,1,1.338,
3400.0,light-1,3101,1,1.747,
3400.0,light-5,3102,1,1.777,
3400.0,light-4,3101,1,1.968,
3400.0,light-3,3103,1,2.763,
3400.0,heavy,3103,0,3.666,
3403.3,heavy,3103,1,4.726,
3406.7,heavy,3101,0,3.985,
3410.0,heavy,3102,0,2.237,
3413.3,heavy,3103,1,4.712,
3416.7,heavy,3101,0,3.583,
3420.0,heavy,3102,0,0.940,
3423.3,heavy,3103,1,7.056,
3426.7,heavy,3101,0,6.034,
3430.0,heavy,3102,0,1.654,
3433.3,heavy,3103,1,3.043,
3436.7,heavy,3101,0,3.694,
3440.0,heavy,3102,0,1.160,
3443.3,heavy,3103,1,6.406,
3446.7,heavy,3101,0,5.321,
3450.0,heavy,3102,0,1.093,
3453.3,heavy,3103,1,4.513,
3456.7,heavy,3101,0,4.606,
3460.0,heavy,3102,0,1.612,
3463.3,heavy,3103,1,4.102,
3466.7,heavy,3101,0,3.952,
3470.0,heavy,3102,0,1.218,
3473.3,heavy,3103,1,4.767,
3476.7,heavy,3101,0,3.754,
3480.0,heavy,3102,0,1.256,
3483.3,heavy,3103,1,4.994,
3486.7,heavy,3101,0,3.258,
3490.0,heavy,3102,0,1.149,
3493.3,heavy,3103,1,4.494,
3496.7,heavy,3101,0,3.998,
3500.0,light-1,3103,1,1.423,
3500.0,light-2,3101,1,1.507,
3500.0,light-3,3102,1,1.579,
3500.0,light-4,3103,1,1.640,
3500.0,light-5,3101,1,1.694,
3500.0,heavy,3102,0,1.386,
3503.3,heavy,3102,1,1.289,
3506.7,heavy,3103,0,3.803,
3510.0,heavy,3101,0,4.314,
3513.3,heavy,3102,1,1.460,
3516.7,heavy,3103,0,4.333,
3520.0,heavy,3101,0,4.402,
3523.3,heavy,3102,1,1.110,
3526.7,heavy,3103,0,4.285,
3530.0,heavy,3101,0,4.611,
3533.3,heavy,3102,1,1.286,
3536.7,heavy,3103,0,3.309,
3540.0,heavy,3101,0,3.904,
3543.3,heavy,3102,1,1.672,
3546.7,heavy,3103,1,5.358,
3550.0,heavy,3101,0,4.186,
3553.3,heavy,3102,0,1.235,
3556.7,heavy,3103,1,10.693,
3560.0,heavy,3101,0,2.762,
3563.3,heavy,3102,0,0.900,
3566.7,heavy,3103,0,5.736,
3570.0,heavy,3101,0,2.832,
3573.3,heavy,3102,1,1.679,
3576.7,heavy,3103,0,4.554,
3580.0,heavy,3101,0,4.025,
3583.3,heavy,3102,1,1.285,
3586.7,heavy,3103,0,2.902,
3590.0,heavy,3101,0,2.772,
3593.3,heavy,3102,1,1.415,
3596.7,heavy,3103,0,3.432,
3600.0,light-2,3103,1,1.584,
3600.0,light-5,3103,1,2.011,
3600.0,light-4,3102,1,2.760,
3600.0,light-1,3102,1,6.100,
3600.0,light-3,3101,1,7.999,
3600.0,heavy,3101,1,6.770,
3603.3,heavy,3101,0,5.079,
3606.7,heavy,3102,0,0.956,
3610.0,heavy,3103,0,3.403,
3613.3,heavy,3101,0,6.540,
3616.7,heavy,3102,1,2.666,
3620.0,heavy,3103,0,5.156,
3623.3,heavy,3101,0,6.123,
3626.7,heavy,3102,1,3.416,
3630.0,heavy,3103,0,5.108,
3633.3,heavy,3101,1,5.141,
3636.7,heavy,3102,0,1.100,
3640.0,heavy,3103,0,3.802,
3643.3,heavy,3101,1,4.187,
3646.7,heavy,3102,0,1.319,
3650.0,heavy,3103,0,4.013,
3653.3,heavy,3101,0,4.346,
3656.7,heavy,3102,1,1.308,
3660.0,heavy,3103,0,4.064,
3663.3,heavy,3101,1,5.470,
3666.7,heavy,3102,0,0.879,
3670.0,heavy,3103,0,4.084,
3673.3,heavy,3101,1,4.541,
3676.7,heavy,3102,0,1.266,
3680.0,heavy,3103,0,3.842,
3683.3,heavy,3101,1,4.703,
3686.7,heavy,3102,0,1.079,
3690.0,heavy,3103,0,4.089,
3693.3,heavy,3101,1,4.087,
3696.7,heavy,3102,0,1.319,
3700.0,light-5,3101,1,3.473,
3700.0,light-3,3102,1,6.939,
3700.0,light-1,3103,1,7.333,
3700.0,light-2,3101,1,7.540,
3700.0,light-4,3103,1,7.978,
3700.0,heavy,3103,0,7.604,
3703.3,heavy,3101,0,6.077,
3706.7,heavy,3102,1,2.328,
3710.0,heavy,3102,0,2.692,
3713.3,heavy,3103,1,5.310,
3716.7,heavy,3101,0,3.049,
3720.0,heavy,3102,0,1.180,
3723.3,heavy,3103,0,4.746,
3726.7,heavy,3101,0,3.783,
3730.0,heavy,3102,1,1.510,
3733.3,heavy,3103,1,4.709,
3736.7,heavy,3101,0,3.041,
3740.0,heavy,3102,0,0.788,
3743.3,heavy,3103,1,4.902,
3746.7,heavy,3101,0,3.930,
3750.0,heavy,3102,0,1.096,
3753.3,heavy,3103,1,3.411,
3756.7,heavy,3101,0,4.156,
3760.0,heavy,3102,0,1.150,
3763.3,heavy,3103,1,5.618,
3766.7,heavy,3101,0,4.597,
3770.0,heavy,3102,1,1.554,
3773.3,heavy,3103,0,5.311,
3776.7,heavy,3101,0,5.013,
3780.0,heavy,3102,0,1.139,
3783.3,heavy,3103,1,5.438,
3786.7,heavy,3101,0,4.473,
3790.0,heavy,3102,1,1.450,
3793.3,heavy,3103,0,3.664,
3796.7,heavy,3101,0,3.010,
3800.0,light-2,3101,1,1.280,
3800.0,light-1,3103,1,1.438,
3800.0,light-3,3102,1,1.446,
3800.0,light-5,3101,1,1.459,
3800.0,light-4,3103,1,1.606,
3800.0,heavy,3102,0,1.271,
3803.3,heavy,3102,1,2.142,
3806.7,heavy,3103,0,4.219,
3810.0,heavy,3101,0,3.751,
3813.3,heavy,3102,1,1.151,
3816.7,heavy,3103,0,4.105,
3820.0,heavy,3101,0,4.545,
3823.3,heavy,3102,1,1.322,
3826.7,heavy,3103,0,4.634,
3830.0,heavy,3101,0,3.628,
3833.3,heavy,3102,1,1.026,
3836.7,heavy,3103,1,4.459,
3840.0,heavy,3101,0,4.677,
3843.3,heavy,3102,0,1.142,
3846.7,heavy,3103,0,3.238,
3850.0,heavy,3101,0,4.236,
3853.3,heavy,3102,1,1.393,
3856.7,heavy,3103,0,4.327,
3860.0,heavy,3101,0,3.242,
3863.3,heavy,3102,1,1.309,
3866.7,heavy,3103,1,4.524,
3870.0,heavy,3101,0,3.615,
3873.3,heavy,3102,0,1.007,
3876.7,heavy,3103,0,3.585,
3880.0,heavy,3101,0,8.017,
3883.3,heavy,3102,1,1.198,
3886.7,heavy,3103,0,3.553,
3890.0,heavy,3101,0,7.235,
3893.3,heavy,3102,1,1.083,
3896.7,heavy,3103,0,3.752,
3900.0,light-1,3102,1,1.310,
3900.0,light-2,3103,1,1.465,
3900.0,light-4,3102,1,1.514,
3900.0,light-5,3103,1,1.570,
3900.0,light-3,3101,1,2.960,
3900.0,heavy,3101,0,3.974,
3903.3,heavy,3101,1,4.256,
3906.7,heavy,3102,0,0.873,
3910.0,heavy,3103,0,3.796,
3913.3,heavy,3101,0,3.355,
3916.7,heavy,3102,1,1.220,
3920.0,heavy,3103,0,2.384,
3923.3,heavy,3101,1,4.558,
3926.7,heavy,3102,1,1.298,
3930.0,heavy,3103,0,3.702,
3933.3,heavy,3101,0,4.307,
3936.7,heavy,3102,0,1.103,
3940.0,heavy,3103,0,4.257,
3943.3,heavy,3101,0,3.339,
3946.7,heavy,3102,1,1.197,
3950.0,heavy,3103,0,4.178,
3953.3,heavy,3101,1,4.104,
3956.7,heavy,3102,0,1.007,
3960.0,heavy,3103,0,4.919,
3963.3,heavy,3101,1,3.954,
3966.7,heavy,3102,0,1.106,
3970.0,heavy,3103,0,3.837,
3973.3,heavy,3101,1,3.497,
3976.7,heavy,3102,0,1.290,
3980.0,heavy,3103,0,3.827,
3983.3,heavy,3101,1,4.590,
3986.7,heavy,3102,0,1.061,
3990.0,heavy,3103,0,3.507,
3993.3,heavy,3101,1,4.110,
3996.7,heavy,3102,0,0.917,
4000.0,light-1,3101,1,2.845,
4000.0,light-3,3103,1,2.910,
4000.0,light-2,3102,1,6.603,
4000.0,light-4,3101,1,7.304,
4000.0,light-5,3102,1,7.774,
4000.0,heavy,3103,1,7.259,
4003.3,heavy,3101,0,6.203,
4006.7,heavy,3102,1,1.482,
4010.0,heavy,3103,0,6.956,
4013.3,heavy,3103,0,5.573,
4016.7,heavy,3101,0,4.361,
4020.0,heavy,3102,0,1.106,
4023.3,heavy,3103,1,4.756,
4026.7,heavy,3101,0,3.911,
4030.0,heavy,3102,0,1.279,
4033.3,heavy,3103,1,4.674,
4036.7,heavy,3101,0,3.830,
4040.0,heavy,3102,1,1.408,
4043.3,heavy,3103,0,2.930,
4046.7,heavy,3101,0,3.168,
4050.0,heavy,3102,0,0.849,
4053.3,heavy,3103,1,4.951,
4056.7,heavy,3101,0,4.089,
4060.0,heavy,3102,0,1.388,
4063.3,heavy,3103,1,4.180,
4066.7,heavy,3101,0,3.059,
4070.0,heavy,3102,0,1.239,
4073.3,heavy,3103,0,8.724,
4076.7,heavy,3101,1,8.990,
4080.0,heavy,3102,1,6.838,
4083.3,heavy,3103,0,8.633,
4086.7,heavy,3101,0,9.018,
4090.0,heavy,3102,0,5.049,
4093.3,heavy,3103,0,7.880,
4096.7,heavy,3101,1,3.627,
4100.0,light-1,3103,1,2.785,
4100.0,light-3,3102,1,2.861,
4100.0,light-4,3103,1,3.007,
4100.0,light-2,3101,1,4.433,
4100.0,light-5,3101,1,4.372,
4100.0,heavy,3102,0,2.574,
4103.3,heavy,3102,1,2.073,
4106.7,heavy,3103,0,5.393,
4110.0,heavy,3101,1,5.725,
4113.3,heavy,3102,1,2.999,
4116.7,heavy,3103,0,5.981,
4120.0,heavy,3101,0,5.627,
4123.3,heavy,3102,0,1.609,
4126.7,heavy,3103,0,3.972,
4130.0,heavy,3101,0,3.562,
4133.3,heavy,3102,1,1.343,
4136.7,heavy,3103,0,3.872,
4140.0,heavy,3101,0,4.306,
4143.3,heavy,3102,1,1.323,
4146.7,heavy,3103,0,4.028,
4150.0,heavy,3101,0,4.265,
4153.3,heavy,3102,1,0.977,
4156.7,heavy,3103,0,3.961,
4160.0,heavy,3101,0,4.333,
4163.3,heavy,3102,1,1.140,
4166.7,heavy,3103,0,3.242,
4170.0,heavy,3101,1,4.917,
4173.3,heavy,3102,0,1.646,
4176.7,heavy,3103,0,3.309,
4180.0,heavy,3101,0,3.407,
4183.3,heavy,3102,1,0.759,
4186.7,heavy,3103,0,2.950,
4190.0,heavy,3101,0,2.952,
4193.3,heavy,3102,1,1.667,
4196.7,heavy,3103,0,1.545,
4200.0,light-1,3102,1,1.965,
4200.0,light-4,3102,1,2.024,
4200.0,light-3,3101,1,3.674,
4200.0,light-2,3103,1,3.909,
4200.0,light-5,3103,1,3.931,
4200.0,heavy,3101,1,5.424,
4203.3,heavy,3102,1,1.435,
4206.7,heavy,3103,0,4.913,
4210.0,heavy,3101,0,5.163,
4213.3,heavy,3101,0,5.933,
4216.7,heavy,3102,0,0.950,
4220.0,heavy,3103,0,4.043,
4223.3,heavy,3101,1,5.192,
4226.7,heavy,3102,0,1.576,
4230.0,heavy,3103,1,7.045,
4233.3,heavy,3101,0,5.522,
4236.7,heavy,3102,1,1.928,
4240.0,heavy,3103,0,6.790,
4243.3,heavy,3101,0,4.134,
4246.7,heavy,3102,0,1.025,
4250.0,heavy,3103,0,3.385,
4253.3,heavy,3101,1,3.976,
4256.7,heavy,3102,0,0.894,
4260.0,heavy,3103,1,4.647,
4263.3,heavy,3101,0,3.698,
4266.7,heavy,3102,1,1.173,
4270.0,heavy,3103,0,4.419,
4273.3,heavy,3101,0,4.088,
4276.7,heavy,3102,0,1.080,
4280.0,heavy,3103,0,3.258,
4283.3,heavy,3101,0,5.736,
4286.7,heavy,3102,1,1.211,
4290.0,heavy,3103,0,3.394,
4293.3,heavy,3101,0,3.005,
4296.7,heavy,3102,1,1.827,
4300.0,light-1,3102,1,1.689,
4300.0,light-4,3102,1,1.902,
4300.0,light-2,3103,1,2.913,
4300.0,light-3,3101,1,3.084,
4300.0,light-5,3103,1,7.696,
4300.0,heavy,3103,1,6.787,
4303.3,heavy,3101,0,5.746,
4306.7,heavy,3101,0,5.518,
4310.0,heavy,3102,0,1.254,
4313.3,heavy,3103,1,4.988,
4316.7,heavy,3101,0,3.960,
4320.0,heavy,3102,0,1.081,
4323.3,heavy,3103,1,5.781,
4326.7,heavy,3101,0,4.551,
4330.0,heavy,3102,1,1.585,
4333.3,heavy,3103,0,5.495,
4336.7,heavy,3101,0,5.082,
4340.0,heavy,3102,0,1.404,
4343.3,heavy,3103,1,4.037,
4346.7,heavy,3101,0,3.358,
4350.0,heavy,3102,0,1.289,
4353.3,heavy,3103,1,5.082,
4356.7,heavy,3101,0,3.808,
4360.0,heavy,3102,1,1.251,
4363.3,heavy,3103,0,4.901,
4366.7,heavy,3101,0,4.349,
4370.0,heavy,3102,0,1.572,
4373.3,heavy,3103,1,4.790,
4376.7,heavy,3101,0,3.507,
4380.0,heavy,3102,0,1.110,
4383.3,heavy,3103,1,4.055,
4386.7,heavy,3101,0,3.838,
4390.0,heavy,3102,0,1.191,
4393.3,heavy,3103,1,5.540,
4396.7,heavy,3101,0,3.803,
4400.0,light-1,3101,1,1.509,
4400.0,light-3,3103,1,1.733,
4400.0,light-4,3101,1,2.109,
4400.0,light-2,3102,1,3.456,
4400.0,light-5,3102,1,3.887,
4400.0,heavy,3102,0,2.270,
4403.3,heavy,3103,1,4.014,
4406.7,heavy,3103,0,2.834,
4410.0,heavy,3101,0,3.780,
4413.3,heavy,3102,1,0.777,
4416.7,heavy,3103,0,3.874,
4420.0,heavy,3101,0,4.204,
4423.3,heavy,3102,1,1.201,
4426.7,heavy,3103,0,3.961,
4430.0,heavy,3101,0,4.219,
4433.3,heavy,3102,1,0.862,
4436.7,heavy,3103,0,4.025,
4440.0,heavy,3101,0,4.168,
4443.3,heavy,3102,1,1.630,
4446.7,heavy,3103,0,2.192,
4450.0,heavy,3101,0,3.796,
4453.3,heavy,3102,1,1.326,
4456.7,heavy,3103,0,4.174,
4460.0,heavy,3101,0,3.963,
4463.3,heavy,3102,1,0.916,
4466.7,heavy,3103,0,3.646,
4470.0,heavy,3101,0,4.158,
4473.3,heavy,3102,1,1.293,
4476.7,heavy,3103,0,3.894,
4480.0,heavy,3101,0,3.941,
4483.3,heavy,3102,1,1.170,
4486.7,heavy,3103,1,4.687,
4490.0,heavy,3101,0,3.798,
4493.3,heavy,3102,0,0.851,
4496.7,heavy,3103,0,1.347,
4500.0,light-2,3102,1,1.962,
4500.0,light-5,3102,1,2.539,
4500.0,light-1,3101,1,3.028,
4500.0,light-4,3101,1,3.101,
4500.0,light-3,3103,1,3.342,
4500.0,heavy,3101,0,5.080,
4503.3,heavy,3102,1,1.558,
4506.7,heavy,3103,0,4.882,
4510.0,heavy,3103,0,2.912,
4513.3,heavy,3101,1,5.316,
4516.7,heavy,3102,1,1.465,
4520.0,heavy,3103,0,4.226,
4523.3,heavy,3101,0,5.034,
4526.7,heavy,3102,0,1.367,
4530.0,heavy,3103,0,4.620,
4533.3,heavy,3101,0,3.698,
4536.7,heavy,3102,1,1.315,
4540.0,heavy,3103,0,4.006,
4543.3,heavy,3101,1,4.889,
4546.7,heavy,3102,0,0.732,
4550.0,heavy,3103,1,4.573,
4553.3,heavy,3101,0,3.767,
4556.7,heavy,3102,0,1.602,
4560.0,heavy,3103,0,3.762,
4563.3,heavy,3101,1,4.277,
4566.7,heavy,3102,0,0.979,
4570.0,heavy,3103,0,2.918,
4573.3,heavy,3101,0,3.741,
4576.7,heavy,3102,1,1.267,
4580.0,heavy,3103,0,4.145,
4583.3,heavy,3101,0,3.946,
4586.7,heavy,3102,1,1.001,
4590.0,heavy,3103,0,3.479,
4593.3,heavy,3101,1,4.542,
4596.7,heavy,3102,0,0.920,
4600.0,light-2,3102,1,1.194,
4600.0,light-1,3101,1,1.449,
4600.0,light-5,3102,1,1.433,
4600.0,light-4,3101,1,1.640,
4600.0,light-3,3103,1,2.121,
4600.0,heavy,3103,0,3.275,
4603.3,heavy,3103,1,3.011,
4606.7,heavy,3101,0,6.212,
4610.0,heavy,3102,1,0.960,
4613.3,heavy,3103,0,2.313,
4616.7,heavy,3101,0,4.496,
4620.0,heavy,3102,1,0.966,
4623.3,heavy,3103,0,2.667,
4626.7,heavy,3101,0,3.449,
4630.0,heavy,3102,1,1.233,
4633.3,heavy,3103,0,3.664,
4636.7,heavy,3101,0,2.861,
4640.0,heavy,3102,0,0.912,
4643.3,heavy,3103,0,3.581,
4646.7,heavy,3101,0,2.806,
4650.0,heavy,3102,1,1.142,
4653.3,heavy,3103,1,4.751,
4656.7,heavy,3101,0,2.907,
4660.0,heavy,3102,0,0.918,
4663.3,heavy,3103,1,6.462,
4666.7,heavy,3101,0,4.573,
4670.0,heavy,3102,1,3.138,
4673.3,heavy,3103,0,5.939,
4676.7,heavy,3101,0,4.229,
4680.0,heavy,3102,0,1.167,
4683.3,heavy,3103,0,4.276,
4686.7,heavy,3101,1,5.237,
4690.0,heavy,3102,1,1.190,
4693.3,heavy,3103,0,5.467,
4696.7,heavy,3101,0,5.272,
4700.0,light-1,3103,1,1.665,
4700.0,light-3,3102,1,1.667,
4700.0,light-4,3103,1,1.728,
4700.0,light-2,3101,1,2.170,
4700.0,light-5,3101,1,2.153,
4700.0,heavy,3102,0,1.672,
4703.3,heavy,3102,0,0.789,
4706.7,heavy,3103,1,4.106,
4710.0,heavy,3101,0,3.079,
4713.3,heavy,3102,0,0.973,
4716.7,heavy,3103,1,1.997,
4720.0,heavy,3101,0,3.346,
4723.3,heavy,3102,1,1.218,
4726.7,heavy,3103,0,3.021,
4730.0,heavy,3101,0,3.916,
4733.3,heavy,3102,1,0.897,
4736.7,heavy,3103,0,5.488,
4740.0,heavy,3101,0,2.776,
4743.3,heavy,3102,1,0.999,
4746.7,heavy,3103,0,2.957,
4750.0,heavy,3101,0,2.551,
4753.3,heavy,3102,1,1.593,
4756.7,heavy,3103,0,3.521,
4760.0,heavy,3101,0,3.220,
4763.3,heavy,3102,1,0.850,
4766.7,heavy,3103,0,3.587,
4770.0,heavy,3101,0,3.686,
4773.3,heavy,3102,1,1.018,
4776.7,heavy,3103,0,3.682,
4780.0,heavy,3101,0,3.953,
4783.3,heavy,3102,1,1.212,
4786.7,heavy,3103,0,3.409,
4790.0,heavy,3101,1,4.573,
4793.3,heavy,3102,0,2.593,
4796.7,heavy,3103,0,4.431,
4800.0,light-2,3103,1,2.118,
4800.0,light-5,3103,1,2.598,
4800.0,light-4,3102,1,3.283,
4800.0,light-1,3102,1,4.972,
4800.0,light-3,3101,1,6.121,
4800.0,heavy,3101,1,5.329,
4803.3,heavy,3101,0,3.106,
4806.7,heavy,3102,0,0.780,
4810.0,heavy,3103,0,3.327,
4813.3,heavy,3101,1,3.538,
4816.7,heavy,3102,0,0.941,
4820.0,heavy,3103,0,2.698,
4823.3,heavy,3101,1,4.502,
4826.7,heavy,3102,0,0.965,
4830.0,heavy,3103,0,3.008,
4833.3,heavy,3101,1,3.780,
4836.7,heavy,3102,0,0.931,
4840.0,heavy,3103,0,3.631,
4843.3,heavy,3101,1,4.235,
4846.7,heavy,3102,0,0.919,
4850.0,heavy,3103,0,4.002,
4853.3,heavy,3101,1,4.631,
4856.7,heavy,3102,0,0.812,
4860.0,heavy,3103,0,4.006,
4863.3,heavy,3101,1,4.033,
4866.7,heavy,3102,1,1.274,
4870.0,heavy,3103,0,4.054,
4873.3,heavy,3101,0,2.919,
4876.7,heavy,3102,1,2.154,
4880.0,heavy,3103,0,3.005,
4883.3,heavy,3101,0,3.378,
4886.7,heavy,3102,0,2.384,
4890.0,heavy,3103,0,3.017,
4893.3,heavy,3101,1,4.280,
4896.7,heavy,3102,0,1.113,
4900.0,light-2,3102,1,1.746,
4900.0,light-1,3101,1,2.458,
4900.0,light-4,3101,1,2.442,
4900.0,light-5,3102,1,2.532,
4900.0,light-3,3103,1,2.794,
4900.0,heavy,3103,1,4.796,
4903.3,heavy,3103,0,2.919,
4906.7,heavy,3101,0,3.476,
4910.0,heavy,3102,1,1.401,
4913.3,heavy,3103,0,3.890,
4916.7,heavy,3101,0,3.304,
4920.0,heavy,3102,0,0.956,
4923.3,heavy,3103,0,3.693,
4926.7,heavy,3101,1,3.988,
4930.0,heavy,3102,1,1.091,
4933.3,heavy,3103,0,3.077,
4936.7,heavy,3101,0,3.345,
4940.0,heavy,3102,0,1.052,
4943.3,heavy,3103,1,4.772,
4946.7,heavy,3101,0,3.910,
4950.0,heavy,3102,0,1.368,
4953.3,heavy,3103,0,5.625,
4956.7,heavy,3101,1,4.128,
4960.0,heavy,3102,1,1.231,
4963.3,heavy,3103,0,4.229,
4966.7,heavy,3101,0,3.428,
4970.0,heavy,3102,0,0.859,
4973.3,heavy,3103,0,4.818,
4976.7,heavy,3101,1,3.982,
4980.0,heavy,3102,1,0.785,
4983.3,heavy,3103,0,2.919,
4986.7,heavy,3101,0,4.101,
4990.0,heavy,3102,1,2.578,
4993.3,heavy,3103,0,3.924,
4996.7,heavy,3101,0,3.891,
5000.0,heavy,3102,0,1.359,
5000.0,light-5,3101,1,2.692,
5000.0,light-2,3101,1,5.222,
5000.0,light-1,3103,1,5.870,
5000.0,light-3,3102,1,5.989,
5000.0,light-4,3103,1,6.089,
5003.3,heavy,3102,1,1.882,
5006.7,heavy,3103,0,4.701,
5010.0,heavy,3101,0,4.011,
5013.3,heavy,3102,1,1.613,
5016.7,heavy,3103,0,4.145,
5020.0,heavy,3101,0,4.327,
5023.3,heavy,3102,1,1.299,
5026.7,heavy,3103,0,2.735,
5030.0,heavy,3101,0,3.824,
5033.3,heavy,3102,1,1.231,
5036.7,heavy,3103,0,4.040,
5040.0,heavy,3101,0,4.375,
5043.3,heavy,3102,1,1.424,
5046.7,heavy,3103,0,4.484,
5050.0,heavy,3101,0,3.703,
5053.3,heavy,3102,1,1.396,
5056.7,heavy,3103,0,3.685,
5060.0,heavy,3101,0,3.169,
5063.3,heavy,3102,1,1.282,
5066.7,heavy,3103,0,4.659,
5070.0,heavy,3101,1,5.084,
5073.3,heavy,3102,0,1.344,
5076.7,heavy,3103,0,3.425,
5080.0,heavy,3101,0,3.017,
5083.3,heavy,3102,1,1.442,
5086.7,heavy,3103,0,3.476,
5090.0,heavy,3101,0,3.063,
5093.3,heavy,3102,1,1.213,
5096.7,heavy,3103,1,5.706,
5100.0,heavy,3101,0,4.446,
5100.0,light-1,3102,1,1.346,
5100.0,light-4,3102,1,1.890,
5100.0,light-2,3103,1,2.637,
5100.0,light-3,3101,1,2.776,
5100.0,light-5,3103,1,2.901,
5103.3,heavy,3101,0,3.706,
5106.7,heavy,3102,0,1.150,
5110.0,heavy,3103,0,3.478,
5113.3,heavy,3101,0,3.623,
5116.7,heavy,3102,1,1.346,
5120.0,heavy,3103,0,3.038,
5123.3,heavy,3101,1,4.319,
5126.7,heavy,3102,0,1.010,
5130.0,heavy,3103,1,4.317,
5133.3,heavy,3101,0,3.479,
5136.7,heavy,3102,0,1.209,
5140.0,heavy,3103,0,3.234,
5143.3,heavy,3101,1,4.333,
5146.7,heavy,3102,0,1.548,
5150.0,heavy,3103,0,3.390,
5153.3,heavy,3101,1,3.751,
5156.7,heavy,3102,0,1.076,
5160.0,heavy,3103,0,4.245,
5163.3,heavy,3101,1,4.590,
5166.7,heavy,3102,0,0.879,
5170.0,heavy,3103,0,3.387,
5173.3,heavy,3101,1,4.581,
5176.7,heavy,3102,0,1.040,
5180.0,heavy,3103,0,4.942,
5183.3,heavy,3101,0,6.283,
5186.7,heavy,3102,1,1.766,
5190.0,heavy,3103,0,6.373,
5193.3,heavy,3101,0,6.480,
5196.7,heavy,3102,1,1.390,
5200.0,heavy,3103,1,8.165,
5200.0,light-1,3101,1,2.013,
5200.0,light-3,3103,1,3.524,
5200.0,light-4,3101,1,6.898,
5200.0,light-2,3102,1,7.685,
5200.0,light-5,3102,1,8.286,
5203.3,heavy,3103,0,4.400,
5206.7,heavy,3101,0,6.691,
5210.0,heavy,3102,0,3.624,
5213.3,heavy,3103,1,4.385,
5216.7,heavy,3101,0,5.186,
5220.0,heavy,3102,1,1.690,
5223.3,heavy,3103,0,9.922,
5226.7,heavy,3101,0,6.212,
5230.0,heavy,3102,1,3.283,
5233.3,heavy,3103,0,6.675,
5236.7,heavy,3101,0,5.541,
5240.0,heavy,3102,0,1.239,
5243.3,heavy,3103,1,4.919,
5246.7,heavy,3101,0,3.746,
5250.0,heavy,3102,0,1.407,
5253.3,heavy,3103,1,4.377,
5256.7,heavy,3101,0,3.829,
5260.0,heavy,3102,0,0.986,
5263.3,heavy,3103,1,11.932,
5266.7,heavy,3101,0,11.392,
5270.0,heavy,3102,1,3.842,
5273.3,heavy,3103,0,13.963,
5276.7,heavy,3101,0,9.046,
5280.0,heavy,3102,1,6.927,
5283.3,heavy,3103,0,10.692,
5286.7,heavy,3101,0,4.191,
5290.0,heavy,3102,0,2.530,
5293.3,heavy,3103,1,4.787,
5296.7,heavy,3101,0,3.209,
5300.0,heavy,3102,1,3.268,
5300.0,light-2,3101,1,1.895,
5300.0,light-1,3103,1,2.711,
5300.0,light-5,3101,1,2.645,
5300.0,light-4,3103,1,3.067,
5300.0,light-3,3102,1,3.286,
5303.3,heavy,3102,0,1.595,
5306.7,heavy,3103,0,3.967,
5310.0,heavy,3101,0,4.499,
5313.3,heavy,3102,1,2.223,
5316.7,heavy,3103,0,4.795,
5320.0,heavy,3101,0,3.505,
5323.3,heavy,3102,1,1.286,
5326.7,heavy,3103,0,3.246,
5330.0,heavy,3101,0,3.238,
5333.3,heavy,3102,1,1.222,
5336.7,heavy,3103,0,3.734,
5340.0,heavy,3101,0,3.040,
5343.3,heavy,3102,1,1.326,
5346.7,heavy,3103,0,3.383,
5350.0,heavy,3101,0,1.767,
5353.3,heavy,3102,1,1.617,
5356.7,heavy,3103,0,3.849,
5360.0,heavy,3101,0,4.243,
5363.3,heavy,3102,1,2.031,
5366.7,heavy,3103,0,3.319,
5370.0,heavy,3101,0,3.077,
5373.3,heavy,3102,1,1.191,
5376.7,heavy,3103,0,3.845,
5380.0,heavy,3101,1,3.834,
5383.3,heavy,3102,0,1.142,
5386.7,heavy,3103,0,3.519,
5390.0,heavy,3101,0,2.924,
5393.3,heavy,3102,1,1.362,
5396.7,heavy,3103,0,5.170,
5400.0,heavy,3101,0,4.334,
5400.0,light-2,3102,1,2.184,
5400.0,light-5,3102,1,2.275,
5400.0,light-1,3101,1,2.832,
5400.0,light-3,3103,1,3.016,
5400.0,light-4,3101,1,3.156,
5403.3,heavy,3102,1,1.522,
5406.7,heavy,3103,0,4.827,
5410.0,heavy,3103,0,3.413,
5413.3,heavy,3101,1,4.412,
5416.7,heavy,3102,0,1.020,
5420.0,heavy,3103,1,4.309,
5423.3,heavy,3101,0,3.420,
5426.7,heavy,3102,0,1.516,
5430.0,heavy,3103,0,4.610,
5433.3,heavy,3101,0,3.534,
5436.7,heavy,3102,1,1.447,
5440.0,heavy,3103,0,3.209,
5443.3,heavy,3101,1,4.668,
5446.7,heavy,3102,0,1.104,
5450.0,heavy,3103,1,4.874,
5453.3,heavy,3101,0,4.046,
5456.7,heavy,3102,0,0.998,
5460.0,heavy,3103,0,4.135,
5463.3,heavy,3101,1,4.216,
5466.7,heavy,3102,0,1.061,
5470.0,heavy,3103,0,4.508,
5473.3,heavy,3101,0,3.812,
5476.7,heavy,3102,1,1.419,
5480.0,heavy,3103,0,4.773,
5483.3,heavy,3101,0,3.859,
5486.7,heavy,3102,1,1.127,
5490.0,heavy,3103,0,3.340,
5493.3,heavy,3101,1,4.278,
5496.7,heavy,3102,0,0.993,
5500.0,heavy,3103,0,3.585,
5500.0,light-1,3101,1,1.812,
5500.0,light-2,3102,1,2.317,
5500.0,light-5,3102,1,2.792,
5500.0,light-4,3101,1,2.965,
5500.0,light-3,3103,1,3.118,
5503.3,heavy,3103,1,4.939,
5506.7,heavy,3101,0,3.042,
5510.0,heavy,3102,0,0.984,
5513.3,heavy,3103,0,3.692,
5516.7,heavy,3101,1,3.996,
5520.0,heavy,3102,0,0.770,
5523.3,heavy,3103,0,3.874,
5526.7,heavy,3101,1,4.255,
5530.0,heavy,3102,1,1.289,
5533.3,heavy,3103,0,2.721,
5536.7,heavy,3101,0,3.241,
5540.0,heavy,3102,0,1.082,
5543.3,heavy,3103,0,3.827,
5546.7,heavy,3101,1,4.396,
5550.0,heavy,3102,0,1.099,
5553.3,heavy,3103,1,4.487,
5556.7,heavy,3101,0,3.665,
5560.0,heavy,3102,1,1.170,
5563.3,heavy,3103,0,3.121,
5566.7,heavy,3101,0,3.010,
5570.0,heavy,3102,0,1.196,
5573.3,heavy,3103,1,4.702,
5576.7,heavy,3101,0,3.635,
5580.0,heavy,3102,0,1.449,
5583.3,heavy,3103,1,4.159,
5586.7,heavy,3101,0,4.058,
5590.0,heavy,3102,0,1.425,
5593.3,heavy,3103,1,4.561,
5596.7,heavy,3101,0,3.224,
5600.0,heavy,3102,0,1.561,
5600.0,light-1,3103,1,1.633,
5600.0,light-2,3101,1,1.685,
5600.0,light-3,3102,1,2.101,
5600.0,light-4,3103,1,2.266,
5600.0,light-5,3101,1,2.352,
5603.3,heavy,3102,1,0.881,
5606.7,heavy,3103,0,4.029,
5610.0,heavy,3101,1,3.887,
5613.3,heavy,3102,0,0.981,
5616.7,heavy,3103,0,3.024,
5620.0,heavy,3101,0,3.944,
5623.3,heavy,3102,1,1.203,
5626.7,heavy,3103,0,3.108,
5630.0,heavy,3101,0,3.204,
5633.3,heavy,3102,1,1.118,
5636.7,heavy,3103,0,2.963,
5640.0,heavy,3101,0,2.740,
5643.3,heavy,3102,1,1.614,
5646.7,heavy,3103,0,3.888,
5650.0,heavy,3101,0,3.498,
5653.3,heavy,3102,1,1.774,
5656.7,heavy,3103,0,2.675,
5660.0,heavy,3101,0,4.079,
5663.3,heavy,3102,1,1.225,
5666.7,heavy,3103,0,3.875,
5670.0,heavy,3101,0,4.061,
5673.3,heavy,3102,1,0.891,
5676.7,heavy,3103,0,3.744,
5680.0,heavy,3101,0,4.304,
5683.3,heavy,3102,1,1.159,
5686.7,heavy,3103,0,3.979,
5690.0,heavy,3101,0,3.109,
5693.3,heavy,3102,1,1.165,
5696.7,heavy,3103,0,5.164,
5700.0,heavy,3101,1,3.896,
5700.0,light-1,3102,1,1.299,
5700.0,light-4,3102,1,1.410,
5700.0,light-3,3101,1,2.220,
5700.0,light-2,3103,1,2.688,
5700.0,light-5,3103,1,5.511,
5703.3,heavy,3101,0,3.385,
5706.7,heavy,3102,0,1.101,
5710.0,heavy,3103,0,3.934,
5713.3,heavy,3101,0,2.805,
5716.7,heavy,3102,1,1.169,
5720.0,heavy,3103,0,2.648,
5723.3,heavy,3101,1,4.417,
5726.7,heavy,3102,1,1.443,
5730.0,heavy,3103,0,3.486,
5733.3,heavy,3101,0,4.234,
5736.7,heavy,3102,0,0.888,
5740.0,heavy,3103,1,6.538,
5743.3,heavy,3101,0,3.129,
5746.7,heavy,3102,1,1.658,
5750.0,heavy,3103,0,4.670,
5753.3,heavy,3101,0,3.423,
5756.7,heavy,3102,1,1.587,
5760.0,heavy,3103,0,3.218,
5763.3,heavy,3101,0,6.688,
5766.7,heavy,3102,0,1.660,
5770.0,heavy,3103,1,4.802,
5773.3,heavy,3101,0,3.111,
5776.7,heavy,3102,0,1.025,
5780.0,heavy,3103,0,3.195,
5783.3,heavy,3101,1,4.244,
5786.7,heavy,3102,0,1.018,
5790.0,heavy,3103,0,4.716,
5793.3,heavy,3101,0,3.362,
5796.7,heavy,3102,1,1.848,
5800.0,heavy,3103,0,4.838,
5800.0,light-1,3101,1,1.086,
5800.0,light-2,3102,1,1.176,
5800.0,light-4,3101,1,1.249,
5800.0,light-5,3102,1,2.219,
5800.0,light-3,3103,1,2.839,
5803.3,heavy,3103,1,5.396,
5806.7,heavy,3101,0,2.866,
5810.0,heavy,3102,0,1.078,
5813.3,heavy,3103,1,4.111,
5816.7,heavy,3101,0,2.274,
5820.0,heavy,3102,1,1.441,
5823.3,heavy,3103,0,3.531,
5826.7,heavy,3101,0,3.205,
5830.0,heavy,3102,0,1.027,
5833.3,heavy,3103,1,5.145,
5836.7,heavy,3101,0,4.369,
5840.0,heavy,3102,1,2.452,
5843.3,heavy,3103,0,5.097,
5846.7,heavy,3101,0,2.645,
5850.0,heavy,3102,0,1.166,
5853.3,heavy,3103,1,11.070,
5856.7,heavy,3101,0,3.596,
5860.0,heavy,3102,1,0.938,
5863.3,heavy,3103,0,7.710,
5866.7,heavy,3101,0,3.217,
5870.0,heavy,3102,0,0.863,
5873.3,heavy,3103,1,3.985,
5876.7,heavy,3101,0,3.231,
5880.0,heavy,3102,0,0.876,
5883.3,heavy,3103,0,3.453,
5886.7,heavy,3101,0,3.825,
5890.0,heavy,3102,1,1.074,
5893.3,heavy,3103,1,3.791,
5896.7,heavy,3101,0,3.721,
5900.0,heavy,3102,0,1.344,
5900.0,light-2,3101,1,1.311,
5900.0,light-1,3103,1,1.509,
5900.0,light-3,3102,1,1.500,
5900.0,light-4,3103,1,1.575,
5900.0,light-5,3101,1,1.629,
5903.3,heavy,3102,1,1.331,
5906.7,heavy,3103,0,4.068,
5910.0,heavy,3101,0,3.204,
5913.3,heavy,3102,1,1.234,
5916.7,heavy,3103,1,4.642,
5920.0,heavy,3101,0,3.835,
5923.3,heavy,3102,0,1.006,
5926.7,heavy,3103,0,3.677,
5930.0,heavy,3101,0,3.822,
5933.3,heavy,3102,1,1.682,
5936.7,heavy,3103,0,3.599,
5940.0,heavy,3101,0,2.119,
5943.3,heavy,3102,1,1.405,
5946.7,heavy,3103,0,3.410,
5950.0,heavy,3101,0,3.925,
5953.3,heavy,3102,1,1.030,
5956.7,heavy,3103,0,3.460,
5960.0,heavy,3101,0,3.712,
5963.3,heavy,3102,1,1.205,
5966.7,heavy,3103,0,3.605,
5970.0,heavy,3101,1,3.897,
5973.3,heavy,3102,0,0.883,
5976.7,heavy,3103,0,3.765,
5980.0,heavy,3101,0,3.947,
5983.3,heavy,3102,1,1.470,
5986.7,heavy,3103,0,3.264,
5990.0,heavy,3101,0,3.374,
5993.3,heavy,3102,1,1.221,
5996.7,heavy,3103,0,3.821,
6000.0,heavy,3101,1,5.816,
6000.0,light-2,3103,1,1.069,
6000.0,light-5,3103,1,1.540,
6000.0,light-4,3102,1,2.715,
6000.0,light-1,3102,1,5.121,
6000.0,light-3,3101,1,6.542,
6003.3,heavy,3101,0,4.664,
6006.7,heavy,3102,0,0.882,
6010.0,heavy,3103,1,4.642,
6013.3,heavy,3101,0,3.734,
6016.7,heavy,3102,0,0.915,
6020.0,heavy,3103,0,3.760,
6023.3,heavy,3101,0,4.184,
6026.7,heavy,3102,1,1.359,
6030.0,heavy,3103,0,2.550,
6033.3,heavy,3101,1,3.727,
6036.7,heavy,3102,0,0.787,
6040.0,heavy,3103,0,4.015,
6043.3,heavy,3101,1,4.743,
6046.7,heavy,3102,0,1.137,
6050.0,heavy,3103,0,3.680,
6053.3,heavy,3101,1,4.356,
6056.7,heavy,3102,0,0.818,
6060.0,heavy,3103,1,4.313,
6063.3,heavy,3101,0,3.905,
6066.7,heavy,3102,1,1.465,
6070.0,heavy,3103,0,4.161,
6073.3,heavy,3101,0,4.027,
6076.7,heavy,3102,0,2.031,
6080.0,heavy,3103,0,3.596,
6083.3,heavy,3101,0,4.073,
6086.7,heavy,3102,1,1.324,
6090.0,heavy,3103,0,3.699,
6093.3,heavy,3101,1,4.563,
6096.7,heavy,3102,0,0.984,
6100.0,heavy,3103,0,4.446,
6100.0,light-1,3102,1,3.367,
6100.0,light-4,3102,1,3.445,
6100.0,light-2,3103,1,3.676,
6100.0,light-3,3101,1,3.732,
6100.0,light-5,3103,1,3.743,
6103.3,heavy,3101,1,4.227,
6106.7,heavy,3101,0,4.017,
6110.0,heavy,3102,0,1.309,
6113.3,heavy,3103,0,3.312,
6116.7,heavy,3101,0,3.656,
6120.0,heavy,3102,1,1.208,
6123.3,heavy,3103,1,3.743,
6126.7,heavy,3101,0,2.924,
6130.0,heavy,3102,0,1.146,
6133.3,heavy,3103,1,3.831,
6136.7,heavy,3101,0,3.094,
6140.0,heavy,3102,0,0.947,
6143.3,heavy,3103,0,4.028,
6146.7,heavy,3101,1,4.140,
6150.0,heavy,3102,1,1.269,
6153.3,heavy,3103,0,2.607,
6156.7,heavy,3101,0,3.368,
6160.0,heavy,3102,1,1.487,
6163.3,heavy,3103,0,3.662,
6166.7,heavy,3101,0,3.505,
6170.0,heavy,3102,0,0.792,
6173.3,heavy,3103,0,3.367,
6176.7,heavy,3101,1,3.528,
6180.0,heavy,3102,1,1.149,
6183.3,heavy,3103,0,2.139,
6186.7,heavy,3101,0,3.349,
6190.0,heavy,3102,1,1.346,
6193.3,heavy,3103,0,5.816,
6196.7,heavy,3101,0,3.103,
6200.0,heavy,3102,0,1.440,
6200.0,light-5,3101,1,3.547,
6200.0,light-3,3102,1,5.772,
6200.0,light-4,3103,1,5.933,
6200.0,light-2,3101,1,6.146,
6200.0,light-1,3103,1,6.329,
6203.3,heavy,3102,1,0.947,
6206.7,heavy,3103,0,3.362,
6210.0,heavy,3101,0,3.586,
6213.3,heavy,3102,1,1.256,
6216.7,heavy,3103,0,3.453,
6220.0,heavy,3101,0,2.732,
6223.3,heavy,3102,1,0.770,
6226.7,heavy,3103,0,3.313,
6230.0,heavy,3101,1,4.094,
6233.3,heavy,3102,0,1.080,
6236.7,heavy,3103,0,3.591,
6240.0,heavy,3101,0,2.907,
6243.3,heavy,3102,1,1.314,
6246.7,heavy,3103,0,5.004,
6250.0,heavy,3101,0,6.433,
6253.3,heavy,3102,1,2.618,
6256.7,heavy,3103,0,5.547,
6260.0,heavy,3101,0,6.380,
6263.3,heavy,3102,1,1.366,
6266.7,heavy,3103,0,3.826,
6270.0,heavy,3101,0,3.922,
6273.3,heavy,3102,1,1.312,
6276.7,heavy,3103,0,2.388,
6280.0,heavy,3101,0,3.054,
6283.3,heavy,3102,1,1.093,
6286.7,heavy,3103,0,3.334,
6290.0,heavy,3101,0,3.392,
6293.3,heavy,3102,1,1.147,
6296.7,heavy,3103,0,4.207,
6300.0,heavy,3101,0,4.090,
6300.0,light-3,3102,1,1.871,
6300.0,light-2,3101,1,2.705,
6300.0,light-1,3103,1,2.920,
6300.0,light-5,3101,1,2.910,
6300.0,light-4,3103,1,3.041,
6303.3,heavy,3102,1,1.520,
6306.7,heavy,3102,0,1.240,
6310.0,heavy,3103,0,3.099,
6313.3,heavy,3101,1,3.695,
6316.7,heavy,3102,0,0.929,
6320.0,heavy,3103,0,3.974,
6323.3,heavy,3101,1,3.890,
6326.7,heavy,3102,0,0.932,
6330.0,heavy,3103,0,4.385,
6333.3,heavy,3101,0,3.547,
6336.7,heavy,3102,1,1.068,
6340.0,heavy,3103,0,3.282,
6343.3,heavy,3101,1,3.672,
6346.7,heavy,3102,0,0.892,
6350.0,heavy,3103,0,3.234,
6353.3,heavy,3101,1,4.391,
6356.7,heavy,3102,0,1.098,
6360.0,heavy,3103,0,3.086,
6363.3,heavy,3101,0,2.991,
6366.7,heavy,3102,1,1.175,
6370.0,heavy,3103,1,4.116,
6373.3,heavy,3101,0,3.507,
6376.7,heavy,3102,1,1.245,
6380.0,heavy,3103,0,3.765,
6383.3,heavy,3101,0,2.316,
6386.7,heavy,3102,1,1.505,
6390.0,heavy,3103,0,4.310,
6393.3,heavy,3101,0,2.997,
6396.7,heavy,3102,0,1.330,
6400.0,heavy,3103,1,6.212,
6400.0,light-1,3101,1,1.230,
6400.0,light-3,3103,1,2.642,
6400.0,light-4,3101,1,5.172,
6400.0,light-2,3102,1,5.827,
6400.0,light-5,3102,1,6.256,
6403.3,heavy,3103,0,2.841,
6406.7,heavy,3101,0,3.208,
6410.0,heavy,3102,0,0.866,
6413.3,heavy,3103,0,3.656,
6416.7,heavy,3101,1,4.150,
6420.0,heavy,3102,1,1.156,
6423.3,heavy,3103,0,3.881,
6426.7,heavy,3101,0,4.104,
6430.0,heavy,3102,0,0.972,
6433.3,heavy,3103,1,4.639,
6436.7,heavy,3101,0,3.830,
6440.0,heavy,3102,1,1.657,
6443.3,heavy,3103,0,2.690,
6446.7,heavy,3101,0,2.701,
6450.0,heavy,3102,0,0.784,
6453.3,heavy,3103,1,4.435,
6456.7,heavy,3101,0,3.542,
6460.0,heavy,3102,0,1.693,
6463.3,heavy,3103,1,3.782,
6466.7,heavy,3101,0,3.336,
6470.0,heavy,3102,0,1.122,
6473.3,heavy,3103,0,3.977,
6476.7,heavy,3101,0,3.318,
6480.0,heavy,3102,1,1.285,
6483.3,heavy,3103,0,3.669,
6486.7,heavy,3101,0,3.328,
6490.0,heavy,3102,1,0.851,
6493.3,heavy,3103,1,4.343,
6496.7,heavy,3101,0,3.652,
6500.0,heavy,3102,1,1.477,
6500.0,light-2,3102,1,1.621,
6500.0,light-5,3102,1,1.820,
6500.0,light-1,3101,1,2.412,
6500.0,light-3,3103,1,2.537,
6500.0,light-4,3101,1,2.646,
6503.3,heavy,3103,0,4.097,
6506.7,heavy,3103,0,3.141,
6510.0,heavy,3101,0,2.880,
6513.3,heavy,3102,1,0.913,
6516.7,heavy,3103,0,3.417,
6520.0,heavy,3101,0,2.666,
6523.3,heavy,3102,1,1.097,
6526.7,heavy,3103,0,3.474,
6530.0,heavy,3101,0,3.578,
6533.3,heavy,3102,1,1.139,
6536.7,heavy,3103,0,2.269,
6540.0,heavy,3101,0,3.819,
6543.3,heavy,3102,1,1.431,
6546.7,heavy,3103,1,3.978,
6550.0,heavy,3101,0,3.678,
6553.3,heavy,3102,0,0.666,
6556.7,heavy,3103,0,3.735,
6560.0,heavy,3101,0,4.180,
6563.3,heavy,3102,1,1.427,
6566.7,heavy,3103,0,3.941,
6570.0,heavy,3101,0,3.203,
6573.3,heavy,3102,1,1.097,
6576.7,heavy,3103,1,4.677,
6580.0,heavy,3101,0,3.802,
6583.3,heavy,3102,0,1.031,
6586.7,heavy,3103,0,1.680,
6590.0,heavy,3101,0,4.169,
6593.3,heavy,3102,1,1.423,
6596.7,heavy,3103,0,4.786,
6600.0,heavy,3101,0,3.469,
6600.0,light-1,3102,1,1.237,
6600.0,light-2,3103,1,1.371,
6600.0,light-4,3102,1,1.436,
6600.0,light-5,3103,1,1.734,
6600.0,light-3,3101,1,2.500,
6603.3,heavy,3101,1,4.221,
6606.7,heavy,3102,0,1.124,
6610.0,heavy,3103,1,3.466,
6613.3,heavy,3101,0,2.863,
6616.7,heavy,3102,0,0.930,
6620.0,heavy,3103,0,3.655,
6623.3,heavy,3101,1,4.796,
6626.7,heavy,3102,0,1.107,
6630.0,heavy,3103,0,4.391,
6633.3,heavy,3101,1,4.802,
6636.7,heavy,3102,1,2.176,
6640.0,heavy,3103,0,4.425,
6643.3,heavy,3101,0,4.754,
6646.7,heavy,3102,0,1.219,
6650.0,heavy,3103,0,3.836,
6653.3,heavy,3101,0,3.393,
6656.7,heavy,3102,1,1.188,
6660.0,heavy,3103,0,2.488,
6663.3,heavy,3101,1,4.992,
6666.7,heavy,3102,1,1.334,
6670.0,heavy,3103,0,4.004,
6673.3,heavy,3101,0,4.656,
6676.7,heavy,3102,0,0.772,
6680.0,heavy,3103,0,3.432,
6683.3,heavy,3101,0,2.996,
6686.7,heavy,3102,1,1.280,
6690.0,heavy,3103,0,1.907,
6693.3,heavy,3101,1,4.679,
6696.7,heavy,3102,1,1.634,
6700.0,heavy,3103,0,6.108,
6700.0,light-1,3102,1,1.840,
6700.0,light-4,3102,1,2.128,
6700.0,light-2,3103,1,2.392,
6700.0,light-3,3101,1,2.513,
6700.0,light-5,3103,1,7.016,
6703.3,heavy,3101,0,5.244,
6706.7,heavy,3101,0,4.842,
6710.0,heavy,3102,0,1.976,
6713.3,heavy,3103,1,3.830,
6716.7,heavy,3101,0,3.051,
6720.0,heavy,3102,0,0.972,
6723.3,heavy,3103,0,3.878,
6726.7,heavy,3101,1,4.255,
6730.0,heavy,3102,1,1.196,
6733.3,heavy,3103,0,3.979,
6736.7,heavy,3101,0,4.220,
6740.0,heavy,3102,0,1.253,
6743.3,heavy,3103,1,3.745,
6746.7,heavy,3101,0,3.218,
6750.0,heavy,3102,1,1.132,
6753.3,heavy,3103,0,2.337,
6756.7,heavy,3101,0,5.537,
6760.0,heavy,3102,1,1.850,
6763.3,heavy,3103,0,4.302,
6766.7,heavy,3101,0,5.240,
6770.0,heavy,3102,0,1.181,
6773.3,heavy,3103,0,4.083,
6776.7,heavy,3101,1,4.474,
6780.0,heavy,3102,1,1.429,
6783.3,heavy,3103,0,2.559,
6786.7,heavy,3101,0,1.853,
6790.0,heavy,3102,1,1.602,
6793.3,heavy,3103,0,4.248,
6796.7,heavy,3101,0,3.306,
6800.0,heavy,3102,0,1.444,
6800.0,light-2,3101,1,1.193,
6800.0,light-3,3102,1,1.319,
6800.0,light-5,3101,1,1.254,
6800.0,light-1,3103,1,2.686,
6800.0,light-4,3103,1,2.816,
6803.3,heavy,3102,1,0.846,
6806.7,heavy,3103,0,3.130,
6810.0,heavy,3101,0,3.112,
6813.3,heavy,3102,1,1.180,
6816.7,heavy,3103,0,5.678,
6820.0,heavy,3101,0,2.677,
6823.3,heavy,3102,1,1.071,
6826.7,heavy,3103,0,5.363,
6830.0,heavy,3101,0,1.656,
6833.3,heavy,3102,1,0.955,
6836.7,heavy,3103,0,4.242,
6840.0,heavy,3101,0,4.527,
6843.3,heavy,3102,1,1.615,
6846.7,heavy,3103,0,3.076,
6850.0,heavy,3101,0,2.984,
6853.3,heavy,3102,1,1.028,
6856.7,heavy,3103,0,2.324,
6860.0,heavy,3101,0,2.750,
6863.3,heavy,3102,1,0.932,
6866.7,heavy,3103,0,4.290,
6870.0,heavy,3101,0,3.598,
6873.3,heavy,3102,1,1.454,
6876.7,heavy,3103,0,2.509,
6880.0,heavy,3101,0,3.963,
6883.3,heavy,3102,1,1.480,
6886.7,heavy,3103,0,4.399,
6890.0,heavy,3101,0,2.776,
6893.3,heavy,3102,1,0.923,
6896.7,heavy,3103,0,3.689,
6900.0,heavy,3101,0,3.726,
6900.0,light-3,3102,1,1.591,
6900.0,light-1,3103,1,2.279,
6900.0,light-2,3101,1,2.494,
6900.0,light-4,3103,1,2.557,
6900.0,light-5,3101,1,2.833,
6903.3,heavy,3102,1,1.338,
6906.7,heavy,3102,0,1.079,
6910.0,heavy,3103,0,3.289,
6913.3,heavy,3101,0,3.887,
6916.7,heavy,3102,1,1.158,
6920.0,heavy,3103,0,3.645,
6923.3,heavy,3101,1,3.958,
6926.7,heavy,3102,0,0.834,
6930.0,heavy,3103,1,3.876,
6933.3,heavy,3101,0,3.209,
6936.7,heavy,3102,0,0.979,
6940.0,heavy,3103,0,2.966,
6943.3,heavy,3101,1,3.634,
6946.7,heavy,3102,0,1.051,
6950.0,heavy,3103,1,4.289,
6953.3,heavy,3101,0,3.512,
6956.7,heavy,3102,0,1.402,
6960.0,heavy,3103,0,3.110,
6963.3,heavy,3101,1,4.442,
6966.7,heavy,3102,0,1.192,
6970.0,heavy,3103,1,4.552,
6973.3,heavy,3101,0,3.850,
6976.7,heavy,3102,1,1.448,
6980.0,heavy,3103,0,4.226,
6983.3,heavy,3101,0,3.445,
6986.7,heavy,3102,1,1.489,
6990.0,heavy,3103,0,4.298,
6993.3,heavy,3101,0,3.248,
6996.7,heavy,3102,0,1.343,
7000.0,heavy,3103,0,3.784,
7000.0,light-1,3101,1,0.966,
7000.0,light-2,3102,1,1.019,
7000.0,light-4,3101,1,1.409,
7000.0,light-5,3102,1,1.591,
7000.0,light-3,3103,1,2.783,
7003.3,heavy,3103,1,4.574,
7006.7,heavy,3101,0,3.118,
7010.0,heavy,3102,0,1.234,
7013.3,heavy,3103,0,8.881,
7016.7,heavy,3101,1,3.624,
7020.0,heavy,3102,1,1.307,
7023.3,heavy,3103,0,8.991,
7026.7,heavy,3101,0,4.049,
7030.0,heavy,3102,0,0.753,
7033.3,heavy,3103,1,3.265,
7036.7,heavy,3101,0,2.634,
7040.0,heavy,3102,0,0.929,
7043.3,heavy,3103,1,4.821,
7046.7,heavy,3101,0,4.218,
7050.0,heavy,3102,1,1.328,
7053.3,heavy,3103,0,4.553,
7056.7,heavy,3101,0,4.227,
7060.0,heavy,3102,0,1.637,
7063.3,heavy,3103,1,3.414,
7066.7,heavy,3101,0,2.723,
7070.0,heavy,3102,0,0.932,
7073.3,heavy,3103,1,3.164,
7076.7,heavy,3101,0,2.823,
7080.0,heavy,3102,0,0.808,
7083.3,heavy,3103,1,3.866,
7086.7,heavy,3101,0,3.191,
7090.0,heavy,3102,0,0.989,
7093.3,heavy,3103,1,3.689,
7096.7,heavy,3101,0,2.529,
7100.0,heavy,3102,1,1.536,
7100.0,light-1,3101,1,1.447,
7100.0,light-2,3102,1,1.544,
7100.0,light-4,3101,1,1.564,
7100.0,light-5,3102,1,1.630,
7100.0,light-3,3103,1,2.164,
7103.3,heavy,3103,0,3.139,
7106.7,heavy,3103,0,3.200,
7110.0,heavy,3101,0,2.985,
7113.3,heavy,3102,1,0.921,
7116.7,heavy,3103,0,3.362,
7120.0,heavy,3101,0,3.592,
7123.3,heavy,3102,1,0.821,
7126.7,heavy,3103,0,3.091,
7130.0,heavy,3101,0,3.291,
7133.3,heavy,3102,1,1.088,
7136.7,heavy,3103,0,1.908,
7140.0,heavy,3101,0,3.077,
7143.3,heavy,3102,1,1.260,
7146.7,heavy,3103,1,3.551,
7150.0,heavy,3101,0,3.204,
7153.3,heavy,3102,0,0.886,
7156.7,heavy,3103,0,4.234,
7160.0,heavy,3101,0,3.460,
7163.3,heavy,3102,1,1.416,
7166.7,heavy,3103,0,3.978,
7170.0,heavy,3101,0,3.004,
7173.3,heavy,3102,1,0.980,
7176.7,heavy,3103,1,4.096,
7180.0,heavy,3101,0,2.742,
7183.3,heavy,3102,0,1.228,
7186.7,heavy,3103,0,4.039,
7190.0,heavy,3101,0,2.801,
7193.3,heavy,3102,1,1.162,
7196.7,heavy,3103,0,3.785,
7200.0,heavy,3101,0,3.921,
7200.0,light-2,3103,1,1.065,
7200.0,light-5,3103,1,1.085,
7200.0,light-4,3102,1,2.120,
7200.0,light-1,3102,1,4.271,
7200.0,light-3,3101,1,4.312,
7203.3,heavy,3101,1,4.136,
7206.7,heavy,3102,0,0.766,
7210.0,heavy,3103,1,4.639,
7213.3,heavy,3101,0,3.297,
7216.7,heavy,3102,0,1.129,
7220.0,heavy,3103,0,4.085,
7223.3,heavy,3101,1,5.759,
7226.7,heavy,3102,0,1.189,
7230.0,heavy,3103,0,2.944,
7233.3,heavy,3101,1,4.848,
7236.7,heavy,3102,1,2.247,
7240.0,heavy,3103,0,3.611,
7243.3,heavy,3101,0,3.887,
7246.7,heavy,3102,0,1.056,
7250.0,heavy,3103,0,3.602,
7253.3,heavy,3101,0,2.943,
7256.7,heavy,3102,1,1.278,
7260.0,heavy,3103,0,3.018,
7263.3,heavy,3101,1,5.336,
7266.7,heavy,3102,0,0.732,
7270.0,heavy,3103,0,5.291,
7273.3,heavy,3101,1,5.624,
7276.7,heavy,3102,0,1.672,
7280.0,heavy,3103,0,3.211,
7283.3,heavy,3101,1,3.951,
7286.7,heavy,3102,0,1.232,
7290.0,heavy,3103,1,5.108,
7293.3,heavy,3101,0,4.362,
7296.7,heavy,3102,1,1.637,
7300.0,heavy,3103,0,4.723,
7300.0,light-1,3102,1,1.798,
7300.0,light-4,3102,1,1.970,
7300.0,light-2,3103,1,2.584,
7300.0,light-3,3101,1,2.845,
7300.0,light-5,3103,1,2.950,
7303.3,heavy,3101,0,4.341,
7306.7,heavy,3101,0,2.272,
7310.0,heavy,3102,1,1.342,
7313.3,heavy,3103,0,3.010,
7316.7,heavy,3101,0,3.475,
7320.0,heavy,3102,0,0.860,
7323.3,heavy,3103,1,3.815,
7326.7,heavy,3101,0,3.543,
7330.0,heavy,3102,0,0.889,
7333.3,heavy,3103,1,4.750,
7336.7,heavy,3101,0,3.998,
7340.0,heavy,3102,1,1.798,
7343.3,heavy,3103,0,4.486,
7346.7,heavy,3101,0,2.696,
7350.0,heavy,3102,0,1.282,
7353.3,heavy,3103,1,4.606,
7356.7,heavy,3101,0,3.634,
7360.0,heavy,3102,0,1.151,
7363.3,heavy,3103,1,3.930,
7366.7,heavy,3101,0,2.905,
7370.0,heavy,3102,0,0.912,
7373.3,heavy,3103,1,4.254,
7376.7,heavy,3101,0,2.971,
7380.0,heavy,3102,0,1.148,
7383.3,heavy,3103,1,4.583,
7386.7,heavy,3101,0,3.797,
7390.0,heavy,3102,1,1.369,
7393.3,heavy,3103,0,2.740,
7396.7,heavy,3101,0,2.888,
7400.0,heavy,3102,0,1.347,
7400.0,light-5,3101,1,2.472,
7400.0,light-2,3101,1,4.567,
7400.0,light-1,3103,1,4.797,
7400.0,light-3,3102,1,4.882,
7400.0,light-4,3103,1,5.519,
7403.3,heavy,3102,1,1.481,
7406.7,heavy,3103,0,3.002,
7410.0,heavy,3101,0,3.321,
7413.3,heavy,3102,1,1.097,
7416.7,heavy,3103,0,3.111,
7420.0,heavy,3101,0,3.343,
7423.3,heavy,3102,1,0.781,
7426.7,heavy,3103,0,3.743,
7430.0,heavy,3101,0,3.101,
7433.3,heavy,3102,1,1.229,
7436.7,heavy,3103,0,2.157,
7440.0,heavy,3101,0,3.582,
7443.3,heavy,3102,1,1.171,
7446.7,heavy,3103,0,2.723,
7450.0,heavy,3101,0,3.363,
7453.3,heavy,3102,1,0.950,
7456.7,heavy,3103,0,3.686,
7460.0,heavy,3101,0,3.731,
7463.3,heavy,3102,1,1.666,
7466.7,heavy,3103,0,1.762,
7470.0,heavy,3101,0,3.073,
7473.3,heavy,3102,1,1.144,
7476.7,heavy,3103,0,3.383,
7480.0,heavy,3101,0,3.214,
7483.3,heavy,3102,1,0.710,
7486.7,heavy,3103,0,3.552,
7490.0,heavy,3101,0,4.531,
7493.3,heavy,3102,1,1.277,
7496.7,heavy,3103,0,4.234,
7500.0,heavy,3101,0,3.250,
7500.0,light-1,3102,1,1.243,
7500.0,light-2,3103,1,1.285,
7500.0,light-4,3102,1,1.432,
7500.0,light-5,3103,1,1.809,
7500.0,light-3,3101,1,2.504,
7503.3,heavy,3101,1,3.454,
7506.7,heavy,3102,0,0.809,
7510.0,heavy,3103,1,4.237,
7513.3,heavy,3101,0,2.719,
7516.7,heavy,3102,0,0.870,
7520.0,heavy,3103,0,3.235,
7523.3,heavy,3101,0,3.493,
7526.7,heavy,3102,1,1.139,
7530.0,heavy,3103,0,3.479,
7533.3,heavy,3101,1,3.544,
7536.7,heavy,3102,0,1.103,
7540.0,heavy,3103,1,4.729,
7543.3,heavy,3101,0,3.859,
7546.7,heavy,3102,0,0.838,
7550.0,heavy,3103,0,4.160,
7553.3,heavy,3101,0,3.627,
7556.7,heavy,3102,1,1.186,
7560.0,heavy,3103,0,3.402,
7563.3,heavy,3101,0,4.198,
7566.7,heavy,3102,1,1.984,
7570.0,heavy,3103,1,4.190,
7573.3,heavy,3101,0,3.977,
7576.7,heavy,3102,0,2.023,
7580.0,heavy,3103,0,4.077,
7583.3,heavy,3101,0,3.123,
7586.7,heavy,3102,1,1.304,
7590.0,heavy,3103,0,3.844,
7593.3,heavy,3101,1,3.759,
7596.7,heavy,3102,0,0.775,
7600.0,heavy,3103,1,4.702,
7600.0,light-1,3102,1,1.292,
7600.0,light-4,3102,1,1.613,
7600.0,light-3,3101,1,2.305,
7600.0,light-2,3103,1,2.569,
7600.0,light-5,3103,1,2.591,
7603.3,heavy,3101,0,3.862,
7606.7,heavy,3101,0,3.270,
7610.0,heavy,3102,0,1.023,
7613.3,heavy,3103,0,3.880,
7616.7,heavy,3101,0,4.294,
7620.0,heavy,3102,1,1.211,
7623.3,heavy,3103,1,4.539,
7626.7,heavy,3101,0,3.348,
7630.0,heavy,3102,0,1.196,
7633.3,heavy,3103,1,4.702,
7636.7,heavy,3101,0,4.226,
7640.0,heavy,3102,1,1.469,
7643.3,heavy,3103,0,3.958,
7646.7,heavy,3101,0,5.124,
7650.0,heavy,3102,0,1.537,
7653.3,heavy,3103,1,4.815,
7656.7,heavy,3101,0,3.591,
7660.0,heavy,3102,1,1.379,
7663.3,heavy,3103,0,4.889,
7666.7,heavy,3101,0,3.524,
7670.0,heavy,3102,0,1.622,
7673.3,heavy,3103,1,5.418,
7676.7,heavy,3101,0,4.293,
7680.0,heavy,3102,1,1.820,
7683.3,heavy,3103,0,3.293,
7686.7,heavy,3101,0,3.762,
7690.0,heavy,3102,0,1.227,
7693.3,heavy,3103,1,5.466,
7696.7,heavy,3101,0,4.008,
7700.0,heavy,3102,0,1.462,
7700.0,light-2,3101,1,1.344,
7700.0,light-1,3103,1,1.511,
7700.0,light-5,3101,1,1.450,
7700.0,light-4,3103,1,1.599,
7700.0,light-3,3102,1,1.745,
7703.3,heavy,3102,1,1.101,
7706.7,heavy,3103,0,4.439,
7710.0,heavy,3101,0,3.591,
7713.3,heavy,3102,1,1.859,
7716.7,heavy,3103,0,3.146,
7720.0,heavy,3101,0,3.194,
7723.3,heavy,3102,1,1.181,
7726.7,heavy,3103,0,3.282,
7730.0,heavy,3101,1,4.307,
7733.3,heavy,3102,0,1.109,
7736.7,heavy,3103,0,4.356,
7740.0,heavy,3101,0,3.025,
7743.3,heavy,3102,1,1.220,
7746.7,heavy,3103,0,3.819,
7750.0,heavy,3101,0,3.913,
7753.3,heavy,3102,1,1.486,
7756.7,heavy,3103,0,3.618,
7760.0,heavy,3101,0,3.299,
7763.3,heavy,3102,1,1.691,
7766.7,heavy,3103,0,3.367,
7770.0,heavy,3101,0,3.895,
7773.3,heavy,3102,1,1.581,
7776.7,heavy,3103,0,5.520,
7780.0,heavy,3101,0,3.732,
7783.3,heavy,3102,1,1.474,
7786.7,heavy,3103,0,2.842,
7790.0,heavy,3101,0,2.837,
7793.3,heavy,3102,1,0.843,
7796.7,heavy,3103,0,3.447,
7800.0,heavy,3101,0,3.355,
7800.0,light-3,3102,1,1.667,
7800.0,light-1,3103,1,2.155,
7800.0,light-2,3101,1,2.267,
7800.0,light-4,3103,1,2.349,
7800.0,light-5,3101,1,2.536,
7803.3,heavy,3102,1,1.377,
7806.7,heavy,3102,0,1.236,
7810.0,heavy,3103,0,3.282,
7813.3,heavy,3101,0,3.564,
7816.7,heavy,3102,1,1.203,
7820.0,heavy,3103,0,3.338,
7823.3,heavy,3101,1,3.833,
7826.7,heavy,3102,0,1.463,
7830.0,heavy,3103,0,3.743,
7833.3,heavy,3101,0,3.019,
7836.7,heavy,3102,1,1.233,
7840.0,heavy,3103,0,3.389,
7843.3,heavy,3101,1,4.558,
7846.7,heavy,3102,0,1.017,
7850.0,heavy,3103,0,2.722,
7853.3,heavy,3101,1,3.972,
7856.7,heavy,3102,0,1.237,
7860.0,heavy,3103,0,4.103,
7863.3,heavy,3101,0,3.298,
7866.7,heavy,3102,1,1.362,
7870.0,heavy,3103,0,2.970,
7873.3,heavy,3101,1,4.743,
7876.7,heavy,3102,0,1.544,
7880.0,heavy,3103,0,4.661,
7883.3,heavy,3101,1,8.150,
7886.7,heavy,3102,0,0.985,
7890.0,heavy,3103,1,3.837,
7893.3,heavy,3101,0,4.066,
7896.7,heavy,3102,0,0.910,
7900.0,heavy,3103,1,6.283,
7900.0,light-1,3102,1,2.662,
7900.0,light-2,3103,1,2.965,
7900.0,light-4,3102,1,3.065,
7900.0,light-3,3101,1,3.695,
7900.0,light-5,3103,1,6.504,
7903.3,heavy,3101,0,5.238,
7906.7,heavy,3102,1,2.562,
7910.0,heavy,3103,0,6.023,
7913.3,heavy,3101,0,5.606,
7916.7,heavy,3101,0,4.599,
7920.0,heavy,3102,0,0.964,
7923.3,heavy,3103,0,4.067,
7926.7,heavy,3101,0,3.142,
7930.0,heavy,3102,1,1.100,
7933.3,heavy,3103,1,4.165,
7936.7,heavy,3101,0,2.943,
7940.0,heavy,3102,0,1.344,
7943.3,heavy,3103,1,4.434,
7946.7,heavy,3101,0,3.403,
7950.0,heavy,3102,0,1.152,
7953.3,heavy,3103,1,4.865,
7956.7,heavy,3101,0,3.531,
7960.0,heavy,3102,0,1.356,
7963.3,heavy,3103,1,4.015,
7966.7,heavy,3101,0,3.144,
7970.0,heavy,3102,1,1.401,
7973.3,heavy,3103,0,3.856,
7976.7,heavy,3101,0,3.692,
7980.0,heavy,3102,0,0.973,
7983.3,heavy,3103,1,4.584,
7986.7,heavy,3101,0,3.787,
7990.0,heavy,3102,1,1.691,
7993.3,heavy,3103,0,2.851,
7996.7,heavy,3101,0,2.830,
8000.0,heavy,3102,0,1.234,
8000.0,light-1,3103,1,1.293,
8000.0,light-2,3101,1,1.358,
8000.0,light-3,3102,1,1.428,
8000.0,light-5,3101,1,1.474,
8000.0,light-4,3103,1,1.603,
8003.3,heavy,3102,1,1.405,
8006.7,heavy,3103,0,3.733,
8010.0,heavy,3101,0,3.758,
8013.3,heavy,3102,1,1.481,
8016.7,heavy,3103,0,3.521,
8020.0,heavy,3101,0,3.842,
8023.3,heavy,3102,1,1.333,
8026.7,heavy,3103,0,10.023,
8030.0,heavy,3101,0,3.134,
8033.3,heavy,3102,1,1.069,
8036.7,heavy,3103,0,3.164,
8040.0,heavy,3101,0,3.235,
8043.3,heavy,3102,1,1.511,
8046.7,heavy,3103,0,2.992,
8050.0,heavy,3101,0,3.062,
8053.3,heavy,3102,1,1.551,
8056.7,heavy,3103,0,1.882,
8060.0,heavy,3101,0,3.656,
8063.3,heavy,3102,1,1.305,
8066.7,heavy,3103,0,3.689,
8070.0,heavy,3101,0,3.528,
8073.3,heavy,3102,1,0.988,
8076.7,heavy,3103,0,3.926,
8080.0,heavy,3101,0,3.129,
8083.3,heavy,3102,1,1.307,
8086.7,heavy,3103,0,3.642,
8090.0,heavy,3101,0,2.698,
8093.3,heavy,3102,1,1.230,
8096.7,heavy,3103,0,5.335,
8100.0,heavy,3101,0,4.896,
8100.0,light-3,3102,1,1.831,
8100.0,light-2,3101,1,2.928,
8100.0,light-1,3103,1,3.826,
8100.0,light-5,3101,1,3.993,
8100.0,light-4,3103,1,4.202,
8103.3,heavy,3102,1,1.624,
8106.7,heavy,3102,0,1.497,
8110.0,heavy,3103,0,3.952,
8113.3,heavy,3101,0,3.503,
8116.7,heavy,3102,1,1.424,
8120.0,heavy,3103,0,2.504,
8123.3,heavy,3101,0,4.322,
8126.7,heavy,3102,1,1.621,
8130.0,heavy,3103,1,4.658,
8133.3,heavy,3101,0,4.443,
8136.7,heavy,3102,0,1.088,
8140.0,heavy,3103,0,3.370,
8143.3,heavy,3101,0,3.425,
8146.7,heavy,3102,1,1.315,
8150.0,heavy,3103,0,1.840,
8153.3,heavy,3101,1,4.576,
8156.7,heavy,3102,1,1.656,
8160.0,heavy,3103,0,3.886,
8163.3,heavy,3101,0,4.318,
8166.7,heavy,3102,0,1.736,
8170.0,heavy,3103,0,4.011,
8173.3,heavy,3101,0,4.654,
8176.7,heavy,3102,1,1.424,
8180.0,heavy,3103,0,3.778,
8183.3,heavy,3101,1,4.802,
8186.7,heavy,3102,0,1.206,
8190.0,heavy,3103,0,4.226,
8193.3,heavy,3101,1,5.538,
8196.7,heavy,3102,0,2.009,
8200.0,heavy,3103,1,8.734,
8200.0,light-1,3101,1,2.072,
8200.0,light-3,3103,1,4.125,
8200.0,light-4,3101,1,10.190,
8200.0,light-2,3102,1,10.925,
8200.0,light-5,3102,1,11.758,
8203.3,heavy,3103,0,6.881,
8206.7,heavy,3101,0,6.902,
8210.0,heavy,3102,1,3.080,
8213.3,heavy,3103,0,3.974,
8216.7,heavy,3101,0,3.864,
8220.0,heavy,3102,0,1.121,
8223.3,heavy,3103,0,6.118,
8226.7,heavy,3101,1,10.889,
8230.0,heavy,3102,0,6.396,
8233.3,heavy,3103,0,6.447,
8236.7,heavy,3101,1,3.549,
8240.0,heavy,3102,0,2.505,
8243.3,heavy,3103,1,11.137,
8246.7,heavy,3101,0,4.463,
8250.0,heavy,3102,1,1.983,
8253.3,heavy,3103,0,7.607,
8256.7,heavy,3101,1,7.709,
8260.0,heavy,3102,0,2.884,
8263.3,heavy,3103,0,4.160,
8266.7,heavy,3101,0,5.247,
8270.0,heavy,3102,1,1.683,
8273.3,heavy,3103,0,4.432,
8276.7,heavy,3101,0,6.473,
8280.0,heavy,3102,1,3.369,
8283.3,heavy,3103,0,5.273,
8286.7,heavy,3101,0,4.772,
8290.0,heavy,3102,0,1.717,
8293.3,heavy,3103,1,5.256,
8296.7,heavy,3101,0,4.368,
8300.0,heavy,3102,1,2.165,
8300.0,light-1,3101,1,2.080,
8300.0,light-2,3102,1,2.181,
8300.0,light-4,3101,1,2.414,
8300.0,light-5,3102,1,2.522,
8300.0,light-3,3103,1,3.951,
8303.3,heavy,3103,0,5.112,
8306.7,heavy,3103,0,4.373,
8310.0,heavy,3101,1,5.464,
8313.3,heavy,3102,0,1.411,
8316.7,heavy,3103,0,3.785,
8320.0,heavy,3101,1,5.123,
8323.3,heavy,3102,0,1.703,
8326.7,heavy,3103,0,4.394,
8330.0,heavy,3101,0,4.535,
8333.3,heavy,3102,1,1.554,
8336.7,heavy,3103,0,4.303,
8340.0,heavy,3101,1,5.945,
8343.3,heavy,3102,0,1.083,
8346.7,heavy,3103,0,2.930,
8350.0,heavy,3101,0,3.458,
8353.3,heavy,3102,1,1.490,
8356.7,heavy,3103,0,3.103,
8360.0,heavy,3101,0,3.310,
8363.3,heavy,3102,1,1.155,
8366.7,heavy,3103,1,4.388,
8370.0,heavy,3101,0,3.569,
8373.3,heavy,3102,0,1.275,
8376.7,heavy,3103,0,4.244,
8380.0,heavy,3101,0,4.732,
8383.3,heavy,3102,1,1.713,
8386.7,heavy,3103,0,4.374,
8390.0,heavy,3101,0,3.648,
8393.3,heavy,3102,1,1.100,
8396.7,heavy,3103,1,6.174,
8400.0,heavy,3101,0,5.031,
8400.0,light-2,3103,1,2.655,
8400.0,light-5,3103,1,2.776,
8400.0,light-4,3102,1,2.997,
8400.0,light-1,3102,1,5.694,
8400.0,light-3,3101,1,5.881,
8403.3,heavy,3101,0,4.603,
8406.7,heavy,3102,0,1.095,
8410.0,heavy,3103,0,4.065,
8413.3,heavy,3101,0,3.432,
8416.7,heavy,3102,1,1.333,
8420.0,heavy,3103,0,3.235,
8423.3,heavy,3101,1,4.231,
8426.7,heavy,3102,0,0.977,
8430.0,heavy,3103,1,4.594,
8433.3,heavy,3101,0,3.429,
8436.7,heavy,3102,0,0.982,
8440.0,heavy,3103,0,3.520,
8443.3,heavy,3101,1,4.873,
8446.7,heavy,3102,0,0.943,
8450.0,heavy,3103,0,2.872,
8453.3,heavy,3101,1,3.813,
8456.7,heavy,3102,1,1.129,
8460.0,heavy,3103,0,2.907,
8463.3,heavy,3101,0,3.569,
8466.7,heavy,3102,0,0.808,
8470.0,heavy,3103,0,3.366,
8473.3,heavy,3101,0,3.620,
8476.7,heavy,3102,1,1.145,
8480.0,heavy,3103,0,3.048,
8483.3,heavy,3101,1,3.942,
8486.7,heavy,3102,0,2.346,
8490.0,heavy,3103,1,4.117,
8493.3,heavy,3101,0,4.927,
8496.7,heavy,3102,0,1.219,
8500.0,heavy,3103,0,3.217,
8500.0,light-1,3101,1,1.117,
8500.0,light-2,3102,1,1.158,
8500.0,light-5,3102,1,1.349,
8500.0,light-4,3101,1,1.518,
8500.0,light-3,3103,1,2.374,
8503.3,heavy,3103,1,3.626,
8506.7,heavy,3101,0,3.365,
8510.0,heavy,3102,0,1.258,
8513.3,heavy,3103,1,4.865,
8516.7,heavy,3101,0,3.925,
8520.0,heavy,3102,1,1.468,
8523.3,heavy,3103,0,4.521,
8526.7,heavy,3101,0,2.826,
8530.0,heavy,3102,0,1.645,
8533.3,heavy,3103,0,3.700,
8536.7,heavy,3101,1,4.539,
8540.0,heavy,3102,1,1.318,
8543.3,heavy,3103,0,2.980,
8546.7,heavy,3101,0,3.065,
8550.0,heavy,3102,0,1.401,
8553.3,heavy,3103,0,3.998,
8556.7,heavy,3101,1,4.215,
8560.0,heavy,3102,0,1.111,
8563.3,heavy,3103,1,4.241,
8566.7,heavy,3101,0,3.555,
8570.0,heavy,3102,1,1.137,
8573.3,heavy,3103,0,2.876,
8576.7,heavy,3101,0,3.198,
8580.0,heavy,3102,0,0.883,
8583.3,heavy,3103,1,4.238,
8586.7,heavy,3101,0,3.441,
8590.0,heavy,3102,0,0.994,
8593.3,heavy,3103,1,4.026,
8596.7,heavy,3101,0,3.430,
8600.0,heavy,3102,0,1.110,
8600.0,light-5,3101,1,2.378,
8600.0,light-2,3101,1,4.328,
8600.0,light-1,3103,1,4.568,
8600.0,light-3,3102,1,4.770,
8600.0,light-4,3103,1,5.068,
8603.3,heavy,3102,1,1.341,
8606.7,heavy,3103,0,3.515,
8610.0,heavy,3101,0,4.119,
8613.3,heavy,3102,1,1.440,
8616.7,heavy,3103,0,3.780,
8620.0,heavy,3101,0,4.060,
8623.3,heavy,3102,1,1.102,
8626.7,heavy,3103,0,3.237,
8630.0,heavy,3101,0,3.273,
8633.3,heavy,3102,1,1.280,
8636.7,heavy,3103,0,1.766,
8640.0,heavy,3101,1,4.508,
8643.3,heavy,3102,1,1.185,
8646.7,heavy,3103,0,3.446,
8650.0,heavy,3101,0,4.168,
8653.3,heavy,3102,0,1.181,
8656.7,heavy,3103,0,3.396,
8660.0,heavy,3101,0,5.215,
8663.3,heavy,3102,1,1.332,
8666.7,heavy,3103,0,3.623,
8670.0,heavy,3101,1,5.509,
8673.3,heavy,3102,0,1.065,
8676.7,heavy,3103,0,3.072,
8680.0,heavy,3101,1,4.372,
8683.3,heavy,3102,0,0.956,
8686.7,heavy,3103,0,2.855,
8690.0,heavy,3101,0,2.689,
8693.3,heavy,3102,1,1.351,
8696.7,heavy,3103,0,2.632,
8700.0,heavy,3101,0,3.584,
8700.0,light-1,3102,1,1.209,
8700.0,light-2,3103,1,1.314,
8700.0,light-5,3103,1,1.292,
8700.0,light-4,3102,1,1.433,
8700.0,light-3,3101,1,2.563,
8703.3,heavy,3101,1,3.689,
8706.7,heavy,3102,0,0.826,
8710.0,heavy,3103,1,4.568,
8713.3,heavy,3101,0,3.739,
8716.7,heavy,3102,0,1.292,
8720.0,heavy,3103,0,3.971,
8723.3,heavy,3101,0,3.409,
8726.7,heavy,3102,1,1.264,
8730.0,heavy,3103,0,2.421,
8733.3,heavy,3101,1,4.438,
8736.7,heavy,3102,1,1.303,
8740.0,heavy,3103,0,3.492,
8743.3,heavy,3101,0,4.090,
8746.7,heavy,3102,0,0.916,
8750.0,heavy,3103,0,4.482,
8753.3,heavy,3101,0,3.467,
8756.7,heavy,3102,1,1.543,
8760.0,heavy,3103,0,2.608,
8763.3,heavy,3101,1,4.385,
8766.7,heavy,3102,0,1.313,
8770.0,heavy,3103,1,4.779,
8773.3,heavy,3101,0,3.830,
8776.7,heavy,3102,0,1.004,
8780.0,heavy,3103,0,3.088,
8783.3,heavy,3101,1,4.115,
8786.7,heavy,3102,0,1.996,
8790.0,heavy,3103,0,2.761,
8793.3,heavy,3101,1,3.358,
8796.7,heavy,3102,0,1.106,
8800.0,heavy,3103,0,4.282,
8800.0,light-3,3102,1,2.165,
8800.0,light-1,3103,1,2.420,
8800.0,light-2,3101,1,2.536,
8800.0,light-4,3103,1,2.604,
8800.0,light-5,3101,1,2.974,
8803.3,heavy,3101,0,4.280,
8806.7,heavy,3102,1,1.959,
8810.0,heavy,3102,0,1.296,
8813.3,heavy,3103,1,3.590,
8816.7,heavy,3101,0,3.609,
8820.0,heavy,3102,1,1.293,
8823.3,heavy,3103,0,2.361,
8826.7,heavy,3101,0,3.435,
8830.0,heavy,3102,1,1.076,
8833.3,heavy,3103,0,3.687,
8836.7,heavy,3101,0,3.489,
8840.0,heavy,3102,0,0.831,
8843.3,heavy,3103,1,4.711,
8846.7,heavy,3101,0,4.345,
8850.0,heavy,3102,1,2.094,
8853.3,heavy,3103,0,3.442,
8856.7,heavy,3101,0,3.217,
8860.0,heavy,3102,0,1.528,
8863.3,heavy,3103,0,3.967,
8866.7,heavy,3101,1,4.132,
8870.0,heavy,3102,0,0.924,
8873.3,heavy,3103,1,3.739,
8876.7,heavy,3101,1,10.745,
8880.0,heavy,3102,0,2.050,
8883.3,heavy,3103,0,3.292,
8886.7,heavy,3101,0,2.849,
8890.0,heavy,3102,1,1.477,
8893.3,heavy,3103,0,3.315,
8896.7,heavy,3101,0,3.722,
8900.0,heavy,3102,0,0.961,
8900.0,light-3,3102,1,0.988,
8900.0,light-1,3103,1,1.799,
8900.0,light-2,3101,1,1.920,
8900.0,light-4,3103,1,1.998,
8900.0,light-5,3101,1,2.085,
8903.3,heavy,3102,1,0.826,
8906.7,heavy,3103,0,3.088,
8910.0,heavy,3101,0,3.312,
8913.3,heavy,3102,1,1.155,
8916.7,heavy,3103,0,3.213,
8920.0,heavy,3101,0,2.795,
8923.3,heavy,3102,1,1.025,
8926.7,heavy,3103,0,3.813,
8930.0,heavy,3101,0,4.261,
8933.3,heavy,3102,1,1.179,
8936.7,heavy,3103,0,3.799,
8940.0,heavy,3101,0,4.161,
8943.3,heavy,3102,1,1.233,
8946.7,heavy,3103,0,3.979,
8950.0,heavy,3101,0,3.091,
8953.3,heavy,3102,1,1.386,
8956.7,heavy,3103,1,4.320,
8960.0,heavy,3101,0,3.423,
8963.3,heavy,3102,0,0.950,
8966.7,heavy,3103,0,3.585,
8970.0,heavy,3101,0,3.753,
8973.3,heavy,3102,1,1.583,
8976.7,heavy,3103,0,3.487,
8980.0,heavy,3101,0,2.104,
8983.3,heavy,3102,1,1.537,
8986.7,heavy,3103,0,3.666,
8990.0,heavy,3101,0,4.032,
8993.3,heavy,3102,1,0.975,
8996.7,heavy,3103,0,3.061,
9000.0,heavy,3101,0,3.276,
9000.0,light-1,3102,1,1.718,
9000.0,light-2,3103,1,1.829,
9000.0,light-4,3102,1,1.868,
9000.0,light-3,3101,1,2.192,
9000.0,light-5,3103,1,4.492,
9003.3,heavy,3101,1,3.164,
9006.7,heavy,3102,0,0.865,
9010.0,heavy,3103,1,4.623,
9013.3,heavy,3101,0,3.652,
9016.7,heavy,3102,1,1.434,
9020.0,heavy,3103,0,4.388,
9023.3,heavy,3101,0,4.084,
9026.7,heavy,3102,0,1.228,
9030.0,heavy,3103,0,3.234,
9033.3,heavy,3101,0,3.239,
9036.7,heavy,3102,1,1.183,
9040.0,heavy,3103,0,2.604,
9043.3,heavy,3101,1,3.556,
9046.7,heavy,3102,1,1.183,
9050.0,heavy,3103,0,3.746,
9053.3,heavy,3101,0,3.816,
9056.7,heavy,3102,0,0.794,
9060.0,heavy,3103,0,3.539,
9063.3,heavy,3101,0,3.806,
9066.7,heavy,3102,1,1.380,
9070.0,heavy,3103,0,3.590,
9073.3,heavy,3101,1,3.259,
9076.7,heavy,3102,0,0.907,
9080.0,heavy,3103,1,4.106,
9083.3,heavy,3101,0,3.298,
9086.7,heavy,3102,0,1.387,
9090.0,heavy,3103,0,3.264,
9093.3,heavy,3101,1,4.612,
9096.7,heavy,3102,0,0.644,
9100.0,heavy,3103,0,3.698,
9100.0,light-1,3102,1,1.897,
9100.0,light-4,3102,1,1.966,
9100.0,light-3,3101,1,2.131,
9100.0,light-2,3103,1,2.274,
9100.0,light-5,3103,1,2.273,
9103.3,heavy,3101,1,3.833,
9106.7,heavy,3102,1,1.579,
9110.0,heavy,3103,0,3.608,
9113.3,heavy,3101,0,3.774,
9116.7,heavy,3101,0,2.901,
9120.0,heavy,3102,1,1.498,
9123.3,heavy,3103,1,3.712,
9126.7,heavy,3101,0,3.348,
9130.0,heavy,3102,0,1.776,
9133.3,heavy,3103,0,2.565,
9136.7,heavy,3101,0,3.738,
9140.0,heavy,3102,1,1.593,
9143.3,heavy,3103,0,3.706,
9146.7,heavy,3101,0,3.768,
9150.0,heavy,3102,0,0.709,
9153.3,heavy,3103,0,3.926,
9156.7,heavy,3101,1,4.281,
9160.0,heavy,3102,1,1.300,
9163.3,heavy,3103,0,2.745,
9166.7,heavy,3101,0,1.473,
9170.0,heavy,3102,1,1.665,
9173.3,heavy,3103,0,3.614,
9176.7,heavy,3101,0,3.320,
9180.0,heavy,3102,0,1.022,
9183.3,heavy,3103,0,3.679,
9186.7,heavy,3101,1,4.180,
9190.0,heavy,3102,1,1.391,
9193.3,heavy,3103,0,3.924,
9196.7,heavy,3101,0,1.612,
9200.0,heavy,3102,1,1.607,
9200.0,light-1,3102,1,1.744,
9200.0,light-4,3102,1,1.743,
9200.0,light-3,3101,1,2.241,
9200.0,light-2,3103,1,2.499,
9200.0,light-5,3103,1,3.043,
9203.3,heavy,3103,0,4.052,
9206.7,heavy,3101,0,3.745,
9210.0,heavy,3101,0,2.559,
9213.3,heavy,3102,1,0.795,
9216.7,heavy,3103,0,3.529,
9220.0,heavy,3101,0,3.027,
9223.3,heavy,3102,1,1.362,
9226.7,heavy,3103,0,1.911,
9230.0,heavy,3101,0,3.510,
9233.3,heavy,3102,1,1.391,
9236.7,heavy,3103,0,3.796,
9240.0,heavy,3101,0,3.666,
9243.3,heavy,3102,1,0.863,
9246.7,heavy,3103,0,3.160,
9250.0,heavy,3101,0,3.189,
9253.3,heavy,3102,1,1.299,
9256.7,heavy,3103,0,2.535,
9260.0,heavy,3101,0,3.573,
9263.3,heavy,3102,1,1.196,
9266.7,heavy,3103,0,3.562,
9270.0,heavy,3101,0,3.382,
9273.3,heavy,3102,1,0.927,
9276.7,heavy,3103,0,4.576,
9280.0,heavy,3101,0,5.885,
9283.3,heavy,3102,1,1.290,
9286.7,heavy,3103,0,4.397,
9290.0,heavy,3101,0,4.092,
9293.3,heavy,3102,1,1.105,
9296.7,heavy,3103,0,3.660,
9300.0,heavy,3101,0,3.250,
9300.0,light-1,3102,1,1.401,
9300.0,light-2,3103,1,1.551,
9300.0,light-5,3103,1,1.626,
9300.0,light-4,3102,1,1.792,
9300.0,light-3,3101,1,2.091,
9303.3,heavy,3101,1,3.524,
9306.7,heavy,3102,0,0.859,
9310.0,heavy,3103,0,4.779,
9313.3,heavy,3101,0,3.106,
9316.7,heavy,3102,1,1.312,
9320.0,heavy,3103,0,4.109,
9323.3,heavy,3101,1,3.806,
9326.7,heavy,3102,0,0.982,
9330.0,heavy,3103,0,3.323,
9333.3,heavy,3101,1,3.681,
9336.7,heavy,3102,0,0.924,
9340.0,heavy,3103,0,3.975,
9343.3,heavy,3101,0,3.181,
9346.7,heavy,3102,1,1.160,
9350.0,heavy,3103,0,3.727,
9353.3,heavy,3101,1,3.659,
9356.7,heavy,3102,0,0.920,
9360.0,heavy,3103,1,4.409,
9363.3,heavy,3101,0,3.508,
9366.7,heavy,3102,0,1.099,
9370.0,heavy,3103,0,1.829,
9373.3,heavy,3101,1,3.981,
9376.7,heavy,3102,1,1.167,
9380.0,heavy,3103,0,3.113,
9383.3,heavy,3101,0,1.612,
9386.7,heavy,3102,0,1.194,
9390.0,heavy,3103,0,4.714,
9393.3,heavy,3101,0,3.059,
9396.7,heavy,3102,1,1.054,
9400.0,heavy,3103,1,5.220,
9400.0,light-1,3101,1,1.396,
9400.0,light-3,3103,1,2.069,
9400.0,light-4,3101,1,4.398,
9400.0,light-2,3102,1,4.894,
9400.0,light-5,3102,1,5.106,
9403.3,heavy,3103,0,2.161,
9406.7,heavy,3101,0,2.753,
9410.0,heavy,3102,0,0.974,
9413.3,heavy,3103,0,3.837,
9416.7,heavy,3101,0,3.804,
9420.0,heavy,3102,1,2.071,
9423.3,heavy,3103,0,3.810,
9426.7,heavy,3101,0,3.872,
9430.0,heavy,3102,1,1.435,
9433.3,heavy,3103,1,4.635,
9436.7,heavy,3101,0,3.985,
9440.0,heavy,3102,1,1.233,
9443.3,heavy,3103,0,4.390,
9446.7,heavy,3101,0,2.204,
9450.0,heavy,3102,0,0.786,
9453.3,heavy,3103,0,3.257,
9456.7,heavy,3101,0,3.548,
9460.0,heavy,3102,1,1.258,
9463.3,heavy,3103,1,3.445,
9466.7,heavy,3101,0,3.033,
9470.0,heavy,3102,0,0.860,
9473.3,heavy,3103,1,4.023,
9476.7,heavy,3101,0,3.266,
9480.0,heavy,3102,1,1.106,
9483.3,heavy,3103,0,3.798,
9486.7,heavy,3101,0,2.438,
9490.0,heavy,3102,1,1.639,
9493.3,heavy,3103,0,3.969,
9496.7,heavy,3101,0,4.023,
9500.0,heavy,3102,0,2.170,
9500.0,light-2,3101,1,1.647,
9500.0,light-1,3103,1,1.884,
9500.0,light-4,3103,1,1.935,
9500.0,light-5,3101,1,1.986,
9500.0,light-3,3102,1,2.160,
9503.3,heavy,3102,1,1.568,
9506.7,heavy,3103,0,3.102,
9510.0,heavy,3101,0,3.477,
9513.3,heavy,3102,1,1.456,
9516.7,heavy,3103,0,2.833,
9520.0,heavy,3101,0,2.892,
9523.3,heavy,3102,1,1.283,
9526.7,heavy,3103,0,3.291,
9530.0,heavy,3101,0,2.451,
9533.3,heavy,3102,1,1.832,
9536.7,heavy,3103,0,3.021,
9540.0,heavy,3101,0,3.472,
9543.3,heavy,3102,1,1.613,
9546.7,heavy,3103,0,2.786,
9550.0,heavy,3101,0,3.189,
9553.3,heavy,3102,1,1.221,
9556.7,heavy,3103,0,3.622,
9560.0,heavy,3101,0,2.955,
9563.3,heavy,3102,1,1.046,
9566.7,heavy,3103,0,3.641,
9570.0,heavy,3101,0,3.950,
9573.3,heavy,3102,1,1.301,
9576.7,heavy,3103,0,3.438,
9580.0,heavy,3101,0,3.153,
9583.3,heavy,3102,1,1.064,
9586.7,heavy,3103,0,3.173,
9590.0,heavy,3101,1,3.833,
9593.3,heavy,3102,0,0.913,
9596.7,heavy,3103,0,3.029,
9600.0,heavy,3101,0,5.159,
9600.0,light-5,3101,1,3.479,
9600.0,light-4,3103,1,4.495,
9600.0,light-3,3102,1,4.915,
9600.0,light-2,3101,1,5.181,
9600.0,light-1,3103,1,5.749,
9603.3,heavy,3102,1,1.375,
9606.7,heavy,3102,0,1.673,
9610.0,heavy,3103,0,3.076,
9613.3,heavy,3101,1,3.407,
9616.7,heavy,3102,0,0.729,
9620.0,heavy,3103,0,3.783,
9623.3,heavy,3101,0,3.373,
9626.7,heavy,3102,1,1.638,
9630.0,heavy,3103,0,3.693,
9633.3,heavy,3101,0,3.545,
9636.7,heavy,3102,1,1.218,
9640.0,heavy,3103,0,3.470,
9643.3,heavy,3101,0,4.066,
9646.7,heavy,3102,1,1.462,
9650.0,heavy,3103,0,3.712,
9653.3,heavy,3101,1,4.040,
9656.7,heavy,3102,0,0.932,
9660.0,heavy,3103,0,3.122,
9663.3,heavy,3101,0,3.087,
9666.7,heavy,3102,1,0.978,
9670.0,heavy,3103,0,4.016,
9673.3,heavy,3101,1,4.118,
9676.7,heavy,3102,1,1.382,
9680.0,heavy,3103,0,3.865,
9683.3,heavy,3101,0,2.728,
9686.7,heavy,3102,1,1.673,
9690.0,heavy,3103,0,4.295,
9693.3,heavy,3101,0,3.014,
9696.7,heavy,3102,0,1.479,
9700.0,heavy,3103,0,3.704,
9700.0,light-1,3101,1,1.442,
9700.0,light-2,3102,1,1.533,
9700.0,light-5,3102,1,1.525,
9700.0,light-4,3101,1,2.081,
9700.0,light-3,3103,1,2.771,
9703.3,heavy,3103,1,3.529,
9706.7,heavy,3101,0,3.121,
9710.0,heavy,3102,0,0.781,
9713.3,heavy,3103,1,4.148,
9716.7,heavy,3101,0,4.372,
9720.0,heavy,3102,1,1.523,
9723.3,heavy,3103,0,4.217,
9726.7,heavy,3101,0,4.252,
9730.0,heavy,3102,0,0.891,
9733.3,heavy,3103,1,4.676,
9736.7,heavy,3101,0,3.877,
9740.0,heavy,3102,1,1.568,
9743.3,heavy,3103,0,4.414,
9746.7,heavy,3101,0,2.909,
9750.0,heavy,3102,0,0.993,
9753.3,heavy,3103,1,4.206,
9756.7,heavy,3101,0,3.488,
9760.0,heavy,3102,0,0.781,
9763.3,heavy,3103,1,3.831,
9766.7,heavy,3101,0,2.971,
9770.0,heavy,3102,1,1.265,
9773.3,heavy,3103,0,3.565,
9776.7,heavy,3101,0,2.571,
9780.0,heavy,3102,0,0.758,
9783.3,heavy,3103,0,3.133,
9786.7,heavy,3101,0,3.009,
9790.0,heavy,3102,1,1.012,
9793.3,heavy,3103,0,5.581,
9796.7,heavy,3101,1,6.064,
9800.0,heavy,3102,1,2.556,
9800.0,light-1,3101,1,2.939,
9800.0,light-4,3101,1,2.961,
9800.0,light-3,3103,1,3.156,
9800.0,light-2,3102,1,3.321,
9800.0,light-5,3102,1,3.307,
9803.3,heavy,3103,0,5.790,
9806.7,heavy,3103,0,3.530,
9810.0,heavy,3101,0,2.967,
9813.3,heavy,3102,1,1.071,
9816.7,heavy,3103,0,4.475,
9820.0,heavy,3101,0,3.502,
9823.3,heavy,3102,1,1.191,
9826.7,heavy,3103,0,3.656,
9830.0,heavy,3101,0,3.675,
9833.3,heavy,3102,1,1.588,
9836.7,heavy,3103,0,3.755,
9840.0,heavy,3101,0,3.246,
9843.3,heavy,3102,1,1.159,
9846.7,heavy,3103,0,3.920,
9850.0,heavy,3101,0,4.326,
9853.3,heavy,3102,1,1.115,
9856.7,heavy,3103,0,3.586,
9860.0,heavy,3101,0,3.928,
9863.3,heavy,3102,1,1.658,
9866.7,heavy,3103,0,3.353,
9870.0,heavy,3101,0,3.140,
9873.3,heavy,3102,1,1.016,
9876.7,heavy,3103,1,4.057,
9880.0,heavy,3101,0,3.228,
9883.3,heavy,3102,0,1.093,
9886.7,heavy,3103,0,2.996,
9890.0,heavy,3101,0,3.344,
9893.3,heavy,3102,1,1.439,
9896.7,heavy,3103,0,3.701,
9900.0,light-2,3103,1,1.204,
9900.0,light-5,3103,1,1.452,
9900.0,light-4,3102,1,2.327,
9900.0,light-1,3102,1,4.726,
9900.0,light-3,3101,1,5.974,
9900.0,heavy,3101,1,5.295,
9903.3,heavy,3101,0,2.474,
9906.7,heavy,3102,0,0.941,
9910.0,heavy,3103,1,3.802,
9913.3,heavy,3101,0,3.219,
9916.7,heavy,3102,0,1.240,
9920.0,heavy,3103,0,3.172,
9923.3,heavy,3101,0,2.976,
9926.7,heavy,3102,1,1.009,
9930.0,heavy,3103,0,3.111,
9933.3,heavy,3101,1,3.483,
9936.7,heavy,3102,0,0.798,
9940.0,heavy,3103,1,4.269,
9943.3,heavy,3101,0,3.337,
9946.7,heavy,3102,0,1.268,
9950.0,heavy,3103,0,4.668,
9953.3,heavy,3101,0,3.810,
9956.7,heavy,3102,1,1.662,
9960.0,heavy,3103,0,4.059,
9963.3,heavy,3101,1,3.624,
9966.7,heavy,3102,0,0.790,
9970.0,heavy,3103,0,4.040,
9973.3,heavy,3101,1,4.285,
9976.7,heavy,3102,0,0.735,
9980.0,heavy,3103,0,3.403,
9983.3,heavy,3101,0,3.346,
9986.7,heavy,3102,1,1.203,
9990.0,heavy,3103,0,2.684,
9993.3,heavy,3101,1,3.505,
9996.7,heavy,3102,0,1.029,
10000.0,light-1,3102,1,1.311,
10000.0,light-4,3102,1,1.492,
10000.0,light-3,3101,1,2.649,
10000.0,light-2,3103,1,3.323,
10000.0,light-5,3103,1,6.705,
10000.0,heavy,3103,0,5.674,
10003.3,heavy,3101,1,4.319,
10006.7,heavy,3101,0,3.129,
10010.0,heavy,3102,0,10.171,ECONNRESET
10013.3,heavy,3103,0,8.952,
10016.7,heavy,3101,0,8.471,
10020.0,heavy,3102,0,3.973,ECONNREFUSED
10023.3,heavy,3103,0,6.410,
10026.7,heavy,3101,0,5.670,
10030.0,heavy,3102,0,2.221,ECONNREFUSED
10033.3,heavy,3103,0,7.103,
10036.7,heavy,3101,0,7.446,
10040.0,heavy,3102,0,3.583,ECONNREFUSED
10043.3,heavy,3103,0,6.044,
10046.7,heavy,3101,0,5.515,
10050.0,heavy,3102,0,3.017,ECONNREFUSED
10053.3,heavy,3103,0,6.865,
10056.7,heavy,3101,0,6.127,
10060.0,heavy,3102,0,4.022,ECONNREFUSED
10063.3,heavy,3103,0,6.495,
10066.7,heavy,3101,0,5.664,
10070.0,heavy,3102,0,3.245,ECONNREFUSED
10073.3,heavy,3103,0,5.497,
10076.7,heavy,3101,0,8.456,
10080.0,heavy,3102,0,4.568,ECONNREFUSED
10083.3,heavy,3103,0,6.381,
10086.7,heavy,3101,0,4.881,
10090.0,heavy,3102,0,2.535,ECONNREFUSED
10093.3,heavy,3103,0,5.594,
10096.7,heavy,3101,0,7.017,
10100.0,light-1,3103,1,2.534,
10100.0,light-2,3101,1,3.118,
10100.0,light-4,3103,1,2.978,
10100.0,light-5,3101,1,3.620,
10100.0,light-3,3102,0,4.751,ECONNREFUSED
10100.0,heavy,3102,0,5.268,ECONNREFUSED
10103.3,heavy,3102,0,4.227,ECONNREFUSED
10106.7,heavy,3103,0,3.873,
10110.0,heavy,3101,0,4.767,
10113.3,heavy,3102,0,2.223,ECONNREFUSED
10116.7,heavy,3103,0,4.032,
10120.0,heavy,3101,0,4.179,
10123.3,heavy,3102,0,2.568,ECONNREFUSED
10126.7,heavy,3103,0,4.028,
10130.0,heavy,3101,0,3.492,
10133.3,heavy,3102,0,2.025,ECONNREFUSED
10136.7,heavy,3103,0,3.702,
10140.0,heavy,3101,0,3.986,
10143.3,heavy,3102,0,1.681,ECONNREFUSED
10146.7,heavy,3103,0,5.462,
10150.0,heavy,3101,0,4.984,
10153.3,heavy,3102,0,3.171,ECONNREFUSED
10156.7,heavy,3103,0,4.905,
10160.0,heavy,3101,0,4.910,
10163.3,heavy,3102,0,2.524,ECONNREFUSED
10166.7,heavy,3103,0,4.750,
10170.0,heavy,3101,0,4.549,
10173.3,heavy,3102,0,3.182,ECONNREFUSED
10176.7,heavy,3103,0,4.338,
10180.0,heavy,3101,0,4.867,
10183.3,heavy,3102,0,2.454,ECONNREFUSED
10186.7,heavy,3103,0,4.083,
10190.0,heavy,3101,0,4.210,
10193.3,heavy,3102,0,2.720,ECONNREFUSED
10196.7,heavy,3103,0,7.523,
10200.0,light-1,3101,1,4.587,
10200.0,light-3,3103,1,4.549,
10200.0,light-4,3101,1,4.993,
10200.0,light-2,3102,0,5.685,ECONNREFUSED
10200.0,light-5,3102,0,5.521,ECONNREFUSED
10200.0,heavy,3101,0,6.497,
10203.3,heavy,3102,0,5.923,ECONNREFUSED
10206.7,heavy,3103,0,7.106,
10210.0,heavy,3103,0,4.445,
10213.3,heavy,3101,0,4.357,
10216.7,heavy,3102,0,3.298,ECONNREFUSED
10220.0,heavy,3103,0,4.314,
10223.3,heavy,3101,0,4.194,
10226.7,heavy,3102,0,1.764,ECONNREFUSED
10230.0,heavy,3103,0,5.703,
10233.3,heavy,3101,0,4.566,
10236.7,heavy,3102,0,3.028,ECONNREFUSED
10240.0,heavy,3103,0,4.890,
10243.3,heavy,3101,0,5.031,
10246.7,heavy,3102,0,2.751,ECONNREFUSED
10250.0,heavy,3103,0,6.162,
10253.3,heavy,3101,0,4.798,
10256.7,heavy,3102,0,2.008,ECONNREFUSED
10260.0,heavy,3103,0,4.561,
10263.3,heavy,3101,0,4.113,
10266.7,heavy,3102,0,2.240,ECONNREFUSED
10270.0,heavy,3103,0,4.506,
10273.3,heavy,3101,0,4.770,
10276.7,heavy,3102,0,2.170,ECONNREFUSED
10280.0,heavy,3103,0,3.878,
10283.3,heavy,3101,0,4.505,
10286.7,heavy,3102,0,2.857,ECONNREFUSED
10290.0,heavy,3103,0,4.757,
10293.3,heavy,3101,0,4.333,
10296.7,heavy,3102,0,5.747,ECONNREFUSED
10300.0,light-1,3101,1,3.565,
10300.0,light-4,3101,1,3.282,
10300.0,light-3,3103,1,4.811,
10300.0,light-2,3102,0,5.933,ECONNREFUSED
10300.0,light-5,3102,0,5.633,ECONNREFUSED
10300.0,heavy,3103,0,6.747,
10303.3,heavy,3103,0,3.774,
10306.7,heavy,3101,0,7.285,
10310.0,heavy,3102,0,2.272,ECONNREFUSED
10313.3,heavy,3103,0,5.577,
10316.7,heavy,3101,0,4.671,
10320.0,heavy,3102,0,2.202,ECONNREFUSED
10323.3,heavy,3103,0,4.637,
10326.7,heavy,3101,0,5.091,
10330.0,heavy,3102,0,2.538,ECONNREFUSED
10333.3,heavy,3103,0,4.657,
10336.7,heavy,3101,0,3.801,
10340.0,heavy,3102,0,2.904,ECONNREFUSED
10343.3,heavy,3103,0,4.152,
10346.7,heavy,3101,0,5.498,
10350.0,heavy,3102,0,2.691,ECONNREFUSED
10353.3,heavy,3103,0,5.071,
10356.7,heavy,3101,0,4.595,
10360.0,heavy,3102,0,2.844,ECONNREFUSED
10363.3,heavy,3103,0,4.118,
10366.7,heavy,3101,0,4.561,
10370.0,heavy,3102,0,2.779,ECONNREFUSED
10373.3,heavy,3103,0,4.530,
10376.7,heavy,3101,0,4.474,
10380.0,heavy,3102,0,1.843,ECONNREFUSED
10383.3,heavy,3103,0,6.762,
10386.7,heavy,3101,0,4.764,
10390.0,heavy,3102,0,3.532,ECONNREFUSED
10393.3,heavy,3103,0,6.215,
10396.7,heavy,3101,0,4.586,
10400.0,light-1,3103,1,3.570,
10400.0,light-2,3101,1,3.651,
10400.0,light-4,3103,1,3.568,
10400.0,light-5,3101,1,3.636,
10400.0,light-3,3102,0,5.850,ECONNREFUSED
10400.0,heavy,3102,0,6.072,ECONNREFUSED
10403.3,heavy,3102,0,4.568,ECONNREFUSED
10406.7,heavy,3103,0,4.808,
10410.0,heavy,3101,0,4.251,
10413.3,heavy,3102,0,2.337,ECONNREFUSED
10416.7,heavy,3103,0,4.069,
10420.0,heavy,3101,0,4.063,
10423.3,heavy,3102,0,1.987,ECONNREFUSED
10426.7,heavy,3103,0,4.816,
10430.0,heavy,3101,0,4.131,
10433.3,heavy,3102,0,2.623,ECONNREFUSED
10436.7,heavy,3103,0,3.831,
10440.0,heavy,3101,0,3.979,
10443.3,heavy,3102,0,2.187,ECONNREFUSED
10446.7,heavy,3103,0,3.812,
10450.0,heavy,3101,0,4.008,
10453.3,heavy,3102,0,2.135,ECONNREFUSED
10456.7,heavy,3103,0,6.204,
10460.0,heavy,3101,0,4.443,
10463.3,heavy,3102,0,2.852,ECONNREFUSED
10466.7,heavy,3103,0,5.670,
10470.0,heavy,3101,0,4.122,
10473.3,heavy,3102,0,2.768,ECONNREFUSED
10476.7,heavy,3103,0,2.319,
10480.0,heavy,3101,0,4.952,
10483.3,heavy,3102,0,2.950,ECONNREFUSED
10486.7,heavy,3103,0,4.092,
10490.0,heavy,3101,0,3.153,
10493.3,heavy,3102,0,2.565,ECONNREFUSED
10496.7,heavy,3103,0,6.250,
10500.0,light-2,3101,1,3.275,
10500.0,light-1,3103,1,3.476,
10500.0,light-5,3101,1,3.526,
10500.0,light-4,3103,1,3.736,
10500.0,light-3,3102,0,4.077,ECONNREFUSED
10500.0,heavy,3101,0,5.874,
10503.3,heavy,3102,0,3.960,ECONNREFUSED
10506.7,heavy,3102,0,4.380,ECONNREFUSED
10510.0,heavy,3103,0,4.381,
10513.3,heavy,3101,0,4.617,
10516.7,heavy,3102,0,2.855,ECONNREFUSED
10520.0,heavy,3103,0,4.518,
10523.3,heavy,3101,0,4.528,
10526.7,heavy,3102,0,2.017,ECONNREFUSED
10530.0,heavy,3103,0,4.560,
10533.3,heavy,3101,0,13.293,
10536.7,heavy,3102,0,3.447,ECONNREFUSED
10540.0,heavy,3103,0,4.529,
10543.3,heavy,3101,0,4.222,
10546.7,heavy,3102,0,3.509,ECONNREFUSED
10550.0,heavy,3103,0,2.449,
10553.3,heavy,3101,0,4.474,
10556.7,heavy,3102,0,2.455,ECONNREFUSED
10560.0,heavy,3103,0,3.782,
10563.3,heavy,3101,0,3.930,
10566.7,heavy,3102,0,1.744,ECONNREFUSED
10570.0,heavy,3103,0,5.091,
10573.3,heavy,3101,0,5.209,
10576.7,heavy,3102,0,2.990,ECONNREFUSED
10580.0,heavy,3103,0,4.753,
10583.3,heavy,3101,0,2.904,
10586.7,heavy,3102,0,2.878,ECONNREFUSED
10590.0,heavy,3103,0,4.148,
10593.3,heavy,3101,0,5.422,
10596.7,heavy,3102,0,2.646,ECONNREFUSED
10600.0,light-1,3101,1,3.024,
10600.0,light-3,3103,1,3.763,
10600.0,light-2,3102,0,4.245,ECONNREFUSED
10600.0,light-5,3102,0,4.125,ECONNREFUSED
10600.0,light-4,3101,0,5.016,
10600.0,heavy,3103,0,5.233,
10603.3,heavy,3103,0,2.978,
10606.7,heavy,3101,0,4.413,
10610.0,heavy,3102,0,2.701,ECONNREFUSED
10613.3,heavy,3103,0,4.283,
10616.7,heavy,3101,0,4.332,
10620.0,heavy,3102,0,2.982,ECONNREFUSED
10623.3,heavy,3103,0,4.741,
10626.7,heavy,3101,0,4.637,
10630.0,heavy,3102,0,3.161,ECONNREFUSED
10633.3,heavy,3103,0,4.624,
10636.7,heavy,3101,0,4.892,
10640.0,heavy,3102,0,2.517,ECONNREFUSED
10643.3,heavy,3103,0,4.162,
10646.7,heavy,3101,0,4.779,
10650.0,heavy,3102,0,2.936,ECONNREFUSED
10653.3,heavy,3103,0,4.747,
10656.7,heavy,3101,0,4.358,
10660.0,heavy,3102,0,2.538,ECONNREFUSED
10663.3,heavy,3103,0,4.422,
10666.7,heavy,3101,0,4.717,
10670.0,heavy,3102,0,3.247,ECONNREFUSED
10673.3,heavy,3103,0,4.684,
10676.7,heavy,3101,0,3.548,
10680.0,heavy,3102,0,2.575,ECONNREFUSED
10683.3,heavy,3103,0,3.748,
10686.7,heavy,3101,0,4.719,
10690.0,heavy,3102,0,2.857,ECONNREFUSED
10693.3,heavy,3103,0,4.343,
10696.7,heavy,3101,0,4.614,
10700.0,light-1,3101,1,3.300,
10700.0,light-3,3103,1,4.323,
10700.0,light-2,3102,0,5.076,ECONNREFUSED
10700.0,light-5,3102,0,4.811,ECONNREFUSED
10700.0,light-4,3101,0,5.085,
10700.0,heavy,3102,0,5.479,ECONNREFUSED
10703.3,heavy,3103,0,6.558,
10706.7,heavy,3103,0,3.829,
10710.0,heavy,3101,0,4.345,
10713.3,heavy,3102,0,2.321,ECONNREFUSED
10716.7,heavy,3103,0,5.438,
10720.0,heavy,3101,0,4.533,
10723.3,heavy,3102,0,1.951,ECONNREFUSED
10726.7,heavy,3103,0,4.508,
10730.0,heavy,3101,0,4.446,
10733.3,heavy,3102,0,2.770,ECONNREFUSED
10736.7,heavy,3103,0,4.178,
10740.0,heavy,3101,0,4.728,
10743.3,heavy,3102,0,1.865,ECONNREFUSED
10746.7,heavy,3103,0,3.665,
10750.0,heavy,3101,0,4.050,
10753.3,heavy,3102,0,2.232,ECONNREFUSED
10756.7,heavy,3103,0,4.155,
10760.0,heavy,3101,0,4.084,
10763.3,heavy,3102,0,2.997,ECONNREFUSED
10766.7,heavy,3103,0,4.434,
10770.0,heavy,3101,0,4.003,
10773.3,heavy,3102,0,2.359,ECONNREFUSED
10776.7,heavy,3103,0,3.925,
10780.0,heavy,3101,0,4.775,
10783.3,heavy,3102,0,4.228,ECONNREFUSED
10786.7,heavy,3103,0,4.241,
10790.0,heavy,3101,0,3.394,
10793.3,heavy,3102,0,2.729,ECONNREFUSED
10796.7,heavy,3103,0,9.472,
10800.0,light-3,3101,1,4.517,
10800.0,light-2,3103,1,4.778,
10800.0,light-5,3103,1,5.491,
10800.0,light-1,3102,0,6.307,ECONNREFUSED
10800.0,light-4,3102,0,6.129,ECONNREFUSED
10800.0,heavy,3101,0,10.142,
10803.3,heavy,3102,0,6.569,ECONNREFUSED
10806.7,heavy,3103,0,9.051,
10810.0,heavy,3101,0,9.848,
10813.3,heavy,3101,0,7.411,
10816.7,heavy,3102,0,4.131,ECONNREFUSED
10820.0,heavy,3103,0,5.876,
10823.3,heavy,3101,0,4.627,
10826.7,heavy,3102,0,2.514,ECONNREFUSED
10830.0,heavy,3103,0,4.195,
10833.3,heavy,3101,0,3.897,
10836.7,heavy,3102,0,2.406,ECONNREFUSED
10840.0,heavy,3103,0,5.569,
10843.3,heavy,3101,0,4.172,
10846.7,heavy,3102,0,2.107,ECONNREFUSED
10850.0,heavy,3103,0,4.819,
10853.3,heavy,3101,0,4.416,
10856.7,heavy,3102,0,2.889,ECONNREFUSED
10860.0,heavy,3103,0,4.747,
10863.3,heavy,3101,0,4.782,
10866.7,heavy,3102,0,2.100,ECONNREFUSED
10870.0,heavy,3103,0,4.176,
10873.3,heavy,3101,0,4.570,
10876.7,heavy,3102,0,2.562,ECONNREFUSED
10880.0,heavy,3103,0,4.752,
10883.3,heavy,3101,0,4.129,
10886.7,heavy,3102,0,2.543,ECONNREFUSED
10890.0,heavy,3103,0,11.166,
10893.3,heavy,3101,0,13.980,
10896.7,heavy,3102,0,4.143,ECONNREFUSED
10900.0,light-3,3103,1,3.354,
10900.0,light-2,3102,0,4.634,ECONNREFUSED
10900.0,light-5,3102,0,5.804,ECONNREFUSED
10900.0,light-1,3101,1,9.985,
10900.0,light-4,3101,0,14.137,
10900.0,heavy,3103,0,10.293,
10903.3,heavy,3103,0,8.458,
10906.7,heavy,3101,0,8.814,
10910.0,heavy,3102,0,3.549,ECONNREFUSED
10913.3,heavy,3103,0,6.931,
10916.7,heavy,3101,0,4.798,
10920.0,heavy,3102,0,1.998,ECONNREFUSED
10923.3,heavy,3103,0,4.961,
10926.7,heavy,3101,0,4.836,
10930.0,heavy,3102,0,2.881,ECONNREFUSED
10933.3,heavy,3103,0,5.104,
10936.7,heavy,3101,0,3.937,
10940.0,heavy,3102,0,2.359,ECONNREFUSED
10943.3,heavy,3103,0,5.912,
10946.7,heavy,3101,0,5.323,
10950.0,heavy,3102,0,2.552,ECONNREFUSED
10953.3,heavy,3103,0,2.926,
10956.7,heavy,3101,0,4.438,
10960.0,heavy,3102,0,2.528,ECONNREFUSED
10963.3,heavy,3103,0,5.581,
10966.7,heavy,3101,0,4.180,
10970.0,heavy,3102,0,2.402,ECONNREFUSED
10973.3,heavy,3103,0,4.553,
10976.7,heavy,3101,0,4.928,
10980.0,heavy,3102,0,2.556,ECONNREFUSED
10983.3,heavy,3103,0,4.609,
10986.7,heavy,3101,0,5.065,
10990.0,heavy,3102,0,3.843,ECONNREFUSED
10993.3,heavy,3103,0,4.903,
10996.7,heavy,3101,0,6.326,
11000.0,light-1,3101,1,2.630,
11000.0,light-3,3103,1,4.167,
11000.0,light-2,3102,0,5.344,ECONNREFUSED
11000.0,light-4,3101,0,6.500,
11000.0,light-5,3102,0,7.243,ECONNREFUSED
11000.0,heavy,3102,0,5.929,ECONNREFUSED
11003.3,heavy,3103,0,6.658,
11006.7,heavy,3103,0,5.596,
11010.0,heavy,3101,0,5.871,
11013.3,heavy,3102,0,2.792,ECONNREFUSED
11016.7,heavy,3103,0,3.133,
11020.0,heavy,3101,0,5.982,
11023.3,heavy,3102,0,3.008,ECONNREFUSED
11026.7,heavy,3103,0,4.593,
11030.0,heavy,3101,0,3.356,
11033.3,heavy,3102,0,2.584,ECONNREFUSED
11036.7,heavy,3103,0,5.427,
11040.0,heavy,3101,0,4.756,
11043.3,heavy,3102,0,3.771,ECONNREFUSED
11046.7,heavy,3103,0,2.731,
11050.0,heavy,3101,0,6.069,
11053.3,heavy,3102,0,3.285,ECONNREFUSED
11056.7,heavy,3103,0,5.676,
11060.0,heavy,3101,0,5.329,
11063.3,heavy,3102,0,2.883,ECONNREFUSED
11066.7,heavy,3103,0,5.047,
11070.0,heavy,3101,0,5.095,
11073.3,heavy,3102,0,3.953,ECONNREFUSED
11076.7,heavy,3103,0,2.944,
11080.0,heavy,3101,0,5.458,
11083.3,heavy,3102,0,2.349,ECONNREFUSED
11086.7,heavy,3103,0,4.353,
11090.0,heavy,3101,0,5.106,
11093.3,heavy,3102,0,2.131,ECONNREFUSED
11096.7,heavy,3103,0,3.921,
11100.0,light-2,3103,1,2.775,
11100.0,light-1,3102,0,4.555,ECONNREFUSED
11100.0,light-4,3102,0,4.406,ECONNREFUSED
11100.0,light-5,3103,1,5.134,
11100.0,light-3,3101,1,6.318,
11100.0,heavy,3101,0,8.897,
11103.3,heavy,3101,0,6.556,
11106.7,heavy,3102,0,2.487,ECONNREFUSED
11110.0,heavy,3103,0,4.184,
11113.3,heavy,3101,0,3.585,
11116.7,heavy,3102,0,1.833,ECONNREFUSED
11120.0,heavy,3103,0,4.274,
11123.3,heavy,3101,0,4.221,
11126.7,heavy,3102,0,2.160,ECONNREFUSED
11130.0,heavy,3103,0,4.419,
11133.3,heavy,3101,0,4.646,
11136.7,heavy,3102,0,2.746,ECONNREFUSED
11140.0,heavy,3103,0,4.632,
11143.3,heavy,3101,0,4.310,
11146.7,heavy,3102,0,2.847,ECONNREFUSED
11150.0,heavy,3103,0,5.099,
11153.3,heavy,3101,0,4.246,
11156.7,heavy,3102,0,3.343,ECONNREFUSED
11160.0,heavy,3103,0,4.225,
11163.3,heavy,3101,0,4.590,
11166.7,heavy,3102,0,2.485,ECONNREFUSED
11170.0,heavy,3103,0,4.930,
11173.3,heavy,3101,0,6.649,
11176.7,heavy,3102,0,3.259,ECONNREFUSED
11180.0,heavy,3103,0,5.127,
11183.3,heavy,3101,0,5.410,
11186.7,heavy,3102,0,3.701,ECONNREFUSED
11190.0,heavy,3103,0,4.574,
11193.3,heavy,3101,0,4.142,
11196.7,heavy,3102,0,4.634,ECONNREFUSED
11200.0,light-1,3101,1,2.736,
11200.0,light-3,3103,1,3.644,
11200.0,light-2,3102,0,4.239,ECONNREFUSED
11200.0,light-5,3102,0,4.125,ECONNREFUSED
11200.0,light-4,3101,0,9.697,
11200.0,heavy,3103,0,5.078,
11203.3,heavy,3103,0,2.839,
11206.7,heavy,3101,0,4.771,
11210.0,heavy,3102,0,2.304,ECONNREFUSED
11213.3,heavy,3103,0,3.821,
11216.7,heavy,3101,0,4.801,
11220.0,heavy,3102,0,2.956,ECONNREFUSED
11223.3,heavy,3103,0,5.473,
11226.7,heavy,3101,0,4.755,
11230.0,heavy,3102,0,2.239,ECONNREFUSED
11233.3,heavy,3103,0,5.255,
11236.7,heavy,3101,0,4.825,
11240.0,heavy,3102,0,2.545,ECONNREFUSED
11243.3,heavy,3103,0,3.965,
11246.7,heavy,3101,0,4.061,
11250.0,heavy,3102,0,1.832,ECONNREFUSED
11253.3,heavy,3103,0,5.750,
11256.7,heavy,3101,0,4.736,
11260.0,heavy,3102,0,3.224,ECONNREFUSED
11263.3,heavy,3103,0,5.198,
11266.7,heavy,3101,0,3.869,
11270.0,heavy,3102,0,2.635,ECONNREFUSED
11273.3,heavy,3103,0,4.277,
11276.7,heavy,3101,0,4.445,
11280.0,heavy,3102,0,2.359,ECONNREFUSED
11283.3,heavy,3103,0,6.827,
11286.7,heavy,3101,0,5.088,
11290.0,heavy,3102,0,2.382,ECONNREFUSED
11293.3,heavy,3103,0,6.473,
11296.7,heavy,3101,0,6.297,
11300.0,light-5,3101,1,3.253,
11300.0,light-2,3101,1,5.702,
11300.0,light-1,3103,1,5.989,
11300.0,light-3,3102,0,6.096,ECONNREFUSED
11300.0,light-4,3103,0,7.294,
11300.0,heavy,3102,0,5.124,ECONNREFUSED
11303.3,heavy,3102,0,5.385,ECONNREFUSED
11306.7,heavy,3103,0,4.603,
11310.0,heavy,3101,0,4.328,
11313.3,heavy,3102,0,2.344,ECONNREFUSED
11316.7,heavy,3103,0,3.600,
11320.0,heavy,3101,0,5.840,
11323.3,heavy,3102,0,2.035,ECONNREFUSED
11326.7,heavy,3103,1,2.307,
11330.0,heavy,3101,1,4.472,
11333.3,heavy,3102,0,3.538,ECONNREFUSED
11336.7,heavy,3103,1,2.036,
11340.0,heavy,3101,1,3.949,
11343.3,heavy,3102,0,3.003,ECONNREFUSED
11346.7,heavy,3103,1,1.001,
11350.0,heavy,3101,1,2.346,
11353.3,heavy,3102,0,3.230,ECONNREFUSED
11356.7,heavy,3103,1,1.934,
11360.0,heavy,3101,1,1.542,
11363.3,heavy,3102,0,4.622,ECONNREFUSED
11366.7,heavy,3103,1,2.144,
11370.0,heavy,3101,1,2.200,
11373.3,heavy,3102,0,4.664,ECONNREFUSED
11376.7,heavy,3103,1,1.691,
11380.0,heavy,3101,1,2.311,
11383.3,heavy,3102,0,3.092,ECONNREFUSED
11386.7,heavy,3103,1,1.890,
11390.0,heavy,3101,1,1.465,
11393.3,heavy,3102,0,7.655,ECONNREFUSED
11396.7,heavy,3103,1,3.324,
11400.0,light-1,3103,1,3.695,
11400.0,light-4,3103,1,3.569,
11400.0,light-2,3101,1,5.258,
11400.0,light-5,3101,1,5.568,
11400.0,light-3,3102,0,6.770,ECONNREFUSED
11400.0,heavy,3101,1,4.889,
11403.3,heavy,3102,0,7.038,ECONNREFUSED
11406.7,heavy,3102,0,6.837,ECONNREFUSED
11410.0,heavy,3103,1,2.390,
11413.3,heavy,3101,1,1.515,
11416.7,heavy,3102,0,2.789,ECONNREFUSED
11420.0,heavy,3103,1,1.542,
11423.3,heavy,3101,1,0.761,
11426.7,heavy,3102,0,2.911,ECONNREFUSED
11430.0,heavy,3103,1,1.726,
11433.3,heavy,3101,1,1.771,
11436.7,heavy,3102,0,2.544,ECONNREFUSED
11440.0,heavy,3103,1,0.828,
11443.3,heavy,3101,1,2.296,
11446.7,heavy,3102,0,3.090,ECONNREFUSED
11450.0,heavy,3103,1,1.708,
11453.3,heavy,3101,1,1.387,
11456.7,heavy,3102,0,3.321,ECONNREFUSED
11460.0,heavy,3103,1,1.770,
11463.3,heavy,3101,1,1.839,
11466.7,heavy,3102,0,3.378,ECONNREFUSED
11470.0,heavy,3103,1,1.392,
11473.3,heavy,3101,1,2.213,
11476.7,heavy,3102,0,4.125,ECONNREFUSED
11480.0,heavy,3103,1,2.114,
11483.3,heavy,3101,1,2.275,
11486.7,heavy,3102,0,2.366,ECONNREFUSED
11490.0,heavy,3103,1,0.969,
11493.3,heavy,3101,1,4.535,
11496.7,heavy,3102,0,7.756,ECONNREFUSED
11500.0,light-1,3101,1,4.174,
11500.0,light-3,3103,1,4.017,
11500.0,light-4,3101,1,6.167,
11500.0,light-2,3102,0,6.870,ECONNREFUSED
11500.0,light-5,3102,0,6.627,ECONNREFUSED
11500.0,heavy,3103,1,4.203,
11503.3,heavy,3103,1,2.893,
11506.7,heavy,3101,1,2.071,
11510.0,heavy,3102,0,2.661,ECONNREFUSED
11513.3,heavy,3103,1,1.468,
11516.7,heavy,3101,1,1.254,
11520.0,heavy,3102,0,4.977,ECONNREFUSED
11523.3,heavy,3103,1,2.503,
11526.7,heavy,3101,1,2.130,
11530.0,heavy,3102,0,4.925,ECONNREFUSED
11533.3,heavy,3103,1,2.197,
11536.7,heavy,3101,1,2.207,
11540.0,heavy,3102,0,3.100,ECONNREFUSED
11543.3,heavy,3103,1,1.714,
11546.7,heavy,3101,1,1.445,
11550.0,heavy,3102,0,5.096,ECONNREFUSED
11553.3,heavy,3103,1,2.317,
11556.7,heavy,3101,1,2.383,
11560.0,heavy,3102,0,4.751,ECONNREFUSED
11563.3,heavy,3103,1,2.019,
11566.7,heavy,3101,1,2.508,
11570.0,heavy,3102,0,3.420,ECONNREFUSED
11573.3,heavy,3103,1,2.022,
11576.7,heavy,3101,1,1.689,
11580.0,heavy,3102,0,5.044,ECONNREFUSED
11583.3,heavy,3103,1,2.471,
11586.7,heavy,3101,1,2.630,
11590.0,heavy,3102,0,4.726,ECONNREFUSED
11593.3,heavy,3103,1,1.733,
11596.7,heavy,3101,1,1.236,
11600.0,light-2,3103,1,3.440,
11600.0,light-5,3103,1,4.048,
11600.0,light-3,3101,1,5.076,
11600.0,light-1,3102,0,6.610,ECONNREFUSED
11600.0,light-4,3102,0,6.494,ECONNREFUSED
11600.0,heavy,3102,0,7.150,ECONNREFUSED
11603.3,heavy,3103,1,3.515,
11606.7,heavy,3101,1,4.593,
11610.0,heavy,3101,1,3.678,
11613.3,heavy,3102,0,2.534,ECONNREFUSED
11616.7,heavy,3103,1,1.428,
11620.0,heavy,3101,1,1.317,
11623.3,heavy,3102,0,2.614,ECONNREFUSED
11626.7,heavy,3103,1,2.161,
11630.0,heavy,3101,1,2.042,
11633.3,heavy,3102,0,2.774,ECONNREFUSED
11636.7,heavy,3103,1,2.278,
11640.0,heavy,3101,1,1.205,
11643.3,heavy,3102,0,4.960,ECONNREFUSED
11646.7,heavy,3103,1,2.362,
11650.0,heavy,3101,1,2.509,
11653.3,heavy,3102,0,5.057,ECONNREFUSED
11656.7,heavy,3103,1,2.419,
11660.0,heavy,3101,1,1.484,
11663.3,heavy,3102,0,2.137,ECONNREFUSED
11666.7,heavy,3103,1,1.153,
11670.0,heavy,3101,1,1.175,
11673.3,heavy,3102,0,3.991,ECONNREFUSED
11676.7,heavy,3103,1,2.268,
11680.0,heavy,3101,1,2.033,
11683.3,heavy,3102,0,3.739,ECONNREFUSED
11686.7,heavy,3103,1,1.818,
11690.0,heavy,3101,1,3.176,
11693.3,heavy,3102,0,6.578,ECONNREFUSED
11696.7,heavy,3103,1,2.937,
11700.0,light-2,3103,1,3.667,
11700.0,light-5,3103,1,4.644,
11700.0,light-3,3101,1,5.629,
11700.0,light-1,3102,0,8.218,ECONNREFUSED
11700.0,light-4,3102,0,8.153,ECONNREFUSED
11700.0,heavy,3101,1,5.762,
11703.3,heavy,3101,1,4.415,
11706.7,heavy,3102,0,4.988,ECONNREFUSED
11710.0,heavy,3103,1,1.142,
11713.3,heavy,3101,1,1.544,
11716.7,heavy,3102,0,3.659,ECONNREFUSED
11720.0,heavy,3103,1,1.243,
11723.3,heavy,3101,1,1.691,
11726.7,heavy,3102,0,2.534,ECONNREFUSED
11730.0,heavy,3103,1,2.044,
11733.3,heavy,3101,1,2.014,
11736.7,heavy,3102,0,3.564,ECONNREFUSED
11740.0,heavy,3103,1,1.845,
11743.3,heavy,3101,1,2.490,
11746.7,heavy,3102,0,4.527,ECONNREFUSED
11750.0,heavy,3103,1,1.261,
11753.3,heavy,3101,1,1.476,
11756.7,heavy,3102,0,2.713,ECONNREFUSED
11760.0,heavy,3103,1,1.064,
11763.3,heavy,3101,1,0.815,
11766.7,heavy,3102,0,3.580,ECONNREFUSED
11770.0,heavy,3103,1,1.725,
11773.3,heavy,3101,1,1.496,
11776.7,heavy,3102,0,3.450,ECONNREFUSED
11780.0,heavy,3103,1,1.002,
11783.3,heavy,3101,1,2.158,
11786.7,heavy,3102,0,3.334,ECONNREFUSED
11790.0,heavy,3103,1,1.726,
11793.3,heavy,3101,1,2.006,
11796.7,heavy,3102,0,7.704,ECONNREFUSED
11800.0,light-2,3101,1,3.713,
11800.0,light-1,3103,1,3.955,
11800.0,light-5,3101,1,3.555,
11800.0,light-4,3103,1,4.596,
11800.0,light-3,3102,0,7.166,ECONNREFUSED
11800.0,heavy,3103,1,3.209,
11803.3,heavy,3101,1,3.321,
11806.7,heavy,3102,0,7.377,ECONNREFUSED
11810.0,heavy,3102,0,5.768,ECONNREFUSED
11813.3,heavy,3103,1,2.698,
11816.7,heavy,3101,1,2.692,
11820.0,heavy,3102,0,3.454,ECONNREFUSED
11823.3,heavy,3103,1,1.479,
11826.7,heavy,3101,1,5.648,
11830.0,heavy,3102,0,7.533,ECONNREFUSED
11833.3,heavy,3103,1,4.294,
11836.7,heavy,3101,1,4.101,
11840.0,heavy,3102,0,3.103,ECONNREFUSED
11843.3,heavy,3103,1,1.461,
11846.7,heavy,3101,1,2.669,
11850.0,heavy,3102,0,3.534,ECONNREFUSED
11853.3,heavy,3103,1,1.585,
11856.7,heavy,3101,1,1.102,
11860.0,heavy,3102,0,3.140,ECONNREFUSED
11863.3,heavy,3103,1,1.609,
11866.7,heavy,3101,1,1.374,
11870.0,heavy,3102,0,1.861,ECONNREFUSED
11873.3,heavy,3103,1,2.852,
11876.7,heavy,3101,1,2.216,
11880.0,heavy,3102,0,4.409,ECONNREFUSED
11883.3,heavy,3103,1,3.834,
11886.7,heavy,3101,1,1.699,
11890.0,heavy,3102,0,6.321,ECONNREFUSED
11893.3,heavy,3103,1,2.770,
11896.7,heavy,3101,1,3.371,
11900.0,light-2,3101,1,3.684,
11900.0,light-5,3101,1,3.651,
11900.0,light-1,3103,1,4.118,
11900.0,light-4,3103,1,4.644,
11900.0,light-3,3102,0,7.029,ECONNREFUSED
11900.0,heavy,3102,0,8.151,ECONNREFUSED
11903.3,heavy,3102,0,7.010,ECONNREFUSED
11906.7,heavy,3103,1,2.402,
11910.0,heavy,3101,1,1.460,
11913.3,heavy,3102,0,4.246,ECONNREFUSED
11916.7,heavy,3103,1,1.508,
11920.0,heavy,3101,1,2.210,
11923.3,heavy,3102,0,3.307,ECONNREFUSED
11926.7,heavy,3103,1,1.690,
11930.0,heavy,3101,1,2.607,
11933.3,heavy,3102,0,2.453,ECONNREFUSED
11936.7,heavy,3103,1,1.712,
11940.0,heavy,3101,1,2.180,
11943.3,heavy,3102,0,3.885,ECONNREFUSED
11946.7,heavy,3103,1,1.553,
11950.0,heavy,3101,1,2.204,
11953.3,heavy,3102,0,3.686,ECONNREFUSED
11956.7,heavy,3103,1,1.833,
11960.0,heavy,3101,1,3.010,
11963.3,heavy,3102,0,2.754,ECONNREFUSED
11966.7,heavy,3103,1,2.255,
11970.0,heavy,3101,1,2.201,
11973.3,heavy,3102,0,3.526,ECONNREFUSED
11976.7,heavy,3103,1,2.699,
11980.0,heavy,3101,1,0.928,
11983.3,heavy,3102,0,5.681,ECONNREFUSED
11986.7,heavy,3103,1,2.024,
11990.0,heavy,3101,1,2.065,
11993.3,heavy,3102,0,4.947,ECONNREFUSED
11996.7,heavy,3103,1,2.332,
12000.0,light-3,3103,1,4.010,
12000.0,light-1,3101,1,5.631,
12000.0,light-4,3101,1,5.713,
12000.0,light-2,3102,0,6.566,ECONNREFUSED
12000.0,light-5,3102,0,6.464,ECONNREFUSED
12000.0,heavy,3101,1,4.986,
12003.3,heavy,3102,0,6.695,ECONNREFUSED
12006.7,heavy,3103,1,3.370,
12010.0,heavy,3103,1,3.114,
12013.3,heavy,3101,1,2.346,
12016.7,heavy,3102,0,4.954,ECONNREFUSED
12020.0,heavy,3103,1,2.230,
12023.3,heavy,3101,1,2.327,
12026.7,heavy,3102,0,2.971,ECONNREFUSED
12030.0,heavy,3103,1,0.998,
12033.3,heavy,3101,1,2.057,
12036.7,heavy,3102,0,2.808,ECONNREFUSED
12040.0,heavy,3103,1,1.271,
12043.3,heavy,3101,1,2.422,
12046.7,heavy,3102,0,3.774,ECONNREFUSED
12050.0,heavy,3103,1,1.672,
12053.3,heavy,3101,1,2.830,
12056.7,heavy,3102,0,2.949,ECONNREFUSED
12060.0,heavy,3103,1,1.143,
12063.3,heavy,3101,1,2.534,
12066.7,heavy,3102,0,3.213,ECONNREFUSED
12070.0,heavy,3103,1,1.346,
12073.3,heavy,3101,1,1.210,
12076.7,heavy,3102,0,2.307,ECONNREFUSED
12080.0,heavy,3103,1,1.398,
12083.3,heavy,3101,1,1.450,
12086.7,heavy,3102,0,8.552,ECONNREFUSED
12090.0,heavy,3103,1,3.731,
12093.3,heavy,3101,1,4.470,
12096.7,heavy,3102,0,9.793,ECONNREFUSED
12100.0,light-1,3101,1,4.831,
12100.0,light-4,3101,1,5.216,
12100.0,light-3,3103,1,5.382,
12100.0,light-2,3102,0,8.545,ECONNREFUSED
12100.0,light-5,3102,0,9.356,ECONNREFUSED
12100.0,heavy,3103,1,4.850,
12103.3,heavy,3103,1,4.193,
12106.7,heavy,3101,1,3.364,
12110.0,heavy,3102,0,2.970,ECONNREFUSED
12113.3,heavy,3103,1,1.107,
12116.7,heavy,3101,1,2.255,
12120.0,heavy,3102,0,3.635,ECONNREFUSED
12123.3,heavy,3103,1,1.895,
12126.7,heavy,3101,1,2.539,
12130.0,heavy,3102,0,4.379,ECONNREFUSED
12133.3,heavy,3103,1,1.552,
12136.7,heavy,3101,1,2.546,
12140.0,heavy,3102,0,3.477,ECONNREFUSED
12143.3,heavy,3103,1,1.865,
12146.7,heavy,3101,1,1.603,
12150.0,heavy,3102,0,4.483,ECONNREFUSED
12153.3,heavy,3103,1,2.266,
12156.7,heavy,3101,1,2.344,
12160.0,heavy,3102,0,4.172,ECONNREFUSED
12163.3,heavy,3103,1,1.746,
12166.7,heavy,3101,1,1.972,
12170.0,heavy,3102,0,3.392,ECONNREFUSED
12173.3,heavy,3103,1,1.434,
12176.7,heavy,3101,1,2.623,
12180.0,heavy,3102,0,2.706,ECONNREFUSED
12183.3,heavy,3103,1,2.373,
12186.7,heavy,3101,1,2.371,
12190.0,heavy,3102,0,3.412,ECONNREFUSED
12193.3,heavy,3103,1,1.828,
12196.7,heavy,3101,1,3.744,
12200.0,light-2,3103,1,4.011,
12200.0,light-1,3102,0,6.487,ECONNREFUSED
12200.0,light-4,3102,0,6.765,ECONNREFUSED
12200.0,light-5,3103,1,6.806,
12200.0,light-3,3101,1,8.862,
12200.0,heavy,3102,0,6.550,ECONNREFUSED
12203.3,heavy,3103,1,3.410,
12206.7,heavy,3101,1,5.544,
12210.0,heavy,3101,1,4.197,
12213.3,heavy,3102,0,4.546,ECONNREFUSED
12216.7,heavy,3103,1,1.241,
12220.0,heavy,3101,1,2.092,
12223.3,heavy,3102,0,2.761,ECONNREFUSED
12226.7,heavy,3103,1,2.196,
12230.0,heavy,3101,1,2.086,
12233.3,heavy,3102,0,2.873,ECONNREFUSED
12236.7,heavy,3103,1,2.371,
12240.0,heavy,3101,1,1.383,
12243.3,heavy,3102,0,3.859,ECONNREFUSED
12246.7,heavy,3103,1,1.953,
12250.0,heavy,3101,1,2.023,
12253.3,heavy,3102,0,3.588,ECONNREFUSED
12256.7,heavy,3103,1,1.424,
12260.0,heavy,3101,1,2.150,
12263.3,heavy,3102,0,2.881,ECONNREFUSED
12266.7,heavy,3103,1,1.618,
12270.0,heavy,3101,1,1.224,
12273.3,heavy,3102,0,5.160,ECONNREFUSED
12276.7,heavy,3103,1,2.678,
12280.0,heavy,3101,1,4.003,
12283.3,heavy,3102,0,4.539,ECONNREFUSED
12286.7,heavy,3103,1,2.269,
12290.0,heavy,3101,1,2.177,
12293.3,heavy,3102,0,7.615,ECONNREFUSED
12296.7,heavy,3103,1,3.383,
12300.0,light-2,3103,1,3.962,
12300.0,light-5,3103,1,5.152,
12300.0,light-3,3101,1,6.111,
12300.0,light-1,3102,0,7.092,ECONNREFUSED
12300.0,light-4,3102,0,7.001,ECONNREFUSED
12300.0,heavy,3101,1,5.317,
12303.3,heavy,3101,1,5.348,
12306.7,heavy,3102,0,2.823,ECONNREFUSED
12310.0,heavy,3103,0,1.100,
12313.3,heavy,3101,1,3.587,
12316.7,heavy,3102,0,3.090,ECONNREFUSED
12320.0,heavy,3103,0,1.252,
12323.3,heavy,3101,0,4.131,
12326.7,heavy,3102,0,3.280,ECONNREFUSED
12330.0,heavy,3103,1,1.588,
12333.3,heavy,3101,1,5.589,
12336.7,heavy,3102,0,3.562,ECONNREFUSED
12340.0,heavy,3103,0,2.734,
12343.3,heavy,3101,1,5.732,
12346.7,heavy,3102,0,4.048,ECONNREFUSED
12350.0,heavy,3103,0,1.743,
12353.3,heavy,3101,1,6.301,
12356.7,heavy,3102,0,3.900,ECONNREFUSED
12360.0,heavy,3103,1,2.002,
12363.3,heavy,3101,0,6.373,
12366.7,heavy,3102,0,4.101,ECONNREFUSED
12370.0,heavy,3103,0,1.551,
12373.3,heavy,3101,1,6.082,
12376.7,heavy,3102,0,4.755,ECONNREFUSED
12380.0,heavy,3103,0,2.414,
12383.3,heavy,3101,1,4.160,
12386.7,heavy,3102,0,2.835,ECONNREFUSED
12390.0,heavy,3103,0,1.233,
12393.3,heavy,3101,1,4.764,
12396.7,heavy,3102,0,7.765,ECONNREFUSED
12400.0,light-1,3101,1,4.633,
12400.0,light-4,3101,1,4.546,
12400.0,light-3,3103,1,4.702,
12400.0,light-2,3102,0,7.300,ECONNREFUSED
12400.0,light-5,3102,0,7.160,ECONNREFUSED
12400.0,heavy,3103,0,4.899,
12403.3,heavy,3103,1,3.140,
12406.7,heavy,3101,0,3.510,
12410.0,heavy,3102,0,3.122,ECONNREFUSED
12413.3,heavy,3103,1,2.317,
12416.7,heavy,3101,0,3.597,
12420.0,heavy,3102,0,3.197,ECONNREFUSED
12423.3,heavy,3103,1,1.897,
12426.7,heavy,3101,0,2.213,
12430.0,heavy,3102,0,3.590,ECONNREFUSED
12433.3,heavy,3103,1,1.838,
12436.7,heavy,3101,0,4.119,
12440.0,heavy,3102,0,3.811,ECONNREFUSED
12443.3,heavy,3103,1,1.342,
12446.7,heavy,3101,0,4.300,
12450.0,heavy,3102,0,3.517,ECONNREFUSED
12453.3,heavy,3103,1,2.213,
12456.7,heavy,3101,0,2.469,
12460.0,heavy,3102,0,4.268,ECONNREFUSED
12463.3,heavy,3103,1,2.053,
12466.7,heavy,3101,0,4.340,
12470.0,heavy,3102,0,4.646,ECONNREFUSED
12473.3,heavy,3103,0,1.884,
12476.7,heavy,3101,1,3.642,
12480.0,heavy,3102,0,2.530,ECONNREFUSED
12483.3,heavy,3103,1,1.325,
12486.7,heavy,3101,0,2.863,
12490.0,heavy,3102,0,2.107,ECONNREFUSED
12493.3,heavy,3103,1,4.533,
12496.7,heavy,3101,1,8.458,
12500.0,light-4,3103,1,4.391,
12500.0,light-5,3101,1,5.861,
12500.0,light-1,3103,1,6.850,
12500.0,light-3,3102,0,8.284,ECONNREFUSED
12500.0,light-2,3101,1,9.342,
12500.0,heavy,3102,0,8.097,ECONNREFUSED
12503.3,heavy,3102,0,6.372,ECONNREFUSED
12506.7,heavy,3103,0,3.279,
12510.0,heavy,3101,0,3.437,
12513.3,heavy,3102,0,2.354,ECONNREFUSED
12516.7,heavy,3103,1,1.180,
12520.0,heavy,3101,0,4.678,
12523.3,heavy,3102,0,3.799,ECONNREFUSED
12526.7,heavy,3103,1,2.097,
12530.0,heavy,3101,0,4.291,
12533.3,heavy,3102,0,3.886,ECONNREFUSED
12536.7,heavy,3103,1,0.811,
12540.0,heavy,3101,0,3.087,
12543.3,heavy,3102,0,2.471,ECONNREFUSED
12546.7,heavy,3103,1,1.433,
12550.0,heavy,3101,0,2.994,
12553.3,heavy,3102,0,3.934,ECONNREFUSED
12556.7,heavy,3103,1,1.528,
12560.0,heavy,3101,1,4.443,
12563.3,heavy,3102,0,3.770,ECONNREFUSED
12566.7,heavy,3103,0,1.307,
12570.0,heavy,3101,0,4.282,
12573.3,heavy,3102,0,4.053,ECONNREFUSED
12576.7,heavy,3103,1,2.367,
12580.0,heavy,3101,0,2.415,
12583.3,heavy,3102,0,3.886,ECONNREFUSED
12586.7,heavy,3103,1,2.435,
12590.0,heavy,3101,1,3.709,
12593.3,heavy,3102,0,3.786,ECONNREFUSED
12596.7,heavy,3103,0,0.995,
12600.0,light-3,3103,1,4.128,
12600.0,light-1,3101,1,4.524,
12600.0,light-2,3102,0,7.017,ECONNREFUSED
12600.0,light-4,3101,1,7.012,
12600.0,light-5,3102,0,7.188,ECONNREFUSED
12600.0,heavy,3101,0,7.468,
12603.3,heavy,3102,0,6.383,ECONNREFUSED
12606.7,heavy,3103,1,3.616,
12610.0,heavy,3103,0,3.635,
12613.3,heavy,3101,1,3.692,
12616.7,heavy,3102,0,3.115,ECONNREFUSED
12620.0,heavy,3103,0,1.292,
12623.3,heavy,3101,1,6.881,
12626.7,heavy,3102,0,2.707,ECONNREFUSED
12630.0,heavy,3103,0,1.482,
12633.3,heavy,3101,1,3.776,
12636.7,heavy,3102,0,2.470,ECONNREFUSED
12640.0,heavy,3103,1,2.282,
12643.3,heavy,3101,0,4.808,
12646.7,heavy,3102,0,3.657,ECONNREFUSED
12650.0,heavy,3103,1,1.779,
12653.3,heavy,3101,0,5.094,
12656.7,heavy,3102,0,3.465,ECONNREFUSED
12660.0,heavy,3103,0,1.321,
12663.3,heavy,3101,0,3.626,
12666.7,heavy,3102,0,2.831,ECONNREFUSED
12670.0,heavy,3103,1,1.489,
12673.3,heavy,3101,1,4.632,
12676.7,heavy,3102,0,3.358,ECONNREFUSED
12680.0,heavy,3103,1,1.796,
12683.3,heavy,3101,0,4.224,
12686.7,heavy,3102,0,3.425,ECONNREFUSED
12690.0,heavy,3103,0,1.094,
12693.3,heavy,3101,1,7.756,
12696.7,heavy,3102,0,6.867,ECONNREFUSED
12700.0,light-3,3103,1,3.552,
12700.0,light-1,3101,1,5.675,
12700.0,light-4,3101,1,5.599,
12700.0,light-2,3102,0,6.670,ECONNREFUSED
12700.0,light-5,3102,0,6.375,ECONNREFUSED
12700.0,heavy,3103,1,3.141,
12703.3,heavy,3103,0,3.390,
12706.7,heavy,3101,0,2.686,
12710.0,heavy,3102,0,4.191,ECONNREFUSED
12713.3,heavy,3103,1,1.842,
12716.7,heavy,3101,0,4.142,
12720.0,heavy,3102,0,4.373,ECONNREFUSED
12723.3,heavy,3103,1,2.572,
12726.7,heavy,3101,0,3.036,
12730.0,heavy,3102,0,3.112,ECONNREFUSED
12733.3,heavy,3103,1,1.427,
12736.7,heavy,3101,0,3.627,
12740.0,heavy,3102,0,3.948,ECONNREFUSED
12743.3,heavy,3103,1,1.200,
12746.7,heavy,3101,0,4.018,
12750.0,heavy,3102,0,3.285,ECONNREFUSED
12753.3,heavy,3103,1,2.033,
12756.7,heavy,3101,0,2.100,
12760.0,heavy,3102,0,4.454,ECONNREFUSED
12763.3,heavy,3103,1,1.953,
12766.7,heavy,3101,0,4.209,
12770.0,heavy,3102,0,4.389,ECONNREFUSED
12773.3,heavy,3103,1,2.007,
12776.7,heavy,3101,0,6.340,
12780.0,heavy,3102,0,7.822,ECONNREFUSED
12783.3,heavy,3103,1,4.690,
12786.7,heavy,3101,0,5.635,
12790.0,heavy,3102,0,5.325,ECONNREFUSED
12793.3,heavy,3103,1,2.229,
12796.7,heavy,3101,0,3.309,
12800.0,light-1,3103,1,2.368,
12800.0,light-2,3101,1,2.397,
12800.0,light-4,3103,1,3.110,
12800.0,light-5,3101,1,3.240,
12800.0,light-3,3102,0,5.819,ECONNREFUSED
12800.0,heavy,3102,0,5.352,ECONNREFUSED
12803.3,heavy,3102,0,4.013,ECONNREFUSED
12806.7,heavy,3103,1,1.741,
12810.0,heavy,3101,0,4.367,
12813.3,heavy,3102,0,5.172,ECONNREFUSED
12816.7,heavy,3103,1,3.548,
12820.0,heavy,3101,0,3.397,
12823.3,heavy,3102,0,3.171,ECONNREFUSED
12826.7,heavy,3103,1,1.258,
12830.0,heavy,3101,1,4.669,
12833.3,heavy,3102,0,2.445,ECONNREFUSED
12836.7,heavy,3103,0,1.207,
12840.0,heavy,3101,0,4.376,
12843.3,heavy,3102,0,2.732,ECONNREFUSED
12846.7,heavy,3103,1,2.080,
12850.0,heavy,3101,0,3.495,
12853.3,heavy,3102,0,2.627,ECONNREFUSED
12856.7,heavy,3103,1,1.672,
12860.0,heavy,3101,1,4.093,
12863.3,heavy,3102,0,4.253,ECONNREFUSED
12866.7,heavy,3103,0,2.019,
12870.0,heavy,3101,0,3.606,
12873.3,heavy,3102,0,2.103,ECONNREFUSED
12876.7,heavy,3103,1,2.630,
12880.0,heavy,3101,0,3.718,
12883.3,heavy,3102,0,4.004,ECONNREFUSED
12886.7,heavy,3103,1,2.168,
12890.0,heavy,3101,0,2.035,
12893.3,heavy,3102,0,13.461,ECONNREFUSED
12896.7,heavy,3103,1,2.461,
12900.0,light-1,3103,1,2.687,
12900.0,light-2,3101,1,2.784,
12900.0,light-5,3101,1,3.325,
12900.0,light-4,3103,1,3.578,
12900.0,light-3,3102,0,12.652,ECONNREFUSED
12900.0,heavy,3101,1,9.871,
12903.3,heavy,3102,0,11.427,ECONNREFUSED
12906.7,heavy,3102,0,10.717,ECONNREFUSED
12910.0,heavy,3103,1,4.152,
12913.3,heavy,3101,0,4.839,
12916.7,heavy,3102,0,4.586,ECONNREFUSED
12920.0,heavy,3103,0,1.356,
12923.3,heavy,3101,1,4.980,
12926.7,heavy,3102,0,4.490,ECONNREFUSED
12930.0,heavy,3103,1,2.285,
12933.3,heavy,3101,0,4.611,
12936.7,heavy,3102,0,5.294,ECONNREFUSED
12940.0,heavy,3103,0,2.195,
12943.3,heavy,3101,1,5.098,
12946.7,heavy,3102,0,3.543,ECONNREFUSED
12950.0,heavy,3103,1,2.037,
12953.3,heavy,3101,0,3.433,
12956.7,heavy,3102,0,3.359,ECONNREFUSED
12960.0,heavy,3103,0,1.491,
12963.3,heavy,3101,1,4.586,
12966.7,heavy,3102,0,3.143,ECONNREFUSED
12970.0,heavy,3103,0,2.223,
12973.3,heavy,3101,1,31.745,
12976.7,heavy,3102,0,4.155,ECONNREFUSED
12980.0,heavy,3103,1,26.074,
12983.3,heavy,3101,1,31.517,
12986.7,heavy,3102,0,2.703,ECONNREFUSED
12990.0,heavy,3103,0,25.539,
12993.3,heavy,3101,1,16.527,
12996.7,heavy,3102,0,6.904,ECONNREFUSED
13000.0,light-1,3101,1,4.573,
13000.0,light-2,3102,0,8.251,ECONNREFUSED
13000.0,light-5,3102,0,8.012,ECONNREFUSED
13000.0,light-4,3101,1,8.894,
13000.0,light-3,3103,1,17.710,
13000.0,heavy,3103,0,15.681,
13003.3,heavy,3103,0,13.672,
13006.7,heavy,3101,0,8.250,
13010.0,heavy,3102,0,9.970,ECONNREFUSED
13013.3,heavy,3103,0,4.583,
13016.7,heavy,3101,1,3.808,
13020.0,heavy,3102,0,3.905,ECONNREFUSED
13023.3,heavy,3103,0,1.729,
13026.7,heavy,3101,1,7.693,
13030.0,heavy,3102,0,8.893,ECONNREFUSED
13033.3,heavy,3103,1,2.475,
13036.7,heavy,3101,0,6.638,
13040.0,heavy,3102,0,7.361,ECONNREFUSED
13043.3,heavy,3103,1,1.509,
13046.7,heavy,3101,0,2.751,
13050.0,heavy,3102,0,2.117,ECONNREFUSED
13053.3,heavy,3103,1,3.611,
13056.7,heavy,3101,0,4.073,
13060.0,heavy,3102,0,2.975,ECONNREFUSED
13063.3,heavy,3103,1,1.248,
13066.7,heavy,3101,0,3.181,
13070.0,heavy,3102,0,2.308,ECONNREFUSED
13073.3,heavy,3103,1,1.584,
13076.7,heavy,3101,0,4.315,
13080.0,heavy,3102,0,3.129,ECONNREFUSED
13083.3,heavy,3103,1,1.462,
13086.7,heavy,3101,0,3.929,
13090.0,heavy,3102,0,2.822,ECONNREFUSED
13093.3,heavy,3103,1,2.878,
13096.7,heavy,3101,0,5.589,
13100.0,light-1,3101,1,4.552,
13100.0,light-3,3103,1,4.465,
13100.0,light-4,3101,1,4.529,
13100.0,light-2,3102,0,5.404,ECONNREFUSED
13100.0,light-5,3102,0,5.313,ECONNREFUSED
13100.0,heavy,3102,0,5.336,ECONNREFUSED
13103.3,heavy,3103,1,3.246,
13106.7,heavy,3103,0,2.222,
13110.0,heavy,3101,0,3.079,
13113.3,heavy,3102,0,2.159,ECONNREFUSED
13116.7,heavy,3103,1,1.248,
13120.0,heavy,3101,1,4.599,
13123.3,heavy,3102,0,2.826,ECONNREFUSED
13126.7,heavy,3103,0,2.731,
13130.0,heavy,3101,0,3.493,
13133.3,heavy,3102,0,4.004,ECONNREFUSED
13136.7,heavy,3103,1,1.452,
13140.0,heavy,3101,0,3.082,
13143.3,heavy,3102,0,4.938,ECONNREFUSED
13146.7,heavy,3103,1,2.179,
13150.0,heavy,3101,0,2.793,
13153.3,heavy,3102,0,2.790,ECONNREFUSED
13156.7,heavy,3103,1,1.471,
13160.0,heavy,3101,0,3.099,
13163.3,heavy,3102,0,2.264,ECONNREFUSED
13166.7,heavy,3103,1,1.269,
13170.0,heavy,3101,0,2.751,
13173.3,heavy,3102,0,2.098,ECONNREFUSED
13176.7,heavy,3103,1,1.620,
13180.0,heavy,3101,0,3.123,
13183.3,heavy,3102,0,4.532,ECONNREFUSED
13186.7,heavy,3103,1,1.462,
13190.0,heavy,3101,0,2.782,
13193.3,heavy,3102,0,8.129,ECONNREFUSED
13196.7,heavy,3103,1,1.522,
13200.0,light-2,3103,1,1.709,
13200.0,light-3,3101,1,2.022,
13200.0,light-5,3103,1,1.980,
13200.0,light-1,3102,0,9.478,ECONNREFUSED
13200.0,light-4,3102,0,9.678,ECONNREFUSED
13200.0,heavy,3101,1,5.518,
13203.3,heavy,3101,0,4.219,
13206.7,heavy,3102,0,6.444,ECONNREFUSED
13210.0,heavy,3103,0,2.510,
13213.3,heavy,3101,1,4.836,
13216.7,heavy,3102,0,3.492,ECONNREFUSED
13220.0,heavy,3103,0,1.194,
13223.3,heavy,3101,1,3.660,
13226.7,heavy,3102,0,2.835,ECONNREFUSED
13230.0,heavy,3103,0,1.615,
13233.3,heavy,3101,0,5.667,
13236.7,heavy,3102,0,4.413,ECONNREFUSED
13240.0,heavy,3103,1,2.303,
13243.3,heavy,3101,1,5.605,
13246.7,heavy,3102,0,5.522,ECONNREFUSED
13250.0,heavy,3103,0,2.035,
13253.3,heavy,3101,1,4.814,
13256.7,heavy,3102,0,3.221,ECONNREFUSED
13260.0,heavy,3103,0,1.659,
13263.3,heavy,3101,1,5.220,
13266.7,heavy,3102,0,3.540,ECONNREFUSED
13270.0,heavy,3103,1,1.947,
13273.3,heavy,3101,0,5.030,
13276.7,heavy,3102,0,3.717,ECONNREFUSED
13280.0,heavy,3103,0,1.709,
13283.3,heavy,3101,1,5.733,
13286.7,heavy,3102,0,9.281,ECONNREFUSED
13290.0,heavy,3103,1,1.848,
13293.3,heavy,3101,0,6.100,
13296.7,heavy,3102,0,10.318,ECONNREFUSED
13300.0,light-1,3101,1,4.035,
13300.0,light-4,3101,1,4.869,
13300.0,light-3,3103,1,5.909,
13300.0,light-2,3102,0,8.393,ECONNREFUSED
13300.0,light-5,3102,0,8.655,ECONNREFUSED
13300.0,heavy,3103,0,4.463,
13303.3,heavy,3103,1,4.901,
13306.7,heavy,3101,0,4.125,
13310.0,heavy,3102,0,3.448,ECONNREFUSED
13313.3,heavy,3103,1,1.596,
13316.7,heavy,3101,0,4.405,
13320.0,heavy,3102,0,3.526,ECONNREFUSED
13323.3,heavy,3103,1,1.822,
13326.7,heavy,3101,0,2.760,
13330.0,heavy,3102,0,3.353,ECONNREFUSED
13333.3,heavy,3103,1,2.530,
13336.7,heavy,3101,0,4.284,
13340.0,heavy,3102,0,4.639,ECONNREFUSED
13343.3,heavy,3103,1,2.171,
13346.7,heavy,3101,0,5.832,
13350.0,heavy,3102,0,3.126,ECONNREFUSED
13353.3,heavy,3103,1,3.411,
13356.7,heavy,3101,0,4.587,
13360.0,heavy,3102,0,2.629,ECONNREFUSED
13363.3,heavy,3103,1,2.372,
13366.7,heavy,3101,0,3.559,
13370.0,heavy,3102,0,2.437,ECONNREFUSED
13373.3,heavy,3103,1,1.350,
13376.7,heavy,3101,0,4.173,
13380.0,heavy,3102,0,2.809,ECONNREFUSED
13383.3,heavy,3103,1,1.676,
13386.7,heavy,3101,0,3.752,
13390.0,heavy,3102,0,2.602,ECONNREFUSED
13393.3,heavy,3103,1,1.802,
13396.7,heavy,3101,1,6.935,
13400.0,light-1,3103,1,2.431,
13400.0,light-4,3103,1,3.272,
13400.0,light-2,3101,1,3.618,
13400.0,light-5,3101,1,3.817,
13400.0,light-3,3102,0,5.553,ECONNREFUSED
13400.0,heavy,3102,0,5.748,ECONNREFUSED
13403.3,heavy,3102,0,5.331,ECONNREFUSED
13406.7,heavy,3103,0,2.519,
13410.0,heavy,3101,0,3.841,
13413.3,heavy,3102,0,2.929,ECONNREFUSED
13416.7,heavy,3103,1,1.476,
13420.0,heavy,3101,1,6.149,
13423.3,heavy,3102,0,4.716,ECONNREFUSED
13426.7,heavy,3103,1,2.578,
13430.0,heavy,3101,0,5.422,
13433.3,heavy,3102,0,4.683,ECONNREFUSED
13436.7,heavy,3103,0,2.589,
13440.0,heavy,3101,0,3.433,
13443.3,heavy,3102,0,2.382,ECONNREFUSED
13446.7,heavy,3103,1,1.700,
13450.0,heavy,3101,0,3.689,
13453.3,heavy,3102,0,2.469,ECONNREFUSED
13456.7,heavy,3103,1,1.122,
13460.0,heavy,3101,1,5.225,
13463.3,heavy,3102,0,3.949,ECONNREFUSED
13466.7,heavy,3103,0,1.688,
13470.0,heavy,3101,0,4.013,
13473.3,heavy,3102,0,2.900,ECONNREFUSED
13476.7,heavy,3103,1,1.489,
13480.0,heavy,3101,0,3.724,
13483.3,heavy,3102,0,2.181,ECONNREFUSED
13486.7,heavy,3103,1,1.758,
13490.0,heavy,3101,1,4.018,
13493.3,heavy,3102,0,2.998,ECONNREFUSED
13496.7,heavy,3103,0,1.967,
13500.0,light-2,3103,1,3.039,
13500.0,light-1,3102,0,3.873,ECONNREFUSED
13500.0,light-4,3102,0,4.378,ECONNREFUSED
13500.0,light-5,3103,1,6.161,
13500.0,light-3,3101,1,6.403,
13500.0,heavy,3101,1,6.313,
13503.3,heavy,3102,0,4.524,ECONNREFUSED
13506.7,heavy,3103,1,2.346,
13510.0,heavy,3101,0,6.295,
13513.3,heavy,3101,0,4.853,
13516.7,heavy,3102,0,2.338,ECONNREFUSED
13520.0,heavy,3103,0,1.092,
13523.3,heavy,3101,1,4.625,
13526.7,heavy,3102,0,2.635,ECONNREFUSED
13530.0,heavy,3103,0,1.348,
13533.3,heavy,3101,0,3.914,
13536.7,heavy,3102,0,2.972,ECONNREFUSED
13540.0,heavy,3103,1,1.613,
13543.3,heavy,3101,0,2.467,
13546.7,heavy,3102,0,3.216,ECONNREFUSED
13550.0,heavy,3103,1,1.488,
13553.3,heavy,3101,1,4.421,
13556.7,heavy,3102,0,3.757,ECONNREFUSED
13560.0,heavy,3103,0,1.994,
13563.3,heavy,3101,0,3.924,
13566.7,heavy,3102,0,3.163,ECONNREFUSED
13570.0,heavy,3103,1,1.890,
13573.3,heavy,3101,0,2.121,
13576.7,heavy,3102,0,3.739,ECONNREFUSED
13580.0,heavy,3103,1,1.885,
13583.3,heavy,3101,1,4.867,
13586.7,heavy,3102,0,4.233,ECONNREFUSED
13590.0,heavy,3103,0,2.126,
13593.3,heavy,3101,1,7.100,
13596.7,heavy,3102,0,5.710,ECONNREFUSED
13600.0,light-3,3103,1,3.841,
13600.0,light-1,3101,1,4.225,
13600.0,light-4,3101,1,4.667,
13600.0,light-2,3102,0,5.151,ECONNREFUSED
13600.0,light-5,3102,0,6.144,ECONNREFUSED
13600.0,heavy,3103,1,3.455,
13603.3,heavy,3103,0,4.289,
13606.7,heavy,3101,0,2.606,
13610.0,heavy,3102,0,4.232,ECONNREFUSED
13613.3,heavy,3103,1,12.508,
13616.7,heavy,3101,1,12.669,
13620.0,heavy,3102,0,3.613,ECONNREFUSED
13623.3,heavy,3103,0,1.806,
13626.7,heavy,3101,0,2.668,
13630.0,heavy,3102,0,4.035,ECONNREFUSED
13633.3,heavy,3103,1,1.444,
13636.7,heavy,3101,0,4.373,
13640.0,heavy,3102,0,3.442,ECONNREFUSED
13643.3,heavy,3103,1,1.593,
13646.7,heavy,3101,0,4.001,
13650.0,heavy,3102,0,3.591,ECONNREFUSED
13653.3,heavy,3103,0,1.645,
13656.7,heavy,3101,1,4.450,
13660.0,heavy,3102,0,3.198,ECONNREFUSED
13663.3,heavy,3103,1,1.477,
13666.7,heavy,3101,0,3.658,
13670.0,heavy,3102,0,2.492,ECONNREFUSED
13673.3,heavy,3103,1,1.706,
13676.7,heavy,3101,0,4.214,
13680.0,heavy,3102,0,3.111,ECONNREFUSED
13683.3,heavy,3103,1,1.448,
13686.7,heavy,3101,0,4.563,
13690.0,heavy,3102,0,3.500,ECONNREFUSED
13693.3,heavy,3103,1,2.803,
13696.7,heavy,3101,0,2.779,
13700.0,light-2,3103,1,3.867,
13700.0,light-5,3103,1,3.869,
13700.0,light-3,3101,1,4.987,
13700.0,light-4,3102,0,6.913,ECONNREFUSED
13700.0,light-1,3102,0,7.366,ECONNREFUSED
13700.0,heavy,3102,0,5.240,ECONNREFUSED
13703.3,heavy,3103,1,2.091,
13706.7,heavy,3101,0,6.270,
13710.0,heavy,3101,0,4.910,
13713.3,heavy,3102,0,5.543,ECONNREFUSED
13716.7,heavy,3103,1,1.601,
13720.0,heavy,3101,1,4.535,
13723.3,heavy,3102,0,3.170,ECONNREFUSED
13726.7,heavy,3103,0,2.046,
13730.0,heavy,3101,0,4.196,
13733.3,heavy,3102,0,2.815,ECONNREFUSED
13736.7,heavy,3103,1,2.028,
13740.0,heavy,3101,0,4.142,
13743.3,heavy,3102,0,2.328,ECONNREFUSED
13746.7,heavy,3103,1,1.472,
13750.0,heavy,3101,0,3.790,
13753.3,heavy,3102,0,2.919,ECONNREFUSED
13756.7,heavy,3103,1,1.069,
13760.0,heavy,3101,0,3.792,
13763.3,heavy,3102,0,2.458,ECONNREFUSED
13766.7,heavy,3103,1,1.540,
13770.0,heavy,3101,1,4.137,
13773.3,heavy,3102,0,2.209,ECONNREFUSED
13776.7,heavy,3103,1,1.757,
13780.0,heavy,3101,0,3.463,
13783.3,heavy,3102,0,3.706,ECONNREFUSED
13786.7,heavy,3103,0,2.304,
13790.0,heavy,3101,0,4.645,
13793.3,heavy,3102,0,2.564,ECONNREFUSED
13796.7,heavy,3103,1,1.651,
13800.0,light-3,3102,0,2.996,ECONNREFUSED
13800.0,light-5,3101,1,4.243,
13800.0,light-4,3103,1,4.797,
13800.0,light-1,3103,1,8.236,
13800.0,light-2,3101,1,8.525,
13800.0,heavy,3101,1,7.566,
13803.3,heavy,3102,0,4.418,ECONNREFUSED
13806.7,heavy,3102,0,3.276,ECONNREFUSED
13810.0,heavy,3103,0,2.762,
13813.3,heavy,3101,0,4.114,
13816.7,heavy,3102,0,2.297,ECONNREFUSED
13820.0,heavy,3103,1,1.446,
13823.3,heavy,3101,1,4.436,
13826.7,heavy,3102,0,2.910,ECONNREFUSED
13830.0,heavy,3103,0,1.122,
13833.3,heavy,3101,1,3.981,
13836.7,heavy,3102,0,2.239,ECONNREFUSED
13840.0,heavy,3103,0,0.995,
13843.3,heavy,3101,1,4.371,
13846.7,heavy,3102,0,3.097,ECONNREFUSED
13850.0,heavy,3103,0,2.261,
13853.3,heavy,3101,1,2.903,
13856.7,heavy,3102,0,3.872,ECONNREFUSED
13860.0,heavy,3103,1,1.979,
13863.3,heavy,3101,0,6.482,
13866.7,heavy,3102,0,3.383,ECONNREFUSED
13870.0,heavy,3103,0,1.967,
13873.3,heavy,3101,0,3.516,
13876.7,heavy,3102,0,2.642,ECONNREFUSED
13880.0,heavy,3103,1,1.551,
13883.3,heavy,3101,1,3.944,
13886.7,heavy,3102,0,2.567,ECONNREFUSED
13890.0,heavy,3103,0,1.166,
13893.3,heavy,3101,1,4.154,
13896.7,heavy,3102,0,5.301,ECONNREFUSED
13900.0,light-1,3101,1,3.177,
13900.0,light-3,3103,1,3.646,
13900.0,light-2,3102,0,5.882,ECONNREFUSED
13900.0,light-5,3102,0,5.794,ECONNREFUSED
13900.0,light-4,3101,1,6.047,
13900.0,heavy,3103,0,3.473,
13903.3,heavy,3103,1,2.870,
13906.7,heavy,3101,0,3.257,
13910.0,heavy,3102,0,3.797,ECONNREFUSED
13913.3,heavy,3103,1,1.576,
13916.7,heavy,3101,0,4.566,
13920.0,heavy,3102,0,3.240,ECONNREFUSED
13923.3,heavy,3103,1,1.887,
13926.7,heavy,3101,0,3.733,
13930.0,heavy,3102,0,2.851,ECONNREFUSED
13933.3,heavy,3103,1,2.534,
13936.7,heavy,3101,0,4.747,
13940.0,heavy,3102,0,3.487,ECONNREFUSED
13943.3,heavy,3103,1,1.584,
13946.7,heavy,3101,0,4.366,
13950.0,heavy,3102,0,3.325,ECONNREFUSED
13953.3,heavy,3103,1,1.709,
13956.7,heavy,3101,0,3.394,
13960.0,heavy,3102,0,2.734,ECONNREFUSED
13963.3,heavy,3103,1,1.364,
13966.7,heavy,3101,0,3.420,
13970.0,heavy,3102,0,2.444,ECONNREFUSED
13973.3,heavy,3103,1,1.281,
13976.7,heavy,3101,0,3.095,
13980.0,heavy,3102,0,2.263,ECONNREFUSED
13983.3,heavy,3103,1,1.423,
13986.7,heavy,3101,0,3.583,
13990.0,heavy,3102,0,2.716,ECONNREFUSED
13993.3,heavy,3103,1,1.236,
13996.7,heavy,3101,0,6.305,
14000.0,light-3,3103,1,4.397,
14000.0,light-1,3101,1,5.092,
14000.0,light-4,3101,1,5.055,
14000.0,light-2,3102,0,5.592,ECONNREFUSED
14000.0,light-5,3102,0,6.607,ECONNREFUSED
14000.0,heavy,3102,0,5.179,ECONNREFUSED
14003.3,heavy,3103,1,2.893,
14006.7,heavy,3103,0,3.716,
14010.0,heavy,3101,0,3.545,
14013.3,heavy,3102,0,2.113,ECONNREFUSED
14016.7,heavy,3103,1,1.501,
14020.0,heavy,3101,0,3.115,
14023.3,heavy,3102,0,4.173,ECONNREFUSED
14026.7,heavy,3103,1,1.503,
14030.0,heavy,3101,1,3.875,
14033.3,heavy,3102,0,2.259,ECONNREFUSED
14036.7,heavy,3103,0,1.152,
14040.0,heavy,3101,0,4.194,
14043.3,heavy,3102,0,3.684,ECONNREFUSED
14046.7,heavy,3103,1,1.387,
14050.0,heavy,3101,0,3.713,
14053.3,heavy,3102,0,2.804,ECONNREFUSED
14056.7,heavy,3103,1,1.269,
14060.0,heavy,3101,0,3.093,
14063.3,heavy,3102,0,2.380,ECONNREFUSED
14066.7,heavy,3103,1,1.384,
14070.0,heavy,3101,1,4.161,
14073.3,heavy,3102,0,2.941,ECONNREFUSED
14076.7,heavy,3103,1,1.708,
14080.0,heavy,3101,0,4.194,
14083.3,heavy,3102,0,3.091,ECONNREFUSED
14086.7,heavy,3103,0,0.982,
14090.0,heavy,3101,0,5.060,
14093.3,heavy,3102,0,4.595,ECONNREFUSED
14096.7,heavy,3103,1,1.554,
14100.0,light-2,3103,1,3.102,
14100.0,light-5,3103,1,2.780,
14100.0,light-3,3101,1,4.348,
14100.0,light-1,3102,0,5.181,ECONNREFUSED
14100.0,light-4,3102,0,4.948,ECONNREFUSED
14100.0,heavy,3101,0,5.060,
14103.3,heavy,3101,1,3.378,
14106.7,heavy,3102,0,3.078,ECONNREFUSED
14110.0,heavy,3103,0,1.730,
14113.3,heavy,3101,1,4.174,
14116.7,heavy,3102,0,2.406,ECONNREFUSED
14120.0,heavy,3103,0,1.226,
14123.3,heavy,3101,1,4.428,
14126.7,heavy,3102,0,2.478,ECONNREFUSED
14130.0,heavy,3103,0,1.185,
14133.3,heavy,3101,1,5.371,
14136.7,heavy,3102,0,4.202,ECONNREFUSED
14140.0,heavy,3103,1,3.487,
14143.3,heavy,3101,0,3.540,
14146.7,heavy,3102,0,2.575,ECONNREFUSED
14150.0,heavy,3103,1,1.995,
14153.3,heavy,3101,0,3.600,
14156.7,heavy,3102,0,2.549,ECONNREFUSED
14160.0,heavy,3103,0,1.139,
14163.3,heavy,3101,1,4.439,
14166.7,heavy,3102,0,2.861,ECONNREFUSED
14170.0,heavy,3103,1,1.698,
14173.3,heavy,3101,0,4.022,
14176.7,heavy,3102,0,2.846,ECONNREFUSED
14180.0,heavy,3103,0,1.052,
14183.3,heavy,3101,1,4.351,
14186.7,heavy,3102,0,3.045,ECONNREFUSED
14190.0,heavy,3103,0,1.874,
14193.3,heavy,3101,1,5.462,
14196.7,heavy,3102,0,4.617,ECONNREFUSED
14200.0,light-2,3103,1,3.278,
14200.0,light-5,3103,1,3.567,
14200.0,light-3,3101,1,3.814,
14200.0,light-1,3102,0,4.220,ECONNREFUSED
14200.0,light-4,3102,0,4.497,ECONNREFUSED
14200.0,heavy,3103,1,2.363,
14203.3,heavy,3101,0,5.126,
14206.7,heavy,3101,0,3.321,
14210.0,heavy,3102,0,2.430,ECONNREFUSED
14213.3,heavy,3103,0,1.348,
14216.7,heavy,3101,1,4.934,
14220.0,heavy,3102,0,4.300,ECONNREFUSED
14223.3,heavy,3103,0,2.029,
14226.7,heavy,3101,1,2.267,
14230.0,heavy,3102,0,3.341,ECONNREFUSED
14233.3,heavy,3103,1,1.578,
14236.7,heavy,3101,0,3.696,
14240.0,heavy,3102,0,2.353,ECONNREFUSED
14243.3,heavy,3103,1,1.420,
14246.7,heavy,3101,0,3.716,
14250.0,heavy,3102,0,2.410,ECONNREFUSED
14253.3,heavy,3103,0,0.963,
14256.7,heavy,3101,1,4.656,
14260.0,heavy,3102,0,3.006,ECONNREFUSED
14263.3,heavy,3103,1,1.779,
14266.7,heavy,3101,0,4.665,
14270.0,heavy,3102,0,3.287,ECONNREFUSED
14273.3,heavy,3103,1,1.161,
14276.7,heavy,3101,1,4.844,
14280.0,heavy,3102,0,3.002,ECONNREFUSED
14283.3,heavy,3103,0,2.041,
14286.7,heavy,3101,0,1.760,
14290.0,heavy,3102,0,3.014,ECONNREFUSED
14293.3,heavy,3103,1,1.605,
14296.7,heavy,3101,0,4.036,
14300.0,light-2,3101,1,2.444,
14300.0,light-1,3103,1,2.677,
14300.0,light-5,3101,1,3.109,
14300.0,light-4,3103,1,3.299,
14300.0,light-3,3102,0,4.863,ECONNREFUSED
14300.0,heavy,3102,0,5.106,ECONNREFUSED
14303.3,heavy,3102,0,3.301,ECONNREFUSED
14306.7,heavy,3103,1,1.483,
14310.0,heavy,3101,1,3.933,
14313.3,heavy,3102,0,2.797,ECONNREFUSED
14316.7,heavy,3103,0,1.684,
14320.0,heavy,3101,0,3.498,
14323.3,heavy,3102,0,2.817,ECONNREFUSED
14326.7,heavy,3103,1,1.368,
14330.0,heavy,3101,0,3.777,
14333.3,heavy,3102,0,2.294,ECONNREFUSED
14336.7,heavy,3103,1,1.365,
14340.0,heavy,3101,1,4.832,
14343.3,heavy,3102,0,2.762,ECONNREFUSED
14346.7,heavy,3103,0,1.532,
14350.0,heavy,3101,0,4.049,
14353.3,heavy,3102,0,2.160,ECONNREFUSED
14356.7,heavy,3103,1,1.575,
14360.0,heavy,3101,1,6.329,
14363.3,heavy,3102,0,3.741,ECONNREFUSED
14366.7,heavy,3103,1,1.662,
14370.0,heavy,3101,0,6.341,
14373.3,heavy,3102,0,4.588,ECONNREFUSED
14376.7,heavy,3103,0,2.080,
14380.0,heavy,3101,0,2.295,
14383.3,heavy,3102,0,3.008,ECONNREFUSED
14386.7,heavy,3103,1,1.535,
14390.0,heavy,3101,0,3.031,
14393.3,heavy,3102,0,3.229,ECONNREFUSED
14396.7,heavy,3103,1,1.323,
14400.0,light-1,3103,1,2.912,
14400.0,light-4,3103,1,3.412,
14400.0,light-2,3101,1,3.725,
14400.0,light-5,3101,1,3.675,
14400.0,light-3,3102,0,5.643,ECONNREFUSED
14400.0,heavy,3101,1,5.810,
14403.3,heavy,3102,0,5.275,ECONNREFUSED
14406.7,heavy,3102,0,5.994,ECONNREFUSED
14410.0,heavy,3103,0,1.749,
14413.3,heavy,3101,0,3.416,
14416.7,heavy,3102,0,2.394,ECONNREFUSED
14420.0,heavy,3103,1,1.307,
14423.3,heavy,3101,1,3.242,
14426.7,heavy,3102,0,2.602,ECONNREFUSED
14430.0,heavy,3103,1,1.855,
14433.3,heavy,3101,0,3.842,
14436.7,heavy,3102,0,2.567,ECONNREFUSED
14440.0,heavy,3103,0,1.590,
14443.3,heavy,3101,0,3.791,
14446.7,heavy,3102,0,3.042,ECONNREFUSED
14450.0,heavy,3103,1,1.540,
14453.3,heavy,3101,1,4.789,
14456.7,heavy,3102,0,2.604,ECONNREFUSED
14460.0,heavy,3103,0,1.336,
14463.3,heavy,3101,1,3.698,
14466.7,heavy,3102,0,3.931,ECONNREFUSED
14470.0,heavy,3103,0,2.194,
14473.3,heavy,3101,1,3.593,
14476.7,heavy,3102,0,2.802,ECONNREFUSED
14480.0,heavy,3103,1,2.155,
14483.3,heavy,3101,0,3.882,
14486.7,heavy,3102,0,3.211,ECONNREFUSED
14490.0,heavy,3103,1,2.198,
14493.3,heavy,3101,0,3.645,
14496.7,heavy,3102,0,2.769,ECONNREFUSED
14500.0,light-1,3101,1,1.745,
14500.0,light-3,3103,1,2.186,
14500.0,light-4,3101,1,2.243,
14500.0,light-2,3102,0,2.857,ECONNREFUSED
14500.0,light-5,3102,0,3.143,ECONNREFUSED
14500.0,heavy,3103,0,1.911,
14503.3,heavy,3103,0,0.918,
14506.7,heavy,3101,1,4.353,
14510.0,heavy,3102,0,2.833,ECONNREFUSED
14513.3,heavy,3103,1,1.231,
14516.7,heavy,3101,0,4.072,
14520.0,heavy,3102,0,4.174,ECONNREFUSED
14523.3,heavy,3103,1,2.220,
14526.7,heavy,3101,0,3.652,
14530.0,heavy,3102,0,1.767,ECONNREFUSED
14533.3,heavy,3103,1,1.712,
14536.7,heavy,3101,1,4.327,
14540.0,heavy,3102,0,5.584,ECONNREFUSED
14543.3,heavy,3103,0,1.450,
14546.7,heavy,3101,0,2.548,
14550.0,heavy,3102,0,2.101,ECONNREFUSED
14553.3,heavy,3103,1,1.662,
14556.7,heavy,3101,0,4.179,
14560.0,heavy,3102,0,2.437,ECONNREFUSED
14563.3,heavy,3103,1,1.693,
14566.7,heavy,3101,0,3.658,
14570.0,heavy,3102,0,2.788,ECONNREFUSED
14573.3,heavy,3103,1,1.579,
14576.7,heavy,3101,0,3.671,
14580.0,heavy,3102,0,2.179,ECONNREFUSED
14583.3,heavy,3103,1,1.668,
14586.7,heavy,3101,0,3.618,
14590.0,heavy,3102,0,2.347,ECONNREFUSED
14593.3,heavy,3103,1,1.465,
14596.7,heavy,3101,0,5.606,
14600.0,light-3,3103,1,3.376,
14600.0,light-1,3101,1,3.734,
14600.0,light-4,3101,1,3.592,
14600.0,light-2,3102,0,4.757,ECONNREFUSED
14600.0,light-5,3102,0,5.971,ECONNREFUSED
14600.0,heavy,3102,0,5.586,ECONNREFUSED
14603.3,heavy,3103,1,2.833,
14606.7,heavy,3103,0,2.693,
14610.0,heavy,3101,0,3.775,
14613.3,heavy,3102,0,2.892,ECONNREFUSED
14616.7,heavy,3103,1,1.812,
14620.0,heavy,3101,0,4.102,
14623.3,heavy,3102,0,3.578,ECONNREFUSED
14626.7,heavy,3103,1,1.847,
14630.0,heavy,3101,0,3.801,
14633.3,heavy,3102,0,2.739,ECONNREFUSED
14636.7,heavy,3103,1,1.534,
14640.0,heavy,3101,0,3.751,
14643.3,heavy,3102,0,2.595,ECONNREFUSED
14646.7,heavy,3103,1,1.975,
14650.0,heavy,3101,1,4.992,
14653.3,heavy,3102,0,3.652,ECONNREFUSED
14656.7,heavy,3103,0,2.189,
14660.0,heavy,3101,1,18.357,
14663.3,heavy,3102,0,6.795,ECONNREFUSED
14666.7,heavy,3103,1,2.355,
14670.0,heavy,3101,0,16.098,
14673.3,heavy,3102,0,5.197,ECONNREFUSED
14676.7,heavy,3103,1,1.636,
14680.0,heavy,3101,0,7.849,
14683.3,heavy,3102,0,3.460,ECONNREFUSED
14686.7,heavy,3103,0,1.736,
14690.0,heavy,3101,0,4.064,
14693.3,heavy,3102,0,3.109,ECONNREFUSED
14696.7,heavy,3103,1,1.586,
14700.0,light-2,3103,1,4.515,
14700.0,light-1,3102,0,6.354,ECONNREFUSED
14700.0,light-4,3102,0,6.782,ECONNREFUSED
14700.0,light-5,3103,1,7.997,
14700.0,light-3,3101,1,9.846,
14700.0,heavy,3101,1,8.610,
14703.3,heavy,3102,0,6.474,ECONNREFUSED
14706.7,heavy,3103,1,3.152,
14710.0,heavy,3101,0,8.194,
14713.3,heavy,3101,0,6.533,
14716.7,heavy,3102,0,5.761,ECONNREFUSED
14720.0,heavy,3103,0,1.490,
14723.3,heavy,3101,1,4.932,
14726.7,heavy,3102,0,3.244,ECONNREFUSED
14730.0,heavy,3103,0,1.707,
14733.3,heavy,3101,1,4.719,
14736.7,heavy,3102,0,2.809,ECONNREFUSED
14740.0,heavy,3103,1,1.527,
14743.3,heavy,3101,0,4.495,
14746.7,heavy,3102,0,2.274,ECONNREFUSED
14750.0,heavy,3103,1,2.028,
14753.3,heavy,3101,0,3.544,
14756.7,heavy,3102,0,2.972,ECONNREFUSED
14760.0,heavy,3103,0,1.347,
14763.3,heavy,3101,1,4.840,
14766.7,heavy,3102,0,3.132,ECONNREFUSED
14770.0,heavy,3103,1,1.913,
14773.3,heavy,3101,0,4.872,
14776.7,heavy,3102,0,2.891,ECONNREFUSED
14780.0,heavy,3103,0,1.450,
14783.3,heavy,3101,1,4.288,
14786.7,heavy,3102,0,2.869,ECONNREFUSED
14790.0,heavy,3103,0,1.741,
14793.3,heavy,3101,1,6.612,
14796.7,heavy,3102,0,8.083,ECONNREFUSED
14800.0,light-2,3103,1,2.566,
14800.0,light-5,3103,1,3.213,
14800.0,light-3,3101,1,3.488,
14800.0,light-1,3102,0,4.526,ECONNREFUSED
14800.0,light-4,3102,0,5.587,ECONNREFUSED
14800.0,heavy,3103,1,1.831,
14803.3,heavy,3101,0,6.225,
14806.7,heavy,3101,0,4.356,
14810.0,heavy,3102,0,2.301,ECONNREFUSED
14813.3,heavy,3103,1,1.527,
14816.7,heavy,3101,0,3.461,
14820.0,heavy,3102,0,2.415,ECONNREFUSED
14823.3,heavy,3103,1,1.565,
14826.7,heavy,3101,0,3.963,
14830.0,heavy,3102,0,2.682,ECONNREFUSED
14833.3,heavy,3103,1,1.540,
14836.7,heavy,3101,0,1.652,
14840.0,heavy,3102,0,2.958,ECONNREFUSED
14843.3,heavy,3103,1,1.483,
14846.7,heavy,3101,0,3.190,
14850.0,heavy,3102,0,2.652,ECONNREFUSED
14853.3,heavy,3103,1,1.062,
14856.7,heavy,3101,0,3.586,
14860.0,heavy,3102,0,2.909,ECONNREFUSED
14863.3,heavy,3103,1,1.743,
14866.7,heavy,3101,0,2.011,
14870.0,heavy,3102,0,4.150,ECONNREFUSED
14873.3,heavy,3103,1,3.289,
14876.7,heavy,3101,1,6.095,
14880.0,heavy,3102,0,4.146,ECONNREFUSED
14883.3,heavy,3103,0,2.612,
14886.7,heavy,3101,0,2.256,
14890.0,heavy,3102,0,2.396,ECONNREFUSED
14893.3,heavy,3103,1,1.401,
14896.7,heavy,3101,0,3.426,
14900.0,light-3,3102,0,3.753,ECONNREFUSED
14900.0,light-5,3101,1,3.806,
14900.0,light-4,3103,1,3.974,
14900.0,light-2,3101,1,5.351,
14900.0,light-1,3103,1,5.540,
14900.0,heavy,3102,0,3.903,ECONNREFUSED
14903.3,heavy,3102,0,3.893,ECONNREFUSED
14906.7,heavy,3103,1,1.428,
14910.0,heavy,3101,0,3.269,
14913.3,heavy,3102,0,2.365,ECONNREFUSED
14916.7,heavy,3103,1,1.250,
14920.0,heavy,3101,0,3.833,
14923.3,heavy,3102,0,2.893,ECONNREFUSED
14926.7,heavy,3103,1,1.863,
14930.0,heavy,3101,0,3.092,
14933.3,heavy,3102,0,2.530,ECONNREFUSED
14936.7,heavy,3103,1,1.566,
14940.0,heavy,3101,1,4.317,
14943.3,heavy,3102,0,2.473,ECONNREFUSED
14946.7,heavy,3103,0,1.284,
14950.0,heavy,3101,0,4.104,
14953.3,heavy,3102,0,3.318,ECONNREFUSED
14956.7,heavy,3103,1,1.588,
14960.0,heavy,3101,0,4.214,
14963.3,heavy,3102,0,1.990,ECONNREFUSED
14966.7,heavy,3103,1,1.393,
14970.0,heavy,3101,1,4.030,
14973.3,heavy,3102,0,1.943,ECONNREFUSED
14976.7,heavy,3103,0,1.145,
14980.0,heavy,3101,0,4.002,
14983.3,heavy,3102,0,3.067,ECONNREFUSED
14986.7,heavy,3103,1,1.465,
14990.0,heavy,3101,0,3.779,
14993.3,heavy,3102,0,2.494,ECONNREFUSED
14996.7,heavy,3103,1,1.367,
15000.0,light-1,3103,1,2.124,
15000.0,light-4,3103,1,3.773,
15000.0,light-2,3101,1,4.113,
15000.0,light-3,3102,0,4.373,ECONNREFUSED
15000.0,light-5,3101,1,4.391,
15000.0,heavy,3101,1,6.411,
15003.3,heavy,3102,0,5.377,ECONNREFUSED
15006.7,heavy,3102,0,4.805,ECONNREFUSED
15010.0,heavy,3103,0,1.631,
15013.3,heavy,3101,1,3.934,
15016.7,heavy,3102,0,2.430,ECONNREFUSED
15020.0,heavy,3103,0,1.596,
15023.3,heavy,3101,0,1.996,
15026.7,heavy,3102,0,3.568,ECONNREFUSED
15030.0,heavy,3103,1,1.666,
15033.3,heavy,3101,1,4.441,
15036.7,heavy,3102,0,2.486,ECONNREFUSED
15040.0,heavy,3103,0,0.984,
15043.3,heavy,3101,0,4.270,
15046.7,heavy,3102,0,3.458,ECONNREFUSED
15050.0,heavy,3103,1,1.591,
15053.3,heavy,3101,1,4.369,
15056.7,heavy,3102,0,2.202,ECONNREFUSED
15060.0,heavy,3103,0,1.458,
15063.3,heavy,3101,1,3.773,
15066.7,heavy,3102,0,2.405,ECONNREFUSED
15070.0,heavy,3103,0,1.471,
15073.3,heavy,3101,1,4.530,
15076.7,heavy,3102,0,2.657,ECONNREFUSED
15080.0,heavy,3103,1,1.460,
15083.3,heavy,3101,0,4.159,
15086.7,heavy,3102,0,2.279,ECONNREFUSED
15090.0,heavy,3103,1,3.218,
15093.3,heavy,3101,0,7.084,
15096.7,heavy,3102,0,5.255,ECONNREFUSED
15100.0,light-1,3101,1,3.045,
15100.0,light-3,3103,1,4.151,
15100.0,light-2,3102,0,6.240,ECONNREFUSED
15100.0,light-4,3101,1,6.457,
15100.0,light-5,3102,0,6.657,ECONNREFUSED
15100.0,heavy,3103,0,3.428,
15103.3,heavy,3103,1,2.809,
15106.7,heavy,3101,0,3.092,
15110.0,heavy,3102,0,2.442,ECONNREFUSED
15113.3,heavy,3103,1,1.426,
15116.7,heavy,3101,0,4.813,
15120.0,heavy,3102,0,4.124,ECONNREFUSED
15123.3,heavy,3103,1,2.477,
15126.7,heavy,3101,0,4.437,
15130.0,heavy,3102,0,4.004,ECONNREFUSED
15133.3,heavy,3103,1,1.749,
15136.7,heavy,3101,0,4.469,
15140.0,heavy,3102,0,3.323,ECONNREFUSED
15143.3,heavy,3103,1,2.093,
15146.7,heavy,3101,0,3.209,
15150.0,heavy,3102,0,2.252,ECONNREFUSED
15153.3,heavy,3103,1,2.291,
15156.7,heavy,3101,1,4.899,
15160.0,heavy,3102,0,3.916,ECONNREFUSED
15163.3,heavy,3103,0,1.392,
15166.7,heavy,3101,0,4.265,
15170.0,heavy,3102,0,3.505,ECONNREFUSED
15173.3,heavy,3103,1,1.929,
15176.7,heavy,3101,0,3.974,
15180.0,heavy,3102,0,3.038,ECONNREFUSED
15183.3,heavy,3103,1,1.363,
15186.7,heavy,3101,1,4.617,
15190.0,heavy,3102,0,2.988,ECONNREFUSED
15193.3,heavy,3103,0,1.781,
15196.7,heavy,3101,0,1.670,
15200.0,light-2,3103,1,4.012,
15200.0,light-3,3101,1,4.088,
15200.0,light-5,3103,1,4.107,
15200.0,light-1,3102,0,5.849,ECONNREFUSED
15200.0,light-4,3102,0,6.508,ECONNREFUSED
15200.0,heavy,3102,0,5.767,ECONNREFUSED
15203.3,heavy,3103,1,3.161,
15206.7,heavy,3101,0,5.503,
15210.0,heavy,3101,0,3.680,
15213.3,heavy,3102,0,2.319,ECONNREFUSED
15216.7,heavy,3103,1,2.233,
15220.0,heavy,3101,1,4.787,
15223.3,heavy,3102,0,2.963,ECONNREFUSED
15226.7,heavy,3103,0,1.261,
15230.0,heavy,3101,0,3.588,
15233.3,heavy,3102,0,2.878,ECONNREFUSED
15236.7,heavy,3103,1,1.691,
15240.0,heavy,3101,0,2.028,
15243.3,heavy,3102,0,4.891,ECONNREFUSED
15246.7,heavy,3103,1,2.168,
15250.0,heavy,3101,1,5.861,
15253.3,heavy,3102,0,4.772,ECONNREFUSED
15256.7,heavy,3103,0,2.446,
15260.0,heavy,3101,0,3.626,
15263.3,heavy,3102,0,2.370,ECONNREFUSED
15266.7,heavy,3103,1,1.711,
15270.0,heavy,3101,0,3.472,
15273.3,heavy,3102,0,2.601,ECONNREFUSED
15276.7,heavy,3103,1,2.345,
15280.0,heavy,3101,1,4.455,
15283.3,heavy,3102,0,2.882,ECONNREFUSED
15286.7,heavy,3103,0,1.745,
15290.0,heavy,3101,0,6.161,
15293.3,heavy,3102,0,6.930,ECONNREFUSED
15296.7,heavy,3103,1,2.689,
15300.0,light-2,3103,1,3.635,
15300.0,light-5,3103,1,4.608,
15300.0,light-3,3101,1,4.889,
15300.0,light-1,3102,0,5.434,ECONNREFUSED
15300.0,light-4,3102,0,6.593,ECONNREFUSED
15300.0,heavy,3101,0,5.649,
15303.3,heavy,3101,0,4.179,
15306.7,heavy,3102,0,3.269,ECONNREFUSED
15310.0,heavy,3103,1,1.805,
15313.3,heavy,3101,1,3.987,
15316.7,heavy,3102,0,2.413,ECONNREFUSED
15320.0,heavy,3103,0,1.282,
15323.3,heavy,3101,0,3.532,
15326.7,heavy,3102,0,2.772,ECONNREFUSED
15330.0,heavy,3103,1,1.287,
15333.3,heavy,3101,1,4.009,
15336.7,heavy,3102,0,2.303,ECONNREFUSED
15340.0,heavy,3103,1,1.803,
15343.3,heavy,3101,0,3.969,
15346.7,heavy,3102,0,3.130,ECONNREFUSED
15350.0,heavy,3103,0,1.057,
15353.3,heavy,3101,1,4.152,
15356.7,heavy,3102,0,2.959,ECONNREFUSED
15360.0,heavy,3103,1,2.004,
15363.3,heavy,3101,0,2.553,
15366.7,heavy,3102,0,3.274,ECONNREFUSED
15370.0,heavy,3103,1,1.992,
15373.3,heavy,3101,0,3.460,
15376.7,heavy,3102,0,3.161,ECONNREFUSED
15380.0,heavy,3103,0,1.825,
15383.3,heavy,3101,1,6.491,
15386.7,heavy,3102,0,3.215,ECONNREFUSED
15390.0,heavy,3103,1,2.568,
15393.3,heavy,3101,0,6.783,
15396.7,heavy,3102,0,2.277,ECONNREFUSED
15400.0,light-3,3103,1,2.359,
15400.0,light-1,3101,1,3.096,
15400.0,light-4,3101,1,3.337,
15400.0,light-2,3102,0,3.919,ECONNREFUSED
15400.0,light-5,3102,0,4.012,ECONNREFUSED
15400.0,heavy,3103,0,1.864,
15403.3,heavy,3103,1,1.678,
15406.7,heavy,3101,0,3.907,
15410.0,heavy,3102,0,2.703,ECONNREFUSED
15413.3,heavy,3103,1,2.712,
15416.7,heavy,3101,0,4.397,
15420.0,heavy,3102,0,4.060,ECONNREFUSED
15423.3,heavy,3103,1,3.277,
15426.7,heavy,3101,0,2.847,
15430.0,heavy,3102,0,2.485,ECONNREFUSED
15433.3,heavy,3103,1,1.425,
15436.7,heavy,3101,0,3.927,
15440.0,heavy,3102,0,2.489,ECONNREFUSED
15443.3,heavy,3103,1,1.156,
15446.7,heavy,3101,0,3.441,
15450.0,heavy,3102,0,2.625,ECONNREFUSED
15453.3,heavy,3103,1,1.484,
15456.7,heavy,3101,0,3.699,
15460.0,heavy,3102,0,2.765,ECONNREFUSED
15463.3,heavy,3103,1,2.619,
15466.7,heavy,3101,0,4.614,
15470.0,heavy,3102,0,3.541,ECONNREFUSED
15473.3,heavy,3103,1,1.630,
15476.7,heavy,3101,0,3.843,
15480.0,heavy,3102,0,2.369,ECONNREFUSED
15483.3,heavy,3103,1,1.479,
15486.7,heavy,3101,0,3.596,
15490.0,heavy,3102,0,3.023,ECONNREFUSED
15493.3,heavy,3103,1,1.439,
15496.7,heavy,3101,0,7.254,
15500.0,light-3,3103,1,4.506,
15500.0,light-1,3101,1,5.632,
15500.0,light-4,3101,1,5.587,
15500.0,light-2,3102,0,7.184,ECONNREFUSED
15500.0,light-5,3102,0,7.601,ECONNREFUSED
15500.0,heavy,3102,0,6.352,ECONNREFUSED
15503.3,heavy,3103,1,2.633,
15506.7,heavy,3103,0,4.209,
15510.0,heavy,3101,0,3.722,
15513.3,heavy,3102,0,2.187,ECONNREFUSED
15516.7,heavy,3103,1,1.493,
15520.0,heavy,3101,0,3.137,
15523.3,heavy,3102,0,4.004,ECONNREFUSED
15526.7,heavy,3103,1,1.602,
15530.0,heavy,3101,1,4.383,
15533.3,heavy,3102,0,3.956,ECONNREFUSED
15536.7,heavy,3103,0,1.709,
15540.0,heavy,3101,0,4.172,
15543.3,heavy,3102,0,2.894,ECONNREFUSED
15546.7,heavy,3103,1,1.559,
15550.0,heavy,3101,0,3.764,
15553.3,heavy,3102,0,2.545,ECONNREFUSED
15556.7,heavy,3103,1,2.056,
15560.0,heavy,3101,1,3.837,
15563.3,heavy,3102,0,2.662,ECONNREFUSED
15566.7,heavy,3103,0,1.914,
15570.0,heavy,3101,0,1.898,
15573.3,heavy,3102,0,3.597,ECONNREFUSED
15576.7,heavy,3103,1,2.496,
15580.0,heavy,3101,0,4.277,
15583.3,heavy,3102,0,2.817,ECONNREFUSED
15586.7,heavy,3103,1,1.137,
15590.0,heavy,3101,1,4.660,
15593.3,heavy,3102,0,2.870,ECONNREFUSED
15596.7,heavy,3103,0,1.923,
15600.0,light-2,3103,1,1.703,
15600.0,light-5,3103,1,2.165,
15600.0,light-3,3101,1,3.042,
15600.0,light-1,3102,0,3.544,ECONNREFUSED
15600.0,light-4,3102,0,3.407,ECONNREFUSED
15600.0,heavy,3101,0,4.173,
15603.3,heavy,3101,1,3.332,
15606.7,heavy,3102,0,2.379,ECONNREFUSED
15610.0,heavy,3103,0,1.533,
15613.3,heavy,3101,1,6.267,
15616.7,heavy,3102,0,4.819,ECONNREFUSED
15620.0,heavy,3103,1,2.456,
15623.3,heavy,3101,0,5.765,
15626.7,heavy,3102,0,4.690,ECONNREFUSED
15630.0,heavy,3103,0,2.407,
15633.3,heavy,3101,1,3.575,
15636.7,heavy,3102,0,2.234,ECONNREFUSED
15640.0,heavy,3103,0,1.493,
15643.3,heavy,3101,1,4.424,
15646.7,heavy,3102,0,3.162,ECONNREFUSED
15650.0,heavy,3103,0,1.918,
15653.3,heavy,3101,1,4.107,
15656.7,heavy,3102,0,2.345,ECONNREFUSED
15660.0,heavy,3103,0,1.457,
15663.3,heavy,3101,1,4.288,
15666.7,heavy,3102,0,3.244,ECONNREFUSED
15670.0,heavy,3103,1,1.523,
15673.3,heavy,3101,0,3.799,
15676.7,heavy,3102,0,2.402,ECONNREFUSED
15680.0,heavy,3103,1,1.759,
15683.3,heavy,3101,0,3.003,
15686.7,heavy,3102,0,2.543,ECONNREFUSED
15690.0,heavy,3103,0,2.104,
15693.3,heavy,3101,1,6.659,
15696.7,heavy,3102,0,5.928,ECONNREFUSED
15700.0,light-2,3103,1,3.977,
15700.0,light-3,3101,1,4.501,
15700.0,light-5,3103,1,4.444,
15700.0,light-1,3102,0,5.753,ECONNREFUSED
15700.0,light-4,3102,0,5.633,ECONNREFUSED
15700.0,heavy,3103,1,2.999,
15703.3,heavy,3101,0,6.122,
15706.7,heavy,3101,0,3.790,
15710.0,heavy,3102,0,2.421,ECONNREFUSED
15713.3,heavy,3103,1,1.710,
15716.7,heavy,3101,0,3.965,
15720.0,heavy,3102,0,2.780,ECONNREFUSED
15723.3,heavy,3103,1,1.877,
15726.7,heavy,3101,0,3.479,
15730.0,heavy,3102,0,2.559,ECONNREFUSED
15733.3,heavy,3103,1,1.471,
15736.7,heavy,3101,0,3.004,
15740.0,heavy,3102,0,1.817,ECONNREFUSED
15743.3,heavy,3103,1,2.467,
15746.7,heavy,3101,1,4.415,
15750.0,heavy,3102,0,3.251,ECONNREFUSED
15753.3,heavy,3103,0,2.028,
15756.7,heavy,3101,0,2.988,
15760.0,heavy,3102,0,2.586,ECONNREFUSED
15763.3,heavy,3103,1,1.398,
15766.7,heavy,3101,0,3.308,
15770.0,heavy,3102,0,2.806,ECONNREFUSED
15773.3,heavy,3103,1,1.922,
15776.7,heavy,3101,0,4.007,
15780.0,heavy,3102,0,3.196,ECONNREFUSED
15783.3,heavy,3103,1,1.686,
15786.7,heavy,3101,0,3.610,
15790.0,heavy,3102,0,2.446,ECONNREFUSED
15793.3,heavy,3103,1,1.514,
15796.7,heavy,3101,0,6.269,
15800.0,light-2,3101,1,2.139,
15800.0,light-1,3103,1,2.359,
15800.0,light-4,3103,1,2.836,
15800.0,light-5,3101,1,4.527,
15800.0,light-3,3102,0,5.142,ECONNREFUSED
15800.0,heavy,3102,0,5.380,ECONNREFUSED
15803.3,heavy,3102,0,3.053,ECONNREFUSED
15806.7,heavy,3103,1,1.407,
15810.0,heavy,3101,1,4.231,
15813.3,heavy,3102,0,2.805,ECONNREFUSED
15816.7,heavy,3103,0,1.816,
15820.0,heavy,3101,0,3.609,
15823.3,heavy,3102,0,2.867,ECONNREFUSED
15826.7,heavy,3103,1,1.385,
15830.0,heavy,3101,0,3.245,
15833.3,heavy,3102,0,2.898,ECONNREFUSED
15836.7,heavy,3103,1,1.394,
15840.0,heavy,3101,1,4.249,
15843.3,heavy,3102,0,2.555,ECONNREFUSED
15846.7,heavy,3103,0,1.680,
15850.0,heavy,3101,0,1.831,
15853.3,heavy,3102,0,6.134,ECONNREFUSED
15856.7,heavy,3103,1,2.390,
15860.0,heavy,3101,1,5.181,
15863.3,heavy,3102,0,4.725,ECONNREFUSED
15866.7,heavy,3103,0,1.637,
15870.0,heavy,3101,0,3.635,
15873.3,heavy,3102,0,2.938,ECONNREFUSED
15876.7,heavy,3103,1,1.814,
15880.0,heavy,3101,0,3.762,
15883.3,heavy,3102,0,2.550,ECONNREFUSED
15886.7,heavy,3103,1,1.638,
15890.0,heavy,3101,1,4.668,
15893.3,heavy,3102,0,2.462,ECONNREFUSED
15896.7,heavy,3103,0,1.145,
15900.0,light-3,3103,1,3.346,
15900.0,light-1,3101,1,4.174,
15900.0,light-4,3101,1,4.206,
15900.0,light-2,3102,0,5.019,ECONNREFUSED
15900.0,light-5,3102,0,5.371,ECONNREFUSED
15900.0,heavy,3101,0,6.599,
15903.3,heavy,3102,0,5.131,ECONNREFUSED
15906.7,heavy,3103,1,2.102,
15910.0,heavy,3103,0,2.897,
15913.3,heavy,3101,1,4.015,
15916.7,heavy,3102,0,2.848,ECONNREFUSED
15920.0,heavy,3103,0,1.176,
15923.3,heavy,3101,1,4.924,
15926.7,heavy,3102,0,3.319,ECONNREFUSED
15930.0,heavy,3103,1,1.621,
15933.3,heavy,3101,0,4.452,
15936.7,heavy,3102,0,3.401,ECONNREFUSED
15940.0,heavy,3103,0,1.641,
15943.3,heavy,3101,1,3.914,
15946.7,heavy,3102,0,3.190,ECONNREFUSED
15950.0,heavy,3103,1,2.003,
15953.3,heavy,3101,0,2.170,
15956.7,heavy,3102,0,3.813,ECONNREFUSED
15960.0,heavy,3103,1,2.094,
15963.3,heavy,3101,0,3.981,
15966.7,heavy,3102,0,3.761,ECONNREFUSED
15970.0,heavy,3103,0,1.975,
15973.3,heavy,3101,1,4.483,
15976.7,heavy,3102,0,3.035,ECONNREFUSED
15980.0,heavy,3103,1,1.886,
15983.3,heavy,3101,0,4.712,
15986.7,heavy,3102,0,2.919,ECONNREFUSED
15990.0,heavy,3103,0,1.429,
15993.3,heavy,3101,1,5.284,
15996.7,heavy,3102,0,4.254,ECONNREFUSED
16000.0,light-3,3103,1,3.271,
16000.0,light-1,3101,1,5.223,
16000.0,light-4,3101,1,5.089,
16000.0,light-2,3102,0,5.821,ECONNREFUSED
16000.0,light-5,3102,0,5.732,ECONNREFUSED
16000.0,heavy,3103,0,2.742,
16003.3,heavy,3103,1,2.528,
16006.7,heavy,3101,0,3.843,
16010.0,heavy,3102,0,3.055,ECONNREFUSED
16013.3,heavy,3103,1,1.435,
16016.7,heavy,3101,0,2.926,
16020.0,heavy,3102,0,3.810,ECONNREFUSED
16023.3,heavy,3103,1,2.551,
16026.7,heavy,3101,0,4.579,
16030.0,heavy,3102,0,4.338,ECONNREFUSED
16033.3,heavy,3103,1,1.205,
16036.7,heavy,3101,0,3.436,
16040.0,heavy,3102,0,2.992,ECONNREFUSED
16043.3,heavy,3103,1,1.842,
16046.7,heavy,3101,0,2.051,
16050.0,heavy,3102,0,5.155,ECONNREFUSED
16053.3,heavy,3103,1,2.818,
16056.7,heavy,3101,0,4.937,
16060.0,heavy,3102,0,5.223,ECONNREFUSED
16063.3,heavy,3103,1,2.294,
16066.7,heavy,3101,0,4.291,
16070.0,heavy,3102,0,3.405,ECONNREFUSED
16073.3,heavy,3103,1,1.998,
16076.7,heavy,3101,0,2.894,
16080.0,heavy,3102,0,1.792,ECONNREFUSED
16083.3,heavy,3103,1,2.611,
16086.7,heavy,3101,0,4.617,
16090.0,heavy,3102,0,4.019,ECONNREFUSED
16093.3,heavy,3103,1,1.868,
16096.7,heavy,3101,0,6.858,
16100.0,light-2,3103,1,3.433,
16100.0,light-1,3102,0,4.776,ECONNREFUSED
16100.0,light-4,3102,0,4.840,ECONNREFUSED
16100.0,light-5,3103,1,6.094,
16100.0,light-3,3101,1,7.908,
16100.0,heavy,3102,0,5.318,ECONNREFUSED
16103.3,heavy,3103,1,2.429,
16106.7,heavy,3101,0,6.469,
16110.0,heavy,3101,1,5.102,
16113.3,heavy,3102,0,2.923,ECONNREFUSED
16116.7,heavy,3103,0,1.683,
16120.0,heavy,3101,1,4.612,
16123.3,heavy,3102,0,2.593,ECONNREFUSED
16126.7,heavy,3103,1,1.960,
16130.0,heavy,3101,0,3.285,
16133.3,heavy,3102,0,2.758,ECONNREFUSED
16136.7,heavy,3103,0,2.317,
16140.0,heavy,3101,0,3.234,
16143.3,heavy,3102,0,2.735,ECONNREFUSED
16146.7,heavy,3103,1,1.517,
16150.0,heavy,3101,1,4.183,
16153.3,heavy,3102,0,2.090,ECONNREFUSED
16156.7,heavy,3103,0,1.198,
16160.0,heavy,3101,0,3.685,
16163.3,heavy,3102,0,2.879,ECONNREFUSED
16166.7,heavy,3103,1,1.446,
16170.0,heavy,3101,0,3.760,
16173.3,heavy,3102,0,2.350,ECONNREFUSED
16176.7,heavy,3103,1,1.502,
16180.0,heavy,3101,1,4.505,
16183.3,heavy,3102,0,2.419,ECONNREFUSED
16186.7,heavy,3103,0,1.465,
16190.0,heavy,3101,0,6.479,
16193.3,heavy,3102,0,5.176,ECONNREFUSED
16196.7,heavy,3103,1,3.398,
16200.0,light-3,3101,1,2.594,
16200.0,light-2,3103,1,3.182,
16200.0,light-5,3103,1,3.051,
16200.0,light-1,3102,0,6.133,ECONNREFUSED
16200.0,light-4,3102,0,5.985,ECONNREFUSED
16200.0,heavy,3101,0,4.743,
16203.3,heavy,3101,1,4.177,
16206.7,heavy,3102,0,2.342,ECONNREFUSED
16210.0,heavy,3103,0,0.957,
16213.3,heavy,3101,1,3.247,
16216.7,heavy,3102,0,2.000,ECONNREFUSED
16220.0,heavy,3103,1,2.262,
16223.3,heavy,3101,0,4.095,
16226.7,heavy,3102,0,3.214,ECONNREFUSED
16230.0,heavy,3103,0,2.586,
16233.3,heavy,3101,1,4.458,
16236.7,heavy,3102,0,3.002,ECONNREFUSED
16240.0,heavy,3103,0,1.805,
16243.3,heavy,3101,1,4.204,
16246.7,heavy,3102,0,3.271,ECONNREFUSED
16250.0,heavy,3103,0,2.140,
16253.3,heavy,3101,1,4.003,
16256.7,heavy,3102,0,2.406,ECONNREFUSED
16260.0,heavy,3103,0,1.485,
16263.3,heavy,3101,1,4.973,
16266.7,heavy,3102,0,3.249,ECONNREFUSED
16270.0,heavy,3103,1,1.583,
16273.3,heavy,3101,0,4.579,
16276.7,heavy,3102,0,4.503,ECONNREFUSED
16280.0,heavy,3103,0,2.173,
16283.3,heavy,3101,1,4.506,
16286.7,heavy,3102,0,2.993,ECONNREFUSED
16290.0,heavy,3103,1,1.697,
16293.3,heavy,3101,0,3.419,
16296.7,heavy,3102,0,2.921,ECONNREFUSED
16300.0,light-4,3103,1,5.384,
16300.0,light-5,3101,1,5.537,
16300.0,light-3,3102,0,6.889,ECONNREFUSED
16300.0,light-1,3103,1,8.072,
16300.0,light-2,3101,1,8.189,
16300.0,heavy,3103,1,3.639,
16303.3,heavy,3101,0,7.455,
16306.7,heavy,3102,0,7.970,ECONNREFUSED
16310.0,heavy,3102,0,7.041,ECONNREFUSED
16313.3,heavy,3103,1,3.985,
16316.7,heavy,3101,0,3.037,
16320.0,heavy,3102,0,2.167,ECONNREFUSED
16323.3,heavy,3103,1,1.434,
16326.7,heavy,3101,0,3.253,
16330.0,heavy,3102,0,1.949,ECONNREFUSED
16333.3,heavy,3103,1,2.332,
16336.7,heavy,3101,0,3.898,
16340.0,heavy,3102,0,3.176,ECONNREFUSED
16343.3,heavy,3103,1,1.432,
16346.7,heavy,3101,0,2.823,
16350.0,heavy,3102,0,2.846,ECONNREFUSED
16353.3,heavy,3103,1,1.659,
16356.7,heavy,3101,0,3.043,
16360.0,heavy,3102,0,3.879,ECONNREFUSED
16363.3,heavy,3103,1,1.327,
16366.7,heavy,3101,0,2.988,
16370.0,heavy,3102,0,2.209,ECONNREFUSED
16373.3,heavy,3103,1,1.239,
16376.7,heavy,3101,0,4.328,
16380.0,heavy,3102,0,3.550,ECONNREFUSED
16383.3,heavy,3103,1,1.605,
16386.7,heavy,3101,0,3.882,
16390.0,heavy,3102,0,3.734,ECONNREFUSED
16393.3,heavy,3103,1,4.118,
16396.7,heavy,3101,0,7.413,
16400.0,light-3,3103,1,4.389,
16400.0,light-1,3101,1,4.797,
16400.0,light-2,3102,0,7.251,ECONNREFUSED
16400.0,light-4,3101,1,7.263,
16400.0,light-5,3102,0,7.466,ECONNREFUSED
16400.0,heavy,3102,0,6.887,ECONNREFUSED
16403.3,heavy,3103,1,3.839,
16406.7,heavy,3103,0,3.585,
16410.0,heavy,3101,0,3.765,
16413.3,heavy,3102,0,3.121,ECONNREFUSED
16416.7,heavy,3103,1,2.206,
16420.0,heavy,3101,0,3.110,
16423.3,heavy,3102,0,3.326,ECONNREFUSED
16426.7,heavy,3103,1,2.218,
16430.0,heavy,3101,0,3.411,
16433.3,heavy,3102,0,2.337,ECONNREFUSED
16436.7,heavy,3103,1,1.258,
16440.0,heavy,3101,1,3.409,
16443.3,heavy,3102,0,2.824,ECONNREFUSED
16446.7,heavy,3103,0,0.928,
16450.0,heavy,3101,0,3.796,
16453.3,heavy,3102,0,3.077,ECONNREFUSED
16456.7,heavy,3103,1,1.743,
16460.0,heavy,3101,0,3.445,
16463.3,heavy,3102,0,2.381,ECONNREFUSED
16466.7,heavy,3103,1,1.916,
16470.0,heavy,3101,0,3.935,
16473.3,heavy,3102,0,2.707,ECONNREFUSED
16476.7,heavy,3103,1,2.207,
16480.0,heavy,3101,0,2.492,
16483.3,heavy,3102,0,2.375,ECONNREFUSED
16486.7,heavy,3103,1,1.498,
16490.0,heavy,3101,1,4.132,
16493.3,heavy,3102,0,2.759,ECONNREFUSED
16496.7,heavy,3103,1,3.461,
16500.0,light-3,3103,1,4.298,
16500.0,light-1,3101,1,4.613,
16500.0,light-4,3101,1,5.135,
16500.0,light-2,3102,0,6.217,ECONNREFUSED
16500.0,light-5,3102,0,6.202,ECONNREFUSED
16500.0,heavy,3101,0,6.003,
16503.3,heavy,3102,0,6.281,ECONNREFUSED
16506.7,heavy,3103,0,3.746,
16510.0,heavy,3103,0,3.222,
16513.3,heavy,3101,1,4.073,
16516.7,heavy,3102,0,2.539,ECONNREFUSED
16520.0,heavy,3103,0,1.657,
16523.3,heavy,3101,1,6.030,
16526.7,heavy,3102,0,7.108,ECONNREFUSED
16530.0,heavy,3103,1,2.446,
16533.3,heavy,3101,0,5.797,
16536.7,heavy,3102,0,3.870,ECONNREFUSED
16540.0,heavy,3103,0,2.125,
16543.3,heavy,3101,1,4.580,
16546.7,heavy,3102,0,2.846,ECONNREFUSED
16550.0,heavy,3103,0,1.347,
16553.3,heavy,3101,1,3.377,
16556.7,heavy,3102,0,49.668,ECONNREFUSED
16560.0,heavy,3103,1,1.204,
16563.3,heavy,3101,0,3.365,
16566.7,heavy,3102,0,49.150,ECONNREFUSED
16570.0,heavy,3103,0,1.280,
16573.3,heavy,3101,1,30.188,
16576.7,heavy,3102,0,35.909,ECONNREFUSED
16580.0,heavy,3103,1,1.138,
16583.3,heavy,3101,1,29.947,
16586.7,heavy,3102,0,13.281,ECONNREFUSED
16590.0,heavy,3103,1,7.325,
16593.3,heavy,3101,0,7.908,
16596.7,heavy,3102,0,13.115,ECONNREFUSED
16600.0,light-1,3103,1,7.390,
16600.0,light-2,3101,1,7.602,
16600.0,light-4,3103,1,7.529,
16600.0,light-3,3102,0,13.059,ECONNREFUSED
16600.0,light-5,3101,1,13.080,
16600.0,heavy,3103,0,7.446,
16603.3,heavy,3101,0,7.764,
16606.7,heavy,3102,0,13.119,ECONNREFUSED
16610.0,heavy,3102,0,7.800,ECONNREFUSED
16613.3,heavy,3103,1,4.163,
16616.7,heavy,3101,0,4.107,
16620.0,heavy,3102,0,3.858,ECONNREFUSED
16623.3,heavy,3103,0,1.705,
16626.7,heavy,3101,1,4.053,
16630.0,heavy,3102,0,5.100,ECONNREFUSED
16633.3,heavy,3103,1,1.412,
16636.7,heavy,3101,0,4.069,
16640.0,heavy,3102,0,7.622,ECONNREFUSED
16643.3,heavy,3103,1,3.466,
16646.7,heavy,3101,0,3.145,
16650.0,heavy,3102,0,6.191,ECONNREFUSED
16653.3,heavy,3103,1,1.774,
16656.7,heavy,3101,0,3.004,
16660.0,heavy,3102,0,3.290,ECONNREFUSED
16663.3,heavy,3103,1,1.027,
16666.7,heavy,3101,0,5.111,
16670.0,heavy,3102,0,2.652,ECONNREFUSED
16673.3,heavy,3103,1,2.921,
16676.7,heavy,3101,0,4.070,
16680.0,heavy,3102,0,1.953,ECONNREFUSED
16683.3,heavy,3103,1,1.985,
16686.7,heavy,3101,0,3.568,
16690.0,heavy,3102,0,2.676,ECONNREFUSED
16693.3,heavy,3103,1,1.004,
16696.7,heavy,3101,0,7.297,
16700.0,light-3,3103,1,2.595,
16700.0,light-1,3101,1,2.951,
16700.0,light-4,3101,1,2.902,
16700.0,light-2,3102,0,8.805,ECONNREFUSED
16700.0,light-5,3102,0,9.296,ECONNREFUSED
16700.0,heavy,3102,0,10.491,ECONNREFUSED
16703.3,heavy,3103,1,2.190,
16706.7,heavy,3103,0,4.423,
16710.0,heavy,3101,0,4.893,
16713.3,heavy,3102,0,4.879,ECONNREFUSED
16716.7,heavy,3103,1,1.699,
16720.0,heavy,3101,0,4.393,
16723.3,heavy,3102,0,3.747,ECONNREFUSED
16726.7,heavy,3103,1,1.817,
16730.0,heavy,3101,0,3.938,
16733.3,heavy,3102,0,3.150,ECONNREFUSED
16736.7,heavy,3103,1,1.656,
16740.0,heavy,3101,0,3.232,
16743.3,heavy,3102,0,11.430,ECONNREFUSED
16746.7,heavy,3103,1,1.179,
16750.0,heavy,3101,1,3.157,
16753.3,heavy,3102,0,14.358,ECONNREFUSED
16756.7,heavy,3103,0,1.357,
16760.0,heavy,3101,1,8.464,
16763.3,heavy,3102,0,8.461,ECONNREFUSED
16766.7,heavy,3103,0,3.245,
16770.0,heavy,3101,0,13.997,
16773.3,heavy,3102,0,9.864,ECONNREFUSED
16776.7,heavy,3103,1,2.699,
16780.0,heavy,3101,1,5.655,
16783.3,heavy,3102,0,2.756,ECONNREFUSED
16786.7,heavy,3103,0,1.238,
16790.0,heavy,3101,0,5.612,
16793.3,heavy,3102,0,6.010,ECONNREFUSED
16796.7,heavy,3103,1,2.943,
16800.0,light-2,3103,1,3.200,
16800.0,light-5,3103,1,4.345,
16800.0,light-3,3101,1,6.018,
16800.0,light-4,3102,0,7.111,ECONNREFUSED
16800.0,light-1,3102,0,7.733,ECONNREFUSED
16800.0,heavy,3101,1,7.121,
16803.3,heavy,3101,0,4.326,
16806.7,heavy,3102,0,4.572,ECONNREFUSED
16810.0,heavy,3103,0,2.367,
16813.3,heavy,3101,1,6.071,
16816.7,heavy,3102,0,4.981,ECONNREFUSED
16820.0,heavy,3103,1,2.762,
16823.3,heavy,3101,0,5.654,
16826.7,heavy,3102,0,5.943,ECONNREFUSED
16830.0,heavy,3103,0,2.854,
16833.3,heavy,3101,1,4.305,
16836.7,heavy,3102,0,3.200,ECONNREFUSED
16840.0,heavy,3103,0,1.673,
16843.3,heavy,3101,1,5.143,
16846.7,heavy,3102,0,2.849,ECONNREFUSED
16850.0,heavy,3103,0,1.464,
16853.3,heavy,3101,0,4.429,
16856.7,heavy,3102,0,3.718,ECONNREFUSED
16860.0,heavy,3103,1,1.941,
16863.3,heavy,3101,1,4.120,
16866.7,heavy,3102,0,2.444,ECONNREFUSED
16870.0,heavy,3103,0,1.180,
16873.3,heavy,3101,1,4.104,
16876.7,heavy,3102,0,2.590,ECONNREFUSED
16880.0,heavy,3103,0,1.479,
16883.3,heavy,3101,0,3.879,
16886.7,heavy,3102,0,3.024,ECONNREFUSED
16890.0,heavy,3103,1,1.458,
16893.3,heavy,3101,1,4.887,
16896.7,heavy,3102,0,4.127,ECONNREFUSED
16900.0,light-1,3101,1,2.035,
16900.0,light-4,3101,1,2.584,
16900.0,light-3,3103,1,3.206,
16900.0,light-2,3102,0,4.286,ECONNREFUSED
16900.0,light-5,3102,0,4.281,ECONNREFUSED
16900.0,heavy,3103,0,2.368,
16903.3,heavy,3103,1,1.223,
16906.7,heavy,3101,0,3.510,
16910.0,heavy,3102,0,1.843,ECONNREFUSED
16913.3,heavy,3103,1,2.837,
16916.7,heavy,3101,0,5.543,
16920.0,heavy,3102,0,3.575,ECONNREFUSED
16923.3,heavy,3103,1,2.623,
16926.7,heavy,3101,0,3.861,
16930.0,heavy,3102,0,2.448,ECONNREFUSED
16933.3,heavy,3103,0,1.547,
16936.7,heavy,3101,1,3.834,
16940.0,heavy,3102,0,2.197,ECONNREFUSED
16943.3,heavy,3103,1,1.753,
16946.7,heavy,3101,0,4.744,
16950.0,heavy,3102,0,4.949,ECONNREFUSED
16953.3,heavy,3103,1,1.116,
16956.7,heavy,3101,0,4.052,
16960.0,heavy,3102,0,3.458,ECONNREFUSED
16963.3,heavy,3103,1,2.254,
16966.7,heavy,3101,0,4.386,
16970.0,heavy,3102,0,3.820,ECONNREFUSED
16973.3,heavy,3103,1,2.352,
16976.7,heavy,3101,1,4.820,
16980.0,heavy,3102,0,2.956,ECONNREFUSED
16983.3,heavy,3103,0,1.867,
16986.7,heavy,3101,0,2.208,
16990.0,heavy,3102,0,2.497,ECONNREFUSED
16993.3,heavy,3103,1,1.213,
16996.7,heavy,3101,0,3.117,
17000.0,light-2,3101,1,1.517,
17000.0,light-1,3103,1,2.148,
17000.0,light-5,3101,1,2.376,
17000.0,light-4,3103,1,2.545,
17000.0,light-3,3102,0,3.497,ECONNREFUSED
17000.0,heavy,3102,0,3.257,ECONNREFUSED
17003.3,heavy,3102,0,1.795,ECONNREFUSED
17006.7,heavy,3103,1,1.658,
17010.0,heavy,3101,1,4.584,
17013.3,heavy,3102,0,2.720,ECONNREFUSED
17016.7,heavy,3103,0,1.506,
17020.0,heavy,3101,0,4.525,
17023.3,heavy,3102,0,3.652,ECONNREFUSED
17026.7,heavy,3103,1,1.806,
17030.0,heavy,3101,0,4.513,
17033.3,heavy,3102,0,3.837,ECONNREFUSED
17036.7,heavy,3103,1,1.705,
17040.0,heavy,3101,1,6.023,
17043.3,heavy,3102,0,3.477,ECONNREFUSED
17046.7,heavy,3103,0,1.381,
17050.0,heavy,3101,0,4.502,
17053.3,heavy,3102,0,3.416,ECONNREFUSED
17056.7,heavy,3103,1,2.180,
17060.0,heavy,3101,0,2.463,
17063.3,heavy,3102,0,2.282,ECONNREFUSED
17066.7,heavy,3103,1,2.260,
17070.0,heavy,3101,0,3.790,
17073.3,heavy,3102,0,3.310,ECONNREFUSED
17076.7,heavy,3103,1,1.702,
17080.0,heavy,3101,0,3.666,
17083.3,heavy,3102,0,2.930,ECONNREFUSED
17086.7,heavy,3103,1,1.372,
17090.0,heavy,3101,0,3.263,
17093.3,heavy,3102,0,3.131,ECONNREFUSED
17096.7,heavy,3103,1,1.351,
17100.0,light-1,3103,1,2.714,
17100.0,light-4,3103,1,3.744,
17100.0,light-2,3101,1,4.038,
17100.0,light-5,3101,1,4.398,
17100.0,light-3,3102,0,5.892,ECONNREFUSED
17100.0,heavy,3101,1,6.801,
17103.3,heavy,3102,0,6.024,ECONNREFUSED
17106.7,heavy,3102,0,6.069,ECONNREFUSED
17110.0,heavy,3103,0,3.396,
17113.3,heavy,3101,1,3.823,
17116.7,heavy,3102,0,2.329,ECONNREFUSED
17120.0,heavy,3103,0,1.398,
17123.3,heavy,3101,1,3.957,
17126.7,heavy,3102,0,2.158,ECONNREFUSED
17130.0,heavy,3103,1,2.200,
17133.3,heavy,3101,0,3.989,
17136.7,heavy,3102,0,3.277,ECONNREFUSED
17140.0,heavy,3103,0,1.653,
17143.3,heavy,3101,1,4.629,
17146.7,heavy,3102,0,3.010,ECONNREFUSED
17150.0,heavy,3103,1,1.861,
17153.3,heavy,3101,0,3.571,
17156.7,heavy,3102,0,2.158,ECONNREFUSED
17160.0,heavy,3103,1,2.162,
17163.3,heavy,3101,0,3.453,
17166.7,heavy,3102,0,2.785,ECONNREFUSED
17170.0,heavy,3103,0,1.875,
17173.3,heavy,3101,1,4.174,
17176.7,heavy,3102,0,2.867,ECONNREFUSED
17180.0,heavy,3103,1,1.691,
17183.3,heavy,3101,0,4.264,
17186.7,heavy,3102,0,2.167,ECONNREFUSED
17190.0,heavy,3103,0,1.487,
17193.3,heavy,3101,1,6.386,
17196.7,heavy,3102,0,4.699,ECONNREFUSED
17200.0,light-3,3103,1,3.477,
17200.0,light-1,3101,1,5.044,
17200.0,light-4,3101,1,4.857,
17200.0,light-2,3102,0,5.508,ECONNREFUSED
17200.0,light-5,3102,0,5.393,ECONNREFUSED
17200.0,heavy,3103,0,2.908,
17203.3,heavy,3103,1,2.041,
17206.7,heavy,3101,0,3.069,
17210.0,heavy,3102,0,2.153,ECONNREFUSED
17213.3,heavy,3103,1,1.392,
17216.7,heavy,3101,0,4.670,
17220.0,heavy,3102,0,3.831,ECONNREFUSED
17223.3,heavy,3103,1,1.766,
17226.7,heavy,3101,0,4.404,
17230.0,heavy,3102,0,4.794,ECONNREFUSED
17233.3,heavy,3103,0,2.187,
17236.7,heavy,3101,1,5.933,
17240.0,heavy,3102,0,3.262,ECONNREFUSED
17243.3,heavy,3103,1,2.079,
17246.7,heavy,3101,0,4.644,
17250.0,heavy,3102,0,3.724,ECONNREFUSED
17253.3,heavy,3103,1,1.748,
17256.7,heavy,3101,1,4.096,
17260.0,heavy,3102,0,3.445,ECONNREFUSED
17263.3,heavy,3103,0,1.519,
17266.7,heavy,3101,0,3.720,
17270.0,heavy,3102,0,2.591,ECONNREFUSED
17273.3,heavy,3103,1,1.488,
17276.7,heavy,3101,0,3.142,
17280.0,heavy,3102,0,2.482,ECONNREFUSED
17283.3,heavy,3103,1,2.062,
17286.7,heavy,3101,0,3.992,
17290.0,heavy,3102,0,2.905,ECONNREFUSED
17293.3,heavy,3103,1,2.430,
17296.7,heavy,3101,0,3.859,
17300.0,light-2,3101,1,1.947,
17300.0,light-1,3103,1,2.136,
17300.0,light-5,3101,1,2.458,
17300.0,light-4,3103,1,3.490,
17300.0,light-3,3102,0,4.265,ECONNREFUSED
17300.0,heavy,3102,0,4.429,ECONNREFUSED
17303.3,heavy,3102,0,2.827,ECONNREFUSED
17306.7,heavy,3103,1,1.126,
17310.0,heavy,3101,1,5.185,
17313.3,heavy,3102,0,4.281,ECONNREFUSED
17316.7,heavy,3103,1,2.526,
17320.0,heavy,3101,0,5.295,
17323.3,heavy,3102,0,5.038,ECONNREFUSED
17326.7,heavy,3103,0,2.249,
17330.0,heavy,3101,0,3.022,
17333.3,heavy,3102,0,2.507,ECONNREFUSED
17336.7,heavy,3103,1,1.599,
17340.0,heavy,3101,0,3.591,
17343.3,heavy,3102,0,2.227,ECONNREFUSED
17346.7,heavy,3103,1,2.482,
17350.0,heavy,3101,1,4.053,
17353.3,heavy,3102,0,2.984,ECONNREFUSED
17356.7,heavy,3103,0,1.885,
17360.0,heavy,3101,0,4.068,
17363.3,heavy,3102,0,2.754,ECONNREFUSED
17366.7,heavy,3103,1,1.477,
17370.0,heavy,3101,0,3.716,
17373.3,heavy,3102,0,2.550,ECONNREFUSED
17376.7,heavy,3103,1,2.209,
17380.0,heavy,3101,1,4.268,
17383.3,heavy,3102,0,2.949,ECONNREFUSED
17386.7,heavy,3103,0,2.290,
17390.0,heavy,3101,0,1.922,
17393.3,heavy,3102,0,5.818,ECONNREFUSED
17396.7,heavy,3103,1,3.093,
17400.0,light-2,3103,1,3.693,
17400.0,light-1,3102,0,5.572,ECONNREFUSED
17400.0,light-4,3102,0,5.509,ECONNREFUSED
17400.0,light-5,3103,1,6.751,
17400.0,light-3,3101,1,7.885,
17400.0,heavy,3101,1,6.841,
17403.3,heavy,3101,0,4.582,
17406.7,heavy,3102,0,3.189,ECONNREFUSED
17410.0,heavy,3103,0,1.067,
17413.3,heavy,3101,1,4.551,
17416.7,heavy,3102,0,2.149,ECONNREFUSED
17420.0,heavy,3103,0,1.156,
17423.3,heavy,3101,1,5.631,
17426.7,heavy,3102,0,2.608,ECONNREFUSED
17430.0,heavy,3103,1,2.020,
17433.3,heavy,3101,0,4.750,
17436.7,heavy,3102,0,2.320,ECONNREFUSED
17440.0,heavy,3103,0,1.061,
17443.3,heavy,3101,1,4.177,
17446.7,heavy,3102,0,2.997,ECONNREFUSED
17450.0,heavy,3103,0,1.933,
17453.3,heavy,3101,1,4.613,
17456.7,heavy,3102,0,2.822,ECONNREFUSED
17460.0,heavy,3103,1,1.444,
17463.3,heavy,3101,0,4.189,
17466.7,heavy,3102,0,2.521,ECONNREFUSED
17470.0,heavy,3103,1,2.032,
17473.3,heavy,3101,0,3.875,
17476.7,heavy,3102,0,2.738,ECONNREFUSED
17480.0,heavy,3103,0,2.339,
17483.3,heavy,3101,1,4.513,
17486.7,heavy,3102,0,2.667,ECONNREFUSED
17490.0,heavy,3103,0,1.294,
17493.3,heavy,3101,1,3.664,
17496.7,heavy,3102,0,4.358,ECONNREFUSED
17500.0,light-1,3101,1,2.483,
17500.0,light-3,3103,1,3.273,
17500.0,light-4,3101,1,4.429,
17500.0,light-5,3102,0,4.680,ECONNREFUSED
17500.0,light-2,3102,0,4.962,ECONNREFUSED
17500.0,heavy,3103,0,2.773,
17503.3,heavy,3103,1,1.764,
17506.7,heavy,3101,0,3.613,
17510.0,heavy,3102,0,2.712,ECONNREFUSED
17513.3,heavy,3103,0,0.928,
17516.7,heavy,3101,1,4.981,
17520.0,heavy,3102,0,2.729,ECONNREFUSED
17523.3,heavy,3103,1,1.898,
17526.7,heavy,3101,0,3.609,
17530.0,heavy,3102,0,2.173,ECONNREFUSED
17533.3,heavy,3103,1,2.615,
17536.7,heavy,3101,1,4.023,
17540.0,heavy,3102,0,3.463,ECONNREFUSED
17543.3,heavy,3103,0,1.512,
17546.7,heavy,3101,0,2.790,
17550.0,heavy,3102,0,2.132,ECONNREFUSED
17553.3,heavy,3103,1,1.249,
17556.7,heavy,3101,0,2.371,
17560.0,heavy,3102,0,1.823,ECONNREFUSED
17563.3,heavy,3103,1,2.360,
17566.7,heavy,3101,0,3.677,
17570.0,heavy,3102,0,2.852,ECONNREFUSED
17573.3,heavy,3103,1,1.124,
17576.7,heavy,3101,0,3.290,
17580.0,heavy,3102,0,1.748,ECONNREFUSED
17583.3,heavy,3103,1,1.401,
17586.7,heavy,3101,0,3.572,
17590.0,heavy,3102,0,2.802,ECONNREFUSED
17593.3,heavy,3103,1,1.346,
17596.7,heavy,3101,0,6.117,
17600.0,light-3,3103,1,3.662,
17600.0,light-1,3101,1,4.879,
17600.0,light-4,3101,1,4.831,
17600.0,light-2,3102,0,5.235,ECONNREFUSED
17600.0,light-5,3102,0,6.230,ECONNREFUSED
17600.0,heavy,3102,0,5.713,ECONNREFUSED
17603.3,heavy,3103,1,2.262,
17606.7,heavy,3103,0,2.811,
17610.0,heavy,3101,0,3.558,
17613.3,heavy,3102,0,2.178,ECONNREFUSED
17616.7,heavy,3103,1,1.337,
17620.0,heavy,3101,0,3.337,
17623.3,heavy,3102,0,2.230,ECONNREFUSED
17626.7,heavy,3103,1,2.127,
17630.0,heavy,3101,1,3.961,
17633.3,heavy,3102,0,2.770,ECONNREFUSED
17636.7,heavy,3103,0,2.091,
17640.0,heavy,3101,0,4.715,
17643.3,heavy,3102,0,3.166,ECONNREFUSED
17646.7,heavy,3103,1,1.494,
17650.0,heavy,3101,0,4.343,
17653.3,heavy,3102,0,3.064,ECONNREFUSED
17656.7,heavy,3103,1,2.055,
17660.0,heavy,3101,1,3.522,
17663.3,heavy,3102,0,2.695,ECONNREFUSED
17666.7,heavy,3103,0,1.769,
17670.0,heavy,3101,0,3.673,
17673.3,heavy,3102,0,2.918,ECONNREFUSED
17676.7,heavy,3103,1,1.991,
17680.0,heavy,3101,0,3.247,
17683.3,heavy,3102,0,2.716,ECONNREFUSED
17686.7,heavy,3103,1,2.319,
17690.0,heavy,3101,1,4.948,
17693.3,heavy,3102,0,3.283,ECONNREFUSED
17696.7,heavy,3103,0,2.192,
17700.0,light-2,3103,1,1.967,
17700.0,light-5,3103,1,2.672,
17700.0,light-3,3101,1,3.601,
17700.0,light-1,3102,0,4.481,ECONNREFUSED
17700.0,light-4,3102,0,4.419,ECONNREFUSED
17700.0,heavy,3101,0,3.069,
17703.3,heavy,3101,1,4.022,
17706.7,heavy,3102,0,2.962,ECONNREFUSED
17710.0,heavy,3103,0,1.472,
17713.3,heavy,3101,1,3.956,
17716.7,heavy,3102,0,2.956,ECONNREFUSED
17720.0,heavy,3103,1,1.848,
17723.3,heavy,3101,0,3.623,
17726.7,heavy,3102,0,2.894,ECONNREFUSED
17730.0,heavy,3103,0,1.014,
17733.3,heavy,3101,1,4.106,
17736.7,heavy,3102,0,2.871,ECONNREFUSED
17740.0,heavy,3103,1,1.734,
17743.3,heavy,3101,0,2.975,
17746.7,heavy,3102,0,2.267,ECONNREFUSED
17750.0,heavy,3103,1,2.072,
17753.3,heavy,3101,0,3.617,
17756.7,heavy,3102,0,3.158,ECONNREFUSED
17760.0,heavy,3103,0,1.287,
17763.3,heavy,3101,1,5.502,
17766.7,heavy,3102,0,3.320,ECONNREFUSED
17770.0,heavy,3103,1,1.788,
17773.3,heavy,3101,0,5.271,
17776.7,heavy,3102,0,3.492,ECONNREFUSED
17780.0,heavy,3103,0,1.006,
17783.3,heavy,3101,1,3.992,
17786.7,heavy,3102,0,2.627,ECONNREFUSED
17790.0,heavy,3103,0,1.584,
17793.3,heavy,3101,1,7.055,
17796.7,heavy,3102,0,6.556,ECONNREFUSED
17800.0,light-2,3103,1,3.504,
17800.0,light-5,3103,1,4.673,
17800.0,light-3,3101,1,5.752,
17800.0,light-1,3102,0,6.810,ECONNREFUSED
17800.0,light-4,3102,0,7.547,ECONNREFUSED
17800.0,heavy,3103,1,2.639,
17803.3,heavy,3101,0,6.520,
17806.7,heavy,3101,0,3.715,
17810.0,heavy,3102,0,2.750,ECONNREFUSED
17813.3,heavy,3103,0,1.735,
17816.7,heavy,3101,1,4.645,
17820.0,heavy,3102,0,2.509,ECONNREFUSED
17823.3,heavy,3103,0,1.270,
17826.7,heavy,3101,1,3.757,
17830.0,heavy,3102,0,4.554,ECONNREFUSED
17833.3,heavy,3103,1,2.935,
17836.7,heavy,3101,0,3.171,
17840.0,heavy,3102,0,3.112,ECONNREFUSED
17843.3,heavy,3103,1,1.694,
17846.7,heavy,3101,0,3.193,
17850.0,heavy,3102,0,2.092,ECONNREFUSED
17853.3,heavy,3103,1,1.138,
17856.7,heavy,3101,0,3.424,
17860.0,heavy,3102,0,2.629,ECONNREFUSED
17863.3,heavy,3103,1,1.512,
17866.7,heavy,3101,0,2.086,
17870.0,heavy,3102,0,4.097,ECONNREFUSED
17873.3,heavy,3103,1,1.800,
17876.7,heavy,3101,0,4.024,
17880.0,heavy,3102,0,4.315,ECONNREFUSED
17883.3,heavy,3103,1,1.730,
17886.7,heavy,3101,0,5.256,
17890.0,heavy,3102,0,3.379,ECONNREFUSED
17893.3,heavy,3103,1,1.844,
17896.7,heavy,3101,0,4.225,
17900.0,light-5,3101,1,3.939,
17900.0,light-4,3103,1,4.350,
17900.0,light-3,3102,0,5.071,ECONNREFUSED
17900.0,light-2,3101,1,5.766,
17900.0,light-1,3103,1,5.970,
17900.0,heavy,3102,0,5.258,ECONNREFUSED
17903.3,heavy,3102,0,4.860,ECONNREFUSED
17906.7,heavy,3103,1,1.905,
17910.0,heavy,3101,0,5.227,
17913.3,heavy,3102,0,3.270,ECONNREFUSED
17916.7,heavy,3103,1,2.132,
17920.0,heavy,3101,0,4.655,
17923.3,heavy,3102,0,2.758,ECONNREFUSED
17926.7,heavy,3103,1,1.662,
17930.0,heavy,3101,0,3.871,
17933.3,heavy,3102,0,3.360,ECONNREFUSED
17936.7,heavy,3103,1,2.272,
17940.0,heavy,3101,0,5.525,
17943.3,heavy,3102,0,4.482,ECONNREFUSED
17946.7,heavy,3103,1,2.142,
17950.0,heavy,3101,0,4.659,
17953.3,heavy,3102,0,3.559,ECONNREFUSED
17956.7,heavy,3103,1,2.191,
17960.0,heavy,3101,1,6.071,
17963.3,heavy,3102,0,3.585,ECONNREFUSED
17966.7,heavy,3103,1,2.184,
17970.0,heavy,3101,0,5.626,
17973.3,heavy,3102,0,4.624,ECONNREFUSED
17976.7,heavy,3103,0,2.088,
17980.0,heavy,3101,0,3.265,
17983.3,heavy,3102,0,2.662,ECONNREFUSED
17986.7,heavy,3103,1,1.546,
17990.0,heavy,3101,0,1.905,
17993.3,heavy,3102,0,6.697,ECONNREFUSED
17996.7,heavy,3103,1,3.701,
18000.0,light-1,3103,1,4.170,
18000.0,light-2,3101,1,4.913,
18000.0,light-4,3103,1,4.923,
18000.0,light-5,3101,1,5.051,
18000.0,light-3,3102,0,7.200,ECONNREFUSED
18000.0,heavy,3101,1,7.201,
18003.3,heavy,3102,0,6.899,ECONNREFUSED
18006.7,heavy,3102,0,6.815,ECONNREFUSED
18010.0,heavy,3103,0,2.566,
18013.3,heavy,3101,1,3.937,
18016.7,heavy,3102,0,2.198,ECONNREFUSED
18020.0,heavy,3103,0,1.586,
18023.3,heavy,3101,1,4.040,
18026.7,heavy,3102,0,3.206,ECONNREFUSED
18030.0,heavy,3103,1,1.905,
18033.3,heavy,3101,0,3.802,
18036.7,heavy,3102,0,4.447,ECONNREFUSED
18040.0,heavy,3103,0,1.452,
18043.3,heavy,3101,1,4.010,
18046.7,heavy,3102,0,2.779,ECONNREFUSED
18050.0,heavy,3103,1,1.763,
18053.3,heavy,3101,0,2.591,
18056.7,heavy,3102,0,3.152,ECONNREFUSED
18060.0,heavy,3103,1,1.720,
18063.3,heavy,3101,0,3.262,
18066.7,heavy,3102,0,3.074,ECONNREFUSED
18070.0,heavy,3103,0,0.669,
18073.3,heavy,3101,1,4.300,
18076.7,heavy,3102,0,2.836,ECONNREFUSED
18080.0,heavy,3103,1,1.571,
18083.3,heavy,3101,0,3.222,
18086.7,heavy,3102,0,2.273,ECONNREFUSED
18090.0,heavy,3103,1,3.103,
18093.3,heavy,3101,0,4.227,
18096.7,heavy,3102,0,4.421,ECONNREFUSED
18100.0,light-3,3103,1,2.235,
18100.0,light-1,3101,1,3.620,
18100.0,light-4,3101,1,3.268,
18100.0,light-5,3102,0,4.986,ECONNREFUSED
18100.0,light-2,3102,0,5.592,ECONNREFUSED
18100.0,heavy,3103,0,1.945,
18103.3,heavy,3103,0,2.190,
18106.7,heavy,3101,1,4.117,
18110.0,heavy,3102,0,2.554,ECONNREFUSED
18113.3,heavy,3103,1,1.550,
18116.7,heavy,3101,0,1.629,
18120.0,heavy,3102,0,3.652,ECONNREFUSED
18123.3,heavy,3103,1,2.218,
18126.7,heavy,3101,0,4.325,
18130.0,heavy,3102,0,3.586,ECONNREFUSED
18133.3,heavy,3103,1,1.501,
18136.7,heavy,3101,0,3.800,
18140.0,heavy,3102,0,3.012,ECONNREFUSED
18143.3,heavy,3103,1,1.586,
18146.7,heavy,3101,0,3.456,
18150.0,heavy,3102,0,2.089,ECONNREFUSED
18153.3,heavy,3103,1,1.370,
18156.7,heavy,3101,0,3.423,
18160.0,heavy,3102,0,2.705,ECONNREFUSED
18163.3,heavy,3103,0,0.987,
18166.7,heavy,3101,1,3.934,
18170.0,heavy,3102,0,2.540,ECONNREFUSED
18173.3,heavy,3103,1,2.029,
18176.7,heavy,3101,0,2.580,
18180.0,heavy,3102,0,3.848,ECONNREFUSED
18183.3,heavy,3103,1,2.042,
18186.7,heavy,3101,0,4.231,
18190.0,heavy,3102,0,3.820,ECONNREFUSED
18193.3,heavy,3103,1,2.344,
18196.7,heavy,3101,0,6.771,
18200.0,light-2,3103,1,3.327,
18200.0,light-5,3103,1,5.049,
18200.0,light-3,3101,1,5.442,
18200.0,light-1,3102,0,6.472,ECONNREFUSED
18200.0,light-4,3102,0,7.305,ECONNREFUSED
18200.0,heavy,3102,0,6.326,ECONNREFUSED
18203.3,heavy,3103,1,2.592,
18206.7,heavy,3101,0,6.266,
18210.0,heavy,3101,0,3.648,
18213.3,heavy,3102,0,2.573,ECONNREFUSED
18216.7,heavy,3103,1,1.297,
18220.0,heavy,3101,1,3.992,
18223.3,heavy,3102,0,2.922,ECONNREFUSED
18226.7,heavy,3103,0,1.752,
18230.0,heavy,3101,0,4.033,
18233.3,heavy,3102,0,3.498,ECONNREFUSED
18236.7,heavy,3103,1,1.788,
18240.0,heavy,3101,0,4.227,
18243.3,heavy,3102,0,2.662,ECONNREFUSED
18246.7,heavy,3103,1,1.590,
18250.0,heavy,3101,1,5.319,
18253.3,heavy,3102,0,4.386,ECONNREFUSED
18256.7,heavy,3103,0,1.597,
18260.0,heavy,3101,0,4.728,
18263.3,heavy,3102,0,3.773,ECONNREFUSED
18266.7,heavy,3103,1,2.303,
18270.0,heavy,3101,0,2.741,
18273.3,heavy,3102,0,5.567,ECONNREFUSED
18276.7,heavy,3103,1,2.747,
18280.0,heavy,3101,0,6.131,
18283.3,heavy,3102,0,5.821,ECONNREFUSED
18286.7,heavy,3103,1,3.428,
18290.0,heavy,3101,0,4.422,
18293.3,heavy,3102,0,3.120,ECONNREFUSED
18296.7,heavy,3103,1,1.763,
18300.0,light-2,3103,1,3.370,
18300.0,light-5,3103,1,4.094,
18300.0,light-3,3101,1,5.191,
18300.0,light-1,3102,0,6.126,ECONNREFUSED
18300.0,light-4,3102,0,5.993,ECONNREFUSED
18300.0,heavy,3101,0,6.024,
18303.3,heavy,3101,1,6.114,
18306.7,heavy,3102,0,3.731,ECONNREFUSED
18310.0,heavy,3103,0,1.500,
18313.3,heavy,3101,1,5.377,
18316.7,heavy,3102,0,2.948,ECONNREFUSED
18320.0,heavy,3103,0,1.604,
18323.3,heavy,3101,1,5.068,
18326.7,heavy,3102,0,3.267,ECONNREFUSED
18330.0,heavy,3103,0,1.892,
18333.3,heavy,3101,1,5.822,
18336.7,heavy,3102,0,4.138,ECONNREFUSED
18340.0,heavy,3103,1,2.306,
18343.3,heavy,3101,0,5.383,
18346.7,heavy,3102,0,4.213,ECONNREFUSED
18350.0,heavy,3103,0,1.479,
18353.3,heavy,3101,1,4.077,
18356.7,heavy,3102,0,2.650,ECONNREFUSED
18360.0,heavy,3103,1,1.647,
18363.3,heavy,3101,0,2.699,
18366.7,heavy,3102,0,4.366,ECONNREFUSED
18370.0,heavy,3103,1,2.287,
18373.3,heavy,3101,0,4.236,
18376.7,heavy,3102,0,4.499,ECONNREFUSED
18380.0,heavy,3103,0,2.033,
18383.3,heavy,3101,1,4.630,
18386.7,heavy,3102,0,3.055,ECONNREFUSED
18390.0,heavy,3103,1,1.687,
18393.3,heavy,3101,0,4.933,
18396.7,heavy,3102,0,2.680,ECONNREFUSED
18400.0,light-1,3103,1,3.382,
18400.0,light-4,3103,1,3.376,
18400.0,light-2,3101,1,3.639,
18400.0,light-5,3101,1,4.109,
18400.0,light-3,3102,0,4.727,ECONNREFUSED
18400.0,heavy,3103,1,2.750,
18403.3,heavy,3101,0,5.238,
18406.7,heavy,3102,0,4.826,ECONNREFUSED
18410.0,heavy,3102,0,5.122,ECONNREFUSED
18413.3,heavy,3103,1,1.060,
18416.7,heavy,3101,0,2.726,
18420.0,heavy,3102,0,2.826,ECONNREFUSED
18423.3,heavy,3103,1,1.516,
18426.7,heavy,3101,0,3.278,
18430.0,heavy,3102,0,1.940,ECONNREFUSED
18433.3,heavy,3103,1,2.685,
18436.7,heavy,3101,0,4.875,
18440.0,heavy,3102,0,4.002,ECONNREFUSED
18443.3,heavy,3103,1,2.670,
18446.7,heavy,3101,0,4.056,
18450.0,heavy,3102,0,3.178,ECONNREFUSED
18453.3,heavy,3103,1,1.978,
18456.7,heavy,3101,0,2.424,
18460.0,heavy,3102,0,2.281,ECONNREFUSED
18463.3,heavy,3103,1,2.215,
18466.7,heavy,3101,0,3.442,
18470.0,heavy,3102,0,3.045,ECONNREFUSED
18473.3,heavy,3103,1,1.040,
18476.7,heavy,3101,0,3.507,
18480.0,heavy,3102,0,2.744,ECONNREFUSED
18483.3,heavy,3103,1,1.633,
18486.7,heavy,3101,0,1.863,
18490.0,heavy,3102,0,5.920,ECONNREFUSED
18493.3,heavy,3103,1,2.564,
18496.7,heavy,3101,1,5.717,
18500.0,light-1,3103,1,3.033,
18500.0,light-4,3103,1,3.807,
18500.0,light-2,3101,1,4.092,
18500.0,light-5,3101,1,4.027,
18500.0,light-3,3102,0,5.871,ECONNREFUSED
18500.0,heavy,3102,0,5.916,ECONNREFUSED
18503.3,heavy,3102,0,5.408,ECONNREFUSED
18506.7,heavy,3103,0,2.687,
18510.0,heavy,3101,0,3.748,
18513.3,heavy,3102,0,2.106,ECONNREFUSED
18516.7,heavy,3103,1,1.385,
18520.0,heavy,3101,1,4.434,
18523.3,heavy,3102,0,3.916,ECONNREFUSED
18526.7,heavy,3103,1,2.164,
18530.0,heavy,3101,0,4.230,
18533.3,heavy,3102,0,2.862,ECONNREFUSED
18536.7,heavy,3103,0,1.243,
18540.0,heavy,3101,0,3.516,
18543.3,heavy,3102,0,2.888,ECONNREFUSED
18546.7,heavy,3103,1,1.772,
18550.0,heavy,3101,0,1.872,
18553.3,heavy,3102,0,4.801,ECONNREFUSED
18556.7,heavy,3103,1,1.999,
18560.0,heavy,3101,1,4.045,
18563.3,heavy,3102,0,3.583,ECONNREFUSED
18566.7,heavy,3103,0,2.152,
18570.0,heavy,3101,0,3.711,
18573.3,heavy,3102,0,2.862,ECONNREFUSED
18576.7,heavy,3103,1,1.776,
18580.0,heavy,3101,0,2.223,
18583.3,heavy,3102,0,4.645,ECONNREFUSED
18586.7,heavy,3103,1,2.143,
18590.0,heavy,3101,1,5.285,
18593.3,heavy,3102,0,5.055,ECONNREFUSED
18596.7,heavy,3103,0,2.131,
18600.0,light-2,3103,1,2.369,
18600.0,light-1,3102,0,4.034,ECONNREFUSED
18600.0,light-4,3102,0,4.262,ECONNREFUSED
18600.0,light-5,3103,1,4.879,
18600.0,light-3,3101,1,5.354,
18600.0,heavy,3101,0,5.077,
18603.3,heavy,3101,0,2.519,
18606.7,heavy,3102,0,2.812,ECONNREFUSED
18610.0,heavy,3103,1,1.493,
18613.3,heavy,3101,1,4.646,
18616.7,heavy,3102,0,3.386,ECONNREFUSED
18620.0,heavy,3103,1,2.296,
18623.3,heavy,3101,0,4.613,
18626.7,heavy,3102,0,2.782,ECONNREFUSED
18630.0,heavy,3103,0,1.538,
18633.3,heavy,3101,1,4.061,
18636.7,heavy,3102,0,2.882,ECONNREFUSED
18640.0,heavy,3103,1,1.573,
18643.3,heavy,3101,0,2.598,
18646.7,heavy,3102,0,4.093,ECONNREFUSED
18650.0,heavy,3103,1,1.722,
18653.3,heavy,3101,0,3.883,
18656.7,heavy,3102,0,3.986,ECONNREFUSED
18660.0,heavy,3103,0,2.003,
18663.3,heavy,3101,1,4.235,
18666.7,heavy,3102,0,2.797,ECONNREFUSED
18670.0,heavy,3103,1,1.626,
18673.3,heavy,3101,0,4.019,
18676.7,heavy,3102,0,2.309,ECONNREFUSED
18680.0,heavy,3103,0,1.238,
18683.3,heavy,3101,1,4.291,
18686.7,heavy,3102,0,2.525,ECONNREFUSED
18690.0,heavy,3103,0,1.671,
18693.3,heavy,3101,0,1.515,
18696.7,heavy,3102,0,5.320,ECONNREFUSED
18700.0,light-2,3103,1,3.389,
18700.0,light-3,3101,1,3.725,
18700.0,light-5,3103,1,4.236,
18700.0,light-1,3102,0,4.959,ECONNREFUSED
18700.0,light-4,3102,0,5.296,ECONNREFUSED
18700.0,heavy,3103,1,2.501,
18703.3,heavy,3101,1,5.382,
18706.7,heavy,3101,0,2.089,
18710.0,heavy,3102,0,2.058,ECONNREFUSED
18713.3,heavy,3103,1,1.627,
18716.7,heavy,3101,0,3.564,
18720.0,heavy,3102,0,2.399,ECONNREFUSED
18723.3,heavy,3103,1,0.951,
18726.7,heavy,3101,0,3.483,
18730.0,heavy,3102,0,2.841,ECONNREFUSED
18733.3,heavy,3103,1,1.695,
18736.7,heavy,3101,0,1.873,
18740.0,heavy,3102,0,3.866,ECONNREFUSED
18743.3,heavy,3103,1,1.824,
18746.7,heavy,3101,0,3.825,
18750.0,heavy,3102,0,3.995,ECONNREFUSED
18753.3,heavy,3103,1,1.949,
18756.7,heavy,3101,0,3.424,
18760.0,heavy,3102,0,2.768,ECONNREFUSED
18763.3,heavy,3103,1,1.653,
18766.7,heavy,3101,0,3.102,
18770.0,heavy,3102,0,1.664,ECONNREFUSED
18773.3,heavy,3103,1,2.294,
18776.7,heavy,3101,1,3.643,
18780.0,heavy,3102,0,2.788,ECONNREFUSED
18783.3,heavy,3103,0,1.769,
18786.7,heavy,3101,0,3.497,
18790.0,heavy,3102,0,3.074,ECONNREFUSED
18793.3,heavy,3103,1,1.322,
18796.7,heavy,3101,0,3.193,
18800.0,light-2,3101,1,2.420,
18800.0,light-1,3103,1,2.607,
18800.0,light-5,3101,1,2.415,
18800.0,light-4,3103,1,2.562,
18800.0,light-3,3102,0,4.013,ECONNREFUSED
18800.0,heavy,3102,0,4.234,ECONNREFUSED
18803.3,heavy,3102,0,2.010,ECONNREFUSED
18806.7,heavy,3103,1,1.317,
18810.0,heavy,3101,1,3.786,
18813.3,heavy,3102,0,2.116,ECONNREFUSED
18816.7,heavy,3103,0,0.908,
18820.0,heavy,3101,0,3.141,
18823.3,heavy,3102,0,2.533,ECONNREFUSED
18826.7,heavy,3103,1,1.546,
18830.0,heavy,3101,0,1.787,
18833.3,heavy,3102,0,3.096,ECONNREFUSED
18836.7,heavy,3103,1,1.444,
18840.0,heavy,3101,1,4.486,
18843.3,heavy,3102,0,3.690,ECONNREFUSED
18846.7,heavy,3103,0,1.430,
18850.0,heavy,3101,0,3.000,
18853.3,heavy,3102,0,4.177,ECONNREFUSED
18856.7,heavy,3103,1,1.050,
18860.0,heavy,3101,0,1.690,
18863.3,heavy,3102,0,1.802,ECONNREFUSED
18866.7,heavy,3103,1,1.595,
18870.0,heavy,3101,0,3.307,
18873.3,heavy,3102,0,1.952,ECONNREFUSED
18876.7,heavy,3103,1,2.392,
18880.0,heavy,3101,0,3.956,
18883.3,heavy,3102,0,3.307,ECONNREFUSED
18886.7,heavy,3103,1,1.431,
18890.0,heavy,3101,0,5.657,
18893.3,heavy,3102,0,5.271,ECONNREFUSED
18896.7,heavy,3103,1,2.442,
18900.0,light-2,3103,1,3.754,
18900.0,light-5,3103,1,4.241,
18900.0,light-3,3101,1,4.550,
18900.0,light-1,3102,0,5.327,ECONNREFUSED
18900.0,light-4,3102,0,6.169,ECONNREFUSED
18900.0,heavy,3101,0,5.526,
18903.3,heavy,3101,1,3.540,
18906.7,heavy,3102,0,2.549,ECONNREFUSED
18910.0,heavy,3103,1,1.422,
18913.3,heavy,3101,1,12.808,
18916.7,heavy,3102,0,3.027,ECONNREFUSED
18920.0,heavy,3103,0,1.103,
18923.3,heavy,3101,0,3.840,
18926.7,heavy,3102,0,1.991,ECONNREFUSED
18930.0,heavy,3103,0,0.885,
18933.3,heavy,3101,1,6.615,
18936.7,heavy,3102,0,4.400,ECONNREFUSED
18940.0,heavy,3103,1,2.463,
18943.3,heavy,3101,0,6.211,
18946.7,heavy,3102,0,3.902,ECONNREFUSED
18950.0,heavy,3103,0,2.073,
18953.3,heavy,3101,1,5.090,
18956.7,heavy,3102,0,2.333,ECONNREFUSED
18960.0,heavy,3103,0,1.097,
18963.3,heavy,3101,1,5.139,
18966.7,heavy,3102,0,4.139,ECONNREFUSED
18970.0,heavy,3103,1,2.189,
18973.3,heavy,3101,0,4.734,
18976.7,heavy,3102,0,4.017,ECONNREFUSED
18980.0,heavy,3103,0,1.619,
18983.3,heavy,3101,1,4.290,
18986.7,heavy,3102,0,4.537,ECONNREFUSED
18990.0,heavy,3103,1,2.864,
18993.3,heavy,3101,0,3.669,
18996.7,heavy,3102,0,2.705,ECONNREFUSED
19000.0,light-1,3101,1,2.090,
19000.0,light-3,3103,1,3.707,
19000.0,light-2,3102,0,4.317,ECONNREFUSED
19000.0,light-5,3102,0,4.218,ECONNREFUSED
19000.0,light-4,3101,1,5.016,
19000.0,heavy,3103,0,2.435,
19003.3,heavy,3103,1,1.802,
19006.7,heavy,3101,0,3.778,
19010.0,heavy,3102,0,2.374,ECONNREFUSED
19013.3,heavy,3103,1,2.249,
19016.7,heavy,3101,0,3.785,
19020.0,heavy,3102,0,3.115,ECONNREFUSED
19023.3,heavy,3103,1,1.470,
19026.7,heavy,3101,0,2.802,
19030.0,heavy,3102,0,2.740,ECONNREFUSED
19033.3,heavy,3103,1,1.349,
19036.7,heavy,3101,0,2.718,
19040.0,heavy,3102,0,1.966,ECONNREFUSED
19043.3,heavy,3103,1,1.832,
19046.7,heavy,3101,0,2.975,
19050.0,heavy,3102,0,2.491,ECONNREFUSED
19053.3,heavy,3103,1,2.017,
19056.7,heavy,3101,0,3.603,
19060.0,heavy,3102,0,2.836,ECONNREFUSED
19063.3,heavy,3103,1,1.481,
19066.7,heavy,3101,0,3.250,
19070.0,heavy,3102,0,2.949,ECONNREFUSED
19073.3,heavy,3103,0,1.146,
19076.7,heavy,3101,1,3.783,
19080.0,heavy,3102,0,2.539,ECONNREFUSED
19083.3,heavy,3103,1,1.540,
19086.7,heavy,3101,0,1.525,
19090.0,heavy,3102,0,6.128,ECONNREFUSED
19093.3,heavy,3103,1,2.957,
19096.7,heavy,3101,0,5.127,
19100.0,light-4,3103,1,3.838,
19100.0,light-5,3101,1,4.241,
19100.0,light-3,3102,0,5.098,ECONNREFUSED
19100.0,light-2,3101,1,6.041,
19100.0,light-1,3103,1,6.262,
19100.0,heavy,3102,0,4.987,ECONNREFUSED
19103.3,heavy,3102,0,4.479,ECONNREFUSED
19106.7,heavy,3103,1,1.360,
19110.0,heavy,3101,1,4.230,
19113.3,heavy,3102,0,2.283,ECONNREFUSED
19116.7,heavy,3103,0,1.316,
19120.0,heavy,3101,0,4.152,
19123.3,heavy,3102,0,2.793,ECONNREFUSED
19126.7,heavy,3103,1,1.599,
19130.0,heavy,3101,0,3.726,
19133.3,heavy,3102,0,2.279,ECONNREFUSED
19136.7,heavy,3103,1,2.375,
19140.0,heavy,3101,1,3.631,
19143.3,heavy,3102,0,2.892,ECONNREFUSED
19146.7,heavy,3103,0,1.553,
19150.0,heavy,3101,0,3.604,
19153.3,heavy,3102,0,2.726,ECONNREFUSED
19156.7,heavy,3103,1,1.486,
19160.0,heavy,3101,0,3.046,
19163.3,heavy,3102,0,1.861,ECONNREFUSED
19166.7,heavy,3103,1,2.507,
19170.0,heavy,3101,1,4.405,
19173.3,heavy,3102,0,2.936,ECONNREFUSED
19176.7,heavy,3103,0,1.900,
19180.0,heavy,3101,0,1.870,
19183.3,heavy,3102,0,3.032,ECONNREFUSED
19186.7,heavy,3103,1,1.553,
19190.0,heavy,3101,0,3.359,
19193.3,heavy,3102,0,2.039,ECONNREFUSED
19196.7,heavy,3103,1,2.579,
19200.0,light-1,3101,1,4.204,
19200.0,light-3,3103,1,4.202,
19200.0,light-4,3101,1,4.269,
19200.0,light-2,3102,0,5.581,ECONNREFUSED
19200.0,light-5,3102,0,6.492,ECONNREFUSED
19200.0,heavy,3101,0,5.670,
19203.3,heavy,3102,0,4.980,ECONNREFUSED
19206.7,heavy,3103,1,3.673,
19210.0,heavy,3103,0,2.747,
19213.3,heavy,3101,1,3.031,
19216.7,heavy,3102,0,2.257,ECONNREFUSED
19220.0,heavy,3103,0,1.194,
19223.3,heavy,3101,1,4.142,
19226.7,heavy,3102,0,2.833,ECONNREFUSED
19230.0,heavy,3103,0,1.705,
19233.3,heavy,3101,1,3.765,
19236.7,heavy,3102,0,2.150,ECONNREFUSED
19240.0,heavy,3103,0,1.362,
19243.3,heavy,3101,1,4.114,
19246.7,heavy,3102,0,3.044,ECONNREFUSED
19250.0,heavy,3103,1,1.688,
19253.3,heavy,3101,0,4.450,
19256.7,heavy,3102,0,2.567,ECONNREFUSED
19260.0,heavy,3103,1,2.801,
19263.3,heavy,3101,0,4.612,
19266.7,heavy,3102,0,4.237,ECONNREFUSED
19270.0,heavy,3103,0,2.942,
19273.3,heavy,3101,1,5.007,
19276.7,heavy,3102,0,3.174,ECONNREFUSED
19280.0,heavy,3103,0,1.996,
19283.3,heavy,3101,1,5.799,
19286.7,heavy,3102,0,3.862,ECONNREFUSED
19290.0,heavy,3103,0,1.440,
19293.3,heavy,3101,1,8.071,
19296.7,heavy,3102,0,7.538,ECONNREFUSED
19300.0,light-3,3103,1,4.851,
19300.0,light-1,3101,1,6.398,
19300.0,light-4,3101,1,6.361,
19300.0,light-2,3102,0,6.986,ECONNREFUSED
19300.0,light-5,3102,0,8.211,ECONNREFUSED
19300.0,heavy,3103,1,4.056,
19303.3,heavy,3103,0,4.621,
19306.7,heavy,3101,0,3.643,
19310.0,heavy,3102,0,3.280,ECONNREFUSED
19313.3,heavy,3103,1,1.704,
19316.7,heavy,3101,0,3.795,
19320.0,heavy,3102,0,2.398,ECONNREFUSED
19323.3,heavy,3103,1,1.274,
19326.7,heavy,3101,0,3.367,
19330.0,heavy,3102,0,2.582,ECONNREFUSED
19333.3,heavy,3103,1,1.481,
19336.7,heavy,3101,0,3.219,
19340.0,heavy,3102,0,2.284,ECONNREFUSED
19343.3,heavy,3103,1,1.512,
19346.7,heavy,3101,0,3.574,
19350.0,heavy,3102,0,2.521,ECONNREFUSED
19353.3,heavy,3103,1,2.605,
19356.7,heavy,3101,0,4.116,
19360.0,heavy,3102,0,3.798,ECONNREFUSED
19363.3,heavy,3103,1,3.165,
19366.7,heavy,3101,0,2.574,
19370.0,heavy,3102,0,3.888,ECONNREFUSED
19373.3,heavy,3103,1,2.213,
19376.7,heavy,3101,0,4.675,
19380.0,heavy,3102,0,4.897,ECONNREFUSED
19383.3,heavy,3103,1,1.907,
19386.7,heavy,3101,0,3.285,
19390.0,heavy,3102,0,1.750,ECONNREFUSED
19393.3,heavy,3103,1,1.452,
19396.7,heavy,3101,0,2.713,
19400.0,light-1,3103,1,3.529,
19400.0,light-4,3103,1,4.440,
19400.0,light-2,3101,1,4.727,
19400.0,light-5,3101,1,4.966,
19400.0,light-3,3102,0,6.587,ECONNREFUSED
19400.0,heavy,3102,0,6.575,ECONNREFUSED
19403.3,heavy,3103,1,2.995,
19406.7,heavy,3101,1,6.425,
19410.0,heavy,3102,0,6.623,ECONNREFUSED
19413.3,heavy,3102,0,6.076,ECONNREFUSED
19416.7,heavy,3103,0,2.319,
19420.0,heavy,3101,0,2.985,
19423.3,heavy,3102,0,2.436,ECONNREFUSED
19426.7,heavy,3103,1,1.417,
19430.0,heavy,3101,1,5.166,
19433.3,heavy,3102,0,3.909,ECONNREFUSED
19436.7,heavy,3103,1,2.558,
19440.0,heavy,3101,0,4.856,
19443.3,heavy,3102,0,3.829,ECONNREFUSED
19446.7,heavy,3103,0,1.951,
19450.0,heavy,3101,0,6.223,
19453.3,heavy,3102,0,3.270,ECONNREFUSED
19456.7,heavy,3103,1,2.720,
19460.0,heavy,3101,0,5.056,
19463.3,heavy,3102,0,2.781,ECONNREFUSED
19466.7,heavy,3103,1,1.601,
19470.0,heavy,3101,1,3.988,
19473.3,heavy,3102,0,3.088,ECONNREFUSED
19476.7,heavy,3103,0,2.119,
19480.0,heavy,3101,0,4.909,
19483.3,heavy,3102,0,3.515,ECONNREFUSED
19486.7,heavy,3103,1,1.702,
19490.0,heavy,3101,0,4.302,
19493.3,heavy,3102,0,3.264,ECONNREFUSED
19496.7,heavy,3103,1,1.153,
19500.0,light-1,3103,1,3.375,
19500.0,light-4,3103,1,3.371,
19500.0,light-2,3101,1,3.608,
19500.0,light-5,3101,1,4.369,
19500.0,light-3,3102,0,7.106,ECONNREFUSED
19500.0,heavy,3101,1,7.066,
19503.3,heavy,3102,0,7.165,ECONNREFUSED
19506.7,heavy,3102,0,5.980,ECONNREFUSED
19510.0,heavy,3103,0,2.474,
19513.3,heavy,3101,1,3.464,
19516.7,heavy,3102,0,2.453,ECONNREFUSED
19520.0,heavy,3103,1,2.336,
19523.3,heavy,3101,0,4.883,
19526.7,heavy,3102,0,4.017,ECONNREFUSED
19530.0,heavy,3103,1,2.692,
19533.3,heavy,3101,0,4.856,
19536.7,heavy,3102,0,4.899,ECONNREFUSED
19540.0,heavy,3103,0,1.755,
19543.3,heavy,3101,0,3.229,
19546.7,heavy,3102,0,2.604,ECONNREFUSED
19550.0,heavy,3103,1,1.641,
19553.3,heavy,3101,1,3.948,
19556.7,heavy,3102,0,2.267,ECONNREFUSED
19560.0,heavy,3103,1,2.557,
19563.3,heavy,3101,0,3.111,
19566.7,heavy,3102,0,3.269,ECONNREFUSED
19570.0,heavy,3103,0,1.288,
19573.3,heavy,3101,1,4.179,
19576.7,heavy,3102,0,3.197,ECONNREFUSED
19580.0,heavy,3103,1,1.868,
19583.3,heavy,3101,0,2.562,
19586.7,heavy,3102,0,3.960,ECONNREFUSED
19590.0,heavy,3103,1,1.998,
19593.3,heavy,3101,0,4.523,
19596.7,heavy,3102,0,4.823,ECONNREFUSED
19600.0,light-3,3103,1,2.743,
19600.0,light-1,3101,1,3.015,
19600.0,light-4,3101,1,3.187,
19600.0,light-2,3102,0,4.210,ECONNREFUSED
19600.0,light-5,3102,0,4.225,ECONNREFUSED
19600.0,heavy,3103,0,2.659,
19603.3,heavy,3103,0,1.255,
19606.7,heavy,3101,1,3.951,
19610.0,heavy,3102,0,2.572,ECONNREFUSED
19613.3,heavy,3103,1,1.399,
19616.7,heavy,3101,0,1.436,
19620.0,heavy,3102,0,3.848,ECONNREFUSED
19623.3,heavy,3103,1,2.113,
19626.7,heavy,3101,0,4.291,
19630.0,heavy,3102,0,3.757,ECONNREFUSED
19633.3,heavy,3103,1,1.060,
19636.7,heavy,3101,0,3.797,
19640.0,heavy,3102,0,3.012,ECONNREFUSED
19643.3,heavy,3103,1,2.407,
19646.7,heavy,3101,0,2.216,
19650.0,heavy,3102,0,4.266,ECONNREFUSED
19653.3,heavy,3103,1,2.847,
19656.7,heavy,3101,0,4.274,
19660.0,heavy,3102,0,4.432,ECONNREFUSED
19663.3,heavy,3103,1,2.132,
19666.7,heavy,3101,0,3.236,
19670.0,heavy,3102,0,2.558,ECONNREFUSED
19673.3,heavy,3103,1,1.536,
19676.7,heavy,3101,0,3.325,
19680.0,heavy,3102,0,2.496,ECONNREFUSED
19683.3,heavy,3103,1,2.467,
19686.7,heavy,3101,1,4.027,
19690.0,heavy,3102,0,3.378,ECONNREFUSED
19693.3,heavy,3103,0,1.656,
19696.7,heavy,3101,0,6.591,
19700.0,heavy,3102,0,5.158,ECONNREFUSED
19700.0,light-2,3103,1,4.088,
19700.0,light-1,3102,0,5.627,ECONNREFUSED
19700.0,light-4,3102,0,5.612,ECONNREFUSED
19700.0,light-5,3103,1,6.022,
19700.0,light-3,3101,1,7.289,
19703.3,heavy,3103,1,2.440,
19706.7,heavy,3101,0,6.165,
19710.0,heavy,3101,0,3.087,
19713.3,heavy,3102,0,3.224,ECONNREFUSED
19716.7,heavy,3103,1,1.727,
19720.0,heavy,3101,1,4.675,
19723.3,heavy,3102,0,2.271,ECONNREFUSED
19726.7,heavy,3103,0,1.490,
19730.0,heavy,3101,0,3.382,
19733.3,heavy,3102,0,2.764,ECONNREFUSED
19736.7,heavy,3103,1,1.810,
19740.0,heavy,3101,0,1.770,
19743.3,heavy,3102,0,4.648,ECONNREFUSED
19746.7,heavy,3103,1,2.116,
19750.0,heavy,3101,1,4.533,
19753.3,heavy,3102,0,4.718,ECONNREFUSED
19756.7,heavy,3103,0,2.316,
19760.0,heavy,3101,0,3.763,
19763.3,heavy,3102,0,2.799,ECONNREFUSED
19766.7,heavy,3103,1,1.698,
19770.0,heavy,3101,0,3.362,
19773.3,heavy,3102,0,2.093,ECONNREFUSED
19776.7,heavy,3103,1,2.543,
19780.0,heavy,3101,1,4.238,
19783.3,heavy,3102,0,3.540,ECONNREFUSED
19786.7,heavy,3103,0,1.604,
19790.0,heavy,3101,0,3.356,
19793.3,heavy,3102,0,2.258,ECONNREFUSED
19796.7,heavy,3103,1,3.394,
19800.0,heavy,3101,1,5.232,
19800.0,light-2,3103,1,3.458,
19800.0,light-3,3101,1,3.481,
19800.0,light-5,3103,1,3.361,
19800.0,light-1,3102,0,4.411,ECONNREFUSED
19800.0,light-4,3102,0,5.038,ECONNREFUSED
19803.3,heavy,3101,0,3.976,
19806.7,heavy,3102,0,2.098,ECONNREFUSED
19810.0,heavy,3103,1,2.183,
19813.3,heavy,3101,0,3.335,
19816.7,heavy,3102,0,2.584,ECONNREFUSED
19820.0,heavy,3103,0,1.135,
19823.3,heavy,3101,1,4.005,
19826.7,heavy,3102,0,2.616,ECONNREFUSED
19830.0,heavy,3103,1,1.574,
19833.3,heavy,3101,0,2.858,
19836.7,heavy,3102,0,3.967,ECONNREFUSED
19840.0,heavy,3103,1,1.872,
19843.3,heavy,3101,0,4.035,
19846.7,heavy,3102,0,4.240,ECONNREFUSED
19850.0,heavy,3103,0,2.122,
19853.3,heavy,3101,1,4.312,
19856.7,heavy,3102,0,2.080,ECONNREFUSED
19860.0,heavy,3103,0,1.318,
19863.3,heavy,3101,1,4.075,
19866.7,heavy,3102,0,2.007,ECONNREFUSED
19870.0,heavy,3103,1,1.782,
19873.3,heavy,3101,0,3.123,
19876.7,heavy,3102,0,2.487,ECONNREFUSED
19880.0,heavy,3103,0,1.775,
19883.3,heavy,3101,1,4.835,
19886.7,heavy,3102,0,3.443,ECONNREFUSED
19890.0,heavy,3103,1,1.766,
19893.3,heavy,3101,0,4.461,
19896.7,heavy,3102,0,4.633,ECONNREFUSED
19900.0,heavy,3103,0,2.751,
19900.0,light-1,3101,1,2.501,
19900.0,light-4,3101,1,2.474,
19900.0,light-3,3103,1,3.144,
19900.0,light-2,3102,0,4.995,ECONNREFUSED
19900.0,light-5,3102,0,4.955,ECONNREFUSED
19903.3,heavy,3103,1,1.936,
19906.7,heavy,3101,0,3.975,
19910.0,heavy,3102,0,3.361,ECONNREFUSED
19913.3,heavy,3103,1,1.363,
19916.7,heavy,3101,0,4.190,
19920.0,heavy,3102,0,3.661,ECONNREFUSED
19923.3,heavy,3103,1,1.959,
19926.7,heavy,3101,0,3.694,
19930.0,heavy,3102,0,2.652,ECONNREFUSED
19933.3,heavy,3103,1,2.617,
19936.7,heavy,3101,1,3.767,
19940.0,heavy,3102,0,3.379,ECONNREFUSED
19943.3,heavy,3103,0,1.714,
19946.7,heavy,3101,0,3.896,
19950.0,heavy,3102,0,3.284,ECONNREFUSED
19953.3,heavy,3103,1,1.647,
19956.7,heavy,3101,0,3.488,
19960.0,heavy,3102,0,2.821,ECONNREFUSED
19963.3,heavy,3103,1,2.638,
19966.7,heavy,3101,0,5.430,
19970.0,heavy,3102,0,3.471,ECONNREFUSED
19973.3,heavy,3103,1,2.581,
19976.7,heavy,3101,0,2.962,
19980.0,heavy,3102,0,2.310,ECONNREFUSED
19983.3,heavy,3103,1,1.462,
19986.7,heavy,3101,0,3.174,
19990.0,heavy,3102,0,2.135,ECONNREFUSED
19993.3,heavy,3103,1,1.054,
19996.7,heavy,3101,0,6.059,
20000.0,heavy,3102,0,5.324,ECONNREFUSED
20000.0,light-3,3103,1,3.247,
20000.0,light-1,3101,1,4.044,
20000.0,light-2,3102,0,5.125,ECONNREFUSED
20000.0,light-4,3101,1,5.843,
20000.0,light-5,3102,0,5.971,ECONNREFUSED
20003.3,heavy,3103,1,2.232,
20006.7,heavy,3103,0,2.497,
20010.0,heavy,3101,0,3.577,
20013.3,heavy,3102,0,2.558,ECONNREFUSED
20016.7,heavy,3103,1,1.734,
20020.0,heavy,3101,0,3.046,
20023.3,heavy,3102,0,1.889,ECONNREFUSED
20026.7,heavy,3103,1,1.353,
20030.0,heavy,3101,1,4.286,
20033.3,heavy,3102,0,5.862,ECONNREFUSED
20036.7,heavy,3103,0,4.303,
20040.0,heavy,3101,0,3.842,
20043.3,heavy,3102,0,2.328,ECONNREFUSED
20046.7,heavy,3103,1,1.314,
20050.0,heavy,3101,0,3.750,
20053.3,heavy,3102,0,2.629,ECONNREFUSED
20056.7,heavy,3103,1,1.629,
20060.0,heavy,3101,0,3.215,
20063.3,heavy,3102,0,2.570,ECONNREFUSED
20066.7,heavy,3103,1,1.558,
20070.0,heavy,3101,0,3.137,
20073.3,heavy,3102,0,2.356,ECONNREFUSED
20076.7,heavy,3103,1,1.578,
20080.0,heavy,3101,1,4.086,
20083.3,heavy,3102,0,2.179,ECONNREFUSED
20086.7,heavy,3103,1,1.761,
20090.0,heavy,3101,0,4.439,
20093.3,heavy,3102,0,4.129,ECONNREFUSED
20096.7,heavy,3103,0,2.063,
20100.0,heavy,3101,0,4.622,
20100.0,light-2,3103,1,2.435,
20100.0,light-5,3103,1,2.677,
20100.0,light-3,3101,1,3.971,
20100.0,light-4,3102,0,4.386,ECONNREFUSED
20100.0,light-1,3102,0,4.849,ECONNREFUSED
20103.3,heavy,3101,1,3.875,
20106.7,heavy,3102,0,1.885,ECONNREFUSED
20110.0,heavy,3103,0,1.299,
20113.3,heavy,3101,1,3.230,
20116.7,heavy,3102,0,2.316,ECONNREFUSED
20120.0,heavy,3103,0,1.289,
20123.3,heavy,3101,1,4.219,
20126.7,heavy,3102,0,2.113,ECONNREFUSED
20130.0,heavy,3103,0,1.265,
20133.3,heavy,3101,1,4.085,
20136.7,heavy,3102,0,3.005,ECONNREFUSED
20140.0,heavy,3103,1,1.885,
20143.3,heavy,3101,0,2.872,
20146.7,heavy,3102,0,2.398,ECONNREFUSED
20150.0,heavy,3103,1,1.896,
20153.3,heavy,3101,0,3.334,
20156.7,heavy,3102,0,2.676,ECONNREFUSED
20160.0,heavy,3103,0,1.355,
20163.3,heavy,3101,1,3.509,
20166.7,heavy,3102,0,2.365,ECONNREFUSED
20170.0,heavy,3103,1,1.510,
20173.3,heavy,3101,0,3.573,
20176.7,heavy,3102,0,2.501,ECONNREFUSED
20180.0,heavy,3103,1,1.827,
20183.3,heavy,3101,0,3.276,
20186.7,heavy,3102,0,2.791,ECONNREFUSED
20190.0,heavy,3103,0,1.999,
20193.3,heavy,3101,1,7.128,
20196.7,heavy,3102,0,5.674,ECONNREFUSED
20200.0,heavy,3103,1,2.578,
20200.0,light-2,3103,1,4.180,
20200.0,light-3,3101,1,4.300,
20200.0,light-5,3103,1,4.671,
20200.0,light-4,3102,0,6.005,ECONNREFUSED
20200.0,light-1,3102,0,7.908,ECONNREFUSED
20203.3,heavy,3101,0,6.664,
20206.7,heavy,3101,0,4.808,
20210.0,heavy,3102,0,4.785,ECONNREFUSED
20213.3,heavy,3103,1,1.657,
20216.7,heavy,3101,0,3.474,
20220.0,heavy,3102,0,2.337,ECONNREFUSED
20223.3,heavy,3103,1,1.060,
20226.7,heavy,3101,0,3.423,
20230.0,heavy,3102,0,2.486,ECONNREFUSED
20233.3,heavy,3103,1,1.397,
20236.7,heavy,3101,0,3.487,
20240.0,heavy,3102,0,3.819,ECONNREFUSED
20243.3,heavy,3103,1,1.527,
20246.7,heavy,3101,1,3.642,
20250.0,heavy,3102,0,2.479,ECONNREFUSED
20253.3,heavy,3103,0,1.103,
20256.7,heavy,3101,0,3.804,
20260.0,heavy,3102,0,3.442,ECONNREFUSED
20263.3,heavy,3103,1,1.725,
20266.7,heavy,3101,0,3.597,
20270.0,heavy,3102,0,2.735,ECONNREFUSED
20273.3,heavy,3103,0,1.702,
20276.7,heavy,3101,1,4.123,
20280.0,heavy,3102,0,2.685,ECONNREFUSED
20283.3,heavy,3103,1,1.529,
20286.7,heavy,3101,0,4.114,
20290.0,heavy,3102,0,2.178,ECONNREFUSED
20293.3,heavy,3103,1,2.746,
20296.7,heavy,3101,1,6.917,
20300.0,heavy,3102,0,3.818,ECONNREFUSED
20300.0,light-3,3102,0,3.321,ECONNREFUSED
20300.0,light-4,3103,1,4.011,
20300.0,light-5,3101,1,4.897,
20300.0,light-1,3103,1,6.470,
20300.0,light-2,3101,1,7.723,
20303.3,heavy,3102,0,5.328,ECONNREFUSED
20306.7,heavy,3103,0,2.062,
20310.0,heavy,3101,0,3.715,
20313.3,heavy,3102,0,2.637,ECONNREFUSED
20316.7,heavy,3103,1,1.385,
20320.0,heavy,3101,0,2.998,
20323.3,heavy,3102,0,2.377,ECONNREFUSED
20326.7,heavy,3103,1,1.328,
20330.0,heavy,3101,1,4.554,
20333.3,heavy,3102,0,2.561,ECONNREFUSED
20336.7,heavy,3103,0,1.070,
20340.0,heavy,3101,0,3.578,
20343.3,heavy,3102,0,2.921,ECONNREFUSED
20346.7,heavy,3103,1,1.472,
20350.0,heavy,3101,0,3.327,
20353.3,heavy,3102,0,2.310,ECONNREFUSED
20356.7,heavy,3103,1,1.818,
20360.0,heavy,3101,1,3.914,
20363.3,heavy,3102,0,2.941,ECONNREFUSED
20366.7,heavy,3103,0,1.321,
20370.0,heavy,3101,0,3.028,
20373.3,heavy,3102,0,2.357,ECONNREFUSED
20376.7,heavy,3103,1,1.308,
20380.0,heavy,3101,0,2.429,
20383.3,heavy,3102,0,4.143,ECONNREFUSED
20386.7,heavy,3103,1,2.369,
20390.0,heavy,3101,1,4.658,
20393.3,heavy,3102,0,4.064,ECONNREFUSED
20396.7,heavy,3103,0,2.151,
20400.0,heavy,3101,1,7.075,
20400.0,light-3,3103,1,3.630,
20400.0,light-1,3101,1,3.925,
20400.0,light-4,3101,1,4.523,
20400.0,light-2,3102,0,5.455,ECONNREFUSED
20400.0,light-5,3102,0,5.942,ECONNREFUSED
20403.3,heavy,3102,0,6.644,ECONNREFUSED
20406.7,heavy,3103,1,3.322,
20410.0,heavy,3103,0,4.445,
20413.3,heavy,3101,0,4.197,
20416.7,heavy,3102,0,2.242,ECONNREFUSED
20420.0,heavy,3103,1,1.520,
20423.3,heavy,3101,0,3.469,
20426.7,heavy,3102,0,3.101,ECONNREFUSED
20430.0,heavy,3103,0,1.247,
20433.3,heavy,3101,0,3.715,
20436.7,heavy,3102,0,3.045,ECONNREFUSED
20440.0,heavy,3103,1,1.866,
20443.3,heavy,3101,0,2.090,
20446.7,heavy,3102,0,3.262,ECONNREFUSED
20450.0,heavy,3103,1,1.737,
20453.3,heavy,3101,1,3.881,
20456.7,heavy,3102,0,3.537,ECONNREFUSED
20460.0,heavy,3103,0,1.319,
20463.3,heavy,3101,0,3.553,
20466.7,heavy,3102,0,3.656,ECONNREFUSED
20470.0,heavy,3103,1,2.031,
20473.3,heavy,3101,1,3.573,
20476.7,heavy,3102,0,2.516,ECONNREFUSED
20480.0,heavy,3103,0,1.161,
20483.3,heavy,3101,1,3.904,
20486.7,heavy,3102,0,2.095,ECONNREFUSED
20490.0,heavy,3103,0,0.858,
20493.3,heavy,3101,1,6.301,
20496.7,heavy,3102,0,5.141,ECONNREFUSED
20500.0,heavy,3103,1,2.147,
20500.0,light-3,3103,1,3.602,
20500.0,light-1,3101,1,4.224,
20500.0,light-4,3101,1,4.145,
20500.0,light-5,3102,0,5.269,ECONNREFUSED
20500.0,light-2,3102,0,6.629,ECONNREFUSED
20503.3,heavy,3103,0,2.900,
20506.7,heavy,3101,0,2.553,
20510.0,heavy,3102,0,2.444,ECONNREFUSED
20513.3,heavy,3103,1,1.370,
20516.7,heavy,3101,0,3.381,
20520.0,heavy,3102,0,2.565,ECONNREFUSED
20523.3,heavy,3103,1,2.153,
20526.7,heavy,3101,0,3.782,
20530.0,heavy,3102,0,2.876,ECONNREFUSED
20533.3,heavy,3103,1,2.290,
20536.7,heavy,3101,0,3.160,
20540.0,heavy,3102,0,2.875,ECONNREFUSED
20543.3,heavy,3103,0,1.389,
20546.7,heavy,3101,1,4.267,
20550.0,heavy,3102,0,2.955,ECONNREFUSED
20553.3,heavy,3103,0,1.139,
20556.7,heavy,3101,1,2.920,
20560.0,heavy,3102,0,3.036,ECONNREFUSED
20563.3,heavy,3103,1,1.684,
20566.7,heavy,3101,0,2.036,
20570.0,heavy,3102,0,4.645,ECONNREFUSED
20573.3,heavy,3103,1,1.954,
20576.7,heavy,3101,0,3.686,
20580.0,heavy,3102,0,3.349,ECONNREFUSED
20583.3,heavy,3103,1,2.253,
20586.7,heavy,3101,0,3.647,
20590.0,heavy,3102,0,2.946,ECONNREFUSED
20593.3,heavy,3103,1,1.657,
20596.7,heavy,3101,0,2.161,
20600.0,heavy,3102,0,4.552,ECONNREFUSED
20600.0,light-1,3103,1,2.863,
20600.0,light-4,3103,1,3.238,
20600.0,light-2,3101,1,3.494,
20600.0,light-5,3101,1,3.464,
20600.0,light-3,3102,0,4.696,ECONNREFUSED
20603.3,heavy,3103,1,2.253,
20606.7,heavy,3101,0,4.208,
20610.0,heavy,3102,0,4.721,ECONNREFUSED
20613.3,heavy,3102,0,4.784,ECONNREFUSED
20616.7,heavy,3103,1,1.396,
20620.0,heavy,3101,1,4.947,
20623.3,heavy,3102,0,3.748,ECONNREFUSED
20626.7,heavy,3103,1,1.812,
20630.0,heavy,3101,0,5.322,
20633.3,heavy,3102,0,4.083,ECONNREFUSED
20636.7,heavy,3103,0,2.022,
20640.0,heavy,3101,0,3.989,
20643.3,heavy,3102,0,2.580,ECONNREFUSED
20646.7,heavy,3103,1,1.477,
20650.0,heavy,3101,0,3.671,
20653.3,heavy,3102,0,2.102,ECONNREFUSED
20656.7,heavy,3103,1,2.103,
20660.0,heavy,3101,1,3.480,
20663.3,heavy,3102,0,2.758,ECONNREFUSED
20666.7,heavy,3103,0,1.986,
20670.0,heavy,3101,0,4.834,
20673.3,heavy,3102,0,3.481,ECONNREFUSED
20676.7,heavy,3103,1,1.806,
20680.0,heavy,3101,0,4.404,
20683.3,heavy,3102,0,3.883,ECONNREFUSED
20686.7,heavy,3103,1,1.211,
20690.0,heavy,3101,0,4.243,
20693.3,heavy,3102,0,2.696,ECONNREFUSED
20696.7,heavy,3103,1,1.728,
20700.0,heavy,3101,0,4.380,
20700.0,light-2,3103,1,1.682,
20700.0,light-5,3103,1,2.629,
20700.0,light-1,3102,0,3.250,ECONNREFUSED
20700.0,light-3,3101,1,3.139,
20700.0,light-4,3102,0,3.759,ECONNREFUSED
20703.3,heavy,3101,1,3.820,
20706.7,heavy,3102,0,2.316,ECONNREFUSED
20710.0,heavy,3103,0,1.597,
20713.3,heavy,3101,1,4.120,
20716.7,heavy,3102,0,3.035,ECONNREFUSED
20720.0,heavy,3103,1,2.101,
20723.3,heavy,3101,0,3.788,
20726.7,heavy,3102,0,3.405,ECONNREFUSED
20730.0,heavy,3103,0,1.302,
20733.3,heavy,3101,1,4.424,
20736.7,heavy,3102,0,3.857,ECONNREFUSED
20740.0,heavy,3103,1,1.829,
20743.3,heavy,3101,0,3.758,
20746.7,heavy,3102,0,2.779,ECONNREFUSED
20750.0,heavy,3103,1,2.910,
20753.3,heavy,3101,0,4.195,
20756.7,heavy,3102,0,3.802,ECONNREFUSED
20760.0,heavy,3103,0,2.081,
20763.3,heavy,3101,1,3.435,
20766.7,heavy,3102,0,2.536,ECONNREFUSED
20770.0,heavy,3103,1,1.365,
20773.3,heavy,3101,0,2.936,
20776.7,heavy,3102,0,2.002,ECONNREFUSED
20780.0,heavy,3103,1,2.111,
20783.3,heavy,3101,0,3.166,
20786.7,heavy,3102,0,2.540,ECONNREFUSED
20790.0,heavy,3103,0,1.620,
20793.3,heavy,3101,1,7.389,
20796.7,heavy,3102,0,6.034,ECONNREFUSED
20800.0,heavy,3103,1,3.069,
20800.0,light-2,3103,1,4.213,
20800.0,light-1,3102,0,5.937,ECONNREFUSED
20800.0,light-4,3102,0,7.100,ECONNREFUSED
20800.0,light-5,3103,1,7.292,
20800.0,light-3,3101,1,7.792,
20803.3,heavy,3101,0,7.052,
20806.7,heavy,3101,0,5.020,
20810.0,heavy,3102,0,3.147,ECONNREFUSED
20813.3,heavy,3103,1,1.373,
20816.7,heavy,3101,0,3.410,
20820.0,heavy,3102,0,2.394,ECONNREFUSED
20823.3,heavy,3103,1,1.410,
20826.7,heavy,3101,0,3.786,
20830.0,heavy,3102,0,3.832,ECONNREFUSED
20833.3,heavy,3103,1,2.016,
20836.7,heavy,3101,0,3.115,
20840.0,heavy,3102,0,2.486,ECONNREFUSED
20843.3,heavy,3103,1,1.433,
20846.7,heavy,3101,0,3.337,
20850.0,heavy,3102,0,2.278,ECONNREFUSED
20853.3,heavy,3103,0,1.160,
20856.7,heavy,3101,1,4.202,
20860.0,heavy,3102,0,3.327,ECONNREFUSED
20863.3,heavy,3103,1,1.284,
20866.7,heavy,3101,0,2.808,
20870.0,heavy,3102,0,2.008,ECONNREFUSED
20873.3,heavy,3103,1,2.264,
20876.7,heavy,3101,0,3.464,
20880.0,heavy,3102,0,2.633,ECONNREFUSED
20883.3,heavy,3103,0,1.016,
20886.7,heavy,3101,1,3.888,
20890.0,heavy,3102,0,2.985,ECONNREFUSED
20893.3,heavy,3103,1,1.768,
20896.7,heavy,3101,0,2.567,
20900.0,heavy,3102,0,5.694,ECONNREFUSED
20900.0,light-1,3103,1,2.895,
20900.0,light-2,3101,1,4.309,
20900.0,light-4,3103,1,4.305,
20900.0,light-5,3101,1,4.369,
20900.0,light-3,3102,0,6.877,ECONNREFUSED
20903.3,heavy,3103,1,2.461,
20906.7,heavy,3101,0,5.348,
20910.0,heavy,3102,0,5.552,ECONNREFUSED
20913.3,heavy,3102,1,18.844,
20916.7,heavy,3103,1,1.844,
20920.0,heavy,3101,0,3.513,
20923.3,heavy,3102,1,9.338,
20926.7,heavy,3103,1,1.548,
20930.0,heavy,3101,1,4.219,
20933.3,heavy,3102,1,1.768,
20936.7,heavy,3103,0,1.116,
20940.0,heavy,3101,0,3.456,
20943.3,heavy,3102,1,3.532,
20946.7,heavy,3103,1,0.998,
20950.0,heavy,3101,0,3.358,
20953.3,heavy,3102,1,1.583,
20956.7,heavy,3103,1,1.322,
20960.0,heavy,3101,0,3.019,
20963.3,heavy,3102,1,2.201,
20966.7,heavy,3103,1,1.424,
20970.0,heavy,3101,1,3.887,
20973.3,heavy,3102,1,1.691,
20976.7,heavy,3103,1,4.309,
20980.0,heavy,3101,0,8.457,
20983.3,heavy,3102,1,3.102,
20986.7,heavy,3103,0,4.481,
20990.0,heavy,3101,0,5.913,
20993.3,heavy,3102,1,1.736,
20996.7,heavy,3103,1,0.893,
21000.0,heavy,3101,0,52.445,
21000.0,light-1,3103,1,1.705,
21000.0,light-2,3101,1,2.298,
21000.0,light-5,3101,1,2.601,
21000.0,light-3,3102,0,61.255,
21000.0,light-4,3103,0,64.155,
21003.3,heavy,3102,1,1.996,
21006.7,heavy,3102,1,48.239,
21010.0,heavy,3103,0,53.258,
21013.3,heavy,3101,0,36.741,
21016.7,heavy,3102,1,52.635,
21020.0,heavy,3103,0,52.770,
21023.3,heavy,3101,0,21.971,
21026.7,heavy,3102,1,39.478,
21030.0,heavy,3103,0,38.040,
21033.3,heavy,3101,0,21.552,
21036.7,heavy,3102,1,24.832,
21040.0,heavy,3103,0,23.328,
21043.3,heavy,3101,0,6.607,
21046.7,heavy,3102,1,24.378,
21050.0,heavy,3103,0,22.892,
21053.3,heavy,3101,0,3.344,
21056.7,heavy,3102,1,11.556,
21060.0,heavy,3103,0,8.676,
21063.3,heavy,3101,1,10.617,
21066.7,heavy,3102,1,9.933,
21070.0,heavy,3103,1,21.140,
21073.3,heavy,3101,1,3.333,
21076.7,heavy,3102,1,16.776,
21080.0,heavy,3103,1,13.524,
21083.3,heavy,3101,1,1.469,
21086.7,heavy,3102,1,2.105,
21090.0,heavy,3103,1,1.644,
21093.3,heavy,3101,1,1.762,
21096.7,heavy,3102,1,2.318,
21100.0,heavy,3103,1,1.943,
21100.0,light-1,3101,1,2.074,
21100.0,light-3,3103,1,2.403,
21100.0,light-4,3101,1,8.546,
21100.0,light-2,3102,1,33.676,
21100.0,light-5,3102,1,38.128,
21103.3,heavy,3101,1,1.414,
21106.7,heavy,3102,1,2.421,
21110.0,heavy,3103,1,2.273,
21113.3,heavy,3103,1,1.520,
21116.7,heavy,3101,1,0.998,
21120.0,heavy,3102,1,10.209,
21123.3,heavy,3103,1,1.614,
21126.7,heavy,3101,1,1.264,
21130.0,heavy,3102,1,20.545,
21133.3,heavy,3103,1,2.564,
21136.7,heavy,3101,1,2.245,
21140.0,heavy,3102,1,8.691,
21143.3,heavy,3103,1,2.834,
21146.7,heavy,3101,1,1.051,
21150.0,heavy,3102,1,4.257,
21153.3,heavy,3103,1,1.175,
21156.7,heavy,3101,1,1.115,
21160.0,heavy,3102,1,5.250,
21163.3,heavy,3103,1,1.923,
21166.7,heavy,3101,1,1.321,
21170.0,heavy,3102,1,7.523,
21173.3,heavy,3103,1,1.003,
21176.7,heavy,3101,1,0.967,
21180.0,heavy,3102,1,1.300,
21183.3,heavy,3103,1,1.415,
21186.7,heavy,3101,1,1.028,
21190.0,heavy,3102,1,2.755,
21193.3,heavy,3103,1,2.404,
21196.7,heavy,3101,1,2.589,
21200.0,heavy,3102,1,3.004,
21200.0,light-1,3101,1,2.655,
21200.0,light-4,3101,1,2.640,
21200.0,light-3,3103,1,3.509,
21200.0,light-2,3102,1,3.667,
21200.0,light-5,3102,1,3.650,
21203.3,heavy,3103,1,2.607,
21206.7,heavy,3103,1,0.940,
21210.0,heavy,3101,1,1.351,
21213.3,heavy,3102,1,1.063,
21216.7,heavy,3103,1,1.709,
21220.0,heavy,3101,1,1.361,
21223.3,heavy,3102,1,1.577,
21226.7,heavy,3103,1,2.605,
21230.0,heavy,3101,1,1.083,
21233.3,heavy,3102,1,2.418,
21236.7,heavy,3103,1,1.658,
21240.0,heavy,3101,1,2.297,
21243.3,heavy,3102,1,1.249,
21246.7,heavy,3103,1,1.787,
21250.0,heavy,3101,1,1.274,
21253.3,heavy,3102,1,1.586,
21256.7,heavy,3103,1,1.662,
21260.0,heavy,3101,1,1.149,
21263.3,heavy,3102,1,1.308,
21266.7,heavy,3103,1,1.132,
21270.0,heavy,3101,1,1.336,
21273.3,heavy,3102,1,1.729,
21276.7,heavy,3103,1,2.050,
21280.0,heavy,3101,1,1.317,
21283.3,heavy,3102,1,1.864,
21286.7,heavy,3103,1,1.904,
21290.0,heavy,3101,1,0.755,
21293.3,heavy,3102,1,2.359,
21296.7,heavy,3103,1,2.334,
21300.0,heavy,3101,1,2.403,
21300.0,light-1,3103,1,2.480,
21300.0,light-2,3101,1,2.562,
21300.0,light-5,3101,1,3.087,
21300.0,light-4,3103,1,8.057,
21300.0,light-3,3102,1,11.245,
21303.3,heavy,3102,1,2.741,
21306.7,heavy,3102,1,5.519,
21310.0,heavy,3103,1,1.188,
21313.3,heavy,3101,1,1.189,
21316.7,heavy,3102,1,1.674,
21320.0,heavy,3103,1,1.200,
21323.3,heavy,3101,1,1.281,
21326.7,heavy,3102,1,1.282,
21330.0,heavy,3103,1,2.117,
21333.3,heavy,3101,1,1.332,
21336.7,heavy,3102,1,1.808,
21340.0,heavy,3103,1,1.727,
21343.3,heavy,3101,1,1.788,
21346.7,heavy,3102,1,1.958,
21350.0,heavy,3103,1,1.380,
21353.3,heavy,3101,1,1.504,
21356.7,heavy,3102,1,1.882,
21360.0,heavy,3103,1,1.682,
21363.3,heavy,3101,1,1.877,
21366.7,heavy,3102,0,1.455,
21370.0,heavy,3103,1,2.028,
21373.3,heavy,3101,1,1.420,
21376.7,heavy,3102,1,1.577,
21380.0,heavy,3103,1,2.193,
21383.3,heavy,3101,1,2.116,
21386.7,heavy,3102,1,2.038,
21390.0,heavy,3103,1,1.413,
21393.3,heavy,3101,1,1.811,
21396.7,heavy,3102,0,0.856,
21400.0,heavy,3103,1,1.722,
21400.0,light-3,3103,1,2.449,
21400.0,light-1,3101,1,2.706,
21400.0,light-2,3102,1,2.771,
21400.0,light-4,3101,1,2.908,
21400.0,light-5,3102,1,3.119,
21403.3,heavy,3101,1,2.466,
21406.7,heavy,3102,1,1.736,
21410.0,heavy,3103,1,2.223,
21413.3,heavy,3103,1,1.230,
21416.7,heavy,3101,1,2.367,
21420.0,heavy,3102,1,4.792,
21423.3,heavy,3103,1,2.263,
21426.7,heavy,3101,1,2.526,
21430.0,heavy,3102,0,4.666,
21433.3,heavy,3103,1,2.754,
21436.7,heavy,3101,1,2.297,
21440.0,heavy,3102,0,1.379,
21443.3,heavy,3103,1,2.193,
21446.7,heavy,3101,0,3.503,
21450.0,heavy,3102,1,1.486,
21453.3,heavy,3103,1,2.088,
21456.7,heavy,3101,1,4.563,
21460.0,heavy,3102,0,2.211,
21463.3,heavy,3103,0,4.577,
21466.7,heavy,3101,1,5.053,
21470.0,heavy,3102,0,1.663,
21473.3,heavy,3103,0,3.971,
21476.7,heavy,3101,1,4.980,
21480.0,heavy,3102,0,1.650,
21483.3,heavy,3103,0,4.422,
21486.7,heavy,3101,1,4.629,
21490.0,heavy,3102,0,1.797,
21493.3,heavy,3103,0,4.060,
21496.7,heavy,3101,0,3.545,
21500.0,heavy,3102,1,2.070,
21500.0,light-5,3101,1,2.385,
21500.0,light-3,3102,1,2.657,
21500.0,light-4,3103,1,3.456,
21500.0,light-2,3101,1,4.853,
21500.0,light-1,3103,1,7.025,
21503.3,heavy,3102,0,1.431,
21506.7,heavy,3103,1,4.893,
21510.0,heavy,3101,0,3.213,
21513.3,heavy,3102,0,1.297,
21516.7,heavy,3103,0,5.246,
21520.0,heavy,3101,1,4.418,
21523.3,heavy,3102,0,1.239,
21526.7,heavy,3103,0,3.968,
21530.0,heavy,3101,1,3.896,
21533.3,heavy,3102,0,1.543,
21536.7,heavy,3103,0,3.839,
21540.0,heavy,3101,1,4.316,
21543.3,heavy,3102,0,1.457,
21546.7,heavy,3103,0,4.711,
21550.0,heavy,3101,0,3.626,
21553.3,heavy,3102,1,1.588,
21556.7,heavy,3103,0,4.509,
21560.0,heavy,3101,0,3.648,
21563.3,heavy,3102,1,1.573,
21566.7,heavy,3103,0,4.049,
21570.0,heavy,3101,1,3.940,
21573.3,heavy,3102,0,1.277,
21576.7,heavy,3103,0,5.705,
21580.0,heavy,3101,1,4.049,
21583.3,heavy,3102,0,1.626,
21586.7,heavy,3103,1,4.596,
21590.0,heavy,3101,0,4.557,
21593.3,heavy,3102,0,1.145,
21596.7,heavy,3103,0,3.397,
21600.0,heavy,3101,1,6.777,
21600.0,light-2,3103,1,1.274,
21600.0,light-5,3103,1,1.747,
21600.0,light-3,3101,1,2.259,
21600.0,light-4,3102,1,3.973,
21600.0,light-1,3102,1,7.206,
21603.3,heavy,3101,0,5.009,
21606.7,heavy,3102,0,1.769,
21610.0,heavy,3103,0,4.263,
21613.3,heavy,3101,1,4.953,
21616.7,heavy,3102,1,1.478,
21620.0,heavy,3103,0,5.077,
21623.3,heavy,3101,0,5.174,
21626.7,heavy,3102,0,1.781,
21630.0,heavy,3103,0,5.406,
21633.3,heavy,3101,1,4.429,
21636.7,heavy,3102,1,1.485,
21640.0,heavy,3103,0,3.636,
21643.3,heavy,3101,0,2.242,
21646.7,heavy,3102,1,1.562,
21650.0,heavy,3103,0,4.925,
21653.3,heavy,3101,0,3.927,
21656.7,heavy,3102,0,1.213,
21660.0,heavy,3103,1,5.371,
21663.3,heavy,3101,0,3.310,
21666.7,heavy,3102,1,1.425,
21670.0,heavy,3103,0,3.894,
21673.3,heavy,3101,0,4.189,
21676.7,heavy,3102,0,1.455,
21680.0,heavy,3103,1,4.169,
21683.3,heavy,3101,0,3.114,
21686.7,heavy,3102,0,0.958,
21690.0,heavy,3103,0,5.642,
21693.3,heavy,3101,1,5.519,
21696.7,heavy,3102,1,1.852,
21700.0,heavy,3103,0,5.805,
21700.0,light-2,3102,1,2.447,
21700.0,light-1,3101,1,2.698,
21700.0,light-4,3101,1,2.833,
21700.0,light-5,3102,1,2.927,
21700.0,light-3,3103,1,3.318,
21703.3,heavy,3103,0,4.078,
21706.7,heavy,3101,1,5.476,
21710.0,heavy,3102,0,1.383,
21713.3,heavy,3103,0,4.635,
21716.7,heavy,3101,0,3.793,
21720.0,heavy,3102,1,1.513,
21723.3,heavy,3103,0,6.548,
21726.7,heavy,3101,0,4.236,
21730.0,heavy,3102,1,1.822,
21733.3,heavy,3103,0,5.892,
21736.7,heavy,3101,0,3.860,
21740.0,heavy,3102,1,1.479,
21743.3,heavy,3103,0,6.594,
21746.7,heavy,3101,1,5.354,
21750.0,heavy,3102,0,2.301,
21753.3,heavy,3103,0,4.995,
21756.7,heavy,3101,1,4.964,
21760.0,heavy,3102,0,1.331,
21763.3,heavy,3103,0,4.635,
21766.7,heavy,3101,1,4.945,
21770.0,heavy,3102,0,1.758,
21773.3,heavy,3103,0,5.038,
21776.7,heavy,3101,1,5.378,
21780.0,heavy,3102,0,1.768,
21783.3,heavy,3103,0,4.169,
21786.7,heavy,3101,1,4.530,
21790.0,heavy,3102,0,1.723,
21793.3,heavy,3103,0,4.796,
21796.7,heavy,3101,0,4.926,
21800.0,heavy,3102,1,1.845,
21800.0,light-1,3103,1,2.003,
21800.0,light-4,3103,1,2.028,
21800.0,light-3,3102,1,2.344,
21800.0,light-2,3101,1,2.562,
21800.0,light-5,3101,1,2.999,
21803.3,heavy,3102,0,1.320,
21806.7,heavy,3103,1,6.738,
21810.0,heavy,3101,0,3.970,
21813.3,heavy,3102,0,1.956,
21816.7,heavy,3103,1,6.116,
21820.0,heavy,3101,0,4.444,
21823.3,heavy,3102,0,1.637,
21826.7,heavy,3103,1,6.059,
21830.0,heavy,3101,0,4.609,
21833.3,heavy,3102,0,2.146,
21836.7,heavy,3103,1,5.932,
21840.0,heavy,3101,0,3.428,
21843.3,heavy,3102,0,1.250,
21846.7,heavy,3103,0,5.768,
21850.0,heavy,3101,1,5.079,
21853.3,heavy,3102,0,1.570,
21856.7,heavy,3103,0,3.676,
21860.0,heavy,3101,1,4.692,
21863.3,heavy,3102,0,1.227,
21866.7,heavy,3103,0,3.877,
21870.0,heavy,3101,1,4.124,
21873.3,heavy,3102,0,1.413,
21876.7,heavy,3103,0,3.435,
21880.0,heavy,3101,0,2.658,
21883.3,heavy,3102,1,1.495,
21886.7,heavy,3103,0,3.181,
21890.0,heavy,3101,1,3.779,
21893.3,heavy,3102,0,1.474,
21896.7,heavy,3103,0,7.088,
21900.0,heavy,3101,1,5.157,
21900.0,light-1,3102,1,1.440,
21900.0,light-4,3102,1,1.767,
21900.0,light-2,3103,1,3.605,
21900.0,light-3,3101,1,6.542,
21900.0,light-5,3103,1,7.869,
21903.3,heavy,3101,0,4.859,
21906.7,heavy,3102,0,1.308,
21910.0,heavy,3103,1,4.691,
21913.3,heavy,3101,0,2.952,
21916.7,heavy,3102,0,1.089,
21920.0,heavy,3103,0,6.824,
21923.3,heavy,3101,1,5.832,
21926.7,heavy,3102,1,1.611,
21930.0,heavy,3103,0,6.801,
21933.3,heavy,3101,0,6.491,
21936.7,heavy,3102,0,2.403,
21940.0,heavy,3103,0,3.602,
21943.3,heavy,3101,1,1.934,
21946.7,heavy,3102,1,1.699,
21950.0,heavy,3103,0,4.347,
21953.3,heavy,3101,0,3.165,
21956.7,heavy,3102,0,1.182,
21960.0,heavy,3103,0,4.990,
21963.3,heavy,3101,1,4.106,
21966.7,heavy,3102,0,1.347,
21970.0,heavy,3103,0,3.413,
21973.3,heavy,3101,1,1.824,
21976.7,heavy,3102,1,1.538,
21980.0,heavy,3103,0,3.703,
21983.3,heavy,3101,0,2.990,
21986.7,heavy,3102,0,0.986,
21990.0,heavy,3103,0,7.283,
21993.3,heavy,3101,1,4.044,
21996.7,heavy,3102,0,1.105,
22000.0,heavy,3103,0,8.559,
22000.0,light-1,3101,1,1.271,
22000.0,light-2,3102,1,1.367,
22000.0,light-4,3101,1,1.451,
22000.0,light-5,3102,1,1.535,
22000.0,light-3,3103,1,5.361,
22003.3,heavy,3103,0,9.868,
22006.7,heavy,3101,1,1.853,
22010.0,heavy,3102,0,1.356,
22013.3,heavy,3103,0,3.375,
22016.7,heavy,3101,1,1.743,
22020.0,heavy,3102,0,1.202,
22023.3,heavy,3103,0,3.386,
22026.7,heavy,3101,1,1.561,
22030.0,heavy,3102,0,1.166,
22033.3,heavy,3103,0,4.360,
22036.7,heavy,3101,1,1.964,
22040.0,heavy,3102,1,1.429,
22043.3,heavy,3103,0,2.759,
22046.7,heavy,3101,1,5.173,
22050.0,heavy,3102,1,1.571,
22053.3,heavy,3103,0,4.342,
22056.7,heavy,3101,0,4.960,
22060.0,heavy,3102,0,1.422,
22063.3,heavy,3103,0,4.209,
22066.7,heavy,3101,1,3.766,
22070.0,heavy,3102,0,2.209,
22073.3,heavy,3103,0,4.030,
22076.7,heavy,3101,1,3.968,
22080.0,heavy,3102,0,1.512,
22083.3,heavy,3103,0,4.945,
22086.7,heavy,3101,1,4.002,
22090.0,heavy,3102,0,1.830,
22093.3,heavy,3103,0,3.826,
22096.7,heavy,3101,1,4.653,
22100.0,heavy,3102,0,1.459,
22100.0,light-1,3101,1,1.595,
22100.0,light-2,3102,1,1.715,
22100.0,light-4,3101,1,1.776,
22100.0,light-5,3102,1,2.199,
22100.0,light-3,3103,1,2.790,
22103.3,heavy,3103,0,4.209,
22106.7,heavy,3103,1,5.133,
22110.0,heavy,3101,0,3.094,
22113.3,heavy,3102,0,1.121,
22116.7,heavy,3103,1,5.014,
22120.0,heavy,3101,0,3.318,
22123.3,heavy,3102,0,1.029,
22126.7,heavy,3103,0,4.618,
22130.0,heavy,3101,0,3.642,
22133.3,heavy,3102,1,1.566,
22136.7,heavy,3103,0,3.278,
22140.0,heavy,3101,1,4.608,
22143.3,heavy,3102,0,1.383,
22146.7,heavy,3103,0,5.325,
22150.0,heavy,3101,1,4.534,
22153.3,heavy,3102,0,1.283,
22156.7,heavy,3103,0,3.468,
22160.0,heavy,3101,1,4.536,
22163.3,heavy,3102,0,1.309,
22166.7,heavy,3103,0,3.520,
22170.0,heavy,3101,1,4.253,
22173.3,heavy,3102,0,1.274,
22176.7,heavy,3103,0,6.018,
22180.0,heavy,3101,1,4.909,
22183.3,heavy,3102,0,1.235,
22186.7,heavy,3103,1,4.508,
22190.0,heavy,3101,0,3.888,
22193.3,heavy,3102,0,1.240,
22196.7,heavy,3103,0,3.319,
22200.0,heavy,3101,1,4.588,
22200.0,light-2,3103,1,1.153,
22200.0,light-1,3102,1,1.439,
22200.0,light-5,3103,1,1.492,
22200.0,light-4,3102,1,1.746,
22200.0,light-3,3101,1,2.718,
22203.3,heavy,3101,0,3.202,
22206.7,heavy,3102,0,1.168,
22210.0,heavy,3103,1,4.951,
22213.3,heavy,3101,0,2.731,
22216.7,heavy,3102,0,0.825,
22220.0,heavy,3103,1,4.332,
22223.3,heavy,3101,0,3.595,
22226.7,heavy,3102,0,1.349,
22230.0,heavy,3103,1,11.138,
22233.3,heavy,3101,1,3.786,
22236.7,heavy,3102,1,1.473,
22240.0,heavy,3103,0,11.312,
22243.3,heavy,3101,0,2.650,
22246.7,heavy,3102,0,1.047,
22250.0,heavy,3103,0,2.143,
22253.3,heavy,3101,0,3.434,
22256.7,heavy,3102,0,1.105,
22260.0,heavy,3103,0,4.776,
22263.3,heavy,3101,1,5.030,
22266.7,heavy,3102,1,1.570,
22270.0,heavy,3103,0,5.076,
22273.3,heavy,3101,0,4.913,
22276.7,heavy,3102,0,1.372,
22280.0,heavy,3103,0,5.096,
22283.3,heavy,3101,1,4.239,
22286.7,heavy,3102,1,1.233,
22290.0,heavy,3103,0,4.535,
22293.3,heavy,3101,0,1.803,
22296.7,heavy,3102,1,1.784,
22300.0,heavy,3103,0,4.604,
22300.0,light-1,3102,1,1.962,
22300.0,light-4,3102,1,2.367,
22300.0,light-3,3101,1,2.895,
22300.0,light-2,3103,1,3.074,
22300.0,light-5,3103,1,3.117,
22303.3,heavy,3101,0,3.715,
22306.7,heavy,3101,1,5.126,
22310.0,heavy,3102,0,1.211,
22313.3,heavy,3103,0,3.651,
22316.7,heavy,3101,0,2.582,
22320.0,heavy,3102,1,1.437,
22323.3,heavy,3103,0,4.361,
22326.7,heavy,3101,0,3.648,
22330.0,heavy,3102,1,1.713,
22333.3,heavy,3103,0,4.221,
22336.7,heavy,3101,0,2.033,
22340.0,heavy,3102,1,1.369,
22343.3,heavy,3103,0,3.584,
22346.7,heavy,3101,0,2.820,
22350.0,heavy,3102,1,1.347,
22353.3,heavy,3103,0,3.986,
22356.7,heavy,3101,1,3.510,
22360.0,heavy,3102,0,2.049,
22363.3,heavy,3103,0,3.649,
22366.7,heavy,3101,1,4.523,
22370.0,heavy,3102,0,1.326,
22373.3,heavy,3103,0,4.487,
22376.7,heavy,3101,0,3.562,
22380.0,heavy,3102,1,1.323,
22383.3,heavy,3103,0,4.406,
22386.7,heavy,3101,1,4.098,
22390.0,heavy,3102,0,1.566,
22393.3,heavy,3103,0,4.123,
22396.7,heavy,3101,1,3.832,
22400.0,heavy,3102,0,1.606,
22400.0,light-1,3103,1,2.164,
22400.0,light-2,3101,1,2.231,
22400.0,light-5,3101,1,2.335,
22400.0,light-4,3103,1,6.110,
22400.0,light-3,3102,1,6.784,
22403.3,heavy,3102,0,3.353,
22406.7,heavy,3103,1,5.969,
22410.0,heavy,3101,0,3.583,
22413.3,heavy,3102,0,1.413,
22416.7,heavy,3103,0,6.253,
22420.0,heavy,3101,1,4.680,
22423.3,heavy,3102,1,1.641,
22426.7,heavy,3103,0,6.427,
22430.0,heavy,3101,0,4.000,
22433.3,heavy,3102,0,1.120,
22436.7,heavy,3103,0,5.048,
22440.0,heavy,3101,1,4.153,
22443.3,heavy,3102,0,2.591,
22446.7,heavy,3103,1,5.102,
22450.0,heavy,3101,0,3.351,
22453.3,heavy,3102,0,1.127,
22456.7,heavy,3103,1,4.525,
22460.0,heavy,3101,0,2.879,
22463.3,heavy,3102,0,1.316,
22466.7,heavy,3103,0,3.585,
22470.0,heavy,3101,1,4.186,
22473.3,heavy,3102,0,1.459,
22476.7,heavy,3103,0,4.492,
22480.0,heavy,3101,1,4.753,
22483.3,heavy,3102,1,1.620,
22486.7,heavy,3103,0,4.784,
22490.0,heavy,3101,0,3.298,
22493.3,heavy,3102,0,1.978,
22496.7,heavy,3103,0,5.280,
22500.0,heavy,3101,0,5.166,
22500.0,light-3,3102,1,2.024,
22500.0,light-1,3103,1,3.014,
22500.0,light-4,3103,1,3.357,
22500.0,light-5,3101,1,4.108,
22500.0,light-2,3101,1,6.864,
22503.3,heavy,3102,1,1.829,
22506.7,heavy,3102,0,1.013,
22510.0,heavy,3103,1,5.436,
22513.3,heavy,3101,0,3.367,
22516.7,heavy,3102,0,1.157,
22520.0,heavy,3103,1,3.720,
22523.3,heavy,3101,1,11.884,
22526.7,heavy,3102,0,1.428,
22530.0,heavy,3103,0,3.443,
22533.3,heavy,3101,0,2.557,
22536.7,heavy,3102,0,0.905,
22540.0,heavy,3103,0,4.079,
22543.3,heavy,3101,1,3.385,
22546.7,heavy,3102,1,1.414,
22550.0,heavy,3103,0,3.840,
22553.3,heavy,3101,0,1.500,
22556.7,heavy,3102,1,1.540,
22560.0,heavy,3103,0,4.051,
22563.3,heavy,3101,0,3.531,
22566.7,heavy,3102,0,1.072,
22570.0,heavy,3103,1,4.542,
22573.3,heavy,3101,0,3.393,
22576.7,heavy,3102,0,1.110,
22580.0,heavy,3103,1,5.027,
22583.3,heavy,3101,0,3.099,
22586.7,heavy,3102,0,1.325,
22590.0,heavy,3103,1,4.727,
22593.3,heavy,3101,0,3.405,
22596.7,heavy,3102,0,1.344,
22600.0,heavy,3103,0,8.037,
22600.0,light-1,3101,1,2.531,
22600.0,light-3,3103,1,2.915,
22600.0,light-2,3102,1,8.565,
22600.0,light-4,3101,1,8.598,
22600.0,light-5,3102,1,9.838,
22603.3,heavy,3101,1,7.964,
22606.7,heavy,3102,1,1.616,
22610.0,heavy,3103,0,8.396,
22613.3,heavy,3103,0,6.930,
22616.7,heavy,3101,0,4.818,
22620.0,heavy,3102,1,2.682,
22623.3,heavy,3103,0,4.093,
22626.7,heavy,3101,0,3.899,
22630.0,heavy,3102,1,1.194,
22633.3,heavy,3103,0,5.871,
22636.7,heavy,3101,0,4.860,
22640.0,heavy,3102,1,1.891,
22643.3,heavy,3103,0,5.513,
22646.7,heavy,3101,0,3.237,
22650.0,heavy,3102,1,1.465,
22653.3,heavy,3103,0,4.799,
22656.7,heavy,3101,0,3.884,
22660.0,heavy,3102,1,1.985,
22663.3,heavy,3103,0,2.477,
22666.7,heavy,3101,0,3.880,
22670.0,heavy,3102,1,1.843,
22673.3,heavy,3103,1,5.149,
22676.7,heavy,3101,0,3.784,
22680.0,heavy,3102,0,1.100,
22683.3,heavy,3103,0,7.060,
22686.7,heavy,3101,0,3.508,
22690.0,heavy,3102,1,1.564,
22693.3,heavy,3103,0,5.540,
22696.7,heavy,3101,1,3.847,
22700.0,heavy,3102,0,1.177,
22700.0,light-2,3101,1,1.424,
22700.0,light-3,3102,1,1.522,
22700.0,light-5,3101,1,1.980,
22700.0,light-4,3103,1,2.699,
22700.0,light-1,3103,1,4.137,
22703.3,heavy,3102,0,0.904,
22706.7,heavy,3103,1,4.891,
22710.0,heavy,3101,0,3.165,
22713.3,heavy,3102,0,1.193,
22716.7,heavy,3103,0,3.729,
22720.0,heavy,3101,1,3.585,
22723.3,heavy,3102,0,1.147,
22726.7,heavy,3103,0,4.391,
22730.0,heavy,3101,1,3.973,
22733.3,heavy,3102,1,1.319,
22736.7,heavy,3103,0,4.283,
22740.0,heavy,3101,0,2.864,
22743.3,heavy,3102,1,1.419,
22746.7,heavy,3103,0,3.522,
22750.0,heavy,3101,0,2.983,
22753.3,heavy,3102,0,1.476,
22756.7,heavy,3103,0,3.084,
22760.0,heavy,3101,1,3.313,
22763.3,heavy,3102,0,1.071,
22766.7,heavy,3103,1,5.361,
22770.0,heavy,3101,0,3.817,
22773.3,heavy,3102,0,1.157,
22776.7,heavy,3103,0,4.084,
22780.0,heavy,3101,0,3.431,
22783.3,heavy,3102,1,1.471,
22786.7,heavy,3103,0,2.363,
22790.0,heavy,3101,1,6.374,
22793.3,heavy,3102,1,1.251,
22796.7,heavy,3103,0,5.264,
22800.0,heavy,3101,0,6.092,
22800.0,light-3,3101,1,2.275,
22800.0,light-2,3103,1,2.854,
22800.0,light-5,3103,1,2.937,
22800.0,light-4,3102,1,3.277,
22800.0,light-1,3102,1,5.810,
22803.3,heavy,3101,0,3.763,
22806.7,heavy,3102,0,0.996,
22810.0,heavy,3103,0,3.938,
22813.3,heavy,3101,0,3.094,
22816.7,heavy,3102,1,1.221,
22820.0,heavy,3103,1,3.743,
22823.3,heavy,3101,0,3.456,
22826.7,heavy,3102,0,1.325,
22830.0,heavy,3103,1,4.098,
22833.3,heavy,3101,0,3.396,
22836.7,heavy,3102,1,1.174,
22840.0,heavy,3103,0,3.810,
22843.3,heavy,3101,0,3.270,
22846.7,heavy,3102,0,1.270,
22850.0,heavy,3103,0,4.484,
22853.3,heavy,3101,1,3.699,
22856.7,heavy,3102,1,1.465,
22860.0,heavy,3103,0,4.271,
22863.3,heavy,3101,0,2.919,
22866.7,heavy,3102,0,0.891,
22870.0,heavy,3103,0,4.176,
22873.3,heavy,3101,1,3.332,
22876.7,heavy,3102,1,1.201,
22880.0,heavy,3103,0,3.686,
22883.3,heavy,3101,0,2.781,
22886.7,heavy,3102,0,1.183,
22890.0,heavy,3103,1,4.536,
22893.3,heavy,3101,0,3.763,
22896.7,heavy,3102,0,1.184,
22900.0,heavy,3103,0,4.705,
22900.0,light-3,3102,1,1.668,
22900.0,light-1,3103,1,2.793,
22900.0,light-2,3101,1,2.867,
22900.0,light-4,3103,1,2.951,
22900.0,light-5,3101,1,3.149,
22903.3,heavy,3101,0,4.259,
22906.7,heavy,3102,1,1.588,
22910.0,heavy,3102,1,1.383,
22913.3,heavy,3103,0,3.664,
22916.7,heavy,3101,1,3.825,
22920.0,heavy,3102,0,1.079,
22923.3,heavy,3103,0,3.745,
22926.7,heavy,3101,1,3.761,
22930.0,heavy,3102,0,1.245,
22933.3,heavy,3103,0,3.594,
22936.7,heavy,3101,0,3.230,
22940.0,heavy,3102,1,1.032,
22943.3,heavy,3103,0,4.052,
22946.7,heavy,3101,0,2.862,
22950.0,heavy,3102,1,1.837,
22953.3,heavy,3103,0,4.193,
22956.7,heavy,3101,1,4.472,
22960.0,heavy,3102,0,0.915,
22963.3,heavy,3103,0,4.118,
22966.7,heavy,3101,0,3.218,
22970.0,heavy,3102,1,1.453,
22973.3,heavy,3103,0,5.758,
22976.7,heavy,3101,0,2.371,
22980.0,heavy,3102,1,0.956,
22983.3,heavy,3103,1,7.426,
22986.7,heavy,3101,0,3.901,
22990.0,heavy,3102,0,1.330,
22993.3,heavy,3103,0,4.851,
22996.7,heavy,3101,0,2.530,
23000.0,heavy,3102,1,1.327,
23000.0,light-2,3101,1,0.997,
23000.0,light-1,3103,1,1.355,
23000.0,light-3,3102,1,1.411,
23000.0,light-5,3101,1,1.447,
23000.0,light-4,3103,1,1.593,
23003.3,heavy,3102,1,1.273,
23006.7,heavy,3103,0,4.556,
23010.0,heavy,3101,1,4.026,
23013.3,heavy,3102,0,1.197,
23016.7,heavy,3103,0,4.557,
23020.0,heavy,3101,0,3.579,
23023.3,heavy,3102,0,1.004,
23026.7,heavy,3103,1,4.268,
23030.0,heavy,3101,0,4.815,
23033.3,heavy,3102,0,0.899,
23036.7,heavy,3103,0,4.021,
23040.0,heavy,3101,1,4.233,
23043.3,heavy,3102,0,0.900,
23046.7,heavy,3103,1,3.997,
23050.0,heavy,3101,0,3.171,
23053.3,heavy,3102,0,0.945,
23056.7,heavy,3103,0,3.878,
23060.0,heavy,3101,0,3.245,
23063.3,heavy,3102,1,1.392,
23066.7,heavy,3103,0,4.535,
23070.0,heavy,3101,1,3.784,
23073.3,heavy,3102,1,1.283,
23076.7,heavy,3103,0,4.264,
23080.0,heavy,3101,0,1.415,
23083.3,heavy,3102,0,1.046,
23086.7,heavy,3103,0,3.885,
23090.0,heavy,3101,0,3.148,
23093.3,heavy,3102,1,1.436,
23096.7,heavy,3103,0,4.020,
23100.0,heavy,3101,1,5.172,
23100.0,light-1,3102,1,1.350,
23100.0,light-2,3103,1,1.491,
23100.0,light-4,3102,1,1.784,
23100.0,light-3,3101,1,6.403,
23100.0,light-5,3103,1,6.976,
23103.3,heavy,3101,0,2.429,
23106.7,heavy,3102,0,1.088,
23110.0,heavy,3103,0,4.066,
23113.3,heavy,3101,1,3.664,
23116.7,heavy,3102,1,1.367,
23120.0,heavy,3103,0,4.278,
23123.3,heavy,3101,0,4.356,
23126.7,heavy,3102,0,0.825,
23130.0,heavy,3103,0,4.525,
23133.3,heavy,3101,1,4.459,
23136.7,heavy,3102,1,1.656,
23140.0,heavy,3103,0,2.794,
23143.3,heavy,3101,0,3.331,
23146.7,heavy,3102,1,1.338,
23150.0,heavy,3103,0,3.620,
23153.3,heavy,3101,0,3.412,
23156.7,heavy,3102,0,0.952,
23160.0,heavy,3103,0,3.689,
23163.3,heavy,3101,1,3.640,
23166.7,heavy,3102,1,1.291,
23170.0,heavy,3103,0,3.190,
23173.3,heavy,3101,0,3.132,
23176.7,heavy,3102,1,1.484,
23180.0,heavy,3103,0,3.867,
23183.3,heavy,3101,0,3.204,
23186.7,heavy,3102,1,1.177,
23190.0,heavy,3103,0,2.971,
23193.3,heavy,3101,0,4.374,
23196.7,heavy,3102,1,1.522,
23200.0,heavy,3103,0,4.812,
23200.0,light-2,3102,1,1.876,
23200.0,light-5,3102,1,2.178,
23200.0,light-1,3101,1,2.824,
23200.0,light-4,3101,1,2.869,
23200.0,light-3,3103,1,3.049,
23203.3,heavy,3103,0,2.566,
23206.7,heavy,3101,0,3.772,
23210.0,heavy,3102,1,1.368,
23213.3,heavy,3103,0,4.545,
23216.7,heavy,3101,0,3.074,
23220.0,heavy,3102,1,1.400,
23223.3,heavy,3103,0,4.361,
23226.7,heavy,3101,0,3.519,
23230.0,heavy,3102,1,1.394,
23233.3,heavy,3103,0,2.713,
23236.7,heavy,3101,1,4.635,
23240.0,heavy,3102,1,1.260,
23243.3,heavy,3103,0,3.740,
23246.7,heavy,3101,0,4.386,
23250.0,heavy,3102,0,0.795,
23253.3,heavy,3103,0,4.358,
23256.7,heavy,3101,0,3.346,
23260.0,heavy,3102,1,1.283,
23263.3,heavy,3103,0,4.095,
23266.7,heavy,3101,0,3.050,
23270.0,heavy,3102,1,0.916,
23273.3,heavy,3103,0,3.791,
23276.7,heavy,3101,0,3.395,
23280.0,heavy,3102,1,1.063,
23283.3,heavy,3103,0,3.772,
23286.7,heavy,3101,0,3.150,
23290.0,heavy,3102,1,1.332,
23293.3,heavy,3103,0,3.574,
23296.7,heavy,3101,0,1.911,
23300.0,heavy,3102,1,1.744,
23300.0,light-3,3102,1,1.991,
23300.0,light-2,3101,1,2.578,
23300.0,light-1,3103,1,2.769,
23300.0,light-5,3101,1,2.688,
23300.0,light-4,3103,1,2.886,
23303.3,heavy,3103,0,4.311,
23306.7,heavy,3101,0,3.752,
23310.0,heavy,3102,1,1.708,
23313.3,heavy,3102,0,1.014,
23316.7,heavy,3103,0,4.079,
23320.0,heavy,3101,0,3.274,
23323.3,heavy,3102,1,1.033,
23326.7,heavy,3103,0,3.071,
23330.0,heavy,3101,1,3.036,
23333.3,heavy,3102,0,1.070,
23336.7,heavy,3103,0,4.206,
23340.0,heavy,3101,1,4.236,
23343.3,heavy,3102,0,0.892,
23346.7,heavy,3103,0,3.895,
23350.0,heavy,3101,0,3.202,
23353.3,heavy,3102,1,1.441,
23356.7,heavy,3103,0,3.652,
23360.0,heavy,3101,1,3.617,
23363.3,heavy,3102,0,1.114,
23366.7,heavy,3103,0,4.305,
23370.0,heavy,3101,1,4.731,
23373.3,heavy,3102,0,1.213,
23376.7,heavy,3103,0,3.155,
23380.0,heavy,3101,1,4.033,
23383.3,heavy,3102,0,1.001,
23386.7,heavy,3103,1,4.474,
23390.0,heavy,3101,0,3.322,
23393.3,heavy,3102,0,0.911,
23396.7,heavy,3103,0,3.666,
23400.0,heavy,3101,1,4.215,
23400.0,light-1,3102,1,1.249,
23400.0,light-2,3103,1,1.437,
23400.0,light-4,3102,1,1.505,
23400.0,light-5,3103,1,1.588,
23400.0,light-3,3101,1,2.257,
23403.3,heavy,3101,0,5.467,
23406.7,heavy,3102,0,1.077,
23410.0,heavy,3103,0,4.052,
23413.3,heavy,3101,1,3.552,
23416.7,heavy,3102,1,1.255,
23420.0,heavy,3103,0,2.572,
23423.3,heavy,3101,0,3.155,
23426.7,heavy,3102,0,1.380,
23430.0,heavy,3103,0,3.972,
23433.3,heavy,3101,1,4.211,
23436.7,heavy,3102,1,1.002,
23440.0,heavy,3103,0,4.185,
23443.3,heavy,3101,0,2.714,
23446.7,heavy,3102,0,0.856,
23450.0,heavy,3103,1,3.977,
23453.3,heavy,3101,0,2.345,
23456.7,heavy,3102,0,0.789,
23460.0,heavy,3103,1,5.885,
23463.3,heavy,3101,0,4.817,
23466.7,heavy,3102,1,2.226,
23470.0,heavy,3103,0,5.627,
23473.3,heavy,3101,0,5.240,
23476.7,heavy,3102,1,3.212,
23480.0,heavy,3103,0,2.468,
23483.3,heavy,3101,0,3.123,
23486.7,heavy,3102,1,1.282,
23490.0,heavy,3103,0,3.421,
23493.3,heavy,3101,0,3.082,
23496.7,heavy,3102,1,1.494,
23500.0,heavy,3103,0,4.220,
23500.0,light-1,3102,1,1.736,
23500.0,light-4,3102,1,1.824,
23500.0,light-3,3101,1,2.388,
23500.0,light-2,3103,1,2.645,
23500.0,light-5,3103,1,3.003,
23503.3,heavy,3101,0,3.402,
23506.7,heavy,3101,0,2.267,
23510.0,heavy,3102,1,1.133,
23513.3,heavy,3103,0,3.855,
23516.7,heavy,3101,0,3.198,
23520.0,heavy,3102,1,1.084,
23523.3,heavy,3103,0,3.308,
23526.7,heavy,3101,0,2.406,
23530.0,heavy,3102,1,0.836,
23533.3,heavy,3103,0,3.945,
23536.7,heavy,3101,0,3.172,
23540.0,heavy,3102,1,1.213,
23543.3,heavy,3103,0,3.669,
23546.7,heavy,3101,0,2.618,
23550.0,heavy,3102,1,1.123,
23553.3,heavy,3103,0,3.702,
23556.7,heavy,3101,0,2.992,
23560.0,heavy,3102,1,1.479,
23563.3,heavy,3103,0,3.164,
23566.7,heavy,3101,0,4.053,
23570.0,heavy,3102,1,1.450,
23573.3,heavy,3103,0,4.288,
23576.7,heavy,3101,0,2.579,
23580.0,heavy,3102,1,1.110,
23583.3,heavy,3103,0,3.938,
23586.7,heavy,3101,0,3.269,
23590.0,heavy,3102,1,1.382,
23593.3,heavy,3103,0,3.610,
23596.7,heavy,3101,1,3.727,
23600.0,heavy,3102,0,1.215,
23600.0,light-1,3103,1,1.496,
23600.0,light-5,3101,1,2.382,
23600.0,light-2,3101,1,4.262,
23600.0,light-4,3103,1,4.468,
23600.0,light-3,3102,1,4.854,
23603.3,heavy,3102,0,1.976,
23606.7,heavy,3103,0,4.362,
23610.0,heavy,3101,1,3.619,
23613.3,heavy,3102,1,1.264,
23616.7,heavy,3103,0,4.124,
23620.0,heavy,3101,0,4.193,
23623.3,heavy,3102,0,0.896,
23626.7,heavy,3103,1,5.081,
23630.0,heavy,3101,0,3.748,
23633.3,heavy,3102,1,1.601,
23636.7,heavy,3103,0,2.854,
23640.0,heavy,3101,0,2.544,
23643.3,heavy,3102,0,1.221,
23646.7,heavy,3103,0,4.428,
23650.0,heavy,3101,1,3.735,
23653.3,heavy,3102,0,0.835,
23656.7,heavy,3103,0,4.166,
23660.0,heavy,3101,0,3.233,
23663.3,heavy,3102,1,1.309,
23666.7,heavy,3103,0,3.983,
23670.0,heavy,3101,1,3.588,
23673.3,heavy,3102,0,1.045,
23676.7,heavy,3103,0,4.747,
23680.0,heavy,3101,1,3.952,
23683.3,heavy,3102,0,1.094,
23686.7,heavy,3103,0,3.165,
23690.0,heavy,3101,1,4.363,
23693.3,heavy,3102,0,1.096,
23696.7,heavy,3103,1,5.124,
23700.0,heavy,3101,0,4.062,
23700.0,light-3,3102,1,1.361,
23700.0,light-1,3103,1,1.800,
23700.0,light-4,3103,1,2.254,
23700.0,light-2,3101,1,2.508,
23700.0,light-5,3101,1,2.879,
23703.3,heavy,3102,0,1.348,
23706.7,heavy,3102,0,1.183,
23710.0,heavy,3103,0,4.150,
23713.3,heavy,3101,1,3.711,
23716.7,heavy,3102,1,1.258,
23720.0,heavy,3103,0,4.298,
23723.3,heavy,3101,0,3.709,
23726.7,heavy,3102,1,1.031,
23730.0,heavy,3103,0,3.273,
23733.3,heavy,3101,0,3.191,
23736.7,heavy,3102,1,1.216,
23740.0,heavy,3103,0,5.280,
23743.3,heavy,3101,0,2.964,
23746.7,heavy,3102,1,1.216,
23750.0,heavy,3103,0,5.732,
23753.3,heavy,3101,0,3.400,
23756.7,heavy,3102,0,0.982,
23760.0,heavy,3103,0,4.723,
23763.3,heavy,3101,1,4.988,
23766.7,heavy,3102,1,1.368,
23770.0,heavy,3103,0,6.314,
23773.3,heavy,3101,0,2.972,
23776.7,heavy,3102,1,1.139,
23780.0,heavy,3103,0,3.219,
23783.3,heavy,3101,0,6.601,
23786.7,heavy,3102,1,1.694,
23790.0,heavy,3103,0,6.973,
23793.3,heavy,3101,0,6.722,
23796.7,heavy,3102,1,1.684,
23800.0,heavy,3103,0,6.579,
23800.0,light-1,3101,1,1.655,
23800.0,light-3,3103,1,2.576,
23800.0,light-2,3102,1,6.512,
23800.0,light-4,3101,1,6.527,
23800.0,light-5,3102,1,7.399,
23803.3,heavy,3103,0,3.793,
23806.7,heavy,3101,0,3.097,
23810.0,heavy,3102,1,1.210,
23813.3,heavy,3103,0,3.494,
23816.7,heavy,3101,1,4.139,
23820.0,heavy,3102,0,1.052,
23823.3,heavy,3103,0,3.921,
23826.7,heavy,3101,0,3.204,
23830.0,heavy,3102,1,1.745,
23833.3,heavy,3103,0,3.936,
23836.7,heavy,3101,1,4.338,
23840.0,heavy,3102,0,1.054,
23843.3,heavy,3103,0,3.783,
23846.7,heavy,3101,0,3.100,
23850.0,heavy,3102,1,1.073,
23853.3,heavy,3103,0,4.252,
23856.7,heavy,3101,0,3.450,
23860.0,heavy,3102,1,1.269,
23863.3,heavy,3103,0,2.457,
23866.7,heavy,3101,0,2.202,
23870.0,heavy,3102,1,0.757,
23873.3,heavy,3103,1,4.744,
23876.7,heavy,3101,0,3.280,
23880.0,heavy,3102,0,1.084,
23883.3,heavy,3103,0,4.458,
23886.7,heavy,3101,0,3.561,
23890.0,heavy,3102,1,1.278,
23893.3,heavy,3103,0,3.838,
23896.7,heavy,3101,0,4.373,
23900.0,heavy,3102,1,1.424,
23900.0,light-3,3102,1,1.772,
23900.0,light-2,3101,1,2.608,
23900.0,light-4,3103,1,2.675,
23900.0,light-5,3101,1,2.762,
23900.0,light-1,3103,1,4.749,
23903.3,heavy,3102,0,1.029,
23906.7,heavy,3103,1,4.526,
23910.0,heavy,3101,0,3.078,
23913.3,heavy,3102,0,1.168,
23916.7,heavy,3103,0,3.354,
23920.0,heavy,3101,1,4.519,
23923.3,heavy,3102,0,1.574,
23926.7,heavy,3103,0,4.289,
23930.0,heavy,3101,1,3.421,
23933.3,heavy,3102,1,1.281,
23936.7,heavy,3103,0,4.035,
23940.0,heavy,3101,0,3.784,
23943.3,heavy,3102,0,0.996,
23946.7,heavy,3103,0,5.313,
23950.0,heavy,3101,0,5.674,
23953.3,heavy,3102,1,3.296,
23956.7,heavy,3103,0,6.119,
23960.0,heavy,3101,1,3.748,
23963.3,heavy,3102,0,0.896,
23966.7,heavy,3103,0,3.843,
23970.0,heavy,3101,1,4.100,
23973.3,heavy,3102,0,1.463,
23976.7,heavy,3103,0,4.186,
23980.0,heavy,3101,0,3.491,
23983.3,heavy,3102,1,2.199,
23986.7,heavy,3103,0,1.708,
23990.0,heavy,3101,1,3.515,
23993.3,heavy,3102,0,1.150,
23996.7,heavy,3103,0,5.082,
24000.0,heavy,3101,1,4.971,
24000.0,light-3,3101,1,2.351,
24000.0,light-2,3103,1,2.898,
24000.0,light-4,3102,1,2.943,
24000.0,light-5,3103,1,3.021,
24000.0,light-1,3102,1,5.423,
24003.3,heavy,3101,0,3.058,
24006.7,heavy,3102,0,0.760,
24010.0,heavy,3103,0,4.994,
24013.3,heavy,3101,1,4.719,
24016.7,heavy,3102,1,1.731,
24020.0,heavy,3103,0,4.598,
24023.3,heavy,3101,1,5.286,
24026.7,heavy,3102,0,1.332,
24030.0,heavy,3103,0,4.902,
24033.3,heavy,3101,1,4.902,
24036.7,heavy,3102,0,1.740,
24040.0,heavy,3103,0,4.597,
24043.3,heavy,3101,0,19.508,
24046.7,heavy,3102,0,1.125,
24050.0,heavy,3103,1,5.004,
24053.3,heavy,3101,0,4.872,
24056.7,heavy,3102,1,1.458,
24060.0,heavy,3103,0,5.385,
24063.3,heavy,3101,0,5.204,
24066.7,heavy,3102,0,0.838,
24070.0,heavy,3103,0,4.507,
24073.3,heavy,3101,1,4.863,
24076.7,heavy,3102,1,1.372,
24080.0,heavy,3103,0,3.506,
24083.3,heavy,3101,0,1.677,
24086.7,heavy,3102,1,1.625,
24090.0,heavy,3103,0,3.644,
24093.3,heavy,3101,0,3.086,
24096.7,heavy,3102,0,0.829,
24100.0,heavy,3103,0,5.636,
24100.0,light-2,3102,1,2.057,
24100.0,light-5,3102,1,2.398,
24100.0,light-1,3101,1,3.104,
24100.0,light-4,3101,1,3.145,
24100.0,light-3,3103,1,3.362,
24103.3,heavy,3101,1,4.583,
24106.7,heavy,3102,1,1.887,
24110.0,heavy,3103,0,5.354,
24113.3,heavy,3103,0,2.788,
24116.7,heavy,3101,0,4.008,
24120.0,heavy,3102,1,1.650,
24123.3,heavy,3103,0,3.969,
24126.7,heavy,3101,0,3.816,
24130.0,heavy,3102,1,2.166,
24133.3,heavy,3103,0,5.501,
24136.7,heavy,3101,1,4.846,
24140.0,heavy,3102,0,1.761,
24143.3,heavy,3103,0,4.348,
24146.7,heavy,3101,1,4.230,
24150.0,heavy,3102,0,1.237,
24153.3,heavy,3103,0,4.469,
24156.7,heavy,3101,1,5.968,
24160.0,heavy,3102,0,1.609,
24163.3,heavy,3103,0,4.485,
24166.7,heavy,3101,1,5.093,
24170.0,heavy,3102,0,1.198,
24173.3,heavy,3103,0,4.534,
24176.7,heavy,3101,0,3.232,
24180.0,heavy,3102,1,1.147,
24183.3,heavy,3103,0,4.131,
24186.7,heavy,3101,0,3.446,
24190.0,heavy,3102,1,1.387,
24193.3,heavy,3103,0,3.338,
24196.7,heavy,3101,1,5.568,
24200.0,heavy,3102,1,1.418,
24200.0,light-1,3102,1,1.729,
24200.0,light-4,3102,1,2.000,
24200.0,light-2,3103,1,3.148,
24200.0,light-5,3103,1,7.114,
24200.0,light-3,3101,1,7.760,
24203.3,heavy,3103,0,5.705,
24206.7,heavy,3101,0,5.576,
24210.0,heavy,3101,0,4.927,
24213.3,heavy,3102,0,0.908,
24216.7,heavy,3103,0,5.058,
24220.0,heavy,3101,1,3.853,
24223.3,heavy,3102,0,1.275,
24226.7,heavy,3103,1,4.551,
24230.0,heavy,3101,0,2.821,
24233.3,heavy,3102,0,1.164,
24236.7,heavy,3103,1,5.053,
24240.0,heavy,3101,0,2.972,
24243.3,heavy,3102,0,1.033,
24246.7,heavy,3103,0,4.014,
24250.0,heavy,3101,0,3.187,
24253.3,heavy,3102,1,1.354,
24256.7,heavy,3103,1,4.986,
24260.0,heavy,3101,0,3.067,
24263.3,heavy,3102,0,1.354,
24266.7,heavy,3103,1,5.089,
24270.0,heavy,3101,0,4.171,
24273.3,heavy,3102,0,1.181,
24276.7,heavy,3103,0,4.305,
24280.0,heavy,3101,0,3.366,
24283.3,heavy,3102,1,1.400,
24286.7,heavy,3103,0,3.013,
24290.0,heavy,3101,1,3.692,
24293.3,heavy,3102,0,1.082,
24296.7,heavy,3103,0,5.186,
24300.0,heavy,3101,1,4.471,
24300.0,light-1,3102,1,1.522,
24300.0,light-4,3102,1,1.998,
24300.0,light-3,3101,1,2.527,
24300.0,light-2,3103,1,2.933,
24300.0,light-5,3103,1,3.430,
24303.3,heavy,3101,0,2.991,
24306.7,heavy,3102,1,1.455,
24310.0,heavy,3103,0,3.562,
24313.3,heavy,3101,0,3.013,
24316.7,heavy,3102,0,1.474,
24320.0,heavy,3103,1,7.451,
24323.3,heavy,3101,1,3.295,
24326.7,heavy,3102,0,1.040,
24330.0,heavy,3103,0,3.589,
24333.3,heavy,3101,0,2.836,
24336.7,heavy,3102,0,0.898,
24340.0,heavy,3103,1,4.392,
24343.3,heavy,3101,0,3.930,
24346.7,heavy,3102,1,1.975,
24350.0,heavy,3103,0,4.283,
24353.3,heavy,3101,0,3.248,
24356.7,heavy,3102,0,1.231,
24360.0,heavy,3103,0,4.047,
24363.3,heavy,3101,1,3.357,
24366.7,heavy,3102,0,0.675,
24370.0,heavy,3103,0,3.577,
24373.3,heavy,3101,1,3.561,
24376.7,heavy,3102,1,1.248,
24380.0,heavy,3103,0,3.143,
24383.3,heavy,3101,0,3.038,
24386.7,heavy,3102,1,1.401,
24390.0,heavy,3103,0,3.369,
24393.3,heavy,3101,0,2.707,
24396.7,heavy,3102,0,1.057,
24400.0,heavy,3103,0,4.828,
24400.0,light-2,3102,1,1.980,
24400.0,light-5,3102,1,2.227,
24400.0,light-1,3101,1,2.990,
24400.0,light-4,3101,1,2.906,
24400.0,light-3,3103,1,3.052,
24403.3,heavy,3101,1,4.341,
24406.7,heavy,3102,1,1.752,
24410.0,heavy,3103,0,4.564,
24413.3,heavy,3103,0,2.097,
24416.7,heavy,3101,0,3.512,
24420.0,heavy,3102,1,1.502,
24423.3,heavy,3103,0,3.635,
24426.7,heavy,3101,0,1.895,
24430.0,heavy,3102,1,0.964,
24433.3,heavy,3103,0,4.208,
24436.7,heavy,3101,0,3.317,
24440.0,heavy,3102,1,1.323,
24443.3,heavy,3103,0,3.548,
24446.7,heavy,3101,1,3.600,
24450.0,heavy,3102,0,1.086,
24453.3,heavy,3103,0,4.011,
24456.7,heavy,3101,0,2.871,
24460.0,heavy,3102,1,1.334,
24463.3,heavy,3103,0,3.828,
24466.7,heavy,3101,0,3.042,
24470.0,heavy,3102,1,1.430,
24473.3,heavy,3103,0,3.582,
24476.7,heavy,3101,0,3.066,
24480.0,heavy,3102,1,1.508,
24483.3,heavy,3103,0,4.711,
24486.7,heavy,3101,0,4.177,
24490.0,heavy,3102,1,1.688,
24493.3,heavy,3103,0,3.661,
24496.7,heavy,3101,0,2.858,
24500.0,heavy,3102,1,1.620,
24500.0,light-2,3101,1,1.294,
24500.0,light-1,3103,1,1.576,
24500.0,light-3,3102,1,1.595,
24500.0,light-4,3103,1,1.747,
24500.0,light-5,3101,1,1.853,
24503.3,heavy,3102,0,1.465,
24506.7,heavy,3103,1,4.115,
24510.0,heavy,3101,0,3.113,
24513.3,heavy,3102,1,1.198,
24516.7,heavy,3103,0,3.810,
24520.0,heavy,3101,0,3.548,
24523.3,heavy,3102,0,1.308,
24526.7,heavy,3103,0,5.432,
24530.0,heavy,3101,0,4.231,
24533.3,heavy,3102,1,1.129,
24536.7,heavy,3103,0,4.135,
24540.0,heavy,3101,1,3.590,
24543.3,heavy,3102,0,1.275,
24546.7,heavy,3103,0,5.584,
24550.0,heavy,3101,1,4.604,
24553.3,heavy,3102,0,0.806,
24556.7,heavy,3103,0,3.177,
24560.0,heavy,3101,1,3.737,
24563.3,heavy,3102,0,0.703,
24566.7,heavy,3103,0,4.128,
24570.0,heavy,3101,0,3.278,
24573.3,heavy,3102,1,1.527,
24576.7,heavy,3103,0,3.744,
24580.0,heavy,3101,0,3.252,
24583.3,heavy,3102,1,1.235,
24586.7,heavy,3103,0,5.166,
24590.0,heavy,3101,1,3.596,
24593.3,heavy,3102,1,1.325,
24596.7,heavy,3103,0,4.899,
24600.0,heavy,3101,0,3.864,
24600.0,light-1,3102,1,1.359,
24600.0,light-2,3103,1,1.530,
24600.0,light-4,3102,1,1.617,
24600.0,light-5,3103,1,2.396,
24600.0,light-3,3101,1,2.977,
24603.3,heavy,3101,0,3.323,
24606.7,heavy,3102,0,1.025,
24610.0,heavy,3103,1,5.313,
24613.3,heavy,3101,1,4.367,
24616.7,heavy,3102,0,0.951,
24620.0,heavy,3103,0,2.974,
24623.3,heavy,3101,0,3.273,
24626.7,heavy,3102,1,1.136,
24630.0,heavy,3103,0,4.153,
24633.3,heavy,3101,0,3.525,
24636.7,heavy,3102,0,1.275,
24640.0,heavy,3103,0,3.721,
24643.3,heavy,3101,1,3.583,
24646.7,heavy,3102,0,0.886,
24650.0,heavy,3103,0,4.283,
24653.3,heavy,3101,1,3.908,
24656.7,heavy,3102,1,1.581,
24660.0,heavy,3103,0,4.389,
24663.3,heavy,3101,0,3.516,
24666.7,heavy,3102,0,1.196,
24670.0,heavy,3103,0,4.202,
24673.3,heavy,3101,1,3.496,
24676.7,heavy,3102,0,0.790,
24680.0,heavy,3103,0,4.403,
24683.3,heavy,3101,1,3.629,
24686.7,heavy,3102,1,1.109,
24690.0,heavy,3103,0,4.031,
24693.3,heavy,3101,0,3.000,
24696.7,heavy,3102,0,0.958,
24700.0,heavy,3103,0,4.626,
24700.0,light-1,3102,1,1.402,
24700.0,light-4,3102,1,1.588,
24700.0,light-3,3101,1,2.221,
24700.0,light-2,3103,1,2.549,
24700.0,light-5,3103,1,2.973,
24703.3,heavy,3101,1,3.697,
24706.7,heavy,3101,0,3.231,
24710.0,heavy,3102,0,1.039,
24713.3,heavy,3103,0,3.754,
24716.7,heavy,3101,1,1.895,
24720.0,heavy,3102,1,1.238,
24723.3,heavy,3103,0,2.367,
24726.7,heavy,3101,1,4.041,
24730.0,heavy,3102,1,1.354,
24733.3,heavy,3103,0,4.152,
24736.7,heavy,3101,0,4.224,
24740.0,heavy,3102,0,0.765,
24743.3,heavy,3103,0,4.276,
24746.7,heavy,3101,0,3.507,
24750.0,heavy,3102,1,1.711,
24753.3,heavy,3103,0,3.968,
24756.7,heavy,3101,0,3.098,
24760.0,heavy,3102,1,1.120,
24763.3,heavy,3103,0,4.781,
24766.7,heavy,3101,1,4.334,
24770.0,heavy,3102,0,1.072,
24773.3,heavy,3103,0,3.600,
24776.7,heavy,3101,0,3.070,
24780.0,heavy,3102,1,1.012,
24783.3,heavy,3103,0,3.317,
24786.7,heavy,3101,1,3.843,
24790.0,heavy,3102,0,0.912,
24793.3,heavy,3103,0,5.941,
24796.7,heavy,3101,1,4.460,
24800.0,heavy,3102,0,1.354,
24800.0,light-2,3102,1,1.190,
24800.0,light-1,3101,1,1.555,
24800.0,light-5,3102,1,1.513,
24800.0,light-3,3103,1,3.082,
24800.0,light-4,3101,1,3.510,
24803.3,heavy,3103,0,4.159,
24806.7,heavy,3103,1,5.109,
24810.0,heavy,3101,0,3.009,
24813.3,heavy,3102,0,0.959,
24816.7,heavy,3103,0,4.725,
24820.0,heavy,3101,1,4.144,
24823.3,heavy,3102,1,1.523,
24826.7,heavy,3103,0,4.452,
24830.0,heavy,3101,0,4.175,
24833.3,heavy,3102,0,1.448,
24836.7,heavy,3103,1,4.374,
24840.0,heavy,3101,0,3.217,
24843.3,heavy,3102,1,1.557,
24846.7,heavy,3103,0,4.152,
24850.0,heavy,3101,0,2.574,
24853.3,heavy,3102,1,1.103,
24856.7,heavy,3103,0,4.221,
24860.0,heavy,3101,0,2.841,
24863.3,heavy,3102,0,1.851,
24866.7,heavy,3103,0,2.665,
24870.0,heavy,3101,1,2.980,
24873.3,heavy,3102,1,0.953,
24876.7,heavy,3103,0,2.438,
24880.0,heavy,3101,0,2.563,
24883.3,heavy,3102,0,0.682,
24886.7,heavy,3103,0,4.283,
24890.0,heavy,3101,0,2.378,
24893.3,heavy,3102,1,1.024,
24896.7,heavy,3103,1,4.772,
24900.0,heavy,3101,0,3.057,
24900.0,light-1,3102,1,0.973,
24900.0,light-4,3102,1,1.169,
24900.0,light-2,3103,1,1.606,
24900.0,light-5,3103,1,1.903,
24900.0,light-3,3101,1,2.181,
24903.3,heavy,3101,0,3.303,
24906.7,heavy,3102,0,0.765,
24910.0,heavy,3103,1,3.480,
24913.3,heavy,3101,0,2.138,
24916.7,heavy,3102,1,1.059,
24920.0,heavy,3103,0,2.959,
24923.3,heavy,3101,0,2.609,
24926.7,heavy,3102,0,0.759,
24930.0,heavy,3103,0,2.797,
24933.3,heavy,3101,1,2.775,
24936.7,heavy,3102,1,0.933,
24940.0,heavy,3103,0,3.019,
24943.3,heavy,3101,0,2.448,
24946.7,heavy,3102,0,1.161,
24950.0,heavy,3103,0,4.658,
24953.3,heavy,3101,1,3.920,
24956.7,heavy,3102,1,1.358,
24960.0,heavy,3103,0,4.601,
24963.3,heavy,3101,0,4.449,
24966.7,heavy,3102,0,0.845,
24970.0,heavy,3103,0,3.281,
24973.3,heavy,3101,1,3.693,
24976.7,heavy,3102,1,1.121,
24980.0,heavy,3103,0,2.334,
24983.3,heavy,3101,0,2.692,
24986.7,heavy,3102,1,1.521,
24990.0,heavy,3103,0,3.074,
24993.3,heavy,3101,0,2.514,
24996.7,heavy,3102,0,2.070,
25000.0,heavy,3103,0,7.765,
25000.0,light-1,3101,1,2.658,
25000.0,light-4,3101,1,2.770,
25000.0,light-3,3103,1,3.091,
25000.0,light-2,3102,1,6.667,
25000.0,light-5,3102,1,7.891,
25003.3,heavy,3101,1,7.785,
25006.7,heavy,3102,1,1.472,
25010.0,heavy,3103,0,7.605,
25013.3,heavy,3103,0,3.740,
25016.7,heavy,3101,0,2.840,
25020.0,heavy,3102,1,1.040,
25023.3,heavy,3103,0,4.432,
25026.7,heavy,3101,0,2.957,
25030.0,heavy,3102,1,1.040,
25033.3,heavy,3103,0,4.223,
25036.7,heavy,3101,0,3.465,
25040.0,heavy,3102,1,1.363,
25043.3,heavy,3103,0,3.809,
25046.7,heavy,3101,1,2.949,
25050.0,heavy,3102,0,0.893,
25053.3,heavy,3103,1,4.831,
25056.7,heavy,3101,0,3.125,
25060.0,heavy,3102,0,1.235,
25063.3,heavy,3103,0,4.306,
25066.7,heavy,3101,0,3.366,
25070.0,heavy,3102,1,1.356,
25073.3,heavy,3103,0,3.094,
25076.7,heavy,3101,0,3.140,
25080.0,heavy,3102,1,1.446,
25083.3,heavy,3103,1,4.225,
25086.7,heavy,3101,0,3.719,
25090.0,heavy,3102,0,1.400,
25093.3,heavy,3103,0,8.568,
25096.7,heavy,3101,0,4.786,
25100.0,heavy,3102,1,1.308,
25100.0,light-5,3101,1,3.701,
25100.0,light-3,3102,1,6.900,
25100.0,light-2,3101,1,7.089,
25100.0,light-1,3103,1,7.767,
25100.0,light-4,3103,1,9.896,
25103.3,heavy,3102,0,2.395,
25106.7,heavy,3103,0,5.116,
25110.0,heavy,3101,1,3.991,
25113.3,heavy,3102,0,0.915,
25116.7,heavy,3103,1,4.073,
25120.0,heavy,3101,0,3.226,
25123.3,heavy,3102,0,0.990,
25126.7,heavy,3103,0,3.701,
25130.0,heavy,3101,0,2.928,
25133.3,heavy,3102,1,1.353,
25136.7,heavy,3103,0,3.466,
25140.0,heavy,3101,1,3.320,
25143.3,heavy,3102,0,1.147,
25146.7,heavy,3103,1,3.611,
25150.0,heavy,3101,0,3.335,
25153.3,heavy,3102,0,1.407,
25156.7,heavy,3103,0,3.165,
25160.0,heavy,3101,1,3.628,
25163.3,heavy,3102,0,1.037,
25166.7,heavy,3103,0,4.429,
25170.0,heavy,3101,1,3.545,
25173.3,heavy,3102,1,1.254,
25176.7,heavy,3103,0,4.346,
25180.0,heavy,3101,0,4.204,
25183.3,heavy,3102,0,0.992,
25186.7,heavy,3103,0,3.744,
25190.0,heavy,3101,0,3.000,
25193.3,heavy,3102,1,1.255,
25196.7,heavy,3103,0,4.536,
25200.0,heavy,3101,1,5.133,
25200.0,light-2,3103,1,1.294,
25200.0,light-5,3103,1,1.667,
25200.0,light-3,3101,1,2.136,
25200.0,light-4,3102,1,2.832,
25200.0,light-1,3102,1,4.831,
25203.3,heavy,3101,0,3.498,
25206.7,heavy,3102,0,0.952,
25210.0,heavy,3103,1,3.956,
25213.3,heavy,3101,0,3.514,
25216.7,heavy,3102,1,1.023,
25220.0,heavy,3103,0,3.492,
25223.3,heavy,3101,0,2.976,
25226.7,heavy,3102,0,1.296,
25230.0,heavy,3103,0,4.875,
25233.3,heavy,3101,1,4.012,
25236.7,heavy,3102,1,1.745,
25240.0,heavy,3103,0,4.625,
25243.3,heavy,3101,0,4.677,
25246.7,heavy,3102,0,0.841,
25250.0,heavy,3103,0,4.539,
25253.3,heavy,3101,1,4.864,
25256.7,heavy,3102,1,1.200,
25260.0,heavy,3103,0,3.700,
25263.3,heavy,3101,0,1.745,
25266.7,heavy,3102,1,1.433,
25270.0,heavy,3103,0,4.187,
25273.3,heavy,3101,0,3.504,
25276.7,heavy,3102,0,0.979,
25280.0,heavy,3103,0,4.939,
25283.3,heavy,3101,1,4.054,
25286.7,heavy,3102,1,1.335,
25290.0,heavy,3103,0,4.761,
25293.3,heavy,3101,0,1.678,
25296.7,heavy,3102,1,1.833,
25300.0,heavy,3103,0,5.380,
25300.0,light-1,3102,1,1.707,
25300.0,light-4,3102,1,2.068,
25300.0,light-2,3103,1,2.772,
25300.0,light-3,3101,1,6.637,
25300.0,light-5,3103,1,7.025,
25303.3,heavy,3101,0,3.995,
25306.7,heavy,3101,0,3.659,
25310.0,heavy,3102,1,1.037,
25313.3,heavy,3103,0,3.210,
25316.7,heavy,3101,0,3.325,
25320.0,heavy,3102,1,1.265,
25323.3,heavy,3103,0,4.130,
25326.7,heavy,3101,1,3.240,
25330.0,heavy,3102,0,1.130,
25333.3,heavy,3103,0,3.834,
25336.7,heavy,3101,0,3.345,
25340.0,heavy,3102,1,1.135,
25343.3,heavy,3103,0,4.208,
25346.7,heavy,3101,0,3.319,
25350.0,heavy,3102,1,1.335,
25353.3,heavy,3103,0,3.597,
25356.7,heavy,3101,1,4.073,
25360.0,heavy,3102,1,1.521,
25363.3,heavy,3103,0,4.305,
25366.7,heavy,3101,0,3.902,
25370.0,heavy,3102,0,1.324,
25373.3,heavy,3103,0,4.028,
25376.7,heavy,3101,0,3.279,
25380.0,heavy,3102,1,1.280,
25383.3,heavy,3103,0,3.745,
25386.7,heavy,3101,1,3.623,
25390.0,heavy,3102,0,1.030,
25393.3,heavy,3103,0,3.864,
25396.7,heavy,3101,1,4.864,
25400.0,heavy,3102,0,1.627,
25400.0,light-1,3103,1,1.593,
25400.0,light-3,3102,1,1.546,
25400.0,light-2,3101,1,1.757,
25400.0,light-5,3101,1,1.757,
25400.0,light-4,3103,1,1.916,
25403.3,heavy,3102,0,0.900,
25406.7,heavy,3103,0,4.173,
25410.0,heavy,3101,0,3.327,
25413.3,heavy,3102,1,1.463,
25416.7,heavy,3103,1,4.028,
25420.0,heavy,3101,0,2.921,
25423.3,heavy,3102,0,1.329,
25426.7,heavy,3103,0,3.760,
25430.0,heavy,3101,1,3.972,
25433.3,heavy,3102,0,0.902,
25436.7,heavy,3103,0,3.437,
25440.0,heavy,3101,0,2.738,
25443.3,heavy,3102,1,1.106,
25446.7,heavy,3103,0,2.167,
25450.0,heavy,3101,1,3.491,
25453.3,heavy,3102,1,1.233,
25456.7,heavy,3103,0,3.768,
25460.0,heavy,3101,0,3.602,
25463.3,heavy,3102,0,0.938,
25466.7,heavy,3103,0,4.391,
25470.0,heavy,3101,1,3.523,
25473.3,heavy,3102,1,1.278,
25476.7,heavy,3103,0,4.208,
25480.0,heavy,3101,0,3.243,
25483.3,heavy,3102,0,1.002,
25486.7,heavy,3103,0,4.027,
25490.0,heavy,3101,0,3.261,
25493.3,heavy,3102,1,1.518,
25496.7,heavy,3103,0,3.447,
25500.0,heavy,3101,1,4.044,
25500.0,light-2,3103,1,1.055,
25500.0,light-5,3103,1,1.440,
25500.0,light-1,3102,1,1.833,
25500.0,light-3,3101,1,1.966,
25500.0,light-4,3102,1,2.061,
25503.3,heavy,3101,0,1.592,
25506.7,heavy,3102,0,1.265,
25510.0,heavy,3103,0,5.302,
25513.3,heavy,3101,1,4.042,
25516.7,heavy,3102,1,1.836,
25520.0,heavy,3103,0,5.019,
25523.3,heavy,3101,0,4.653,
25526.7,heavy,3102,0,1.120,
25530.0,heavy,3103,0,3.943,
25533.3,heavy,3101,1,4.384,
25536.7,heavy,3102,1,1.092,
25540.0,heavy,3103,0,4.087,
25543.3,heavy,3101,0,5.267,
25546.7,heavy,3102,0,1.144,
25550.0,heavy,3103,0,3.831,
25553.3,heavy,3101,1,4.090,
25556.7,heavy,3102,0,1.131,
25560.0,heavy,3103,0,3.171,
25563.3,heavy,3101,1,1.766,
25566.7,heavy,3102,1,1.557,
25570.0,heavy,3103,0,3.581,
25573.3,heavy,3101,0,2.701,
25576.7,heavy,3102,0,1.401,
25580.0,heavy,3103,0,4.475,
25583.3,heavy,3101,1,4.912,
25586.7,heavy,3102,0,1.036,
25590.0,heavy,3103,0,3.025,
25593.3,heavy,3101,1,1.750,
25596.7,heavy,3102,1,1.472,
25600.0,heavy,3103,0,3.562,
25600.0,light-1,3101,1,1.271,
25600.0,light-4,3101,1,1.319,
25600.0,light-2,3102,1,1.517,
25600.0,light-5,3102,1,1.735,
25600.0,light-3,3103,1,2.463,
25603.3,heavy,3103,0,8.060,
25606.7,heavy,3101,0,2.697,
25610.0,heavy,3102,1,1.094,
25613.3,heavy,3103,0,5.213,
25616.7,heavy,3101,1,3.333,
25620.0,heavy,3102,0,0.820,
25623.3,heavy,3103,0,16.298,
25626.7,heavy,3101,0,2.501,
25630.0,heavy,3102,1,1.053,
25633.3,heavy,3103,0,6.196,
25636.7,heavy,3101,0,2.743,
25640.0,heavy,3102,1,1.297,
25643.3,heavy,3103,1,3.304,
25646.7,heavy,3101,0,2.199,
25650.0,heavy,3102,0,0.724,
25653.3,heavy,3103,0,2.724,
25656.7,heavy,3101,0,2.246,
25660.0,heavy,3102,1,0.900,
25663.3,heavy,3103,0,2.609,
25666.7,heavy,3101,1,3.445,
25670.0,heavy,3102,1,1.042,
25673.3,heavy,3103,0,2.777,
25676.7,heavy,3101,0,3.254,
25680.0,heavy,3102,0,0.804,
25683.3,heavy,3103,0,3.170,
25686.7,heavy,3101,0,2.525,
25690.0,heavy,3102,1,1.084,
25693.3,heavy,3103,0,2.927,
25696.7,heavy,3101,0,2.200,
25700.0,heavy,3102,1,1.539,
25700.0,light-3,3102,1,1.676,
25700.0,light-2,3101,1,2.340,
25700.0,light-1,3103,1,2.487,
25700.0,light-5,3101,1,2.487,
25700.0,light-4,3103,1,2.617,
25703.3,heavy,3103,0,3.586,
25706.7,heavy,3101,0,3.102,
25710.0,heavy,3102,1,1.444,
25713.3,heavy,3102,0,0.780,
25716.7,heavy,3103,1,7.878,
25720.0,heavy,3101,0,3.017,
25723.3,heavy,3102,1,1.239,
25726.7,heavy,3103,0,6.995,
25730.0,heavy,3101,0,3.123,
25733.3,heavy,3102,0,0.883,
25736.7,heavy,3103,0,3.603,
25740.0,heavy,3101,1,6.867,
25743.3,heavy,3102,0,1.254,
25746.7,heavy,3103,1,4.693,
25750.0,heavy,3101,0,3.664,
25753.3,heavy,3102,0,1.381,
25756.7,heavy,3103,1,4.631,
25760.0,heavy,3101,0,2.729,
25763.3,heavy,3102,0,0.854,
25766.7,heavy,3103,0,3.168,
25770.0,heavy,3101,1,3.375,
25773.3,heavy,3102,0,4.096,
25776.7,heavy,3103,1,3.280,
25780.0,heavy,3101,0,2.376,
25783.3,heavy,3102,0,1.097,
25786.7,heavy,3103,1,3.581,
25790.0,heavy,3101,0,2.642,
25793.3,heavy,3102,0,0.938,
25796.7,heavy,3103,0,4.148,
25800.0,heavy,3101,0,3.192,
25800.0,light-3,3102,1,1.497,
25800.0,light-2,3101,1,2.095,
25800.0,light-1,3103,1,2.414,
25800.0,light-5,3101,1,2.369,
25800.0,light-4,3103,1,2.732,
25803.3,heavy,3102,1,1.270,
25806.7,heavy,3102,0,0.952,
25810.0,heavy,3103,0,3.571,
25813.3,heavy,3101,1,3.780,
25816.7,heavy,3102,1,1.119,
25820.0,heavy,3103,0,3.489,
25823.3,heavy,3101,0,1.462,
25826.7,heavy,3102,1,1.058,
25830.0,heavy,3103,0,3.421,
25833.3,heavy,3101,0,2.816,
25836.7,heavy,3102,0,0.809,
25840.0,heavy,3103,0,3.913,
25843.3,heavy,3101,1,3.276,
25846.7,heavy,3102,0,1.083,
25850.0,heavy,3103,0,3.265,
25853.3,heavy,3101,1,1.699,
25856.7,heavy,3102,1,1.516,
25860.0,heavy,3103,0,4.217,
25863.3,heavy,3101,0,3.772,
25866.7,heavy,3102,1,0.940,
25870.0,heavy,3103,0,3.693,
25873.3,heavy,3101,0,3.107,
25876.7,heavy,3102,0,1.176,
25880.0,heavy,3103,0,4.485,
25883.3,heavy,3101,1,3.644,
25886.7,heavy,3102,1,1.172,
25890.0,heavy,3103,0,4.259,
25893.3,heavy,3101,0,2.780,
25896.7,heavy,3102,0,0.796,
25900.0,heavy,3103,0,4.226,
25900.0,light-3,3102,1,2.956,
25900.0,light-2,3101,1,3.301,
25900.0,light-1,3103,1,3.444,
25900.0,light-5,3101,1,3.344,
25900.0,light-4,3103,1,3.506,
25903.3,heavy,3101,0,3.891,
25906.7,heavy,3102,1,1.433,
25910.0,heavy,3102,1,1.812,
25913.3,heavy,3103,0,3.360,
25916.7,heavy,3101,0,3.630,
25920.0,heavy,3102,1,1.247,
25923.3,heavy,3103,0,3.653,
25926.7,heavy,3101,0,2.935,
25930.0,heavy,3102,1,1.114,
25933.3,heavy,3103,0,4.201,
25936.7,heavy,3101,0,3.398,
25940.0,heavy,3102,1,1.324,
25943.3,heavy,3103,0,3.899,
25946.7,heavy,3101,0,3.012,
25950.0,heavy,3102,1,0.958,
25953.3,heavy,3103,0,3.963,
25956.7,heavy,3101,0,3.238,
25960.0,heavy,3102,1,1.195,
25963.3,heavy,3103,0,3.793,
25966.7,heavy,3101,0,3.240,
25970.0,heavy,3102,1,0.951,
25973.3,heavy,3103,0,4.255,
25976.7,heavy,3101,1,3.576,
25980.0,heavy,3102,0,0.832,
25983.3,heavy,3103,0,3.753,
25986.7,heavy,3101,0,3.019,
25990.0,heavy,3102,1,1.075,
25993.3,heavy,3103,0,3.579,
25996.7,heavy,3101,1,3.533,
26000.0,heavy,3102,0,2.071,
26000.0,light-1,3103,1,1.227,
26000.0,light-2,3101,1,1.598,
26000.0,light-4,3103,1,1.653,
26000.0,light-5,3101,1,1.861,
26000.0,light-3,3102,1,2.070,
26003.3,heavy,3102,0,1.029,
26006.7,heavy,3103,0,4.314,
26010.0,heavy,3101,1,3.916,
26013.3,heavy,3102,0,0.997,
26016.7,heavy,3103,0,3.808,
26020.0,heavy,3101,0,3.182,
26023.3,heavy,3102,1,1.254,
26026.7,heavy,3103,0,3.409,
26030.0,heavy,3101,1,3.774,
26033.3,heavy,3102,0,1.048,
26036.7,heavy,3103,0,3.751,
26040.0,heavy,3101,0,3.074,
26043.3,heavy,3102,1,1.011,
26046.7,heavy,3103,0,6.564,
26050.0,heavy,3101,1,5.391,
26053.3,heavy,3102,1,1.562,
26056.7,heavy,3103,0,6.276,
26060.0,heavy,3101,0,4.370,
26063.3,heavy,3102,0,1.140,
26066.7,heavy,3103,0,4.430,
26070.0,heavy,3101,0,3.598,
26073.3,heavy,3102,1,1.413,
26076.7,heavy,3103,1,5.148,
26080.0,heavy,3101,0,3.115,
26083.3,heavy,3102,0,1.032,
26086.7,heavy,3103,0,3.765,
26090.0,heavy,3101,1,3.958,
26093.3,heavy,3102,0,1.163,
26096.7,heavy,3103,0,4.798,
26100.0,heavy,3101,0,3.633,
26100.0,light-3,3102,1,2.324,
26100.0,light-2,3101,1,2.550,
26100.0,light-1,3103,1,2.705,
26100.0,light-5,3101,1,2.657,
26100.0,light-4,3103,1,3.117,
26103.3,heavy,3102,1,1.906,
26106.7,heavy,3102,0,1.014,
26110.0,heavy,3103,1,4.565,
26113.3,heavy,3101,0,3.773,
26116.7,heavy,3102,1,1.281,
26120.0,heavy,3103,0,4.292,
26123.3,heavy,3101,0,2.905,
26126.7,heavy,3102,0,0.799,
26130.0,heavy,3103,0,4.058,
26133.3,heavy,3101,1,4.311,
26136.7,heavy,3102,0,1.031,
26140.0,heavy,3103,0,2.894,
26143.3,heavy,3101,1,1.503,
26146.7,heavy,3102,1,1.004,
26150.0,heavy,3103,0,3.083,
26153.3,heavy,3101,0,2.642,
26156.7,heavy,3102,0,0.850,
26160.0,heavy,3103,1,4.453,
26163.3,heavy,3101,0,3.689,
26166.7,heavy,3102,1,0.959,
26170.0,heavy,3103,0,2.449,
26173.3,heavy,3101,0,3.785,
26176.7,heavy,3102,1,1.453,
26180.0,heavy,3103,0,4.090,
26183.3,heavy,3101,0,2.963,
26186.7,heavy,3102,0,1.112,
26190.0,heavy,3103,0,3.988,
26193.3,heavy,3101,1,4.898,
26196.7,heavy,3102,0,1.315,
26200.0,heavy,3103,0,5.868,
26200.0,light-1,3101,1,1.994,
26200.0,light-3,3103,1,3.165,
26200.0,light-4,3101,1,5.892,
26200.0,light-2,3102,1,6.183,
26200.0,light-5,3102,1,6.996,
26203.3,heavy,3103,0,2.830,
26206.7,heavy,3101,1,1.592,
26210.0,heavy,3102,1,1.095,
26213.3,heavy,3103,0,4.443,
26216.7,heavy,3101,1,4.704,
26220.0,heavy,3102,1,1.457,
26223.3,heavy,3103,0,4.745,
26226.7,heavy,3101,0,4.835,
26230.0,heavy,3102,0,0.846,
26233.3,heavy,3103,0,4.121,
26236.7,heavy,3101,0,3.519,
26240.0,heavy,3102,1,1.276,
26243.3,heavy,3103,0,2.641,
26246.7,heavy,3101,0,3.462,
26250.0,heavy,3102,1,1.227,
26253.3,heavy,3103,1,4.357,
26256.7,heavy,3101,0,3.811,
26260.0,heavy,3102,0,1.298,
26263.3,heavy,3103,0,4.293,
26266.7,heavy,3101,0,3.618,
26270.0,heavy,3102,1,1.200,
26273.3,heavy,3103,0,4.130,
26276.7,heavy,3101,0,2.595,
26280.0,heavy,3102,1,1.452,
26283.3,heavy,3103,0,3.888,
26286.7,heavy,3101,0,3.395,
26290.0,heavy,3102,1,0.933,
26293.3,heavy,3103,0,3.643,
26296.7,heavy,3101,0,3.213,
26300.0,heavy,3102,1,1.249,
26300.0,light-5,3101,1,2.312,
26300.0,light-2,3101,1,4.877,
26300.0,light-1,3103,1,5.139,
26300.0,light-4,3103,1,6.697,
26300.0,light-3,3102,1,7.220,
26303.3,heavy,3102,0,1.057,
26306.7,heavy,3103,0,3.259,
26310.0,heavy,3101,1,3.713,
26313.3,heavy,3102,0,0.999,
26316.7,heavy,3103,1,4.129,
26320.0,heavy,3101,0,3.017,
26323.3,heavy,3102,0,0.960,
26326.7,heavy,3103,0,3.188,
26330.0,heavy,3101,1,3.371,
26333.3,heavy,3102,0,0.921,
26336.7,heavy,3103,0,5.003,
26340.0,heavy,3101,1,4.188,
26343.3,heavy,3102,1,1.294,
26346.7,heavy,3103,0,4.882,
26350.0,heavy,3101,0,4.733,
26353.3,heavy,3102,0,0.900,
26356.7,heavy,3103,0,3.539,
26360.0,heavy,3101,0,3.033,
26363.3,heavy,3102,1,1.496,
26366.7,heavy,3103,0,1.753,
26370.0,heavy,3101,1,5.306,
26373.3,heavy,3102,1,1.542,
26376.7,heavy,3103,0,4.405,
26380.0,heavy,3101,0,5.061,
26383.3,heavy,3102,0,1.433,
26386.7,heavy,3103,1,5.761,
26390.0,heavy,3101,0,4.043,
26393.3,heavy,3102,0,1.408,
26396.7,heavy,3103,1,7.147,
26400.0,heavy,3101,0,6.446,
26400.0,light-2,3103,1,1.931,
26400.0,light-4,3102,1,4.046,
26400.0,light-1,3102,1,6.569,
26400.0,light-5,3103,1,6.484,
26400.0,light-3,3101,1,6.757,
26403.3,heavy,3101,0,5.197,
26406.7,heavy,3102,1,2.539,
26410.0,heavy,3103,0,4.583,
26413.3,heavy,3101,0,4.544,
26416.7,heavy,3102,0,1.276,
26420.0,heavy,3103,0,5.929,
26423.3,heavy,3101,1,4.740,
26426.7,heavy,3102,1,1.610,
26430.0,heavy,3103,0,5.318,
26433.3,heavy,3101,0,4.994,
26436.7,heavy,3102,0,1.751,
26440.0,heavy,3103,0,4.337,
26443.3,heavy,3101,1,2.457,
26446.7,heavy,3102,0,1.133,
26450.0,heavy,3103,0,5.461,
26453.3,heavy,3101,0,4.769,
26456.7,heavy,3102,1,1.665,
26460.0,heavy,3103,0,5.168,
26463.3,heavy,3101,0,4.869,
26466.7,heavy,3102,1,1.480,
26470.0,heavy,3103,1,5.595,
26473.3,heavy,3101,0,4.224,
26476.7,heavy,3102,1,1.367,
26480.0,heavy,3103,0,3.761,
26483.3,heavy,3101,0,3.052,
26486.7,heavy,3102,0,0.763,
26490.0,heavy,3103,0,3.812,
26493.3,heavy,3101,1,3.964,
26496.7,heavy,3102,1,0.851,
26500.0,heavy,3103,0,4.189,
26500.0,light-2,3102,1,1.395,
26500.0,light-1,3101,1,1.602,
26500.0,light-5,3102,1,1.591,
26500.0,light-4,3101,1,1.707,
26500.0,light-3,3103,1,2.915,
26503.3,heavy,3103,0,4.050,
26506.7,heavy,3101,0,2.535,
26510.0,heavy,3102,1,1.129,
26513.3,heavy,3103,0,3.994,
26516.7,heavy,3101,0,3.227,
26520.0,heavy,3102,1,1.373,
26523.3,heavy,3103,0,3.762,
26526.7,heavy,3101,0,3.113,
26530.0,heavy,3102,1,0.899,
26533.3,heavy,3103,0,3.751,
26536.7,heavy,3101,0,3.180,
26540.0,heavy,3102,1,1.178,
26543.3,heavy,3103,0,3.289,
26546.7,heavy,3101,1,5.059,
26550.0,heavy,3102,1,2.570,
26553.3,heavy,3103,0,4.470,
26556.7,heavy,3101,0,4.787,
26560.0,heavy,3102,0,0.972,
26563.3,heavy,3103,0,5.838,
26566.7,heavy,3101,0,3.231,
26570.0,heavy,3102,1,1.544,
26573.3,heavy,3103,0,5.630,
26576.7,heavy,3101,0,2.967,
26580.0,heavy,3102,1,1.260,
26583.3,heavy,3103,0,3.284,
26586.7,heavy,3101,0,2.888,
26590.0,heavy,3102,1,0.792,
26593.3,heavy,3103,0,4.298,
26596.7,heavy,3101,0,3.660,
26600.0,heavy,3102,1,1.483,
26600.0,light-2,3102,1,1.821,
26600.0,light-5,3102,1,2.199,
26600.0,light-1,3101,1,2.467,
26600.0,light-4,3101,1,2.490,
26600.0,light-3,3103,1,2.620,
26603.3,heavy,3103,0,4.116,
26606.7,heavy,3103,0,2.290,
26610.0,heavy,3101,1,4.540,
26613.3,heavy,3102,1,1.281,
26616.7,heavy,3103,0,3.647,
26620.0,heavy,3101,0,4.371,
26623.3,heavy,3102,0,1.099,
26626.7,heavy,3103,0,4.822,
26630.0,heavy,3101,0,3.752,
26633.3,heavy,3102,1,1.548,
26636.7,heavy,3103,0,3.466,
26640.0,heavy,3101,1,4.119,
26643.3,heavy,3102,0,1.087,
26646.7,heavy,3103,0,4.011,
26650.0,heavy,3101,1,4.294,
26653.3,heavy,3102,0,1.055,
26656.7,heavy,3103,0,4.351,
26660.0,heavy,3101,0,3.560,
26663.3,heavy,3102,1,1.194,
26666.7,heavy,3103,0,4.136,
26670.0,heavy,3101,1,3.692,
26673.3,heavy,3102,0,0.993,
26676.7,heavy,3103,0,3.683,
26680.0,heavy,3101,0,3.028,
26683.3,heavy,3102,1,1.051,
26686.7,heavy,3103,0,4.337,
26690.0,heavy,3101,1,5.426,
26693.3,heavy,3102,1,1.279,
26696.7,heavy,3103,0,5.163,
26700.0,heavy,3101,0,4.423,
26700.0,light-1,3102,1,1.550,
26700.0,light-2,3103,1,1.593,
26700.0,light-4,3102,1,1.610,
26700.0,light-5,3103,1,1.680,
26700.0,light-3,3101,1,3.062,
26703.3,heavy,3101,0,3.588,
26706.7,heavy,3102,0,1.003,
26710.0,heavy,3103,0,4.123,
26713.3,heavy,3101,1,4.340,
26716.7,heavy,3102,0,0.856,
26720.0,heavy,3103,0,4.124,
26723.3,heavy,3101,1,4.098,
26726.7,heavy,3102,1,1.400,
26730.0,heavy,3103,0,2.697,
26733.3,heavy,3101,0,3.558,
26736.7,heavy,3102,1,1.408,
26740.0,heavy,3103,0,3.878,
26743.3,heavy,3101,0,3.697,
26746.7,heavy,3102,0,0.840,
26750.0,heavy,3103,0,4.387,
26753.3,heavy,3101,1,4.786,
26756.7,heavy,3102,1,1.073,
26760.0,heavy,3103,0,3.509,
26763.3,heavy,3101,0,1.355,
26766.7,heavy,3102,1,1.513,
26770.0,heavy,3103,0,3.729,
26773.3,heavy,3101,0,2.617,
26776.7,heavy,3102,0,1.192,
26780.0,heavy,3103,0,4.700,
26783.3,heavy,3101,1,5.278,
26786.7,heavy,3102,1,1.359,
26790.0,heavy,3103,0,4.949,
26793.3,heavy,3101,0,2.043,
26796.7,heavy,3102,0,1.300,
26800.0,heavy,3103,0,4.803,
26800.0,light-1,3102,1,1.305,
26800.0,light-4,3102,1,1.593,
26800.0,light-3,3101,1,2.467,
26800.0,light-2,3103,1,2.636,
26800.0,light-5,3103,1,3.116,
26803.3,heavy,3101,1,4.449,
26806.7,heavy,3101,0,3.647,
26810.0,heavy,3102,0,0.838,
26813.3,heavy,3103,0,4.261,
26816.7,heavy,3101,1,1.777,
26820.0,heavy,3102,1,1.419,
26823.3,heavy,3103,0,4.148,
26826.7,heavy,3101,1,3.079,
26830.0,heavy,3102,0,0.957,
26833.3,heavy,3103,0,3.698,
26836.7,heavy,3101,0,2.988,
26840.0,heavy,3102,1,0.984,
26843.3,heavy,3103,0,3.841,
26846.7,heavy,3101,0,3.095,
26850.0,heavy,3102,1,1.257,
26853.3,heavy,3103,0,2.350,
26856.7,heavy,3101,1,4.113,
26860.0,heavy,3102,1,1.308,
26863.3,heavy,3103,0,3.336,
26866.7,heavy,3101,0,3.959,
26870.0,heavy,3102,0,0.747,
26873.3,heavy,3103,0,3.341,
26876.7,heavy,3101,0,2.770,
26880.0,heavy,3102,1,1.194,
26883.3,heavy,3103,0,1.878,
26886.7,heavy,3101,1,4.481,
26890.0,heavy,3102,1,1.237,
26893.3,heavy,3103,0,4.003,
26896.7,heavy,3101,0,4.236,
26900.0,heavy,3102,0,1.436,
26900.0,light-2,3101,1,1.125,
26900.0,light-1,3103,1,1.427,
26900.0,light-5,3101,1,1.383,
26900.0,light-3,3102,1,1.580,
26900.0,light-4,3103,1,1.637,
26903.3,heavy,3102,1,2.074,
26906.7,heavy,3103,0,3.842,
26910.0,heavy,3101,0,3.270,
26913.3,heavy,3102,0,1.942,
26916.7,heavy,3103,0,2.937,
26920.0,heavy,3101,1,3.472,
26923.3,heavy,3102,0,0.892,
26926.7,heavy,3103,1,4.388,
26930.0,heavy,3101,0,2.909,
26933.3,heavy,3102,0,0.935,
26936.7,heavy,3103,0,3.583,
26940.0,heavy,3101,1,3.746,
26943.3,heavy,3102,0,1.410,
26946.7,heavy,3103,0,4.538,
26950.0,heavy,3101,1,4.978,
26953.3,heavy,3102,1,1.999,
26956.7,heavy,3103,0,4.633,
26960.0,heavy,3101,0,4.834,
26963.3,heavy,3102,0,0.927,
26966.7,heavy,3103,0,3.674,
26970.0,heavy,3101,0,2.982,
26973.3,heavy,3102,1,1.052,
26976.7,heavy,3103,0,2.465,
26980.0,heavy,3101,1,4.723,
26983.3,heavy,3102,1,1.161,
26986.7,heavy,3103,0,3.951,
26990.0,heavy,3101,0,4.534,
26993.3,heavy,3102,0,1.011,
26996.7,heavy,3103,0,5.671,
27000.0,heavy,3101,1,5.176,
27000.0,light-1,3101,1,2.668,
27000.0,light-3,3103,1,3.109,
27000.0,light-4,3101,1,3.200,
27000.0,light-2,3102,1,3.331,
27000.0,light-5,3102,1,3.363,
27003.3,heavy,3102,1,1.201,
27006.7,heavy,3103,0,5.438,
27010.0,heavy,3103,0,2.820,
27013.3,heavy,3101,0,3.490,
27016.7,heavy,3102,1,1.464,
27020.0,heavy,3103,0,3.480,
27023.3,heavy,3101,0,1.795,
27026.7,heavy,3102,1,1.638,
27030.0,heavy,3103,0,3.796,
27033.3,heavy,3101,1,4.209,
27036.7,heavy,3102,0,1.477,
27040.0,heavy,3103,0,3.713,
27043.3,heavy,3101,0,3.414,
27046.7,heavy,3102,1,1.090,
27050.0,heavy,3103,0,4.197,
27053.3,heavy,3101,0,3.060,
27056.7,heavy,3102,0,0.896,
27060.0,heavy,3103,0,4.185,
27063.3,heavy,3101,1,2.872,
27066.7,heavy,3102,1,1.062,
27070.0,heavy,3103,0,3.284,
27073.3,heavy,3101,0,3.253,
27076.7,heavy,3102,1,1.356,
27080.0,heavy,3103,1,13.943,
27083.3,heavy,3101,0,2.886,
27086.7,heavy,3102,0,0.902,
27090.0,heavy,3103,0,4.618,
27093.3,heavy,3101,0,2.630,
27096.7,heavy,3102,1,1.112,
27100.0,heavy,3103,0,3.703,
27100.0,light-2,3102,1,0.895,
27100.0,light-5,3102,1,0.980,
27100.0,light-1,3101,1,1.804,
27100.0,light-4,3101,1,1.820,
27100.0,light-3,3103,1,2.064,
27103.3,heavy,3103,0,3.138,
27106.7,heavy,3101,0,2.512,
27110.0,heavy,3102,1,1.257,
27113.3,heavy,3103,0,3.335,
27116.7,heavy,3101,0,2.738,
27120.0,heavy,3102,1,1.067,
27123.3,heavy,3103,0,4.817,
27126.7,heavy,3101,0,3.254,
27130.0,heavy,3102,1,1.322,
27133.3,heavy,3103,0,3.830,
27136.7,heavy,3101,0,2.982,
27140.0,heavy,3102,1,1.278,
27143.3,heavy,3103,0,4.180,
27146.7,heavy,3101,1,4.323,
27150.0,heavy,3102,0,0.790,
27153.3,heavy,3103,0,4.087,
27156.7,heavy,3101,0,3.102,
27160.0,heavy,3102,1,1.518,
27163.3,heavy,3103,0,3.895,
27166.7,heavy,3101,0,3.159,
27170.0,heavy,3102,1,1.193,
27173.3,heavy,3103,0,3.406,
27176.7,heavy,3101,0,2.755,
27180.0,heavy,3102,1,1.071,
27183.3,heavy,3103,0,3.720,
27186.7,heavy,3101,0,2.878,
27190.0,heavy,3102,1,1.047,
27193.3,heavy,3103,0,3.577,
27196.7,heavy,3101,1,3.241,
27200.0,heavy,3102,0,1.200,
27200.0,light-1,3103,1,1.269,
27200.0,light-3,3102,1,1.277,
27200.0,light-2,3101,1,1.420,
27200.0,light-5,3101,1,1.516,
27200.0,light-4,3103,1,1.684,
27203.3,heavy,3102,1,1.496,
27206.7,heavy,3103,0,3.818,
27210.0,heavy,3101,0,3.218,
27213.3,heavy,3102,0,0.914,
27216.7,heavy,3103,0,3.623,
27220.0,heavy,3101,0,3.176,
27223.3,heavy,3102,1,1.073,
27226.7,heavy,3103,0,2.337,
27230.0,heavy,3101,1,3.901,
27233.3,heavy,3102,1,1.204,
27236.7,heavy,3103,0,4.478,
27240.0,heavy,3101,0,4.263,
27243.3,heavy,3102,0,0.904,
27246.7,heavy,3103,1,4.829,
27250.0,heavy,3101,0,3.411,
27253.3,heavy,3102,1,1.524,
27256.7,heavy,3103,0,4.944,
27260.0,heavy,3101,0,2.848,
27263.3,heavy,3102,0,0.892,
27266.7,heavy,3103,0,3.798,
27270.0,heavy,3101,1,4.178,
27273.3,heavy,3102,0,1.086,
27276.7,heavy,3103,0,2.985,
27280.0,heavy,3101,1,3.812,
27283.3,heavy,3102,0,0.963,
27286.7,heavy,3103,1,4.371,
27290.0,heavy,3101,0,2.873,
27293.3,heavy,3102,0,0.914,
27296.7,heavy,3103,0,6.988,
27300.0,heavy,3101,0,5.216,
27300.0,light-3,3102,1,2.181,
27300.0,light-5,3101,1,3.660,
27300.0,light-2,3101,1,7.956,
27300.0,light-1,3103,1,8.210,
27300.0,light-4,3103,1,10.752,
27303.3,heavy,3102,1,1.921,
27306.7,heavy,3102,0,0.863,
27310.0,heavy,3103,1,7.776,
27313.3,heavy,3101,0,3.210,
27316.7,heavy,3102,0,1.094,
27320.0,heavy,3103,0,3.608,
27323.3,heavy,3101,1,3.904,
27326.7,heavy,3102,1,1.208,
27330.0,heavy,3103,0,3.693,
27333.3,heavy,3101,0,3.799,
27336.7,heavy,3102,1,1.159,
27340.0,heavy,3103,0,3.206,
27343.3,heavy,3101,0,3.009,
27346.7,heavy,3102,1,1.362,
27350.0,heavy,3103,0,3.498,
27353.3,heavy,3101,0,2.948,
27356.7,heavy,3102,0,0.918,
27360.0,heavy,3103,0,4.071,
27363.3,heavy,3101,0,3.194,
27366.7,heavy,3102,1,1.156,
27370.0,heavy,3103,1,4.562,
27373.3,heavy,3101,0,3.319,
27376.7,heavy,3102,0,0.988,
27380.0,heavy,3103,1,4.402,
27383.3,heavy,3101,0,3.104,
27386.7,heavy,3102,1,1.260,
27390.0,heavy,3103,0,3.357,
27393.3,heavy,3101,0,3.393,
27396.7,heavy,3102,0,1.097,
27400.0,heavy,3103,0,5.533,
27400.0,light-1,3101,1,2.289,
27400.0,light-3,3103,1,2.658,
27400.0,light-2,3102,1,5.597,
27400.0,light-4,3101,1,6.393,
27400.0,light-5,3102,1,6.522,
27403.3,heavy,3101,1,5.853,
27406.7,heavy,3102,1,1.265,
27410.0,heavy,3103,0,5.528,
27413.3,heavy,3103,0,4.340,
27416.7,heavy,3101,1,3.017,
27420.0,heavy,3102,0,1.011,
27423.3,heavy,3103,0,3.998,
27426.7,heavy,3101,1,4.270,
27430.0,heavy,3102,0,1.054,
27433.3,heavy,3103,0,3.206,
27436.7,heavy,3101,0,3.548,
27440.0,heavy,3102,1,1.420,
27443.3,heavy,3103,0,3.841,
27446.7,heavy,3101,0,2.953,
27450.0,heavy,3102,1,1.127,
27453.3,heavy,3103,0,4.003,
27456.7,heavy,3101,1,4.582,
27460.0,heavy,3102,0,1.156,
27463.3,heavy,3103,0,3.567,
27466.7,heavy,3101,0,2.887,
27470.0,heavy,3102,1,1.107,
27473.3,heavy,3103,0,3.470,
27476.7,heavy,3101,1,3.770,
27480.0,heavy,3102,0,1.187,
27483.3,heavy,3103,0,4.686,
27486.7,heavy,3101,1,3.833,
27490.0,heavy,3102,0,1.377,
27493.3,heavy,3103,0,3.574,
27496.7,heavy,3101,1,4.200,
27500.0,heavy,3102,0,1.173,
27500.0,light-1,3103,1,1.285,
27500.0,light-2,3101,1,1.353,
27500.0,light-5,3101,1,1.744,
27500.0,light-4,3103,1,1.941,
27500.0,light-3,3102,1,4.016,
27503.3,heavy,3102,0,0.833,
27506.7,heavy,3103,0,3.701,
27510.0,heavy,3101,1,4.298,
27513.3,heavy,3102,1,1.651,
27516.7,heavy,3103,0,4.035,
27520.0,heavy,3101,0,4.261,
27523.3,heavy,3102,0,1.059,
27526.7,heavy,3103,1,4.529,
27530.0,heavy,3101,0,3.327,
27533.3,heavy,3102,1,1.228,
27536.7,heavy,3103,0,4.410,
27540.0,heavy,3101,0,3.304,
27543.3,heavy,3102,0,1.122,
27546.7,heavy,3103,0,4.810,
27550.0,heavy,3101,1,4.397,
27553.3,heavy,3102,0,0.808,
27556.7,heavy,3103,0,2.956,
27560.0,heavy,3101,1,3.482,
27563.3,heavy,3102,0,0.789,
27566.7,heavy,3103,1,4.739,
27570.0,heavy,3101,0,2.945,
27573.3,heavy,3102,0,0.951,
27576.7,heavy,3103,0,3.658,
27580.0,heavy,3101,1,4.371,
27583.3,heavy,3102,0,1.233,
27586.7,heavy,3103,0,7.561,
27590.0,heavy,3101,1,7.597,
27593.3,heavy,3102,1,1.358,
27596.7,heavy,3103,0,7.380,
27600.0,heavy,3101,0,6.218,
27600.0,light-2,3103,1,2.820,
27600.0,light-4,3102,1,3.256,
27600.0,light-1,3102,1,5.410,
27600.0,light-5,3103,1,10.049,
27600.0,light-3,3101,1,12.124,
27603.3,heavy,3101,0,5.199,
27606.7,heavy,3102,1,1.306,
27610.0,heavy,3103,0,4.470,
27613.3,heavy,3101,0,2.928,
27616.7,heavy,3102,0,0.901,
27620.0,heavy,3103,0,3.313,
27623.3,heavy,3101,1,3.261,
27626.7,heavy,3102,1,1.141,
27630.0,heavy,3103,0,2.924,
27633.3,heavy,3101,0,3.446,
27636.7,heavy,3102,1,1.375,
27640.0,heavy,3103,0,3.788,
27643.3,heavy,3101,0,3.126,
27646.7,heavy,3102,0,1.495,
27650.0,heavy,3103,0,4.828,
27653.3,heavy,3101,1,5.379,
27656.7,heavy,3102,1,1.359,
27660.0,heavy,3103,0,5.064,
27663.3,heavy,3101,0,1.813,
27666.7,heavy,3102,0,1.111,
27670.0,heavy,3103,0,4.166,
27673.3,heavy,3101,1,4.509,
27676.7,heavy,3102,0,0.861,
27680.0,heavy,3103,0,3.471,
27683.3,heavy,3101,1,1.878,
27686.7,heavy,3102,1,1.225,
27690.0,heavy,3103,0,3.897,
27693.3,heavy,3101,0,3.201,
27696.7,heavy,3102,0,0.993,
27700.0,heavy,3103,0,4.052,
27700.0,light-3,3102,1,1.289,
27700.0,light-2,3101,1,2.269,
27700.0,light-1,3103,1,2.478,
27700.0,light-5,3101,1,2.424,
27700.0,light-4,3103,1,2.761,
27703.3,heavy,3101,0,3.244,
27706.7,heavy,3102,1,1.208,
27710.0,heavy,3102,1,0.800,
27713.3,heavy,3103,0,3.997,
27716.7,heavy,3101,0,3.487,
27720.0,heavy,3102,1,1.277,
27723.3,heavy,3103,0,2.489,
27726.7,heavy,3101,0,3.310,
27730.0,heavy,3102,1,1.191,
27733.3,heavy,3103,1,4.187,
27736.7,heavy,3101,0,3.440,
27740.0,heavy,3102,0,0.878,
27743.3,heavy,3103,0,3.888,
27746.7,heavy,3101,0,3.310,
27750.0,heavy,3102,1,1.604,
27753.3,heavy,3103,0,2.042,
27756.7,heavy,3101,1,3.939,
27760.0,heavy,3102,1,1.406,
27763.3,heavy,3103,0,4.038,
27766.7,heavy,3101,0,3.818,
27770.0,heavy,3102,0,1.333,
27773.3,heavy,3103,0,4.009,
27776.7,heavy,3101,0,3.188,
27780.0,heavy,3102,1,1.264,
27783.3,heavy,3103,0,3.712,
27786.7,heavy,3101,0,2.879,
27790.0,heavy,3102,1,0.798,
27793.3,heavy,3103,0,3.463,
27796.7,heavy,3101,1,4.142,
27800.0,heavy,3102,0,1.109,
27800.0,light-3,3102,1,1.014,
27800.0,light-1,3103,1,1.231,
27800.0,light-2,3101,1,1.669,
27800.0,light-5,3101,1,1.849,
27800.0,light-4,3103,1,2.277,
27803.3,heavy,3102,0,0.784,
27806.7,heavy,3103,0,3.758,
27810.0,heavy,3101,0,3.132,
27813.3,heavy,3102,1,1.403,
27816.7,heavy,3103,1,4.683,
27820.0,heavy,3101,0,2.863,
27823.3,heavy,3102,0,1.015,
27826.7,heavy,3103,1,3.805,
27830.0,heavy,3101,0,3.598,
27833.3,heavy,3102,0,1.016,
27836.7,heavy,3103,0,3.308,
27840.0,heavy,3101,1,3.856,
27843.3,heavy,3102,0,0.917,
27846.7,heavy,3103,0,4.072,
27850.0,heavy,3101,1,4.299,
27853.3,heavy,3102,1,1.249,
27856.7,heavy,3103,0,4.465,
27860.0,heavy,3101,0,3.083,
27863.3,heavy,3102,0,0.825,
27866.7,heavy,3103,0,6.203,
27870.0,heavy,3101,0,10.974,
27873.3,heavy,3102,1,1.002,
27876.7,heavy,3103,1,4.514,
27880.0,heavy,3101,0,5.646,
27883.3,heavy,3102,0,1.063,
27886.7,heavy,3103,0,4.552,
27890.0,heavy,3101,0,3.150,
27893.3,heavy,3102,1,1.350,
27896.7,heavy,3103,0,3.901,
27900.0,heavy,3101,1,3.346,
27900.0,light-1,3102,1,1.204,
27900.0,light-2,3103,1,1.251,
27900.0,light-4,3102,1,1.281,
27900.0,light-5,3103,1,1.348,
27900.0,light-3,3101,1,1.836,
27903.3,heavy,3101,0,3.480,
27906.7,heavy,3102,0,1.102,
27910.0,heavy,3103,1,4.934,
27913.3,heavy,3101,0,2.769,
27916.7,heavy,3102,0,0.860,
27920.0,heavy,3103,1,4.430,
27923.3,heavy,3101,0,2.947,
27926.7,heavy,3102,0,1.082,
27930.0,heavy,3103,1,5.220,
27933.3,heavy,3101,0,4.095,
27936.7,heavy,3102,1,1.213,
27940.0,heavy,3103,0,5.064,
27943.3,heavy,3101,0,4.621,
27946.7,heavy,3102,0,1.134,
27950.0,heavy,3103,0,4.224,
27953.3,heavy,3101,1,3.818,
27956.7,heavy,3102,1,1.711,
27960.0,heavy,3103,0,2.315,
27963.3,heavy,3101,0,3.467,
27966.7,heavy,3102,0,0.976,
27970.0,heavy,3103,0,4.999,
27973.3,heavy,3101,1,4.120,
27976.7,heavy,3102,0,0.915,
27980.0,heavy,3103,0,3.908,
27983.3,heavy,3101,1,4.311,
27986.7,heavy,3102,1,1.108,
27990.0,heavy,3103,0,4.445,
27993.3,heavy,3101,0,1.498,
27996.7,heavy,3102,1,3.076,
28000.0,heavy,3103,0,5.188,
28000.0,light-1,3102,1,2.825,
28000.0,light-4,3102,1,2.763,
28000.0,light-3,3101,1,2.912,
28000.0,light-2,3103,1,3.085,
28000.0,light-5,3103,1,3.400,
28003.3,heavy,3101,0,3.262,
28006.7,heavy,3101,0,4.078,
28010.0,heavy,3102,1,0.911,
28013.3,heavy,3103,0,4.202,
28016.7,heavy,3101,0,3.368,
28020.0,heavy,3102,1,1.162,
28023.3,heavy,3103,0,4.814,
28026.7,heavy,3101,0,3.095,
28030.0,heavy,3102,1,0.895,
28033.3,heavy,3103,0,3.417,
28036.7,heavy,3101,0,2.680,
28040.0,heavy,3102,1,0.951,
28043.3,heavy,3103,0,4.375,
28046.7,heavy,3101,0,3.213,
28050.0,heavy,3102,1,1.228,
28053.3,heavy,3103,0,2.875,
28056.7,heavy,3101,1,3.603,
28060.0,heavy,3102,1,1.640,
28063.3,heavy,3103,0,3.469,
28066.7,heavy,3101,0,3.293,
28070.0,heavy,3102,0,0.791,
28073.3,heavy,3103,0,3.276,
28076.7,heavy,3101,0,2.454,
28080.0,heavy,3102,1,1.078,
28083.3,heavy,3103,0,3.069,
28086.7,heavy,3101,0,3.648,
28090.0,heavy,3102,1,1.210,
28093.3,heavy,3103,1,4.181,
28096.7,heavy,3101,0,4.616,
28100.0,heavy,3102,0,1.019,
28100.0,light-1,3103,1,1.362,
28100.0,light-3,3102,1,1.601,
28100.0,light-4,3103,1,1.674,
28100.0,light-2,3101,1,2.364,
28100.0,light-5,3101,1,2.510,
28103.3,heavy,3102,0,0.540,
28106.7,heavy,3103,0,3.435,
28110.0,heavy,3101,1,3.520,
28113.3,heavy,3102,0,0.850,
28116.7,heavy,3103,0,3.834,
28120.0,heavy,3101,1,3.216,
28123.3,heavy,3102,0,0.775,
28126.7,heavy,3103,0,3.934,
28130.0,heavy,3101,1,3.184,
28133.3,heavy,3102,1,1.024,
28136.7,heavy,3103,0,3.800,
28140.0,heavy,3101,0,2.993,
28143.3,heavy,3102,0,0.944,
28146.7,heavy,3103,0,3.373,
28150.0,heavy,3101,0,2.777,
28153.3,heavy,3102,1,1.241,
28156.7,heavy,3103,0,3.121,
28160.0,heavy,3101,1,2.775,
28163.3,heavy,3102,0,0.861,
28166.7,heavy,3103,0,2.946,
28170.0,heavy,3101,1,3.072,
28173.3,heavy,3102,0,0.644,
28176.7,heavy,3103,0,3.686,
28180.0,heavy,3101,1,3.063,
28183.3,heavy,3102,0,0.697,
28186.7,heavy,3103,1,4.307,
28190.0,heavy,3101,0,3.056,
28193.3,heavy,3102,0,1.035,
28196.7,heavy,3103,0,4.844,
28200.0,heavy,3101,0,3.654,
28200.0,light-3,3102,1,1.347,
28200.0,light-2,3101,1,2.404,
28200.0,light-5,3101,1,2.788,
28200.0,light-1,3103,1,3.055,
28200.0,light-4,3103,1,3.341,
28203.3,heavy,3102,1,1.207,
28206.7,heavy,3102,0,0.834,
28210.0,heavy,3103,0,3.662,
28213.3,heavy,3101,1,3.610,
28216.7,heavy,3102,1,1.135,
28220.0,heavy,3103,0,2.459,
28223.3,heavy,3101,0,2.822,
28226.7,heavy,3102,1,1.181,
28230.0,heavy,3103,0,3.128,
28233.3,heavy,3101,0,2.942,
28236.7,heavy,3102,0,0.772,
28240.0,heavy,3103,0,4.370,
28243.3,heavy,3101,1,4.605,
28246.7,heavy,3102,1,1.362,
28250.0,heavy,3103,0,3.210,
28253.3,heavy,3101,0,1.610,
28256.7,heavy,3102,1,1.117,
28260.0,heavy,3103,0,3.382,
28263.3,heavy,3101,0,2.847,
28266.7,heavy,3102,0,1.148,
28270.0,heavy,3103,0,4.163,
28273.3,heavy,3101,1,4.520,
28276.7,heavy,3102,1,1.379,
28280.0,heavy,3103,0,4.542,
28283.3,heavy,3101,0,3.243,
28286.7,heavy,3102,0,0.962,
28290.0,heavy,3103,0,3.644,
28293.3,heavy,3101,1,3.059,
28296.7,heavy,3102,0,0.671,
28300.0,heavy,3103,0,4.122,
28300.0,light-2,3102,1,1.503,
28300.0,light-5,3102,1,1.779,
28300.0,light-1,3101,1,2.303,
28300.0,light-4,3101,1,2.709,
28300.0,light-3,3103,1,2.878,
28303.3,heavy,3101,1,4.259,
28306.7,heavy,3102,1,1.293,
28310.0,heavy,3103,0,4.038,
28313.3,heavy,3103,0,4.951,
28316.7,heavy,3101,1,3.320,
28320.0,heavy,3102,0,1.118,
28323.3,heavy,3103,0,3.159,
28326.7,heavy,3101,0,3.435,
28330.0,heavy,3102,1,1.277,
28333.3,heavy,3103,0,3.915,
28336.7,heavy,3101,0,3.245,
28340.0,heavy,3102,1,1.234,
28343.3,heavy,3103,0,2.410,
28346.7,heavy,3101,1,4.089,
28350.0,heavy,3102,1,1.402,
28353.3,heavy,3103,0,3.535,
28356.7,heavy,3101,0,4.016,
28360.0,heavy,3102,0,0.784,
28363.3,heavy,3103,0,3.994,
28366.7,heavy,3101,0,2.809,
28370.0,heavy,3102,1,1.289,
28373.3,heavy,3103,0,2.771,
28376.7,heavy,3101,0,2.891,
28380.0,heavy,3102,1,1.310,
28383.3,heavy,3103,0,3.525,
28386.7,heavy,3101,1,3.931,
28390.0,heavy,3102,0,0.835,
28393.3,heavy,3103,0,3.881,
28396.7,heavy,3101,0,3.202,
28400.0,heavy,3102,1,2.230,
28400.0,light-3,3102,1,2.191,
28400.0,light-5,3101,1,2.345,
28400.0,light-2,3101,1,5.532,
28400.0,light-1,3103,1,5.872,
28400.0,light-4,3103,1,6.591,
28403.3,heavy,3102,0,1.381,
28406.7,heavy,3103,0,10.414,
28410.0,heavy,3101,1,4.086,
28413.3,heavy,3102,1,1.238,
28416.7,heavy,3103,0,3.674,
28420.0,heavy,3101,0,2.650,
28423.3,heavy,3102,1,1.427,
28426.7,heavy,3103,0,3.856,
28430.0,heavy,3101,0,2.892,
28433.3,heavy,3102,0,1.449,
28436.7,heavy,3103,0,3.896,
28440.0,heavy,3101,1,3.735,
28443.3,heavy,3102,0,1.016,
28446.7,heavy,3103,0,3.736,
28450.0,heavy,3101,1,3.359,
28453.3,heavy,3102,0,0.845,
28456.7,heavy,3103,0,3.807,
28460.0,heavy,3101,1,3.132,
28463.3,heavy,3102,1,1.131,
28466.7,heavy,3103,0,3.564,
28470.0,heavy,3101,0,2.573,
28473.3,heavy,3102,0,0.690,
28476.7,heavy,3103,0,3.914,
28480.0,heavy,3101,1,4.378,
28483.3,heavy,3102,0,0.751,
28486.7,heavy,3103,0,3.246,
28490.0,heavy,3101,1,3.666,
28493.3,heavy,3102,0,0.918,
28496.7,heavy,3103,1,5.105,
28500.0,heavy,3101,0,3.503,
28500.0,light-3,3102,1,1.500,
28500.0,light-2,3101,1,2.182,
28500.0,light-1,3103,1,2.678,
28500.0,light-5,3101,1,2.754,
28500.0,light-4,3103,1,2.919,
28503.3,heavy,3102,0,1.093,
28506.7,heavy,3102,0,0.932,
28510.0,heavy,3103,0,3.484,
28513.3,heavy,3101,1,3.862,
28516.7,heavy,3102,0,0.989,
28520.0,heavy,3103,0,4.821,
28523.3,heavy,3101,1,5.367,
28526.7,heavy,3102,1,1.845,
28530.0,heavy,3103,0,5.099,
28533.3,heavy,3101,0,1.870,
28536.7,heavy,3102,0,1.217,
28540.0,heavy,3103,0,5.065,
28543.3,heavy,3101,1,4.233,
28546.7,heavy,3102,0,0.757,
28550.0,heavy,3103,0,3.566,
28553.3,heavy,3101,1,2.002,
28556.7,heavy,3102,0,0.851,
28560.0,heavy,3103,1,4.473,
28563.3,heavy,3101,0,2.823,
28566.7,heavy,3102,1,1.301,
28570.0,heavy,3103,0,3.145,
28573.3,heavy,3101,0,2.833,
28576.7,heavy,3102,1,1.544,
28580.0,heavy,3103,0,3.613,
28583.3,heavy,3101,0,3.227,
28586.7,heavy,3102,1,1.436,
28590.0,heavy,3103,0,3.603,
28593.3,heavy,3101,0,1.915,
28596.7,heavy,3102,1,1.619,
28600.0,heavy,3103,0,7.271,
28600.0,light-2,3101,1,2.839,
28600.0,light-5,3101,1,3.322,
28600.0,light-1,3103,1,3.624,
28600.0,light-4,3103,1,3.801,
28600.0,light-3,3102,1,6.463,
28603.3,heavy,3101,1,7.087,
28606.7,heavy,3102,0,2.020,
28610.0,heavy,3102,0,2.139,
28613.3,heavy,3103,0,3.272,
28616.7,heavy,3101,0,3.037,
28620.0,heavy,3102,1,1.292,
28623.3,heavy,3103,0,3.690,
28626.7,heavy,3101,0,3.109,
28630.0,heavy,3102,1,1.267,
28633.3,heavy,3103,0,3.424,
28636.7,heavy,3101,0,3.148,
28640.0,heavy,3102,1,0.833,
28643.3,heavy,3103,0,3.439,
28646.7,heavy,3101,0,2.819,
28650.0,heavy,3102,1,1.182,
28653.3,heavy,3103,0,3.119,
28656.7,heavy,3101,0,2.356,
28660.0,heavy,3102,1,0.751,
28663.3,heavy,3103,0,3.764,
28666.7,heavy,3101,0,2.870,
28670.0,heavy,3102,1,1.236,
28673.3,heavy,3103,0,4.105,
28676.7,heavy,3101,0,3.520,
28680.0,heavy,3102,1,1.716,
28683.3,heavy,3103,0,3.807,
28686.7,heavy,3101,0,1.838,
28690.0,heavy,3102,1,1.974,
28693.3,heavy,3103,0,5.424,
28696.7,heavy,3101,0,4.316,
28700.0,heavy,3102,1,2.125,
28700.0,light-3,3102,1,2.058,
28700.0,light-1,3103,1,2.951,
28700.0,light-2,3101,1,3.030,
28700.0,light-5,3101,1,3.107,
28700.0,light-4,3103,1,3.329,
28703.3,heavy,3102,0,0.855,
28706.7,heavy,3103,1,4.951,
28710.0,heavy,3101,0,3.801,
28713.3,heavy,3102,0,1.190,
28716.7,heavy,3103,0,4.017,
28720.0,heavy,3101,1,4.739,
28723.3,heavy,3102,0,0.775,
28726.7,heavy,3103,0,5.008,
28730.0,heavy,3101,1,4.182,
28733.3,heavy,3102,0,0.847,
28736.7,heavy,3103,1,5.086,
28740.0,heavy,3101,0,3.958,
28743.3,heavy,3102,0,1.203,
28746.7,heavy,3103,1,3.850,
28750.0,heavy,3101,0,3.351,
28753.3,heavy,3102,0,1.146,
28756.7,heavy,3103,0,5.356,
28760.0,heavy,3101,1,4.893,
28763.3,heavy,3102,1,1.633,
28766.7,heavy,3103,0,5.514,
28770.0,heavy,3101,0,4.813,
28773.3,heavy,3102,0,0.768,
28776.7,heavy,3103,0,4.762,
28780.0,heavy,3101,0,4.266,
28783.3,heavy,3102,1,1.694,
28786.7,heavy,3103,0,2.700,
28790.0,heavy,3101,1,6.166,
28793.3,heavy,3102,1,1.465,
28796.7,heavy,3103,0,6.081,
28800.0,heavy,3101,0,4.519,
28800.0,light-2,3103,1,1.429,
28800.0,light-4,3102,1,3.363,
28800.0,light-3,3101,1,6.642,
28800.0,light-1,3102,1,7.288,
28800.0,light-5,3103,1,7.353,
28803.3,heavy,3101,0,6.150,
28806.7,heavy,3102,0,0.992,
28810.0,heavy,3103,0,3.794,
28813.3,heavy,3101,1,4.064,
28816.7,heavy,3102,1,0.902,
28820.0,heavy,3103,0,2.818,
28823.3,heavy,3101,0,3.152,
28826.7,heavy,3102,1,1.229,
28830.0,heavy,3103,0,3.414,
28833.3,heavy,3101,0,2.775,
28836.7,heavy,3102,0,1.097,
28840.0,heavy,3103,0,3.701,
28843.3,heavy,3101,1,4.087,
28846.7,heavy,3102,0,0.794,
28850.0,heavy,3103,0,2.754,
28853.3,heavy,3101,1,1.977,
28856.7,heavy,3102,1,1.193,
28860.0,heavy,3103,0,3.663,
28863.3,heavy,3101,0,2.018,
28866.7,heavy,3102,1,1.590,
28870.0,heavy,3103,0,3.500,
28873.3,heavy,3101,1,3.934,
28876.7,heavy,3102,0,1.307,
28880.0,heavy,3103,0,3.949,
28883.3,heavy,3101,0,3.069,
28886.7,heavy,3102,0,1.331,
28890.0,heavy,3103,1,3.890,
28893.3,heavy,3101,0,3.386,
28896.7,heavy,3102,0,1.341,
28900.0,heavy,3103,0,3.672,
28900.0,light-3,3102,1,1.264,
28900.0,light-2,3101,1,1.841,
28900.0,light-1,3103,1,2.248,
28900.0,light-5,3101,1,2.199,
28900.0,light-4,3103,1,2.346,
28903.3,heavy,3101,1,3.250,
28906.7,heavy,3102,1,1.163,
28910.0,heavy,3102,0,0.650,
28913.3,heavy,3103,0,3.746,
28916.7,heavy,3101,0,3.068,
28920.0,heavy,3102,1,1.247,
28923.3,heavy,3103,0,3.708,
28926.7,heavy,3101,0,2.890,
28930.0,heavy,3102,1,0.847,
28933.3,heavy,3103,0,4.491,
28936.7,heavy,3101,1,3.726,
28940.0,heavy,3102,0,0.772,
28943.3,heavy,3103,0,3.002,
28946.7,heavy,3101,0,2.775,
28950.0,heavy,3102,1,1.062,
28953.3,heavy,3103,0,2.953,
28956.7,heavy,3101,0,1.664,
28960.0,heavy,3102,1,1.250,
28963.3,heavy,3103,0,3.278,
28966.7,heavy,3101,0,2.893,
28970.0,heavy,3102,1,1.233,
28973.3,heavy,3103,0,3.253,
28976.7,heavy,3101,0,3.290,
28980.0,heavy,3102,1,1.161,
28983.3,heavy,3103,0,3.544,
28986.7,heavy,3101,0,2.908,
28990.0,heavy,3102,1,0.858,
28993.3,heavy,3103,0,4.614,
28996.7,heavy,3101,0,4.033,
29000.0,heavy,3102,1,1.325,
29000.0,light-3,3102,1,1.706,
29000.0,light-2,3101,1,2.457,
29000.0,light-1,3103,1,2.660,
29000.0,light-5,3101,1,2.623,
29000.0,light-4,3103,1,2.903,
29003.3,heavy,3102,0,0.816,
29006.7,heavy,3103,0,3.563,
29010.0,heavy,3101,1,3.809,
29013.3,heavy,3102,1,1.268,
29016.7,heavy,3103,0,3.836,
29020.0,heavy,3101,0,3.262,
29023.3,heavy,3102,0,1.075,
29026.7,heavy,3103,0,5.553,
29030.0,heavy,3101,0,4.601,
29033.3,heavy,3102,1,2.047,
29036.7,heavy,3103,1,4.574,
29040.0,heavy,3101,0,2.950,
29043.3,heavy,3102,0,0.926,
29046.7,heavy,3103,1,4.224,
29050.0,heavy,3101,0,3.123,
29053.3,heavy,3102,0,0.829,
29056.7,heavy,3103,0,3.503,
29060.0,heavy,3101,1,3.840,
29063.3,heavy,3102,0,0.851,
29066.7,heavy,3103,0,3.860,
29070.0,heavy,3101,1,3.462,
29073.3,heavy,3102,1,1.290,
29076.7,heavy,3103,0,4.078,
29080.0,heavy,3101,0,3.923,
29083.3,heavy,3102,0,0.652,
29086.7,heavy,3103,0,3.814,
29090.0,heavy,3101,0,4.269,
29093.3,heavy,3102,1,1.045,
29096.7,heavy,3103,0,2.685,
29100.0,heavy,3101,1,4.427,
29100.0,light-1,3102,1,1.229,
29100.0,light-2,3103,1,1.409,
29100.0,light-4,3102,1,1.478,
29100.0,light-3,3101,1,2.376,
29100.0,light-5,3103,1,2.595,
29103.3,heavy,3101,0,1.619,
29106.7,heavy,3102,0,0.813,
29110.0,heavy,3103,1,5.529,
29113.3,heavy,3101,0,3.018,
29116.7,heavy,3102,0,0.782,
29120.0,heavy,3103,1,3.515,
29123.3,heavy,3101,0,3.145,
29126.7,heavy,3102,0,1.053,
29130.0,heavy,3103,0,4.648,
29133.3,heavy,3101,1,4.269,
29136.7,heavy,3102,1,1.273,
29140.0,heavy,3103,0,4.864,
29143.3,heavy,3101,0,4.729,
29146.7,heavy,3102,0,0.744,
29150.0,heavy,3103,0,4.013,
29153.3,heavy,3101,1,3.365,
29156.7,heavy,3102,1,1.087,
29160.0,heavy,3103,0,2.994,
29163.3,heavy,3101,0,3.125,
29166.7,heavy,3102,0,0.802,
29170.0,heavy,3103,0,4.218,
29173.3,heavy,3101,1,3.589,
29176.7,heavy,3102,0,0.663,
29180.0,heavy,3103,0,3.881,
29183.3,heavy,3101,1,4.166,
29186.7,heavy,3102,1,1.344,
29190.0,heavy,3103,0,2.845,
29193.3,heavy,3101,0,1.846,
29196.7,heavy,3102,1,1.646,
29200.0,heavy,3103,0,4.260,
29200.0,light-1,3102,1,1.797,
29200.0,light-4,3102,1,1.808,
29200.0,light-3,3101,1,2.312,
29200.0,light-2,3103,1,2.704,
29200.0,light-5,3103,1,3.077,
29203.3,heavy,3101,0,3.481,
29206.7,heavy,3101,0,2.263,
29210.0,heavy,3102,1,0.966,
29213.3,heavy,3103,0,4.006,
29216.7,heavy,3101,0,3.167,
29220.0,heavy,3102,1,1.182,
29223.3,heavy,3103,0,3.420,
29226.7,heavy,3101,1,3.392,
29230.0,heavy,3102,0,0.879,
29233.3,heavy,3103,0,3.640,
29236.7,heavy,3101,0,2.963,
29240.0,heavy,3102,1,0.903,
29243.3,heavy,3103,0,4.008,
29246.7,heavy,3101,0,3.300,
29250.0,heavy,3102,1,1.242,
29253.3,heavy,3103,0,2.298,
29256.7,heavy,3101,0,3.298,
29260.0,heavy,3102,1,1.176,
29263.3,heavy,3103,0,3.593,
29266.7,heavy,3101,0,3.406,
29270.0,heavy,3102,1,0.892,
29273.3,heavy,3103,0,3.478,
29276.7,heavy,3101,0,2.713,
29280.0,heavy,3102,1,1.113,
29283.3,heavy,3103,0,2.242,
29286.7,heavy,3101,1,5.113,
29290.0,heavy,3102,1,1.267,
29293.3,heavy,3103,0,3.746,
29296.7,heavy,3101,0,4.872,
29300.0,heavy,3102,0,1.264,
29300.0,light-1,3103,1,1.216,
29300.0,light-3,3102,1,1.205,
29300.0,light-2,3101,1,1.358,
29300.0,light-4,3103,1,1.359,
29300.0,light-5,3101,1,1.422,
29303.3,heavy,3102,1,1.346,
29306.7,heavy,3103,0,3.571,
29310.0,heavy,3101,0,2.995,
29313.3,heavy,3102,0,1.074,
29316.7,heavy,3103,0,3.405,
29320.0,heavy,3101,1,3.726,
29323.3,heavy,3102,1,1.104,
29326.7,heavy,3103,0,3.468,
29330.0,heavy,3101,0,1.839,
29333.3,heavy,3102,0,1.048,
29336.7,heavy,3103,0,3.820,
29340.0,heavy,3101,0,3.068,
29343.3,heavy,3102,1,1.375,
29346.7,heavy,3103,0,3.439,
29350.0,heavy,3101,1,3.573,
29353.3,heavy,3102,0,0.960,
29356.7,heavy,3103,1,3.702,
29360.0,heavy,3101,0,2.298,
29363.3,heavy,3102,0,0.798,
29366.7,heavy,3103,0,3.691,
29370.0,heavy,3101,0,3.024,
29373.3,heavy,3102,1,1.249,
29376.7,heavy,3103,0,3.497,
29380.0,heavy,3101,1,3.885,
29383.3,heavy,3102,0,0.936,
29386.7,heavy,3103,1,4.717,
29390.0,heavy,3101,0,2.925,
29393.3,heavy,3102,0,0.904,
29396.7,heavy,3103,0,6.442,
29400.0,heavy,3101,0,4.435,
29400.0,light-3,3102,1,1.556,
29400.0,light-5,3101,1,3.570,
29400.0,light-2,3101,1,7.715,
29400.0,light-1,3103,1,7.980,
29400.0,light-4,3103,1,9.827,
29403.3,heavy,3102,1,1.310,
29406.7,heavy,3102,0,0.936,
29410.0,heavy,3103,1,7.988,
29413.3,heavy,3101,0,3.562,
29416.7,heavy,3102,0,1.091,
29420.0,heavy,3103,0,4.158,
29423.3,heavy,3101,1,3.573,
29426.7,heavy,3102,1,1.572,
29430.0,heavy,3103,0,3.876,
29433.3,heavy,3101,0,3.549,
29436.7,heavy,3102,0,1.299,
29440.0,heavy,3103,0,3.448,
29443.3,heavy,3101,1,3.812,
29446.7,heavy,3102,1,1.103,
29450.0,heavy,3103,0,3.557,
29453.3,heavy,3101,0,1.360,
29456.7,heavy,3102,1,1.188,
29460.0,heavy,3103,0,3.469,
29463.3,heavy,3101,0,2.840,
29466.7,heavy,3102,0,1.063,
29470.0,heavy,3103,0,4.068,
29473.3,heavy,3101,1,4.364,
29476.7,heavy,3102,1,1.275,
29480.0,heavy,3103,0,4.413,
29483.3,heavy,3101,0,1.722,
29486.7,heavy,3102,0,1.060,
29490.0,heavy,3103,0,3.217,
29493.3,heavy,3101,1,3.377,
29496.7,heavy,3102,1,0.765,
29500.0,heavy,3103,0,5.419,
29500.0,light-1,3101,1,1.133,
29500.0,light-3,3103,1,2.462,
29500.0,light-4,3101,1,4.762,
29500.0,light-2,3102,1,5.374,
29500.0,light-5,3102,1,5.585,
29503.3,heavy,3103,0,3.140,
29506.7,heavy,3101,1,3.303,
29510.0,heavy,3102,0,0.810,
29513.3,heavy,3103,0,3.634,
29516.7,heavy,3101,1,4.144,
29520.0,heavy,3102,1,1.407,
29523.3,heavy,3103,0,3.839,
29526.7,heavy,3101,0,4.081,
29530.0,heavy,3102,0,1.015,
29533.3,heavy,3103,0,4.571,
29536.7,heavy,3101,0,3.554,
29540.0,heavy,3102,1,1.916,
29543.3,heavy,3103,0,4.331,
29546.7,heavy,3101,0,2.683,
29550.0,heavy,3102,1,0.783,
29553.3,heavy,3103,1,4.622,
29556.7,heavy,3101,0,3.798,
29560.0,heavy,3102,0,0.947,
29563.3,heavy,3103,0,4.180,
29566.7,heavy,3101,0,3.317,
29570.0,heavy,3102,1,1.226,
29573.3,heavy,3103,0,4.181,
29576.7,heavy,3101,0,2.639,
29580.0,heavy,3102,1,1.166,
29583.3,heavy,3103,0,3.661,
29586.7,heavy,3101,0,2.906,
29590.0,heavy,3102,1,1.022,
29593.3,heavy,3103,0,3.891,
29596.7,heavy,3101,0,2.860,
29600.0,heavy,3102,1,1.347,
29600.0,light-2,3101,1,1.280,
29600.0,light-1,3103,1,1.442,
29600.0,light-3,3102,1,1.452,
29600.0,light-5,3101,1,1.468,
29600.0,light-4,3103,1,1.595,
29603.3,heavy,3102,0,1.220,
29606.7,heavy,3103,0,5.195,
29610.0,heavy,3101,1,3.575,
29613.3,heavy,3102,1,1.197,
29616.7,heavy,3103,0,4.954,
29620.0,heavy,3101,0,3.857,
29623.3,heavy,3102,0,0.961,
29626.7,heavy,3103,0,4.252,
29630.0,heavy,3101,0,3.564,
29633.3,heavy,3102,1,1.290,
29636.7,heavy,3103,0,2.702,
29640.0,heavy,3101,1,2.992,
29643.3,heavy,3102,1,1.379,
29646.7,heavy,3103,0,3.539,
29650.0,heavy,3101,0,2.995,
29653.3,heavy,3102,0,0.880,
29656.7,heavy,3103,0,4.047,
29660.0,heavy,3101,0,3.116,
29663.3,heavy,3102,1,1.198,
29666.7,heavy,3103,0,3.773,
29670.0,heavy,3101,1,2.758,
29673.3,heavy,3102,1,1.396,
29676.7,heavy,3103,0,8.970,
29680.0,heavy,3101,0,3.188,
29683.3,heavy,3102,0,1.129,
29686.7,heavy,3103,0,3.401,
29690.0,heavy,3101,1,3.855,
29693.3,heavy,3102,0,1.035,
29696.7,heavy,3103,1,4.564,
29700.0,heavy,3101,0,3.666,
29700.0,light-1,3102,1,1.273,
29700.0,light-4,3102,1,1.727,
29700.0,light-2,3103,1,1.984,
29700.0,light-3,3101,1,2.466,
29700.0,light-5,3103,1,2.531,
29703.3,heavy,3101,0,2.281,
29706.7,heavy,3102,1,1.278,
29710.0,heavy,3103,0,3.374,
29713.3,heavy,3101,0,2.814,
29716.7,heavy,3102,0,0.919,
29720.0,heavy,3103,0,3.866,
29723.3,heavy,3101,1,3.799,
29726.7,heavy,3102,1,1.287,
29730.0,heavy,3103,0,4.137,
29733.3,heavy,3101,0,3.638,
29736.7,heavy,3102,1,1.389,
29740.0,heavy,3103,0,3.482,
29743.3,heavy,3101,0,3.144,
29746.7,heavy,3102,0,0.905,
29750.0,heavy,3103,0,4.082,
29753.3,heavy,3101,1,4.431,
29756.7,heavy,3102,1,1.190,
29760.0,heavy,3103,0,4.463,
29763.3,heavy,3101,0,3.392,
29766.7,heavy,3102,0,0.940,
29770.0,heavy,3103,0,3.510,
29773.3,heavy,3101,1,3.735,
29776.7,heavy,3102,1,1.236,
29780.0,heavy,3103,0,3.146,
29783.3,heavy,3101,0,2.618,
29786.7,heavy,3102,0,1.129,
29790.0,heavy,3103,0,3.890,
29793.3,heavy,3101,1,4.104,
29796.7,heavy,3102,0,0.675,
29800.0,heavy,3103,0,5.527,
29800.0,light-2,3101,1,2.571,
29800.0,light-1,3103,1,2.916,
29800.0,light-5,3101,1,2.812,
29800.0,light-4,3103,1,2.984,
29800.0,light-3,3102,1,5.135,
29803.3,heavy,3101,0,4.782,
29806.7,heavy,3102,1,1.651,
29810.0,heavy,3102,1,2.136,
29813.3,heavy,3103,0,3.577,
29816.7,heavy,3101,0,2.754,
29820.0,heavy,3102,1,0.979,
29823.3,heavy,3103,0,3.714,
29826.7,heavy,3101,1,3.793,
29830.0,heavy,3102,0,0.784,
29833.3,heavy,3103,0,3.768,
29836.7,heavy,3101,0,3.180,
29840.0,heavy,3102,1,1.229,
29843.3,heavy,3103,0,3.108,
29846.7,heavy,3101,0,3.627,
29850.0,heavy,3102,1,1.491,
29853.3,heavy,3103,0,3.546,
29856.7,heavy,3101,0,1.970,
29860.0,heavy,3102,1,1.477,
29863.3,heavy,3103,0,4.002,
29866.7,heavy,3101,0,3.480,
29870.0,heavy,3102,1,1.485,
29873.3,heavy,3103,0,3.035,
29876.7,heavy,3101,1,3.442,
29880.0,heavy,3102,0,0.887,
29883.3,heavy,3103,0,3.917,
29886.7,heavy,3101,0,3.160,
29890.0,heavy,3102,1,0.897,
29893.3,heavy,3103,0,5.097,
29896.7,heavy,3101,0,3.411,
29900.0,heavy,3102,1,1.412,
29900.0,light-3,3102,1,1.717,
29900.0,light-2,3101,1,2.215,
29900.0,light-5,3101,1,2.434,
29900.0,light-1,3103,1,2.647,
29900.0,light-4,3103,1,3.055,
29903.3,heavy,3102,0,1.037,
29906.7,heavy,3103,1,4.440,
29910.0,heavy,3101,0,2.963,
29913.3,heavy,3102,0,1.259,
29916.7,heavy,3103,0,3.402,
29920.0,heavy,3101,1,3.478,
29923.3,heavy,3102,0,0.824,
29926.7,heavy,3103,0,3.439,
29930.0,heavy,3101,0,2.745,
29933.3,heavy,3102,1,1.110,
29936.7,heavy,3103,0,3.274,
29940.0,heavy,3101,1,3.885,
29943.3,heavy,3102,0,1.041,
29946.7,heavy,3103,1,3.642,
29950.0,heavy,3101,0,2.700,
29953.3,heavy,3102,0,0.805,
29956.7,heavy,3103,0,3.881,
29960.0,heavy,3101,0,3.112,
29963.3,heavy,3102,1,1.187,
29966.7,heavy,3103,1,3.606,
29970.0,heavy,3101,0,3.016,
29973.3,heavy,3102,0,0.978,
29976.7,heavy,3103,1,4.172,
29980.0,heavy,3101,0,3.239,
29983.3,heavy,3102,0,0.918,
29986.7,heavy,3103,0,3.461,
29990.0,heavy,3101,0,2.810,
29993.3,heavy,3102,1,1.280,
29996.7,heavy,3103,0,1.902,
30000.0,heavy,3101,1,3.352,
