tMs,key,port,allowed,latencyMs,error
0.0,light-2,3103,1,2.401,
0.0,light-4,3102,1,4.293,
0.0,light-1,3102,1,8.205,
0.0,heavy,3101,1,9.373,
0.0,light-5,3103,1,9.044,
0.0,light-3,3101,1,10.932,
3.3,heavy,3101,1,5.043,
6.7,heavy,3102,1,1.575,
10.0,heavy,3103,1,5.528,
13.3,heavy,3101,1,2.482,
16.7,heavy,3102,1,1.652,
20.0,heavy,3103,1,1.789,
23.3,heavy,3101,1,1.954,
26.7,heavy,3102,1,2.102,
30.0,heavy,3103,1,2.244,
33.3,heavy,3101,1,1.949,
36.7,heavy,3102,1,1.845,
40.0,heavy,3103,1,1.886,
43.3,heavy,3101,1,2.233,
46.7,heavy,3102,1,1.165,
50.0,heavy,3103,1,1.768,
53.3,heavy,3101,1,1.610,
56.7,heavy,3102,1,1.704,
60.0,heavy,3103,1,2.060,
63.3,heavy,3101,1,1.809,
66.7,heavy,3102,1,2.221,
70.0,heavy,3103,1,1.990,
73.3,heavy,3101,1,1.626,
76.7,heavy,3102,1,1.969,
80.0,heavy,3103,1,3.346,
83.3,heavy,3101,1,2.069,
86.7,heavy,3102,1,2.717,
90.0,heavy,3103,1,3.833,
93.3,heavy,3101,1,1.138,
96.7,heavy,3102,1,2.187,
100.0,heavy,3103,1,1.686,
100.0,light-5,3101,1,4.099,
100.0,light-2,3101,1,9.850,
100.0,light-3,3102,1,10.490,
100.0,light-1,3103,1,10.825,
100.0,light-4,3103,1,11.617,
103.3,heavy,3101,1,2.548,
106.7,heavy,3102,1,2.730,
110.0,heavy,3102,1,3.857,
113.3,heavy,3103,1,6.754,
116.7,heavy,3101,1,1.277,
120.0,heavy,3102,1,1.547,
123.3,heavy,3103,1,1.333,
126.7,heavy,3101,1,2.302,
130.0,heavy,3102,1,1.700,
133.3,heavy,3103,1,3.491,
136.7,heavy,3101,1,2.183,
140.0,heavy,3102,1,1.416,
143.3,heavy,3103,1,1.497,
146.7,heavy,3101,1,1.583,
150.0,heavy,3102,1,1.831,
153.3,heavy,3103,1,1.593,
156.7,heavy,3101,1,1.867,
160.0,heavy,3102,1,1.901,
163.3,heavy,3103,1,2.039,
166.7,heavy,3101,1,3.174,
170.0,heavy,3102,1,2.217,
173.3,heavy,3103,1,1.335,
176.7,heavy,3101,1,1.955,
180.0,heavy,3102,1,2.397,
183.3,heavy,3103,1,2.759,
186.7,heavy,3101,1,1.395,
190.0,heavy,3102,1,2.169,
193.3,heavy,3103,1,2.543,
196.7,heavy,3101,1,2.720,
200.0,light-1,3103,1,3.014,
200.0,light-2,3101,1,3.193,
200.0,light-3,3102,1,3.295,
200.0,light-4,3103,1,3.423,
200.0,light-5,3101,1,3.523,
200.0,heavy,3102,1,2.871,
203.3,heavy,3102,1,2.128,
206.7,heavy,3103,1,1.657,
210.0,heavy,3101,1,1.871,
213.3,heavy,3102,1,1.988,
216.7,heavy,3103,1,1.158,
220.0,heavy,3101,1,1.717,
223.3,heavy,3102,1,1.755,
226.7,heavy,3103,1,1.867,
230.0,heavy,3101,1,2.401,
233.3,heavy,3102,1,1.266,
236.7,heavy,3103,1,1.655,
240.0,heavy,3101,1,1.697,
243.3,heavy,3102,1,1.805,
246.7,heavy,3103,1,1.911,
250.0,heavy,3101,1,1.798,
253.3,heavy,3102,1,2.262,
256.7,heavy,3103,1,2.405,
260.0,heavy,3101,1,2.495,
263.3,heavy,3102,1,1.392,
266.7,heavy,3103,1,2.140,
270.0,heavy,3101,1,2.551,
273.3,heavy,3102,1,1.511,
276.7,heavy,3103,1,2.163,
280.0,heavy,3101,1,1.601,
283.3,heavy,3102,1,1.933,
286.7,heavy,3103,1,2.849,
290.0,heavy,3101,1,2.482,
293.3,heavy,3102,1,1.322,
296.7,heavy,3103,1,2.021,
300.0,light-1,3101,1,2.563,
300.0,light-3,3103,1,2.682,
300.0,light-2,3102,1,5.827,
300.0,light-4,3101,1,8.003,
300.0,light-5,3102,1,8.257,
300.0,heavy,3101,1,2.185,
303.3,heavy,3102,1,1.897,
306.7,heavy,3103,1,2.322,
310.0,heavy,3103,1,1.970,
313.3,heavy,3101,1,3.075,
316.7,heavy,3102,1,1.147,
320.0,heavy,3103,1,1.932,
323.3,heavy,3101,1,1.948,
326.7,heavy,3102,1,1.833,
330.0,heavy,3103,1,2.247,
333.3,heavy,3101,1,2.297,
336.7,heavy,3102,1,2.369,
340.0,heavy,3103,1,1.218,
343.3,heavy,3101,1,1.582,
346.7,heavy,3102,1,1.585,
350.0,heavy,3103,1,1.745,
353.3,heavy,3101,1,2.395,
356.7,heavy,3102,1,1.218,
360.0,heavy,3103,1,2.298,
363.3,heavy,3101,1,1.707,
366.7,heavy,3102,1,2.117,
370.0,heavy,3103,1,1.623,
373.3,heavy,3101,1,3.082,
376.7,heavy,3102,1,1.528,
380.0,heavy,3103,1,2.354,
383.3,heavy,3101,1,3.086,
386.7,heavy,3102,1,1.334,
390.0,heavy,3103,1,2.186,
393.3,heavy,3101,1,2.232,
396.7,heavy,3102,1,2.307,
400.0,heavy,3103,1,2.862,
400.0,light-1,3101,1,3.089,
400.0,light-2,3102,1,3.171,
400.0,light-3,3103,1,3.220,
400.0,light-4,3101,1,3.316,
400.0,light-5,3102,1,3.371,
403.3,heavy,3103,1,1.451,
406.7,heavy,3101,1,1.867,
410.0,heavy,3102,1,2.001,
413.3,heavy,3103,1,2.115,
416.7,heavy,3101,1,2.333,
420.0,heavy,3102,1,1.767,
423.3,heavy,3103,1,2.001,
426.7,heavy,3101,1,2.153,
430.0,heavy,3102,1,2.337,
433.3,heavy,3103,1,1.200,
436.7,heavy,3101,1,1.771,
440.0,heavy,3102,1,2.041,
443.3,heavy,3103,1,1.591,
446.7,heavy,3101,1,1.762,
450.0,heavy,3102,1,1.529,
453.3,heavy,3103,1,1.862,
456.7,heavy,3101,1,2.167,
460.0,heavy,3102,1,1.904,
463.3,heavy,3103,1,1.095,
466.7,heavy,3101,1,3.206,
470.0,heavy,3102,1,1.762,
473.3,heavy,3103,1,2.555,
476.7,heavy,3101,1,3.237,
480.0,heavy,3102,0,1.292,
483.3,heavy,3103,1,2.910,
486.7,heavy,3101,1,2.479,
490.0,heavy,3102,1,1.475,
493.3,heavy,3103,1,1.587,
496.7,heavy,3101,1,2.952,
500.0,heavy,3102,1,3.085,
500.0,light-1,3102,1,3.014,
500.0,light-4,3102,1,3.195,
500.0,light-2,3103,1,3.495,
500.0,light-3,3101,1,3.648,
500.0,light-5,3103,1,3.860,
503.3,heavy,3103,0,5.777,
506.7,heavy,3101,0,5.181,
510.0,heavy,3101,0,3.612,
513.3,heavy,3102,0,0.841,
516.7,heavy,3103,1,5.427,
520.0,heavy,3101,0,4.358,
523.3,heavy,3102,1,1.340,
526.7,heavy,3103,0,2.730,
530.0,heavy,3101,0,4.070,
533.3,heavy,3102,1,1.601,
536.7,heavy,3103,0,4.225,
540.0,heavy,3101,0,4.591,
543.3,heavy,3102,1,1.427,
546.7,heavy,3103,0,4.143,
550.0,heavy,3101,0,5.828,
553.3,heavy,3102,0,2.656,
556.7,heavy,3103,1,5.716,
560.0,heavy,3101,0,4.576,
563.3,heavy,3102,1,1.643,
566.7,heavy,3103,0,4.417,
570.0,heavy,3101,0,3.892,
573.3,heavy,3102,1,1.209,
576.7,heavy,3103,0,3.492,
580.0,heavy,3101,0,5.392,
583.3,heavy,3102,1,1.486,
586.7,heavy,3103,0,3.916,
590.0,heavy,3101,0,4.153,
593.3,heavy,3102,1,1.197,
596.7,heavy,3103,0,5.765,
600.0,heavy,3101,0,5.749,
600.0,light-1,3102,1,2.095,
600.0,light-4,3102,1,2.277,
600.0,light-2,3103,1,3.312,
600.0,light-5,3103,1,3.640,
600.0,light-3,3101,1,3.868,
603.3,heavy,3101,1,6.084,
606.7,heavy,3102,0,1.713,
610.0,heavy,3103,0,4.173,
613.3,heavy,3101,1,5.247,
616.7,heavy,3102,0,1.298,
620.0,heavy,3103,0,4.446,
623.3,heavy,3101,1,5.683,
626.7,heavy,3102,0,1.492,
630.0,heavy,3103,0,4.851,
633.3,heavy,3101,1,5.904,
636.7,heavy,3102,0,1.288,
640.0,heavy,3103,0,3.821,
643.3,heavy,3101,1,4.652,
646.7,heavy,3102,0,1.282,
650.0,heavy,3103,0,6.248,
653.3,heavy,3101,0,4.823,
656.7,heavy,3102,1,1.572,
660.0,heavy,3103,0,4.402,
663.3,heavy,3101,1,5.264,
666.7,heavy,3102,0,1.460,
670.0,heavy,3103,0,3.996,
673.3,heavy,3101,1,4.698,
676.7,heavy,3102,0,1.609,
680.0,heavy,3103,0,3.903,
683.3,heavy,3101,1,5.098,
686.7,heavy,3102,0,1.163,
690.0,heavy,3103,0,4.750,
693.3,heavy,3101,1,5.488,
696.7,heavy,3102,0,1.861,
700.0,light-1,3101,1,1.793,
700.0,light-2,3102,1,1.963,
700.0,light-5,3102,1,2.019,
700.0,light-4,3101,1,2.371,
700.0,light-3,3103,1,3.277,
700.0,heavy,3103,0,4.753,
703.3,heavy,3103,1,5.848,
706.7,heavy,3101,0,4.101,
710.0,heavy,3102,0,1.225,
713.3,heavy,3103,1,4.443,
716.7,heavy,3101,0,4.691,
720.0,heavy,3102,0,1.275,
723.3,heavy,3103,1,4.496,
726.7,heavy,3101,0,4.274,
730.0,heavy,3102,0,1.470,
733.3,heavy,3103,1,5.147,
736.7,heavy,3101,0,4.227,
740.0,heavy,3102,0,1.530,
743.3,heavy,3103,1,4.930,
746.7,heavy,3101,0,3.933,
750.0,heavy,3102,0,1.450,
753.3,heavy,3103,1,5.570,
756.7,heavy,3101,0,4.406,
760.0,heavy,3102,0,1.811,
763.3,heavy,3103,1,5.765,
766.7,heavy,3101,0,4.654,
770.0,heavy,3102,1,1.830,
773.3,heavy,3103,0,4.733,
776.7,heavy,3101,0,4.534,
780.0,heavy,3102,0,1.357,
783.3,heavy,3103,1,4.865,
786.7,heavy,3101,0,4.439,
790.0,heavy,3102,0,1.240,
793.3,heavy,3103,1,5.050,
796.7,heavy,3101,0,6.130,
800.0,light-1,3103,1,1.735,
800.0,light-4,3103,1,2.402,
800.0,light-3,3102,1,2.653,
800.0,light-2,3101,1,3.561,
800.0,light-5,3101,1,4.321,
800.0,heavy,3102,0,2.569,
803.3,heavy,3102,0,1.576,
806.7,heavy,3103,1,4.234,
810.0,heavy,3101,0,4.644,
813.3,heavy,3102,1,1.425,
816.7,heavy,3103,0,4.378,
820.0,heavy,3101,0,3.636,
823.3,heavy,3102,1,1.345,
826.7,heavy,3103,0,4.240,
830.0,heavy,3101,0,3.672,
833.3,heavy,3102,1,1.404,
836.7,heavy,3103,0,6.783,
840.0,heavy,3101,0,4.503,
843.3,heavy,3102,1,1.593,
846.7,heavy,3103,0,6.954,
850.0,heavy,3101,0,4.132,
853.3,heavy,3102,0,1.490,
856.7,heavy,3103,1,4.997,
860.0,heavy,3101,1,5.482,
863.3,heavy,3102,0,1.522,
866.7,heavy,3103,0,2.398,
870.0,heavy,3101,0,3.982,
873.3,heavy,3102,1,1.266,
876.7,heavy,3103,0,3.920,
880.0,heavy,3101,0,3.718,
883.3,heavy,3102,0,1.018,
886.7,heavy,3103,1,4.501,
890.0,heavy,3101,0,3.777,
893.3,heavy,3102,0,1.561,
896.7,heavy,3103,1,5.607,
900.0,light-2,3102,1,2.169,
900.0,light-5,3102,1,2.692,
900.0,light-3,3103,1,2.999,
900.0,light-1,3101,1,3.657,
900.0,light-4,3101,1,4.416,
900.0,heavy,3101,0,6.690,
903.3,heavy,3102,1,1.685,
906.7,heavy,3103,0,5.497,
910.0,heavy,3103,0,4.679,
913.3,heavy,3101,0,4.403,
916.7,heavy,3102,0,1.392,
920.0,heavy,3103,1,2.798,
923.3,heavy,3101,1,5.683,
926.7,heavy,3102,0,1.529,
930.0,heavy,3103,0,5.346,
933.3,heavy,3101,1,5.409,
936.7,heavy,3102,0,1.361,
940.0,heavy,3103,0,3.891,
943.3,heavy,3101,1,3.910,
946.7,heavy,3102,0,1.348,
950.0,heavy,3103,0,3.874,
953.3,heavy,3101,1,5.818,
956.7,heavy,3102,0,3.077,
960.0,heavy,3103,0,4.564,
963.3,heavy,3101,1,4.126,
966.7,heavy,3102,0,1.342,
970.0,heavy,3103,0,4.372,
973.3,heavy,3101,1,5.911,
976.7,heavy,3102,0,1.590,
980.0,heavy,3103,0,4.898,
983.3,heavy,3101,1,5.671,
986.7,heavy,3102,0,1.351,
990.0,heavy,3103,0,4.626,
993.3,heavy,3101,1,6.945,
996.7,heavy,3102,1,1.726,
1000.0,light-2,3102,1,2.315,
1000.0,light-5,3102,1,2.556,
1000.0,light-3,3103,1,2.887,
1000.0,light-1,3101,1,3.629,
1000.0,light-4,3101,1,4.484,
1000.0,heavy,3103,0,5.017,
1003.3,heavy,3103,0,3.937,
1006.7,heavy,3101,0,4.536,
1010.0,heavy,3102,0,1.283,
1013.3,heavy,3103,1,5.520,
1016.7,heavy,3101,0,4.555,
1020.0,heavy,3102,0,1.289,
1023.3,heavy,3103,1,5.758,
1026.7,heavy,3101,0,4.499,
1030.0,heavy,3102,0,1.385,
1033.3,heavy,3103,1,6.006,
1036.7,heavy,3101,0,4.299,
1040.0,heavy,3102,0,1.791,
1043.3,heavy,3103,1,6.113,
1046.7,heavy,3101,0,5.216,
1050.0,heavy,3102,0,2.569,
1053.3,heavy,3103,1,4.927,
1056.7,heavy,3101,0,4.348,
1060.0,heavy,3102,0,1.658,
1063.3,heavy,3103,1,3.937,
1066.7,heavy,3101,0,3.843,
1070.0,heavy,3102,0,1.397,
1073.3,heavy,3103,0,12.411,
1076.7,heavy,3101,1,4.598,
1080.0,heavy,3102,1,3.792,
1083.3,heavy,3103,0,7.780,
1086.7,heavy,3101,0,4.165,
1090.0,heavy,3102,0,1.040,
1093.3,heavy,3103,1,5.301,
1096.7,heavy,3101,0,4.175,
1100.0,light-2,3102,1,1.575,
1100.0,light-1,3101,1,1.776,
1100.0,light-5,3102,1,1.811,
1100.0,light-4,3101,1,1.957,
1100.0,light-3,3103,1,2.698,
1100.0,heavy,3102,0,1.393,
1103.3,heavy,3103,1,4.962,
1106.7,heavy,3103,0,4.996,
1110.0,heavy,3101,0,3.942,
1113.3,heavy,3102,1,1.302,
1116.7,heavy,3103,0,3.913,
1120.0,heavy,3101,0,4.292,
1123.3,heavy,3102,0,1.334,
1126.7,heavy,3103,0,5.533,
1130.0,heavy,3101,1,4.453,
1133.3,heavy,3102,1,1.179,
1136.7,heavy,3103,0,5.256,
1140.0,heavy,3101,0,4.475,
1143.3,heavy,3102,0,1.066,
1146.7,heavy,3103,1,5.689,
1150.0,heavy,3101,0,6.404,
1153.3,heavy,3102,1,1.427,
1156.7,heavy,3103,0,4.634,
1160.0,heavy,3101,0,4.389,
1163.3,heavy,3102,1,1.001,
1166.7,heavy,3103,0,4.476,
1170.0,heavy,3101,0,4.908,
1173.3,heavy,3102,1,1.218,
1176.7,heavy,3103,0,4.593,
1180.0,heavy,3101,0,3.790,
1183.3,heavy,3102,1,1.481,
1186.7,heavy,3103,0,2.896,
1190.0,heavy,3101,0,3.421,
1193.3,heavy,3102,0,1.304,
1196.7,heavy,3103,0,6.370,
1200.0,light-2,3103,1,3.141,
1200.0,light-4,3102,1,4.493,
1200.0,light-1,3102,1,5.867,
1200.0,light-5,3103,1,7.793,
1200.0,light-3,3101,1,8.593,
1200.0,heavy,3101,1,6.551,
1203.3,heavy,3101,0,3.368,
1206.7,heavy,3102,0,1.109,
1210.0,heavy,3103,0,3.735,
1213.3,heavy,3101,1,1.861,
1216.7,heavy,3102,1,1.807,
1220.0,heavy,3103,0,4.854,
1223.3,heavy,3101,1,2.630,
1226.7,heavy,3102,0,2.061,
1230.0,heavy,3103,0,5.652,
1233.3,heavy,3101,0,4.113,
1236.7,heavy,3102,1,1.085,
1240.0,heavy,3103,0,5.190,
1243.3,heavy,3101,0,4.064,
1246.7,heavy,3102,1,1.149,
1250.0,heavy,3103,0,4.388,
1253.3,heavy,3101,1,4.523,
1256.7,heavy,3102,0,1.317,
1260.0,heavy,3103,0,4.116,
1263.3,heavy,3101,1,4.967,
1266.7,heavy,3102,0,1.154,
1270.0,heavy,3103,0,3.852,
1273.3,heavy,3101,1,6.505,
1276.7,heavy,3102,0,1.262,
1280.0,heavy,3103,0,3.808,
1283.3,heavy,3101,1,5.581,
1286.7,heavy,3102,0,1.073,
1290.0,heavy,3103,0,4.280,
1293.3,heavy,3101,1,4.823,
1296.7,heavy,3102,0,1.121,
1300.0,heavy,3103,0,8.527,
1300.0,light-5,3101,1,4.677,
1300.0,light-3,3102,1,7.704,
1300.0,light-2,3101,1,8.232,
1300.0,light-1,3103,1,10.892,
1300.0,light-4,3103,1,12.441,
1303.3,heavy,3101,0,6.895,
1306.7,heavy,3102,1,1.435,
1310.0,heavy,3102,0,3.183,
1313.3,heavy,3103,0,11.473,
1316.7,heavy,3101,1,5.858,
1320.0,heavy,3102,0,1.310,
1323.3,heavy,3103,1,4.850,
1326.7,heavy,3101,0,3.883,
1330.0,heavy,3102,0,1.527,
1333.3,heavy,3103,1,5.088,
1336.7,heavy,3101,1,10.345,
1340.0,heavy,3102,0,1.186,
1343.3,heavy,3103,0,3.931,
1346.7,heavy,3101,0,5.015,
1350.0,heavy,3102,0,1.248,
1353.3,heavy,3103,1,5.185,
1356.7,heavy,3101,0,4.597,
1360.0,heavy,3102,0,1.463,
1363.3,heavy,3103,1,6.175,
1366.7,heavy,3101,0,3.825,
1370.0,heavy,3102,0,1.571,
1373.3,heavy,3103,1,4.676,
1376.7,heavy,3101,0,4.361,
1380.0,heavy,3102,0,1.518,
1383.3,heavy,3103,1,4.889,
1386.7,heavy,3101,0,4.025,
1390.0,heavy,3102,0,1.038,
1393.3,heavy,3103,1,5.152,
1396.7,heavy,3101,0,4.785,
1400.0,heavy,3102,0,2.030,
1400.0,light-1,3103,1,1.898,
1400.0,light-2,3101,1,2.011,
1400.0,light-3,3102,1,2.119,
1400.0,light-5,3101,1,2.266,
1400.0,light-4,3103,1,2.445,
1403.3,heavy,3102,0,1.624,
1406.7,heavy,3103,1,5.108,
1410.0,heavy,3101,0,4.468,
1413.3,heavy,3102,1,1.452,
1416.7,heavy,3103,0,4.876,
1420.0,heavy,3101,0,3.134,
1423.3,heavy,3102,0,1.311,
1426.7,heavy,3103,0,4.278,
1430.0,heavy,3101,1,4.564,
1433.3,heavy,3102,1,1.168,
1436.7,heavy,3103,0,3.527,
1440.0,heavy,3101,0,3.567,
1443.3,heavy,3102,1,1.057,
1446.7,heavy,3103,0,3.685,
1450.0,heavy,3101,0,3.568,
1453.3,heavy,3102,0,0.958,
1456.7,heavy,3103,1,4.363,
1460.0,heavy,3101,0,3.488,
1463.3,heavy,3102,0,0.937,
1466.7,heavy,3103,1,5.209,
1470.0,heavy,3101,0,4.279,
1473.3,heavy,3102,1,1.398,
1476.7,heavy,3103,0,4.877,
1480.0,heavy,3101,0,4.599,
1483.3,heavy,3102,1,1.554,
1486.7,heavy,3103,0,3.872,
1490.0,heavy,3101,0,3.882,
1493.3,heavy,3102,1,1.223,
1496.7,heavy,3103,0,3.184,
1500.0,heavy,3101,0,6.338,
1500.0,light-1,3102,1,2.187,
1500.0,light-4,3102,1,2.430,
1500.0,light-2,3103,1,3.021,
1500.0,light-5,3103,1,3.302,
1500.0,light-3,3101,1,3.765,
1503.3,heavy,3102,1,1.627,
1506.7,heavy,3103,0,5.031,
1510.0,heavy,3101,0,6.178,
1513.3,heavy,3101,0,4.792,
1516.7,heavy,3102,1,1.465,
1520.0,heavy,3103,0,5.580,
1523.3,heavy,3101,0,5.928,
1526.7,heavy,3102,1,2.088,
1530.0,heavy,3103,0,4.962,
1533.3,heavy,3101,0,3.691,
1536.7,heavy,3102,1,1.214,
1540.0,heavy,3103,0,4.819,
1543.3,heavy,3101,1,6.057,
1546.7,heavy,3102,0,1.252,
1550.0,heavy,3103,0,5.016,
1553.3,heavy,3101,0,7.158,
1556.7,heavy,3102,1,1.299,
1560.0,heavy,3103,0,4.078,
1563.3,heavy,3101,1,5.114,
1566.7,heavy,3102,0,1.212,
1570.0,heavy,3103,0,4.153,
1573.3,heavy,3101,1,4.908,
1576.7,heavy,3102,0,0.774,
1580.0,heavy,3103,0,3.837,
1583.3,heavy,3101,1,4.582,
1586.7,heavy,3102,0,1.031,
1590.0,heavy,3103,0,5.650,
1593.3,heavy,3101,1,4.953,
1596.7,heavy,3102,1,1.467,
1600.0,heavy,3103,0,5.371,
1600.0,light-1,3102,1,1.666,
1600.0,light-4,3102,1,1.984,
1600.0,light-3,3101,1,2.591,
1600.0,light-2,3103,1,3.101,
1600.0,light-5,3103,1,3.548,
1603.3,heavy,3101,0,5.022,
1606.7,heavy,3101,0,4.295,
1610.0,heavy,3102,0,1.157,
1613.3,heavy,3103,1,5.023,
1616.7,heavy,3101,0,4.208,
1620.0,heavy,3102,0,0.959,
1623.3,heavy,3103,0,2.469,
1626.7,heavy,3101,1,5.250,
1630.0,heavy,3102,1,1.336,
1633.3,heavy,3103,0,4.317,
1636.7,heavy,3101,0,4.874,
1640.0,heavy,3102,0,1.536,
1643.3,heavy,3103,1,4.964,
1646.7,heavy,3101,0,3.808,
1650.0,heavy,3102,0,1.145,
1653.3,heavy,3103,1,4.857,
1656.7,heavy,3101,0,5.485,
1660.0,heavy,3102,1,1.389,
1663.3,heavy,3103,0,5.122,
1666.7,heavy,3101,0,3.870,
1670.0,heavy,3102,0,1.097,
1673.3,heavy,3103,1,6.574,
1676.7,heavy,3101,0,5.389,
1680.0,heavy,3102,1,1.338,
1683.3,heavy,3103,0,2.514,
1686.7,heavy,3101,0,4.078,
1690.0,heavy,3102,0,1.226,
1693.3,heavy,3103,1,4.838,
1696.7,heavy,3101,0,3.688,
1700.0,heavy,3102,0,1.401,
1700.0,light-1,3103,1,1.394,
1700.0,light-2,3101,1,1.455,
1700.0,light-3,3102,1,1.573,
1700.0,light-4,3103,1,1.655,
1700.0,light-5,3101,1,1.718,
1703.3,heavy,3102,0,1.255,
1706.7,heavy,3103,1,4.615,
1710.0,heavy,3101,1,4.456,
1713.3,heavy,3102,0,0.990,
1716.7,heavy,3103,0,4.009,
1720.0,heavy,3101,0,4.036,
1723.3,heavy,3102,0,1.617,
1726.7,heavy,3103,1,5.428,
1730.0,heavy,3101,1,6.253,
1733.3,heavy,3102,0,1.241,
1736.7,heavy,3103,0,3.775,
1740.0,heavy,3101,1,4.376,
1743.3,heavy,3102,0,1.171,
1746.7,heavy,3103,0,3.178,
1750.0,heavy,3101,0,4.327,
1753.3,heavy,3102,1,1.191,
1756.7,heavy,3103,0,3.814,
1760.0,heavy,3101,0,3.884,
1763.3,heavy,3102,0,1.214,
1766.7,heavy,3103,1,5.279,
1770.0,heavy,3101,0,4.415,
1773.3,heavy,3102,1,1.659,
1776.7,heavy,3103,0,4.572,
1780.0,heavy,3101,0,3.754,
1783.3,heavy,3102,0,1.675,
1786.7,heavy,3103,0,5.156,
1790.0,heavy,3101,1,5.651,
1793.3,heavy,3102,0,1.425,
1796.7,heavy,3103,0,3.500,
1800.0,heavy,3101,1,2.425,
1800.0,light-1,3102,1,1.272,
1800.0,light-2,3103,1,1.416,
1800.0,light-4,3102,1,1.475,
1800.0,light-5,3103,1,1.548,
1800.0,light-3,3101,1,3.430,
1803.3,heavy,3101,1,5.471,
1806.7,heavy,3102,0,1.130,
1810.0,heavy,3103,0,3.523,
1813.3,heavy,3101,1,4.939,
1816.7,heavy,3102,0,1.015,
1820.0,heavy,3103,1,14.007,
1823.3,heavy,3101,1,5.347,
1826.7,heavy,3102,0,1.580,
1830.0,heavy,3103,0,4.918,
1833.3,heavy,3101,0,5.219,
1836.7,heavy,3102,0,1.448,
1840.0,heavy,3103,0,5.604,
1843.3,heavy,3101,0,4.564,
1846.7,heavy,3102,1,1.660,
1850.0,heavy,3103,0,5.097,
1853.3,heavy,3101,0,3.349,
1856.7,heavy,3102,1,0.954,
1860.0,heavy,3103,0,4.482,
1863.3,heavy,3101,0,4.012,
1866.7,heavy,3102,1,1.120,
1870.0,heavy,3103,0,3.828,
1873.3,heavy,3101,1,4.200,
1876.7,heavy,3102,0,1.179,
1880.0,heavy,3103,0,3.787,
1883.3,heavy,3101,1,5.407,
1886.7,heavy,3102,0,0.888,
1890.0,heavy,3103,0,4.787,
1893.3,heavy,3101,0,5.858,
1896.7,heavy,3102,1,1.227,
1900.0,heavy,3103,0,3.725,
1900.0,light-1,3101,1,1.429,
1900.0,light-3,3103,1,1.512,
1900.0,light-2,3102,1,6.176,
1900.0,light-4,3101,1,6.573,
1900.0,light-5,3102,1,6.976,
1903.3,heavy,3103,1,7.306,
1906.7,heavy,3101,0,3.381,
1910.0,heavy,3102,0,1.125,
1913.3,heavy,3103,1,4.358,
1916.7,heavy,3101,0,4.118,
1920.0,heavy,3102,0,1.207,
1923.3,heavy,3103,1,4.302,
1926.7,heavy,3101,0,4.266,
1930.0,heavy,3102,0,1.044,
1933.3,heavy,3103,1,4.467,
1936.7,heavy,3101,0,3.530,
1940.0,heavy,3102,0,1.077,
1943.3,heavy,3103,1,5.311,
1946.7,heavy,3101,0,4.530,
1950.0,heavy,3102,0,2.079,
1953.3,heavy,3103,1,5.767,
1956.7,heavy,3101,0,3.555,
1960.0,heavy,3102,0,1.665,
1963.3,heavy,3103,1,4.737,
1966.7,heavy,3101,0,3.645,
1970.0,heavy,3102,0,1.352,
1973.3,heavy,3103,1,5.005,
1976.7,heavy,3101,0,3.199,
1980.0,heavy,3102,0,1.428,
1983.3,heavy,3103,1,8.591,
1986.7,heavy,3101,0,3.314,
1990.0,heavy,3102,0,0.968,
1993.3,heavy,3103,1,4.923,
1996.7,heavy,3101,0,4.936,
2000.0,heavy,3102,0,1.500,
2000.0,light-3,3102,1,1.751,
2000.0,light-1,3103,1,2.066,
2000.0,light-4,3103,1,2.534,
2000.0,light-2,3101,1,2.947,
2000.0,light-5,3101,1,3.367,
2003.3,heavy,3102,0,0.900,
2006.7,heavy,3103,1,4.131,
2010.0,heavy,3101,0,3.855,
2013.3,heavy,3102,1,0.997,
2016.7,heavy,3103,0,8.908,
2020.0,heavy,3101,0,3.843,
2023.3,heavy,3102,1,1.431,
2026.7,heavy,3103,0,5.040,
2030.0,heavy,3101,0,3.030,
2033.3,heavy,3102,0,0.803,
2036.7,heavy,3103,1,3.506,
2040.0,heavy,3101,0,2.742,
2043.3,heavy,3102,0,0.769,
2046.7,heavy,3103,1,4.288,
2050.0,heavy,3101,0,3.574,
2053.3,heavy,3102,0,0.983,
2056.7,heavy,3103,1,1.813,
2060.0,heavy,3101,1,4.107,
2063.3,heavy,3102,1,3.128,
2066.7,heavy,3103,0,4.034,
2070.0,heavy,3101,0,5.492,
2073.3,heavy,3102,0,3.136,
2076.7,heavy,3103,0,4.010,
2080.0,heavy,3101,0,2.916,
2083.3,heavy,3102,0,1.141,
2086.7,heavy,3103,0,5.939,
2090.0,heavy,3101,1,5.420,
2093.3,heavy,3102,1,1.378,
2096.7,heavy,3103,0,5.722,
2100.0,heavy,3101,0,4.077,
2100.0,light-1,3102,1,1.694,
2100.0,light-3,3101,1,1.771,
2100.0,light-4,3102,1,1.881,
2100.0,light-2,3103,1,2.282,
2100.0,light-5,3103,1,2.582,
2103.3,heavy,3101,0,2.665,
2106.7,heavy,3102,1,1.218,
2110.0,heavy,3103,1,3.847,
2113.3,heavy,3101,0,3.315,
2116.7,heavy,3102,0,1.817,
2120.0,heavy,3103,0,3.196,
2123.3,heavy,3101,0,3.847,
2126.7,heavy,3102,1,1.101,
2130.0,heavy,3103,0,4.453,
2133.3,heavy,3101,1,4.707,
2136.7,heavy,3102,0,0.916,
2140.0,heavy,3103,0,2.976,
2143.3,heavy,3101,1,5.027,
2146.7,heavy,3102,0,1.240,
2150.0,heavy,3103,0,3.193,
2153.3,heavy,3101,1,4.291,
2156.7,heavy,3102,0,0.757,
2160.0,heavy,3103,0,3.705,
2163.3,heavy,3101,1,6.935,
2166.7,heavy,3102,0,0.796,
2170.0,heavy,3103,0,3.625,
2173.3,heavy,3101,0,3.366,
2176.7,heavy,3102,1,0.910,
2180.0,heavy,3103,0,3.790,
2183.3,heavy,3101,1,4.776,
2186.7,heavy,3102,1,2.222,
2190.0,heavy,3103,0,4.269,
2193.3,heavy,3101,0,4.372,
2196.7,heavy,3102,0,0.989,
2200.0,heavy,3103,0,4.909,
2200.0,light-3,3102,1,2.175,
2200.0,light-1,3103,1,3.015,
2200.0,light-4,3103,1,3.116,
2200.0,light-2,3101,1,20.449,
2200.0,light-5,3101,1,25.638,
2203.3,heavy,3101,1,27.119,
2206.7,heavy,3102,1,1.594,
2210.0,heavy,3102,0,1.152,
2213.3,heavy,3103,0,3.132,
2216.7,heavy,3101,0,12.994,
2220.0,heavy,3102,1,0.992,
2223.3,heavy,3103,0,2.740,
2226.7,heavy,3101,0,7.199,
2230.0,heavy,3102,0,2.069,
2233.3,heavy,3103,1,5.938,
2236.7,heavy,3101,0,5.805,
2240.0,heavy,3102,0,1.984,
2243.3,heavy,3103,1,7.588,
2246.7,heavy,3101,1,8.323,
2250.0,heavy,3102,0,3.715,
2253.3,heavy,3103,0,5.765,
2256.7,heavy,3101,0,2.447,
2260.0,heavy,3102,0,1.459,
2263.3,heavy,3103,0,7.425,
2266.7,heavy,3101,1,7.391,
2270.0,heavy,3102,0,1.621,
2273.3,heavy,3103,0,5.483,
2276.7,heavy,3101,1,8.315,
2280.0,heavy,3102,0,1.569,
2283.3,heavy,3103,0,5.687,
2286.7,heavy,3101,1,2.812,
2290.0,heavy,3102,0,1.230,
2293.3,heavy,3103,0,5.839,
2296.7,heavy,3101,0,5.705,
2300.0,heavy,3102,1,3.931,
2300.0,light-2,3101,1,3.345,
2300.0,light-1,3103,1,3.637,
2300.0,light-5,3101,1,3.448,
2300.0,light-4,3103,1,3.634,
2300.0,light-3,3102,1,3.864,
2303.3,heavy,3102,1,1.613,
2306.7,heavy,3103,0,5.579,
2310.0,heavy,3101,0,4.986,
2313.3,heavy,3102,1,1.666,
2316.7,heavy,3103,0,5.680,
2320.0,heavy,3101,0,3.841,
2323.3,heavy,3102,1,1.247,
2326.7,heavy,3103,0,4.015,
2330.0,heavy,3101,0,3.826,
2333.3,heavy,3102,1,1.364,
2336.7,heavy,3103,0,3.851,
2340.0,heavy,3101,0,4.721,
2343.3,heavy,3102,1,1.443,
2346.7,heavy,3103,0,5.312,
2350.0,heavy,3101,0,5.579,
2353.3,heavy,3102,1,1.809,
2356.7,heavy,3103,0,5.834,
2360.0,heavy,3101,0,4.851,
2363.3,heavy,3102,1,1.390,
2366.7,heavy,3103,0,4.834,
2370.0,heavy,3101,0,6.513,
2373.3,heavy,3102,1,1.363,
2376.7,heavy,3103,0,5.504,
2380.0,heavy,3101,0,4.536,
2383.3,heavy,3102,1,1.417,
2386.7,heavy,3103,0,3.922,
2390.0,heavy,3101,0,3.115,
2393.3,heavy,3102,1,1.050,
2396.7,heavy,3103,1,6.784,
2400.0,heavy,3101,0,6.199,
2400.0,light-2,3103,1,2.955,
2400.0,light-4,3102,1,3.473,
2400.0,light-1,3102,1,5.565,
2400.0,light-3,3101,1,8.077,
2400.0,light-5,3103,1,8.755,
2403.3,heavy,3101,0,3.217,
2406.7,heavy,3102,0,1.389,
2410.0,heavy,3103,0,4.267,
2413.3,heavy,3101,1,4.275,
2416.7,heavy,3102,0,1.194,
2420.0,heavy,3103,0,3.356,
2423.3,heavy,3101,1,4.380,
2426.7,heavy,3102,0,0.964,
2430.0,heavy,3103,0,3.943,
2433.3,heavy,3101,1,4.620,
2436.7,heavy,3102,0,0.835,
2440.0,heavy,3103,0,3.144,
2443.3,heavy,3101,1,4.526,
2446.7,heavy,3102,0,0.936,
2450.0,heavy,3103,0,3.583,
2453.3,heavy,3101,1,4.533,
2456.7,heavy,3102,1,1.329,
2460.0,heavy,3103,0,3.404,
2463.3,heavy,3101,0,3.637,
2466.7,heavy,3102,0,1.057,
2470.0,heavy,3103,0,3.675,
2473.3,heavy,3101,0,3.969,
2476.7,heavy,3102,1,1.450,
2480.0,heavy,3103,0,5.357,
2483.3,heavy,3101,1,4.207,
2486.7,heavy,3102,0,1.352,
2490.0,heavy,3103,0,3.552,
2493.3,heavy,3101,1,4.104,
2496.7,heavy,3102,0,0.990,
2500.0,light-5,3101,1,4.385,
2500.0,light-3,3102,1,6.435,
2500.0,light-1,3103,1,8.100,
2500.0,light-2,3101,1,8.259,
2500.0,light-4,3103,1,9.038,
2500.0,heavy,3103,0,7.064,
2503.3,heavy,3101,0,6.209,
2506.7,heavy,3102,1,1.556,
2510.0,heavy,3102,0,0.984,
2513.3,heavy,3103,1,10.747,
2516.7,heavy,3101,0,3.315,
2520.0,heavy,3102,0,0.964,
2523.3,heavy,3103,1,3.390,
2526.7,heavy,3101,0,3.090,
2530.0,heavy,3102,0,0.956,
2533.3,heavy,3103,0,3.928,
2536.7,heavy,3101,0,4.146,
2540.0,heavy,3102,1,1.015,
2543.3,heavy,3103,1,4.348,
2546.7,heavy,3101,0,3.269,
2550.0,heavy,3102,0,1.024,
2553.3,heavy,3103,1,3.915,
2556.7,heavy,3101,0,3.255,
2560.0,heavy,3102,0,1.378,
2563.3,heavy,3103,1,3.881,
2566.7,heavy,3101,0,4.374,
2570.0,heavy,3102,0,1.203,
2573.3,heavy,3103,1,5.147,
2576.7,heavy,3101,0,3.957,
2580.0,heavy,3102,1,1.422,
2583.3,heavy,3103,0,4.830,
2586.7,heavy,3101,0,4.544,
2590.0,heavy,3102,0,1.629,
2593.3,heavy,3103,0,5.302,
2596.7,heavy,3101,1,4.649,
2600.0,light-3,3102,1,2.142,
2600.0,light-2,3101,1,2.328,
2600.0,light-5,3101,1,2.311,
2600.0,light-1,3103,1,3.572,
2600.0,light-4,3103,1,3.833,
2600.0,heavy,3102,1,1.794,
2603.3,heavy,3102,0,1.167,
2606.7,heavy,3103,0,4.699,
2610.0,heavy,3101,0,3.011,
2613.3,heavy,3102,1,1.603,
2616.7,heavy,3103,0,3.372,
2620.0,heavy,3101,0,3.216,
2623.3,heavy,3102,1,1.306,
2626.7,heavy,3103,1,4.960,
2630.0,heavy,3101,0,4.156,
2633.3,heavy,3102,0,1.091,
2636.7,heavy,3103,0,2.099,
2640.0,heavy,3101,0,3.986,
2643.3,heavy,3102,1,1.498,
2646.7,heavy,3103,0,3.344,
2650.0,heavy,3101,0,2.271,
2653.3,heavy,3102,1,1.515,
2656.7,heavy,3103,0,3.367,
2660.0,heavy,3101,0,3.876,
2663.3,heavy,3102,1,1.358,
2666.7,heavy,3103,0,2.756,
2670.0,heavy,3101,0,3.725,
2673.3,heavy,3102,1,1.073,
2676.7,heavy,3103,0,3.194,
2680.0,heavy,3101,0,3.402,
2683.3,heavy,3102,1,1.210,
2686.7,heavy,3103,0,4.364,
2690.0,heavy,3101,0,3.841,
2693.3,heavy,3102,1,1.611,
2696.7,heavy,3103,0,2.409,
2700.0,light-2,3102,1,2.127,
2700.0,light-5,3102,1,2.222,
2700.0,light-1,3101,1,3.117,
2700.0,light-3,3103,1,3.568,
2700.0,light-4,3101,1,3.660,
2700.0,heavy,3101,0,4.953,
2703.3,heavy,3102,1,1.617,
2706.7,heavy,3103,0,4.389,
2710.0,heavy,3103,0,3.071,
2713.3,heavy,3101,1,4.498,
2716.7,heavy,3102,0,1.424,
2720.0,heavy,3103,0,3.799,
2723.3,heavy,3101,1,4.086,
2726.7,heavy,3102,0,1.478,
2730.0,heavy,3103,0,3.437,
2733.3,heavy,3101,1,3.829,
2736.7,heavy,3102,0,1.125,
2740.0,heavy,3103,0,3.626,
2743.3,heavy,3101,1,4.320,
2746.7,heavy,3102,0,1.216,
2750.0,heavy,3103,0,3.576,
2753.3,heavy,3101,1,4.193,
2756.7,heavy,3102,0,1.286,
2760.0,heavy,3103,0,3.785,
2763.3,heavy,3101,1,4.308,
2766.7,heavy,3102,1,1.703,
2770.0,heavy,3103,0,4.024,
2773.3,heavy,3101,0,4.276,
2776.7,heavy,3102,0,1.191,
2780.0,heavy,3103,0,3.978,
2783.3,heavy,3101,0,4.096,
2786.7,heavy,3102,1,1.270,
2790.0,heavy,3103,0,2.560,
2793.3,heavy,3101,1,4.466,
2796.7,heavy,3102,1,1.471,
2800.0,light-1,3102,1,1.583,
2800.0,light-4,3102,1,1.901,
2800.0,light-2,3103,1,2.326,
2800.0,light-3,3101,1,2.399,
2800.0,light-5,3103,1,2.465,
2800.0,heavy,3103,0,3.836,
2803.3,heavy,3101,0,4.159,
2806.7,heavy,3101,0,2.602,
2810.0,heavy,3102,1,1.348,
2813.3,heavy,3103,0,3.162,
2816.7,heavy,3101,0,3.300,
2820.0,heavy,3102,0,0.900,
2823.3,heavy,3103,1,3.747,
2826.7,heavy,3101,0,3.202,
2830.0,heavy,3102,0,1.108,
2833.3,heavy,3103,1,4.417,
2836.7,heavy,3101,0,3.415,
2840.0,heavy,3102,0,1.041,
2843.3,heavy,3103,1,4.144,
2846.7,heavy,3101,0,3.278,
2850.0,heavy,3102,0,1.116,
2853.3,heavy,3103,1,5.528,
2856.7,heavy,3101,0,4.528,
2860.0,heavy,3102,1,1.360,
2863.3,heavy,3103,0,5.320,
2866.7,heavy,3101,0,4.965,
2870.0,heavy,3102,0,1.273,
2873.3,heavy,3103,1,4.861,
2876.7,heavy,3101,0,4.020,
2880.0,heavy,3102,1,1.375,
2883.3,heavy,3103,0,4.215,
2886.7,heavy,3101,0,3.497,
2890.0,heavy,3102,0,1.377,
2893.3,heavy,3103,1,5.085,
2896.7,heavy,3101,0,3.930,
2900.0,light-3,3102,1,1.525,
2900.0,light-1,3103,1,2.235,
2900.0,light-2,3101,1,2.301,
2900.0,light-4,3103,1,2.446,
2900.0,light-5,3101,1,2.531,
2900.0,heavy,3102,1,1.515,
2903.3,heavy,3102,0,1.082,
2906.7,heavy,3103,0,1.853,
2910.0,heavy,3101,0,3.812,
2913.3,heavy,3102,1,1.656,
2916.7,heavy,3103,0,4.003,
2920.0,heavy,3101,0,2.066,
2923.3,heavy,3102,1,1.899,
2926.7,heavy,3103,0,3.862,
2930.0,heavy,3101,0,4.239,
2933.3,heavy,3102,1,1.834,
2936.7,heavy,3103,0,2.901,
2940.0,heavy,3101,0,3.162,
2943.3,heavy,3102,1,1.110,
2946.7,heavy,3103,0,3.334,
2950.0,heavy,3101,0,3.305,
2953.3,heavy,3102,1,1.111,
2956.7,heavy,3103,0,3.583,
2960.0,heavy,3101,0,3.798,
2963.3,heavy,3102,1,1.330,
2966.7,heavy,3103,0,3.191,
2970.0,heavy,3101,0,3.561,
2973.3,heavy,3102,1,1.148,
2976.7,heavy,3103,0,3.894,
2980.0,heavy,3101,0,4.291,
2983.3,heavy,3102,1,0.996,
2986.7,heavy,3103,0,3.344,
2990.0,heavy,3101,0,2.834,
2993.3,heavy,3102,1,1.172,
2996.7,heavy,3103,0,1.939,
3000.0,light-1,3102,1,2.038,
3000.0,light-4,3102,1,2.452,
3000.0,light-2,3103,1,2.850,
3000.0,light-3,3101,1,3.072,
3000.0,light-5,3103,1,3.112,
3000.0,heavy,3101,0,4.901,
3003.3,heavy,3102,1,1.775,
3006.7,heavy,3103,0,4.285,
3010.0,heavy,3101,0,4.597,
3013.3,heavy,3101,0,2.581,
3016.7,heavy,3102,1,1.262,
3020.0,heavy,3103,0,5.744,
3023.3,heavy,3101,0,3.584,
3026.7,heavy,3102,1,1.042,
3030.0,heavy,3103,0,4.433,
3033.3,heavy,3101,1,3.913,
3036.7,heavy,3102,0,1.431,
3040.0,heavy,3103,0,3.247,
3043.3,heavy,3101,1,4.082,
3046.7,heavy,3102,0,0.892,
3050.0,heavy,3103,0,3.884,
3053.3,heavy,3101,0,4.281,
3056.7,heavy,3102,1,1.198,
3060.0,heavy,3103,0,3.258,
3063.3,heavy,3101,1,4.111,
3066.7,heavy,3102,0,0.986,
3070.0,heavy,3103,0,3.260,
3073.3,heavy,3101,0,4.027,
3076.7,heavy,3102,1,1.392,
3080.0,heavy,3103,0,3.427,
3083.3,heavy,3101,0,3.846,
3086.7,heavy,3102,1,1.702,
3090.0,heavy,3103,0,1.925,
3093.3,heavy,3101,1,6.832,
3096.7,heavy,3102,1,1.486,
3100.0,light-1,3102,1,1.716,
3100.0,light-4,3102,1,2.312,
3100.0,light-2,3103,1,2.865,
3100.0,light-3,3101,1,3.202,
3100.0,light-5,3103,1,3.296,
3100.0,heavy,3103,0,5.916,
3103.3,heavy,3101,0,6.641,
3106.7,heavy,3101,0,4.971,
3110.0,heavy,3102,0,1.043,
3113.3,heavy,3103,0,3.716,
3116.7,heavy,3101,0,3.997,
3120.0,heavy,3102,1,1.163,
3123.3,heavy,3103,1,4.431,
3126.7,heavy,3101,0,3.232,
3130.0,heavy,3102,0,0.961,
3133.3,heavy,3103,1,4.668,
3136.7,heavy,3101,0,3.149,
3140.0,heavy,3102,0,1.232,
3143.3,heavy,3103,1,4.530,
3146.7,heavy,3101,0,3.111,
3150.0,heavy,3102,0,1.106,
3153.3,heavy,3103,0,4.426,
3156.7,heavy,3101,1,4.756,
3160.0,heavy,3102,1,1.650,
3163.3,heavy,3103,0,4.482,
3166.7,heavy,3101,0,4.691,
3170.0,heavy,3102,0,1.208,
3173.3,heavy,3103,1,5.726,
3176.7,heavy,3101,0,4.068,
3180.0,heavy,3102,1,1.750,
3183.3,heavy,3103,0,5.592,
3186.7,heavy,3101,0,4.005,
3190.0,heavy,3102,0,0.882,
3193.3,heavy,3103,1,5.454,
3196.7,heavy,3101,0,4.003,
3200.0,light-2,3101,1,1.457,
3200.0,light-3,3102,1,1.537,
3200.0,light-5,3101,1,1.646,
3200.0,light-1,3103,1,2.049,
3200.0,light-4,3103,1,1.986,
3200.0,heavy,3102,0,1.535,
3203.3,heavy,3102,0,0.812,
3206.7,heavy,3103,0,4.064,
3210.0,heavy,3101,1,4.383,
3213.3,heavy,3102,1,1.097,
3216.7,heavy,3103,0,2.954,
3220.0,heavy,3101,0,3.561,
3223.3,heavy,3102,1,0.886,
3226.7,heavy,3103,0,3.400,
3230.0,heavy,3101,1,4.162,
3233.3,heavy,3102,0,1.065,
3236.7,heavy,3103,0,2.429,
3240.0,heavy,3101,0,3.608,
3243.3,heavy,3102,1,1.365,
3246.7,heavy,3103,0,2.936,
3250.0,heavy,3101,0,4.969,
3253.3,heavy,3102,1,1.497,
3256.7,heavy,3103,0,3.943,
3260.0,heavy,3101,0,4.578,
3263.3,heavy,3102,1,1.075,
3266.7,heavy,3103,0,3.783,
3270.0,heavy,3101,0,3.963,
3273.3,heavy,3102,1,1.689,
3276.7,heavy,3103,0,2.031,
3280.0,heavy,3101,0,4.008,
3283.3,heavy,3102,1,1.723,
3286.7,heavy,3103,0,3.944,
3290.0,heavy,3101,0,3.754,
3293.3,heavy,3102,0,1.335,
3296.7,heavy,3103,1,7.799,
3300.0,light-1,3101,1,2.811,
3300.0,light-3,3103,1,3.320,
3300.0,light-2,3102,1,7.037,
3300.0,light-5,3102,1,7.969,
3300.0,light-4,3101,1,9.250,
3300.0,heavy,3101,0,6.731,
3303.3,heavy,3102,1,1.783,
3306.7,heavy,3103,0,7.384,
3310.0,heavy,3103,0,4.607,
3313.3,heavy,3101,0,3.728,
3316.7,heavy,3102,0,1.073,
3320.0,heavy,3103,1,2.060,
3323.3,heavy,3101,0,3.373,
3326.7,heavy,3102,0,0.998,
3330.0,heavy,3103,1,2.061,
3333.3,heavy,3101,0,3.779,
3336.7,heavy,3102,1,1.027,
3340.0,heavy,3103,0,3.556,
3343.3,heavy,3101,1,5.062,
3346.7,heavy,3102,0,1.027,
3350.0,heavy,3103,0,3.897,
3353.3,heavy,3101,1,4.008,
3356.7,heavy,3102,0,1.242,
3360.0,heavy,3103,0,3.769,
3363.3,heavy,3101,1,4.300,
3366.7,heavy,3102,0,1.020,
3370.0,heavy,3103,1,5.104,
3373.3,heavy,3101,0,4.235,
3376.7,heavy,3102,1,1.719,
3380.0,heavy,3103,0,4.746,
3383.3,heavy,3101,0,4.455,
3386.7,heavy,3102,0,1.148,
3390.0,heavy,3103,0,4.316,
3393.3,heavy,3101,0,11.220,
3396.7,heavy,3102,1,1.440,
3400.0,light-2,3102,1,1.690,
3400.0,light-3,3103,1,2.506,
3400.0,light-5,3102,1,2.541,
3400.0,light-1,3101,1,7.627,
3400.0,light-4,3101,1,7.881,
3400.0,heavy,3103,0,2.631,
3403.3,heavy,3103,1,5.010,
3406.7,heavy,3101,0,7.433,
3410.0,heavy,3102,0,1.245,
3413.3,heavy,3103,1,4.814,
3416.7,heavy,3101,0,9.660,
3420.0,heavy,3102,0,0.806,
3423.3,heavy,3103,1,4.087,
3426.7,heavy,3101,0,4.460,
3430.0,heavy,3102,0,1.552,
3433.3,heavy,3103,0,1.966,
3436.7,heavy,3101,0,3.896,
3440.0,heavy,3102,1,1.294,
3443.3,heavy,3103,1,4.166,
3446.7,heavy,3101,0,3.983,
3450.0,heavy,3102,0,0.695,
3453.3,heavy,3103,1,4.746,
3456.7,heavy,3101,0,3.885,
3460.0,heavy,3102,1,1.244,
3463.3,heavy,3103,0,3.200,
3466.7,heavy,3101,0,3.578,
3470.0,heavy,3102,0,0.874,
3473.3,heavy,3103,1,5.241,
3476.7,heavy,3101,0,4.466,
3480.0,heavy,3102,1,1.231,
3483.3,heavy,3103,0,1.810,
3486.7,heavy,3101,0,4.272,
3490.0,heavy,3102,1,1.421,
3493.3,heavy,3103,0,3.434,
3496.7,heavy,3101,0,3.704,
3500.0,light-2,3101,1,1.951,
3500.0,light-1,3103,1,2.656,
3500.0,light-5,3101,1,2.612,
3500.0,light-3,3102,1,2.791,
3500.0,light-4,3103,1,2.817,
3500.0,heavy,3102,0,1.906,
3503.3,heavy,3102,0,1.027,
3506.7,heavy,3103,1,4.937,
3510.0,heavy,3101,0,4.088,
3513.3,heavy,3102,0,1.216,
3516.7,heavy,3103,1,2.265,
3520.0,heavy,3101,0,3.514,
3523.3,heavy,3102,1,1.331,
3526.7,heavy,3103,0,2.549,
3530.0,heavy,3101,0,3.356,
3533.3,heavy,3102,0,1.119,
3536.7,heavy,3103,1,7.826,
3540.0,heavy,3101,0,3.966,
3543.3,heavy,3102,1,1.145,
3546.7,heavy,3103,0,4.727,
3550.0,heavy,3101,0,2.611,
3553.3,heavy,3102,1,0.968,
3556.7,heavy,3103,0,6.419,
3560.0,heavy,3101,1,3.644,
3563.3,heavy,3102,0,1.137,
3566.7,heavy,3103,0,4.332,
3570.0,heavy,3101,0,2.931,
3573.3,heavy,3102,1,0.839,
3576.7,heavy,3103,0,3.671,
3580.0,heavy,3101,0,3.525,
3583.3,heavy,3102,1,1.185,
3586.7,heavy,3103,0,3.236,
3590.0,heavy,3101,0,2.289,
3593.3,heavy,3102,1,1.695,
3596.7,heavy,3103,0,6.774,
3600.0,light-5,3101,1,3.733,
3600.0,light-3,3102,1,6.319,
3600.0,light-2,3101,1,7.120,
3600.0,light-1,3103,1,7.447,
3600.0,light-4,3103,1,8.332,
3600.0,heavy,3101,0,5.568,
3603.3,heavy,3102,1,1.686,
3606.7,heavy,3102,0,1.266,
3610.0,heavy,3103,0,5.243,
3613.3,heavy,3101,1,4.348,
3616.7,heavy,3102,0,1.335,
3620.0,heavy,3103,0,3.851,
3623.3,heavy,3101,1,4.714,
3626.7,heavy,3102,0,0.979,
3630.0,heavy,3103,1,4.728,
3633.3,heavy,3101,0,3.821,
3636.7,heavy,3102,0,1.141,
3640.0,heavy,3103,0,4.692,
3643.3,heavy,3101,0,3.874,
3646.7,heavy,3102,1,1.371,
3650.0,heavy,3103,0,4.523,
3653.3,heavy,3101,1,3.841,
3656.7,heavy,3102,0,0.970,
3660.0,heavy,3103,1,5.193,
3663.3,heavy,3101,0,4.246,
3666.7,heavy,3102,0,1.411,
3670.0,heavy,3103,0,1.874,
3673.3,heavy,3101,0,3.842,
3676.7,heavy,3102,1,1.424,
3680.0,heavy,3103,0,4.183,
3683.3,heavy,3101,1,4.512,
3686.7,heavy,3102,0,0.989,
3690.0,heavy,3103,0,2.866,
3693.3,heavy,3101,1,4.170,
3696.7,heavy,3102,0,1.226,
3700.0,light-2,3102,1,2.504,
3700.0,light-1,3101,1,2.664,
3700.0,light-3,3103,1,2.683,
3700.0,light-5,3102,1,2.689,
3700.0,light-4,3101,1,2.819,
3700.0,heavy,3103,0,4.739,
3703.3,heavy,3101,1,5.230,
3706.7,heavy,3102,1,2.107,
3710.0,heavy,3103,0,4.867,
3713.3,heavy,3103,0,2.893,
3716.7,heavy,3101,0,2.096,
3720.0,heavy,3102,1,1.572,
3723.3,heavy,3103,0,3.644,
3726.7,heavy,3101,0,3.356,
3730.0,heavy,3102,0,0.940,
3733.3,heavy,3103,1,4.410,
3736.7,heavy,3101,0,3.673,
3740.0,heavy,3102,1,1.270,
3743.3,heavy,3103,0,4.200,
3746.7,heavy,3101,0,2.912,
3750.0,heavy,3102,0,1.031,
3753.3,heavy,3103,0,4.427,
3756.7,heavy,3101,0,3.681,
3760.0,heavy,3102,1,1.360,
3763.3,heavy,3103,1,3.753,
3766.7,heavy,3101,0,3.135,
3770.0,heavy,3102,0,1.177,
3773.3,heavy,3103,1,3.778,
3776.7,heavy,3101,0,3.882,
3780.0,heavy,3102,0,0.979,
3783.3,heavy,3103,1,4.258,
3786.7,heavy,3101,0,3.608,
3790.0,heavy,3102,0,1.120,
3793.3,heavy,3103,0,8.393,
3796.7,heavy,3101,1,8.464,
3800.0,light-2,3103,1,3.209,
3800.0,light-4,3102,1,3.773,
3800.0,light-1,3102,1,6.572,
3800.0,light-3,3101,1,9.210,
3800.0,light-5,3103,1,9.731,
3800.0,heavy,3102,1,1.650,
3803.3,heavy,3103,0,8.191,
3806.7,heavy,3101,0,8.432,
3810.0,heavy,3101,0,5.179,
3813.3,heavy,3102,1,1.982,
3816.7,heavy,3103,0,4.111,
3820.0,heavy,3101,0,3.898,
3823.3,heavy,3102,1,1.386,
3826.7,heavy,3103,0,5.320,
3830.0,heavy,3101,0,4.233,
3833.3,heavy,3102,1,1.578,
3836.7,heavy,3103,0,4.629,
3840.0,heavy,3101,1,5.368,
3843.3,heavy,3102,0,1.217,
3846.7,heavy,3103,0,4.336,
3850.0,heavy,3101,1,4.891,
3853.3,heavy,3102,0,1.160,
3856.7,heavy,3103,0,4.218,
3860.0,heavy,3101,0,4.949,
3863.3,heavy,3102,1,1.592,
3866.7,heavy,3103,0,4.513,
3870.0,heavy,3101,0,3.910,
3873.3,heavy,3102,1,0.932,
3876.7,heavy,3103,0,3.407,
3880.0,heavy,3101,0,3.278,
3883.3,heavy,3102,0,1.126,
3886.7,heavy,3103,1,4.455,
3890.0,heavy,3101,0,4.052,
3893.3,heavy,3102,1,1.103,
3896.7,heavy,3103,0,3.158,
3900.0,light-1,3102,1,1.952,
3900.0,light-4,3102,1,2.049,
3900.0,light-2,3103,1,2.953,
3900.0,light-3,3101,1,3.492,
3900.0,light-5,3103,1,3.589,
3900.0,heavy,3101,0,5.174,
3903.3,heavy,3102,1,1.733,
3906.7,heavy,3103,0,4.604,
3910.0,heavy,3101,0,4.953,
3913.3,heavy,3101,1,6.174,
3916.7,heavy,3102,0,0.932,
3920.0,heavy,3103,0,3.190,
3923.3,heavy,3101,1,3.933,
3926.7,heavy,3102,0,1.023,
3930.0,heavy,3103,1,5.482,
3933.3,heavy,3101,0,3.861,
3936.7,heavy,3102,1,1.605,
3940.0,heavy,3103,0,5.380,
3943.3,heavy,3101,0,2.234,
3946.7,heavy,3102,0,1.279,
3950.0,heavy,3103,0,4.143,
3953.3,heavy,3101,0,3.262,
3956.7,heavy,3102,1,1.396,
3960.0,heavy,3103,0,4.074,
3963.3,heavy,3101,1,3.668,
3966.7,heavy,3102,0,0.933,
3970.0,heavy,3103,0,3.067,
3973.3,heavy,3101,0,3.490,
3976.7,heavy,3102,1,1.294,
3980.0,heavy,3103,0,3.519,
3983.3,heavy,3101,0,3.319,
3986.7,heavy,3102,1,1.561,
3990.0,heavy,3103,0,1.978,
3993.3,heavy,3101,1,4.452,
3996.7,heavy,3102,1,1.338,
4000.0,light-1,3102,1,1.432,
4000.0,light-4,3102,1,1.657,
4000.0,light-2,3103,1,2.359,
4000.0,light-3,3101,1,2.492,
4000.0,light-5,3103,1,2.560,
4000.0,heavy,3103,0,3.634,
4003.3,heavy,3101,0,4.222,
4006.7,heavy,3101,0,2.071,
4010.0,heavy,3102,0,0.977,
4013.3,heavy,3103,0,3.285,
4016.7,heavy,3101,1,3.387,
4020.0,heavy,3102,0,0.880,
4023.3,heavy,3103,1,4.631,
4026.7,heavy,3101,0,4.016,
4030.0,heavy,3102,1,1.455,
4033.3,heavy,3103,0,4.338,
4036.7,heavy,3101,0,2.641,
4040.0,heavy,3102,1,1.249,
4043.3,heavy,3103,0,4.594,
4046.7,heavy,3101,0,3.832,
4050.0,heavy,3102,0,1.319,
4053.3,heavy,3103,1,4.169,
4056.7,heavy,3101,0,2.791,
4060.0,heavy,3102,0,1.188,
4063.3,heavy,3103,1,4.402,
4066.7,heavy,3101,0,3.504,
4070.0,heavy,3102,0,1.035,
4073.3,heavy,3103,1,3.865,
4076.7,heavy,3101,0,3.540,
4080.0,heavy,3102,0,0.968,
4083.3,heavy,3103,0,11.619,
4086.7,heavy,3101,1,11.045,
4090.0,heavy,3102,1,9.140,
4093.3,heavy,3103,0,11.552,
4096.7,heavy,3101,1,12.591,
4100.0,light-1,3103,1,6.791,
4100.0,light-2,3101,1,6.922,
4100.0,light-3,3102,1,10.530,
4100.0,light-5,3101,1,10.683,
4100.0,light-4,3103,1,11.108,
4100.0,heavy,3102,0,7.193,
4103.3,heavy,3102,0,3.497,
4106.7,heavy,3103,0,3.760,
4110.0,heavy,3101,1,4.799,
4113.3,heavy,3102,0,1.498,
4116.7,heavy,3103,0,4.715,
4120.0,heavy,3101,0,4.354,
4123.3,heavy,3102,1,1.757,
4126.7,heavy,3103,0,4.024,
4130.0,heavy,3101,0,3.945,
4133.3,heavy,3102,1,1.517,
4136.7,heavy,3103,0,4.962,
4140.0,heavy,3101,1,4.045,
4143.3,heavy,3102,0,1.621,
4146.7,heavy,3103,0,2.989,
4150.0,heavy,3101,0,3.532,
4153.3,heavy,3102,0,1.097,
4156.7,heavy,3103,1,3.534,
4160.0,heavy,3101,0,2.775,
4163.3,heavy,3102,1,0.980,
4166.7,heavy,3103,0,3.880,
4170.0,heavy,3101,0,4.103,
4173.3,heavy,3102,1,1.106,
4176.7,heavy,3103,0,3.167,
4180.0,heavy,3101,0,3.293,
4183.3,heavy,3102,1,1.606,
4186.7,heavy,3103,0,3.017,
4190.0,heavy,3101,1,6.087,
4193.3,heavy,3102,1,1.567,
4196.7,heavy,3103,0,4.365,
4200.0,light-1,3102,1,1.947,
4200.0,light-4,3102,1,1.978,
4200.0,light-2,3103,1,2.482,
4200.0,light-5,3103,1,3.211,
4200.0,light-3,3101,1,3.601,
4200.0,heavy,3101,0,6.368,
4203.3,heavy,3101,0,5.036,
4206.7,heavy,3102,0,0.975,
4210.0,heavy,3103,0,4.218,
4213.3,heavy,3101,0,3.454,
4216.7,heavy,3102,1,1.521,
4220.0,heavy,3103,0,2.852,
4223.3,heavy,3101,1,4.125,
4226.7,heavy,3102,0,1.045,
4230.0,heavy,3103,0,4.394,
4233.3,heavy,3101,1,4.648,
4236.7,heavy,3102,0,0.945,
4240.0,heavy,3103,0,3.582,
4243.3,heavy,3101,0,3.792,
4246.7,heavy,3102,1,1.322,
4250.0,heavy,3103,0,2.187,
4253.3,heavy,3101,1,4.490,
4256.7,heavy,3102,1,1.242,
4260.0,heavy,3103,0,3.587,
4263.3,heavy,3101,0,4.246,
4266.7,heavy,3102,0,1.412,
4270.0,heavy,3103,0,3.634,
4273.3,heavy,3101,0,3.959,
4276.7,heavy,3102,1,1.273,
4280.0,heavy,3103,0,3.721,
4283.3,heavy,3101,1,4.354,
4286.7,heavy,3102,0,1.554,
4290.0,heavy,3103,0,3.579,
4293.3,heavy,3101,1,4.276,
4296.7,heavy,3102,0,0.929,
4300.0,light-3,3103,1,2.632,
4300.0,light-1,3101,1,2.933,
4300.0,light-4,3101,1,2.914,
4300.0,light-5,3102,1,2.974,
4300.0,light-2,3102,1,4.944,
4300.0,heavy,3103,1,6.159,
4303.3,heavy,3101,0,4.967,
4306.7,heavy,3102,1,1.701,
4310.0,heavy,3103,0,5.958,
4313.3,heavy,3103,0,4.438,
4316.7,heavy,3101,0,3.258,
4320.0,heavy,3102,0,0.978,
4323.3,heavy,3103,0,4.384,
4326.7,heavy,3101,1,4.710,
4330.0,heavy,3102,0,1.375,
4333.3,heavy,3103,0,3.590,
4336.7,heavy,3101,1,3.952,
4340.0,heavy,3102,1,1.226,
4343.3,heavy,3103,0,4.018,
4346.7,heavy,3101,0,3.301,
4350.0,heavy,3102,0,0.806,
4353.3,heavy,3103,1,5.148,
4356.7,heavy,3101,0,4.097,
4360.0,heavy,3102,1,1.281,
4363.3,heavy,3103,0,1.968,
4366.7,heavy,3101,0,4.011,
4370.0,heavy,3102,1,1.436,
4373.3,heavy,3103,0,4.026,
4376.7,heavy,3101,0,2.485,
4380.0,heavy,3102,1,1.912,
4383.3,heavy,3103,0,4.344,
4386.7,heavy,3101,0,5.399,
4390.0,heavy,3102,0,1.732,
4393.3,heavy,3103,1,4.939,
4396.7,heavy,3101,0,9.389,
4400.0,light-1,3103,1,2.251,
4400.0,light-4,3103,1,2.402,
4400.0,light-2,3101,1,4.391,
4400.0,light-5,3101,1,4.679,
4400.0,light-3,3102,1,5.268,
4400.0,heavy,3102,0,3.500,
4403.3,heavy,3102,1,2.439,
4406.7,heavy,3103,0,3.961,
4410.0,heavy,3101,0,4.580,
4413.3,heavy,3102,1,1.168,
4416.7,heavy,3103,0,5.478,
4420.0,heavy,3101,1,5.739,
4423.3,heavy,3102,0,1.608,
4426.7,heavy,3103,0,5.050,
4430.0,heavy,3101,1,6.994,
4433.3,heavy,3102,0,1.785,
4436.7,heavy,3103,0,3.820,
4440.0,heavy,3101,0,3.852,
4443.3,heavy,3102,1,1.214,
4446.7,heavy,3103,1,5.607,
4450.0,heavy,3101,0,4.498,
4453.3,heavy,3102,0,1.246,
4456.7,heavy,3103,0,2.606,
4460.0,heavy,3101,0,4.662,
4463.3,heavy,3102,1,1.455,
4466.7,heavy,3103,0,3.495,
4470.0,heavy,3101,0,3.555,
4473.3,heavy,3102,1,1.128,
4476.7,heavy,3103,0,3.783,
4480.0,heavy,3101,0,4.022,
4483.3,heavy,3102,1,1.897,
4486.7,heavy,3103,0,3.114,
4490.0,heavy,3101,0,3.670,
4493.3,heavy,3102,1,1.140,
4496.7,heavy,3103,0,3.361,
4500.0,light-1,3102,1,1.252,
4500.0,light-2,3103,1,1.427,
4500.0,light-4,3102,1,1.518,
4500.0,light-5,3103,1,1.785,
4500.0,light-3,3101,1,2.892,
4500.0,heavy,3101,1,5.352,
4503.3,heavy,3101,0,4.960,
4506.7,heavy,3102,0,0.748,
4510.0,heavy,3103,0,4.025,
4513.3,heavy,3101,1,4.403,
4516.7,heavy,3102,0,1.047,
4520.0,heavy,3103,0,4.310,
4523.3,heavy,3101,0,3.602,
4526.7,heavy,3102,1,1.301,
4530.0,heavy,3103,0,4.083,
4533.3,heavy,3101,1,3.702,
4536.7,heavy,3102,0,0.775,
4540.0,heavy,3103,1,4.801,
4543.3,heavy,3101,0,3.892,
4546.7,heavy,3102,0,1.039,
4550.0,heavy,3103,0,2.796,
4553.3,heavy,3101,0,4.614,
4556.7,heavy,3102,1,1.304,
4560.0,heavy,3103,0,4.730,
4563.3,heavy,3101,0,8.378,
4566.7,heavy,3102,1,0.965,
4570.0,heavy,3103,1,4.410,
4573.3,heavy,3101,0,3.852,
4576.7,heavy,3102,0,1.403,
4580.0,heavy,3103,1,5.300,
4583.3,heavy,3101,0,4.712,
4586.7,heavy,3102,1,1.218,
4590.0,heavy,3103,0,5.102,
4593.3,heavy,3101,0,5.203,
4596.7,heavy,3102,0,0.855,
4600.0,light-5,3101,1,3.652,
4600.0,light-3,3102,1,5.972,
4600.0,light-1,3103,1,7.055,
4600.0,light-2,3101,1,7.224,
4600.0,light-4,3103,1,7.953,
4600.0,heavy,3103,0,6.149,
4603.3,heavy,3101,0,5.588,
4606.7,heavy,3102,1,1.279,
4610.0,heavy,3102,0,1.125,
4613.3,heavy,3103,1,6.626,
4616.7,heavy,3101,0,5.354,
4620.0,heavy,3102,0,0.741,
4623.3,heavy,3103,1,3.638,
4626.7,heavy,3101,0,2.806,
4630.0,heavy,3102,1,1.099,
4633.3,heavy,3103,0,3.391,
4636.7,heavy,3101,0,3.055,
4640.0,heavy,3102,0,0.825,
4643.3,heavy,3103,0,4.898,
4646.7,heavy,3101,1,5.404,
4650.0,heavy,3102,1,1.434,
4653.3,heavy,3103,0,5.118,
4656.7,heavy,3101,0,2.362,
4660.0,heavy,3102,0,1.337,
4663.3,heavy,3103,0,5.063,
4666.7,heavy,3101,0,4.073,
4670.0,heavy,3102,1,1.195,
4673.3,heavy,3103,1,7.644,
4676.7,heavy,3101,0,3.390,
4680.0,heavy,3102,0,0.890,
4683.3,heavy,3103,1,4.740,
4686.7,heavy,3101,0,2.923,
4690.0,heavy,3102,0,0.763,
4693.3,heavy,3103,1,5.572,
4696.7,heavy,3101,0,4.079,
4700.0,light-3,3102,1,2.087,
4700.0,light-1,3103,1,2.748,
4700.0,light-2,3101,1,2.861,
4700.0,light-5,3101,1,2.814,
4700.0,light-4,3103,1,3.010,
4700.0,heavy,3102,1,1.621,
4703.3,heavy,3102,0,0.956,
4706.7,heavy,3103,0,4.653,
4710.0,heavy,3101,0,4.135,
4713.3,heavy,3102,1,1.341,
4716.7,heavy,3103,0,3.541,
4720.0,heavy,3101,0,2.776,
4723.3,heavy,3102,1,1.072,
4726.7,heavy,3103,0,4.048,
4730.0,heavy,3101,1,4.510,
4733.3,heavy,3102,0,0.938,
4736.7,heavy,3103,0,2.658,
4740.0,heavy,3101,0,3.299,
4743.3,heavy,3102,0,1.145,
4746.7,heavy,3103,1,4.630,
4750.0,heavy,3101,1,3.731,
4753.3,heavy,3102,0,0.957,
4756.7,heavy,3103,0,3.292,
4760.0,heavy,3101,0,3.405,
4763.3,heavy,3102,1,1.025,
4766.7,heavy,3103,0,3.158,
4770.0,heavy,3101,0,3.704,
4773.3,heavy,3102,1,1.064,
4776.7,heavy,3103,0,2.928,
4780.0,heavy,3101,0,4.168,
4783.3,heavy,3102,0,0.688,
4786.7,heavy,3103,0,4.270,
4790.0,heavy,3101,1,4.380,
4793.3,heavy,3102,1,1.300,
4796.7,heavy,3103,0,2.754,
4800.0,light-1,3102,1,1.670,
4800.0,light-4,3102,1,1.812,
4800.0,light-3,3101,1,2.955,
4800.0,light-2,3103,1,3.664,
4800.0,light-5,3103,1,3.691,
4800.0,heavy,3101,0,4.542,
4803.3,heavy,3102,1,1.591,
4806.7,heavy,3103,0,4.402,
4810.0,heavy,3101,0,4.210,
4813.3,heavy,3101,1,4.074,
4816.7,heavy,3102,0,0.881,
4820.0,heavy,3103,0,3.720,
4823.3,heavy,3101,1,3.927,
4826.7,heavy,3102,0,0.984,
4830.0,heavy,3103,0,3.709,
4833.3,heavy,3101,0,4.115,
4836.7,heavy,3102,1,1.364,
4840.0,heavy,3103,0,3.833,
4843.3,heavy,3101,1,3.728,
4846.7,heavy,3102,0,0.892,
4850.0,heavy,3103,1,4.800,
4853.3,heavy,3101,0,3.629,
4856.7,heavy,3102,0,1.092,
4860.0,heavy,3103,0,2.986,
4863.3,heavy,3101,1,3.841,
4866.7,heavy,3102,0,0.765,
4870.0,heavy,3103,0,3.366,
4873.3,heavy,3101,1,3.047,
4876.7,heavy,3102,0,0.826,
4880.0,heavy,3103,0,4.058,
4883.3,heavy,3101,0,3.249,
4886.7,heavy,3102,1,1.175,
4890.0,heavy,3103,0,3.339,
4893.3,heavy,3101,1,3.647,
4896.7,heavy,3102,0,0.820,
4900.0,light-1,3101,1,1.457,
4900.0,light-2,3102,1,1.580,
4900.0,light-3,3103,1,2.689,
4900.0,light-4,3101,1,4.530,
4900.0,light-5,3102,1,4.994,
4900.0,heavy,3103,1,5.731,
4903.3,heavy,3103,0,4.590,
4906.7,heavy,3101,0,3.189,
4910.0,heavy,3102,0,1.187,
4913.3,heavy,3103,0,3.913,
4916.7,heavy,3101,1,4.215,
4920.0,heavy,3102,0,0.807,
4923.3,heavy,3103,0,3.558,
4926.7,heavy,3101,1,3.994,
4930.0,heavy,3102,1,1.178,
4933.3,heavy,3103,0,3.714,
4936.7,heavy,3101,0,1.667,
4940.0,heavy,3102,1,1.319,
4943.3,heavy,3103,0,3.167,
4946.7,heavy,3101,0,3.368,
4950.0,heavy,3102,0,0.878,
4953.3,heavy,3103,1,3.787,
4956.7,heavy,3101,0,3.365,
4960.0,heavy,3102,0,1.510,
4963.3,heavy,3103,1,6.725,
4966.7,heavy,3101,0,3.267,
4970.0,heavy,3102,0,0.915,
4973.3,heavy,3103,1,4.769,
4976.7,heavy,3101,0,3.204,
4980.0,heavy,3102,0,1.396,
4983.3,heavy,3103,1,5.976,
4986.7,heavy,3101,0,4.147,
4990.0,heavy,3102,1,1.269,
4993.3,heavy,3103,0,5.666,
4996.7,heavy,3101,0,4.768,
5000.0,heavy,3102,0,1.742,
5000.0,light-2,3101,1,1.662,
5000.0,light-3,3102,1,1.729,
5000.0,light-1,3103,1,1.946,
5000.0,light-5,3101,1,1.844,
5000.0,light-4,3103,1,2.097,
5003.3,heavy,3102,0,1.265,
5006.7,heavy,3103,1,4.335,
5010.0,heavy,3101,0,3.524,
5013.3,heavy,3102,0,0.966,
5016.7,heavy,3103,1,1.698,
5020.0,heavy,3101,0,3.633,
5023.3,heavy,3102,1,1.358,
5026.7,heavy,3103,0,3.807,
5030.0,heavy,3101,0,2.875,
5033.3,heavy,3102,1,0.979,
5036.7,heavy,3103,1,4.572,
5040.0,heavy,3101,0,3.830,
5043.3,heavy,3102,0,1.088,
5046.7,heavy,3103,0,1.298,
5050.0,heavy,3101,0,3.537,
5053.3,heavy,3102,1,1.173,
5056.7,heavy,3103,0,3.511,
5060.0,heavy,3101,0,2.245,
5063.3,heavy,3102,1,1.450,
5066.7,heavy,3103,0,3.505,
5070.0,heavy,3101,0,3.819,
5073.3,heavy,3102,1,1.404,
5076.7,heavy,3103,0,2.900,
5080.0,heavy,3101,0,3.545,
5083.3,heavy,3102,1,1.118,
5086.7,heavy,3103,0,3.951,
5090.0,heavy,3101,0,4.287,
5093.3,heavy,3102,1,1.202,
5096.7,heavy,3103,0,4.250,
5100.0,heavy,3101,0,3.750,
5100.0,light-3,3102,1,1.385,
5100.0,light-1,3103,1,2.311,
5100.0,light-2,3101,1,2.387,
5100.0,light-4,3103,1,2.573,
5100.0,light-5,3101,1,2.721,
5103.3,heavy,3102,1,1.175,
5106.7,heavy,3102,0,1.145,
5110.0,heavy,3103,0,4.604,
5113.3,heavy,3101,0,3.654,
5116.7,heavy,3102,1,1.100,
5120.0,heavy,3103,0,4.408,
5123.3,heavy,3101,1,3.929,
5126.7,heavy,3102,0,1.050,
5130.0,heavy,3103,0,2.869,
5133.3,heavy,3101,0,2.882,
5136.7,heavy,3102,1,0.977,
5140.0,heavy,3103,1,4.470,
5143.3,heavy,3101,0,3.445,
5146.7,heavy,3102,1,1.247,
5150.0,heavy,3103,0,4.261,
5153.3,heavy,3101,0,2.702,
5156.7,heavy,3102,0,1.005,
5160.0,heavy,3103,0,3.392,
5163.3,heavy,3101,0,3.519,
5166.7,heavy,3102,1,1.250,
5170.0,heavy,3103,0,2.051,
5173.3,heavy,3101,1,5.047,
5176.7,heavy,3102,1,1.623,
5180.0,heavy,3103,0,4.052,
5183.3,heavy,3101,0,4.754,
5186.7,heavy,3102,0,1.186,
5190.0,heavy,3103,0,4.497,
5193.3,heavy,3101,0,4.353,
5196.7,heavy,3102,1,1.325,
5200.0,heavy,3103,0,4.703,
5200.0,light-1,3101,1,2.923,
5200.0,light-2,3102,1,3.332,
5200.0,light-4,3101,1,2.501,
5200.0,light-5,3102,1,2.352,
5200.0,light-3,3103,1,3.678,
5203.3,heavy,3103,1,5.578,
5206.7,heavy,3101,0,3.810,
5210.0,heavy,3102,0,1.304,
5213.3,heavy,3103,1,10.000,
5216.7,heavy,3101,0,3.953,
5220.0,heavy,3102,1,1.199,
5223.3,heavy,3103,0,4.347,
5226.7,heavy,3101,0,3.059,
5230.0,heavy,3102,0,1.072,
5233.3,heavy,3103,1,4.847,
5236.7,heavy,3101,0,4.408,
5240.0,heavy,3102,1,1.700,
5243.3,heavy,3103,0,5.005,
5246.7,heavy,3101,0,3.126,
5250.0,heavy,3102,0,0.827,
5253.3,heavy,3103,0,3.884,
5256.7,heavy,3101,0,3.141,
5260.0,heavy,3102,1,1.482,
5263.3,heavy,3103,1,3.163,
5266.7,heavy,3101,0,2.966,
5270.0,heavy,3102,0,0.912,
5273.3,heavy,3103,1,4.344,
5276.7,heavy,3101,0,3.726,
5280.0,heavy,3102,1,1.337,
5283.3,heavy,3103,0,4.071,
5286.7,heavy,3101,0,2.468,
5290.0,heavy,3102,1,1.529,
5293.3,heavy,3103,0,4.059,
5296.7,heavy,3101,0,3.849,
5300.0,heavy,3102,0,1.525,
5300.0,light-3,3102,1,1.671,
5300.0,light-2,3101,1,2.203,
5300.0,light-1,3103,1,3.156,
5300.0,light-5,3101,1,3.238,
5300.0,light-4,3103,1,3.436,
5303.3,heavy,3102,1,1.781,
5306.7,heavy,3103,0,3.120,
5310.0,heavy,3101,0,3.224,
5313.3,heavy,3102,1,1.145,
5316.7,heavy,3103,0,2.837,
5320.0,heavy,3101,0,3.143,
5323.3,heavy,3102,1,1.410,
5326.7,heavy,3103,1,4.136,
5330.0,heavy,3101,0,2.939,
5333.3,heavy,3102,0,1.211,
5336.7,heavy,3103,0,2.824,
5340.0,heavy,3101,0,3.192,
5343.3,heavy,3102,1,1.095,
5346.7,heavy,3103,0,2.904,
5350.0,heavy,3101,0,3.258,
5353.3,heavy,3102,1,1.522,
5356.7,heavy,3103,0,4.038,
5360.0,heavy,3101,1,4.303,
5363.3,heavy,3102,0,1.149,
5366.7,heavy,3103,0,2.998,
5370.0,heavy,3101,0,3.265,
5373.3,heavy,3102,1,1.284,
5376.7,heavy,3103,0,2.998,
5380.0,heavy,3101,0,3.266,
5383.3,heavy,3102,1,0.860,
5386.7,heavy,3103,1,4.025,
5390.0,heavy,3101,0,3.078,
5393.3,heavy,3102,0,0.922,
5396.7,heavy,3103,0,2.003,
5400.0,heavy,3101,0,4.797,
5400.0,light-1,3101,1,2.418,
5400.0,light-3,3103,1,2.530,
5400.0,light-4,3101,1,2.972,
5400.0,light-5,3102,1,3.090,
5400.0,light-2,3102,1,4.999,
5403.3,heavy,3102,1,1.212,
5406.7,heavy,3103,0,4.791,
5410.0,heavy,3103,0,2.308,
5413.3,heavy,3101,1,4.668,
5416.7,heavy,3102,1,1.407,
5420.0,heavy,3103,0,3.933,
5423.3,heavy,3101,0,3.002,
5426.7,heavy,3102,0,1.014,
5430.0,heavy,3103,0,3.634,
5433.3,heavy,3101,0,3.717,
5436.7,heavy,3102,1,1.359,
5440.0,heavy,3103,0,2.100,
5443.3,heavy,3101,0,3.878,
5446.7,heavy,3102,1,1.380,
5450.0,heavy,3103,1,4.198,
5453.3,heavy,3101,0,3.988,
5456.7,heavy,3102,0,1.517,
5460.0,heavy,3103,0,3.402,
5463.3,heavy,3101,0,2.947,
5466.7,heavy,3102,1,1.166,
5470.0,heavy,3103,0,2.873,
5473.3,heavy,3101,1,4.003,
5476.7,heavy,3102,1,1.217,
5480.0,heavy,3103,0,3.147,
5483.3,heavy,3101,0,3.714,
5486.7,heavy,3102,0,0.801,
5490.0,heavy,3103,0,4.660,
5493.3,heavy,3101,0,4.799,
5496.7,heavy,3102,1,1.762,
5500.0,heavy,3103,0,4.483,
5500.0,light-2,3102,1,1.871,
5500.0,light-5,3102,1,2.039,
5500.0,light-1,3101,1,3.075,
5500.0,light-3,3103,1,3.197,
5500.0,light-4,3101,1,3.337,
5503.3,heavy,3103,1,5.604,
5506.7,heavy,3101,0,3.705,
5510.0,heavy,3102,0,1.304,
5513.3,heavy,3103,1,3.843,
5516.7,heavy,3101,0,3.448,
5520.0,heavy,3102,0,1.262,
5523.3,heavy,3103,0,4.219,
5526.7,heavy,3101,0,3.474,
5530.0,heavy,3102,1,1.381,
5533.3,heavy,3103,1,3.877,
5536.7,heavy,3101,0,3.760,
5540.0,heavy,3102,0,0.990,
5543.3,heavy,3103,1,3.727,
5546.7,heavy,3101,0,3.295,
5550.0,heavy,3102,0,0.873,
5553.3,heavy,3103,1,3.807,
5556.7,heavy,3101,0,3.183,
5560.0,heavy,3102,0,1.218,
5563.3,heavy,3103,1,4.202,
5566.7,heavy,3101,0,3.254,
5570.0,heavy,3102,1,1.359,
5573.3,heavy,3103,0,4.051,
5576.7,heavy,3101,0,3.681,
5580.0,heavy,3102,0,1.022,
5583.3,heavy,3103,1,4.281,
5586.7,heavy,3101,0,3.157,
5590.0,heavy,3102,1,1.132,
5593.3,heavy,3103,0,3.328,
5596.7,heavy,3101,0,8.162,
5600.0,heavy,3102,1,1.560,
5600.0,light-1,3101,1,1.540,
5600.0,light-2,3102,1,1.684,
5600.0,light-4,3101,1,1.728,
5600.0,light-5,3102,1,1.834,
5600.0,light-3,3103,1,2.975,
5603.3,heavy,3103,0,3.835,
5606.7,heavy,3103,0,4.978,
5610.0,heavy,3101,0,3.040,
5613.3,heavy,3102,1,0.933,
5616.7,heavy,3103,0,5.151,
5620.0,heavy,3101,0,4.218,
5623.3,heavy,3102,1,1.249,
5626.7,heavy,3103,0,4.199,
5630.0,heavy,3101,0,3.576,
5633.3,heavy,3102,1,1.024,
5636.7,heavy,3103,0,2.803,
5640.0,heavy,3101,0,3.364,
5643.3,heavy,3102,1,1.440,
5646.7,heavy,3103,0,3.673,
5650.0,heavy,3101,0,3.505,
5653.3,heavy,3102,1,1.599,
5656.7,heavy,3103,0,3.649,
5660.0,heavy,3101,0,2.871,
5663.3,heavy,3102,1,1.220,
5666.7,heavy,3103,0,3.253,
5670.0,heavy,3101,0,3.611,
5673.3,heavy,3102,0,0.857,
5676.7,heavy,3103,0,4.357,
5680.0,heavy,3101,1,3.962,
5683.3,heavy,3102,1,1.624,
5686.7,heavy,3103,0,3.179,
5690.0,heavy,3101,0,5.473,
5693.3,heavy,3102,1,1.460,
5696.7,heavy,3103,0,4.813,
5700.0,heavy,3101,0,5.288,
5700.0,light-2,3103,1,2.526,
5700.0,light-4,3102,1,3.208,
5700.0,light-1,3102,1,4.981,
5700.0,light-3,3101,1,5.566,
5700.0,light-5,3103,1,5.663,
5703.3,heavy,3101,0,2.760,
5706.7,heavy,3102,1,1.892,
5710.0,heavy,3103,0,3.635,
5713.3,heavy,3101,1,4.116,
5716.7,heavy,3102,0,1.337,
5720.0,heavy,3103,0,2.685,
5723.3,heavy,3101,0,3.961,
5726.7,heavy,3102,1,1.447,
5730.0,heavy,3103,0,3.433,
5733.3,heavy,3101,0,2.339,
5736.7,heavy,3102,1,1.695,
5740.0,heavy,3103,0,3.391,
5743.3,heavy,3101,0,2.751,
5746.7,heavy,3102,1,1.581,
5750.0,heavy,3103,0,3.147,
5753.3,heavy,3101,1,3.762,
5756.7,heavy,3102,0,0.722,
5760.0,heavy,3103,1,4.116,
5763.3,heavy,3101,0,2.804,
5766.7,heavy,3102,0,1.025,
5770.0,heavy,3103,0,4.018,
5773.3,heavy,3101,0,3.013,
5776.7,heavy,3102,1,1.182,
5780.0,heavy,3103,0,2.717,
5783.3,heavy,3101,1,4.308,
5786.7,heavy,3102,1,1.404,
5790.0,heavy,3103,0,3.471,
5793.3,heavy,3101,0,4.104,
5796.7,heavy,3102,0,0.813,
5800.0,heavy,3103,0,4.583,
5800.0,light-2,3102,1,1.804,
5800.0,light-5,3102,1,1.990,
5800.0,light-1,3101,1,2.348,
5800.0,light-3,3103,1,2.445,
5800.0,light-4,3101,1,2.550,
5803.3,heavy,3101,0,3.709,
5806.7,heavy,3102,1,1.491,
5810.0,heavy,3103,0,4.355,
5813.3,heavy,3103,1,3.859,
5816.7,heavy,3101,0,2.767,
5820.0,heavy,3102,0,1.274,
5823.3,heavy,3103,1,4.619,
5826.7,heavy,3101,0,2.913,
5830.0,heavy,3102,0,0.861,
5833.3,heavy,3103,1,6.285,
5836.7,heavy,3101,0,2.818,
5840.0,heavy,3102,0,0.937,
5843.3,heavy,3103,1,3.746,
5846.7,heavy,3101,0,3.133,
5850.0,heavy,3102,1,1.420,
5853.3,heavy,3103,0,3.448,
5856.7,heavy,3101,0,1.777,
5860.0,heavy,3102,1,1.606,
5863.3,heavy,3103,0,3.025,
5866.7,heavy,3101,0,3.255,
5870.0,heavy,3102,0,1.714,
5873.3,heavy,3103,0,1.886,
5876.7,heavy,3101,0,3.641,
5880.0,heavy,3102,1,1.434,
5883.3,heavy,3103,1,3.925,
5886.7,heavy,3101,0,3.736,
5890.0,heavy,3102,0,0.722,
5893.3,heavy,3103,0,3.728,
5896.7,heavy,3101,1,4.148,
5900.0,heavy,3102,1,1.385,
5900.0,light-2,3102,1,1.558,
5900.0,light-5,3102,1,1.740,
5900.0,light-1,3101,1,2.182,
5900.0,light-3,3103,1,2.349,
5900.0,light-4,3101,1,2.488,
5903.3,heavy,3103,0,3.923,
5906.7,heavy,3103,0,2.974,
5910.0,heavy,3101,0,2.875,
5913.3,heavy,3102,0,0.942,
5916.7,heavy,3103,1,3.608,
5920.0,heavy,3101,1,3.465,
5923.3,heavy,3102,0,0.868,
5926.7,heavy,3103,0,4.122,
5930.0,heavy,3101,0,3.711,
5933.3,heavy,3102,1,1.337,
5936.7,heavy,3103,0,2.395,
5940.0,heavy,3101,0,3.430,
5943.3,heavy,3102,1,1.437,
5946.7,heavy,3103,0,3.521,
5950.0,heavy,3101,0,3.310,
5953.3,heavy,3102,1,0.623,
5956.7,heavy,3103,0,3.430,
5960.0,heavy,3101,0,3.579,
5963.3,heavy,3102,1,1.219,
5966.7,heavy,3103,0,3.359,
5970.0,heavy,3101,0,2.879,
5973.3,heavy,3102,0,0.758,
5976.7,heavy,3103,1,3.913,
5980.0,heavy,3101,1,4.130,
5983.3,heavy,3102,0,1.217,
5986.7,heavy,3103,0,2.851,
5990.0,heavy,3101,0,3.514,
5993.3,heavy,3102,1,1.003,
5996.7,heavy,3103,0,2.699,
6000.0,heavy,3101,0,3.785,
6000.0,light-1,3102,1,1.358,
6000.0,light-2,3103,1,1.557,
6000.0,light-4,3102,1,1.619,
6000.0,light-5,3103,1,1.842,
6000.0,light-3,3101,1,2.826,
6003.3,heavy,3101,1,4.348,
6006.7,heavy,3102,0,1.099,
6010.0,heavy,3103,0,3.448,
6013.3,heavy,3101,1,3.726,
6016.7,heavy,3102,0,1.177,
6020.0,heavy,3103,0,3.705,
6023.3,heavy,3101,0,4.283,
6026.7,heavy,3102,1,1.417,
6030.0,heavy,3103,0,3.848,
6033.3,heavy,3101,1,4.366,
6036.7,heavy,3102,0,0.830,
6040.0,heavy,3103,0,3.273,
6043.3,heavy,3101,1,3.574,
6046.7,heavy,3102,0,1.220,
6050.0,heavy,3103,0,4.188,
6053.3,heavy,3101,0,3.260,
6056.7,heavy,3102,1,1.223,
6060.0,heavy,3103,0,3.939,
6063.3,heavy,3101,1,4.185,
6066.7,heavy,3102,0,1.229,
6070.0,heavy,3103,0,3.522,
6073.3,heavy,3101,0,3.868,
6076.7,heavy,3102,1,1.176,
6080.0,heavy,3103,0,3.209,
6083.3,heavy,3101,1,3.732,
6086.7,heavy,3102,0,0.879,
6090.0,heavy,3103,1,4.026,
6093.3,heavy,3101,0,2.814,
6096.7,heavy,3102,0,0.839,
6100.0,heavy,3103,0,8.871,
6100.0,light-5,3101,1,3.605,
6100.0,light-2,3101,1,6.633,
6100.0,light-1,3103,1,7.413,
6100.0,light-3,3102,1,7.722,
6100.0,light-4,3103,1,11.491,
6103.3,heavy,3101,0,5.231,
6106.7,heavy,3102,1,2.377,
6110.0,heavy,3102,0,2.986,
6113.3,heavy,3103,1,8.166,
6116.7,heavy,3101,0,4.301,
6120.0,heavy,3102,0,1.464,
6123.3,heavy,3103,1,5.082,
6126.7,heavy,3101,0,3.894,
6130.0,heavy,3102,0,1.004,
6133.3,heavy,3103,1,4.271,
6136.7,heavy,3101,0,4.375,
6140.0,heavy,3102,0,1.362,
6143.3,heavy,3103,1,3.955,
6146.7,heavy,3101,0,3.205,
6150.0,heavy,3102,1,1.149,
6153.3,heavy,3103,0,3.757,
6156.7,heavy,3101,0,2.637,
6160.0,heavy,3102,0,1.058,
6163.3,heavy,3103,0,3.058,
6166.7,heavy,3101,0,3.284,
6170.0,heavy,3102,1,0.950,
6173.3,heavy,3103,1,4.372,
6176.7,heavy,3101,0,2.932,
6180.0,heavy,3102,0,1.000,
6183.3,heavy,3103,1,4.032,
6186.7,heavy,3101,0,2.704,
6190.0,heavy,3102,0,0.837,
6193.3,heavy,3103,1,2.826,
6196.7,heavy,3101,0,3.527,
6200.0,heavy,3102,0,1.415,
6200.0,light-1,3103,1,1.526,
6200.0,light-4,3103,1,1.800,
6200.0,light-3,3102,1,1.981,
6200.0,light-2,3101,1,2.257,
6200.0,light-5,3101,1,2.450,
6203.3,heavy,3102,1,0.946,
6206.7,heavy,3103,0,3.243,
6210.0,heavy,3101,0,3.767,
6213.3,heavy,3102,1,1.278,
6216.7,heavy,3103,0,3.437,
6220.0,heavy,3101,0,3.244,
6223.3,heavy,3102,1,0.949,
6226.7,heavy,3103,1,3.919,
6230.0,heavy,3101,0,4.317,
6233.3,heavy,3102,0,1.135,
6236.7,heavy,3103,0,1.803,
6240.0,heavy,3101,0,3.170,
6243.3,heavy,3102,1,1.322,
6246.7,heavy,3103,0,3.449,
6250.0,heavy,3101,0,3.004,
6253.3,heavy,3102,1,0.835,
6256.7,heavy,3103,1,3.969,
6260.0,heavy,3101,0,3.167,
6263.3,heavy,3102,0,0.983,
6266.7,heavy,3103,0,1.322,
6270.0,heavy,3101,0,3.166,
6273.3,heavy,3102,1,1.182,
6276.7,heavy,3103,0,3.083,
6280.0,heavy,3101,0,1.820,
6283.3,heavy,3102,1,1.493,
6286.7,heavy,3103,0,3.107,
6290.0,heavy,3101,0,3.478,
6293.3,heavy,3102,1,1.317,
6296.7,heavy,3103,0,3.180,
6300.0,heavy,3101,0,3.622,
6300.0,light-1,3102,1,1.280,
6300.0,light-2,3103,1,1.360,
6300.0,light-4,3102,1,1.730,
6300.0,light-5,3103,1,1.818,
6300.0,light-3,3101,1,2.376,
6303.3,heavy,3101,0,2.218,
6306.7,heavy,3102,1,1.370,
6310.0,heavy,3103,0,3.087,
6313.3,heavy,3101,1,3.614,
6316.7,heavy,3102,0,0.939,
6320.0,heavy,3103,0,3.381,
6323.3,heavy,3101,0,3.703,
6326.7,heavy,3102,1,1.163,
6330.0,heavy,3103,0,2.983,
6333.3,heavy,3101,1,4.281,
6336.7,heavy,3102,0,1.021,
6340.0,heavy,3103,0,3.381,
6343.3,heavy,3101,1,3.726,
6346.7,heavy,3102,0,1.373,
6350.0,heavy,3103,0,3.071,
6353.3,heavy,3101,0,2.673,
6356.7,heavy,3102,1,1.041,
6360.0,heavy,3103,0,1.807,
6363.3,heavy,3101,0,3.551,
6366.7,heavy,3102,1,1.359,
6370.0,heavy,3103,0,3.387,
6373.3,heavy,3101,0,3.229,
6376.7,heavy,3102,1,0.949,
6380.0,heavy,3103,0,3.925,
6383.3,heavy,3101,0,3.156,
6386.7,heavy,3102,1,1.266,
6390.0,heavy,3103,0,3.682,
6393.3,heavy,3101,1,3.571,
6396.7,heavy,3102,0,0.845,
6400.0,heavy,3103,1,4.066,
6400.0,light-1,3102,1,1.232,
6400.0,light-4,3102,1,1.419,
6400.0,light-3,3101,1,2.139,
6400.0,light-2,3103,1,2.380,
6400.0,light-5,3103,1,2.396,
6403.3,heavy,3101,0,3.154,
6406.7,heavy,3101,0,2.407,
6410.0,heavy,3102,1,1.426,
6413.3,heavy,3103,0,3.390,
6416.7,heavy,3101,0,3.854,
6420.0,heavy,3102,0,1.447,
6423.3,heavy,3103,1,3.626,
6426.7,heavy,3101,0,2.668,
6430.0,heavy,3102,0,1.036,
6433.3,heavy,3103,1,4.345,
6436.7,heavy,3101,0,3.683,
6440.0,heavy,3102,0,1.066,
6443.3,heavy,3103,1,3.626,
6446.7,heavy,3101,0,2.944,
6450.0,heavy,3102,0,0.749,
6453.3,heavy,3103,1,3.801,
6456.7,heavy,3101,0,3.085,
6460.0,heavy,3102,1,1.255,
6463.3,heavy,3103,0,3.498,
6466.7,heavy,3101,0,3.305,
6470.0,heavy,3102,0,0.736,
6473.3,heavy,3103,1,3.353,
6476.7,heavy,3101,0,2.846,
6480.0,heavy,3102,1,1.124,
6483.3,heavy,3103,0,2.604,
6486.7,heavy,3101,0,4.814,
6490.0,heavy,3102,1,1.577,
6493.3,heavy,3103,0,3.426,
6496.7,heavy,3101,0,4.591,
6500.0,heavy,3102,0,1.521,
6500.0,light-1,3103,1,1.269,
6500.0,light-2,3101,1,1.494,
6500.0,light-3,3102,1,1.878,
6500.0,light-5,3101,1,1.896,
6500.0,light-4,3103,1,1.985,
6503.3,heavy,3102,0,0.720,
6506.7,heavy,3103,1,4.006,
6510.0,heavy,3101,0,3.092,
6513.3,heavy,3102,1,1.146,
6516.7,heavy,3103,0,2.145,
6520.0,heavy,3101,0,3.033,
6523.3,heavy,3102,1,1.200,
6526.7,heavy,3103,0,3.012,
6530.0,heavy,3101,0,1.718,
6533.3,heavy,3102,1,1.448,
6536.7,heavy,3103,0,3.646,
6540.0,heavy,3101,0,3.121,
6543.3,heavy,3102,1,1.233,
6546.7,heavy,3103,0,3.118,
6550.0,heavy,3101,0,3.249,
6553.3,heavy,3102,1,0.947,
6556.7,heavy,3103,0,4.409,
6560.0,heavy,3101,0,3.560,
6563.3,heavy,3102,1,1.043,
6566.7,heavy,3103,0,3.383,
6570.0,heavy,3101,0,3.435,
6573.3,heavy,3102,1,1.146,
6576.7,heavy,3103,0,2.022,
6580.0,heavy,3101,0,4.010,
6583.3,heavy,3102,1,1.566,
6586.7,heavy,3103,0,4.604,
6590.0,heavy,3101,0,4.213,
6593.3,heavy,3102,1,1.106,
6596.7,heavy,3103,0,3.811,
6600.0,heavy,3101,0,3.347,
6600.0,light-3,3102,1,1.800,
6600.0,light-1,3103,1,2.148,
6600.0,light-2,3101,1,2.359,
6600.0,light-4,3103,1,2.496,
6600.0,light-5,3101,1,2.592,
6603.3,heavy,3102,1,1.413,
6606.7,heavy,3102,0,1.426,
6610.0,heavy,3103,0,4.777,
6613.3,heavy,3101,0,2.794,
6616.7,heavy,3102,1,1.144,
6620.0,heavy,3103,0,4.669,
6623.3,heavy,3101,1,3.716,
6626.7,heavy,3102,0,0.922,
6630.0,heavy,3103,0,4.468,
6633.3,heavy,3101,0,3.673,
6636.7,heavy,3102,1,1.671,
6640.0,heavy,3103,0,3.540,
6643.3,heavy,3101,1,3.981,
6646.7,heavy,3102,0,0.856,
6650.0,heavy,3103,1,4.385,
6653.3,heavy,3101,0,2.824,
6656.7,heavy,3102,0,0.941,
6660.0,heavy,3103,0,3.228,
6663.3,heavy,3101,1,3.473,
6666.7,heavy,3102,0,0.828,
6670.0,heavy,3103,1,4.001,
6673.3,heavy,3101,0,4.476,
6676.7,heavy,3102,1,1.337,
6680.0,heavy,3103,0,4.177,
6683.3,heavy,3101,0,4.429,
6686.7,heavy,3102,0,0.930,
6690.0,heavy,3103,0,5.649,
6693.3,heavy,3101,0,6.223,
6696.7,heavy,3102,1,1.373,
6700.0,heavy,3103,0,5.541,
6700.0,light-1,3101,1,1.590,
6700.0,light-3,3103,1,1.681,
6700.0,light-2,3102,1,5.694,
6700.0,light-4,3101,1,6.582,
6700.0,light-5,3102,1,7.064,
6703.3,heavy,3103,1,3.873,
6706.7,heavy,3101,0,2.835,
6710.0,heavy,3102,0,0.850,
6713.3,heavy,3103,1,4.964,
6716.7,heavy,3101,0,4.412,
6720.0,heavy,3102,0,1.110,
6723.3,heavy,3103,1,4.780,
6726.7,heavy,3101,0,3.749,
6730.0,heavy,3102,0,1.302,
6733.3,heavy,3103,1,4.786,
6736.7,heavy,3101,0,4.241,
6740.0,heavy,3102,0,1.027,
6743.3,heavy,3103,1,3.379,
6746.7,heavy,3101,0,4.238,
6750.0,heavy,3102,0,1.445,
6753.3,heavy,3103,0,4.520,
6756.7,heavy,3101,1,5.071,
6760.0,heavy,3102,1,1.736,
6763.3,heavy,3103,0,3.022,
6766.7,heavy,3101,0,4.800,
6770.0,heavy,3102,0,1.385,
6773.3,heavy,3103,1,4.773,
6776.7,heavy,3101,0,3.708,
6780.0,heavy,3102,0,1.487,
6783.3,heavy,3103,1,4.786,
6786.7,heavy,3101,0,2.488,
6790.0,heavy,3102,0,1.075,
6793.3,heavy,3103,1,3.208,
6796.7,heavy,3101,0,2.408,
6800.0,heavy,3102,0,1.458,
6800.0,light-2,3101,1,1.490,
6800.0,light-1,3103,1,1.709,
6800.0,light-3,3102,1,1.712,
6800.0,light-4,3103,1,1.822,
6800.0,light-5,3101,1,1.886,
6803.3,heavy,3102,1,1.272,
6806.7,heavy,3103,0,2.952,
6810.0,heavy,3101,0,2.857,
6813.3,heavy,3102,0,0.812,
6816.7,heavy,3103,1,4.326,
6820.0,heavy,3101,0,3.750,
6823.3,heavy,3102,1,1.272,
6826.7,heavy,3103,0,2.757,
6830.0,heavy,3101,0,3.596,
6833.3,heavy,3102,1,1.381,
6836.7,heavy,3103,0,3.932,
6840.0,heavy,3101,0,3.753,
6843.3,heavy,3102,0,0.887,
6846.7,heavy,3103,1,3.859,
6850.0,heavy,3101,0,3.363,
6853.3,heavy,3102,1,1.272,
6856.7,heavy,3103,0,2.285,
6860.0,heavy,3101,0,3.976,
6863.3,heavy,3102,1,1.298,
6866.7,heavy,3103,0,3.091,
6870.0,heavy,3101,0,3.712,
6873.3,heavy,3102,1,0.897,
6876.7,heavy,3103,0,3.546,
6880.0,heavy,3101,0,3.947,
6883.3,heavy,3102,1,1.169,
6886.7,heavy,3103,0,2.530,
6890.0,heavy,3101,0,2.742,
6893.3,heavy,3102,1,1.800,
6896.7,heavy,3103,1,6.509,
6900.0,heavy,3101,0,5.281,
6900.0,light-2,3103,1,2.531,
6900.0,light-4,3102,1,2.955,
6900.0,light-1,3102,1,5.498,
6900.0,light-3,3101,1,6.460,
6900.0,light-5,3103,1,7.011,
6903.3,heavy,3101,0,5.463,
6906.7,heavy,3102,0,1.127,
6910.0,heavy,3103,0,3.238,
6913.3,heavy,3101,0,3.468,
6916.7,heavy,3102,1,1.196,
6920.0,heavy,3103,0,2.796,
6923.3,heavy,3101,1,3.568,
6926.7,heavy,3102,0,0.792,
6930.0,heavy,3103,0,4.115,
6933.3,heavy,3101,1,3.668,
6936.7,heavy,3102,0,0.803,
6940.0,heavy,3103,0,3.273,
6943.3,heavy,3101,0,3.674,
6946.7,heavy,3102,1,1.149,
6950.0,heavy,3103,0,3.064,
6953.3,heavy,3101,1,3.268,
6956.7,heavy,3102,0,0.872,
6960.0,heavy,3103,1,4.631,
6963.3,heavy,3101,0,3.760,
6966.7,heavy,3102,0,1.241,
6970.0,heavy,3103,0,4.857,
6973.3,heavy,3101,0,3.797,
6976.7,heavy,3102,1,1.484,
6980.0,heavy,3103,0,4.019,
6983.3,heavy,3101,1,4.555,
6986.7,heavy,3102,0,0.946,
6990.0,heavy,3103,0,4.535,
6993.3,heavy,3101,1,4.840,
6996.7,heavy,3102,0,1.338,
7000.0,heavy,3103,0,4.264,
7000.0,light-2,3102,1,1.331,
7000.0,light-1,3101,1,1.815,
7000.0,light-5,3102,1,1.795,
7000.0,light-4,3101,1,1.952,
7000.0,light-3,3103,1,3.251,
7003.3,heavy,3103,1,4.257,
7006.7,heavy,3101,0,3.954,
7010.0,heavy,3102,0,1.246,
7013.3,heavy,3103,1,3.180,
7016.7,heavy,3101,0,2.646,
7020.0,heavy,3102,1,1.163,
7023.3,heavy,3103,0,2.892,
7026.7,heavy,3101,0,1.541,
7030.0,heavy,3102,1,1.697,
7033.3,heavy,3103,0,3.467,
7036.7,heavy,3101,0,3.126,
7040.0,heavy,3102,0,1.744,
7043.3,heavy,3103,0,2.232,
7046.7,heavy,3101,0,3.860,
7050.0,heavy,3102,1,1.361,
7053.3,heavy,3103,1,4.235,
7056.7,heavy,3101,0,4.016,
7060.0,heavy,3102,0,1.155,
7063.3,heavy,3103,1,4.458,
7066.7,heavy,3101,0,3.874,
7070.0,heavy,3102,1,1.630,
7073.3,heavy,3103,0,2.556,
7076.7,heavy,3101,0,2.885,
7080.0,heavy,3102,1,1.688,
7083.3,heavy,3103,0,4.095,
7086.7,heavy,3101,0,3.296,
7090.0,heavy,3102,0,0.974,
7093.3,heavy,3103,1,4.240,
7096.7,heavy,3101,0,3.632,
7100.0,heavy,3102,1,1.458,
7100.0,light-2,3102,1,1.578,
7100.0,light-5,3102,1,1.739,
7100.0,light-1,3101,1,2.413,
7100.0,light-3,3103,1,2.918,
7100.0,light-4,3101,1,3.015,
7103.3,heavy,3103,0,4.005,
7106.7,heavy,3103,0,3.445,
7110.0,heavy,3101,0,3.111,
7113.3,heavy,3102,0,0.948,
7116.7,heavy,3103,1,3.706,
7120.0,heavy,3101,1,4.058,
7123.3,heavy,3102,0,1.224,
7126.7,heavy,3103,0,2.810,
7130.0,heavy,3101,0,3.020,
7133.3,heavy,3102,0,0.919,
7136.7,heavy,3103,0,5.616,
7140.0,heavy,3101,1,4.526,
7143.3,heavy,3102,1,2.059,
7146.7,heavy,3103,0,5.278,
7150.0,heavy,3101,0,4.889,
7153.3,heavy,3102,0,1.008,
7156.7,heavy,3103,0,3.057,
7160.0,heavy,3101,1,1.723,
7163.3,heavy,3102,1,1.108,
7166.7,heavy,3103,0,2.565,
7170.0,heavy,3101,0,3.188,
7173.3,heavy,3102,1,1.113,
7176.7,heavy,3103,0,3.488,
7180.0,heavy,3101,0,3.320,
7183.3,heavy,3102,1,0.797,
7186.7,heavy,3103,0,3.237,
7190.0,heavy,3101,0,3.279,
7193.3,heavy,3102,1,1.290,
7196.7,heavy,3103,0,2.980,
7200.0,heavy,3101,0,3.734,
7200.0,light-1,3102,1,1.493,
7200.0,light-4,3102,1,1.772,
7200.0,light-2,3103,1,2.446,
7200.0,light-3,3101,1,2.718,
7200.0,light-5,3103,1,2.869,
7203.3,heavy,3102,1,1.151,
7206.7,heavy,3103,1,4.234,
7210.0,heavy,3101,0,3.573,
7213.3,heavy,3101,0,2.605,
7216.7,heavy,3102,0,1.011,
7220.0,heavy,3103,0,3.443,
7223.3,heavy,3101,0,2.720,
7226.7,heavy,3102,1,1.069,
7230.0,heavy,3103,0,2.783,
7233.3,heavy,3101,0,4.022,
7236.7,heavy,3102,1,1.190,
7240.0,heavy,3103,1,4.191,
7243.3,heavy,3101,0,2.749,
7246.7,heavy,3102,1,1.456,
7250.0,heavy,3103,0,3.348,
7253.3,heavy,3101,0,2.888,
7256.7,heavy,3102,0,1.392,
7260.0,heavy,3103,0,2.784,
7263.3,heavy,3101,1,2.972,
7266.7,heavy,3102,0,0.794,
7270.0,heavy,3103,1,3.669,
7273.3,heavy,3101,0,2.683,
7276.7,heavy,3102,1,1.495,
7280.0,heavy,3103,0,2.958,
7283.3,heavy,3101,0,3.458,
7286.7,heavy,3102,0,1.302,
7290.0,heavy,3103,0,2.647,
7293.3,heavy,3101,1,3.590,
7296.7,heavy,3102,0,0.764,
7300.0,heavy,3103,1,4.255,
7300.0,light-1,3102,1,1.266,
7300.0,light-4,3102,1,1.483,
7300.0,light-2,3103,1,2.281,
7300.0,light-3,3101,1,2.450,
7300.0,light-5,3103,1,2.485,
7303.3,heavy,3101,0,3.291,
7306.7,heavy,3101,0,2.939,
7310.0,heavy,3102,1,1.406,
7313.3,heavy,3103,0,3.518,
7316.7,heavy,3101,0,3.654,
7320.0,heavy,3102,0,1.078,
7323.3,heavy,3103,0,3.748,
7326.7,heavy,3101,1,3.295,
7330.0,heavy,3102,1,1.423,
7333.3,heavy,3103,0,3.965,
7336.7,heavy,3101,0,3.470,
7340.0,heavy,3102,0,0.941,
7343.3,heavy,3103,0,3.534,
7346.7,heavy,3101,0,3.042,
7350.0,heavy,3102,1,1.189,
7353.3,heavy,3103,1,4.281,
7356.7,heavy,3101,0,3.655,
7360.0,heavy,3102,1,1.311,
7363.3,heavy,3103,0,3.976,
7366.7,heavy,3101,0,2.425,
7370.0,heavy,3102,1,1.514,
7373.3,heavy,3103,0,3.119,
7376.7,heavy,3101,0,3.639,
7380.0,heavy,3102,0,1.424,
7383.3,heavy,3103,1,4.189,
7386.7,heavy,3101,0,2.930,
7390.0,heavy,3102,0,1.194,
7393.3,heavy,3103,0,3.983,
7396.7,heavy,3101,1,4.688,
7400.0,heavy,3102,0,1.513,
7400.0,light-5,3101,1,2.108,
7400.0,light-1,3103,1,4.052,
7400.0,light-2,3101,1,4.230,
7400.0,light-3,3102,1,4.329,
7400.0,light-4,3103,1,4.523,
7403.3,heavy,3102,0,1.197,
7406.7,heavy,3103,1,4.021,
7410.0,heavy,3101,0,3.557,
7413.3,heavy,3102,1,1.198,
7416.7,heavy,3103,0,3.155,
7420.0,heavy,3101,0,3.397,
7423.3,heavy,3102,1,1.038,
7426.7,heavy,3103,0,3.144,
7430.0,heavy,3101,0,2.858,
7433.3,heavy,3102,0,0.831,
7436.7,heavy,3103,1,4.100,
7440.0,heavy,3101,0,3.293,
7443.3,heavy,3102,0,0.672,
7446.7,heavy,3103,1,2.383,
7450.0,heavy,3101,0,3.115,
7453.3,heavy,3102,1,1.071,
7456.7,heavy,3103,0,3.414,
7460.0,heavy,3101,0,3.111,
7463.3,heavy,3102,1,0.972,
7466.7,heavy,3103,0,3.218,
7470.0,heavy,3101,0,3.601,
7473.3,heavy,3102,1,1.227,
7476.7,heavy,3103,0,2.554,
7480.0,heavy,3101,0,3.996,
7483.3,heavy,3102,1,1.318,
7486.7,heavy,3103,0,3.220,
7490.0,heavy,3101,0,3.436,
7493.3,heavy,3102,0,0.882,
7496.7,heavy,3103,0,3.534,
7500.0,heavy,3101,0,3.445,
7500.0,light-3,3102,1,1.719,
7500.0,light-1,3103,1,2.232,
7500.0,light-2,3101,1,2.320,
7500.0,light-4,3103,1,2.367,
7500.0,light-5,3101,1,2.505,
7503.3,heavy,3102,1,1.233,
7506.7,heavy,3102,1,0.724,
7510.0,heavy,3103,0,3.363,
7513.3,heavy,3101,0,3.502,
7516.7,heavy,3102,1,1.476,
7520.0,heavy,3103,0,3.196,
7523.3,heavy,3101,1,2.908,
7526.7,heavy,3102,0,0.906,
7530.0,heavy,3103,0,3.100,
7533.3,heavy,3101,0,3.342,
7536.7,heavy,3102,1,1.294,
7540.0,heavy,3103,0,2.443,
7543.3,heavy,3101,0,3.773,
7546.7,heavy,3102,1,1.762,
7550.0,heavy,3103,1,4.170,
7553.3,heavy,3101,0,2.812,
7556.7,heavy,3102,0,0.906,
7560.0,heavy,3103,0,3.190,
7563.3,heavy,3101,0,3.280,
7566.7,heavy,3102,1,1.239,
7570.0,heavy,3103,0,2.890,
7573.3,heavy,3101,1,3.633,
7576.7,heavy,3102,0,0.809,
7580.0,heavy,3103,1,3.937,
7583.3,heavy,3101,0,3.208,
7586.7,heavy,3102,0,0.731,
7590.0,heavy,3103,0,3.773,
7593.3,heavy,3101,0,3.611,
7596.7,heavy,3102,1,1.167,
7600.0,heavy,3103,0,2.423,
7600.0,light-2,3102,1,1.203,
7600.0,light-1,3101,1,1.641,
7600.0,light-5,3102,1,1.590,
7600.0,light-4,3101,1,2.425,
7600.0,light-3,3103,1,2.572,
7603.3,heavy,3103,0,2.098,
7606.7,heavy,3101,1,4.346,
7610.0,heavy,3102,1,1.065,
7613.3,heavy,3103,0,3.348,
7616.7,heavy,3101,0,1.833,
7620.0,heavy,3102,0,1.209,
7623.3,heavy,3103,0,4.040,
7626.7,heavy,3101,0,3.059,
7630.0,heavy,3102,1,1.300,
7633.3,heavy,3103,1,3.695,
7636.7,heavy,3101,0,2.756,
7640.0,heavy,3102,0,1.209,
7643.3,heavy,3103,0,3.627,
7646.7,heavy,3101,1,3.849,
7650.0,heavy,3102,0,0.840,
7653.3,heavy,3103,0,4.997,
7656.7,heavy,3101,1,5.155,
7660.0,heavy,3102,1,2.130,
7663.3,heavy,3103,0,5.304,
7666.7,heavy,3101,0,3.257,
7670.0,heavy,3102,0,1.056,
7673.3,heavy,3103,1,4.995,
7676.7,heavy,3101,0,4.196,
7680.0,heavy,3102,0,0.790,
7683.3,heavy,3103,0,1.610,
7686.7,heavy,3101,1,4.297,
7690.0,heavy,3102,1,1.130,
7693.3,heavy,3103,0,3.466,
7696.7,heavy,3101,0,2.164,
7700.0,heavy,3102,1,1.625,
7700.0,light-1,3102,1,1.954,
7700.0,light-4,3102,1,2.012,
7700.0,light-3,3101,1,2.611,
7700.0,light-2,3103,1,2.816,
7700.0,light-5,3103,1,2.827,
7703.3,heavy,3103,0,3.880,
7706.7,heavy,3101,0,3.636,
7710.0,heavy,3101,0,2.641,
7713.3,heavy,3102,1,1.346,
7716.7,heavy,3103,0,2.767,
7720.0,heavy,3101,0,3.138,
7723.3,heavy,3102,1,1.148,
7726.7,heavy,3103,0,2.717,
7730.0,heavy,3101,0,3.144,
7733.3,heavy,3102,1,1.361,
7736.7,heavy,3103,0,3.284,
7740.0,heavy,3101,0,3.753,
7743.3,heavy,3102,0,0.962,
7746.7,heavy,3103,1,3.953,
7750.0,heavy,3101,0,4.419,
7753.3,heavy,3102,1,1.189,
7756.7,heavy,3103,0,2.910,
7760.0,heavy,3101,1,10.507,
7763.3,heavy,3102,0,1.029,
7766.7,heavy,3103,0,2.861,
7770.0,heavy,3101,0,3.310,
7773.3,heavy,3102,0,0.954,
7776.7,heavy,3103,1,3.402,
7780.0,heavy,3101,0,2.974,
7783.3,heavy,3102,1,1.312,
7786.7,heavy,3103,0,3.167,
7790.0,heavy,3101,1,4.712,
7793.3,heavy,3102,1,1.535,
7796.7,heavy,3103,0,3.755,
7800.0,heavy,3101,0,4.407,
7800.0,light-1,3102,1,1.530,
7800.0,light-4,3102,1,1.665,
7800.0,light-2,3103,1,2.341,
7800.0,light-3,3101,1,2.403,
7800.0,light-5,3103,1,2.466,
7803.3,heavy,3101,0,3.582,
7806.7,heavy,3102,1,1.516,
7810.0,heavy,3103,0,2.904,
7813.3,heavy,3101,0,3.301,
7816.7,heavy,3102,0,1.297,
7820.0,heavy,3103,0,2.224,
7823.3,heavy,3101,1,3.127,
7826.7,heavy,3102,0,0.939,
7830.0,heavy,3103,1,3.968,
7833.3,heavy,3101,0,2.967,
7836.7,heavy,3102,0,0.948,
7840.0,heavy,3103,0,3.277,
7843.3,heavy,3101,0,3.596,
7846.7,heavy,3102,1,1.282,
7850.0,heavy,3103,0,2.953,
7853.3,heavy,3101,1,3.329,
7856.7,heavy,3102,0,0.893,
7860.0,heavy,3103,0,3.484,
7863.3,heavy,3101,1,3.912,
7866.7,heavy,3102,0,1.001,
7870.0,heavy,3103,0,3.285,
7873.3,heavy,3101,0,3.317,
7876.7,heavy,3102,1,1.176,
7880.0,heavy,3103,0,1.861,
7883.3,heavy,3101,0,3.459,
7886.7,heavy,3102,1,1.270,
7890.0,heavy,3103,1,3.901,
7893.3,heavy,3101,0,3.712,
7896.7,heavy,3102,0,0.895,
7900.0,heavy,3103,0,4.088,
7900.0,light-3,3102,1,2.022,
7900.0,light-2,3101,1,2.532,
7900.0,light-1,3103,1,2.806,
7900.0,light-5,3101,1,2.818,
7900.0,light-4,3103,1,3.090,
7903.3,heavy,3101,0,3.809,
7906.7,heavy,3102,1,1.637,
7910.0,heavy,3102,0,1.465,
7913.3,heavy,3103,1,3.355,
7916.7,heavy,3101,0,3.289,
7920.0,heavy,3102,0,0.873,
7923.3,heavy,3103,1,4.050,
7926.7,heavy,3101,0,2.988,
7930.0,heavy,3102,0,0.805,
7933.3,heavy,3103,0,3.073,
7936.7,heavy,3101,0,3.050,
7940.0,heavy,3102,1,1.260,
7943.3,heavy,3103,1,3.289,
7946.7,heavy,3101,0,2.993,
7950.0,heavy,3102,1,1.435,
7953.3,heavy,3103,0,3.127,
7956.7,heavy,3101,0,2.840,
7960.0,heavy,3102,1,1.351,
7963.3,heavy,3103,0,3.998,
7966.7,heavy,3101,0,3.378,
7970.0,heavy,3102,0,1.258,
7973.3,heavy,3103,1,3.393,
7976.7,heavy,3101,0,2.907,
7980.0,heavy,3102,0,0.919,
7983.3,heavy,3103,1,3.880,
7986.7,heavy,3101,0,3.145,
7990.0,heavy,3102,0,0.889,
7993.3,heavy,3103,1,3.420,
7996.7,heavy,3101,0,2.862,
8000.0,heavy,3102,0,1.487,
8000.0,light-2,3101,1,1.535,
8000.0,light-1,3103,1,1.715,
8000.0,light-4,3103,1,1.672,
8000.0,light-5,3101,1,1.721,
8000.0,light-3,3102,1,1.897,
8003.3,heavy,3102,1,1.440,
8006.7,heavy,3103,0,2.961,
8010.0,heavy,3101,0,3.445,
8013.3,heavy,3102,1,1.355,
8016.7,heavy,3103,0,3.250,
8020.0,heavy,3101,0,2.680,
8023.3,heavy,3102,0,1.426,
8026.7,heavy,3103,1,4.181,
8030.0,heavy,3101,0,3.280,
8033.3,heavy,3102,0,0.880,
8036.7,heavy,3103,1,2.020,
8040.0,heavy,3101,0,3.357,
8043.3,heavy,3102,1,1.278,
8046.7,heavy,3103,0,2.798,
8050.0,heavy,3101,0,1.888,
8053.3,heavy,3102,1,1.461,
8056.7,heavy,3103,0,3.688,
8060.0,heavy,3101,0,3.030,
8063.3,heavy,3102,1,1.522,
8066.7,heavy,3103,0,3.081,
8070.0,heavy,3101,0,3.194,
8073.3,heavy,3102,1,1.139,
8076.7,heavy,3103,0,3.819,
8080.0,heavy,3101,0,2.731,
8083.3,heavy,3102,1,1.096,
8086.7,heavy,3103,0,2.816,
8090.0,heavy,3101,0,3.048,
8093.3,heavy,3102,1,1.143,
8096.7,heavy,3103,0,3.550,
8100.0,heavy,3101,1,6.242,
8100.0,light-2,3103,1,1.475,
8100.0,light-4,3102,1,2.982,
8100.0,light-5,3103,1,5.160,
8100.0,light-1,3102,1,5.904,
8100.0,light-3,3101,1,6.754,
8103.3,heavy,3101,0,4.289,
8106.7,heavy,3102,0,0.796,
8110.0,heavy,3103,0,3.835,
8113.3,heavy,3101,1,3.808,
8116.7,heavy,3102,1,1.445,
8120.0,heavy,3103,0,3.570,
8123.3,heavy,3101,0,3.777,
8126.7,heavy,3102,0,1.454,
8130.0,heavy,3103,0,3.262,
8133.3,heavy,3101,0,3.595,
8136.7,heavy,3102,1,1.272,
8140.0,heavy,3103,0,3.337,
8143.3,heavy,3101,1,3.124,
8146.7,heavy,3102,0,0.776,
8150.0,heavy,3103,1,4.804,
8153.3,heavy,3101,0,3.856,
8156.7,heavy,3102,0,1.011,
8160.0,heavy,3103,0,2.755,
8163.3,heavy,3101,0,3.493,
8166.7,heavy,3102,1,1.722,
8170.0,heavy,3103,1,4.662,
8173.3,heavy,3101,0,3.514,
8176.7,heavy,3102,0,0.738,
8180.0,heavy,3103,0,3.679,
8183.3,heavy,3101,0,3.055,
8186.7,heavy,3102,1,1.246,
8190.0,heavy,3103,0,3.049,
8193.3,heavy,3101,1,3.826,
8196.7,heavy,3102,0,0.876,
8200.0,heavy,3103,1,6.339,
8200.0,light-1,3101,1,1.143,
8200.0,light-3,3103,1,2.425,
8200.0,light-4,3101,1,5.358,
8200.0,light-2,3102,1,5.967,
8200.0,light-5,3102,1,6.243,
8203.3,heavy,3103,0,5.559,
8206.7,heavy,3101,0,3.002,
8210.0,heavy,3102,0,1.112,
8213.3,heavy,3103,1,4.371,
8216.7,heavy,3101,0,3.513,
8220.0,heavy,3102,0,1.809,
8223.3,heavy,3103,1,3.321,
8226.7,heavy,3101,0,2.681,
8230.0,heavy,3102,0,1.248,
8233.3,heavy,3103,1,4.243,
8236.7,heavy,3101,0,2.699,
8240.0,heavy,3102,0,1.242,
8243.3,heavy,3103,1,4.868,
8246.7,heavy,3101,0,3.971,
8250.0,heavy,3102,0,1.044,
8253.3,heavy,3103,1,3.572,
8256.7,heavy,3101,0,3.302,
8260.0,heavy,3102,0,1.082,
8263.3,heavy,3103,1,3.624,
8266.7,heavy,3101,0,3.117,
8270.0,heavy,3102,0,1.130,
8273.3,heavy,3103,0,3.024,
8276.7,heavy,3101,0,3.167,
8280.0,heavy,3102,1,1.189,
8283.3,heavy,3103,1,3.892,
8286.7,heavy,3101,0,2.562,
8290.0,heavy,3102,0,1.049,
8293.3,heavy,3103,1,3.727,
8296.7,heavy,3101,0,4.051,
8300.0,heavy,3102,0,1.264,
8300.0,light-3,3102,1,1.443,
8300.0,light-1,3103,1,1.684,
8300.0,light-4,3103,1,1.585,
8300.0,light-2,3101,1,2.677,
8300.0,light-5,3101,1,2.730,
8303.3,heavy,3102,0,0.983,
8306.7,heavy,3103,1,3.277,
8310.0,heavy,3101,1,3.526,
8313.3,heavy,3102,0,0.737,
8316.7,heavy,3103,0,2.999,
8320.0,heavy,3101,0,2.531,
8323.3,heavy,3102,1,1.038,
8326.7,heavy,3103,0,2.731,
8330.0,heavy,3101,0,3.013,
8333.3,heavy,3102,0,0.982,
8336.7,heavy,3103,1,4.123,
8340.0,heavy,3101,0,3.345,
8343.3,heavy,3102,1,1.257,
8346.7,heavy,3103,0,1.886,
8350.0,heavy,3101,0,2.715,
8353.3,heavy,3102,1,1.956,
8356.7,heavy,3103,0,2.485,
8360.0,heavy,3101,0,2.526,
8363.3,heavy,3102,0,0.855,
8366.7,heavy,3103,1,3.815,
8370.0,heavy,3101,0,3.012,
8373.3,heavy,3102,1,1.076,
8376.7,heavy,3103,0,1.604,
8380.0,heavy,3101,0,3.025,
8383.3,heavy,3102,1,1.138,
8386.7,heavy,3103,0,2.986,
8390.0,heavy,3101,0,2.333,
8393.3,heavy,3102,1,1.797,
8396.7,heavy,3103,0,6.799,
8400.0,heavy,3101,0,6.586,
8400.0,light-5,3101,1,3.760,
8400.0,light-2,3101,1,6.775,
8400.0,light-3,3102,1,6.860,
8400.0,light-1,3103,1,7.080,
8400.0,light-4,3103,1,7.622,
8403.3,heavy,3102,1,1.751,
8406.7,heavy,3102,0,3.669,
8410.0,heavy,3103,0,3.660,
8413.3,heavy,3101,1,4.280,
8416.7,heavy,3102,0,1.071,
8420.0,heavy,3103,0,3.256,
8423.3,heavy,3101,1,4.534,
8426.7,heavy,3102,0,0.794,
8430.0,heavy,3103,0,4.022,
8433.3,heavy,3101,0,4.380,
8436.7,heavy,3102,1,1.392,
8440.0,heavy,3103,0,4.060,
8443.3,heavy,3101,1,5.240,
8446.7,heavy,3102,0,1.000,
8450.0,heavy,3103,0,3.083,
8453.3,heavy,3101,1,3.891,
8456.7,heavy,3102,0,1.097,
8460.0,heavy,3103,1,3.904,
8463.3,heavy,3101,0,3.033,
8466.7,heavy,3102,0,1.377,
8470.0,heavy,3103,0,2.978,
8473.3,heavy,3101,1,3.567,
8476.7,heavy,3102,0,1.286,
8480.0,heavy,3103,0,3.281,
8483.3,heavy,3101,1,3.546,
8486.7,heavy,3102,0,0.614,
8490.0,heavy,3103,0,3.327,
8493.3,heavy,3101,0,4.198,
8496.7,heavy,3102,1,1.645,
8500.0,heavy,3103,0,3.342,
8500.0,light-1,3101,1,1.258,
8500.0,light-2,3102,1,1.335,
8500.0,light-4,3101,1,1.362,
8500.0,light-5,3102,1,1.431,
8500.0,light-3,3103,1,2.615,
8503.3,heavy,3103,1,3.632,
8506.7,heavy,3101,0,2.971,
8510.0,heavy,3102,0,1.262,
8513.3,heavy,3103,1,3.806,
8516.7,heavy,3101,0,3.201,
8520.0,heavy,3102,1,1.252,
8523.3,heavy,3103,0,3.546,
8526.7,heavy,3101,0,3.224,
8530.0,heavy,3102,0,1.399,
8533.3,heavy,3103,1,4.331,
8536.7,heavy,3101,0,3.357,
8540.0,heavy,3102,1,1.276,
8543.3,heavy,3103,0,4.115,
8546.7,heavy,3101,0,2.643,
8550.0,heavy,3102,0,0.875,
8553.3,heavy,3103,0,3.642,
8556.7,heavy,3101,1,3.844,
8560.0,heavy,3102,0,1.193,
8563.3,heavy,3103,1,3.592,
8566.7,heavy,3101,0,3.125,
8570.0,heavy,3102,0,0.923,
8573.3,heavy,3103,1,3.791,
8576.7,heavy,3101,0,3.042,
8580.0,heavy,3102,0,0.978,
8583.3,heavy,3103,0,3.862,
8586.7,heavy,3101,0,3.068,
8590.0,heavy,3102,1,1.091,
8593.3,heavy,3103,1,3.232,
8596.7,heavy,3101,0,2.810,
8600.0,heavy,3102,1,1.570,
8600.0,light-1,3101,1,1.513,
8600.0,light-2,3102,1,1.625,
8600.0,light-4,3101,1,1.701,
8600.0,light-5,3102,1,1.794,
8600.0,light-3,3103,1,2.310,
8603.3,heavy,3103,0,3.623,
8606.7,heavy,3103,0,2.971,
8610.0,heavy,3101,0,3.388,
8613.3,heavy,3102,1,1.346,
8616.7,heavy,3103,0,3.735,
8620.0,heavy,3101,0,3.521,
8623.3,heavy,3102,1,0.900,
8626.7,heavy,3103,0,2.532,
8630.0,heavy,3101,0,2.754,
8633.3,heavy,3102,1,1.086,
8636.7,heavy,3103,0,2.394,
8640.0,heavy,3101,1,3.613,
8643.3,heavy,3102,1,1.105,
8646.7,heavy,3103,0,2.812,
8650.0,heavy,3101,0,3.367,
8653.3,heavy,3102,0,0.982,
8656.7,heavy,3103,0,2.867,
8660.0,heavy,3101,0,3.558,
8663.3,heavy,3102,1,1.446,
8666.7,heavy,3103,0,3.856,
8670.0,heavy,3101,0,3.006,
8673.3,heavy,3102,1,0.948,
8676.7,heavy,3103,0,4.191,
8680.0,heavy,3101,0,3.371,
8683.3,heavy,3102,1,1.298,
8686.7,heavy,3103,0,2.478,
8690.0,heavy,3101,0,3.662,
8693.3,heavy,3102,1,1.182,
8696.7,heavy,3103,0,2.949,
8700.0,heavy,3101,0,2.595,
8700.0,light-3,3101,1,1.102,
8700.0,light-1,3102,1,1.465,
8700.0,light-4,3102,1,1.558,
8700.0,light-2,3103,1,2.123,
8700.0,light-5,3103,1,2.310,
8703.3,heavy,3101,1,4.227,
8706.7,heavy,3102,1,1.643,
8710.0,heavy,3103,0,3.219,
8713.3,heavy,3101,0,3.933,
8716.7,heavy,3102,0,1.288,
8720.0,heavy,3103,0,3.129,
8723.3,heavy,3101,0,3.507,
8726.7,heavy,3102,1,1.228,
8730.0,heavy,3103,0,3.137,
8733.3,heavy,3101,1,3.488,
8736.7,heavy,3102,0,0.838,
8740.0,heavy,3103,1,4.345,
8743.3,heavy,3101,0,3.432,
8746.7,heavy,3102,0,1.157,
8750.0,heavy,3103,0,1.653,
8753.3,heavy,3101,0,3.971,
8756.7,heavy,3102,1,1.637,
8760.0,heavy,3103,0,3.324,
8763.3,heavy,3101,0,2.099,
8766.7,heavy,3102,1,1.404,
8770.0,heavy,3103,0,3.296,
8773.3,heavy,3101,0,3.963,
8776.7,heavy,3102,1,1.296,
8780.0,heavy,3103,0,3.001,
8783.3,heavy,3101,1,3.631,
8786.7,heavy,3102,0,0.878,
8790.0,heavy,3103,0,3.204,
8793.3,heavy,3101,1,3.252,
8796.7,heavy,3102,0,0.954,
8800.0,heavy,3103,0,3.860,
8800.0,light-3,3102,1,1.580,
8800.0,light-1,3103,1,2.250,
8800.0,light-4,3103,1,2.451,
8800.0,light-2,3101,1,3.103,
8800.0,light-5,3101,1,3.147,
8803.3,heavy,3101,0,4.234,
8806.7,heavy,3102,1,1.399,
8810.0,heavy,3102,0,0.959,
8813.3,heavy,3103,1,3.772,
8816.7,heavy,3101,0,3.004,
8820.0,heavy,3102,1,1.165,
8823.3,heavy,3103,0,3.588,
8826.7,heavy,3101,0,3.119,
8830.0,heavy,3102,1,1.820,
8833.3,heavy,3103,0,3.619,
8836.7,heavy,3101,0,6.090,
8840.0,heavy,3102,0,1.711,
8843.3,heavy,3103,1,3.518,
8846.7,heavy,3101,0,2.613,
8850.0,heavy,3102,0,1.199,
8853.3,heavy,3103,1,3.619,
8856.7,heavy,3101,0,3.276,
8860.0,heavy,3102,0,1.090,
8863.3,heavy,3103,0,3.980,
8866.7,heavy,3101,0,3.106,
8870.0,heavy,3102,1,1.101,
8873.3,heavy,3103,1,3.935,
8876.7,heavy,3101,0,3.637,
8880.0,heavy,3102,0,1.135,
8883.3,heavy,3103,1,3.767,
8886.7,heavy,3101,0,2.726,
8890.0,heavy,3102,0,1.091,
8893.3,heavy,3103,1,3.651,
8896.7,heavy,3101,0,3.000,
8900.0,heavy,3102,0,1.091,
8900.0,light-2,3101,1,1.192,
8900.0,light-1,3103,1,1.357,
8900.0,light-5,3101,1,1.374,
8900.0,light-3,3102,1,1.525,
8900.0,light-4,3103,1,1.629,
8903.3,heavy,3102,1,1.565,
8906.7,heavy,3103,0,3.156,
8910.0,heavy,3101,0,3.683,
8913.3,heavy,3102,1,1.380,
8916.7,heavy,3103,0,3.453,
8920.0,heavy,3101,0,2.949,
8923.3,heavy,3102,0,1.137,
8926.7,heavy,3103,1,5.819,
8930.0,heavy,3101,0,3.695,
8933.3,heavy,3102,1,1.105,
8936.7,heavy,3103,0,3.073,
8940.0,heavy,3101,0,3.187,
8943.3,heavy,3102,1,1.226,
8946.7,heavy,3103,0,3.335,
8950.0,heavy,3101,0,3.059,
8953.3,heavy,3102,1,0.856,
8956.7,heavy,3103,1,3.910,
8960.0,heavy,3101,0,3.129,
8963.3,heavy,3102,0,1.052,
8966.7,heavy,3103,0,1.954,
8970.0,heavy,3101,0,2.833,
8973.3,heavy,3102,1,0.960,
8976.7,heavy,3103,0,3.183,
8980.0,heavy,3101,0,2.700,
8983.3,heavy,3102,1,0.825,
8986.7,heavy,3103,0,2.969,
8990.0,heavy,3101,0,3.295,
8993.3,heavy,3102,1,1.218,
8996.7,heavy,3103,0,2.779,
9000.0,heavy,3101,0,3.468,
9000.0,light-1,3102,1,1.203,
9000.0,light-2,3103,1,1.373,
9000.0,light-4,3102,1,1.380,
9000.0,light-5,3103,1,1.443,
9000.0,light-3,3101,1,2.524,
9003.3,heavy,3101,1,3.486,
9006.7,heavy,3102,0,0.700,
9010.0,heavy,3103,0,4.201,
9013.3,heavy,3101,1,4.114,
9016.7,heavy,3102,1,1.436,
9020.0,heavy,3103,0,4.225,
9023.3,heavy,3101,0,4.080,
9026.7,heavy,3102,0,1.185,
9030.0,heavy,3103,0,3.487,
9033.3,heavy,3101,0,3.693,
9036.7,heavy,3102,1,1.215,
9040.0,heavy,3103,0,3.712,
9043.3,heavy,3101,1,3.860,
9046.7,heavy,3102,0,1.543,
9050.0,heavy,3103,1,5.525,
9053.3,heavy,3101,0,4.551,
9056.7,heavy,3102,0,1.448,
9060.0,heavy,3103,0,3.777,
9063.3,heavy,3101,0,3.845,
9066.7,heavy,3102,1,1.306,
9070.0,heavy,3103,0,2.291,
9073.3,heavy,3101,1,4.725,
9076.7,heavy,3102,0,0.922,
9080.0,heavy,3103,0,4.045,
9083.3,heavy,3101,1,4.276,
9086.7,heavy,3102,0,1.088,
9090.0,heavy,3103,0,2.916,
9093.3,heavy,3101,1,3.892,
9096.7,heavy,3102,0,1.184,
9100.0,heavy,3103,0,3.914,
9100.0,light-2,3102,1,1.585,
9100.0,light-1,3101,1,1.907,
9100.0,light-4,3101,1,1.898,
9100.0,light-5,3102,1,2.020,
9100.0,light-3,3103,1,2.767,
9103.3,heavy,3103,1,3.927,
9106.7,heavy,3101,0,3.121,
9110.0,heavy,3102,0,1.071,
9113.3,heavy,3103,1,4.411,
9116.7,heavy,3101,0,3.053,
9120.0,heavy,3102,0,0.901,
9123.3,heavy,3103,1,3.565,
9126.7,heavy,3101,0,3.315,
9130.0,heavy,3102,0,1.106,
9133.3,heavy,3103,1,4.426,
9136.7,heavy,3101,0,3.279,
9140.0,heavy,3102,1,1.306,
9143.3,heavy,3103,0,3.684,
9146.7,heavy,3101,0,3.021,
9150.0,heavy,3102,0,0.808,
9153.3,heavy,3103,0,3.076,
9156.7,heavy,3101,0,3.122,
9160.0,heavy,3102,1,1.132,
9163.3,heavy,3103,0,1.777,
9166.7,heavy,3101,1,4.830,
9170.0,heavy,3102,1,1.094,
9173.3,heavy,3103,0,3.859,
9176.7,heavy,3101,0,4.668,
9180.0,heavy,3102,0,1.248,
9183.3,heavy,3103,1,3.958,
9186.7,heavy,3101,0,3.157,
9190.0,heavy,3102,0,0.963,
9193.3,heavy,3103,1,3.844,
9196.7,heavy,3101,0,3.229,
9200.0,heavy,3102,0,1.287,
9200.0,light-1,3103,1,1.378,
9200.0,light-2,3101,1,1.463,
9200.0,light-3,3102,1,1.541,
9200.0,light-5,3101,1,1.604,
9200.0,light-4,3103,1,1.759,
9203.3,heavy,3102,1,1.362,
9206.7,heavy,3103,0,3.057,
9210.0,heavy,3101,0,3.136,
9213.3,heavy,3102,1,1.373,
9216.7,heavy,3103,0,4.395,
9220.0,heavy,3101,0,3.582,
9223.3,heavy,3102,1,1.149,
9226.7,heavy,3103,0,3.415,
9230.0,heavy,3101,0,3.319,
9233.3,heavy,3102,1,1.279,
9236.7,heavy,3103,0,4.545,
9240.0,heavy,3101,0,4.999,
9243.3,heavy,3102,1,1.277,
9246.7,heavy,3103,0,3.940,
9250.0,heavy,3101,0,3.724,
9253.3,heavy,3102,1,1.295,
9256.7,heavy,3103,0,3.817,
9260.0,heavy,3101,0,4.353,
9263.3,heavy,3102,1,1.509,
9266.7,heavy,3103,0,4.106,
9270.0,heavy,3101,0,4.321,
9273.3,heavy,3102,1,1.015,
9276.7,heavy,3103,0,3.435,
9280.0,heavy,3101,0,3.812,
9283.3,heavy,3102,1,2.135,
9286.7,heavy,3103,0,2.610,
9290.0,heavy,3101,0,2.789,
9293.3,heavy,3102,1,1.829,
9296.7,heavy,3103,0,5.664,
9300.0,heavy,3101,1,6.440,
9300.0,light-2,3103,1,2.998,
9300.0,light-4,3102,1,3.171,
9300.0,light-1,3102,1,6.212,
9300.0,light-3,3101,1,7.990,
9300.0,light-5,3103,1,8.151,
9303.3,heavy,3101,0,5.660,
9306.7,heavy,3102,0,1.116,
9310.0,heavy,3103,0,3.889,
9313.3,heavy,3101,1,5.386,
9316.7,heavy,3102,0,1.364,
9320.0,heavy,3103,0,4.463,
9323.3,heavy,3101,1,4.742,
9326.7,heavy,3102,0,1.246,
9330.0,heavy,3103,0,3.351,
9333.3,heavy,3101,1,4.539,
9336.7,heavy,3102,0,1.060,
9340.0,heavy,3103,0,3.902,
9343.3,heavy,3101,0,4.502,
9346.7,heavy,3102,1,1.441,
9350.0,heavy,3103,0,2.341,
9353.3,heavy,3101,1,3.696,
9356.7,heavy,3102,0,0.960,
9360.0,heavy,3103,1,3.830,
9363.3,heavy,3101,0,3.072,
9366.7,heavy,3102,0,1.506,
9370.0,heavy,3103,0,2.394,
9373.3,heavy,3101,0,2.946,
9376.7,heavy,3102,1,1.119,
9380.0,heavy,3103,1,6.142,
9383.3,heavy,3101,0,2.936,
9386.7,heavy,3102,0,1.311,
9390.0,heavy,3103,0,3.305,
9393.3,heavy,3101,0,4.237,
9396.7,heavy,3102,1,1.379,
9400.0,heavy,3103,1,6.288,
9400.0,light-1,3101,1,1.151,
9400.0,light-3,3103,1,2.525,
9400.0,light-2,3102,1,7.721,
9400.0,light-4,3101,1,8.221,
9400.0,light-5,3102,1,8.367,
9403.3,heavy,3103,0,3.438,
9406.7,heavy,3101,0,3.766,
9410.0,heavy,3102,0,0.706,
9413.3,heavy,3103,1,3.487,
9416.7,heavy,3101,0,2.763,
9420.0,heavy,3102,1,1.351,
9423.3,heavy,3103,0,3.278,
9426.7,heavy,3101,0,3.003,
9430.0,heavy,3102,0,0.857,
9433.3,heavy,3103,0,3.098,
9436.7,heavy,3101,1,3.592,
9440.0,heavy,3102,1,1.112,
9443.3,heavy,3103,0,1.811,
9446.7,heavy,3101,0,3.086,
9450.0,heavy,3102,1,1.306,
9453.3,heavy,3103,0,3.368,
9456.7,heavy,3101,0,3.180,
9460.0,heavy,3102,0,0.727,
9463.3,heavy,3103,1,4.481,
9466.7,heavy,3101,0,3.550,
9470.0,heavy,3102,1,1.335,
9473.3,heavy,3103,0,4.270,
9476.7,heavy,3101,0,3.037,
9480.0,heavy,3102,0,1.015,
9483.3,heavy,3103,0,3.356,
9486.7,heavy,3101,0,3.763,
9490.0,heavy,3102,1,1.209,
9493.3,heavy,3103,1,3.946,
9496.7,heavy,3101,0,2.961,
9500.0,heavy,3102,0,1.296,
9500.0,light-5,3101,1,2.562,
9500.0,light-2,3101,1,4.415,
9500.0,light-1,3103,1,4.983,
9500.0,light-3,3102,1,5.017,
9500.0,light-4,3103,1,5.109,
9503.3,heavy,3102,1,0.993,
9506.7,heavy,3103,0,3.239,
9510.0,heavy,3101,0,3.356,
9513.3,heavy,3102,1,1.415,
9516.7,heavy,3103,0,3.094,
9520.0,heavy,3101,0,3.303,
9523.3,heavy,3102,0,1.047,
9526.7,heavy,3103,1,4.101,
9530.0,heavy,3101,0,3.361,
9533.3,heavy,3102,1,1.199,
9536.7,heavy,3103,0,2.670,
9540.0,heavy,3101,0,3.141,
9543.3,heavy,3102,1,1.216,
9546.7,heavy,3103,0,3.475,
9550.0,heavy,3101,0,3.269,
9553.3,heavy,3102,0,0.885,
9556.7,heavy,3103,1,4.059,
9560.0,heavy,3101,0,3.534,
9563.3,heavy,3102,1,1.285,
9566.7,heavy,3103,0,3.354,
9570.0,heavy,3101,0,3.345,
9573.3,heavy,3102,1,1.258,
9576.7,heavy,3103,0,3.604,
9580.0,heavy,3101,0,3.356,
9583.3,heavy,3102,1,0.754,
9586.7,heavy,3103,0,3.367,
9590.0,heavy,3101,0,4.306,
9593.3,heavy,3102,1,1.254,
9596.7,heavy,3103,0,4.013,
9600.0,heavy,3101,0,3.163,
9600.0,light-1,3102,1,1.241,
9600.0,light-2,3103,1,1.337,
9600.0,light-4,3102,1,1.488,
9600.0,light-5,3103,1,1.587,
9600.0,light-3,3101,1,2.101,
9603.3,heavy,3101,0,3.090,
9606.7,heavy,3102,1,1.259,
9610.0,heavy,3103,1,3.875,
9613.3,heavy,3101,0,1.781,
9616.7,heavy,3102,1,1.355,
9620.0,heavy,3103,0,3.407,
9623.3,heavy,3101,0,2.804,
9626.7,heavy,3102,0,1.171,
9630.0,heavy,3103,0,2.606,
9633.3,heavy,3101,1,3.605,
9636.7,heavy,3102,0,0.864,
9640.0,heavy,3103,1,3.712,
9643.3,heavy,3101,0,2.995,
9646.7,heavy,3102,0,1.054,
9650.0,heavy,3103,0,3.364,
9653.3,heavy,3101,0,3.500,
9656.7,heavy,3102,1,1.229,
9660.0,heavy,3103,0,2.031,
9663.3,heavy,3101,0,3.873,
9666.7,heavy,3102,1,1.257,
9670.0,heavy,3103,1,4.149,
9673.3,heavy,3101,0,3.957,
9676.7,heavy,3102,0,1.225,
9680.0,heavy,3103,0,4.680,
9683.3,heavy,3101,0,3.913,
9686.7,heavy,3102,1,1.607,
9690.0,heavy,3103,0,4.380,
9693.3,heavy,3101,1,3.168,
9696.7,heavy,3102,0,0.763,
9700.0,heavy,3103,1,4.229,
9700.0,light-1,3102,1,1.435,
9700.0,light-4,3102,1,1.831,
9700.0,light-2,3103,1,2.097,
9700.0,light-3,3101,1,2.184,
9700.0,light-5,3103,1,2.254,
9703.3,heavy,3101,0,3.295,
9706.7,heavy,3101,0,1.949,
9710.0,heavy,3102,0,0.928,
9713.3,heavy,3103,1,4.519,
9716.7,heavy,3101,0,3.313,
9720.0,heavy,3102,1,1.266,
9723.3,heavy,3103,0,3.614,
9726.7,heavy,3101,0,2.789,
9730.0,heavy,3102,1,1.616,
9733.3,heavy,3103,0,3.530,
9736.7,heavy,3101,0,4.560,
9740.0,heavy,3102,0,1.276,
9743.3,heavy,3103,0,3.933,
9746.7,heavy,3101,1,4.168,
9750.0,heavy,3102,1,1.327,
9753.3,heavy,3103,0,3.903,
9756.7,heavy,3101,0,1.420,
9760.0,heavy,3102,1,1.338,
9763.3,heavy,3103,0,3.253,
9766.7,heavy,3101,0,3.742,
9770.0,heavy,3102,0,1.172,
9773.3,heavy,3103,1,4.196,
9776.7,heavy,3101,0,4.808,
9780.0,heavy,3102,0,0.928,
9783.3,heavy,3103,1,3.619,
9786.7,heavy,3101,0,2.814,
9790.0,heavy,3102,0,0.796,
9793.3,heavy,3103,0,4.076,
9796.7,heavy,3101,0,3.858,
9800.0,heavy,3102,1,1.479,
9800.0,light-3,3102,1,1.604,
9800.0,light-2,3101,1,2.386,
9800.0,light-1,3103,1,2.672,
9800.0,light-4,3103,1,3.130,
9800.0,light-5,3101,1,3.380,
9803.3,heavy,3102,0,1.120,
9806.7,heavy,3103,1,4.032,
9810.0,heavy,3101,0,3.553,
9813.3,heavy,3102,1,1.118,
9816.7,heavy,3103,0,2.635,
9820.0,heavy,3101,0,3.639,
9823.3,heavy,3102,1,1.511,
9826.7,heavy,3103,1,4.014,
9830.0,heavy,3101,0,3.378,
9833.3,heavy,3102,0,1.560,
9836.7,heavy,3103,0,3.306,
9840.0,heavy,3101,0,3.665,
9843.3,heavy,3102,1,1.223,
9846.7,heavy,3103,0,3.441,
9850.0,heavy,3101,0,3.083,
9853.3,heavy,3102,0,1.001,
9856.7,heavy,3103,1,4.493,
9860.0,heavy,3101,1,3.621,
9863.3,heavy,3102,0,1.126,
9866.7,heavy,3103,0,3.376,
9870.0,heavy,3101,0,3.161,
9873.3,heavy,3102,1,1.328,
9876.7,heavy,3103,0,3.279,
9880.0,heavy,3101,0,3.118,
9883.3,heavy,3102,1,1.397,
9886.7,heavy,3103,0,3.457,
9890.0,heavy,3101,0,3.732,
9893.3,heavy,3102,1,1.319,
9896.7,heavy,3103,0,3.005,
9900.0,light-1,3102,1,1.372,
9900.0,light-2,3103,1,1.562,
9900.0,light-4,3102,1,1.637,
9900.0,light-5,3103,1,1.737,
9900.0,light-3,3101,1,2.477,
9900.0,heavy,3101,0,3.350,
9903.3,heavy,3101,1,3.431,
9906.7,heavy,3102,0,1.162,
9910.0,heavy,3103,0,3.528,
9913.3,heavy,3101,1,3.799,
9916.7,heavy,3102,0,0.908,
9920.0,heavy,3103,0,4.044,
9923.3,heavy,3101,1,4.460,
9926.7,heavy,3102,0,1.033,
9930.0,heavy,3103,0,2.873,
9933.3,heavy,3101,1,3.560,
9936.7,heavy,3102,0,0.817,
9940.0,heavy,3103,0,3.233,
9943.3,heavy,3101,1,3.570,
9946.7,heavy,3102,0,0.830,
9950.0,heavy,3103,0,3.017,
9953.3,heavy,3101,0,3.245,
9956.7,heavy,3102,1,1.232,
9960.0,heavy,3103,0,2.690,
9963.3,heavy,3101,1,3.553,
9966.7,heavy,3102,0,1.170,
9970.0,heavy,3103,0,3.733,
9973.3,heavy,3101,1,4.057,
9976.7,heavy,3102,0,0.667,
9980.0,heavy,3103,0,3.456,
9983.3,heavy,3101,0,3.486,
9986.7,heavy,3102,1,1.387,
9990.0,heavy,3103,0,1.890,
9993.3,heavy,3101,1,4.179,
9996.7,heavy,3102,1,1.643,
10000.0,light-1,3102,1,1.926,
10000.0,light-4,3102,1,1.899,
10000.0,light-3,3101,1,2.198,
10000.0,light-2,3103,1,2.403,
10000.0,light-5,3103,1,2.634,
10000.0,heavy,3103,0,3.641,
10003.3,heavy,3101,0,3.880,
10006.7,heavy,3101,0,2.406,
10010.0,heavy,3102,0,2.767,ECONNRESET
10013.3,heavy,3103,1,8.557,
10016.7,heavy,3101,1,7.161,
10020.0,heavy,3102,0,3.015,ECONNREFUSED
10023.3,heavy,3103,1,4.769,
10026.7,heavy,3101,1,15.534,
10030.0,heavy,3102,0,3.689,ECONNREFUSED
10033.3,heavy,3103,1,10.081,
10036.7,heavy,3101,1,5.543,
10040.0,heavy,3102,0,4.182,ECONNREFUSED
10043.3,heavy,3103,1,5.146,
10046.7,heavy,3101,1,6.239,
10050.0,heavy,3102,0,2.579,ECONNREFUSED
10053.3,heavy,3103,1,4.964,
10056.7,heavy,3101,1,4.325,
10060.0,heavy,3102,0,2.565,ECONNREFUSED
10063.3,heavy,3103,1,4.193,
10066.7,heavy,3101,1,5.061,
10070.0,heavy,3102,0,2.533,ECONNREFUSED
10073.3,heavy,3103,1,4.270,
10076.7,heavy,3101,1,4.490,
10080.0,heavy,3102,0,2.309,ECONNREFUSED
10083.3,heavy,3103,1,4.880,
10086.7,heavy,3101,1,3.715,
10090.0,heavy,3102,0,2.539,ECONNREFUSED
10093.3,heavy,3103,1,4.230,
10096.7,heavy,3101,1,4.224,
10100.0,light-1,3103,1,2.326,
10100.0,light-2,3101,1,2.497,
10100.0,light-5,3101,1,2.936,
10100.0,light-4,3103,1,3.164,
10100.0,light-3,3102,0,4.617,ECONNREFUSED
10100.0,heavy,3102,0,4.957,ECONNREFUSED
10103.3,heavy,3102,0,4.393,ECONNREFUSED
10106.7,heavy,3103,1,4.301,
10110.0,heavy,3101,1,4.326,
10113.3,heavy,3102,0,2.474,ECONNREFUSED
10116.7,heavy,3103,1,5.475,
10120.0,heavy,3101,1,4.512,
10123.3,heavy,3102,0,2.454,ECONNREFUSED
10126.7,heavy,3103,1,3.372,
10130.0,heavy,3101,1,4.217,
10133.3,heavy,3102,0,2.954,ECONNREFUSED
10136.7,heavy,3103,1,3.738,
10140.0,heavy,3101,1,4.615,
10143.3,heavy,3102,0,2.906,ECONNREFUSED
10146.7,heavy,3103,1,4.443,
10150.0,heavy,3101,1,5.292,
10153.3,heavy,3102,0,3.733,ECONNREFUSED
10156.7,heavy,3103,1,4.249,
10160.0,heavy,3101,1,4.510,
10163.3,heavy,3102,0,3.133,ECONNREFUSED
10166.7,heavy,3103,1,4.752,
10170.0,heavy,3101,1,4.700,
10173.3,heavy,3102,0,2.465,ECONNREFUSED
10176.7,heavy,3103,1,4.381,
10180.0,heavy,3101,1,4.724,
10183.3,heavy,3102,0,2.778,ECONNREFUSED
10186.7,heavy,3103,1,4.761,
10190.0,heavy,3101,1,4.472,
10193.3,heavy,3102,0,2.670,ECONNREFUSED
10196.7,heavy,3103,1,8.328,
10200.0,light-1,3103,1,2.720,
10200.0,light-4,3103,1,3.469,
10200.0,light-2,3101,1,3.899,
10200.0,light-5,3101,1,4.884,
10200.0,light-3,3102,0,5.642,ECONNREFUSED
10200.0,heavy,3101,1,7.045,
10203.3,heavy,3102,0,5.939,ECONNREFUSED
10206.7,heavy,3102,0,5.563,ECONNREFUSED
10210.0,heavy,3103,1,4.173,
10213.3,heavy,3101,1,4.643,
10216.7,heavy,3102,0,2.623,ECONNREFUSED
10220.0,heavy,3103,1,4.387,
10223.3,heavy,3101,1,4.031,
10226.7,heavy,3102,0,2.585,ECONNREFUSED
10230.0,heavy,3103,1,4.343,
10233.3,heavy,3101,1,5.006,
10236.7,heavy,3102,0,2.627,ECONNREFUSED
10240.0,heavy,3103,1,4.743,
10243.3,heavy,3101,1,8.163,
10246.7,heavy,3102,0,2.392,ECONNREFUSED
10250.0,heavy,3103,1,4.668,
10253.3,heavy,3101,1,4.391,
10256.7,heavy,3102,0,3.076,ECONNREFUSED
10260.0,heavy,3103,1,4.416,
10263.3,heavy,3101,1,4.762,
10266.7,heavy,3102,0,3.095,ECONNREFUSED
10270.0,heavy,3103,1,5.156,
10273.3,heavy,3101,1,6.461,
10276.7,heavy,3102,0,3.377,ECONNREFUSED
10280.0,heavy,3103,1,4.675,
10283.3,heavy,3101,1,5.123,
10286.7,heavy,3102,0,2.186,ECONNREFUSED
10290.0,heavy,3103,1,4.509,
10293.3,heavy,3101,1,4.827,
10296.7,heavy,3102,0,7.126,ECONNREFUSED
10300.0,light-1,3101,1,3.625,
10300.0,light-4,3101,1,3.557,
10300.0,light-3,3103,1,4.492,
10300.0,light-2,3102,0,7.467,ECONNREFUSED
10300.0,light-5,3102,0,7.268,ECONNREFUSED
10300.0,heavy,3103,1,7.086,
10303.3,heavy,3103,1,4.366,
10306.7,heavy,3101,1,4.107,
10310.0,heavy,3102,0,5.811,ECONNREFUSED
10313.3,heavy,3103,1,9.729,
10316.7,heavy,3101,1,27.563,
10320.0,heavy,3102,0,20.219,ECONNREFUSED
10323.3,heavy,3103,1,21.392,
10326.7,heavy,3101,1,7.976,
10330.0,heavy,3102,0,6.604,ECONNREFUSED
10333.3,heavy,3103,1,10.451,
10336.7,heavy,3101,1,7.689,
10340.0,heavy,3102,0,2.634,ECONNREFUSED
10343.3,heavy,3103,1,3.801,
10346.7,heavy,3101,1,4.444,
10350.0,heavy,3102,0,2.050,ECONNREFUSED
10353.3,heavy,3103,1,3.700,
10356.7,heavy,3101,1,27.278,
10360.0,heavy,3102,0,20.230,ECONNREFUSED
10363.3,heavy,3103,1,17.260,
10366.7,heavy,3101,1,17.721,
10370.0,heavy,3102,0,7.902,ECONNREFUSED
10373.3,heavy,3103,1,10.239,
10376.7,heavy,3101,1,3.615,
10380.0,heavy,3102,0,9.492,ECONNREFUSED
10383.3,heavy,3103,1,10.350,
10386.7,heavy,3101,1,2.618,
10390.0,heavy,3102,0,3.220,ECONNREFUSED
10393.3,heavy,3103,1,2.472,
10396.7,heavy,3101,1,3.918,
10400.0,light-1,3103,1,1.887,
10400.0,light-2,3101,1,2.042,
10400.0,light-4,3103,1,2.973,
10400.0,light-5,3101,1,3.092,
10400.0,light-3,3102,0,5.624,ECONNREFUSED
10400.0,heavy,3102,0,5.011,ECONNREFUSED
10403.3,heavy,3102,0,3.202,ECONNREFUSED
10406.7,heavy,3103,1,4.372,
10410.0,heavy,3101,1,4.980,
10413.3,heavy,3102,0,2.984,ECONNREFUSED
10416.7,heavy,3103,1,4.284,
10420.0,heavy,3101,1,5.040,
10423.3,heavy,3102,0,2.236,ECONNREFUSED
10426.7,heavy,3103,1,3.904,
10430.0,heavy,3101,1,10.016,
10433.3,heavy,3102,0,7.994,ECONNREFUSED
10436.7,heavy,3103,1,10.793,
10440.0,heavy,3101,1,3.708,
10443.3,heavy,3102,0,2.120,ECONNREFUSED
10446.7,heavy,3103,1,6.222,
10450.0,heavy,3101,1,3.319,
10453.3,heavy,3102,0,2.017,ECONNREFUSED
10456.7,heavy,3103,1,4.885,
10460.0,heavy,3101,1,4.178,
10463.3,heavy,3102,0,1.764,ECONNREFUSED
10466.7,heavy,3103,1,4.369,
10470.0,heavy,3101,1,3.906,
10473.3,heavy,3102,0,2.284,ECONNREFUSED
10476.7,heavy,3103,1,2.843,
10480.0,heavy,3101,1,4.759,
10483.3,heavy,3102,0,2.251,ECONNREFUSED
10486.7,heavy,3103,1,4.896,
10490.0,heavy,3101,1,4.978,
10493.3,heavy,3102,0,2.664,ECONNREFUSED
10496.7,heavy,3103,1,4.213,
10500.0,light-2,3103,1,3.051,
10500.0,light-1,3102,0,4.685,ECONNREFUSED
10500.0,light-4,3102,0,4.550,ECONNREFUSED
10500.0,light-5,3103,1,4.984,
10500.0,light-3,3101,1,5.915,
10500.0,heavy,3101,1,7.904,
10503.3,heavy,3101,1,5.648,
10506.7,heavy,3102,0,1.855,ECONNREFUSED
10510.0,heavy,3103,1,4.716,
10513.3,heavy,3101,1,4.574,
10516.7,heavy,3102,0,2.863,ECONNREFUSED
10520.0,heavy,3103,1,4.466,
10523.3,heavy,3101,1,3.129,
10526.7,heavy,3102,0,3.551,ECONNREFUSED
10530.0,heavy,3103,1,5.084,
10533.3,heavy,3101,1,4.415,
10536.7,heavy,3102,0,3.413,ECONNREFUSED
10540.0,heavy,3103,1,3.156,
10543.3,heavy,3101,1,5.470,
10546.7,heavy,3102,0,2.614,ECONNREFUSED
10550.0,heavy,3103,1,3.933,
10553.3,heavy,3101,1,3.808,
10556.7,heavy,3102,0,1.851,ECONNREFUSED
10560.0,heavy,3103,1,4.996,
10563.3,heavy,3101,1,4.359,
10566.7,heavy,3102,0,2.943,ECONNREFUSED
10570.0,heavy,3103,1,3.352,
10573.3,heavy,3101,1,3.769,
10576.7,heavy,3102,0,2.080,ECONNREFUSED
10580.0,heavy,3103,1,4.247,
10583.3,heavy,3101,1,4.659,
10586.7,heavy,3102,0,2.485,ECONNREFUSED
10590.0,heavy,3103,1,4.279,
10593.3,heavy,3101,1,3.822,
10596.7,heavy,3102,0,4.477,ECONNREFUSED
10600.0,light-1,3101,1,2.676,
10600.0,light-3,3103,1,3.812,
10600.0,light-2,3102,0,4.950,ECONNREFUSED
10600.0,light-5,3102,0,4.911,ECONNREFUSED
10600.0,light-4,3101,1,5.541,
10600.0,heavy,3103,1,5.715,
10603.3,heavy,3103,1,4.209,
10606.7,heavy,3101,1,4.123,
10610.0,heavy,3102,0,2.128,ECONNREFUSED
10613.3,heavy,3103,1,3.752,
10616.7,heavy,3101,1,3.531,
10620.0,heavy,3102,0,2.913,ECONNREFUSED
10623.3,heavy,3103,1,4.890,
10626.7,heavy,3101,1,4.588,
10630.0,heavy,3102,0,1.894,ECONNREFUSED
10633.3,heavy,3103,1,4.927,
10636.7,heavy,3101,1,4.647,
10640.0,heavy,3102,0,3.373,ECONNREFUSED
10643.3,heavy,3103,1,4.996,
10646.7,heavy,3101,1,4.369,
10650.0,heavy,3102,0,3.310,ECONNREFUSED
10653.3,heavy,3103,1,4.704,
10656.7,heavy,3101,1,4.846,
10660.0,heavy,3102,0,2.887,ECONNREFUSED
10663.3,heavy,3103,1,4.914,
10666.7,heavy,3101,1,4.392,
10670.0,heavy,3102,0,2.630,ECONNREFUSED
10673.3,heavy,3103,1,4.343,
10676.7,heavy,3101,1,4.613,
10680.0,heavy,3102,0,2.903,ECONNREFUSED
10683.3,heavy,3103,1,4.642,
10686.7,heavy,3101,1,4.582,
10690.0,heavy,3102,0,2.437,ECONNREFUSED
10693.3,heavy,3103,1,4.263,
10696.7,heavy,3101,1,4.277,
10700.0,light-5,3101,1,3.493,
10700.0,light-3,3102,0,5.219,ECONNREFUSED
10700.0,light-2,3101,1,5.910,
10700.0,light-1,3103,1,6.762,
10700.0,light-4,3103,1,11.458,
10700.0,heavy,3102,0,5.457,ECONNREFUSED
10703.3,heavy,3102,0,4.795,ECONNREFUSED
10706.7,heavy,3103,1,10.468,
10710.0,heavy,3101,1,4.198,
10713.3,heavy,3102,0,1.935,ECONNREFUSED
10716.7,heavy,3103,1,3.518,
10720.0,heavy,3101,1,4.007,
10723.3,heavy,3102,0,3.595,ECONNREFUSED
10726.7,heavy,3103,1,5.094,
10730.0,heavy,3101,1,5.056,
10733.3,heavy,3102,0,2.726,ECONNREFUSED
10736.7,heavy,3103,1,5.001,
10740.0,heavy,3101,1,4.737,
10743.3,heavy,3102,0,2.495,ECONNREFUSED
10746.7,heavy,3103,1,3.918,
10750.0,heavy,3101,1,4.641,
10753.3,heavy,3102,0,2.615,ECONNREFUSED
10756.7,heavy,3103,1,4.561,
10760.0,heavy,3101,1,4.325,
10763.3,heavy,3102,0,2.961,ECONNREFUSED
10766.7,heavy,3103,1,4.544,
10770.0,heavy,3101,1,4.591,
10773.3,heavy,3102,0,2.805,ECONNREFUSED
10776.7,heavy,3103,1,4.378,
10780.0,heavy,3101,1,5.569,
10783.3,heavy,3102,0,2.626,ECONNREFUSED
10786.7,heavy,3103,1,4.024,
10790.0,heavy,3101,1,4.694,
10793.3,heavy,3102,0,2.545,ECONNREFUSED
10796.7,heavy,3103,1,5.965,
10800.0,light-2,3103,1,3.930,
10800.0,light-5,3103,1,3.905,
10800.0,light-3,3101,1,5.025,
10800.0,light-4,3102,0,6.592,ECONNREFUSED
10800.0,light-1,3102,0,7.807,ECONNREFUSED
10800.0,heavy,3101,1,7.662,
10803.3,heavy,3101,1,4.153,
10806.7,heavy,3102,0,3.691,ECONNREFUSED
10810.0,heavy,3103,1,4.497,
10813.3,heavy,3101,1,4.394,
10816.7,heavy,3102,0,2.587,ECONNREFUSED
10820.0,heavy,3103,1,3.914,
10823.3,heavy,3101,1,4.538,
10826.7,heavy,3102,0,3.381,ECONNREFUSED
10830.0,heavy,3103,1,5.055,
10833.3,heavy,3101,1,5.511,
10836.7,heavy,3102,0,2.854,ECONNREFUSED
10840.0,heavy,3103,1,5.070,
10843.3,heavy,3101,1,6.017,
10846.7,heavy,3102,0,3.326,ECONNREFUSED
10850.0,heavy,3103,1,4.719,
10853.3,heavy,3101,1,4.576,
10856.7,heavy,3102,0,2.707,ECONNREFUSED
10860.0,heavy,3103,1,4.620,
10863.3,heavy,3101,1,4.340,
10866.7,heavy,3102,0,2.391,ECONNREFUSED
10870.0,heavy,3103,1,3.967,
10873.3,heavy,3101,1,4.918,
10876.7,heavy,3102,0,2.261,ECONNREFUSED
10880.0,heavy,3103,1,3.992,
10883.3,heavy,3101,1,4.504,
10886.7,heavy,3102,0,2.373,ECONNREFUSED
10890.0,heavy,3103,1,4.614,
10893.3,heavy,3101,1,3.957,
10896.7,heavy,3102,0,2.568,ECONNREFUSED
10900.0,light-2,3101,1,3.552,
10900.0,light-1,3103,1,3.867,
10900.0,light-5,3101,1,3.759,
10900.0,light-3,3102,0,5.117,ECONNREFUSED
10900.0,light-4,3103,1,7.423,
10900.0,heavy,3103,1,7.285,
10903.3,heavy,3101,1,5.812,
10906.7,heavy,3102,0,5.320,ECONNREFUSED
10910.0,heavy,3102,0,5.103,ECONNREFUSED
10913.3,heavy,3103,1,2.721,
10916.7,heavy,3101,1,4.301,
10920.0,heavy,3102,0,2.099,ECONNREFUSED
10923.3,heavy,3103,1,4.016,
10926.7,heavy,3101,1,3.873,
10930.0,heavy,3102,0,2.735,ECONNREFUSED
10933.3,heavy,3103,1,4.025,
10936.7,heavy,3101,1,4.532,
10940.0,heavy,3102,0,2.633,ECONNREFUSED
10943.3,heavy,3103,1,5.947,
10946.7,heavy,3101,1,5.428,
10950.0,heavy,3102,0,2.722,ECONNREFUSED
10953.3,heavy,3103,1,6.250,
10956.7,heavy,3101,1,5.383,
10960.0,heavy,3102,0,2.823,ECONNREFUSED
10963.3,heavy,3103,1,4.764,
10966.7,heavy,3101,1,6.225,
10970.0,heavy,3102,0,3.580,ECONNREFUSED
10973.3,heavy,3103,1,5.115,
10976.7,heavy,3101,1,4.740,
10980.0,heavy,3102,0,2.093,ECONNREFUSED
10983.3,heavy,3103,1,4.277,
10986.7,heavy,3101,1,4.642,
10990.0,heavy,3102,0,2.796,ECONNREFUSED
10993.3,heavy,3103,1,4.109,
10996.7,heavy,3101,1,4.367,
11000.0,light-1,3103,1,2.303,
11000.0,light-2,3101,1,2.411,
11000.0,light-5,3101,1,2.821,
11000.0,light-3,3102,0,4.264,ECONNREFUSED
11000.0,light-4,3103,1,5.672,
11000.0,heavy,3102,0,4.658,ECONNREFUSED
11003.3,heavy,3102,0,4.655,ECONNREFUSED
11006.7,heavy,3103,1,4.097,
11010.0,heavy,3101,1,4.178,
11013.3,heavy,3102,0,2.635,ECONNREFUSED
11016.7,heavy,3103,1,4.454,
11020.0,heavy,3101,1,4.082,
11023.3,heavy,3102,0,2.824,ECONNREFUSED
11026.7,heavy,3103,1,4.403,
11030.0,heavy,3101,1,4.641,
11033.3,heavy,3102,0,2.511,ECONNREFUSED
11036.7,heavy,3103,1,4.097,
11040.0,heavy,3101,1,4.291,
11043.3,heavy,3102,0,2.862,ECONNREFUSED
11046.7,heavy,3103,1,3.737,
11050.0,heavy,3101,1,3.948,
11053.3,heavy,3102,0,2.364,ECONNREFUSED
11056.7,heavy,3103,1,4.270,
11060.0,heavy,3101,1,4.240,
11063.3,heavy,3102,0,2.684,ECONNREFUSED
11066.7,heavy,3103,1,15.932,
11070.0,heavy,3101,1,5.570,
11073.3,heavy,3102,0,3.991,ECONNREFUSED
11076.7,heavy,3103,1,3.550,
11080.0,heavy,3101,1,3.299,
11083.3,heavy,3102,0,1.728,ECONNREFUSED
11086.7,heavy,3103,1,3.730,
11090.0,heavy,3101,1,4.288,
11093.3,heavy,3102,0,6.542,ECONNREFUSED
11096.7,heavy,3103,1,9.501,
11100.0,light-3,3101,1,4.059,
11100.0,light-2,3103,1,4.451,
11100.0,light-5,3103,1,4.372,
11100.0,light-4,3102,0,10.149,ECONNREFUSED
11100.0,light-1,3102,0,10.725,ECONNREFUSED
11100.0,heavy,3101,1,5.466,
11103.3,heavy,3101,1,10.180,
11106.7,heavy,3102,0,3.483,ECONNREFUSED
11110.0,heavy,3103,1,3.184,
11113.3,heavy,3101,1,3.296,
11116.7,heavy,3102,0,1.650,ECONNREFUSED
11120.0,heavy,3103,1,4.074,
11123.3,heavy,3101,1,4.344,
11126.7,heavy,3102,0,2.461,ECONNREFUSED
11130.0,heavy,3103,1,4.372,
11133.3,heavy,3101,1,4.154,
11136.7,heavy,3102,0,5.444,ECONNREFUSED
11140.0,heavy,3103,1,3.284,
11143.3,heavy,3101,1,3.135,
11146.7,heavy,3102,0,1.728,ECONNREFUSED
11150.0,heavy,3103,1,3.791,
11153.3,heavy,3101,1,4.139,
11156.7,heavy,3102,0,2.201,ECONNREFUSED
11160.0,heavy,3103,1,4.797,
11163.3,heavy,3101,1,4.548,
11166.7,heavy,3102,0,2.269,ECONNREFUSED
11170.0,heavy,3103,1,4.564,
11173.3,heavy,3101,1,4.642,
11176.7,heavy,3102,0,2.705,ECONNREFUSED
11180.0,heavy,3103,1,5.237,
11183.3,heavy,3101,1,4.307,
11186.7,heavy,3102,0,7.371,ECONNREFUSED
11190.0,heavy,3103,1,9.975,
11193.3,heavy,3101,1,5.747,
11196.7,heavy,3102,0,10.420,ECONNREFUSED
11200.0,light-1,3101,1,1.776,
11200.0,light-3,3103,1,2.155,
11200.0,light-2,3102,0,5.299,ECONNREFUSED
11200.0,light-5,3102,0,6.016,ECONNREFUSED
11200.0,light-4,3101,1,10.273,
11200.0,heavy,3103,1,7.298,
11203.3,heavy,3103,1,4.841,
11206.7,heavy,3101,1,3.985,
11210.0,heavy,3102,0,3.352,ECONNREFUSED
11213.3,heavy,3103,1,5.239,
11216.7,heavy,3101,1,3.918,
11220.0,heavy,3102,0,2.332,ECONNREFUSED
11223.3,heavy,3103,1,1.266,
11226.7,heavy,3101,1,4.487,
11230.0,heavy,3102,0,2.778,ECONNREFUSED
11233.3,heavy,3103,1,1.725,
11236.7,heavy,3101,1,4.448,
11240.0,heavy,3102,0,3.582,ECONNREFUSED
11243.3,heavy,3103,1,2.340,
11246.7,heavy,3101,1,5.206,
11250.0,heavy,3102,0,2.251,ECONNREFUSED
11253.3,heavy,3103,1,1.363,
11256.7,heavy,3101,1,4.659,
11260.0,heavy,3102,0,3.074,ECONNREFUSED
11263.3,heavy,3103,1,1.926,
11266.7,heavy,3101,1,3.347,
11270.0,heavy,3102,0,2.071,ECONNREFUSED
11273.3,heavy,3103,1,2.064,
11276.7,heavy,3101,1,4.688,
11280.0,heavy,3102,0,2.833,ECONNREFUSED
11283.3,heavy,3103,1,1.084,
11286.7,heavy,3101,1,6.137,
11290.0,heavy,3102,0,2.268,ECONNREFUSED
11293.3,heavy,3103,1,1.790,
11296.7,heavy,3101,1,7.370,
11300.0,light-1,3101,1,3.330,
11300.0,light-3,3103,1,3.255,
11300.0,light-4,3101,1,5.385,
11300.0,light-2,3102,0,6.007,ECONNREFUSED
11300.0,light-5,3102,0,5.847,ECONNREFUSED
11300.0,heavy,3102,0,6.430,ECONNREFUSED
11303.3,heavy,3103,1,3.199,
11306.7,heavy,3103,1,2.317,
11310.0,heavy,3101,1,3.432,
11313.3,heavy,3102,0,2.410,ECONNREFUSED
11316.7,heavy,3103,1,1.622,
11320.0,heavy,3101,1,1.543,
11323.3,heavy,3102,0,3.505,ECONNREFUSED
11326.7,heavy,3103,1,2.147,
11330.0,heavy,3101,1,1.331,
11333.3,heavy,3102,0,6.997,ECONNREFUSED
11336.7,heavy,3103,1,5.231,
11340.0,heavy,3101,1,5.316,
11343.3,heavy,3102,0,5.943,ECONNREFUSED
11346.7,heavy,3103,1,1.406,
11350.0,heavy,3101,1,0.907,
11353.3,heavy,3102,0,2.721,ECONNREFUSED
11356.7,heavy,3103,1,1.548,
11360.0,heavy,3101,1,1.101,
11363.3,heavy,3102,0,3.848,ECONNREFUSED
11366.7,heavy,3103,1,2.007,
11370.0,heavy,3101,1,3.405,
11373.3,heavy,3102,0,3.568,ECONNREFUSED
11376.7,heavy,3103,1,1.476,
11380.0,heavy,3101,1,4.737,
11383.3,heavy,3102,0,4.881,ECONNREFUSED
11386.7,heavy,3103,1,2.394,
11390.0,heavy,3101,1,2.684,
11393.3,heavy,3102,0,3.058,ECONNREFUSED
11396.7,heavy,3103,1,2.589,
11400.0,light-2,3101,1,2.730,
11400.0,light-1,3103,1,2.989,
11400.0,light-4,3103,1,3.251,
11400.0,light-5,3101,1,3.326,
11400.0,light-3,3102,0,4.514,ECONNREFUSED
11400.0,heavy,3101,1,2.516,
11403.3,heavy,3102,0,4.758,ECONNREFUSED
11406.7,heavy,3102,0,3.886,ECONNREFUSED
11410.0,heavy,3103,1,1.090,
11413.3,heavy,3101,1,2.127,
11416.7,heavy,3102,0,3.004,ECONNREFUSED
11420.0,heavy,3103,1,1.821,
11423.3,heavy,3101,1,1.363,
11426.7,heavy,3102,0,4.151,ECONNREFUSED
11430.0,heavy,3103,1,1.966,
11433.3,heavy,3101,1,2.633,
11436.7,heavy,3102,0,3.835,ECONNREFUSED
11440.0,heavy,3103,1,1.448,
11443.3,heavy,3101,1,2.979,
11446.7,heavy,3102,0,4.519,ECONNREFUSED
11450.0,heavy,3103,1,2.440,
11453.3,heavy,3101,1,2.211,
11456.7,heavy,3102,0,2.317,ECONNREFUSED
11460.0,heavy,3103,1,1.430,
11463.3,heavy,3101,1,1.917,
11466.7,heavy,3102,0,3.220,ECONNREFUSED
11470.0,heavy,3103,1,1.405,
11473.3,heavy,3101,1,2.044,
11476.7,heavy,3102,0,2.949,ECONNREFUSED
11480.0,heavy,3103,1,1.783,
11483.3,heavy,3101,1,1.878,
11486.7,heavy,3102,0,4.625,ECONNREFUSED
11490.0,heavy,3103,1,1.798,
11493.3,heavy,3101,1,2.212,
11496.7,heavy,3102,0,6.126,ECONNREFUSED
11500.0,light-1,3101,1,3.645,
11500.0,light-3,3103,1,3.726,
11500.0,light-4,3101,1,3.777,
11500.0,light-2,3102,0,5.575,ECONNREFUSED
11500.0,light-5,3102,0,5.444,ECONNREFUSED
11500.0,heavy,3103,1,3.639,
11503.3,heavy,3103,1,2.294,
11506.7,heavy,3101,1,2.426,
11510.0,heavy,3102,0,3.403,ECONNREFUSED
11513.3,heavy,3103,1,1.493,
11516.7,heavy,3101,1,2.110,
11520.0,heavy,3102,0,3.485,ECONNREFUSED
11523.3,heavy,3103,1,1.624,
11526.7,heavy,3101,1,2.811,
11530.0,heavy,3102,0,3.521,ECONNREFUSED
11533.3,heavy,3103,1,1.440,
11536.7,heavy,3101,1,2.672,
11540.0,heavy,3102,0,3.479,ECONNREFUSED
11543.3,heavy,3103,1,1.625,
11546.7,heavy,3101,1,1.329,
11550.0,heavy,3102,0,2.558,ECONNREFUSED
11553.3,heavy,3103,1,1.367,
11556.7,heavy,3101,1,1.141,
11560.0,heavy,3102,0,1.292,ECONNREFUSED
11563.3,heavy,3103,1,2.455,
11566.7,heavy,3101,1,2.406,
11570.0,heavy,3102,0,4.000,ECONNREFUSED
11573.3,heavy,3103,1,2.314,
11576.7,heavy,3101,1,1.503,
11580.0,heavy,3102,0,4.849,ECONNREFUSED
11583.3,heavy,3103,1,2.208,
11586.7,heavy,3101,1,3.188,
11590.0,heavy,3102,0,4.502,ECONNREFUSED
11593.3,heavy,3103,1,1.838,
11596.7,heavy,3101,1,4.229,
11600.0,light-1,3101,1,4.552,
11600.0,light-3,3103,1,4.455,
11600.0,light-4,3101,1,5.102,
11600.0,light-2,3102,0,7.033,ECONNREFUSED
11600.0,light-5,3102,0,6.854,ECONNREFUSED
11600.0,heavy,3102,0,7.387,ECONNREFUSED
11603.3,heavy,3103,1,3.721,
11606.7,heavy,3103,1,3.746,
11610.0,heavy,3101,1,2.157,
11613.3,heavy,3102,0,3.630,ECONNREFUSED
11616.7,heavy,3103,1,1.804,
11620.0,heavy,3101,1,1.733,
11623.3,heavy,3102,0,1.970,ECONNREFUSED
11626.7,heavy,3103,1,2.600,
11630.0,heavy,3101,1,2.483,
11633.3,heavy,3102,0,3.604,ECONNREFUSED
11636.7,heavy,3103,1,1.630,
11640.0,heavy,3101,1,2.076,
11643.3,heavy,3102,0,3.664,ECONNREFUSED
11646.7,heavy,3103,1,1.767,
11650.0,heavy,3101,1,3.039,
11653.3,heavy,3102,0,2.342,ECONNREFUSED
11656.7,heavy,3103,1,1.396,
11660.0,heavy,3101,1,1.425,
11663.3,heavy,3102,0,3.190,ECONNREFUSED
11666.7,heavy,3103,1,2.077,
11670.0,heavy,3101,1,2.471,
11673.3,heavy,3102,0,4.183,ECONNREFUSED
11676.7,heavy,3103,1,2.031,
11680.0,heavy,3101,1,2.776,
11683.3,heavy,3102,0,4.484,ECONNREFUSED
11686.7,heavy,3103,1,1.334,
11690.0,heavy,3101,1,2.310,
11693.3,heavy,3102,0,2.372,ECONNREFUSED
11696.7,heavy,3103,1,1.275,
11700.0,light-2,3103,1,2.333,
11700.0,light-1,3102,0,3.797,ECONNREFUSED
11700.0,light-3,3101,1,3.726,
11700.0,light-5,3103,1,3.712,
11700.0,light-4,3102,0,4.201,ECONNREFUSED
11700.0,heavy,3101,1,2.379,
11703.3,heavy,3101,1,1.331,
11706.7,heavy,3102,0,2.410,ECONNREFUSED
11710.0,heavy,3103,1,1.103,
11713.3,heavy,3101,1,1.706,
11716.7,heavy,3102,0,4.639,ECONNREFUSED
11720.0,heavy,3103,1,2.306,
11723.3,heavy,3101,1,1.977,
11726.7,heavy,3102,0,4.665,ECONNREFUSED
11730.0,heavy,3103,1,2.769,
11733.3,heavy,3101,1,1.151,
11736.7,heavy,3102,0,3.662,ECONNREFUSED
11740.0,heavy,3103,1,1.789,
11743.3,heavy,3101,1,1.875,
11746.7,heavy,3102,0,3.012,ECONNREFUSED
11750.0,heavy,3103,1,2.025,
11753.3,heavy,3101,1,1.876,
11756.7,heavy,3102,0,2.945,ECONNREFUSED
11760.0,heavy,3103,1,2.226,
11763.3,heavy,3101,1,0.982,
11766.7,heavy,3102,0,3.739,ECONNREFUSED
11770.0,heavy,3103,1,1.613,
11773.3,heavy,3101,1,1.725,
11776.7,heavy,3102,0,4.001,ECONNREFUSED
11780.0,heavy,3103,1,1.245,
11783.3,heavy,3101,1,3.394,
11786.7,heavy,3102,0,3.416,ECONNREFUSED
11790.0,heavy,3103,1,1.654,
11793.3,heavy,3101,1,1.778,
11796.7,heavy,3102,0,5.649,ECONNREFUSED
11800.0,light-4,3103,1,4.265,
11800.0,light-5,3101,1,5.307,
11800.0,light-3,3102,0,5.970,ECONNREFUSED
11800.0,light-1,3103,1,6.387,
11800.0,light-2,3101,1,8.120,
11800.0,heavy,3103,1,2.603,
11803.3,heavy,3101,1,3.730,
11806.7,heavy,3102,0,6.160,ECONNREFUSED
11810.0,heavy,3102,0,6.383,ECONNREFUSED
11813.3,heavy,3103,1,1.552,
11816.7,heavy,3101,1,1.127,
11820.0,heavy,3102,0,3.112,ECONNREFUSED
11823.3,heavy,3103,1,1.189,
11826.7,heavy,3101,1,1.881,
11830.0,heavy,3102,0,3.039,ECONNREFUSED
11833.3,heavy,3103,1,1.453,
11836.7,heavy,3101,1,2.408,
11840.0,heavy,3102,0,1.948,ECONNREFUSED
11843.3,heavy,3103,1,2.196,
11846.7,heavy,3101,1,2.087,
11850.0,heavy,3102,0,3.240,ECONNREFUSED
11853.3,heavy,3103,1,2.721,
11856.7,heavy,3101,1,1.305,
11860.0,heavy,3102,0,4.751,ECONNREFUSED
11863.3,heavy,3103,1,2.407,
11866.7,heavy,3101,1,2.460,
11870.0,heavy,3102,0,3.654,ECONNREFUSED
11873.3,heavy,3103,1,1.088,
11876.7,heavy,3101,1,2.814,
11880.0,heavy,3102,0,3.254,ECONNREFUSED
11883.3,heavy,3103,1,2.020,
11886.7,heavy,3101,1,2.150,
11890.0,heavy,3102,0,6.822,ECONNREFUSED
11893.3,heavy,3103,1,3.258,
11896.7,heavy,3101,1,3.337,
11900.0,light-1,3103,1,3.676,
11900.0,light-2,3101,1,3.764,
11900.0,light-5,3101,1,3.517,
11900.0,light-4,3103,1,3.726,
11900.0,light-3,3102,0,6.422,ECONNREFUSED
11900.0,heavy,3102,0,6.809,ECONNREFUSED
11903.3,heavy,3102,0,5.316,ECONNREFUSED
11906.7,heavy,3103,1,1.778,
11910.0,heavy,3101,1,1.117,
11913.3,heavy,3102,0,3.208,ECONNREFUSED
11916.7,heavy,3103,1,1.402,
11920.0,heavy,3101,1,2.572,
11923.3,heavy,3102,0,3.552,ECONNREFUSED
11926.7,heavy,3103,1,2.123,
11930.0,heavy,3101,1,2.224,
11933.3,heavy,3102,0,2.677,ECONNREFUSED
11936.7,heavy,3103,1,2.300,
11940.0,heavy,3101,1,1.810,
11943.3,heavy,3102,0,2.500,ECONNREFUSED
11946.7,heavy,3103,1,2.064,
11950.0,heavy,3101,1,2.622,
11953.3,heavy,3102,0,4.584,ECONNREFUSED
11956.7,heavy,3103,1,2.272,
11960.0,heavy,3101,1,3.121,
11963.3,heavy,3102,0,4.911,ECONNREFUSED
11966.7,heavy,3103,1,1.319,
11970.0,heavy,3101,1,2.282,
11973.3,heavy,3102,0,3.358,ECONNREFUSED
11976.7,heavy,3103,1,1.873,
11980.0,heavy,3101,1,1.164,
11983.3,heavy,3102,0,4.351,ECONNREFUSED
11986.7,heavy,3103,1,2.320,
11990.0,heavy,3101,1,3.178,
11993.3,heavy,3102,0,4.211,ECONNREFUSED
11996.7,heavy,3103,1,1.168,
12000.0,light-3,3103,1,3.584,
12000.0,light-1,3101,1,4.116,
12000.0,light-4,3101,1,4.299,
12000.0,light-2,3102,0,5.399,ECONNREFUSED
12000.0,light-5,3102,0,4.964,ECONNREFUSED
12000.0,heavy,3101,1,3.619,
12003.3,heavy,3102,0,5.626,ECONNREFUSED
12006.7,heavy,3103,1,3.404,
12010.0,heavy,3103,1,2.946,
12013.3,heavy,3101,1,1.148,
12016.7,heavy,3102,0,2.924,ECONNREFUSED
12020.0,heavy,3103,1,1.530,
12023.3,heavy,3101,1,1.614,
12026.7,heavy,3102,0,2.296,ECONNREFUSED
12030.0,heavy,3103,1,2.651,
12033.3,heavy,3101,1,2.564,
12036.7,heavy,3102,0,3.953,ECONNREFUSED
12040.0,heavy,3103,1,1.877,
12043.3,heavy,3101,1,1.146,
12046.7,heavy,3102,0,3.370,ECONNREFUSED
12050.0,heavy,3103,1,1.597,
12053.3,heavy,3101,1,1.719,
12056.7,heavy,3102,0,1.702,ECONNREFUSED
12060.0,heavy,3103,1,2.012,
12063.3,heavy,3101,1,1.980,
12066.7,heavy,3102,0,3.199,ECONNREFUSED
12070.0,heavy,3103,1,2.396,
12073.3,heavy,3101,1,1.137,
12076.7,heavy,3102,0,5.253,ECONNREFUSED
12080.0,heavy,3103,1,1.077,
12083.3,heavy,3101,1,1.177,
12086.7,heavy,3102,0,3.183,ECONNREFUSED
12090.0,heavy,3103,1,1.439,
12093.3,heavy,3101,1,5.057,
12096.7,heavy,3102,0,7.103,ECONNREFUSED
12100.0,light-3,3103,1,3.936,
12100.0,light-1,3101,1,5.651,
12100.0,light-4,3101,1,5.892,
12100.0,light-2,3102,0,6.854,ECONNREFUSED
12100.0,light-5,3102,0,6.677,ECONNREFUSED
12100.0,heavy,3103,1,3.427,
12103.3,heavy,3103,1,3.770,
12106.7,heavy,3101,1,2.541,
12110.0,heavy,3102,0,2.330,ECONNREFUSED
12113.3,heavy,3103,1,1.302,
12116.7,heavy,3101,1,1.245,
12120.0,heavy,3102,0,3.590,ECONNREFUSED
12123.3,heavy,3103,1,1.928,
12126.7,heavy,3101,1,1.737,
12130.0,heavy,3102,0,3.624,ECONNREFUSED
12133.3,heavy,3103,1,1.483,
12136.7,heavy,3101,1,0.952,
12140.0,heavy,3102,0,3.407,ECONNREFUSED
12143.3,heavy,3103,1,1.398,
12146.7,heavy,3101,1,1.519,
12150.0,heavy,3102,0,2.490,ECONNREFUSED
12153.3,heavy,3103,1,0.981,
12156.7,heavy,3101,1,2.075,
12160.0,heavy,3102,0,3.255,ECONNREFUSED
12163.3,heavy,3103,1,1.736,
12166.7,heavy,3101,1,1.296,
12170.0,heavy,3102,0,4.014,ECONNREFUSED
12173.3,heavy,3103,1,2.180,
12176.7,heavy,3101,1,2.294,
12180.0,heavy,3102,0,3.848,ECONNREFUSED
12183.3,heavy,3103,1,1.487,
12186.7,heavy,3101,1,2.207,
12190.0,heavy,3102,0,2.643,ECONNREFUSED
12193.3,heavy,3103,1,1.666,
12196.7,heavy,3101,1,1.593,
12200.0,light-2,3101,1,3.588,
12200.0,light-1,3103,1,3.765,
12200.0,light-5,3101,1,3.522,
12200.0,light-4,3103,1,3.663,
12200.0,light-3,3102,0,6.370,ECONNREFUSED
12200.0,heavy,3102,0,6.834,ECONNREFUSED
12203.3,heavy,3103,1,3.047,
12206.7,heavy,3101,1,3.070,
12210.0,heavy,3102,0,6.423,ECONNREFUSED
12213.3,heavy,3102,0,6.231,ECONNREFUSED
12216.7,heavy,3103,1,3.384,
12220.0,heavy,3101,1,1.499,
12223.3,heavy,3102,0,3.312,ECONNREFUSED
12226.7,heavy,3103,1,1.492,
12230.0,heavy,3101,1,1.212,
12233.3,heavy,3102,0,3.827,ECONNREFUSED
12236.7,heavy,3103,1,2.773,
12240.0,heavy,3101,1,2.559,
12243.3,heavy,3102,0,3.448,ECONNREFUSED
12246.7,heavy,3103,1,0.991,
12250.0,heavy,3101,1,2.263,
12253.3,heavy,3102,0,4.011,ECONNREFUSED
12256.7,heavy,3103,1,1.718,
12260.0,heavy,3101,1,1.940,
12263.3,heavy,3102,0,4.400,ECONNREFUSED
12266.7,heavy,3103,1,1.528,
12270.0,heavy,3101,1,3.051,
12273.3,heavy,3102,0,4.536,ECONNREFUSED
12276.7,heavy,3103,0,2.211,
12280.0,heavy,3101,1,3.807,
12283.3,heavy,3102,0,3.971,ECONNREFUSED
12286.7,heavy,3103,1,1.913,
12290.0,heavy,3101,1,3.409,
12293.3,heavy,3102,0,2.790,ECONNREFUSED
12296.7,heavy,3103,1,3.605,
12300.0,light-1,3103,1,3.193,
12300.0,light-4,3103,1,3.776,
12300.0,light-2,3101,1,5.449,
12300.0,light-5,3101,1,5.316,
12300.0,light-3,3102,0,6.705,ECONNREFUSED
12300.0,heavy,3101,1,4.558,
12303.3,heavy,3102,0,6.784,ECONNREFUSED
12306.7,heavy,3102,0,6.964,ECONNREFUSED
12310.0,heavy,3103,1,3.020,
12313.3,heavy,3101,0,4.677,
12316.7,heavy,3102,0,1.718,ECONNREFUSED
12320.0,heavy,3103,1,2.300,
12323.3,heavy,3101,0,4.610,
12326.7,heavy,3102,0,3.606,ECONNREFUSED
12330.0,heavy,3103,1,2.476,
12333.3,heavy,3101,0,4.420,
12336.7,heavy,3102,0,4.960,ECONNREFUSED
12340.0,heavy,3103,0,2.026,
12343.3,heavy,3101,1,4.178,
12346.7,heavy,3102,0,3.162,ECONNREFUSED
12350.0,heavy,3103,1,1.991,
12353.3,heavy,3101,0,2.567,
12356.7,heavy,3102,0,4.194,ECONNREFUSED
12360.0,heavy,3103,1,1.838,
12363.3,heavy,3101,0,4.175,
12366.7,heavy,3102,0,4.568,ECONNREFUSED
12370.0,heavy,3103,0,2.017,
12373.3,heavy,3101,1,4.537,
12376.7,heavy,3102,0,3.313,ECONNREFUSED
12380.0,heavy,3103,1,1.852,
12383.3,heavy,3101,0,3.432,
12386.7,heavy,3102,0,2.046,ECONNREFUSED
12390.0,heavy,3103,1,3.500,
12393.3,heavy,3101,0,6.372,
12396.7,heavy,3102,0,6.583,ECONNREFUSED
12400.0,light-3,3103,1,4.138,
12400.0,light-1,3101,1,5.184,
12400.0,light-4,3101,1,7.198,
12400.0,light-2,3102,0,7.751,ECONNREFUSED
12400.0,light-5,3102,0,7.637,ECONNREFUSED
12400.0,heavy,3103,0,4.313,
12403.3,heavy,3103,1,4.053,
12406.7,heavy,3101,0,2.727,
12410.0,heavy,3102,0,3.349,ECONNREFUSED
12413.3,heavy,3103,1,1.497,
12416.7,heavy,3101,0,3.043,
12420.0,heavy,3102,0,2.598,ECONNREFUSED
12423.3,heavy,3103,1,1.565,
12426.7,heavy,3101,1,4.929,
12430.0,heavy,3102,0,2.565,ECONNREFUSED
12433.3,heavy,3103,0,1.265,
12436.7,heavy,3101,0,4.002,
12440.0,heavy,3102,0,3.189,ECONNREFUSED
12443.3,heavy,3103,1,1.384,
12446.7,heavy,3101,0,3.414,
12450.0,heavy,3102,0,2.481,ECONNREFUSED
12453.3,heavy,3103,1,1.341,
12456.7,heavy,3101,1,4.069,
12460.0,heavy,3102,0,2.676,ECONNREFUSED
12463.3,heavy,3103,0,1.300,
12466.7,heavy,3101,0,2.977,
12470.0,heavy,3102,0,2.123,ECONNREFUSED
12473.3,heavy,3103,1,1.120,
12476.7,heavy,3101,0,3.028,
12480.0,heavy,3102,0,2.318,ECONNREFUSED
12483.3,heavy,3103,1,1.625,
12486.7,heavy,3101,0,4.339,
12490.0,heavy,3102,0,3.984,ECONNREFUSED
12493.3,heavy,3103,1,1.289,
12496.7,heavy,3101,0,3.221,
12500.0,light-2,3103,1,3.480,
12500.0,light-5,3103,1,4.292,
12500.0,light-3,3101,1,5.282,
12500.0,light-1,3102,0,6.645,ECONNREFUSED
12500.0,light-4,3102,0,6.628,ECONNREFUSED
12500.0,heavy,3102,0,7.003,ECONNREFUSED
12503.3,heavy,3103,1,2.954,
12506.7,heavy,3101,0,6.180,
12510.0,heavy,3101,1,5.356,
12513.3,heavy,3102,0,4.280,ECONNREFUSED
12516.7,heavy,3103,0,1.329,
12520.0,heavy,3101,1,3.966,
12523.3,heavy,3102,0,3.068,ECONNREFUSED
12526.7,heavy,3103,0,1.079,
12530.0,heavy,3101,1,4.862,
12533.3,heavy,3102,0,3.255,ECONNREFUSED
12536.7,heavy,3103,1,2.012,
12540.0,heavy,3101,0,4.051,
12543.3,heavy,3102,0,1.990,ECONNREFUSED
12546.7,heavy,3103,1,2.262,
12550.0,heavy,3101,0,3.782,
12553.3,heavy,3102,0,3.407,ECONNREFUSED
12556.7,heavy,3103,0,1.648,
12560.0,heavy,3101,1,4.267,
12563.3,heavy,3102,0,2.756,ECONNREFUSED
12566.7,heavy,3103,1,1.601,
12570.0,heavy,3101,0,3.964,
12573.3,heavy,3102,0,1.766,ECONNREFUSED
12576.7,heavy,3103,1,2.806,
12580.0,heavy,3101,0,4.289,
12583.3,heavy,3102,0,3.745,ECONNREFUSED
12586.7,heavy,3103,0,1.659,
12590.0,heavy,3101,1,6.751,
12593.3,heavy,3102,0,6.818,ECONNREFUSED
12596.7,heavy,3103,1,3.054,
12600.0,light-2,3103,1,3.189,
12600.0,light-5,3103,1,3.627,
12600.0,light-3,3101,1,5.229,
12600.0,light-1,3102,0,6.840,ECONNREFUSED
12600.0,light-4,3102,0,6.736,ECONNREFUSED
12600.0,heavy,3101,0,6.674,
12603.3,heavy,3101,0,4.221,
12606.7,heavy,3102,0,3.736,ECONNREFUSED
12610.0,heavy,3103,1,1.664,
12613.3,heavy,3101,0,3.515,
12616.7,heavy,3102,0,2.238,ECONNREFUSED
12620.0,heavy,3103,1,2.389,
12623.3,heavy,3101,0,3.770,
12626.7,heavy,3102,0,3.430,ECONNREFUSED
12630.0,heavy,3103,1,2.801,
12633.3,heavy,3101,0,2.464,
12636.7,heavy,3102,0,6.386,ECONNREFUSED
12640.0,heavy,3103,1,3.607,
12643.3,heavy,3101,0,5.421,
12646.7,heavy,3102,0,5.994,ECONNREFUSED
12650.0,heavy,3103,1,2.901,
12653.3,heavy,3101,0,3.708,
12656.7,heavy,3102,0,2.122,ECONNREFUSED
12660.0,heavy,3103,0,1.262,
12663.3,heavy,3101,1,5.092,
12666.7,heavy,3102,0,3.714,ECONNREFUSED
12670.0,heavy,3103,1,1.397,
12673.3,heavy,3101,0,4.615,
12676.7,heavy,3102,0,4.158,ECONNREFUSED
12680.0,heavy,3103,0,1.752,
12683.3,heavy,3101,1,1.937,
12686.7,heavy,3102,0,2.962,ECONNREFUSED
12690.0,heavy,3103,1,1.637,
12693.3,heavy,3101,0,3.307,
12696.7,heavy,3102,0,2.206,ECONNREFUSED
12700.0,light-1,3103,1,3.636,
12700.0,light-4,3103,1,3.531,
12700.0,light-2,3101,1,5.046,
12700.0,light-5,3101,1,5.004,
12700.0,light-3,3102,0,6.626,ECONNREFUSED
12700.0,heavy,3103,1,3.537,
12703.3,heavy,3101,0,6.868,
12706.7,heavy,3102,0,6.470,ECONNREFUSED
12710.0,heavy,3102,0,6.575,ECONNREFUSED
12713.3,heavy,3103,1,2.803,
12716.7,heavy,3101,0,3.805,
12720.0,heavy,3102,0,2.692,ECONNREFUSED
12723.3,heavy,3103,1,1.280,
12726.7,heavy,3101,0,4.292,
12730.0,heavy,3102,0,3.544,ECONNREFUSED
12733.3,heavy,3103,1,1.922,
12736.7,heavy,3101,0,3.761,
12740.0,heavy,3102,0,3.981,ECONNREFUSED
12743.3,heavy,3103,1,1.273,
12746.7,heavy,3101,0,4.357,
12750.0,heavy,3102,0,2.870,ECONNREFUSED
12753.3,heavy,3103,1,1.926,
12756.7,heavy,3101,0,2.164,
12760.0,heavy,3102,0,3.811,ECONNREFUSED
12763.3,heavy,3103,1,1.942,
12766.7,heavy,3101,1,4.681,
12770.0,heavy,3102,0,4.327,ECONNREFUSED
12773.3,heavy,3103,0,1.579,
12776.7,heavy,3101,0,3.652,
12780.0,heavy,3102,0,2.907,ECONNREFUSED
12783.3,heavy,3103,1,1.682,
12786.7,heavy,3101,0,1.984,
12790.0,heavy,3102,0,8.656,ECONNREFUSED
12793.3,heavy,3103,1,3.647,
12796.7,heavy,3101,1,8.158,
12800.0,light-1,3103,1,5.136,
12800.0,light-4,3103,1,5.038,
12800.0,light-2,3101,1,6.247,
12800.0,light-5,3101,1,6.100,
12800.0,light-3,3102,0,7.996,ECONNREFUSED
12800.0,heavy,3102,0,7.882,ECONNREFUSED
12803.3,heavy,3102,0,7.027,ECONNREFUSED
12806.7,heavy,3103,0,2.741,
12810.0,heavy,3101,1,4.468,
12813.3,heavy,3102,0,3.045,ECONNREFUSED
12816.7,heavy,3103,0,1.249,
12820.0,heavy,3101,1,5.163,
12823.3,heavy,3102,0,3.481,ECONNREFUSED
12826.7,heavy,3103,1,1.551,
12830.0,heavy,3101,0,4.721,
12833.3,heavy,3102,0,3.043,ECONNREFUSED
12836.7,heavy,3103,0,1.205,
12840.0,heavy,3101,0,3.327,
12843.3,heavy,3102,0,1.925,ECONNREFUSED
12846.7,heavy,3103,1,1.212,
12850.0,heavy,3101,1,3.255,
12853.3,heavy,3102,0,2.604,ECONNREFUSED
12856.7,heavy,3103,1,1.414,
12860.0,heavy,3101,0,3.401,
12863.3,heavy,3102,0,2.347,ECONNREFUSED
12866.7,heavy,3103,1,1.987,
12870.0,heavy,3101,0,3.415,
12873.3,heavy,3102,0,3.103,ECONNREFUSED
12876.7,heavy,3103,0,1.577,
12880.0,heavy,3101,1,4.256,
12883.3,heavy,3102,0,3.227,ECONNREFUSED
12886.7,heavy,3103,0,1.160,
12890.0,heavy,3101,1,4.032,
12893.3,heavy,3102,0,2.335,ECONNREFUSED
12896.7,heavy,3103,0,1.125,
12900.0,light-3,3103,1,3.749,
12900.0,light-1,3101,1,4.826,
12900.0,light-4,3101,1,5.339,
12900.0,light-2,3102,0,6.510,ECONNREFUSED
12900.0,light-5,3102,0,6.527,ECONNREFUSED
12900.0,heavy,3101,1,6.986,
12903.3,heavy,3102,0,6.490,ECONNREFUSED
12906.7,heavy,3103,1,2.988,
12910.0,heavy,3103,0,3.612,
12913.3,heavy,3101,0,3.260,
12916.7,heavy,3102,0,2.516,ECONNREFUSED
12920.0,heavy,3103,1,1.647,
12923.3,heavy,3101,0,3.965,
12926.7,heavy,3102,0,3.119,ECONNREFUSED
12930.0,heavy,3103,0,1.238,
12933.3,heavy,3101,1,4.458,
12936.7,heavy,3102,0,3.079,ECONNREFUSED
12940.0,heavy,3103,1,1.515,
12943.3,heavy,3101,0,3.085,
12946.7,heavy,3102,0,2.324,ECONNREFUSED
12950.0,heavy,3103,1,1.142,
12953.3,heavy,3101,1,25.466,
12956.7,heavy,3102,0,2.632,ECONNREFUSED
12960.0,heavy,3103,0,7.927,
12963.3,heavy,3101,1,9.079,
12966.7,heavy,3102,0,2.395,ECONNREFUSED
12970.0,heavy,3103,0,8.393,
12973.3,heavy,3101,0,3.479,
12976.7,heavy,3102,0,3.679,ECONNREFUSED
12980.0,heavy,3103,1,1.855,
12983.3,heavy,3101,0,3.165,
12986.7,heavy,3102,0,1.883,ECONNREFUSED
12990.0,heavy,3103,1,3.881,
12993.3,heavy,3101,0,7.631,
12996.7,heavy,3102,0,7.312,ECONNREFUSED
13000.0,light-3,3103,1,4.839,
13000.0,light-1,3101,1,5.290,
13000.0,light-4,3101,1,5.751,
13000.0,light-2,3102,0,7.474,ECONNREFUSED
13000.0,light-5,3102,0,7.385,ECONNREFUSED
13000.0,heavy,3103,1,4.201,
13003.3,heavy,3103,0,4.077,
13006.7,heavy,3101,0,2.985,
13010.0,heavy,3102,0,2.288,ECONNREFUSED
13013.3,heavy,3103,1,1.277,
13016.7,heavy,3101,1,5.695,
13020.0,heavy,3102,0,4.573,ECONNREFUSED
13023.3,heavy,3103,1,2.824,
13026.7,heavy,3101,0,5.256,
13030.0,heavy,3102,0,4.436,ECONNREFUSED
13033.3,heavy,3103,0,3.127,
13036.7,heavy,3101,0,3.850,
13040.0,heavy,3102,0,2.577,ECONNREFUSED
13043.3,heavy,3103,1,1.405,
13046.7,heavy,3101,1,5.860,
13050.0,heavy,3102,0,4.603,ECONNREFUSED
13053.3,heavy,3103,1,2.553,
13056.7,heavy,3101,0,5.411,
13060.0,heavy,3102,0,4.940,ECONNREFUSED
13063.3,heavy,3103,0,2.573,
13066.7,heavy,3101,0,3.429,
13070.0,heavy,3102,0,2.000,ECONNREFUSED
13073.3,heavy,3103,1,1.177,
13076.7,heavy,3101,0,2.671,
13080.0,heavy,3102,0,4.445,ECONNREFUSED
13083.3,heavy,3103,1,2.140,
13086.7,heavy,3101,0,4.442,
13090.0,heavy,3102,0,4.695,ECONNREFUSED
13093.3,heavy,3103,1,2.566,
13096.7,heavy,3101,0,3.480,
13100.0,light-5,3101,1,4.085,
13100.0,light-3,3102,0,4.591,ECONNREFUSED
13100.0,light-4,3103,1,4.984,
13100.0,light-2,3101,1,6.515,
13100.0,light-1,3103,1,6.788,
13100.0,heavy,3102,0,4.551,ECONNREFUSED
13103.3,heavy,3102,0,4.704,ECONNREFUSED
13106.7,heavy,3103,1,1.765,
13110.0,heavy,3101,1,4.498,
13113.3,heavy,3102,0,3.174,ECONNREFUSED
13116.7,heavy,3103,1,1.767,
13120.0,heavy,3101,0,4.071,
13123.3,heavy,3102,0,3.183,ECONNREFUSED
13126.7,heavy,3103,0,1.275,
13130.0,heavy,3101,0,3.984,
13133.3,heavy,3102,0,3.150,ECONNREFUSED
13136.7,heavy,3103,1,1.879,
13140.0,heavy,3101,0,2.369,
13143.3,heavy,3102,0,5.272,ECONNREFUSED
13146.7,heavy,3103,1,3.087,
13150.0,heavy,3101,0,5.348,
13153.3,heavy,3102,0,5.571,ECONNREFUSED
13156.7,heavy,3103,1,2.929,
13160.0,heavy,3101,1,3.900,
13163.3,heavy,3102,0,2.910,ECONNREFUSED
13166.7,heavy,3103,0,1.104,
13170.0,heavy,3101,1,3.817,
13173.3,heavy,3102,0,2.787,ECONNREFUSED
13176.7,heavy,3103,0,1.169,
13180.0,heavy,3101,0,3.885,
13183.3,heavy,3102,0,2.773,ECONNREFUSED
13186.7,heavy,3103,1,1.545,
13190.0,heavy,3101,1,4.126,
13193.3,heavy,3102,0,3.023,ECONNREFUSED
13196.7,heavy,3103,0,1.393,
13200.0,light-2,3103,1,2.359,
13200.0,light-1,3102,0,4.139,ECONNREFUSED
13200.0,light-4,3102,0,3.897,ECONNREFUSED
13200.0,light-5,3103,1,4.806,
13200.0,light-3,3101,1,6.999,
13200.0,heavy,3101,1,6.020,
13203.3,heavy,3101,0,4.394,
13206.7,heavy,3102,0,3.218,ECONNREFUSED
13210.0,heavy,3103,1,1.451,
13213.3,heavy,3101,0,3.854,
13216.7,heavy,3102,0,2.847,ECONNREFUSED
13220.0,heavy,3103,0,1.204,
13223.3,heavy,3101,1,5.459,
13226.7,heavy,3102,0,3.091,ECONNREFUSED
13230.0,heavy,3103,1,1.724,
13233.3,heavy,3101,0,3.896,
13236.7,heavy,3102,0,2.851,ECONNREFUSED
13240.0,heavy,3103,1,2.202,
13243.3,heavy,3101,0,4.217,
13246.7,heavy,3102,0,3.462,ECONNREFUSED
13250.0,heavy,3103,1,1.837,
13253.3,heavy,3101,0,2.916,
13256.7,heavy,3102,0,3.134,ECONNREFUSED
13260.0,heavy,3103,1,2.890,
13263.3,heavy,3101,0,4.150,
13266.7,heavy,3102,0,3.780,ECONNREFUSED
13270.0,heavy,3103,1,2.136,
13273.3,heavy,3101,0,3.992,
13276.7,heavy,3102,0,4.207,ECONNREFUSED
13280.0,heavy,3103,1,2.292,
13283.3,heavy,3101,0,3.075,
13286.7,heavy,3102,0,2.217,ECONNREFUSED
13290.0,heavy,3103,1,2.041,
13293.3,heavy,3101,0,3.528,
13296.7,heavy,3102,0,2.633,ECONNREFUSED
13300.0,light-1,3101,1,2.601,
13300.0,light-4,3101,1,3.356,
13300.0,light-3,3103,1,3.645,
13300.0,light-2,3102,0,5.167,ECONNREFUSED
13300.0,light-5,3102,0,5.151,ECONNREFUSED
13300.0,heavy,3103,1,2.584,
13303.3,heavy,3103,0,1.725,
13306.7,heavy,3101,1,4.273,
13310.0,heavy,3102,0,2.780,ECONNREFUSED
13313.3,heavy,3103,0,2.090,
13316.7,heavy,3101,0,3.644,
13320.0,heavy,3102,0,3.047,ECONNREFUSED
13323.3,heavy,3103,1,1.658,
13326.7,heavy,3101,0,3.167,
13330.0,heavy,3102,0,1.728,ECONNREFUSED
13333.3,heavy,3103,1,2.753,
13336.7,heavy,3101,1,15.319,
13340.0,heavy,3102,0,3.615,ECONNREFUSED
13343.3,heavy,3103,1,1.690,
13346.7,heavy,3101,1,6.077,
13350.0,heavy,3102,0,3.002,ECONNREFUSED
13353.3,heavy,3103,0,2.377,
13356.7,heavy,3101,0,5.767,
13360.0,heavy,3102,0,3.467,ECONNREFUSED
13363.3,heavy,3103,0,1.392,
13366.7,heavy,3101,0,3.733,
13370.0,heavy,3102,0,2.918,ECONNREFUSED
13373.3,heavy,3103,1,1.508,
13376.7,heavy,3101,0,3.306,
13380.0,heavy,3102,0,2.393,ECONNREFUSED
13383.3,heavy,3103,1,3.312,
13386.7,heavy,3101,0,5.521,
13390.0,heavy,3102,0,6.684,ECONNREFUSED
13393.3,heavy,3103,1,3.837,
13396.7,heavy,3101,0,5.661,
13400.0,light-1,3103,1,4.523,
13400.0,light-4,3103,1,4.340,
13400.0,light-2,3101,1,5.159,
13400.0,light-5,3101,1,5.011,
13400.0,light-3,3102,0,7.417,ECONNREFUSED
13400.0,heavy,3102,0,7.713,ECONNREFUSED
13403.3,heavy,3102,0,4.636,ECONNREFUSED
13406.7,heavy,3103,1,1.876,
13410.0,heavy,3101,1,4.348,
13413.3,heavy,3102,0,2.640,ECONNREFUSED
13416.7,heavy,3103,0,0.965,
13420.0,heavy,3101,1,4.676,
13423.3,heavy,3102,0,3.648,ECONNREFUSED
13426.7,heavy,3103,1,2.535,
13430.0,heavy,3101,0,3.262,
13433.3,heavy,3102,0,1.862,ECONNREFUSED
13436.7,heavy,3103,1,2.788,
13440.0,heavy,3101,0,4.111,
13443.3,heavy,3102,0,3.526,ECONNREFUSED
13446.7,heavy,3103,0,1.671,
13450.0,heavy,3101,1,4.699,
13453.3,heavy,3102,0,3.354,ECONNREFUSED
13456.7,heavy,3103,1,1.871,
13460.0,heavy,3101,0,4.463,
13463.3,heavy,3102,0,2.547,ECONNREFUSED
13466.7,heavy,3103,0,1.437,
13470.0,heavy,3101,1,3.611,
13473.3,heavy,3102,0,2.622,ECONNREFUSED
13476.7,heavy,3103,0,1.254,
13480.0,heavy,3101,1,5.069,
13483.3,heavy,3102,0,3.559,ECONNREFUSED
13486.7,heavy,3103,1,1.635,
13490.0,heavy,3101,0,4.664,
13493.3,heavy,3102,0,3.443,ECONNREFUSED
13496.7,heavy,3103,0,1.391,
13500.0,light-3,3103,1,3.958,
13500.0,light-1,3101,1,5.022,
13500.0,light-2,3102,0,5.885,ECONNREFUSED
13500.0,light-5,3102,0,6.139,ECONNREFUSED
13500.0,light-4,3101,1,7.191,
13500.0,heavy,3101,0,6.759,
13503.3,heavy,3102,0,6.009,ECONNREFUSED
13506.7,heavy,3103,1,2.962,
13510.0,heavy,3103,0,3.034,
13513.3,heavy,3101,1,3.262,
13516.7,heavy,3102,0,2.969,ECONNREFUSED
13520.0,heavy,3103,0,1.254,
13523.3,heavy,3101,1,4.577,
13526.7,heavy,3102,0,2.273,ECONNREFUSED
13530.0,heavy,3103,0,1.398,
13533.3,heavy,3101,1,4.764,
13536.7,heavy,3102,0,3.373,ECONNREFUSED
13540.0,heavy,3103,1,2.093,
13543.3,heavy,3101,0,1.866,
13546.7,heavy,3102,0,2.681,ECONNREFUSED
13550.0,heavy,3103,1,1.274,
13553.3,heavy,3101,0,3.143,
13556.7,heavy,3102,0,1.842,ECONNREFUSED
13560.0,heavy,3103,1,1.639,
13563.3,heavy,3101,1,4.007,
13566.7,heavy,3102,0,3.446,ECONNREFUSED
13570.0,heavy,3103,0,1.773,
13573.3,heavy,3101,0,1.756,
13576.7,heavy,3102,0,2.959,ECONNREFUSED
13580.0,heavy,3103,1,1.652,
13583.3,heavy,3101,0,3.154,
13586.7,heavy,3102,0,5.207,ECONNREFUSED
13590.0,heavy,3103,1,0.974,
13593.3,heavy,3101,1,9.678,
13596.7,heavy,3102,0,2.382,ECONNREFUSED
13600.0,light-1,3103,1,3.058,
13600.0,light-4,3103,1,4.236,
13600.0,light-2,3101,1,4.737,
13600.0,light-5,3101,1,4.818,
13600.0,light-3,3102,0,5.894,ECONNREFUSED
13600.0,heavy,3103,0,2.594,
13603.3,heavy,3101,0,5.989,
13606.7,heavy,3102,0,5.682,ECONNREFUSED
13610.0,heavy,3102,0,4.587,ECONNREFUSED
13613.3,heavy,3103,1,1.069,
13616.7,heavy,3101,0,4.225,
13620.0,heavy,3102,0,3.242,ECONNREFUSED
13623.3,heavy,3103,1,1.479,
13626.7,heavy,3101,0,3.787,
13630.0,heavy,3102,0,4.416,ECONNREFUSED
13633.3,heavy,3103,1,1.474,
13636.7,heavy,3101,0,4.468,
13640.0,heavy,3102,0,3.514,ECONNREFUSED
13643.3,heavy,3103,1,1.841,
13646.7,heavy,3101,0,4.804,
13650.0,heavy,3102,0,4.264,ECONNREFUSED
13653.3,heavy,3103,1,1.684,
13656.7,heavy,3101,1,5.733,
13660.0,heavy,3102,0,4.195,ECONNREFUSED
13663.3,heavy,3103,0,2.224,
13666.7,heavy,3101,0,4.282,
13670.0,heavy,3102,0,3.078,ECONNREFUSED
13673.3,heavy,3103,1,1.891,
13676.7,heavy,3101,1,5.409,
13680.0,heavy,3102,0,5.831,ECONNREFUSED
13683.3,heavy,3103,1,3.002,
13686.7,heavy,3101,0,4.681,
13690.0,heavy,3102,0,5.430,ECONNREFUSED
13693.3,heavy,3103,0,1.975,
13696.7,heavy,3101,0,3.201,
13700.0,light-1,3103,1,2.100,
13700.0,light-2,3101,1,2.220,
13700.0,light-4,3103,1,3.202,
13700.0,light-5,3101,1,3.343,
13700.0,light-3,3102,0,5.653,ECONNREFUSED
13700.0,heavy,3102,0,4.917,ECONNREFUSED
13703.3,heavy,3102,0,4.840,ECONNREFUSED
13706.7,heavy,3103,1,1.391,
13710.0,heavy,3101,1,3.614,
13713.3,heavy,3102,0,2.413,ECONNREFUSED
13716.7,heavy,3103,1,1.294,
13720.0,heavy,3101,0,3.318,
13723.3,heavy,3102,0,2.609,ECONNREFUSED
13726.7,heavy,3103,0,1.238,
13730.0,heavy,3101,1,4.372,
13733.3,heavy,3102,0,3.124,ECONNREFUSED
13736.7,heavy,3103,0,2.194,
13740.0,heavy,3101,1,5.919,
13743.3,heavy,3102,0,4.025,ECONNREFUSED
13746.7,heavy,3103,1,1.941,
13750.0,heavy,3101,0,5.448,
13753.3,heavy,3102,0,4.741,ECONNREFUSED
13756.7,heavy,3103,0,1.673,
13760.0,heavy,3101,0,3.742,
13763.3,heavy,3102,0,2.433,ECONNREFUSED
13766.7,heavy,3103,1,1.436,
13770.0,heavy,3101,1,3.155,
13773.3,heavy,3102,0,2.425,ECONNREFUSED
13776.7,heavy,3103,0,1.803,
13780.0,heavy,3101,1,4.287,
13783.3,heavy,3102,0,2.529,ECONNREFUSED
13786.7,heavy,3103,0,1.582,
13790.0,heavy,3101,0,5.042,
13793.3,heavy,3102,0,5.263,ECONNREFUSED
13796.7,heavy,3103,1,2.591,
13800.0,light-2,3103,1,2.987,
13800.0,light-5,3103,1,3.195,
13800.0,light-3,3101,1,5.481,
13800.0,light-1,3102,0,6.144,ECONNREFUSED
13800.0,light-4,3102,0,6.174,ECONNREFUSED
13800.0,heavy,3101,1,6.530,
13803.3,heavy,3101,0,4.006,
13806.7,heavy,3102,0,2.587,ECONNREFUSED
13810.0,heavy,3103,0,1.024,
13813.3,heavy,3101,1,4.132,
13816.7,heavy,3102,0,2.354,ECONNREFUSED
13820.0,heavy,3103,1,2.112,
13823.3,heavy,3101,0,3.745,
13826.7,heavy,3102,0,3.211,ECONNREFUSED
13830.0,heavy,3103,0,2.212,
13833.3,heavy,3101,1,4.178,
13836.7,heavy,3102,0,2.561,ECONNREFUSED
13840.0,heavy,3103,1,1.334,
13843.3,heavy,3101,0,4.338,
13846.7,heavy,3102,0,2.260,ECONNREFUSED
13850.0,heavy,3103,1,1.429,
13853.3,heavy,3101,1,4.730,
13856.7,heavy,3102,0,2.600,ECONNREFUSED
13860.0,heavy,3103,0,1.827,
13863.3,heavy,3101,0,3.442,
13866.7,heavy,3102,0,2.487,ECONNREFUSED
13870.0,heavy,3103,0,1.403,
13873.3,heavy,3101,1,4.660,
13876.7,heavy,3102,0,3.603,ECONNREFUSED
13880.0,heavy,3103,1,1.821,
13883.3,heavy,3101,0,4.610,
13886.7,heavy,3102,0,3.770,ECONNREFUSED
13890.0,heavy,3103,1,1.950,
13893.3,heavy,3101,0,4.851,
13896.7,heavy,3102,0,6.744,ECONNREFUSED
13900.0,light-1,3101,1,3.990,
13900.0,light-4,3101,1,4.424,
13900.0,light-3,3103,1,4.621,
13900.0,light-2,3102,0,8.355,ECONNREFUSED
13900.0,light-5,3102,0,8.242,ECONNREFUSED
13900.0,heavy,3103,1,4.045,
13903.3,heavy,3103,0,4.959,
13906.7,heavy,3101,0,4.530,
13910.0,heavy,3102,0,4.008,ECONNREFUSED
13913.3,heavy,3103,1,1.441,
13916.7,heavy,3101,1,4.454,
13920.0,heavy,3102,0,2.706,ECONNREFUSED
13923.3,heavy,3103,0,1.409,
13926.7,heavy,3101,0,3.420,
13930.0,heavy,3102,0,2.659,ECONNREFUSED
13933.3,heavy,3103,1,1.461,
13936.7,heavy,3101,0,2.651,
13940.0,heavy,3102,0,3.655,ECONNREFUSED
13943.3,heavy,3103,1,2.055,
13946.7,heavy,3101,0,3.174,
13950.0,heavy,3102,0,3.287,ECONNREFUSED
13953.3,heavy,3103,1,1.775,
13956.7,heavy,3101,0,2.959,
13960.0,heavy,3102,0,2.171,ECONNREFUSED
13963.3,heavy,3103,1,1.387,
13966.7,heavy,3101,0,2.867,
13970.0,heavy,3102,0,1.803,ECONNREFUSED
13973.3,heavy,3103,1,2.103,
13976.7,heavy,3101,0,4.305,
13980.0,heavy,3102,0,4.000,ECONNREFUSED
13983.3,heavy,3103,1,2.949,
13986.7,heavy,3101,0,2.909,
13990.0,heavy,3102,0,2.132,ECONNREFUSED
13993.3,heavy,3103,1,1.397,
13996.7,heavy,3101,0,4.399,
14000.0,light-1,3103,1,2.126,
14000.0,light-4,3103,1,3.329,
14000.0,light-2,3101,1,4.451,
14000.0,light-5,3101,1,4.297,
14000.0,light-3,3102,0,5.947,ECONNREFUSED
14000.0,heavy,3102,0,5.173,ECONNREFUSED
14003.3,heavy,3102,0,4.951,ECONNREFUSED
14006.7,heavy,3103,1,1.229,
14010.0,heavy,3101,1,4.105,
14013.3,heavy,3102,0,2.246,ECONNREFUSED
14016.7,heavy,3103,0,1.070,
14020.0,heavy,3101,1,4.694,
14023.3,heavy,3102,0,3.391,ECONNREFUSED
14026.7,heavy,3103,1,1.678,
14030.0,heavy,3101,0,4.485,
14033.3,heavy,3102,0,3.654,ECONNREFUSED
14036.7,heavy,3103,0,1.254,
14040.0,heavy,3101,1,3.847,
14043.3,heavy,3102,0,2.633,ECONNREFUSED
14046.7,heavy,3103,0,1.451,
14050.0,heavy,3101,1,5.214,
14053.3,heavy,3102,0,4.290,ECONNREFUSED
14056.7,heavy,3103,1,2.467,
14060.0,heavy,3101,0,5.226,
14063.3,heavy,3102,0,4.396,ECONNREFUSED
14066.7,heavy,3103,0,0.950,
14070.0,heavy,3101,0,3.678,
14073.3,heavy,3102,0,2.980,ECONNREFUSED
14076.7,heavy,3103,1,1.639,
14080.0,heavy,3101,1,3.585,
14083.3,heavy,3102,0,2.806,ECONNREFUSED
14086.7,heavy,3103,0,1.340,
14090.0,heavy,3101,1,4.002,
14093.3,heavy,3102,0,2.255,ECONNREFUSED
14096.7,heavy,3103,0,1.157,
14100.0,light-3,3103,1,3.170,
14100.0,light-1,3101,1,4.049,
14100.0,light-4,3101,1,4.447,
14100.0,light-2,3102,0,5.724,ECONNREFUSED
14100.0,light-5,3102,0,5.636,ECONNREFUSED
14100.0,heavy,3101,0,5.876,
14103.3,heavy,3102,0,5.905,ECONNREFUSED
14106.7,heavy,3103,1,2.701,
14110.0,heavy,3103,1,3.076,
14113.3,heavy,3101,0,2.978,
14116.7,heavy,3102,0,2.145,ECONNREFUSED
14120.0,heavy,3103,1,1.338,
14123.3,heavy,3101,0,2.950,
14126.7,heavy,3102,0,2.133,ECONNREFUSED
14130.0,heavy,3103,1,2.267,
14133.3,heavy,3101,1,4.159,
14136.7,heavy,3102,0,2.983,ECONNREFUSED
14140.0,heavy,3103,0,1.932,
14143.3,heavy,3101,0,1.862,
14146.7,heavy,3102,0,3.469,ECONNREFUSED
14150.0,heavy,3103,1,1.676,
14153.3,heavy,3101,0,4.269,
14156.7,heavy,3102,0,3.911,ECONNREFUSED
14160.0,heavy,3103,0,1.048,
14163.3,heavy,3101,1,3.481,
14166.7,heavy,3102,0,2.690,ECONNREFUSED
14170.0,heavy,3103,1,1.797,
14173.3,heavy,3101,0,1.760,
14176.7,heavy,3102,0,2.631,ECONNREFUSED
14180.0,heavy,3103,1,1.481,
14183.3,heavy,3101,0,2.546,
14186.7,heavy,3102,0,2.372,ECONNREFUSED
14190.0,heavy,3103,0,0.743,
14193.3,heavy,3101,1,4.921,
14196.7,heavy,3102,0,4.470,ECONNREFUSED
14200.0,light-3,3103,1,3.034,
14200.0,light-1,3101,1,3.654,
14200.0,light-4,3101,1,3.744,
14200.0,light-2,3102,0,4.281,ECONNREFUSED
14200.0,light-5,3102,0,4.294,ECONNREFUSED
14200.0,heavy,3103,1,2.339,
14203.3,heavy,3103,0,2.319,
14206.7,heavy,3101,0,2.454,
14210.0,heavy,3102,0,3.293,ECONNREFUSED
14213.3,heavy,3103,1,1.526,
14216.7,heavy,3101,0,3.747,
14220.0,heavy,3102,0,3.077,ECONNREFUSED
14223.3,heavy,3103,1,0.997,
14226.7,heavy,3101,0,4.317,
14230.0,heavy,3102,0,3.435,ECONNREFUSED
14233.3,heavy,3103,1,1.627,
14236.7,heavy,3101,0,3.516,
14240.0,heavy,3102,0,2.590,ECONNREFUSED
14243.3,heavy,3103,1,1.364,
14246.7,heavy,3101,1,4.345,
14250.0,heavy,3102,0,2.450,ECONNREFUSED
14253.3,heavy,3103,0,0.938,
14256.7,heavy,3101,0,3.555,
14260.0,heavy,3102,0,3.006,ECONNREFUSED
14263.3,heavy,3103,1,2.022,
14266.7,heavy,3101,0,1.825,
14270.0,heavy,3102,0,3.727,ECONNREFUSED
14273.3,heavy,3103,1,2.929,
14276.7,heavy,3101,1,4.414,
14280.0,heavy,3102,0,3.713,ECONNREFUSED
14283.3,heavy,3103,0,0.801,
14286.7,heavy,3101,0,4.596,
14290.0,heavy,3102,0,2.829,ECONNREFUSED
14293.3,heavy,3103,1,1.343,
14296.7,heavy,3101,0,4.178,
14300.0,light-5,3101,1,3.001,
14300.0,light-3,3102,0,3.493,ECONNREFUSED
14300.0,light-4,3103,1,4.159,
14300.0,light-2,3101,1,5.172,
14300.0,light-1,3103,1,5.380,
14300.0,heavy,3102,0,3.103,ECONNREFUSED
14303.3,heavy,3102,0,3.788,ECONNREFUSED
14306.7,heavy,3103,1,1.123,
14310.0,heavy,3101,1,3.581,
14313.3,heavy,3102,0,2.108,ECONNREFUSED
14316.7,heavy,3103,1,2.307,
14320.0,heavy,3101,0,3.670,
14323.3,heavy,3102,0,3.206,ECONNREFUSED
14326.7,heavy,3103,0,1.510,
14330.0,heavy,3101,1,4.865,
14333.3,heavy,3102,0,2.990,ECONNREFUSED
14336.7,heavy,3103,1,1.541,
14340.0,heavy,3101,0,4.475,
14343.3,heavy,3102,0,3.719,ECONNREFUSED
14346.7,heavy,3103,0,1.067,
14350.0,heavy,3101,0,3.994,
14353.3,heavy,3102,0,4.879,ECONNREFUSED
14356.7,heavy,3103,1,1.821,
14360.0,heavy,3101,1,3.456,
14363.3,heavy,3102,0,2.360,ECONNREFUSED
14366.7,heavy,3103,1,1.704,
14370.0,heavy,3101,0,4.106,
14373.3,heavy,3102,0,2.107,ECONNREFUSED
14376.7,heavy,3103,1,2.207,
14380.0,heavy,3101,0,4.295,
14383.3,heavy,3102,0,3.202,ECONNREFUSED
14386.7,heavy,3103,0,2.521,
14390.0,heavy,3101,0,3.168,
14393.3,heavy,3102,0,5.962,ECONNREFUSED
14396.7,heavy,3103,1,2.348,
14400.0,light-1,3103,1,2.960,
14400.0,light-4,3103,1,4.243,
14400.0,light-2,3101,1,4.499,
14400.0,light-5,3101,1,4.992,
14400.0,light-3,3102,0,8.087,ECONNREFUSED
14400.0,heavy,3101,1,5.989,
14403.3,heavy,3102,0,5.737,ECONNREFUSED
14406.7,heavy,3102,0,5.736,ECONNREFUSED
14410.0,heavy,3103,0,2.292,
14413.3,heavy,3101,1,3.882,
14416.7,heavy,3102,0,2.546,ECONNREFUSED
14420.0,heavy,3103,1,2.128,
14423.3,heavy,3101,0,3.845,
14426.7,heavy,3102,0,3.242,ECONNREFUSED
14430.0,heavy,3103,1,2.708,
14433.3,heavy,3101,0,3.622,
14436.7,heavy,3102,0,3.150,ECONNREFUSED
14440.0,heavy,3103,1,1.425,
14443.3,heavy,3101,0,3.641,
14446.7,heavy,3102,0,3.171,ECONNREFUSED
14450.0,heavy,3103,1,1.833,
14453.3,heavy,3101,0,2.964,
14456.7,heavy,3102,0,2.207,ECONNREFUSED
14460.0,heavy,3103,1,1.557,
14463.3,heavy,3101,0,3.416,
14466.7,heavy,3102,0,2.293,ECONNREFUSED
14470.0,heavy,3103,0,1.284,
14473.3,heavy,3101,1,3.921,
14476.7,heavy,3102,0,2.667,ECONNREFUSED
14480.0,heavy,3103,1,1.263,
14483.3,heavy,3101,0,3.216,
14486.7,heavy,3102,0,2.035,ECONNREFUSED
14490.0,heavy,3103,1,1.753,
14493.3,heavy,3101,0,3.155,
14496.7,heavy,3102,0,2.368,ECONNREFUSED
14500.0,light-1,3101,1,2.033,
14500.0,light-3,3103,1,3.030,
14500.0,light-4,3101,1,3.679,
14500.0,light-2,3102,0,4.121,ECONNREFUSED
14500.0,light-5,3102,0,4.407,ECONNREFUSED
14500.0,heavy,3103,1,1.991,
14503.3,heavy,3103,0,1.964,
14506.7,heavy,3101,1,4.550,
14510.0,heavy,3102,0,3.563,ECONNREFUSED
14513.3,heavy,3103,0,1.448,
14516.7,heavy,3101,0,1.054,
14520.0,heavy,3102,0,3.454,ECONNREFUSED
14523.3,heavy,3103,1,1.379,
14526.7,heavy,3101,0,3.420,
14530.0,heavy,3102,0,2.682,ECONNREFUSED
14533.3,heavy,3103,1,1.049,
14536.7,heavy,3101,0,3.251,
14540.0,heavy,3102,0,2.487,ECONNREFUSED
14543.3,heavy,3103,1,1.474,
14546.7,heavy,3101,0,2.811,
14550.0,heavy,3102,0,3.412,ECONNREFUSED
14553.3,heavy,3103,1,1.931,
14556.7,heavy,3101,0,3.369,
14560.0,heavy,3102,0,3.564,ECONNREFUSED
14563.3,heavy,3103,1,1.256,
14566.7,heavy,3101,0,3.247,
14570.0,heavy,3102,0,2.544,ECONNREFUSED
14573.3,heavy,3103,1,1.524,
14576.7,heavy,3101,0,1.673,
14580.0,heavy,3102,0,3.493,ECONNREFUSED
14583.3,heavy,3103,1,1.790,
14586.7,heavy,3101,1,4.427,
14590.0,heavy,3102,0,4.101,ECONNREFUSED
14593.3,heavy,3103,0,1.818,
14596.7,heavy,3101,0,7.329,
14600.0,light-2,3103,1,3.338,
14600.0,light-1,3102,0,5.676,ECONNREFUSED
14600.0,light-5,3103,1,6.737,
14600.0,light-4,3102,0,7.118,ECONNREFUSED
14600.0,light-3,3101,1,7.308,
14600.0,heavy,3102,0,5.796,ECONNREFUSED
14603.3,heavy,3103,1,2.611,
14606.7,heavy,3101,0,6.943,
14610.0,heavy,3101,1,5.430,
14613.3,heavy,3102,0,3.150,ECONNREFUSED
14616.7,heavy,3103,0,0.988,
14620.0,heavy,3101,1,4.456,
14623.3,heavy,3102,0,1.935,ECONNREFUSED
14626.7,heavy,3103,0,1.131,
14630.0,heavy,3101,0,3.521,
14633.3,heavy,3102,0,2.816,ECONNREFUSED
14636.7,heavy,3103,1,1.528,
14640.0,heavy,3101,1,3.633,
14643.3,heavy,3102,0,2.313,ECONNREFUSED
14646.7,heavy,3103,0,0.926,
14650.0,heavy,3101,1,4.271,
14653.3,heavy,3102,0,2.573,ECONNREFUSED
14656.7,heavy,3103,0,1.086,
14660.0,heavy,3101,1,4.315,
14663.3,heavy,3102,0,3.484,ECONNREFUSED
14666.7,heavy,3103,1,2.227,
14670.0,heavy,3101,0,2.860,
14673.3,heavy,3102,0,2.105,ECONNREFUSED
14676.7,heavy,3103,1,2.331,
14680.0,heavy,3101,0,3.514,
14683.3,heavy,3102,0,2.783,ECONNREFUSED
14686.7,heavy,3103,0,1.862,
14690.0,heavy,3101,1,7.327,
14693.3,heavy,3102,0,5.136,ECONNREFUSED
14696.7,heavy,3103,1,3.596,
14700.0,light-3,3101,1,4.042,
14700.0,light-2,3103,1,4.271,
14700.0,light-5,3103,1,5.314,
14700.0,light-4,3102,0,5.803,ECONNREFUSED
14700.0,light-1,3102,0,6.411,ECONNREFUSED
14700.0,heavy,3101,0,6.779,
14703.3,heavy,3101,0,4.442,
14706.7,heavy,3102,0,3.397,ECONNREFUSED
14710.0,heavy,3103,0,1.260,
14713.3,heavy,3101,1,4.052,
14716.7,heavy,3102,0,2.722,ECONNREFUSED
14720.0,heavy,3103,0,1.536,
14723.3,heavy,3101,1,3.604,
14726.7,heavy,3102,0,2.059,ECONNREFUSED
14730.0,heavy,3103,1,1.751,
14733.3,heavy,3101,0,4.627,
14736.7,heavy,3102,0,4.106,ECONNREFUSED
14740.0,heavy,3103,1,1.807,
14743.3,heavy,3101,0,4.290,
14746.7,heavy,3102,0,4.943,ECONNREFUSED
14750.0,heavy,3103,0,2.170,
14753.3,heavy,3101,1,3.735,
14756.7,heavy,3102,0,2.755,ECONNREFUSED
14760.0,heavy,3103,1,0.978,
14763.3,heavy,3101,0,2.592,
14766.7,heavy,3102,0,3.899,ECONNREFUSED
14770.0,heavy,3103,1,1.754,
14773.3,heavy,3101,0,3.961,
14776.7,heavy,3102,0,4.171,ECONNREFUSED
14780.0,heavy,3103,1,2.086,
14783.3,heavy,3101,0,3.517,
14786.7,heavy,3102,0,1.844,ECONNREFUSED
14790.0,heavy,3103,1,1.385,
14793.3,heavy,3101,0,3.462,
14796.7,heavy,3102,0,2.267,ECONNREFUSED
14800.0,light-3,3103,1,3.390,
14800.0,light-1,3101,1,4.147,
14800.0,light-2,3102,0,4.951,ECONNREFUSED
14800.0,light-5,3102,0,5.014,ECONNREFUSED
14800.0,light-4,3101,1,5.590,
14800.0,heavy,3103,1,3.133,
14803.3,heavy,3101,0,5.558,
14806.7,heavy,3102,0,5.033,ECONNREFUSED
14810.0,heavy,3103,1,3.130,
14813.3,heavy,3103,0,1.918,
14816.7,heavy,3101,0,3.327,
14820.0,heavy,3102,0,2.533,ECONNREFUSED
14823.3,heavy,3103,1,1.614,
14826.7,heavy,3101,0,1.938,
14830.0,heavy,3102,0,3.100,ECONNREFUSED
14833.3,heavy,3103,1,1.510,
14836.7,heavy,3101,1,3.776,
14840.0,heavy,3102,0,3.411,ECONNREFUSED
14843.3,heavy,3103,0,1.479,
14846.7,heavy,3101,0,3.984,
14850.0,heavy,3102,0,3.199,ECONNREFUSED
14853.3,heavy,3103,1,1.960,
14856.7,heavy,3101,0,2.381,
14860.0,heavy,3102,0,6.071,ECONNREFUSED
14863.3,heavy,3103,1,2.802,
14866.7,heavy,3101,1,5.136,
14870.0,heavy,3102,0,4.508,ECONNREFUSED
14873.3,heavy,3103,0,2.048,
14876.7,heavy,3101,0,3.696,
14880.0,heavy,3102,0,2.051,ECONNREFUSED
14883.3,heavy,3103,1,1.445,
14886.7,heavy,3101,1,8.298,
14890.0,heavy,3102,0,7.510,ECONNREFUSED
14893.3,heavy,3103,1,3.129,
14896.7,heavy,3101,0,8.220,
14900.0,light-1,3103,1,3.861,
14900.0,light-4,3103,1,5.208,
14900.0,light-2,3101,1,5.518,
14900.0,light-5,3101,1,5.806,
14900.0,light-3,3102,0,7.781,ECONNREFUSED
14900.0,heavy,3102,0,8.433,ECONNREFUSED
14903.3,heavy,3102,0,8.036,ECONNREFUSED
14906.7,heavy,3103,0,3.684,
14910.0,heavy,3101,1,3.759,
14913.3,heavy,3102,0,2.336,ECONNREFUSED
14916.7,heavy,3103,0,1.321,
14920.0,heavy,3101,1,4.989,
14923.3,heavy,3102,0,3.741,ECONNREFUSED
14926.7,heavy,3103,1,1.913,
14930.0,heavy,3101,0,4.498,
14933.3,heavy,3102,0,3.666,ECONNREFUSED
14936.7,heavy,3103,0,1.133,
14940.0,heavy,3101,0,3.757,
14943.3,heavy,3102,0,3.315,ECONNREFUSED
14946.7,heavy,3103,1,1.574,
14950.0,heavy,3101,1,3.928,
14953.3,heavy,3102,0,2.500,ECONNREFUSED
14956.7,heavy,3103,0,1.198,
14960.0,heavy,3101,1,4.025,
14963.3,heavy,3102,0,2.054,ECONNREFUSED
14966.7,heavy,3103,0,1.489,
14970.0,heavy,3101,1,3.922,
14973.3,heavy,3102,0,3.032,ECONNREFUSED
14976.7,heavy,3103,1,1.964,
14980.0,heavy,3101,0,2.735,
14983.3,heavy,3102,0,2.731,ECONNREFUSED
14986.7,heavy,3103,0,1.074,
14990.0,heavy,3101,1,4.463,
14993.3,heavy,3102,0,3.192,ECONNREFUSED
14996.7,heavy,3103,0,2.088,
15000.0,light-2,3103,1,3.827,
15000.0,light-5,3103,1,4.512,
15000.0,light-3,3101,1,5.475,
15000.0,light-1,3102,0,7.267,ECONNREFUSED
15000.0,light-4,3102,0,7.285,ECONNREFUSED
15000.0,heavy,3101,1,7.525,
15003.3,heavy,3102,0,6.943,ECONNREFUSED
15006.7,heavy,3103,1,3.119,
15010.0,heavy,3101,0,7.025,
15013.3,heavy,3101,0,5.307,
15016.7,heavy,3102,0,4.606,ECONNREFUSED
15020.0,heavy,3103,1,1.222,
15023.3,heavy,3101,0,2.736,
15026.7,heavy,3102,0,3.196,ECONNREFUSED
15030.0,heavy,3103,0,1.392,
15033.3,heavy,3101,1,4.539,
15036.7,heavy,3102,0,3.228,ECONNREFUSED
15040.0,heavy,3103,1,1.878,
15043.3,heavy,3101,0,2.801,
15046.7,heavy,3102,0,4.401,ECONNREFUSED
15050.0,heavy,3103,1,1.857,
15053.3,heavy,3101,0,4.193,
15056.7,heavy,3102,0,4.917,ECONNREFUSED
15060.0,heavy,3103,1,2.146,
15063.3,heavy,3101,0,3.170,
15066.7,heavy,3102,0,2.052,ECONNREFUSED
15070.0,heavy,3103,1,1.735,
15073.3,heavy,3101,0,3.397,
15076.7,heavy,3102,0,1.963,ECONNREFUSED
15080.0,heavy,3103,1,2.050,
15083.3,heavy,3101,0,4.153,
15086.7,heavy,3102,0,3.623,ECONNREFUSED
15090.0,heavy,3103,0,2.049,
15093.3,heavy,3101,1,6.964,
15096.7,heavy,3102,0,6.561,ECONNREFUSED
15100.0,light-2,3103,1,3.473,
15100.0,light-5,3103,1,4.267,
15100.0,light-3,3101,1,5.688,
15100.0,light-1,3102,0,6.641,ECONNREFUSED
15100.0,light-4,3102,0,6.787,ECONNREFUSED
15100.0,heavy,3103,1,2.595,
15103.3,heavy,3101,0,6.857,
15106.7,heavy,3101,1,4.508,
15110.0,heavy,3102,0,3.443,ECONNREFUSED
15113.3,heavy,3103,0,1.404,
15116.7,heavy,3101,1,3.708,
15120.0,heavy,3102,0,2.842,ECONNREFUSED
15123.3,heavy,3103,0,0.982,
15126.7,heavy,3101,0,3.276,
15130.0,heavy,3102,0,2.355,ECONNREFUSED
15133.3,heavy,3103,1,1.515,
15136.7,heavy,3101,1,5.365,
15140.0,heavy,3102,0,4.589,ECONNREFUSED
15143.3,heavy,3103,1,2.217,
15146.7,heavy,3101,0,5.060,
15150.0,heavy,3102,0,5.293,ECONNREFUSED
15153.3,heavy,3103,0,2.117,
15156.7,heavy,3101,0,2.497,
15160.0,heavy,3102,0,3.156,ECONNREFUSED
15163.3,heavy,3103,1,1.623,
15166.7,heavy,3101,0,2.856,
15170.0,heavy,3102,0,2.512,ECONNREFUSED
15173.3,heavy,3103,1,1.450,
15176.7,heavy,3101,1,4.052,
15180.0,heavy,3102,0,2.802,ECONNREFUSED
15183.3,heavy,3103,0,1.747,
15186.7,heavy,3101,0,3.896,
15190.0,heavy,3102,0,2.364,ECONNREFUSED
15193.3,heavy,3103,1,1.399,
15196.7,heavy,3101,0,3.511,
15200.0,light-2,3101,1,2.135,
15200.0,light-1,3103,1,2.344,
15200.0,light-4,3103,1,2.172,
15200.0,light-5,3101,1,2.645,
15200.0,light-3,3102,0,4.140,ECONNREFUSED
15200.0,heavy,3102,0,4.264,ECONNREFUSED
15203.3,heavy,3102,0,2.258,ECONNREFUSED
15206.7,heavy,3103,1,1.750,
15210.0,heavy,3101,1,4.660,
15213.3,heavy,3102,0,2.940,ECONNREFUSED
15216.7,heavy,3103,0,1.415,
15220.0,heavy,3101,0,4.315,
15223.3,heavy,3102,0,3.498,ECONNREFUSED
15226.7,heavy,3103,1,1.635,
15230.0,heavy,3101,1,4.246,
15233.3,heavy,3102,0,2.642,ECONNREFUSED
15236.7,heavy,3103,0,1.189,
15240.0,heavy,3101,1,3.623,
15243.3,heavy,3102,0,2.895,ECONNREFUSED
15246.7,heavy,3103,0,1.211,
15250.0,heavy,3101,0,3.587,
15253.3,heavy,3102,0,2.888,ECONNREFUSED
15256.7,heavy,3103,1,1.658,
15260.0,heavy,3101,0,2.106,
15263.3,heavy,3102,0,3.370,ECONNREFUSED
15266.7,heavy,3103,1,1.615,
15270.0,heavy,3101,1,4.005,
15273.3,heavy,3102,0,2.988,ECONNREFUSED
15276.7,heavy,3103,0,1.169,
15280.0,heavy,3101,1,4.640,
15283.3,heavy,3102,0,2.599,ECONNREFUSED
15286.7,heavy,3103,1,1.606,
15290.0,heavy,3101,0,3.585,
15293.3,heavy,3102,0,2.178,ECONNREFUSED
15296.7,heavy,3103,1,3.643,
15300.0,light-5,3101,1,4.101,
15300.0,light-4,3103,1,4.752,
15300.0,light-3,3102,0,6.374,ECONNREFUSED
15300.0,light-1,3103,1,6.649,
15300.0,light-2,3101,1,7.122,
15300.0,heavy,3101,0,6.464,
15303.3,heavy,3102,0,6.158,ECONNREFUSED
15306.7,heavy,3102,0,6.254,ECONNREFUSED
15310.0,heavy,3103,0,2.892,
15313.3,heavy,3101,1,3.889,
15316.7,heavy,3102,0,1.978,ECONNREFUSED
15320.0,heavy,3103,1,1.637,
15323.3,heavy,3101,0,5.181,
15326.7,heavy,3102,0,3.844,ECONNREFUSED
15330.0,heavy,3103,1,1.550,
15333.3,heavy,3101,0,5.494,
15336.7,heavy,3102,0,2.502,ECONNREFUSED
15340.0,heavy,3103,0,0.922,
15343.3,heavy,3101,1,12.239,
15346.7,heavy,3102,0,3.488,ECONNREFUSED
15350.0,heavy,3103,1,1.080,
15353.3,heavy,3101,1,12.324,
15356.7,heavy,3102,0,2.678,ECONNREFUSED
15360.0,heavy,3103,0,1.584,
15363.3,heavy,3101,0,3.044,
15366.7,heavy,3102,0,1.914,ECONNREFUSED
15370.0,heavy,3103,1,2.599,
15373.3,heavy,3101,0,5.735,
15376.7,heavy,3102,0,3.192,ECONNREFUSED
15380.0,heavy,3103,1,2.638,
15383.3,heavy,3101,0,4.694,
15386.7,heavy,3102,0,2.099,ECONNREFUSED
15390.0,heavy,3103,1,2.031,
15393.3,heavy,3101,0,3.180,
15396.7,heavy,3102,0,2.640,ECONNREFUSED
15400.0,light-3,3103,1,3.945,
15400.0,light-1,3101,1,5.435,
15400.0,light-4,3101,1,6.308,
15400.0,light-2,3102,0,6.945,ECONNREFUSED
15400.0,light-5,3102,0,8.162,ECONNREFUSED
15400.0,heavy,3103,1,3.306,
15403.3,heavy,3101,0,7.678,
15406.7,heavy,3102,0,10.981,ECONNREFUSED
15410.0,heavy,3103,1,3.561,
15413.3,heavy,3103,0,3.670,
15416.7,heavy,3101,0,5.794,
15420.0,heavy,3102,0,4.463,ECONNREFUSED
15423.3,heavy,3103,1,1.523,
15426.7,heavy,3101,0,3.961,
15430.0,heavy,3102,0,3.831,ECONNREFUSED
15433.3,heavy,3103,1,1.607,
15436.7,heavy,3101,0,4.865,
15440.0,heavy,3102,0,4.156,ECONNREFUSED
15443.3,heavy,3103,1,1.927,
15446.7,heavy,3101,0,4.158,
15450.0,heavy,3102,0,3.396,ECONNREFUSED
15453.3,heavy,3103,1,1.927,
15456.7,heavy,3101,1,3.776,
15460.0,heavy,3102,0,2.483,ECONNREFUSED
15463.3,heavy,3103,0,1.290,
15466.7,heavy,3101,0,3.350,
15470.0,heavy,3102,0,2.378,ECONNREFUSED
15473.3,heavy,3103,1,1.377,
15476.7,heavy,3101,0,3.375,
15480.0,heavy,3102,0,2.495,ECONNREFUSED
15483.3,heavy,3103,1,1.333,
15486.7,heavy,3101,1,4.744,
15490.0,heavy,3102,0,2.260,ECONNREFUSED
15493.3,heavy,3103,0,1.167,
15496.7,heavy,3101,0,6.470,
15500.0,light-3,3103,1,3.152,
15500.0,light-1,3101,1,4.014,
15500.0,light-4,3101,1,4.628,
15500.0,light-2,3102,0,6.680,ECONNREFUSED
15500.0,light-5,3102,0,6.622,ECONNREFUSED
15500.0,heavy,3102,0,6.748,ECONNREFUSED
15503.3,heavy,3103,1,3.215,
15506.7,heavy,3103,0,3.460,
15510.0,heavy,3101,1,3.993,
15513.3,heavy,3102,0,2.361,ECONNREFUSED
15516.7,heavy,3103,0,1.213,
15520.0,heavy,3101,1,3.641,
15523.3,heavy,3102,0,2.140,ECONNREFUSED
15526.7,heavy,3103,0,1.179,
15530.0,heavy,3101,0,3.578,
15533.3,heavy,3102,0,3.141,ECONNREFUSED
15536.7,heavy,3103,1,1.756,
15540.0,heavy,3101,1,3.256,
15543.3,heavy,3102,0,2.194,ECONNREFUSED
15546.7,heavy,3103,1,2.113,
15550.0,heavy,3101,0,3.723,
15553.3,heavy,3102,0,2.886,ECONNREFUSED
15556.7,heavy,3103,0,1.017,
15560.0,heavy,3101,1,4.339,
15563.3,heavy,3102,0,2.843,ECONNREFUSED
15566.7,heavy,3103,1,1.651,
15570.0,heavy,3101,0,3.271,
15573.3,heavy,3102,0,2.069,ECONNREFUSED
15576.7,heavy,3103,1,2.351,
15580.0,heavy,3101,0,3.598,
15583.3,heavy,3102,0,2.972,ECONNREFUSED
15586.7,heavy,3103,0,1.956,
15590.0,heavy,3101,1,5.857,
15593.3,heavy,3102,0,5.430,ECONNREFUSED
15596.7,heavy,3103,1,3.621,
15600.0,light-2,3103,1,4.033,
15600.0,light-3,3101,1,4.420,
15600.0,light-5,3103,1,4.437,
15600.0,light-1,3102,0,5.107,ECONNREFUSED
15600.0,light-4,3102,0,5.144,ECONNREFUSED
15600.0,heavy,3101,0,5.551,
15603.3,heavy,3101,0,3.147,
15606.7,heavy,3102,0,2.044,ECONNREFUSED
15610.0,heavy,3103,1,1.503,
15613.3,heavy,3101,0,3.839,
15616.7,heavy,3102,0,2.857,ECONNREFUSED
15620.0,heavy,3103,0,1.086,
15623.3,heavy,3101,1,3.926,
15626.7,heavy,3102,0,2.904,ECONNREFUSED
15630.0,heavy,3103,1,1.433,
15633.3,heavy,3101,0,2.892,
15636.7,heavy,3102,0,2.098,ECONNREFUSED
15640.0,heavy,3103,1,1.949,
15643.3,heavy,3101,0,3.190,
15646.7,heavy,3102,0,2.554,ECONNREFUSED
15650.0,heavy,3103,0,0.931,
15653.3,heavy,3101,1,4.170,
15656.7,heavy,3102,0,2.893,ECONNREFUSED
15660.0,heavy,3103,1,1.660,
15663.3,heavy,3101,0,2.770,
15666.7,heavy,3102,0,2.128,ECONNREFUSED
15670.0,heavy,3103,1,1.436,
15673.3,heavy,3101,1,4.463,
15676.7,heavy,3102,0,3.195,ECONNREFUSED
15680.0,heavy,3103,0,1.720,
15683.3,heavy,3101,0,1.177,
15686.7,heavy,3102,0,3.192,ECONNREFUSED
15690.0,heavy,3103,1,1.351,
15693.3,heavy,3101,0,3.310,
15696.7,heavy,3102,0,3.186,ECONNREFUSED
15700.0,light-2,3101,1,3.628,
15700.0,light-1,3103,1,3.849,
15700.0,light-5,3101,1,4.252,
15700.0,light-4,3103,1,4.852,
15700.0,light-3,3102,0,6.006,ECONNREFUSED
15700.0,heavy,3103,1,2.779,
15703.3,heavy,3101,1,7.008,
15706.7,heavy,3102,0,5.083,ECONNREFUSED
15710.0,heavy,3102,0,5.144,ECONNREFUSED
15713.3,heavy,3103,0,2.736,
15716.7,heavy,3101,0,2.688,
15720.0,heavy,3102,0,1.960,ECONNREFUSED
15723.3,heavy,3103,1,1.574,
15726.7,heavy,3101,0,3.104,
15730.0,heavy,3102,0,2.512,ECONNREFUSED
15733.3,heavy,3103,1,2.347,
15736.7,heavy,3101,1,3.959,
15740.0,heavy,3102,0,3.307,ECONNREFUSED
15743.3,heavy,3103,0,1.067,
15746.7,heavy,3101,0,3.585,
15750.0,heavy,3102,0,2.877,ECONNREFUSED
15753.3,heavy,3103,1,1.731,
15756.7,heavy,3101,0,2.088,
15760.0,heavy,3102,0,6.359,ECONNREFUSED
15763.3,heavy,3103,1,3.418,
15766.7,heavy,3101,0,5.506,
15770.0,heavy,3102,0,4.585,ECONNREFUSED
15773.3,heavy,3103,1,2.418,
15776.7,heavy,3101,0,3.368,
15780.0,heavy,3102,0,2.316,ECONNREFUSED
15783.3,heavy,3103,1,1.466,
15786.7,heavy,3101,0,3.250,
15790.0,heavy,3102,0,2.422,ECONNREFUSED
15793.3,heavy,3103,1,1.307,
15796.7,heavy,3101,0,5.366,
15800.0,light-3,3103,1,3.097,
15800.0,light-1,3101,1,4.514,
15800.0,light-4,3101,1,4.409,
15800.0,light-2,3102,0,5.012,ECONNREFUSED
15800.0,light-5,3102,0,5.086,ECONNREFUSED
15800.0,heavy,3102,0,5.042,ECONNREFUSED
15803.3,heavy,3103,1,2.644,
15806.7,heavy,3103,0,1.729,
15810.0,heavy,3101,1,4.598,
15813.3,heavy,3102,0,3.216,ECONNREFUSED
15816.7,heavy,3103,1,1.872,
15820.0,heavy,3101,0,3.440,
15823.3,heavy,3102,0,1.930,ECONNREFUSED
15826.7,heavy,3103,1,2.199,
15830.0,heavy,3101,0,3.105,
15833.3,heavy,3102,0,2.515,ECONNREFUSED
15836.7,heavy,3103,0,0.847,
15840.0,heavy,3101,1,4.799,
15843.3,heavy,3102,0,3.607,ECONNREFUSED
15846.7,heavy,3103,1,1.878,
15850.0,heavy,3101,0,4.403,
15853.3,heavy,3102,0,2.632,ECONNREFUSED
15856.7,heavy,3103,1,2.471,
15860.0,heavy,3101,0,3.652,
15863.3,heavy,3102,0,3.134,ECONNREFUSED
15866.7,heavy,3103,0,1.305,
15870.0,heavy,3101,1,4.548,
15873.3,heavy,3102,0,3.139,ECONNREFUSED
15876.7,heavy,3103,1,1.591,
15880.0,heavy,3101,0,4.448,
15883.3,heavy,3102,0,3.511,ECONNREFUSED
15886.7,heavy,3103,0,0.999,
15890.0,heavy,3101,0,4.832,
15893.3,heavy,3102,0,2.654,ECONNREFUSED
15896.7,heavy,3103,1,0.975,
15900.0,light-2,3103,1,2.527,
15900.0,light-1,3102,0,4.036,ECONNREFUSED
15900.0,light-4,3102,0,4.245,ECONNREFUSED
15900.0,light-5,3103,1,4.573,
15900.0,light-3,3101,1,6.036,
15900.0,heavy,3101,1,5.299,
15903.3,heavy,3101,0,2.429,
15906.7,heavy,3102,0,2.787,ECONNREFUSED
15910.0,heavy,3103,0,1.281,
15913.3,heavy,3101,1,5.882,
15916.7,heavy,3102,0,5.379,ECONNREFUSED
15920.0,heavy,3103,1,3.340,
15923.3,heavy,3101,0,5.388,
15926.7,heavy,3102,0,5.640,ECONNREFUSED
15930.0,heavy,3103,1,2.339,
15933.3,heavy,3101,0,3.503,
15936.7,heavy,3102,0,2.400,ECONNREFUSED
15940.0,heavy,3103,0,1.034,
15943.3,heavy,3101,1,3.623,
15946.7,heavy,3102,0,2.290,ECONNREFUSED
15950.0,heavy,3103,1,2.211,
15953.3,heavy,3101,0,3.333,
15956.7,heavy,3102,0,2.904,ECONNREFUSED
15960.0,heavy,3103,0,1.216,
15963.3,heavy,3101,1,4.515,
15966.7,heavy,3102,0,2.893,ECONNREFUSED
15970.0,heavy,3103,1,1.289,
15973.3,heavy,3101,0,4.034,
15976.7,heavy,3102,0,2.362,ECONNREFUSED
15980.0,heavy,3103,1,2.248,
15983.3,heavy,3101,0,4.552,
15986.7,heavy,3102,0,3.744,ECONNREFUSED
15990.0,heavy,3103,1,3.051,
15993.3,heavy,3101,0,4.229,
15996.7,heavy,3102,0,2.970,ECONNREFUSED
16000.0,light-1,3101,1,2.705,
16000.0,light-3,3103,1,4.262,
16000.0,light-2,3102,0,5.566,ECONNREFUSED
16000.0,light-4,3101,1,6.416,
16000.0,light-5,3102,0,6.882,ECONNREFUSED
16000.0,heavy,3103,1,3.124,
16003.3,heavy,3103,0,3.162,
16006.7,heavy,3101,0,3.874,
16010.0,heavy,3102,0,2.472,ECONNREFUSED
16013.3,heavy,3103,1,1.185,
16016.7,heavy,3101,1,5.448,
16020.0,heavy,3102,0,3.266,ECONNREFUSED
16023.3,heavy,3103,0,1.445,
16026.7,heavy,3101,0,3.898,
16030.0,heavy,3102,0,3.159,ECONNREFUSED
16033.3,heavy,3103,1,1.865,
16036.7,heavy,3101,0,2.117,
16040.0,heavy,3102,0,5.990,ECONNREFUSED
16043.3,heavy,3103,1,2.724,
16046.7,heavy,3101,1,5.040,
16050.0,heavy,3102,0,4.756,ECONNREFUSED
16053.3,heavy,3103,0,2.730,
16056.7,heavy,3101,0,3.078,
16060.0,heavy,3102,0,2.200,ECONNREFUSED
16063.3,heavy,3103,1,1.347,
16066.7,heavy,3101,0,3.311,
16070.0,heavy,3102,0,2.503,ECONNREFUSED
16073.3,heavy,3103,1,2.455,
16076.7,heavy,3101,1,4.200,
16080.0,heavy,3102,0,3.586,ECONNREFUSED
16083.3,heavy,3103,0,1.568,
16086.7,heavy,3101,0,5.833,
16090.0,heavy,3102,0,7.985,ECONNREFUSED
16093.3,heavy,3103,1,1.374,
16096.7,heavy,3101,0,5.365,
16100.0,light-1,3103,1,2.078,
16100.0,light-4,3103,1,4.588,
16100.0,light-2,3101,1,4.910,
16100.0,light-5,3101,1,4.752,
16100.0,light-3,3102,0,7.838,ECONNREFUSED
16100.0,heavy,3102,0,6.594,ECONNREFUSED
16103.3,heavy,3102,0,5.071,ECONNREFUSED
16106.7,heavy,3103,1,1.687,
16110.0,heavy,3101,1,3.348,
16113.3,heavy,3102,0,3.333,ECONNREFUSED
16116.7,heavy,3103,0,1.573,
16120.0,heavy,3101,1,4.095,
16123.3,heavy,3102,0,3.389,ECONNREFUSED
16126.7,heavy,3103,0,1.494,
16130.0,heavy,3101,1,5.111,
16133.3,heavy,3102,0,4.204,ECONNREFUSED
16136.7,heavy,3103,1,1.932,
16140.0,heavy,3101,0,4.888,
16143.3,heavy,3102,0,4.727,ECONNREFUSED
16146.7,heavy,3103,0,2.049,
16150.0,heavy,3101,1,3.964,
16153.3,heavy,3102,0,2.836,ECONNREFUSED
16156.7,heavy,3103,1,1.580,
16160.0,heavy,3101,0,3.546,
16163.3,heavy,3102,0,2.066,ECONNREFUSED
16166.7,heavy,3103,1,2.622,
16170.0,heavy,3101,0,4.793,
16173.3,heavy,3102,0,3.770,ECONNREFUSED
16176.7,heavy,3103,0,1.716,
16180.0,heavy,3101,1,4.677,
16183.3,heavy,3102,0,3.091,ECONNREFUSED
16186.7,heavy,3103,0,1.704,
16190.0,heavy,3101,1,5.114,
16193.3,heavy,3102,0,2.879,ECONNREFUSED
16196.7,heavy,3103,0,0.964,
16200.0,light-2,3103,1,2.312,
16200.0,light-5,3103,1,3.426,
16200.0,light-3,3101,1,3.754,
16200.0,light-1,3102,0,4.346,ECONNREFUSED
16200.0,light-4,3102,0,4.553,ECONNREFUSED
16200.0,heavy,3101,1,5.197,
16203.3,heavy,3101,0,2.469,
16206.7,heavy,3102,0,3.053,ECONNREFUSED
16210.0,heavy,3103,0,1.086,
16213.3,heavy,3101,1,4.679,
16216.7,heavy,3102,0,3.791,ECONNREFUSED
16220.0,heavy,3103,1,1.580,
16223.3,heavy,3101,0,5.097,
16226.7,heavy,3102,0,4.061,ECONNREFUSED
16230.0,heavy,3103,0,1.231,
16233.3,heavy,3101,1,4.236,
16236.7,heavy,3102,0,2.733,ECONNREFUSED
16240.0,heavy,3103,0,2.101,
16243.3,heavy,3101,1,1.026,
16246.7,heavy,3102,0,2.277,ECONNREFUSED
16250.0,heavy,3103,1,1.279,
16253.3,heavy,3101,0,2.693,
16256.7,heavy,3102,0,1.551,ECONNREFUSED
16260.0,heavy,3103,1,2.027,
16263.3,heavy,3101,0,3.192,
16266.7,heavy,3102,0,2.571,ECONNREFUSED
16270.0,heavy,3103,1,2.154,
16273.3,heavy,3101,0,2.714,
16276.7,heavy,3102,0,3.361,ECONNREFUSED
16280.0,heavy,3103,1,1.834,
16283.3,heavy,3101,0,4.281,
16286.7,heavy,3102,0,3.581,ECONNREFUSED
16290.0,heavy,3103,0,1.680,
16293.3,heavy,3101,1,7.452,
16296.7,heavy,3102,0,5.735,ECONNREFUSED
16300.0,light-1,3101,1,3.997,
16300.0,light-3,3103,1,3.954,
16300.0,light-4,3101,1,4.530,
16300.0,light-2,3102,0,5.136,ECONNREFUSED
16300.0,light-5,3102,0,6.430,ECONNREFUSED
16300.0,heavy,3103,1,3.795,
16303.3,heavy,3103,0,4.663,
16306.7,heavy,3101,0,3.464,
16310.0,heavy,3102,0,3.258,ECONNREFUSED
16313.3,heavy,3103,1,1.395,
16316.7,heavy,3101,1,5.082,
16320.0,heavy,3102,0,4.082,ECONNREFUSED
16323.3,heavy,3103,1,1.788,
16326.7,heavy,3101,0,4.730,
16330.0,heavy,3102,0,3.528,ECONNREFUSED
16333.3,heavy,3103,0,2.048,
16336.7,heavy,3101,0,2.406,
16340.0,heavy,3102,0,3.611,ECONNREFUSED
16343.3,heavy,3103,1,1.391,
16346.7,heavy,3101,0,3.446,
16350.0,heavy,3102,0,2.699,ECONNREFUSED
16353.3,heavy,3103,1,1.437,
16356.7,heavy,3101,0,3.284,
16360.0,heavy,3102,0,2.743,ECONNREFUSED
16363.3,heavy,3103,1,1.123,
16366.7,heavy,3101,0,3.334,
16370.0,heavy,3102,0,2.351,ECONNREFUSED
16373.3,heavy,3103,1,1.129,
16376.7,heavy,3101,0,3.060,
16380.0,heavy,3102,0,2.128,ECONNREFUSED
16383.3,heavy,3103,1,2.089,
16386.7,heavy,3101,0,3.377,
16390.0,heavy,3102,0,3.083,ECONNREFUSED
16393.3,heavy,3103,1,2.246,
16396.7,heavy,3101,0,3.272,
16400.0,light-3,3102,0,3.827,ECONNREFUSED
16400.0,light-4,3103,1,3.932,
16400.0,light-5,3101,1,4.028,
16400.0,light-2,3101,1,5.426,
16400.0,light-1,3103,1,5.666,
16400.0,heavy,3102,0,4.007,ECONNREFUSED
16403.3,heavy,3102,0,3.764,ECONNREFUSED
16406.7,heavy,3103,1,1.240,
16410.0,heavy,3101,1,4.957,
16413.3,heavy,3102,0,3.998,ECONNREFUSED
16416.7,heavy,3103,1,1.920,
16420.0,heavy,3101,0,4.913,
16423.3,heavy,3102,0,4.733,ECONNREFUSED
16426.7,heavy,3103,0,1.789,
16430.0,heavy,3101,0,3.715,
16433.3,heavy,3102,0,2.999,ECONNREFUSED
16436.7,heavy,3103,1,1.630,
16440.0,heavy,3101,0,2.291,
16443.3,heavy,3102,0,3.049,ECONNREFUSED
16446.7,heavy,3103,1,1.523,
16450.0,heavy,3101,1,3.085,
16453.3,heavy,3102,0,2.570,ECONNREFUSED
16456.7,heavy,3103,0,0.994,
16460.0,heavy,3101,1,4.004,
16463.3,heavy,3102,0,2.716,ECONNREFUSED
16466.7,heavy,3103,1,1.753,
16470.0,heavy,3101,0,3.030,
16473.3,heavy,3102,0,2.181,ECONNREFUSED
16476.7,heavy,3103,1,2.372,
16480.0,heavy,3101,0,3.606,
16483.3,heavy,3102,0,2.771,ECONNREFUSED
16486.7,heavy,3103,0,0.955,
16490.0,heavy,3101,1,6.886,
16493.3,heavy,3102,0,5.659,ECONNREFUSED
16496.7,heavy,3103,1,2.964,
16500.0,light-2,3103,1,3.593,
16500.0,light-5,3103,1,4.087,
16500.0,light-3,3101,1,4.925,
16500.0,light-1,3102,0,5.606,ECONNREFUSED
16500.0,light-4,3102,0,6.524,ECONNREFUSED
16500.0,heavy,3101,0,6.514,
16503.3,heavy,3101,0,4.722,
16506.7,heavy,3102,0,1.653,ECONNREFUSED
16510.0,heavy,3103,1,1.400,
16513.3,heavy,3101,0,3.497,
16516.7,heavy,3102,0,2.606,ECONNREFUSED
16520.0,heavy,3103,1,1.954,
16523.3,heavy,3101,0,3.569,
16526.7,heavy,3102,0,3.125,ECONNREFUSED
16530.0,heavy,3103,1,2.636,
16533.3,heavy,3101,0,3.065,
16536.7,heavy,3102,0,2.170,ECONNREFUSED
16540.0,heavy,3103,1,1.869,
16543.3,heavy,3101,0,3.249,
16546.7,heavy,3102,0,2.606,ECONNREFUSED
16550.0,heavy,3103,0,1.144,
16553.3,heavy,3101,1,3.521,
16556.7,heavy,3102,0,1.812,ECONNREFUSED
16560.0,heavy,3103,1,1.047,
16563.3,heavy,3101,0,2.975,
16566.7,heavy,3102,0,3.689,ECONNREFUSED
16570.0,heavy,3103,1,1.656,
16573.3,heavy,3101,0,3.676,
16576.7,heavy,3102,0,3.875,ECONNREFUSED
16580.0,heavy,3103,1,1.769,
16583.3,heavy,3101,0,4.505,
16586.7,heavy,3102,0,3.794,ECONNREFUSED
16590.0,heavy,3103,1,2.051,
16593.3,heavy,3101,0,4.880,
16596.7,heavy,3102,0,4.925,ECONNREFUSED
16600.0,light-1,3101,1,3.103,
16600.0,light-4,3101,1,2.919,
16600.0,light-3,3103,1,3.058,
16600.0,light-2,3102,0,5.057,ECONNREFUSED
16600.0,light-5,3102,0,5.132,ECONNREFUSED
16600.0,heavy,3103,0,3.101,
16603.3,heavy,3103,1,1.741,
16606.7,heavy,3101,1,4.234,
16610.0,heavy,3102,0,2.112,ECONNREFUSED
16613.3,heavy,3103,0,0.758,
16616.7,heavy,3101,0,3.412,
16620.0,heavy,3102,0,2.649,ECONNREFUSED
16623.3,heavy,3103,1,1.606,
16626.7,heavy,3101,0,2.911,
16630.0,heavy,3102,0,2.271,ECONNREFUSED
16633.3,heavy,3103,1,2.205,
16636.7,heavy,3101,1,4.441,
16640.0,heavy,3102,0,3.312,ECONNREFUSED
16643.3,heavy,3103,0,1.333,
16646.7,heavy,3101,0,3.648,
16650.0,heavy,3102,0,3.018,ECONNREFUSED
16653.3,heavy,3103,1,1.587,
16656.7,heavy,3101,0,3.296,
16660.0,heavy,3102,0,2.987,ECONNREFUSED
16663.3,heavy,3103,1,1.352,
16666.7,heavy,3101,1,3.614,
16670.0,heavy,3102,0,2.320,ECONNREFUSED
16673.3,heavy,3103,0,1.088,
16676.7,heavy,3101,0,3.762,
16680.0,heavy,3102,0,3.102,ECONNREFUSED
16683.3,heavy,3103,1,1.908,
16686.7,heavy,3101,0,2.172,
16690.0,heavy,3102,0,8.071,ECONNREFUSED
16693.3,heavy,3103,1,3.682,
16696.7,heavy,3101,1,7.783,
16700.0,light-1,3103,1,4.336,
16700.0,light-4,3103,1,4.103,
16700.0,light-2,3101,1,5.209,
16700.0,light-5,3101,1,5.473,
16700.0,light-3,3102,0,7.663,ECONNREFUSED
16700.0,heavy,3102,0,7.940,ECONNREFUSED
16703.3,heavy,3102,0,7.270,ECONNREFUSED
16706.7,heavy,3103,0,2.812,
16710.0,heavy,3101,1,3.188,
16713.3,heavy,3102,0,2.127,ECONNREFUSED
16716.7,heavy,3103,0,1.375,
16720.0,heavy,3101,1,5.111,
16723.3,heavy,3102,0,3.615,ECONNREFUSED
16726.7,heavy,3103,1,1.938,
16730.0,heavy,3101,0,4.622,
16733.3,heavy,3102,0,4.131,ECONNREFUSED
16736.7,heavy,3103,0,1.009,
16740.0,heavy,3101,0,3.769,
16743.3,heavy,3102,0,3.302,ECONNREFUSED
16746.7,heavy,3103,1,1.759,
16750.0,heavy,3101,1,4.162,
16753.3,heavy,3102,0,2.282,ECONNREFUSED
16756.7,heavy,3103,0,1.161,
16760.0,heavy,3101,1,4.235,
16763.3,heavy,3102,0,2.388,ECONNREFUSED
16766.7,heavy,3103,0,1.195,
16770.0,heavy,3101,1,3.815,
16773.3,heavy,3102,0,2.939,ECONNREFUSED
16776.7,heavy,3103,1,1.748,
16780.0,heavy,3101,0,2.246,
16783.3,heavy,3102,0,4.686,ECONNREFUSED
16786.7,heavy,3103,1,2.203,
16790.0,heavy,3101,0,4.317,
16793.3,heavy,3102,0,4.857,ECONNREFUSED
16796.7,heavy,3103,0,1.811,
16800.0,light-2,3103,1,4.000,
16800.0,light-3,3101,1,4.179,
16800.0,light-5,3103,1,4.907,
16800.0,light-1,3102,0,5.696,ECONNREFUSED
16800.0,light-4,3102,0,6.995,ECONNREFUSED
16800.0,heavy,3101,1,7.512,
16803.3,heavy,3102,0,6.371,ECONNREFUSED
16806.7,heavy,3103,1,3.711,
16810.0,heavy,3101,0,6.993,
16813.3,heavy,3101,0,3.849,
16816.7,heavy,3102,0,2.412,ECONNREFUSED
16820.0,heavy,3103,0,0.994,
16823.3,heavy,3101,1,4.149,
16826.7,heavy,3102,0,2.395,ECONNREFUSED
16830.0,heavy,3103,0,0.853,
16833.3,heavy,3101,1,4.028,
16836.7,heavy,3102,0,3.233,ECONNREFUSED
16840.0,heavy,3103,1,1.623,
16843.3,heavy,3101,0,2.892,
16846.7,heavy,3102,0,2.164,ECONNREFUSED
16850.0,heavy,3103,1,1.794,
16853.3,heavy,3101,0,2.710,
16856.7,heavy,3102,0,2.222,ECONNREFUSED
16860.0,heavy,3103,1,2.332,
16863.3,heavy,3101,0,3.187,
16866.7,heavy,3102,0,2.690,ECONNREFUSED
16870.0,heavy,3103,1,1.895,
16873.3,heavy,3101,0,1.636,
16876.7,heavy,3102,0,2.057,ECONNREFUSED
16880.0,heavy,3103,1,1.671,
16883.3,heavy,3101,0,2.765,
16886.7,heavy,3102,0,2.328,ECONNREFUSED
16890.0,heavy,3103,0,1.005,
16893.3,heavy,3101,1,8.658,
16896.7,heavy,3102,0,5.678,ECONNREFUSED
16900.0,light-2,3103,1,3.748,
16900.0,light-1,3102,0,5.681,ECONNREFUSED
16900.0,light-4,3102,0,6.559,ECONNREFUSED
16900.0,light-5,3103,1,6.908,
16900.0,light-3,3101,1,9.521,
16900.0,heavy,3103,1,3.026,
16903.3,heavy,3101,0,8.227,
16906.7,heavy,3101,0,6.501,
16910.0,heavy,3102,0,4.028,ECONNREFUSED
16913.3,heavy,3103,1,1.650,
16916.7,heavy,3101,1,3.820,
16920.0,heavy,3102,0,2.382,ECONNREFUSED
16923.3,heavy,3103,0,1.282,
16926.7,heavy,3101,0,3.651,
16930.0,heavy,3102,0,2.743,ECONNREFUSED
16933.3,heavy,3103,1,1.561,
16936.7,heavy,3101,0,2.722,
16940.0,heavy,3102,0,5.484,ECONNREFUSED
16943.3,heavy,3103,1,2.406,
16946.7,heavy,3101,1,4.565,
16950.0,heavy,3102,0,4.106,ECONNREFUSED
16953.3,heavy,3103,0,1.773,
16956.7,heavy,3101,0,2.963,
16960.0,heavy,3102,0,2.477,ECONNREFUSED
16963.3,heavy,3103,1,1.442,
16966.7,heavy,3101,0,3.029,
16970.0,heavy,3102,0,1.768,ECONNREFUSED
16973.3,heavy,3103,1,2.458,
16976.7,heavy,3101,1,4.204,
16980.0,heavy,3102,0,3.587,ECONNREFUSED
16983.3,heavy,3103,0,1.684,
16986.7,heavy,3101,0,3.158,
16990.0,heavy,3102,0,2.566,ECONNREFUSED
16993.3,heavy,3103,1,1.532,
16996.7,heavy,3101,0,3.934,
17000.0,light-2,3101,1,2.161,
17000.0,light-1,3103,1,2.305,
17000.0,light-4,3103,1,2.209,
17000.0,light-5,3101,1,2.790,
17000.0,light-3,3102,0,3.928,ECONNREFUSED
17000.0,heavy,3102,0,4.058,ECONNREFUSED
17003.3,heavy,3102,0,1.993,ECONNREFUSED
17006.7,heavy,3103,1,1.980,
17010.0,heavy,3101,1,3.771,
17013.3,heavy,3102,0,2.354,ECONNREFUSED
17016.7,heavy,3103,0,1.009,
17020.0,heavy,3101,0,3.607,
17023.3,heavy,3102,0,2.861,ECONNREFUSED
17026.7,heavy,3103,1,1.716,
17030.0,heavy,3101,0,2.168,
17033.3,heavy,3102,0,3.914,ECONNREFUSED
17036.7,heavy,3103,1,1.858,
17040.0,heavy,3101,1,4.442,
17043.3,heavy,3102,0,4.203,ECONNREFUSED
17046.7,heavy,3103,0,1.654,
17050.0,heavy,3101,1,4.147,
17053.3,heavy,3102,0,3.314,ECONNREFUSED
17056.7,heavy,3103,1,2.080,
17060.0,heavy,3101,0,3.219,
17063.3,heavy,3102,0,2.199,ECONNREFUSED
17066.7,heavy,3103,1,2.404,
17070.0,heavy,3101,0,3.952,
17073.3,heavy,3102,0,3.082,ECONNREFUSED
17076.7,heavy,3103,0,1.835,
17080.0,heavy,3101,1,3.397,
17083.3,heavy,3102,0,2.382,ECONNREFUSED
17086.7,heavy,3103,1,1.380,
17090.0,heavy,3101,0,3.397,
17093.3,heavy,3102,0,2.071,ECONNREFUSED
17096.7,heavy,3103,1,2.043,
17100.0,light-1,3103,1,2.190,
17100.0,light-4,3103,1,2.143,
17100.0,light-2,3101,1,2.433,
17100.0,light-5,3101,1,3.087,
17100.0,light-3,3102,0,3.523,ECONNREFUSED
17100.0,heavy,3101,0,4.487,
17103.3,heavy,3102,0,5.834,ECONNREFUSED
17106.7,heavy,3102,0,4.365,ECONNREFUSED
17110.0,heavy,3103,0,1.462,
17113.3,heavy,3101,1,4.484,
17116.7,heavy,3102,0,3.012,ECONNREFUSED
17120.0,heavy,3103,1,1.827,
17123.3,heavy,3101,0,2.891,
17126.7,heavy,3102,0,2.588,ECONNREFUSED
17130.0,heavy,3103,1,1.385,
17133.3,heavy,3101,0,2.926,
17136.7,heavy,3102,0,2.526,ECONNREFUSED
17140.0,heavy,3103,1,2.252,
17143.3,heavy,3101,0,3.110,
17146.7,heavy,3102,0,2.879,ECONNREFUSED
17150.0,heavy,3103,1,2.351,
17153.3,heavy,3101,0,1.673,
17156.7,heavy,3102,0,5.380,ECONNREFUSED
17160.0,heavy,3103,1,3.225,
17163.3,heavy,3101,0,4.984,
17166.7,heavy,3102,0,5.137,ECONNREFUSED
17170.0,heavy,3103,1,1.911,
17173.3,heavy,3101,0,2.739,
17176.7,heavy,3102,0,2.193,ECONNREFUSED
17180.0,heavy,3103,1,1.205,
17183.3,heavy,3101,0,3.101,
17186.7,heavy,3102,0,2.565,ECONNREFUSED
17190.0,heavy,3103,1,3.114,
17193.3,heavy,3101,0,5.471,
17196.7,heavy,3102,0,6.480,ECONNREFUSED
17200.0,light-1,3101,1,2.791,
17200.0,light-3,3103,1,3.340,
17200.0,light-4,3101,1,5.404,
17200.0,light-2,3102,0,5.886,ECONNREFUSED
17200.0,light-5,3102,0,5.852,ECONNREFUSED
17200.0,heavy,3103,1,2.822,
17203.3,heavy,3103,0,1.950,
17206.7,heavy,3101,0,2.694,
17210.0,heavy,3102,0,2.805,ECONNREFUSED
17213.3,heavy,3103,1,1.404,
17216.7,heavy,3101,0,2.975,
17220.0,heavy,3102,0,3.686,ECONNREFUSED
17223.3,heavy,3103,1,1.916,
17226.7,heavy,3101,1,3.643,
17230.0,heavy,3102,0,2.904,ECONNREFUSED
17233.3,heavy,3103,0,0.958,
17236.7,heavy,3101,0,3.290,
17240.0,heavy,3102,0,2.810,ECONNREFUSED
17243.3,heavy,3103,1,1.516,
17246.7,heavy,3101,0,2.484,
17250.0,heavy,3102,0,2.837,ECONNREFUSED
17253.3,heavy,3103,1,1.317,
17256.7,heavy,3101,1,3.964,
17260.0,heavy,3102,0,2.247,ECONNREFUSED
17263.3,heavy,3103,0,1.013,
17266.7,heavy,3101,0,3.984,
17270.0,heavy,3102,0,3.199,ECONNREFUSED
17273.3,heavy,3103,1,2.088,
17276.7,heavy,3101,0,2.059,
17280.0,heavy,3102,0,2.155,ECONNREFUSED
17283.3,heavy,3103,1,1.700,
17286.7,heavy,3101,0,4.051,
17290.0,heavy,3102,0,3.444,ECONNREFUSED
17293.3,heavy,3103,1,1.741,
17296.7,heavy,3101,0,6.363,
17300.0,light-2,3103,1,3.581,
17300.0,light-5,3103,1,4.151,
17300.0,light-3,3101,1,4.445,
17300.0,light-1,3102,0,6.629,ECONNREFUSED
17300.0,light-4,3102,0,6.587,ECONNREFUSED
17300.0,heavy,3102,0,6.743,ECONNREFUSED
17303.3,heavy,3103,1,2.914,
17306.7,heavy,3101,0,6.025,
17310.0,heavy,3101,1,5.829,
17313.3,heavy,3102,0,3.772,ECONNREFUSED
17316.7,heavy,3103,0,0.962,
17320.0,heavy,3101,1,4.315,
17323.3,heavy,3102,0,3.511,ECONNREFUSED
17326.7,heavy,3103,0,1.442,
17330.0,heavy,3101,1,4.623,
17333.3,heavy,3102,0,3.549,ECONNREFUSED
17336.7,heavy,3103,1,2.268,
17340.0,heavy,3101,0,3.197,
17343.3,heavy,3102,0,2.463,ECONNREFUSED
17346.7,heavy,3103,1,1.895,
17350.0,heavy,3101,0,2.779,
17353.3,heavy,3102,0,2.221,ECONNREFUSED
17356.7,heavy,3103,0,1.267,
17360.0,heavy,3101,1,5.511,
17363.3,heavy,3102,0,2.947,ECONNREFUSED
17366.7,heavy,3103,1,1.545,
17370.0,heavy,3101,0,5.132,
17373.3,heavy,3102,0,2.111,ECONNREFUSED
17376.7,heavy,3103,1,2.270,
17380.0,heavy,3101,0,4.331,
17383.3,heavy,3102,0,3.599,ECONNREFUSED
17386.7,heavy,3103,0,1.784,
17390.0,heavy,3101,1,3.608,
17393.3,heavy,3102,0,2.213,ECONNREFUSED
17396.7,heavy,3103,0,1.067,
17400.0,light-2,3103,1,2.275,
17400.0,light-5,3103,1,2.756,
17400.0,light-3,3101,1,3.558,
17400.0,light-4,3102,0,4.136,ECONNREFUSED
17400.0,light-1,3102,0,4.908,ECONNREFUSED
17400.0,heavy,3101,1,4.939,
17403.3,heavy,3101,0,4.110,
17406.7,heavy,3102,0,2.734,ECONNREFUSED
17410.0,heavy,3103,1,1.972,
17413.3,heavy,3101,0,3.978,
17416.7,heavy,3102,0,2.380,ECONNREFUSED
17420.0,heavy,3103,0,1.072,
17423.3,heavy,3101,1,4.208,
17426.7,heavy,3102,0,3.247,ECONNREFUSED
17430.0,heavy,3103,1,2.112,
17433.3,heavy,3101,0,2.480,
17436.7,heavy,3102,0,1.614,ECONNREFUSED
17440.0,heavy,3103,1,2.373,
17443.3,heavy,3101,1,3.882,
17446.7,heavy,3102,0,2.874,ECONNREFUSED
17450.0,heavy,3103,0,1.936,
17453.3,heavy,3101,0,1.429,
17456.7,heavy,3102,0,2.606,ECONNREFUSED
17460.0,heavy,3103,1,1.294,
17463.3,heavy,3101,0,2.503,
17466.7,heavy,3102,0,4.477,ECONNREFUSED
17470.0,heavy,3103,1,2.220,
17473.3,heavy,3101,1,4.611,
17476.7,heavy,3102,0,4.062,ECONNREFUSED
17480.0,heavy,3103,0,2.119,
17483.3,heavy,3101,0,1.973,
17486.7,heavy,3102,0,3.657,ECONNREFUSED
17490.0,heavy,3103,1,1.465,
17493.3,heavy,3101,0,3.530,
17496.7,heavy,3102,0,3.405,ECONNREFUSED
17500.0,light-3,3103,1,3.674,
17500.0,light-1,3101,1,4.040,
17500.0,light-4,3101,1,4.578,
17500.0,light-2,3102,0,5.306,ECONNREFUSED
17500.0,light-5,3102,0,5.851,ECONNREFUSED
17500.0,heavy,3103,1,3.141,
17503.3,heavy,3101,0,5.250,
17506.7,heavy,3102,0,5.457,ECONNREFUSED
17510.0,heavy,3103,1,3.234,
17513.3,heavy,3103,0,2.346,
17516.7,heavy,3101,0,3.007,
17520.0,heavy,3102,0,2.036,ECONNREFUSED
17523.3,heavy,3103,1,1.578,
17526.7,heavy,3101,0,2.869,
17530.0,heavy,3102,0,1.933,ECONNREFUSED
17533.3,heavy,3103,1,2.396,
17536.7,heavy,3101,1,3.706,
17540.0,heavy,3102,0,3.254,ECONNREFUSED
17543.3,heavy,3103,0,1.425,
17546.7,heavy,3101,0,2.880,
17550.0,heavy,3102,0,2.223,ECONNREFUSED
17553.3,heavy,3103,1,1.335,
17556.7,heavy,3101,0,2.582,
17560.0,heavy,3102,0,4.717,ECONNREFUSED
17563.3,heavy,3103,1,2.278,
17566.7,heavy,3101,0,4.937,
17570.0,heavy,3102,0,5.187,ECONNREFUSED
17573.3,heavy,3103,1,2.381,
17576.7,heavy,3101,0,3.167,
17580.0,heavy,3102,0,2.396,ECONNREFUSED
17583.3,heavy,3103,1,1.333,
17586.7,heavy,3101,0,2.866,
17590.0,heavy,3102,0,1.938,ECONNREFUSED
17593.3,heavy,3103,1,3.029,
17596.7,heavy,3101,0,6.062,
17600.0,light-3,3103,1,4.207,
17600.0,light-1,3101,1,5.134,
17600.0,light-4,3101,1,5.077,
17600.0,light-2,3102,0,5.959,ECONNREFUSED
17600.0,light-5,3102,0,6.964,ECONNREFUSED
17600.0,heavy,3102,0,5.782,ECONNREFUSED
17603.3,heavy,3103,1,3.313,
17606.7,heavy,3103,0,3.084,
17610.0,heavy,3101,1,4.004,
17613.3,heavy,3102,0,2.179,ECONNREFUSED
17616.7,heavy,3103,0,1.013,
17620.0,heavy,3101,1,3.808,
17623.3,heavy,3102,0,3.226,ECONNREFUSED
17626.7,heavy,3103,1,1.754,
17630.0,heavy,3101,0,3.543,
17633.3,heavy,3102,0,3.139,ECONNREFUSED
17636.7,heavy,3103,0,1.557,
17640.0,heavy,3101,1,4.593,
17643.3,heavy,3102,0,3.359,ECONNREFUSED
17646.7,heavy,3103,1,1.791,
17650.0,heavy,3101,0,4.208,
17653.3,heavy,3102,0,2.691,ECONNREFUSED
17656.7,heavy,3103,1,1.850,
17660.0,heavy,3101,0,3.047,
17663.3,heavy,3102,0,2.794,ECONNREFUSED
17666.7,heavy,3103,0,2.287,
17670.0,heavy,3101,1,4.459,
17673.3,heavy,3102,0,2.461,ECONNREFUSED
17676.7,heavy,3103,0,1.212,
17680.0,heavy,3101,1,3.393,
17683.3,heavy,3102,0,3.093,ECONNREFUSED
17686.7,heavy,3103,0,1.414,
17690.0,heavy,3101,0,4.239,
17693.3,heavy,3102,0,3.753,ECONNREFUSED
17696.7,heavy,3103,1,1.497,
17700.0,light-2,3103,1,2.461,
17700.0,light-5,3103,1,2.444,
17700.0,light-3,3101,1,3.524,
17700.0,light-1,3102,0,5.277,ECONNREFUSED
17700.0,light-4,3102,0,6.847,ECONNREFUSED
17700.0,heavy,3101,1,5.726,
17703.3,heavy,3101,0,4.293,
17706.7,heavy,3102,0,2.608,ECONNREFUSED
17710.0,heavy,3103,1,1.200,
17713.3,heavy,3101,0,3.239,
17716.7,heavy,3102,0,2.253,ECONNREFUSED
17720.0,heavy,3103,1,2.587,
17723.3,heavy,3101,0,4.102,
17726.7,heavy,3102,0,3.389,ECONNREFUSED
17730.0,heavy,3103,0,2.579,
17733.3,heavy,3101,1,4.621,
17736.7,heavy,3102,0,3.766,ECONNREFUSED
17740.0,heavy,3103,1,2.088,
17743.3,heavy,3101,0,3.489,
17746.7,heavy,3102,0,3.315,ECONNREFUSED
17750.0,heavy,3103,1,2.143,
17753.3,heavy,3101,0,3.444,
17756.7,heavy,3102,0,2.900,ECONNREFUSED
17760.0,heavy,3103,0,1.199,
17763.3,heavy,3101,1,4.158,
17766.7,heavy,3102,0,2.676,ECONNREFUSED
17770.0,heavy,3103,1,1.506,
17773.3,heavy,3101,0,3.751,
17776.7,heavy,3102,0,2.722,ECONNREFUSED
17780.0,heavy,3103,1,1.802,
17783.3,heavy,3101,1,3.530,
17786.7,heavy,3102,0,2.604,ECONNREFUSED
17790.0,heavy,3103,0,1.759,
17793.3,heavy,3101,0,1.399,
17796.7,heavy,3102,0,5.996,ECONNREFUSED
17800.0,light-2,3103,1,3.020,
17800.0,light-5,3103,1,3.580,
17800.0,light-3,3101,1,4.377,
17800.0,light-1,3102,0,6.042,ECONNREFUSED
17800.0,light-4,3102,0,8.735,ECONNREFUSED
17800.0,heavy,3103,1,2.529,
17803.3,heavy,3101,0,5.671,
17806.7,heavy,3101,0,3.901,
17810.0,heavy,3102,0,5.996,ECONNREFUSED
17813.3,heavy,3103,1,1.896,
17816.7,heavy,3101,0,2.881,
17820.0,heavy,3102,0,2.680,ECONNREFUSED
17823.3,heavy,3103,1,1.151,
17826.7,heavy,3101,0,2.974,
17830.0,heavy,3102,0,2.282,ECONNREFUSED
17833.3,heavy,3103,1,1.349,
17836.7,heavy,3101,0,3.004,
17840.0,heavy,3102,0,1.703,ECONNREFUSED
17843.3,heavy,3103,1,1.907,
17846.7,heavy,3101,0,3.407,
17850.0,heavy,3102,0,2.765,ECONNREFUSED
17853.3,heavy,3103,1,1.222,
17856.7,heavy,3101,0,4.556,
17860.0,heavy,3102,0,3.394,ECONNREFUSED
17863.3,heavy,3103,1,1.820,
17866.7,heavy,3101,0,4.136,
17870.0,heavy,3102,0,3.242,ECONNREFUSED
17873.3,heavy,3103,1,0.945,
17876.7,heavy,3101,1,4.466,
17880.0,heavy,3102,0,2.785,ECONNREFUSED
17883.3,heavy,3103,0,1.778,
17886.7,heavy,3101,0,3.881,
17890.0,heavy,3102,0,3.989,ECONNREFUSED
17893.3,heavy,3103,1,1.917,
17896.7,heavy,3101,1,4.566,
17900.0,light-3,3103,1,2.079,
17900.0,light-1,3101,1,3.028,
17900.0,light-4,3101,1,2.848,
17900.0,light-2,3102,0,4.932,ECONNREFUSED
17900.0,light-5,3102,0,5.178,ECONNREFUSED
17900.0,heavy,3102,0,5.117,ECONNREFUSED
17903.3,heavy,3103,0,2.206,
17906.7,heavy,3103,0,2.149,
17910.0,heavy,3101,1,3.800,
17913.3,heavy,3102,0,2.445,ECONNREFUSED
17916.7,heavy,3103,1,1.529,
17920.0,heavy,3101,1,6.656,
17923.3,heavy,3102,0,2.985,ECONNREFUSED
17926.7,heavy,3103,0,1.459,
17930.0,heavy,3101,0,6.897,
17933.3,heavy,3102,0,2.486,ECONNREFUSED
17936.7,heavy,3103,0,0.817,
17940.0,heavy,3101,1,3.804,
17943.3,heavy,3102,0,2.120,ECONNREFUSED
17946.7,heavy,3103,0,1.038,
17950.0,heavy,3101,1,3.265,
17953.3,heavy,3102,0,9.124,ECONNREFUSED
17956.7,heavy,3103,1,1.054,
17960.0,heavy,3101,0,3.175,
17963.3,heavy,3102,0,6.816,ECONNREFUSED
17966.7,heavy,3103,0,1.698,
17970.0,heavy,3101,1,3.483,
17973.3,heavy,3102,0,2.680,ECONNREFUSED
17976.7,heavy,3103,1,2.054,
17980.0,heavy,3101,0,3.363,
17983.3,heavy,3102,0,2.760,ECONNREFUSED
17986.7,heavy,3103,0,0.847,
17990.0,heavy,3101,0,5.471,
17993.3,heavy,3102,0,5.586,ECONNREFUSED
17996.7,heavy,3103,1,2.630,
18000.0,light-2,3103,1,3.113,
18000.0,light-1,3102,0,5.591,ECONNREFUSED
18000.0,light-4,3102,0,5.525,ECONNREFUSED
18000.0,light-5,3103,1,6.212,
18000.0,light-3,3101,1,7.428,
18000.0,heavy,3101,1,6.957,
18003.3,heavy,3101,0,4.216,
18006.7,heavy,3102,0,2.526,ECONNREFUSED
18010.0,heavy,3103,1,1.128,
18013.3,heavy,3101,0,2.700,
18016.7,heavy,3102,0,1.886,ECONNREFUSED
18020.0,heavy,3103,1,1.908,
18023.3,heavy,3101,1,3.994,
18026.7,heavy,3102,0,2.830,ECONNREFUSED
18030.0,heavy,3103,0,1.322,
18033.3,heavy,3101,0,1.940,
18036.7,heavy,3102,0,2.125,ECONNREFUSED
18040.0,heavy,3103,1,1.596,
18043.3,heavy,3101,0,3.706,
18046.7,heavy,3102,0,2.716,ECONNREFUSED
18050.0,heavy,3103,1,2.061,
18053.3,heavy,3101,0,3.520,
18056.7,heavy,3102,0,3.240,ECONNREFUSED
18060.0,heavy,3103,1,2.429,
18063.3,heavy,3101,0,3.632,
18066.7,heavy,3102,0,1.893,ECONNREFUSED
18070.0,heavy,3103,1,1.774,
18073.3,heavy,3101,0,2.828,
18076.7,heavy,3102,0,2.358,ECONNREFUSED
18080.0,heavy,3103,1,2.471,
18083.3,heavy,3101,0,4.274,
18086.7,heavy,3102,0,3.422,ECONNREFUSED
18090.0,heavy,3103,1,1.930,
18093.3,heavy,3101,0,3.466,
18096.7,heavy,3102,0,2.622,ECONNREFUSED
18100.0,light-4,3103,1,4.025,
18100.0,light-3,3102,0,4.408,ECONNREFUSED
18100.0,light-5,3101,1,4.404,
18100.0,light-1,3103,1,6.252,
18100.0,light-2,3101,1,6.332,
18100.0,heavy,3103,1,2.574,
18103.3,heavy,3101,0,6.332,
18106.7,heavy,3102,0,4.056,ECONNREFUSED
18110.0,heavy,3102,0,5.137,ECONNREFUSED
18113.3,heavy,3103,1,1.506,
18116.7,heavy,3101,1,4.266,
18120.0,heavy,3102,0,3.265,ECONNREFUSED
18123.3,heavy,3103,0,1.502,
18126.7,heavy,3101,0,2.095,
18130.0,heavy,3102,0,3.342,ECONNREFUSED
18133.3,heavy,3103,1,1.715,
18136.7,heavy,3101,0,3.861,
18140.0,heavy,3102,0,3.654,ECONNREFUSED
18143.3,heavy,3103,1,1.231,
18146.7,heavy,3101,0,3.599,
18150.0,heavy,3102,0,3.066,ECONNREFUSED
18153.3,heavy,3103,1,1.128,
18156.7,heavy,3101,0,2.247,
18160.0,heavy,3102,0,4.123,ECONNREFUSED
18163.3,heavy,3103,1,1.852,
18166.7,heavy,3101,1,4.608,
18170.0,heavy,3102,0,4.353,ECONNREFUSED
18173.3,heavy,3103,0,1.835,
18176.7,heavy,3101,0,3.951,
18180.0,heavy,3102,0,2.852,ECONNREFUSED
18183.3,heavy,3103,1,1.688,
18186.7,heavy,3101,0,3.526,
18190.0,heavy,3102,0,2.096,ECONNREFUSED
18193.3,heavy,3103,1,2.785,
18196.7,heavy,3101,1,5.828,
18200.0,light-1,3103,1,3.013,
18200.0,light-4,3103,1,3.549,
18200.0,light-2,3101,1,4.175,
18200.0,light-5,3101,1,4.700,
18200.0,light-3,3102,0,5.290,ECONNREFUSED
18200.0,heavy,3102,0,5.446,ECONNREFUSED
18203.3,heavy,3102,0,5.023,ECONNREFUSED
18206.7,heavy,3103,0,2.254,
18210.0,heavy,3101,0,4.145,
18213.3,heavy,3102,0,3.352,ECONNREFUSED
18216.7,heavy,3103,1,2.000,
18220.0,heavy,3101,0,2.319,
18223.3,heavy,3102,0,3.364,ECONNREFUSED
18226.7,heavy,3103,1,1.744,
18230.0,heavy,3101,1,4.161,
18233.3,heavy,3102,0,3.858,ECONNREFUSED
18236.7,heavy,3103,0,1.623,
18240.0,heavy,3101,1,4.307,
18243.3,heavy,3102,0,2.733,ECONNREFUSED
18246.7,heavy,3103,1,1.611,
18250.0,heavy,3101,0,3.261,
18253.3,heavy,3102,0,2.232,ECONNREFUSED
18256.7,heavy,3103,1,2.876,
18260.0,heavy,3101,0,5.279,
18263.3,heavy,3102,0,4.151,ECONNREFUSED
18266.7,heavy,3103,0,1.837,
18270.0,heavy,3101,1,5.069,
18273.3,heavy,3102,0,3.489,ECONNREFUSED
18276.7,heavy,3103,0,1.652,
18280.0,heavy,3101,1,5.793,
18283.3,heavy,3102,0,3.039,ECONNREFUSED
18286.7,heavy,3103,0,0.959,
18290.0,heavy,3101,0,5.186,
18293.3,heavy,3102,0,4.496,ECONNREFUSED
18296.7,heavy,3103,1,1.890,
18300.0,light-2,3103,1,3.824,
18300.0,light-5,3103,1,3.773,
18300.0,light-3,3101,1,4.935,
18300.0,light-1,3102,0,7.216,ECONNREFUSED
18300.0,light-4,3102,0,7.015,ECONNREFUSED
18300.0,heavy,3101,1,7.026,
18303.3,heavy,3101,0,4.182,
18306.7,heavy,3102,0,3.378,ECONNREFUSED
18310.0,heavy,3103,0,1.120,
18313.3,heavy,3101,1,5.730,
18316.7,heavy,3102,0,3.769,ECONNREFUSED
18320.0,heavy,3103,1,2.307,
18323.3,heavy,3101,1,5.653,
18326.7,heavy,3102,0,3.929,ECONNREFUSED
18330.0,heavy,3103,0,3.180,
18333.3,heavy,3101,0,3.403,
18336.7,heavy,3102,0,2.486,ECONNREFUSED
18340.0,heavy,3103,1,1.309,
18343.3,heavy,3101,0,2.943,
18346.7,heavy,3102,0,3.598,ECONNREFUSED
18350.0,heavy,3103,1,1.476,
18353.3,heavy,3101,0,3.497,
18356.7,heavy,3102,0,3.769,ECONNREFUSED
18360.0,heavy,3103,1,1.772,
18363.3,heavy,3101,0,3.567,
18366.7,heavy,3102,0,2.824,ECONNREFUSED
18370.0,heavy,3103,1,1.305,
18373.3,heavy,3101,0,3.221,
18376.7,heavy,3102,0,3.027,ECONNREFUSED
18380.0,heavy,3103,1,2.018,
18383.3,heavy,3101,0,3.320,
18386.7,heavy,3102,0,2.676,ECONNREFUSED
18390.0,heavy,3103,1,1.637,
18393.3,heavy,3101,0,3.010,
18396.7,heavy,3102,0,1.938,ECONNREFUSED
18400.0,light-2,3103,1,3.069,
18400.0,light-5,3103,1,3.077,
18400.0,light-3,3101,1,3.749,
18400.0,light-1,3102,0,4.153,ECONNREFUSED
18400.0,light-4,3102,0,4.720,ECONNREFUSED
18400.0,heavy,3103,1,2.895,
18403.3,heavy,3101,0,4.315,
18406.7,heavy,3101,0,2.980,
18410.0,heavy,3102,0,2.119,ECONNREFUSED
18413.3,heavy,3103,1,2.078,
18416.7,heavy,3101,1,3.833,
18420.0,heavy,3102,0,3.118,ECONNREFUSED
18423.3,heavy,3103,0,1.275,
18426.7,heavy,3101,0,4.779,
18430.0,heavy,3102,0,2.744,ECONNREFUSED
18433.3,heavy,3103,1,1.362,
18436.7,heavy,3101,0,4.915,
18440.0,heavy,3102,0,2.478,ECONNREFUSED
18443.3,heavy,3103,1,0.985,
18446.7,heavy,3101,1,4.060,
18450.0,heavy,3102,0,2.733,ECONNREFUSED
18453.3,heavy,3103,0,1.571,
18456.7,heavy,3101,0,3.753,
18460.0,heavy,3102,0,3.980,ECONNREFUSED
18463.3,heavy,3103,1,2.141,
18466.7,heavy,3101,0,3.338,
18470.0,heavy,3102,0,3.604,ECONNREFUSED
18473.3,heavy,3103,1,1.157,
18476.7,heavy,3101,0,4.870,
18480.0,heavy,3102,0,4.018,ECONNREFUSED
18483.3,heavy,3103,1,1.986,
18486.7,heavy,3101,0,4.459,
18490.0,heavy,3102,0,3.146,ECONNREFUSED
18493.3,heavy,3103,1,1.679,
18496.7,heavy,3101,1,5.371,
18500.0,light-3,3103,1,3.574,
18500.0,light-1,3101,1,4.880,
18500.0,light-2,3102,0,6.769,ECONNREFUSED
18500.0,light-4,3101,1,6.988,
18500.0,light-5,3102,0,7.234,ECONNREFUSED
18500.0,heavy,3102,0,6.215,ECONNREFUSED
18503.3,heavy,3103,0,2.824,
18506.7,heavy,3103,0,2.595,
18510.0,heavy,3101,1,4.090,
18513.3,heavy,3102,0,2.981,ECONNREFUSED
18516.7,heavy,3103,0,1.159,
18520.0,heavy,3101,1,4.285,
18523.3,heavy,3102,0,2.932,ECONNREFUSED
18526.7,heavy,3103,1,1.487,
18530.0,heavy,3101,0,4.762,
18533.3,heavy,3102,0,3.380,ECONNREFUSED
18536.7,heavy,3103,0,0.951,
18540.0,heavy,3101,0,2.747,
18543.3,heavy,3102,0,2.081,ECONNREFUSED
18546.7,heavy,3103,1,1.308,
18550.0,heavy,3101,1,4.024,
18553.3,heavy,3102,0,2.786,ECONNREFUSED
18556.7,heavy,3103,1,1.326,
18560.0,heavy,3101,0,3.879,
18563.3,heavy,3102,0,2.555,ECONNREFUSED
18566.7,heavy,3103,0,0.836,
18570.0,heavy,3101,0,3.504,
18573.3,heavy,3102,0,2.812,ECONNREFUSED
18576.7,heavy,3103,1,1.503,
18580.0,heavy,3101,1,3.316,
18583.3,heavy,3102,0,2.882,ECONNREFUSED
18586.7,heavy,3103,1,1.979,
18590.0,heavy,3101,0,3.608,
18593.3,heavy,3102,0,2.869,ECONNREFUSED
18596.7,heavy,3103,0,1.175,
18600.0,light-3,3103,1,3.264,
18600.0,light-1,3101,1,4.484,
18600.0,light-4,3101,1,5.177,
18600.0,light-2,3102,0,5.833,ECONNREFUSED
18600.0,light-5,3102,0,6.266,ECONNREFUSED
18600.0,heavy,3101,1,6.613,
18603.3,heavy,3102,0,5.965,ECONNREFUSED
18606.7,heavy,3103,1,2.636,
18610.0,heavy,3103,0,3.477,
18613.3,heavy,3101,0,2.654,
18616.7,heavy,3102,0,3.544,ECONNREFUSED
18620.0,heavy,3103,1,1.875,
18623.3,heavy,3101,0,3.860,
18626.7,heavy,3102,0,2.895,ECONNREFUSED
18630.0,heavy,3103,1,1.804,
18633.3,heavy,3101,0,2.944,
18636.7,heavy,3102,0,2.620,ECONNREFUSED
18640.0,heavy,3103,1,2.198,
18643.3,heavy,3101,0,2.483,
18646.7,heavy,3102,0,2.588,ECONNREFUSED
18650.0,heavy,3103,1,1.673,
18653.3,heavy,3101,0,2.636,
18656.7,heavy,3102,0,2.353,ECONNREFUSED
18660.0,heavy,3103,1,2.253,
18663.3,heavy,3101,0,4.011,
18666.7,heavy,3102,0,3.192,ECONNREFUSED
18670.0,heavy,3103,1,2.648,
18673.3,heavy,3101,0,2.658,
18676.7,heavy,3102,0,2.019,ECONNREFUSED
18680.0,heavy,3103,1,1.783,
18683.3,heavy,3101,0,3.458,
18686.7,heavy,3102,0,2.783,ECONNREFUSED
18690.0,heavy,3103,0,1.154,
18693.3,heavy,3101,1,6.306,
18696.7,heavy,3102,0,6.386,ECONNREFUSED
18700.0,light-2,3103,1,2.872,
18700.0,light-5,3103,1,3.767,
18700.0,light-3,3101,1,4.746,
18700.0,light-1,3102,0,5.344,ECONNREFUSED
18700.0,light-4,3102,0,6.907,ECONNREFUSED
18700.0,heavy,3103,1,2.315,
18703.3,heavy,3101,0,6.288,
18706.7,heavy,3101,0,3.769,
18710.0,heavy,3102,0,2.867,ECONNREFUSED
18713.3,heavy,3103,1,1.113,
18716.7,heavy,3101,1,4.486,
18720.0,heavy,3102,0,2.413,ECONNREFUSED
18723.3,heavy,3103,0,1.234,
18726.7,heavy,3101,0,4.155,
18730.0,heavy,3102,0,4.220,ECONNREFUSED
18733.3,heavy,3103,1,0.977,
18736.7,heavy,3101,0,4.468,
18740.0,heavy,3102,0,2.495,ECONNREFUSED
18743.3,heavy,3103,1,2.631,
18746.7,heavy,3101,1,3.932,
18750.0,heavy,3102,0,3.407,ECONNREFUSED
18753.3,heavy,3103,0,1.312,
18756.7,heavy,3101,0,3.689,
18760.0,heavy,3102,0,2.800,ECONNREFUSED
18763.3,heavy,3103,1,1.504,
18766.7,heavy,3101,0,3.715,
18770.0,heavy,3102,0,2.298,ECONNREFUSED
18773.3,heavy,3103,1,2.338,
18776.7,heavy,3101,1,4.211,
18780.0,heavy,3102,0,2.886,ECONNREFUSED
18783.3,heavy,3103,0,1.706,
18786.7,heavy,3101,0,2.231,
18790.0,heavy,3102,0,5.295,ECONNREFUSED
18793.3,heavy,3103,1,2.500,
18796.7,heavy,3101,0,4.235,
18800.0,light-1,3103,1,2.552,
18800.0,light-4,3103,1,2.575,
18800.0,light-2,3101,1,3.284,
18800.0,light-5,3101,1,3.817,
18800.0,light-3,3102,0,5.736,ECONNREFUSED
18800.0,heavy,3102,0,5.871,ECONNREFUSED
18803.3,heavy,3102,0,2.974,ECONNREFUSED
18806.7,heavy,3103,1,1.057,
18810.0,heavy,3101,1,4.084,
18813.3,heavy,3102,0,2.336,ECONNREFUSED
18816.7,heavy,3103,0,1.022,
18820.0,heavy,3101,1,4.030,
18823.3,heavy,3102,0,2.581,ECONNREFUSED
18826.7,heavy,3103,1,1.436,
18830.0,heavy,3101,0,4.190,
18833.3,heavy,3102,0,2.343,ECONNREFUSED
18836.7,heavy,3103,0,1.604,
18840.0,heavy,3101,1,3.708,
18843.3,heavy,3102,0,2.610,ECONNREFUSED
18846.7,heavy,3103,0,1.347,
18850.0,heavy,3101,1,4.473,
18853.3,heavy,3102,0,2.947,ECONNREFUSED
18856.7,heavy,3103,1,1.546,
18860.0,heavy,3101,0,4.224,
18863.3,heavy,3102,0,3.586,ECONNREFUSED
18866.7,heavy,3103,0,1.061,
18870.0,heavy,3101,1,3.583,
18873.3,heavy,3102,0,3.021,ECONNREFUSED
18876.7,heavy,3103,0,1.313,
18880.0,heavy,3101,1,4.298,
18883.3,heavy,3102,0,3.010,ECONNREFUSED
18886.7,heavy,3103,1,1.476,
18890.0,heavy,3101,0,3.927,
18893.3,heavy,3102,0,3.817,ECONNREFUSED
18896.7,heavy,3103,0,0.950,
18900.0,light-3,3103,1,2.960,
18900.0,light-1,3101,1,4.773,
18900.0,light-4,3101,1,4.717,
18900.0,light-2,3102,0,5.498,ECONNREFUSED
18900.0,light-5,3102,0,6.549,ECONNREFUSED
18900.0,heavy,3101,0,5.858,
18903.3,heavy,3102,0,5.423,ECONNREFUSED
18906.7,heavy,3103,1,2.272,
18910.0,heavy,3103,1,2.809,
18913.3,heavy,3101,0,3.210,
18916.7,heavy,3102,0,1.933,ECONNREFUSED
18920.0,heavy,3103,1,1.330,
18923.3,heavy,3101,0,2.626,
18926.7,heavy,3102,0,4.316,ECONNREFUSED
18930.0,heavy,3103,1,2.087,
18933.3,heavy,3101,0,4.628,
18936.7,heavy,3102,0,4.937,ECONNREFUSED
18940.0,heavy,3103,0,1.854,
18943.3,heavy,3101,1,4.950,
18946.7,heavy,3102,0,2.614,ECONNREFUSED
18950.0,heavy,3103,0,1.334,
18953.3,heavy,3101,1,3.602,
18956.7,heavy,3102,0,2.235,ECONNREFUSED
18960.0,heavy,3103,0,1.183,
18963.3,heavy,3101,1,4.164,
18966.7,heavy,3102,0,2.122,ECONNREFUSED
18970.0,heavy,3103,1,1.144,
18973.3,heavy,3101,0,1.685,
18976.7,heavy,3102,0,3.151,ECONNREFUSED
18980.0,heavy,3103,1,1.433,
18983.3,heavy,3101,0,3.703,
18986.7,heavy,3102,0,3.195,ECONNREFUSED
18990.0,heavy,3103,0,1.296,
18993.3,heavy,3101,1,6.330,
18996.7,heavy,3102,0,5.699,ECONNREFUSED
19000.0,light-3,3103,1,3.037,
19000.0,light-1,3101,1,4.080,
19000.0,light-4,3101,1,4.961,
19000.0,light-2,3102,0,5.610,ECONNREFUSED
19000.0,light-5,3102,0,6.424,ECONNREFUSED
19000.0,heavy,3103,1,2.606,
19003.3,heavy,3103,0,2.856,
19006.7,heavy,3101,0,2.974,
19010.0,heavy,3102,0,2.880,ECONNREFUSED
19013.3,heavy,3103,1,1.065,
19016.7,heavy,3101,1,4.887,
19020.0,heavy,3102,0,3.981,ECONNREFUSED
19023.3,heavy,3103,1,1.878,
19026.7,heavy,3101,0,4.519,
19030.0,heavy,3102,0,4.766,ECONNREFUSED
19033.3,heavy,3103,0,2.553,
19036.7,heavy,3101,0,2.900,
19040.0,heavy,3102,0,2.336,ECONNREFUSED
19043.3,heavy,3103,1,1.247,
19046.7,heavy,3101,0,3.348,
19050.0,heavy,3102,0,2.526,ECONNREFUSED
19053.3,heavy,3103,1,1.011,
19056.7,heavy,3101,1,3.740,
19060.0,heavy,3102,0,2.678,ECONNREFUSED
19063.3,heavy,3103,0,1.666,
19066.7,heavy,3101,0,3.484,
19070.0,heavy,3102,0,2.867,ECONNREFUSED
19073.3,heavy,3103,1,1.780,
19076.7,heavy,3101,0,3.809,
19080.0,heavy,3102,0,2.166,ECONNREFUSED
19083.3,heavy,3103,1,1.814,
19086.7,heavy,3101,0,2.865,
19090.0,heavy,3102,0,2.432,ECONNREFUSED
19093.3,heavy,3103,1,1.652,
19096.7,heavy,3101,1,6.066,
19100.0,light-2,3103,1,2.636,
19100.0,light-1,3102,0,3.740,ECONNREFUSED
19100.0,light-4,3102,0,4.267,ECONNREFUSED
19100.0,light-5,3103,1,4.414,
19100.0,light-3,3101,1,6.344,
19100.0,heavy,3102,0,3.762,ECONNREFUSED
19103.3,heavy,3103,1,1.710,
19106.7,heavy,3101,0,5.624,
19110.0,heavy,3101,0,3.492,
19113.3,heavy,3102,0,2.381,ECONNREFUSED
19116.7,heavy,3103,0,1.037,
19120.0,heavy,3101,1,4.031,
19123.3,heavy,3102,0,1.977,ECONNREFUSED
19126.7,heavy,3103,0,1.071,
19130.0,heavy,3101,0,3.877,
19133.3,heavy,3102,0,3.172,ECONNREFUSED
19136.7,heavy,3103,1,1.919,
19140.0,heavy,3101,0,2.204,
19143.3,heavy,3102,0,3.228,ECONNREFUSED
19146.7,heavy,3103,1,1.609,
19150.0,heavy,3101,1,3.305,
19153.3,heavy,3102,0,3.074,ECONNREFUSED
19156.7,heavy,3103,0,1.037,
19160.0,heavy,3101,1,3.639,
19163.3,heavy,3102,0,2.564,ECONNREFUSED
19166.7,heavy,3103,1,1.547,
19170.0,heavy,3101,0,2.218,
19173.3,heavy,3102,0,4.038,ECONNREFUSED
19176.7,heavy,3103,1,2.515,
19180.0,heavy,3101,0,4.056,
19183.3,heavy,3102,0,4.341,ECONNREFUSED
19186.7,heavy,3103,0,1.665,
19190.0,heavy,3101,1,5.935,
19193.3,heavy,3102,0,6.052,ECONNREFUSED
19196.7,heavy,3103,1,2.917,
19200.0,light-2,3103,1,2.517,
19200.0,light-5,3103,1,3.100,
19200.0,light-3,3101,1,3.444,
19200.0,light-1,3102,0,5.760,ECONNREFUSED
19200.0,light-4,3102,0,5.514,ECONNREFUSED
19200.0,heavy,3101,0,5.678,
19203.3,heavy,3101,0,3.135,
19206.7,heavy,3102,0,2.400,ECONNREFUSED
19210.0,heavy,3103,1,1.537,
19213.3,heavy,3101,0,3.068,
19216.7,heavy,3102,0,1.989,ECONNREFUSED
19220.0,heavy,3103,1,1.471,
19223.3,heavy,3101,0,3.153,
19226.7,heavy,3102,0,3.377,ECONNREFUSED
19230.0,heavy,3103,1,2.279,
19233.3,heavy,3101,0,3.300,
19236.7,heavy,3102,0,2.126,ECONNREFUSED
19240.0,heavy,3103,1,1.773,
19243.3,heavy,3101,0,3.127,
19246.7,heavy,3102,0,2.580,ECONNREFUSED
19250.0,heavy,3103,1,2.308,
19253.3,heavy,3101,0,3.506,
19256.7,heavy,3102,0,3.057,ECONNREFUSED
19260.0,heavy,3103,1,2.530,
19263.3,heavy,3101,0,2.107,
19266.7,heavy,3102,0,5.626,ECONNREFUSED
19270.0,heavy,3103,1,2.807,
19273.3,heavy,3101,0,4.703,
19276.7,heavy,3102,0,5.236,ECONNREFUSED
19280.0,heavy,3103,1,2.059,
19283.3,heavy,3101,0,3.005,
19286.7,heavy,3102,0,2.467,ECONNREFUSED
19290.0,heavy,3103,1,1.200,
19293.3,heavy,3101,0,3.009,
19296.7,heavy,3102,0,2.317,ECONNREFUSED
19300.0,light-4,3103,1,4.483,
19300.0,light-5,3101,1,5.244,
19300.0,light-3,3102,0,5.863,ECONNREFUSED
19300.0,light-1,3103,1,7.164,
19300.0,light-2,3101,1,7.322,
19300.0,heavy,3103,1,3.600,
19303.3,heavy,3101,1,7.252,
19306.7,heavy,3102,0,5.934,ECONNREFUSED
19310.0,heavy,3102,0,5.406,ECONNREFUSED
19313.3,heavy,3103,0,3.408,
19316.7,heavy,3101,0,3.355,
19320.0,heavy,3102,0,2.419,ECONNREFUSED
19323.3,heavy,3103,1,1.343,
19326.7,heavy,3101,0,3.144,
19330.0,heavy,3102,0,2.998,ECONNREFUSED
19333.3,heavy,3103,1,3.020,
19336.7,heavy,3101,1,5.709,
19340.0,heavy,3102,0,3.143,ECONNREFUSED
19343.3,heavy,3103,0,2.147,
19346.7,heavy,3101,0,3.741,
19350.0,heavy,3102,0,3.238,ECONNREFUSED
19353.3,heavy,3103,1,1.245,
19356.7,heavy,3101,0,2.373,
19360.0,heavy,3102,0,4.299,ECONNREFUSED
19363.3,heavy,3103,1,1.901,
19366.7,heavy,3101,1,4.907,
19370.0,heavy,3102,0,4.648,ECONNREFUSED
19373.3,heavy,3103,0,1.946,
19376.7,heavy,3101,0,2.995,
19380.0,heavy,3102,0,2.404,ECONNREFUSED
19383.3,heavy,3103,1,1.392,
19386.7,heavy,3101,0,3.280,
19390.0,heavy,3102,0,2.118,ECONNREFUSED
19393.3,heavy,3103,1,2.788,
19396.7,heavy,3101,1,5.751,
19400.0,light-1,3103,1,2.832,
19400.0,light-4,3103,1,3.472,
19400.0,light-2,3101,1,4.071,
19400.0,light-5,3101,1,4.624,
19400.0,light-3,3102,0,5.230,ECONNREFUSED
19400.0,heavy,3102,0,5.311,ECONNREFUSED
19403.3,heavy,3102,0,5.032,ECONNREFUSED
19406.7,heavy,3103,0,2.198,
19410.0,heavy,3101,0,3.173,
19413.3,heavy,3102,0,2.393,ECONNREFUSED
19416.7,heavy,3103,1,1.237,
19420.0,heavy,3101,1,3.144,
19423.3,heavy,3102,0,2.268,ECONNREFUSED
19426.7,heavy,3103,1,1.540,
19430.0,heavy,3101,0,3.503,
19433.3,heavy,3102,0,2.578,ECONNREFUSED
19436.7,heavy,3103,0,1.262,
19440.0,heavy,3101,0,3.453,
19443.3,heavy,3102,0,2.796,ECONNREFUSED
19446.7,heavy,3103,1,1.573,
19450.0,heavy,3101,1,4.000,
19453.3,heavy,3102,0,2.076,ECONNREFUSED
19456.7,heavy,3103,1,1.846,
19460.0,heavy,3101,0,3.741,
19463.3,heavy,3102,0,3.007,ECONNREFUSED
19466.7,heavy,3103,0,1.238,
19470.0,heavy,3101,1,3.839,
19473.3,heavy,3102,0,2.775,ECONNREFUSED
19476.7,heavy,3103,1,1.757,
19480.0,heavy,3101,0,2.854,
19483.3,heavy,3102,0,2.263,ECONNREFUSED
19486.7,heavy,3103,1,2.267,
19490.0,heavy,3101,0,3.811,
19493.3,heavy,3102,0,3.238,ECONNREFUSED
19496.7,heavy,3103,0,1.502,
19500.0,light-2,3103,1,3.092,
19500.0,light-5,3103,1,3.076,
19500.0,light-3,3101,1,4.266,
19500.0,light-1,3102,0,6.057,ECONNREFUSED
19500.0,light-4,3102,0,6.664,ECONNREFUSED
19500.0,heavy,3101,1,6.328,
19503.3,heavy,3102,0,5.742,ECONNREFUSED
19506.7,heavy,3103,1,2.490,
19510.0,heavy,3101,0,5.896,
19513.3,heavy,3101,0,5.519,
19516.7,heavy,3102,0,2.079,ECONNREFUSED
19520.0,heavy,3103,0,0.836,
19523.3,heavy,3101,1,3.679,
19526.7,heavy,3102,0,2.610,ECONNREFUSED
19530.0,heavy,3103,1,2.592,
19533.3,heavy,3101,0,3.440,
19536.7,heavy,3102,0,2.801,ECONNREFUSED
19540.0,heavy,3103,1,2.303,
19543.3,heavy,3101,0,2.292,
19546.7,heavy,3102,0,3.647,ECONNREFUSED
19550.0,heavy,3103,1,1.443,
19553.3,heavy,3101,0,3.670,
19556.7,heavy,3102,0,4.092,ECONNREFUSED
19560.0,heavy,3103,0,1.880,
19563.3,heavy,3101,1,4.270,
19566.7,heavy,3102,0,3.081,ECONNREFUSED
19570.0,heavy,3103,1,1.866,
19573.3,heavy,3101,0,2.689,
19576.7,heavy,3102,0,2.927,ECONNREFUSED
19580.0,heavy,3103,1,2.247,
19583.3,heavy,3101,0,3.903,
19586.7,heavy,3102,0,3.091,ECONNREFUSED
19590.0,heavy,3103,0,1.389,
19593.3,heavy,3101,1,6.753,
19596.7,heavy,3102,0,6.297,ECONNREFUSED
19600.0,light-2,3103,1,3.351,
19600.0,light-5,3103,1,3.930,
19600.0,light-3,3101,1,5.069,
19600.0,light-1,3102,0,6.570,ECONNREFUSED
19600.0,light-4,3102,0,6.478,ECONNREFUSED
19600.0,heavy,3103,1,2.847,
19603.3,heavy,3101,0,6.359,
19606.7,heavy,3101,0,4.782,
19610.0,heavy,3102,0,3.674,ECONNREFUSED
19613.3,heavy,3103,1,0.955,
19616.7,heavy,3101,1,3.935,
19620.0,heavy,3102,0,2.509,ECONNREFUSED
19623.3,heavy,3103,0,1.450,
19626.7,heavy,3101,0,3.971,
19630.0,heavy,3102,0,3.189,ECONNREFUSED
19633.3,heavy,3103,1,1.876,
19636.7,heavy,3101,0,2.199,
19640.0,heavy,3102,0,4.006,ECONNREFUSED
19643.3,heavy,3103,1,1.989,
19646.7,heavy,3101,1,4.498,
19650.0,heavy,3102,0,4.269,ECONNREFUSED
19653.3,heavy,3103,0,1.575,
19656.7,heavy,3101,0,3.452,
19660.0,heavy,3102,0,2.415,ECONNREFUSED
19663.3,heavy,3103,1,1.281,
19666.7,heavy,3101,0,3.037,
19670.0,heavy,3102,0,4.453,ECONNREFUSED
19673.3,heavy,3103,1,1.859,
19676.7,heavy,3101,0,4.156,
19680.0,heavy,3102,0,4.405,ECONNREFUSED
19683.3,heavy,3103,1,2.317,
19686.7,heavy,3101,0,3.147,
19690.0,heavy,3102,0,2.067,ECONNREFUSED
19693.3,heavy,3103,1,1.371,
19696.7,heavy,3101,0,3.494,
19700.0,heavy,3102,0,5.079,ECONNREFUSED
19700.0,light-2,3101,1,2.305,
19700.0,light-1,3103,1,2.499,
19700.0,light-5,3101,1,2.828,
19700.0,light-4,3103,1,2.985,
19700.0,light-3,3102,0,4.490,ECONNREFUSED
19703.3,heavy,3102,0,5.065,ECONNREFUSED
19706.7,heavy,3103,1,1.376,
19710.0,heavy,3101,1,4.542,
19713.3,heavy,3102,0,2.859,ECONNREFUSED
19716.7,heavy,3103,0,1.500,
19720.0,heavy,3101,0,3.447,
19723.3,heavy,3102,0,2.957,ECONNREFUSED
19726.7,heavy,3103,1,1.505,
19730.0,heavy,3101,1,3.077,
19733.3,heavy,3102,0,1.994,ECONNREFUSED
19736.7,heavy,3103,1,1.869,
19740.0,heavy,3101,0,3.041,
19743.3,heavy,3102,0,2.360,ECONNREFUSED
19746.7,heavy,3103,0,0.917,
19750.0,heavy,3101,1,4.108,
19753.3,heavy,3102,0,2.747,ECONNREFUSED
19756.7,heavy,3103,1,1.647,
19760.0,heavy,3101,0,3.701,
19763.3,heavy,3102,0,2.547,ECONNREFUSED
19766.7,heavy,3103,1,1.916,
19770.0,heavy,3101,0,3.201,
19773.3,heavy,3102,0,2.687,ECONNREFUSED
19776.7,heavy,3103,0,1.191,
19780.0,heavy,3101,1,4.483,
19783.3,heavy,3102,0,3.122,ECONNREFUSED
19786.7,heavy,3103,1,1.575,
19790.0,heavy,3101,0,4.122,
19793.3,heavy,3102,0,3.013,ECONNREFUSED
19796.7,heavy,3103,0,1.142,
19800.0,heavy,3101,0,7.140,
19800.0,light-3,3103,1,3.974,
19800.0,light-1,3101,1,4.976,
19800.0,light-2,3102,0,6.133,ECONNREFUSED
19800.0,light-5,3102,0,6.146,ECONNREFUSED
19800.0,light-4,3101,1,7.741,
19803.3,heavy,3102,0,7.151,ECONNREFUSED
19806.7,heavy,3103,1,3.241,
19810.0,heavy,3103,0,3.280,
19813.3,heavy,3101,1,4.126,
19816.7,heavy,3102,0,3.094,ECONNREFUSED
19820.0,heavy,3103,1,1.868,
19823.3,heavy,3101,0,3.652,
19826.7,heavy,3102,0,3.820,ECONNREFUSED
19830.0,heavy,3103,1,1.859,
19833.3,heavy,3101,0,3.347,
19836.7,heavy,3102,0,3.190,ECONNREFUSED
19840.0,heavy,3103,0,1.586,
19843.3,heavy,3101,1,4.066,
19846.7,heavy,3102,0,2.077,ECONNREFUSED
19850.0,heavy,3103,1,1.629,
19853.3,heavy,3101,0,4.150,
19856.7,heavy,3102,0,2.212,ECONNREFUSED
19860.0,heavy,3103,1,2.216,
19863.3,heavy,3101,0,3.381,
19866.7,heavy,3102,0,2.575,ECONNREFUSED
19870.0,heavy,3103,1,1.600,
19873.3,heavy,3101,0,3.751,
19876.7,heavy,3102,0,3.025,ECONNREFUSED
19880.0,heavy,3103,1,1.499,
19883.3,heavy,3101,0,3.461,
19886.7,heavy,3102,0,2.678,ECONNREFUSED
19890.0,heavy,3103,1,2.170,
19893.3,heavy,3101,0,6.361,
19896.7,heavy,3102,0,6.099,ECONNREFUSED
19900.0,heavy,3103,1,3.321,
19900.0,light-3,3103,1,3.659,
19900.0,light-1,3101,1,4.666,
19900.0,light-4,3101,1,5.362,
19900.0,light-2,3102,0,7.262,ECONNREFUSED
19900.0,light-5,3102,0,7.330,ECONNREFUSED
19903.3,heavy,3103,0,3.648,
19906.7,heavy,3101,0,3.063,
19910.0,heavy,3102,0,2.436,ECONNREFUSED
19913.3,heavy,3103,1,1.270,
19916.7,heavy,3101,0,3.486,
19920.0,heavy,3102,0,2.425,ECONNREFUSED
19923.3,heavy,3103,1,1.088,
19926.7,heavy,3101,1,4.141,
19930.0,heavy,3102,0,2.491,ECONNREFUSED
19933.3,heavy,3103,0,1.408,
19936.7,heavy,3101,0,19.437,
19940.0,heavy,3102,0,2.971,ECONNREFUSED
19943.3,heavy,3103,1,1.924,
19946.7,heavy,3101,0,17.892,
19950.0,heavy,3102,0,3.914,ECONNREFUSED
19953.3,heavy,3103,1,1.775,
19956.7,heavy,3101,0,5.968,
19960.0,heavy,3102,0,4.612,ECONNREFUSED
19963.3,heavy,3103,1,2.107,
19966.7,heavy,3101,0,4.891,
19970.0,heavy,3102,0,1.889,ECONNREFUSED
19973.3,heavy,3103,1,1.255,
19976.7,heavy,3101,0,4.807,
19980.0,heavy,3102,0,4.072,ECONNREFUSED
19983.3,heavy,3103,1,2.287,
19986.7,heavy,3101,0,4.395,
19990.0,heavy,3102,0,4.605,ECONNREFUSED
19993.3,heavy,3103,1,1.812,
19996.7,heavy,3101,0,2.454,
20000.0,heavy,3102,0,7.039,ECONNREFUSED
20000.0,light-1,3101,1,3.012,
20000.0,light-3,3103,1,3.650,
20000.0,light-4,3101,1,3.745,
20000.0,light-5,3102,0,6.493,ECONNREFUSED
20000.0,light-2,3102,0,6.818,ECONNREFUSED
20003.3,heavy,3103,1,2.879,
20006.7,heavy,3103,0,3.938,
20010.0,heavy,3101,1,5.268,
20013.3,heavy,3102,0,4.255,ECONNREFUSED
20016.7,heavy,3103,0,1.718,
20020.0,heavy,3101,1,5.130,
20023.3,heavy,3102,0,3.402,ECONNREFUSED
20026.7,heavy,3103,0,1.664,
20030.0,heavy,3101,1,4.200,
20033.3,heavy,3102,0,2.751,ECONNREFUSED
20036.7,heavy,3103,0,1.755,
20040.0,heavy,3101,1,4.176,
20043.3,heavy,3102,0,3.665,ECONNREFUSED
20046.7,heavy,3103,1,1.791,
20050.0,heavy,3101,0,4.444,
20053.3,heavy,3102,0,2.877,ECONNREFUSED
20056.7,heavy,3103,0,0.983,
20060.0,heavy,3101,0,3.565,
20063.3,heavy,3102,0,2.882,ECONNREFUSED
20066.7,heavy,3103,1,1.796,
20070.0,heavy,3101,0,1.997,
20073.3,heavy,3102,0,3.835,ECONNREFUSED
20076.7,heavy,3103,1,1.791,
20080.0,heavy,3101,1,4.245,
20083.3,heavy,3102,0,4.049,ECONNREFUSED
20086.7,heavy,3103,0,1.570,
20090.0,heavy,3101,1,5.448,
20093.3,heavy,3102,0,5.016,ECONNREFUSED
20096.7,heavy,3103,1,2.222,
20100.0,heavy,3101,0,5.509,
20100.0,light-2,3103,1,2.723,
20100.0,light-5,3103,1,2.680,
20100.0,light-3,3101,1,3.807,
20100.0,light-1,3102,0,5.263,ECONNREFUSED
20100.0,light-4,3102,0,7.253,ECONNREFUSED
20103.3,heavy,3101,0,3.649,
20106.7,heavy,3102,0,2.816,ECONNREFUSED
20110.0,heavy,3103,1,1.400,
20113.3,heavy,3101,0,2.922,
20116.7,heavy,3102,0,2.418,ECONNREFUSED
20120.0,heavy,3103,1,2.061,
20123.3,heavy,3101,1,3.720,
20126.7,heavy,3102,0,3.209,ECONNREFUSED
20130.0,heavy,3103,0,1.035,
20133.3,heavy,3101,0,3.292,
20136.7,heavy,3102,0,2.240,ECONNREFUSED
20140.0,heavy,3103,1,1.368,
20143.3,heavy,3101,0,3.264,
20146.7,heavy,3102,0,2.389,ECONNREFUSED
20150.0,heavy,3103,1,1.845,
20153.3,heavy,3101,0,3.235,
20156.7,heavy,3102,0,2.747,ECONNREFUSED
20160.0,heavy,3103,1,2.280,
20163.3,heavy,3101,0,2.814,
20166.7,heavy,3102,0,3.654,ECONNREFUSED
20170.0,heavy,3103,1,1.847,
20173.3,heavy,3101,0,3.929,
20176.7,heavy,3102,0,3.839,ECONNREFUSED
20180.0,heavy,3103,0,1.240,
20183.3,heavy,3101,1,3.893,
20186.7,heavy,3102,0,2.823,ECONNREFUSED
20190.0,heavy,3103,1,1.428,
20193.3,heavy,3101,0,3.395,
20196.7,heavy,3102,0,2.614,ECONNREFUSED
20200.0,heavy,3103,1,1.927,
20200.0,light-1,3101,1,2.737,
20200.0,light-4,3101,1,3.800,
20200.0,light-3,3103,1,4.000,
20200.0,light-2,3102,0,5.190,ECONNREFUSED
20200.0,light-5,3102,0,5.857,ECONNREFUSED
20203.3,heavy,3103,0,2.362,
20206.7,heavy,3101,0,2.700,
20210.0,heavy,3102,0,4.217,ECONNREFUSED
20213.3,heavy,3103,1,2.216,
20216.7,heavy,3101,1,4.487,
20220.0,heavy,3102,0,3.536,ECONNREFUSED
20223.3,heavy,3103,0,1.724,
20226.7,heavy,3101,0,2.488,
20230.0,heavy,3102,0,2.996,ECONNREFUSED
20233.3,heavy,3103,1,1.386,
20236.7,heavy,3101,0,3.020,
20240.0,heavy,3102,0,2.181,ECONNREFUSED
20243.3,heavy,3103,1,2.017,
20246.7,heavy,3101,0,3.589,
20250.0,heavy,3102,0,2.820,ECONNREFUSED
20253.3,heavy,3103,1,1.715,
20256.7,heavy,3101,0,2.881,
20260.0,heavy,3102,0,3.359,ECONNREFUSED
20263.3,heavy,3103,1,1.203,
20266.7,heavy,3101,0,3.216,
20270.0,heavy,3102,0,3.052,ECONNREFUSED
20273.3,heavy,3103,1,1.711,
20276.7,heavy,3101,0,3.552,
20280.0,heavy,3102,0,2.723,ECONNREFUSED
20283.3,heavy,3103,1,2.222,
20286.7,heavy,3101,0,3.174,
20290.0,heavy,3102,0,2.627,ECONNREFUSED
20293.3,heavy,3103,1,1.136,
20296.7,heavy,3101,0,4.957,
20300.0,heavy,3102,0,4.506,ECONNREFUSED
20300.0,light-2,3101,1,2.170,
20300.0,light-1,3103,1,2.393,
20300.0,light-4,3103,1,2.359,
20300.0,light-5,3101,1,2.408,
20300.0,light-3,3102,0,4.093,ECONNREFUSED
20303.3,heavy,3102,0,2.005,ECONNREFUSED
20306.7,heavy,3103,1,2.185,
20310.0,heavy,3101,1,3.425,
20313.3,heavy,3102,0,2.861,ECONNREFUSED
20316.7,heavy,3103,0,1.235,
20320.0,heavy,3101,1,4.242,
20323.3,heavy,3102,0,2.957,ECONNREFUSED
20326.7,heavy,3103,1,1.529,
20330.0,heavy,3101,0,3.936,
20333.3,heavy,3102,0,2.968,ECONNREFUSED
20336.7,heavy,3103,0,1.003,
20340.0,heavy,3101,1,5.060,
20343.3,heavy,3102,0,4.599,ECONNREFUSED
20346.7,heavy,3103,0,2.062,
20350.0,heavy,3101,0,2.229,
20353.3,heavy,3102,0,4.563,ECONNREFUSED
20356.7,heavy,3103,1,2.623,
20360.0,heavy,3101,1,5.090,
20363.3,heavy,3102,0,3.211,ECONNREFUSED
20366.7,heavy,3103,0,1.254,
20370.0,heavy,3101,0,3.419,
20373.3,heavy,3102,0,2.828,ECONNREFUSED
20376.7,heavy,3103,1,1.129,
20380.0,heavy,3101,1,3.518,
20383.3,heavy,3102,0,2.653,ECONNREFUSED
20386.7,heavy,3103,0,1.240,
20390.0,heavy,3101,1,4.331,
20393.3,heavy,3102,0,3.695,ECONNREFUSED
20396.7,heavy,3103,0,1.450,
20400.0,heavy,3101,0,6.555,
20400.0,light-1,3101,1,3.669,
20400.0,light-4,3101,1,4.381,
20400.0,light-3,3103,1,4.561,
20400.0,light-2,3102,0,5.223,ECONNREFUSED
20400.0,light-5,3102,0,6.004,ECONNREFUSED
20403.3,heavy,3102,0,5.324,ECONNREFUSED
20406.7,heavy,3103,1,3.564,
20410.0,heavy,3103,0,2.923,
20413.3,heavy,3101,1,4.159,
20416.7,heavy,3102,0,2.332,ECONNREFUSED
20420.0,heavy,3103,0,1.012,
20423.3,heavy,3101,1,4.617,
20426.7,heavy,3102,0,3.345,ECONNREFUSED
20430.0,heavy,3103,1,2.260,
20433.3,heavy,3101,0,4.173,
20436.7,heavy,3102,0,3.759,ECONNREFUSED
20440.0,heavy,3103,0,1.396,
20443.3,heavy,3101,1,2.787,
20446.7,heavy,3102,0,2.850,ECONNREFUSED
20450.0,heavy,3103,1,1.417,
20453.3,heavy,3101,0,3.305,
20456.7,heavy,3102,0,1.927,ECONNREFUSED
20460.0,heavy,3103,1,1.597,
20463.3,heavy,3101,0,3.772,
20466.7,heavy,3102,0,3.114,ECONNREFUSED
20470.0,heavy,3103,0,1.026,
20473.3,heavy,3101,1,4.727,
20476.7,heavy,3102,0,3.099,ECONNREFUSED
20480.0,heavy,3103,1,1.545,
20483.3,heavy,3101,0,4.238,
20486.7,heavy,3102,0,2.532,ECONNREFUSED
20490.0,heavy,3103,1,2.044,
20493.3,heavy,3101,0,3.592,
20496.7,heavy,3102,0,4.415,ECONNREFUSED
20500.0,heavy,3103,1,2.319,
20500.0,light-1,3101,1,2.082,
20500.0,light-4,3101,1,2.373,
20500.0,light-3,3103,1,2.538,
20500.0,light-2,3102,0,5.747,ECONNREFUSED
20500.0,light-5,3102,0,5.701,ECONNREFUSED
20503.3,heavy,3103,0,2.394,
20506.7,heavy,3101,0,3.580,
20510.0,heavy,3102,0,2.012,ECONNREFUSED
20513.3,heavy,3103,1,1.143,
20516.7,heavy,3101,1,4.880,
20520.0,heavy,3102,0,3.513,ECONNREFUSED
20523.3,heavy,3103,1,1.866,
20526.7,heavy,3101,0,4.478,
20530.0,heavy,3102,0,4.017,ECONNREFUSED
20533.3,heavy,3103,0,1.504,
20536.7,heavy,3101,0,3.777,
20540.0,heavy,3102,0,3.130,ECONNREFUSED
20543.3,heavy,3103,1,2.065,
20546.7,heavy,3101,0,2.104,
20550.0,heavy,3102,0,4.258,ECONNREFUSED
20553.3,heavy,3103,1,2.617,
20556.7,heavy,3101,1,4.609,
20560.0,heavy,3102,0,4.277,ECONNREFUSED
20563.3,heavy,3103,0,2.193,
20566.7,heavy,3101,0,2.902,
20570.0,heavy,3102,0,3.278,ECONNREFUSED
20573.3,heavy,3103,1,1.190,
20576.7,heavy,3101,0,3.275,
20580.0,heavy,3102,0,2.605,ECONNREFUSED
20583.3,heavy,3103,1,1.465,
20586.7,heavy,3101,1,3.694,
20590.0,heavy,3102,0,1.968,ECONNREFUSED
20593.3,heavy,3103,0,1.063,
20596.7,heavy,3101,0,8.154,
20600.0,heavy,3102,0,7.342,ECONNREFUSED
20600.0,light-3,3103,1,4.609,
20600.0,light-1,3101,1,6.495,
20600.0,light-4,3101,1,6.454,
20600.0,light-2,3102,0,7.305,ECONNREFUSED
20600.0,light-5,3102,0,8.537,ECONNREFUSED
20603.3,heavy,3103,1,3.177,
20606.7,heavy,3103,0,3.633,
20610.0,heavy,3101,1,4.409,
20613.3,heavy,3102,0,3.359,ECONNREFUSED
20616.7,heavy,3103,0,1.213,
20620.0,heavy,3101,1,3.854,
20623.3,heavy,3102,0,2.658,ECONNREFUSED
20626.7,heavy,3103,0,1.019,
20630.0,heavy,3101,0,3.330,
20633.3,heavy,3102,0,2.373,ECONNREFUSED
20636.7,heavy,3103,1,1.380,
20640.0,heavy,3101,1,3.931,
20643.3,heavy,3102,0,2.719,ECONNREFUSED
20646.7,heavy,3103,0,0.950,
20650.0,heavy,3101,1,4.224,
20653.3,heavy,3102,0,2.586,ECONNREFUSED
20656.7,heavy,3103,0,0.809,
20660.0,heavy,3101,0,3.630,
20663.3,heavy,3102,0,3.164,ECONNREFUSED
20666.7,heavy,3103,1,1.730,
20670.0,heavy,3101,1,3.932,
20673.3,heavy,3102,0,2.783,ECONNREFUSED
20676.7,heavy,3103,0,1.455,
20680.0,heavy,3101,1,4.335,
20683.3,heavy,3102,0,2.561,ECONNREFUSED
20686.7,heavy,3103,0,1.003,
20690.0,heavy,3101,0,3.821,
20693.3,heavy,3102,0,3.395,ECONNREFUSED
20696.7,heavy,3103,1,1.326,
20700.0,heavy,3101,1,6.655,
20700.0,light-2,3103,1,1.732,
20700.0,light-1,3102,0,4.728,ECONNREFUSED
20700.0,light-4,3102,0,5.067,ECONNREFUSED
20700.0,light-5,3103,1,5.240,
20700.0,light-3,3101,1,6.548,
20703.3,heavy,3101,0,4.208,
20706.7,heavy,3102,0,2.360,ECONNREFUSED
20710.0,heavy,3103,1,1.264,
20713.3,heavy,3101,0,3.011,
20716.7,heavy,3102,0,2.289,ECONNREFUSED
20720.0,heavy,3103,1,1.516,
20723.3,heavy,3101,0,4.717,
20726.7,heavy,3102,0,3.749,ECONNREFUSED
20730.0,heavy,3103,1,1.391,
20733.3,heavy,3101,0,3.406,
20736.7,heavy,3102,0,2.190,ECONNREFUSED
20740.0,heavy,3103,1,1.435,
20743.3,heavy,3101,0,3.311,
20746.7,heavy,3102,0,1.908,ECONNREFUSED
20750.0,heavy,3103,1,1.658,
20753.3,heavy,3101,0,4.202,
20756.7,heavy,3102,0,2.832,ECONNREFUSED
20760.0,heavy,3103,1,1.771,
20763.3,heavy,3101,0,3.575,
20766.7,heavy,3102,0,1.997,ECONNREFUSED
20770.0,heavy,3103,1,1.425,
20773.3,heavy,3101,0,3.594,
20776.7,heavy,3102,0,3.365,ECONNREFUSED
20780.0,heavy,3103,1,2.227,
20783.3,heavy,3101,0,5.640,
20786.7,heavy,3102,0,3.640,ECONNREFUSED
20790.0,heavy,3103,1,3.041,
20793.3,heavy,3101,0,3.494,
20796.7,heavy,3102,0,2.301,ECONNREFUSED
20800.0,heavy,3103,1,2.280,
20800.0,light-2,3103,1,2.378,
20800.0,light-5,3103,1,2.367,
20800.0,light-3,3101,1,2.679,
20800.0,light-4,3102,0,6.793,ECONNREFUSED
20800.0,light-1,3102,0,9.721,ECONNREFUSED
20803.3,heavy,3101,0,4.134,
20806.7,heavy,3101,0,3.687,
20810.0,heavy,3102,0,3.822,ECONNREFUSED
20813.3,heavy,3103,1,1.696,
20816.7,heavy,3101,1,3.809,
20820.0,heavy,3102,0,2.653,ECONNREFUSED
20823.3,heavy,3103,0,1.822,
20826.7,heavy,3101,0,3.006,
20830.0,heavy,3102,0,2.440,ECONNREFUSED
20833.3,heavy,3103,1,1.356,
20836.7,heavy,3101,0,2.751,
20840.0,heavy,3102,0,3.797,ECONNREFUSED
20843.3,heavy,3103,1,1.416,
20846.7,heavy,3101,0,3.709,
20850.0,heavy,3102,0,3.925,ECONNREFUSED
20853.3,heavy,3103,1,1.953,
20856.7,heavy,3101,0,4.963,
20860.0,heavy,3102,0,4.057,ECONNREFUSED
20863.3,heavy,3103,1,2.352,
20866.7,heavy,3101,0,4.675,
20870.0,heavy,3102,0,4.235,ECONNREFUSED
20873.3,heavy,3103,1,1.363,
20876.7,heavy,3101,0,4.211,
20880.0,heavy,3102,0,5.723,ECONNREFUSED
20883.3,heavy,3103,1,1.552,
20886.7,heavy,3101,0,3.901,
20890.0,heavy,3102,0,6.067,ECONNREFUSED
20893.3,heavy,3103,1,1.004,
20896.7,heavy,3101,0,3.081,
20900.0,heavy,3102,0,4.384,ECONNREFUSED
20900.0,light-5,3101,1,3.497,
20900.0,light-3,3102,0,4.187,ECONNREFUSED
20900.0,light-4,3103,1,4.961,
20900.0,light-2,3101,1,5.324,
20900.0,light-1,3103,1,5.543,
20903.3,heavy,3102,0,4.637,ECONNREFUSED
20906.7,heavy,3103,1,1.344,
20910.0,heavy,3101,1,4.390,
20913.3,heavy,3102,0,2.997,ECONNREFUSED
20916.7,heavy,3103,1,1.507,
20920.0,heavy,3101,0,3.974,
20923.3,heavy,3102,0,3.358,ECONNREFUSED
20926.7,heavy,3103,0,1.140,
20930.0,heavy,3101,1,4.585,
20933.3,heavy,3102,0,2.359,ECONNREFUSED
20936.7,heavy,3103,1,1.288,
20940.0,heavy,3101,0,4.440,
20943.3,heavy,3102,0,2.385,ECONNREFUSED
20946.7,heavy,3103,1,1.971,
20950.0,heavy,3101,0,3.263,
20953.3,heavy,3102,0,2.504,ECONNREFUSED
20956.7,heavy,3103,0,1.008,
20960.0,heavy,3101,1,4.096,
20963.3,heavy,3102,1,13.691,
20966.7,heavy,3103,1,1.720,
20970.0,heavy,3101,0,4.240,
20973.3,heavy,3102,1,17.478,
20976.7,heavy,3103,1,1.085,
20980.0,heavy,3101,0,3.405,
20983.3,heavy,3102,1,2.841,
20986.7,heavy,3103,0,0.874,
20990.0,heavy,3101,1,5.188,
20993.3,heavy,3102,1,2.710,
20996.7,heavy,3103,0,1.181,
21000.0,heavy,3101,1,1.384,
21000.0,light-2,3103,1,1.451,
21000.0,light-3,3101,1,1.602,
21000.0,light-5,3103,1,1.790,
21000.0,light-1,3102,1,57.075,
21000.0,light-4,3102,1,58.569,
21003.3,heavy,3101,1,2.422,
21006.7,heavy,3102,1,49.821,
21010.0,heavy,3103,1,2.046,
21013.3,heavy,3101,1,2.083,
21016.7,heavy,3102,1,49.776,
21020.0,heavy,3103,1,2.119,
21023.3,heavy,3101,1,2.017,
21026.7,heavy,3102,1,36.733,
21030.0,heavy,3103,1,1.989,
21033.3,heavy,3101,1,1.000,
21036.7,heavy,3102,1,21.365,
21040.0,heavy,3103,1,2.209,
21043.3,heavy,3101,1,2.007,
21046.7,heavy,3102,1,21.963,
21050.0,heavy,3103,1,1.112,
21053.3,heavy,3101,1,1.368,
21056.7,heavy,3102,1,12.282,
21060.0,heavy,3103,1,1.274,
21063.3,heavy,3101,1,2.021,
21066.7,heavy,3102,1,18.931,
21070.0,heavy,3103,1,0.996,
21073.3,heavy,3101,1,1.522,
21076.7,heavy,3102,1,8.608,
21080.0,heavy,3103,1,1.321,
21083.3,heavy,3101,1,1.132,
21086.7,heavy,3102,1,2.325,
21090.0,heavy,3103,1,1.327,
21093.3,heavy,3101,1,1.252,
21096.7,heavy,3102,1,3.579,
21100.0,heavy,3103,1,2.736,
21100.0,light-1,3101,1,3.607,
21100.0,light-3,3103,1,3.625,
21100.0,light-4,3101,1,9.297,
21100.0,light-2,3102,1,30.173,
21100.0,light-5,3102,1,38.014,
21103.3,heavy,3101,1,3.410,
21106.7,heavy,3102,1,4.011,
21110.0,heavy,3103,1,3.528,
21113.3,heavy,3103,1,2.740,
21116.7,heavy,3101,1,3.612,
21120.0,heavy,3102,1,8.313,
21123.3,heavy,3103,1,1.613,
21126.7,heavy,3101,1,5.883,
21130.0,heavy,3102,1,11.799,
21133.3,heavy,3103,1,0.824,
21136.7,heavy,3101,1,1.356,
21140.0,heavy,3102,1,3.124,
21143.3,heavy,3103,1,0.855,
21146.7,heavy,3101,1,1.300,
21150.0,heavy,3102,1,2.219,
21153.3,heavy,3103,1,1.805,
21156.7,heavy,3101,1,1.420,
21160.0,heavy,3102,1,2.800,
21163.3,heavy,3103,1,1.893,
21166.7,heavy,3101,1,2.617,
21170.0,heavy,3102,1,1.520,
21173.3,heavy,3103,1,1.243,
21176.7,heavy,3101,1,1.093,
21180.0,heavy,3102,1,1.335,
21183.3,heavy,3103,1,1.483,
21186.7,heavy,3101,1,1.445,
21190.0,heavy,3102,1,1.600,
21193.3,heavy,3103,1,1.483,
21196.7,heavy,3101,1,1.807,
21200.0,heavy,3102,1,1.895,
21200.0,light-1,3103,1,1.926,
21200.0,light-2,3101,1,1.978,
21200.0,light-4,3103,1,2.015,
21200.0,light-5,3101,1,2.078,
21200.0,light-3,3102,1,7.747,
21203.3,heavy,3103,1,1.670,
21206.7,heavy,3101,1,1.931,
21210.0,heavy,3102,1,2.334,
21213.3,heavy,3102,1,1.785,
21216.7,heavy,3103,1,1.169,
21220.0,heavy,3101,1,0.902,
21223.3,heavy,3102,1,1.605,
21226.7,heavy,3103,1,1.029,
21230.0,heavy,3101,1,1.389,
21233.3,heavy,3102,1,1.561,
21236.7,heavy,3103,1,1.387,
21240.0,heavy,3101,1,1.607,
21243.3,heavy,3102,1,1.935,
21246.7,heavy,3103,1,1.373,
21250.0,heavy,3101,1,1.530,
21253.3,heavy,3102,1,1.889,
21256.7,heavy,3103,1,1.198,
21260.0,heavy,3101,1,1.744,
21263.3,heavy,3102,1,1.832,
21266.7,heavy,3103,1,1.627,
21270.0,heavy,3101,1,2.394,
21273.3,heavy,3102,1,1.672,
21276.7,heavy,3103,1,1.364,
21280.0,heavy,3101,1,1.288,
21283.3,heavy,3102,1,1.515,
21286.7,heavy,3103,1,1.300,
21290.0,heavy,3101,1,2.234,
21293.3,heavy,3102,1,2.342,
21296.7,heavy,3103,1,1.871,
21300.0,heavy,3101,1,2.082,
21300.0,light-2,3103,1,2.206,
21300.0,light-3,3101,1,2.259,
21300.0,light-5,3103,1,2.250,
21300.0,light-4,3102,1,5.094,
21300.0,light-1,3102,1,6.959,
21303.3,heavy,3101,1,1.455,
21306.7,heavy,3102,1,3.313,
21310.0,heavy,3103,1,1.356,
21313.3,heavy,3101,1,1.316,
21316.7,heavy,3102,1,1.267,
21320.0,heavy,3103,1,1.944,
21323.3,heavy,3101,1,1.460,
21326.7,heavy,3102,1,2.005,
21330.0,heavy,3103,1,1.774,
21333.3,heavy,3101,1,1.833,
21336.7,heavy,3102,1,2.154,
21340.0,heavy,3103,1,1.538,
21343.3,heavy,3101,1,1.287,
21346.7,heavy,3102,1,1.953,
21350.0,heavy,3103,1,0.704,
21353.3,heavy,3101,1,1.308,
21356.7,heavy,3102,1,1.373,
21360.0,heavy,3103,1,1.169,
21363.3,heavy,3101,1,1.971,
21366.7,heavy,3102,1,1.568,
21370.0,heavy,3103,1,1.858,
21373.3,heavy,3101,1,1.151,
21376.7,heavy,3102,1,1.289,
21380.0,heavy,3103,1,1.872,
21383.3,heavy,3101,1,1.502,
21386.7,heavy,3102,1,1.839,
21390.0,heavy,3103,1,4.760,
21393.3,heavy,3101,1,1.895,
21396.7,heavy,3102,1,1.311,
21400.0,heavy,3103,1,1.633,
21400.0,light-1,3101,1,1.601,
21400.0,light-2,3102,1,2.015,
21400.0,light-4,3101,1,2.113,
21400.0,light-3,3103,1,2.281,
21400.0,light-5,3102,1,2.456,
21403.3,heavy,3103,1,0.899,
21406.7,heavy,3101,1,1.419,
21410.0,heavy,3102,1,1.291,
21413.3,heavy,3103,1,1.051,
21416.7,heavy,3101,1,1.485,
21420.0,heavy,3102,1,1.387,
21423.3,heavy,3103,1,1.204,
21426.7,heavy,3101,1,1.396,
21430.0,heavy,3102,1,1.923,
21433.3,heavy,3103,1,1.353,
21436.7,heavy,3101,1,1.476,
21440.0,heavy,3102,1,2.243,
21443.3,heavy,3103,1,1.652,
21446.7,heavy,3101,1,1.425,
21450.0,heavy,3102,1,1.892,
21453.3,heavy,3103,1,2.063,
21456.7,heavy,3101,1,1.602,
21460.0,heavy,3102,1,4.546,
21463.3,heavy,3103,1,1.234,
21466.7,heavy,3101,1,1.832,
21470.0,heavy,3102,1,1.557,
21473.3,heavy,3103,1,1.208,
21476.7,heavy,3101,1,1.312,
21480.0,heavy,3102,1,1.461,
21483.3,heavy,3103,1,1.231,
21486.7,heavy,3101,1,1.499,
21490.0,heavy,3102,1,2.408,
21493.3,heavy,3103,1,1.285,
21496.7,heavy,3101,1,1.673,
21500.0,heavy,3102,1,1.924,
21500.0,light-2,3103,1,1.845,
21500.0,light-5,3103,1,2.100,
21500.0,light-3,3101,1,2.283,
21500.0,light-1,3102,1,2.518,
21500.0,light-4,3102,1,3.153,
21503.3,heavy,3103,1,1.647,
21506.7,heavy,3101,1,1.727,
21510.0,heavy,3101,1,0.999,
21513.3,heavy,3102,1,2.247,
21516.7,heavy,3103,1,1.401,
21520.0,heavy,3101,1,1.213,
21523.3,heavy,3102,1,1.190,
21526.7,heavy,3103,1,1.524,
21530.0,heavy,3101,1,1.178,
21533.3,heavy,3102,1,1.444,
21536.7,heavy,3103,1,1.538,
21540.0,heavy,3101,1,1.454,
21543.3,heavy,3102,1,1.627,
21546.7,heavy,3103,1,1.361,
21550.0,heavy,3101,1,1.635,
21553.3,heavy,3102,1,2.478,
21556.7,heavy,3103,1,2.543,
21560.0,heavy,3101,1,2.096,
21563.3,heavy,3102,1,1.822,
21566.7,heavy,3103,1,2.967,
21570.0,heavy,3101,1,1.983,
21573.3,heavy,3102,1,1.775,
21576.7,heavy,3103,1,1.681,
21580.0,heavy,3101,1,1.292,
21583.3,heavy,3102,0,1.785,
21586.7,heavy,3103,1,1.674,
21590.0,heavy,3101,1,1.632,
21593.3,heavy,3102,1,1.773,
21596.7,heavy,3103,1,1.957,
21600.0,heavy,3101,1,1.797,
21600.0,light-3,3101,1,1.885,
21600.0,light-2,3103,1,2.030,
21600.0,light-1,3102,1,2.232,
21600.0,light-5,3103,1,2.200,
21600.0,light-4,3102,1,2.871,
21603.3,heavy,3101,1,1.033,
21606.7,heavy,3102,1,2.308,
21610.0,heavy,3103,1,1.250,
21613.3,heavy,3101,1,1.327,
21616.7,heavy,3102,1,1.377,
21620.0,heavy,3103,1,1.392,
21623.3,heavy,3101,1,1.625,
21626.7,heavy,3102,1,1.702,
21630.0,heavy,3103,1,1.778,
21633.3,heavy,3101,1,0.844,
21636.7,heavy,3102,1,1.704,
21640.0,heavy,3103,1,1.140,
21643.3,heavy,3101,1,1.253,
21646.7,heavy,3102,1,1.517,
21650.0,heavy,3103,1,2.470,
21653.3,heavy,3101,1,2.081,
21656.7,heavy,3102,1,1.686,
21660.0,heavy,3103,1,2.809,
21663.3,heavy,3101,1,2.494,
21666.7,heavy,3102,1,2.507,
21670.0,heavy,3103,1,2.574,
21673.3,heavy,3101,1,2.405,
21676.7,heavy,3102,1,2.902,
21680.0,heavy,3103,0,2.465,
21683.3,heavy,3101,1,1.918,
21686.7,heavy,3102,1,1.654,
21690.0,heavy,3103,0,4.024,
21693.3,heavy,3101,0,3.265,
21696.7,heavy,3102,0,1.038,
21700.0,heavy,3103,0,5.319,
21700.0,light-3,3102,1,2.258,
21700.0,light-2,3101,1,2.531,
21700.0,light-1,3103,1,2.727,
21700.0,light-5,3101,1,2.690,
21700.0,light-4,3103,1,11.335,
21703.3,heavy,3101,0,4.538,
21706.7,heavy,3102,1,1.728,
21710.0,heavy,3102,1,2.083,
21713.3,heavy,3103,0,5.635,
21716.7,heavy,3101,0,3.192,
21720.0,heavy,3102,1,1.458,
21723.3,heavy,3103,0,3.628,
21726.7,heavy,3101,0,3.057,
21730.0,heavy,3102,1,1.272,
21733.3,heavy,3103,0,4.521,
21736.7,heavy,3101,0,3.572,
21740.0,heavy,3102,1,1.451,
21743.3,heavy,3103,0,4.772,
21746.7,heavy,3101,1,4.301,
21750.0,heavy,3102,0,1.587,
21753.3,heavy,3103,0,4.034,
21756.7,heavy,3101,0,2.911,
21760.0,heavy,3102,1,1.250,
21763.3,heavy,3103,0,4.529,
21766.7,heavy,3101,0,3.481,
21770.0,heavy,3102,1,1.731,
21773.3,heavy,3103,0,2.648,
21776.7,heavy,3101,0,4.186,
21780.0,heavy,3102,1,1.474,
21783.3,heavy,3103,0,4.710,
21786.7,heavy,3101,0,4.412,
21790.0,heavy,3102,1,1.378,
21793.3,heavy,3103,0,4.828,
21796.7,heavy,3101,0,3.343,
21800.0,heavy,3102,1,1.468,
21800.0,light-3,3102,1,1.828,
21800.0,light-2,3101,1,2.056,
21800.0,light-5,3101,1,2.276,
21800.0,light-1,3103,1,2.887,
21800.0,light-4,3103,1,3.190,
21803.3,heavy,3102,0,1.600,
21806.7,heavy,3103,0,3.720,
21810.0,heavy,3101,1,3.475,
21813.3,heavy,3102,0,1.249,
21816.7,heavy,3103,0,3.401,
21820.0,heavy,3101,1,3.488,
21823.3,heavy,3102,0,1.231,
21826.7,heavy,3103,0,4.179,
21830.0,heavy,3101,0,3.198,
21833.3,heavy,3102,1,1.357,
21836.7,heavy,3103,0,3.547,
21840.0,heavy,3101,1,3.936,
21843.3,heavy,3102,0,1.690,
21846.7,heavy,3103,0,3.038,
21850.0,heavy,3101,1,3.924,
21853.3,heavy,3102,0,1.376,
21856.7,heavy,3103,0,4.704,
21860.0,heavy,3101,0,3.308,
21863.3,heavy,3102,1,1.753,
21866.7,heavy,3103,0,2.767,
21870.0,heavy,3101,1,3.948,
21873.3,heavy,3102,1,1.429,
21876.7,heavy,3103,0,4.192,
21880.0,heavy,3101,0,4.011,
21883.3,heavy,3102,0,1.607,
21886.7,heavy,3103,1,10.812,
21890.0,heavy,3101,0,4.293,
21893.3,heavy,3102,1,2.352,
21896.7,heavy,3103,0,8.552,
21900.0,heavy,3101,0,4.298,
21900.0,light-1,3102,1,1.831,
21900.0,light-4,3102,1,2.282,
21900.0,light-2,3103,1,2.541,
21900.0,light-5,3103,1,7.435,
21900.0,light-3,3101,1,7.733,
21903.3,heavy,3101,0,2.835,
21906.7,heavy,3102,0,1.140,
21910.0,heavy,3103,1,4.430,
21913.3,heavy,3101,0,2.948,
21916.7,heavy,3102,0,1.413,
21920.0,heavy,3103,1,3.907,
21923.3,heavy,3101,0,3.946,
21926.7,heavy,3102,0,1.459,
21930.0,heavy,3103,0,5.244,
21933.3,heavy,3101,1,4.014,
21936.7,heavy,3102,1,1.554,
21940.0,heavy,3103,0,4.957,
21943.3,heavy,3101,0,3.132,
21946.7,heavy,3102,0,1.675,
21950.0,heavy,3103,1,6.052,
21953.3,heavy,3101,0,3.290,
21956.7,heavy,3102,1,1.421,
21960.0,heavy,3103,0,4.868,
21963.3,heavy,3101,0,3.306,
21966.7,heavy,3102,0,1.346,
21970.0,heavy,3103,1,4.697,
21973.3,heavy,3101,0,3.842,
21976.7,heavy,3102,0,1.818,
21980.0,heavy,3103,0,3.989,
21983.3,heavy,3101,1,3.528,
21986.7,heavy,3102,1,1.437,
21990.0,heavy,3103,0,2.358,
21993.3,heavy,3101,0,4.183,
21996.7,heavy,3102,1,1.840,
22000.0,heavy,3103,0,6.634,
22000.0,light-1,3102,1,1.904,
22000.0,light-3,3101,1,2.182,
22000.0,light-4,3102,1,2.261,
22000.0,light-2,3103,1,2.439,
22000.0,light-5,3103,1,2.996,
22003.3,heavy,3101,0,3.969,
22006.7,heavy,3101,0,3.906,
22010.0,heavy,3102,1,1.226,
22013.3,heavy,3103,1,4.772,
22016.7,heavy,3101,0,3.864,
22020.0,heavy,3102,0,1.498,
22023.3,heavy,3103,0,1.608,
22026.7,heavy,3101,0,3.462,
22030.0,heavy,3102,1,1.610,
22033.3,heavy,3103,0,3.931,
22036.7,heavy,3101,0,1.712,
22040.0,heavy,3102,1,1.756,
22043.3,heavy,3103,0,4.365,
22046.7,heavy,3101,0,3.446,
22050.0,heavy,3102,1,1.913,
22053.3,heavy,3103,0,2.493,
22056.7,heavy,3101,0,3.371,
22060.0,heavy,3102,1,1.421,
22063.3,heavy,3103,0,3.757,
22066.7,heavy,3101,0,3.374,
22070.0,heavy,3102,0,1.035,
22073.3,heavy,3103,0,4.367,
22076.7,heavy,3101,1,3.746,
22080.0,heavy,3102,1,1.619,
22083.3,heavy,3103,0,2.594,
22086.7,heavy,3101,0,3.354,
22090.0,heavy,3102,1,1.620,
22093.3,heavy,3103,0,4.489,
22096.7,heavy,3101,0,4.298,
22100.0,heavy,3102,1,1.538,
22100.0,light-3,3102,1,1.914,
22100.0,light-5,3101,1,2.556,
22100.0,light-4,3103,1,3.327,
22100.0,light-2,3101,1,4.544,
22100.0,light-1,3103,1,4.823,
22103.3,heavy,3102,0,1.450,
22106.7,heavy,3103,0,5.236,
22110.0,heavy,3101,1,4.340,
22113.3,heavy,3102,0,1.189,
22116.7,heavy,3103,0,4.291,
22120.0,heavy,3101,1,4.690,
22123.3,heavy,3102,0,1.330,
22126.7,heavy,3103,0,3.000,
22130.0,heavy,3101,1,3.164,
22133.3,heavy,3102,1,1.552,
22136.7,heavy,3103,0,4.923,
22140.0,heavy,3101,0,3.183,
22143.3,heavy,3102,0,1.724,
22146.7,heavy,3103,0,4.145,
22150.0,heavy,3101,1,4.222,
22153.3,heavy,3102,0,1.167,
22156.7,heavy,3103,0,4.072,
22160.0,heavy,3101,1,3.551,
22163.3,heavy,3102,0,1.261,
22166.7,heavy,3103,0,4.196,
22170.0,heavy,3101,0,3.403,
22173.3,heavy,3102,1,1.801,
22176.7,heavy,3103,0,4.119,
22180.0,heavy,3101,1,3.959,
22183.3,heavy,3102,0,1.987,
22186.7,heavy,3103,0,3.990,
22190.0,heavy,3101,1,3.152,
22193.3,heavy,3102,0,1.226,
22196.7,heavy,3103,0,4.432,
22200.0,heavy,3101,0,3.738,
22200.0,light-3,3102,1,2.051,
22200.0,light-2,3101,1,2.443,
22200.0,light-1,3103,1,2.682,
22200.0,light-5,3101,1,2.992,
22200.0,light-4,3103,1,3.175,
22203.3,heavy,3102,1,1.715,
22206.7,heavy,3102,0,1.062,
22210.0,heavy,3103,0,4.081,
22213.3,heavy,3101,1,4.350,
22216.7,heavy,3102,1,1.442,
22220.0,heavy,3103,0,4.379,
22223.3,heavy,3101,0,1.543,
22226.7,heavy,3102,1,1.382,
22230.0,heavy,3103,0,4.278,
22233.3,heavy,3101,0,3.042,
22236.7,heavy,3102,0,1.711,
22240.0,heavy,3103,1,4.675,
22243.3,heavy,3101,0,3.018,
22246.7,heavy,3102,0,1.087,
22250.0,heavy,3103,1,4.500,
22253.3,heavy,3101,0,3.138,
22256.7,heavy,3102,0,1.220,
22260.0,heavy,3103,1,5.359,
22263.3,heavy,3101,0,3.464,
22266.7,heavy,3102,1,1.378,
22270.0,heavy,3103,0,3.753,
22273.3,heavy,3101,0,3.596,
22276.7,heavy,3102,0,1.003,
22280.0,heavy,3103,0,4.889,
22283.3,heavy,3101,1,4.482,
22286.7,heavy,3102,0,1.024,
22290.0,heavy,3103,0,5.137,
22293.3,heavy,3101,1,4.402,
22296.7,heavy,3102,1,1.712,
22300.0,heavy,3103,0,3.188,
22300.0,light-3,3103,1,1.472,
22300.0,light-1,3101,1,3.161,
22300.0,light-4,3101,1,9.676,
22300.0,light-2,3102,1,10.980,
22300.0,light-5,3102,1,14.505,
22303.3,heavy,3103,0,8.926,
22306.7,heavy,3101,0,8.864,
22310.0,heavy,3102,1,5.760,
22313.3,heavy,3103,0,6.621,
22316.7,heavy,3101,0,3.568,
22320.0,heavy,3102,1,1.408,
22323.3,heavy,3103,0,4.276,
22326.7,heavy,3101,0,3.178,
22330.0,heavy,3102,1,1.259,
22333.3,heavy,3103,0,4.731,
22336.7,heavy,3101,0,2.868,
22340.0,heavy,3102,1,1.349,
22343.3,heavy,3103,0,3.569,
22346.7,heavy,3101,1,2.797,
22350.0,heavy,3102,0,0.848,
22353.3,heavy,3103,0,4.332,
22356.7,heavy,3101,0,3.434,
22360.0,heavy,3102,1,1.403,
22363.3,heavy,3103,0,2.993,
22366.7,heavy,3101,0,3.106,
22370.0,heavy,3102,0,1.268,
22373.3,heavy,3103,0,4.844,
22376.7,heavy,3101,1,3.502,
22380.0,heavy,3102,0,1.244,
22383.3,heavy,3103,0,4.194,
22386.7,heavy,3101,1,1.645,
22390.0,heavy,3102,1,1.291,
22393.3,heavy,3103,0,4.046,
22396.7,heavy,3101,0,3.307,
22400.0,heavy,3102,1,1.708,
22400.0,light-2,3101,1,1.200,
22400.0,light-1,3103,1,1.442,
22400.0,light-5,3101,1,1.941,
22400.0,light-4,3103,1,3.197,
22400.0,light-3,3102,1,6.309,
22403.3,heavy,3102,0,1.325,
22406.7,heavy,3103,0,3.412,
22410.0,heavy,3101,1,3.423,
22413.3,heavy,3102,0,1.039,
22416.7,heavy,3103,0,4.063,
22420.0,heavy,3101,0,4.294,
22423.3,heavy,3102,1,1.568,
22426.7,heavy,3103,0,3.066,
22430.0,heavy,3101,1,3.793,
22433.3,heavy,3102,0,1.491,
22436.7,heavy,3103,0,3.854,
22440.0,heavy,3101,1,4.412,
22443.3,heavy,3102,0,1.149,
22446.7,heavy,3103,0,3.660,
22450.0,heavy,3101,1,4.081,
22453.3,heavy,3102,0,1.129,
22456.7,heavy,3103,0,6.067,
22460.0,heavy,3101,1,4.196,
22463.3,heavy,3102,1,1.482,
22466.7,heavy,3103,0,5.836,
22470.0,heavy,3101,0,4.277,
22473.3,heavy,3102,0,3.771,
22476.7,heavy,3103,0,5.165,
22480.0,heavy,3101,1,4.353,
22483.3,heavy,3102,0,1.542,
22486.7,heavy,3103,0,5.754,
22490.0,heavy,3101,1,4.096,
22493.3,heavy,3102,0,1.259,
22496.7,heavy,3103,0,3.814,
22500.0,heavy,3101,1,5.801,
22500.0,light-2,3103,1,1.400,
22500.0,light-5,3103,1,1.687,
22500.0,light-3,3101,1,2.574,
22500.0,light-4,3102,1,3.658,
22500.0,light-1,3102,1,5.412,
22503.3,heavy,3101,0,3.037,
22506.7,heavy,3102,0,1.658,
22510.0,heavy,3103,1,4.966,
22513.3,heavy,3101,0,2.881,
22516.7,heavy,3102,1,1.619,
22520.0,heavy,3103,0,3.464,
22523.3,heavy,3101,0,2.979,
22526.7,heavy,3102,1,1.594,
22530.0,heavy,3103,0,4.044,
22533.3,heavy,3101,0,3.385,
22536.7,heavy,3102,0,1.067,
22540.0,heavy,3103,0,4.906,
22543.3,heavy,3101,1,4.108,
22546.7,heavy,3102,1,1.436,
22550.0,heavy,3103,0,3.236,
22553.3,heavy,3101,0,1.345,
22556.7,heavy,3102,1,1.750,
22560.0,heavy,3103,0,4.022,
22563.3,heavy,3101,0,3.240,
22566.7,heavy,3102,0,1.962,
22570.0,heavy,3103,0,4.266,
22573.3,heavy,3101,1,3.521,
22576.7,heavy,3102,1,1.344,
22580.0,heavy,3103,0,4.083,
22583.3,heavy,3101,0,1.693,
22586.7,heavy,3102,1,1.504,
22590.0,heavy,3103,0,4.167,
22593.3,heavy,3101,0,2.980,
22596.7,heavy,3102,0,1.577,
22600.0,heavy,3103,1,4.361,
22600.0,light-1,3101,1,1.214,
22600.0,light-2,3102,1,1.353,
22600.0,light-4,3101,1,1.624,
22600.0,light-5,3102,1,1.732,
22600.0,light-3,3103,1,2.745,
22603.3,heavy,3103,0,2.003,
22606.7,heavy,3101,0,3.247,
22610.0,heavy,3102,1,1.379,
22613.3,heavy,3103,0,4.373,
22616.7,heavy,3101,0,3.241,
22620.0,heavy,3102,1,1.378,
22623.3,heavy,3103,0,4.247,
22626.7,heavy,3101,0,3.321,
22630.0,heavy,3102,1,1.206,
22633.3,heavy,3103,0,4.244,
22636.7,heavy,3101,0,3.519,
22640.0,heavy,3102,1,1.622,
22643.3,heavy,3103,0,2.421,
22646.7,heavy,3101,0,5.625,
22650.0,heavy,3102,1,2.018,
22653.3,heavy,3103,1,6.320,
22656.7,heavy,3101,0,5.668,
22660.0,heavy,3102,0,2.072,
22663.3,heavy,3103,0,2.832,
22666.7,heavy,3101,0,3.966,
22670.0,heavy,3102,1,1.349,
22673.3,heavy,3103,0,4.578,
22676.7,heavy,3101,0,3.430,
22680.0,heavy,3102,1,1.411,
22683.3,heavy,3103,0,3.933,
22686.7,heavy,3101,0,3.471,
22690.0,heavy,3102,1,1.789,
22693.3,heavy,3103,0,4.666,
22696.7,heavy,3101,0,3.360,
22700.0,heavy,3102,1,1.796,
22700.0,light-2,3101,1,1.271,
22700.0,light-1,3103,1,1.496,
22700.0,light-4,3103,1,1.599,
22700.0,light-5,3101,1,1.650,
22700.0,light-3,3102,1,2.180,
22703.3,heavy,3102,0,1.176,
22706.7,heavy,3103,0,4.310,
22710.0,heavy,3101,0,3.440,
22713.3,heavy,3102,1,1.414,
22716.7,heavy,3103,0,3.470,
22720.0,heavy,3101,1,2.941,
22723.3,heavy,3102,0,1.150,
22726.7,heavy,3103,1,4.845,
22730.0,heavy,3101,0,3.436,
22733.3,heavy,3102,0,1.083,
22736.7,heavy,3103,0,3.757,
22740.0,heavy,3101,1,3.980,
22743.3,heavy,3102,0,1.229,
22746.7,heavy,3103,0,3.596,
22750.0,heavy,3101,1,4.150,
22753.3,heavy,3102,0,1.409,
22756.7,heavy,3103,0,5.015,
22760.0,heavy,3101,1,4.155,
22763.3,heavy,3102,0,1.299,
22766.7,heavy,3103,0,3.836,
22770.0,heavy,3101,1,3.910,
22773.3,heavy,3102,0,1.613,
22776.7,heavy,3103,0,4.373,
22780.0,heavy,3101,1,3.607,
22783.3,heavy,3102,1,1.411,
22786.7,heavy,3103,0,4.182,
22790.0,heavy,3101,0,3.621,
22793.3,heavy,3102,0,1.637,
22796.7,heavy,3103,0,7.424,
22800.0,heavy,3101,0,3.761,
22800.0,light-2,3102,1,2.004,
22800.0,light-5,3102,1,2.261,
22800.0,light-1,3101,1,2.855,
22800.0,light-4,3101,1,2.865,
22800.0,light-3,3103,1,3.015,
22803.3,heavy,3102,1,1.670,
22806.7,heavy,3103,0,7.880,
22810.0,heavy,3103,0,5.543,
22813.3,heavy,3101,1,4.139,
22816.7,heavy,3102,0,1.245,
22820.0,heavy,3103,1,4.684,
22823.3,heavy,3101,0,3.258,
22826.7,heavy,3102,0,1.374,
22830.0,heavy,3103,1,4.824,
22833.3,heavy,3101,0,3.200,
22836.7,heavy,3102,0,1.292,
22840.0,heavy,3103,0,5.292,
22843.3,heavy,3101,1,4.347,
22846.7,heavy,3102,1,1.695,
22850.0,heavy,3103,0,5.050,
22853.3,heavy,3101,0,4.738,
22856.7,heavy,3102,0,1.620,
22860.0,heavy,3103,1,6.119,
22863.3,heavy,3101,0,4.435,
22866.7,heavy,3102,0,1.486,
22870.0,heavy,3103,1,6.693,
22873.3,heavy,3101,0,3.654,
22876.7,heavy,3102,0,1.344,
22880.0,heavy,3103,1,5.328,
22883.3,heavy,3101,0,3.970,
22886.7,heavy,3102,0,1.469,
22890.0,heavy,3103,1,6.427,
22893.3,heavy,3101,0,4.265,
22896.7,heavy,3102,0,1.265,
22900.0,heavy,3103,1,5.004,
22900.0,light-1,3101,1,1.209,
22900.0,light-2,3102,1,1.279,
22900.0,light-4,3101,1,1.318,
22900.0,light-5,3102,1,1.789,
22900.0,light-3,3103,1,2.654,
22903.3,heavy,3103,0,2.624,
22906.7,heavy,3101,0,3.834,
22910.0,heavy,3102,1,1.234,
22913.3,heavy,3103,0,4.351,
22916.7,heavy,3101,1,4.000,
22920.0,heavy,3102,0,1.460,
22923.3,heavy,3103,0,3.595,
22926.7,heavy,3101,0,3.339,
22930.0,heavy,3102,1,1.076,
22933.3,heavy,3103,0,4.331,
22936.7,heavy,3101,0,3.451,
22940.0,heavy,3102,1,1.525,
22943.3,heavy,3103,0,4.071,
22946.7,heavy,3101,0,2.292,
22950.0,heavy,3102,0,0.945,
22953.3,heavy,3103,0,4.471,
22956.7,heavy,3101,1,4.592,
22960.0,heavy,3102,1,1.651,
22963.3,heavy,3103,0,2.950,
22966.7,heavy,3101,0,3.317,
22970.0,heavy,3102,0,1.233,
22973.3,heavy,3103,0,4.456,
22976.7,heavy,3101,1,3.726,
22980.0,heavy,3102,0,2.037,
22983.3,heavy,3103,0,4.478,
22986.7,heavy,3101,1,2.090,
22990.0,heavy,3102,1,1.444,
22993.3,heavy,3103,0,3.098,
22996.7,heavy,3101,0,3.183,
23000.0,heavy,3102,0,1.493,
23000.0,light-2,3101,1,1.520,
23000.0,light-1,3103,1,1.702,
23000.0,light-3,3102,1,1.732,
23000.0,light-5,3101,1,1.746,
23000.0,light-4,3103,1,4.866,
23003.3,heavy,3102,1,0.929,
23006.7,heavy,3103,0,3.589,
23010.0,heavy,3101,1,3.321,
23013.3,heavy,3102,0,1.388,
23016.7,heavy,3103,0,4.896,
23020.0,heavy,3101,0,3.912,
23023.3,heavy,3102,1,1.452,
23026.7,heavy,3103,1,6.963,
23030.0,heavy,3101,0,4.838,
23033.3,heavy,3102,0,1.283,
23036.7,heavy,3103,1,5.382,
23040.0,heavy,3101,0,3.786,
23043.3,heavy,3102,0,1.530,
23046.7,heavy,3103,0,4.079,
23050.0,heavy,3101,1,4.978,
23053.3,heavy,3102,0,1.269,
23056.7,heavy,3103,0,4.337,
23060.0,heavy,3101,1,4.435,
23063.3,heavy,3102,0,1.078,
23066.7,heavy,3103,0,4.385,
23070.0,heavy,3101,1,4.277,
23073.3,heavy,3102,0,1.188,
23076.7,heavy,3103,0,4.409,
23080.0,heavy,3101,1,5.329,
23083.3,heavy,3102,0,1.614,
23086.7,heavy,3103,0,4.067,
23090.0,heavy,3101,1,4.649,
23093.3,heavy,3102,0,1.145,
23096.7,heavy,3103,0,3.558,
23100.0,heavy,3101,1,4.494,
23100.0,light-1,3102,1,1.264,
23100.0,light-2,3103,1,1.499,
23100.0,light-4,3102,1,1.603,
23100.0,light-3,3101,1,6.023,
23100.0,light-5,3103,1,6.136,
23103.3,heavy,3101,0,2.900,
23106.7,heavy,3102,0,1.076,
23110.0,heavy,3103,0,4.721,
23113.3,heavy,3101,1,3.905,
23116.7,heavy,3102,0,1.038,
23120.0,heavy,3103,1,5.447,
23123.3,heavy,3101,0,3.315,
23126.7,heavy,3102,0,1.162,
23130.0,heavy,3103,1,4.323,
23133.3,heavy,3101,0,3.310,
23136.7,heavy,3102,0,1.040,
23140.0,heavy,3103,0,4.691,
23143.3,heavy,3101,1,3.920,
23146.7,heavy,3102,0,0.854,
23150.0,heavy,3103,1,4.810,
23153.3,heavy,3101,0,3.543,
23156.7,heavy,3102,0,1.222,
23160.0,heavy,3103,1,4.206,
23163.3,heavy,3101,0,2.868,
23166.7,heavy,3102,0,0.993,
23170.0,heavy,3103,1,4.286,
23173.3,heavy,3101,0,3.405,
23176.7,heavy,3102,0,1.083,
23180.0,heavy,3103,1,4.913,
23183.3,heavy,3101,0,3.022,
23186.7,heavy,3102,0,1.083,
23190.0,heavy,3103,1,4.162,
23193.3,heavy,3101,0,3.386,
23196.7,heavy,3102,0,0.992,
23200.0,heavy,3103,1,4.814,
23200.0,light-1,3101,1,1.175,
23200.0,light-2,3102,1,1.326,
23200.0,light-5,3102,1,1.347,
23200.0,light-4,3101,1,1.471,
23200.0,light-3,3103,1,2.856,
23203.3,heavy,3103,0,3.877,
23206.7,heavy,3101,0,2.652,
23210.0,heavy,3102,1,1.065,
23213.3,heavy,3103,0,3.489,
23216.7,heavy,3101,0,2.952,
23220.0,heavy,3102,1,1.238,
23223.3,heavy,3103,0,2.033,
23226.7,heavy,3101,0,3.013,
23230.0,heavy,3102,1,1.269,
23233.3,heavy,3103,0,3.355,
23236.7,heavy,3101,0,3.169,
23240.0,heavy,3102,0,0.855,
23243.3,heavy,3103,0,4.702,
23246.7,heavy,3101,1,3.836,
23250.0,heavy,3102,1,1.331,
23253.3,heavy,3103,0,4.030,
23256.7,heavy,3101,0,3.568,
23260.0,heavy,3102,1,0.948,
23263.3,heavy,3103,1,6.352,
23266.7,heavy,3101,0,2.976,
23270.0,heavy,3102,0,1.079,
23273.3,heavy,3103,0,2.141,
23276.7,heavy,3101,0,2.853,
23280.0,heavy,3102,0,1.043,
23283.3,heavy,3103,1,4.739,
23286.7,heavy,3101,0,2.969,
23290.0,heavy,3102,1,1.164,
23293.3,heavy,3103,0,3.936,
23296.7,heavy,3101,1,4.797,
23300.0,heavy,3102,0,1.182,
23300.0,light-2,3102,1,1.051,
23300.0,light-1,3101,1,1.298,
23300.0,light-5,3102,1,1.343,
23300.0,light-4,3101,1,1.473,
23300.0,light-3,3103,1,2.560,
23303.3,heavy,3103,0,3.673,
23306.7,heavy,3103,0,3.194,
23310.0,heavy,3101,1,3.423,
23313.3,heavy,3102,0,1.030,
23316.7,heavy,3103,0,4.550,
23320.0,heavy,3101,1,3.658,
23323.3,heavy,3102,1,1.622,
23326.7,heavy,3103,0,4.131,
23330.0,heavy,3101,0,3.880,
23333.3,heavy,3102,0,0.740,
23336.7,heavy,3103,0,4.019,
23340.0,heavy,3101,0,3.194,
23343.3,heavy,3102,1,1.335,
23346.7,heavy,3103,0,3.310,
23350.0,heavy,3101,1,4.661,
23353.3,heavy,3102,1,1.504,
23356.7,heavy,3103,0,3.695,
23360.0,heavy,3101,0,4.343,
23363.3,heavy,3102,0,1.266,
23366.7,heavy,3103,0,3.590,
23370.0,heavy,3101,1,3.113,
23373.3,heavy,3102,0,0.900,
23376.7,heavy,3103,0,3.597,
23380.0,heavy,3101,1,3.693,
23383.3,heavy,3102,0,0.857,
23386.7,heavy,3103,0,4.011,
23390.0,heavy,3101,1,4.209,
23393.3,heavy,3102,0,0.741,
23396.7,heavy,3103,0,7.892,
23400.0,heavy,3101,1,8.442,
23400.0,light-1,3101,1,2.594,
23400.0,light-3,3103,1,4.104,
23400.0,light-2,3102,1,8.376,
23400.0,light-4,3101,1,8.678,
23400.0,light-5,3102,1,9.266,
23403.3,heavy,3102,1,1.651,
23406.7,heavy,3103,0,8.034,
23410.0,heavy,3103,0,6.510,
23413.3,heavy,3101,0,4.289,
23416.7,heavy,3102,0,1.699,
23420.0,heavy,3103,1,4.078,
23423.3,heavy,3101,0,2.506,
23426.7,heavy,3102,0,0.811,
23430.0,heavy,3103,0,3.939,
23433.3,heavy,3101,1,4.230,
23436.7,heavy,3102,1,1.334,
23440.0,heavy,3103,0,4.249,
23443.3,heavy,3101,0,1.351,
23446.7,heavy,3102,1,1.299,
23450.0,heavy,3103,0,3.327,
23453.3,heavy,3101,0,3.062,
23456.7,heavy,3102,0,0.905,
23460.0,heavy,3103,0,4.647,
23463.3,heavy,3101,1,3.827,
23466.7,heavy,3102,1,1.329,
23470.0,heavy,3103,0,4.416,
23473.3,heavy,3101,0,1.922,
23476.7,heavy,3102,0,1.209,
23480.0,heavy,3103,0,4.186,
23483.3,heavy,3101,0,3.451,
23486.7,heavy,3102,1,2.302,
23490.0,heavy,3103,1,4.395,
23493.3,heavy,3101,0,3.223,
23496.7,heavy,3102,0,1.053,
23500.0,heavy,3103,1,4.955,
23500.0,light-2,3102,1,1.390,
23500.0,light-1,3101,1,1.671,
23500.0,light-4,3101,1,1.687,
23500.0,light-5,3102,1,1.780,
23500.0,light-3,3103,1,2.564,
23503.3,heavy,3103,0,4.511,
23506.7,heavy,3101,0,2.606,
23510.0,heavy,3102,1,1.139,
23513.3,heavy,3103,0,5.891,
23516.7,heavy,3101,0,3.621,
23520.0,heavy,3102,1,2.567,
23523.3,heavy,3103,0,3.164,
23526.7,heavy,3101,0,3.093,
23530.0,heavy,3102,1,1.109,
23533.3,heavy,3103,0,3.672,
23536.7,heavy,3101,0,2.781,
23540.0,heavy,3102,1,1.554,
23543.3,heavy,3103,1,4.922,
23546.7,heavy,3101,0,3.052,
23550.0,heavy,3102,0,1.332,
23553.3,heavy,3103,0,1.415,
23556.7,heavy,3101,0,3.416,
23560.0,heavy,3102,1,1.538,
23563.3,heavy,3103,0,3.693,
23566.7,heavy,3101,0,2.763,
23570.0,heavy,3102,1,0.832,
23573.3,heavy,3103,0,3.873,
23576.7,heavy,3101,0,2.976,
23580.0,heavy,3102,1,1.282,
23583.3,heavy,3103,0,3.529,
23586.7,heavy,3101,0,2.368,
23590.0,heavy,3102,1,1.443,
23593.3,heavy,3103,0,3.544,
23596.7,heavy,3101,0,2.663,
23600.0,heavy,3102,1,1.554,
23600.0,light-5,3101,1,3.662,
23600.0,light-4,3103,1,3.810,
23600.0,light-2,3101,1,6.467,
23600.0,light-3,3102,1,6.526,
23600.0,light-1,3103,1,6.763,
23603.3,heavy,3103,0,6.533,
23606.7,heavy,3101,0,5.560,
23610.0,heavy,3102,1,1.674,
23613.3,heavy,3102,0,2.488,
23616.7,heavy,3103,0,4.191,
23620.0,heavy,3101,1,4.233,
23623.3,heavy,3102,0,1.113,
23626.7,heavy,3103,0,3.533,
23630.0,heavy,3101,1,4.395,
23633.3,heavy,3102,0,1.099,
23636.7,heavy,3103,0,3.332,
23640.0,heavy,3101,1,3.688,
23643.3,heavy,3102,0,0.891,
23646.7,heavy,3103,0,4.250,
23650.0,heavy,3101,0,3.180,
23653.3,heavy,3102,1,1.401,
23656.7,heavy,3103,0,3.976,
23660.0,heavy,3101,0,1.935,
23663.3,heavy,3102,1,1.428,
23666.7,heavy,3103,0,3.548,
23670.0,heavy,3101,0,2.988,
23673.3,heavy,3102,1,1.370,
23676.7,heavy,3103,0,4.232,
23680.0,heavy,3101,1,3.882,
23683.3,heavy,3102,0,1.187,
23686.7,heavy,3103,0,4.071,
23690.0,heavy,3101,1,3.896,
23693.3,heavy,3102,0,0.977,
23696.7,heavy,3103,0,4.683,
23700.0,heavy,3101,0,4.131,
23700.0,light-3,3102,1,1.655,
23700.0,light-1,3103,1,2.536,
23700.0,light-2,3101,1,2.796,
23700.0,light-4,3103,1,2.833,
23700.0,light-5,3101,1,3.046,
23703.3,heavy,3102,1,1.407,
23706.7,heavy,3102,0,1.361,
23710.0,heavy,3103,0,4.162,
23713.3,heavy,3101,1,4.709,
23716.7,heavy,3102,1,1.277,
23720.0,heavy,3103,0,4.392,
23723.3,heavy,3101,0,1.857,
23726.7,heavy,3102,0,0.939,
23730.0,heavy,3103,0,3.752,
23733.3,heavy,3101,1,4.200,
23736.7,heavy,3102,0,0.936,
23740.0,heavy,3103,1,4.367,
23743.3,heavy,3101,0,2.980,
23746.7,heavy,3102,0,0.942,
23750.0,heavy,3103,1,4.587,
23753.3,heavy,3101,0,3.117,
23756.7,heavy,3102,0,1.220,
23760.0,heavy,3103,1,5.157,
23763.3,heavy,3101,0,2.879,
23766.7,heavy,3102,0,1.060,
23770.0,heavy,3103,0,4.207,
23773.3,heavy,3101,1,3.420,
23776.7,heavy,3102,1,1.206,
23780.0,heavy,3103,0,4.120,
23783.3,heavy,3101,0,3.976,
23786.7,heavy,3102,0,0.874,
23790.0,heavy,3103,1,4.707,
23793.3,heavy,3101,0,4.909,
23796.7,heavy,3102,1,1.230,
23800.0,heavy,3103,0,3.164,
23800.0,light-2,3102,1,1.185,
23800.0,light-5,3102,1,1.309,
23800.0,light-1,3101,1,2.535,
23800.0,light-4,3101,1,2.645,
23800.0,light-3,3103,1,3.548,
23803.3,heavy,3103,0,2.578,
23806.7,heavy,3101,0,3.375,
23810.0,heavy,3102,1,1.276,
23813.3,heavy,3103,0,3.628,
23816.7,heavy,3101,0,3.046,
23820.0,heavy,3102,1,1.041,
23823.3,heavy,3103,0,3.697,
23826.7,heavy,3101,0,2.902,
23830.0,heavy,3102,1,1.174,
23833.3,heavy,3103,0,3.678,
23836.7,heavy,3101,0,2.860,
23840.0,heavy,3102,0,1.078,
23843.3,heavy,3103,1,4.401,
23846.7,heavy,3101,1,3.347,
23850.0,heavy,3102,0,0.922,
23853.3,heavy,3103,0,3.370,
23856.7,heavy,3101,0,3.020,
23860.0,heavy,3102,0,0.973,
23863.3,heavy,3103,0,4.894,
23866.7,heavy,3101,1,3.873,
23870.0,heavy,3102,1,1.498,
23873.3,heavy,3103,0,4.612,
23876.7,heavy,3101,0,2.824,
23880.0,heavy,3102,1,0.947,
23883.3,heavy,3103,0,3.179,
23886.7,heavy,3101,0,3.525,
23890.0,heavy,3102,1,1.398,
23893.3,heavy,3103,0,3.034,
23896.7,heavy,3101,0,2.427,
23900.0,heavy,3102,0,1.424,
23900.0,light-2,3101,1,1.481,
23900.0,light-1,3103,1,1.632,
23900.0,light-3,3102,1,1.657,
23900.0,light-5,3101,1,1.668,
23900.0,light-4,3103,1,1.988,
23903.3,heavy,3102,1,1.186,
23906.7,heavy,3103,0,3.570,
23910.0,heavy,3101,1,3.960,
23913.3,heavy,3102,0,1.015,
23916.7,heavy,3103,0,4.602,
23920.0,heavy,3101,1,3.773,
23923.3,heavy,3102,0,1.240,
23926.7,heavy,3103,0,2.946,
23930.0,heavy,3101,1,3.830,
23933.3,heavy,3102,0,0.888,
23936.7,heavy,3103,0,3.475,
23940.0,heavy,3101,1,3.599,
23943.3,heavy,3102,0,1.321,
23946.7,heavy,3103,0,3.081,
23950.0,heavy,3101,0,3.189,
23953.3,heavy,3102,1,1.258,
23956.7,heavy,3103,0,3.294,
23960.0,heavy,3101,1,3.003,
23963.3,heavy,3102,0,1.613,
23966.7,heavy,3103,1,3.870,
23970.0,heavy,3101,0,2.783,
23973.3,heavy,3102,0,0.875,
23976.7,heavy,3103,0,3.830,
23980.0,heavy,3101,0,3.504,
23983.3,heavy,3102,1,1.250,
23986.7,heavy,3103,0,2.345,
23990.0,heavy,3101,0,10.760,
23993.3,heavy,3102,1,3.588,
23996.7,heavy,3103,1,11.033,
24000.0,heavy,3101,0,10.842,
24000.0,light-2,3103,1,2.676,
24000.0,light-3,3101,1,3.065,
24000.0,light-5,3103,1,3.126,
24000.0,light-4,3102,1,5.070,
24000.0,light-1,3102,1,15.560,
24003.3,heavy,3101,0,8.292,
24006.7,heavy,3102,1,6.426,
24010.0,heavy,3103,0,3.177,
24013.3,heavy,3101,0,3.348,
24016.7,heavy,3102,0,1.009,
24020.0,heavy,3103,1,4.592,
24023.3,heavy,3101,0,3.892,
24026.7,heavy,3102,1,1.744,
24030.0,heavy,3103,0,4.379,
24033.3,heavy,3101,0,2.341,
24036.7,heavy,3102,1,2.725,
24040.0,heavy,3103,1,6.976,
24043.3,heavy,3101,0,4.553,
24046.7,heavy,3102,0,2.660,
24050.0,heavy,3103,0,4.260,
24053.3,heavy,3101,0,2.810,
24056.7,heavy,3102,1,1.391,
24060.0,heavy,3103,0,3.697,
24063.3,heavy,3101,0,3.162,
24066.7,heavy,3102,0,1.105,
24070.0,heavy,3103,0,4.011,
24073.3,heavy,3101,0,3.276,
24076.7,heavy,3102,1,1.221,
24080.0,heavy,3103,1,4.644,
24083.3,heavy,3101,0,3.009,
24086.7,heavy,3102,0,0.947,
24090.0,heavy,3103,0,3.659,
24093.3,heavy,3101,1,3.985,
24096.7,heavy,3102,0,1.080,
24100.0,heavy,3103,0,5.440,
24100.0,light-3,3102,1,1.879,
24100.0,light-2,3101,1,2.477,
24100.0,light-1,3103,1,2.650,
24100.0,light-5,3101,1,2.712,
24100.0,light-4,3103,1,6.142,
24103.3,heavy,3101,0,3.804,
24106.7,heavy,3102,1,1.455,
24110.0,heavy,3102,1,0.896,
24113.3,heavy,3103,0,4.557,
24116.7,heavy,3101,0,3.060,
24120.0,heavy,3102,1,0.994,
24123.3,heavy,3103,0,3.701,
24126.7,heavy,3101,0,3.027,
24130.0,heavy,3102,1,1.238,
24133.3,heavy,3103,1,4.426,
24136.7,heavy,3101,0,3.555,
24140.0,heavy,3102,0,1.323,
24143.3,heavy,3103,0,1.798,
24146.7,heavy,3101,0,3.214,
24150.0,heavy,3102,1,1.395,
24153.3,heavy,3103,0,3.437,
24156.7,heavy,3101,0,2.779,
24160.0,heavy,3102,1,1.201,
24163.3,heavy,3103,0,3.954,
24166.7,heavy,3101,0,3.163,
24170.0,heavy,3102,1,1.108,
24173.3,heavy,3103,0,3.816,
24176.7,heavy,3101,0,3.049,
24180.0,heavy,3102,1,1.074,
24183.3,heavy,3103,0,3.865,
24186.7,heavy,3101,1,3.678,
24190.0,heavy,3102,0,1.086,
24193.3,heavy,3103,0,3.448,
24196.7,heavy,3101,0,3.599,
24200.0,heavy,3102,1,2.724,
24200.0,light-2,3101,1,2.282,
24200.0,light-1,3103,1,2.485,
24200.0,light-4,3103,1,2.647,
24200.0,light-3,3102,1,2.763,
24200.0,light-5,3101,1,3.085,
24203.3,heavy,3102,0,0.872,
24206.7,heavy,3103,0,4.932,
24210.0,heavy,3101,0,3.976,
24213.3,heavy,3102,1,1.344,
24216.7,heavy,3103,0,4.597,
24220.0,heavy,3101,1,3.262,
24223.3,heavy,3102,0,0.760,
24226.7,heavy,3103,0,3.889,
24230.0,heavy,3101,1,4.387,
24233.3,heavy,3102,0,0.895,
24236.7,heavy,3103,0,3.601,
24240.0,heavy,3101,1,3.343,
24243.3,heavy,3102,0,0.899,
24246.7,heavy,3103,0,3.645,
24250.0,heavy,3101,1,3.930,
24253.3,heavy,3102,0,1.108,
24256.7,heavy,3103,0,4.239,
24260.0,heavy,3101,0,3.349,
24263.3,heavy,3102,1,1.208,
24266.7,heavy,3103,0,3.862,
24270.0,heavy,3101,1,3.442,
24273.3,heavy,3102,0,0.849,
24276.7,heavy,3103,0,4.097,
24280.0,heavy,3101,1,4.377,
24283.3,heavy,3102,0,1.107,
24286.7,heavy,3103,0,2.987,
24290.0,heavy,3101,1,4.354,
24293.3,heavy,3102,0,0.892,
24296.7,heavy,3103,0,4.488,
24300.0,heavy,3101,1,4.802,
24300.0,light-2,3102,1,1.747,
24300.0,light-5,3102,1,2.108,
24300.0,light-1,3101,1,2.374,
24300.0,light-4,3101,1,2.406,
24300.0,light-3,3103,1,2.532,
24303.3,heavy,3102,1,1.358,
24306.7,heavy,3103,0,4.820,
24310.0,heavy,3103,0,4.270,
24313.3,heavy,3101,0,3.203,
24316.7,heavy,3102,0,0.970,
24320.0,heavy,3103,0,4.086,
24323.3,heavy,3101,1,4.324,
24326.7,heavy,3102,0,0.939,
24330.0,heavy,3103,1,3.941,
24333.3,heavy,3101,0,3.410,
24336.7,heavy,3102,0,1.135,
24340.0,heavy,3103,1,5.334,
24343.3,heavy,3101,0,3.370,
24346.7,heavy,3102,0,1.021,
24350.0,heavy,3103,1,4.308,
24353.3,heavy,3101,0,3.550,
24356.7,heavy,3102,0,1.076,
24360.0,heavy,3103,0,3.964,
24363.3,heavy,3101,1,4.064,
24366.7,heavy,3102,1,1.551,
24370.0,heavy,3103,0,3.821,
24373.3,heavy,3101,0,2.511,
24376.7,heavy,3102,1,1.649,
24380.0,heavy,3103,0,3.655,
24383.3,heavy,3101,0,3.113,
24386.7,heavy,3102,0,1.566,
24390.0,heavy,3103,1,4.276,
24393.3,heavy,3101,0,3.119,
24396.7,heavy,3102,0,0.847,
24400.0,heavy,3103,0,5.301,
24400.0,light-1,3102,1,1.326,
24400.0,light-4,3102,1,1.549,
24400.0,light-2,3103,1,2.575,
24400.0,light-5,3103,1,5.969,
24400.0,light-3,3101,1,6.671,
24403.3,heavy,3101,1,4.552,
24406.7,heavy,3101,0,2.756,
24410.0,heavy,3102,0,1.173,
24413.3,heavy,3103,1,4.876,
24416.7,heavy,3101,0,3.900,
24420.0,heavy,3102,0,0.871,
24423.3,heavy,3103,1,1.769,
24426.7,heavy,3101,0,3.306,
24430.0,heavy,3102,1,1.619,
24433.3,heavy,3103,0,3.449,
24436.7,heavy,3101,0,1.663,
24440.0,heavy,3102,1,1.842,
24443.3,heavy,3103,0,4.226,
24446.7,heavy,3101,0,3.403,
24450.0,heavy,3102,1,1.880,
24453.3,heavy,3103,0,3.599,
24456.7,heavy,3101,0,3.315,
24460.0,heavy,3102,1,1.031,
24463.3,heavy,3103,0,3.565,
24466.7,heavy,3101,0,3.408,
24470.0,heavy,3102,1,1.178,
24473.3,heavy,3103,0,3.820,
24476.7,heavy,3101,0,3.144,
24480.0,heavy,3102,1,1.090,
24483.3,heavy,3103,0,8.989,
24486.7,heavy,3101,0,3.347,
24490.0,heavy,3102,1,1.518,
24493.3,heavy,3103,0,9.201,
24496.7,heavy,3101,0,4.154,
24500.0,heavy,3102,1,2.320,
24500.0,light-2,3101,1,1.934,
24500.0,light-3,3102,1,2.311,
24500.0,light-5,3101,1,2.347,
24500.0,light-1,3103,1,5.936,
24500.0,light-4,3103,1,6.007,
24503.3,heavy,3102,0,1.067,
24506.7,heavy,3103,0,4.665,
24510.0,heavy,3101,0,3.694,
24513.3,heavy,3102,1,1.220,
24516.7,heavy,3103,0,2.886,
24520.0,heavy,3101,1,3.305,
24523.3,heavy,3102,0,1.099,
24526.7,heavy,3103,0,3.810,
24530.0,heavy,3101,1,3.565,
24533.3,heavy,3102,0,1.014,
24536.7,heavy,3103,0,3.927,
24540.0,heavy,3101,0,3.108,
24543.3,heavy,3102,1,1.257,
24546.7,heavy,3103,0,3.439,
24550.0,heavy,3101,1,3.479,
24553.3,heavy,3102,1,1.242,
24556.7,heavy,3103,0,3.258,
24560.0,heavy,3101,0,2.237,
24563.3,heavy,3102,1,2.544,
24566.7,heavy,3103,0,4.928,
24570.0,heavy,3101,0,3.767,
24573.3,heavy,3102,0,2.453,
24576.7,heavy,3103,0,2.904,
24580.0,heavy,3101,1,5.714,
24583.3,heavy,3102,1,1.628,
24586.7,heavy,3103,0,4.708,
24590.0,heavy,3101,0,5.541,
24593.3,heavy,3102,0,2.672,
24596.7,heavy,3103,0,4.043,
24600.0,heavy,3101,1,5.902,
24600.0,light-2,3103,1,1.467,
24600.0,light-1,3102,1,1.808,
24600.0,light-4,3102,1,1.875,
24600.0,light-5,3103,1,1.947,
24600.0,light-3,3101,1,2.997,
24603.3,heavy,3101,0,4.615,
24606.7,heavy,3102,0,1.271,
24610.0,heavy,3103,0,4.123,
24613.3,heavy,3101,1,4.518,
24616.7,heavy,3102,1,1.533,
24620.0,heavy,3103,0,4.301,
24623.3,heavy,3101,0,1.970,
24626.7,heavy,3102,0,1.076,
24630.0,heavy,3103,0,3.672,
24633.3,heavy,3101,0,3.018,
24636.7,heavy,3102,1,1.255,
24640.0,heavy,3103,1,4.767,
24643.3,heavy,3101,0,3.023,
24646.7,heavy,3102,0,1.121,
24650.0,heavy,3103,0,4.802,
24653.3,heavy,3101,1,3.803,
24656.7,heavy,3102,0,0.850,
24660.0,heavy,3103,1,4.560,
24663.3,heavy,3101,0,3.144,
24666.7,heavy,3102,1,1.285,
24670.0,heavy,3103,0,3.115,
24673.3,heavy,3101,0,3.666,
24676.7,heavy,3102,1,1.354,
24680.0,heavy,3103,0,3.978,
24683.3,heavy,3101,0,3.813,
24686.7,heavy,3102,0,1.017,
24690.0,heavy,3103,0,4.383,
24693.3,heavy,3101,1,5.906,
24696.7,heavy,3102,1,1.252,
24700.0,heavy,3103,0,2.994,
24700.0,light-1,3101,1,1.352,
24700.0,light-3,3103,1,1.429,
24700.0,light-4,3101,1,6.186,
24700.0,light-2,3102,1,6.978,
24700.0,light-5,3102,1,7.930,
24703.3,heavy,3103,0,6.887,
24706.7,heavy,3101,0,2.028,
24710.0,heavy,3102,0,1.071,
24713.3,heavy,3103,1,4.363,
24716.7,heavy,3101,0,3.527,
24720.0,heavy,3102,1,1.419,
24723.3,heavy,3103,0,4.126,
24726.7,heavy,3101,0,3.800,
24730.0,heavy,3102,1,0.804,
24733.3,heavy,3103,0,3.585,
24736.7,heavy,3101,0,3.143,
24740.0,heavy,3102,1,1.112,
24743.3,heavy,3103,0,2.272,
24746.7,heavy,3101,0,3.447,
24750.0,heavy,3102,1,1.161,
24753.3,heavy,3103,0,4.008,
24756.7,heavy,3101,0,3.791,
24760.0,heavy,3102,1,1.244,
24763.3,heavy,3103,0,4.089,
24766.7,heavy,3101,0,3.321,
24770.0,heavy,3102,1,1.269,
24773.3,heavy,3103,0,3.916,
24776.7,heavy,3101,0,3.345,
24780.0,heavy,3102,1,1.032,
24783.3,heavy,3103,0,3.969,
24786.7,heavy,3101,1,4.250,
24790.0,heavy,3102,0,1.031,
24793.3,heavy,3103,0,3.387,
24796.7,heavy,3101,0,2.854,
24800.0,heavy,3102,1,1.515,
24800.0,light-1,3101,1,1.376,
24800.0,light-2,3102,1,1.460,
24800.0,light-4,3101,1,1.487,
24800.0,light-5,3102,1,1.684,
24800.0,light-3,3103,1,2.610,
24803.3,heavy,3103,0,3.568,
24806.7,heavy,3103,0,3.989,
24810.0,heavy,3101,1,3.945,
24813.3,heavy,3102,0,1.125,
24816.7,heavy,3103,0,4.112,
24820.0,heavy,3101,1,3.886,
24823.3,heavy,3102,0,1.086,
24826.7,heavy,3103,0,4.265,
24830.0,heavy,3101,0,3.572,
24833.3,heavy,3102,1,1.798,
24836.7,heavy,3103,0,2.242,
24840.0,heavy,3101,1,3.732,
24843.3,heavy,3102,1,1.136,
24846.7,heavy,3103,0,3.923,
24850.0,heavy,3101,0,4.019,
24853.3,heavy,3102,0,0.997,
24856.7,heavy,3103,0,4.244,
24860.0,heavy,3101,0,3.260,
24863.3,heavy,3102,1,1.574,
24866.7,heavy,3103,0,3.564,
24870.0,heavy,3101,0,3.795,
24873.3,heavy,3102,1,1.324,
24876.7,heavy,3103,0,3.937,
24880.0,heavy,3101,0,3.538,
24883.3,heavy,3102,1,1.025,
24886.7,heavy,3103,0,4.224,
24890.0,heavy,3101,0,3.040,
24893.3,heavy,3102,1,1.186,
24896.7,heavy,3103,0,4.052,
24900.0,heavy,3101,1,4.466,
24900.0,light-1,3102,1,1.070,
24900.0,light-2,3103,1,1.138,
24900.0,light-5,3103,1,1.349,
24900.0,light-4,3102,1,1.549,
24900.0,light-3,3101,1,2.341,
24903.3,heavy,3101,0,1.374,
24906.7,heavy,3102,1,1.178,
24910.0,heavy,3103,0,2.875,
24913.3,heavy,3101,0,3.293,
24916.7,heavy,3102,0,0.959,
24920.0,heavy,3103,0,4.622,
24923.3,heavy,3101,0,3.184,
24926.7,heavy,3102,1,1.245,
24930.0,heavy,3103,1,4.632,
24933.3,heavy,3101,0,2.735,
24936.7,heavy,3102,0,1.027,
24940.0,heavy,3103,0,4.126,
24943.3,heavy,3101,1,4.337,
24946.7,heavy,3102,0,0.754,
24950.0,heavy,3103,0,4.492,
24953.3,heavy,3101,1,4.541,
24956.7,heavy,3102,1,1.360,
24960.0,heavy,3103,0,2.922,
24963.3,heavy,3101,0,4.023,
24966.7,heavy,3102,0,1.048,
24970.0,heavy,3103,0,4.371,
24973.3,heavy,3101,1,4.634,
24976.7,heavy,3102,0,1.051,
24980.0,heavy,3103,0,5.019,
24983.3,heavy,3101,1,4.264,
24986.7,heavy,3102,1,1.294,
24990.0,heavy,3103,0,3.404,
24993.3,heavy,3101,0,1.738,
24996.7,heavy,3102,1,1.669,
25000.0,heavy,3103,0,4.001,
25000.0,light-1,3102,1,1.682,
25000.0,light-4,3102,1,1.993,
25000.0,light-3,3101,1,2.481,
25000.0,light-2,3103,1,2.728,
25000.0,light-5,3103,1,2.777,
25003.3,heavy,3101,0,3.566,
25006.7,heavy,3101,0,1.965,
25010.0,heavy,3102,1,2.117,
25013.3,heavy,3103,0,3.669,
25016.7,heavy,3101,0,4.064,
25020.0,heavy,3102,1,1.934,
25023.3,heavy,3103,0,3.404,
25026.7,heavy,3101,0,2.979,
25030.0,heavy,3102,1,1.023,
25033.3,heavy,3103,0,3.788,
25036.7,heavy,3101,1,4.444,
25040.0,heavy,3102,0,1.119,
25043.3,heavy,3103,0,3.914,
25046.7,heavy,3101,0,3.182,
25050.0,heavy,3102,1,1.100,
25053.3,heavy,3103,0,4.307,
25056.7,heavy,3101,0,3.136,
25060.0,heavy,3102,1,1.310,
25063.3,heavy,3103,0,4.152,
25066.7,heavy,3101,0,3.769,
25070.0,heavy,3102,1,1.165,
25073.3,heavy,3103,0,3.947,
25076.7,heavy,3101,0,3.175,
25080.0,heavy,3102,1,1.266,
25083.3,heavy,3103,0,2.463,
25086.7,heavy,3101,0,3.202,
25090.0,heavy,3102,1,1.329,
25093.3,heavy,3103,0,4.602,
25096.7,heavy,3101,0,4.133,
25100.0,heavy,3102,1,1.452,
25100.0,light-5,3101,1,2.066,
25100.0,light-4,3103,1,2.293,
25100.0,light-2,3101,1,4.526,
25100.0,light-1,3103,1,5.086,
25100.0,light-3,3102,1,5.252,
25103.3,heavy,3102,0,0.961,
25106.7,heavy,3103,0,4.121,
25110.0,heavy,3101,0,3.304,
25113.3,heavy,3102,1,1.965,
25116.7,heavy,3103,0,3.644,
25120.0,heavy,3101,1,3.823,
25123.3,heavy,3102,0,0.958,
25126.7,heavy,3103,1,4.298,
25130.0,heavy,3101,0,3.169,
25133.3,heavy,3102,0,1.064,
25136.7,heavy,3103,0,3.558,
25140.0,heavy,3101,1,4.139,
25143.3,heavy,3102,0,0.868,
25146.7,heavy,3103,0,6.820,
25150.0,heavy,3101,1,3.291,
25153.3,heavy,3102,1,1.415,
25156.7,heavy,3103,0,6.842,
25160.0,heavy,3101,0,3.248,
25163.3,heavy,3102,0,1.339,
25166.7,heavy,3103,0,2.883,
25170.0,heavy,3101,1,3.108,
25173.3,heavy,3102,0,0.658,
25176.7,heavy,3103,0,4.744,
25180.0,heavy,3101,1,5.483,
25183.3,heavy,3102,0,1.279,
25186.7,heavy,3103,0,3.998,
25190.0,heavy,3101,1,5.549,
25193.3,heavy,3102,0,1.277,
25196.7,heavy,3103,0,3.273,
25200.0,heavy,3101,1,6.221,
25200.0,light-2,3103,1,1.650,
25200.0,light-5,3103,1,1.915,
25200.0,light-3,3101,1,2.929,
25200.0,light-4,3102,1,3.064,
25200.0,light-1,3102,1,5.388,
25203.3,heavy,3101,0,4.124,
25206.7,heavy,3102,0,1.157,
25210.0,heavy,3103,0,4.093,
25213.3,heavy,3101,1,4.477,
25216.7,heavy,3102,1,1.401,
25220.0,heavy,3103,0,4.164,
25223.3,heavy,3101,0,4.379,
25226.7,heavy,3102,0,1.019,
25230.0,heavy,3103,0,4.105,
25233.3,heavy,3101,1,4.021,
25236.7,heavy,3102,1,1.318,
25240.0,heavy,3103,0,2.709,
25243.3,heavy,3101,0,3.555,
25246.7,heavy,3102,1,1.289,
25250.0,heavy,3103,0,3.870,
25253.3,heavy,3101,0,3.667,
25256.7,heavy,3102,0,0.899,
25260.0,heavy,3103,0,3.789,
25263.3,heavy,3101,1,4.119,
25266.7,heavy,3102,1,1.304,
25270.0,heavy,3103,0,3.600,
25273.3,heavy,3101,0,3.661,
25276.7,heavy,3102,0,0.847,
25280.0,heavy,3103,0,4.074,
25283.3,heavy,3101,1,4.197,
25286.7,heavy,3102,0,1.066,
25290.0,heavy,3103,0,5.151,
25293.3,heavy,3101,1,4.644,
25296.7,heavy,3102,1,1.754,
25300.0,heavy,3103,0,4.879,
25300.0,light-2,3102,1,1.897,
25300.0,light-5,3102,1,2.271,
25300.0,light-1,3101,1,2.625,
25300.0,light-3,3103,1,2.853,
25300.0,light-4,3101,1,2.986,
25303.3,heavy,3103,0,2.977,
25306.7,heavy,3101,0,3.368,
25310.0,heavy,3102,1,1.184,
25313.3,heavy,3103,0,3.457,
25316.7,heavy,3101,0,2.130,
25320.0,heavy,3102,1,1.615,
25323.3,heavy,3103,0,3.359,
25326.7,heavy,3101,0,5.491,
25330.0,heavy,3102,1,1.416,
25333.3,heavy,3103,0,1.988,
25336.7,heavy,3101,0,2.936,
25340.0,heavy,3102,1,1.171,
25343.3,heavy,3103,0,4.410,
25346.7,heavy,3101,0,3.625,
25350.0,heavy,3102,1,1.270,
25353.3,heavy,3103,0,4.837,
25356.7,heavy,3101,0,3.695,
25360.0,heavy,3102,1,1.508,
25363.3,heavy,3103,0,4.153,
25366.7,heavy,3101,0,3.831,
25370.0,heavy,3102,1,1.267,
25373.3,heavy,3103,0,5.238,
25376.7,heavy,3101,1,5.708,
25380.0,heavy,3102,0,1.710,
25383.3,heavy,3103,0,4.643,
25386.7,heavy,3101,1,5.074,
25390.0,heavy,3102,0,0.831,
25393.3,heavy,3103,0,3.173,
25396.7,heavy,3101,0,3.035,
25400.0,heavy,3102,1,1.530,
25400.0,light-2,3101,1,1.511,
25400.0,light-1,3103,1,1.680,
25400.0,light-5,3101,1,1.556,
25400.0,light-3,3102,1,1.748,
25400.0,light-4,3103,1,4.556,
25403.3,heavy,3102,0,0.967,
25406.7,heavy,3103,0,4.688,
25410.0,heavy,3101,1,3.806,
25413.3,heavy,3102,0,1.005,
25416.7,heavy,3103,0,3.835,
25420.0,heavy,3101,0,3.101,
25423.3,heavy,3102,1,1.333,
25426.7,heavy,3103,0,2.277,
25430.0,heavy,3101,1,4.508,
25433.3,heavy,3102,1,1.426,
25436.7,heavy,3103,0,4.861,
25440.0,heavy,3101,0,4.632,
25443.3,heavy,3102,0,0.773,
25446.7,heavy,3103,0,3.763,
25450.0,heavy,3101,0,3.323,
25453.3,heavy,3102,1,1.427,
25456.7,heavy,3103,0,3.026,
25460.0,heavy,3101,1,4.683,
25463.3,heavy,3102,1,1.821,
25466.7,heavy,3103,0,3.811,
25470.0,heavy,3101,0,4.367,
25473.3,heavy,3102,0,0.993,
25476.7,heavy,3103,0,3.795,
25480.0,heavy,3101,0,3.173,
25483.3,heavy,3102,1,1.283,
25486.7,heavy,3103,0,2.245,
25490.0,heavy,3101,1,4.255,
25493.3,heavy,3102,1,1.600,
25496.7,heavy,3103,0,3.591,
25500.0,heavy,3101,0,3.956,
25500.0,light-1,3102,1,1.900,
25500.0,light-4,3102,1,1.912,
25500.0,light-2,3103,1,2.218,
25500.0,light-3,3101,1,5.400,
25500.0,light-5,3103,1,5.484,
25503.3,heavy,3101,0,2.577,
25506.7,heavy,3102,0,0.962,
25510.0,heavy,3103,0,4.315,
25513.3,heavy,3101,0,3.430,
25516.7,heavy,3102,1,1.268,
25520.0,heavy,3103,1,4.403,
25523.3,heavy,3101,0,3.238,
25526.7,heavy,3102,0,1.179,
25530.0,heavy,3103,1,4.524,
25533.3,heavy,3101,0,3.025,
25536.7,heavy,3102,0,1.023,
25540.0,heavy,3103,0,3.816,
25543.3,heavy,3101,0,3.332,
25546.7,heavy,3102,1,1.444,
25550.0,heavy,3103,0,2.113,
25553.3,heavy,3101,1,4.046,
25556.7,heavy,3102,1,1.385,
25560.0,heavy,3103,0,4.214,
25563.3,heavy,3101,0,4.074,
25566.7,heavy,3102,0,0.732,
25570.0,heavy,3103,0,5.488,
25573.3,heavy,3101,1,5.713,
25576.7,heavy,3102,1,3.575,
25580.0,heavy,3103,0,5.233,
25583.3,heavy,3101,0,3.439,
25586.7,heavy,3102,0,0.890,
25590.0,heavy,3103,0,3.948,
25593.3,heavy,3101,1,4.311,
25596.7,heavy,3102,0,1.103,
25600.0,heavy,3103,1,4.817,
25600.0,light-2,3102,1,1.211,
25600.0,light-1,3101,1,1.441,
25600.0,light-4,3101,1,1.518,
25600.0,light-5,3102,1,1.611,
25600.0,light-3,3103,1,2.655,
25603.3,heavy,3103,0,3.625,
25606.7,heavy,3101,0,3.251,
25610.0,heavy,3102,1,1.271,
25613.3,heavy,3103,0,4.420,
25616.7,heavy,3101,0,3.442,
25620.0,heavy,3102,1,2.029,
25623.3,heavy,3103,0,4.057,
25626.7,heavy,3101,0,3.849,
25630.0,heavy,3102,1,0.926,
25633.3,heavy,3103,0,4.763,
25636.7,heavy,3101,0,4.109,
25640.0,heavy,3102,1,1.577,
25643.3,heavy,3103,0,2.865,
25646.7,heavy,3101,0,3.099,
25650.0,heavy,3102,1,1.163,
25653.3,heavy,3103,0,3.433,
25656.7,heavy,3101,0,3.268,
25660.0,heavy,3102,1,0.932,
25663.3,heavy,3103,0,5.226,
25666.7,heavy,3101,0,5.326,
25670.0,heavy,3102,1,2.767,
25673.3,heavy,3103,0,4.946,
25676.7,heavy,3101,0,2.548,
25680.0,heavy,3102,1,1.499,
25683.3,heavy,3103,0,3.707,
25686.7,heavy,3101,1,4.102,
25690.0,heavy,3102,0,0.942,
25693.3,heavy,3103,0,3.001,
25696.7,heavy,3101,0,2.534,
25700.0,heavy,3102,1,1.621,
25700.0,light-1,3101,1,1.427,
25700.0,light-3,3103,1,2.718,
25700.0,light-5,3102,1,3.113,
25700.0,light-4,3101,1,4.506,
25700.0,light-2,3102,1,4.690,
25703.3,heavy,3103,0,4.539,
25706.7,heavy,3103,1,5.505,
25710.0,heavy,3101,0,3.204,
25713.3,heavy,3102,0,0.793,
25716.7,heavy,3103,0,3.182,
25720.0,heavy,3101,0,2.974,
25723.3,heavy,3102,1,1.420,
25726.7,heavy,3103,0,3.055,
25730.0,heavy,3101,0,2.697,
25733.3,heavy,3102,1,1.696,
25736.7,heavy,3103,0,1.753,
25740.0,heavy,3101,1,4.945,
25743.3,heavy,3102,1,1.425,
25746.7,heavy,3103,0,3.878,
25750.0,heavy,3101,0,4.729,
25753.3,heavy,3102,0,1.504,
25756.7,heavy,3103,0,4.690,
25760.0,heavy,3101,0,3.884,
25763.3,heavy,3102,1,1.378,
25766.7,heavy,3103,0,3.958,
25770.0,heavy,3101,1,3.111,
25773.3,heavy,3102,0,0.846,
25776.7,heavy,3103,0,5.697,
25780.0,heavy,3101,1,4.838,
25783.3,heavy,3102,0,0.813,
25786.7,heavy,3103,0,3.414,
25790.0,heavy,3101,1,3.490,
25793.3,heavy,3102,0,1.135,
25796.7,heavy,3103,0,3.949,
25800.0,heavy,3101,1,4.928,
25800.0,light-2,3103,1,1.385,
25800.0,light-1,3102,1,1.617,
25800.0,light-4,3102,1,2.030,
25800.0,light-5,3103,1,2.165,
25800.0,light-3,3101,1,2.529,
25803.3,heavy,3101,0,3.629,
25806.7,heavy,3102,0,0.954,
25810.0,heavy,3103,0,4.191,
25813.3,heavy,3101,1,3.276,
25816.7,heavy,3102,0,0.782,
25820.0,heavy,3103,0,4.383,
25823.3,heavy,3101,1,4.441,
25826.7,heavy,3102,1,1.520,
25830.0,heavy,3103,0,2.700,
25833.3,heavy,3101,0,3.392,
25836.7,heavy,3102,0,0.972,
25840.0,heavy,3103,0,7.398,
25843.3,heavy,3101,1,4.332,
25846.7,heavy,3102,0,0.973,
25850.0,heavy,3103,1,6.785,
25853.3,heavy,3101,0,2.865,
25856.7,heavy,3102,0,1.033,
25860.0,heavy,3103,0,3.704,
25863.3,heavy,3101,0,3.733,
25866.7,heavy,3102,1,1.224,
25870.0,heavy,3103,0,3.530,
25873.3,heavy,3101,0,3.680,
25876.7,heavy,3102,1,0.970,
25880.0,heavy,3103,0,4.062,
25883.3,heavy,3101,1,4.031,
25886.7,heavy,3102,1,1.315,
25890.0,heavy,3103,0,4.129,
25893.3,heavy,3101,0,2.697,
25896.7,heavy,3102,1,1.639,
25900.0,heavy,3103,0,4.291,
25900.0,light-3,3102,1,1.930,
25900.0,light-1,3103,1,2.327,
25900.0,light-2,3101,1,2.446,
25900.0,light-4,3103,1,2.503,
25900.0,light-5,3101,1,2.583,
25903.3,heavy,3101,0,3.674,
25906.7,heavy,3102,0,1.753,
25910.0,heavy,3102,1,1.003,
25913.3,heavy,3103,0,3.830,
25916.7,heavy,3101,0,3.095,
25920.0,heavy,3102,1,1.437,
25923.3,heavy,3103,0,3.615,
25926.7,heavy,3101,0,3.027,
25930.0,heavy,3102,1,1.391,
25933.3,heavy,3103,1,4.925,
25936.7,heavy,3101,0,3.213,
25940.0,heavy,3102,0,1.116,
25943.3,heavy,3103,0,3.242,
25946.7,heavy,3101,0,2.920,
25950.0,heavy,3102,1,1.145,
25953.3,heavy,3103,0,3.317,
25956.7,heavy,3101,0,2.535,
25960.0,heavy,3102,0,0.906,
25963.3,heavy,3103,0,4.349,
25966.7,heavy,3101,1,4.758,
25970.0,heavy,3102,0,1.153,
25973.3,heavy,3103,0,3.046,
25976.7,heavy,3101,1,1.788,
25980.0,heavy,3102,1,1.492,
25983.3,heavy,3103,0,3.400,
25986.7,heavy,3101,0,3.488,
25990.0,heavy,3102,1,1.083,
25993.3,heavy,3103,0,4.449,
25996.7,heavy,3101,0,4.056,
26000.0,heavy,3102,1,1.482,
26000.0,light-3,3102,1,1.571,
26000.0,light-2,3101,1,2.537,
26000.0,light-1,3103,1,2.871,
26000.0,light-5,3101,1,2.874,
26000.0,light-4,3103,1,3.007,
26003.3,heavy,3102,0,1.044,
26006.7,heavy,3103,0,3.746,
26010.0,heavy,3101,0,3.080,
26013.3,heavy,3102,1,1.389,
26016.7,heavy,3103,0,2.147,
26020.0,heavy,3101,1,5.374,
26023.3,heavy,3102,1,1.957,
26026.7,heavy,3103,0,4.549,
26030.0,heavy,3101,0,5.068,
26033.3,heavy,3102,0,2.874,
26036.7,heavy,3103,0,3.050,
26040.0,heavy,3101,0,3.220,
26043.3,heavy,3102,1,1.383,
26046.7,heavy,3103,0,3.426,
26050.0,heavy,3101,0,3.327,
26053.3,heavy,3102,1,1.431,
26056.7,heavy,3103,0,3.092,
26060.0,heavy,3101,0,3.124,
26063.3,heavy,3102,1,0.675,
26066.7,heavy,3103,0,3.613,
26070.0,heavy,3101,0,3.917,
26073.3,heavy,3102,1,1.351,
26076.7,heavy,3103,0,3.662,
26080.0,heavy,3101,1,3.851,
26083.3,heavy,3102,0,1.136,
26086.7,heavy,3103,0,4.148,
26090.0,heavy,3101,1,4.431,
26093.3,heavy,3102,0,0.867,
26096.7,heavy,3103,0,3.308,
26100.0,heavy,3101,1,4.365,
26100.0,light-1,3102,1,1.391,
26100.0,light-2,3103,1,1.583,
26100.0,light-4,3102,1,1.668,
26100.0,light-5,3103,1,1.737,
26100.0,light-3,3101,1,2.123,
26103.3,heavy,3101,0,3.690,
26106.7,heavy,3102,0,0.880,
26110.0,heavy,3103,0,4.436,
26113.3,heavy,3101,1,3.710,
26116.7,heavy,3102,1,1.370,
26120.0,heavy,3103,0,4.163,
26123.3,heavy,3101,0,3.733,
26126.7,heavy,3102,0,0.790,
26130.0,heavy,3103,0,3.591,
26133.3,heavy,3101,0,3.097,
26136.7,heavy,3102,1,1.305,
26140.0,heavy,3103,0,2.076,
26143.3,heavy,3101,1,3.949,
26146.7,heavy,3102,1,1.182,
26150.0,heavy,3103,0,3.193,
26153.3,heavy,3101,0,3.727,
26156.7,heavy,3102,0,1.024,
26160.0,heavy,3103,0,4.133,
26163.3,heavy,3101,1,4.204,
26166.7,heavy,3102,1,1.500,
26170.0,heavy,3103,0,2.458,
26173.3,heavy,3101,0,3.737,
26176.7,heavy,3102,1,1.352,
26180.0,heavy,3103,0,4.197,
26183.3,heavy,3101,0,3.929,
26186.7,heavy,3102,0,0.957,
26190.0,heavy,3103,0,5.668,
26193.3,heavy,3101,1,6.028,
26196.7,heavy,3102,1,2.012,
26200.0,heavy,3103,0,5.550,
26200.0,light-2,3102,1,2.057,
26200.0,light-1,3101,1,2.563,
26200.0,light-4,3101,1,2.704,
26200.0,light-3,3103,1,2.899,
26200.0,light-5,3102,1,4.941,
26203.3,heavy,3103,0,2.739,
26206.7,heavy,3101,0,4.414,
26210.0,heavy,3102,1,1.360,
26213.3,heavy,3103,0,4.837,
26216.7,heavy,3101,0,3.796,
26220.0,heavy,3102,1,0.979,
26223.3,heavy,3103,0,4.197,
26226.7,heavy,3101,0,3.519,
26230.0,heavy,3102,1,1.387,
26233.3,heavy,3103,0,2.518,
26236.7,heavy,3101,0,3.618,
26240.0,heavy,3102,1,1.271,
26243.3,heavy,3103,0,4.278,
26246.7,heavy,3101,0,4.019,
26250.0,heavy,3102,1,1.136,
26253.3,heavy,3103,0,3.781,
26256.7,heavy,3101,0,2.927,
26260.0,heavy,3102,1,1.477,
26263.3,heavy,3103,0,2.150,
26266.7,heavy,3101,0,3.123,
26270.0,heavy,3102,1,1.303,
26273.3,heavy,3103,0,3.644,
26276.7,heavy,3101,0,3.414,
26280.0,heavy,3102,1,0.972,
26283.3,heavy,3103,0,4.310,
26286.7,heavy,3101,0,3.552,
26290.0,heavy,3102,1,1.389,
26293.3,heavy,3103,0,4.033,
26296.7,heavy,3101,0,3.149,
26300.0,heavy,3102,1,1.566,
26300.0,light-5,3101,1,2.404,
26300.0,light-4,3103,1,2.690,
26300.0,light-2,3101,1,4.057,
26300.0,light-1,3103,1,4.665,
26300.0,light-3,3102,1,5.061,
26303.3,heavy,3102,0,1.853,
26306.7,heavy,3103,0,3.699,
26310.0,heavy,3101,1,3.975,
26313.3,heavy,3102,0,1.043,
26316.7,heavy,3103,0,4.659,
26320.0,heavy,3101,0,3.663,
26323.3,heavy,3102,1,1.977,
26326.7,heavy,3103,0,2.530,
26330.0,heavy,3101,1,5.212,
26333.3,heavy,3102,1,1.348,
26336.7,heavy,3103,0,4.237,
26340.0,heavy,3101,0,4.889,
26343.3,heavy,3102,0,1.098,
26346.7,heavy,3103,0,3.664,
26350.0,heavy,3101,0,2.943,
26353.3,heavy,3102,1,1.088,
26356.7,heavy,3103,1,4.004,
26360.0,heavy,3101,0,2.863,
26363.3,heavy,3102,0,0.909,
26366.7,heavy,3103,0,3.468,
26370.0,heavy,3101,1,3.454,
26373.3,heavy,3102,0,0.789,
26376.7,heavy,3103,0,4.702,
26380.0,heavy,3101,0,3.140,
26383.3,heavy,3102,1,1.322,
26386.7,heavy,3103,0,4.523,
26390.0,heavy,3101,1,2.992,
26393.3,heavy,3102,0,0.693,
26396.7,heavy,3103,0,6.906,
26400.0,heavy,3101,1,4.942,
26400.0,light-3,3101,1,2.060,
26400.0,light-4,3102,1,2.185,
26400.0,light-1,3102,1,4.721,
26400.0,light-2,3103,1,4.909,
26400.0,light-5,3103,1,5.285,
26403.3,heavy,3101,0,4.312,
26406.7,heavy,3102,0,0.823,
26410.0,heavy,3103,0,3.784,
26413.3,heavy,3101,0,7.778,
26416.7,heavy,3102,1,0.976,
26420.0,heavy,3103,1,3.679,
26423.3,heavy,3101,0,2.683,
26426.7,heavy,3102,0,0.921,
26430.0,heavy,3103,0,4.127,
26433.3,heavy,3101,1,4.126,
26436.7,heavy,3102,1,1.301,
26440.0,heavy,3103,0,4.193,
26443.3,heavy,3101,0,3.032,
26446.7,heavy,3102,1,1.478,
26450.0,heavy,3103,0,4.547,
26453.3,heavy,3101,0,3.053,
26456.7,heavy,3102,0,1.380,
26460.0,heavy,3103,1,4.750,
26463.3,heavy,3101,0,3.002,
26466.7,heavy,3102,0,1.285,
26470.0,heavy,3103,1,4.032,
26473.3,heavy,3101,0,3.147,
26476.7,heavy,3102,0,1.357,
26480.0,heavy,3103,0,3.667,
26483.3,heavy,3101,1,3.958,
26486.7,heavy,3102,1,1.110,
26490.0,heavy,3103,0,3.681,
26493.3,heavy,3101,0,3.505,
26496.7,heavy,3102,0,1.437,
26500.0,heavy,3103,0,5.649,
26500.0,light-1,3102,1,1.398,
26500.0,light-4,3102,1,1.783,
26500.0,light-2,3103,1,3.324,
26500.0,light-3,3101,1,6.159,
26500.0,light-5,3103,1,6.737,
26503.3,heavy,3101,1,4.111,
26506.7,heavy,3101,0,3.117,
26510.0,heavy,3102,1,1.023,
26513.3,heavy,3103,0,3.777,
26516.7,heavy,3101,0,2.943,
26520.0,heavy,3102,1,1.327,
26523.3,heavy,3103,0,3.194,
26526.7,heavy,3101,0,2.417,
26530.0,heavy,3102,0,0.898,
26533.3,heavy,3103,0,3.874,
26536.7,heavy,3101,1,4.086,
26540.0,heavy,3102,0,0.691,
26543.3,heavy,3103,0,3.981,
26546.7,heavy,3101,1,2.070,
26550.0,heavy,3102,1,1.482,
26553.3,heavy,3103,0,4.265,
26556.7,heavy,3101,0,3.134,
26560.0,heavy,3102,1,1.098,
26563.3,heavy,3103,0,3.920,
26566.7,heavy,3101,1,3.963,
26570.0,heavy,3102,0,1.031,
26573.3,heavy,3103,0,3.146,
26576.7,heavy,3101,0,2.939,
26580.0,heavy,3102,1,1.157,
26583.3,heavy,3103,0,3.123,
26586.7,heavy,3101,0,2.730,
26590.0,heavy,3102,1,0.975,
26593.3,heavy,3103,0,5.378,
26596.7,heavy,3101,0,3.692,
26600.0,heavy,3102,1,1.580,
26600.0,light-3,3102,1,1.822,
26600.0,light-2,3101,1,2.305,
26600.0,light-1,3103,1,2.496,
26600.0,light-5,3101,1,2.494,
26600.0,light-4,3103,1,5.745,
26603.3,heavy,3102,0,0.935,
26606.7,heavy,3103,0,2.765,
26610.0,heavy,3101,0,2.860,
26613.3,heavy,3102,1,1.225,
26616.7,heavy,3103,0,2.640,
26620.0,heavy,3101,1,4.203,
26623.3,heavy,3102,1,1.340,
26626.7,heavy,3103,0,4.310,
26630.0,heavy,3101,0,4.548,
26633.3,heavy,3102,0,1.050,
26636.7,heavy,3103,0,3.837,
26640.0,heavy,3101,0,3.054,
26643.3,heavy,3102,1,1.307,
26646.7,heavy,3103,0,3.547,
26650.0,heavy,3101,1,3.276,
26653.3,heavy,3102,0,0.831,
26656.7,heavy,3103,0,4.301,
26660.0,heavy,3101,1,3.816,
26663.3,heavy,3102,0,0.960,
26666.7,heavy,3103,0,3.370,
26670.0,heavy,3101,1,3.803,
26673.3,heavy,3102,0,0.859,
26676.7,heavy,3103,0,4.199,
26680.0,heavy,3101,1,3.278,
26683.3,heavy,3102,0,1.161,
26686.7,heavy,3103,0,3.659,
26690.0,heavy,3101,1,4.176,
26693.3,heavy,3102,0,0.853,
26696.7,heavy,3103,0,3.288,
26700.0,heavy,3101,1,4.215,
26700.0,light-1,3102,1,1.313,
26700.0,light-2,3103,1,1.430,
26700.0,light-4,3102,1,1.547,
26700.0,light-5,3103,1,1.614,
26700.0,light-3,3101,1,2.639,
26703.3,heavy,3101,0,3.052,
26706.7,heavy,3102,0,1.592,
26710.0,heavy,3103,1,4.431,
26713.3,heavy,3101,0,3.279,
26716.7,heavy,3102,0,0.810,
26720.0,heavy,3103,1,4.404,
26723.3,heavy,3101,0,3.271,
26726.7,heavy,3102,0,1.037,
26730.0,heavy,3103,0,4.264,
26733.3,heavy,3101,1,4.602,
26736.7,heavy,3102,1,1.468,
26740.0,heavy,3103,0,2.947,
26743.3,heavy,3101,0,2.241,
26746.7,heavy,3102,1,1.404,
26750.0,heavy,3103,0,3.448,
26753.3,heavy,3101,0,2.987,
26756.7,heavy,3102,0,0.827,
26760.0,heavy,3103,0,4.552,
26763.3,heavy,3101,1,3.753,
26766.7,heavy,3102,1,1.373,
26770.0,heavy,3103,0,4.285,
26773.3,heavy,3101,0,1.407,
26776.7,heavy,3102,1,1.551,
26780.0,heavy,3103,0,4.038,
26783.3,heavy,3101,0,3.461,
26786.7,heavy,3102,0,1.052,
26790.0,heavy,3103,1,4.006,
26793.3,heavy,3101,0,2.709,
26796.7,heavy,3102,0,0.832,
26800.0,heavy,3103,1,4.950,
26800.0,light-1,3101,1,1.385,
26800.0,light-3,3103,1,2.693,
26800.0,light-5,3102,1,2.811,
26800.0,light-4,3101,1,4.041,
26800.0,light-2,3102,1,6.323,
26803.3,heavy,3103,0,4.806,
26806.7,heavy,3101,0,2.711,
26810.0,heavy,3102,1,0.994,
26813.3,heavy,3103,0,3.869,
26816.7,heavy,3101,0,3.150,
26820.0,heavy,3102,0,0.819,
26823.3,heavy,3103,0,4.049,
26826.7,heavy,3101,1,4.269,
26830.0,heavy,3102,1,1.225,
26833.3,heavy,3103,0,3.645,
26836.7,heavy,3101,0,1.597,
26840.0,heavy,3102,1,1.272,
26843.3,heavy,3103,0,3.821,
26846.7,heavy,3101,0,3.291,
26850.0,heavy,3102,1,0.886,
26853.3,heavy,3103,0,3.627,
26856.7,heavy,3101,0,2.927,
26860.0,heavy,3102,1,1.125,
26863.3,heavy,3103,0,3.389,
26866.7,heavy,3101,0,2.745,
26870.0,heavy,3102,0,0.925,
26873.3,heavy,3103,0,3.393,
26876.7,heavy,3101,1,3.812,
26880.0,heavy,3102,1,1.361,
26883.3,heavy,3103,0,3.224,
26886.7,heavy,3101,0,2.602,
26890.0,heavy,3102,1,1.173,
26893.3,heavy,3103,0,3.732,
26896.7,heavy,3101,0,4.436,
26900.0,heavy,3102,1,1.349,
26900.0,light-1,3103,1,1.543,
26900.0,light-3,3102,1,1.613,
26900.0,light-4,3103,1,1.715,
26900.0,light-2,3101,1,2.922,
26900.0,light-5,3101,1,3.362,
26903.3,heavy,3102,0,1.048,
26906.7,heavy,3103,0,6.225,
26910.0,heavy,3101,1,5.181,
26913.3,heavy,3102,0,0.979,
26916.7,heavy,3103,0,4.401,
26920.0,heavy,3101,1,4.470,
26923.3,heavy,3102,0,1.299,
26926.7,heavy,3103,0,4.587,
26930.0,heavy,3101,1,4.896,
26933.3,heavy,3102,0,1.108,
26936.7,heavy,3103,0,4.155,
26940.0,heavy,3101,0,3.332,
26943.3,heavy,3102,1,1.345,
26946.7,heavy,3103,1,4.270,
26950.0,heavy,3101,0,2.783,
26953.3,heavy,3102,0,0.891,
26956.7,heavy,3103,0,4.297,
26960.0,heavy,3101,1,3.674,
26963.3,heavy,3102,0,0.695,
26966.7,heavy,3103,0,4.479,
26970.0,heavy,3101,0,3.288,
26973.3,heavy,3102,1,1.267,
26976.7,heavy,3103,0,3.039,
26980.0,heavy,3101,1,3.623,
26983.3,heavy,3102,0,0.823,
26986.7,heavy,3103,0,3.882,
26990.0,heavy,3101,1,4.131,
26993.3,heavy,3102,0,1.144,
26996.7,heavy,3103,0,3.447,
27000.0,heavy,3101,1,4.125,
27000.0,light-1,3102,1,1.504,
27000.0,light-2,3103,1,1.775,
27000.0,light-4,3102,1,1.834,
27000.0,light-5,3103,1,1.961,
27000.0,light-3,3101,1,2.142,
27003.3,heavy,3101,0,3.317,
27006.7,heavy,3102,0,1.004,
27010.0,heavy,3103,0,4.050,
27013.3,heavy,3101,1,4.398,
27016.7,heavy,3102,1,1.686,
27020.0,heavy,3103,0,4.122,
27023.3,heavy,3101,0,3.952,
27026.7,heavy,3102,0,1.072,
27030.0,heavy,3103,0,3.392,
27033.3,heavy,3101,0,2.751,
27036.7,heavy,3102,1,1.111,
27040.0,heavy,3103,1,3.592,
27043.3,heavy,3101,0,2.707,
27046.7,heavy,3102,0,0.974,
27050.0,heavy,3103,0,3.707,
27053.3,heavy,3101,1,4.047,
27056.7,heavy,3102,0,0.966,
27060.0,heavy,3103,0,4.880,
27063.3,heavy,3101,1,4.083,
27066.7,heavy,3102,1,1.607,
27070.0,heavy,3103,0,3.707,
27073.3,heavy,3101,0,4.972,
27076.7,heavy,3102,0,1.087,
27080.0,heavy,3103,0,4.094,
27083.3,heavy,3101,1,3.433,
27086.7,heavy,3102,0,0.699,
27090.0,heavy,3103,0,4.833,
27093.3,heavy,3101,1,3.972,
27096.7,heavy,3102,1,1.285,
27100.0,heavy,3103,0,4.253,
27100.0,light-2,3102,1,1.036,
27100.0,light-5,3102,1,1.295,
27100.0,light-1,3101,1,1.613,
27100.0,light-4,3101,1,1.657,
27100.0,light-3,3103,1,1.941,
27103.3,heavy,3103,0,3.268,
27106.7,heavy,3101,0,3.327,
27110.0,heavy,3102,1,1.183,
27113.3,heavy,3103,0,3.951,
27116.7,heavy,3101,1,4.328,
27120.0,heavy,3102,0,0.973,
27123.3,heavy,3103,0,3.359,
27126.7,heavy,3101,0,3.130,
27130.0,heavy,3102,1,1.161,
27133.3,heavy,3103,0,3.885,
27136.7,heavy,3101,0,2.858,
27140.0,heavy,3102,1,1.426,
27143.3,heavy,3103,0,3.673,
27146.7,heavy,3101,0,3.173,
27150.0,heavy,3102,0,1.014,
27153.3,heavy,3103,0,3.526,
27156.7,heavy,3101,1,3.794,
27160.0,heavy,3102,1,1.004,
27163.3,heavy,3103,0,2.767,
27166.7,heavy,3101,0,2.496,
27170.0,heavy,3102,1,1.242,
27173.3,heavy,3103,0,3.882,
27176.7,heavy,3101,0,3.110,
27180.0,heavy,3102,1,1.113,
27183.3,heavy,3103,0,4.392,
27186.7,heavy,3101,0,3.501,
27190.0,heavy,3102,1,1.262,
27193.3,heavy,3103,0,2.823,
27196.7,heavy,3101,0,3.243,
27200.0,heavy,3102,1,1.432,
27200.0,light-2,3101,1,1.355,
27200.0,light-1,3103,1,1.568,
27200.0,light-5,3101,1,1.469,
27200.0,light-3,3102,1,1.691,
27200.0,light-4,3103,1,1.719,
27203.3,heavy,3102,0,1.391,
27206.7,heavy,3103,1,4.877,
27210.0,heavy,3101,0,3.078,
27213.3,heavy,3102,0,1.439,
27216.7,heavy,3103,0,3.759,
27220.0,heavy,3101,0,2.858,
27223.3,heavy,3102,1,1.417,
27226.7,heavy,3103,0,3.767,
27230.0,heavy,3101,1,3.506,
27233.3,heavy,3102,0,0.943,
27236.7,heavy,3103,0,4.628,
27240.0,heavy,3101,1,4.519,
27243.3,heavy,3102,0,1.007,
27246.7,heavy,3103,0,3.984,
27250.0,heavy,3101,0,3.524,
27253.3,heavy,3102,1,1.329,
27256.7,heavy,3103,0,2.433,
27260.0,heavy,3101,1,4.742,
27263.3,heavy,3102,1,1.248,
27266.7,heavy,3103,0,3.694,
27270.0,heavy,3101,0,4.501,
27273.3,heavy,3102,0,0.944,
27276.7,heavy,3103,0,3.390,
27280.0,heavy,3101,0,2.798,
27283.3,heavy,3102,1,1.260,
27286.7,heavy,3103,0,1.812,
27290.0,heavy,3101,1,5.334,
27293.3,heavy,3102,1,1.571,
27296.7,heavy,3103,0,4.446,
27300.0,heavy,3101,0,5.036,
27300.0,light-1,3102,1,2.718,
27300.0,light-4,3102,1,2.819,
27300.0,light-3,3101,1,3.022,
27300.0,light-2,3103,1,3.203,
27300.0,light-5,3103,1,3.182,
27303.3,heavy,3101,0,4.163,
27306.7,heavy,3102,0,1.074,
27310.0,heavy,3103,0,4.955,
27313.3,heavy,3101,0,3.920,
27316.7,heavy,3102,1,1.309,
27320.0,heavy,3103,1,4.624,
27323.3,heavy,3101,0,3.422,
27326.7,heavy,3102,0,1.263,
27330.0,heavy,3103,1,4.653,
27333.3,heavy,3101,0,3.031,
27336.7,heavy,3102,0,1.015,
27340.0,heavy,3103,1,4.117,
27343.3,heavy,3101,0,2.977,
27346.7,heavy,3102,0,0.935,
27350.0,heavy,3103,0,3.800,
27353.3,heavy,3101,1,4.207,
27356.7,heavy,3102,1,1.247,
27360.0,heavy,3103,0,4.245,
27363.3,heavy,3101,0,4.328,
27366.7,heavy,3102,0,0.948,
27370.0,heavy,3103,0,4.319,
27373.3,heavy,3101,1,3.562,
27376.7,heavy,3102,1,1.104,
27380.0,heavy,3103,0,3.072,
27383.3,heavy,3101,0,3.575,
27386.7,heavy,3102,0,1.076,
27390.0,heavy,3103,0,3.799,
27393.3,heavy,3101,1,4.055,
27396.7,heavy,3102,0,0.815,
27400.0,heavy,3103,0,5.470,
27400.0,light-2,3102,1,1.794,
27400.0,light-1,3101,1,2.318,
27400.0,light-3,3103,1,2.535,
27400.0,light-4,3101,1,2.615,
27400.0,light-5,3102,1,4.718,
27403.3,heavy,3101,1,5.791,
27406.7,heavy,3102,1,1.424,
27410.0,heavy,3103,0,5.537,
27413.3,heavy,3103,0,3.025,
27416.7,heavy,3101,0,3.158,
27420.0,heavy,3102,1,1.061,
27423.3,heavy,3103,0,3.791,
27426.7,heavy,3101,1,3.892,
27430.0,heavy,3102,0,0.909,
27433.3,heavy,3103,0,3.567,
27436.7,heavy,3101,0,2.995,
27440.0,heavy,3102,0,0.928,
27443.3,heavy,3103,0,3.725,
27446.7,heavy,3101,1,4.136,
27450.0,heavy,3102,1,1.371,
27453.3,heavy,3103,0,3.880,
27456.7,heavy,3101,0,4.128,
27460.0,heavy,3102,0,0.915,
27463.3,heavy,3103,0,5.578,
27466.7,heavy,3101,1,1.769,
27470.0,heavy,3102,1,1.094,
27473.3,heavy,3103,0,4.612,
27476.7,heavy,3101,0,3.014,
27480.0,heavy,3102,1,1.060,
27483.3,heavy,3103,0,3.496,
27486.7,heavy,3101,0,2.804,
27490.0,heavy,3102,1,0.837,
27493.3,heavy,3103,0,7.034,
27496.7,heavy,3101,0,5.526,
27500.0,heavy,3102,1,1.489,
27500.0,light-5,3101,1,4.015,
27500.0,light-4,3103,1,4.312,
27500.0,light-3,3102,1,7.121,
27500.0,light-2,3101,1,7.303,
27500.0,light-1,3103,1,9.737,
27503.3,heavy,3102,0,2.512,
27506.7,heavy,3103,1,8.224,
27510.0,heavy,3101,0,3.815,
27513.3,heavy,3102,0,1.123,
27516.7,heavy,3103,1,5.519,
27520.0,heavy,3101,0,2.908,
27523.3,heavy,3102,0,0.876,
27526.7,heavy,3103,0,3.025,
27530.0,heavy,3101,1,3.685,
27533.3,heavy,3102,0,0.767,
27536.7,heavy,3103,0,4.122,
27540.0,heavy,3101,1,4.454,
27543.3,heavy,3102,1,2.028,
27546.7,heavy,3103,0,4.417,
27550.0,heavy,3101,0,2.975,
27553.3,heavy,3102,0,0.756,
27556.7,heavy,3103,0,3.253,
27560.0,heavy,3101,0,2.698,
27563.3,heavy,3102,1,1.122,
27566.7,heavy,3103,0,3.252,
27570.0,heavy,3101,1,3.226,
27573.3,heavy,3102,0,0.783,
27576.7,heavy,3103,1,3.961,
27580.0,heavy,3101,0,2.600,
27583.3,heavy,3102,0,0.840,
27586.7,heavy,3103,0,3.428,
27590.0,heavy,3101,0,2.885,
27593.3,heavy,3102,1,1.265,
27596.7,heavy,3103,0,1.990,
27600.0,heavy,3101,1,6.180,
27600.0,light-2,3103,1,2.442,
27600.0,light-4,3102,1,3.529,
27600.0,light-3,3101,1,4.371,
27600.0,light-5,3103,1,4.532,
27600.0,light-1,3102,1,4.891,
27603.3,heavy,3102,1,2.472,
27606.7,heavy,3103,0,5.503,
27610.0,heavy,3101,0,5.929,
27613.3,heavy,3101,0,3.794,
27616.7,heavy,3102,0,1.365,
27620.0,heavy,3103,0,4.268,
27623.3,heavy,3101,1,4.776,
27626.7,heavy,3102,0,0.988,
27630.0,heavy,3103,1,4.659,
27633.3,heavy,3101,0,3.127,
27636.7,heavy,3102,0,1.095,
27640.0,heavy,3103,1,4.368,
27643.3,heavy,3101,0,2.836,
27646.7,heavy,3102,0,0.890,
27650.0,heavy,3103,0,4.026,
27653.3,heavy,3101,0,3.246,
27656.7,heavy,3102,1,1.315,
27660.0,heavy,3103,1,4.989,
27663.3,heavy,3101,0,4.009,
27666.7,heavy,3102,0,1.360,
27670.0,heavy,3103,1,5.325,
27673.3,heavy,3101,0,4.054,
27676.7,heavy,3102,0,1.364,
27680.0,heavy,3103,0,5.127,
27683.3,heavy,3101,1,5.572,
27686.7,heavy,3102,1,1.397,
27690.0,heavy,3103,0,3.477,
27693.3,heavy,3101,0,5.277,
27696.7,heavy,3102,0,1.377,
27700.0,heavy,3103,0,4.862,
27700.0,light-1,3102,1,1.691,
27700.0,light-4,3102,1,3.008,
27700.0,light-3,3101,1,3.461,
27700.0,light-2,3103,1,3.610,
27700.0,light-5,3103,1,3.572,
27703.3,heavy,3101,1,4.323,
27706.7,heavy,3102,1,1.392,
27710.0,heavy,3103,0,4.560,
27713.3,heavy,3101,0,4.291,
27716.7,heavy,3101,0,2.390,
27720.0,heavy,3102,1,1.367,
27723.3,heavy,3103,0,3.858,
27726.7,heavy,3101,1,4.275,
27730.0,heavy,3102,0,1.006,
27733.3,heavy,3103,0,3.297,
27736.7,heavy,3101,0,2.687,
27740.0,heavy,3102,1,1.429,
27743.3,heavy,3103,0,3.897,
27746.7,heavy,3101,0,3.154,
27750.0,heavy,3102,1,1.164,
27753.3,heavy,3103,0,3.722,
27756.7,heavy,3101,0,2.936,
27760.0,heavy,3102,0,1.019,
27763.3,heavy,3103,0,3.590,
27766.7,heavy,3101,1,3.570,
27770.0,heavy,3102,1,1.196,
27773.3,heavy,3103,0,3.561,
27776.7,heavy,3101,0,2.463,
27780.0,heavy,3102,1,1.551,
27783.3,heavy,3103,0,4.005,
27786.7,heavy,3101,0,3.432,
27790.0,heavy,3102,1,1.532,
27793.3,heavy,3103,0,2.466,
27796.7,heavy,3101,0,3.980,
27800.0,heavy,3102,1,1.418,
27800.0,light-1,3102,1,1.625,
27800.0,light-4,3102,1,1.783,
27800.0,light-2,3103,1,2.655,
27800.0,light-3,3101,1,3.237,
27800.0,light-5,3103,1,3.315,
27803.3,heavy,3103,0,3.821,
27806.7,heavy,3101,0,3.693,
27810.0,heavy,3101,1,4.022,
27813.3,heavy,3102,0,0.793,
27816.7,heavy,3103,0,3.690,
27820.0,heavy,3101,1,3.913,
27823.3,heavy,3102,0,1.185,
27826.7,heavy,3103,0,2.731,
27830.0,heavy,3101,0,4.047,
27833.3,heavy,3102,1,1.167,
27836.7,heavy,3103,0,4.104,
27840.0,heavy,3101,1,2.864,
27843.3,heavy,3102,0,0.923,
27846.7,heavy,3103,1,4.609,
27850.0,heavy,3101,0,3.685,
27853.3,heavy,3102,0,0.981,
27856.7,heavy,3103,0,2.300,
27860.0,heavy,3101,0,3.209,
27863.3,heavy,3102,1,1.186,
27866.7,heavy,3103,0,3.208,
27870.0,heavy,3101,0,1.939,
27873.3,heavy,3102,1,1.287,
27876.7,heavy,3103,0,3.880,
27880.0,heavy,3101,0,3.365,
27883.3,heavy,3102,1,1.334,
27886.7,heavy,3103,0,3.045,
27890.0,heavy,3101,1,3.385,
27893.3,heavy,3102,0,1.063,
27896.7,heavy,3103,1,3.921,
27900.0,heavy,3101,0,3.995,
27900.0,light-3,3102,1,0.979,
27900.0,light-1,3103,1,1.373,
27900.0,light-2,3101,1,2.651,
27900.0,light-5,3101,1,3.130,
27900.0,light-4,3103,1,4.069,
27903.3,heavy,3102,0,0.819,
27906.7,heavy,3102,0,0.962,
27910.0,heavy,3103,0,4.475,
27913.3,heavy,3101,1,4.824,
27916.7,heavy,3102,0,0.940,
27920.0,heavy,3103,1,3.599,
27923.3,heavy,3101,0,3.309,
27926.7,heavy,3102,0,1.260,
27930.0,heavy,3103,0,3.650,
27933.3,heavy,3101,1,3.718,
27936.7,heavy,3102,1,1.313,
27940.0,heavy,3103,0,3.463,
27943.3,heavy,3101,0,3.682,
27946.7,heavy,3102,0,1.450,
27950.0,heavy,3103,0,3.623,
27953.3,heavy,3101,1,3.890,
27956.7,heavy,3102,1,1.076,
27960.0,heavy,3103,0,3.603,
27963.3,heavy,3101,0,3.883,
27966.7,heavy,3102,0,1.095,
27970.0,heavy,3103,0,4.499,
27973.3,heavy,3101,1,3.687,
27976.7,heavy,3102,0,0.739,
27980.0,heavy,3103,0,3.889,
27983.3,heavy,3101,1,4.394,
27986.7,heavy,3102,1,1.141,
27990.0,heavy,3103,0,4.117,
27993.3,heavy,3101,0,1.503,
27996.7,heavy,3102,1,1.528,
28000.0,heavy,3103,0,4.518,
28000.0,light-1,3102,1,1.331,
28000.0,light-4,3102,1,1.349,
28000.0,light-2,3103,1,2.530,
28000.0,light-3,3101,1,2.693,
28000.0,light-5,3103,1,2.752,
28003.3,heavy,3101,0,4.038,
28006.7,heavy,3101,0,3.736,
28010.0,heavy,3102,1,0.848,
28013.3,heavy,3103,0,3.863,
28016.7,heavy,3101,0,3.165,
28020.0,heavy,3102,1,1.273,
28023.3,heavy,3103,0,3.486,
28026.7,heavy,3101,0,3.607,
28030.0,heavy,3102,1,0.887,
28033.3,heavy,3103,0,3.552,
28036.7,heavy,3101,0,2.948,
28040.0,heavy,3102,1,0.684,
28043.3,heavy,3103,0,3.854,
28046.7,heavy,3101,0,3.029,
28050.0,heavy,3102,1,1.642,
28053.3,heavy,3103,0,3.691,
28056.7,heavy,3101,0,2.764,
28060.0,heavy,3102,1,1.559,
28063.3,heavy,3103,0,3.414,
28066.7,heavy,3101,0,3.153,
28070.0,heavy,3102,1,0.966,
28073.3,heavy,3103,0,4.067,
28076.7,heavy,3101,0,4.242,
28080.0,heavy,3102,1,1.827,
28083.3,heavy,3103,0,3.962,
28086.7,heavy,3101,0,2.434,
28090.0,heavy,3102,1,1.826,
28093.3,heavy,3103,0,4.484,
28096.7,heavy,3101,0,3.058,
28100.0,heavy,3102,1,1.799,
28100.0,light-3,3102,1,2.142,
28100.0,light-2,3101,1,2.323,
28100.0,light-5,3101,1,2.342,
28100.0,light-1,3103,1,2.734,
28100.0,light-4,3103,1,2.990,
28103.3,heavy,3102,0,0.821,
28106.7,heavy,3103,0,3.802,
28110.0,heavy,3101,0,3.994,
28113.3,heavy,3102,1,1.335,
28116.7,heavy,3103,0,2.478,
28120.0,heavy,3101,1,3.220,
28123.3,heavy,3102,0,1.029,
28126.7,heavy,3103,0,3.672,
28130.0,heavy,3101,1,4.023,
28133.3,heavy,3102,0,0.872,
28136.7,heavy,3103,0,3.663,
28140.0,heavy,3101,0,2.965,
28143.3,heavy,3102,1,1.298,
28146.7,heavy,3103,0,3.406,
28150.0,heavy,3101,1,3.975,
28153.3,heavy,3102,0,0.917,
28156.7,heavy,3103,0,3.442,
28160.0,heavy,3101,1,3.586,
28163.3,heavy,3102,0,0.747,
28166.7,heavy,3103,0,3.446,
28170.0,heavy,3101,0,2.937,
28173.3,heavy,3102,1,1.319,
28176.7,heavy,3103,0,3.224,
28180.0,heavy,3101,0,1.701,
28183.3,heavy,3102,1,1.357,
28186.7,heavy,3103,0,3.743,
28190.0,heavy,3101,0,3.157,
28193.3,heavy,3102,1,1.326,
28196.7,heavy,3103,0,2.968,
28200.0,heavy,3101,1,4.313,
28200.0,light-1,3102,1,1.454,
28200.0,light-4,3102,1,1.784,
28200.0,light-2,3103,1,2.027,
28200.0,light-5,3103,1,2.054,
28200.0,light-3,3101,1,2.576,
28203.3,heavy,3101,0,3.201,
28206.7,heavy,3102,0,0.930,
28210.0,heavy,3103,0,3.463,
28213.3,heavy,3101,1,3.721,
28216.7,heavy,3102,1,1.137,
28220.0,heavy,3103,0,3.924,
28223.3,heavy,3101,0,3.755,
28226.7,heavy,3102,0,0.885,
28230.0,heavy,3103,0,3.738,
28233.3,heavy,3101,1,4.074,
28236.7,heavy,3102,1,1.179,
28240.0,heavy,3103,0,3.833,
28243.3,heavy,3101,0,1.773,
28246.7,heavy,3102,1,1.481,
28250.0,heavy,3103,0,4.112,
28253.3,heavy,3101,0,3.547,
28256.7,heavy,3102,0,1.048,
28260.0,heavy,3103,1,4.157,
28263.3,heavy,3101,0,3.396,
28266.7,heavy,3102,0,0.859,
28270.0,heavy,3103,1,4.467,
28273.3,heavy,3101,0,2.473,
28276.7,heavy,3102,0,0.969,
28280.0,heavy,3103,0,4.522,
28283.3,heavy,3101,1,5.099,
28286.7,heavy,3102,0,0.998,
28290.0,heavy,3103,0,4.225,
28293.3,heavy,3101,1,1.620,
28296.7,heavy,3102,0,0.952,
28300.0,heavy,3103,1,6.536,
28300.0,light-1,3101,1,1.918,
28300.0,light-3,3103,1,3.353,
28300.0,light-5,3102,1,3.661,
28300.0,light-4,3101,1,5.333,
28300.0,light-2,3102,1,5.594,
28303.3,heavy,3103,0,5.287,
28306.7,heavy,3101,0,3.422,
28310.0,heavy,3102,1,1.097,
28313.3,heavy,3103,0,4.409,
28316.7,heavy,3101,0,3.125,
28320.0,heavy,3102,1,0.774,
28323.3,heavy,3103,0,4.943,
28326.7,heavy,3101,0,4.151,
28330.0,heavy,3102,1,1.466,
28333.3,heavy,3103,0,4.201,
28336.7,heavy,3101,0,3.043,
28340.0,heavy,3102,0,0.918,
28343.3,heavy,3103,0,3.911,
28346.7,heavy,3101,1,4.202,
28350.0,heavy,3102,0,0.981,
28353.3,heavy,3103,0,3.321,
28356.7,heavy,3101,1,1.803,
28360.0,heavy,3102,1,1.309,
28363.3,heavy,3103,0,3.393,
28366.7,heavy,3101,0,2.413,
28370.0,heavy,3102,0,0.799,
28373.3,heavy,3103,1,4.313,
28376.7,heavy,3101,0,3.858,
28380.0,heavy,3102,1,3.053,
28383.3,heavy,3103,0,2.679,
28386.7,heavy,3101,0,2.892,
28390.0,heavy,3102,1,1.693,
28393.3,heavy,3103,0,5.129,
28396.7,heavy,3101,0,4.087,
28400.0,heavy,3102,1,2.487,
28400.0,light-2,3102,1,2.520,
28400.0,light-1,3101,1,2.881,
28400.0,light-3,3103,1,2.939,
28400.0,light-4,3101,1,3.307,
28400.0,light-5,3102,1,3.565,
28403.3,heavy,3103,0,5.529,
28406.7,heavy,3103,0,3.693,
28410.0,heavy,3101,1,3.643,
28413.3,heavy,3102,0,0.869,
28416.7,heavy,3103,1,4.208,
28420.0,heavy,3101,0,2.943,
28423.3,heavy,3102,0,0.994,
28426.7,heavy,3103,0,3.969,
28430.0,heavy,3101,1,4.436,
28433.3,heavy,3102,0,1.193,
28436.7,heavy,3103,0,4.179,
28440.0,heavy,3101,1,4.530,
28443.3,heavy,3102,1,1.249,
28446.7,heavy,3103,0,4.292,
28450.0,heavy,3101,0,4.494,
28453.3,heavy,3102,0,0.788,
28456.7,heavy,3103,0,3.821,
28460.0,heavy,3101,0,3.067,
28463.3,heavy,3102,1,1.203,
28466.7,heavy,3103,0,3.669,
28470.0,heavy,3101,1,3.729,
28473.3,heavy,3102,0,1.027,
28476.7,heavy,3103,0,5.284,
28480.0,heavy,3101,1,4.232,
28483.3,heavy,3102,0,0.895,
28486.7,heavy,3103,0,2.978,
28490.0,heavy,3101,1,3.464,
28493.3,heavy,3102,0,0.852,
28496.7,heavy,3103,0,3.593,
28500.0,heavy,3101,1,3.811,
28500.0,light-1,3102,1,1.185,
28500.0,light-2,3103,1,1.341,
28500.0,light-4,3102,1,1.657,
28500.0,light-5,3103,1,1.915,
28500.0,light-3,3101,1,2.507,
28503.3,heavy,3101,0,2.727,
28506.7,heavy,3102,0,1.101,
28510.0,heavy,3103,0,4.488,
28513.3,heavy,3101,1,3.708,
28516.7,heavy,3102,0,0.700,
28520.0,heavy,3103,0,6.026,
28523.3,heavy,3101,1,4.615,
28526.7,heavy,3102,1,1.166,
28530.0,heavy,3103,0,4.740,
28533.3,heavy,3101,0,3.231,
28536.7,heavy,3102,0,1.237,
28540.0,heavy,3103,0,3.919,
28543.3,heavy,3101,1,4.182,
28546.7,heavy,3102,0,1.017,
28550.0,heavy,3103,1,4.616,
28553.3,heavy,3101,0,2.444,
28556.7,heavy,3102,0,1.190,
28560.0,heavy,3103,1,4.393,
28563.3,heavy,3101,0,2.871,
28566.7,heavy,3102,0,0.971,
28570.0,heavy,3103,0,3.822,
28573.3,heavy,3101,0,3.057,
28576.7,heavy,3102,1,1.123,
28580.0,heavy,3103,1,4.500,
28583.3,heavy,3101,0,2.749,
28586.7,heavy,3102,0,0.627,
28590.0,heavy,3103,1,4.614,
28593.3,heavy,3101,0,2.532,
28596.7,heavy,3102,0,0.875,
28600.0,heavy,3103,1,4.997,
28600.0,light-1,3101,1,1.021,
28600.0,light-2,3102,1,1.184,
28600.0,light-4,3101,1,1.253,
28600.0,light-3,3103,1,3.120,
28600.0,light-5,3102,1,3.952,
28603.3,heavy,3103,0,3.197,
28606.7,heavy,3101,0,2.685,
28610.0,heavy,3102,1,0.827,
28613.3,heavy,3103,0,4.318,
28616.7,heavy,3101,0,3.357,
28620.0,heavy,3102,1,1.276,
28623.3,heavy,3103,0,4.167,
28626.7,heavy,3101,0,2.909,
28630.0,heavy,3102,1,0.974,
28633.3,heavy,3103,0,4.073,
28636.7,heavy,3101,1,4.574,
28640.0,heavy,3102,0,1.094,
28643.3,heavy,3103,0,3.286,
28646.7,heavy,3101,0,2.725,
28650.0,heavy,3102,1,0.912,
28653.3,heavy,3103,0,3.524,
28656.7,heavy,3101,0,2.907,
28660.0,heavy,3102,1,1.263,
28663.3,heavy,3103,0,4.301,
28666.7,heavy,3101,0,3.272,
28670.0,heavy,3102,1,1.131,
28673.3,heavy,3103,0,4.098,
28676.7,heavy,3101,1,4.264,
28680.0,heavy,3102,0,0.931,
28683.3,heavy,3103,0,3.791,
28686.7,heavy,3101,1,4.127,
28690.0,heavy,3102,0,0.972,
28693.3,heavy,3103,0,3.514,
28696.7,heavy,3101,0,2.976,
28700.0,heavy,3102,1,1.226,
28700.0,light-4,3103,1,2.756,
28700.0,light-5,3101,1,3.335,
28700.0,light-2,3101,1,3.846,
28700.0,light-1,3103,1,4.416,
28700.0,light-3,3102,1,4.512,
28703.3,heavy,3102,0,2.293,
28706.7,heavy,3103,0,3.829,
28710.0,heavy,3101,0,3.199,
28713.3,heavy,3102,1,1.368,
28716.7,heavy,3103,0,2.222,
28720.0,heavy,3101,1,3.328,
28723.3,heavy,3102,0,0.826,
28726.7,heavy,3103,0,4.179,
28730.0,heavy,3101,1,4.664,
28733.3,heavy,3102,0,2.458,
28736.7,heavy,3103,0,3.772,
28740.0,heavy,3101,1,3.869,
28743.3,heavy,3102,0,1.081,
28746.7,heavy,3103,0,3.051,
28750.0,heavy,3101,0,2.540,
28753.3,heavy,3102,1,1.271,
28756.7,heavy,3103,0,2.816,
28760.0,heavy,3101,0,2.552,
28763.3,heavy,3102,1,0.828,
28766.7,heavy,3103,0,3.777,
28770.0,heavy,3101,1,3.779,
28773.3,heavy,3102,1,1.293,
28776.7,heavy,3103,0,3.891,
28780.0,heavy,3101,0,2.504,
28783.3,heavy,3102,1,1.423,
28786.7,heavy,3103,0,3.688,
28790.0,heavy,3101,0,3.088,
28793.3,heavy,3102,0,1.138,
28796.7,heavy,3103,1,3.652,
28800.0,heavy,3101,0,4.751,
28800.0,light-2,3103,1,1.837,
28800.0,light-4,3102,1,2.605,
28800.0,light-1,3102,1,5.109,
28800.0,light-3,3101,1,5.381,
28800.0,light-5,3103,1,5.624,
28803.3,heavy,3101,0,3.294,
28806.7,heavy,3102,0,0.896,
28810.0,heavy,3103,1,3.493,
28813.3,heavy,3101,0,2.928,
28816.7,heavy,3102,0,0.833,
28820.0,heavy,3103,0,4.316,
28823.3,heavy,3101,1,4.640,
28826.7,heavy,3102,0,0.766,
28830.0,heavy,3103,0,3.098,
28833.3,heavy,3101,1,1.849,
28836.7,heavy,3102,1,1.350,
28840.0,heavy,3103,0,3.545,
28843.3,heavy,3101,0,2.786,
28846.7,heavy,3102,0,0.948,
28850.0,heavy,3103,0,3.613,
28853.3,heavy,3101,0,2.690,
28856.7,heavy,3102,1,1.064,
28860.0,heavy,3103,0,3.927,
28863.3,heavy,3101,1,3.990,
28866.7,heavy,3102,1,1.455,
28870.0,heavy,3103,0,3.762,
28873.3,heavy,3101,0,2.501,
28876.7,heavy,3102,1,1.415,
28880.0,heavy,3103,1,4.524,
28883.3,heavy,3101,0,3.068,
28886.7,heavy,3102,0,1.387,
28890.0,heavy,3103,0,3.462,
28893.3,heavy,3101,0,2.766,
28896.7,heavy,3102,0,0.863,
28900.0,heavy,3103,1,4.992,
28900.0,light-1,3101,1,1.325,
28900.0,light-2,3102,1,1.463,
28900.0,light-4,3101,1,1.534,
28900.0,light-5,3102,1,1.589,
28900.0,light-3,3103,1,2.704,
28903.3,heavy,3103,0,4.606,
28906.7,heavy,3101,0,3.178,
28910.0,heavy,3102,1,0.953,
28913.3,heavy,3103,0,4.280,
28916.7,heavy,3101,1,4.517,
28920.0,heavy,3102,0,0.838,
28923.3,heavy,3103,0,2.999,
28926.7,heavy,3101,0,2.563,
28930.0,heavy,3102,1,1.016,
28933.3,heavy,3103,0,2.550,
28936.7,heavy,3101,1,4.251,
28940.0,heavy,3102,1,1.170,
28943.3,heavy,3103,0,3.364,
28946.7,heavy,3101,0,4.167,
28950.0,heavy,3102,0,0.969,
28953.3,heavy,3103,0,4.092,
28956.7,heavy,3101,0,3.380,
28960.0,heavy,3102,1,1.280,
28963.3,heavy,3103,0,3.847,
28966.7,heavy,3101,0,2.753,
28970.0,heavy,3102,1,1.055,
28973.3,heavy,3103,0,3.639,
28976.7,heavy,3101,1,3.869,
28980.0,heavy,3102,0,0.770,
28983.3,heavy,3103,0,3.569,
28986.7,heavy,3101,0,2.955,
28990.0,heavy,3102,1,1.011,
28993.3,heavy,3103,0,3.999,
28996.7,heavy,3101,1,3.528,
29000.0,heavy,3102,0,1.254,
29000.0,light-1,3103,1,1.521,
29000.0,light-3,3102,1,1.572,
29000.0,light-2,3101,1,1.742,
29000.0,light-5,3101,1,1.815,
29000.0,light-4,3103,1,3.761,
29003.3,heavy,3102,0,0.793,
29006.7,heavy,3103,1,4.827,
29010.0,heavy,3101,0,3.128,
29013.3,heavy,3102,0,0.803,
29016.7,heavy,3103,1,4.190,
29020.0,heavy,3101,0,3.347,
29023.3,heavy,3102,0,0.878,
29026.7,heavy,3103,0,4.806,
29030.0,heavy,3101,1,3.867,
29033.3,heavy,3102,1,1.335,
29036.7,heavy,3103,0,4.530,
29040.0,heavy,3101,0,4.265,
29043.3,heavy,3102,0,0.834,
29046.7,heavy,3103,0,3.838,
29050.0,heavy,3101,0,3.806,
29053.3,heavy,3102,1,1.456,
29056.7,heavy,3103,0,3.046,
29060.0,heavy,3101,1,3.985,
29063.3,heavy,3102,1,1.838,
29066.7,heavy,3103,0,3.455,
29070.0,heavy,3101,0,3.748,
29073.3,heavy,3102,0,1.422,
29076.7,heavy,3103,0,3.446,
29080.0,heavy,3101,0,2.967,
29083.3,heavy,3102,1,1.195,
29086.7,heavy,3103,0,3.333,
29090.0,heavy,3101,1,3.333,
29093.3,heavy,3102,0,0.812,
29096.7,heavy,3103,1,5.278,
29100.0,heavy,3101,0,3.745,
29100.0,light-1,3102,1,1.360,
29100.0,light-4,3102,1,1.741,
29100.0,light-3,3101,1,2.460,
29100.0,light-2,3103,1,2.634,
29100.0,light-5,3103,1,2.694,
29103.3,heavy,3101,0,2.629,
29106.7,heavy,3102,0,0.885,
29110.0,heavy,3103,0,4.083,
29113.3,heavy,3101,1,4.048,
29116.7,heavy,3102,1,1.440,
29120.0,heavy,3103,0,2.611,
29123.3,heavy,3101,0,3.170,
29126.7,heavy,3102,1,1.185,
29130.0,heavy,3103,0,3.846,
29133.3,heavy,3101,0,3.602,
29136.7,heavy,3102,0,1.002,
29140.0,heavy,3103,0,3.961,
29143.3,heavy,3101,1,4.254,
29146.7,heavy,3102,1,1.177,
29150.0,heavy,3103,0,3.700,
29153.3,heavy,3101,0,1.899,
29156.7,heavy,3102,1,1.177,
29160.0,heavy,3103,0,3.357,
29163.3,heavy,3101,0,2.859,
29166.7,heavy,3102,0,1.015,
29170.0,heavy,3103,0,4.640,
29173.3,heavy,3101,1,3.993,
29176.7,heavy,3102,1,1.233,
29180.0,heavy,3103,0,4.473,
29183.3,heavy,3101,0,1.784,
29186.7,heavy,3102,0,0.754,
29190.0,heavy,3103,1,4.389,
29193.3,heavy,3101,0,3.342,
29196.7,heavy,3102,0,0.775,
29200.0,heavy,3103,1,5.116,
29200.0,light-1,3101,1,1.309,
29200.0,light-4,3101,1,1.705,
29200.0,light-2,3102,1,1.954,
29200.0,light-5,3102,1,1.925,
29200.0,light-3,3103,1,2.831,
29203.3,heavy,3103,0,4.178,
29206.7,heavy,3101,1,4.709,
29210.0,heavy,3102,0,1.083,
29213.3,heavy,3103,0,4.381,
29216.7,heavy,3101,1,4.443,
29220.0,heavy,3102,0,0.973,
29223.3,heavy,3103,0,4.429,
29226.7,heavy,3101,1,4.775,
29230.0,heavy,3102,0,0.997,
29233.3,heavy,3103,0,4.288,
29236.7,heavy,3101,1,4.320,
29240.0,heavy,3102,0,0.887,
29243.3,heavy,3103,0,3.784,
29246.7,heavy,3101,0,3.281,
29250.0,heavy,3102,1,1.000,
29253.3,heavy,3103,0,4.156,
29256.7,heavy,3101,1,4.232,
29260.0,heavy,3102,0,0.755,
29263.3,heavy,3103,0,3.535,
29266.7,heavy,3101,0,3.007,
29270.0,heavy,3102,1,0.830,
29273.3,heavy,3103,0,4.113,
29276.7,heavy,3101,0,5.033,
29280.0,heavy,3102,1,1.478,
29283.3,heavy,3103,0,3.960,
29286.7,heavy,3101,0,3.938,
29290.0,heavy,3102,1,0.954,
29293.3,heavy,3103,0,4.154,
29296.7,heavy,3101,0,3.842,
29300.0,heavy,3102,1,1.325,
29300.0,light-3,3102,1,1.371,
29300.0,light-1,3103,1,2.855,
29300.0,light-2,3101,1,2.964,
29300.0,light-4,3103,1,3.343,
29300.0,light-5,3101,1,3.438,
29303.3,heavy,3102,0,0.931,
29306.7,heavy,3103,0,3.591,
29310.0,heavy,3101,0,2.914,
29313.3,heavy,3102,1,1.128,
29316.7,heavy,3103,0,2.292,
29320.0,heavy,3101,1,4.235,
29323.3,heavy,3102,1,1.239,
29326.7,heavy,3103,0,3.468,
29330.0,heavy,3101,0,4.067,
29333.3,heavy,3102,0,0.838,
29336.7,heavy,3103,0,4.041,
29340.0,heavy,3101,0,3.351,
29343.3,heavy,3102,1,1.355,
29346.7,heavy,3103,0,3.757,
29350.0,heavy,3101,1,3.408,
29353.3,heavy,3102,0,0.789,
29356.7,heavy,3103,0,4.010,
29360.0,heavy,3101,1,4.366,
29363.3,heavy,3102,0,0.849,
29366.7,heavy,3103,0,3.318,
29370.0,heavy,3101,1,3.671,
29373.3,heavy,3102,0,0.715,
29376.7,heavy,3103,1,3.683,
29380.0,heavy,3101,0,2.567,
29383.3,heavy,3102,0,0.748,
29386.7,heavy,3103,0,3.625,
29390.0,heavy,3101,0,2.963,
29393.3,heavy,3102,1,1.105,
29396.7,heavy,3103,0,2.989,
29400.0,heavy,3101,1,4.012,
29400.0,light-1,3102,1,1.143,
29400.0,light-2,3103,1,1.293,
29400.0,light-4,3102,1,1.401,
29400.0,light-5,3103,1,1.491,
29400.0,light-3,3101,1,2.591,
29403.3,heavy,3101,0,2.730,
29406.7,heavy,3102,1,1.274,
29410.0,heavy,3103,0,5.559,
29413.3,heavy,3101,0,2.565,
29416.7,heavy,3102,0,1.087,
29420.0,heavy,3103,0,3.810,
29423.3,heavy,3101,1,4.202,
29426.7,heavy,3102,0,0.998,
29430.0,heavy,3103,1,4.170,
29433.3,heavy,3101,0,3.224,
29436.7,heavy,3102,1,1.070,
29440.0,heavy,3103,0,3.944,
29443.3,heavy,3101,0,3.231,
29446.7,heavy,3102,0,1.111,
29450.0,heavy,3103,0,4.708,
29453.3,heavy,3101,1,3.806,
29456.7,heavy,3102,0,0.796,
29460.0,heavy,3103,0,2.604,
29463.3,heavy,3101,1,2.480,
29466.7,heavy,3102,1,1.574,
29470.0,heavy,3103,0,3.872,
29473.3,heavy,3101,0,1.799,
29476.7,heavy,3102,1,1.327,
29480.0,heavy,3103,0,3.372,
29483.3,heavy,3101,0,2.850,
29486.7,heavy,3102,0,1.306,
29490.0,heavy,3103,1,5.718,
29493.3,heavy,3101,0,3.216,
29496.7,heavy,3102,0,1.052,
29500.0,heavy,3103,1,5.149,
29500.0,light-1,3101,1,1.235,
29500.0,light-5,3102,1,2.696,
29500.0,light-3,3103,1,3.403,
29500.0,light-4,3101,1,4.160,
29500.0,light-2,3102,1,4.433,
29503.3,heavy,3103,0,3.760,
29506.7,heavy,3101,0,2.648,
29510.0,heavy,3102,1,1.453,
29513.3,heavy,3103,0,3.402,
29516.7,heavy,3101,1,3.523,
29520.0,heavy,3102,0,0.688,
29523.3,heavy,3103,0,4.266,
29526.7,heavy,3101,0,3.529,
29530.0,heavy,3102,1,1.470,
29533.3,heavy,3103,0,4.114,
29536.7,heavy,3101,0,3.126,
29540.0,heavy,3102,1,0.973,
29543.3,heavy,3103,0,5.041,
29546.7,heavy,3101,1,4.087,
29550.0,heavy,3102,0,0.831,
29553.3,heavy,3103,0,3.155,
29556.7,heavy,3101,0,3.206,
29560.0,heavy,3102,1,0.902,
29563.3,heavy,3103,0,3.827,
29566.7,heavy,3101,1,3.407,
29570.0,heavy,3102,0,0.945,
29573.3,heavy,3103,0,3.189,
29576.7,heavy,3101,0,2.690,
29580.0,heavy,3102,1,1.646,
29583.3,heavy,3103,0,3.284,
29586.7,heavy,3101,0,3.036,
29590.0,heavy,3102,1,1.139,
29593.3,heavy,3103,0,3.459,
29596.7,heavy,3101,1,4.095,
29600.0,heavy,3102,0,1.270,
29600.0,light-1,3103,1,1.294,
29600.0,light-3,3102,1,1.582,
29600.0,light-2,3101,1,1.788,
29600.0,light-5,3101,1,2.215,
29600.0,light-4,3103,1,2.375,
29603.3,heavy,3102,0,0.972,
29606.7,heavy,3103,1,4.545,
29610.0,heavy,3101,0,3.602,
29613.3,heavy,3102,0,0.963,
29616.7,heavy,3103,0,3.645,
29620.0,heavy,3101,0,3.162,
29623.3,heavy,3102,1,1.201,
29626.7,heavy,3103,0,2.096,
29630.0,heavy,3101,1,4.192,
29633.3,heavy,3102,1,1.136,
29636.7,heavy,3103,0,3.286,
29640.0,heavy,3101,0,3.900,
29643.3,heavy,3102,0,0.910,
29646.7,heavy,3103,0,3.394,
29650.0,heavy,3101,0,3.634,
29653.3,heavy,3102,1,1.234,
29656.7,heavy,3103,0,3.444,
29660.0,heavy,3101,1,3.684,
29663.3,heavy,3102,0,0.882,
29666.7,heavy,3103,0,3.839,
29670.0,heavy,3101,0,4.224,
29673.3,heavy,3102,1,1.000,
29676.7,heavy,3103,0,2.528,
29680.0,heavy,3101,1,3.701,
29683.3,heavy,3102,1,1.296,
29686.7,heavy,3103,0,3.171,
29690.0,heavy,3101,0,2.213,
29693.3,heavy,3102,1,1.412,
29696.7,heavy,3103,0,5.807,
29700.0,heavy,3101,0,4.631,
29700.0,light-5,3101,1,3.647,
29700.0,light-4,3103,1,4.157,
29700.0,light-2,3101,1,5.888,
29700.0,light-3,3102,1,6.019,
29700.0,light-1,3103,1,6.668,
29703.3,heavy,3102,0,1.317,
29706.7,heavy,3102,0,0.953,
29710.0,heavy,3103,1,3.905,
29713.3,heavy,3101,0,3.136,
29716.7,heavy,3102,0,0.908,
29720.0,heavy,3103,0,4.088,
29723.3,heavy,3101,1,4.368,
29726.7,heavy,3102,1,1.195,
29730.0,heavy,3103,0,4.412,
29733.3,heavy,3101,0,4.471,
29736.7,heavy,3102,0,0.852,
29740.0,heavy,3103,0,9.113,
29743.3,heavy,3101,1,3.956,
29746.7,heavy,3102,1,2.154,
29750.0,heavy,3103,0,7.394,
29753.3,heavy,3101,0,3.552,
29756.7,heavy,3102,0,1.032,
29760.0,heavy,3103,0,3.948,
29763.3,heavy,3101,1,4.231,
29766.7,heavy,3102,0,0.791,
29770.0,heavy,3103,0,4.032,
29773.3,heavy,3101,1,4.244,
29776.7,heavy,3102,1,1.341,
29780.0,heavy,3103,0,4.231,
29783.3,heavy,3101,0,3.778,
29786.7,heavy,3102,0,1.158,
29790.0,heavy,3103,1,4.554,
29793.3,heavy,3101,0,2.595,
29796.7,heavy,3102,0,0.965,
29800.0,heavy,3103,0,5.233,
29800.0,light-2,3102,1,1.889,
29800.0,light-1,3101,1,2.381,
29800.0,light-4,3101,1,2.557,
29800.0,light-3,3103,1,3.109,
29800.0,light-5,3102,1,4.850,
29803.3,heavy,3101,1,5.739,
29806.7,heavy,3102,1,1.593,
29810.0,heavy,3103,0,5.493,
29813.3,heavy,3103,0,3.725,
29816.7,heavy,3101,0,3.552,
29820.0,heavy,3102,1,1.152,
29823.3,heavy,3103,0,4.089,
29826.7,heavy,3101,0,3.192,
29830.0,heavy,3102,1,1.199,
29833.3,heavy,3103,0,3.873,
29836.7,heavy,3101,0,3.372,
29840.0,heavy,3102,1,1.248,
29843.3,heavy,3103,0,2.377,
29846.7,heavy,3101,0,4.483,
29850.0,heavy,3102,1,1.511,
29853.3,heavy,3103,0,4.393,
29856.7,heavy,3101,0,3.675,
29860.0,heavy,3102,1,1.519,
29863.3,heavy,3103,0,2.602,
29866.7,heavy,3101,1,5.286,
29870.0,heavy,3102,1,1.451,
29873.3,heavy,3103,0,4.240,
29876.7,heavy,3101,0,4.990,
29880.0,heavy,3102,0,1.057,
29883.3,heavy,3103,0,4.425,
29886.7,heavy,3101,0,3.079,
29890.0,heavy,3102,1,0.995,
29893.3,heavy,3103,0,3.845,
29896.7,heavy,3101,0,2.765,
29900.0,heavy,3102,1,1.283,
29900.0,light-2,3101,1,1.399,
29900.0,light-1,3103,1,1.557,
29900.0,light-3,3102,1,1.576,
29900.0,light-5,3101,1,1.629,
29900.0,light-4,3103,1,1.751,
29903.3,heavy,3102,0,1.420,
29906.7,heavy,3103,1,3.998,
29910.0,heavy,3101,0,3.465,
29913.3,heavy,3102,0,0.963,
29916.7,heavy,3103,0,3.669,
29920.0,heavy,3101,0,3.059,
29923.3,heavy,3102,1,1.129,
29926.7,heavy,3103,0,2.876,
29930.0,heavy,3101,1,4.111,
29933.3,heavy,3102,0,0.945,
29936.7,heavy,3103,1,4.460,
29940.0,heavy,3101,0,3.118,
29943.3,heavy,3102,0,0.911,
29946.7,heavy,3103,0,3.638,
29950.0,heavy,3101,1,3.692,
29953.3,heavy,3102,0,0.826,
29956.7,heavy,3103,0,4.066,
29960.0,heavy,3101,1,4.569,
29963.3,heavy,3102,1,1.327,
29966.7,heavy,3103,0,4.307,
29970.0,heavy,3101,0,4.524,
29973.3,heavy,3102,0,0.943,
29976.7,heavy,3103,0,4.197,
29980.0,heavy,3101,0,3.457,
29983.3,heavy,3102,1,1.353,
29986.7,heavy,3103,0,3.962,
29990.0,heavy,3101,1,3.135,
29993.3,heavy,3102,0,0.786,
29996.7,heavy,3103,0,5.492,
30000.0,heavy,3101,1,3.712,
