tMs,key,port,allowed,latencyMs,error
0.0,light-2,3103,1,2.421,
0.0,light-4,3102,1,3.458,
0.0,light-3,3101,1,6.200,
0.0,light-5,3103,1,7.000,
0.0,light-1,3102,1,7.546,
0.0,heavy,3101,1,9.194,
3.3,heavy,3101,1,6.514,
6.7,heavy,3102,1,1.504,
10.0,heavy,3103,1,3.315,
13.3,heavy,3101,1,3.635,
16.7,heavy,3102,1,1.091,
20.0,heavy,3103,1,4.396,
23.3,heavy,3101,1,5.142,
26.7,heavy,3102,1,4.817,
30.0,heavy,3103,1,4.288,
33.3,heavy,3101,1,4.039,
36.7,heavy,3102,1,1.376,
40.0,heavy,3103,1,7.329,
43.3,heavy,3101,1,6.657,
46.7,heavy,3102,1,5.123,
50.0,heavy,3103,1,7.457,
53.3,heavy,3101,1,6.958,
56.7,heavy,3102,1,2.136,
60.0,heavy,3103,1,5.415,
63.3,heavy,3101,1,4.092,
66.7,heavy,3102,1,1.382,
70.0,heavy,3103,1,3.845,
73.3,heavy,3101,1,3.648,
76.7,heavy,3102,1,1.325,
80.0,heavy,3103,1,6.688,
83.3,heavy,3101,1,3.925,
86.7,heavy,3102,1,2.855,
90.0,heavy,3103,1,6.287,
93.3,heavy,3101,1,4.089,
96.7,heavy,3102,1,1.432,
100.0,heavy,3103,1,8.380,
100.0,light-1,3101,1,2.100,
100.0,light-3,3103,1,4.945,
100.0,light-4,3101,1,5.872,
100.0,light-5,3102,1,6.649,
100.0,light-2,3102,1,7.748,
103.3,heavy,3103,1,7.442,
106.7,heavy,3101,1,5.062,
110.0,heavy,3102,1,1.262,
113.3,heavy,3103,1,4.251,
116.7,heavy,3101,1,5.027,
120.0,heavy,3102,1,1.502,
123.3,heavy,3103,1,5.071,
126.7,heavy,3101,1,5.558,
130.0,heavy,3102,1,1.669,
133.3,heavy,3103,1,4.160,
136.7,heavy,3101,1,3.883,
140.0,heavy,3102,1,1.387,
143.3,heavy,3103,1,3.841,
146.7,heavy,3101,1,4.701,
150.0,heavy,3102,1,1.450,
153.3,heavy,3103,1,5.314,
156.7,heavy,3101,1,4.197,
160.0,heavy,3102,1,1.470,
163.3,heavy,3103,1,6.046,
166.7,heavy,3101,1,4.393,
170.0,heavy,3102,1,1.515,
173.3,heavy,3103,1,4.507,
176.7,heavy,3101,1,3.827,
180.0,heavy,3102,1,1.033,
183.3,heavy,3103,1,7.303,
186.7,heavy,3101,1,4.414,
190.0,heavy,3102,1,1.551,
193.3,heavy,3103,1,7.910,
196.7,heavy,3101,1,3.834,
200.0,light-5,3101,1,3.227,
200.0,light-3,3102,1,6.096,
200.0,light-1,3103,1,6.947,
200.0,light-2,3101,1,7.079,
200.0,light-4,3103,1,7.236,
200.0,heavy,3102,1,1.827,
203.3,heavy,3102,1,1.259,
206.7,heavy,3103,1,5.754,
210.0,heavy,3101,1,4.193,
213.3,heavy,3102,1,1.545,
216.7,heavy,3103,1,3.692,
220.0,heavy,3101,1,4.350,
223.3,heavy,3102,1,1.206,
226.7,heavy,3103,1,6.668,
230.0,heavy,3101,1,5.382,
233.3,heavy,3102,1,1.598,
236.7,heavy,3103,1,6.940,
240.0,heavy,3101,1,6.303,
243.3,heavy,3102,1,1.907,
246.7,heavy,3103,1,5.011,
250.0,heavy,3101,1,4.022,
253.3,heavy,3102,1,1.485,
256.7,heavy,3103,1,5.701,
260.0,heavy,3101,1,4.722,
263.3,heavy,3102,1,1.534,
266.7,heavy,3103,1,5.334,
270.0,heavy,3101,1,4.354,
273.3,heavy,3102,1,1.333,
276.7,heavy,3103,1,4.296,
280.0,heavy,3101,1,4.848,
283.3,heavy,3102,1,1.165,
286.7,heavy,3103,1,3.913,
290.0,heavy,3101,1,3.296,
293.3,heavy,3102,1,1.441,
296.7,heavy,3103,1,7.854,
300.0,light-4,3102,1,3.776,
300.0,light-2,3103,1,4.332,
300.0,light-1,3102,1,8.805,
300.0,light-5,3103,1,11.895,
300.0,light-3,3101,1,12.211,
300.0,heavy,3101,1,9.942,
303.3,heavy,3102,1,1.784,
306.7,heavy,3103,1,9.592,
310.0,heavy,3101,1,10.103,
313.3,heavy,3101,1,9.693,
316.7,heavy,3102,1,2.485,
320.0,heavy,3103,1,4.075,
323.3,heavy,3101,1,4.296,
326.7,heavy,3102,1,1.506,
330.0,heavy,3103,1,5.393,
333.3,heavy,3101,1,4.405,
336.7,heavy,3102,1,1.623,
340.0,heavy,3103,1,6.136,
343.3,heavy,3101,1,5.019,
346.7,heavy,3102,1,1.634,
350.0,heavy,3103,1,6.001,
353.3,heavy,3101,1,4.823,
356.7,heavy,3102,1,1.413,
360.0,heavy,3103,1,5.728,
363.3,heavy,3101,1,7.458,
366.7,heavy,3102,1,1.499,
370.0,heavy,3103,1,3.736,
373.3,heavy,3101,1,7.969,
376.7,heavy,3102,1,1.706,
380.0,heavy,3103,1,4.097,
383.3,heavy,3101,1,4.142,
386.7,heavy,3102,1,1.316,
390.0,heavy,3103,1,4.196,
393.3,heavy,3101,1,4.269,
396.7,heavy,3102,1,1.081,
400.0,heavy,3103,1,6.556,
400.0,light-1,3101,1,1.488,
400.0,light-3,3103,1,3.609,
400.0,light-4,3101,1,6.946,
400.0,light-2,3102,1,7.218,
400.0,light-5,3102,1,8.762,
403.3,heavy,3103,1,6.323,
406.7,heavy,3101,1,4.519,
410.0,heavy,3102,1,1.575,
413.3,heavy,3103,1,4.957,
416.7,heavy,3101,1,5.665,
420.0,heavy,3102,1,3.327,
423.3,heavy,3103,1,5.377,
426.7,heavy,3101,1,4.651,
430.0,heavy,3102,1,1.530,
433.3,heavy,3103,1,3.963,
436.7,heavy,3101,1,3.793,
440.0,heavy,3102,1,1.026,
443.3,heavy,3103,1,4.756,
446.7,heavy,3101,1,4.186,
450.0,heavy,3102,1,1.385,
453.3,heavy,3103,1,4.181,
456.7,heavy,3101,1,4.018,
460.0,heavy,3102,1,1.301,
463.3,heavy,3103,1,3.569,
466.7,heavy,3101,1,3.941,
470.0,heavy,3102,1,1.028,
473.3,heavy,3103,1,5.888,
476.7,heavy,3101,1,4.907,
480.0,heavy,3102,1,1.666,
483.3,heavy,3103,1,6.824,
486.7,heavy,3101,1,3.956,
490.0,heavy,3102,1,1.522,
493.3,heavy,3103,1,3.824,
496.7,heavy,3101,0,4.710,
500.0,heavy,3102,0,1.673,
500.0,light-5,3101,1,2.799,
500.0,light-2,3101,1,5.204,
500.0,light-1,3103,1,6.071,
500.0,light-3,3102,1,6.223,
500.0,light-4,3103,1,7.021,
503.3,heavy,3102,0,2.309,
506.7,heavy,3103,1,5.107,
510.0,heavy,3101,0,3.593,
513.3,heavy,3102,1,1.242,
516.7,heavy,3103,0,4.201,
520.0,heavy,3101,0,3.967,
523.3,heavy,3102,1,1.141,
526.7,heavy,3103,0,3.596,
530.0,heavy,3101,0,3.486,
533.3,heavy,3102,0,1.103,
536.7,heavy,3103,1,3.771,
540.0,heavy,3101,0,3.917,
543.3,heavy,3102,0,1.479,
546.7,heavy,3103,1,4.925,
550.0,heavy,3101,0,5.358,
553.3,heavy,3102,1,1.885,
556.7,heavy,3103,0,5.544,
560.0,heavy,3101,0,6.323,
563.3,heavy,3102,1,1.553,
566.7,heavy,3103,0,3.679,
570.0,heavy,3101,0,4.180,
573.3,heavy,3102,0,1.175,
576.7,heavy,3103,1,4.071,
580.0,heavy,3101,0,4.578,
583.3,heavy,3102,1,1.577,
586.7,heavy,3103,0,4.071,
590.0,heavy,3101,0,4.214,
593.3,heavy,3102,1,1.560,
596.7,heavy,3103,0,3.652,
600.0,heavy,3101,0,6.618,
600.0,light-2,3103,1,1.128,
600.0,light-4,3102,1,2.682,
600.0,light-1,3102,1,5.656,
600.0,light-5,3103,1,6.073,
600.0,light-3,3101,1,8.275,
603.3,heavy,3101,0,7.553,
606.7,heavy,3102,1,1.011,
610.0,heavy,3103,0,4.011,
613.3,heavy,3101,1,3.825,
616.7,heavy,3102,0,1.512,
620.0,heavy,3103,0,5.288,
623.3,heavy,3101,0,4.344,
626.7,heavy,3102,1,1.436,
630.0,heavy,3103,0,6.376,
633.3,heavy,3101,1,3.589,
636.7,heavy,3102,0,1.064,
640.0,heavy,3103,0,3.975,
643.3,heavy,3101,0,4.223,
646.7,heavy,3102,1,1.472,
650.0,heavy,3103,0,3.861,
653.3,heavy,3101,1,4.398,
656.7,heavy,3102,0,1.560,
660.0,heavy,3103,0,4.581,
663.3,heavy,3101,1,4.520,
666.7,heavy,3102,0,1.545,
670.0,heavy,3103,0,4.760,
673.3,heavy,3101,1,3.965,
676.7,heavy,3102,0,1.638,
680.0,heavy,3103,0,6.260,
683.3,heavy,3101,1,5.147,
686.7,heavy,3102,1,1.710,
690.0,heavy,3103,0,7.482,
693.3,heavy,3101,0,6.956,
696.7,heavy,3102,0,2.153,
700.0,light-1,3101,1,1.658,
700.0,light-3,3103,1,4.100,
700.0,light-4,3101,1,5.000,
700.0,light-5,3102,1,5.211,
700.0,light-2,3102,1,6.881,
700.0,heavy,3103,0,6.085,
703.3,heavy,3103,1,4.868,
706.7,heavy,3101,0,6.032,
710.0,heavy,3102,0,2.415,
713.3,heavy,3103,1,3.979,
716.7,heavy,3101,0,3.973,
720.0,heavy,3102,0,1.505,
723.3,heavy,3103,1,4.184,
726.7,heavy,3101,0,4.106,
730.0,heavy,3102,0,1.364,
733.3,heavy,3103,1,3.805,
736.7,heavy,3101,0,4.048,
740.0,heavy,3102,0,1.414,
743.3,heavy,3103,0,5.852,
746.7,heavy,3101,1,6.355,
750.0,heavy,3102,1,1.532,
753.3,heavy,3103,0,7.364,
756.7,heavy,3101,0,6.424,
760.0,heavy,3102,0,1.602,
763.3,heavy,3103,1,4.423,
766.7,heavy,3101,0,3.413,
770.0,heavy,3102,0,1.090,
773.3,heavy,3103,1,4.895,
776.7,heavy,3101,0,5.422,
780.0,heavy,3102,1,1.339,
783.3,heavy,3103,0,5.551,
786.7,heavy,3101,0,5.706,
790.0,heavy,3102,0,1.793,
793.3,heavy,3103,1,3.948,
796.7,heavy,3101,0,3.733,
800.0,light-5,3101,1,2.944,
800.0,light-2,3101,1,5.274,
800.0,light-3,3102,1,5.841,
800.0,light-1,3103,1,6.633,
800.0,light-4,3103,1,7.784,
800.0,heavy,3102,0,1.720,
803.3,heavy,3102,0,1.569,
806.7,heavy,3103,1,5.527,
810.0,heavy,3101,0,3.877,
813.3,heavy,3102,1,1.139,
816.7,heavy,3103,0,3.324,
820.0,heavy,3101,0,5.620,
823.3,heavy,3102,1,1.378,
826.7,heavy,3103,0,4.599,
830.0,heavy,3101,0,5.997,
833.3,heavy,3102,1,1.695,
836.7,heavy,3103,0,5.158,
840.0,heavy,3101,0,4.896,
843.3,heavy,3102,1,1.020,
846.7,heavy,3103,0,3.827,
850.0,heavy,3101,0,3.517,
853.3,heavy,3102,0,1.026,
856.7,heavy,3103,1,5.183,
860.0,heavy,3101,0,5.060,
863.3,heavy,3102,1,2.147,
866.7,heavy,3103,0,11.470,
870.0,heavy,3101,0,3.610,
873.3,heavy,3102,1,1.417,
876.7,heavy,3103,0,5.626,
880.0,heavy,3101,1,5.704,
883.3,heavy,3102,0,1.234,
886.7,heavy,3103,0,4.179,
890.0,heavy,3101,0,3.568,
893.3,heavy,3102,1,1.019,
896.7,heavy,3103,0,3.377,
900.0,light-2,3103,1,1.561,
900.0,light-4,3102,1,2.924,
900.0,light-1,3102,1,6.030,
900.0,light-5,3103,1,6.436,
900.0,light-3,3101,1,8.712,
900.0,heavy,3101,0,6.968,
903.3,heavy,3101,0,6.639,
906.7,heavy,3102,1,1.244,
910.0,heavy,3103,1,4.936,
913.3,heavy,3101,0,5.239,
916.7,heavy,3102,1,1.511,
920.0,heavy,3103,0,6.010,
923.3,heavy,3101,0,6.122,
926.7,heavy,3102,0,1.201,
930.0,heavy,3103,0,3.300,
933.3,heavy,3101,1,3.883,
936.7,heavy,3102,0,1.163,
940.0,heavy,3103,1,4.843,
943.3,heavy,3101,0,5.197,
946.7,heavy,3102,1,1.318,
950.0,heavy,3103,0,5.488,
953.3,heavy,3101,0,5.854,
956.7,heavy,3102,0,1.132,
960.0,heavy,3103,0,5.114,
963.3,heavy,3101,0,4.114,
966.7,heavy,3102,1,1.389,
970.0,heavy,3103,0,4.862,
973.3,heavy,3101,1,4.072,
976.7,heavy,3102,0,1.246,
980.0,heavy,3103,0,5.193,
983.3,heavy,3101,1,4.194,
986.7,heavy,3102,0,1.154,
990.0,heavy,3103,0,5.581,
993.3,heavy,3101,0,5.538,
996.7,heavy,3102,1,1.490,
1000.0,light-1,3101,1,1.462,
1000.0,light-3,3103,1,2.570,
1000.0,light-4,3101,1,5.628,
1000.0,light-5,3102,1,6.232,
1000.0,light-2,3102,1,6.878,
1000.0,heavy,3103,0,7.252,
1003.3,heavy,3103,1,5.826,
1006.7,heavy,3101,0,3.031,
1010.0,heavy,3102,1,1.527,
1013.3,heavy,3103,0,3.499,
1016.7,heavy,3101,0,4.052,
1020.0,heavy,3102,0,1.425,
1023.3,heavy,3103,1,4.267,
1026.7,heavy,3101,0,3.573,
1030.0,heavy,3102,0,1.222,
1033.3,heavy,3103,1,5.382,
1036.7,heavy,3101,0,5.716,
1040.0,heavy,3102,1,2.163,
1043.3,heavy,3103,0,6.602,
1046.7,heavy,3101,0,4.988,
1050.0,heavy,3102,0,1.412,
1053.3,heavy,3103,0,3.257,
1056.7,heavy,3101,1,3.340,
1060.0,heavy,3102,0,1.382,
1063.3,heavy,3103,0,6.811,
1066.7,heavy,3101,1,4.719,
1070.0,heavy,3102,1,1.516,
1073.3,heavy,3103,0,7.112,
1076.7,heavy,3101,0,5.531,
1080.0,heavy,3102,0,1.564,
1083.3,heavy,3103,1,5.191,
1086.7,heavy,3101,0,3.147,
1090.0,heavy,3102,0,1.313,
1093.3,heavy,3103,1,3.675,
1096.7,heavy,3101,0,3.556,
1100.0,light-5,3101,1,2.757,
1100.0,light-2,3101,1,6.104,
1100.0,light-3,3102,1,6.681,
1100.0,light-1,3103,1,6.981,
1100.0,light-4,3103,1,8.425,
1100.0,heavy,3102,0,1.416,
1103.3,heavy,3102,0,1.320,
1106.7,heavy,3103,1,5.926,
1110.0,heavy,3101,0,4.142,
1113.3,heavy,3102,0,1.007,
1116.7,heavy,3103,0,4.323,
1120.0,heavy,3101,1,3.468,
1123.3,heavy,3102,1,1.345,
1126.7,heavy,3103,0,3.184,
1130.0,heavy,3101,0,3.595,
1133.3,heavy,3102,1,1.039,
1136.7,heavy,3103,0,3.666,
1140.0,heavy,3101,0,3.951,
1143.3,heavy,3102,0,0.990,
1146.7,heavy,3103,1,5.142,
1150.0,heavy,3101,0,5.432,
1153.3,heavy,3102,1,1.246,
1156.7,heavy,3103,0,5.549,
1160.0,heavy,3101,0,3.713,
1163.3,heavy,3102,0,1.366,
1166.7,heavy,3103,1,3.942,
1170.0,heavy,3101,0,4.333,
1173.3,heavy,3102,1,1.481,
1176.7,heavy,3103,0,5.085,
1180.0,heavy,3101,0,3.943,
1183.3,heavy,3102,1,2.026,
1186.7,heavy,3103,0,5.451,
1190.0,heavy,3101,0,3.196,
1193.3,heavy,3102,0,1.155,
1196.7,heavy,3103,1,6.826,
1200.0,light-4,3102,1,2.928,
1200.0,light-2,3103,1,4.056,
1200.0,light-1,3102,1,5.592,
1200.0,light-5,3103,1,10.411,
1200.0,light-3,3101,1,10.807,
1200.0,heavy,3101,0,7.409,
1203.3,heavy,3101,0,6.810,
1206.7,heavy,3102,1,1.093,
1210.0,heavy,3103,0,3.999,
1213.3,heavy,3101,1,4.137,
1216.7,heavy,3102,0,2.143,
1220.0,heavy,3103,0,4.934,
1223.3,heavy,3101,1,5.219,
1226.7,heavy,3102,1,1.284,
1230.0,heavy,3103,0,5.275,
1233.3,heavy,3101,0,5.778,
1236.7,heavy,3102,0,0.882,
1240.0,heavy,3103,0,3.681,
1243.3,heavy,3101,0,4.005,
1246.7,heavy,3102,1,1.146,
1250.0,heavy,3103,0,3.528,
1253.3,heavy,3101,1,3.672,
1256.7,heavy,3102,0,1.252,
1260.0,heavy,3103,0,4.092,
1263.3,heavy,3101,1,4.012,
1266.7,heavy,3102,0,1.286,
1270.0,heavy,3103,0,4.795,
1273.3,heavy,3101,0,3.921,
1276.7,heavy,3102,1,1.434,
1280.0,heavy,3103,0,4.096,
1283.3,heavy,3101,1,3.389,
1286.7,heavy,3102,0,1.557,
1290.0,heavy,3103,1,4.049,
1293.3,heavy,3101,0,4.444,
1296.7,heavy,3102,0,1.234,
1300.0,heavy,3103,0,6.484,
1300.0,light-1,3101,1,1.572,
1300.0,light-3,3103,1,3.237,
1300.0,light-4,3101,1,5.466,
1300.0,light-2,3102,1,6.163,
1300.0,light-5,3102,1,6.539,
1303.3,heavy,3103,1,4.969,
1306.7,heavy,3101,0,3.026,
1310.0,heavy,3102,0,1.545,
1313.3,heavy,3103,1,5.456,
1316.7,heavy,3101,0,5.813,
1320.0,heavy,3102,1,1.776,
1323.3,heavy,3103,0,6.803,
1326.7,heavy,3101,0,11.348,
1330.0,heavy,3102,0,1.158,
1333.3,heavy,3103,1,3.781,
1336.7,heavy,3101,0,5.605,
1340.0,heavy,3102,0,1.704,
1343.3,heavy,3103,1,4.512,
1346.7,heavy,3101,0,4.345,
1350.0,heavy,3102,0,1.087,
1353.3,heavy,3103,1,4.009,
1356.7,heavy,3101,0,5.233,
1360.0,heavy,3102,0,1.499,
1363.3,heavy,3103,1,4.373,
1366.7,heavy,3101,0,5.076,
1370.0,heavy,3102,0,1.463,
1373.3,heavy,3103,1,4.923,
1376.7,heavy,3101,0,4.503,
1380.0,heavy,3102,0,1.176,
1383.3,heavy,3103,0,2.925,
1386.7,heavy,3101,1,3.235,
1390.0,heavy,3102,0,1.459,
1393.3,heavy,3103,1,3.672,
1396.7,heavy,3101,0,3.840,
1400.0,heavy,3102,0,1.618,
1400.0,light-5,3101,1,3.140,
1400.0,light-2,3101,1,5.052,
1400.0,light-1,3103,1,5.911,
1400.0,light-3,3102,1,5.999,
1400.0,light-4,3103,1,6.987,
1403.3,heavy,3102,0,1.997,
1406.7,heavy,3103,1,5.236,
1410.0,heavy,3101,0,3.694,
1413.3,heavy,3102,1,1.208,
1416.7,heavy,3103,0,3.732,
1420.0,heavy,3101,0,3.836,
1423.3,heavy,3102,0,0.999,
1426.7,heavy,3103,1,3.896,
1430.0,heavy,3101,0,3.262,
1433.3,heavy,3102,1,1.090,
1436.7,heavy,3103,0,4.242,
1440.0,heavy,3101,0,3.178,
1443.3,heavy,3102,0,1.275,
1446.7,heavy,3103,1,3.931,
1450.0,heavy,3101,0,4.422,
1453.3,heavy,3102,1,1.222,
1456.7,heavy,3103,0,4.222,
1460.0,heavy,3101,0,5.085,
1463.3,heavy,3102,1,1.702,
1466.7,heavy,3103,0,4.202,
1470.0,heavy,3101,0,5.032,
1473.3,heavy,3102,1,1.392,
1476.7,heavy,3103,0,4.444,
1480.0,heavy,3101,0,4.630,
1483.3,heavy,3102,1,1.694,
1486.7,heavy,3103,0,4.616,
1490.0,heavy,3101,0,5.391,
1493.3,heavy,3102,1,1.571,
1496.7,heavy,3103,0,3.910,
1500.0,heavy,3101,0,6.377,
1500.0,light-2,3103,1,1.272,
1500.0,light-4,3102,1,2.665,
1500.0,light-1,3102,1,5.413,
1500.0,light-5,3103,1,5.805,
1500.0,light-3,3101,1,7.972,
1503.3,heavy,3101,0,6.268,
1506.7,heavy,3102,1,1.038,
1510.0,heavy,3103,0,3.898,
1513.3,heavy,3101,1,3.008,
1516.7,heavy,3102,0,0.968,
1520.0,heavy,3103,0,4.187,
1523.3,heavy,3101,0,3.668,
1526.7,heavy,3102,1,1.291,
1530.0,heavy,3103,0,3.471,
1533.3,heavy,3101,1,3.059,
1536.7,heavy,3102,0,1.316,
1540.0,heavy,3103,1,3.670,
1543.3,heavy,3101,0,3.941,
1546.7,heavy,3102,0,1.064,
1550.0,heavy,3103,0,4.865,
1553.3,heavy,3101,0,3.773,
1556.7,heavy,3102,1,1.077,
1560.0,heavy,3103,0,4.354,
1563.3,heavy,3101,1,3.746,
1566.7,heavy,3102,0,1.246,
1570.0,heavy,3103,0,5.014,
1573.3,heavy,3101,1,4.231,
1576.7,heavy,3102,0,0.920,
1580.0,heavy,3103,0,3.593,
1583.3,heavy,3101,1,2.946,
1586.7,heavy,3102,0,1.127,
1590.0,heavy,3103,0,3.259,
1593.3,heavy,3101,1,3.860,
1596.7,heavy,3102,0,1.327,
1600.0,heavy,3103,1,5.855,
1600.0,light-2,3103,1,2.709,
1600.0,light-4,3102,1,2.831,
1600.0,light-1,3102,1,7.155,
1600.0,light-3,3101,1,8.890,
1600.0,light-5,3103,1,9.648,
1603.3,heavy,3101,0,7.838,
1606.7,heavy,3101,0,9.246,
1610.0,heavy,3102,0,2.437,
1613.3,heavy,3103,0,3.541,
1616.7,heavy,3101,1,3.334,
1620.0,heavy,3102,0,1.139,
1623.3,heavy,3103,0,3.986,
1626.7,heavy,3101,1,3.340,
1630.0,heavy,3102,1,2.664,
1633.3,heavy,3103,0,6.232,
1636.7,heavy,3101,0,3.740,
1640.0,heavy,3102,0,0.924,
1643.3,heavy,3103,1,3.688,
1646.7,heavy,3101,0,3.453,
1650.0,heavy,3102,0,0.860,
1653.3,heavy,3103,1,5.220,
1656.7,heavy,3101,0,5.421,
1660.0,heavy,3102,1,1.339,
1663.3,heavy,3103,0,5.471,
1666.7,heavy,3101,0,6.407,
1670.0,heavy,3102,0,1.410,
1673.3,heavy,3103,1,3.940,
1676.7,heavy,3101,0,4.308,
1680.0,heavy,3102,0,1.273,
1683.3,heavy,3103,0,7.251,
1686.7,heavy,3101,1,4.846,
1690.0,heavy,3102,1,1.570,
1693.3,heavy,3103,0,8.831,
1696.7,heavy,3101,0,7.873,
1700.0,heavy,3102,0,1.699,
1700.0,light-5,3101,1,4.757,
1700.0,light-3,3102,1,7.361,
1700.0,light-2,3101,1,8.255,
1700.0,light-4,3103,1,8.358,
1700.0,light-1,3103,1,9.083,
1703.3,heavy,3102,0,1.524,
1706.7,heavy,3103,0,7.495,
1710.0,heavy,3101,1,3.314,
1713.3,heavy,3102,0,1.125,
1716.7,heavy,3103,1,4.647,
1720.0,heavy,3101,0,4.981,
1723.3,heavy,3102,1,1.769,
1726.7,heavy,3103,0,5.084,
1730.0,heavy,3101,0,3.800,
1733.3,heavy,3102,0,1.073,
1736.7,heavy,3103,1,4.283,
1740.0,heavy,3101,0,3.760,
1743.3,heavy,3102,1,1.590,
1746.7,heavy,3103,0,3.233,
1750.0,heavy,3101,0,3.519,
1753.3,heavy,3102,0,1.216,
1756.7,heavy,3103,0,4.108,
1760.0,heavy,3101,1,3.399,
1763.3,heavy,3102,0,1.205,
1766.7,heavy,3103,1,5.542,
1770.0,heavy,3101,0,4.405,
1773.3,heavy,3102,1,1.517,
1776.7,heavy,3103,0,5.605,
1780.0,heavy,3101,0,3.694,
1783.3,heavy,3102,1,0.917,
1786.7,heavy,3103,0,3.840,
1790.0,heavy,3101,0,3.720,
1793.3,heavy,3102,0,1.499,
1796.7,heavy,3103,1,6.694,
1800.0,heavy,3101,0,10.580,
1800.0,light-1,3101,1,3.024,
1800.0,light-3,3103,1,3.771,
1800.0,light-2,3102,1,6.838,
1800.0,light-5,3102,1,10.026,
1800.0,light-4,3101,1,11.028,
1803.3,heavy,3102,1,1.521,
1806.7,heavy,3103,0,7.076,
1810.0,heavy,3103,0,6.669,
1813.3,heavy,3101,0,8.388,
1816.7,heavy,3102,1,0.927,
1820.0,heavy,3103,0,3.060,
1823.3,heavy,3101,1,5.735,
1826.7,heavy,3102,0,0.853,
1830.0,heavy,3103,0,4.977,
1833.3,heavy,3101,0,4.174,
1836.7,heavy,3102,1,1.245,
1840.0,heavy,3103,0,4.483,
1843.3,heavy,3101,1,3.936,
1846.7,heavy,3102,0,1.206,
1850.0,heavy,3103,0,4.499,
1853.3,heavy,3101,1,3.507,
1856.7,heavy,3102,0,1.103,
1860.0,heavy,3103,0,3.424,
1863.3,heavy,3101,1,3.754,
1866.7,heavy,3102,0,1.163,
1870.0,heavy,3103,0,3.436,
1873.3,heavy,3101,1,3.354,
1876.7,heavy,3102,0,1.412,
1880.0,heavy,3103,0,3.400,
1883.3,heavy,3101,0,3.692,
1886.7,heavy,3102,1,1.224,
1890.0,heavy,3103,0,3.206,
1893.3,heavy,3101,1,3.520,
1896.7,heavy,3102,0,1.296,
1900.0,heavy,3103,1,5.726,
1900.0,light-1,3101,1,1.606,
1900.0,light-3,3103,1,2.569,
1900.0,light-4,3101,1,5.844,
1900.0,light-2,3102,1,6.119,
1900.0,light-5,3102,1,7.108,
1903.3,heavy,3103,0,4.741,
1906.7,heavy,3101,0,3.602,
1910.0,heavy,3102,0,0.918,
1913.3,heavy,3103,1,3.548,
1916.7,heavy,3101,0,4.135,
1920.0,heavy,3102,0,1.330,
1923.3,heavy,3103,0,3.305,
1926.7,heavy,3101,1,3.307,
1930.0,heavy,3102,0,1.080,
1933.3,heavy,3103,1,3.440,
1936.7,heavy,3101,0,3.152,
1940.0,heavy,3102,0,1.029,
1943.3,heavy,3103,1,3.807,
1946.7,heavy,3101,0,4.158,
1950.0,heavy,3102,0,1.119,
1953.3,heavy,3103,1,3.411,
1956.7,heavy,3101,0,3.087,
1960.0,heavy,3102,0,1.084,
1963.3,heavy,3103,1,3.766,
1966.7,heavy,3101,0,3.584,
1970.0,heavy,3102,0,1.005,
1973.3,heavy,3103,1,3.369,
1976.7,heavy,3101,0,3.621,
1980.0,heavy,3102,0,2.469,
1983.3,heavy,3103,1,2.679,
1986.7,heavy,3101,0,3.007,
1990.0,heavy,3102,0,0.798,
1993.3,heavy,3103,1,3.786,
1996.7,heavy,3101,0,2.924,
2000.0,heavy,3102,0,1.401,
2000.0,light-5,3101,1,2.520,
2000.0,light-2,3101,1,4.825,
2000.0,light-1,3103,1,5.615,
2000.0,light-3,3102,1,5.689,
2000.0,light-4,3103,1,6.195,
2003.3,heavy,3102,0,0.817,
2006.7,heavy,3103,1,3.800,
2010.0,heavy,3101,0,3.304,
2013.3,heavy,3102,0,0.947,
2016.7,heavy,3103,1,4.362,
2020.0,heavy,3101,0,3.559,
2023.3,heavy,3102,1,1.298,
2026.7,heavy,3103,0,4.407,
2030.0,heavy,3101,0,2.880,
2033.3,heavy,3102,1,1.477,
2036.7,heavy,3103,0,4.041,
2040.0,heavy,3101,0,4.180,
2043.3,heavy,3102,0,1.330,
2046.7,heavy,3103,1,2.758,
2050.0,heavy,3101,0,4.498,
2053.3,heavy,3102,1,1.276,
2056.7,heavy,3103,0,3.414,
2060.0,heavy,3101,0,3.632,
2063.3,heavy,3102,1,1.090,
2066.7,heavy,3103,0,3.379,
2070.0,heavy,3101,0,3.744,
2073.3,heavy,3102,0,1.225,
2076.7,heavy,3103,1,4.789,
2080.0,heavy,3101,0,5.332,
2083.3,heavy,3102,1,1.231,
2086.7,heavy,3103,0,5.708,
2090.0,heavy,3101,0,4.244,
2093.3,heavy,3102,0,1.392,
2096.7,heavy,3103,0,7.757,
2100.0,heavy,3101,0,6.277,
2100.0,light-5,3101,1,3.993,
2100.0,light-3,3102,1,7.108,
2100.0,light-2,3101,1,7.532,
2100.0,light-1,3103,1,8.424,
2100.0,light-4,3103,1,9.392,
2103.3,heavy,3102,1,1.657,
2106.7,heavy,3102,1,1.825,
2110.0,heavy,3103,0,6.235,
2113.3,heavy,3101,1,3.559,
2116.7,heavy,3102,0,1.209,
2120.0,heavy,3103,0,3.613,
2123.3,heavy,3101,1,3.500,
2126.7,heavy,3102,0,1.306,
2130.0,heavy,3103,0,4.674,
2133.3,heavy,3101,1,3.833,
2136.7,heavy,3102,0,1.224,
2140.0,heavy,3103,0,3.721,
2143.3,heavy,3101,1,3.711,
2146.7,heavy,3102,0,1.060,
2150.0,heavy,3103,0,4.035,
2153.3,heavy,3101,1,3.596,
2156.7,heavy,3102,0,1.230,
2160.0,heavy,3103,0,3.700,
2163.3,heavy,3101,1,4.076,
2166.7,heavy,3102,0,1.283,
2170.0,heavy,3103,0,5.336,
2173.3,heavy,3101,0,5.970,
2176.7,heavy,3102,1,2.260,
2180.0,heavy,3103,1,5.640,
2183.3,heavy,3101,0,4.569,
2186.7,heavy,3102,0,1.029,
2190.0,heavy,3103,0,3.669,
2193.3,heavy,3101,1,3.950,
2196.7,heavy,3102,0,0.839,
2200.0,heavy,3103,1,5.170,
2200.0,light-2,3103,1,2.659,
2200.0,light-4,3102,1,2.816,
2200.0,light-1,3102,1,7.415,
2200.0,light-5,3103,1,9.243,
2200.0,light-3,3101,1,9.941,
2203.3,heavy,3101,0,7.731,
2206.7,heavy,3101,0,8.366,
2210.0,heavy,3102,0,1.039,
2213.3,heavy,3103,1,4.398,
2216.7,heavy,3101,0,3.385,
2220.0,heavy,3102,0,1.225,
2223.3,heavy,3103,1,4.719,
2226.7,heavy,3101,0,4.316,
2230.0,heavy,3102,1,2.417,
2233.3,heavy,3103,0,5.431,
2236.7,heavy,3101,0,5.190,
2240.0,heavy,3102,0,0.889,
2243.3,heavy,3103,1,4.998,
2246.7,heavy,3101,0,4.056,
2250.0,heavy,3102,1,1.496,
2253.3,heavy,3103,0,4.930,
2256.7,heavy,3101,0,3.291,
2260.0,heavy,3102,0,1.381,
2263.3,heavy,3103,1,4.928,
2266.7,heavy,3101,0,5.518,
2270.0,heavy,3102,0,1.338,
2273.3,heavy,3103,1,3.380,
2276.7,heavy,3101,0,3.699,
2280.0,heavy,3102,0,1.053,
2283.3,heavy,3103,1,3.519,
2286.7,heavy,3101,0,3.589,
2290.0,heavy,3102,0,1.092,
2293.3,heavy,3103,1,3.596,
2296.7,heavy,3101,0,4.529,
2300.0,heavy,3102,0,1.302,
2300.0,light-5,3101,1,4.944,
2300.0,light-3,3102,1,9.268,
2300.0,light-2,3101,1,9.485,
2300.0,light-1,3103,1,10.102,
2300.0,light-4,3103,1,11.628,
2303.3,heavy,3102,0,3.444,
2306.7,heavy,3103,1,8.154,
2310.0,heavy,3101,0,3.501,
2313.3,heavy,3102,0,0.853,
2316.7,heavy,3103,1,3.520,
2320.0,heavy,3101,0,3.997,
2323.3,heavy,3102,1,1.544,
2326.7,heavy,3103,0,3.661,
2330.0,heavy,3101,0,3.655,
2333.3,heavy,3102,1,1.777,
2336.7,heavy,3103,0,4.334,
2340.0,heavy,3101,0,3.829,
2343.3,heavy,3102,1,1.259,
2346.7,heavy,3103,0,4.818,
2350.0,heavy,3101,1,4.617,
2353.3,heavy,3102,0,1.387,
2356.7,heavy,3103,0,4.038,
2360.0,heavy,3101,0,4.198,
2363.3,heavy,3102,1,1.192,
2366.7,heavy,3103,0,3.690,
2370.0,heavy,3101,0,3.313,
2373.3,heavy,3102,1,1.083,
2376.7,heavy,3103,0,5.914,
2380.0,heavy,3101,0,5.813,
2383.3,heavy,3102,1,2.444,
2386.7,heavy,3103,0,6.389,
2390.0,heavy,3101,0,5.421,
2393.3,heavy,3102,0,1.224,
2396.7,heavy,3103,1,3.721,
2400.0,heavy,3101,0,7.825,
2400.0,light-2,3103,1,1.335,
2400.0,light-4,3102,1,2.657,
2400.0,light-1,3102,1,7.461,
2400.0,light-5,3103,1,8.194,
2400.0,light-3,3101,1,8.440,
2403.3,heavy,3101,1,7.474,
2406.7,heavy,3102,0,1.744,
2410.0,heavy,3103,0,4.118,
2413.3,heavy,3101,1,3.596,
2416.7,heavy,3102,0,1.137,
2420.0,heavy,3103,0,4.380,
2423.3,heavy,3101,0,3.244,
2426.7,heavy,3102,1,1.285,
2430.0,heavy,3103,0,3.885,
2433.3,heavy,3101,1,3.609,
2436.7,heavy,3102,0,1.205,
2440.0,heavy,3103,0,4.550,
2443.3,heavy,3101,1,3.778,
2446.7,heavy,3102,0,0.934,
2450.0,heavy,3103,0,5.655,
2453.3,heavy,3101,0,3.628,
2456.7,heavy,3102,1,1.475,
2460.0,heavy,3103,0,6.440,
2463.3,heavy,3101,1,3.573,
2466.7,heavy,3102,0,1.250,
2470.0,heavy,3103,0,4.545,
2473.3,heavy,3101,1,3.843,
2476.7,heavy,3102,0,0.961,
2480.0,heavy,3103,0,3.073,
2483.3,heavy,3101,1,3.519,
2486.7,heavy,3102,0,0.958,
2490.0,heavy,3103,0,4.022,
2493.3,heavy,3101,1,3.149,
2496.7,heavy,3102,0,1.261,
2500.0,light-1,3101,1,1.316,
2500.0,light-3,3103,1,2.849,
2500.0,light-4,3101,1,5.410,
2500.0,light-2,3102,1,5.618,
2500.0,light-5,3102,1,6.194,
2500.0,heavy,3103,0,4.988,
2503.3,heavy,3103,1,3.276,
2506.7,heavy,3101,0,2.883,
2510.0,heavy,3102,0,1.209,
2513.3,heavy,3103,0,4.083,
2516.7,heavy,3101,0,3.310,
2520.0,heavy,3102,1,1.108,
2523.3,heavy,3103,0,3.872,
2526.7,heavy,3101,1,3.829,
2530.0,heavy,3102,0,1.226,
2533.3,heavy,3103,1,3.679,
2536.7,heavy,3101,0,3.911,
2540.0,heavy,3102,0,0.819,
2543.3,heavy,3103,1,5.304,
2546.7,heavy,3101,0,4.415,
2550.0,heavy,3102,1,1.595,
2553.3,heavy,3103,0,4.609,
2556.7,heavy,3101,0,3.958,
2560.0,heavy,3102,0,0.869,
2563.3,heavy,3103,1,3.353,
2566.7,heavy,3101,0,3.556,
2570.0,heavy,3102,0,1.289,
2573.3,heavy,3103,1,3.638,
2576.7,heavy,3101,0,4.344,
2580.0,heavy,3102,0,1.132,
2583.3,heavy,3103,1,4.329,
2586.7,heavy,3101,0,3.491,
2590.0,heavy,3102,0,1.319,
2593.3,heavy,3103,1,3.867,
2596.7,heavy,3101,0,3.877,
2600.0,light-5,3101,1,2.612,
2600.0,light-2,3101,1,4.558,
2600.0,light-3,3102,1,5.302,
2600.0,light-1,3103,1,6.012,
2600.0,light-4,3103,1,6.107,
2600.0,heavy,3102,0,1.251,
2603.3,heavy,3102,1,1.525,
2606.7,heavy,3103,0,4.863,
2610.0,heavy,3101,0,3.787,
2613.3,heavy,3102,1,1.300,
2616.7,heavy,3103,0,3.862,
2620.0,heavy,3101,0,2.983,
2623.3,heavy,3102,0,0.911,
2626.7,heavy,3103,1,4.630,
2630.0,heavy,3101,1,3.817,
2633.3,heavy,3102,0,1.075,
2636.7,heavy,3103,0,3.492,
2640.0,heavy,3101,0,3.463,
2643.3,heavy,3102,1,1.324,
2646.7,heavy,3103,0,4.454,
2650.0,heavy,3101,0,3.944,
2653.3,heavy,3102,1,1.503,
2656.7,heavy,3103,0,4.952,
2660.0,heavy,3101,0,3.642,
2663.3,heavy,3102,1,1.573,
2666.7,heavy,3103,0,3.769,
2670.0,heavy,3101,0,3.964,
2673.3,heavy,3102,1,1.554,
2676.7,heavy,3103,0,4.081,
2680.0,heavy,3101,0,4.220,
2683.3,heavy,3102,1,1.588,
2686.7,heavy,3103,0,4.422,
2690.0,heavy,3101,0,3.868,
2693.3,heavy,3102,0,1.589,
2696.7,heavy,3103,1,6.725,
2700.0,light-1,3101,1,2.796,
2700.0,light-3,3103,1,3.834,
2700.0,light-5,3102,1,6.525,
2700.0,light-4,3101,1,7.676,
2700.0,light-2,3102,1,7.915,
2700.0,heavy,3101,0,6.926,
2703.3,heavy,3102,1,1.372,
2706.7,heavy,3103,0,7.685,
2710.0,heavy,3103,1,7.208,
2713.3,heavy,3101,0,6.213,
2716.7,heavy,3102,0,2.569,
2720.0,heavy,3103,0,3.232,
2723.3,heavy,3101,1,3.327,
2726.7,heavy,3102,0,0.917,
2730.0,heavy,3103,0,4.538,
2733.3,heavy,3101,0,3.385,
2736.7,heavy,3102,1,1.747,
2740.0,heavy,3103,0,5.977,
2743.3,heavy,3101,1,5.034,
2746.7,heavy,3102,0,1.687,
2750.0,heavy,3103,1,5.122,
2753.3,heavy,3101,0,5.653,
2756.7,heavy,3102,1,1.343,
2760.0,heavy,3103,0,7.219,
2763.3,heavy,3101,0,7.003,
2766.7,heavy,3102,0,1.534,
2770.0,heavy,3103,0,4.217,
2773.3,heavy,3101,1,4.277,
2776.7,heavy,3102,0,1.343,
2780.0,heavy,3103,0,4.154,
2783.3,heavy,3101,1,3.781,
2786.7,heavy,3102,0,1.054,
2790.0,heavy,3103,1,4.000,
2793.3,heavy,3101,0,4.255,
2796.7,heavy,3102,0,1.063,
2800.0,light-1,3101,1,3.121,
2800.0,light-3,3103,1,4.585,
2800.0,light-5,3102,1,6.461,
2800.0,light-4,3101,1,7.473,
2800.0,light-2,3102,1,7.738,
2800.0,heavy,3103,0,8.629,
2803.3,heavy,3101,0,6.193,
2806.7,heavy,3102,1,1.667,
2810.0,heavy,3103,1,9.627,
2813.3,heavy,3103,0,7.102,
2816.7,heavy,3101,0,4.018,
2820.0,heavy,3102,0,0.942,
2823.3,heavy,3103,1,3.788,
2826.7,heavy,3101,0,3.302,
2830.0,heavy,3102,0,1.444,
2833.3,heavy,3103,1,3.194,
2836.7,heavy,3101,0,3.606,
2840.0,heavy,3102,0,1.118,
2843.3,heavy,3103,0,5.642,
2846.7,heavy,3101,1,4.421,
2850.0,heavy,3102,1,1.280,
2853.3,heavy,3103,0,5.679,
2856.7,heavy,3101,0,4.268,
2860.0,heavy,3102,0,1.428,
2863.3,heavy,3103,0,4.745,
2866.7,heavy,3101,0,3.851,
2870.0,heavy,3102,1,1.242,
2873.3,heavy,3103,0,3.732,
2876.7,heavy,3101,1,3.278,
2880.0,heavy,3102,0,0.829,
2883.3,heavy,3103,0,4.449,
2886.7,heavy,3101,1,3.622,
2890.0,heavy,3102,0,0.888,
2893.3,heavy,3103,0,8.410,
2896.7,heavy,3101,0,4.980,
2900.0,light-5,3101,1,3.668,
2900.0,light-3,3102,1,6.722,
2900.0,light-2,3101,1,7.573,
2900.0,light-1,3103,1,10.353,
2900.0,light-4,3103,1,10.979,
2900.0,heavy,3102,1,1.654,
2903.3,heavy,3102,1,1.915,
2906.7,heavy,3103,0,9.018,
2910.0,heavy,3101,0,4.478,
2913.3,heavy,3102,0,1.300,
2916.7,heavy,3103,1,7.939,
2920.0,heavy,3101,0,3.849,
2923.3,heavy,3102,1,1.612,
2926.7,heavy,3103,0,4.248,
2930.0,heavy,3101,0,3.956,
2933.3,heavy,3102,0,1.099,
2936.7,heavy,3103,0,4.738,
2940.0,heavy,3101,1,5.032,
2943.3,heavy,3102,1,1.473,
2946.7,heavy,3103,0,5.629,
2950.0,heavy,3101,0,5.172,
2953.3,heavy,3102,0,1.066,
2956.7,heavy,3103,1,4.123,
2960.0,heavy,3101,0,3.527,
2963.3,heavy,3102,1,1.223,
2966.7,heavy,3103,0,3.568,
2970.0,heavy,3101,0,5.371,
2973.3,heavy,3102,1,1.063,
2976.7,heavy,3103,0,3.089,
2980.0,heavy,3101,0,3.231,
2983.3,heavy,3102,0,1.168,
2986.7,heavy,3103,0,4.891,
2990.0,heavy,3101,1,3.805,
2993.3,heavy,3102,1,1.223,
2996.7,heavy,3103,0,4.268,
3000.0,light-2,3103,1,1.313,
3000.0,light-4,3102,1,2.857,
3000.0,light-1,3102,1,6.003,
3000.0,light-5,3103,1,6.528,
3000.0,light-3,3101,1,8.553,
3000.0,heavy,3101,0,6.698,
3003.3,heavy,3101,0,7.063,
3006.7,heavy,3102,1,1.104,
3010.0,heavy,3103,0,4.267,
3013.3,heavy,3101,1,3.890,
3016.7,heavy,3102,0,1.372,
3020.0,heavy,3103,0,4.574,
3023.3,heavy,3101,0,3.798,
3026.7,heavy,3102,1,1.627,
3030.0,heavy,3103,0,2.908,
3033.3,heavy,3101,1,2.804,
3036.7,heavy,3102,0,0.954,
3040.0,heavy,3103,0,3.712,
3043.3,heavy,3101,0,3.906,
3046.7,heavy,3102,1,1.056,
3050.0,heavy,3103,0,3.334,
3053.3,heavy,3101,1,3.774,
3056.7,heavy,3102,0,1.145,
3060.0,heavy,3103,1,3.605,
3063.3,heavy,3101,0,4.425,
3066.7,heavy,3102,1,1.743,
3070.0,heavy,3103,0,4.095,
3073.3,heavy,3101,0,5.325,
3076.7,heavy,3102,0,1.200,
3080.0,heavy,3103,0,3.931,
3083.3,heavy,3101,0,3.438,
3086.7,heavy,3102,1,1.303,
3090.0,heavy,3103,0,3.337,
3093.3,heavy,3101,1,3.661,
3096.7,heavy,3102,0,1.072,
3100.0,light-2,3103,1,2.661,
3100.0,light-4,3102,1,3.179,
3100.0,light-1,3102,1,5.079,
3100.0,light-5,3103,1,7.662,
3100.0,light-3,3101,1,8.283,
3100.0,heavy,3103,0,5.529,
3103.3,heavy,3101,1,4.910,
3106.7,heavy,3101,0,6.550,
3110.0,heavy,3102,0,0.981,
3113.3,heavy,3103,1,3.600,
3116.7,heavy,3101,0,3.773,
3120.0,heavy,3102,0,0.947,
3123.3,heavy,3103,1,4.666,
3126.7,heavy,3101,0,3.800,
3130.0,heavy,3102,1,1.182,
3133.3,heavy,3103,0,5.184,
3136.7,heavy,3101,0,3.165,
3140.0,heavy,3102,0,1.037,
3143.3,heavy,3103,0,3.787,
3146.7,heavy,3101,0,4.260,
3150.0,heavy,3102,1,1.072,
3153.3,heavy,3103,1,3.114,
3156.7,heavy,3101,0,4.068,
3160.0,heavy,3102,0,0.992,
3163.3,heavy,3103,1,3.752,
3166.7,heavy,3101,0,4.028,
3170.0,heavy,3102,0,0.977,
3173.3,heavy,3103,0,4.022,
3176.7,heavy,3101,0,3.280,
3180.0,heavy,3102,1,1.273,
3183.3,heavy,3103,1,3.567,
3186.7,heavy,3101,0,3.130,
3190.0,heavy,3102,1,1.713,
3193.3,heavy,3103,0,6.590,
3196.7,heavy,3101,0,7.714,
3200.0,light-1,3101,1,3.897,
3200.0,light-3,3103,1,4.038,
3200.0,light-4,3101,1,10.528,
3200.0,light-2,3102,1,10.739,
3200.0,light-5,3102,1,11.171,
3200.0,heavy,3102,1,1.867,
3203.3,heavy,3103,0,7.282,
3206.7,heavy,3103,0,8.837,
3210.0,heavy,3101,1,6.736,
3213.3,heavy,3102,0,2.179,
3216.7,heavy,3103,0,3.174,
3220.0,heavy,3101,0,3.166,
3223.3,heavy,3102,1,1.445,
3226.7,heavy,3103,0,3.841,
3230.0,heavy,3101,0,4.216,
3233.3,heavy,3102,1,1.391,
3236.7,heavy,3103,0,2.877,
3240.0,heavy,3101,0,5.480,
3243.3,heavy,3102,1,1.736,
3246.7,heavy,3103,0,4.569,
3250.0,heavy,3101,0,4.935,
3253.3,heavy,3102,0,1.008,
3256.7,heavy,3103,1,3.194,
3260.0,heavy,3101,0,3.683,
3263.3,heavy,3102,1,1.113,
3266.7,heavy,3103,0,3.693,
3270.0,heavy,3101,0,3.690,
3273.3,heavy,3102,1,1.222,
3276.7,heavy,3103,0,3.363,
3280.0,heavy,3101,0,2.832,
3283.3,heavy,3102,0,1.119,
3286.7,heavy,3103,1,5.356,
3290.0,heavy,3101,0,3.996,
3293.3,heavy,3102,1,1.210,
3296.7,heavy,3103,0,4.700,
3300.0,light-2,3103,1,2.066,
3300.0,light-4,3102,1,2.199,
3300.0,light-1,3102,1,5.041,
3300.0,light-3,3101,1,6.946,
3300.0,light-5,3103,1,7.366,
3300.0,heavy,3101,0,5.762,
3303.3,heavy,3101,0,4.912,
3306.7,heavy,3102,1,0.865,
3310.0,heavy,3103,0,3.684,
3313.3,heavy,3101,1,2.824,
3316.7,heavy,3102,0,0.970,
3320.0,heavy,3103,0,4.237,
3323.3,heavy,3101,0,3.431,
3326.7,heavy,3102,1,1.461,
3330.0,heavy,3103,0,4.818,
3333.3,heavy,3101,1,3.224,
3336.7,heavy,3102,0,1.112,
3340.0,heavy,3103,0,4.464,
3343.3,heavy,3101,1,3.401,
3346.7,heavy,3102,0,1.003,
3350.0,heavy,3103,0,3.392,
3353.3,heavy,3101,0,2.848,
3356.7,heavy,3102,1,1.258,
3360.0,heavy,3103,0,4.362,
3363.3,heavy,3101,1,4.611,
3366.7,heavy,3102,1,1.221,
3370.0,heavy,3103,0,4.995,
3373.3,heavy,3101,0,4.736,
3376.7,heavy,3102,0,1.336,
3380.0,heavy,3103,0,5.783,
3383.3,heavy,3101,0,3.747,
3386.7,heavy,3102,1,1.885,
3390.0,heavy,3103,0,6.328,
3393.3,heavy,3101,1,3.349,
3396.7,heavy,3102,0,1.061,
3400.0,light-2,3103,1,2.416,
3400.0,light-4,3102,1,3.166,
3400.0,light-1,3102,1,4.712,
3400.0,light-3,3101,1,7.137,
3400.0,light-5,3103,1,7.599,
3400.0,heavy,3103,0,5.285,
3403.3,heavy,3101,1,4.596,
3406.7,heavy,3101,0,5.539,
3410.0,heavy,3102,0,0.888,
3413.3,heavy,3103,0,4.382,
3416.7,heavy,3101,0,4.641,
3420.0,heavy,3102,1,1.275,
3423.3,heavy,3103,1,3.326,
3426.7,heavy,3101,0,2.801,
3430.0,heavy,3102,0,0.971,
3433.3,heavy,3103,1,3.326,
3436.7,heavy,3101,0,3.071,
3440.0,heavy,3102,0,1.133,
3443.3,heavy,3103,0,3.570,
3446.7,heavy,3101,0,3.697,
3450.0,heavy,3102,1,1.232,
3453.3,heavy,3103,1,2.938,
3456.7,heavy,3101,0,2.623,
3460.0,heavy,3102,0,0.702,
3463.3,heavy,3103,0,4.144,
3466.7,heavy,3101,1,3.389,
3470.0,heavy,3102,0,0.831,
3473.3,heavy,3103,0,4.215,
3476.7,heavy,3101,0,3.238,
3480.0,heavy,3102,1,1.336,
3483.3,heavy,3103,1,3.515,
3486.7,heavy,3101,0,3.325,
3490.0,heavy,3102,0,1.038,
3493.3,heavy,3103,1,3.700,
3496.7,heavy,3101,0,4.323,
3500.0,light-5,3101,1,2.754,
3500.0,light-2,3101,1,4.994,
3500.0,light-1,3103,1,5.530,
3500.0,light-3,3102,1,5.581,
3500.0,light-4,3103,1,5.992,
3500.0,heavy,3102,0,1.091,
3503.3,heavy,3102,0,1.242,
3506.7,heavy,3103,1,3.836,
3510.0,heavy,3101,0,3.751,
3513.3,heavy,3102,0,0.919,
3516.7,heavy,3103,0,4.052,
3520.0,heavy,3101,1,3.182,
3523.3,heavy,3102,1,1.211,
3526.7,heavy,3103,0,4.447,
3530.0,heavy,3101,0,3.001,
3533.3,heavy,3102,0,1.130,
3536.7,heavy,3103,1,3.342,
3540.0,heavy,3101,0,3.503,
3543.3,heavy,3102,1,1.243,
3546.7,heavy,3103,0,3.281,
3550.0,heavy,3101,0,2.912,
3553.3,heavy,3102,0,0.974,
3556.7,heavy,3103,1,4.495,
3560.0,heavy,3101,1,3.552,
3563.3,heavy,3102,0,1.050,
3566.7,heavy,3103,0,3.596,
3570.0,heavy,3101,0,3.705,
3573.3,heavy,3102,0,0.984,
3576.7,heavy,3103,1,5.684,
3580.0,heavy,3101,0,4.244,
3583.3,heavy,3102,1,1.419,
3586.7,heavy,3103,0,6.301,
3590.0,heavy,3101,0,5.596,
3593.3,heavy,3102,1,1.326,
3596.7,heavy,3103,0,3.473,
3600.0,light-2,3103,1,1.924,
3600.0,light-4,3102,1,2.797,
3600.0,light-1,3102,1,6.151,
3600.0,light-5,3103,1,6.418,
3600.0,light-3,3101,1,8.087,
3600.0,heavy,3101,0,6.575,
3603.3,heavy,3101,0,8.908,
3606.7,heavy,3102,1,1.123,
3610.0,heavy,3103,0,3.603,
3613.3,heavy,3101,0,3.467,
3616.7,heavy,3102,1,1.087,
3620.0,heavy,3103,1,3.243,
3623.3,heavy,3101,0,3.603,
3626.7,heavy,3102,0,0.986,
3630.0,heavy,3103,0,4.906,
3633.3,heavy,3101,0,3.759,
3636.7,heavy,3102,1,1.392,
3640.0,heavy,3103,0,5.741,
3643.3,heavy,3101,1,3.743,
3646.7,heavy,3102,0,1.029,
3650.0,heavy,3103,1,3.390,
3653.3,heavy,3101,0,3.680,
3656.7,heavy,3102,0,0.945,
3660.0,heavy,3103,0,5.257,
3663.3,heavy,3101,0,4.389,
3666.7,heavy,3102,1,1.310,
3670.0,heavy,3103,0,6.428,
3673.3,heavy,3101,1,3.330,
3676.7,heavy,3102,0,1.019,
3680.0,heavy,3103,0,3.304,
3683.3,heavy,3101,0,2.851,
3686.7,heavy,3102,1,1.195,
3690.0,heavy,3103,1,7.286,
3693.3,heavy,3101,0,6.486,
3696.7,heavy,3102,1,2.739,
3700.0,light-1,3101,1,2.812,
3700.0,light-3,3103,1,3.415,
3700.0,light-5,3102,1,6.740,
3700.0,light-4,3101,1,6.925,
3700.0,light-2,3102,1,7.247,
3700.0,heavy,3103,0,8.092,
3703.3,heavy,3103,0,7.546,
3706.7,heavy,3101,0,3.683,
3710.0,heavy,3102,0,0.911,
3713.3,heavy,3103,1,3.378,
3716.7,heavy,3101,0,3.686,
3720.0,heavy,3102,0,0.946,
3723.3,heavy,3103,0,5.227,
3726.7,heavy,3101,0,3.241,
3730.0,heavy,3102,1,1.447,
3733.3,heavy,3103,1,4.012,
3736.7,heavy,3101,0,2.474,
3740.0,heavy,3102,0,1.441,
3743.3,heavy,3103,1,3.723,
3746.7,heavy,3101,0,4.026,
3750.0,heavy,3102,0,1.321,
3753.3,heavy,3103,1,4.137,
3756.7,heavy,3101,0,4.581,
3760.0,heavy,3102,0,1.221,
3763.3,heavy,3103,1,5.447,
3766.7,heavy,3101,0,5.911,
3770.0,heavy,3102,1,1.626,
3773.3,heavy,3103,0,6.083,
3776.7,heavy,3101,0,5.915,
3780.0,heavy,3102,0,1.165,
3783.3,heavy,3103,0,4.009,
3786.7,heavy,3101,0,4.394,
3790.0,heavy,3102,1,1.443,
3793.3,heavy,3103,1,4.102,
3796.7,heavy,3101,0,4.542,
3800.0,light-1,3101,1,1.639,
3800.0,light-3,3103,1,3.009,
3800.0,light-2,3102,1,7.613,
3800.0,light-4,3101,1,7.699,
3800.0,light-5,3102,1,7.804,
3800.0,heavy,3102,0,1.704,
3803.3,heavy,3103,1,6.986,
3806.7,heavy,3103,0,6.881,
3810.0,heavy,3101,0,3.647,
3813.3,heavy,3102,0,0.929,
3816.7,heavy,3103,1,4.707,
3820.0,heavy,3101,0,5.216,
3823.3,heavy,3102,1,1.231,
3826.7,heavy,3103,0,3.520,
3830.0,heavy,3101,0,4.321,
3833.3,heavy,3102,1,1.510,
3836.7,heavy,3103,0,4.008,
3840.0,heavy,3101,0,4.223,
3843.3,heavy,3102,1,1.266,
3846.7,heavy,3103,0,4.070,
3850.0,heavy,3101,0,4.424,
3853.3,heavy,3102,1,1.417,
3856.7,heavy,3103,0,4.015,
3860.0,heavy,3101,0,3.316,
3863.3,heavy,3102,1,0.908,
3866.7,heavy,3103,0,3.139,
3870.0,heavy,3101,0,3.638,
3873.3,heavy,3102,1,1.160,
3876.7,heavy,3103,0,3.729,
3880.0,heavy,3101,0,3.266,
3883.3,heavy,3102,0,1.088,
3886.7,heavy,3103,1,4.225,
3890.0,heavy,3101,0,5.562,
3893.3,heavy,3102,1,1.202,
3896.7,heavy,3103,0,7.046,
3900.0,light-4,3102,1,2.891,
3900.0,light-2,3103,1,3.152,
3900.0,light-1,3102,1,6.183,
3900.0,light-3,3101,1,7.471,
3900.0,light-5,3103,1,7.602,
3900.0,heavy,3101,0,6.663,
3903.3,heavy,3101,1,5.895,
3906.7,heavy,3102,0,0.889,
3910.0,heavy,3103,1,3.026,
3913.3,heavy,3101,0,3.202,
3916.7,heavy,3102,0,0.855,
3920.0,heavy,3103,0,4.240,
3923.3,heavy,3101,0,4.213,
3926.7,heavy,3102,1,1.453,
3930.0,heavy,3103,0,4.762,
3933.3,heavy,3101,0,3.817,
3936.7,heavy,3102,1,0.893,
3940.0,heavy,3103,0,2.693,
3943.3,heavy,3101,0,3.002,
3946.7,heavy,3102,1,1.046,
3950.0,heavy,3103,0,4.045,
3953.3,heavy,3101,0,3.848,
3956.7,heavy,3102,1,1.177,
3960.0,heavy,3103,0,4.363,
3963.3,heavy,3101,1,3.229,
3966.7,heavy,3102,0,1.253,
3970.0,heavy,3103,0,3.654,
3973.3,heavy,3101,1,3.767,
3976.7,heavy,3102,0,1.184,
3980.0,heavy,3103,0,4.505,
3983.3,heavy,3101,0,4.369,
3986.7,heavy,3102,1,1.282,
3990.0,heavy,3103,1,5.196,
3993.3,heavy,3101,0,4.061,
3996.7,heavy,3102,0,1.163,
4000.0,light-5,3101,1,4.112,
4000.0,light-3,3102,1,6.810,
4000.0,light-2,3101,1,7.201,
4000.0,light-1,3103,1,7.791,
4000.0,light-4,3103,1,8.929,
4000.0,heavy,3103,0,7.607,
4003.3,heavy,3101,0,5.296,
4006.7,heavy,3102,1,1.655,
4010.0,heavy,3102,0,1.439,
4013.3,heavy,3103,1,5.544,
4016.7,heavy,3101,0,2.906,
4020.0,heavy,3102,0,1.453,
4023.3,heavy,3103,1,3.047,
4026.7,heavy,3101,0,2.886,
4030.0,heavy,3102,1,1.382,
4033.3,heavy,3103,0,3.713,
4036.7,heavy,3101,0,3.229,
4040.0,heavy,3102,0,0.973,
4043.3,heavy,3103,1,4.778,
4046.7,heavy,3101,0,3.955,
4050.0,heavy,3102,1,1.387,
4053.3,heavy,3103,0,4.750,
4056.7,heavy,3101,0,2.841,
4060.0,heavy,3102,0,0.898,
4063.3,heavy,3103,0,3.366,
4066.7,heavy,3101,0,3.664,
4070.0,heavy,3102,1,1.453,
4073.3,heavy,3103,0,6.791,
4076.7,heavy,3101,1,7.042,
4080.0,heavy,3102,0,4.278,
4083.3,heavy,3103,1,4.649,
4086.7,heavy,3101,0,4.742,
4090.0,heavy,3102,0,1.565,
4093.3,heavy,3103,1,3.761,
4096.7,heavy,3101,0,4.580,
4100.0,light-5,3101,1,2.781,
4100.0,light-2,3101,1,5.340,
4100.0,light-1,3103,1,5.697,
4100.0,light-3,3102,1,6.677,
4100.0,light-4,3103,1,7.711,
4100.0,heavy,3102,0,2.319,
4103.3,heavy,3102,0,1.558,
4106.7,heavy,3103,1,3.570,
4110.0,heavy,3101,0,3.980,
4113.3,heavy,3102,0,0.974,
4116.7,heavy,3103,0,2.914,
4120.0,heavy,3101,1,2.838,
4123.3,heavy,3102,1,1.100,
4126.7,heavy,3103,0,2.959,
4130.0,heavy,3101,0,3.972,
4133.3,heavy,3102,1,1.216,
4136.7,heavy,3103,0,2.541,
4140.0,heavy,3101,0,2.610,
4143.3,heavy,3102,0,1.311,
4146.7,heavy,3103,0,4.102,
4150.0,heavy,3101,1,2.938,
4153.3,heavy,3102,1,1.525,
4156.7,heavy,3103,0,2.762,
4160.0,heavy,3101,0,4.048,
4163.3,heavy,3102,1,1.915,
4166.7,heavy,3103,0,3.076,
4170.0,heavy,3101,0,3.194,
4173.3,heavy,3102,0,0.946,
4176.7,heavy,3103,1,3.706,
4180.0,heavy,3101,0,3.832,
4183.3,heavy,3102,1,1.572,
4186.7,heavy,3103,0,4.442,
4190.0,heavy,3101,0,4.615,
4193.3,heavy,3102,1,1.739,
4196.7,heavy,3103,0,4.089,
4200.0,light-2,3103,1,1.259,
4200.0,light-4,3102,1,3.654,
4200.0,light-1,3102,1,5.786,
4200.0,light-5,3103,1,6.569,
4200.0,light-3,3101,1,8.120,
4200.0,heavy,3101,0,6.738,
4203.3,heavy,3101,0,6.490,
4206.7,heavy,3102,1,1.119,
4210.0,heavy,3103,0,2.981,
4213.3,heavy,3101,0,3.568,
4216.7,heavy,3102,1,0.937,
4220.0,heavy,3103,0,4.769,
4223.3,heavy,3101,0,4.336,
4226.7,heavy,3102,1,1.230,
4230.0,heavy,3103,0,5.795,
4233.3,heavy,3101,1,3.901,
4236.7,heavy,3102,0,1.197,
4240.0,heavy,3103,0,3.381,
4243.3,heavy,3101,0,3.364,
4246.7,heavy,3102,1,1.084,
4250.0,heavy,3103,0,4.936,
4253.3,heavy,3101,0,5.812,
4256.7,heavy,3102,1,2.191,
4260.0,heavy,3103,1,5.486,
4263.3,heavy,3101,0,6.289,
4266.7,heavy,3102,0,1.258,
4270.0,heavy,3103,0,3.919,
4273.3,heavy,3101,1,4.079,
4276.7,heavy,3102,0,1.380,
4280.0,heavy,3103,0,7.132,
4283.3,heavy,3101,1,5.389,
4286.7,heavy,3102,1,1.999,
4290.0,heavy,3103,0,7.758,
4293.3,heavy,3101,0,4.196,
4296.7,heavy,3102,0,1.203,
4300.0,light-1,3101,1,1.200,
4300.0,light-3,3103,1,4.278,
4300.0,light-4,3101,1,5.334,
4300.0,light-5,3102,1,6.018,
4300.0,light-2,3102,1,7.032,
4300.0,heavy,3103,1,7.052,
4303.3,heavy,3103,0,5.795,
4306.7,heavy,3101,0,2.849,
4310.0,heavy,3102,1,2.623,
4313.3,heavy,3103,0,4.588,
4316.7,heavy,3101,0,5.276,
4320.0,heavy,3102,1,2.488,
4323.3,heavy,3103,0,5.396,
4326.7,heavy,3101,0,4.445,
4330.0,heavy,3102,0,1.101,
4333.3,heavy,3103,0,3.527,
4336.7,heavy,3101,0,3.490,
4340.0,heavy,3102,1,1.253,
4343.3,heavy,3103,1,3.474,
4346.7,heavy,3101,0,2.792,
4350.0,heavy,3102,0,0.870,
4353.3,heavy,3103,1,2.829,
4356.7,heavy,3101,0,2.993,
4360.0,heavy,3102,0,0.709,
4363.3,heavy,3103,0,4.751,
4366.7,heavy,3101,0,3.754,
4370.0,heavy,3102,1,1.890,
4373.3,heavy,3103,1,3.881,
4376.7,heavy,3101,0,3.218,
4380.0,heavy,3102,0,1.011,
4383.3,heavy,3103,0,3.762,
4386.7,heavy,3101,1,3.006,
4390.0,heavy,3102,0,1.027,
4393.3,heavy,3103,1,6.532,
4396.7,heavy,3101,0,6.770,
4400.0,light-1,3101,1,2.624,
4400.0,light-3,3103,1,3.291,
4400.0,light-2,3102,1,6.918,
4400.0,light-4,3101,1,6.899,
4400.0,light-5,3102,1,7.395,
4400.0,heavy,3102,1,1.622,
4403.3,heavy,3103,0,6.865,
4406.7,heavy,3103,0,4.879,
4410.0,heavy,3101,0,3.172,
4413.3,heavy,3102,0,0.868,
4416.7,heavy,3103,1,3.938,
4420.0,heavy,3101,0,4.331,
4423.3,heavy,3102,0,0.988,
4426.7,heavy,3103,1,4.124,
4430.0,heavy,3101,0,3.346,
4433.3,heavy,3102,1,1.308,
4436.7,heavy,3103,0,3.292,
4440.0,heavy,3101,0,2.675,
4443.3,heavy,3102,1,1.396,
4446.7,heavy,3103,0,3.383,
4450.0,heavy,3101,0,2.835,
4453.3,heavy,3102,0,0.998,
4456.7,heavy,3103,1,4.743,
4460.0,heavy,3101,0,3.894,
4463.3,heavy,3102,1,1.464,
4466.7,heavy,3103,0,4.967,
4470.0,heavy,3101,0,3.615,
4473.3,heavy,3102,1,1.391,
4476.7,heavy,3103,0,5.563,
4480.0,heavy,3101,0,4.333,
4483.3,heavy,3102,1,1.264,
4486.7,heavy,3103,0,3.389,
4490.0,heavy,3101,0,3.748,
4493.3,heavy,3102,0,1.417,
4496.7,heavy,3103,1,3.902,
4500.0,light-2,3103,1,1.669,
4500.0,light-4,3102,1,3.023,
4500.0,light-5,3103,1,6.348,
4500.0,light-1,3102,1,6.738,
4500.0,light-3,3101,1,7.515,
4500.0,heavy,3101,0,5.892,
4503.3,heavy,3101,0,5.418,
4506.7,heavy,3102,1,1.146,
4510.0,heavy,3103,0,3.742,
4513.3,heavy,3101,0,2.421,
4516.7,heavy,3102,1,1.492,
4520.0,heavy,3103,0,3.191,
4523.3,heavy,3101,0,3.600,
4526.7,heavy,3102,1,1.344,
4530.0,heavy,3103,0,2.562,
4533.3,heavy,3101,0,2.524,
4536.7,heavy,3102,1,1.551,
4540.0,heavy,3103,0,3.366,
4543.3,heavy,3101,1,3.560,
4546.7,heavy,3102,0,1.171,
4550.0,heavy,3103,0,5.003,
4553.3,heavy,3101,0,2.809,
4556.7,heavy,3102,1,1.306,
4560.0,heavy,3103,0,3.922,
4563.3,heavy,3101,1,2.689,
4566.7,heavy,3102,0,1.053,
4570.0,heavy,3103,0,4.436,
4573.3,heavy,3101,1,2.718,
4576.7,heavy,3102,0,1.090,
4580.0,heavy,3103,0,4.681,
4583.3,heavy,3101,0,3.302,
4586.7,heavy,3102,1,1.324,
4590.0,heavy,3103,0,5.254,
4593.3,heavy,3101,1,3.656,
4596.7,heavy,3102,0,1.121,
4600.0,light-2,3103,1,3.166,
4600.0,light-4,3102,1,3.614,
4600.0,light-1,3102,1,5.480,
4600.0,light-5,3103,1,8.230,
4600.0,light-3,3101,1,8.558,
4600.0,heavy,3103,1,5.182,
4603.3,heavy,3101,0,5.430,
4606.7,heavy,3102,1,2.092,
4610.0,heavy,3103,0,6.044,
4613.3,heavy,3101,0,7.862,
4616.7,heavy,3101,0,5.734,
4620.0,heavy,3102,0,0.966,
4623.3,heavy,3103,0,4.389,
4626.7,heavy,3101,1,3.126,
4630.0,heavy,3102,0,1.570,
4633.3,heavy,3103,1,3.357,
4636.7,heavy,3101,0,3.388,
4640.0,heavy,3102,0,1.205,
4643.3,heavy,3103,1,2.772,
4646.7,heavy,3101,0,4.371,
4650.0,heavy,3102,0,1.287,
4653.3,heavy,3103,1,2.997,
4656.7,heavy,3101,0,2.834,
4660.0,heavy,3102,0,1.406,
4663.3,heavy,3103,1,3.651,
4666.7,heavy,3101,0,3.923,
4670.0,heavy,3102,1,1.263,
4673.3,heavy,3103,0,3.994,
4676.7,heavy,3101,0,2.968,
4680.0,heavy,3102,0,0.824,
4683.3,heavy,3103,0,3.845,
4686.7,heavy,3101,0,3.227,
4690.0,heavy,3102,1,1.349,
4693.3,heavy,3103,0,2.955,
4696.7,heavy,3101,1,2.937,
4700.0,light-5,3101,1,2.822,
4700.0,light-2,3101,1,4.179,
4700.0,light-1,3103,1,4.726,
4700.0,light-3,3102,1,4.760,
4700.0,light-4,3103,1,4.832,
4700.0,heavy,3102,0,1.156,
4703.3,heavy,3102,0,1.739,
4706.7,heavy,3103,1,2.860,
4710.0,heavy,3101,0,4.330,
4713.3,heavy,3102,1,1.235,
4716.7,heavy,3103,0,3.411,
4720.0,heavy,3101,0,2.375,
4723.3,heavy,3102,1,1.243,
4726.7,heavy,3103,0,2.759,
4730.0,heavy,3101,0,3.257,
4733.3,heavy,3102,0,0.878,
4736.7,heavy,3103,0,5.016,
4740.0,heavy,3101,1,2.476,
4743.3,heavy,3102,1,0.985,
4746.7,heavy,3103,0,4.267,
4750.0,heavy,3101,0,2.844,
4753.3,heavy,3102,0,1.231,
4756.7,heavy,3103,1,2.984,
4760.0,heavy,3101,0,3.198,
4763.3,heavy,3102,0,0.818,
4766.7,heavy,3103,1,4.707,
4770.0,heavy,3101,0,4.894,
4773.3,heavy,3102,1,1.903,
4776.7,heavy,3103,0,4.982,
4780.0,heavy,3101,0,2.129,
4783.3,heavy,3102,0,0.939,
4786.7,heavy,3103,0,4.235,
4790.0,heavy,3101,1,3.529,
4793.3,heavy,3102,1,0.830,
4796.7,heavy,3103,0,5.759,
4800.0,light-1,3101,1,2.317,
4800.0,light-3,3103,1,2.990,
4800.0,light-2,3102,1,5.463,
4800.0,light-4,3101,1,5.884,
4800.0,light-5,3102,1,6.426,
4800.0,heavy,3101,0,5.190,
4803.3,heavy,3102,1,1.314,
4806.7,heavy,3103,0,6.217,
4810.0,heavy,3103,0,5.546,
4813.3,heavy,3101,0,2.859,
4816.7,heavy,3102,1,1.421,
4820.0,heavy,3103,0,3.311,
4823.3,heavy,3101,1,3.400,
4826.7,heavy,3102,0,1.130,
4830.0,heavy,3103,0,3.686,
4833.3,heavy,3101,0,2.934,
4836.7,heavy,3102,1,1.203,
4840.0,heavy,3103,0,2.651,
4843.3,heavy,3101,1,3.181,
4846.7,heavy,3102,0,1.283,
4850.0,heavy,3103,1,3.464,
4853.3,heavy,3101,0,3.664,
4856.7,heavy,3102,0,0.786,
4860.0,heavy,3103,0,3.776,
4863.3,heavy,3101,0,3.263,
4866.7,heavy,3102,1,1.085,
4870.0,heavy,3103,0,2.859,
4873.3,heavy,3101,1,3.019,
4876.7,heavy,3102,0,1.150,
4880.0,heavy,3103,1,3.533,
4883.3,heavy,3101,0,3.797,
4886.7,heavy,3102,0,0.893,
4890.0,heavy,3103,0,6.781,
4893.3,heavy,3101,1,7.157,
4896.7,heavy,3102,1,1.762,
4900.0,light-1,3101,1,2.880,
4900.0,light-3,3103,1,3.877,
4900.0,light-2,3102,1,7.174,
4900.0,light-4,3101,1,7.413,
4900.0,light-5,3102,1,7.809,
4900.0,heavy,3103,0,7.451,
4903.3,heavy,3103,0,6.355,
4906.7,heavy,3101,0,3.386,
4910.0,heavy,3102,0,0.882,
4913.3,heavy,3103,1,3.487,
4916.7,heavy,3101,0,3.158,
4920.0,heavy,3102,1,1.356,
4923.3,heavy,3103,0,2.594,
4926.7,heavy,3101,0,3.041,
4930.0,heavy,3102,0,1.229,
4933.3,heavy,3103,1,2.679,
4936.7,heavy,3101,0,2.900,
4940.0,heavy,3102,0,0.984,
4943.3,heavy,3103,1,3.807,
4946.7,heavy,3101,0,3.905,
4950.0,heavy,3102,0,1.212,
4953.3,heavy,3103,0,5.279,
4956.7,heavy,3101,0,4.322,
4960.0,heavy,3102,1,1.452,
4963.3,heavy,3103,1,4.153,
4966.7,heavy,3101,0,3.455,
4970.0,heavy,3102,0,1.224,
4973.3,heavy,3103,1,5.002,
4976.7,heavy,3101,0,5.359,
4980.0,heavy,3102,0,1.434,
4983.3,heavy,3103,1,4.244,
4986.7,heavy,3101,0,4.036,
4990.0,heavy,3102,0,1.352,
4993.3,heavy,3103,1,3.899,
4996.7,heavy,3101,0,4.305,
5000.0,heavy,3102,0,1.808,
5000.0,light-5,3101,1,2.959,
5000.0,light-2,3101,1,5.328,
5000.0,light-1,3103,1,6.041,
5000.0,light-3,3102,1,5.968,
5000.0,light-4,3103,1,6.048,
5003.3,heavy,3102,0,1.805,
5006.7,heavy,3103,1,4.082,
5010.0,heavy,3101,0,4.314,
5013.3,heavy,3102,1,1.336,
5016.7,heavy,3103,0,3.415,
5020.0,heavy,3101,0,3.359,
5023.3,heavy,3102,0,1.461,
5026.7,heavy,3103,1,4.088,
5030.0,heavy,3101,0,5.175,
5033.3,heavy,3102,1,1.291,
5036.7,heavy,3103,0,4.376,
5040.0,heavy,3101,0,4.729,
5043.3,heavy,3102,0,1.112,
5046.7,heavy,3103,1,4.802,
5050.0,heavy,3101,0,11.300,
5053.3,heavy,3102,1,1.430,
5056.7,heavy,3103,0,4.282,
5060.0,heavy,3101,0,10.119,
5063.3,heavy,3102,1,1.875,
5066.7,heavy,3103,0,3.657,
5070.0,heavy,3101,0,3.266,
5073.3,heavy,3102,0,1.484,
5076.7,heavy,3103,1,3.943,
5080.0,heavy,3101,0,4.066,
5083.3,heavy,3102,1,1.960,
5086.7,heavy,3103,0,3.843,
5090.0,heavy,3101,0,2.962,
5093.3,heavy,3102,1,1.367,
5096.7,heavy,3103,0,5.342,
5100.0,heavy,3101,0,5.321,
5100.0,light-2,3103,1,2.916,
5100.0,light-4,3102,1,3.570,
5100.0,light-1,3102,1,5.388,
5100.0,light-3,3101,1,7.407,
5100.0,light-5,3103,1,7.554,
5103.3,heavy,3101,0,5.423,
5106.7,heavy,3102,1,1.267,
5110.0,heavy,3103,0,3.250,
5113.3,heavy,3101,0,3.476,
5116.7,heavy,3102,1,1.326,
5120.0,heavy,3103,0,3.382,
5123.3,heavy,3101,0,2.871,
5126.7,heavy,3102,1,1.188,
5130.0,heavy,3103,0,3.236,
5133.3,heavy,3101,0,2.874,
5136.7,heavy,3102,1,1.549,
5140.0,heavy,3103,0,4.888,
5143.3,heavy,3101,0,4.072,
5146.7,heavy,3102,1,1.709,
5150.0,heavy,3103,0,4.269,
5153.3,heavy,3101,1,3.240,
5156.7,heavy,3102,0,1.113,
5160.0,heavy,3103,1,3.287,
5163.3,heavy,3101,0,3.736,
5166.7,heavy,3102,0,1.031,
5170.0,heavy,3103,0,5.598,
5173.3,heavy,3101,0,4.438,
5176.7,heavy,3102,1,1.511,
5180.0,heavy,3103,1,5.819,
5183.3,heavy,3101,0,3.515,
5186.7,heavy,3102,0,1.050,
5190.0,heavy,3103,0,3.766,
5193.3,heavy,3101,0,4.621,
5196.7,heavy,3102,1,1.589,
5200.0,heavy,3103,1,6.267,
5200.0,light-1,3101,1,1.159,
5200.0,light-3,3103,1,2.925,
5200.0,light-4,3101,1,5.645,
5200.0,light-2,3102,1,5.949,
5200.0,light-5,3102,1,6.400,
5203.3,heavy,3103,0,4.830,
5206.7,heavy,3101,0,2.621,
5210.0,heavy,3102,0,1.018,
5213.3,heavy,3103,1,3.801,
5216.7,heavy,3101,0,4.860,
5220.0,heavy,3102,1,1.412,
5223.3,heavy,3103,0,4.376,
5226.7,heavy,3101,0,6.062,
5230.0,heavy,3102,0,1.179,
5233.3,heavy,3103,1,2.626,
5236.7,heavy,3101,0,2.539,
5240.0,heavy,3102,0,1.313,
5243.3,heavy,3103,1,2.886,
5246.7,heavy,3101,0,3.168,
5250.0,heavy,3102,0,0.939,
5253.3,heavy,3103,0,3.964,
5256.7,heavy,3101,1,3.152,
5260.0,heavy,3102,0,1.095,
5263.3,heavy,3103,1,3.881,
5266.7,heavy,3101,0,3.082,
5270.0,heavy,3102,1,1.103,
5273.3,heavy,3103,0,4.383,
5276.7,heavy,3101,0,2.547,
5280.0,heavy,3102,0,1.053,
5283.3,heavy,3103,0,2.601,
5286.7,heavy,3101,0,2.527,
5290.0,heavy,3102,1,1.172,
5293.3,heavy,3103,1,6.479,
5296.7,heavy,3101,0,5.328,
5300.0,heavy,3102,1,1.332,
5300.0,light-1,3101,1,2.235,
5300.0,light-3,3103,1,3.207,
5300.0,light-5,3102,1,6.073,
5300.0,light-4,3101,1,6.338,
5300.0,light-2,3102,1,7.012,
5303.3,heavy,3103,0,6.633,
5306.7,heavy,3103,0,6.404,
5310.0,heavy,3101,0,3.082,
5313.3,heavy,3102,1,1.160,
5316.7,heavy,3103,0,3.279,
5320.0,heavy,3101,0,3.451,
5323.3,heavy,3102,1,0.946,
5326.7,heavy,3103,0,3.807,
5330.0,heavy,3101,0,2.744,
5333.3,heavy,3102,1,1.438,
5336.7,heavy,3103,0,3.085,
5340.0,heavy,3101,0,2.144,
5343.3,heavy,3102,1,1.396,
5346.7,heavy,3103,0,2.465,
5350.0,heavy,3101,0,2.769,
5353.3,heavy,3102,1,0.658,
5356.7,heavy,3103,0,4.973,
5360.0,heavy,3101,0,4.544,
5363.3,heavy,3102,1,1.475,
5366.7,heavy,3103,0,5.478,
5370.0,heavy,3101,0,3.513,
5373.3,heavy,3102,0,0.844,
5376.7,heavy,3103,1,3.316,
5380.0,heavy,3101,0,3.272,
5383.3,heavy,3102,1,1.064,
5386.7,heavy,3103,0,3.664,
5390.0,heavy,3101,0,3.165,
5393.3,heavy,3102,1,1.451,
5396.7,heavy,3103,0,5.703,
5400.0,heavy,3101,0,5.000,
5400.0,light-2,3103,1,2.203,
5400.0,light-4,3102,1,2.314,
5400.0,light-1,3102,1,5.089,
5400.0,light-3,3101,1,5.942,
5400.0,light-5,3103,1,6.011,
5403.3,heavy,3101,0,4.224,
5406.7,heavy,3102,1,0.977,
5410.0,heavy,3103,1,3.160,
5413.3,heavy,3101,0,3.508,
5416.7,heavy,3102,0,1.041,
5420.0,heavy,3103,0,3.723,
5423.3,heavy,3101,0,3.153,
5426.7,heavy,3102,1,1.217,
5430.0,heavy,3103,0,3.132,
5433.3,heavy,3101,1,2.752,
5436.7,heavy,3102,0,1.086,
5440.0,heavy,3103,1,3.128,
5443.3,heavy,3101,0,3.305,
5446.7,heavy,3102,0,0.789,
5450.0,heavy,3103,0,3.580,
5453.3,heavy,3101,0,2.887,
5456.7,heavy,3102,1,1.111,
5460.0,heavy,3103,0,3.754,
5463.3,heavy,3101,1,2.506,
5466.7,heavy,3102,1,1.411,
5470.0,heavy,3103,0,3.500,
5473.3,heavy,3101,0,3.950,
5476.7,heavy,3102,0,1.095,
5480.0,heavy,3103,0,2.701,
5483.3,heavy,3101,0,3.595,
5486.7,heavy,3102,1,1.035,
5490.0,heavy,3103,0,2.706,
5493.3,heavy,3101,1,2.843,
5496.7,heavy,3102,0,1.137,
5500.0,heavy,3103,0,5.420,
5500.0,light-5,3101,1,3.431,
5500.0,light-3,3102,1,5.456,
5500.0,light-2,3101,1,5.832,
5500.0,light-1,3103,1,6.121,
5500.0,light-4,3103,1,6.852,
5503.3,heavy,3101,0,5.282,
5506.7,heavy,3102,1,1.449,
5510.0,heavy,3102,0,1.188,
5513.3,heavy,3103,1,4.353,
5516.7,heavy,3101,0,2.914,
5520.0,heavy,3102,0,1.059,
5523.3,heavy,3103,1,3.759,
5526.7,heavy,3101,0,4.167,
5530.0,heavy,3102,1,1.345,
5533.3,heavy,3103,0,4.368,
5536.7,heavy,3101,0,4.138,
5540.0,heavy,3102,0,1.062,
5543.3,heavy,3103,1,4.067,
5546.7,heavy,3101,0,3.248,
5550.0,heavy,3102,1,1.392,
5553.3,heavy,3103,0,4.149,
5556.7,heavy,3101,0,3.407,
5560.0,heavy,3102,0,1.404,
5563.3,heavy,3103,1,2.796,
5566.7,heavy,3101,0,3.125,
5570.0,heavy,3102,0,0.821,
5573.3,heavy,3103,1,4.319,
5576.7,heavy,3101,0,4.935,
5580.0,heavy,3102,1,1.903,
5583.3,heavy,3103,0,4.475,
5586.7,heavy,3101,0,3.375,
5590.0,heavy,3102,0,0.778,
5593.3,heavy,3103,1,4.921,
5596.7,heavy,3101,0,3.188,
5600.0,heavy,3102,1,3.051,
5600.0,light-5,3101,1,2.868,
5600.0,light-1,3103,1,5.571,
5600.0,light-2,3101,1,5.796,
5600.0,light-4,3103,1,6.473,
5600.0,light-3,3102,1,7.204,
5603.3,heavy,3102,0,3.163,
5606.7,heavy,3103,0,4.552,
5610.0,heavy,3101,0,3.528,
5613.3,heavy,3102,0,0.988,
5616.7,heavy,3103,1,4.613,
5620.0,heavy,3101,0,3.710,
5623.3,heavy,3102,1,1.266,
5626.7,heavy,3103,0,4.582,
5630.0,heavy,3101,0,3.960,
5633.3,heavy,3102,1,1.067,
5636.7,heavy,3103,0,4.192,
5640.0,heavy,3101,0,3.511,
5643.3,heavy,3102,1,1.338,
5646.7,heavy,3103,0,3.615,
5650.0,heavy,3101,0,2.847,
5653.3,heavy,3102,1,1.168,
5656.7,heavy,3103,0,4.734,
5660.0,heavy,3101,0,3.732,
5663.3,heavy,3102,1,1.055,
5666.7,heavy,3103,0,4.757,
5670.0,heavy,3101,0,3.916,
5673.3,heavy,3102,1,1.314,
5676.7,heavy,3103,0,3.829,
5680.0,heavy,3101,0,3.010,
5683.3,heavy,3102,0,1.230,
5686.7,heavy,3103,1,3.803,
5690.0,heavy,3101,1,4.163,
5693.3,heavy,3102,0,0.966,
5696.7,heavy,3103,0,3.057,
5700.0,heavy,3101,0,5.179,
5700.0,light-2,3103,1,2.026,
5700.0,light-4,3102,1,2.838,
5700.0,light-1,3102,1,5.573,
5700.0,light-3,3101,1,5.994,
5700.0,light-5,3103,1,6.115,
5703.3,heavy,3101,1,3.723,
5706.7,heavy,3102,0,1.186,
5710.0,heavy,3103,0,3.075,
5713.3,heavy,3101,1,3.094,
5716.7,heavy,3102,0,1.354,
5720.0,heavy,3103,0,2.970,
5723.3,heavy,3101,1,3.136,
5726.7,heavy,3102,0,1.079,
5730.0,heavy,3103,0,2.923,
5733.3,heavy,3101,0,3.225,
5736.7,heavy,3102,1,1.102,
5740.0,heavy,3103,0,2.722,
5743.3,heavy,3101,1,3.052,
5746.7,heavy,3102,0,1.057,
5750.0,heavy,3103,1,2.952,
5753.3,heavy,3101,0,3.293,
5756.7,heavy,3102,0,0.947,
5760.0,heavy,3103,0,4.694,
5763.3,heavy,3101,0,3.062,
5766.7,heavy,3102,1,1.289,
5770.0,heavy,3103,0,4.224,
5773.3,heavy,3101,1,3.008,
5776.7,heavy,3102,0,1.044,
5780.0,heavy,3103,1,3.316,
5783.3,heavy,3101,0,4.156,
5786.7,heavy,3102,0,1.327,
5790.0,heavy,3103,1,9.052,
5793.3,heavy,3101,0,8.994,
5796.7,heavy,3102,1,5.207,
5800.0,heavy,3103,0,9.427,
5800.0,light-3,3103,1,4.474,
5800.0,light-1,3101,1,5.265,
5800.0,light-2,3102,1,9.197,
5800.0,light-5,3102,1,9.374,
5800.0,light-4,3101,1,9.580,
5803.3,heavy,3103,0,5.738,
5806.7,heavy,3101,0,2.824,
5810.0,heavy,3102,0,0.910,
5813.3,heavy,3103,0,4.055,
5816.7,heavy,3101,1,3.586,
5820.0,heavy,3102,1,1.228,
5823.3,heavy,3103,0,4.524,
5826.7,heavy,3101,0,4.298,
5830.0,heavy,3102,0,1.308,
5833.3,heavy,3103,1,2.797,
5836.7,heavy,3101,1,3.621,
5840.0,heavy,3102,0,1.129,
5843.3,heavy,3103,0,3.894,
5846.7,heavy,3101,0,2.893,
5850.0,heavy,3102,0,0.914,
5853.3,heavy,3103,0,4.125,
5856.7,heavy,3101,1,3.250,
5860.0,heavy,3102,0,1.047,
5863.3,heavy,3103,1,3.203,
5866.7,heavy,3101,0,3.466,
5870.0,heavy,3102,0,1.024,
5873.3,heavy,3103,1,3.301,
5876.7,heavy,3101,0,3.322,
5880.0,heavy,3102,0,0.829,
5883.3,heavy,3103,1,3.357,
5886.7,heavy,3101,0,3.662,
5890.0,heavy,3102,0,0.891,
5893.3,heavy,3103,1,3.269,
5896.7,heavy,3101,0,3.278,
5900.0,heavy,3102,0,1.392,
5900.0,light-5,3101,1,2.371,
5900.0,light-2,3101,1,4.294,
5900.0,light-1,3103,1,4.484,
5900.0,light-3,3102,1,4.512,
5900.0,light-4,3103,1,4.847,
5903.3,heavy,3102,0,1.167,
5906.7,heavy,3103,1,4.571,
5910.0,heavy,3101,0,3.763,
5913.3,heavy,3102,1,1.327,
5916.7,heavy,3103,0,4.406,
5920.0,heavy,3101,0,4.518,
5923.3,heavy,3102,1,1.012,
5926.7,heavy,3103,0,3.213,
5930.0,heavy,3101,0,2.740,
5933.3,heavy,3102,1,1.178,
5936.7,heavy,3103,0,3.751,
5940.0,heavy,3101,0,2.884,
5943.3,heavy,3102,1,1.282,
5946.7,heavy,3103,0,3.078,
5950.0,heavy,3101,1,3.252,
5953.3,heavy,3102,0,0.827,
5956.7,heavy,3103,0,3.160,
5960.0,heavy,3101,0,2.491,
5963.3,heavy,3102,1,1.117,
5966.7,heavy,3103,0,3.088,
5970.0,heavy,3101,0,2.094,
5973.3,heavy,3102,1,1.548,
5976.7,heavy,3103,0,2.651,
5980.0,heavy,3101,0,2.870,
5983.3,heavy,3102,1,1.373,
5986.7,heavy,3103,0,2.510,
5990.0,heavy,3101,0,5.474,
5993.3,heavy,3102,1,1.289,
5996.7,heavy,3103,0,3.418,
6000.0,heavy,3101,0,5.698,
6000.0,light-2,3103,1,1.151,
6000.0,light-4,3102,1,3.009,
6000.0,light-1,3102,1,5.775,
6000.0,light-5,3103,1,11.563,
6000.0,light-3,3101,1,11.879,
6003.3,heavy,3101,1,5.140,
6006.7,heavy,3102,0,0.947,
6010.0,heavy,3103,1,3.097,
6013.3,heavy,3101,0,2.170,
6016.7,heavy,3102,0,0.813,
6020.0,heavy,3103,0,3.876,
6023.3,heavy,3101,0,3.094,
6026.7,heavy,3102,1,1.118,
6030.0,heavy,3103,0,2.567,
6033.3,heavy,3101,1,3.052,
6036.7,heavy,3102,0,1.045,
6040.0,heavy,3103,1,3.641,
6043.3,heavy,3101,0,3.931,
6046.7,heavy,3102,0,0.985,
6050.0,heavy,3103,0,4.146,
6053.3,heavy,3101,0,2.980,
6056.7,heavy,3102,1,1.719,
6060.0,heavy,3103,0,4.697,
6063.3,heavy,3101,1,2.850,
6066.7,heavy,3102,0,1.166,
6070.0,heavy,3103,0,3.927,
6073.3,heavy,3101,0,4.191,
6076.7,heavy,3102,1,1.634,
6080.0,heavy,3103,0,3.284,
6083.3,heavy,3101,1,2.882,
6086.7,heavy,3102,0,1.138,
6090.0,heavy,3103,0,3.059,
6093.3,heavy,3101,1,3.052,
6096.7,heavy,3102,0,1.209,
6100.0,heavy,3103,0,7.144,
6100.0,light-5,3101,1,3.924,
6100.0,light-3,3102,1,6.073,
6100.0,light-2,3101,1,6.948,
6100.0,light-4,3103,1,7.039,
6100.0,light-1,3103,1,8.075,
6103.3,heavy,3101,0,5.662,
6106.7,heavy,3102,1,2.009,
6110.0,heavy,3102,0,0.969,
6113.3,heavy,3103,1,5.472,
6116.7,heavy,3101,0,3.888,
6120.0,heavy,3102,0,1.365,
6123.3,heavy,3103,1,3.323,
6126.7,heavy,3101,0,3.599,
6130.0,heavy,3102,0,1.275,
6133.3,heavy,3103,1,4.024,
6136.7,heavy,3101,0,4.320,
6140.0,heavy,3102,0,1.105,
6143.3,heavy,3103,1,3.987,
6146.7,heavy,3101,0,3.920,
6150.0,heavy,3102,0,1.234,
6153.3,heavy,3103,1,3.291,
6156.7,heavy,3101,0,2.836,
6160.0,heavy,3102,0,1.165,
6163.3,heavy,3103,1,2.694,
6166.7,heavy,3101,0,2.854,
6170.0,heavy,3102,0,0.704,
6173.3,heavy,3103,1,4.124,
6176.7,heavy,3101,0,3.696,
6180.0,heavy,3102,1,1.171,
6183.3,heavy,3103,0,4.473,
6186.7,heavy,3101,0,3.097,
6190.0,heavy,3102,1,1.577,
6193.3,heavy,3103,1,5.181,
6196.7,heavy,3101,0,3.621,
6200.0,heavy,3102,0,1.430,
6200.0,light-5,3101,1,2.854,
6200.0,light-3,3102,1,5.426,
6200.0,light-1,3103,1,6.270,
6200.0,light-2,3101,1,6.334,
6200.0,light-4,3103,1,6.871,
6203.3,heavy,3102,0,0.618,
6206.7,heavy,3103,0,3.829,
6210.0,heavy,3101,0,3.106,
6213.3,heavy,3102,1,0.868,
6216.7,heavy,3103,0,2.816,
6220.0,heavy,3101,0,4.115,
6223.3,heavy,3102,1,1.148,
6226.7,heavy,3103,0,3.154,
6230.0,heavy,3101,0,5.071,
6233.3,heavy,3102,1,0.827,
6236.7,heavy,3103,0,3.030,
6240.0,heavy,3101,0,4.702,
6243.3,heavy,3102,1,1.608,
6246.7,heavy,3103,0,2.933,
6250.0,heavy,3101,0,3.107,
6253.3,heavy,3102,1,1.308,
6256.7,heavy,3103,0,2.776,
6260.0,heavy,3101,0,2.874,
6263.3,heavy,3102,1,1.404,
6266.7,heavy,3103,0,3.332,
6270.0,heavy,3101,0,3.193,
6273.3,heavy,3102,0,1.197,
6276.7,heavy,3103,1,3.390,
6280.0,heavy,3101,1,3.037,
6283.3,heavy,3102,0,1.043,
6286.7,heavy,3103,0,3.018,
6290.0,heavy,3101,0,3.330,
6293.3,heavy,3102,0,1.092,
6296.7,heavy,3103,1,5.330,
6300.0,heavy,3101,1,6.558,
6300.0,light-3,3103,1,2.900,
6300.0,light-1,3101,1,4.408,
6300.0,light-2,3102,1,5.562,
6300.0,light-5,3102,1,6.922,
6300.0,light-4,3101,1,8.192,
6303.3,heavy,3102,1,1.503,
6306.7,heavy,3103,0,5.328,
6310.0,heavy,3103,0,4.992,
6313.3,heavy,3101,0,4.753,
6316.7,heavy,3102,0,1.019,
6320.0,heavy,3103,1,3.229,
6323.3,heavy,3101,0,3.625,
6326.7,heavy,3102,0,1.096,
6330.0,heavy,3103,0,4.039,
6333.3,heavy,3101,0,2.951,
6336.7,heavy,3102,1,1.067,
6340.0,heavy,3103,0,4.998,
6343.3,heavy,3101,1,3.303,
6346.7,heavy,3102,0,0.890,
6350.0,heavy,3103,0,3.439,
6353.3,heavy,3101,0,3.428,
6356.7,heavy,3102,1,1.049,
6360.0,heavy,3103,0,3.933,
6363.3,heavy,3101,0,3.186,
6366.7,heavy,3102,1,1.208,
6370.0,heavy,3103,0,3.684,
6373.3,heavy,3101,1,3.084,
6376.7,heavy,3102,0,1.115,
6380.0,heavy,3103,0,3.420,
6383.3,heavy,3101,0,3.744,
6386.7,heavy,3102,1,1.222,
6390.0,heavy,3103,0,2.601,
6393.3,heavy,3101,0,5.829,
6396.7,heavy,3102,1,1.591,
6400.0,heavy,3103,1,4.927,
6400.0,light-1,3101,1,2.471,
6400.0,light-3,3103,1,2.640,
6400.0,light-2,3102,1,5.598,
6400.0,light-4,3101,1,5.947,
6400.0,light-5,3102,1,6.550,
6403.3,heavy,3103,0,4.974,
6406.7,heavy,3101,0,3.525,
6410.0,heavy,3102,0,1.381,
6413.3,heavy,3103,1,2.880,
6416.7,heavy,3101,0,2.992,
6420.0,heavy,3102,0,0.629,
6423.3,heavy,3103,1,3.484,
6426.7,heavy,3101,0,2.749,
6430.0,heavy,3102,1,1.165,
6433.3,heavy,3103,0,2.467,
6436.7,heavy,3101,0,2.645,
6440.0,heavy,3102,1,1.235,
6443.3,heavy,3103,0,2.289,
6446.7,heavy,3101,0,2.614,
6450.0,heavy,3102,0,0.783,
6453.3,heavy,3103,1,4.152,
6456.7,heavy,3101,0,3.436,
6460.0,heavy,3102,1,1.439,
6463.3,heavy,3103,0,4.580,
6466.7,heavy,3101,0,2.940,
6470.0,heavy,3102,0,0.874,
6473.3,heavy,3103,1,2.816,
6476.7,heavy,3101,0,3.162,
6480.0,heavy,3102,0,0.863,
6483.3,heavy,3103,1,2.961,
6486.7,heavy,3101,0,3.083,
6490.0,heavy,3102,1,1.635,
6493.3,heavy,3103,0,3.016,
6496.7,heavy,3101,0,2.711,
6500.0,heavy,3102,1,1.766,
6500.0,light-5,3101,1,3.182,
6500.0,light-3,3102,1,5.436,
6500.0,light-2,3101,1,6.103,
6500.0,light-1,3103,1,6.300,
6500.0,light-4,3103,1,6.961,
6503.3,heavy,3103,0,6.371,
6506.7,heavy,3101,0,4.194,
6510.0,heavy,3102,0,1.661,
6513.3,heavy,3102,1,0.922,
6516.7,heavy,3103,0,3.359,
6520.0,heavy,3101,0,3.080,
6523.3,heavy,3102,1,1.371,
6526.7,heavy,3103,0,2.866,
6530.0,heavy,3101,0,2.692,
6533.3,heavy,3102,0,0.878,
6536.7,heavy,3103,1,3.157,
6540.0,heavy,3101,0,3.389,
6543.3,heavy,3102,1,1.228,
6546.7,heavy,3103,0,4.175,
6550.0,heavy,3101,0,3.317,
6553.3,heavy,3102,1,1.213,
6556.7,heavy,3103,0,4.601,
6560.0,heavy,3101,0,3.074,
6563.3,heavy,3102,1,1.036,
6566.7,heavy,3103,0,3.437,
6570.0,heavy,3101,0,3.692,
6573.3,heavy,3102,1,1.285,
6576.7,heavy,3103,0,3.014,
6580.0,heavy,3101,0,2.641,
6583.3,heavy,3102,1,1.295,
6586.7,heavy,3103,0,2.728,
6590.0,heavy,3101,0,2.859,
6593.3,heavy,3102,1,1.382,
6596.7,heavy,3103,0,5.751,
6600.0,heavy,3101,0,4.891,
6600.0,light-5,3101,1,3.131,
6600.0,light-3,3102,1,5.344,
6600.0,light-2,3101,1,5.974,
6600.0,light-1,3103,1,6.315,
6600.0,light-4,3103,1,7.206,
6603.3,heavy,3102,1,1.306,
6606.7,heavy,3102,0,1.216,
6610.0,heavy,3103,0,4.362,
6613.3,heavy,3101,1,3.501,
6616.7,heavy,3102,0,1.167,
6620.0,heavy,3103,0,3.317,
6623.3,heavy,3101,1,3.101,
6626.7,heavy,3102,1,1.729,
6630.0,heavy,3103,0,3.226,
6633.3,heavy,3101,0,3.270,
6636.7,heavy,3102,0,1.503,
6640.0,heavy,3103,0,3.669,
6643.3,heavy,3101,0,2.893,
6646.7,heavy,3102,1,1.206,
6650.0,heavy,3103,1,4.136,
6653.3,heavy,3101,0,3.064,
6656.7,heavy,3102,0,1.111,
6660.0,heavy,3103,0,3.042,
6663.3,heavy,3101,0,3.283,
6666.7,heavy,3102,1,1.121,
6670.0,heavy,3103,0,2.949,
6673.3,heavy,3101,1,2.934,
6676.7,heavy,3102,0,1.461,
6680.0,heavy,3103,1,3.123,
6683.3,heavy,3101,0,2.902,
6686.7,heavy,3102,0,0.963,
6690.0,heavy,3103,0,3.253,
6693.3,heavy,3101,0,3.125,
6696.7,heavy,3102,1,1.587,
6700.0,heavy,3103,1,5.499,
6700.0,light-1,3101,1,1.908,
6700.0,light-3,3103,1,2.532,
6700.0,light-4,3101,1,5.696,
6700.0,light-2,3102,1,5.984,
6700.0,light-5,3102,1,6.607,
6703.3,heavy,3103,0,2.836,
6706.7,heavy,3101,0,2.550,
6710.0,heavy,3102,0,1.209,
6713.3,heavy,3103,1,2.899,
6716.7,heavy,3101,0,3.065,
6720.0,heavy,3102,1,1.206,
6723.3,heavy,3103,0,2.862,
6726.7,heavy,3101,0,3.104,
6730.0,heavy,3102,0,0.915,
6733.3,heavy,3103,0,3.882,
6736.7,heavy,3101,1,3.745,
6740.0,heavy,3102,1,1.405,
6743.3,heavy,3103,0,4.092,
6746.7,heavy,3101,0,2.804,
6750.0,heavy,3102,1,1.476,
6753.3,heavy,3103,0,2.645,
6756.7,heavy,3101,0,3.301,
6760.0,heavy,3102,0,1.254,
6763.3,heavy,3103,1,4.169,
6766.7,heavy,3101,0,3.356,
6770.0,heavy,3102,1,1.247,
6773.3,heavy,3103,0,4.111,
6776.7,heavy,3101,0,2.549,
6780.0,heavy,3102,0,1.046,
6783.3,heavy,3103,0,4.646,
6786.7,heavy,3101,0,3.820,
6790.0,heavy,3102,1,1.145,
6793.3,heavy,3103,1,3.037,
6796.7,heavy,3101,0,3.057,
6800.0,heavy,3102,0,1.327,
6800.0,light-5,3101,1,2.365,
6800.0,light-2,3101,1,4.214,
6800.0,light-1,3103,1,4.788,
6800.0,light-3,3102,1,4.837,
6800.0,light-4,3103,1,4.934,
6803.3,heavy,3102,1,0.878,
6806.7,heavy,3103,0,3.617,
6810.0,heavy,3101,0,3.912,
6813.3,heavy,3102,1,1.170,
6816.7,heavy,3103,0,4.060,
6820.0,heavy,3101,0,3.901,
6823.3,heavy,3102,1,0.815,
6826.7,heavy,3103,0,4.161,
6830.0,heavy,3101,0,3.133,
6833.3,heavy,3102,1,1.285,
6836.7,heavy,3103,0,4.489,
6840.0,heavy,3101,0,2.533,
6843.3,heavy,3102,1,1.403,
6846.7,heavy,3103,1,3.981,
6850.0,heavy,3101,0,3.391,
6853.3,heavy,3102,0,1.058,
6856.7,heavy,3103,0,3.088,
6860.0,heavy,3101,0,2.933,
6863.3,heavy,3102,1,1.568,
6866.7,heavy,3103,0,2.585,
6870.0,heavy,3101,0,2.738,
6873.3,heavy,3102,0,1.267,
6876.7,heavy,3103,1,3.511,
6880.0,heavy,3101,1,3.988,
6883.3,heavy,3102,0,1.088,
6886.7,heavy,3103,0,4.450,
6890.0,heavy,3101,0,3.073,
6893.3,heavy,3102,1,1.213,
6896.7,heavy,3103,0,4.178,
6900.0,heavy,3101,1,6.133,
6900.0,light-2,3103,1,1.504,
6900.0,light-4,3102,1,2.466,
6900.0,light-1,3102,1,5.847,
6900.0,light-5,3103,1,6.374,
6900.0,light-3,3101,1,6.565,
6903.3,heavy,3101,0,5.990,
6906.7,heavy,3102,0,0.907,
6910.0,heavy,3103,1,2.981,
6913.3,heavy,3101,0,3.254,
6916.7,heavy,3102,0,0.837,
6920.0,heavy,3103,0,4.082,
6923.3,heavy,3101,0,3.290,
6926.7,heavy,3102,1,1.094,
6930.0,heavy,3103,0,4.666,
6933.3,heavy,3101,1,2.575,
6936.7,heavy,3102,0,0.969,
6940.0,heavy,3103,0,3.072,
6943.3,heavy,3101,0,3.765,
6946.7,heavy,3102,1,1.146,
6950.0,heavy,3103,0,3.368,
6953.3,heavy,3101,1,3.076,
6956.7,heavy,3102,0,1.006,
6960.0,heavy,3103,1,3.130,
6963.3,heavy,3101,0,2.385,
6966.7,heavy,3102,0,0.852,
6970.0,heavy,3103,0,3.952,
6973.3,heavy,3101,0,2.980,
6976.7,heavy,3102,1,1.170,
6980.0,heavy,3103,0,3.022,
6983.3,heavy,3101,1,2.868,
6986.7,heavy,3102,0,0.754,
6990.0,heavy,3103,1,3.274,
6993.3,heavy,3101,0,2.973,
6996.7,heavy,3102,0,1.042,
7000.0,heavy,3103,0,6.882,
7000.0,light-5,3101,1,3.485,
7000.0,light-2,3101,1,5.551,
7000.0,light-3,3102,1,5.660,
7000.0,light-1,3103,1,6.607,
7000.0,light-4,3103,1,7.088,
7003.3,heavy,3101,0,4.642,
7006.7,heavy,3102,1,1.854,
7010.0,heavy,3102,0,2.279,
7013.3,heavy,3103,1,3.829,
7016.7,heavy,3101,0,2.950,
7020.0,heavy,3102,0,1.246,
7023.3,heavy,3103,1,3.006,
7026.7,heavy,3101,0,2.979,
7030.0,heavy,3102,1,1.593,
7033.3,heavy,3103,0,3.281,
7036.7,heavy,3101,0,2.944,
7040.0,heavy,3102,0,1.267,
7043.3,heavy,3103,1,4.273,
7046.7,heavy,3101,0,3.531,
7050.0,heavy,3102,1,1.329,
7053.3,heavy,3103,0,4.514,
7056.7,heavy,3101,0,2.921,
7060.0,heavy,3102,0,0.987,
7063.3,heavy,3103,0,3.305,
7066.7,heavy,3101,0,3.579,
7070.0,heavy,3102,1,1.245,
7073.3,heavy,3103,1,2.674,
7076.7,heavy,3101,0,3.725,
7080.0,heavy,3102,1,1.316,
7083.3,heavy,3103,0,3.007,
7086.7,heavy,3101,0,2.591,
7090.0,heavy,3102,1,1.557,
7093.3,heavy,3103,0,5.629,
7096.7,heavy,3101,1,4.756,
7100.0,heavy,3102,0,1.354,
7100.0,light-5,3101,1,3.269,
7100.0,light-3,3102,1,5.558,
7100.0,light-2,3101,1,6.101,
7100.0,light-1,3103,1,6.272,
7100.0,light-4,3103,1,7.108,
7103.3,heavy,3102,0,0.990,
7106.7,heavy,3103,0,3.943,
7110.0,heavy,3101,0,2.847,
7113.3,heavy,3102,1,1.055,
7116.7,heavy,3103,0,4.022,
7120.0,heavy,3101,1,3.588,
7123.3,heavy,3102,1,1.220,
7126.7,heavy,3103,0,4.939,
7130.0,heavy,3101,0,4.423,
7133.3,heavy,3102,0,1.949,
7136.7,heavy,3103,0,2.713,
7140.0,heavy,3101,0,2.983,
7143.3,heavy,3102,1,1.191,
7146.7,heavy,3103,0,3.312,
7150.0,heavy,3101,0,2.942,
7153.3,heavy,3102,0,1.191,
7156.7,heavy,3103,1,3.163,
7160.0,heavy,3101,0,3.414,
7163.3,heavy,3102,1,1.578,
7166.7,heavy,3103,0,2.766,
7170.0,heavy,3101,0,4.058,
7173.3,heavy,3102,1,1.267,
7176.7,heavy,3103,0,2.748,
7180.0,heavy,3101,0,3.728,
7183.3,heavy,3102,1,1.081,
7186.7,heavy,3103,0,4.246,
7190.0,heavy,3101,0,3.575,
7193.3,heavy,3102,1,1.357,
7196.7,heavy,3103,0,2.857,
7200.0,heavy,3101,0,5.426,
7200.0,light-2,3103,1,1.275,
7200.0,light-4,3102,1,2.828,
7200.0,light-5,3103,1,4.882,
7200.0,light-1,3102,1,5.793,
7200.0,light-3,3101,1,7.216,
7203.3,heavy,3101,0,5.156,
7206.7,heavy,3102,1,0.856,
7210.0,heavy,3103,1,4.303,
7213.3,heavy,3101,0,3.866,
7216.7,heavy,3102,1,1.254,
7220.0,heavy,3103,0,5.121,
7223.3,heavy,3101,0,4.433,
7226.7,heavy,3102,0,1.643,
7230.0,heavy,3103,0,2.731,
7233.3,heavy,3101,0,3.363,
7236.7,heavy,3102,1,1.269,
7240.0,heavy,3103,0,3.722,
7243.3,heavy,3101,1,3.078,
7246.7,heavy,3102,0,0.952,
7250.0,heavy,3103,1,3.129,
7253.3,heavy,3101,0,3.432,
7256.7,heavy,3102,0,1.058,
7260.0,heavy,3103,0,3.555,
7263.3,heavy,3101,1,3.731,
7266.7,heavy,3102,0,0.996,
7270.0,heavy,3103,0,3.091,
7273.3,heavy,3101,1,3.042,
7276.7,heavy,3102,0,1.043,
7280.0,heavy,3103,0,3.365,
7283.3,heavy,3101,0,2.626,
7286.7,heavy,3102,1,0.917,
7290.0,heavy,3103,0,2.564,
7293.3,heavy,3101,1,5.747,
7296.7,heavy,3102,1,1.412,
7300.0,heavy,3103,0,4.898,
7300.0,light-2,3103,1,2.412,
7300.0,light-4,3102,1,2.712,
7300.0,light-1,3102,1,5.574,
7300.0,light-5,3103,1,6.463,
7300.0,light-3,3101,1,8.130,
7303.3,heavy,3101,0,7.581,
7306.7,heavy,3101,0,6.001,
7310.0,heavy,3102,0,0.762,
7313.3,heavy,3103,0,4.131,
7316.7,heavy,3101,1,3.406,
7320.0,heavy,3102,0,0.845,
7323.3,heavy,3103,1,3.074,
7326.7,heavy,3101,0,3.115,
7330.0,heavy,3102,1,1.228,
7333.3,heavy,3103,0,3.118,
7336.7,heavy,3101,0,2.920,
7340.0,heavy,3102,0,0.995,
7343.3,heavy,3103,0,3.248,
7346.7,heavy,3101,0,3.914,
7350.0,heavy,3102,1,1.385,
7353.3,heavy,3103,1,3.348,
7356.7,heavy,3101,0,2.682,
7360.0,heavy,3102,1,1.284,
7363.3,heavy,3103,0,2.867,
7366.7,heavy,3101,0,2.791,
7370.0,heavy,3102,0,0.900,
7373.3,heavy,3103,0,3.232,
7376.7,heavy,3101,0,3.543,
7380.0,heavy,3102,1,1.311,
7383.3,heavy,3103,1,2.436,
7386.7,heavy,3101,0,2.451,
7390.0,heavy,3102,1,1.365,
7393.3,heavy,3103,0,2.681,
7396.7,heavy,3101,0,4.298,
7400.0,heavy,3102,0,1.274,
7400.0,light-5,3101,1,1.666,
7400.0,light-2,3101,1,3.478,
7400.0,light-1,3103,1,3.700,
7400.0,light-4,3103,1,4.255,
7400.0,light-3,3102,1,4.800,
7403.3,heavy,3102,1,1.109,
7406.7,heavy,3103,0,2.356,
7410.0,heavy,3101,0,2.686,
7413.3,heavy,3102,1,1.046,
7416.7,heavy,3103,0,4.219,
7420.0,heavy,3101,0,3.395,
7423.3,heavy,3102,1,1.522,
7426.7,heavy,3103,0,4.395,
7430.0,heavy,3101,0,2.626,
7433.3,heavy,3102,0,0.947,
7436.7,heavy,3103,1,3.426,
7440.0,heavy,3101,1,3.690,
7443.3,heavy,3102,0,0.961,
7446.7,heavy,3103,0,3.054,
7450.0,heavy,3101,0,3.104,
7453.3,heavy,3102,1,1.171,
7456.7,heavy,3103,0,3.354,
7460.0,heavy,3101,0,2.817,
7463.3,heavy,3102,1,1.105,
7466.7,heavy,3103,0,3.196,
7470.0,heavy,3101,0,3.451,
7473.3,heavy,3102,1,1.345,
7476.7,heavy,3103,0,3.041,
7480.0,heavy,3101,0,3.092,
7483.3,heavy,3102,0,1.057,
7486.7,heavy,3103,1,2.947,
7490.0,heavy,3101,0,2.724,
7493.3,heavy,3102,1,1.073,
7496.7,heavy,3103,0,6.237,
7500.0,heavy,3101,0,5.370,
7500.0,light-5,3101,1,3.556,
7500.0,light-3,3102,1,5.893,
7500.0,light-2,3101,1,6.648,
7500.0,light-1,3103,1,6.861,
7500.0,light-4,3103,1,7.261,
7503.3,heavy,3102,1,2.512,
7506.7,heavy,3102,0,1.673,
7510.0,heavy,3103,0,4.885,
7513.3,heavy,3101,1,3.202,
7516.7,heavy,3102,0,1.223,
7520.0,heavy,3103,0,2.971,
7523.3,heavy,3101,1,3.305,
7526.7,heavy,3102,0,0.975,
7530.0,heavy,3103,0,3.132,
7533.3,heavy,3101,0,3.270,
7536.7,heavy,3102,1,1.126,
7540.0,heavy,3103,0,2.850,
7543.3,heavy,3101,0,2.903,
7546.7,heavy,3102,1,1.274,
7550.0,heavy,3103,0,3.048,
7553.3,heavy,3101,1,2.584,
7556.7,heavy,3102,0,0.743,
7560.0,heavy,3103,0,3.157,
7563.3,heavy,3101,0,3.365,
7566.7,heavy,3102,1,1.382,
7570.0,heavy,3103,0,2.801,
7573.3,heavy,3101,1,3.611,
7576.7,heavy,3102,1,1.092,
7580.0,heavy,3103,0,3.501,
7583.3,heavy,3101,0,3.024,
7586.7,heavy,3102,1,1.781,
7590.0,heavy,3103,0,5.103,
7593.3,heavy,3101,0,5.209,
7596.7,heavy,3102,0,2.478,
7600.0,heavy,3103,1,6.973,
7600.0,light-1,3101,1,1.175,
7600.0,light-3,3103,1,2.447,
7600.0,light-4,3101,1,5.815,
7600.0,light-2,3102,1,6.576,
7600.0,light-5,3102,1,6.773,
7603.3,heavy,3103,0,6.222,
7606.7,heavy,3101,0,3.022,
7610.0,heavy,3102,1,1.547,
7613.3,heavy,3103,0,3.092,
7616.7,heavy,3101,0,3.294,
7620.0,heavy,3102,0,0.831,
7623.3,heavy,3103,1,3.381,
7626.7,heavy,3101,0,3.610,
7630.0,heavy,3102,0,0.939,
7633.3,heavy,3103,1,4.609,
7636.7,heavy,3101,0,3.717,
7640.0,heavy,3102,1,1.288,
7643.3,heavy,3103,0,4.644,
7646.7,heavy,3101,0,3.222,
7650.0,heavy,3102,0,0.988,
7653.3,heavy,3103,1,3.552,
7656.7,heavy,3101,0,3.882,
7660.0,heavy,3102,0,0.857,
7663.3,heavy,3103,1,5.574,
7666.7,heavy,3101,0,2.841,
7670.0,heavy,3102,0,1.234,
7673.3,heavy,3103,1,3.456,
7676.7,heavy,3101,0,3.051,
7680.0,heavy,3102,0,1.091,
7683.3,heavy,3103,0,3.115,
7686.7,heavy,3101,0,3.336,
7690.0,heavy,3102,1,1.169,
7693.3,heavy,3103,1,3.201,
7696.7,heavy,3101,0,2.906,
7700.0,heavy,3102,0,1.243,
7700.0,light-5,3101,1,2.571,
7700.0,light-2,3101,1,4.311,
7700.0,light-1,3103,1,4.833,
7700.0,light-3,3102,1,4.881,
7700.0,light-4,3103,1,5.114,
7703.3,heavy,3102,1,0.970,
7706.7,heavy,3103,0,4.551,
7710.0,heavy,3101,0,4.057,
7713.3,heavy,3102,1,1.561,
7716.7,heavy,3103,0,5.291,
7720.0,heavy,3101,0,4.693,
7723.3,heavy,3102,1,1.281,
7726.7,heavy,3103,0,3.219,
7730.0,heavy,3101,0,3.102,
7733.3,heavy,3102,0,1.166,
7736.7,heavy,3103,1,3.363,
7740.0,heavy,3101,0,3.117,
7743.3,heavy,3102,1,1.094,
7746.7,heavy,3103,1,2.708,
7750.0,heavy,3101,0,2.680,
7753.3,heavy,3102,0,0.882,
7756.7,heavy,3103,0,2.761,
7760.0,heavy,3101,0,2.614,
7763.3,heavy,3102,0,0.905,
7766.7,heavy,3103,1,2.694,
7770.0,heavy,3101,0,3.799,
7773.3,heavy,3102,1,1.354,
7776.7,heavy,3103,0,3.050,
7780.0,heavy,3101,0,2.663,
7783.3,heavy,3102,0,0.882,
7786.7,heavy,3103,1,2.430,
7790.0,heavy,3101,0,2.407,
7793.3,heavy,3102,0,0.948,
7796.7,heavy,3103,1,5.731,
7800.0,heavy,3101,1,4.911,
7800.0,light-2,3103,1,2.282,
7800.0,light-4,3102,1,2.690,
7800.0,light-3,3101,1,6.261,
7800.0,light-5,3103,1,8.449,
7800.0,light-1,3102,1,9.082,
7803.3,heavy,3101,0,3.276,
7806.7,heavy,3102,0,0.916,
7810.0,heavy,3103,0,2.476,
7813.3,heavy,3101,1,2.896,
7816.7,heavy,3102,0,0.883,
7820.0,heavy,3103,1,3.697,
7823.3,heavy,3101,0,4.040,
7826.7,heavy,3102,1,1.275,
7830.0,heavy,3103,0,4.096,
7833.3,heavy,3101,0,4.455,
7836.7,heavy,3102,0,0.823,
7840.0,heavy,3103,0,4.128,
7843.3,heavy,3101,0,3.291,
7846.7,heavy,3102,1,1.158,
7850.0,heavy,3103,0,4.602,
7853.3,heavy,3101,1,3.066,
7856.7,heavy,3102,0,1.047,
7860.0,heavy,3103,1,2.945,
7863.3,heavy,3101,0,3.196,
7866.7,heavy,3102,0,0.963,
7870.0,heavy,3103,0,4.698,
7873.3,heavy,3101,0,3.821,
7876.7,heavy,3102,1,1.869,
7880.0,heavy,3103,0,5.026,
7883.3,heavy,3101,1,2.882,
7886.7,heavy,3102,0,0.955,
7890.0,heavy,3103,1,3.457,
7893.3,heavy,3101,0,3.705,
7896.7,heavy,3102,0,0.879,
7900.0,heavy,3103,1,5.418,
7900.0,light-1,3101,1,1.341,
7900.0,light-3,3103,1,2.514,
7900.0,light-4,3101,1,5.375,
7900.0,light-2,3102,1,5.609,
7900.0,light-5,3102,1,7.171,
7903.3,heavy,3103,0,4.514,
7906.7,heavy,3101,0,2.872,
7910.0,heavy,3102,0,1.149,
7913.3,heavy,3103,0,4.024,
7916.7,heavy,3101,1,4.305,
7920.0,heavy,3102,1,1.766,
7923.3,heavy,3103,0,4.466,
7926.7,heavy,3101,0,4.613,
7930.0,heavy,3102,0,1.082,
7933.3,heavy,3103,1,4.448,
7936.7,heavy,3101,0,3.641,
7940.0,heavy,3102,1,1.262,
7943.3,heavy,3103,0,4.007,
7946.7,heavy,3101,0,2.531,
7950.0,heavy,3102,0,0.903,
7953.3,heavy,3103,1,3.118,
7956.7,heavy,3101,0,3.376,
7960.0,heavy,3102,0,1.052,
7963.3,heavy,3103,0,3.856,
7966.7,heavy,3101,1,2.919,
7970.0,heavy,3102,1,1.164,
7973.3,heavy,3103,0,3.119,
7976.7,heavy,3101,0,2.890,
7980.0,heavy,3102,1,1.298,
7983.3,heavy,3103,0,3.287,
7986.7,heavy,3101,0,3.370,
7990.0,heavy,3102,0,1.155,
7993.3,heavy,3103,1,5.846,
7996.7,heavy,3101,0,6.133,
8000.0,heavy,3102,1,1.476,
8000.0,light-1,3101,1,2.441,
8000.0,light-3,3103,1,3.029,
8000.0,light-2,3102,1,6.605,
8000.0,light-4,3101,1,6.880,
8000.0,light-5,3102,1,8.279,
8003.3,heavy,3103,0,6.883,
8006.7,heavy,3103,0,5.718,
8010.0,heavy,3101,0,3.567,
8013.3,heavy,3102,0,0.987,
8016.7,heavy,3103,1,3.509,
8020.0,heavy,3101,0,2.968,
8023.3,heavy,3102,1,0.926,
8026.7,heavy,3103,0,3.384,
8030.0,heavy,3101,0,3.658,
8033.3,heavy,3102,1,1.309,
8036.7,heavy,3103,0,3.045,
8040.0,heavy,3101,0,3.078,
8043.3,heavy,3102,1,1.598,
8046.7,heavy,3103,0,3.735,
8050.0,heavy,3101,1,3.119,
8053.3,heavy,3102,0,1.242,
8056.7,heavy,3103,0,3.308,
8060.0,heavy,3101,0,3.656,
8063.3,heavy,3102,1,1.336,
8066.7,heavy,3103,0,4.478,
8070.0,heavy,3101,0,3.664,
8073.3,heavy,3102,1,1.133,
8076.7,heavy,3103,0,4.489,
8080.0,heavy,3101,0,4.308,
8083.3,heavy,3102,1,1.017,
8086.7,heavy,3103,0,3.632,
8090.0,heavy,3101,0,3.159,
8093.3,heavy,3102,1,1.175,
8096.7,heavy,3103,0,3.862,
8100.0,heavy,3101,0,4.861,
8100.0,light-2,3103,1,1.122,
8100.0,light-4,3102,1,2.291,
8100.0,light-1,3102,1,4.420,
8100.0,light-5,3103,1,4.722,
8100.0,light-3,3101,1,6.783,
8103.3,heavy,3101,1,5.247,
8106.7,heavy,3102,0,1.027,
8110.0,heavy,3103,0,3.143,
8113.3,heavy,3101,1,2.761,
8116.7,heavy,3102,0,0.979,
8120.0,heavy,3103,0,4.352,
8123.3,heavy,3101,0,3.541,
8126.7,heavy,3102,1,1.284,
8130.0,heavy,3103,0,2.741,
8133.3,heavy,3101,1,3.660,
8136.7,heavy,3102,0,1.018,
8140.0,heavy,3103,1,3.005,
8143.3,heavy,3101,0,3.156,
8146.7,heavy,3102,0,0.795,
8150.0,heavy,3103,0,2.392,
8153.3,heavy,3101,0,2.761,
8156.7,heavy,3102,1,0.994,
8160.0,heavy,3103,0,3.536,
8163.3,heavy,3101,1,3.027,
8166.7,heavy,3102,0,1.200,
8170.0,heavy,3103,0,3.410,
8173.3,heavy,3101,1,2.822,
8176.7,heavy,3102,0,0.621,
8180.0,heavy,3103,0,3.976,
8183.3,heavy,3101,0,3.127,
8186.7,heavy,3102,1,1.163,
8190.0,heavy,3103,0,4.519,
8193.3,heavy,3101,1,3.124,
8196.7,heavy,3102,1,1.728,
8200.0,heavy,3103,0,5.210,
8200.0,light-2,3103,1,2.889,
8200.0,light-4,3102,1,3.092,
8200.0,light-1,3102,1,5.981,
8200.0,light-3,3101,1,6.921,
8200.0,light-5,3103,1,7.077,
8203.3,heavy,3101,0,5.859,
8206.7,heavy,3101,0,6.504,
8210.0,heavy,3102,0,1.329,
8213.3,heavy,3103,1,2.583,
8216.7,heavy,3101,0,3.425,
8220.0,heavy,3102,0,1.440,
8223.3,heavy,3103,1,3.389,
8226.7,heavy,3101,0,3.190,
8230.0,heavy,3102,0,0.802,
8233.3,heavy,3103,1,3.275,
8236.7,heavy,3101,0,3.478,
8240.0,heavy,3102,0,0.715,
8243.3,heavy,3103,1,3.952,
8246.7,heavy,3101,0,3.224,
8250.0,heavy,3102,1,1.210,
8253.3,heavy,3103,0,3.048,
8256.7,heavy,3101,0,3.361,
8260.0,heavy,3102,0,1.272,
8263.3,heavy,3103,0,4.385,
8266.7,heavy,3101,1,3.374,
8270.0,heavy,3102,0,1.293,
8273.3,heavy,3103,1,3.519,
8276.7,heavy,3101,0,3.833,
8280.0,heavy,3102,1,1.284,
8283.3,heavy,3103,0,3.868,
8286.7,heavy,3101,0,2.738,
8290.0,heavy,3102,1,1.334,
8293.3,heavy,3103,0,4.454,
8296.7,heavy,3101,0,4.158,
8300.0,heavy,3102,0,1.381,
8300.0,light-5,3101,1,2.132,
8300.0,light-2,3101,1,4.510,
8300.0,light-4,3103,1,4.978,
8300.0,light-3,3102,1,5.170,
8300.0,light-1,3103,1,6.453,
8303.3,heavy,3102,0,0.923,
8306.7,heavy,3103,1,3.419,
8310.0,heavy,3101,0,3.242,
8313.3,heavy,3102,1,1.045,
8316.7,heavy,3103,0,3.413,
8320.0,heavy,3101,0,3.676,
8323.3,heavy,3102,1,1.097,
8326.7,heavy,3103,0,3.756,
8330.0,heavy,3101,0,4.485,
8333.3,heavy,3102,1,0.815,
8336.7,heavy,3103,0,3.912,
8340.0,heavy,3101,0,3.122,
8343.3,heavy,3102,1,1.200,
8346.7,heavy,3103,0,3.197,
8350.0,heavy,3101,0,2.493,
8353.3,heavy,3102,1,1.556,
8356.7,heavy,3103,1,3.465,
8360.0,heavy,3101,0,3.213,
8363.3,heavy,3102,0,0.904,
8366.7,heavy,3103,0,4.746,
8370.0,heavy,3101,0,4.054,
8373.3,heavy,3102,1,1.418,
8376.7,heavy,3103,0,5.975,
8380.0,heavy,3101,0,3.413,
8383.3,heavy,3102,0,1.039,
8386.7,heavy,3103,1,4.731,
8390.0,heavy,3101,1,5.012,
8393.3,heavy,3102,0,1.114,
8396.7,heavy,3103,0,2.758,
8400.0,heavy,3101,0,5.936,
8400.0,light-2,3103,1,1.457,
8400.0,light-4,3102,1,2.930,
8400.0,light-1,3102,1,6.079,
8400.0,light-5,3103,1,6.046,
8400.0,light-3,3101,1,7.812,
8403.3,heavy,3101,1,16.296,
8406.7,heavy,3102,0,1.900,
8410.0,heavy,3103,0,4.963,
8413.3,heavy,3101,0,4.181,
8416.7,heavy,3102,1,1.346,
8420.0,heavy,3103,0,4.362,
8423.3,heavy,3101,1,3.936,
8426.7,heavy,3102,0,1.435,
8430.0,heavy,3103,0,5.019,
8433.3,heavy,3101,0,3.594,
8436.7,heavy,3102,1,1.728,
8440.0,heavy,3103,0,3.670,
8443.3,heavy,3101,1,3.341,
8446.7,heavy,3102,0,1.349,
8450.0,heavy,3103,1,4.051,
8453.3,heavy,3101,0,4.432,
8456.7,heavy,3102,0,1.781,
8460.0,heavy,3103,0,3.773,
8463.3,heavy,3101,1,2.982,
8466.7,heavy,3102,0,0.777,
8470.0,heavy,3103,1,4.063,
8473.3,heavy,3101,0,3.972,
8476.7,heavy,3102,1,1.209,
8480.0,heavy,3103,0,4.397,
8483.3,heavy,3101,0,4.472,
8486.7,heavy,3102,0,1.584,
8490.0,heavy,3103,1,6.240,
8493.3,heavy,3101,0,5.197,
8496.7,heavy,3102,1,1.300,
8500.0,heavy,3103,0,6.208,
8500.0,light-1,3101,1,2.463,
8500.0,light-3,3103,1,3.389,
8500.0,light-2,3102,1,5.597,
8500.0,light-4,3101,1,5.966,
8500.0,light-5,3102,1,6.339,
8503.3,heavy,3103,0,5.219,
8506.7,heavy,3101,0,3.086,
8510.0,heavy,3102,1,1.416,
8513.3,heavy,3103,0,2.990,
8516.7,heavy,3101,0,3.337,
8520.0,heavy,3102,0,1.025,
8523.3,heavy,3103,0,11.093,
8526.7,heavy,3101,1,3.325,
8530.0,heavy,3102,1,1.268,
8533.3,heavy,3103,0,10.376,
8536.7,heavy,3101,0,3.022,
8540.0,heavy,3102,1,1.342,
8543.3,heavy,3103,0,3.208,
8546.7,heavy,3101,0,2.889,
8550.0,heavy,3102,1,1.368,
8553.3,heavy,3103,0,3.443,
8556.7,heavy,3101,0,2.964,
8560.0,heavy,3102,1,1.213,
8563.3,heavy,3103,0,3.604,
8566.7,heavy,3101,0,2.136,
8570.0,heavy,3102,1,1.360,
8573.3,heavy,3103,0,2.622,
8576.7,heavy,3101,0,3.486,
8580.0,heavy,3102,0,1.169,
8583.3,heavy,3103,1,3.098,
8586.7,heavy,3101,0,2.984,
8590.0,heavy,3102,1,1.394,
8593.3,heavy,3103,0,3.178,
8596.7,heavy,3101,0,3.280,
8600.0,heavy,3102,0,1.456,
8600.0,light-5,3101,1,2.570,
8600.0,light-1,3103,1,4.193,
8600.0,light-2,3101,1,4.290,
8600.0,light-3,3102,1,4.489,
8600.0,light-4,3103,1,4.748,
8603.3,heavy,3102,1,1.088,
8606.7,heavy,3103,0,2.797,
8610.0,heavy,3101,0,4.260,
8613.3,heavy,3102,1,1.388,
8616.7,heavy,3103,0,3.723,
8620.0,heavy,3101,0,4.374,
8623.3,heavy,3102,1,1.727,
8626.7,heavy,3103,0,2.934,
8630.0,heavy,3101,0,4.221,
8633.3,heavy,3102,1,1.187,
8636.7,heavy,3103,0,3.223,
8640.0,heavy,3101,0,4.536,
8643.3,heavy,3102,1,1.152,
8646.7,heavy,3103,0,4.925,
8650.0,heavy,3101,0,5.381,
8653.3,heavy,3102,1,1.267,
8656.7,heavy,3103,0,4.176,
8660.0,heavy,3101,0,2.886,
8663.3,heavy,3102,1,0.771,
8666.7,heavy,3103,1,3.510,
8670.0,heavy,3101,0,3.678,
8673.3,heavy,3102,0,0.793,
8676.7,heavy,3103,0,2.723,
8680.0,heavy,3101,0,3.005,
8683.3,heavy,3102,1,1.231,
8686.7,heavy,3103,0,3.261,
8690.0,heavy,3101,0,3.044,
8693.3,heavy,3102,1,1.113,
8696.7,heavy,3103,0,6.313,
8700.0,heavy,3101,0,5.021,
8700.0,light-5,3101,1,3.671,
8700.0,light-3,3102,1,5.715,
8700.0,light-2,3101,1,5.988,
8700.0,light-1,3103,1,6.685,
8700.0,light-4,3103,1,7.850,
8703.3,heavy,3102,1,1.543,
8706.7,heavy,3102,0,1.318,
8710.0,heavy,3103,0,3.073,
8713.3,heavy,3101,1,2.861,
8716.7,heavy,3102,0,1.244,
8720.0,heavy,3103,0,4.589,
8723.3,heavy,3101,1,3.749,
8726.7,heavy,3102,1,1.257,
8730.0,heavy,3103,0,4.577,
8733.3,heavy,3101,0,4.379,
8736.7,heavy,3102,0,1.018,
8740.0,heavy,3103,0,3.867,
8743.3,heavy,3101,0,3.385,
8746.7,heavy,3102,1,1.366,
8750.0,heavy,3103,0,3.005,
8753.3,heavy,3101,1,2.726,
8756.7,heavy,3102,0,0.871,
8760.0,heavy,3103,1,3.476,
8763.3,heavy,3101,0,3.846,
8766.7,heavy,3102,0,0.939,
8770.0,heavy,3103,0,3.661,
8773.3,heavy,3101,0,2.753,
8776.7,heavy,3102,1,1.147,
8780.0,heavy,3103,0,4.152,
8783.3,heavy,3101,1,2.906,
8786.7,heavy,3102,0,1.182,
8790.0,heavy,3103,1,3.321,
8793.3,heavy,3101,0,3.593,
8796.7,heavy,3102,0,0.906,
8800.0,heavy,3103,1,6.799,
8800.0,light-1,3101,1,2.322,
8800.0,light-3,3103,1,3.670,
8800.0,light-4,3101,1,6.451,
8800.0,light-5,3102,1,7.869,
8800.0,light-2,3102,1,10.775,
8803.3,heavy,3101,0,5.987,
8806.7,heavy,3102,1,1.387,
8810.0,heavy,3103,0,7.442,
8813.3,heavy,3103,0,8.583,
8816.7,heavy,3101,0,4.379,
8820.0,heavy,3102,0,1.020,
8823.3,heavy,3103,1,3.293,
8826.7,heavy,3101,0,3.079,
8830.0,heavy,3102,0,0.979,
8833.3,heavy,3103,1,2.534,
8836.7,heavy,3101,0,3.560,
8840.0,heavy,3102,0,1.247,
8843.3,heavy,3103,1,3.067,
8846.7,heavy,3101,0,2.882,
8850.0,heavy,3102,1,1.518,
8853.3,heavy,3103,0,3.495,
8856.7,heavy,3101,0,3.962,
8860.0,heavy,3102,0,0.999,
8863.3,heavy,3103,0,3.799,
8866.7,heavy,3101,1,3.008,
8870.0,heavy,3102,1,1.110,
8873.3,heavy,3103,0,4.888,
8876.7,heavy,3101,0,3.347,
8880.0,heavy,3102,0,0.966,
8883.3,heavy,3103,1,3.125,
8886.7,heavy,3101,0,3.272,
8890.0,heavy,3102,0,0.785,
8893.3,heavy,3103,0,5.720,
8896.7,heavy,3101,1,4.926,
8900.0,heavy,3102,1,1.601,
8900.0,light-1,3101,1,2.498,
8900.0,light-3,3103,1,3.262,
8900.0,light-5,3102,1,5.352,
8900.0,light-4,3101,1,5.545,
8900.0,light-2,3102,1,6.842,
8903.3,heavy,3103,0,6.222,
8906.7,heavy,3103,0,6.019,
8910.0,heavy,3101,0,3.320,
8913.3,heavy,3102,0,1.117,
8916.7,heavy,3103,0,4.140,
8920.0,heavy,3101,1,3.299,
8923.3,heavy,3102,1,1.014,
8926.7,heavy,3103,0,4.245,
8930.0,heavy,3101,0,3.429,
8933.3,heavy,3102,1,1.302,
8936.7,heavy,3103,0,2.725,
8940.0,heavy,3101,0,2.673,
8943.3,heavy,3102,1,1.422,
8946.7,heavy,3103,0,3.906,
8950.0,heavy,3101,0,3.420,
8953.3,heavy,3102,1,0.805,
8956.7,heavy,3103,0,3.794,
8960.0,heavy,3101,0,4.793,
8963.3,heavy,3102,1,1.191,
8966.7,heavy,3103,0,4.948,
8970.0,heavy,3101,0,3.913,
8973.3,heavy,3102,1,1.155,
8976.7,heavy,3103,0,3.081,
8980.0,heavy,3101,1,3.794,
8983.3,heavy,3102,0,1.364,
8986.7,heavy,3103,0,3.085,
8990.0,heavy,3101,0,2.729,
8993.3,heavy,3102,1,1.228,
8996.7,heavy,3103,0,2.713,
9000.0,heavy,3101,0,5.335,
9000.0,light-2,3103,1,1.215,
9000.0,light-4,3102,1,2.444,
9000.0,light-1,3102,1,5.058,
9000.0,light-5,3103,1,5.615,
9000.0,light-3,3101,1,6.649,
9003.3,heavy,3101,0,4.909,
9006.7,heavy,3102,1,1.227,
9010.0,heavy,3103,1,3.275,
9013.3,heavy,3101,0,3.565,
9016.7,heavy,3102,0,0.921,
9020.0,heavy,3103,0,4.660,
9023.3,heavy,3101,0,3.605,
9026.7,heavy,3102,1,1.228,
9030.0,heavy,3103,0,3.584,
9033.3,heavy,3101,1,2.712,
9036.7,heavy,3102,1,1.487,
9040.0,heavy,3103,0,2.996,
9043.3,heavy,3101,0,3.384,
9046.7,heavy,3102,0,0.722,
9050.0,heavy,3103,0,4.248,
9053.3,heavy,3101,0,3.379,
9056.7,heavy,3102,1,1.592,
9060.0,heavy,3103,0,4.365,
9063.3,heavy,3101,1,2.810,
9066.7,heavy,3102,0,1.032,
9070.0,heavy,3103,0,3.676,
9073.3,heavy,3101,1,2.953,
9076.7,heavy,3102,0,0.938,
9080.0,heavy,3103,0,3.807,
9083.3,heavy,3101,0,2.852,
9086.7,heavy,3102,1,1.185,
9090.0,heavy,3103,1,4.145,
9093.3,heavy,3101,0,2.460,
9096.7,heavy,3102,0,0.952,
9100.0,heavy,3103,0,5.619,
9100.0,light-5,3101,1,3.119,
9100.0,light-3,3102,1,5.455,
9100.0,light-2,3101,1,5.642,
9100.0,light-1,3103,1,5.810,
9100.0,light-4,3103,1,7.130,
9103.3,heavy,3101,0,4.435,
9106.7,heavy,3102,1,1.436,
9110.0,heavy,3102,0,1.229,
9113.3,heavy,3103,1,2.773,
9116.7,heavy,3101,0,2.786,
9120.0,heavy,3102,0,1.273,
9123.3,heavy,3103,0,3.838,
9126.7,heavy,3101,1,4.064,
9130.0,heavy,3102,1,1.218,
9133.3,heavy,3103,0,4.096,
9136.7,heavy,3101,0,4.174,
9140.0,heavy,3102,0,0.817,
9143.3,heavy,3103,1,3.906,
9146.7,heavy,3101,0,3.425,
9150.0,heavy,3102,1,1.344,
9153.3,heavy,3103,0,2.740,
9156.7,heavy,3101,0,2.901,
9160.0,heavy,3102,0,0.994,
9163.3,heavy,3103,0,3.379,
9166.7,heavy,3101,1,2.673,
9170.0,heavy,3102,0,0.831,
9173.3,heavy,3103,1,4.165,
9176.7,heavy,3101,0,3.344,
9180.0,heavy,3102,1,1.121,
9183.3,heavy,3103,0,4.237,
9186.7,heavy,3101,0,2.836,
9190.0,heavy,3102,0,0.877,
9193.3,heavy,3103,0,6.328,
9196.7,heavy,3101,0,5.054,
9200.0,heavy,3102,1,1.359,
9200.0,light-5,3101,1,3.448,
9200.0,light-2,3101,1,5.696,
9200.0,light-3,3102,1,5.953,
9200.0,light-1,3103,1,6.555,
9200.0,light-4,3103,1,6.982,
9203.3,heavy,3102,1,1.489,
9206.7,heavy,3103,0,3.536,
9210.0,heavy,3101,0,2.749,
9213.3,heavy,3102,1,1.162,
9216.7,heavy,3103,0,4.052,
9220.0,heavy,3101,0,3.204,
9223.3,heavy,3102,1,1.117,
9226.7,heavy,3103,1,4.239,
9230.0,heavy,3101,0,4.324,
9233.3,heavy,3102,0,0.937,
9236.7,heavy,3103,0,2.635,
9240.0,heavy,3101,0,2.971,
9243.3,heavy,3102,1,1.176,
9246.7,heavy,3103,0,3.183,
9250.0,heavy,3101,0,2.604,
9253.3,heavy,3102,1,1.261,
9256.7,heavy,3103,1,2.742,
9260.0,heavy,3101,0,2.896,
9263.3,heavy,3102,0,0.822,
9266.7,heavy,3103,0,3.670,
9270.0,heavy,3101,0,2.816,
9273.3,heavy,3102,1,1.107,
9276.7,heavy,3103,0,3.841,
9280.0,heavy,3101,0,2.602,
9283.3,heavy,3102,1,0.943,
9286.7,heavy,3103,0,3.030,
9290.0,heavy,3101,0,4.175,
9293.3,heavy,3102,1,1.370,
9296.7,heavy,3103,0,3.114,
9300.0,heavy,3101,0,4.576,
9300.0,light-2,3103,1,1.457,
9300.0,light-4,3102,1,2.360,
9300.0,light-1,3102,1,4.218,
9300.0,light-5,3103,1,4.753,
9300.0,light-3,3101,1,4.967,
9303.3,heavy,3101,1,2.972,
9306.7,heavy,3102,0,0.951,
9310.0,heavy,3103,0,5.651,
9313.3,heavy,3101,1,4.730,
9316.7,heavy,3102,1,2.401,
9320.0,heavy,3103,0,6.375,
9323.3,heavy,3101,0,5.423,
9326.7,heavy,3102,0,2.002,
9330.0,heavy,3103,0,2.869,
9333.3,heavy,3101,1,2.848,
9336.7,heavy,3102,0,1.077,
9340.0,heavy,3103,0,4.243,
9343.3,heavy,3101,0,3.779,
9346.7,heavy,3102,1,1.235,
9350.0,heavy,3103,0,4.629,
9353.3,heavy,3101,0,4.264,
9356.7,heavy,3102,1,0.971,
9360.0,heavy,3103,0,4.438,
9363.3,heavy,3101,0,3.573,
9366.7,heavy,3102,1,1.267,
9370.0,heavy,3103,0,4.739,
9373.3,heavy,3101,1,3.466,
9376.7,heavy,3102,0,1.177,
9380.0,heavy,3103,1,3.258,
9383.3,heavy,3101,0,3.360,
9386.7,heavy,3102,0,0.667,
9390.0,heavy,3103,1,6.403,
9393.3,heavy,3101,0,5.531,
9396.7,heavy,3102,1,1.384,
9400.0,heavy,3103,0,6.449,
9400.0,light-1,3101,1,2.487,
9400.0,light-3,3103,1,3.398,
9400.0,light-2,3102,1,6.098,
9400.0,light-4,3101,1,6.166,
9400.0,light-5,3102,1,6.413,
9403.3,heavy,3103,0,5.593,
9406.7,heavy,3101,0,3.321,
9410.0,heavy,3102,0,1.015,
9413.3,heavy,3103,1,3.285,
9416.7,heavy,3101,0,3.485,
9420.0,heavy,3102,0,1.325,
9423.3,heavy,3103,0,3.912,
9426.7,heavy,3101,0,3.178,
9430.0,heavy,3102,1,1.371,
9433.3,heavy,3103,1,3.251,
9436.7,heavy,3101,0,3.188,
9440.0,heavy,3102,0,1.108,
9443.3,heavy,3103,1,3.086,
9446.7,heavy,3101,0,3.405,
9450.0,heavy,3102,0,0.899,
9453.3,heavy,3103,0,4.546,
9456.7,heavy,3101,1,3.273,
9460.0,heavy,3102,1,1.212,
9463.3,heavy,3103,0,4.374,
9466.7,heavy,3101,0,2.617,
9470.0,heavy,3102,1,1.351,
9473.3,heavy,3103,0,3.571,
9476.7,heavy,3101,0,3.066,
9480.0,heavy,3102,0,0.722,
9483.3,heavy,3103,0,3.997,
9486.7,heavy,3101,1,3.028,
9490.0,heavy,3102,1,1.143,
9493.3,heavy,3103,0,3.324,
9496.7,heavy,3101,0,2.707,
9500.0,heavy,3102,1,1.399,
9500.0,light-2,3103,1,2.244,
9500.0,light-4,3102,1,2.894,
9500.0,light-1,3102,1,4.192,
9500.0,light-3,3101,1,6.741,
9500.0,light-5,3103,1,6.794,
9503.3,heavy,3103,0,4.653,
9506.7,heavy,3101,0,5.498,
9510.0,heavy,3101,0,5.469,
9513.3,heavy,3102,1,1.136,
9516.7,heavy,3103,0,3.012,
9520.0,heavy,3101,0,3.216,
9523.3,heavy,3102,1,1.199,
9526.7,heavy,3103,0,3.136,
9530.0,heavy,3101,0,2.763,
9533.3,heavy,3102,1,1.256,
9536.7,heavy,3103,0,2.772,
9540.0,heavy,3101,0,3.232,
9543.3,heavy,3102,1,1.579,
9546.7,heavy,3103,0,2.924,
9550.0,heavy,3101,0,3.308,
9553.3,heavy,3102,1,1.350,
9556.7,heavy,3103,0,3.439,
9560.0,heavy,3101,0,3.535,
9563.3,heavy,3102,1,1.148,
9566.7,heavy,3103,0,3.219,
9570.0,heavy,3101,0,2.468,
9573.3,heavy,3102,1,1.367,
9576.7,heavy,3103,0,3.341,
9580.0,heavy,3101,0,3.094,
9583.3,heavy,3102,1,1.514,
9586.7,heavy,3103,0,3.432,
9590.0,heavy,3101,0,3.375,
9593.3,heavy,3102,1,1.458,
9596.7,heavy,3103,0,3.710,
9600.0,heavy,3101,1,4.340,
9600.0,light-2,3103,1,1.959,
9600.0,light-4,3102,1,2.418,
9600.0,light-1,3102,1,3.597,
9600.0,light-5,3103,1,5.277,
9600.0,light-3,3101,1,5.892,
9603.3,heavy,3101,0,4.049,
9606.7,heavy,3102,0,0.733,
9610.0,heavy,3103,0,3.838,
9613.3,heavy,3101,0,3.145,
9616.7,heavy,3102,1,1.364,
9620.0,heavy,3103,0,2.937,
9623.3,heavy,3101,1,2.892,
9626.7,heavy,3102,0,0.897,
9630.0,heavy,3103,1,3.021,
9633.3,heavy,3101,0,2.721,
9636.7,heavy,3102,0,0.959,
9640.0,heavy,3103,0,3.929,
9643.3,heavy,3101,0,3.159,
9646.7,heavy,3102,1,1.611,
9650.0,heavy,3103,0,2.779,
9653.3,heavy,3101,1,3.137,
9656.7,heavy,3102,0,1.278,
9660.0,heavy,3103,0,4.072,
9663.3,heavy,3101,1,3.273,
9666.7,heavy,3102,0,0.922,
9670.0,heavy,3103,0,4.216,
9673.3,heavy,3101,0,3.370,
9676.7,heavy,3102,1,1.386,
9680.0,heavy,3103,0,5.279,
9683.3,heavy,3101,1,3.645,
9686.7,heavy,3102,0,1.142,
9690.0,heavy,3103,0,4.242,
9693.3,heavy,3101,1,3.363,
9696.7,heavy,3102,0,0.966,
9700.0,heavy,3103,1,6.713,
9700.0,light-1,3101,1,2.704,
9700.0,light-3,3103,1,3.834,
9700.0,light-2,3102,1,6.413,
9700.0,light-4,3101,1,6.486,
9700.0,light-5,3102,1,7.142,
9703.3,heavy,3101,0,5.951,
9706.7,heavy,3102,1,1.639,
9710.0,heavy,3103,0,6.770,
9713.3,heavy,3103,0,6.016,
9716.7,heavy,3101,0,3.134,
9720.0,heavy,3102,1,1.717,
9723.3,heavy,3103,0,4.618,
9726.7,heavy,3101,0,3.895,
9730.0,heavy,3102,1,1.363,
9733.3,heavy,3103,0,5.168,
9736.7,heavy,3101,0,2.941,
9740.0,heavy,3102,0,1.288,
9743.3,heavy,3103,0,4.008,
9746.7,heavy,3101,1,3.134,
9750.0,heavy,3102,0,0.912,
9753.3,heavy,3103,1,2.810,
9756.7,heavy,3101,0,3.328,
9760.0,heavy,3102,0,0.843,
9763.3,heavy,3103,1,3.137,
9766.7,heavy,3101,0,2.905,
9770.0,heavy,3102,0,1.226,
9773.3,heavy,3103,0,3.508,
9776.7,heavy,3101,0,2.778,
9780.0,heavy,3102,1,1.249,
9783.3,heavy,3103,1,2.512,
9786.7,heavy,3101,0,4.033,
9790.0,heavy,3102,1,1.074,
9793.3,heavy,3103,0,3.472,
9796.7,heavy,3101,0,4.383,
9800.0,heavy,3102,0,1.406,
9800.0,light-5,3101,1,2.535,
9800.0,light-2,3101,1,4.474,
9800.0,light-1,3103,1,4.925,
9800.0,light-3,3102,1,4.997,
9800.0,light-4,3103,1,5.505,
9803.3,heavy,3102,1,1.409,
9806.7,heavy,3103,0,2.654,
9810.0,heavy,3101,0,3.100,
9813.3,heavy,3102,1,0.866,
9816.7,heavy,3103,0,4.223,
9820.0,heavy,3101,0,3.110,
9823.3,heavy,3102,1,1.252,
9826.7,heavy,3103,0,5.472,
9830.0,heavy,3101,0,2.644,
9833.3,heavy,3102,1,1.619,
9836.7,heavy,3103,1,3.116,
9840.0,heavy,3101,0,3.824,
9843.3,heavy,3102,0,1.465,
9846.7,heavy,3103,0,3.063,
9850.0,heavy,3101,0,3.423,
9853.3,heavy,3102,0,1.193,
9856.7,heavy,3103,1,2.805,
9860.0,heavy,3101,0,3.316,
9863.3,heavy,3102,1,0.993,
9866.7,heavy,3103,0,3.717,
9870.0,heavy,3101,0,4.247,
9873.3,heavy,3102,1,1.451,
9876.7,heavy,3103,0,3.755,
9880.0,heavy,3101,0,4.018,
9883.3,heavy,3102,1,1.299,
9886.7,heavy,3103,0,4.660,
9890.0,heavy,3101,0,4.008,
9893.3,heavy,3102,1,1.418,
9896.7,heavy,3103,0,3.994,
9900.0,light-2,3103,1,1.331,
9900.0,light-4,3102,1,2.948,
9900.0,light-1,3102,1,6.055,
9900.0,light-5,3103,1,6.696,
9900.0,light-3,3101,1,8.115,
9900.0,heavy,3101,0,6.858,
9903.3,heavy,3101,0,6.339,
9906.7,heavy,3102,1,1.002,
9910.0,heavy,3103,0,4.289,
9913.3,heavy,3101,1,4.612,
9916.7,heavy,3102,0,1.365,
9920.0,heavy,3103,1,10.558,
9923.3,heavy,3101,0,4.099,
9926.7,heavy,3102,0,1.240,
9930.0,heavy,3103,0,3.160,
9933.3,heavy,3101,1,3.638,
9936.7,heavy,3102,0,1.163,
9940.0,heavy,3103,0,4.554,
9943.3,heavy,3101,1,4.025,
9946.7,heavy,3102,1,1.291,
9950.0,heavy,3103,0,5.009,
9953.3,heavy,3101,0,3.540,
9956.7,heavy,3102,0,0.981,
9960.0,heavy,3103,0,3.270,
9963.3,heavy,3101,0,3.473,
9966.7,heavy,3102,1,1.289,
9970.0,heavy,3103,0,2.656,
9973.3,heavy,3101,1,3.191,
9976.7,heavy,3102,0,1.343,
9980.0,heavy,3103,1,2.716,
9983.3,heavy,3101,0,2.434,
9986.7,heavy,3102,1,1.381,
9990.0,heavy,3103,0,3.248,
9993.3,heavy,3101,0,4.433,
9996.7,heavy,3102,0,1.311,
10000.0,light-1,3101,1,1.080,
10000.0,light-3,3103,1,2.714,
10000.0,light-4,3101,1,4.901,
10000.0,light-2,3102,1,7.063,
10000.0,light-5,3102,1,7.734,
10000.0,heavy,3103,1,5.897,
10003.3,heavy,3103,0,6.604,
10006.7,heavy,3101,0,4.927,
10010.0,heavy,3102,0,1.050,
10013.3,heavy,3103,1,7.286,
10016.7,heavy,3101,1,6.123,
10020.0,heavy,3102,0,3.623,ECONNRESET
10023.3,heavy,3103,1,5.182,
10026.7,heavy,3101,1,4.030,
10030.0,heavy,3102,0,4.108,ECONNREFUSED
10033.3,heavy,3103,1,4.865,
10036.7,heavy,3101,1,4.064,
10040.0,heavy,3102,0,2.183,ECONNREFUSED
10043.3,heavy,3103,1,4.659,
10046.7,heavy,3101,1,3.628,
10050.0,heavy,3102,0,3.459,ECONNREFUSED
10053.3,heavy,3103,1,4.033,
10056.7,heavy,3101,1,3.885,
10060.0,heavy,3102,0,2.760,ECONNREFUSED
10063.3,heavy,3103,1,4.876,
10066.7,heavy,3101,1,3.912,
10070.0,heavy,3102,0,2.847,ECONNREFUSED
10073.3,heavy,3103,1,5.142,
10076.7,heavy,3101,1,3.563,
10080.0,heavy,3102,0,2.626,ECONNREFUSED
10083.3,heavy,3103,1,4.171,
10086.7,heavy,3101,1,3.556,
10090.0,heavy,3102,0,2.320,ECONNREFUSED
10093.3,heavy,3103,1,7.695,
10096.7,heavy,3101,1,7.003,
10100.0,light-1,3101,1,3.931,
10100.0,light-3,3103,1,4.759,
10100.0,light-2,3102,0,5.582,ECONNREFUSED
10100.0,light-5,3102,0,5.455,ECONNREFUSED
10100.0,light-4,3101,1,6.560,
10100.0,heavy,3102,0,5.671,ECONNREFUSED
10103.3,heavy,3103,1,7.741,
10106.7,heavy,3103,1,6.365,
10110.0,heavy,3101,1,5.900,
10113.3,heavy,3102,0,2.358,ECONNREFUSED
10116.7,heavy,3103,1,4.559,
10120.0,heavy,3101,1,4.861,
10123.3,heavy,3102,0,3.492,ECONNREFUSED
10126.7,heavy,3103,1,4.663,
10130.0,heavy,3101,1,4.019,
10133.3,heavy,3102,0,2.517,ECONNREFUSED
10136.7,heavy,3103,1,4.265,
10140.0,heavy,3101,1,4.218,
10143.3,heavy,3102,0,2.799,ECONNREFUSED
10146.7,heavy,3103,1,4.038,
10150.0,heavy,3101,1,3.897,
10153.3,heavy,3102,0,2.674,ECONNREFUSED
10156.7,heavy,3103,1,5.263,
10160.0,heavy,3101,1,4.322,
10163.3,heavy,3102,0,2.440,ECONNREFUSED
10166.7,heavy,3103,1,4.545,
10170.0,heavy,3101,1,4.176,
10173.3,heavy,3102,0,2.791,ECONNREFUSED
10176.7,heavy,3103,1,4.941,
10180.0,heavy,3101,1,4.652,
10183.3,heavy,3102,0,2.106,ECONNREFUSED
10186.7,heavy,3103,1,4.328,
10190.0,heavy,3101,1,4.521,
10193.3,heavy,3102,0,2.578,ECONNREFUSED
10196.7,heavy,3103,1,4.255,
10200.0,light-2,3103,1,2.762,
10200.0,light-1,3102,0,4.360,ECONNREFUSED
10200.0,light-4,3102,0,4.094,ECONNREFUSED
10200.0,light-5,3103,1,5.117,
10200.0,light-3,3101,1,6.246,
10200.0,heavy,3101,1,8.964,
10203.3,heavy,3101,1,8.294,
10206.7,heavy,3102,0,2.349,ECONNREFUSED
10210.0,heavy,3103,1,4.352,
10213.3,heavy,3101,1,4.387,
10216.7,heavy,3102,0,2.571,ECONNREFUSED
10220.0,heavy,3103,1,4.965,
10223.3,heavy,3101,1,4.087,
10226.7,heavy,3102,0,2.406,ECONNREFUSED
10230.0,heavy,3103,1,4.334,
10233.3,heavy,3101,1,5.152,
10236.7,heavy,3102,0,2.889,ECONNREFUSED
10240.0,heavy,3103,1,4.051,
10243.3,heavy,3101,1,4.390,
10246.7,heavy,3102,0,2.503,ECONNREFUSED
10250.0,heavy,3103,1,4.289,
10253.3,heavy,3101,1,4.708,
10256.7,heavy,3102,0,3.548,ECONNREFUSED
10260.0,heavy,3103,1,5.175,
10263.3,heavy,3101,1,5.181,
10266.7,heavy,3102,0,3.152,ECONNREFUSED
10270.0,heavy,3103,1,5.362,
10273.3,heavy,3101,1,4.806,
10276.7,heavy,3102,0,2.299,ECONNREFUSED
10280.0,heavy,3103,1,4.469,
10283.3,heavy,3101,1,4.752,
10286.7,heavy,3102,0,2.818,ECONNREFUSED
10290.0,heavy,3103,1,4.785,
10293.3,heavy,3101,1,4.671,
10296.7,heavy,3102,0,5.857,ECONNREFUSED
10300.0,light-1,3101,1,4.169,
10300.0,light-3,3103,1,4.154,
10300.0,light-2,3102,0,5.513,ECONNREFUSED
10300.0,light-5,3102,0,5.701,ECONNREFUSED
10300.0,light-4,3101,1,6.738,
10300.0,heavy,3103,1,5.965,
10303.3,heavy,3103,1,4.250,
10306.7,heavy,3101,1,4.295,
10310.0,heavy,3102,0,3.375,ECONNREFUSED
10313.3,heavy,3103,1,4.925,
10316.7,heavy,3101,1,4.437,
10320.0,heavy,3102,0,2.858,ECONNREFUSED
10323.3,heavy,3103,1,4.715,
10326.7,heavy,3101,1,4.327,
10330.0,heavy,3102,0,2.129,ECONNREFUSED
10333.3,heavy,3103,1,7.350,
10336.7,heavy,3101,1,4.758,
10340.0,heavy,3102,0,2.068,ECONNREFUSED
10343.3,heavy,3103,1,4.945,
10346.7,heavy,3101,1,3.489,
10350.0,heavy,3102,0,2.915,ECONNREFUSED
10353.3,heavy,3103,1,4.130,
10356.7,heavy,3101,1,3.811,
10360.0,heavy,3102,0,2.672,ECONNREFUSED
10363.3,heavy,3103,1,3.810,
10366.7,heavy,3101,1,4.348,
10370.0,heavy,3102,0,2.525,ECONNREFUSED
10373.3,heavy,3103,1,4.335,
10376.7,heavy,3101,1,4.738,
10380.0,heavy,3102,0,2.809,ECONNREFUSED
10383.3,heavy,3103,1,4.273,
10386.7,heavy,3101,1,4.035,
10390.0,heavy,3102,0,1.978,ECONNREFUSED
10393.3,heavy,3103,1,3.658,
10396.7,heavy,3101,1,3.668,
10400.0,light-5,3101,1,3.260,
10400.0,light-3,3102,0,4.539,ECONNREFUSED
10400.0,light-2,3101,1,5.631,
10400.0,light-1,3103,1,5.936,
10400.0,light-4,3103,1,7.428,
10400.0,heavy,3102,0,4.212,ECONNREFUSED
10403.3,heavy,3102,0,4.930,ECONNREFUSED
10406.7,heavy,3103,1,4.730,
10410.0,heavy,3101,1,4.067,
10413.3,heavy,3102,0,2.026,ECONNREFUSED
10416.7,heavy,3103,1,3.135,
10420.0,heavy,3101,1,5.191,
10423.3,heavy,3102,0,2.058,ECONNREFUSED
10426.7,heavy,3103,1,3.824,
10430.0,heavy,3101,1,4.452,
10433.3,heavy,3102,0,2.055,ECONNREFUSED
10436.7,heavy,3103,1,4.070,
10440.0,heavy,3101,1,4.041,
10443.3,heavy,3102,0,2.758,ECONNREFUSED
10446.7,heavy,3103,1,4.054,
10450.0,heavy,3101,1,4.178,
10453.3,heavy,3102,0,2.852,ECONNREFUSED
10456.7,heavy,3103,1,3.861,
10460.0,heavy,3101,1,4.156,
10463.3,heavy,3102,0,1.726,ECONNREFUSED
10466.7,heavy,3103,1,4.343,
10470.0,heavy,3101,1,4.468,
10473.3,heavy,3102,0,2.847,ECONNREFUSED
10476.7,heavy,3103,1,4.923,
10480.0,heavy,3101,1,4.962,
10483.3,heavy,3102,0,2.823,ECONNREFUSED
10486.7,heavy,3103,1,4.177,
10490.0,heavy,3101,1,4.984,
10493.3,heavy,3102,0,2.244,ECONNREFUSED
10496.7,heavy,3103,1,4.020,
10500.0,light-2,3103,1,2.496,
10500.0,light-1,3102,0,4.172,ECONNREFUSED
10500.0,light-4,3102,0,3.962,ECONNREFUSED
10500.0,light-5,3103,1,5.799,
10500.0,light-3,3101,1,6.970,
10500.0,heavy,3101,1,9.318,
10503.3,heavy,3101,1,8.106,
10506.7,heavy,3102,0,2.055,ECONNREFUSED
10510.0,heavy,3103,1,4.329,
10513.3,heavy,3101,1,4.997,
10516.7,heavy,3102,0,3.230,ECONNREFUSED
10520.0,heavy,3103,1,3.825,
10523.3,heavy,3101,1,3.888,
10526.7,heavy,3102,0,2.062,ECONNREFUSED
10530.0,heavy,3103,1,4.192,
10533.3,heavy,3101,1,4.674,
10536.7,heavy,3102,0,2.194,ECONNREFUSED
10540.0,heavy,3103,1,4.173,
10543.3,heavy,3101,1,4.484,
10546.7,heavy,3102,0,2.571,ECONNREFUSED
10550.0,heavy,3103,1,4.490,
10553.3,heavy,3101,1,4.107,
10556.7,heavy,3102,0,1.520,ECONNREFUSED
10560.0,heavy,3103,1,5.107,
10563.3,heavy,3101,1,4.162,
10566.7,heavy,3102,0,2.052,ECONNREFUSED
10570.0,heavy,3103,1,4.871,
10573.3,heavy,3101,1,4.413,
10576.7,heavy,3102,0,3.708,ECONNREFUSED
10580.0,heavy,3103,1,4.722,
10583.3,heavy,3101,1,3.455,
10586.7,heavy,3102,0,2.064,ECONNREFUSED
10590.0,heavy,3103,1,4.621,
10593.3,heavy,3101,1,4.947,
10596.7,heavy,3102,0,4.407,ECONNREFUSED
10600.0,light-1,3101,1,2.707,
10600.0,light-3,3103,1,4.446,
10600.0,light-2,3102,0,4.862,ECONNREFUSED
10600.0,light-5,3102,0,4.742,ECONNREFUSED
10600.0,light-4,3101,1,6.243,
10600.0,heavy,3103,1,5.528,
10603.3,heavy,3103,1,4.541,
10606.7,heavy,3101,1,4.317,
10610.0,heavy,3102,0,2.118,ECONNREFUSED
10613.3,heavy,3103,1,6.221,
10616.7,heavy,3101,1,5.660,
10620.0,heavy,3102,0,2.991,ECONNREFUSED
10623.3,heavy,3103,1,6.037,
10626.7,heavy,3101,1,5.303,
10630.0,heavy,3102,0,1.715,ECONNREFUSED
10633.3,heavy,3103,1,4.758,
10636.7,heavy,3101,1,5.130,
10640.0,heavy,3102,0,2.630,ECONNREFUSED
10643.3,heavy,3103,1,4.668,
10646.7,heavy,3101,1,4.709,
10650.0,heavy,3102,0,2.514,ECONNREFUSED
10653.3,heavy,3103,1,4.609,
10656.7,heavy,3101,1,4.492,
10660.0,heavy,3102,0,3.393,ECONNREFUSED
10663.3,heavy,3103,1,4.794,
10666.7,heavy,3101,1,3.788,
10670.0,heavy,3102,0,3.513,ECONNREFUSED
10673.3,heavy,3103,1,4.355,
10676.7,heavy,3101,1,3.847,
10680.0,heavy,3102,0,2.857,ECONNREFUSED
10683.3,heavy,3103,1,4.898,
10686.7,heavy,3101,1,20.626,
10690.0,heavy,3102,0,3.729,ECONNREFUSED
10693.3,heavy,3103,1,7.699,
10696.7,heavy,3101,1,15.274,
10700.0,light-3,3102,0,5.778,ECONNREFUSED
10700.0,light-5,3101,1,5.821,
10700.0,light-1,3103,1,8.085,
10700.0,light-4,3103,1,8.329,
10700.0,light-2,3101,1,9.136,
10700.0,heavy,3102,0,7.893,ECONNREFUSED
10703.3,heavy,3102,0,6.184,ECONNREFUSED
10706.7,heavy,3103,1,5.210,
10710.0,heavy,3101,1,7.204,
10713.3,heavy,3102,0,2.912,ECONNREFUSED
10716.7,heavy,3103,1,5.468,
10720.0,heavy,3101,1,6.040,
10723.3,heavy,3102,0,3.657,ECONNREFUSED
10726.7,heavy,3103,1,5.603,
10730.0,heavy,3101,1,5.557,
10733.3,heavy,3102,0,3.562,ECONNREFUSED
10736.7,heavy,3103,1,5.871,
10740.0,heavy,3101,1,5.070,
10743.3,heavy,3102,0,3.728,ECONNREFUSED
10746.7,heavy,3103,1,6.662,
10750.0,heavy,3101,1,6.771,
10753.3,heavy,3102,0,3.155,ECONNREFUSED
10756.7,heavy,3103,1,6.195,
10760.0,heavy,3101,1,5.822,
10763.3,heavy,3102,0,3.053,ECONNREFUSED
10766.7,heavy,3103,1,6.211,
10770.0,heavy,3101,1,6.274,
10773.3,heavy,3102,0,3.533,ECONNREFUSED
10776.7,heavy,3103,1,18.580,
10780.0,heavy,3101,1,5.703,
10783.3,heavy,3102,0,5.402,ECONNREFUSED
10786.7,heavy,3103,1,7.987,
10790.0,heavy,3101,1,4.322,
10793.3,heavy,3102,0,2.929,ECONNREFUSED
10796.7,heavy,3103,1,4.531,
10800.0,light-2,3103,1,2.424,
10800.0,light-1,3102,0,3.711,ECONNREFUSED
10800.0,light-4,3102,0,3.492,ECONNREFUSED
10800.0,light-5,3103,1,4.692,
10800.0,light-3,3101,1,6.399,
10800.0,heavy,3101,1,11.241,
10803.3,heavy,3101,1,9.954,
10806.7,heavy,3102,0,2.688,ECONNREFUSED
10810.0,heavy,3103,1,4.306,
10813.3,heavy,3101,1,5.201,
10816.7,heavy,3102,0,2.386,ECONNREFUSED
10820.0,heavy,3103,1,4.260,
10823.3,heavy,3101,1,4.681,
10826.7,heavy,3102,0,2.397,ECONNREFUSED
10830.0,heavy,3103,1,4.242,
10833.3,heavy,3101,1,4.282,
10836.7,heavy,3102,0,1.849,ECONNREFUSED
10840.0,heavy,3103,1,5.854,
10843.3,heavy,3101,1,3.838,
10846.7,heavy,3102,0,2.417,ECONNREFUSED
10850.0,heavy,3103,1,4.588,
10853.3,heavy,3101,1,3.852,
10856.7,heavy,3102,0,2.680,ECONNREFUSED
10860.0,heavy,3103,1,4.633,
10863.3,heavy,3101,1,3.991,
10866.7,heavy,3102,0,2.419,ECONNREFUSED
10870.0,heavy,3103,1,4.415,
10873.3,heavy,3101,1,4.473,
10876.7,heavy,3102,0,3.065,ECONNREFUSED
10880.0,heavy,3103,1,4.319,
10883.3,heavy,3101,1,4.128,
10886.7,heavy,3102,0,2.413,ECONNREFUSED
10890.0,heavy,3103,1,4.276,
10893.3,heavy,3101,1,4.010,
10896.7,heavy,3102,0,4.184,ECONNREFUSED
10900.0,light-1,3101,1,2.514,
10900.0,light-3,3103,1,4.361,
10900.0,light-2,3102,0,4.857,ECONNREFUSED
10900.0,light-5,3102,0,4.748,ECONNREFUSED
10900.0,light-4,3101,1,5.534,
10900.0,heavy,3103,1,5.848,
10903.3,heavy,3103,1,4.350,
10906.7,heavy,3101,1,3.853,
10910.0,heavy,3102,0,2.612,ECONNREFUSED
10913.3,heavy,3103,1,4.580,
10916.7,heavy,3101,1,3.837,
10920.0,heavy,3102,0,2.445,ECONNREFUSED
10923.3,heavy,3103,1,4.454,
10926.7,heavy,3101,1,4.335,
10930.0,heavy,3102,0,2.774,ECONNREFUSED
10933.3,heavy,3103,1,4.705,
10936.7,heavy,3101,1,4.544,
10940.0,heavy,3102,0,2.460,ECONNREFUSED
10943.3,heavy,3103,1,4.194,
10946.7,heavy,3101,1,4.102,
10950.0,heavy,3102,0,2.745,ECONNREFUSED
10953.3,heavy,3103,1,4.082,
10956.7,heavy,3101,1,3.898,
10960.0,heavy,3102,0,2.943,ECONNREFUSED
10963.3,heavy,3103,1,3.954,
10966.7,heavy,3101,1,3.585,
10970.0,heavy,3102,0,2.359,ECONNREFUSED
10973.3,heavy,3103,1,4.542,
10976.7,heavy,3101,1,4.347,
10980.0,heavy,3102,0,2.083,ECONNREFUSED
10983.3,heavy,3103,1,7.184,
10986.7,heavy,3101,1,4.053,
10990.0,heavy,3102,0,2.004,ECONNREFUSED
10993.3,heavy,3103,1,8.808,
10996.7,heavy,3101,1,4.654,
11000.0,light-5,3101,1,3.003,
11000.0,light-3,3102,0,4.808,ECONNREFUSED
11000.0,light-1,3103,1,5.428,
11000.0,light-2,3101,1,5.520,
11000.0,light-4,3103,1,6.902,
11000.0,heavy,3102,0,4.790,ECONNREFUSED
11003.3,heavy,3102,0,4.552,ECONNREFUSED
11006.7,heavy,3103,1,3.954,
11010.0,heavy,3101,1,4.337,
11013.3,heavy,3102,0,2.743,ECONNREFUSED
11016.7,heavy,3103,1,4.274,
11020.0,heavy,3101,1,4.284,
11023.3,heavy,3102,0,2.891,ECONNREFUSED
11026.7,heavy,3103,1,4.618,
11030.0,heavy,3101,1,3.849,
11033.3,heavy,3102,0,2.889,ECONNREFUSED
11036.7,heavy,3103,1,3.991,
11040.0,heavy,3101,1,4.332,
11043.3,heavy,3102,0,3.076,ECONNREFUSED
11046.7,heavy,3103,1,4.260,
11050.0,heavy,3101,1,4.274,
11053.3,heavy,3102,0,2.482,ECONNREFUSED
11056.7,heavy,3103,1,4.492,
11060.0,heavy,3101,1,3.597,
11063.3,heavy,3102,0,3.269,ECONNREFUSED
11066.7,heavy,3103,1,3.678,
11070.0,heavy,3101,1,4.187,
11073.3,heavy,3102,0,2.021,ECONNREFUSED
11076.7,heavy,3103,1,4.568,
11080.0,heavy,3101,1,4.500,
11083.3,heavy,3102,0,3.234,ECONNREFUSED
11086.7,heavy,3103,1,4.157,
11090.0,heavy,3101,1,4.506,
11093.3,heavy,3102,0,2.858,ECONNREFUSED
11096.7,heavy,3103,1,4.324,
11100.0,light-2,3103,1,2.877,
11100.0,light-1,3102,0,5.007,ECONNREFUSED
11100.0,light-4,3102,0,4.839,ECONNREFUSED
11100.0,light-5,3103,1,5.846,
11100.0,light-3,3101,1,6.287,
11100.0,heavy,3101,1,8.004,
11103.3,heavy,3101,1,6.265,
11106.7,heavy,3102,0,3.005,ECONNREFUSED
11110.0,heavy,3103,1,4.243,
11113.3,heavy,3101,1,3.703,
11116.7,heavy,3102,0,2.904,ECONNREFUSED
11120.0,heavy,3103,1,4.283,
11123.3,heavy,3101,1,4.482,
11126.7,heavy,3102,0,3.357,ECONNREFUSED
11130.0,heavy,3103,1,4.514,
11133.3,heavy,3101,1,4.064,
11136.7,heavy,3102,0,2.781,ECONNREFUSED
11140.0,heavy,3103,1,4.311,
11143.3,heavy,3101,1,4.787,
11146.7,heavy,3102,0,2.749,ECONNREFUSED
11150.0,heavy,3103,1,4.421,
11153.3,heavy,3101,1,3.835,
11156.7,heavy,3102,0,2.875,ECONNREFUSED
11160.0,heavy,3103,1,4.262,
11163.3,heavy,3101,1,4.275,
11166.7,heavy,3102,0,2.774,ECONNREFUSED
11170.0,heavy,3103,1,4.351,
11173.3,heavy,3101,1,5.231,
11176.7,heavy,3102,0,1.898,ECONNREFUSED
11180.0,heavy,3103,1,3.560,
11183.3,heavy,3101,1,3.702,
11186.7,heavy,3102,0,2.596,ECONNREFUSED
11190.0,heavy,3103,1,4.192,
11193.3,heavy,3101,1,3.358,
11196.7,heavy,3102,0,1.878,ECONNREFUSED
11200.0,light-1,3101,1,4.451,
11200.0,light-3,3103,1,5.443,
11200.0,light-2,3102,0,5.988,ECONNREFUSED
11200.0,light-5,3102,0,5.852,ECONNREFUSED
11200.0,light-4,3101,1,7.144,
11200.0,heavy,3103,1,7.825,
11203.3,heavy,3101,1,7.227,
11206.7,heavy,3102,0,6.200,ECONNREFUSED
11210.0,heavy,3103,1,8.458,
11213.3,heavy,3103,1,7.414,
11216.7,heavy,3101,1,5.817,
11220.0,heavy,3102,0,2.764,ECONNREFUSED
11223.3,heavy,3103,1,3.235,
11226.7,heavy,3101,1,4.154,
11230.0,heavy,3102,0,2.023,ECONNREFUSED
11233.3,heavy,3103,1,4.366,
11236.7,heavy,3101,1,4.169,
11240.0,heavy,3102,0,2.784,ECONNREFUSED
11243.3,heavy,3103,1,4.688,
11246.7,heavy,3101,1,4.107,
11250.0,heavy,3102,0,2.521,ECONNREFUSED
11253.3,heavy,3103,1,4.918,
11256.7,heavy,3101,1,4.997,
11260.0,heavy,3102,0,2.397,ECONNREFUSED
11263.3,heavy,3103,1,4.272,
11266.7,heavy,3101,1,4.221,
11270.0,heavy,3102,0,2.247,ECONNREFUSED
11273.3,heavy,3103,1,4.291,
11276.7,heavy,3101,1,4.192,
11280.0,heavy,3102,0,2.723,ECONNREFUSED
11283.3,heavy,3103,1,4.284,
11286.7,heavy,3101,1,3.856,
11290.0,heavy,3102,0,2.625,ECONNREFUSED
11293.3,heavy,3103,1,4.075,
11296.7,heavy,3101,1,4.221,
11300.0,light-5,3101,1,3.099,
11300.0,light-3,3102,0,4.578,ECONNREFUSED
11300.0,light-2,3101,1,5.652,
11300.0,light-1,3103,1,5.962,
11300.0,light-4,3103,1,7.207,
11300.0,heavy,3102,0,4.082,ECONNREFUSED
11303.3,heavy,3102,0,5.226,ECONNREFUSED
11306.7,heavy,3103,1,3.917,
11310.0,heavy,3101,1,6.702,
11313.3,heavy,3102,0,3.136,ECONNREFUSED
11316.7,heavy,3103,1,4.302,
11320.0,heavy,3101,1,3.800,
11323.3,heavy,3102,0,1.884,ECONNREFUSED
11326.7,heavy,3103,1,6.099,
11330.0,heavy,3101,1,4.570,
11333.3,heavy,3102,0,3.725,ECONNREFUSED
11336.7,heavy,3103,1,7.077,
11340.0,heavy,3101,1,3.247,
11343.3,heavy,3102,0,2.704,ECONNREFUSED
11346.7,heavy,3103,1,9.513,
11350.0,heavy,3101,1,4.382,
11353.3,heavy,3102,0,2.020,ECONNREFUSED
11356.7,heavy,3103,1,6.731,
11360.0,heavy,3101,1,3.015,
11363.3,heavy,3102,0,2.648,ECONNREFUSED
11366.7,heavy,3103,1,1.170,
11370.0,heavy,3101,1,5.219,
11373.3,heavy,3102,0,4.008,ECONNREFUSED
11376.7,heavy,3103,1,2.568,
11380.0,heavy,3101,1,5.593,
11383.3,heavy,3102,0,4.087,ECONNREFUSED
11386.7,heavy,3103,1,2.186,
11390.0,heavy,3101,1,3.098,
11393.3,heavy,3102,0,6.161,ECONNREFUSED
11396.7,heavy,3103,1,3.087,
11400.0,light-2,3103,1,3.699,
11400.0,light-1,3102,0,5.603,ECONNREFUSED
11400.0,light-5,3103,1,5.219,
11400.0,light-4,3102,0,5.760,ECONNREFUSED
11400.0,light-3,3101,1,7.031,
11400.0,heavy,3101,1,7.348,
11403.3,heavy,3101,1,6.304,
11406.7,heavy,3102,0,2.196,ECONNREFUSED
11410.0,heavy,3103,1,1.142,
11413.3,heavy,3101,1,2.810,
11416.7,heavy,3102,0,1.942,ECONNREFUSED
11420.0,heavy,3103,1,1.984,
11423.3,heavy,3101,1,2.876,
11426.7,heavy,3102,0,2.334,ECONNREFUSED
11430.0,heavy,3103,1,1.468,
11433.3,heavy,3101,1,4.000,
11436.7,heavy,3102,0,2.763,ECONNREFUSED
11440.0,heavy,3103,1,2.179,
11443.3,heavy,3101,1,3.829,
11446.7,heavy,3102,0,2.556,ECONNREFUSED
11450.0,heavy,3103,1,2.586,
11453.3,heavy,3101,1,4.182,
11456.7,heavy,3102,0,3.828,ECONNREFUSED
11460.0,heavy,3103,1,2.169,
11463.3,heavy,3101,1,2.986,
11466.7,heavy,3102,0,2.978,ECONNREFUSED
11470.0,heavy,3103,1,1.310,
11473.3,heavy,3101,1,3.319,
11476.7,heavy,3102,0,2.530,ECONNREFUSED
11480.0,heavy,3103,1,1.271,
11483.3,heavy,3101,1,3.724,
11486.7,heavy,3102,0,3.037,ECONNREFUSED
11490.0,heavy,3103,1,1.429,
11493.3,heavy,3101,1,3.611,
11496.7,heavy,3102,0,2.163,ECONNREFUSED
11500.0,light-1,3101,1,2.838,
11500.0,light-3,3103,1,3.516,
11500.0,light-2,3102,0,5.171,ECONNREFUSED
11500.0,light-4,3101,1,5.279,
11500.0,light-5,3102,0,5.430,ECONNREFUSED
11500.0,heavy,3103,1,2.756,
11503.3,heavy,3103,1,2.092,
11506.7,heavy,3101,1,2.730,
11510.0,heavy,3102,0,4.519,ECONNREFUSED
11513.3,heavy,3103,1,2.514,
11516.7,heavy,3101,1,3.764,
11520.0,heavy,3102,0,4.019,ECONNREFUSED
11523.3,heavy,3103,1,1.897,
11526.7,heavy,3101,1,2.727,
11530.0,heavy,3102,0,3.284,ECONNREFUSED
11533.3,heavy,3103,1,1.374,
11536.7,heavy,3101,1,3.936,
11540.0,heavy,3102,0,2.832,ECONNREFUSED
11543.3,heavy,3103,1,1.413,
11546.7,heavy,3101,1,3.734,
11550.0,heavy,3102,0,2.773,ECONNREFUSED
11553.3,heavy,3103,1,1.526,
11556.7,heavy,3101,1,2.835,
11560.0,heavy,3102,0,3.386,ECONNREFUSED
11563.3,heavy,3103,1,2.142,
11566.7,heavy,3101,1,3.357,
11570.0,heavy,3102,0,3.963,ECONNREFUSED
11573.3,heavy,3103,1,1.598,
11576.7,heavy,3101,1,3.497,
11580.0,heavy,3102,0,2.755,ECONNREFUSED
11583.3,heavy,3103,1,1.397,
11586.7,heavy,3101,1,2.919,
11590.0,heavy,3102,0,5.752,ECONNREFUSED
11593.3,heavy,3103,1,2.823,
11596.7,heavy,3101,1,5.038,
11600.0,light-4,3103,1,3.624,
11600.0,light-5,3101,1,4.840,
11600.0,light-2,3101,1,7.122,
11600.0,light-1,3103,1,7.509,
11600.0,light-3,3102,0,7.797,ECONNREFUSED
11600.0,heavy,3102,0,8.193,ECONNREFUSED
11603.3,heavy,3102,0,7.891,ECONNREFUSED
11606.7,heavy,3103,1,3.917,
11610.0,heavy,3101,1,3.967,
11613.3,heavy,3102,0,2.404,ECONNREFUSED
11616.7,heavy,3103,1,1.124,
11620.0,heavy,3101,1,5.284,
11623.3,heavy,3102,0,2.854,ECONNREFUSED
11626.7,heavy,3103,1,1.605,
11630.0,heavy,3101,1,5.654,
11633.3,heavy,3102,0,3.151,ECONNREFUSED
11636.7,heavy,3103,1,1.413,
11640.0,heavy,3101,1,3.919,
11643.3,heavy,3102,0,2.647,ECONNREFUSED
11646.7,heavy,3103,1,1.857,
11650.0,heavy,3101,1,4.760,
11653.3,heavy,3102,0,3.174,ECONNREFUSED
11656.7,heavy,3103,1,1.631,
11660.0,heavy,3101,1,5.652,
11663.3,heavy,3102,0,3.882,ECONNREFUSED
11666.7,heavy,3103,1,1.749,
11670.0,heavy,3101,1,4.058,
11673.3,heavy,3102,0,3.003,ECONNREFUSED
11676.7,heavy,3103,1,1.667,
11680.0,heavy,3101,1,3.056,
11683.3,heavy,3102,0,2.582,ECONNREFUSED
11686.7,heavy,3103,1,1.199,
11690.0,heavy,3101,1,3.434,
11693.3,heavy,3102,0,3.455,ECONNREFUSED
11696.7,heavy,3103,1,1.504,
11700.0,light-2,3103,1,2.478,
11700.0,light-1,3102,0,4.536,ECONNREFUSED
11700.0,light-4,3102,0,4.292,ECONNREFUSED
11700.0,light-5,3103,1,5.068,
11700.0,light-3,3101,1,7.664,
11700.0,heavy,3101,1,6.111,
11703.3,heavy,3101,1,4.986,
11706.7,heavy,3102,0,3.114,ECONNREFUSED
11710.0,heavy,3103,1,1.237,
11713.3,heavy,3101,1,4.908,
11716.7,heavy,3102,0,3.128,ECONNREFUSED
11720.0,heavy,3103,1,1.443,
11723.3,heavy,3101,1,5.546,
11726.7,heavy,3102,0,2.511,ECONNREFUSED
11730.0,heavy,3103,1,0.972,
11733.3,heavy,3101,1,3.376,
11736.7,heavy,3102,0,2.823,ECONNREFUSED
11740.0,heavy,3103,1,1.496,
11743.3,heavy,3101,1,3.254,
11746.7,heavy,3102,0,2.047,ECONNREFUSED
11750.0,heavy,3103,1,1.536,
11753.3,heavy,3101,1,3.350,
11756.7,heavy,3102,0,2.717,ECONNREFUSED
11760.0,heavy,3103,1,2.005,
11763.3,heavy,3101,1,3.899,
11766.7,heavy,3102,0,3.533,ECONNREFUSED
11770.0,heavy,3103,1,2.932,
11773.3,heavy,3101,1,3.299,
11776.7,heavy,3102,0,2.770,ECONNREFUSED
11780.0,heavy,3103,1,1.374,
11783.3,heavy,3101,1,3.160,
11786.7,heavy,3102,0,2.424,ECONNREFUSED
11790.0,heavy,3103,1,1.282,
11793.3,heavy,3101,1,8.415,
11796.7,heavy,3102,0,7.919,ECONNREFUSED
11800.0,light-3,3103,1,4.280,
11800.0,light-1,3101,1,5.390,
11800.0,light-2,3102,0,7.936,ECONNREFUSED
11800.0,light-4,3101,1,7.890,
11800.0,light-5,3102,0,8.073,ECONNREFUSED
11800.0,heavy,3103,1,3.596,
11803.3,heavy,3103,1,4.506,
11806.7,heavy,3101,1,3.563,
11810.0,heavy,3102,0,2.256,ECONNREFUSED
11813.3,heavy,3103,1,1.080,
11816.7,heavy,3101,1,3.337,
11820.0,heavy,3102,0,1.875,ECONNREFUSED
11823.3,heavy,3103,1,2.134,
11826.7,heavy,3101,1,4.110,
11830.0,heavy,3102,0,3.122,ECONNREFUSED
11833.3,heavy,3103,1,2.082,
11836.7,heavy,3101,1,4.415,
11840.0,heavy,3102,0,1.644,ECONNREFUSED
11843.3,heavy,3103,1,1.507,
11846.7,heavy,3101,1,3.239,
11850.0,heavy,3102,0,3.294,ECONNREFUSED
11853.3,heavy,3103,1,1.412,
11856.7,heavy,3101,1,4.382,
11860.0,heavy,3102,0,2.996,ECONNREFUSED
11863.3,heavy,3103,1,1.537,
11866.7,heavy,3101,1,4.714,
11870.0,heavy,3102,0,3.193,ECONNREFUSED
11873.3,heavy,3103,1,1.256,
11876.7,heavy,3101,1,3.624,
11880.0,heavy,3102,0,2.518,ECONNREFUSED
11883.3,heavy,3103,1,1.416,
11886.7,heavy,3101,1,4.053,
11890.0,heavy,3102,0,3.129,ECONNREFUSED
11893.3,heavy,3103,1,1.896,
11896.7,heavy,3101,1,3.319,
11900.0,light-4,3103,1,3.793,
11900.0,light-5,3101,1,4.071,
11900.0,light-2,3101,1,5.345,
11900.0,light-1,3103,1,5.647,
11900.0,light-3,3102,0,6.602,ECONNREFUSED
11900.0,heavy,3102,0,6.969,ECONNREFUSED
11903.3,heavy,3102,0,6.206,ECONNREFUSED
11906.7,heavy,3103,1,1.392,
11910.0,heavy,3101,1,3.240,
11913.3,heavy,3102,0,2.069,ECONNREFUSED
11916.7,heavy,3103,1,1.801,
11920.0,heavy,3101,1,3.735,
11923.3,heavy,3102,0,3.312,ECONNREFUSED
11926.7,heavy,3103,1,1.321,
11930.0,heavy,3101,1,3.518,
11933.3,heavy,3102,0,2.080,ECONNREFUSED
11936.7,heavy,3103,1,1.186,
11940.0,heavy,3101,1,3.399,
11943.3,heavy,3102,0,2.524,ECONNREFUSED
11946.7,heavy,3103,1,1.106,
11950.0,heavy,3101,1,3.486,
11953.3,heavy,3102,0,2.596,ECONNREFUSED
11956.7,heavy,3103,1,1.144,
11960.0,heavy,3101,1,3.509,
11963.3,heavy,3102,0,1.829,ECONNREFUSED
11966.7,heavy,3103,1,1.805,
11970.0,heavy,3101,1,3.055,
11973.3,heavy,3102,0,2.666,ECONNREFUSED
11976.7,heavy,3103,1,0.999,
11980.0,heavy,3101,1,4.340,
11983.3,heavy,3102,0,2.674,ECONNREFUSED
11986.7,heavy,3103,1,1.539,
11990.0,heavy,3101,1,4.028,
11993.3,heavy,3102,0,2.332,ECONNREFUSED
11996.7,heavy,3103,1,1.187,
12000.0,light-4,3103,1,2.710,
12000.0,light-3,3102,0,4.076,ECONNREFUSED
12000.0,light-5,3101,1,4.264,
12000.0,light-1,3103,1,5.403,
12000.0,light-2,3101,1,6.146,
12000.0,heavy,3101,1,5.662,
12003.3,heavy,3102,0,3.989,ECONNREFUSED
12006.7,heavy,3102,0,5.346,ECONNREFUSED
12010.0,heavy,3103,1,1.444,
12013.3,heavy,3101,1,3.906,
12016.7,heavy,3102,0,3.150,ECONNREFUSED
12020.0,heavy,3103,1,1.667,
12023.3,heavy,3101,1,3.069,
12026.7,heavy,3102,0,2.391,ECONNREFUSED
12030.0,heavy,3103,1,1.317,
12033.3,heavy,3101,1,3.099,
12036.7,heavy,3102,0,2.205,ECONNREFUSED
12040.0,heavy,3103,1,2.543,
12043.3,heavy,3101,1,4.084,
12046.7,heavy,3102,0,3.560,ECONNREFUSED
12050.0,heavy,3103,1,2.818,
12053.3,heavy,3101,1,3.245,
12056.7,heavy,3102,0,1.913,ECONNREFUSED
12060.0,heavy,3103,1,2.183,
12063.3,heavy,3101,1,3.594,
12066.7,heavy,3102,0,3.095,ECONNREFUSED
12070.0,heavy,3103,1,1.330,
12073.3,heavy,3101,1,4.702,
12076.7,heavy,3102,0,3.256,ECONNREFUSED
12080.0,heavy,3103,1,1.870,
12083.3,heavy,3101,1,3.696,
12086.7,heavy,3102,0,2.396,ECONNREFUSED
12090.0,heavy,3103,1,1.933,
12093.3,heavy,3101,1,4.371,
12096.7,heavy,3102,0,4.020,ECONNREFUSED
12100.0,light-1,3101,1,3.988,
12100.0,light-3,3103,1,3.755,
12100.0,light-4,3101,1,4.716,
12100.0,light-2,3102,0,5.595,ECONNREFUSED
12100.0,light-5,3102,0,5.246,ECONNREFUSED
12100.0,heavy,3103,1,3.981,
12103.3,heavy,3103,1,2.264,
12106.7,heavy,3101,1,3.206,
12110.0,heavy,3102,0,2.134,ECONNREFUSED
12113.3,heavy,3103,1,2.468,
12116.7,heavy,3101,1,4.785,
12120.0,heavy,3102,0,3.936,ECONNREFUSED
12123.3,heavy,3103,1,2.665,
12126.7,heavy,3101,1,5.221,
12130.0,heavy,3102,0,4.556,ECONNREFUSED
12133.3,heavy,3103,1,1.546,
12136.7,heavy,3101,1,4.353,
12140.0,heavy,3102,0,3.165,ECONNREFUSED
12143.3,heavy,3103,1,1.875,
12146.7,heavy,3101,1,3.225,
12150.0,heavy,3102,0,2.095,ECONNREFUSED
12153.3,heavy,3103,1,2.263,
12156.7,heavy,3101,1,3.800,
12160.0,heavy,3102,0,3.143,ECONNREFUSED
12163.3,heavy,3103,1,1.522,
12166.7,heavy,3101,1,5.497,
12170.0,heavy,3102,0,3.547,ECONNREFUSED
12173.3,heavy,3103,1,2.121,
12176.7,heavy,3101,1,5.041,
12180.0,heavy,3102,0,3.808,ECONNREFUSED
12183.3,heavy,3103,1,1.409,
12186.7,heavy,3101,1,4.988,
12190.0,heavy,3102,0,3.437,ECONNREFUSED
12193.3,heavy,3103,1,2.768,
12196.7,heavy,3101,1,3.707,
12200.0,light-5,3101,1,4.485,
12200.0,light-4,3103,1,4.770,
12200.0,light-2,3101,1,6.638,
12200.0,light-1,3103,1,6.932,
12200.0,light-3,3102,0,8.347,ECONNREFUSED
12200.0,heavy,3102,0,7.737,ECONNREFUSED
12203.3,heavy,3102,0,7.800,ECONNREFUSED
12206.7,heavy,3103,1,3.399,
12210.0,heavy,3101,1,4.281,
12213.3,heavy,3102,0,4.211,ECONNREFUSED
12216.7,heavy,3103,1,2.014,
12220.0,heavy,3101,1,4.284,
12223.3,heavy,3102,0,3.252,ECONNREFUSED
12226.7,heavy,3103,1,1.931,
12230.0,heavy,3101,1,3.543,
12233.3,heavy,3102,0,3.641,ECONNREFUSED
12236.7,heavy,3103,1,1.844,
12240.0,heavy,3101,1,3.625,
12243.3,heavy,3102,0,2.827,ECONNREFUSED
12246.7,heavy,3103,1,2.259,
12250.0,heavy,3101,1,3.516,
12253.3,heavy,3102,0,3.079,ECONNREFUSED
12256.7,heavy,3103,1,1.472,
12260.0,heavy,3101,1,3.787,
12263.3,heavy,3102,0,2.696,ECONNREFUSED
12266.7,heavy,3103,1,1.595,
12270.0,heavy,3101,1,4.318,
12273.3,heavy,3102,0,2.194,ECONNREFUSED
12276.7,heavy,3103,1,2.301,
12280.0,heavy,3101,1,3.500,
12283.3,heavy,3102,0,3.075,ECONNREFUSED
12286.7,heavy,3103,1,1.389,
12290.0,heavy,3101,1,7.470,
12293.3,heavy,3102,0,4.817,ECONNREFUSED
12296.7,heavy,3103,1,2.990,
12300.0,light-2,3103,1,3.367,
12300.0,light-1,3102,0,4.585,ECONNREFUSED
12300.0,light-4,3102,0,4.446,ECONNREFUSED
12300.0,light-5,3103,1,6.572,
12300.0,light-3,3101,1,7.389,
12300.0,heavy,3101,1,7.352,
12303.3,heavy,3101,1,7.811,
12306.7,heavy,3102,0,2.271,ECONNREFUSED
12310.0,heavy,3103,1,1.081,
12313.3,heavy,3101,1,2.931,
12316.7,heavy,3102,0,4.820,ECONNREFUSED
12320.0,heavy,3103,1,2.358,
12323.3,heavy,3101,1,3.978,
12326.7,heavy,3102,0,4.404,ECONNREFUSED
12330.0,heavy,3103,1,2.957,
12333.3,heavy,3101,1,3.686,
12336.7,heavy,3102,0,1.989,ECONNREFUSED
12340.0,heavy,3103,1,1.546,
12343.3,heavy,3101,1,4.261,
12346.7,heavy,3102,0,2.639,ECONNREFUSED
12350.0,heavy,3103,0,1.381,
12353.3,heavy,3101,1,3.488,
12356.7,heavy,3102,0,2.916,ECONNREFUSED
12360.0,heavy,3103,1,1.585,
12363.3,heavy,3101,0,2.745,
12366.7,heavy,3102,0,1.928,ECONNREFUSED
12370.0,heavy,3103,1,2.797,
12373.3,heavy,3101,0,3.717,
12376.7,heavy,3102,0,2.839,ECONNREFUSED
12380.0,heavy,3103,1,1.443,
12383.3,heavy,3101,0,4.379,
12386.7,heavy,3102,0,2.763,ECONNREFUSED
12390.0,heavy,3103,1,1.666,
12393.3,heavy,3101,0,5.067,
12396.7,heavy,3102,0,2.741,ECONNREFUSED
12400.0,light-4,3103,1,3.548,
12400.0,light-5,3101,1,4.609,
12400.0,light-3,3102,0,5.116,ECONNREFUSED
12400.0,light-1,3103,1,6.389,
12400.0,light-2,3101,1,7.135,
12400.0,heavy,3103,1,3.058,
12403.3,heavy,3101,0,6.501,
12406.7,heavy,3102,0,4.923,ECONNREFUSED
12410.0,heavy,3102,0,5.917,ECONNREFUSED
12413.3,heavy,3103,1,1.881,
12416.7,heavy,3101,1,4.624,
12420.0,heavy,3102,0,3.276,ECONNREFUSED
12423.3,heavy,3103,0,1.503,
12426.7,heavy,3101,0,3.251,
12430.0,heavy,3102,0,2.147,ECONNREFUSED
12433.3,heavy,3103,1,1.491,
12436.7,heavy,3101,0,3.439,
12440.0,heavy,3102,0,2.649,ECONNREFUSED
12443.3,heavy,3103,1,1.233,
12446.7,heavy,3101,1,3.415,
12450.0,heavy,3102,0,2.477,ECONNREFUSED
12453.3,heavy,3103,0,1.587,
12456.7,heavy,3101,0,3.111,
12460.0,heavy,3102,0,4.374,ECONNREFUSED
12463.3,heavy,3103,1,1.070,
12466.7,heavy,3101,0,3.223,
12470.0,heavy,3102,0,3.230,ECONNREFUSED
12473.3,heavy,3103,1,1.022,
12476.7,heavy,3101,0,3.763,
12480.0,heavy,3102,0,3.214,ECONNREFUSED
12483.3,heavy,3103,1,1.604,
12486.7,heavy,3101,0,3.208,
12490.0,heavy,3102,0,2.173,ECONNREFUSED
12493.3,heavy,3103,1,1.315,
12496.7,heavy,3101,1,4.049,
12500.0,light-4,3103,1,3.553,
12500.0,light-5,3101,1,4.712,
12500.0,light-3,3102,0,5.270,ECONNREFUSED
12500.0,light-1,3103,1,6.897,
12500.0,light-2,3101,1,6.980,
12500.0,heavy,3102,0,5.094,ECONNREFUSED
12503.3,heavy,3102,0,5.627,ECONNREFUSED
12506.7,heavy,3103,0,1.486,
12510.0,heavy,3101,1,3.889,
12513.3,heavy,3102,0,2.799,ECONNREFUSED
12516.7,heavy,3103,0,1.615,
12520.0,heavy,3101,1,4.449,
12523.3,heavy,3102,0,3.095,ECONNREFUSED
12526.7,heavy,3103,1,1.390,
12530.0,heavy,3101,0,4.553,
12533.3,heavy,3102,0,2.943,ECONNREFUSED
12536.7,heavy,3103,1,2.452,
12540.0,heavy,3101,0,4.092,
12543.3,heavy,3102,0,3.738,ECONNREFUSED
12546.7,heavy,3103,0,2.150,
12550.0,heavy,3101,1,3.461,
12553.3,heavy,3102,0,2.098,ECONNREFUSED
12556.7,heavy,3103,1,1.431,
12560.0,heavy,3101,0,3.543,
12563.3,heavy,3102,0,2.634,ECONNREFUSED
12566.7,heavy,3103,0,1.488,
12570.0,heavy,3101,0,4.579,
12573.3,heavy,3102,0,3.146,ECONNREFUSED
12576.7,heavy,3103,1,1.825,
12580.0,heavy,3101,1,4.288,
12583.3,heavy,3102,0,2.731,ECONNREFUSED
12586.7,heavy,3103,0,1.051,
12590.0,heavy,3101,1,3.382,
12593.3,heavy,3102,0,1.924,ECONNREFUSED
12596.7,heavy,3103,0,0.860,
12600.0,light-2,3103,1,3.756,
12600.0,light-1,3102,0,6.312,ECONNREFUSED
12600.0,light-5,3103,1,6.398,
12600.0,light-4,3102,0,6.831,ECONNREFUSED
12600.0,light-3,3101,1,8.205,
12600.0,heavy,3101,1,7.308,
12603.3,heavy,3102,0,6.459,ECONNREFUSED
12606.7,heavy,3103,1,3.798,
12610.0,heavy,3101,0,8.044,
12613.3,heavy,3101,0,6.436,
12616.7,heavy,3102,0,3.358,ECONNREFUSED
12620.0,heavy,3103,0,1.277,
12623.3,heavy,3101,1,3.518,
12626.7,heavy,3102,0,2.548,ECONNREFUSED
12630.0,heavy,3103,0,1.634,
12633.3,heavy,3101,1,3.507,
12636.7,heavy,3102,0,2.720,ECONNREFUSED
12640.0,heavy,3103,1,1.512,
12643.3,heavy,3101,0,3.085,
12646.7,heavy,3102,0,2.693,ECONNREFUSED
12650.0,heavy,3103,1,1.606,
12653.3,heavy,3101,0,3.834,
12656.7,heavy,3102,0,2.826,ECONNREFUSED
12660.0,heavy,3103,1,1.502,
12663.3,heavy,3101,0,5.377,
12666.7,heavy,3102,0,4.088,ECONNREFUSED
12670.0,heavy,3103,1,1.351,
12673.3,heavy,3101,0,4.648,
12676.7,heavy,3102,0,2.791,ECONNREFUSED
12680.0,heavy,3103,1,2.538,
12683.3,heavy,3101,0,4.015,
12686.7,heavy,3102,0,3.117,ECONNREFUSED
12690.0,heavy,3103,0,1.038,
12693.3,heavy,3101,1,8.706,
12696.7,heavy,3102,0,6.434,ECONNREFUSED
12700.0,light-2,3103,1,4.253,
12700.0,light-1,3102,0,6.328,ECONNREFUSED
12700.0,light-4,3102,0,6.254,ECONNREFUSED
12700.0,light-5,3103,1,7.385,
12700.0,light-3,3101,1,9.018,
12700.0,heavy,3103,1,3.538,
12703.3,heavy,3101,0,8.324,
12706.7,heavy,3101,0,8.027,
12710.0,heavy,3102,0,4.065,ECONNREFUSED
12713.3,heavy,3103,1,1.282,
12716.7,heavy,3101,0,3.330,
12720.0,heavy,3102,0,3.029,ECONNREFUSED
12723.3,heavy,3103,1,1.456,
12726.7,heavy,3101,0,4.066,
12730.0,heavy,3102,0,3.312,ECONNREFUSED
12733.3,heavy,3103,1,1.604,
12736.7,heavy,3101,0,3.249,
12740.0,heavy,3102,0,2.048,ECONNREFUSED
12743.3,heavy,3103,1,1.499,
12746.7,heavy,3101,1,3.389,
12750.0,heavy,3102,0,2.444,ECONNREFUSED
12753.3,heavy,3103,1,2.187,
12756.7,heavy,3101,0,3.891,
12760.0,heavy,3102,0,3.266,ECONNREFUSED
12763.3,heavy,3103,0,2.684,
12766.7,heavy,3101,0,4.350,
12770.0,heavy,3102,0,2.146,ECONNREFUSED
12773.3,heavy,3103,1,1.192,
12776.7,heavy,3101,1,3.663,
12780.0,heavy,3102,0,2.744,ECONNREFUSED
12783.3,heavy,3103,0,1.207,
12786.7,heavy,3101,0,3.965,
12790.0,heavy,3102,0,2.821,ECONNREFUSED
12793.3,heavy,3103,1,1.661,
12796.7,heavy,3101,0,3.186,
12800.0,light-4,3103,1,3.348,
12800.0,light-5,3101,1,3.497,
12800.0,light-3,3102,0,5.092,ECONNREFUSED
12800.0,light-2,3101,1,5.484,
12800.0,light-1,3103,1,5.750,
12800.0,heavy,3102,0,4.503,ECONNREFUSED
12803.3,heavy,3102,0,5.355,ECONNREFUSED
12806.7,heavy,3103,1,1.363,
12810.0,heavy,3101,1,3.446,
12813.3,heavy,3102,0,3.124,ECONNREFUSED
12816.7,heavy,3103,0,1.235,
12820.0,heavy,3101,0,3.308,
12823.3,heavy,3102,0,2.255,ECONNREFUSED
12826.7,heavy,3103,1,1.337,
12830.0,heavy,3101,1,3.033,
12833.3,heavy,3102,0,2.016,ECONNREFUSED
12836.7,heavy,3103,1,2.338,
12840.0,heavy,3101,0,3.632,
12843.3,heavy,3102,0,2.883,ECONNREFUSED
12846.7,heavy,3103,0,0.867,
12850.0,heavy,3101,1,5.624,
12853.3,heavy,3102,0,3.024,ECONNREFUSED
12856.7,heavy,3103,1,1.730,
12860.0,heavy,3101,0,5.428,
12863.3,heavy,3102,0,1.743,ECONNREFUSED
12866.7,heavy,3103,1,2.460,
12870.0,heavy,3101,0,4.260,
12873.3,heavy,3102,0,3.386,ECONNREFUSED
12876.7,heavy,3103,0,2.351,
12880.0,heavy,3101,1,5.279,
12883.3,heavy,3102,0,3.277,ECONNREFUSED
12886.7,heavy,3103,1,1.601,
12890.0,heavy,3101,0,5.467,
12893.3,heavy,3102,0,3.670,ECONNREFUSED
12896.7,heavy,3103,0,1.041,
12900.0,light-4,3103,1,3.378,
12900.0,light-3,3102,0,5.040,ECONNREFUSED
12900.0,light-5,3101,1,5.083,
12900.0,light-1,3103,1,6.857,
12900.0,light-2,3101,1,6.873,
12900.0,heavy,3101,1,7.289,
12903.3,heavy,3102,0,4.515,ECONNREFUSED
12906.7,heavy,3102,0,5.388,ECONNREFUSED
12910.0,heavy,3103,0,2.234,
12913.3,heavy,3101,1,2.510,
12916.7,heavy,3102,0,2.971,ECONNREFUSED
12920.0,heavy,3103,1,1.526,
12923.3,heavy,3101,0,3.065,
12926.7,heavy,3102,0,2.016,ECONNREFUSED
12930.0,heavy,3103,1,2.415,
12933.3,heavy,3101,0,3.647,
12936.7,heavy,3102,0,3.002,ECONNREFUSED
12940.0,heavy,3103,1,1.944,
12943.3,heavy,3101,0,4.605,
12946.7,heavy,3102,0,2.597,ECONNREFUSED
12950.0,heavy,3103,1,1.443,
12953.3,heavy,3101,0,4.761,
12956.7,heavy,3102,0,2.503,ECONNREFUSED
12960.0,heavy,3103,1,1.966,
12963.3,heavy,3101,0,2.986,
12966.7,heavy,3102,0,2.653,ECONNREFUSED
12970.0,heavy,3103,0,1.295,
12973.3,heavy,3101,1,4.778,
12976.7,heavy,3102,0,3.548,ECONNREFUSED
12980.0,heavy,3103,1,1.832,
12983.3,heavy,3101,0,4.869,
12986.7,heavy,3102,0,3.545,ECONNREFUSED
12990.0,heavy,3103,0,1.437,
12993.3,heavy,3101,1,5.699,
12996.7,heavy,3102,0,5.254,ECONNREFUSED
13000.0,light-3,3103,1,2.644,
13000.0,light-1,3101,1,3.650,
13000.0,light-2,3102,0,5.679,ECONNREFUSED
13000.0,light-4,3101,1,6.178,
13000.0,light-5,3102,0,6.492,ECONNREFUSED
13000.0,heavy,3103,1,2.867,
13003.3,heavy,3103,0,2.273,
13006.7,heavy,3101,0,2.528,
13010.0,heavy,3102,0,5.165,ECONNREFUSED
13013.3,heavy,3103,1,2.307,
13016.7,heavy,3101,0,5.053,
13020.0,heavy,3102,0,5.367,ECONNREFUSED
13023.3,heavy,3103,1,3.274,
13026.7,heavy,3101,0,3.961,
13030.0,heavy,3102,0,2.403,ECONNREFUSED
13033.3,heavy,3103,1,1.298,
13036.7,heavy,3101,1,4.309,
13040.0,heavy,3102,0,2.715,ECONNREFUSED
13043.3,heavy,3103,0,1.677,
13046.7,heavy,3101,0,3.673,
13050.0,heavy,3102,0,2.387,ECONNREFUSED
13053.3,heavy,3103,1,1.590,
13056.7,heavy,3101,0,3.409,
13060.0,heavy,3102,0,2.551,ECONNREFUSED
13063.3,heavy,3103,1,2.503,
13066.7,heavy,3101,1,4.257,
13070.0,heavy,3102,0,3.846,ECONNREFUSED
13073.3,heavy,3103,0,1.740,
13076.7,heavy,3101,0,3.799,
13080.0,heavy,3102,0,2.930,ECONNREFUSED
13083.3,heavy,3103,1,1.730,
13086.7,heavy,3101,0,3.042,
13090.0,heavy,3102,0,2.407,ECONNREFUSED
13093.3,heavy,3103,1,3.130,
13096.7,heavy,3101,1,7.552,
13100.0,light-4,3103,1,4.090,
13100.0,light-5,3101,1,4.745,
13100.0,light-3,3102,0,5.282,ECONNREFUSED
13100.0,light-1,3103,1,7.050,
13100.0,light-2,3101,1,7.981,
13100.0,heavy,3102,0,5.047,ECONNREFUSED
13103.3,heavy,3102,0,6.433,ECONNREFUSED
13106.7,heavy,3103,0,2.247,
13110.0,heavy,3101,1,3.453,
13113.3,heavy,3102,0,2.147,ECONNREFUSED
13116.7,heavy,3103,1,2.392,
13120.0,heavy,3101,0,4.768,
13123.3,heavy,3102,0,3.774,ECONNREFUSED
13126.7,heavy,3103,1,2.663,
13130.0,heavy,3101,0,4.932,
13133.3,heavy,3102,0,4.165,ECONNREFUSED
13136.7,heavy,3103,0,1.245,
13140.0,heavy,3101,0,3.121,
13143.3,heavy,3102,0,2.192,ECONNREFUSED
13146.7,heavy,3103,1,1.209,
13150.0,heavy,3101,0,2.387,
13153.3,heavy,3102,0,4.140,ECONNREFUSED
13156.7,heavy,3103,1,2.132,
13160.0,heavy,3101,1,3.761,
13163.3,heavy,3102,0,3.459,ECONNREFUSED
13166.7,heavy,3103,1,1.895,
13170.0,heavy,3101,0,3.003,
13173.3,heavy,3102,0,2.683,ECONNREFUSED
13176.7,heavy,3103,0,2.255,
13180.0,heavy,3101,1,3.208,
13183.3,heavy,3102,0,2.060,ECONNREFUSED
13186.7,heavy,3103,1,1.492,
13190.0,heavy,3101,0,3.660,
13193.3,heavy,3102,0,2.823,ECONNREFUSED
13196.7,heavy,3103,0,1.123,
13200.0,light-3,3103,1,3.869,
13200.0,light-1,3101,1,5.052,
13200.0,light-2,3102,0,7.732,ECONNREFUSED
13200.0,light-4,3101,1,7.881,
13200.0,light-5,3102,0,8.162,ECONNREFUSED
13200.0,heavy,3101,0,7.677,
13203.3,heavy,3102,0,7.021,ECONNREFUSED
13206.7,heavy,3103,1,3.250,
13210.0,heavy,3103,1,3.943,
13213.3,heavy,3101,0,3.848,
13216.7,heavy,3102,0,1.900,ECONNREFUSED
13220.0,heavy,3103,1,1.375,
13223.3,heavy,3101,0,3.323,
13226.7,heavy,3102,0,3.329,ECONNREFUSED
13230.0,heavy,3103,0,1.211,
13233.3,heavy,3101,1,3.725,
13236.7,heavy,3102,0,2.817,ECONNREFUSED
13240.0,heavy,3103,1,1.382,
13243.3,heavy,3101,0,2.835,
13246.7,heavy,3102,0,3.858,ECONNREFUSED
13250.0,heavy,3103,1,1.687,
13253.3,heavy,3101,0,4.580,
13256.7,heavy,3102,0,4.672,ECONNREFUSED
13260.0,heavy,3103,1,1.540,
13263.3,heavy,3101,0,4.002,
13266.7,heavy,3102,0,3.501,ECONNREFUSED
13270.0,heavy,3103,1,1.658,
13273.3,heavy,3101,0,4.060,
13276.7,heavy,3102,0,3.196,ECONNREFUSED
13280.0,heavy,3103,0,1.370,
13283.3,heavy,3101,1,3.457,
13286.7,heavy,3102,0,2.254,ECONNREFUSED
13290.0,heavy,3103,1,3.858,
13293.3,heavy,3101,0,6.729,
13296.7,heavy,3102,0,6.952,ECONNREFUSED
13300.0,light-3,3103,1,4.056,
13300.0,light-1,3101,1,5.039,
13300.0,light-4,3101,1,6.530,
13300.0,light-2,3102,0,6.948,ECONNREFUSED
13300.0,light-5,3102,0,6.834,ECONNREFUSED
13300.0,heavy,3103,1,3.531,
13303.3,heavy,3103,0,3.526,
13306.7,heavy,3101,0,3.823,
13310.0,heavy,3102,0,3.006,ECONNREFUSED
13313.3,heavy,3103,1,1.341,
13316.7,heavy,3101,0,3.490,
13320.0,heavy,3102,0,2.253,ECONNREFUSED
13323.3,heavy,3103,1,1.181,
13326.7,heavy,3101,0,3.503,
13330.0,heavy,3102,0,2.494,ECONNREFUSED
13333.3,heavy,3103,1,1.269,
13336.7,heavy,3101,0,2.810,
13340.0,heavy,3102,0,4.408,ECONNREFUSED
13343.3,heavy,3103,1,2.102,
13346.7,heavy,3101,0,3.415,
13350.0,heavy,3102,0,4.019,ECONNREFUSED
13353.3,heavy,3103,1,1.100,
13356.7,heavy,3101,0,4.275,
13360.0,heavy,3102,0,2.832,ECONNREFUSED
13363.3,heavy,3103,1,1.714,
13366.7,heavy,3101,0,4.215,
13370.0,heavy,3102,0,2.004,ECONNREFUSED
13373.3,heavy,3103,1,1.718,
13376.7,heavy,3101,1,3.009,
13380.0,heavy,3102,0,2.344,ECONNREFUSED
13383.3,heavy,3103,0,0.815,
13386.7,heavy,3101,0,3.850,
13390.0,heavy,3102,0,2.287,ECONNREFUSED
13393.3,heavy,3103,1,1.670,
13396.7,heavy,3101,0,3.391,
13400.0,light-4,3103,1,4.153,
13400.0,light-5,3101,1,5.494,
13400.0,light-1,3103,1,9.567,
13400.0,light-3,3102,0,8.117,ECONNREFUSED
13400.0,light-2,3101,1,10.350,
13400.0,heavy,3102,0,10.018,ECONNREFUSED
13403.3,heavy,3103,1,6.270,
13406.7,heavy,3101,1,9.919,
13410.0,heavy,3102,0,10.119,ECONNREFUSED
13413.3,heavy,3102,0,7.594,ECONNREFUSED
13416.7,heavy,3103,0,2.966,
13420.0,heavy,3101,1,3.730,
13423.3,heavy,3102,0,2.857,ECONNREFUSED
13426.7,heavy,3103,1,2.298,
13430.0,heavy,3101,0,5.011,
13433.3,heavy,3102,0,4.318,ECONNREFUSED
13436.7,heavy,3103,1,3.074,
13440.0,heavy,3101,0,5.958,
13443.3,heavy,3102,0,4.149,ECONNREFUSED
13446.7,heavy,3103,0,1.541,
13450.0,heavy,3101,0,3.735,
13453.3,heavy,3102,0,2.908,ECONNREFUSED
13456.7,heavy,3103,1,1.518,
13460.0,heavy,3101,1,3.009,
13463.3,heavy,3102,0,2.670,ECONNREFUSED
13466.7,heavy,3103,0,1.400,
13470.0,heavy,3101,1,3.323,
13473.3,heavy,3102,0,3.310,ECONNREFUSED
13476.7,heavy,3103,0,1.700,
13480.0,heavy,3101,0,2.874,
13483.3,heavy,3102,0,2.231,ECONNREFUSED
13486.7,heavy,3103,1,1.190,
13490.0,heavy,3101,0,2.955,
13493.3,heavy,3102,0,5.780,ECONNREFUSED
13496.7,heavy,3103,1,2.903,
13500.0,light-2,3103,1,3.392,
13500.0,light-5,3103,1,5.084,
13500.0,light-1,3102,0,5.722,ECONNREFUSED
13500.0,light-4,3102,0,5.636,ECONNREFUSED
13500.0,light-3,3101,1,7.304,
13500.0,heavy,3101,1,6.140,
13503.3,heavy,3101,0,5.521,
13506.7,heavy,3102,0,4.178,ECONNREFUSED
13510.0,heavy,3103,0,1.354,
13513.3,heavy,3101,1,3.875,
13516.7,heavy,3102,0,3.165,ECONNREFUSED
13520.0,heavy,3103,0,1.270,
13523.3,heavy,3101,1,4.341,
13526.7,heavy,3102,0,3.480,ECONNREFUSED
13530.0,heavy,3103,1,1.196,
13533.3,heavy,3101,0,4.742,
13536.7,heavy,3102,0,2.864,ECONNREFUSED
13540.0,heavy,3103,0,0.954,
13543.3,heavy,3101,1,3.464,
13546.7,heavy,3102,0,2.581,ECONNREFUSED
13550.0,heavy,3103,1,1.543,
13553.3,heavy,3101,0,3.032,
13556.7,heavy,3102,0,2.061,ECONNREFUSED
13560.0,heavy,3103,1,1.191,
13563.3,heavy,3101,0,3.117,
13566.7,heavy,3102,0,2.323,ECONNREFUSED
13570.0,heavy,3103,1,2.112,
13573.3,heavy,3101,0,3.976,
13576.7,heavy,3102,0,3.659,ECONNREFUSED
13580.0,heavy,3103,1,2.724,
13583.3,heavy,3101,0,2.768,
13586.7,heavy,3102,0,1.993,ECONNREFUSED
13590.0,heavy,3103,1,1.255,
13593.3,heavy,3101,0,2.403,
13596.7,heavy,3102,0,1.986,ECONNREFUSED
13600.0,light-1,3101,1,4.508,
13600.0,light-3,3103,1,4.503,
13600.0,light-4,3101,1,7.098,
13600.0,light-2,3102,0,8.037,ECONNREFUSED
13600.0,light-5,3102,0,8.001,ECONNREFUSED
13600.0,heavy,3103,1,4.346,
13603.3,heavy,3101,0,7.006,
13606.7,heavy,3102,0,8.134,ECONNREFUSED
13610.0,heavy,3103,1,3.942,
13613.3,heavy,3103,0,3.292,
13616.7,heavy,3101,0,2.951,
13620.0,heavy,3102,0,2.406,ECONNREFUSED
13623.3,heavy,3103,1,1.045,
13626.7,heavy,3101,1,3.693,
13630.0,heavy,3102,0,2.704,ECONNREFUSED
13633.3,heavy,3103,0,1.533,
13636.7,heavy,3101,0,4.275,
13640.0,heavy,3102,0,3.193,ECONNREFUSED
13643.3,heavy,3103,1,1.560,
13646.7,heavy,3101,1,5.737,
13650.0,heavy,3102,0,4.185,ECONNREFUSED
13653.3,heavy,3103,0,1.664,
13656.7,heavy,3101,0,4.436,
13660.0,heavy,3102,0,3.586,ECONNREFUSED
13663.3,heavy,3103,1,1.552,
13666.7,heavy,3101,0,3.100,
13670.0,heavy,3102,0,2.669,ECONNREFUSED
13673.3,heavy,3103,1,1.334,
13676.7,heavy,3101,1,3.682,
13680.0,heavy,3102,0,2.824,ECONNREFUSED
13683.3,heavy,3103,0,1.079,
13686.7,heavy,3101,0,4.522,
13690.0,heavy,3102,0,3.760,ECONNREFUSED
13693.3,heavy,3103,1,2.419,
13696.7,heavy,3101,0,2.919,
13700.0,light-4,3103,1,3.187,
13700.0,light-5,3101,1,3.305,
13700.0,light-3,3102,0,3.917,ECONNREFUSED
13700.0,light-2,3101,1,5.304,
13700.0,light-1,3103,1,5.603,
13700.0,heavy,3102,0,3.485,ECONNREFUSED
13703.3,heavy,3102,0,5.077,ECONNREFUSED
13706.7,heavy,3103,1,1.406,
13710.0,heavy,3101,1,3.967,
13713.3,heavy,3102,0,2.029,ECONNREFUSED
13716.7,heavy,3103,0,1.225,
13720.0,heavy,3101,0,3.882,
13723.3,heavy,3102,0,3.229,ECONNREFUSED
13726.7,heavy,3103,1,1.877,
13730.0,heavy,3101,1,2.645,
13733.3,heavy,3102,0,2.272,ECONNREFUSED
13736.7,heavy,3103,1,1.399,
13740.0,heavy,3101,0,3.990,
13743.3,heavy,3102,0,3.150,ECONNREFUSED
13746.7,heavy,3103,0,1.328,
13750.0,heavy,3101,0,4.112,
13753.3,heavy,3102,0,3.380,ECONNREFUSED
13756.7,heavy,3103,1,1.858,
13760.0,heavy,3101,1,3.691,
13763.3,heavy,3102,0,4.195,ECONNREFUSED
13766.7,heavy,3103,0,1.189,
13770.0,heavy,3101,1,3.205,
13773.3,heavy,3102,0,3.161,ECONNREFUSED
13776.7,heavy,3103,0,1.267,
13780.0,heavy,3101,0,3.230,
13783.3,heavy,3102,0,2.357,ECONNREFUSED
13786.7,heavy,3103,1,1.352,
13790.0,heavy,3101,1,2.438,
13793.3,heavy,3102,0,2.185,ECONNREFUSED
13796.7,heavy,3103,1,3.094,
13800.0,light-4,3103,1,3.396,
13800.0,light-5,3101,1,4.542,
13800.0,light-3,3102,0,5.079,ECONNREFUSED
13800.0,light-1,3103,1,6.598,
13800.0,light-2,3101,1,7.722,
13800.0,heavy,3101,0,7.219,
13803.3,heavy,3102,0,4.959,ECONNREFUSED
13806.7,heavy,3102,0,6.466,ECONNREFUSED
13810.0,heavy,3103,0,2.498,
13813.3,heavy,3101,1,3.014,
13816.7,heavy,3102,0,2.303,ECONNREFUSED
13820.0,heavy,3103,0,1.365,
13823.3,heavy,3101,1,4.207,
13826.7,heavy,3102,0,3.571,ECONNREFUSED
13830.0,heavy,3103,1,1.743,
13833.3,heavy,3101,0,4.818,
13836.7,heavy,3102,0,3.383,ECONNREFUSED
13840.0,heavy,3103,0,1.288,
13843.3,heavy,3101,1,3.362,
13846.7,heavy,3102,0,3.534,ECONNREFUSED
13850.0,heavy,3103,1,0.985,
13853.3,heavy,3101,0,3.448,
13856.7,heavy,3102,0,2.277,ECONNREFUSED
13860.0,heavy,3103,1,1.935,
13863.3,heavy,3101,0,3.084,
13866.7,heavy,3102,0,2.580,ECONNREFUSED
13870.0,heavy,3103,0,1.144,
13873.3,heavy,3101,1,5.787,
13876.7,heavy,3102,0,3.014,ECONNREFUSED
13880.0,heavy,3103,1,1.874,
13883.3,heavy,3101,0,6.152,
13886.7,heavy,3102,0,2.285,ECONNREFUSED
13890.0,heavy,3103,0,1.177,
13893.3,heavy,3101,1,3.211,
13896.7,heavy,3102,0,2.213,ECONNREFUSED
13900.0,light-1,3101,1,1.772,
13900.0,light-3,3103,1,3.240,
13900.0,light-2,3102,0,3.789,ECONNREFUSED
13900.0,light-5,3102,0,3.963,ECONNREFUSED
13900.0,light-4,3101,1,4.349,
13900.0,heavy,3103,1,2.852,
13903.3,heavy,3103,0,2.320,
13906.7,heavy,3101,0,3.264,
13910.0,heavy,3102,0,2.631,ECONNREFUSED
13913.3,heavy,3103,1,1.295,
13916.7,heavy,3101,0,5.358,
13920.0,heavy,3102,0,3.805,ECONNREFUSED
13923.3,heavy,3103,1,1.972,
13926.7,heavy,3101,0,5.426,
13930.0,heavy,3102,0,4.717,ECONNREFUSED
13933.3,heavy,3103,1,1.510,
13936.7,heavy,3101,0,3.615,
13940.0,heavy,3102,0,2.594,ECONNREFUSED
13943.3,heavy,3103,1,1.474,
13946.7,heavy,3101,0,2.463,
13950.0,heavy,3102,0,3.790,ECONNREFUSED
13953.3,heavy,3103,1,1.890,
13956.7,heavy,3101,0,3.573,
13960.0,heavy,3102,0,3.400,ECONNREFUSED
13963.3,heavy,3103,1,0.953,
13966.7,heavy,3101,0,4.066,
13970.0,heavy,3102,0,3.258,ECONNREFUSED
13973.3,heavy,3103,1,1.692,
13976.7,heavy,3101,0,3.516,
13980.0,heavy,3102,0,2.741,ECONNREFUSED
13983.3,heavy,3103,1,1.365,
13986.7,heavy,3101,0,3.352,
13990.0,heavy,3102,0,2.964,ECONNREFUSED
13993.3,heavy,3103,1,1.432,
13996.7,heavy,3101,0,4.984,
14000.0,light-3,3103,1,3.046,
14000.0,light-1,3101,1,4.096,
14000.0,light-2,3102,0,4.391,ECONNREFUSED
14000.0,light-5,3102,0,4.546,ECONNREFUSED
14000.0,light-4,3101,1,5.106,
14000.0,heavy,3102,0,4.941,ECONNREFUSED
14003.3,heavy,3103,1,2.476,
14006.7,heavy,3103,0,2.392,
14010.0,heavy,3101,1,2.334,
14013.3,heavy,3102,0,4.314,ECONNREFUSED
14016.7,heavy,3103,1,1.989,
14020.0,heavy,3101,0,3.511,
14023.3,heavy,3102,0,1.522,ECONNREFUSED
14026.7,heavy,3103,1,2.096,
14030.0,heavy,3101,0,3.562,
14033.3,heavy,3102,0,2.960,ECONNREFUSED
14036.7,heavy,3103,0,1.688,
14040.0,heavy,3101,1,3.289,
14043.3,heavy,3102,0,2.233,ECONNREFUSED
14046.7,heavy,3103,1,1.281,
14050.0,heavy,3101,0,2.468,
14053.3,heavy,3102,0,3.249,ECONNREFUSED
14056.7,heavy,3103,0,1.322,
14060.0,heavy,3101,0,3.765,
14063.3,heavy,3102,0,2.992,ECONNREFUSED
14066.7,heavy,3103,1,1.259,
14070.0,heavy,3101,1,2.911,
14073.3,heavy,3102,0,4.794,ECONNREFUSED
14076.7,heavy,3103,1,1.159,
14080.0,heavy,3101,0,3.853,
14083.3,heavy,3102,0,3.671,ECONNREFUSED
14086.7,heavy,3103,0,0.976,
14090.0,heavy,3101,0,4.682,
14093.3,heavy,3102,0,4.172,ECONNREFUSED
14096.7,heavy,3103,1,1.415,
14100.0,light-2,3103,1,3.645,
14100.0,light-1,3102,0,5.429,ECONNREFUSED
14100.0,light-5,3103,1,5.234,
14100.0,light-4,3102,0,5.732,ECONNREFUSED
14100.0,light-3,3101,1,6.756,
14100.0,heavy,3101,1,5.908,
14103.3,heavy,3101,0,4.952,
14106.7,heavy,3102,0,2.628,ECONNREFUSED
14110.0,heavy,3103,1,1.377,
14113.3,heavy,3101,0,3.198,
14116.7,heavy,3102,0,2.152,ECONNREFUSED
14120.0,heavy,3103,1,1.695,
14123.3,heavy,3101,0,3.044,
14126.7,heavy,3102,0,2.518,ECONNREFUSED
14130.0,heavy,3103,0,0.967,
14133.3,heavy,3101,1,4.467,
14136.7,heavy,3102,0,3.192,ECONNREFUSED
14140.0,heavy,3103,1,1.694,
14143.3,heavy,3101,0,4.619,
14146.7,heavy,3102,0,2.592,ECONNREFUSED
14150.0,heavy,3103,1,1.733,
14153.3,heavy,3101,1,3.178,
14156.7,heavy,3102,0,2.655,ECONNREFUSED
14160.0,heavy,3103,0,1.641,
14163.3,heavy,3101,0,5.706,
14166.7,heavy,3102,0,3.930,ECONNREFUSED
14170.0,heavy,3103,1,2.028,
14173.3,heavy,3101,0,5.458,
14176.7,heavy,3102,0,4.552,ECONNREFUSED
14180.0,heavy,3103,0,1.619,
14183.3,heavy,3101,1,4.820,
14186.7,heavy,3102,0,3.553,ECONNREFUSED
14190.0,heavy,3103,1,1.966,
14193.3,heavy,3101,0,4.274,
14196.7,heavy,3102,0,2.325,ECONNREFUSED
14200.0,light-4,3103,1,3.714,
14200.0,light-5,3101,1,5.068,
14200.0,light-3,3102,0,5.536,ECONNREFUSED
14200.0,light-1,3103,1,7.393,
14200.0,light-2,3101,1,7.459,
14200.0,heavy,3103,1,2.912,
14203.3,heavy,3101,0,7.417,
14206.7,heavy,3102,0,5.021,ECONNREFUSED
14210.0,heavy,3102,0,5.992,ECONNREFUSED
14213.3,heavy,3103,1,1.722,
14216.7,heavy,3101,0,3.938,
14220.0,heavy,3102,0,2.844,ECONNREFUSED
14223.3,heavy,3103,1,1.617,
14226.7,heavy,3101,0,2.797,
14230.0,heavy,3102,0,4.252,ECONNREFUSED
14233.3,heavy,3103,1,1.817,
14236.7,heavy,3101,0,4.090,
14240.0,heavy,3102,0,4.809,ECONNREFUSED
14243.3,heavy,3103,1,1.225,
14246.7,heavy,3101,0,3.494,
14250.0,heavy,3102,0,2.559,ECONNREFUSED
14253.3,heavy,3103,1,1.420,
14256.7,heavy,3101,0,2.166,
14260.0,heavy,3102,0,2.152,ECONNREFUSED
14263.3,heavy,3103,1,1.017,
14266.7,heavy,3101,0,2.575,
14270.0,heavy,3102,0,2.024,ECONNREFUSED
14273.3,heavy,3103,1,2.003,
14276.7,heavy,3101,0,3.227,
14280.0,heavy,3102,0,3.461,ECONNREFUSED
14283.3,heavy,3103,1,1.623,
14286.7,heavy,3101,0,2.994,
14290.0,heavy,3102,0,2.631,ECONNREFUSED
14293.3,heavy,3103,1,1.521,
14296.7,heavy,3101,1,4.638,
14300.0,light-4,3103,1,3.394,
14300.0,light-5,3101,1,4.101,
14300.0,light-3,3102,0,5.195,ECONNREFUSED
14300.0,light-1,3103,1,5.565,
14300.0,light-2,3101,1,5.728,
14300.0,heavy,3102,0,4.295,ECONNREFUSED
14303.3,heavy,3102,0,5.424,ECONNREFUSED
14306.7,heavy,3103,0,1.283,
14310.0,heavy,3101,1,4.069,
14313.3,heavy,3102,0,2.940,ECONNREFUSED
14316.7,heavy,3103,0,1.610,
14320.0,heavy,3101,1,3.855,
14323.3,heavy,3102,0,2.701,ECONNREFUSED
14326.7,heavy,3103,1,1.596,
14330.0,heavy,3101,0,4.085,
14333.3,heavy,3102,0,2.415,ECONNREFUSED
14336.7,heavy,3103,0,0.990,
14340.0,heavy,3101,1,3.884,
14343.3,heavy,3102,0,2.852,ECONNREFUSED
14346.7,heavy,3103,0,2.002,
14350.0,heavy,3101,1,3.905,
14353.3,heavy,3102,0,3.045,ECONNREFUSED
14356.7,heavy,3103,1,1.384,
14360.0,heavy,3101,0,4.448,
14363.3,heavy,3102,0,3.206,ECONNREFUSED
14366.7,heavy,3103,0,1.076,
14370.0,heavy,3101,0,3.608,
14373.3,heavy,3102,0,2.944,ECONNREFUSED
14376.7,heavy,3103,1,1.443,
14380.0,heavy,3101,1,3.309,
14383.3,heavy,3102,0,2.554,ECONNREFUSED
14386.7,heavy,3103,1,1.328,
14390.0,heavy,3101,0,3.842,
14393.3,heavy,3102,0,2.251,ECONNREFUSED
14396.7,heavy,3103,0,1.283,
14400.0,light-3,3103,1,2.661,
14400.0,light-1,3101,1,2.920,
14400.0,light-2,3102,0,3.882,ECONNREFUSED
14400.0,light-5,3102,0,4.826,ECONNREFUSED
14400.0,light-4,3101,1,5.037,
14400.0,heavy,3101,0,4.991,
14403.3,heavy,3102,0,3.858,ECONNREFUSED
14406.7,heavy,3103,1,2.089,
14410.0,heavy,3103,0,2.323,
14413.3,heavy,3101,1,1.818,
14416.7,heavy,3102,0,2.362,ECONNREFUSED
14420.0,heavy,3103,1,1.363,
14423.3,heavy,3101,0,2.318,
14426.7,heavy,3102,0,2.200,ECONNREFUSED
14430.0,heavy,3103,1,1.168,
14433.3,heavy,3101,0,2.300,
14436.7,heavy,3102,0,2.417,ECONNREFUSED
14440.0,heavy,3103,0,0.633,
14443.3,heavy,3101,1,4.642,
14446.7,heavy,3102,0,3.068,ECONNREFUSED
14450.0,heavy,3103,1,1.538,
14453.3,heavy,3101,0,4.765,
14456.7,heavy,3102,0,2.802,ECONNREFUSED
14460.0,heavy,3103,1,1.707,
14463.3,heavy,3101,0,2.440,
14466.7,heavy,3102,0,2.295,ECONNREFUSED
14470.0,heavy,3103,0,0.977,
14473.3,heavy,3101,1,2.609,
14476.7,heavy,3102,0,2.281,ECONNREFUSED
14480.0,heavy,3103,1,1.320,
14483.3,heavy,3101,0,2.679,
14486.7,heavy,3102,0,1.985,ECONNREFUSED
14490.0,heavy,3103,1,1.719,
14493.3,heavy,3101,0,3.669,
14496.7,heavy,3102,0,3.435,ECONNREFUSED
14500.0,light-3,3103,1,2.412,
14500.0,light-1,3101,1,3.123,
14500.0,light-2,3102,0,3.381,ECONNREFUSED
14500.0,light-5,3102,0,3.490,ECONNREFUSED
14500.0,light-4,3101,1,3.973,
14500.0,heavy,3103,1,1.984,
14503.3,heavy,3103,0,1.211,
14506.7,heavy,3101,0,2.700,
14510.0,heavy,3102,0,1.839,ECONNREFUSED
14513.3,heavy,3103,1,1.017,
14516.7,heavy,3101,0,3.050,
14520.0,heavy,3102,0,2.588,ECONNREFUSED
14523.3,heavy,3103,1,1.453,
14526.7,heavy,3101,1,2.504,
14530.0,heavy,3102,0,2.711,ECONNREFUSED
14533.3,heavy,3103,0,0.882,
14536.7,heavy,3101,0,2.896,
14540.0,heavy,3102,0,2.088,ECONNREFUSED
14543.3,heavy,3103,1,1.066,
14546.7,heavy,3101,0,2.808,
14550.0,heavy,3102,0,1.541,ECONNREFUSED
14553.3,heavy,3103,1,1.376,
14556.7,heavy,3101,0,1.871,
14560.0,heavy,3102,0,1.693,ECONNREFUSED
14563.3,heavy,3103,1,1.090,
14566.7,heavy,3101,0,2.500,
14570.0,heavy,3102,0,1.732,ECONNREFUSED
14573.3,heavy,3103,1,1.017,
14576.7,heavy,3101,1,2.463,
14580.0,heavy,3102,0,1.600,ECONNREFUSED
14583.3,heavy,3103,1,2.066,
14586.7,heavy,3101,0,2.592,
14590.0,heavy,3102,0,2.237,ECONNREFUSED
14593.3,heavy,3103,0,1.875,
14596.7,heavy,3101,0,1.524,
14600.0,light-4,3103,1,4.138,
14600.0,light-5,3101,1,4.232,
14600.0,light-1,3103,1,5.533,
14600.0,light-3,3102,0,5.596,ECONNREFUSED
14600.0,light-2,3101,1,6.054,
14600.0,heavy,3102,0,5.289,ECONNREFUSED
14603.3,heavy,3103,1,2.727,
14606.7,heavy,3101,1,5.588,
14610.0,heavy,3102,0,4.894,ECONNREFUSED
14613.3,heavy,3102,0,5.069,ECONNREFUSED
14616.7,heavy,3103,0,1.341,
14620.0,heavy,3101,1,2.679,
14623.3,heavy,3102,0,2.309,ECONNREFUSED
14626.7,heavy,3103,0,1.056,
14630.0,heavy,3101,1,5.110,
14633.3,heavy,3102,0,4.235,ECONNREFUSED
14636.7,heavy,3103,1,2.483,
14640.0,heavy,3101,0,4.833,
14643.3,heavy,3102,0,4.792,ECONNREFUSED
14646.7,heavy,3103,0,1.082,
14650.0,heavy,3101,0,2.803,
14653.3,heavy,3102,0,2.024,ECONNREFUSED
14656.7,heavy,3103,1,1.134,
14660.0,heavy,3101,1,3.017,
14663.3,heavy,3102,0,1.884,ECONNREFUSED
14666.7,heavy,3103,1,1.895,
14670.0,heavy,3101,0,3.242,
14673.3,heavy,3102,0,2.942,ECONNREFUSED
14676.7,heavy,3103,0,1.263,
14680.0,heavy,3101,1,3.501,
14683.3,heavy,3102,0,2.113,ECONNREFUSED
14686.7,heavy,3103,1,1.198,
14690.0,heavy,3101,0,4.115,
14693.3,heavy,3102,0,2.565,ECONNREFUSED
14696.7,heavy,3103,0,1.038,
14700.0,light-4,3103,1,3.196,
14700.0,light-3,3102,0,4.075,ECONNREFUSED
14700.0,light-5,3101,1,4.954,
14700.0,light-1,3103,1,6.160,
14700.0,light-2,3101,1,7.106,
14700.0,heavy,3101,1,6.690,
14703.3,heavy,3102,0,5.783,ECONNREFUSED
14706.7,heavy,3102,0,5.939,ECONNREFUSED
14710.0,heavy,3103,0,2.934,
14713.3,heavy,3101,1,2.782,
14716.7,heavy,3102,0,2.713,ECONNREFUSED
14720.0,heavy,3103,1,1.252,
14723.3,heavy,3101,0,2.792,
14726.7,heavy,3102,0,2.250,ECONNREFUSED
14730.0,heavy,3103,1,1.725,
14733.3,heavy,3101,0,2.885,
14736.7,heavy,3102,0,2.200,ECONNREFUSED
14740.0,heavy,3103,1,2.085,
14743.3,heavy,3101,0,3.277,
14746.7,heavy,3102,0,2.834,ECONNREFUSED
14750.0,heavy,3103,1,2.354,
14753.3,heavy,3101,0,2.767,
14756.7,heavy,3102,0,1.845,ECONNREFUSED
14760.0,heavy,3103,1,1.614,
14763.3,heavy,3101,0,2.267,
14766.7,heavy,3102,0,1.910,ECONNREFUSED
14770.0,heavy,3103,1,2.074,
14773.3,heavy,3101,0,3.798,
14776.7,heavy,3102,0,2.993,ECONNREFUSED
14780.0,heavy,3103,1,2.460,
14783.3,heavy,3101,0,3.431,
14786.7,heavy,3102,0,2.120,ECONNREFUSED
14790.0,heavy,3103,1,1.633,
14793.3,heavy,3101,0,3.077,
14796.7,heavy,3102,0,1.959,ECONNREFUSED
14800.0,light-1,3101,1,1.961,
14800.0,light-3,3103,1,2.109,
14800.0,light-4,3101,1,3.399,
14800.0,light-2,3102,0,3.720,ECONNREFUSED
14800.0,light-5,3102,0,3.688,ECONNREFUSED
14800.0,heavy,3103,0,2.193,
14803.3,heavy,3103,1,0.972,
14806.7,heavy,3101,0,2.364,
14810.0,heavy,3102,0,1.806,ECONNREFUSED
14813.3,heavy,3103,1,1.012,
14816.7,heavy,3101,0,3.177,
14820.0,heavy,3102,0,2.211,ECONNREFUSED
14823.3,heavy,3103,1,1.048,
14826.7,heavy,3101,0,2.916,
14830.0,heavy,3102,0,2.440,ECONNREFUSED
14833.3,heavy,3103,1,1.703,
14836.7,heavy,3101,0,2.417,
14840.0,heavy,3102,0,2.202,ECONNREFUSED
14843.3,heavy,3103,1,1.222,
14846.7,heavy,3101,0,1.692,
14850.0,heavy,3102,0,2.567,ECONNREFUSED
14853.3,heavy,3103,1,1.313,
14856.7,heavy,3101,1,2.471,
14860.0,heavy,3102,0,2.617,ECONNREFUSED
14863.3,heavy,3103,1,1.877,
14866.7,heavy,3101,0,3.087,
14870.0,heavy,3102,0,2.323,ECONNREFUSED
14873.3,heavy,3103,0,1.587,
14876.7,heavy,3101,0,2.331,
14880.0,heavy,3102,0,2.529,ECONNREFUSED
14883.3,heavy,3103,1,1.273,
14886.7,heavy,3101,1,2.786,
14890.0,heavy,3102,0,2.579,ECONNREFUSED
14893.3,heavy,3103,0,0.746,
14896.7,heavy,3101,0,5.091,
14900.0,light-2,3103,1,2.393,
14900.0,light-1,3102,0,3.680,ECONNREFUSED
14900.0,light-4,3102,0,3.613,ECONNREFUSED
14900.0,light-5,3103,1,4.043,
14900.0,light-3,3101,1,5.023,
14900.0,heavy,3102,0,3.810,ECONNREFUSED
14903.3,heavy,3103,1,2.062,
14906.7,heavy,3101,0,4.818,
14910.0,heavy,3101,1,4.381,
14913.3,heavy,3102,0,1.169,ECONNREFUSED
14916.7,heavy,3103,1,1.053,
14920.0,heavy,3101,0,2.635,
14923.3,heavy,3102,0,1.387,ECONNREFUSED
14926.7,heavy,3103,1,1.346,
14930.0,heavy,3101,0,2.064,
14933.3,heavy,3102,0,1.702,ECONNREFUSED
14936.7,heavy,3103,0,0.974,
14940.0,heavy,3101,1,3.356,
14943.3,heavy,3102,0,2.642,ECONNREFUSED
14946.7,heavy,3103,1,1.660,
14950.0,heavy,3101,0,3.355,
14953.3,heavy,3102,0,2.637,ECONNREFUSED
14956.7,heavy,3103,0,0.582,
14960.0,heavy,3101,0,2.160,
14963.3,heavy,3102,0,1.573,ECONNREFUSED
14966.7,heavy,3103,1,1.002,
14970.0,heavy,3101,0,1.494,
14973.3,heavy,3102,0,2.042,ECONNREFUSED
14976.7,heavy,3103,1,1.001,
14980.0,heavy,3101,1,2.082,
14983.3,heavy,3102,0,2.169,ECONNREFUSED
14986.7,heavy,3103,0,0.775,
14990.0,heavy,3101,1,4.534,
14993.3,heavy,3102,0,3.423,ECONNREFUSED
14996.7,heavy,3103,1,1.710,
15000.0,light-2,3103,1,1.738,
15000.0,light-1,3102,0,3.415,ECONNREFUSED
15000.0,light-4,3102,0,3.731,ECONNREFUSED
15000.0,light-5,3103,1,3.836,
15000.0,light-3,3101,1,4.416,
15000.0,heavy,3101,0,4.275,
15003.3,heavy,3101,0,3.170,
15006.7,heavy,3102,0,1.122,ECONNREFUSED
15010.0,heavy,3103,1,1.410,
15013.3,heavy,3101,0,1.923,
15016.7,heavy,3102,0,2.150,ECONNREFUSED
15020.0,heavy,3103,1,1.909,
15023.3,heavy,3101,0,2.796,
15026.7,heavy,3102,0,2.422,ECONNREFUSED
15030.0,heavy,3103,1,1.548,
15033.3,heavy,3101,0,1.986,
15036.7,heavy,3102,0,2.692,ECONNREFUSED
15040.0,heavy,3103,1,1.443,
15043.3,heavy,3101,0,2.489,
15046.7,heavy,3102,0,2.617,ECONNREFUSED
15050.0,heavy,3103,0,1.199,
15053.3,heavy,3101,1,2.360,
15056.7,heavy,3102,0,1.819,ECONNREFUSED
15060.0,heavy,3103,1,0.978,
15063.3,heavy,3101,0,2.236,
15066.7,heavy,3102,0,1.226,ECONNREFUSED
15070.0,heavy,3103,1,1.039,
15073.3,heavy,3101,0,1.933,
15076.7,heavy,3102,0,1.670,ECONNREFUSED
15080.0,heavy,3103,0,1.098,
15083.3,heavy,3101,1,3.535,
15086.7,heavy,3102,0,2.968,ECONNREFUSED
15090.0,heavy,3103,1,1.955,
15093.3,heavy,3101,0,3.032,
15096.7,heavy,3102,0,1.878,ECONNREFUSED
15100.0,light-3,3103,1,2.997,
15100.0,light-1,3101,1,3.917,
15100.0,light-4,3101,1,4.011,
15100.0,light-2,3102,0,4.291,ECONNREFUSED
15100.0,light-5,3102,0,4.132,ECONNREFUSED
15100.0,heavy,3103,1,3.424,
15103.3,heavy,3101,0,4.706,
15106.7,heavy,3102,0,4.572,ECONNREFUSED
15110.0,heavy,3103,1,3.170,
15113.3,heavy,3103,0,2.004,
15116.7,heavy,3101,0,1.499,
15120.0,heavy,3102,0,1.864,ECONNREFUSED
15123.3,heavy,3103,1,1.008,
15126.7,heavy,3101,0,1.945,
15130.0,heavy,3102,0,3.595,ECONNREFUSED
15133.3,heavy,3103,1,2.370,
15136.7,heavy,3101,0,3.270,
15140.0,heavy,3102,0,3.394,ECONNREFUSED
15143.3,heavy,3103,1,1.479,
15146.7,heavy,3101,0,1.534,
15150.0,heavy,3102,0,1.699,ECONNREFUSED
15153.3,heavy,3103,1,0.858,
15156.7,heavy,3101,0,1.902,
15160.0,heavy,3102,0,1.607,ECONNREFUSED
15163.3,heavy,3103,1,1.849,
15166.7,heavy,3101,0,2.562,
15170.0,heavy,3102,0,2.325,ECONNREFUSED
15173.3,heavy,3103,1,1.494,
15176.7,heavy,3101,0,2.091,
15180.0,heavy,3102,0,1.597,ECONNREFUSED
15183.3,heavy,3103,1,0.896,
15186.7,heavy,3101,0,1.692,
15190.0,heavy,3102,0,1.364,ECONNREFUSED
15193.3,heavy,3103,1,2.201,
15196.7,heavy,3101,0,3.886,
15200.0,light-3,3103,1,2.313,
15200.0,light-1,3101,1,3.198,
15200.0,light-4,3101,1,3.578,
15200.0,light-2,3102,0,3.865,ECONNREFUSED
15200.0,light-5,3102,0,3.862,ECONNREFUSED
15200.0,heavy,3102,0,3.741,ECONNREFUSED
15203.3,heavy,3103,1,2.385,
15206.7,heavy,3103,0,1.941,
15210.0,heavy,3101,1,2.732,
15213.3,heavy,3102,0,1.995,ECONNREFUSED
15216.7,heavy,3103,1,1.081,
15220.0,heavy,3101,0,2.752,
15223.3,heavy,3102,0,2.694,ECONNREFUSED
15226.7,heavy,3103,1,1.439,
15230.0,heavy,3101,0,2.495,
15233.3,heavy,3102,0,2.575,ECONNREFUSED
15236.7,heavy,3103,0,1.368,
15240.0,heavy,3101,1,2.475,
15243.3,heavy,3102,0,1.554,ECONNREFUSED
15246.7,heavy,3103,1,0.998,
15250.0,heavy,3101,0,2.338,
15253.3,heavy,3102,0,1.311,ECONNREFUSED
15256.7,heavy,3103,1,0.925,
15260.0,heavy,3101,0,2.200,
15263.3,heavy,3102,0,1.774,ECONNREFUSED
15266.7,heavy,3103,0,1.030,
15270.0,heavy,3101,1,3.305,
15273.3,heavy,3102,0,2.424,ECONNREFUSED
15276.7,heavy,3103,1,1.318,
15280.0,heavy,3101,0,3.025,
15283.3,heavy,3102,0,2.387,ECONNREFUSED
15286.7,heavy,3103,1,1.241,
15290.0,heavy,3101,0,2.442,
15293.3,heavy,3102,0,1.575,ECONNREFUSED
15296.7,heavy,3103,0,1.243,
15300.0,light-2,3103,1,1.066,
15300.0,light-1,3102,0,1.662,ECONNREFUSED
15300.0,light-4,3102,0,1.622,ECONNREFUSED
15300.0,light-5,3103,1,2.512,
15300.0,light-3,3101,1,2.863,
15300.0,heavy,3101,1,2.861,
15303.3,heavy,3101,0,1.344,
15306.7,heavy,3102,0,1.707,ECONNREFUSED
15310.0,heavy,3103,1,0.944,
15313.3,heavy,3101,0,1.707,
15316.7,heavy,3102,0,1.949,ECONNREFUSED
15320.0,heavy,3103,1,0.973,
15323.3,heavy,3101,0,1.942,
15326.7,heavy,3102,0,1.838,ECONNREFUSED
15330.0,heavy,3103,0,1.382,
15333.3,heavy,3101,1,3.493,
15336.7,heavy,3102,0,2.664,ECONNREFUSED
15340.0,heavy,3103,1,1.510,
15343.3,heavy,3101,0,3.183,
15346.7,heavy,3102,0,2.358,ECONNREFUSED
15350.0,heavy,3103,1,1.805,
15353.3,heavy,3101,0,3.164,
15356.7,heavy,3102,0,2.420,ECONNREFUSED
15360.0,heavy,3103,1,1.439,
15363.3,heavy,3101,0,2.494,
15366.7,heavy,3102,0,2.642,ECONNREFUSED
15370.0,heavy,3103,1,1.391,
15373.3,heavy,3101,0,2.713,
15376.7,heavy,3102,0,2.556,ECONNREFUSED
15380.0,heavy,3103,1,1.391,
15383.3,heavy,3101,0,2.434,
15386.7,heavy,3102,0,2.216,ECONNREFUSED
15390.0,heavy,3103,1,1.249,
15393.3,heavy,3101,0,2.046,
15396.7,heavy,3102,0,4.576,ECONNREFUSED
15400.0,light-4,3103,1,3.581,
15400.0,light-5,3101,1,4.000,
15400.0,light-3,3102,0,4.535,ECONNREFUSED
15400.0,light-1,3103,1,4.793,
15400.0,light-2,3101,1,5.850,
15400.0,heavy,3103,1,2.100,
15403.3,heavy,3101,0,5.152,
15406.7,heavy,3102,0,4.555,ECONNREFUSED
15410.0,heavy,3102,0,4.391,ECONNREFUSED
15413.3,heavy,3103,1,1.338,
15416.7,heavy,3101,1,2.538,
15420.0,heavy,3102,0,1.930,ECONNREFUSED
15423.3,heavy,3103,0,1.152,
15426.7,heavy,3101,0,2.307,
15430.0,heavy,3102,0,1.519,ECONNREFUSED
15433.3,heavy,3103,1,0.924,
15436.7,heavy,3101,0,2.171,
15440.0,heavy,3102,0,1.107,ECONNREFUSED
15443.3,heavy,3103,1,1.601,
15446.7,heavy,3101,0,2.934,
15450.0,heavy,3102,0,2.722,ECONNREFUSED
15453.3,heavy,3103,1,1.978,
15456.7,heavy,3101,0,2.035,
15460.0,heavy,3102,0,22.931,ECONNREFUSED
15463.3,heavy,3103,1,0.793,
15466.7,heavy,3101,0,1.813,
15470.0,heavy,3102,0,22.373,ECONNREFUSED
15473.3,heavy,3103,1,1.017,
15476.7,heavy,3101,0,1.949,
15480.0,heavy,3102,0,7.479,ECONNREFUSED
15483.3,heavy,3103,1,0.878,
15486.7,heavy,3101,0,1.739,
15490.0,heavy,3102,0,3.643,ECONNREFUSED
15493.3,heavy,3103,1,0.866,
15496.7,heavy,3101,1,4.832,
15500.0,light-4,3103,1,2.202,
15500.0,light-5,3101,1,2.723,
15500.0,light-3,3102,0,3.105,ECONNREFUSED
15500.0,light-1,3103,1,4.419,
15500.0,light-2,3101,1,4.573,
15500.0,heavy,3102,0,2.748,ECONNREFUSED
15503.3,heavy,3102,0,3.848,ECONNREFUSED
15506.7,heavy,3103,0,0.732,
15510.0,heavy,3101,1,3.282,
15513.3,heavy,3102,0,4.169,ECONNREFUSED
15516.7,heavy,3103,0,1.283,
15520.0,heavy,3101,0,1.818,
15523.3,heavy,3102,0,2.688,ECONNREFUSED
15526.7,heavy,3103,1,1.338,
15530.0,heavy,3101,1,2.554,
15533.3,heavy,3102,0,1.813,ECONNREFUSED
15536.7,heavy,3103,1,1.099,
15540.0,heavy,3101,0,2.257,
15543.3,heavy,3102,0,1.661,ECONNREFUSED
15546.7,heavy,3103,1,1.376,
15550.0,heavy,3101,0,1.878,
15553.3,heavy,3102,0,1.615,ECONNREFUSED
15556.7,heavy,3103,0,1.297,
15560.0,heavy,3101,1,3.461,
15563.3,heavy,3102,0,2.689,ECONNREFUSED
15566.7,heavy,3103,1,1.608,
15570.0,heavy,3101,0,2.904,
15573.3,heavy,3102,0,2.450,ECONNREFUSED
15576.7,heavy,3103,0,0.809,
15580.0,heavy,3101,0,3.531,
15583.3,heavy,3102,0,2.602,ECONNREFUSED
15586.7,heavy,3103,1,1.580,
15590.0,heavy,3101,1,2.578,
15593.3,heavy,3102,0,1.255,ECONNREFUSED
15596.7,heavy,3103,1,2.528,
15600.0,light-4,3103,1,2.757,
15600.0,light-5,3101,1,3.705,
15600.0,light-3,3102,0,4.089,ECONNREFUSED
15600.0,light-1,3103,1,4.624,
15600.0,light-2,3101,1,5.041,
15600.0,heavy,3101,0,4.773,
15603.3,heavy,3102,0,3.915,ECONNREFUSED
15606.7,heavy,3102,0,3.999,ECONNREFUSED
15610.0,heavy,3103,0,0.714,
15613.3,heavy,3101,1,2.614,
15616.7,heavy,3102,0,2.030,ECONNREFUSED
15620.0,heavy,3103,1,1.164,
15623.3,heavy,3101,0,3.556,
15626.7,heavy,3102,0,2.621,ECONNREFUSED
15630.0,heavy,3103,1,1.333,
15633.3,heavy,3101,0,3.396,
15636.7,heavy,3102,0,2.950,ECONNREFUSED
15640.0,heavy,3103,1,1.472,
15643.3,heavy,3101,0,2.640,
15646.7,heavy,3102,0,2.302,ECONNREFUSED
15650.0,heavy,3103,1,1.919,
15653.3,heavy,3101,0,8.315,
15656.7,heavy,3102,0,2.157,ECONNREFUSED
15660.0,heavy,3103,1,1.032,
15663.3,heavy,3101,0,2.030,
15666.7,heavy,3102,0,1.768,ECONNREFUSED
15670.0,heavy,3103,1,1.822,
15673.3,heavy,3101,0,3.732,
15676.7,heavy,3102,0,2.654,ECONNREFUSED
15680.0,heavy,3103,1,2.170,
15683.3,heavy,3101,0,4.062,
15686.7,heavy,3102,0,2.135,ECONNREFUSED
15690.0,heavy,3103,1,1.156,
15693.3,heavy,3101,0,3.012,
15696.7,heavy,3102,0,4.487,ECONNREFUSED
15700.0,light-3,3103,1,2.462,
15700.0,light-1,3101,1,3.139,
15700.0,light-4,3101,1,4.153,
15700.0,light-2,3102,0,4.578,ECONNREFUSED
15700.0,light-5,3102,0,4.652,ECONNREFUSED
15700.0,heavy,3103,0,2.627,
15703.3,heavy,3103,1,1.412,
15706.7,heavy,3101,0,2.944,
15710.0,heavy,3102,0,2.187,ECONNREFUSED
15713.3,heavy,3103,1,1.245,
15716.7,heavy,3101,0,4.349,
15720.0,heavy,3102,0,3.253,ECONNREFUSED
15723.3,heavy,3103,1,1.714,
15726.7,heavy,3101,1,4.161,
15730.0,heavy,3102,0,3.321,ECONNREFUSED
15733.3,heavy,3103,0,0.975,
15736.7,heavy,3101,0,2.980,
15740.0,heavy,3102,0,2.273,ECONNREFUSED
15743.3,heavy,3103,1,1.369,
15746.7,heavy,3101,0,2.097,
15750.0,heavy,3102,0,3.683,ECONNREFUSED
15753.3,heavy,3103,1,1.350,
15756.7,heavy,3101,1,2.815,
15760.0,heavy,3102,0,2.953,ECONNREFUSED
15763.3,heavy,3103,0,1.130,
15766.7,heavy,3101,0,2.576,
15770.0,heavy,3102,0,2.016,ECONNREFUSED
15773.3,heavy,3103,1,1.216,
15776.7,heavy,3101,0,1.931,
15780.0,heavy,3102,0,2.525,ECONNREFUSED
15783.3,heavy,3103,1,1.460,
15786.7,heavy,3101,0,2.409,
15790.0,heavy,3102,0,2.518,ECONNREFUSED
15793.3,heavy,3103,1,0.987,
15796.7,heavy,3101,0,3.661,
15800.0,light-2,3103,1,1.635,
15800.0,light-1,3102,0,2.615,ECONNREFUSED
15800.0,light-4,3102,0,2.548,ECONNREFUSED
15800.0,light-5,3103,1,3.019,
15800.0,light-3,3101,1,3.459,
15800.0,heavy,3102,0,2.734,ECONNREFUSED
15803.3,heavy,3103,1,1.377,
15806.7,heavy,3101,0,3.356,
15810.0,heavy,3101,1,2.479,
15813.3,heavy,3102,0,1.184,ECONNREFUSED
15816.7,heavy,3103,1,1.337,
15820.0,heavy,3101,0,1.887,
15823.3,heavy,3102,0,1.607,ECONNREFUSED
15826.7,heavy,3103,1,1.497,
15830.0,heavy,3101,0,2.149,
15833.3,heavy,3102,0,2.264,ECONNREFUSED
15836.7,heavy,3103,0,1.248,
15840.0,heavy,3101,1,2.013,
15843.3,heavy,3102,0,2.758,ECONNREFUSED
15846.7,heavy,3103,1,1.321,
15850.0,heavy,3101,0,2.632,
15853.3,heavy,3102,0,2.767,ECONNREFUSED
15856.7,heavy,3103,0,1.056,
15860.0,heavy,3101,1,2.786,
15863.3,heavy,3102,0,1.687,ECONNREFUSED
15866.7,heavy,3103,1,0.934,
15870.0,heavy,3101,0,3.077,
15873.3,heavy,3102,0,1.287,ECONNREFUSED
15876.7,heavy,3103,1,1.036,
15880.0,heavy,3101,0,2.137,
15883.3,heavy,3102,0,1.839,ECONNREFUSED
15886.7,heavy,3103,0,1.182,
15890.0,heavy,3101,1,5.187,
15893.3,heavy,3102,0,3.760,ECONNREFUSED
15896.7,heavy,3103,1,2.099,
15900.0,light-2,3103,1,2.535,
15900.0,light-1,3102,0,3.770,ECONNREFUSED
15900.0,light-4,3102,0,3.806,ECONNREFUSED
15900.0,light-5,3103,1,4.522,
15900.0,light-3,3101,1,5.633,
15900.0,heavy,3101,0,5.024,
15903.3,heavy,3101,0,4.588,
15906.7,heavy,3102,0,1.658,ECONNREFUSED
15910.0,heavy,3103,1,1.421,
15913.3,heavy,3101,0,3.027,
15916.7,heavy,3102,0,1.644,ECONNREFUSED
15920.0,heavy,3103,0,0.601,
15923.3,heavy,3101,1,2.795,
15926.7,heavy,3102,0,2.280,ECONNREFUSED
15930.0,heavy,3103,1,1.495,
15933.3,heavy,3101,0,2.699,
15936.7,heavy,3102,0,2.619,ECONNREFUSED
15940.0,heavy,3103,1,1.238,
15943.3,heavy,3101,0,2.348,
15946.7,heavy,3102,0,2.598,ECONNREFUSED
15950.0,heavy,3103,0,0.984,
15953.3,heavy,3101,1,2.928,
15956.7,heavy,3102,0,2.077,ECONNREFUSED
15960.0,heavy,3103,1,1.203,
15963.3,heavy,3101,0,3.080,
15966.7,heavy,3102,0,1.506,ECONNREFUSED
15970.0,heavy,3103,1,1.050,
15973.3,heavy,3101,0,2.092,
15976.7,heavy,3102,0,1.870,ECONNREFUSED
15980.0,heavy,3103,0,0.571,
15983.3,heavy,3101,1,3.715,
15986.7,heavy,3102,0,2.756,ECONNREFUSED
15990.0,heavy,3103,1,1.607,
15993.3,heavy,3101,0,3.250,
15996.7,heavy,3102,0,2.388,ECONNREFUSED
16000.0,light-3,3103,1,2.441,
16000.0,light-1,3101,1,2.964,
16000.0,light-2,3102,0,3.094,ECONNREFUSED
16000.0,light-5,3102,0,3.553,ECONNREFUSED
16000.0,light-4,3101,1,3.639,
16000.0,heavy,3103,1,2.253,
16003.3,heavy,3101,0,3.735,
16006.7,heavy,3102,0,3.329,ECONNREFUSED
16010.0,heavy,3103,1,2.137,
16013.3,heavy,3103,0,0.537,
16016.7,heavy,3101,0,2.334,
16020.0,heavy,3102,0,1.700,ECONNREFUSED
16023.3,heavy,3103,1,1.032,
16026.7,heavy,3101,0,2.223,
16030.0,heavy,3102,0,3.882,ECONNREFUSED
16033.3,heavy,3103,1,1.941,
16036.7,heavy,3101,1,3.047,
16040.0,heavy,3102,0,2.927,ECONNREFUSED
16043.3,heavy,3103,0,1.258,
16046.7,heavy,3101,0,3.423,
16050.0,heavy,3102,0,2.243,ECONNREFUSED
16053.3,heavy,3103,1,1.250,
16056.7,heavy,3101,0,4.213,
16060.0,heavy,3102,0,2.222,ECONNREFUSED
16063.3,heavy,3103,1,1.996,
16066.7,heavy,3101,1,3.132,
16070.0,heavy,3102,0,2.501,ECONNREFUSED
16073.3,heavy,3103,0,1.731,
16076.7,heavy,3101,0,2.012,
16080.0,heavy,3102,0,2.485,ECONNREFUSED
16083.3,heavy,3103,1,1.177,
16086.7,heavy,3101,0,2.493,
16090.0,heavy,3102,0,2.269,ECONNREFUSED
16093.3,heavy,3103,1,0.667,
16096.7,heavy,3101,0,4.262,
16100.0,light-3,3103,1,2.154,
16100.0,light-1,3101,1,3.038,
16100.0,light-2,3102,0,3.703,ECONNREFUSED
16100.0,light-4,3101,1,3.930,
16100.0,light-5,3102,0,4.020,ECONNREFUSED
16100.0,heavy,3102,0,4.563,ECONNREFUSED
16103.3,heavy,3103,1,1.504,
16106.7,heavy,3103,0,1.360,
16110.0,heavy,3101,0,2.569,
16113.3,heavy,3102,0,1.896,ECONNREFUSED
16116.7,heavy,3103,1,1.236,
16120.0,heavy,3101,1,1.729,
16123.3,heavy,3102,0,3.014,ECONNREFUSED
16126.7,heavy,3103,1,1.308,
16130.0,heavy,3101,0,2.973,
16133.3,heavy,3102,0,3.175,ECONNREFUSED
16136.7,heavy,3103,0,1.277,
16140.0,heavy,3101,1,3.140,
16143.3,heavy,3102,0,2.134,ECONNREFUSED
16146.7,heavy,3103,1,1.147,
16150.0,heavy,3101,0,3.395,
16153.3,heavy,3102,0,1.742,ECONNREFUSED
16156.7,heavy,3103,1,1.479,
16160.0,heavy,3101,0,2.637,
16163.3,heavy,3102,0,2.356,ECONNREFUSED
16166.7,heavy,3103,0,0.898,
16170.0,heavy,3101,1,3.716,
16173.3,heavy,3102,0,2.805,ECONNREFUSED
16176.7,heavy,3103,1,1.255,
16180.0,heavy,3101,0,3.821,
16183.3,heavy,3102,0,2.089,ECONNREFUSED
16186.7,heavy,3103,1,1.541,
16190.0,heavy,3101,0,3.070,
16193.3,heavy,3102,0,2.822,ECONNREFUSED
16196.7,heavy,3103,0,2.417,
16200.0,light-2,3103,1,2.141,
16200.0,light-1,3102,0,3.436,ECONNREFUSED
16200.0,light-5,3103,1,3.369,
16200.0,light-4,3102,0,3.725,ECONNREFUSED
16200.0,light-3,3101,1,4.557,
16200.0,heavy,3101,1,4.189,
16203.3,heavy,3101,0,1.821,
16206.7,heavy,3102,0,1.797,ECONNREFUSED
16210.0,heavy,3103,1,0.699,
16213.3,heavy,3101,0,1.636,
16216.7,heavy,3102,0,2.839,ECONNREFUSED
16220.0,heavy,3103,1,1.637,
16223.3,heavy,3101,0,2.527,
16226.7,heavy,3102,0,2.584,ECONNREFUSED
16230.0,heavy,3103,0,1.325,
16233.3,heavy,3101,1,2.364,
16236.7,heavy,3102,0,1.877,ECONNREFUSED
16240.0,heavy,3103,1,1.188,
16243.3,heavy,3101,0,2.397,
16246.7,heavy,3102,0,4.258,ECONNREFUSED
16250.0,heavy,3103,1,1.944,
16253.3,heavy,3101,1,4.142,
16256.7,heavy,3102,0,4.502,ECONNREFUSED
16260.0,heavy,3103,0,2.560,
16263.3,heavy,3101,0,2.459,
16266.7,heavy,3102,0,2.502,ECONNREFUSED
16270.0,heavy,3103,1,1.214,
16273.3,heavy,3101,0,2.454,
16276.7,heavy,3102,0,2.139,ECONNREFUSED
16280.0,heavy,3103,1,0.927,
16283.3,heavy,3101,0,1.770,
16286.7,heavy,3102,0,1.982,ECONNREFUSED
16290.0,heavy,3103,1,1.171,
16293.3,heavy,3101,0,4.473,
16296.7,heavy,3102,0,3.414,ECONNREFUSED
16300.0,light-2,3103,1,2.403,
16300.0,light-1,3102,0,3.400,ECONNREFUSED
16300.0,light-4,3102,0,3.705,ECONNREFUSED
16300.0,light-5,3103,1,3.786,
16300.0,light-3,3101,1,4.613,
16300.0,heavy,3103,1,2.004,
16303.3,heavy,3101,0,4.364,
16306.7,heavy,3101,0,3.711,
16310.0,heavy,3102,0,1.179,ECONNREFUSED
16313.3,heavy,3103,1,1.233,
16316.7,heavy,3101,1,1.628,
16320.0,heavy,3102,0,1.406,ECONNREFUSED
16323.3,heavy,3103,1,1.185,
16326.7,heavy,3101,0,2.355,
16330.0,heavy,3102,0,2.466,ECONNREFUSED
16333.3,heavy,3103,0,1.408,
16336.7,heavy,3101,0,1.879,
16340.0,heavy,3102,0,2.927,ECONNREFUSED
16343.3,heavy,3103,1,1.445,
16346.7,heavy,3101,1,2.798,
16350.0,heavy,3102,0,2.942,ECONNREFUSED
16353.3,heavy,3103,0,1.107,
16356.7,heavy,3101,0,2.489,
16360.0,heavy,3102,0,1.647,ECONNREFUSED
16363.3,heavy,3103,1,0.935,
16366.7,heavy,3101,0,2.354,
16370.0,heavy,3102,0,3.378,ECONNREFUSED
16373.3,heavy,3103,1,1.963,
16376.7,heavy,3101,0,3.119,
16380.0,heavy,3102,0,3.177,ECONNREFUSED
16383.3,heavy,3103,1,1.530,
16386.7,heavy,3101,0,2.265,
16390.0,heavy,3102,0,1.437,ECONNREFUSED
16393.3,heavy,3103,1,0.856,
16396.7,heavy,3101,0,2.283,
16400.0,light-5,3101,1,1.740,
16400.0,light-4,3103,1,1.890,
16400.0,light-3,3102,0,2.547,ECONNREFUSED
16400.0,light-2,3101,1,2.719,
16400.0,light-1,3103,1,2.821,
16400.0,heavy,3102,0,2.379,ECONNREFUSED
16403.3,heavy,3102,0,1.109,ECONNREFUSED
16406.7,heavy,3103,1,1.325,
16410.0,heavy,3101,1,1.959,
16413.3,heavy,3102,0,1.639,ECONNREFUSED
16416.7,heavy,3103,1,1.730,
16420.0,heavy,3101,0,3.575,
16423.3,heavy,3102,0,1.953,ECONNREFUSED
16426.7,heavy,3103,0,1.600,
16430.0,heavy,3101,1,2.435,
16433.3,heavy,3102,0,2.256,ECONNREFUSED
16436.7,heavy,3103,1,1.285,
16440.0,heavy,3101,0,2.280,
16443.3,heavy,3102,0,2.376,ECONNREFUSED
16446.7,heavy,3103,0,0.521,
16450.0,heavy,3101,1,5.196,
16453.3,heavy,3102,0,3.920,ECONNREFUSED
16456.7,heavy,3103,1,1.550,
16460.0,heavy,3101,0,5.126,
16463.3,heavy,3102,0,2.916,ECONNREFUSED
16466.7,heavy,3103,0,0.578,
16470.0,heavy,3101,1,1.754,
16473.3,heavy,3102,0,1.313,ECONNREFUSED
16476.7,heavy,3103,0,0.588,
16480.0,heavy,3101,1,4.606,
16483.3,heavy,3102,0,3.431,ECONNREFUSED
16486.7,heavy,3103,1,1.608,
16490.0,heavy,3101,0,4.141,
16493.3,heavy,3102,0,3.159,ECONNREFUSED
16496.7,heavy,3103,0,1.001,
16500.0,light-3,3103,1,1.953,
16500.0,light-1,3101,1,3.034,
16500.0,light-2,3102,0,3.198,ECONNREFUSED
16500.0,light-4,3101,1,3.663,
16500.0,light-5,3102,0,3.819,ECONNREFUSED
16500.0,heavy,3101,0,3.672,
16503.3,heavy,3102,0,3.622,ECONNREFUSED
16506.7,heavy,3103,1,1.614,
16510.0,heavy,3103,0,1.473,
16513.3,heavy,3101,1,2.457,
16516.7,heavy,3102,0,1.429,ECONNREFUSED
16520.0,heavy,3103,1,0.811,
16523.3,heavy,3101,0,2.401,
16526.7,heavy,3102,0,2.644,ECONNREFUSED
16530.0,heavy,3103,1,1.366,
16533.3,heavy,3101,0,1.999,
16536.7,heavy,3102,0,2.112,ECONNREFUSED
16540.0,heavy,3103,0,1.182,
16543.3,heavy,3101,1,2.260,
16546.7,heavy,3102,0,1.403,ECONNREFUSED
16550.0,heavy,3103,1,0.822,
16553.3,heavy,3101,0,2.243,
16556.7,heavy,3102,0,1.350,ECONNREFUSED
16560.0,heavy,3103,1,1.406,
16563.3,heavy,3101,0,2.161,
16566.7,heavy,3102,0,1.968,ECONNREFUSED
16570.0,heavy,3103,1,1.062,
16573.3,heavy,3101,0,1.532,
16576.7,heavy,3102,0,2.022,ECONNREFUSED
16580.0,heavy,3103,1,1.253,
16583.3,heavy,3101,0,2.006,
16586.7,heavy,3102,0,1.787,ECONNREFUSED
16590.0,heavy,3103,1,2.931,
16593.3,heavy,3101,0,3.594,
16596.7,heavy,3102,0,3.935,ECONNREFUSED
16600.0,light-3,3103,1,2.679,
16600.0,light-1,3101,1,2.796,
16600.0,light-2,3102,0,4.152,ECONNREFUSED
16600.0,light-4,3101,1,4.147,
16600.0,light-5,3102,0,4.217,ECONNREFUSED
16600.0,heavy,3103,1,2.716,
16603.3,heavy,3103,0,2.355,
16606.7,heavy,3101,0,1.492,
16610.0,heavy,3102,0,2.224,ECONNREFUSED
16613.3,heavy,3103,1,1.241,
16616.7,heavy,3101,0,2.648,
16620.0,heavy,3102,0,2.893,ECONNREFUSED
16623.3,heavy,3103,1,1.363,
16626.7,heavy,3101,1,2.892,
16630.0,heavy,3102,0,3.074,ECONNREFUSED
16633.3,heavy,3103,0,1.223,
16636.7,heavy,3101,0,2.678,
16640.0,heavy,3102,0,1.680,ECONNREFUSED
16643.3,heavy,3103,1,0.920,
16646.7,heavy,3101,0,2.598,
16650.0,heavy,3102,0,1.502,ECONNREFUSED
16653.3,heavy,3103,1,1.588,
16656.7,heavy,3101,0,2.380,
16660.0,heavy,3102,0,2.112,ECONNREFUSED
16663.3,heavy,3103,1,1.740,
16666.7,heavy,3101,0,2.950,
16670.0,heavy,3102,0,2.062,ECONNREFUSED
16673.3,heavy,3103,1,0.968,
16676.7,heavy,3101,0,3.021,
16680.0,heavy,3102,0,1.832,ECONNREFUSED
16683.3,heavy,3103,1,1.795,
16686.7,heavy,3101,0,3.242,
16690.0,heavy,3102,0,2.065,ECONNREFUSED
16693.3,heavy,3103,1,2.371,
16696.7,heavy,3101,0,2.601,
16700.0,light-2,3103,1,2.458,
16700.0,light-5,3103,1,4.393,
16700.0,light-1,3102,0,4.914,ECONNREFUSED
16700.0,light-4,3102,0,4.769,ECONNREFUSED
16700.0,light-3,3101,1,5.669,
16700.0,heavy,3102,0,4.927,ECONNREFUSED
16703.3,heavy,3103,1,2.575,
16706.7,heavy,3101,1,5.172,
16710.0,heavy,3101,0,3.931,
16713.3,heavy,3102,0,2.379,ECONNREFUSED
16716.7,heavy,3103,0,0.650,
16720.0,heavy,3101,1,2.756,
16723.3,heavy,3102,0,1.851,ECONNREFUSED
16726.7,heavy,3103,0,1.162,
16730.0,heavy,3101,1,3.569,
16733.3,heavy,3102,0,2.980,ECONNREFUSED
16736.7,heavy,3103,1,0.918,
16740.0,heavy,3101,0,3.612,
16743.3,heavy,3102,0,2.204,ECONNREFUSED
16746.7,heavy,3103,1,1.951,
16750.0,heavy,3101,0,3.082,
16753.3,heavy,3102,0,2.843,ECONNREFUSED
16756.7,heavy,3103,0,1.597,
16760.0,heavy,3101,1,2.500,
16763.3,heavy,3102,0,3.431,ECONNREFUSED
16766.7,heavy,3103,1,1.720,
16770.0,heavy,3101,0,3.583,
16773.3,heavy,3102,0,3.371,ECONNREFUSED
16776.7,heavy,3103,0,0.836,
16780.0,heavy,3101,0,2.289,
16783.3,heavy,3102,0,2.217,ECONNREFUSED
16786.7,heavy,3103,1,1.477,
16790.0,heavy,3101,0,1.467,
16793.3,heavy,3102,0,4.377,ECONNREFUSED
16796.7,heavy,3103,1,2.220,
16800.0,light-4,3103,1,2.817,
16800.0,light-5,3101,1,3.138,
16800.0,light-3,3102,0,3.670,ECONNREFUSED
16800.0,light-1,3103,1,4.041,
16800.0,light-2,3101,1,4.051,
16800.0,heavy,3101,1,3.843,
16803.3,heavy,3102,0,3.732,ECONNREFUSED
16806.7,heavy,3102,0,2.840,ECONNREFUSED
16810.0,heavy,3103,1,1.761,
16813.3,heavy,3101,0,2.987,
16816.7,heavy,3102,0,2.600,ECONNREFUSED
16820.0,heavy,3103,1,1.247,
16823.3,heavy,3101,0,2.851,
16826.7,heavy,3102,0,1.953,ECONNREFUSED
16830.0,heavy,3103,1,0.934,
16833.3,heavy,3101,0,2.984,
16836.7,heavy,3102,0,1.838,ECONNREFUSED
16840.0,heavy,3103,1,1.232,
16843.3,heavy,3101,1,1.980,
16846.7,heavy,3102,0,1.638,ECONNREFUSED
16850.0,heavy,3103,0,1.307,
16853.3,heavy,3101,0,2.725,
16856.7,heavy,3102,0,1.970,ECONNREFUSED
16860.0,heavy,3103,1,1.121,
16863.3,heavy,3101,0,2.576,
16866.7,heavy,3102,0,2.105,ECONNREFUSED
16870.0,heavy,3103,1,1.088,
16873.3,heavy,3101,0,2.668,
16876.7,heavy,3102,0,2.007,ECONNREFUSED
16880.0,heavy,3103,1,1.273,
16883.3,heavy,3101,0,1.842,
16886.7,heavy,3102,0,3.283,ECONNREFUSED
16890.0,heavy,3103,1,1.494,
16893.3,heavy,3101,0,2.848,
16896.7,heavy,3102,0,3.779,ECONNREFUSED
16900.0,light-1,3101,1,1.749,
16900.0,light-3,3103,1,1.917,
16900.0,light-4,3101,1,2.958,
16900.0,light-2,3102,0,3.317,ECONNREFUSED
16900.0,light-5,3102,0,3.251,ECONNREFUSED
16900.0,heavy,3103,0,1.912,
16903.3,heavy,3103,1,1.013,
16906.7,heavy,3101,0,2.934,
16910.0,heavy,3102,0,2.073,ECONNREFUSED
16913.3,heavy,3103,1,1.151,
16916.7,heavy,3101,0,2.242,
16920.0,heavy,3102,0,2.674,ECONNREFUSED
16923.3,heavy,3103,1,1.238,
16926.7,heavy,3101,0,3.119,
16930.0,heavy,3102,0,2.692,ECONNREFUSED
16933.3,heavy,3103,1,0.834,
16936.7,heavy,3101,0,3.004,
16940.0,heavy,3102,0,2.441,ECONNREFUSED
16943.3,heavy,3103,1,1.265,
16946.7,heavy,3101,0,2.388,
16950.0,heavy,3102,0,4.478,ECONNREFUSED
16953.3,heavy,3103,1,1.538,
16956.7,heavy,3101,1,2.581,
16960.0,heavy,3102,0,2.166,ECONNREFUSED
16963.3,heavy,3103,0,0.862,
16966.7,heavy,3101,0,3.094,
16970.0,heavy,3102,0,1.971,ECONNREFUSED
16973.3,heavy,3103,1,1.119,
16976.7,heavy,3101,0,3.002,
16980.0,heavy,3102,0,4.670,ECONNREFUSED
16983.3,heavy,3103,1,1.666,
16986.7,heavy,3101,1,3.577,
16990.0,heavy,3102,0,3.771,ECONNREFUSED
16993.3,heavy,3103,0,1.770,
16996.7,heavy,3101,0,2.460,
17000.0,light-2,3103,1,2.553,
17000.0,light-1,3102,0,4.209,ECONNREFUSED
17000.0,light-5,3103,1,4.166,
17000.0,light-3,3101,1,4.981,
17000.0,light-4,3102,0,5.185,ECONNREFUSED
17000.0,heavy,3102,0,5.076,ECONNREFUSED
17003.3,heavy,3103,1,2.042,
17006.7,heavy,3101,0,4.394,
17010.0,heavy,3101,1,2.650,
17013.3,heavy,3102,0,1.603,ECONNREFUSED
17016.7,heavy,3103,1,1.447,
17020.0,heavy,3101,0,2.866,
17023.3,heavy,3102,0,2.571,ECONNREFUSED
17026.7,heavy,3103,0,0.803,
17030.0,heavy,3101,0,2.466,
17033.3,heavy,3102,0,2.518,ECONNREFUSED
17036.7,heavy,3103,1,1.406,
17040.0,heavy,3101,1,2.686,
17043.3,heavy,3102,0,2.599,ECONNREFUSED
17046.7,heavy,3103,1,1.417,
17050.0,heavy,3101,0,2.793,
17053.3,heavy,3102,0,3.017,ECONNREFUSED
17056.7,heavy,3103,0,1.004,
17060.0,heavy,3101,0,2.581,
17063.3,heavy,3102,0,1.892,ECONNREFUSED
17066.7,heavy,3103,1,0.922,
17070.0,heavy,3101,1,2.342,
17073.3,heavy,3102,0,2.985,ECONNREFUSED
17076.7,heavy,3103,1,1.692,
17080.0,heavy,3101,0,2.499,
17083.3,heavy,3102,0,2.791,ECONNREFUSED
17086.7,heavy,3103,0,1.236,
17090.0,heavy,3101,1,5.184,
17093.3,heavy,3102,0,4.201,ECONNREFUSED
17096.7,heavy,3103,1,2.598,
17100.0,light-2,3103,1,3.027,
17100.0,light-1,3102,0,4.033,ECONNREFUSED
17100.0,light-5,3103,1,3.844,
17100.0,light-4,3102,0,4.079,ECONNREFUSED
17100.0,light-3,3101,1,4.725,
17100.0,heavy,3101,0,4.813,
17103.3,heavy,3101,0,3.186,
17106.7,heavy,3102,0,2.395,ECONNREFUSED
17110.0,heavy,3103,1,1.234,
17113.3,heavy,3101,0,2.490,
17116.7,heavy,3102,0,2.304,ECONNREFUSED
17120.0,heavy,3103,1,2.076,
17123.3,heavy,3101,0,2.860,
17126.7,heavy,3102,0,2.517,ECONNREFUSED
17130.0,heavy,3103,1,1.750,
17133.3,heavy,3101,0,1.957,
17136.7,heavy,3102,0,4.968,ECONNREFUSED
17140.0,heavy,3103,1,1.570,
17143.3,heavy,3101,0,3.937,
17146.7,heavy,3102,0,3.613,ECONNREFUSED
17150.0,heavy,3103,0,1.771,
17153.3,heavy,3101,1,3.456,
17156.7,heavy,3102,0,2.480,ECONNREFUSED
17160.0,heavy,3103,1,1.446,
17163.3,heavy,3101,0,2.695,
17166.7,heavy,3102,0,1.636,ECONNREFUSED
17170.0,heavy,3103,1,1.326,
17173.3,heavy,3101,0,1.685,
17176.7,heavy,3102,0,1.376,ECONNREFUSED
17180.0,heavy,3103,1,1.248,
17183.3,heavy,3101,0,2.300,
17186.7,heavy,3102,0,1.600,ECONNREFUSED
17190.0,heavy,3103,1,1.319,
17193.3,heavy,3101,0,2.517,
17196.7,heavy,3102,0,1.082,ECONNREFUSED
17200.0,light-3,3103,1,2.580,
17200.0,light-1,3101,1,3.227,
17200.0,light-2,3102,0,4.170,ECONNREFUSED
17200.0,light-5,3102,0,4.418,ECONNREFUSED
17200.0,light-4,3101,1,4.512,
17200.0,heavy,3103,1,2.797,
17203.3,heavy,3101,1,4.502,
17206.7,heavy,3102,0,4.574,ECONNREFUSED
17210.0,heavy,3103,0,2.584,
17213.3,heavy,3103,0,1.088,
17216.7,heavy,3101,0,2.481,
17220.0,heavy,3102,0,2.116,ECONNREFUSED
17223.3,heavy,3103,1,1.052,
17226.7,heavy,3101,0,2.013,
17230.0,heavy,3102,0,2.571,ECONNREFUSED
17233.3,heavy,3103,1,1.352,
17236.7,heavy,3101,1,2.645,
17240.0,heavy,3102,0,2.362,ECONNREFUSED
17243.3,heavy,3103,0,0.732,
17246.7,heavy,3101,0,2.502,
17250.0,heavy,3102,0,1.701,ECONNREFUSED
17253.3,heavy,3103,1,1.012,
17256.7,heavy,3101,0,2.302,
17260.0,heavy,3102,0,2.783,ECONNREFUSED
17263.3,heavy,3103,1,1.541,
17266.7,heavy,3101,1,2.607,
17270.0,heavy,3102,0,2.699,ECONNREFUSED
17273.3,heavy,3103,0,0.842,
17276.7,heavy,3101,0,2.584,
17280.0,heavy,3102,0,1.701,ECONNREFUSED
17283.3,heavy,3103,1,0.898,
17286.7,heavy,3101,0,2.517,
17290.0,heavy,3102,0,3.838,ECONNREFUSED
17293.3,heavy,3103,1,1.781,
17296.7,heavy,3101,1,7.339,
17300.0,light-4,3103,1,2.925,
17300.0,light-5,3101,1,3.021,
17300.0,light-3,3102,0,3.875,ECONNREFUSED
17300.0,light-1,3103,1,7.292,
17300.0,light-2,3101,1,7.562,
17300.0,heavy,3102,0,3.613,ECONNREFUSED
17303.3,heavy,3102,0,3.925,ECONNREFUSED
17306.7,heavy,3103,0,3.156,
17310.0,heavy,3101,0,1.910,
17313.3,heavy,3102,0,2.336,ECONNREFUSED
17316.7,heavy,3103,1,1.142,
17320.0,heavy,3101,1,2.239,
17323.3,heavy,3102,0,1.845,ECONNREFUSED
17326.7,heavy,3103,1,1.338,
17330.0,heavy,3101,0,2.276,
17333.3,heavy,3102,0,1.280,ECONNREFUSED
17336.7,heavy,3103,1,1.538,
17340.0,heavy,3101,0,2.229,
17343.3,heavy,3102,0,1.964,ECONNREFUSED
17346.7,heavy,3103,0,1.124,
17350.0,heavy,3101,1,1.727,
17353.3,heavy,3102,0,2.205,ECONNREFUSED
17356.7,heavy,3103,1,0.960,
17360.0,heavy,3101,0,2.102,
17363.3,heavy,3102,0,2.266,ECONNREFUSED
17366.7,heavy,3103,0,0.976,
17370.0,heavy,3101,0,2.548,
17373.3,heavy,3102,0,1.725,ECONNREFUSED
17376.7,heavy,3103,1,1.016,
17380.0,heavy,3101,1,2.557,
17383.3,heavy,3102,0,2.428,ECONNREFUSED
17386.7,heavy,3103,1,1.191,
17390.0,heavy,3101,0,2.342,
17393.3,heavy,3102,0,2.467,ECONNREFUSED
17396.7,heavy,3103,0,0.950,
17400.0,light-2,3103,1,2.242,
17400.0,light-1,3102,0,3.315,ECONNREFUSED
17400.0,light-4,3102,0,3.638,ECONNREFUSED
17400.0,light-5,3103,1,3.789,
17400.0,light-3,3101,1,5.132,
17400.0,heavy,3101,1,4.140,
17403.3,heavy,3102,0,3.571,ECONNREFUSED
17406.7,heavy,3103,1,1.796,
17410.0,heavy,3101,0,4.093,
17413.3,heavy,3101,0,3.085,
17416.7,heavy,3102,0,1.165,ECONNREFUSED
17420.0,heavy,3103,1,0.782,
17423.3,heavy,3101,0,2.101,
17426.7,heavy,3102,0,1.686,ECONNREFUSED
17430.0,heavy,3103,1,1.729,
17433.3,heavy,3101,0,3.153,
17436.7,heavy,3102,0,1.892,ECONNREFUSED
17440.0,heavy,3103,1,1.450,
17443.3,heavy,3101,0,1.456,
17446.7,heavy,3102,0,1.960,ECONNREFUSED
17450.0,heavy,3103,1,1.016,
17453.3,heavy,3101,0,1.880,
17456.7,heavy,3102,0,1.750,ECONNREFUSED
17460.0,heavy,3103,1,1.360,
17463.3,heavy,3101,0,3.767,
17466.7,heavy,3102,0,2.957,ECONNREFUSED
17470.0,heavy,3103,1,1.925,
17473.3,heavy,3101,0,3.462,
17476.7,heavy,3102,0,1.770,ECONNREFUSED
17480.0,heavy,3103,1,1.400,
17483.3,heavy,3101,0,2.104,
17486.7,heavy,3102,0,1.913,ECONNREFUSED
17490.0,heavy,3103,0,0.709,
17493.3,heavy,3101,1,3.756,
17496.7,heavy,3102,0,3.195,ECONNREFUSED
17500.0,light-2,3103,1,1.678,
17500.0,light-1,3102,0,2.956,ECONNREFUSED
17500.0,light-4,3102,0,2.854,ECONNREFUSED
17500.0,light-5,3103,1,2.888,
17500.0,light-3,3101,1,3.454,
17500.0,heavy,3103,1,1.794,
17503.3,heavy,3101,0,3.556,
17506.7,heavy,3101,0,2.082,
17510.0,heavy,3102,0,1.995,ECONNREFUSED
17513.3,heavy,3103,1,1.111,
17516.7,heavy,3101,0,1.973,
17520.0,heavy,3102,0,1.571,ECONNREFUSED
17523.3,heavy,3103,1,1.247,
17526.7,heavy,3101,0,1.808,
17530.0,heavy,3102,0,1.663,ECONNREFUSED
17533.3,heavy,3103,1,0.996,
17536.7,heavy,3101,0,1.425,
17540.0,heavy,3102,0,1.947,ECONNREFUSED
17543.3,heavy,3103,1,0.938,
17546.7,heavy,3101,1,1.875,
17550.0,heavy,3102,0,2.031,ECONNREFUSED
17553.3,heavy,3103,0,0.525,
17556.7,heavy,3101,0,2.373,
17560.0,heavy,3102,0,1.763,ECONNREFUSED
17563.3,heavy,3103,1,1.002,
17566.7,heavy,3101,0,2.262,
17570.0,heavy,3102,0,2.456,ECONNREFUSED
17573.3,heavy,3103,1,1.162,
17576.7,heavy,3101,1,2.277,
17580.0,heavy,3102,0,2.421,ECONNREFUSED
17583.3,heavy,3103,0,0.922,
17586.7,heavy,3101,0,5.105,
17590.0,heavy,3102,0,4.653,ECONNREFUSED
17593.3,heavy,3103,1,2.858,
17596.7,heavy,3101,1,7.297,
17600.0,light-4,3103,1,3.392,
17600.0,light-5,3101,1,4.751,
17600.0,light-1,3103,1,5.680,
17600.0,light-3,3102,0,5.587,ECONNREFUSED
17600.0,light-2,3101,1,6.253,
17600.0,heavy,3102,0,5.916,ECONNREFUSED
17603.3,heavy,3102,0,2.602,ECONNREFUSED
17606.7,heavy,3103,0,0.839,
17610.0,heavy,3101,1,3.110,
17613.3,heavy,3102,0,2.368,ECONNREFUSED
17616.7,heavy,3103,0,1.020,
17620.0,heavy,3101,0,2.698,
17623.3,heavy,3102,0,2.245,ECONNREFUSED
17626.7,heavy,3103,1,1.410,
17630.0,heavy,3101,0,1.951,
17633.3,heavy,3102,0,3.720,ECONNREFUSED
17636.7,heavy,3103,1,1.747,
17640.0,heavy,3101,1,3.666,
17643.3,heavy,3102,0,3.884,ECONNREFUSED
17646.7,heavy,3103,0,1.510,
17650.0,heavy,3101,1,3.519,
17653.3,heavy,3102,0,2.460,ECONNREFUSED
17656.7,heavy,3103,1,1.948,
17660.0,heavy,3101,0,3.498,
17663.3,heavy,3102,0,1.607,ECONNREFUSED
17666.7,heavy,3103,1,2.250,
17670.0,heavy,3101,0,3.374,
17673.3,heavy,3102,0,3.087,ECONNREFUSED
17676.7,heavy,3103,0,1.449,
17680.0,heavy,3101,1,4.043,
17683.3,heavy,3102,0,3.334,ECONNREFUSED
17686.7,heavy,3103,1,1.589,
17690.0,heavy,3101,0,5.537,
17693.3,heavy,3102,0,3.860,ECONNREFUSED
17696.7,heavy,3103,0,1.833,
17700.0,light-3,3103,1,5.558,
17700.0,light-1,3101,1,8.423,
17700.0,light-2,3102,0,12.022,ECONNREFUSED
17700.0,light-5,3102,0,15.568,ECONNREFUSED
17700.0,light-4,3101,1,24.441,
17700.0,heavy,3101,0,12.329,
17703.3,heavy,3102,0,12.680,ECONNREFUSED
17706.7,heavy,3103,1,5.227,
17710.0,heavy,3103,1,3.412,
17713.3,heavy,3101,1,16.579,
17716.7,heavy,3102,0,8.483,ECONNREFUSED
17720.0,heavy,3103,0,4.469,
17723.3,heavy,3101,0,11.358,
17726.7,heavy,3102,0,2.954,ECONNREFUSED
17730.0,heavy,3103,1,1.254,
17733.3,heavy,3101,0,1.984,
17736.7,heavy,3102,0,2.763,ECONNREFUSED
17740.0,heavy,3103,1,1.608,
17743.3,heavy,3101,0,2.995,
17746.7,heavy,3102,0,1.388,ECONNREFUSED
17750.0,heavy,3103,1,2.201,
17753.3,heavy,3101,0,3.136,
17756.7,heavy,3102,0,3.382,ECONNREFUSED
17760.0,heavy,3103,0,1.704,
17763.3,heavy,3101,1,4.027,
17766.7,heavy,3102,0,2.901,ECONNREFUSED
17770.0,heavy,3103,1,1.451,
17773.3,heavy,3101,0,4.316,
17776.7,heavy,3102,0,2.659,ECONNREFUSED
17780.0,heavy,3103,1,2.637,
17783.3,heavy,3101,1,3.859,
17786.7,heavy,3102,0,3.206,ECONNREFUSED
17790.0,heavy,3103,0,2.374,
17793.3,heavy,3101,0,2.091,
17796.7,heavy,3102,0,4.600,ECONNREFUSED
17800.0,light-2,3103,1,2.885,
17800.0,light-5,3103,1,4.115,
17800.0,light-1,3102,0,4.621,ECONNREFUSED
17800.0,light-4,3102,0,4.740,ECONNREFUSED
17800.0,light-3,3101,1,5.434,
17800.0,heavy,3103,1,2.358,
17803.3,heavy,3101,0,4.812,
17806.7,heavy,3101,0,4.371,
17810.0,heavy,3102,0,3.110,ECONNREFUSED
17813.3,heavy,3103,1,1.394,
17816.7,heavy,3101,1,3.075,
17820.0,heavy,3102,0,2.388,ECONNREFUSED
17823.3,heavy,3103,0,0.695,
17826.7,heavy,3101,0,2.758,
17830.0,heavy,3102,0,2.021,ECONNREFUSED
17833.3,heavy,3103,1,1.178,
17836.7,heavy,3101,0,2.674,
17840.0,heavy,3102,0,3.026,ECONNREFUSED
17843.3,heavy,3103,1,1.734,
17846.7,heavy,3101,0,2.402,
17850.0,heavy,3102,0,2.733,ECONNREFUSED
17853.3,heavy,3103,1,1.190,
17856.7,heavy,3101,0,2.763,
17860.0,heavy,3102,0,1.958,ECONNREFUSED
17863.3,heavy,3103,1,1.109,
17866.7,heavy,3101,0,2.783,
17870.0,heavy,3102,0,1.352,ECONNREFUSED
17873.3,heavy,3103,1,1.222,
17876.7,heavy,3101,0,2.157,
17880.0,heavy,3102,0,2.298,ECONNREFUSED
17883.3,heavy,3103,1,1.389,
17886.7,heavy,3101,1,7.291,
17890.0,heavy,3102,0,5.274,ECONNREFUSED
17893.3,heavy,3103,1,2.893,
17896.7,heavy,3101,0,6.817,
17900.0,light-4,3103,1,3.399,
17900.0,light-5,3101,1,4.335,
17900.0,light-3,3102,0,4.768,ECONNREFUSED
17900.0,light-1,3103,1,5.978,
17900.0,light-2,3101,1,6.318,
17900.0,heavy,3102,0,4.672,ECONNREFUSED
17903.3,heavy,3102,0,3.544,ECONNREFUSED
17906.7,heavy,3103,0,0.950,
17910.0,heavy,3101,1,2.502,
17913.3,heavy,3102,0,1.817,ECONNREFUSED
17916.7,heavy,3103,0,0.848,
17920.0,heavy,3101,1,3.871,
17923.3,heavy,3102,0,1.902,ECONNREFUSED
17926.7,heavy,3103,1,1.007,
17930.0,heavy,3101,0,3.919,
17933.3,heavy,3102,0,2.070,ECONNREFUSED
17936.7,heavy,3103,1,1.536,
17940.0,heavy,3101,0,3.540,
17943.3,heavy,3102,0,2.437,ECONNREFUSED
17946.7,heavy,3103,0,1.654,
17950.0,heavy,3101,1,1.728,
17953.3,heavy,3102,0,2.280,ECONNREFUSED
17956.7,heavy,3103,1,1.131,
17960.0,heavy,3101,0,2.379,
17963.3,heavy,3102,0,2.252,ECONNREFUSED
17966.7,heavy,3103,1,1.260,
17970.0,heavy,3101,0,2.116,
17973.3,heavy,3102,0,2.225,ECONNREFUSED
17976.7,heavy,3103,0,1.485,
17980.0,heavy,3101,0,1.425,
17983.3,heavy,3102,0,3.258,ECONNREFUSED
17986.7,heavy,3103,1,2.266,
17990.0,heavy,3101,1,2.919,
17993.3,heavy,3102,0,3.005,ECONNREFUSED
17996.7,heavy,3103,0,1.219,
18000.0,light-3,3103,1,2.424,
18000.0,light-1,3101,1,2.991,
18000.0,light-2,3102,0,3.755,ECONNREFUSED
18000.0,light-4,3101,1,3.758,
18000.0,light-5,3102,0,4.289,ECONNREFUSED
18000.0,heavy,3101,0,3.982,
18003.3,heavy,3102,0,3.707,ECONNREFUSED
18006.7,heavy,3103,1,1.769,
18010.0,heavy,3103,0,2.054,
18013.3,heavy,3101,1,1.468,
18016.7,heavy,3102,0,1.773,ECONNREFUSED
18020.0,heavy,3103,1,1.005,
18023.3,heavy,3101,0,1.727,
18026.7,heavy,3102,0,4.174,ECONNREFUSED
18030.0,heavy,3103,1,1.818,
18033.3,heavy,3101,1,3.200,
18036.7,heavy,3102,0,4.608,ECONNREFUSED
18040.0,heavy,3103,0,2.402,
18043.3,heavy,3101,0,3.120,
18046.7,heavy,3102,0,1.682,ECONNREFUSED
18050.0,heavy,3103,1,1.834,
18053.3,heavy,3101,0,2.761,
18056.7,heavy,3102,0,2.180,ECONNREFUSED
18060.0,heavy,3103,1,1.458,
18063.3,heavy,3101,0,2.389,
18066.7,heavy,3102,0,2.031,ECONNREFUSED
18070.0,heavy,3103,1,1.633,
18073.3,heavy,3101,0,3.941,
18076.7,heavy,3102,0,3.533,ECONNREFUSED
18080.0,heavy,3103,1,1.665,
18083.3,heavy,3101,0,3.573,
18086.7,heavy,3102,0,2.636,ECONNREFUSED
18090.0,heavy,3103,0,0.951,
18093.3,heavy,3101,1,5.225,
18096.7,heavy,3102,0,4.755,ECONNREFUSED
18100.0,light-3,3103,1,2.881,
18100.0,light-1,3101,1,3.664,
18100.0,light-2,3102,0,4.684,ECONNREFUSED
18100.0,light-4,3101,1,4.967,
18100.0,light-5,3102,0,5.099,ECONNREFUSED
18100.0,heavy,3103,1,2.430,
18103.3,heavy,3103,0,2.291,
18106.7,heavy,3101,0,1.816,
18110.0,heavy,3102,0,2.388,ECONNREFUSED
18113.3,heavy,3103,1,1.339,
18116.7,heavy,3101,0,2.115,
18120.0,heavy,3102,0,3.483,ECONNREFUSED
18123.3,heavy,3103,1,1.481,
18126.7,heavy,3101,1,3.307,
18130.0,heavy,3102,0,3.931,ECONNREFUSED
18133.3,heavy,3103,0,1.756,
18136.7,heavy,3101,0,3.903,
18140.0,heavy,3102,0,2.670,ECONNREFUSED
18143.3,heavy,3103,1,1.645,
18146.7,heavy,3101,0,4.099,
18150.0,heavy,3102,0,1.848,ECONNREFUSED
18153.3,heavy,3103,1,2.160,
18156.7,heavy,3101,1,3.467,
18160.0,heavy,3102,0,3.018,ECONNREFUSED
18163.3,heavy,3103,0,1.393,
18166.7,heavy,3101,0,3.281,
18170.0,heavy,3102,0,2.363,ECONNREFUSED
18173.3,heavy,3103,1,1.427,
18176.7,heavy,3101,0,3.497,
18180.0,heavy,3102,0,1.891,ECONNREFUSED
18183.3,heavy,3103,1,1.457,
18186.7,heavy,3101,0,3.813,
18190.0,heavy,3102,0,3.083,ECONNREFUSED
18193.3,heavy,3103,1,1.070,
18196.7,heavy,3101,0,2.209,
18200.0,light-2,3103,1,3.135,
18200.0,light-5,3103,1,4.501,
18200.0,light-1,3102,0,5.107,ECONNREFUSED
18200.0,light-4,3102,0,5.140,ECONNREFUSED
18200.0,light-3,3101,1,6.394,
18200.0,heavy,3102,0,5.085,ECONNREFUSED
18203.3,heavy,3103,1,2.495,
18206.7,heavy,3101,0,6.476,
18210.0,heavy,3101,1,4.796,
18213.3,heavy,3102,0,1.761,ECONNREFUSED
18216.7,heavy,3103,1,1.736,
18220.0,heavy,3101,0,2.634,
18223.3,heavy,3102,0,2.222,ECONNREFUSED
18226.7,heavy,3103,0,0.799,
18230.0,heavy,3101,0,2.749,
18233.3,heavy,3102,0,2.834,ECONNREFUSED
18236.7,heavy,3103,1,1.004,
18240.0,heavy,3101,1,2.854,
18243.3,heavy,3102,0,1.905,ECONNREFUSED
18246.7,heavy,3103,1,1.455,
18250.0,heavy,3101,0,3.408,
18253.3,heavy,3102,0,3.884,ECONNREFUSED
18256.7,heavy,3103,0,1.285,
18260.0,heavy,3101,1,3.823,
18263.3,heavy,3102,0,2.774,ECONNREFUSED
18266.7,heavy,3103,1,1.699,
18270.0,heavy,3101,0,3.674,
18273.3,heavy,3102,0,2.209,ECONNREFUSED
18276.7,heavy,3103,1,1.691,
18280.0,heavy,3101,0,2.900,
18283.3,heavy,3102,0,2.454,ECONNREFUSED
18286.7,heavy,3103,0,1.718,
18290.0,heavy,3101,1,6.614,
18293.3,heavy,3102,0,4.988,ECONNREFUSED
18296.7,heavy,3103,1,2.725,
18300.0,light-2,3103,1,3.246,
18300.0,light-1,3102,0,4.929,ECONNREFUSED
18300.0,light-4,3102,0,5.707,ECONNREFUSED
18300.0,light-5,3103,1,5.963,
18300.0,light-3,3101,1,7.103,
18300.0,heavy,3101,0,6.655,
18303.3,heavy,3101,0,6.201,
18306.7,heavy,3102,0,2.800,ECONNREFUSED
18310.0,heavy,3103,0,0.852,
18313.3,heavy,3101,1,2.791,
18316.7,heavy,3102,0,1.961,ECONNREFUSED
18320.0,heavy,3103,0,0.782,
18323.3,heavy,3101,1,3.270,
18326.7,heavy,3102,0,2.587,ECONNREFUSED
18330.0,heavy,3103,1,1.204,
18333.3,heavy,3101,0,2.661,
18336.7,heavy,3102,0,1.751,ECONNREFUSED
18340.0,heavy,3103,1,1.730,
18343.3,heavy,3101,0,3.215,
18346.7,heavy,3102,0,2.394,ECONNREFUSED
18350.0,heavy,3103,0,0.921,
18353.3,heavy,3101,1,4.403,
18356.7,heavy,3102,0,3.860,ECONNREFUSED
18360.0,heavy,3103,1,2.175,
18363.3,heavy,3101,0,4.587,
18366.7,heavy,3102,0,2.477,ECONNREFUSED
18370.0,heavy,3103,1,1.543,
18373.3,heavy,3101,0,3.216,
18376.7,heavy,3102,0,2.750,ECONNREFUSED
18380.0,heavy,3103,0,0.720,
18383.3,heavy,3101,1,3.742,
18386.7,heavy,3102,0,2.627,ECONNREFUSED
18390.0,heavy,3103,1,1.438,
18393.3,heavy,3101,0,4.103,
18396.7,heavy,3102,0,1.959,ECONNREFUSED
18400.0,light-4,3103,1,3.238,
18400.0,light-5,3101,1,4.523,
18400.0,light-3,3102,0,4.918,ECONNREFUSED
18400.0,light-1,3103,1,5.607,
18400.0,light-2,3101,1,6.122,
18400.0,heavy,3103,1,2.437,
18403.3,heavy,3101,1,5.725,
18406.7,heavy,3102,0,4.758,ECONNREFUSED
18410.0,heavy,3102,0,4.473,ECONNREFUSED
18413.3,heavy,3103,0,2.753,
18416.7,heavy,3101,0,3.054,
18420.0,heavy,3102,0,2.670,ECONNREFUSED
18423.3,heavy,3103,1,1.362,
18426.7,heavy,3101,0,2.054,
18430.0,heavy,3102,0,2.606,ECONNREFUSED
18433.3,heavy,3103,1,1.315,
18436.7,heavy,3101,0,2.578,
18440.0,heavy,3102,0,2.780,ECONNREFUSED
18443.3,heavy,3103,1,1.804,
18446.7,heavy,3101,0,3.647,
18450.0,heavy,3102,0,2.758,ECONNREFUSED
18453.3,heavy,3103,1,2.244,
18456.7,heavy,3101,0,3.850,
18460.0,heavy,3102,0,2.075,ECONNREFUSED
18463.3,heavy,3103,1,1.077,
18466.7,heavy,3101,1,2.769,
18470.0,heavy,3102,0,1.881,ECONNREFUSED
18473.3,heavy,3103,1,1.419,
18476.7,heavy,3101,0,3.300,
18480.0,heavy,3102,0,5.091,ECONNREFUSED
18483.3,heavy,3103,0,2.095,
18486.7,heavy,3101,0,3.000,
18490.0,heavy,3102,0,2.478,ECONNREFUSED
18493.3,heavy,3103,1,2.621,
18496.7,heavy,3101,1,6.385,
18500.0,light-4,3103,1,3.189,
18500.0,light-5,3101,1,4.148,
18500.0,light-3,3102,0,4.588,ECONNREFUSED
18500.0,light-1,3103,1,6.032,
18500.0,light-2,3101,1,6.248,
18500.0,heavy,3102,0,4.337,ECONNREFUSED
18503.3,heavy,3102,0,5.139,ECONNREFUSED
18506.7,heavy,3103,0,1.457,
18510.0,heavy,3101,0,2.886,
18513.3,heavy,3102,0,2.337,ECONNREFUSED
18516.7,heavy,3103,1,1.311,
18520.0,heavy,3101,1,3.797,
18523.3,heavy,3102,0,2.653,ECONNREFUSED
18526.7,heavy,3103,1,1.336,
18530.0,heavy,3101,0,4.107,
18533.3,heavy,3102,0,2.528,ECONNREFUSED
18536.7,heavy,3103,0,0.720,
18540.0,heavy,3101,0,3.060,
18543.3,heavy,3102,0,2.400,ECONNREFUSED
18546.7,heavy,3103,1,0.978,
18550.0,heavy,3101,1,4.549,
18553.3,heavy,3102,0,3.271,ECONNREFUSED
18556.7,heavy,3103,1,1.741,
18560.0,heavy,3101,0,4.896,
18563.3,heavy,3102,0,3.585,ECONNREFUSED
18566.7,heavy,3103,0,1.315,
18570.0,heavy,3101,1,2.802,
18573.3,heavy,3102,0,2.386,ECONNREFUSED
18576.7,heavy,3103,1,1.638,
18580.0,heavy,3101,0,3.472,
18583.3,heavy,3102,0,2.915,ECONNREFUSED
18586.7,heavy,3103,0,1.508,
18590.0,heavy,3101,1,6.652,
18593.3,heavy,3102,0,4.888,ECONNREFUSED
18596.7,heavy,3103,1,2.715,
18600.0,light-2,3103,1,3.226,
18600.0,light-1,3102,0,4.807,ECONNREFUSED
18600.0,light-4,3102,0,5.549,ECONNREFUSED
18600.0,light-5,3103,1,5.655,
18600.0,light-3,3101,1,7.151,
18600.0,heavy,3101,0,6.575,
18603.3,heavy,3101,0,6.256,
18606.7,heavy,3102,0,5.136,ECONNREFUSED
18610.0,heavy,3103,0,1.200,
18613.3,heavy,3101,1,3.132,
18616.7,heavy,3102,0,2.181,ECONNREFUSED
18620.0,heavy,3103,0,0.859,
18623.3,heavy,3101,1,3.146,
18626.7,heavy,3102,0,3.206,ECONNREFUSED
18630.0,heavy,3103,1,1.573,
18633.3,heavy,3101,0,3.234,
18636.7,heavy,3102,0,1.621,ECONNREFUSED
18640.0,heavy,3103,1,1.255,
18643.3,heavy,3101,0,2.786,
18646.7,heavy,3102,0,2.343,ECONNREFUSED
18650.0,heavy,3103,0,1.027,
18653.3,heavy,3101,1,3.301,
18656.7,heavy,3102,0,2.113,ECONNREFUSED
18660.0,heavy,3103,1,1.133,
18663.3,heavy,3101,0,3.459,
18666.7,heavy,3102,0,1.794,ECONNREFUSED
18670.0,heavy,3103,0,1.168,
18673.3,heavy,3101,1,4.246,
18676.7,heavy,3102,0,2.945,ECONNREFUSED
18680.0,heavy,3103,1,1.384,
18683.3,heavy,3101,0,4.830,
18686.7,heavy,3102,0,4.114,ECONNREFUSED
18690.0,heavy,3103,0,1.407,
18693.3,heavy,3101,1,5.867,
18696.7,heavy,3102,0,4.176,ECONNREFUSED
18700.0,light-3,3103,1,2.498,
18700.0,light-1,3101,1,3.635,
18700.0,light-5,3102,0,3.875,ECONNREFUSED
18700.0,light-4,3101,1,5.924,
18700.0,light-2,3102,0,6.702,ECONNREFUSED
18700.0,heavy,3103,1,1.982,
18703.3,heavy,3103,0,2.116,
18706.7,heavy,3101,0,2.927,
18710.0,heavy,3102,0,2.568,ECONNREFUSED
18713.3,heavy,3103,1,2.168,
18716.7,heavy,3101,0,4.550,
18720.0,heavy,3102,0,3.592,ECONNREFUSED
18723.3,heavy,3103,1,2.483,
18726.7,heavy,3101,0,4.401,
18730.0,heavy,3102,0,3.595,ECONNREFUSED
18733.3,heavy,3103,1,1.030,
18736.7,heavy,3101,0,3.682,
18740.0,heavy,3102,0,2.973,ECONNREFUSED
18743.3,heavy,3103,1,1.501,
18746.7,heavy,3101,0,3.033,
18750.0,heavy,3102,0,2.168,ECONNREFUSED
18753.3,heavy,3103,1,2.318,
18756.7,heavy,3101,1,3.433,
18760.0,heavy,3102,0,3.150,ECONNREFUSED
18763.3,heavy,3103,0,1.238,
18766.7,heavy,3101,0,4.304,
18770.0,heavy,3102,0,3.202,ECONNREFUSED
18773.3,heavy,3103,1,1.994,
18776.7,heavy,3101,0,3.572,
18780.0,heavy,3102,0,2.287,ECONNREFUSED
18783.3,heavy,3103,1,1.539,
18786.7,heavy,3101,1,3.643,
18790.0,heavy,3102,0,3.210,ECONNREFUSED
18793.3,heavy,3103,0,1.146,
18796.7,heavy,3101,0,6.648,
18800.0,light-2,3103,1,3.283,
18800.0,light-1,3102,0,4.696,ECONNREFUSED
18800.0,light-4,3102,0,4.645,ECONNREFUSED
18800.0,light-5,3103,1,6.010,
18800.0,light-3,3101,1,7.277,
18800.0,heavy,3102,0,4.833,ECONNREFUSED
18803.3,heavy,3103,1,2.758,
18806.7,heavy,3101,0,6.800,
18810.0,heavy,3101,1,6.025,
18813.3,heavy,3102,0,3.093,ECONNREFUSED
18816.7,heavy,3103,0,0.838,
18820.0,heavy,3101,1,2.939,
18823.3,heavy,3102,0,2.299,ECONNREFUSED
18826.7,heavy,3103,1,1.598,
18830.0,heavy,3101,0,2.818,
18833.3,heavy,3102,0,2.550,ECONNREFUSED
18836.7,heavy,3103,0,1.309,
18840.0,heavy,3101,1,2.105,
18843.3,heavy,3102,0,2.076,ECONNREFUSED
18846.7,heavy,3103,1,1.258,
18850.0,heavy,3101,0,3.063,
18853.3,heavy,3102,0,2.882,ECONNREFUSED
18856.7,heavy,3103,0,1.072,
18860.0,heavy,3101,1,3.126,
18863.3,heavy,3102,0,2.141,ECONNREFUSED
18866.7,heavy,3103,1,1.164,
18870.0,heavy,3101,0,3.323,
18873.3,heavy,3102,0,1.567,ECONNREFUSED
18876.7,heavy,3103,1,1.213,
18880.0,heavy,3101,0,2.931,
18883.3,heavy,3102,0,2.642,ECONNREFUSED
18886.7,heavy,3103,0,0.937,
18890.0,heavy,3101,1,8.024,
18893.3,heavy,3102,0,5.408,ECONNREFUSED
18896.7,heavy,3103,1,2.901,
18900.0,light-2,3103,1,3.604,
18900.0,light-1,3102,0,5.345,ECONNREFUSED
18900.0,light-4,3102,0,5.343,ECONNREFUSED
18900.0,light-5,3103,1,6.957,
18900.0,light-3,3101,1,8.186,
18900.0,heavy,3101,0,7.649,
18903.3,heavy,3101,0,7.144,
18906.7,heavy,3102,0,3.689,ECONNREFUSED
18910.0,heavy,3103,0,1.295,
18913.3,heavy,3101,1,3.024,
18916.7,heavy,3102,0,2.079,ECONNREFUSED
18920.0,heavy,3103,1,2.351,
18923.3,heavy,3101,0,4.163,
18926.7,heavy,3102,0,3.147,ECONNREFUSED
18930.0,heavy,3103,1,2.080,
18933.3,heavy,3101,0,3.612,
18936.7,heavy,3102,0,2.011,ECONNREFUSED
18940.0,heavy,3103,1,1.693,
18943.3,heavy,3101,0,2.656,
18946.7,heavy,3102,0,2.303,ECONNREFUSED
18950.0,heavy,3103,0,0.949,
18953.3,heavy,3101,1,5.090,
18956.7,heavy,3102,0,2.171,ECONNREFUSED
18960.0,heavy,3103,1,1.681,
18963.3,heavy,3101,0,5.682,
18966.7,heavy,3102,0,1.761,ECONNREFUSED
18970.0,heavy,3103,0,0.708,
18973.3,heavy,3101,1,2.568,
18976.7,heavy,3102,0,1.958,ECONNREFUSED
18980.0,heavy,3103,1,1.152,
18983.3,heavy,3101,0,3.939,
18986.7,heavy,3102,0,3.126,ECONNREFUSED
18990.0,heavy,3103,1,1.326,
18993.3,heavy,3101,0,3.808,
18996.7,heavy,3102,0,3.023,ECONNREFUSED
19000.0,light-3,3103,1,1.411,
19000.0,light-1,3101,1,2.056,
19000.0,light-4,3101,1,5.189,
19000.0,light-2,3102,0,6.282,ECONNREFUSED
19000.0,light-5,3102,0,6.272,ECONNREFUSED
19000.0,heavy,3103,1,1.608,
19003.3,heavy,3101,0,4.880,
19006.7,heavy,3102,0,5.910,ECONNREFUSED
19010.0,heavy,3103,1,1.388,
19013.3,heavy,3103,0,0.761,
19016.7,heavy,3101,0,2.554,
19020.0,heavy,3102,0,1.952,ECONNREFUSED
19023.3,heavy,3103,1,1.561,
19026.7,heavy,3101,0,5.548,
19030.0,heavy,3102,0,3.887,ECONNREFUSED
19033.3,heavy,3103,1,2.241,
19036.7,heavy,3101,1,5.391,
19040.0,heavy,3102,0,4.468,ECONNREFUSED
19043.3,heavy,3103,0,1.702,
19046.7,heavy,3101,0,3.302,
19050.0,heavy,3102,0,3.406,ECONNREFUSED
19053.3,heavy,3103,1,1.158,
19056.7,heavy,3101,0,2.830,
19060.0,heavy,3102,0,2.498,ECONNREFUSED
19063.3,heavy,3103,1,1.253,
19066.7,heavy,3101,1,2.426,
19070.0,heavy,3102,0,2.509,ECONNREFUSED
19073.3,heavy,3103,1,1.556,
19076.7,heavy,3101,0,2.260,
19080.0,heavy,3102,0,1.996,ECONNREFUSED
19083.3,heavy,3103,0,1.325,
19086.7,heavy,3101,0,1.529,
19090.0,heavy,3102,0,5.056,ECONNREFUSED
19093.3,heavy,3103,1,2.765,
19096.7,heavy,3101,1,5.315,
19100.0,light-4,3103,1,3.204,
19100.0,light-5,3101,1,3.984,
19100.0,light-1,3103,1,5.081,
19100.0,light-3,3102,0,5.464,ECONNREFUSED
19100.0,light-2,3101,1,5.596,
19100.0,heavy,3102,0,4.728,ECONNREFUSED
19103.3,heavy,3102,0,4.252,ECONNREFUSED
19106.7,heavy,3103,0,1.015,
19110.0,heavy,3101,0,1.968,
19113.3,heavy,3102,0,1.395,ECONNREFUSED
19116.7,heavy,3103,1,0.827,
19120.0,heavy,3101,1,2.928,
19123.3,heavy,3102,0,2.403,ECONNREFUSED
19126.7,heavy,3103,1,1.031,
19130.0,heavy,3101,0,3.131,
19133.3,heavy,3102,0,1.972,ECONNREFUSED
19136.7,heavy,3103,1,1.294,
19140.0,heavy,3101,0,2.058,
19143.3,heavy,3102,0,1.776,ECONNREFUSED
19146.7,heavy,3103,0,1.026,
19150.0,heavy,3101,0,1.535,
19153.3,heavy,3102,0,3.370,ECONNREFUSED
19156.7,heavy,3103,1,0.958,
19160.0,heavy,3101,1,2.757,
19163.3,heavy,3102,0,3.554,ECONNREFUSED
19166.7,heavy,3103,0,0.703,
19170.0,heavy,3101,0,3.791,
19173.3,heavy,3102,0,2.679,ECONNREFUSED
19176.7,heavy,3103,1,1.616,
19180.0,heavy,3101,0,2.534,
19183.3,heavy,3102,0,3.487,ECONNREFUSED
19186.7,heavy,3103,1,1.745,
19190.0,heavy,3101,1,3.409,
19193.3,heavy,3102,0,3.623,ECONNREFUSED
19196.7,heavy,3103,0,1.334,
19200.0,light-2,3103,1,2.769,
19200.0,light-1,3102,0,4.782,ECONNREFUSED
19200.0,light-4,3102,0,4.820,ECONNREFUSED
19200.0,light-5,3103,1,5.573,
19200.0,light-3,3101,1,6.222,
19200.0,heavy,3101,1,6.153,
19203.3,heavy,3102,0,4.777,ECONNREFUSED
19206.7,heavy,3103,1,2.200,
19210.0,heavy,3101,0,5.970,
19213.3,heavy,3101,0,4.004,
19216.7,heavy,3102,0,2.194,ECONNREFUSED
19220.0,heavy,3103,1,1.033,
19223.3,heavy,3101,0,2.702,
19226.7,heavy,3102,0,2.558,ECONNREFUSED
19230.0,heavy,3103,1,1.406,
19233.3,heavy,3101,0,3.032,
19236.7,heavy,3102,0,3.245,ECONNREFUSED
19240.0,heavy,3103,1,1.206,
19243.3,heavy,3101,0,2.753,
19246.7,heavy,3102,0,3.129,ECONNREFUSED
19250.0,heavy,3103,1,1.452,
19253.3,heavy,3101,0,4.097,
19256.7,heavy,3102,0,4.572,ECONNREFUSED
19260.0,heavy,3103,0,1.336,
19263.3,heavy,3101,1,3.770,
19266.7,heavy,3102,0,2.880,ECONNREFUSED
19270.0,heavy,3103,1,1.727,
19273.3,heavy,3101,0,3.014,
19276.7,heavy,3102,0,1.902,ECONNREFUSED
19280.0,heavy,3103,1,1.902,
19283.3,heavy,3101,0,3.159,
19286.7,heavy,3102,0,2.880,ECONNREFUSED
19290.0,heavy,3103,0,1.244,
19293.3,heavy,3101,1,6.743,
19296.7,heavy,3102,0,4.869,ECONNREFUSED
19300.0,light-3,3103,1,2.658,
19300.0,light-1,3101,1,4.135,
19300.0,light-2,3102,0,5.354,ECONNREFUSED
19300.0,light-4,3101,1,6.228,
19300.0,light-5,3102,0,6.448,ECONNREFUSED
19300.0,heavy,3103,1,2.136,
19303.3,heavy,3103,0,2.687,
19306.7,heavy,3101,0,2.496,
19310.0,heavy,3102,0,2.108,ECONNREFUSED
19313.3,heavy,3103,1,1.038,
19316.7,heavy,3101,0,2.203,
19320.0,heavy,3102,0,3.703,ECONNREFUSED
19323.3,heavy,3103,1,2.220,
19326.7,heavy,3101,0,2.933,
19330.0,heavy,3102,0,3.105,ECONNREFUSED
19333.3,heavy,3103,1,1.286,
19336.7,heavy,3101,0,1.988,
19340.0,heavy,3102,0,2.109,ECONNREFUSED
19343.3,heavy,3103,1,1.245,
19346.7,heavy,3101,0,2.211,
19350.0,heavy,3102,0,1.173,ECONNREFUSED
19353.3,heavy,3103,1,4.039,
19356.7,heavy,3101,0,6.509,
19360.0,heavy,3102,0,5.213,ECONNREFUSED
19363.3,heavy,3103,1,3.435,
19366.7,heavy,3101,0,4.862,
19370.0,heavy,3102,0,2.465,ECONNREFUSED
19373.3,heavy,3103,1,1.149,
19376.7,heavy,3101,0,2.457,
19380.0,heavy,3102,0,2.083,ECONNREFUSED
19383.3,heavy,3103,1,1.595,
19386.7,heavy,3101,0,2.815,
19390.0,heavy,3102,0,2.252,ECONNREFUSED
19393.3,heavy,3103,1,1.816,
19396.7,heavy,3101,0,1.636,
19400.0,light-2,3103,1,1.999,
19400.0,light-1,3102,0,3.308,ECONNREFUSED
19400.0,light-4,3102,0,3.688,ECONNREFUSED
19400.0,light-5,3103,1,3.836,
19400.0,light-3,3101,1,3.983,
19400.0,heavy,3102,0,3.442,ECONNREFUSED
19403.3,heavy,3103,1,1.993,
19406.7,heavy,3101,0,3.959,
19410.0,heavy,3101,1,3.118,
19413.3,heavy,3102,0,1.365,ECONNREFUSED
19416.7,heavy,3103,1,1.698,
19420.0,heavy,3101,0,3.075,
19423.3,heavy,3102,0,2.587,ECONNREFUSED
19426.7,heavy,3103,0,1.211,
19430.0,heavy,3101,1,2.507,
19433.3,heavy,3102,0,1.614,ECONNREFUSED
19436.7,heavy,3103,1,0.983,
19440.0,heavy,3101,0,2.396,
19443.3,heavy,3102,0,1.268,ECONNREFUSED
19446.7,heavy,3103,1,1.439,
19450.0,heavy,3101,0,2.107,
19453.3,heavy,3102,0,1.967,ECONNREFUSED
19456.7,heavy,3103,0,0.926,
19460.0,heavy,3101,1,4.338,
19463.3,heavy,3102,0,1.898,ECONNREFUSED
19466.7,heavy,3103,1,1.440,
19470.0,heavy,3101,0,4.608,
19473.3,heavy,3102,0,1.693,ECONNREFUSED
19476.7,heavy,3103,1,1.258,
19480.0,heavy,3101,0,2.094,
19483.3,heavy,3102,0,1.771,ECONNREFUSED
19486.7,heavy,3103,0,1.041,
19490.0,heavy,3101,1,4.879,
19493.3,heavy,3102,0,3.589,ECONNREFUSED
19496.7,heavy,3103,1,1.675,
19500.0,light-4,3103,1,2.877,
19500.0,light-3,3102,0,3.924,ECONNREFUSED
19500.0,light-5,3101,1,3.991,
19500.0,light-1,3103,1,4.461,
19500.0,light-2,3101,1,5.159,
19500.0,heavy,3101,0,4.940,
19503.3,heavy,3102,0,3.256,ECONNREFUSED
19506.7,heavy,3102,0,1.814,ECONNREFUSED
19510.0,heavy,3103,1,1.294,
19513.3,heavy,3101,0,2.029,
19516.7,heavy,3102,0,1.737,ECONNREFUSED
19520.0,heavy,3103,0,0.670,
19523.3,heavy,3101,1,2.428,
19526.7,heavy,3102,0,1.660,ECONNREFUSED
19530.0,heavy,3103,1,0.879,
19533.3,heavy,3101,0,2.390,
19536.7,heavy,3102,0,1.155,ECONNREFUSED
19540.0,heavy,3103,1,1.395,
19543.3,heavy,3101,0,2.046,
19546.7,heavy,3102,0,1.781,ECONNREFUSED
19550.0,heavy,3103,0,0.809,
19553.3,heavy,3101,1,3.074,
19556.7,heavy,3102,0,2.274,ECONNREFUSED
19560.0,heavy,3103,1,1.249,
19563.3,heavy,3101,0,2.845,
19566.7,heavy,3102,0,2.235,ECONNREFUSED
19570.0,heavy,3103,1,1.305,
19573.3,heavy,3101,1,1.746,
19576.7,heavy,3102,0,1.918,ECONNREFUSED
19580.0,heavy,3103,0,1.074,
19583.3,heavy,3101,0,3.140,
19586.7,heavy,3102,0,2.321,ECONNREFUSED
19590.0,heavy,3103,1,1.224,
19593.3,heavy,3101,0,3.129,
19596.7,heavy,3102,0,1.674,ECONNREFUSED
19600.0,light-3,3103,1,3.120,
19600.0,light-1,3101,1,3.335,
19600.0,light-2,3102,0,4.236,ECONNREFUSED
19600.0,light-4,3101,1,4.176,
19600.0,light-5,3102,0,4.670,ECONNREFUSED
19600.0,heavy,3103,1,3.255,
19603.3,heavy,3101,0,4.412,
19606.7,heavy,3102,0,4.667,ECONNREFUSED
19610.0,heavy,3103,1,3.216,
19613.3,heavy,3103,0,1.808,
19616.7,heavy,3101,0,1.962,
19620.0,heavy,3102,0,3.983,ECONNREFUSED
19623.3,heavy,3103,1,2.780,
19626.7,heavy,3101,0,3.440,
19630.0,heavy,3102,0,1.189,ECONNREFUSED
19633.3,heavy,3103,1,1.901,
19636.7,heavy,3101,0,2.446,
19640.0,heavy,3102,0,2.313,ECONNREFUSED
19643.3,heavy,3103,1,1.953,
19646.7,heavy,3101,0,2.334,
19650.0,heavy,3102,0,1.671,ECONNREFUSED
19653.3,heavy,3103,1,0.930,
19656.7,heavy,3101,0,2.240,
19660.0,heavy,3102,0,1.480,ECONNREFUSED
19663.3,heavy,3103,1,1.265,
19666.7,heavy,3101,0,2.204,
19670.0,heavy,3102,0,1.630,ECONNREFUSED
19673.3,heavy,3103,1,0.967,
19676.7,heavy,3101,0,1.444,
19680.0,heavy,3102,0,2.566,ECONNREFUSED
19683.3,heavy,3103,1,1.227,
19686.7,heavy,3101,1,3.244,
19690.0,heavy,3102,0,2.992,ECONNREFUSED
19693.3,heavy,3103,0,1.088,
19696.7,heavy,3101,0,5.523,
19700.0,heavy,3102,0,4.356,ECONNREFUSED
19700.0,light-2,3103,1,2.839,
19700.0,light-1,3102,0,4.265,ECONNREFUSED
19700.0,light-4,3102,0,4.687,ECONNREFUSED
19700.0,light-5,3103,1,5.449,
19700.0,light-3,3101,1,6.893,
19703.3,heavy,3103,1,1.901,
19706.7,heavy,3101,0,5.529,
19710.0,heavy,3101,1,4.230,
19713.3,heavy,3102,0,1.471,ECONNREFUSED
19716.7,heavy,3103,1,1.033,
19720.0,heavy,3101,0,2.574,
19723.3,heavy,3102,0,1.535,ECONNREFUSED
19726.7,heavy,3103,1,1.648,
19730.0,heavy,3101,0,2.425,
19733.3,heavy,3102,0,2.603,ECONNREFUSED
19736.7,heavy,3103,0,1.359,
19740.0,heavy,3101,0,1.706,
19743.3,heavy,3102,0,2.464,ECONNREFUSED
19746.7,heavy,3103,1,1.318,
19750.0,heavy,3101,1,2.681,
19753.3,heavy,3102,0,2.113,ECONNREFUSED
19756.7,heavy,3103,0,0.664,
19760.0,heavy,3101,0,2.661,
19763.3,heavy,3102,0,1.570,ECONNREFUSED
19766.7,heavy,3103,1,0.922,
19770.0,heavy,3101,1,2.252,
19773.3,heavy,3102,0,2.945,ECONNREFUSED
19776.7,heavy,3103,1,1.505,
19780.0,heavy,3101,0,2.925,
19783.3,heavy,3102,0,3.075,ECONNREFUSED
19786.7,heavy,3103,0,1.140,
19790.0,heavy,3101,1,6.570,
19793.3,heavy,3102,0,4.936,ECONNREFUSED
19796.7,heavy,3103,1,2.708,
19800.0,heavy,3101,0,6.418,
19800.0,light-2,3103,1,3.291,
19800.0,light-1,3102,0,4.909,ECONNREFUSED
19800.0,light-4,3102,0,4.861,ECONNREFUSED
19800.0,light-5,3103,1,5.653,
19800.0,light-3,3101,1,7.270,
19803.3,heavy,3101,0,5.931,
19806.7,heavy,3102,0,2.241,ECONNREFUSED
19810.0,heavy,3103,1,1.478,
19813.3,heavy,3101,0,2.576,
19816.7,heavy,3102,0,1.874,ECONNREFUSED
19820.0,heavy,3103,1,1.771,
19823.3,heavy,3101,0,2.819,
19826.7,heavy,3102,0,2.354,ECONNREFUSED
19830.0,heavy,3103,1,1.528,
19833.3,heavy,3101,0,2.023,
19836.7,heavy,3102,0,1.999,ECONNREFUSED
19840.0,heavy,3103,1,1.152,
19843.3,heavy,3101,0,2.076,
19846.7,heavy,3102,0,1.927,ECONNREFUSED
19850.0,heavy,3103,1,1.442,
19853.3,heavy,3101,0,1.977,
19856.7,heavy,3102,0,2.084,ECONNREFUSED
19860.0,heavy,3103,1,1.333,
19863.3,heavy,3101,0,2.782,
19866.7,heavy,3102,0,1.732,ECONNREFUSED
19870.0,heavy,3103,1,1.214,
19873.3,heavy,3101,0,2.098,
19876.7,heavy,3102,0,1.727,ECONNREFUSED
19880.0,heavy,3103,0,0.689,
19883.3,heavy,3101,1,4.460,
19886.7,heavy,3102,0,3.199,ECONNREFUSED
19890.0,heavy,3103,1,1.617,
19893.3,heavy,3101,0,3.792,
19896.7,heavy,3102,0,2.405,ECONNREFUSED
19900.0,heavy,3103,1,2.808,
19900.0,light-3,3103,1,3.265,
19900.0,light-1,3101,1,4.858,
19900.0,light-2,3102,0,5.050,ECONNREFUSED
19900.0,light-5,3102,0,5.500,ECONNREFUSED
19900.0,light-4,3101,1,5.634,
19903.3,heavy,3101,0,5.425,
19906.7,heavy,3102,0,5.288,ECONNREFUSED
19910.0,heavy,3103,1,2.602,
19913.3,heavy,3103,0,1.688,
19916.7,heavy,3101,0,2.259,
19920.0,heavy,3102,0,2.375,ECONNREFUSED
19923.3,heavy,3103,1,1.159,
19926.7,heavy,3101,0,2.377,
19930.0,heavy,3102,0,1.478,ECONNREFUSED
19933.3,heavy,3103,1,1.786,
19936.7,heavy,3101,1,3.341,
19940.0,heavy,3102,0,2.853,ECONNREFUSED
19943.3,heavy,3103,0,1.265,
19946.7,heavy,3101,0,1.911,
19950.0,heavy,3102,0,1.361,ECONNREFUSED
19953.3,heavy,3103,1,0.832,
19956.7,heavy,3101,0,1.836,
19960.0,heavy,3102,0,2.469,ECONNREFUSED
19963.3,heavy,3103,1,1.133,
19966.7,heavy,3101,0,2.392,
19970.0,heavy,3102,0,2.483,ECONNREFUSED
19973.3,heavy,3103,1,1.196,
19976.7,heavy,3101,0,2.935,
19980.0,heavy,3102,0,1.928,ECONNREFUSED
19983.3,heavy,3103,1,0.979,
19986.7,heavy,3101,0,2.892,
19990.0,heavy,3102,0,1.409,ECONNREFUSED
19993.3,heavy,3103,1,2.365,
19996.7,heavy,3101,0,3.708,
20000.0,heavy,3102,0,3.876,ECONNREFUSED
20000.0,light-3,3103,1,1.953,
20000.0,light-1,3101,1,2.891,
20000.0,light-4,3101,1,3.628,
20000.0,light-2,3102,0,3.919,ECONNREFUSED
20000.0,light-5,3102,0,3.867,ECONNREFUSED
20003.3,heavy,3103,1,2.047,
20006.7,heavy,3103,0,1.319,
20010.0,heavy,3101,0,3.227,
20013.3,heavy,3102,0,2.361,ECONNREFUSED
20016.7,heavy,3103,1,1.374,
20020.0,heavy,3101,1,2.508,
20023.3,heavy,3102,0,3.071,ECONNREFUSED
20026.7,heavy,3103,1,1.652,
20030.0,heavy,3101,0,2.831,
20033.3,heavy,3102,0,2.882,ECONNREFUSED
20036.7,heavy,3103,0,1.347,
20040.0,heavy,3101,1,3.467,
20043.3,heavy,3102,0,2.081,ECONNREFUSED
20046.7,heavy,3103,1,1.219,
20050.0,heavy,3101,0,3.678,
20053.3,heavy,3102,0,1.435,ECONNREFUSED
20056.7,heavy,3103,1,1.485,
20060.0,heavy,3101,0,2.294,
20063.3,heavy,3102,0,2.015,ECONNREFUSED
20066.7,heavy,3103,0,1.219,
20070.0,heavy,3101,1,3.453,
20073.3,heavy,3102,0,2.455,ECONNREFUSED
20076.7,heavy,3103,1,1.233,
20080.0,heavy,3101,0,3.545,
20083.3,heavy,3102,0,2.014,ECONNREFUSED
20086.7,heavy,3103,1,1.482,
20090.0,heavy,3101,0,2.399,
20093.3,heavy,3102,0,2.040,ECONNREFUSED
20096.7,heavy,3103,0,1.251,
20100.0,heavy,3101,1,6.103,
20100.0,light-2,3103,1,3.157,
20100.0,light-1,3102,0,4.891,ECONNREFUSED
20100.0,light-5,3103,1,4.760,
20100.0,light-4,3102,0,5.017,ECONNREFUSED
20100.0,light-3,3101,1,6.485,
20103.3,heavy,3102,0,5.037,ECONNREFUSED
20106.7,heavy,3103,1,2.590,
20110.0,heavy,3101,0,6.170,
20113.3,heavy,3101,0,4.941,
20116.7,heavy,3102,0,2.612,ECONNREFUSED
20120.0,heavy,3103,0,0.630,
20123.3,heavy,3101,0,3.508,
20126.7,heavy,3102,0,2.593,ECONNREFUSED
20130.0,heavy,3103,1,0.939,
20133.3,heavy,3101,1,3.613,
20136.7,heavy,3102,0,2.623,ECONNREFUSED
20140.0,heavy,3103,1,1.162,
20143.3,heavy,3101,0,3.892,
20146.7,heavy,3102,0,1.575,ECONNREFUSED
20150.0,heavy,3103,1,1.079,
20153.3,heavy,3101,1,2.864,
20156.7,heavy,3102,0,2.610,ECONNREFUSED
20160.0,heavy,3103,0,1.071,
20163.3,heavy,3101,0,2.160,
20166.7,heavy,3102,0,3.432,ECONNREFUSED
20170.0,heavy,3103,1,1.944,
20173.3,heavy,3101,0,2.820,
20176.7,heavy,3102,0,2.806,ECONNREFUSED
20180.0,heavy,3103,0,0.549,
20183.3,heavy,3101,1,2.650,
20186.7,heavy,3102,0,2.220,ECONNREFUSED
20190.0,heavy,3103,1,1.171,
20193.3,heavy,3101,0,2.029,
20196.7,heavy,3102,0,3.494,ECONNREFUSED
20200.0,heavy,3103,1,1.839,
20200.0,light-4,3103,1,2.637,
20200.0,light-5,3101,1,2.951,
20200.0,light-3,3102,0,3.188,ECONNREFUSED
20200.0,light-1,3103,1,3.832,
20200.0,light-2,3101,1,3.840,
20203.3,heavy,3101,0,3.898,
20206.7,heavy,3102,0,3.172,ECONNREFUSED
20210.0,heavy,3102,0,1.391,ECONNREFUSED
20213.3,heavy,3103,1,1.099,
20216.7,heavy,3101,1,2.608,
20220.0,heavy,3102,0,2.381,ECONNREFUSED
20223.3,heavy,3103,0,0.827,
20226.7,heavy,3101,0,3.715,
20230.0,heavy,3102,0,2.772,ECONNREFUSED
20233.3,heavy,3103,1,1.633,
20236.7,heavy,3101,0,4.246,
20240.0,heavy,3102,0,2.406,ECONNREFUSED
20243.3,heavy,3103,1,1.930,
20246.7,heavy,3101,0,2.577,
20250.0,heavy,3102,0,2.231,ECONNREFUSED
20253.3,heavy,3103,1,1.103,
20256.7,heavy,3101,0,2.993,
20260.0,heavy,3102,0,2.150,ECONNREFUSED
20263.3,heavy,3103,1,1.234,
20266.7,heavy,3101,0,3.139,
20270.0,heavy,3102,0,1.510,ECONNREFUSED
20273.3,heavy,3103,1,1.975,
20276.7,heavy,3101,0,3.483,
20280.0,heavy,3102,0,3.188,ECONNREFUSED
20283.3,heavy,3103,1,1.687,
20286.7,heavy,3101,0,2.643,
20290.0,heavy,3102,0,3.102,ECONNREFUSED
20293.3,heavy,3103,1,1.206,
20296.7,heavy,3101,0,2.939,
20300.0,heavy,3102,0,4.975,ECONNREFUSED
20300.0,light-4,3103,1,3.289,
20300.0,light-5,3101,1,3.380,
20300.0,light-1,3103,1,4.441,
20300.0,light-2,3101,1,4.813,
20300.0,light-3,3102,0,5.475,ECONNREFUSED
20303.3,heavy,3102,0,5.082,ECONNREFUSED
20306.7,heavy,3103,1,1.377,
20310.0,heavy,3101,1,3.142,
20313.3,heavy,3102,0,2.190,ECONNREFUSED
20316.7,heavy,3103,0,1.142,
20320.0,heavy,3101,0,3.194,
20323.3,heavy,3102,0,3.287,ECONNREFUSED
20326.7,heavy,3103,1,1.224,
20330.0,heavy,3101,1,3.388,
20333.3,heavy,3102,0,1.816,ECONNREFUSED
20336.7,heavy,3103,1,1.398,
20340.0,heavy,3101,0,3.407,
20343.3,heavy,3102,0,2.898,ECONNREFUSED
20346.7,heavy,3103,0,0.929,
20350.0,heavy,3101,1,4.361,
20353.3,heavy,3102,0,3.635,ECONNREFUSED
20356.7,heavy,3103,1,1.320,
20360.0,heavy,3101,0,4.635,
20363.3,heavy,3102,0,3.833,ECONNREFUSED
20366.7,heavy,3103,0,0.961,
20370.0,heavy,3101,0,4.731,
20373.3,heavy,3102,0,2.824,ECONNREFUSED
20376.7,heavy,3103,1,1.200,
20380.0,heavy,3101,0,4.802,
20383.3,heavy,3102,0,3.856,ECONNREFUSED
20386.7,heavy,3103,1,1.480,
20390.0,heavy,3101,1,5.470,
20393.3,heavy,3102,0,4.707,ECONNREFUSED
20396.7,heavy,3103,1,2.287,
20400.0,heavy,3101,0,6.176,
20400.0,light-2,3103,1,2.763,
20400.0,light-1,3102,0,4.609,ECONNREFUSED
20400.0,light-4,3102,0,4.562,ECONNREFUSED
20400.0,light-5,3103,1,4.823,
20400.0,light-3,3101,1,6.113,
20403.3,heavy,3101,0,4.183,
20406.7,heavy,3102,0,1.911,ECONNREFUSED
20410.0,heavy,3103,1,1.138,
20413.3,heavy,3101,0,3.224,
20416.7,heavy,3102,0,2.547,ECONNREFUSED
20420.0,heavy,3103,1,1.377,
20423.3,heavy,3101,0,3.133,
20426.7,heavy,3102,0,2.844,ECONNREFUSED
20430.0,heavy,3103,1,1.647,
20433.3,heavy,3101,0,2.503,
20436.7,heavy,3102,0,3.308,ECONNREFUSED
20440.0,heavy,3103,1,1.655,
20443.3,heavy,3101,0,2.949,
20446.7,heavy,3102,0,3.577,ECONNREFUSED
20450.0,heavy,3103,0,1.193,
20453.3,heavy,3101,1,3.832,
20456.7,heavy,3102,0,2.844,ECONNREFUSED
20460.0,heavy,3103,1,1.349,
20463.3,heavy,3101,0,3.231,
20466.7,heavy,3102,0,2.008,ECONNREFUSED
20470.0,heavy,3103,1,2.290,
20473.3,heavy,3101,0,4.070,
20476.7,heavy,3102,0,3.200,ECONNREFUSED
20480.0,heavy,3103,0,1.692,
20483.3,heavy,3101,1,5.977,
20486.7,heavy,3102,0,3.124,ECONNREFUSED
20490.0,heavy,3103,1,1.892,
20493.3,heavy,3101,0,6.589,
20496.7,heavy,3102,0,2.652,ECONNREFUSED
20500.0,heavy,3103,1,1.545,
20500.0,light-1,3101,1,2.132,
20500.0,light-3,3103,1,3.044,
20500.0,light-2,3102,0,4.055,ECONNREFUSED
20500.0,light-4,3101,1,4.536,
20500.0,light-5,3102,0,4.977,ECONNREFUSED
20503.3,heavy,3103,0,2.272,
20506.7,heavy,3101,0,2.597,
20510.0,heavy,3102,0,4.092,ECONNREFUSED
20513.3,heavy,3103,1,2.017,
20516.7,heavy,3101,0,3.996,
20520.0,heavy,3102,0,4.120,ECONNREFUSED
20523.3,heavy,3103,1,2.174,
20526.7,heavy,3101,0,2.864,
20530.0,heavy,3102,0,2.449,ECONNREFUSED
20533.3,heavy,3103,1,1.467,
20536.7,heavy,3101,0,3.175,
20540.0,heavy,3102,0,3.312,ECONNREFUSED
20543.3,heavy,3103,1,1.328,
20546.7,heavy,3101,0,3.439,
20550.0,heavy,3102,0,2.412,ECONNREFUSED
20553.3,heavy,3103,1,1.394,
20556.7,heavy,3101,0,2.763,
20560.0,heavy,3102,0,2.647,ECONNREFUSED
20563.3,heavy,3103,1,1.470,
20566.7,heavy,3101,0,2.595,
20570.0,heavy,3102,0,4.010,ECONNREFUSED
20573.3,heavy,3103,1,1.129,
20576.7,heavy,3101,0,4.189,
20580.0,heavy,3102,0,3.051,ECONNREFUSED
20583.3,heavy,3103,1,1.937,
20586.7,heavy,3101,0,3.459,
20590.0,heavy,3102,0,2.439,ECONNREFUSED
20593.3,heavy,3103,1,4.313,
20596.7,heavy,3101,1,7.005,
20600.0,heavy,3102,0,8.053,ECONNREFUSED
20600.0,light-4,3103,1,4.872,
20600.0,light-5,3101,1,5.616,
20600.0,light-1,3103,1,6.984,
20600.0,light-2,3101,1,7.467,
20600.0,light-3,3102,0,8.101,ECONNREFUSED
20603.3,heavy,3102,0,8.209,ECONNREFUSED
20606.7,heavy,3103,0,2.768,
20610.0,heavy,3101,1,3.020,
20613.3,heavy,3102,0,7.412,ECONNREFUSED
20616.7,heavy,3103,0,1.299,
20620.0,heavy,3101,1,3.092,
20623.3,heavy,3102,0,2.383,ECONNREFUSED
20626.7,heavy,3103,0,1.261,
20630.0,heavy,3101,1,2.969,
20633.3,heavy,3102,0,4.382,ECONNREFUSED
20636.7,heavy,3103,1,1.117,
20640.0,heavy,3101,0,3.403,
20643.3,heavy,3102,0,3.749,ECONNREFUSED
20646.7,heavy,3103,0,1.579,
20650.0,heavy,3101,0,3.833,
20653.3,heavy,3102,0,3.020,ECONNREFUSED
20656.7,heavy,3103,1,0.955,
20660.0,heavy,3101,1,3.176,
20663.3,heavy,3102,0,1.982,ECONNREFUSED
20666.7,heavy,3103,0,1.168,
20670.0,heavy,3101,1,2.697,
20673.3,heavy,3102,0,1.932,ECONNREFUSED
20676.7,heavy,3103,1,1.261,
20680.0,heavy,3101,0,2.872,
20683.3,heavy,3102,0,3.535,ECONNREFUSED
20686.7,heavy,3103,0,0.805,
20690.0,heavy,3101,1,7.775,
20693.3,heavy,3102,0,6.612,ECONNREFUSED
20696.7,heavy,3103,1,2.742,
20700.0,heavy,3101,0,8.014,
20700.0,light-2,3103,1,3.977,
20700.0,light-1,3102,0,6.553,ECONNREFUSED
20700.0,light-4,3102,0,7.343,ECONNREFUSED
20700.0,light-5,3103,1,7.494,
20700.0,light-3,3101,1,9.089,
20703.3,heavy,3101,0,7.675,
20706.7,heavy,3102,0,6.001,ECONNREFUSED
20710.0,heavy,3103,1,1.920,
20713.3,heavy,3101,0,3.257,
20716.7,heavy,3102,0,2.473,ECONNREFUSED
20720.0,heavy,3103,1,2.277,
20723.3,heavy,3101,0,3.456,
20726.7,heavy,3102,0,3.021,ECONNREFUSED
20730.0,heavy,3103,0,1.360,
20733.3,heavy,3101,1,4.316,
20736.7,heavy,3102,0,3.596,ECONNREFUSED
20740.0,heavy,3103,1,1.997,
20743.3,heavy,3101,0,4.621,
20746.7,heavy,3102,0,2.953,ECONNREFUSED
20750.0,heavy,3103,1,1.470,
20753.3,heavy,3101,0,3.910,
20756.7,heavy,3102,0,3.430,ECONNREFUSED
20760.0,heavy,3103,0,1.262,
20763.3,heavy,3101,1,4.018,
20766.7,heavy,3102,1,20.273,
20770.0,heavy,3103,1,1.507,
20773.3,heavy,3101,0,4.437,
20776.7,heavy,3102,1,22.241,
20780.0,heavy,3103,1,1.568,
20783.3,heavy,3101,0,4.255,
20786.7,heavy,3102,1,3.000,
20790.0,heavy,3103,1,1.528,
20793.3,heavy,3101,0,4.852,
20796.7,heavy,3102,1,5.940,
20800.0,heavy,3103,1,1.557,
20800.0,light-2,3103,1,1.602,
20800.0,light-5,3103,1,4.513,
20800.0,light-3,3101,1,4.765,
20800.0,light-1,3102,1,62.381,
20800.0,light-4,3102,1,63.848,
20803.3,heavy,3101,0,4.090,
20806.7,heavy,3101,0,3.599,
20810.0,heavy,3102,1,62.635,
20813.3,heavy,3103,1,2.236,
20816.7,heavy,3101,0,3.037,
20820.0,heavy,3102,1,49.769,
20823.3,heavy,3103,1,2.272,
20826.7,heavy,3101,0,3.457,
20830.0,heavy,3102,1,45.621,
20833.3,heavy,3103,1,1.528,
20836.7,heavy,3101,1,3.315,
20840.0,heavy,3102,1,36.704,
20843.3,heavy,3103,0,1.036,
20846.7,heavy,3101,0,4.694,
20850.0,heavy,3102,1,21.714,
20853.3,heavy,3103,1,1.709,
20856.7,heavy,3101,0,4.616,
20860.0,heavy,3102,1,18.366,
20863.3,heavy,3103,1,1.352,
20866.7,heavy,3101,0,3.311,
20870.0,heavy,3102,1,10.740,
20873.3,heavy,3103,1,0.913,
20876.7,heavy,3101,0,3.113,
20880.0,heavy,3102,1,16.345,
20883.3,heavy,3103,1,1.316,
20886.7,heavy,3101,0,2.779,
20890.0,heavy,3102,1,7.349,
20893.3,heavy,3103,1,1.167,
20896.7,heavy,3101,0,2.799,
20900.0,heavy,3102,1,1.994,
20900.0,light-4,3103,1,3.152,
20900.0,light-5,3101,1,3.517,
20900.0,light-1,3103,1,4.024,
20900.0,light-2,3101,1,4.142,
20900.0,light-3,3102,1,31.003,
20903.3,heavy,3102,1,3.582,
20906.7,heavy,3103,1,0.927,
20910.0,heavy,3101,1,4.215,
20913.3,heavy,3102,1,11.970,
20916.7,heavy,3103,1,1.325,
20920.0,heavy,3101,0,5.059,
20923.3,heavy,3102,1,12.548,
20926.7,heavy,3103,0,1.241,
20930.0,heavy,3101,1,2.956,
20933.3,heavy,3102,1,3.401,
20936.7,heavy,3103,0,0.835,
20940.0,heavy,3101,1,3.196,
20943.3,heavy,3102,1,1.211,
20946.7,heavy,3103,1,1.314,
20950.0,heavy,3101,0,3.143,
20953.3,heavy,3102,1,1.512,
20956.7,heavy,3103,0,0.933,
20960.0,heavy,3101,1,4.854,
20963.3,heavy,3102,1,2.463,
20966.7,heavy,3103,1,1.835,
20970.0,heavy,3101,0,5.490,
20973.3,heavy,3102,1,1.416,
20976.7,heavy,3103,0,1.026,
20980.0,heavy,3101,0,3.591,
20983.3,heavy,3102,1,1.789,
20986.7,heavy,3103,1,1.943,
20990.0,heavy,3101,1,5.129,
20993.3,heavy,3102,1,1.429,
20996.7,heavy,3103,1,4.050,
21000.0,heavy,3101,1,5.183,
21000.0,light-2,3103,1,1.273,
21000.0,light-4,3102,1,3.907,
21000.0,light-5,3103,1,4.650,
21000.0,light-3,3101,1,7.665,
21000.0,light-1,3102,1,11.826,
21003.3,heavy,3101,0,6.850,
21006.7,heavy,3102,1,2.456,
21010.0,heavy,3103,1,3.686,
21013.3,heavy,3101,1,3.636,
21016.7,heavy,3102,1,1.525,
21020.0,heavy,3103,1,4.126,
21023.3,heavy,3101,1,2.835,
21026.7,heavy,3102,1,1.868,
21030.0,heavy,3103,1,4.218,
21033.3,heavy,3101,1,4.534,
21036.7,heavy,3102,1,1.336,
21040.0,heavy,3103,1,4.200,
21043.3,heavy,3101,1,3.352,
21046.7,heavy,3102,1,1.735,
21050.0,heavy,3103,1,7.503,
21053.3,heavy,3101,1,3.749,
21056.7,heavy,3102,1,1.075,
21060.0,heavy,3103,1,3.528,
21063.3,heavy,3101,1,3.727,
21066.7,heavy,3102,1,1.377,
21070.0,heavy,3103,1,3.215,
21073.3,heavy,3101,1,2.480,
21076.7,heavy,3102,1,1.569,
21080.0,heavy,3103,1,3.255,
21083.3,heavy,3101,1,3.129,
21086.7,heavy,3102,1,1.557,
21090.0,heavy,3103,1,3.597,
21093.3,heavy,3101,1,3.527,
21096.7,heavy,3102,1,1.670,
21100.0,heavy,3103,1,9.595,
21100.0,light-1,3101,1,2.327,
21100.0,light-3,3103,1,3.525,
21100.0,light-2,3102,1,11.397,
21100.0,light-4,3101,1,13.504,
21100.0,light-5,3102,1,15.335,
21103.3,heavy,3101,1,8.591,
21106.7,heavy,3102,1,1.798,
21110.0,heavy,3103,1,10.248,
21113.3,heavy,3103,1,12.479,
21116.7,heavy,3101,1,9.363,
21120.0,heavy,3102,1,7.877,
21123.3,heavy,3103,1,7.006,
21126.7,heavy,3101,1,5.228,
21130.0,heavy,3102,1,1.777,
21133.3,heavy,3103,1,3.386,
21136.7,heavy,3101,1,6.120,
21140.0,heavy,3102,1,1.728,
21143.3,heavy,3103,1,3.684,
21146.7,heavy,3101,1,3.571,
21150.0,heavy,3102,1,1.729,
21153.3,heavy,3103,1,3.408,
21156.7,heavy,3101,1,3.157,
21160.0,heavy,3102,1,1.249,
21163.3,heavy,3103,1,4.425,
21166.7,heavy,3101,1,3.687,
21170.0,heavy,3102,1,1.340,
21173.3,heavy,3103,1,4.178,
21176.7,heavy,3101,1,3.076,
21180.0,heavy,3102,1,1.336,
21183.3,heavy,3103,1,3.388,
21186.7,heavy,3101,1,3.636,
21190.0,heavy,3102,1,1.135,
21193.3,heavy,3103,1,3.427,
21196.7,heavy,3101,1,3.366,
21200.0,heavy,3102,1,1.696,
21200.0,light-5,3101,1,2.499,
21200.0,light-1,3103,1,4.406,
21200.0,light-2,3101,1,4.547,
21200.0,light-4,3103,1,6.102,
21200.0,light-3,3102,1,7.700,
21203.3,heavy,3102,1,3.169,
21206.7,heavy,3103,1,3.431,
21210.0,heavy,3101,1,3.254,
21213.3,heavy,3102,1,1.476,
21216.7,heavy,3103,1,4.156,
21220.0,heavy,3101,1,3.311,
21223.3,heavy,3102,1,1.254,
21226.7,heavy,3103,1,3.975,
21230.0,heavy,3101,1,3.448,
21233.3,heavy,3102,1,1.355,
21236.7,heavy,3103,1,2.774,
21240.0,heavy,3101,1,3.443,
21243.3,heavy,3102,1,1.365,
21246.7,heavy,3103,1,5.024,
21250.0,heavy,3101,1,3.622,
21253.3,heavy,3102,1,1.686,
21256.7,heavy,3103,1,4.474,
21260.0,heavy,3101,1,4.507,
21263.3,heavy,3102,1,2.067,
21266.7,heavy,3103,1,4.355,
21270.0,heavy,3101,1,4.675,
21273.3,heavy,3102,1,1.558,
21276.7,heavy,3103,1,5.800,
21280.0,heavy,3101,1,5.114,
21283.3,heavy,3102,1,2.472,
21286.7,heavy,3103,1,4.273,
21290.0,heavy,3101,1,4.388,
21293.3,heavy,3102,1,1.734,
21296.7,heavy,3103,1,3.688,
21300.0,heavy,3101,1,5.540,
21300.0,light-2,3103,1,1.089,
21300.0,light-4,3102,1,4.018,
21300.0,light-5,3103,1,4.511,
21300.0,light-3,3101,1,4.704,
21300.0,light-1,3102,1,6.273,
21303.3,heavy,3101,1,3.844,
21306.7,heavy,3102,1,1.500,
21310.0,heavy,3103,1,3.604,
21313.3,heavy,3101,1,3.940,
21316.7,heavy,3102,1,1.017,
21320.0,heavy,3103,1,4.952,
21323.3,heavy,3101,1,5.204,
21326.7,heavy,3102,1,1.903,
21330.0,heavy,3103,1,3.692,
21333.3,heavy,3101,1,3.303,
21336.7,heavy,3102,1,1.336,
21340.0,heavy,3103,1,3.806,
21343.3,heavy,3101,1,3.903,
21346.7,heavy,3102,1,0.985,
21350.0,heavy,3103,1,4.544,
21353.3,heavy,3101,1,4.681,
21356.7,heavy,3102,1,1.998,
21360.0,heavy,3103,1,4.990,
21363.3,heavy,3101,1,2.730,
21366.7,heavy,3102,1,1.051,
21370.0,heavy,3103,1,3.239,
21373.3,heavy,3101,1,3.550,
21376.7,heavy,3102,1,1.154,
21380.0,heavy,3103,1,3.231,
21383.3,heavy,3101,1,3.154,
21386.7,heavy,3102,1,1.376,
21390.0,heavy,3103,1,3.005,
21393.3,heavy,3101,1,3.091,
21396.7,heavy,3102,1,1.135,
21400.0,heavy,3103,1,7.627,
21400.0,light-5,3101,1,3.473,
21400.0,light-1,3103,1,5.689,
21400.0,light-2,3101,1,5.873,
21400.0,light-4,3103,1,7.597,
21400.0,light-3,3102,1,8.332,
21403.3,heavy,3101,1,6.695,
21406.7,heavy,3102,1,1.829,
21410.0,heavy,3102,1,3.314,
21413.3,heavy,3103,1,3.961,
21416.7,heavy,3101,1,2.718,
21420.0,heavy,3102,1,1.250,
21423.3,heavy,3103,1,4.467,
21426.7,heavy,3101,1,3.595,
21430.0,heavy,3102,1,1.466,
21433.3,heavy,3103,1,4.124,
21436.7,heavy,3101,1,4.205,
21440.0,heavy,3102,1,0.986,
21443.3,heavy,3103,1,4.506,
21446.7,heavy,3101,1,3.603,
21450.0,heavy,3102,1,1.430,
21453.3,heavy,3103,1,3.788,
21456.7,heavy,3101,1,2.979,
21460.0,heavy,3102,1,1.520,
21463.3,heavy,3103,1,2.914,
21466.7,heavy,3101,0,3.481,
21470.0,heavy,3102,0,1.258,
21473.3,heavy,3103,1,3.995,
21476.7,heavy,3101,0,4.509,
21480.0,heavy,3102,1,1.757,
21483.3,heavy,3103,0,4.697,
21486.7,heavy,3101,0,2.658,
21490.0,heavy,3102,0,1.087,
21493.3,heavy,3103,0,4.337,
21496.7,heavy,3101,1,3.049,
21500.0,heavy,3102,1,1.526,
21500.0,light-5,3101,1,2.186,
21500.0,light-2,3101,1,4.233,
21500.0,light-1,3103,1,4.418,
21500.0,light-4,3103,1,5.060,
21500.0,light-3,3102,1,5.839,
21503.3,heavy,3102,0,2.841,
21506.7,heavy,3103,0,3.561,
21510.0,heavy,3101,0,3.205,
21513.3,heavy,3102,1,1.325,
21516.7,heavy,3103,0,4.674,
21520.0,heavy,3101,0,3.949,
21523.3,heavy,3102,1,1.820,
21526.7,heavy,3103,1,4.724,
21530.0,heavy,3101,0,6.628,
21533.3,heavy,3102,0,1.063,
21536.7,heavy,3103,0,2.712,
21540.0,heavy,3101,0,3.155,
21543.3,heavy,3102,1,1.249,
21546.7,heavy,3103,0,4.495,
21550.0,heavy,3101,1,3.642,
21553.3,heavy,3102,1,1.433,
21556.7,heavy,3103,0,4.980,
21560.0,heavy,3101,0,4.433,
21563.3,heavy,3102,0,1.363,
21566.7,heavy,3103,0,3.203,
21570.0,heavy,3101,0,3.036,
21573.3,heavy,3102,1,1.617,
21576.7,heavy,3103,0,3.310,
21580.0,heavy,3101,0,3.467,
21583.3,heavy,3102,1,1.318,
21586.7,heavy,3103,0,3.387,
21590.0,heavy,3101,0,3.340,
21593.3,heavy,3102,1,1.514,
21596.7,heavy,3103,1,9.475,
21600.0,heavy,3101,0,9.793,
21600.0,light-1,3101,1,2.466,
21600.0,light-3,3103,1,3.588,
21600.0,light-4,3101,1,11.214,
21600.0,light-2,3102,1,11.646,
21600.0,light-5,3102,1,13.209,
21603.3,heavy,3102,1,2.766,
21606.7,heavy,3103,0,10.230,
21610.0,heavy,3103,0,9.879,
21613.3,heavy,3101,0,6.847,
21616.7,heavy,3102,0,5.340,
21620.0,heavy,3103,1,3.930,
21623.3,heavy,3101,0,3.009,
21626.7,heavy,3102,0,1.435,
21630.0,heavy,3103,0,3.856,
21633.3,heavy,3101,0,3.327,
21636.7,heavy,3102,1,1.316,
21640.0,heavy,3103,0,2.984,
21643.3,heavy,3101,0,3.866,
21646.7,heavy,3102,1,1.377,
21650.0,heavy,3103,1,2.852,
21653.3,heavy,3101,0,4.560,
21656.7,heavy,3102,0,1.005,
21660.0,heavy,3103,0,3.617,
21663.3,heavy,3101,0,2.410,
21666.7,heavy,3102,1,1.255,
21670.0,heavy,3103,0,3.830,
21673.3,heavy,3101,1,2.525,
21676.7,heavy,3102,0,1.159,
21680.0,heavy,3103,0,4.094,
21683.3,heavy,3101,1,3.276,
21686.7,heavy,3102,0,1.305,
21690.0,heavy,3103,0,3.709,
21693.3,heavy,3101,1,3.639,
21696.7,heavy,3102,0,1.267,
21700.0,heavy,3103,1,6.777,
21700.0,light-1,3101,1,1.471,
21700.0,light-3,3103,1,2.383,
21700.0,light-4,3101,1,6.780,
21700.0,light-2,3102,1,8.053,
21700.0,light-5,3102,1,9.450,
21703.3,heavy,3103,0,5.732,
21706.7,heavy,3101,0,5.529,
21710.0,heavy,3102,0,3.004,
21713.3,heavy,3103,1,3.169,
21716.7,heavy,3101,0,3.272,
21720.0,heavy,3102,0,1.197,
21723.3,heavy,3103,1,3.918,
21726.7,heavy,3101,0,3.812,
21730.0,heavy,3102,1,1.458,
21733.3,heavy,3103,0,4.040,
21736.7,heavy,3101,0,3.416,
21740.0,heavy,3102,0,1.148,
21743.3,heavy,3103,1,5.233,
21746.7,heavy,3101,0,4.290,
21750.0,heavy,3102,1,1.578,
21753.3,heavy,3103,0,4.967,
21756.7,heavy,3101,0,3.494,
21760.0,heavy,3102,0,1.643,
21763.3,heavy,3103,0,4.448,
21766.7,heavy,3101,1,3.523,
21770.0,heavy,3102,0,1.491,
21773.3,heavy,3103,1,3.766,
21776.7,heavy,3101,0,3.508,
21780.0,heavy,3102,0,1.430,
21783.3,heavy,3103,1,6.857,
21786.7,heavy,3101,0,6.270,
21790.0,heavy,3102,1,1.734,
21793.3,heavy,3103,1,7.213,
21796.7,heavy,3101,0,8.222,
21800.0,heavy,3102,0,2.560,
21800.0,light-5,3101,1,2.854,
21800.0,light-2,3101,1,5.989,
21800.0,light-1,3103,1,6.469,
21800.0,light-4,3103,1,8.537,
21800.0,light-3,3102,1,10.696,
21803.3,heavy,3102,0,3.805,
21806.7,heavy,3103,0,5.271,
21810.0,heavy,3101,0,3.548,
21813.3,heavy,3102,1,1.341,
21816.7,heavy,3103,0,3.878,
21820.0,heavy,3101,0,3.802,
21823.3,heavy,3102,1,1.554,
21826.7,heavy,3103,1,4.154,
21830.0,heavy,3101,0,4.240,
21833.3,heavy,3102,0,0.985,
21836.7,heavy,3103,0,4.036,
21840.0,heavy,3101,0,3.342,
21843.3,heavy,3102,1,1.565,
21846.7,heavy,3103,0,4.628,
21850.0,heavy,3101,0,3.499,
21853.3,heavy,3102,1,1.475,
21856.7,heavy,3103,0,3.906,
21860.0,heavy,3101,1,4.133,
21863.3,heavy,3102,0,1.213,
21866.7,heavy,3103,0,3.928,
21870.0,heavy,3101,0,4.347,
21873.3,heavy,3102,1,1.484,
21876.7,heavy,3103,0,4.485,
21880.0,heavy,3101,0,3.406,
21883.3,heavy,3102,1,1.421,
21886.7,heavy,3103,1,5.864,
21890.0,heavy,3101,0,7.131,
21893.3,heavy,3102,1,1.454,
21896.7,heavy,3103,0,6.192,
21900.0,heavy,3101,0,7.725,
21900.0,light-2,3103,1,3.372,
21900.0,light-4,3102,1,3.889,
21900.0,light-3,3101,1,6.185,
21900.0,light-1,3102,1,6.500,
21900.0,light-5,3103,1,6.682,
21903.3,heavy,3101,0,4.780,
21906.7,heavy,3102,0,2.432,
21910.0,heavy,3103,1,3.518,
21913.3,heavy,3101,0,3.803,
21916.7,heavy,3102,0,1.271,
21920.0,heavy,3103,0,3.434,
21923.3,heavy,3101,1,3.059,
21926.7,heavy,3102,0,1.127,
21930.0,heavy,3103,0,3.443,
21933.3,heavy,3101,1,2.735,
21936.7,heavy,3102,0,1.326,
21940.0,heavy,3103,1,3.133,
21943.3,heavy,3101,0,3.349,
21946.7,heavy,3102,0,0.937,
21950.0,heavy,3103,0,3.003,
21953.3,heavy,3101,1,3.915,
21956.7,heavy,3102,1,1.303,
21960.0,heavy,3103,0,3.410,
21963.3,heavy,3101,0,2.805,
21966.7,heavy,3102,1,1.914,
21970.0,heavy,3103,0,4.968,
21973.3,heavy,3101,0,4.004,
21976.7,heavy,3102,0,2.031,
21980.0,heavy,3103,0,4.174,
21983.3,heavy,3101,1,2.418,
21986.7,heavy,3102,0,0.960,
21990.0,heavy,3103,1,3.725,
21993.3,heavy,3101,0,2.711,
21996.7,heavy,3102,0,1.304,
22000.0,heavy,3103,0,7.854,
22000.0,light-5,3101,1,3.489,
22000.0,light-2,3101,1,5.944,
22000.0,light-3,3102,1,7.048,
22000.0,light-4,3103,1,7.999,
22000.0,light-1,3103,1,10.614,
22003.3,heavy,3101,1,7.450,
22006.7,heavy,3102,1,1.436,
22010.0,heavy,3102,0,3.473,
22013.3,heavy,3103,0,5.290,
22016.7,heavy,3101,0,3.392,
22020.0,heavy,3102,1,1.461,
22023.3,heavy,3103,0,3.497,
22026.7,heavy,3101,0,3.294,
22030.0,heavy,3102,0,1.124,
22033.3,heavy,3103,1,3.832,
22036.7,heavy,3101,0,4.274,
22040.0,heavy,3102,1,1.192,
22043.3,heavy,3103,0,3.081,
22046.7,heavy,3101,0,3.032,
22050.0,heavy,3102,1,1.382,
22053.3,heavy,3103,0,2.981,
22056.7,heavy,3101,0,3.751,
22060.0,heavy,3102,0,1.265,
22063.3,heavy,3103,1,3.337,
22066.7,heavy,3101,0,3.010,
22070.0,heavy,3102,1,1.621,
22073.3,heavy,3103,0,3.798,
22076.7,heavy,3101,0,3.918,
22080.0,heavy,3102,1,1.777,
22083.3,heavy,3103,0,4.531,
22086.7,heavy,3101,0,3.084,
22090.0,heavy,3102,1,1.826,
22093.3,heavy,3103,0,6.950,
22096.7,heavy,3101,1,4.879,
22100.0,heavy,3102,0,1.983,
22100.0,light-5,3101,1,3.634,
22100.0,light-2,3101,1,5.686,
22100.0,light-1,3103,1,5.931,
22100.0,light-3,3102,1,6.808,
22100.0,light-4,3103,1,7.384,
22103.3,heavy,3102,0,2.272,
22106.7,heavy,3103,0,3.692,
22110.0,heavy,3101,0,2.865,
22113.3,heavy,3102,1,1.235,
22116.7,heavy,3103,0,3.670,
22120.0,heavy,3101,1,3.941,
22123.3,heavy,3102,1,2.919,
22126.7,heavy,3103,0,5.539,
22130.0,heavy,3101,0,4.777,
22133.3,heavy,3102,0,2.209,
22136.7,heavy,3103,0,2.669,
22140.0,heavy,3101,0,3.121,
22143.3,heavy,3102,1,2.194,
22146.7,heavy,3103,0,3.227,
22150.0,heavy,3101,1,4.403,
22153.3,heavy,3102,1,1.516,
22156.7,heavy,3103,0,4.178,
22160.0,heavy,3101,0,4.669,
22163.3,heavy,3102,0,2.288,
22166.7,heavy,3103,0,3.710,
22170.0,heavy,3101,0,3.736,
22173.3,heavy,3102,1,1.309,
22176.7,heavy,3103,0,4.725,
22180.0,heavy,3101,1,3.951,
22183.3,heavy,3102,0,1.373,
22186.7,heavy,3103,0,3.380,
22190.0,heavy,3101,0,4.088,
22193.3,heavy,3102,1,1.597,
22196.7,heavy,3103,0,3.886,
22200.0,heavy,3101,1,7.045,
22200.0,light-2,3103,1,1.532,
22200.0,light-4,3102,1,4.012,
22200.0,light-5,3103,1,5.651,
22200.0,light-3,3101,1,5.930,
22200.0,light-1,3102,1,6.653,
22203.3,heavy,3101,0,4.840,
22206.7,heavy,3102,0,1.167,
22210.0,heavy,3103,0,2.840,
22213.3,heavy,3101,1,4.703,
22216.7,heavy,3102,1,1.649,
22220.0,heavy,3103,0,3.768,
22223.3,heavy,3101,0,4.539,
22226.7,heavy,3102,0,1.204,
22230.0,heavy,3103,0,3.001,
22233.3,heavy,3101,0,2.950,
22236.7,heavy,3102,1,1.479,
22240.0,heavy,3103,0,4.023,
22243.3,heavy,3101,1,3.772,
22246.7,heavy,3102,0,1.187,
22250.0,heavy,3103,0,3.955,
22253.3,heavy,3101,1,3.214,
22256.7,heavy,3102,0,1.133,
22260.0,heavy,3103,0,3.188,
22263.3,heavy,3101,0,3.122,
22266.7,heavy,3102,1,1.204,
22270.0,heavy,3103,0,3.166,
22273.3,heavy,3101,1,3.130,
22276.7,heavy,3102,0,1.318,
22280.0,heavy,3103,0,4.350,
22283.3,heavy,3101,1,3.419,
22286.7,heavy,3102,0,1.270,
22290.0,heavy,3103,0,3.360,
22293.3,heavy,3101,1,3.523,
22296.7,heavy,3102,0,1.248,
22300.0,heavy,3103,1,6.310,
22300.0,light-1,3101,1,1.582,
22300.0,light-3,3103,1,2.676,
22300.0,light-4,3101,1,6.468,
22300.0,light-2,3102,1,8.807,
22300.0,light-5,3102,1,10.663,
22303.3,heavy,3103,0,7.571,
22306.7,heavy,3101,1,8.165,
22310.0,heavy,3102,0,5.789,
22313.3,heavy,3103,0,3.986,
22316.7,heavy,3101,0,3.284,
22320.0,heavy,3102,0,1.188,
22323.3,heavy,3103,1,3.098,
22326.7,heavy,3101,0,2.924,
22330.0,heavy,3102,0,1.344,
22333.3,heavy,3103,1,4.137,
22336.7,heavy,3101,0,4.365,
22340.0,heavy,3102,1,1.648,
22343.3,heavy,3103,0,4.299,
22346.7,heavy,3101,0,3.383,
22350.0,heavy,3102,0,1.236,
22353.3,heavy,3103,0,3.629,
22356.7,heavy,3101,1,3.661,
22360.0,heavy,3102,1,1.700,
22363.3,heavy,3103,0,4.186,
22366.7,heavy,3101,0,3.292,
22370.0,heavy,3102,0,1.545,
22373.3,heavy,3103,1,4.219,
22376.7,heavy,3101,0,4.869,
22380.0,heavy,3102,0,1.499,
22383.3,heavy,3103,1,3.964,
22386.7,heavy,3101,0,3.986,
22390.0,heavy,3102,1,1.555,
22393.3,heavy,3103,0,2.803,
22396.7,heavy,3101,0,8.561,
22400.0,heavy,3102,1,1.735,
22400.0,light-2,3103,1,2.469,
22400.0,light-4,3102,1,4.235,
22400.0,light-3,3101,1,7.256,
22400.0,light-5,3103,1,7.358,
22400.0,light-1,3102,1,7.667,
22403.3,heavy,3103,0,6.691,
22406.7,heavy,3101,0,8.661,
22410.0,heavy,3101,1,6.413,
22413.3,heavy,3102,0,1.789,
22416.7,heavy,3103,0,3.885,
22420.0,heavy,3101,0,3.082,
22423.3,heavy,3102,1,1.501,
22426.7,heavy,3103,0,3.085,
22430.0,heavy,3101,0,3.190,
22433.3,heavy,3102,1,1.710,
22436.7,heavy,3103,0,3.151,
22440.0,heavy,3101,0,3.131,
22443.3,heavy,3102,1,1.685,
22446.7,heavy,3103,0,3.357,
22450.0,heavy,3101,0,2.550,
22453.3,heavy,3102,1,1.490,
22456.7,heavy,3103,0,2.913,
22460.0,heavy,3101,0,3.706,
22463.3,heavy,3102,1,1.047,
22466.7,heavy,3103,0,8.023,
22470.0,heavy,3101,0,4.014,
22473.3,heavy,3102,1,1.466,
22476.7,heavy,3103,0,2.955,
22480.0,heavy,3101,0,3.855,
22483.3,heavy,3102,1,1.196,
22486.7,heavy,3103,0,6.550,
22490.0,heavy,3101,1,6.701,
22493.3,heavy,3102,1,1.746,
22496.7,heavy,3103,0,7.480,
22500.0,heavy,3101,0,7.596,
22500.0,light-2,3103,1,3.244,
22500.0,light-4,3102,1,3.937,
22500.0,light-5,3103,1,6.428,
22500.0,light-3,3101,1,6.731,
22500.0,light-1,3102,1,7.002,
22503.3,heavy,3101,0,4.957,
22506.7,heavy,3102,0,2.932,
22510.0,heavy,3103,0,3.003,
22513.3,heavy,3101,0,3.650,
22516.7,heavy,3102,1,1.386,
22520.0,heavy,3103,0,3.040,
22523.3,heavy,3101,1,2.754,
22526.7,heavy,3102,0,1.573,
22530.0,heavy,3103,1,3.680,
22533.3,heavy,3101,0,3.627,
22536.7,heavy,3102,0,1.427,
22540.0,heavy,3103,0,3.285,
22543.3,heavy,3101,0,3.518,
22546.7,heavy,3102,1,1.913,
22550.0,heavy,3103,0,2.868,
22553.3,heavy,3101,1,2.999,
22556.7,heavy,3102,0,1.194,
22560.0,heavy,3103,1,3.408,
22563.3,heavy,3101,0,3.540,
22566.7,heavy,3102,0,1.506,
22570.0,heavy,3103,0,3.246,
22573.3,heavy,3101,1,3.641,
22576.7,heavy,3102,0,1.370,
22580.0,heavy,3103,0,3.907,
22583.3,heavy,3101,1,3.243,
22586.7,heavy,3102,1,1.649,
22590.0,heavy,3103,0,3.865,
22593.3,heavy,3101,0,4.034,
22596.7,heavy,3102,0,0.821,
22600.0,heavy,3103,0,5.572,
22600.0,light-5,3101,1,3.709,
22600.0,light-3,3102,1,5.246,
22600.0,light-2,3101,1,5.420,
22600.0,light-1,3103,1,5.816,
22600.0,light-4,3103,1,7.699,
22603.3,heavy,3101,0,4.785,
22606.7,heavy,3102,1,1.333,
22610.0,heavy,3102,0,2.533,
22613.3,heavy,3103,1,5.095,
22616.7,heavy,3101,0,3.113,
22620.0,heavy,3102,0,1.037,
22623.3,heavy,3103,1,3.531,
22626.7,heavy,3101,0,2.657,
22630.0,heavy,3102,0,1.096,
22633.3,heavy,3103,0,3.667,
22636.7,heavy,3101,1,2.829,
22640.0,heavy,3102,0,0.925,
22643.3,heavy,3103,1,2.511,
22646.7,heavy,3101,0,3.208,
22650.0,heavy,3102,1,1.308,
22653.3,heavy,3103,0,3.296,
22656.7,heavy,3101,0,3.227,
22660.0,heavy,3102,0,1.507,
22663.3,heavy,3103,0,3.351,
22666.7,heavy,3101,0,2.813,
22670.0,heavy,3102,1,1.221,
22673.3,heavy,3103,1,4.119,
22676.7,heavy,3101,0,4.443,
22680.0,heavy,3102,1,1.333,
22683.3,heavy,3103,0,4.575,
22686.7,heavy,3101,0,4.085,
22690.0,heavy,3102,0,1.102,
22693.3,heavy,3103,1,6.035,
22696.7,heavy,3101,0,4.730,
22700.0,heavy,3102,1,1.428,
22700.0,light-5,3101,1,3.507,
22700.0,light-3,3102,1,5.459,
22700.0,light-2,3101,1,5.780,
22700.0,light-1,3103,1,6.564,
22700.0,light-4,3103,1,7.336,
22703.3,heavy,3102,0,1.101,
22706.7,heavy,3103,0,5.492,
22710.0,heavy,3101,1,3.307,
22713.3,heavy,3102,0,1.398,
22716.7,heavy,3103,0,3.285,
22720.0,heavy,3101,0,2.826,
22723.3,heavy,3102,1,1.629,
22726.7,heavy,3103,0,3.944,
22730.0,heavy,3101,0,4.456,
22733.3,heavy,3102,1,1.115,
22736.7,heavy,3103,0,3.039,
22740.0,heavy,3101,0,3.956,
22743.3,heavy,3102,1,1.263,
22746.7,heavy,3103,0,2.954,
22750.0,heavy,3101,1,3.342,
22753.3,heavy,3102,0,0.970,
22756.7,heavy,3103,0,4.408,
22760.0,heavy,3101,0,3.683,
22763.3,heavy,3102,1,1.363,
22766.7,heavy,3103,0,3.348,
22770.0,heavy,3101,0,2.974,
22773.3,heavy,3102,1,1.571,
22776.7,heavy,3103,0,4.014,
22780.0,heavy,3101,0,3.390,
22783.3,heavy,3102,1,1.040,
22786.7,heavy,3103,0,4.694,
22790.0,heavy,3101,0,3.292,
22793.3,heavy,3102,1,1.260,
22796.7,heavy,3103,0,3.453,
22800.0,heavy,3101,0,5.291,
22800.0,light-2,3103,1,1.683,
22800.0,light-4,3102,1,2.694,
22800.0,light-3,3101,1,4.314,
22800.0,light-5,3103,1,4.697,
22800.0,light-1,3102,1,5.051,
22803.3,heavy,3101,1,3.295,
22806.7,heavy,3102,0,1.127,
22810.0,heavy,3103,1,3.575,
22813.3,heavy,3101,0,3.084,
22816.7,heavy,3102,0,2.129,
22820.0,heavy,3103,0,3.460,
22823.3,heavy,3101,1,3.554,
22826.7,heavy,3102,0,1.329,
22830.0,heavy,3103,1,5.148,
22833.3,heavy,3101,0,4.209,
22836.7,heavy,3102,1,1.359,
22840.0,heavy,3103,0,5.273,
22843.3,heavy,3101,0,4.603,
22846.7,heavy,3102,0,1.322,
22850.0,heavy,3103,0,3.969,
22853.3,heavy,3101,0,3.565,
22856.7,heavy,3102,1,1.360,
22860.0,heavy,3103,0,3.208,
22863.3,heavy,3101,1,3.197,
22866.7,heavy,3102,1,1.527,
22870.0,heavy,3103,0,3.160,
22873.3,heavy,3101,0,3.665,
22876.7,heavy,3102,0,0.918,
22880.0,heavy,3103,0,3.889,
22883.3,heavy,3101,0,3.471,
22886.7,heavy,3102,1,1.269,
22890.0,heavy,3103,0,3.060,
22893.3,heavy,3101,1,3.093,
22896.7,heavy,3102,0,1.124,
22900.0,heavy,3103,1,5.212,
22900.0,light-2,3103,1,2.612,
22900.0,light-4,3102,1,3.084,
22900.0,light-1,3102,1,5.430,
22900.0,light-5,3103,1,6.303,
22900.0,light-3,3101,1,6.777,
22903.3,heavy,3101,0,6.300,
22906.7,heavy,3101,0,5.104,
22910.0,heavy,3102,0,1.452,
22913.3,heavy,3103,0,2.942,
22916.7,heavy,3101,0,3.038,
22920.0,heavy,3102,1,1.144,
22923.3,heavy,3103,1,3.946,
22926.7,heavy,3101,0,4.237,
22930.0,heavy,3102,1,1.236,
22933.3,heavy,3103,0,4.712,
22936.7,heavy,3101,0,3.579,
22940.0,heavy,3102,0,0.970,
22943.3,heavy,3103,0,3.932,
22946.7,heavy,3101,1,3.112,
22950.0,heavy,3102,1,1.343,
22953.3,heavy,3103,0,4.005,
22956.7,heavy,3101,0,2.773,
22960.0,heavy,3102,0,0.761,
22963.3,heavy,3103,1,2.743,
22966.7,heavy,3101,0,2.997,
22970.0,heavy,3102,0,0.827,
22973.3,heavy,3103,1,3.591,
22976.7,heavy,3101,0,2.799,
22980.0,heavy,3102,1,1.018,
22983.3,heavy,3103,0,3.103,
22986.7,heavy,3101,0,2.943,
22990.0,heavy,3102,1,1.321,
22993.3,heavy,3103,0,2.999,
22996.7,heavy,3101,0,4.066,
23000.0,heavy,3102,0,1.278,
23000.0,light-5,3101,1,2.442,
23000.0,light-2,3101,1,4.506,
23000.0,light-1,3103,1,5.148,
23000.0,light-3,3102,1,5.505,
23000.0,light-4,3103,1,5.618,
23003.3,heavy,3102,1,1.487,
23006.7,heavy,3103,0,3.183,
23010.0,heavy,3101,0,3.480,
23013.3,heavy,3102,1,1.228,
23016.7,heavy,3103,0,4.833,
23020.0,heavy,3101,0,3.809,
23023.3,heavy,3102,1,1.314,
23026.7,heavy,3103,0,4.948,
23030.0,heavy,3101,0,4.283,
23033.3,heavy,3102,1,0.941,
23036.7,heavy,3103,0,4.542,
23040.0,heavy,3101,0,3.149,
23043.3,heavy,3102,1,1.201,
23046.7,heavy,3103,0,3.905,
23050.0,heavy,3101,0,3.867,
23053.3,heavy,3102,1,1.146,
23056.7,heavy,3103,0,3.884,
23060.0,heavy,3101,0,2.922,
23063.3,heavy,3102,1,1.162,
23066.7,heavy,3103,0,4.507,
23070.0,heavy,3101,0,3.847,
23073.3,heavy,3102,1,1.389,
23076.7,heavy,3103,0,4.334,
23080.0,heavy,3101,0,3.242,
23083.3,heavy,3102,1,1.492,
23086.7,heavy,3103,0,3.041,
23090.0,heavy,3101,0,3.454,
23093.3,heavy,3102,1,1.150,
23096.7,heavy,3103,0,6.427,
23100.0,heavy,3101,0,6.628,
23100.0,light-1,3101,1,2.258,
23100.0,light-3,3103,1,3.111,
23100.0,light-2,3102,1,7.178,
23100.0,light-4,3101,1,7.498,
23100.0,light-5,3102,1,8.298,
23103.3,heavy,3102,1,1.572,
23106.7,heavy,3103,0,7.870,
23110.0,heavy,3103,1,5.986,
23113.3,heavy,3101,0,5.979,
23116.7,heavy,3102,0,0.944,
23120.0,heavy,3103,1,3.196,
23123.3,heavy,3101,0,2.808,
23126.7,heavy,3102,0,1.148,
23130.0,heavy,3103,0,3.148,
23133.3,heavy,3101,0,3.390,
23136.7,heavy,3102,1,1.229,
23140.0,heavy,3103,0,2.943,
23143.3,heavy,3101,1,3.003,
23146.7,heavy,3102,0,1.151,
23150.0,heavy,3103,1,2.765,
23153.3,heavy,3101,0,3.096,
23156.7,heavy,3102,0,0.870,
23160.0,heavy,3103,0,4.680,
23163.3,heavy,3101,0,3.829,
23166.7,heavy,3102,1,1.388,
23170.0,heavy,3103,0,4.967,
23173.3,heavy,3101,1,2.724,
23176.7,heavy,3102,0,0.917,
23180.0,heavy,3103,1,3.079,
23183.3,heavy,3101,0,3.460,
23186.7,heavy,3102,0,1.012,
23190.0,heavy,3103,1,6.083,
23193.3,heavy,3101,0,6.385,
23196.7,heavy,3102,1,1.611,
23200.0,heavy,3103,0,6.567,
23200.0,light-1,3101,1,2.643,
23200.0,light-3,3103,1,3.327,
23200.0,light-4,3101,1,6.243,
23200.0,light-5,3102,1,6.470,
23200.0,light-2,3102,1,7.226,
23203.3,heavy,3103,0,5.414,
23206.7,heavy,3101,0,2.857,
23210.0,heavy,3102,0,1.363,
23213.3,heavy,3103,1,3.706,
23216.7,heavy,3101,0,4.021,
23220.0,heavy,3102,0,1.171,
23223.3,heavy,3103,1,4.650,
23226.7,heavy,3101,0,3.822,
23230.0,heavy,3102,1,1.498,
23233.3,heavy,3103,0,5.197,
23236.7,heavy,3101,0,2.952,
23240.0,heavy,3102,0,0.859,
23243.3,heavy,3103,1,2.885,
23246.7,heavy,3101,0,3.111,
23250.0,heavy,3102,0,0.837,
23253.3,heavy,3103,1,4.135,
23256.7,heavy,3101,0,3.421,
23260.0,heavy,3102,1,1.326,
23263.3,heavy,3103,0,4.378,
23266.7,heavy,3101,0,3.059,
23270.0,heavy,3102,0,0.890,
23273.3,heavy,3103,0,4.340,
23276.7,heavy,3101,1,3.395,
23280.0,heavy,3102,1,1.137,
23283.3,heavy,3103,0,2.902,
23286.7,heavy,3101,0,3.891,
23290.0,heavy,3102,1,1.342,
23293.3,heavy,3103,0,3.414,
23296.7,heavy,3101,0,2.952,
23300.0,heavy,3102,1,1.805,
23300.0,light-5,3101,1,3.603,
23300.0,light-2,3101,1,5.962,
23300.0,light-3,3102,1,6.057,
23300.0,light-1,3103,1,6.215,
23300.0,light-4,3103,1,7.858,
23303.3,heavy,3103,1,5.583,
23306.7,heavy,3101,0,4.731,
23310.0,heavy,3102,0,1.636,
23313.3,heavy,3102,0,1.115,
23316.7,heavy,3103,0,4.930,
23320.0,heavy,3101,0,3.155,
23323.3,heavy,3102,1,1.107,
23326.7,heavy,3103,0,5.031,
23330.0,heavy,3101,0,3.941,
23333.3,heavy,3102,1,1.325,
23336.7,heavy,3103,1,4.955,
23340.0,heavy,3101,0,4.764,
23343.3,heavy,3102,0,1.256,
23346.7,heavy,3103,0,3.041,
23350.0,heavy,3101,0,3.215,
23353.3,heavy,3102,1,1.335,
23356.7,heavy,3103,0,3.259,
23360.0,heavy,3101,0,2.792,
23363.3,heavy,3102,1,1.793,
23366.7,heavy,3103,1,3.512,
23370.0,heavy,3101,0,3.570,
23373.3,heavy,3102,0,1.811,
23376.7,heavy,3103,0,4.548,
23380.0,heavy,3101,0,3.728,
23383.3,heavy,3102,1,1.217,
23386.7,heavy,3103,0,4.906,
23390.0,heavy,3101,1,3.388,
23393.3,heavy,3102,0,1.206,
23396.7,heavy,3103,0,3.310,
23400.0,heavy,3101,0,4.825,
23400.0,light-2,3103,1,1.247,
23400.0,light-4,3102,1,2.697,
23400.0,light-1,3102,1,5.298,
23400.0,light-5,3103,1,5.316,
23400.0,light-3,3101,1,5.505,
23403.3,heavy,3101,1,3.001,
23406.7,heavy,3102,0,0.951,
23410.0,heavy,3103,0,3.633,
23413.3,heavy,3101,0,3.221,
23416.7,heavy,3102,1,1.148,
23420.0,heavy,3103,0,2.917,
23423.3,heavy,3101,1,3.695,
23426.7,heavy,3102,1,1.599,
23430.0,heavy,3103,0,3.240,
23433.3,heavy,3101,0,4.223,
23436.7,heavy,3102,0,1.248,
23440.0,heavy,3103,0,4.338,
23443.3,heavy,3101,0,3.584,
23446.7,heavy,3102,1,1.335,
23450.0,heavy,3103,1,4.992,
23453.3,heavy,3101,0,2.955,
23456.7,heavy,3102,0,1.269,
23460.0,heavy,3103,0,2.939,
23463.3,heavy,3101,0,2.874,
23466.7,heavy,3102,1,0.991,
23470.0,heavy,3103,1,3.876,
23473.3,heavy,3101,0,3.809,
23476.7,heavy,3102,1,1.196,
23480.0,heavy,3103,0,4.550,
23483.3,heavy,3101,0,3.852,
23486.7,heavy,3102,0,0.961,
23490.0,heavy,3103,0,3.547,
23493.3,heavy,3101,0,4.123,
23496.7,heavy,3102,1,1.309,
23500.0,heavy,3103,1,5.137,
23500.0,light-1,3101,1,0.988,
23500.0,light-3,3103,1,2.682,
23500.0,light-2,3102,1,4.805,
23500.0,light-4,3101,1,5.038,
23500.0,light-5,3102,1,5.178,
23503.3,heavy,3103,0,4.267,
23506.7,heavy,3101,0,2.837,
23510.0,heavy,3102,1,1.182,
23513.3,heavy,3103,0,2.886,
23516.7,heavy,3101,0,2.375,
23520.0,heavy,3102,1,1.351,
23523.3,heavy,3103,0,3.342,
23526.7,heavy,3101,0,3.108,
23530.0,heavy,3102,0,0.883,
23533.3,heavy,3103,0,4.306,
23536.7,heavy,3101,1,3.224,
23540.0,heavy,3102,1,1.672,
23543.3,heavy,3103,0,4.733,
23546.7,heavy,3101,0,2.440,
23550.0,heavy,3102,1,1.457,
23553.3,heavy,3103,0,3.450,
23556.7,heavy,3101,0,3.877,
23560.0,heavy,3102,0,1.794,
23563.3,heavy,3103,1,2.767,
23566.7,heavy,3101,0,3.033,
23570.0,heavy,3102,1,1.580,
23573.3,heavy,3103,0,3.858,
23576.7,heavy,3101,0,4.090,
23580.0,heavy,3102,0,1.396,
23583.3,heavy,3103,1,4.474,
23586.7,heavy,3101,0,4.701,
23590.0,heavy,3102,1,1.561,
23593.3,heavy,3103,0,3.205,
23596.7,heavy,3101,0,2.773,
23600.0,heavy,3102,0,1.467,
23600.0,light-5,3101,1,2.735,
23600.0,light-2,3101,1,4.356,
23600.0,light-1,3103,1,4.511,
23600.0,light-3,3102,1,5.155,
23600.0,light-4,3103,1,5.592,
23603.3,heavy,3102,1,1.228,
23606.7,heavy,3103,0,2.362,
23610.0,heavy,3101,1,4.099,
23613.3,heavy,3102,1,1.296,
23616.7,heavy,3103,0,3.145,
23620.0,heavy,3101,0,4.458,
23623.3,heavy,3102,0,1.112,
23626.7,heavy,3103,0,2.554,
23630.0,heavy,3101,0,3.913,
23633.3,heavy,3102,1,1.280,
23636.7,heavy,3103,0,3.054,
23640.0,heavy,3101,0,3.030,
23643.3,heavy,3102,1,1.159,
23646.7,heavy,3103,1,3.355,
23650.0,heavy,3101,0,3.840,
23653.3,heavy,3102,0,1.120,
23656.7,heavy,3103,0,3.074,
23660.0,heavy,3101,0,3.182,
23663.3,heavy,3102,1,1.329,
23666.7,heavy,3103,0,3.305,
23670.0,heavy,3101,0,3.285,
23673.3,heavy,3102,1,1.046,
23676.7,heavy,3103,0,2.713,
23680.0,heavy,3101,0,2.825,
23683.3,heavy,3102,1,1.223,
23686.7,heavy,3103,0,5.366,
23690.0,heavy,3101,0,2.968,
23693.3,heavy,3102,1,1.224,
23696.7,heavy,3103,0,5.658,
23700.0,heavy,3101,1,6.459,
23700.0,light-2,3103,1,2.687,
23700.0,light-4,3102,1,2.714,
23700.0,light-1,3102,1,6.092,
23700.0,light-5,3103,1,6.525,
23700.0,light-3,3101,1,6.761,
23703.3,heavy,3101,0,5.731,
23706.7,heavy,3102,0,0.701,
23710.0,heavy,3103,0,3.226,
23713.3,heavy,3101,1,3.532,
23716.7,heavy,3102,0,1.211,
23720.0,heavy,3103,0,4.024,
23723.3,heavy,3101,0,3.195,
23726.7,heavy,3102,1,1.174,
23730.0,heavy,3103,0,4.830,
23733.3,heavy,3101,1,3.103,
23736.7,heavy,3102,0,1.163,
23740.0,heavy,3103,0,4.104,
23743.3,heavy,3101,1,3.341,
23746.7,heavy,3102,0,0.742,
23750.0,heavy,3103,0,4.654,
23753.3,heavy,3101,1,3.803,
23756.7,heavy,3102,1,1.376,
23760.0,heavy,3103,0,4.541,
23763.3,heavy,3101,0,2.949,
23766.7,heavy,3102,0,1.064,
23770.0,heavy,3103,0,3.943,
23773.3,heavy,3101,0,3.247,
23776.7,heavy,3102,1,1.459,
23780.0,heavy,3103,0,3.291,
23783.3,heavy,3101,1,2.667,
23786.7,heavy,3102,0,0.921,
23790.0,heavy,3103,1,3.141,
23793.3,heavy,3101,0,3.183,
23796.7,heavy,3102,1,1.821,
23800.0,heavy,3103,0,6.557,
23800.0,light-5,3101,1,4.069,
23800.0,light-2,3101,1,6.174,
23800.0,light-1,3103,1,7.018,
23800.0,light-3,3102,1,8.999,
23800.0,light-4,3103,1,9.147,
23803.3,heavy,3101,1,5.242,
23806.7,heavy,3102,0,1.649,
23810.0,heavy,3102,0,2.812,
23813.3,heavy,3103,0,6.864,
23816.7,heavy,3101,0,4.064,
23820.0,heavy,3102,0,1.046,
23823.3,heavy,3103,0,3.641,
23826.7,heavy,3101,1,3.522,
23830.0,heavy,3102,1,1.460,
23833.3,heavy,3103,0,4.080,
23836.7,heavy,3101,0,4.157,
23840.0,heavy,3102,0,1.276,
23843.3,heavy,3103,0,3.655,
23846.7,heavy,3101,1,2.896,
23850.0,heavy,3102,1,1.247,
23853.3,heavy,3103,0,4.096,
23856.7,heavy,3101,0,2.423,
23860.0,heavy,3102,1,1.369,
23863.3,heavy,3103,0,3.465,
23866.7,heavy,3101,0,3.583,
23870.0,heavy,3102,0,1.065,
23873.3,heavy,3103,1,4.392,
23876.7,heavy,3101,0,3.517,
23880.0,heavy,3102,1,1.261,
23883.3,heavy,3103,0,5.062,
23886.7,heavy,3101,0,3.010,
23890.0,heavy,3102,0,1.013,
23893.3,heavy,3103,0,3.923,
23896.7,heavy,3101,1,2.636,
23900.0,heavy,3102,0,1.424,
23900.0,light-5,3101,1,2.409,
23900.0,light-2,3101,1,5.355,
23900.0,light-3,3102,1,5.767,
23900.0,light-1,3103,1,6.008,
23900.0,light-4,3103,1,6.246,
23903.3,heavy,3102,1,1.867,
23906.7,heavy,3103,0,3.205,
23910.0,heavy,3101,0,2.931,
23913.3,heavy,3102,1,1.109,
23916.7,heavy,3103,0,4.946,
23920.0,heavy,3101,0,4.090,
23923.3,heavy,3102,1,1.680,
23926.7,heavy,3103,1,4.917,
23930.0,heavy,3101,0,4.762,
23933.3,heavy,3102,0,1.033,
23936.7,heavy,3103,0,4.461,
23940.0,heavy,3101,0,5.075,
23943.3,heavy,3102,1,1.740,
23946.7,heavy,3103,0,4.137,
23950.0,heavy,3101,0,3.499,
23953.3,heavy,3102,1,1.025,
23956.7,heavy,3103,1,3.751,
23960.0,heavy,3101,0,3.791,
23963.3,heavy,3102,0,0.894,
23966.7,heavy,3103,0,4.052,
23970.0,heavy,3101,0,3.355,
23973.3,heavy,3102,1,1.178,
23976.7,heavy,3103,0,4.019,
23980.0,heavy,3101,0,3.144,
23983.3,heavy,3102,1,1.181,
23986.7,heavy,3103,0,3.991,
23990.0,heavy,3101,1,3.124,
23993.3,heavy,3102,0,0.978,
23996.7,heavy,3103,0,2.765,
24000.0,heavy,3101,1,6.936,
24000.0,light-3,3103,1,2.889,
24000.0,light-1,3101,1,3.638,
24000.0,light-4,3101,1,7.308,
24000.0,light-2,3102,1,8.158,
24000.0,light-5,3102,1,9.323,
24003.3,heavy,3102,1,1.763,
24006.7,heavy,3103,0,7.298,
24010.0,heavy,3103,0,6.814,
24013.3,heavy,3101,0,4.557,
24016.7,heavy,3102,0,2.413,
24020.0,heavy,3103,0,2.772,
24023.3,heavy,3101,1,3.171,
24026.7,heavy,3102,0,0.965,
24030.0,heavy,3103,0,3.884,
24033.3,heavy,3101,0,3.417,
24036.7,heavy,3102,1,1.437,
24040.0,heavy,3103,0,2.723,
24043.3,heavy,3101,1,2.635,
24046.7,heavy,3102,0,1.028,
24050.0,heavy,3103,0,4.036,
24053.3,heavy,3101,1,3.207,
24056.7,heavy,3102,0,1.051,
24060.0,heavy,3103,0,3.006,
24063.3,heavy,3101,0,4.476,
24066.7,heavy,3102,1,1.352,
24070.0,heavy,3103,0,3.605,
24073.3,heavy,3101,1,2.797,
24076.7,heavy,3102,0,1.065,
24080.0,heavy,3103,1,3.123,
24083.3,heavy,3101,0,3.337,
24086.7,heavy,3102,0,0.943,
24090.0,heavy,3103,1,6.359,
24093.3,heavy,3101,0,7.061,
24096.7,heavy,3102,1,1.436,
24100.0,heavy,3103,0,7.581,
24100.0,light-1,3101,1,2.435,
24100.0,light-3,3103,1,3.028,
24100.0,light-2,3102,1,7.303,
24100.0,light-5,3102,1,7.834,
24100.0,light-4,3101,1,8.528,
24103.3,heavy,3103,0,5.603,
24106.7,heavy,3101,0,3.573,
24110.0,heavy,3102,0,1.271,
24113.3,heavy,3103,1,3.307,
24116.7,heavy,3101,0,3.394,
24120.0,heavy,3102,0,1.111,
24123.3,heavy,3103,1,2.879,
24126.7,heavy,3101,0,3.117,
24130.0,heavy,3102,0,1.216,
24133.3,heavy,3103,0,4.391,
24136.7,heavy,3101,1,4.698,
24140.0,heavy,3102,1,1.366,
24143.3,heavy,3103,0,4.802,
24146.7,heavy,3101,0,4.874,
24150.0,heavy,3102,0,1.089,
24153.3,heavy,3103,1,3.691,
24156.7,heavy,3101,0,3.156,
24160.0,heavy,3102,1,1.038,
24163.3,heavy,3103,0,2.891,
24166.7,heavy,3101,0,3.977,
24170.0,heavy,3102,1,1.478,
24173.3,heavy,3103,0,3.025,
24176.7,heavy,3101,0,4.174,
24180.0,heavy,3102,0,0.749,
24183.3,heavy,3103,1,3.901,
24186.7,heavy,3101,0,3.292,
24190.0,heavy,3102,1,1.080,
24193.3,heavy,3103,0,3.750,
24196.7,heavy,3101,0,2.666,
24200.0,heavy,3102,1,1.737,
24200.0,light-2,3103,1,2.412,
24200.0,light-4,3102,1,3.374,
24200.0,light-3,3101,1,6.533,
24200.0,light-5,3103,1,6.647,
24200.0,light-1,3102,1,6.891,
24203.3,heavy,3103,0,4.731,
24206.7,heavy,3101,0,7.223,
24210.0,heavy,3101,1,7.698,
24213.3,heavy,3102,0,0.934,
24216.7,heavy,3103,0,3.053,
24220.0,heavy,3101,0,2.832,
24223.3,heavy,3102,1,1.079,
24226.7,heavy,3103,0,3.644,
24230.0,heavy,3101,0,3.842,
24233.3,heavy,3102,1,1.214,
24236.7,heavy,3103,0,3.988,
24240.0,heavy,3101,0,3.413,
24243.3,heavy,3102,1,0.837,
24246.7,heavy,3103,0,4.210,
24250.0,heavy,3101,0,3.560,
24253.3,heavy,3102,1,1.400,
24256.7,heavy,3103,0,3.159,
24260.0,heavy,3101,0,2.784,
24263.3,heavy,3102,1,1.521,
24266.7,heavy,3103,0,3.320,
24270.0,heavy,3101,0,3.779,
24273.3,heavy,3102,1,0.814,
24276.7,heavy,3103,0,3.905,
24280.0,heavy,3101,0,3.160,
24283.3,heavy,3102,1,1.238,
24286.7,heavy,3103,0,4.124,
24290.0,heavy,3101,0,3.400,
24293.3,heavy,3102,1,0.989,
24296.7,heavy,3103,1,4.863,
24300.0,heavy,3101,0,5.950,
24300.0,light-2,3103,1,2.456,
24300.0,light-4,3102,1,2.894,
24300.0,light-1,3102,1,4.864,
24300.0,light-5,3103,1,6.037,
24300.0,light-3,3101,1,6.332,
24303.3,heavy,3101,0,4.376,
24306.7,heavy,3102,0,1.599,
24310.0,heavy,3103,0,3.140,
24313.3,heavy,3101,0,3.332,
24316.7,heavy,3102,1,1.254,
24320.0,heavy,3103,0,2.698,
24323.3,heavy,3101,1,2.813,
24326.7,heavy,3102,1,1.796,
24330.0,heavy,3103,0,3.062,
24333.3,heavy,3101,0,2.778,
24336.7,heavy,3102,0,1.258,
24340.0,heavy,3103,0,2.716,
24343.3,heavy,3101,0,2.692,
24346.7,heavy,3102,1,1.209,
24350.0,heavy,3103,0,3.630,
24353.3,heavy,3101,1,2.534,
24356.7,heavy,3102,0,0.931,
24360.0,heavy,3103,1,3.692,
24363.3,heavy,3101,0,3.908,
24366.7,heavy,3102,0,0.912,
24370.0,heavy,3103,0,3.493,
24373.3,heavy,3101,0,2.887,
24376.7,heavy,3102,1,1.124,
24380.0,heavy,3103,0,3.075,
24383.3,heavy,3101,1,3.249,
24386.7,heavy,3102,0,0.932,
24390.0,heavy,3103,0,3.936,
24393.3,heavy,3101,1,3.177,
24396.7,heavy,3102,0,0.879,
24400.0,heavy,3103,0,6.309,
24400.0,light-1,3101,1,2.467,
24400.0,light-3,3103,1,3.417,
24400.0,light-2,3102,1,6.709,
24400.0,light-4,3101,1,7.136,
24400.0,light-5,3102,1,7.882,
24403.3,heavy,3101,1,5.709,
24406.7,heavy,3102,1,1.526,
24410.0,heavy,3103,0,7.398,
24413.3,heavy,3103,0,6.958,
24416.7,heavy,3101,0,3.168,
24420.0,heavy,3102,0,0.894,
24423.3,heavy,3103,1,3.919,
24426.7,heavy,3101,0,3.987,
24430.0,heavy,3102,0,1.136,
24433.3,heavy,3103,1,4.744,
24436.7,heavy,3101,0,5.254,
24440.0,heavy,3102,1,1.521,
24443.3,heavy,3103,0,3.607,
24446.7,heavy,3101,0,3.070,
24450.0,heavy,3102,1,1.867,
24453.3,heavy,3103,0,4.904,
24456.7,heavy,3101,0,4.044,
24460.0,heavy,3102,0,1.369,
24463.3,heavy,3103,1,5.206,
24466.7,heavy,3101,0,4.263,
24470.0,heavy,3102,1,1.571,
24473.3,heavy,3103,0,4.253,
24476.7,heavy,3101,0,3.984,
24480.0,heavy,3102,0,1.639,
24483.3,heavy,3103,0,4.577,
24486.7,heavy,3101,1,3.473,
24490.0,heavy,3102,0,1.127,
24493.3,heavy,3103,0,5.792,
24496.7,heavy,3101,0,5.329,
24500.0,heavy,3102,1,1.372,
24500.0,light-5,3101,1,3.560,
24500.0,light-3,3102,1,5.579,
24500.0,light-1,3103,1,6.073,
24500.0,light-2,3101,1,6.184,
24500.0,light-4,3103,1,7.560,
24503.3,heavy,3102,1,2.695,
24506.7,heavy,3103,0,4.405,
24510.0,heavy,3101,0,2.834,
24513.3,heavy,3102,1,1.067,
24516.7,heavy,3103,0,3.445,
24520.0,heavy,3101,0,2.871,
24523.3,heavy,3102,1,1.107,
24526.7,heavy,3103,0,3.182,
24530.0,heavy,3101,0,3.400,
24533.3,heavy,3102,1,1.251,
24536.7,heavy,3103,0,3.070,
24540.0,heavy,3101,0,2.877,
24543.3,heavy,3102,1,1.416,
24546.7,heavy,3103,0,3.475,
24550.0,heavy,3101,0,4.088,
24553.3,heavy,3102,1,1.563,
24556.7,heavy,3103,0,3.165,
24560.0,heavy,3101,0,3.027,
24563.3,heavy,3102,1,1.083,
24566.7,heavy,3103,0,2.783,
24570.0,heavy,3101,0,3.310,
24573.3,heavy,3102,1,1.077,
24576.7,heavy,3103,0,4.276,
24580.0,heavy,3101,0,3.548,
24583.3,heavy,3102,1,0.836,
24586.7,heavy,3103,0,4.037,
24590.0,heavy,3101,0,3.305,
24593.3,heavy,3102,1,1.204,
24596.7,heavy,3103,0,3.370,
24600.0,heavy,3101,0,5.591,
24600.0,light-2,3103,1,1.297,
24600.0,light-4,3102,1,2.715,
24600.0,light-1,3102,1,5.319,
24600.0,light-5,3103,1,5.459,
24600.0,light-3,3101,1,7.163,
24603.3,heavy,3101,1,5.349,
24606.7,heavy,3102,0,1.098,
24610.0,heavy,3103,0,3.423,
24613.3,heavy,3101,1,3.700,
24616.7,heavy,3102,0,1.302,
24620.0,heavy,3103,0,3.934,
24623.3,heavy,3101,1,3.089,
24626.7,heavy,3102,0,1.106,
24630.0,heavy,3103,0,3.935,
24633.3,heavy,3101,0,3.169,
24636.7,heavy,3102,1,1.251,
24640.0,heavy,3103,0,4.108,
24643.3,heavy,3101,1,3.039,
24646.7,heavy,3102,0,1.059,
24650.0,heavy,3103,0,15.090,
24653.3,heavy,3101,0,2.890,
24656.7,heavy,3102,1,1.039,
24660.0,heavy,3103,0,4.550,
24663.3,heavy,3101,0,3.298,
24666.7,heavy,3102,1,1.548,
24670.0,heavy,3103,1,4.920,
24673.3,heavy,3101,0,2.663,
24676.7,heavy,3102,1,1.291,
24680.0,heavy,3103,0,2.532,
24683.3,heavy,3101,0,2.783,
24686.7,heavy,3102,0,1.238,
24690.0,heavy,3103,1,5.999,
24693.3,heavy,3101,0,6.295,
24696.7,heavy,3102,1,1.648,
24700.0,heavy,3103,0,6.340,
24700.0,light-1,3101,1,2.622,
24700.0,light-3,3103,1,3.182,
24700.0,light-4,3101,1,6.177,
24700.0,light-5,3102,1,6.227,
24700.0,light-2,3102,1,7.630,
24703.3,heavy,3103,0,6.081,
24706.7,heavy,3101,0,3.086,
24710.0,heavy,3102,0,1.358,
24713.3,heavy,3103,1,3.302,
24716.7,heavy,3101,0,3.544,
24720.0,heavy,3102,0,1.062,
24723.3,heavy,3103,1,3.630,
24726.7,heavy,3101,0,3.122,
24730.0,heavy,3102,1,1.780,
24733.3,heavy,3103,0,3.436,
24736.7,heavy,3101,0,2.822,
24740.0,heavy,3102,1,1.365,
24743.3,heavy,3103,0,3.403,
24746.7,heavy,3101,0,3.156,
24750.0,heavy,3102,0,0.915,
24753.3,heavy,3103,0,4.079,
24756.7,heavy,3101,1,3.195,
24760.0,heavy,3102,1,1.506,
24763.3,heavy,3103,0,4.430,
24766.7,heavy,3101,0,3.012,
24770.0,heavy,3102,0,1.494,
24773.3,heavy,3103,0,3.006,
24776.7,heavy,3101,0,2.943,
24780.0,heavy,3102,1,1.266,
24783.3,heavy,3103,1,4.219,
24786.7,heavy,3101,0,3.722,
24790.0,heavy,3102,1,1.598,
24793.3,heavy,3103,0,5.885,
24796.7,heavy,3101,0,4.087,
24800.0,heavy,3102,0,1.473,
24800.0,light-5,3101,1,2.479,
24800.0,light-2,3101,1,4.343,
24800.0,light-1,3103,1,4.544,
24800.0,light-3,3102,1,5.080,
24800.0,light-4,3103,1,5.168,
24803.3,heavy,3102,1,1.298,
24806.7,heavy,3103,0,3.793,
24810.0,heavy,3101,0,4.089,
24813.3,heavy,3102,1,0.973,
24816.7,heavy,3103,0,4.632,
24820.0,heavy,3101,0,3.822,
24823.3,heavy,3102,1,1.210,
24826.7,heavy,3103,0,3.141,
24830.0,heavy,3101,0,3.256,
24833.3,heavy,3102,1,1.088,
24836.7,heavy,3103,1,3.999,
24840.0,heavy,3101,0,4.402,
24843.3,heavy,3102,0,0.933,
24846.7,heavy,3103,0,4.474,
24850.0,heavy,3101,0,4.701,
24853.3,heavy,3102,1,1.290,
24856.7,heavy,3103,0,5.081,
24860.0,heavy,3101,1,3.270,
24863.3,heavy,3102,0,0.980,
24866.7,heavy,3103,0,3.136,
24870.0,heavy,3101,0,3.375,
24873.3,heavy,3102,1,1.315,
24876.7,heavy,3103,0,2.886,
24880.0,heavy,3101,0,3.782,
24883.3,heavy,3102,1,1.352,
24886.7,heavy,3103,0,3.980,
24890.0,heavy,3101,0,3.122,
24893.3,heavy,3102,1,1.008,
24896.7,heavy,3103,0,5.460,
24900.0,heavy,3101,0,4.491,
24900.0,light-5,3101,1,3.133,
24900.0,light-2,3101,1,5.241,
24900.0,light-3,3102,1,5.580,
24900.0,light-1,3103,1,5.748,
24900.0,light-4,3103,1,6.748,
24903.3,heavy,3102,1,1.449,
24906.7,heavy,3102,0,2.439,
24910.0,heavy,3103,0,4.172,
24913.3,heavy,3101,1,3.770,
24916.7,heavy,3102,0,1.013,
24920.0,heavy,3103,1,4.146,
24923.3,heavy,3101,0,3.680,
24926.7,heavy,3102,1,1.320,
24930.0,heavy,3103,0,4.355,
24933.3,heavy,3101,0,4.161,
24936.7,heavy,3102,0,1.343,
24940.0,heavy,3103,0,3.887,
24943.3,heavy,3101,0,3.074,
24946.7,heavy,3102,1,1.162,
24950.0,heavy,3103,0,3.621,
24953.3,heavy,3101,1,2.422,
24956.7,heavy,3102,1,1.382,
24960.0,heavy,3103,0,3.102,
24963.3,heavy,3101,0,3.488,
24966.7,heavy,3102,0,1.092,
24970.0,heavy,3103,1,3.992,
24973.3,heavy,3101,0,3.982,
24976.7,heavy,3102,1,1.388,
24980.0,heavy,3103,0,4.872,
24983.3,heavy,3101,0,3.319,
24986.7,heavy,3102,0,1.033,
24990.0,heavy,3103,0,2.837,
24993.3,heavy,3101,0,3.781,
24996.7,heavy,3102,1,1.143,
25000.0,heavy,3103,1,5.461,
25000.0,light-1,3101,1,1.122,
25000.0,light-3,3103,1,2.498,
25000.0,light-4,3101,1,5.363,
25000.0,light-2,3102,1,5.548,
25000.0,light-5,3102,1,7.226,
25003.3,heavy,3103,0,4.190,
25006.7,heavy,3101,0,2.996,
25010.0,heavy,3102,0,0.981,
25013.3,heavy,3103,1,3.257,
25016.7,heavy,3101,0,2.842,
25020.0,heavy,3102,0,0.868,
25023.3,heavy,3103,0,3.898,
25026.7,heavy,3101,1,2.686,
25030.0,heavy,3102,0,0.803,
25033.3,heavy,3103,0,4.377,
25036.7,heavy,3101,1,4.274,
25040.0,heavy,3102,1,1.464,
25043.3,heavy,3103,0,5.001,
25046.7,heavy,3101,0,3.254,
25050.0,heavy,3102,0,1.013,
25053.3,heavy,3103,0,3.779,
25056.7,heavy,3101,0,4.077,
25060.0,heavy,3102,1,1.410,
25063.3,heavy,3103,1,3.422,
25066.7,heavy,3101,0,2.762,
25070.0,heavy,3102,0,1.007,
25073.3,heavy,3103,1,3.077,
25076.7,heavy,3101,0,3.401,
25080.0,heavy,3102,0,1.127,
25083.3,heavy,3103,1,2.541,
25086.7,heavy,3101,0,2.936,
25090.0,heavy,3102,0,1.388,
25093.3,heavy,3103,1,3.166,
25096.7,heavy,3101,0,3.154,
25100.0,heavy,3102,0,1.339,
25100.0,light-5,3101,1,2.391,
25100.0,light-2,3101,1,4.419,
25100.0,light-1,3103,1,4.986,
25100.0,light-3,3102,1,5.036,
25100.0,light-4,3103,1,5.089,
25103.3,heavy,3102,1,1.043,
25106.7,heavy,3103,0,3.448,
25110.0,heavy,3101,0,2.978,
25113.3,heavy,3102,1,1.135,
25116.7,heavy,3103,0,3.222,
25120.0,heavy,3101,0,4.346,
25123.3,heavy,3102,1,1.161,
25126.7,heavy,3103,0,3.068,
25130.0,heavy,3101,0,3.838,
25133.3,heavy,3102,1,1.477,
25136.7,heavy,3103,0,3.343,
25140.0,heavy,3101,0,2.955,
25143.3,heavy,3102,1,1.134,
25146.7,heavy,3103,0,3.821,
25150.0,heavy,3101,0,3.008,
25153.3,heavy,3102,1,1.181,
25156.7,heavy,3103,0,3.039,
25160.0,heavy,3101,0,4.301,
25163.3,heavy,3102,1,1.091,
25166.7,heavy,3103,0,2.800,
25170.0,heavy,3101,1,4.701,
25173.3,heavy,3102,0,1.290,
25176.7,heavy,3103,0,3.640,
25180.0,heavy,3101,0,3.013,
25183.3,heavy,3102,1,1.253,
25186.7,heavy,3103,0,2.782,
25190.0,heavy,3101,0,2.894,
25193.3,heavy,3102,1,1.123,
25196.7,heavy,3103,1,4.859,
25200.0,heavy,3101,0,6.754,
25200.0,light-2,3103,1,2.543,
25200.0,light-4,3102,1,3.202,
25200.0,light-1,3102,1,5.129,
25200.0,light-3,3101,1,5.852,
25200.0,light-5,3103,1,6.040,
25203.3,heavy,3101,0,5.124,
25206.7,heavy,3102,0,1.240,
25210.0,heavy,3103,0,3.305,
25213.3,heavy,3101,0,2.798,
25216.7,heavy,3102,1,1.162,
25220.0,heavy,3103,1,4.184,
25223.3,heavy,3101,0,3.470,
25226.7,heavy,3102,1,1.855,
25230.0,heavy,3103,0,4.952,
25233.3,heavy,3101,0,3.642,
25236.7,heavy,3102,0,1.052,
25240.0,heavy,3103,0,3.968,
25243.3,heavy,3101,0,3.092,
25246.7,heavy,3102,1,1.084,
25250.0,heavy,3103,0,3.164,
25253.3,heavy,3101,1,3.182,
25256.7,heavy,3102,0,1.116,
25260.0,heavy,3103,1,3.361,
25263.3,heavy,3101,0,2.733,
25266.7,heavy,3102,0,1.032,
25270.0,heavy,3103,0,2.865,
25273.3,heavy,3101,0,3.032,
25276.7,heavy,3102,1,1.194,
25280.0,heavy,3103,0,2.639,
25283.3,heavy,3101,1,2.328,
25286.7,heavy,3102,1,1.676,
25290.0,heavy,3103,0,3.092,
25293.3,heavy,3101,0,3.510,
25296.7,heavy,3102,0,0.883,
25300.0,heavy,3103,0,6.484,
25300.0,light-5,3101,1,3.191,
25300.0,light-2,3101,1,5.042,
25300.0,light-1,3103,1,5.221,
25300.0,light-3,3102,1,5.864,
25300.0,light-4,3103,1,6.713,
25303.3,heavy,3101,0,4.809,
25306.7,heavy,3102,1,1.492,
25310.0,heavy,3102,0,2.719,
25313.3,heavy,3103,1,5.017,
25316.7,heavy,3101,0,3.131,
25320.0,heavy,3102,0,1.040,
25323.3,heavy,3103,1,3.225,
25326.7,heavy,3101,0,3.141,
25330.0,heavy,3102,0,0.690,
25333.3,heavy,3103,0,3.101,
25336.7,heavy,3101,0,2.965,
25340.0,heavy,3102,1,1.034,
25343.3,heavy,3103,1,3.781,
25346.7,heavy,3101,0,3.311,
25350.0,heavy,3102,1,1.375,
25353.3,heavy,3103,0,3.580,
25356.7,heavy,3101,0,2.414,
25360.0,heavy,3102,1,1.531,
25363.3,heavy,3103,0,3.927,
25366.7,heavy,3101,0,3.278,
25370.0,heavy,3102,0,1.603,
25373.3,heavy,3103,1,3.624,
25376.7,heavy,3101,0,3.742,
25380.0,heavy,3102,0,1.145,
25383.3,heavy,3103,1,3.432,
25386.7,heavy,3101,0,2.961,
25390.0,heavy,3102,0,1.405,
25393.3,heavy,3103,1,3.148,
25396.7,heavy,3101,0,2.962,
25400.0,heavy,3102,0,1.749,
25400.0,light-5,3101,1,2.552,
25400.0,light-2,3101,1,4.746,
25400.0,light-1,3103,1,4.924,
25400.0,light-4,3103,1,5.250,
25400.0,light-3,3102,1,5.423,
25403.3,heavy,3102,1,1.794,
25406.7,heavy,3103,0,3.251,
25410.0,heavy,3101,0,3.471,
25413.3,heavy,3102,1,1.068,
25416.7,heavy,3103,0,3.112,
25420.0,heavy,3101,0,3.341,
25423.3,heavy,3102,1,1.326,
25426.7,heavy,3103,1,2.884,
25430.0,heavy,3101,0,3.150,
25433.3,heavy,3102,0,0.848,
25436.7,heavy,3103,0,3.932,
25440.0,heavy,3101,0,3.258,
25443.3,heavy,3102,1,1.282,
25446.7,heavy,3103,0,4.542,
25450.0,heavy,3101,0,2.754,
25453.3,heavy,3102,1,1.576,
25456.7,heavy,3103,0,3.292,
25460.0,heavy,3101,0,3.271,
25463.3,heavy,3102,1,1.249,
25466.7,heavy,3103,0,3.174,
25470.0,heavy,3101,0,3.874,
25473.3,heavy,3102,1,1.169,
25476.7,heavy,3103,0,3.898,
25480.0,heavy,3101,0,3.047,
25483.3,heavy,3102,1,1.475,
25486.7,heavy,3103,0,3.385,
25490.0,heavy,3101,0,3.922,
25493.3,heavy,3102,1,1.552,
25496.7,heavy,3103,0,3.031,
25500.0,heavy,3101,0,4.826,
25500.0,light-2,3103,1,1.157,
25500.0,light-4,3102,1,2.639,
25500.0,light-5,3103,1,4.715,
25500.0,light-1,3102,1,5.049,
25500.0,light-3,3101,1,6.512,
25503.3,heavy,3101,1,4.575,
25506.7,heavy,3102,0,0.953,
25510.0,heavy,3103,0,4.509,
25513.3,heavy,3101,1,3.604,
25516.7,heavy,3102,1,1.373,
25520.0,heavy,3103,0,5.227,
25523.3,heavy,3101,0,4.298,
25526.7,heavy,3102,0,1.043,
25530.0,heavy,3103,0,3.208,
25533.3,heavy,3101,0,3.270,
25536.7,heavy,3102,1,1.207,
25540.0,heavy,3103,0,2.880,
25543.3,heavy,3101,1,3.008,
25546.7,heavy,3102,0,0.985,
25550.0,heavy,3103,1,2.725,
25553.3,heavy,3101,0,2.892,
25556.7,heavy,3102,0,0.860,
25560.0,heavy,3103,0,4.339,
25563.3,heavy,3101,0,2.592,
25566.7,heavy,3102,1,1.393,
25570.0,heavy,3103,1,4.587,
25573.3,heavy,3101,0,2.706,
25576.7,heavy,3102,1,1.566,
25580.0,heavy,3103,0,3.125,
25583.3,heavy,3101,0,3.399,
25586.7,heavy,3102,0,1.637,
25590.0,heavy,3103,1,6.570,
25593.3,heavy,3101,0,6.693,
25596.7,heavy,3102,1,1.461,
25600.0,heavy,3103,0,6.619,
25600.0,light-1,3101,1,2.411,
25600.0,light-3,3103,1,3.227,
25600.0,light-4,3101,1,6.579,
25600.0,light-2,3102,1,6.741,
25600.0,light-5,3102,1,8.479,
25603.3,heavy,3103,0,6.027,
25606.7,heavy,3101,0,3.651,
25610.0,heavy,3102,0,0.827,
25613.3,heavy,3103,1,3.137,
25616.7,heavy,3101,0,3.378,
25620.0,heavy,3102,0,0.889,
25623.3,heavy,3103,0,3.672,
25626.7,heavy,3101,1,2.734,
25630.0,heavy,3102,1,1.165,
25633.3,heavy,3103,0,2.833,
25636.7,heavy,3101,0,2.896,
25640.0,heavy,3102,1,1.389,
25643.3,heavy,3103,0,3.278,
25646.7,heavy,3101,0,2.668,
25650.0,heavy,3102,0,0.778,
25653.3,heavy,3103,1,4.206,
25656.7,heavy,3101,0,3.345,
25660.0,heavy,3102,1,1.269,
25663.3,heavy,3103,0,5.280,
25666.7,heavy,3101,0,2.773,
25670.0,heavy,3102,1,1.635,
25673.3,heavy,3103,0,2.947,
25676.7,heavy,3101,0,3.074,
25680.0,heavy,3102,0,1.029,
25683.3,heavy,3103,0,4.095,
25686.7,heavy,3101,1,3.683,
25690.0,heavy,3102,1,1.268,
25693.3,heavy,3103,0,4.344,
25696.7,heavy,3101,0,2.942,
25700.0,heavy,3102,1,1.600,
25700.0,light-5,3101,1,3.440,
25700.0,light-2,3101,1,5.633,
25700.0,light-3,3102,1,5.729,
25700.0,light-1,3103,1,6.188,
25700.0,light-4,3103,1,7.210,
25703.3,heavy,3103,1,5.525,
25706.7,heavy,3101,0,4.983,
25710.0,heavy,3102,0,1.491,
25713.3,heavy,3102,0,1.042,
25716.7,heavy,3103,0,4.117,
25720.0,heavy,3101,0,2.825,
25723.3,heavy,3102,1,1.241,
25726.7,heavy,3103,0,4.424,
25730.0,heavy,3101,0,3.945,
25733.3,heavy,3102,1,1.376,
25736.7,heavy,3103,0,4.668,
25740.0,heavy,3101,1,4.493,
25743.3,heavy,3102,0,0.868,
25746.7,heavy,3103,0,3.608,
25750.0,heavy,3101,0,2.852,
25753.3,heavy,3102,1,1.221,
25756.7,heavy,3103,0,4.210,
25760.0,heavy,3101,0,2.948,
25763.3,heavy,3102,1,2.403,
25766.7,heavy,3103,0,3.920,
25770.0,heavy,3101,1,3.127,
25773.3,heavy,3102,0,1.855,
25776.7,heavy,3103,0,4.670,
25780.0,heavy,3101,0,4.205,
25783.3,heavy,3102,1,1.640,
25786.7,heavy,3103,0,5.670,
25790.0,heavy,3101,0,3.481,
25793.3,heavy,3102,1,1.006,
25796.7,heavy,3103,0,6.278,
25800.0,heavy,3101,0,4.793,
25800.0,light-5,3101,1,3.315,
25800.0,light-2,3101,1,5.647,
25800.0,light-3,3102,1,5.913,
25800.0,light-1,3103,1,6.429,
25800.0,light-4,3103,1,7.092,
25803.3,heavy,3102,1,1.477,
25806.7,heavy,3102,0,1.390,
25810.0,heavy,3103,0,3.466,
25813.3,heavy,3101,1,2.901,
25816.7,heavy,3102,0,0.997,
25820.0,heavy,3103,0,3.955,
25823.3,heavy,3101,1,3.889,
25826.7,heavy,3102,1,1.292,
25830.0,heavy,3103,0,4.273,
25833.3,heavy,3101,0,4.373,
25836.7,heavy,3102,0,0.896,
25840.0,heavy,3103,0,4.264,
25843.3,heavy,3101,0,3.424,
25846.7,heavy,3102,1,1.334,
25850.0,heavy,3103,1,4.891,
25853.3,heavy,3101,0,2.989,
25856.7,heavy,3102,0,1.355,
25860.0,heavy,3103,0,3.101,
25863.3,heavy,3101,0,2.983,
25866.7,heavy,3102,1,1.032,
25870.0,heavy,3103,0,3.791,
25873.3,heavy,3101,0,2.933,
25876.7,heavy,3102,1,1.237,
25880.0,heavy,3103,1,4.037,
25883.3,heavy,3101,0,2.977,
25886.7,heavy,3102,0,0.874,
25890.0,heavy,3103,0,3.400,
25893.3,heavy,3101,0,4.340,
25896.7,heavy,3102,1,1.333,
25900.0,heavy,3103,1,6.495,
25900.0,light-1,3101,1,1.108,
25900.0,light-3,3103,1,2.943,
25900.0,light-4,3101,1,5.924,
25900.0,light-2,3102,1,6.352,
25900.0,light-5,3102,1,7.236,
25903.3,heavy,3103,0,6.227,
25906.7,heavy,3101,0,3.103,
25910.0,heavy,3102,0,1.777,
25913.3,heavy,3103,1,3.880,
25916.7,heavy,3101,0,3.864,
25920.0,heavy,3102,0,1.300,
25923.3,heavy,3103,1,3.179,
25926.7,heavy,3101,0,4.135,
25930.0,heavy,3102,0,1.497,
25933.3,heavy,3103,1,4.143,
25936.7,heavy,3101,0,3.624,
25940.0,heavy,3102,1,1.319,
25943.3,heavy,3103,0,4.288,
25946.7,heavy,3101,0,2.993,
25950.0,heavy,3102,0,0.988,
25953.3,heavy,3103,0,3.613,
25956.7,heavy,3101,1,2.877,
25960.0,heavy,3102,0,0.939,
25963.3,heavy,3103,1,3.536,
25966.7,heavy,3101,0,3.493,
25970.0,heavy,3102,1,1.258,
25973.3,heavy,3103,0,3.863,
25976.7,heavy,3101,0,2.755,
25980.0,heavy,3102,1,1.412,
25983.3,heavy,3103,0,2.992,
25986.7,heavy,3101,0,3.596,
25990.0,heavy,3102,0,1.396,
25993.3,heavy,3103,1,2.627,
25996.7,heavy,3101,0,3.297,
26000.0,heavy,3102,0,1.443,
26000.0,light-5,3101,1,2.466,
26000.0,light-2,3101,1,4.410,
26000.0,light-1,3103,1,4.619,
26000.0,light-3,3102,1,4.827,
26000.0,light-4,3103,1,5.269,
26003.3,heavy,3102,1,1.447,
26006.7,heavy,3103,0,4.341,
26010.0,heavy,3101,0,4.597,
26013.3,heavy,3102,1,1.358,
26016.7,heavy,3103,0,4.992,
26020.0,heavy,3101,0,4.765,
26023.3,heavy,3102,1,0.999,
26026.7,heavy,3103,0,3.489,
26030.0,heavy,3101,0,2.277,
26033.3,heavy,3102,1,1.332,
26036.7,heavy,3103,0,3.119,
26040.0,heavy,3101,0,3.047,
26043.3,heavy,3102,1,1.158,
26046.7,heavy,3103,0,3.164,
26050.0,heavy,3101,0,3.547,
26053.3,heavy,3102,1,1.272,
26056.7,heavy,3103,0,3.285,
26060.0,heavy,3101,0,3.045,
26063.3,heavy,3102,1,1.289,
26066.7,heavy,3103,0,2.912,
26070.0,heavy,3101,1,3.176,
26073.3,heavy,3102,0,0.954,
26076.7,heavy,3103,0,3.258,
26080.0,heavy,3101,0,2.892,
26083.3,heavy,3102,1,1.085,
26086.7,heavy,3103,0,2.856,
26090.0,heavy,3101,0,3.460,
26093.3,heavy,3102,1,1.013,
26096.7,heavy,3103,0,5.000,
26100.0,heavy,3101,0,4.913,
26100.0,light-2,3103,1,2.357,
26100.0,light-4,3102,1,2.568,
26100.0,light-1,3102,1,5.372,
26100.0,light-5,3103,1,5.728,
26100.0,light-3,3101,1,5.938,
26103.3,heavy,3101,0,3.460,
26106.7,heavy,3102,1,1.226,
26110.0,heavy,3103,0,4.201,
26113.3,heavy,3101,1,3.421,
26116.7,heavy,3102,0,0.869,
26120.0,heavy,3103,0,3.804,
26123.3,heavy,3101,0,3.096,
26126.7,heavy,3102,1,1.248,
26130.0,heavy,3103,1,3.974,
26133.3,heavy,3101,0,2.298,
26136.7,heavy,3102,0,0.933,
26140.0,heavy,3103,1,3.099,
26143.3,heavy,3101,0,3.342,
26146.7,heavy,3102,0,0.834,
26150.0,heavy,3103,0,4.336,
26153.3,heavy,3101,1,3.526,
26156.7,heavy,3102,1,1.429,
26160.0,heavy,3103,0,4.641,
26163.3,heavy,3101,0,2.769,
26166.7,heavy,3102,0,1.088,
26170.0,heavy,3103,0,3.467,
26173.3,heavy,3101,0,2.470,
26176.7,heavy,3102,1,1.256,
26180.0,heavy,3103,0,3.069,
26183.3,heavy,3101,1,2.937,
26186.7,heavy,3102,1,1.306,
26190.0,heavy,3103,0,3.094,
26193.3,heavy,3101,0,3.474,
26196.7,heavy,3102,0,1.013,
26200.0,heavy,3103,0,6.117,
26200.0,light-5,3101,1,3.018,
26200.0,light-2,3101,1,5.001,
26200.0,light-1,3103,1,5.507,
26200.0,light-3,3102,1,5.580,
26200.0,light-4,3103,1,6.600,
26203.3,heavy,3101,0,4.157,
26206.7,heavy,3102,1,1.378,
26210.0,heavy,3102,0,1.082,
26213.3,heavy,3103,1,3.297,
26216.7,heavy,3101,0,3.509,
26220.0,heavy,3102,0,1.110,
26223.3,heavy,3103,1,2.905,
26226.7,heavy,3101,0,2.960,
26230.0,heavy,3102,0,0.929,
26233.3,heavy,3103,1,4.450,
26236.7,heavy,3101,0,3.692,
26240.0,heavy,3102,0,1.015,
26243.3,heavy,3103,1,2.978,
26246.7,heavy,3101,0,2.803,
26250.0,heavy,3102,1,1.107,
26253.3,heavy,3103,0,2.491,
26256.7,heavy,3101,0,2.919,
26260.0,heavy,3102,0,0.988,
26263.3,heavy,3103,0,3.727,
26266.7,heavy,3101,0,3.989,
26270.0,heavy,3102,1,2.113,
26273.3,heavy,3103,1,2.424,
26276.7,heavy,3101,0,2.518,
26280.0,heavy,3102,1,1.538,
26283.3,heavy,3103,0,3.126,
26286.7,heavy,3101,0,3.190,
26290.0,heavy,3102,0,1.137,
26293.3,heavy,3103,1,6.932,
26296.7,heavy,3101,0,4.494,
26300.0,heavy,3102,1,1.534,
26300.0,light-5,3101,1,3.022,
26300.0,light-3,3102,1,5.654,
26300.0,light-2,3101,1,6.352,
26300.0,light-1,3103,1,6.682,
26300.0,light-4,3103,1,7.293,
26303.3,heavy,3102,0,0.990,
26306.7,heavy,3103,0,3.689,
26310.0,heavy,3101,0,3.357,
26313.3,heavy,3102,1,0.869,
26316.7,heavy,3103,1,4.260,
26320.0,heavy,3101,0,3.726,
26323.3,heavy,3102,1,1.282,
26326.7,heavy,3103,0,4.514,
26330.0,heavy,3101,0,4.680,
26333.3,heavy,3102,0,1.713,
26336.7,heavy,3103,0,2.670,
26340.0,heavy,3101,0,3.376,
26343.3,heavy,3102,1,1.211,
26346.7,heavy,3103,0,3.576,
26350.0,heavy,3101,0,3.600,
26353.3,heavy,3102,1,1.040,
26356.7,heavy,3103,0,4.042,
26360.0,heavy,3101,1,3.119,
26363.3,heavy,3102,0,1.042,
26366.7,heavy,3103,0,2.669,
26370.0,heavy,3101,0,4.219,
26373.3,heavy,3102,1,1.357,
26376.7,heavy,3103,0,3.222,
26380.0,heavy,3101,0,2.955,
26383.3,heavy,3102,1,1.269,
26386.7,heavy,3103,0,4.213,
26390.0,heavy,3101,0,3.354,
26393.3,heavy,3102,1,1.364,
26396.7,heavy,3103,0,3.285,
26400.0,heavy,3101,1,5.230,
26400.0,light-2,3103,1,1.379,
26400.0,light-4,3102,1,3.020,
26400.0,light-5,3103,1,5.082,
26400.0,light-1,3102,1,5.506,
26400.0,light-3,3101,1,6.856,
26403.3,heavy,3101,0,4.785,
26406.7,heavy,3102,0,1.162,
26410.0,heavy,3103,1,4.358,
26413.3,heavy,3101,0,3.931,
26416.7,heavy,3102,1,1.281,
26420.0,heavy,3103,0,5.671,
26423.3,heavy,3101,0,5.155,
26426.7,heavy,3102,0,1.555,
26430.0,heavy,3103,0,2.987,
26433.3,heavy,3101,1,3.334,
26436.7,heavy,3102,0,1.064,
26440.0,heavy,3103,0,3.325,
26443.3,heavy,3101,1,3.061,
26446.7,heavy,3102,0,1.110,
26450.0,heavy,3103,1,2.930,
26453.3,heavy,3101,0,3.332,
26456.7,heavy,3102,0,1.188,
26460.0,heavy,3103,0,3.708,
26463.3,heavy,3101,1,2.889,
26466.7,heavy,3102,1,1.404,
26470.0,heavy,3103,0,4.032,
26473.3,heavy,3101,0,3.579,
26476.7,heavy,3102,0,1.168,
26480.0,heavy,3103,0,3.459,
26483.3,heavy,3101,0,2.750,
26486.7,heavy,3102,1,1.302,
26490.0,heavy,3103,0,2.710,
26493.3,heavy,3101,1,3.278,
26496.7,heavy,3102,0,1.243,
26500.0,heavy,3103,1,5.471,
26500.0,light-2,3103,1,2.477,
26500.0,light-4,3102,1,2.656,
26500.0,light-1,3102,1,5.315,
26500.0,light-5,3103,1,5.801,
26500.0,light-3,3101,1,6.055,
26503.3,heavy,3101,0,4.705,
26506.7,heavy,3101,0,3.490,
26510.0,heavy,3102,0,0.987,
26513.3,heavy,3103,0,3.610,
26516.7,heavy,3101,1,2.868,
26520.0,heavy,3102,0,0.876,
26523.3,heavy,3103,0,4.444,
26526.7,heavy,3101,1,3.876,
26530.0,heavy,3102,1,1.196,
26533.3,heavy,3103,0,5.003,
26536.7,heavy,3101,0,3.654,
26540.0,heavy,3102,0,0.965,
26543.3,heavy,3103,0,2.896,
26546.7,heavy,3101,0,3.080,
26550.0,heavy,3102,1,1.167,
26553.3,heavy,3103,1,2.555,
26556.7,heavy,3101,0,4.021,
26560.0,heavy,3102,1,1.296,
26563.3,heavy,3103,0,4.156,
26566.7,heavy,3101,0,3.990,
26570.0,heavy,3102,0,0.976,
26573.3,heavy,3103,0,4.173,
26576.7,heavy,3101,1,3.311,
26580.0,heavy,3102,1,1.093,
26583.3,heavy,3103,0,2.588,
26586.7,heavy,3101,0,2.959,
26590.0,heavy,3102,0,0.835,
26593.3,heavy,3103,1,3.322,
26596.7,heavy,3101,0,3.949,
26600.0,heavy,3102,0,1.087,
26600.0,light-5,3101,1,2.376,
26600.0,light-2,3101,1,4.147,
26600.0,light-1,3103,1,4.690,
26600.0,light-3,3102,1,4.753,
26600.0,light-4,3103,1,5.344,
26603.3,heavy,3102,1,1.430,
26606.7,heavy,3103,0,3.553,
26610.0,heavy,3101,0,3.765,
26613.3,heavy,3102,1,1.352,
26616.7,heavy,3103,0,2.958,
26620.0,heavy,3101,0,2.852,
26623.3,heavy,3102,1,1.193,
26626.7,heavy,3103,0,2.772,
26630.0,heavy,3101,0,3.091,
26633.3,heavy,3102,1,1.104,
26636.7,heavy,3103,0,3.658,
26640.0,heavy,3101,0,2.803,
26643.3,heavy,3102,1,1.279,
26646.7,heavy,3103,0,2.991,
26650.0,heavy,3101,0,3.868,
26653.3,heavy,3102,1,1.253,
26656.7,heavy,3103,0,3.110,
26660.0,heavy,3101,0,3.366,
26663.3,heavy,3102,1,0.967,
26666.7,heavy,3103,0,3.474,
26670.0,heavy,3101,0,2.741,
26673.3,heavy,3102,1,0.992,
26676.7,heavy,3103,0,3.036,
26680.0,heavy,3101,0,2.980,
26683.3,heavy,3102,1,0.909,
26686.7,heavy,3103,0,3.305,
26690.0,heavy,3101,0,3.572,
26693.3,heavy,3102,1,0.842,
26696.7,heavy,3103,0,7.180,
26700.0,heavy,3101,0,4.927,
26700.0,light-5,3101,1,3.376,
26700.0,light-2,3101,1,6.036,
26700.0,light-3,3102,1,6.139,
26700.0,light-1,3103,1,6.355,
26700.0,light-4,3103,1,7.455,
26703.3,heavy,3102,1,1.458,
26706.7,heavy,3102,0,2.441,
26710.0,heavy,3103,1,4.793,
26713.3,heavy,3101,0,2.256,
26716.7,heavy,3102,0,0.755,
26720.0,heavy,3103,0,5.782,
26723.3,heavy,3101,1,4.758,
26726.7,heavy,3102,1,1.474,
26730.0,heavy,3103,0,6.310,
26733.3,heavy,3101,0,5.594,
26736.7,heavy,3102,0,1.475,
26740.0,heavy,3103,0,4.017,
26743.3,heavy,3101,1,3.685,
26746.7,heavy,3102,0,1.600,
26750.0,heavy,3103,0,3.773,
26753.3,heavy,3101,1,4.267,
26756.7,heavy,3102,0,1.518,
26760.0,heavy,3103,0,4.003,
26763.3,heavy,3101,1,3.603,
26766.7,heavy,3102,0,1.412,
26770.0,heavy,3103,1,5.043,
26773.3,heavy,3101,0,4.999,
26776.7,heavy,3102,1,1.902,
26780.0,heavy,3103,0,5.553,
26783.3,heavy,3101,0,4.623,
26786.7,heavy,3102,0,1.111,
26790.0,heavy,3103,0,8.463,
26793.3,heavy,3101,1,8.760,
26796.7,heavy,3102,1,1.789,
26800.0,heavy,3103,0,9.124,
26800.0,light-1,3101,1,3.450,
26800.0,light-3,3103,1,3.997,
26800.0,light-2,3102,1,8.657,
26800.0,light-4,3101,1,9.619,
26800.0,light-5,3102,1,10.438,
26803.3,heavy,3103,0,9.337,
26806.7,heavy,3101,0,9.314,
26810.0,heavy,3102,1,3.523,
26813.3,heavy,3103,0,6.689,
26816.7,heavy,3101,0,4.133,
26820.0,heavy,3102,0,1.372,
26823.3,heavy,3103,0,4.126,
26826.7,heavy,3101,1,3.208,
26830.0,heavy,3102,1,1.607,
26833.3,heavy,3103,0,4.715,
26836.7,heavy,3101,0,2.908,
26840.0,heavy,3102,0,1.337,
26843.3,heavy,3103,0,3.753,
26846.7,heavy,3101,1,2.885,
26850.0,heavy,3102,0,0.990,
26853.3,heavy,3103,1,3.473,
26856.7,heavy,3101,0,6.361,
26860.0,heavy,3102,1,1.239,
26863.3,heavy,3103,0,6.710,
26866.7,heavy,3101,0,5.092,
26870.0,heavy,3102,0,1.632,
26873.3,heavy,3103,0,3.489,
26876.7,heavy,3101,0,3.500,
26880.0,heavy,3102,1,1.012,
26883.3,heavy,3103,1,4.221,
26886.7,heavy,3101,0,3.515,
26890.0,heavy,3102,1,1.239,
26893.3,heavy,3103,0,4.133,
26896.7,heavy,3101,0,3.067,
26900.0,heavy,3102,1,2.163,
26900.0,light-5,3101,1,3.604,
26900.0,light-1,3103,1,6.063,
26900.0,light-2,3101,1,6.576,
26900.0,light-3,3102,1,6.648,
26900.0,light-4,3103,1,7.764,
26903.3,heavy,3103,0,7.072,
26906.7,heavy,3101,1,5.118,
26910.0,heavy,3102,0,2.440,
26913.3,heavy,3102,0,0.983,
26916.7,heavy,3103,0,4.272,
26920.0,heavy,3101,0,2.429,
26923.3,heavy,3102,1,0.941,
26926.7,heavy,3103,0,4.421,
26930.0,heavy,3101,0,3.584,
26933.3,heavy,3102,1,1.219,
26936.7,heavy,3103,0,4.447,
26940.0,heavy,3101,0,4.288,
26943.3,heavy,3102,1,1.051,
26946.7,heavy,3103,0,3.628,
26950.0,heavy,3101,0,2.948,
26953.3,heavy,3102,1,1.134,
26956.7,heavy,3103,0,2.983,
26960.0,heavy,3101,0,4.352,
26963.3,heavy,3102,1,1.349,
26966.7,heavy,3103,0,3.326,
26970.0,heavy,3101,1,5.022,
26973.3,heavy,3102,0,0.869,
26976.7,heavy,3103,0,3.675,
26980.0,heavy,3101,0,4.175,
26983.3,heavy,3102,1,1.276,
26986.7,heavy,3103,0,3.257,
26990.0,heavy,3101,1,3.111,
26993.3,heavy,3102,0,1.043,
26996.7,heavy,3103,0,3.239,
27000.0,heavy,3101,0,4.372,
27000.0,light-2,3103,1,1.191,
27000.0,light-4,3102,1,2.546,
27000.0,light-5,3103,1,3.833,
27000.0,light-1,3102,1,4.330,
27000.0,light-3,3101,1,6.353,
27003.3,heavy,3101,1,4.773,
27006.7,heavy,3102,0,1.182,
27010.0,heavy,3103,0,2.829,
27013.3,heavy,3101,0,3.046,
27016.7,heavy,3102,1,1.059,
27020.0,heavy,3103,0,2.540,
27023.3,heavy,3101,0,3.807,
27026.7,heavy,3102,1,1.473,
27030.0,heavy,3103,1,2.831,
27033.3,heavy,3101,0,3.629,
27036.7,heavy,3102,0,1.445,
27040.0,heavy,3103,0,3.707,
27043.3,heavy,3101,0,3.579,
27046.7,heavy,3102,1,1.838,
27050.0,heavy,3103,0,4.075,
27053.3,heavy,3101,1,3.005,
27056.7,heavy,3102,0,0.974,
27060.0,heavy,3103,1,2.830,
27063.3,heavy,3101,0,3.203,
27066.7,heavy,3102,0,0.908,
27070.0,heavy,3103,0,2.671,
27073.3,heavy,3101,0,3.314,
27076.7,heavy,3102,1,1.281,
27080.0,heavy,3103,0,2.480,
27083.3,heavy,3101,1,2.681,
27086.7,heavy,3102,1,1.499,
27090.0,heavy,3103,0,3.917,
27093.3,heavy,3101,0,3.293,
27096.7,heavy,3102,0,1.248,
27100.0,heavy,3103,0,6.113,
27100.0,light-5,3101,1,3.834,
27100.0,light-3,3102,1,5.390,
27100.0,light-4,3103,1,6.687,
27100.0,light-1,3103,1,7.276,
27100.0,light-2,3101,1,9.249,
27103.3,heavy,3101,1,5.974,
27106.7,heavy,3102,1,1.605,
27110.0,heavy,3102,0,2.835,
27113.3,heavy,3103,0,4.657,
27116.7,heavy,3101,0,3.197,
27120.0,heavy,3102,0,0.714,
27123.3,heavy,3103,1,2.987,
27126.7,heavy,3101,0,2.656,
27130.0,heavy,3102,0,0.943,
27133.3,heavy,3103,0,2.996,
27136.7,heavy,3101,0,3.313,
27140.0,heavy,3102,1,1.292,
27143.3,heavy,3103,1,3.067,
27146.7,heavy,3101,0,3.181,
27150.0,heavy,3102,0,0.877,
27153.3,heavy,3103,1,3.231,
27156.7,heavy,3101,0,3.555,
27160.0,heavy,3102,1,1.100,
27163.3,heavy,3103,0,3.101,
27166.7,heavy,3101,0,2.922,
27170.0,heavy,3102,0,1.144,
27173.3,heavy,3103,1,3.665,
27176.7,heavy,3101,0,3.875,
27180.0,heavy,3102,1,1.195,
27183.3,heavy,3103,0,3.908,
27186.7,heavy,3101,0,3.975,
27190.0,heavy,3102,0,0.909,
27193.3,heavy,3103,1,5.809,
27196.7,heavy,3101,0,4.650,
27200.0,heavy,3102,1,1.507,
27200.0,light-5,3101,1,3.383,
27200.0,light-2,3101,1,5.604,
27200.0,light-3,3102,1,5.743,
27200.0,light-1,3103,1,5.961,
27200.0,light-4,3103,1,8.040,
27203.3,heavy,3102,0,2.570,
27206.7,heavy,3103,0,5.687,
27210.0,heavy,3101,1,3.724,
27213.3,heavy,3102,0,0.945,
27216.7,heavy,3103,0,2.633,
27220.0,heavy,3101,0,4.419,
27223.3,heavy,3102,1,1.198,
27226.7,heavy,3103,0,3.436,
27230.0,heavy,3101,0,5.075,
27233.3,heavy,3102,1,1.242,
27236.7,heavy,3103,0,2.586,
27240.0,heavy,3101,0,2.625,
27243.3,heavy,3102,1,1.552,
27246.7,heavy,3103,0,3.876,
27250.0,heavy,3101,0,3.250,
27253.3,heavy,3102,1,0.858,
27256.7,heavy,3103,0,4.334,
27260.0,heavy,3101,0,3.488,
27263.3,heavy,3102,1,1.107,
27266.7,heavy,3103,0,4.258,
27270.0,heavy,3101,0,2.983,
27273.3,heavy,3102,1,0.929,
27276.7,heavy,3103,0,3.656,
27280.0,heavy,3101,0,2.965,
27283.3,heavy,3102,1,0.738,
27286.7,heavy,3103,0,4.608,
27290.0,heavy,3101,0,3.226,
27293.3,heavy,3102,1,1.201,
27296.7,heavy,3103,0,3.182,
27300.0,heavy,3101,0,5.006,
27300.0,light-2,3103,1,1.649,
27300.0,light-4,3102,1,2.674,
27300.0,light-5,3103,1,4.286,
27300.0,light-1,3102,1,4.795,
27300.0,light-3,3101,1,4.820,
27303.3,heavy,3101,1,2.092,
27306.7,heavy,3102,0,0.732,
27310.0,heavy,3103,1,2.912,
27313.3,heavy,3101,0,2.753,
27316.7,heavy,3102,0,0.824,
27320.0,heavy,3103,0,3.173,
27323.3,heavy,3101,0,3.421,
27326.7,heavy,3102,1,1.367,
27330.0,heavy,3103,0,2.927,
27333.3,heavy,3101,1,2.426,
27336.7,heavy,3102,0,1.339,
27340.0,heavy,3103,1,3.260,
27343.3,heavy,3101,0,3.059,
27346.7,heavy,3102,0,0.965,
27350.0,heavy,3103,0,4.180,
27353.3,heavy,3101,0,3.537,
27356.7,heavy,3102,1,1.126,
27360.0,heavy,3103,0,3.949,
27363.3,heavy,3101,1,2.808,
27366.7,heavy,3102,0,1.195,
27370.0,heavy,3103,1,3.092,
27373.3,heavy,3101,0,3.462,
27376.7,heavy,3102,0,1.139,
27380.0,heavy,3103,0,3.462,
27383.3,heavy,3101,0,2.601,
27386.7,heavy,3102,1,1.014,
27390.0,heavy,3103,0,3.680,
27393.3,heavy,3101,1,3.061,
27396.7,heavy,3102,0,0.685,
27400.0,heavy,3103,1,5.016,
27400.0,light-2,3103,1,2.251,
27400.0,light-4,3102,1,2.967,
27400.0,light-1,3102,1,5.238,
27400.0,light-3,3101,1,5.864,
27400.0,light-5,3103,1,5.910,
27403.3,heavy,3101,0,6.914,
27406.7,heavy,3101,0,5.298,
27410.0,heavy,3102,0,0.870,
27413.3,heavy,3103,0,3.350,
27416.7,heavy,3101,0,3.482,
27420.0,heavy,3102,1,1.375,
27423.3,heavy,3103,1,2.410,
27426.7,heavy,3101,0,2.914,
27430.0,heavy,3102,1,1.192,
27433.3,heavy,3103,0,3.185,
27436.7,heavy,3101,0,2.337,
27440.0,heavy,3102,1,1.496,
27443.3,heavy,3103,0,3.362,
27446.7,heavy,3101,0,2.840,
27450.0,heavy,3102,0,1.229,
27453.3,heavy,3103,1,2.642,
27456.7,heavy,3101,0,3.209,
27460.0,heavy,3102,0,1.338,
27463.3,heavy,3103,1,3.515,
27466.7,heavy,3101,0,3.176,
27470.0,heavy,3102,1,1.435,
27473.3,heavy,3103,0,2.772,
27476.7,heavy,3101,1,3.184,
27480.0,heavy,3102,0,1.258,
27483.3,heavy,3103,0,2.723,
27486.7,heavy,3101,0,2.633,
27490.0,heavy,3102,0,0.880,
27493.3,heavy,3103,1,3.179,
27496.7,heavy,3101,0,3.789,
27500.0,heavy,3102,0,1.023,
27500.0,light-5,3101,1,2.187,
27500.0,light-2,3101,1,3.721,
27500.0,light-1,3103,1,4.282,
27500.0,light-3,3102,1,4.389,
27500.0,light-4,3103,1,4.894,
27503.3,heavy,3102,1,1.363,
27506.7,heavy,3103,1,4.560,
27510.0,heavy,3101,0,3.693,
27513.3,heavy,3102,0,0.989,
27516.7,heavy,3103,0,3.341,
27520.0,heavy,3101,0,2.527,
27523.3,heavy,3102,1,1.908,
27526.7,heavy,3103,0,4.899,
27530.0,heavy,3101,1,3.576,
27533.3,heavy,3102,0,1.260,
27536.7,heavy,3103,0,2.968,
27540.0,heavy,3101,0,3.270,
27543.3,heavy,3102,1,1.140,
27546.7,heavy,3103,0,3.893,
27550.0,heavy,3101,0,3.825,
27553.3,heavy,3102,1,1.151,
27556.7,heavy,3103,0,4.633,
27560.0,heavy,3101,0,4.566,
27563.3,heavy,3102,1,0.893,
27566.7,heavy,3103,0,4.379,
27570.0,heavy,3101,0,4.168,
27573.3,heavy,3102,1,1.265,
27576.7,heavy,3103,0,4.775,
27580.0,heavy,3101,0,3.126,
27583.3,heavy,3102,1,0.907,
27586.7,heavy,3103,0,3.762,
27590.0,heavy,3101,0,2.990,
27593.3,heavy,3102,1,0.822,
27596.7,heavy,3103,0,6.550,
27600.0,heavy,3101,0,5.901,
27600.0,light-1,3101,1,2.349,
27600.0,light-3,3103,1,3.268,
27600.0,light-2,3102,1,6.243,
27600.0,light-4,3101,1,6.286,
27600.0,light-5,3102,1,6.929,
27603.3,heavy,3102,1,1.517,
27606.7,heavy,3103,0,6.915,
27610.0,heavy,3103,1,4.987,
27613.3,heavy,3101,0,3.117,
27616.7,heavy,3102,0,1.094,
27620.0,heavy,3103,1,3.280,
27623.3,heavy,3101,0,2.919,
27626.7,heavy,3102,0,1.087,
27630.0,heavy,3103,0,3.125,
27633.3,heavy,3101,0,2.773,
27636.7,heavy,3102,1,0.960,
27640.0,heavy,3103,0,3.052,
27643.3,heavy,3101,1,2.838,
27646.7,heavy,3102,0,1.173,
27650.0,heavy,3103,0,3.770,
27653.3,heavy,3101,1,2.901,
27656.7,heavy,3102,0,0.760,
27660.0,heavy,3103,0,4.201,
27663.3,heavy,3101,0,3.143,
27666.7,heavy,3102,1,1.066,
27670.0,heavy,3103,0,3.881,
27673.3,heavy,3101,1,3.044,
27676.7,heavy,3102,0,1.087,
27680.0,heavy,3103,1,2.899,
27683.3,heavy,3101,0,3.320,
27686.7,heavy,3102,0,1.198,
27690.0,heavy,3103,0,6.866,
27693.3,heavy,3101,1,5.567,
27696.7,heavy,3102,1,1.463,
27700.0,heavy,3103,0,6.779,
27700.0,light-1,3101,1,2.356,
27700.0,light-3,3103,1,3.209,
27700.0,light-2,3102,1,5.743,
27700.0,light-4,3101,1,6.482,
27700.0,light-5,3102,1,6.820,
27703.3,heavy,3103,0,5.003,
27706.7,heavy,3101,0,2.865,
27710.0,heavy,3102,1,1.041,
27713.3,heavy,3103,0,2.708,
27716.7,heavy,3101,0,2.602,
27720.0,heavy,3102,1,1.440,
27723.3,heavy,3103,0,2.886,
27726.7,heavy,3101,1,3.330,
27730.0,heavy,3102,0,1.389,
27733.3,heavy,3103,0,2.909,
27736.7,heavy,3101,0,3.132,
27740.0,heavy,3102,0,1.060,
27743.3,heavy,3103,1,3.267,
27746.7,heavy,3101,0,3.421,
27750.0,heavy,3102,0,0.839,
27753.3,heavy,3103,1,3.866,
27756.7,heavy,3101,0,3.401,
27760.0,heavy,3102,1,1.251,
27763.3,heavy,3103,0,3.407,
27766.7,heavy,3101,0,3.441,
27770.0,heavy,3102,0,1.250,
27773.3,heavy,3103,0,4.026,
27776.7,heavy,3101,1,3.155,
27780.0,heavy,3102,0,0.862,
27783.3,heavy,3103,1,4.701,
27786.7,heavy,3101,0,3.856,
27790.0,heavy,3102,1,1.484,
27793.3,heavy,3103,0,3.220,
27796.7,heavy,3101,0,3.243,
27800.0,heavy,3102,0,1.278,
27800.0,light-5,3101,1,2.227,
27800.0,light-2,3101,1,4.097,
27800.0,light-1,3103,1,4.734,
27800.0,light-3,3102,1,4.789,
27800.0,light-4,3103,1,4.894,
27803.3,heavy,3102,1,0.917,
27806.7,heavy,3103,0,3.321,
27810.0,heavy,3101,0,3.229,
27813.3,heavy,3102,1,1.108,
27816.7,heavy,3103,1,3.382,
27820.0,heavy,3101,0,3.711,
27823.3,heavy,3102,0,1.044,
27826.7,heavy,3103,0,3.296,
27830.0,heavy,3101,0,3.320,
27833.3,heavy,3102,1,1.095,
27836.7,heavy,3103,0,3.548,
27840.0,heavy,3101,0,3.530,
27843.3,heavy,3102,1,1.251,
27846.7,heavy,3103,0,4.254,
27850.0,heavy,3101,0,3.359,
27853.3,heavy,3102,1,0.993,
27856.7,heavy,3103,0,3.145,
27860.0,heavy,3101,0,3.081,
27863.3,heavy,3102,1,1.204,
27866.7,heavy,3103,0,2.900,
27870.0,heavy,3101,1,2.948,
27873.3,heavy,3102,0,1.042,
27876.7,heavy,3103,0,3.457,
27880.0,heavy,3101,0,3.355,
27883.3,heavy,3102,1,2.205,
27886.7,heavy,3103,0,3.788,
27890.0,heavy,3101,0,3.354,
27893.3,heavy,3102,1,1.152,
27896.7,heavy,3103,0,4.487,
27900.0,heavy,3101,0,5.811,
27900.0,light-2,3103,1,2.296,
27900.0,light-4,3102,1,2.481,
27900.0,light-1,3102,1,5.317,
27900.0,light-5,3103,1,5.454,
27900.0,light-3,3101,1,6.746,
27903.3,heavy,3101,0,4.698,
27906.7,heavy,3102,1,1.101,
27910.0,heavy,3103,1,3.222,
27913.3,heavy,3101,0,3.445,
27916.7,heavy,3102,0,0.833,
27920.0,heavy,3103,0,3.565,
27923.3,heavy,3101,0,2.773,
27926.7,heavy,3102,1,1.118,
27930.0,heavy,3103,1,4.286,
27933.3,heavy,3101,0,2.902,
27936.7,heavy,3102,0,1.038,
27940.0,heavy,3103,1,3.025,
27943.3,heavy,3101,0,3.462,
27946.7,heavy,3102,0,1.050,
27950.0,heavy,3103,0,2.799,
27953.3,heavy,3101,1,3.009,
27956.7,heavy,3102,0,1.347,
27960.0,heavy,3103,1,3.249,
27963.3,heavy,3101,0,2.749,
27966.7,heavy,3102,1,1.705,
27970.0,heavy,3103,0,3.056,
27973.3,heavy,3101,0,3.673,
27976.7,heavy,3102,0,1.520,
27980.0,heavy,3103,0,3.427,
27983.3,heavy,3101,1,2.491,
27986.7,heavy,3102,0,0.764,
27990.0,heavy,3103,1,3.014,
27993.3,heavy,3101,0,2.956,
27996.7,heavy,3102,0,0.905,
28000.0,heavy,3103,1,5.490,
28000.0,light-1,3101,1,1.268,
28000.0,light-3,3103,1,2.687,
28000.0,light-4,3101,1,5.712,
28000.0,light-2,3102,1,5.909,
28000.0,light-5,3102,1,6.608,
28003.3,heavy,3103,0,2.750,
28006.7,heavy,3101,0,2.558,
28010.0,heavy,3102,1,1.522,
28013.3,heavy,3103,0,3.618,
28016.7,heavy,3101,0,3.000,
28020.0,heavy,3102,1,1.576,
28023.3,heavy,3103,0,3.159,
28026.7,heavy,3101,0,2.950,
28030.0,heavy,3102,1,1.359,
28033.3,heavy,3103,0,3.094,
28036.7,heavy,3101,0,3.536,
28040.0,heavy,3102,0,0.899,
28043.3,heavy,3103,1,4.044,
28046.7,heavy,3101,0,3.254,
28050.0,heavy,3102,1,1.292,
28053.3,heavy,3103,0,4.682,
28056.7,heavy,3101,0,3.150,
28060.0,heavy,3102,0,1.502,
28063.3,heavy,3103,0,3.784,
28066.7,heavy,3101,1,3.017,
28070.0,heavy,3102,0,0.811,
28073.3,heavy,3103,1,2.830,
28076.7,heavy,3101,0,3.382,
28080.0,heavy,3102,1,1.179,
28083.3,heavy,3103,0,3.390,
28086.7,heavy,3101,0,3.039,
28090.0,heavy,3102,0,0.774,
28093.3,heavy,3103,0,5.344,
28096.7,heavy,3101,1,4.265,
28100.0,heavy,3102,1,1.384,
28100.0,light-5,3101,1,3.116,
28100.0,light-2,3101,1,5.090,
28100.0,light-3,3102,1,5.153,
28100.0,light-1,3103,1,5.568,
28100.0,light-4,3103,1,6.472,
28103.3,heavy,3102,0,1.003,
28106.7,heavy,3103,0,2.818,
28110.0,heavy,3101,0,3.102,
28113.3,heavy,3102,1,1.037,
28116.7,heavy,3103,0,4.810,
28120.0,heavy,3101,0,3.931,
28123.3,heavy,3102,1,1.191,
28126.7,heavy,3103,1,4.643,
28130.0,heavy,3101,0,4.706,
28133.3,heavy,3102,0,0.992,
28136.7,heavy,3103,0,4.119,
28140.0,heavy,3101,0,3.327,
28143.3,heavy,3102,1,1.454,
28146.7,heavy,3103,0,4.372,
28150.0,heavy,3101,0,2.927,
28153.3,heavy,3102,1,1.185,
28156.7,heavy,3103,1,3.028,
28160.0,heavy,3101,0,3.263,
28163.3,heavy,3102,0,0.845,
28166.7,heavy,3103,0,2.440,
28170.0,heavy,3101,0,2.749,
28173.3,heavy,3102,1,0.855,
28176.7,heavy,3103,0,3.000,
28180.0,heavy,3101,0,2.774,
28183.3,heavy,3102,1,1.040,
28186.7,heavy,3103,0,3.739,
28190.0,heavy,3101,0,2.770,
28193.3,heavy,3102,1,1.177,
28196.7,heavy,3103,0,4.653,
28200.0,heavy,3101,1,4.734,
28200.0,light-2,3103,1,1.353,
28200.0,light-4,3102,1,2.790,
28200.0,light-5,3103,1,4.213,
28200.0,light-1,3102,1,4.601,
28200.0,light-3,3101,1,6.053,
28203.3,heavy,3101,0,3.771,
28206.7,heavy,3102,0,1.029,
28210.0,heavy,3103,0,3.518,
28213.3,heavy,3101,1,2.917,
28216.7,heavy,3102,0,1.146,
28220.0,heavy,3103,1,3.125,
28223.3,heavy,3101,0,3.229,
28226.7,heavy,3102,0,0.719,
28230.0,heavy,3103,1,5.005,
28233.3,heavy,3101,0,6.255,
28236.7,heavy,3102,1,1.462,
28240.0,heavy,3103,0,5.462,
28243.3,heavy,3101,0,6.325,
28246.7,heavy,3102,0,1.199,
28250.0,heavy,3103,0,3.153,
28253.3,heavy,3101,1,5.496,
28256.7,heavy,3102,0,1.567,
28260.0,heavy,3103,0,3.948,
28263.3,heavy,3101,1,3.968,
28266.7,heavy,3102,0,1.296,
28270.0,heavy,3103,0,4.229,
28273.3,heavy,3101,1,4.611,
28276.7,heavy,3102,0,0.697,
28280.0,heavy,3103,0,3.379,
28283.3,heavy,3101,0,3.596,
28286.7,heavy,3102,1,1.292,
28290.0,heavy,3103,0,3.580,
28293.3,heavy,3101,1,2.507,
28296.7,heavy,3102,1,1.635,
28300.0,heavy,3103,0,5.391,
28300.0,light-1,3101,1,1.405,
28300.0,light-3,3103,1,2.301,
28300.0,light-4,3101,1,5.324,
28300.0,light-2,3102,1,5.810,
28300.0,light-5,3102,1,7.119,
28303.3,heavy,3103,0,5.302,
28306.7,heavy,3101,0,5.207,
28310.0,heavy,3102,0,2.802,
28313.3,heavy,3103,1,2.621,
28316.7,heavy,3101,0,3.051,
28320.0,heavy,3102,0,1.077,
28323.3,heavy,3103,1,4.003,
28326.7,heavy,3101,0,3.385,
28330.0,heavy,3102,1,1.253,
28333.3,heavy,3103,0,4.199,
28336.7,heavy,3101,0,3.012,
28340.0,heavy,3102,0,1.020,
28343.3,heavy,3103,1,3.371,
28346.7,heavy,3101,0,3.702,
28350.0,heavy,3102,0,1.010,
28353.3,heavy,3103,1,2.631,
28356.7,heavy,3101,0,3.890,
28360.0,heavy,3102,1,1.284,
28363.3,heavy,3103,0,3.414,
28366.7,heavy,3101,0,3.111,
28370.0,heavy,3102,1,2.030,
28373.3,heavy,3103,0,3.089,
28376.7,heavy,3101,1,3.467,
28380.0,heavy,3102,0,1.414,
28383.3,heavy,3103,0,2.603,
28386.7,heavy,3101,0,2.885,
28390.0,heavy,3102,0,1.727,
28393.3,heavy,3103,1,3.123,
28396.7,heavy,3101,0,3.191,
28400.0,heavy,3102,0,1.369,
28400.0,light-5,3101,1,2.163,
28400.0,light-2,3101,1,3.972,
28400.0,light-1,3103,1,4.448,
28400.0,light-3,3102,1,4.400,
28400.0,light-4,3103,1,4.416,
28403.3,heavy,3102,1,1.704,
28406.7,heavy,3103,0,2.610,
28410.0,heavy,3101,1,3.528,
28413.3,heavy,3102,0,0.884,
28416.7,heavy,3103,0,4.189,
28420.0,heavy,3101,0,3.265,
28423.3,heavy,3102,1,1.549,
28426.7,heavy,3103,0,4.508,
28430.0,heavy,3101,0,2.945,
28433.3,heavy,3102,1,0.939,
28436.7,heavy,3103,1,3.388,
28440.0,heavy,3101,0,3.841,
28443.3,heavy,3102,0,1.035,
28446.7,heavy,3103,0,2.451,
28450.0,heavy,3101,0,3.692,
28453.3,heavy,3102,1,1.495,
28456.7,heavy,3103,0,2.982,
28460.0,heavy,3101,0,3.865,
28463.3,heavy,3102,1,1.088,
28466.7,heavy,3103,0,3.345,
28470.0,heavy,3101,0,3.616,
28473.3,heavy,3102,1,1.837,
28476.7,heavy,3103,0,2.737,
28480.0,heavy,3101,0,3.799,
28483.3,heavy,3102,1,1.072,
28486.7,heavy,3103,0,2.691,
28490.0,heavy,3101,0,3.069,
28493.3,heavy,3102,1,1.326,
28496.7,heavy,3103,0,4.838,
28500.0,heavy,3101,0,4.282,
28500.0,light-5,3101,1,2.994,
28500.0,light-3,3102,1,4.773,
28500.0,light-2,3101,1,4.919,
28500.0,light-1,3103,1,5.295,
28500.0,light-4,3103,1,6.182,
28503.3,heavy,3102,1,1.309,
28506.7,heavy,3102,0,0.876,
28510.0,heavy,3103,0,3.021,
28513.3,heavy,3101,1,3.057,
28516.7,heavy,3102,0,1.016,
28520.0,heavy,3103,1,3.770,
28523.3,heavy,3101,0,3.886,
28526.7,heavy,3102,1,1.293,
28530.0,heavy,3103,0,3.852,
28533.3,heavy,3101,0,3.904,
28536.7,heavy,3102,0,0.877,
28540.0,heavy,3103,0,4.072,
28543.3,heavy,3101,0,3.364,
28546.7,heavy,3102,1,1.243,
28550.0,heavy,3103,0,4.228,
28553.3,heavy,3101,1,2.956,
28556.7,heavy,3102,0,0.936,
28560.0,heavy,3103,0,3.489,
28563.3,heavy,3101,1,2.835,
28566.7,heavy,3102,0,0.648,
28570.0,heavy,3103,0,4.277,
28573.3,heavy,3101,0,3.403,
28576.7,heavy,3102,1,1.406,
28580.0,heavy,3103,0,4.198,
28583.3,heavy,3101,1,2.662,
28586.7,heavy,3102,0,0.992,
28590.0,heavy,3103,1,2.744,
28593.3,heavy,3101,0,2.944,
28596.7,heavy,3102,0,0.689,
28600.0,heavy,3103,0,6.290,
28600.0,light-1,3101,1,2.562,
28600.0,light-3,3103,1,3.437,
28600.0,light-5,3102,1,6.366,
28600.0,light-4,3101,1,6.721,
28600.0,light-2,3102,1,7.429,
28603.3,heavy,3101,1,5.522,
28606.7,heavy,3102,1,1.383,
28610.0,heavy,3103,0,7.338,
28613.3,heavy,3103,0,6.768,
28616.7,heavy,3101,0,3.706,
28620.0,heavy,3102,0,0.827,
28623.3,heavy,3103,0,4.029,
28626.7,heavy,3101,1,3.287,
28630.0,heavy,3102,0,0.913,
28633.3,heavy,3103,1,3.642,
28636.7,heavy,3101,0,3.216,
28640.0,heavy,3102,1,1.091,
28643.3,heavy,3103,0,3.520,
28646.7,heavy,3101,0,3.505,
28650.0,heavy,3102,0,0.987,
28653.3,heavy,3103,1,2.870,
28656.7,heavy,3101,0,2.956,
28660.0,heavy,3102,0,0.871,
28663.3,heavy,3103,0,4.199,
28666.7,heavy,3101,1,3.341,
28670.0,heavy,3102,1,1.297,
28673.3,heavy,3103,0,4.766,
28676.7,heavy,3101,0,3.189,
28680.0,heavy,3102,0,1.046,
28683.3,heavy,3103,0,3.783,
28686.7,heavy,3101,1,2.907,
28690.0,heavy,3102,0,1.010,
28693.3,heavy,3103,1,7.183,
28696.7,heavy,3101,0,6.216,
28700.0,heavy,3102,1,1.832,
28700.0,light-1,3101,1,3.271,
28700.0,light-3,3103,1,3.711,
28700.0,light-2,3102,1,6.653,
28700.0,light-4,3101,1,7.438,
28700.0,light-5,3102,1,7.655,
28703.3,heavy,3103,0,7.162,
28706.7,heavy,3103,0,4.920,
28710.0,heavy,3101,0,3.950,
28713.3,heavy,3102,1,1.181,
28716.7,heavy,3103,0,2.707,
28720.0,heavy,3101,1,2.726,
28723.3,heavy,3102,0,0.941,
28726.7,heavy,3103,0,7.040,
28730.0,heavy,3101,0,3.030,
28733.3,heavy,3102,1,1.057,
28736.7,heavy,3103,0,6.717,
28740.0,heavy,3101,0,3.501,
28743.3,heavy,3102,1,1.185,
28746.7,heavy,3103,0,3.753,
28750.0,heavy,3101,0,2.943,
28753.3,heavy,3102,1,0.956,
28756.7,heavy,3103,0,4.276,
28760.0,heavy,3101,0,3.268,
28763.3,heavy,3102,1,1.335,
28766.7,heavy,3103,0,3.209,
28770.0,heavy,3101,0,3.125,
28773.3,heavy,3102,1,1.051,
28776.7,heavy,3103,1,3.552,
28780.0,heavy,3101,0,2.773,
28783.3,heavy,3102,0,1.063,
28786.7,heavy,3103,0,6.035,
28790.0,heavy,3101,0,2.948,
28793.3,heavy,3102,1,1.259,
28796.7,heavy,3103,0,6.549,
28800.0,heavy,3101,0,4.225,
28800.0,light-4,3102,1,2.316,
28800.0,light-2,3103,1,4.270,
28800.0,light-1,3102,1,4.444,
28800.0,light-5,3103,1,6.646,
28800.0,light-3,3101,1,7.925,
28803.3,heavy,3101,1,3.762,
28806.7,heavy,3102,0,0.877,
28810.0,heavy,3103,0,3.345,
28813.3,heavy,3101,1,2.921,
28816.7,heavy,3102,1,1.409,
28820.0,heavy,3103,0,3.631,
28823.3,heavy,3101,0,3.089,
28826.7,heavy,3102,0,1.297,
28830.0,heavy,3103,0,3.420,
28833.3,heavy,3101,1,3.536,
28836.7,heavy,3102,0,1.336,
28840.0,heavy,3103,1,3.281,
28843.3,heavy,3101,0,3.254,
28846.7,heavy,3102,0,0.724,
28850.0,heavy,3103,0,4.596,
28853.3,heavy,3101,0,3.575,
28856.7,heavy,3102,1,1.170,
28860.0,heavy,3103,0,5.164,
28863.3,heavy,3101,1,3.359,
28866.7,heavy,3102,0,1.209,
28870.0,heavy,3103,1,3.540,
28873.3,heavy,3101,0,3.767,
28876.7,heavy,3102,0,0.860,
28880.0,heavy,3103,0,4.590,
28883.3,heavy,3101,0,3.534,
28886.7,heavy,3102,1,1.888,
28890.0,heavy,3103,1,5.144,
28893.3,heavy,3101,0,3.746,
28896.7,heavy,3102,0,0.868,
28900.0,heavy,3103,1,5.017,
28900.0,light-2,3103,1,2.386,
28900.0,light-4,3102,1,2.753,
28900.0,light-1,3102,1,4.204,
28900.0,light-3,3101,1,5.965,
28900.0,light-5,3103,1,6.074,
28903.3,heavy,3101,0,4.979,
28906.7,heavy,3101,0,4.308,
28910.0,heavy,3102,0,0.768,
28913.3,heavy,3103,0,3.117,
28916.7,heavy,3101,1,3.356,
28920.0,heavy,3102,1,1.207,
28923.3,heavy,3103,0,2.678,
28926.7,heavy,3101,0,2.742,
28930.0,heavy,3102,0,0.943,
28933.3,heavy,3103,0,4.195,
28936.7,heavy,3101,1,3.438,
28940.0,heavy,3102,0,0.839,
28943.3,heavy,3103,0,3.906,
28946.7,heavy,3101,1,2.985,
28950.0,heavy,3102,1,1.215,
28953.3,heavy,3103,0,4.184,
28956.7,heavy,3101,0,2.958,
28960.0,heavy,3102,1,1.193,
28963.3,heavy,3103,0,3.083,
28966.7,heavy,3101,0,3.697,
28970.0,heavy,3102,0,1.001,
28973.3,heavy,3103,0,3.963,
28976.7,heavy,3101,1,3.090,
28980.0,heavy,3102,1,1.222,
28983.3,heavy,3103,0,4.644,
28986.7,heavy,3101,0,2.529,
28990.0,heavy,3102,0,0.908,
28993.3,heavy,3103,1,3.389,
28996.7,heavy,3101,0,4.219,
29000.0,heavy,3102,0,1.539,
29000.0,light-5,3101,1,2.721,
29000.0,light-2,3101,1,4.562,
29000.0,light-1,3103,1,5.124,
29000.0,light-3,3102,1,5.187,
29000.0,light-4,3103,1,5.385,
29003.3,heavy,3102,1,2.304,
29006.7,heavy,3103,0,2.918,
29010.0,heavy,3101,0,3.007,
29013.3,heavy,3102,1,1.048,
29016.7,heavy,3103,0,3.876,
29020.0,heavy,3101,0,4.038,
29023.3,heavy,3102,1,1.190,
29026.7,heavy,3103,0,4.452,
29030.0,heavy,3101,1,4.350,
29033.3,heavy,3102,0,0.761,
29036.7,heavy,3103,0,3.626,
29040.0,heavy,3101,0,2.972,
29043.3,heavy,3102,1,1.314,
29046.7,heavy,3103,0,2.704,
29050.0,heavy,3101,0,2.605,
29053.3,heavy,3102,1,0.983,
29056.7,heavy,3103,0,4.161,
29060.0,heavy,3101,1,3.251,
29063.3,heavy,3102,0,1.019,
29066.7,heavy,3103,0,5.057,
29070.0,heavy,3101,0,4.125,
29073.3,heavy,3102,1,1.718,
29076.7,heavy,3103,0,5.436,
29080.0,heavy,3101,1,2.878,
29083.3,heavy,3102,0,1.215,
29086.7,heavy,3103,0,4.342,
29090.0,heavy,3101,0,4.649,
29093.3,heavy,3102,1,2.077,
29096.7,heavy,3103,0,4.161,
29100.0,heavy,3101,1,6.697,
29100.0,light-2,3103,1,1.541,
29100.0,light-4,3102,1,3.075,
29100.0,light-5,3103,1,6.483,
29100.0,light-1,3102,1,6.781,
29100.0,light-3,3101,1,7.091,
29103.3,heavy,3101,0,6.144,
29106.7,heavy,3102,0,0.841,
29110.0,heavy,3103,1,5.782,
29113.3,heavy,3101,0,6.273,
29116.7,heavy,3102,1,2.965,
29120.0,heavy,3103,0,5.892,
29123.3,heavy,3101,0,4.626,
29126.7,heavy,3102,0,0.920,
29130.0,heavy,3103,0,3.101,
29133.3,heavy,3101,1,3.499,
29136.7,heavy,3102,0,1.333,
29140.0,heavy,3103,1,3.849,
29143.3,heavy,3101,0,4.330,
29146.7,heavy,3102,0,1.257,
29150.0,heavy,3103,0,2.769,
29153.3,heavy,3101,0,3.208,
29156.7,heavy,3102,1,1.155,
29160.0,heavy,3103,1,3.282,
29163.3,heavy,3101,0,2.881,
29166.7,heavy,3102,0,0.922,
29170.0,heavy,3103,0,3.269,
29173.3,heavy,3101,0,3.479,
29176.7,heavy,3102,1,1.337,
29180.0,heavy,3103,0,2.732,
29183.3,heavy,3101,1,3.381,
29186.7,heavy,3102,1,1.118,
29190.0,heavy,3103,0,2.785,
29193.3,heavy,3101,0,2.684,
29196.7,heavy,3102,1,1.498,
29200.0,heavy,3103,0,5.685,
29200.0,light-5,3101,1,3.082,
29200.0,light-2,3101,1,5.662,
29200.0,light-3,3102,1,5.748,
29200.0,light-1,3103,1,6.081,
29200.0,light-4,3103,1,6.609,
29203.3,heavy,3101,0,6.026,
29206.7,heavy,3102,0,1.414,
29210.0,heavy,3102,0,1.706,
29213.3,heavy,3103,1,3.836,
29216.7,heavy,3101,0,3.024,
29220.0,heavy,3102,0,0.991,
29223.3,heavy,3103,1,3.038,
29226.7,heavy,3101,0,3.294,
29230.0,heavy,3102,0,0.859,
29233.3,heavy,3103,0,3.536,
29236.7,heavy,3101,0,3.058,
29240.0,heavy,3102,1,0.978,
29243.3,heavy,3103,0,4.615,
29246.7,heavy,3101,1,6.017,
29250.0,heavy,3102,1,1.659,
29253.3,heavy,3103,0,5.601,
29256.7,heavy,3101,0,5.428,
29260.0,heavy,3102,0,1.693,
29263.3,heavy,3103,1,3.464,
29266.7,heavy,3101,0,20.413,
29270.0,heavy,3102,0,0.935,
29273.3,heavy,3103,1,3.574,
29276.7,heavy,3101,0,8.376,
29280.0,heavy,3102,1,1.107,
29283.3,heavy,3103,0,3.709,
29286.7,heavy,3101,0,5.378,
29290.0,heavy,3102,0,0.734,
29293.3,heavy,3103,1,5.900,
29296.7,heavy,3101,0,12.824,
29300.0,heavy,3102,1,1.399,
29300.0,light-3,3102,1,6.100,
29300.0,light-4,3103,1,6.376,
29300.0,light-5,3101,1,10.453,
29300.0,light-1,3103,1,11.197,
29300.0,light-2,3101,1,13.138,
29303.3,heavy,3102,0,0.801,
29306.7,heavy,3103,0,3.054,
29310.0,heavy,3101,0,7.398,
29313.3,heavy,3102,1,1.053,
29316.7,heavy,3103,0,2.690,
29320.0,heavy,3101,0,3.867,
29323.3,heavy,3102,1,1.105,
29326.7,heavy,3103,1,3.013,
29330.0,heavy,3101,0,4.044,
29333.3,heavy,3102,0,0.895,
29336.7,heavy,3103,0,4.051,
29340.0,heavy,3101,0,2.824,
29343.3,heavy,3102,1,1.188,
29346.7,heavy,3103,0,4.856,
29350.0,heavy,3101,0,3.123,
29353.3,heavy,3102,1,1.207,
29356.7,heavy,3103,0,3.533,
29360.0,heavy,3101,0,3.852,
29363.3,heavy,3102,1,1.163,
29366.7,heavy,3103,0,3.221,
29370.0,heavy,3101,0,2.753,
29373.3,heavy,3102,1,0.941,
29376.7,heavy,3103,0,3.331,
29380.0,heavy,3101,1,3.056,
29383.3,heavy,3102,0,1.111,
29386.7,heavy,3103,0,3.411,
29390.0,heavy,3101,0,3.116,
29393.3,heavy,3102,1,1.150,
29396.7,heavy,3103,1,6.902,
29400.0,heavy,3101,0,6.825,
29400.0,light-1,3101,1,2.532,
29400.0,light-3,3103,1,3.687,
29400.0,light-4,3101,1,7.125,
29400.0,light-2,3102,1,12.871,
29400.0,light-5,3102,1,13.818,
29403.3,heavy,3102,1,1.785,
29406.7,heavy,3103,0,7.488,
29410.0,heavy,3103,0,9.121,
29413.3,heavy,3101,0,6.259,
29416.7,heavy,3102,0,3.212,
29420.0,heavy,3103,1,2.607,
29423.3,heavy,3101,0,2.308,
29426.7,heavy,3102,1,1.449,
29430.0,heavy,3103,0,2.583,
29433.3,heavy,3101,0,3.044,
29436.7,heavy,3102,0,0.887,
29440.0,heavy,3103,0,4.552,
29443.3,heavy,3101,1,3.822,
29446.7,heavy,3102,1,1.329,
29450.0,heavy,3103,0,4.464,
29453.3,heavy,3101,0,4.312,
29456.7,heavy,3102,0,0.795,
29460.0,heavy,3103,0,4.454,
29463.3,heavy,3101,0,3.045,
29466.7,heavy,3102,1,1.349,
29470.0,heavy,3103,0,3.547,
29473.3,heavy,3101,1,2.948,
29476.7,heavy,3102,0,1.040,
29480.0,heavy,3103,0,3.578,
29483.3,heavy,3101,1,2.912,
29486.7,heavy,3102,0,0.897,
29490.0,heavy,3103,1,6.532,
29493.3,heavy,3101,0,5.696,
29496.7,heavy,3102,1,1.341,
29500.0,heavy,3103,0,6.879,
29500.0,light-1,3101,1,2.357,
29500.0,light-3,3103,1,3.317,
29500.0,light-2,3102,1,6.316,
29500.0,light-4,3101,1,6.535,
29500.0,light-5,3102,1,7.222,
29503.3,heavy,3103,0,6.399,
29506.7,heavy,3101,0,3.740,
29510.0,heavy,3102,1,1.672,
29513.3,heavy,3103,0,3.073,
29516.7,heavy,3101,0,2.682,
29520.0,heavy,3102,1,1.661,
29523.3,heavy,3103,0,3.940,
29526.7,heavy,3101,1,2.966,
29530.0,heavy,3102,0,1.533,
29533.3,heavy,3103,0,3.281,
29536.7,heavy,3101,0,2.503,
29540.0,heavy,3102,1,1.066,
29543.3,heavy,3103,0,2.733,
29546.7,heavy,3101,0,3.268,
29550.0,heavy,3102,0,0.989,
29553.3,heavy,3103,1,4.675,
29556.7,heavy,3101,0,3.650,
29560.0,heavy,3102,1,1.360,
29563.3,heavy,3103,0,4.471,
29566.7,heavy,3101,0,3.249,
29570.0,heavy,3102,0,0.964,
29573.3,heavy,3103,1,3.054,
29576.7,heavy,3101,0,3.235,
29580.0,heavy,3102,0,0.741,
29583.3,heavy,3103,1,3.915,
29586.7,heavy,3101,0,2.946,
29590.0,heavy,3102,1,1.138,
29593.3,heavy,3103,0,4.403,
29596.7,heavy,3101,0,2.528,
29600.0,heavy,3102,0,1.181,
29600.0,light-5,3101,1,2.686,
29600.0,light-2,3101,1,4.484,
29600.0,light-1,3103,1,4.801,
29600.0,light-3,3102,1,4.823,
29600.0,light-4,3103,1,5.044,
29603.3,heavy,3102,1,1.231,
29606.7,heavy,3103,0,3.561,
29610.0,heavy,3101,0,3.243,
29613.3,heavy,3102,1,0.843,
29616.7,heavy,3103,0,4.836,
29620.0,heavy,3101,0,3.480,
29623.3,heavy,3102,1,1.441,
29626.7,heavy,3103,0,5.239,
29630.0,heavy,3101,0,3.319,
29633.3,heavy,3102,1,1.049,
29636.7,heavy,3103,1,3.998,
29640.0,heavy,3101,0,3.146,
29643.3,heavy,3102,0,0.915,
29646.7,heavy,3103,0,3.669,
29650.0,heavy,3101,0,3.010,
29653.3,heavy,3102,1,1.118,
29656.7,heavy,3103,0,5.519,
29660.0,heavy,3101,0,2.818,
29663.3,heavy,3102,1,1.443,
29666.7,heavy,3103,0,3.379,
29670.0,heavy,3101,0,3.445,
29673.3,heavy,3102,1,0.952,
29676.7,heavy,3103,0,3.931,
29680.0,heavy,3101,0,3.089,
29683.3,heavy,3102,1,1.138,
29686.7,heavy,3103,0,4.754,
29690.0,heavy,3101,0,2.732,
29693.3,heavy,3102,1,0.833,
29696.7,heavy,3103,0,6.449,
29700.0,heavy,3101,0,4.686,
29700.0,light-5,3101,1,3.069,
29700.0,light-2,3101,1,5.367,
29700.0,light-3,3102,1,5.898,
29700.0,light-1,3103,1,6.264,
29700.0,light-4,3103,1,7.086,
29703.3,heavy,3102,1,1.330,
29706.7,heavy,3102,0,1.120,
29710.0,heavy,3103,0,3.927,
29713.3,heavy,3101,1,3.194,
29716.7,heavy,3102,0,0.831,
29720.0,heavy,3103,0,3.936,
29723.3,heavy,3101,1,3.468,
29726.7,heavy,3102,1,1.251,
29730.0,heavy,3103,0,4.953,
29733.3,heavy,3101,0,4.443,
29736.7,heavy,3102,0,1.082,
29740.0,heavy,3103,0,2.933,
29743.3,heavy,3101,0,3.198,
29746.7,heavy,3102,1,1.161,
29750.0,heavy,3103,0,3.522,
29753.3,heavy,3101,1,2.871,
29756.7,heavy,3102,1,1.432,
29760.0,heavy,3103,0,4.085,
29763.3,heavy,3101,0,3.485,
29766.7,heavy,3102,0,1.162,
29770.0,heavy,3103,0,2.437,
29773.3,heavy,3101,0,2.985,
29776.7,heavy,3102,1,1.015,
29780.0,heavy,3103,1,3.263,
29783.3,heavy,3101,0,2.745,
29786.7,heavy,3102,0,1.087,
29790.0,heavy,3103,0,3.080,
29793.3,heavy,3101,0,3.821,
29796.7,heavy,3102,1,1.247,
29800.0,heavy,3103,1,5.251,
29800.0,light-1,3101,1,0.969,
29800.0,light-3,3103,1,2.308,
29800.0,light-4,3101,1,5.619,
29800.0,light-2,3102,1,5.821,
29800.0,light-5,3102,1,6.720,
29803.3,heavy,3103,0,2.799,
29806.7,heavy,3101,0,2.470,
29810.0,heavy,3102,0,0.943,
29813.3,heavy,3103,0,4.810,
29816.7,heavy,3101,1,3.959,
29820.0,heavy,3102,1,1.392,
29823.3,heavy,3103,0,4.688,
29826.7,heavy,3101,0,4.561,
29830.0,heavy,3102,0,0.884,
29833.3,heavy,3103,0,4.097,
29836.7,heavy,3101,1,3.000,
29840.0,heavy,3102,1,1.213,
29843.3,heavy,3103,0,4.223,
29846.7,heavy,3101,0,2.779,
29850.0,heavy,3102,1,1.232,
29853.3,heavy,3103,0,3.266,
29856.7,heavy,3101,0,2.631,
29860.0,heavy,3102,0,1.101,
29863.3,heavy,3103,1,3.251,
29866.7,heavy,3101,0,2.721,
29870.0,heavy,3102,1,1.066,
29873.3,heavy,3103,0,3.924,
29876.7,heavy,3101,0,2.784,
29880.0,heavy,3102,1,1.785,
29883.3,heavy,3103,0,3.220,
29886.7,heavy,3101,0,3.046,
29890.0,heavy,3102,0,1.267,
29893.3,heavy,3103,1,6.366,
29896.7,heavy,3101,0,5.500,
29900.0,heavy,3102,1,2.809,
29900.0,light-1,3101,1,2.894,
29900.0,light-3,3103,1,2.982,
29900.0,light-2,3102,1,6.121,
29900.0,light-4,3101,1,6.152,
29900.0,light-5,3102,1,6.576,
29903.3,heavy,3103,0,6.376,
29906.7,heavy,3103,0,6.246,
29910.0,heavy,3101,0,3.406,
29913.3,heavy,3102,1,0.905,
29916.7,heavy,3103,0,3.268,
29920.0,heavy,3101,0,3.455,
29923.3,heavy,3102,1,0.716,
29926.7,heavy,3103,0,4.208,
29930.0,heavy,3101,0,3.310,
29933.3,heavy,3102,1,1.239,
29936.7,heavy,3103,0,3.396,
29940.0,heavy,3101,0,2.906,
29943.3,heavy,3102,1,1.083,
29946.7,heavy,3103,0,3.096,
29950.0,heavy,3101,1,3.298,
29953.3,heavy,3102,0,0.817,
29956.7,heavy,3103,0,3.609,
29960.0,heavy,3101,0,2.772,
29963.3,heavy,3102,1,1.128,
29966.7,heavy,3103,0,4.305,
29970.0,heavy,3101,0,2.325,
29973.3,heavy,3102,1,1.671,
29976.7,heavy,3103,0,3.474,
29980.0,heavy,3101,0,3.186,
29983.3,heavy,3102,1,1.207,
29986.7,heavy,3103,0,3.429,
29990.0,heavy,3101,0,3.031,
29993.3,heavy,3102,1,1.559,
29996.7,heavy,3103,0,4.874,
30000.0,heavy,3101,0,3.476,
