tMs,key,port,allowed,latencyMs,error
0.0,light-2,3103,1,2.481,
0.0,light-4,3102,1,3.439,
0.0,light-1,3102,1,6.655,
0.0,heavy,3101,1,7.936,
0.0,light-5,3103,1,7.653,
0.0,light-3,3101,1,9.917,
3.3,heavy,3101,1,7.846,
6.7,heavy,3102,1,1.488,
10.0,heavy,3103,1,4.007,
13.3,heavy,3101,1,4.516,
16.7,heavy,3102,1,1.329,
20.0,heavy,3103,1,4.425,
23.3,heavy,3101,1,4.338,
26.7,heavy,3102,1,1.178,
30.0,heavy,3103,1,4.712,
33.3,heavy,3101,1,4.250,
36.7,heavy,3102,1,1.433,
40.0,heavy,3103,1,4.134,
43.3,heavy,3101,1,4.306,
46.7,heavy,3102,1,1.328,
50.0,heavy,3103,1,4.898,
53.3,heavy,3101,1,4.307,
56.7,heavy,3102,1,1.923,
60.0,heavy,3103,1,4.355,
63.3,heavy,3101,1,6.343,
66.7,heavy,3102,1,1.693,
70.0,heavy,3103,1,4.492,
73.3,heavy,3101,1,4.570,
76.7,heavy,3102,1,1.925,
80.0,heavy,3103,1,6.853,
83.3,heavy,3101,1,4.747,
86.7,heavy,3102,1,3.023,
90.0,heavy,3103,1,8.327,
93.3,heavy,3101,1,8.253,
96.7,heavy,3102,1,1.456,
100.0,heavy,3103,1,12.133,
100.0,light-1,3101,1,4.083,
100.0,light-3,3103,1,7.618,
100.0,light-4,3101,1,9.704,
100.0,light-5,3102,1,11.023,
100.0,light-2,3102,1,13.086,
103.3,heavy,3103,1,11.590,
106.7,heavy,3101,1,6.194,
110.0,heavy,3102,1,3.866,
113.3,heavy,3103,1,5.781,
116.7,heavy,3101,1,4.797,
120.0,heavy,3102,1,1.924,
123.3,heavy,3103,1,6.508,
126.7,heavy,3101,1,5.651,
130.0,heavy,3102,1,1.404,
133.3,heavy,3103,1,5.125,
136.7,heavy,3101,1,4.509,
140.0,heavy,3102,1,1.467,
143.3,heavy,3103,1,4.795,
146.7,heavy,3101,1,4.927,
150.0,heavy,3102,1,1.780,
153.3,heavy,3103,1,4.939,
156.7,heavy,3101,1,4.307,
160.0,heavy,3102,1,1.723,
163.3,heavy,3103,1,4.937,
166.7,heavy,3101,1,5.518,
170.0,heavy,3102,1,1.787,
173.3,heavy,3103,1,4.315,
176.7,heavy,3101,1,4.388,
180.0,heavy,3102,1,3.290,
183.3,heavy,3103,1,5.669,
186.7,heavy,3101,1,5.005,
190.0,heavy,3102,1,1.154,
193.3,heavy,3103,1,6.549,
196.7,heavy,3101,1,4.661,
200.0,light-1,3101,1,2.114,
200.0,light-3,3103,1,4.476,
200.0,light-4,3101,1,8.124,
200.0,light-5,3102,1,8.409,
200.0,light-2,3102,1,9.651,
200.0,heavy,3102,1,2.080,
203.3,heavy,3103,1,7.684,
206.7,heavy,3103,1,7.135,
210.0,heavy,3101,1,4.503,
213.3,heavy,3102,1,1.804,
216.7,heavy,3103,1,4.884,
220.0,heavy,3101,1,4.588,
223.3,heavy,3102,1,2.106,
226.7,heavy,3103,1,4.895,
230.0,heavy,3101,1,5.424,
233.3,heavy,3102,1,1.545,
236.7,heavy,3103,1,4.162,
240.0,heavy,3101,1,4.644,
243.3,heavy,3102,1,1.346,
246.7,heavy,3103,1,4.537,
250.0,heavy,3101,1,5.021,
253.3,heavy,3102,1,1.555,
256.7,heavy,3103,1,3.880,
260.0,heavy,3101,1,4.622,
263.3,heavy,3102,1,1.836,
266.7,heavy,3103,1,4.970,
270.0,heavy,3101,1,4.206,
273.3,heavy,3102,1,1.501,
276.7,heavy,3103,1,3.960,
280.0,heavy,3101,1,4.735,
283.3,heavy,3102,1,1.653,
286.7,heavy,3103,1,3.796,
290.0,heavy,3101,1,4.669,
293.3,heavy,3102,1,2.506,
296.7,heavy,3103,1,5.343,
300.0,light-5,3101,1,5.262,
300.0,light-4,3103,1,7.135,
300.0,light-3,3102,1,7.706,
300.0,light-1,3103,1,8.051,
300.0,light-2,3101,1,8.430,
300.0,heavy,3101,1,8.278,
303.3,heavy,3102,1,1.720,
306.7,heavy,3102,1,1.751,
310.0,heavy,3103,1,4.695,
313.3,heavy,3101,1,4.958,
316.7,heavy,3102,1,1.400,
320.0,heavy,3103,1,4.140,
323.3,heavy,3101,1,4.210,
326.7,heavy,3102,1,1.409,
330.0,heavy,3103,1,3.778,
333.3,heavy,3101,1,4.173,
336.7,heavy,3102,1,1.317,
340.0,heavy,3103,1,6.500,
343.3,heavy,3101,1,5.311,
346.7,heavy,3102,1,1.433,
350.0,heavy,3103,1,6.569,
353.3,heavy,3101,1,6.346,
356.7,heavy,3102,1,1.561,
360.0,heavy,3103,1,4.355,
363.3,heavy,3101,1,7.392,
366.7,heavy,3102,1,1.787,
370.0,heavy,3103,1,3.959,
373.3,heavy,3101,1,3.504,
376.7,heavy,3102,1,1.089,
380.0,heavy,3103,1,5.216,
383.3,heavy,3101,1,4.416,
386.7,heavy,3102,1,1.480,
390.0,heavy,3103,1,4.010,
393.3,heavy,3101,1,4.430,
396.7,heavy,3102,1,2.019,
400.0,heavy,3103,1,9.199,
400.0,light-1,3101,1,1.982,
400.0,light-3,3103,1,3.415,
400.0,light-4,3101,1,7.554,
400.0,light-5,3102,1,8.153,
400.0,light-2,3102,1,8.743,
403.3,heavy,3103,1,7.622,
406.7,heavy,3101,1,4.200,
410.0,heavy,3102,1,1.201,
413.3,heavy,3103,1,4.826,
416.7,heavy,3101,1,5.507,
420.0,heavy,3102,1,2.073,
423.3,heavy,3103,1,4.639,
426.7,heavy,3101,1,3.397,
430.0,heavy,3102,1,1.329,
433.3,heavy,3103,1,4.599,
436.7,heavy,3101,1,3.594,
440.0,heavy,3102,1,1.236,
443.3,heavy,3103,1,4.170,
446.7,heavy,3101,1,4.722,
450.0,heavy,3102,1,1.376,
453.3,heavy,3103,1,5.077,
456.7,heavy,3101,1,5.277,
460.0,heavy,3102,1,1.544,
463.3,heavy,3103,1,5.725,
466.7,heavy,3101,1,3.207,
470.0,heavy,3102,1,1.168,
473.3,heavy,3103,1,5.445,
476.7,heavy,3101,1,3.899,
480.0,heavy,3102,1,1.849,
483.3,heavy,3103,1,4.001,
486.7,heavy,3101,1,3.555,
490.0,heavy,3102,1,1.681,
493.3,heavy,3103,1,3.655,
496.7,heavy,3101,0,4.087,
500.0,heavy,3102,0,1.719,
500.0,light-5,3101,1,3.100,
500.0,light-2,3101,1,5.695,
500.0,light-1,3103,1,6.469,
500.0,light-3,3102,1,6.573,
500.0,light-4,3103,1,6.780,
503.3,heavy,3102,1,2.085,
506.7,heavy,3103,0,3.974,
510.0,heavy,3101,1,3.710,
513.3,heavy,3102,0,1.560,
516.7,heavy,3103,0,4.149,
520.0,heavy,3101,1,3.848,
523.3,heavy,3102,0,1.255,
526.7,heavy,3103,0,5.761,
530.0,heavy,3101,0,4.612,
533.3,heavy,3102,1,1.448,
536.7,heavy,3103,1,5.803,
540.0,heavy,3101,0,5.578,
543.3,heavy,3102,0,1.468,
546.7,heavy,3103,0,3.288,
550.0,heavy,3101,0,4.114,
553.3,heavy,3102,1,1.180,
556.7,heavy,3103,1,4.906,
560.0,heavy,3101,0,7.090,
563.3,heavy,3102,1,1.692,
566.7,heavy,3103,0,6.188,
570.0,heavy,3101,0,8.298,
573.3,heavy,3102,0,1.858,
576.7,heavy,3103,0,3.928,
580.0,heavy,3101,0,4.396,
583.3,heavy,3102,1,1.581,
586.7,heavy,3103,0,3.624,
590.0,heavy,3101,0,3.165,
593.3,heavy,3102,1,1.134,
596.7,heavy,3103,0,7.807,
600.0,heavy,3101,0,7.044,
600.0,light-5,3101,1,4.144,
600.0,light-3,3102,1,7.487,
600.0,light-2,3101,1,7.720,
600.0,light-1,3103,1,8.244,
600.0,light-4,3103,1,9.624,
603.3,heavy,3102,1,1.665,
606.7,heavy,3102,0,1.560,
610.0,heavy,3103,1,6.391,
613.3,heavy,3101,0,3.891,
616.7,heavy,3102,0,1.644,
620.0,heavy,3103,0,9.251,
623.3,heavy,3101,1,5.495,
626.7,heavy,3102,1,1.653,
630.0,heavy,3103,0,11.160,
633.3,heavy,3101,0,6.558,
636.7,heavy,3102,0,1.800,
640.0,heavy,3103,0,7.553,
643.3,heavy,3101,1,3.921,
646.7,heavy,3102,0,1.225,
650.0,heavy,3103,1,6.600,
653.3,heavy,3101,0,5.094,
656.7,heavy,3102,1,1.544,
660.0,heavy,3103,0,6.928,
663.3,heavy,3101,0,6.697,
666.7,heavy,3102,0,2.070,
670.0,heavy,3103,0,3.634,
673.3,heavy,3101,1,3.761,
676.7,heavy,3102,0,1.182,
680.0,heavy,3103,0,7.370,
683.3,heavy,3101,1,5.092,
686.7,heavy,3102,1,1.534,
690.0,heavy,3103,0,8.150,
693.3,heavy,3101,0,7.197,
696.7,heavy,3102,0,2.898,
700.0,light-1,3101,1,2.434,
700.0,light-3,3103,1,5.562,
700.0,light-4,3101,1,7.303,
700.0,light-2,3102,1,8.102,
700.0,light-5,3102,1,8.601,
700.0,heavy,3103,1,8.957,
703.3,heavy,3103,0,5.427,
706.7,heavy,3101,0,3.821,
710.0,heavy,3102,0,1.062,
713.3,heavy,3103,1,5.925,
716.7,heavy,3101,0,4.957,
720.0,heavy,3102,1,1.688,
723.3,heavy,3103,0,6.307,
726.7,heavy,3101,0,4.749,
730.0,heavy,3102,0,1.115,
733.3,heavy,3103,0,3.935,
736.7,heavy,3101,0,4.325,
740.0,heavy,3102,1,1.605,
743.3,heavy,3103,1,4.574,
746.7,heavy,3101,0,3.820,
750.0,heavy,3102,1,1.561,
753.3,heavy,3103,0,4.434,
756.7,heavy,3101,0,3.294,
760.0,heavy,3102,0,1.144,
763.3,heavy,3103,0,6.514,
766.7,heavy,3101,1,4.711,
770.0,heavy,3102,1,2.369,
773.3,heavy,3103,0,5.191,
776.7,heavy,3101,0,3.692,
780.0,heavy,3102,0,1.197,
783.3,heavy,3103,0,5.048,
786.7,heavy,3101,1,3.889,
790.0,heavy,3102,0,1.276,
793.3,heavy,3103,0,10.120,
796.7,heavy,3101,1,9.030,
800.0,light-1,3101,1,3.427,
800.0,light-3,3103,1,5.029,
800.0,light-5,3102,1,9.679,
800.0,light-2,3102,1,10.674,
800.0,light-4,3101,1,10.783,
800.0,heavy,3102,1,2.483,
803.3,heavy,3103,0,10.587,
806.7,heavy,3103,1,8.400,
810.0,heavy,3101,0,5.537,
813.3,heavy,3102,0,1.561,
816.7,heavy,3103,0,3.874,
820.0,heavy,3101,1,3.892,
823.3,heavy,3102,0,1.185,
826.7,heavy,3103,0,3.565,
830.0,heavy,3101,0,4.268,
833.3,heavy,3102,1,1.474,
836.7,heavy,3103,0,3.502,
840.0,heavy,3101,0,3.797,
843.3,heavy,3102,1,0.962,
846.7,heavy,3103,0,5.220,
850.0,heavy,3101,0,4.044,
853.3,heavy,3102,1,1.242,
856.7,heavy,3103,0,10.725,
860.0,heavy,3101,0,7.063,
863.3,heavy,3102,1,2.202,
866.7,heavy,3103,1,9.298,
870.0,heavy,3101,0,3.933,
873.3,heavy,3102,0,1.292,
876.7,heavy,3103,0,3.711,
880.0,heavy,3101,0,4.171,
883.3,heavy,3102,1,1.088,
886.7,heavy,3103,0,5.472,
890.0,heavy,3101,0,3.969,
893.3,heavy,3102,1,1.453,
896.7,heavy,3103,0,5.859,
900.0,light-2,3103,1,3.269,
900.0,light-4,3102,1,3.611,
900.0,light-1,3102,1,5.265,
900.0,light-5,3103,1,8.144,
900.0,light-3,3101,1,8.453,
900.0,heavy,3101,1,6.796,
903.3,heavy,3101,0,7.337,
906.7,heavy,3102,0,1.074,
910.0,heavy,3103,0,3.662,
913.3,heavy,3101,1,3.756,
916.7,heavy,3102,0,1.246,
920.0,heavy,3103,0,4.184,
923.3,heavy,3101,0,4.488,
926.7,heavy,3102,1,1.303,
930.0,heavy,3103,1,3.821,
933.3,heavy,3101,0,3.639,
936.7,heavy,3102,0,1.099,
940.0,heavy,3103,0,3.185,
943.3,heavy,3101,1,3.381,
946.7,heavy,3102,0,1.135,
950.0,heavy,3103,0,4.762,
953.3,heavy,3101,0,4.206,
956.7,heavy,3102,1,1.408,
960.0,heavy,3103,0,4.189,
963.3,heavy,3101,1,3.184,
966.7,heavy,3102,0,1.270,
970.0,heavy,3103,1,4.237,
973.3,heavy,3101,0,4.326,
976.7,heavy,3102,0,1.043,
980.0,heavy,3103,0,4.751,
983.3,heavy,3101,0,3.351,
986.7,heavy,3102,1,1.223,
990.0,heavy,3103,0,5.077,
993.3,heavy,3101,1,2.883,
996.7,heavy,3102,0,1.199,
1000.0,light-4,3102,1,2.990,
1000.0,light-2,3103,1,3.594,
1000.0,light-1,3102,1,6.535,
1000.0,light-3,3101,1,8.822,
1000.0,light-5,3103,1,9.328,
1000.0,heavy,3103,1,6.000,
1003.3,heavy,3101,0,6.422,
1006.7,heavy,3101,0,6.548,
1010.0,heavy,3102,0,1.028,
1013.3,heavy,3103,1,4.179,
1016.7,heavy,3101,0,3.860,
1020.0,heavy,3102,0,1.197,
1023.3,heavy,3103,1,5.141,
1026.7,heavy,3101,0,4.105,
1030.0,heavy,3102,1,1.364,
1033.3,heavy,3103,0,5.788,
1036.7,heavy,3101,0,3.758,
1040.0,heavy,3102,0,1.235,
1043.3,heavy,3103,1,4.724,
1046.7,heavy,3101,0,3.905,
1050.0,heavy,3102,1,1.339,
1053.3,heavy,3103,0,5.255,
1056.7,heavy,3101,0,3.886,
1060.0,heavy,3102,0,1.181,
1063.3,heavy,3103,1,4.356,
1066.7,heavy,3101,0,3.850,
1070.0,heavy,3102,0,1.505,
1073.3,heavy,3103,1,3.776,
1076.7,heavy,3101,0,3.289,
1080.0,heavy,3102,0,1.198,
1083.3,heavy,3103,1,5.185,
1086.7,heavy,3101,0,4.850,
1090.0,heavy,3102,1,1.529,
1093.3,heavy,3103,0,6.606,
1096.7,heavy,3101,0,6.312,
1100.0,light-5,3101,1,2.667,
1100.0,light-2,3101,1,5.249,
1100.0,light-3,3102,1,6.015,
1100.0,light-1,3103,1,6.466,
1100.0,light-4,3103,1,7.142,
1100.0,heavy,3102,0,2.446,
1103.3,heavy,3102,1,1.487,
1106.7,heavy,3103,0,5.218,
1110.0,heavy,3101,0,3.814,
1113.3,heavy,3102,1,1.166,
1116.7,heavy,3103,0,5.152,
1120.0,heavy,3101,0,5.434,
1123.3,heavy,3102,1,1.372,
1126.7,heavy,3103,0,6.135,
1130.0,heavy,3101,0,5.996,
1133.3,heavy,3102,1,1.177,
1136.7,heavy,3103,0,8.396,
1140.0,heavy,3101,0,4.674,
1143.3,heavy,3102,1,1.466,
1146.7,heavy,3103,0,7.896,
1150.0,heavy,3101,0,3.976,
1153.3,heavy,3102,1,1.247,
1156.7,heavy,3103,0,4.772,
1160.0,heavy,3101,0,3.975,
1163.3,heavy,3102,1,1.069,
1166.7,heavy,3103,1,4.773,
1170.0,heavy,3101,0,4.985,
1173.3,heavy,3102,0,4.165,
1176.7,heavy,3103,0,5.276,
1180.0,heavy,3101,0,4.523,
1183.3,heavy,3102,1,1.638,
1186.7,heavy,3103,0,3.910,
1190.0,heavy,3101,0,4.240,
1193.3,heavy,3102,1,0.980,
1196.7,heavy,3103,0,8.373,
1200.0,light-1,3101,1,2.667,
1200.0,light-3,3103,1,4.772,
1200.0,light-5,3102,1,7.530,
1200.0,light-4,3101,1,8.160,
1200.0,light-2,3102,1,9.258,
1200.0,heavy,3101,0,7.267,
1203.3,heavy,3102,1,1.940,
1206.7,heavy,3103,0,9.074,
1210.0,heavy,3103,1,7.630,
1213.3,heavy,3101,0,5.339,
1216.7,heavy,3102,0,1.383,
1220.0,heavy,3103,1,3.747,
1223.3,heavy,3101,0,3.655,
1226.7,heavy,3102,0,1.257,
1230.0,heavy,3103,0,4.059,
1233.3,heavy,3101,1,3.795,
1236.7,heavy,3102,0,1.229,
1240.0,heavy,3103,0,5.907,
1243.3,heavy,3101,1,5.120,
1246.7,heavy,3102,1,2.120,
1250.0,heavy,3103,0,6.521,
1253.3,heavy,3101,0,6.209,
1256.7,heavy,3102,0,1.692,
1260.0,heavy,3103,0,4.575,
1263.3,heavy,3101,1,4.043,
1266.7,heavy,3102,0,1.395,
1270.0,heavy,3103,0,4.558,
1273.3,heavy,3101,1,4.371,
1276.7,heavy,3102,0,1.457,
1280.0,heavy,3103,0,5.166,
1283.3,heavy,3101,1,3.978,
1286.7,heavy,3102,0,1.446,
1290.0,heavy,3103,0,3.267,
1293.3,heavy,3101,1,3.869,
1296.7,heavy,3102,0,1.526,
1300.0,heavy,3103,1,5.043,
1300.0,light-2,3103,1,5.073,
1300.0,light-4,3102,1,5.301,
1300.0,light-1,3102,1,9.474,
1300.0,light-5,3103,1,10.074,
1300.0,light-3,3101,1,10.750,
1303.3,heavy,3101,0,6.325,
1306.7,heavy,3102,1,3.767,
1310.0,heavy,3103,0,8.158,
1313.3,heavy,3101,0,10.135,
1316.7,heavy,3101,0,8.523,
1320.0,heavy,3102,0,2.444,
1323.3,heavy,3103,1,3.164,
1326.7,heavy,3101,0,6.823,
1330.0,heavy,3102,0,1.360,
1333.3,heavy,3103,1,3.674,
1336.7,heavy,3101,0,3.406,
1340.0,heavy,3102,0,1.224,
1343.3,heavy,3103,1,4.061,
1346.7,heavy,3101,0,3.936,
1350.0,heavy,3102,0,1.287,
1353.3,heavy,3103,0,5.195,
1356.7,heavy,3101,1,3.611,
1360.0,heavy,3102,1,1.531,
1363.3,heavy,3103,0,5.165,
1366.7,heavy,3101,0,3.995,
1370.0,heavy,3102,0,1.702,
1373.3,heavy,3103,0,4.614,
1376.7,heavy,3101,1,3.767,
1380.0,heavy,3102,0,0.971,
1383.3,heavy,3103,1,4.756,
1386.7,heavy,3101,0,3.880,
1390.0,heavy,3102,1,1.386,
1393.3,heavy,3103,0,5.269,
1396.7,heavy,3101,0,3.536,
1400.0,heavy,3102,0,1.359,
1400.0,light-5,3101,1,2.880,
1400.0,light-2,3101,1,4.826,
1400.0,light-1,3103,1,5.457,
1400.0,light-3,3102,1,5.587,
1400.0,light-4,3103,1,6.469,
1403.3,heavy,3102,1,1.525,
1406.7,heavy,3103,0,3.487,
1410.0,heavy,3101,0,3.565,
1413.3,heavy,3102,1,1.019,
1416.7,heavy,3103,0,3.710,
1420.0,heavy,3101,0,3.866,
1423.3,heavy,3102,1,1.390,
1426.7,heavy,3103,0,3.454,
1430.0,heavy,3101,1,4.292,
1433.3,heavy,3102,0,1.082,
1436.7,heavy,3103,0,3.472,
1440.0,heavy,3101,0,3.275,
1443.3,heavy,3102,1,1.138,
1446.7,heavy,3103,0,4.780,
1450.0,heavy,3101,0,3.980,
1453.3,heavy,3102,1,1.416,
1456.7,heavy,3103,0,4.066,
1460.0,heavy,3101,0,3.630,
1463.3,heavy,3102,1,0.950,
1466.7,heavy,3103,0,3.579,
1470.0,heavy,3101,0,3.818,
1473.3,heavy,3102,1,1.125,
1476.7,heavy,3103,0,4.425,
1480.0,heavy,3101,0,3.650,
1483.3,heavy,3102,1,1.225,
1486.7,heavy,3103,0,4.154,
1490.0,heavy,3101,0,3.973,
1493.3,heavy,3102,1,1.043,
1496.7,heavy,3103,0,5.143,
1500.0,heavy,3101,0,4.314,
1500.0,light-2,3103,1,2.303,
1500.0,light-4,3102,1,2.762,
1500.0,light-1,3102,1,4.450,
1500.0,light-5,3103,1,6.874,
1500.0,light-3,3101,1,7.567,
1503.3,heavy,3101,1,5.561,
1506.7,heavy,3102,0,1.013,
1510.0,heavy,3103,0,4.553,
1513.3,heavy,3101,0,3.790,
1516.7,heavy,3102,1,1.402,
1520.0,heavy,3103,0,3.330,
1523.3,heavy,3101,1,3.952,
1526.7,heavy,3102,0,0.904,
1530.0,heavy,3103,1,3.730,
1533.3,heavy,3101,0,3.581,
1536.7,heavy,3102,0,1.255,
1540.0,heavy,3103,0,2.982,
1543.3,heavy,3101,0,3.837,
1546.7,heavy,3102,1,1.406,
1550.0,heavy,3103,1,3.624,
1553.3,heavy,3101,0,3.928,
1556.7,heavy,3102,0,1.196,
1560.0,heavy,3103,0,4.095,
1563.3,heavy,3101,1,4.075,
1566.7,heavy,3102,0,1.198,
1570.0,heavy,3103,0,4.965,
1573.3,heavy,3101,0,4.029,
1576.7,heavy,3102,1,1.519,
1580.0,heavy,3103,0,5.187,
1583.3,heavy,3101,1,3.968,
1586.7,heavy,3102,0,1.203,
1590.0,heavy,3103,1,3.461,
1593.3,heavy,3101,0,3.656,
1596.7,heavy,3102,0,0.886,
1600.0,heavy,3103,1,7.567,
1600.0,light-1,3101,1,2.641,
1600.0,light-3,3103,1,3.601,
1600.0,light-2,3102,1,7.270,
1600.0,light-4,3101,1,7.567,
1600.0,light-5,3102,1,8.069,
1603.3,heavy,3101,0,6.760,
1606.7,heavy,3102,1,1.847,
1610.0,heavy,3103,0,7.584,
1613.3,heavy,3103,0,6.121,
1616.7,heavy,3101,0,3.773,
1620.0,heavy,3102,0,1.093,
1623.3,heavy,3103,1,3.593,
1626.7,heavy,3101,0,3.525,
1630.0,heavy,3102,0,1.256,
1633.3,heavy,3103,1,3.104,
1636.7,heavy,3101,0,3.558,
1640.0,heavy,3102,0,0.985,
1643.3,heavy,3103,0,5.385,
1646.7,heavy,3101,1,5.672,
1650.0,heavy,3102,1,1.357,
1653.3,heavy,3103,0,6.199,
1656.7,heavy,3101,0,5.273,
1660.0,heavy,3102,0,0.965,
1663.3,heavy,3103,1,4.406,
1666.7,heavy,3101,0,3.862,
1670.0,heavy,3102,1,1.248,
1673.3,heavy,3103,0,4.025,
1676.7,heavy,3101,0,3.078,
1680.0,heavy,3102,0,1.175,
1683.3,heavy,3103,1,3.776,
1686.7,heavy,3101,0,4.561,
1690.0,heavy,3102,0,1.255,
1693.3,heavy,3103,0,6.524,
1696.7,heavy,3101,1,5.877,
1700.0,heavy,3102,1,1.406,
1700.0,light-1,3101,1,2.638,
1700.0,light-3,3103,1,4.066,
1700.0,light-5,3102,1,6.484,
1700.0,light-4,3101,1,6.681,
1700.0,light-2,3102,1,7.037,
1703.3,heavy,3103,0,8.934,
1706.7,heavy,3103,0,5.754,
1710.0,heavy,3101,0,4.466,
1713.3,heavy,3102,1,1.045,
1716.7,heavy,3103,0,3.472,
1720.0,heavy,3101,1,3.339,
1723.3,heavy,3102,0,1.053,
1726.7,heavy,3103,0,3.093,
1730.0,heavy,3101,0,2.807,
1733.3,heavy,3102,1,1.354,
1736.7,heavy,3103,0,5.348,
1740.0,heavy,3101,0,4.467,
1743.3,heavy,3102,1,1.364,
1746.7,heavy,3103,0,5.814,
1750.0,heavy,3101,0,4.317,
1753.3,heavy,3102,1,1.101,
1756.7,heavy,3103,0,5.335,
1760.0,heavy,3101,0,4.046,
1763.3,heavy,3102,1,1.666,
1766.7,heavy,3103,0,4.186,
1770.0,heavy,3101,0,4.026,
1773.3,heavy,3102,1,1.242,
1776.7,heavy,3103,0,3.704,
1780.0,heavy,3101,0,4.376,
1783.3,heavy,3102,1,1.097,
1786.7,heavy,3103,0,6.229,
1790.0,heavy,3101,0,3.432,
1793.3,heavy,3102,1,1.446,
1796.7,heavy,3103,0,8.358,
1800.0,heavy,3101,1,5.897,
1800.0,light-4,3102,1,3.197,
1800.0,light-2,3103,1,5.140,
1800.0,light-1,3102,1,7.788,
1800.0,light-3,3101,1,13.939,
1800.0,light-5,3103,1,14.066,
1803.3,heavy,3101,0,11.729,
1806.7,heavy,3102,0,1.437,
1810.0,heavy,3103,0,4.115,
1813.3,heavy,3101,1,6.699,
1816.7,heavy,3102,0,1.736,
1820.0,heavy,3103,0,3.057,
1823.3,heavy,3101,1,3.839,
1826.7,heavy,3102,0,1.367,
1830.0,heavy,3103,1,12.238,
1833.3,heavy,3101,0,7.126,
1836.7,heavy,3102,1,2.703,
1840.0,heavy,3103,0,12.608,
1843.3,heavy,3101,0,6.186,
1846.7,heavy,3102,0,1.545,
1850.0,heavy,3103,0,9.560,
1853.3,heavy,3101,1,3.750,
1856.7,heavy,3102,0,0.946,
1860.0,heavy,3103,0,3.580,
1863.3,heavy,3101,1,3.181,
1866.7,heavy,3102,0,1.189,
1870.0,heavy,3103,1,4.676,
1873.3,heavy,3101,0,4.990,
1876.7,heavy,3102,0,1.382,
1880.0,heavy,3103,0,4.482,
1883.3,heavy,3101,1,5.036,
1886.7,heavy,3102,0,1.426,
1890.0,heavy,3103,0,4.370,
1893.3,heavy,3101,1,4.593,
1896.7,heavy,3102,0,2.036,
1900.0,heavy,3103,1,7.408,
1900.0,light-1,3101,1,1.850,
1900.0,light-3,3103,1,3.128,
1900.0,light-4,3101,1,6.683,
1900.0,light-2,3102,1,7.499,
1900.0,light-5,3102,1,11.376,
1903.3,heavy,3103,0,8.855,
1906.7,heavy,3101,0,6.015,
1910.0,heavy,3102,0,0.888,
1913.3,heavy,3103,1,4.112,
1916.7,heavy,3101,0,3.673,
1920.0,heavy,3102,0,1.654,
1923.3,heavy,3103,1,3.475,
1926.7,heavy,3101,0,3.239,
1930.0,heavy,3102,0,1.171,
1933.3,heavy,3103,0,4.381,
1936.7,heavy,3101,1,3.146,
1940.0,heavy,3102,0,0.982,
1943.3,heavy,3103,0,5.151,
1946.7,heavy,3101,1,4.271,
1950.0,heavy,3102,1,1.224,
1953.3,heavy,3103,0,4.619,
1956.7,heavy,3101,0,3.558,
1960.0,heavy,3102,0,1.118,
1963.3,heavy,3103,1,4.000,
1966.7,heavy,3101,0,4.051,
1970.0,heavy,3102,0,0.961,
1973.3,heavy,3103,1,4.515,
1976.7,heavy,3101,0,4.913,
1980.0,heavy,3102,1,1.876,
1983.3,heavy,3103,0,5.421,
1986.7,heavy,3101,0,3.654,
1990.0,heavy,3102,0,0.955,
1993.3,heavy,3103,1,4.070,
1996.7,heavy,3101,0,5.032,
2000.0,heavy,3102,0,1.364,
2000.0,light-5,3101,1,2.663,
2000.0,light-2,3101,1,4.588,
2000.0,light-1,3103,1,5.209,
2000.0,light-3,3102,1,5.267,
2000.0,light-4,3103,1,5.390,
2003.3,heavy,3102,1,1.905,
2006.7,heavy,3103,0,3.836,
2010.0,heavy,3101,0,3.765,
2013.3,heavy,3102,1,1.075,
2016.7,heavy,3103,0,5.820,
2020.0,heavy,3101,0,5.335,
2023.3,heavy,3102,1,1.476,
2026.7,heavy,3103,0,6.265,
2030.0,heavy,3101,1,6.064,
2033.3,heavy,3102,0,1.330,
2036.7,heavy,3103,0,3.304,
2040.0,heavy,3101,0,3.985,
2043.3,heavy,3102,1,0.804,
2046.7,heavy,3103,1,5.058,
2050.0,heavy,3101,0,5.046,
2053.3,heavy,3102,1,1.303,
2056.7,heavy,3103,0,5.859,
2060.0,heavy,3101,0,5.604,
2063.3,heavy,3102,0,1.068,
2066.7,heavy,3103,0,3.139,
2070.0,heavy,3101,0,3.507,
2073.3,heavy,3102,1,0.939,
2076.7,heavy,3103,0,3.896,
2080.0,heavy,3101,0,3.166,
2083.3,heavy,3102,1,0.998,
2086.7,heavy,3103,1,3.703,
2090.0,heavy,3101,0,5.078,
2093.3,heavy,3102,0,1.145,
2096.7,heavy,3103,0,3.256,
2100.0,heavy,3101,0,6.248,
2100.0,light-2,3103,1,1.521,
2100.0,light-4,3102,1,2.437,
2100.0,light-1,3102,1,5.114,
2100.0,light-5,3103,1,5.711,
2100.0,light-3,3101,1,6.185,
2103.3,heavy,3101,1,4.169,
2106.7,heavy,3102,0,1.107,
2110.0,heavy,3103,0,4.895,
2113.3,heavy,3101,1,4.821,
2116.7,heavy,3102,1,1.813,
2120.0,heavy,3103,0,6.960,
2123.3,heavy,3101,0,6.181,
2126.7,heavy,3102,0,1.903,
2130.0,heavy,3103,0,4.326,
2133.3,heavy,3101,1,4.725,
2136.7,heavy,3102,0,1.443,
2140.0,heavy,3103,0,4.383,
2143.3,heavy,3101,1,4.669,
2146.7,heavy,3102,0,1.346,
2150.0,heavy,3103,0,4.124,
2153.3,heavy,3101,1,4.768,
2156.7,heavy,3102,0,1.384,
2160.0,heavy,3103,0,4.721,
2163.3,heavy,3101,1,4.751,
2166.7,heavy,3102,0,1.495,
2170.0,heavy,3103,0,4.106,
2173.3,heavy,3101,1,4.288,
2176.7,heavy,3102,0,1.393,
2180.0,heavy,3103,1,6.691,
2183.3,heavy,3101,0,4.559,
2186.7,heavy,3102,0,1.126,
2190.0,heavy,3103,1,5.962,
2193.3,heavy,3101,0,3.710,
2196.7,heavy,3102,0,1.947,
2200.0,heavy,3103,1,7.133,
2200.0,light-1,3101,1,1.449,
2200.0,light-3,3103,1,3.432,
2200.0,light-2,3102,1,6.016,
2200.0,light-4,3101,1,6.578,
2200.0,light-5,3102,1,7.033,
2203.3,heavy,3103,0,6.898,
2206.7,heavy,3101,0,5.030,
2210.0,heavy,3102,0,1.284,
2213.3,heavy,3103,1,5.056,
2216.7,heavy,3101,0,4.317,
2220.0,heavy,3102,0,1.284,
2223.3,heavy,3103,1,3.856,
2226.7,heavy,3101,0,3.521,
2230.0,heavy,3102,0,1.057,
2233.3,heavy,3103,1,4.254,
2236.7,heavy,3101,0,4.693,
2240.0,heavy,3102,1,1.720,
2243.3,heavy,3103,0,5.123,
2246.7,heavy,3101,0,3.953,
2250.0,heavy,3102,0,1.294,
2253.3,heavy,3103,0,3.344,
2256.7,heavy,3101,0,3.613,
2260.0,heavy,3102,1,1.166,
2263.3,heavy,3103,1,4.048,
2266.7,heavy,3101,0,3.256,
2270.0,heavy,3102,0,1.172,
2273.3,heavy,3103,1,3.617,
2276.7,heavy,3101,0,3.303,
2280.0,heavy,3102,1,1.524,
2283.3,heavy,3103,1,4.730,
2286.7,heavy,3101,0,3.805,
2290.0,heavy,3102,0,1.682,
2293.3,heavy,3103,0,4.901,
2296.7,heavy,3101,0,3.797,
2300.0,heavy,3102,0,1.462,
2300.0,light-5,3101,1,2.636,
2300.0,light-2,3101,1,5.299,
2300.0,light-3,3102,1,5.832,
2300.0,light-1,3103,1,6.100,
2300.0,light-4,3103,1,6.328,
2303.3,heavy,3102,1,1.178,
2306.7,heavy,3103,0,3.862,
2310.0,heavy,3101,0,3.644,
2313.3,heavy,3102,1,1.106,
2316.7,heavy,3103,0,4.042,
2320.0,heavy,3101,0,4.446,
2323.3,heavy,3102,1,1.551,
2326.7,heavy,3103,1,9.548,
2330.0,heavy,3101,1,15.321,
2333.3,heavy,3102,0,1.851,
2336.7,heavy,3103,0,4.997,
2340.0,heavy,3101,0,11.415,
2343.3,heavy,3102,0,1.809,
2346.7,heavy,3103,0,6.310,
2350.0,heavy,3101,0,5.175,
2353.3,heavy,3102,1,2.214,
2356.7,heavy,3103,0,4.563,
2360.0,heavy,3101,1,4.158,
2363.3,heavy,3102,0,1.621,
2366.7,heavy,3103,0,4.923,
2370.0,heavy,3101,0,5.208,
2373.3,heavy,3102,1,1.474,
2376.7,heavy,3103,0,3.490,
2380.0,heavy,3101,0,4.519,
2383.3,heavy,3102,1,1.679,
2386.7,heavy,3103,0,4.466,
2390.0,heavy,3101,1,4.483,
2393.3,heavy,3102,0,1.228,
2396.7,heavy,3103,0,3.466,
2400.0,heavy,3101,0,5.421,
2400.0,light-2,3103,1,1.175,
2400.0,light-4,3102,1,2.311,
2400.0,light-1,3102,1,4.744,
2400.0,light-5,3103,1,4.858,
2400.0,light-3,3101,1,6.845,
2403.3,heavy,3101,1,5.596,
2406.7,heavy,3102,0,1.313,
2410.0,heavy,3103,0,3.565,
2413.3,heavy,3101,0,3.720,
2416.7,heavy,3102,1,1.351,
2420.0,heavy,3103,0,3.704,
2423.3,heavy,3101,1,3.453,
2426.7,heavy,3102,0,1.180,
2430.0,heavy,3103,1,4.294,
2433.3,heavy,3101,0,4.078,
2436.7,heavy,3102,0,1.194,
2440.0,heavy,3103,0,3.941,
2443.3,heavy,3101,0,3.170,
2446.7,heavy,3102,1,1.296,
2450.0,heavy,3103,0,4.187,
2453.3,heavy,3101,1,3.426,
2456.7,heavy,3102,0,1.191,
2460.0,heavy,3103,1,3.716,
2463.3,heavy,3101,0,3.931,
2466.7,heavy,3102,0,0.800,
2470.0,heavy,3103,0,5.294,
2473.3,heavy,3101,0,3.602,
2476.7,heavy,3102,1,1.323,
2480.0,heavy,3103,0,5.120,
2483.3,heavy,3101,1,3.684,
2486.7,heavy,3102,0,1.496,
2490.0,heavy,3103,0,4.089,
2493.3,heavy,3101,1,3.193,
2496.7,heavy,3102,0,1.043,
2500.0,light-1,3101,1,2.444,
2500.0,light-3,3103,1,3.472,
2500.0,light-2,3102,1,6.815,
2500.0,light-4,3101,1,7.264,
2500.0,light-5,3102,1,7.719,
2500.0,heavy,3103,1,6.907,
2503.3,heavy,3101,0,5.903,
2506.7,heavy,3102,1,1.542,
2510.0,heavy,3103,0,7.279,
2513.3,heavy,3103,0,7.131,
2516.7,heavy,3101,0,4.689,
2520.0,heavy,3102,0,0.944,
2523.3,heavy,3103,1,3.516,
2526.7,heavy,3101,0,3.777,
2530.0,heavy,3102,1,1.419,
2533.3,heavy,3103,0,3.281,
2536.7,heavy,3101,0,3.400,
2540.0,heavy,3102,0,1.120,
2543.3,heavy,3103,0,4.583,
2546.7,heavy,3101,1,4.923,
2550.0,heavy,3102,1,1.352,
2553.3,heavy,3103,0,5.460,
2556.7,heavy,3101,0,5.076,
2560.0,heavy,3102,0,1.023,
2563.3,heavy,3103,1,3.661,
2566.7,heavy,3101,0,3.873,
2570.0,heavy,3102,1,1.401,
2573.3,heavy,3103,0,3.189,
2576.7,heavy,3101,0,3.910,
2580.0,heavy,3102,0,1.609,
2583.3,heavy,3103,1,3.714,
2586.7,heavy,3101,0,4.038,
2590.0,heavy,3102,0,1.300,
2593.3,heavy,3103,1,4.272,
2596.7,heavy,3101,0,3.982,
2600.0,light-5,3101,1,2.511,
2600.0,light-2,3101,1,4.943,
2600.0,light-1,3103,1,5.521,
2600.0,light-3,3102,1,5.577,
2600.0,light-4,3103,1,5.877,
2600.0,heavy,3102,0,1.515,
2603.3,heavy,3102,1,1.193,
2606.7,heavy,3103,0,4.126,
2610.0,heavy,3101,1,3.283,
2613.3,heavy,3102,0,1.153,
2616.7,heavy,3103,0,3.349,
2620.0,heavy,3101,1,3.350,
2623.3,heavy,3102,0,1.222,
2626.7,heavy,3103,0,3.976,
2630.0,heavy,3101,1,3.471,
2633.3,heavy,3102,0,0.928,
2636.7,heavy,3103,0,5.654,
2640.0,heavy,3101,1,4.725,
2643.3,heavy,3102,1,1.841,
2646.7,heavy,3103,0,5.725,
2650.0,heavy,3101,0,5.447,
2653.3,heavy,3102,0,1.371,
2656.7,heavy,3103,0,3.668,
2660.0,heavy,3101,1,3.907,
2663.3,heavy,3102,0,1.104,
2666.7,heavy,3103,1,5.141,
2670.0,heavy,3101,0,5.513,
2673.3,heavy,3102,1,1.657,
2676.7,heavy,3103,0,5.653,
2680.0,heavy,3101,0,5.485,
2683.3,heavy,3102,0,1.757,
2686.7,heavy,3103,0,3.481,
2690.0,heavy,3101,1,3.366,
2693.3,heavy,3102,0,1.118,
2696.7,heavy,3103,0,4.654,
2700.0,light-2,3103,1,1.287,
2700.0,light-4,3102,1,2.756,
2700.0,light-1,3102,1,6.716,
2700.0,light-5,3103,1,7.135,
2700.0,light-3,3101,1,8.459,
2700.0,heavy,3101,1,7.650,
2703.3,heavy,3101,0,7.959,
2706.7,heavy,3102,0,0.945,
2710.0,heavy,3103,1,3.441,
2713.3,heavy,3101,0,3.428,
2716.7,heavy,3102,0,1.368,
2720.0,heavy,3103,0,5.588,
2723.3,heavy,3101,0,3.674,
2726.7,heavy,3102,1,2.057,
2730.0,heavy,3103,1,4.450,
2733.3,heavy,3101,0,3.507,
2736.7,heavy,3102,0,1.115,
2740.0,heavy,3103,1,4.009,
2743.3,heavy,3101,0,4.396,
2746.7,heavy,3102,0,0.981,
2750.0,heavy,3103,0,5.667,
2753.3,heavy,3101,1,4.132,
2756.7,heavy,3102,1,1.692,
2760.0,heavy,3103,0,6.239,
2763.3,heavy,3101,0,3.621,
2766.7,heavy,3102,0,1.167,
2770.0,heavy,3103,1,3.060,
2773.3,heavy,3101,0,3.366,
2776.7,heavy,3102,0,0.931,
2780.0,heavy,3103,0,4.634,
2783.3,heavy,3101,1,3.603,
2786.7,heavy,3102,1,1.244,
2790.0,heavy,3103,0,5.427,
2793.3,heavy,3101,0,3.299,
2796.7,heavy,3102,0,0.951,
2800.0,light-5,3101,1,3.643,
2800.0,light-3,3102,1,6.105,
2800.0,light-2,3101,1,6.685,
2800.0,light-4,3103,1,7.291,
2800.0,light-1,3103,1,8.332,
2800.0,heavy,3103,0,7.236,
2803.3,heavy,3101,0,4.946,
2806.7,heavy,3102,1,1.624,
2810.0,heavy,3102,0,1.168,
2813.3,heavy,3103,1,5.420,
2816.7,heavy,3101,0,3.861,
2820.0,heavy,3102,1,1.284,
2823.3,heavy,3103,0,3.105,
2826.7,heavy,3101,0,3.269,
2830.0,heavy,3102,0,0.903,
2833.3,heavy,3103,1,3.499,
2836.7,heavy,3101,0,4.110,
2840.0,heavy,3102,1,0.992,
2843.3,heavy,3103,0,5.173,
2846.7,heavy,3101,0,4.252,
2850.0,heavy,3102,1,1.355,
2853.3,heavy,3103,0,6.129,
2856.7,heavy,3101,0,3.143,
2860.0,heavy,3102,0,1.027,
2863.3,heavy,3103,0,4.118,
2866.7,heavy,3101,1,3.338,
2870.0,heavy,3102,1,1.157,
2873.3,heavy,3103,0,2.957,
2876.7,heavy,3101,0,2.942,
2880.0,heavy,3102,0,0.886,
2883.3,heavy,3103,1,3.818,
2886.7,heavy,3101,0,4.352,
2890.0,heavy,3102,0,1.089,
2893.3,heavy,3103,0,6.841,
2896.7,heavy,3101,0,5.880,
2900.0,light-5,3101,1,3.685,
2900.0,light-3,3102,1,6.211,
2900.0,light-2,3101,1,6.650,
2900.0,light-1,3103,1,9.051,
2900.0,light-4,3103,1,10.429,
2900.0,heavy,3102,1,1.717,
2903.3,heavy,3102,1,2.168,
2906.7,heavy,3103,0,8.441,
2910.0,heavy,3101,0,3.919,
2913.3,heavy,3102,1,1.394,
2916.7,heavy,3103,0,3.876,
2920.0,heavy,3101,1,4.090,
2923.3,heavy,3102,0,1.006,
2926.7,heavy,3103,0,3.657,
2930.0,heavy,3101,1,3.997,
2933.3,heavy,3102,0,1.270,
2936.7,heavy,3103,0,4.396,
2940.0,heavy,3101,0,3.446,
2943.3,heavy,3102,1,1.361,
2946.7,heavy,3103,0,5.410,
2950.0,heavy,3101,1,3.691,
2953.3,heavy,3102,0,1.360,
2956.7,heavy,3103,0,3.561,
2960.0,heavy,3101,0,3.958,
2963.3,heavy,3102,1,1.301,
2966.7,heavy,3103,0,3.485,
2970.0,heavy,3101,1,4.040,
2973.3,heavy,3102,0,1.174,
2976.7,heavy,3103,0,3.487,
2980.0,heavy,3101,0,5.185,
2983.3,heavy,3102,1,1.640,
2986.7,heavy,3103,0,3.580,
2990.0,heavy,3101,1,4.262,
2993.3,heavy,3102,0,1.185,
2996.7,heavy,3103,1,4.919,
3000.0,light-2,3103,1,2.585,
3000.0,light-4,3102,1,3.040,
3000.0,light-1,3102,1,5.168,
3000.0,light-5,3103,1,7.010,
3000.0,light-3,3101,1,8.065,
3000.0,heavy,3101,0,7.874,
3003.3,heavy,3101,0,6.695,
3006.7,heavy,3102,0,1.038,
3010.0,heavy,3103,0,3.284,
3013.3,heavy,3101,1,3.810,
3016.7,heavy,3102,0,1.205,
3020.0,heavy,3103,0,5.195,
3023.3,heavy,3101,1,5.497,
3026.7,heavy,3102,1,1.512,
3030.0,heavy,3103,0,5.702,
3033.3,heavy,3101,0,5.313,
3036.7,heavy,3102,0,1.098,
3040.0,heavy,3103,0,2.840,
3043.3,heavy,3101,0,7.425,
3046.7,heavy,3102,1,1.239,
3050.0,heavy,3103,1,2.992,
3053.3,heavy,3101,0,4.103,
3056.7,heavy,3102,0,0.983,
3060.0,heavy,3103,0,4.905,
3063.3,heavy,3101,1,3.316,
3066.7,heavy,3102,0,1.055,
3070.0,heavy,3103,0,4.493,
3073.3,heavy,3101,0,4.037,
3076.7,heavy,3102,1,1.353,
3080.0,heavy,3103,0,3.771,
3083.3,heavy,3101,1,3.348,
3086.7,heavy,3102,0,1.162,
3090.0,heavy,3103,0,4.039,
3093.3,heavy,3101,1,3.243,
3096.7,heavy,3102,0,0.906,
3100.0,light-1,3101,1,3.725,
3100.0,light-3,3103,1,4.151,
3100.0,light-2,3102,1,6.691,
3100.0,light-5,3102,1,8.264,
3100.0,light-4,3101,1,8.567,
3100.0,heavy,3103,1,6.665,
3103.3,heavy,3101,0,7.083,
3106.7,heavy,3102,1,1.364,
3110.0,heavy,3103,0,9.762,
3113.3,heavy,3103,0,8.657,
3116.7,heavy,3101,0,4.950,
3120.0,heavy,3102,0,1.204,
3123.3,heavy,3103,1,3.440,
3126.7,heavy,3101,0,3.684,
3130.0,heavy,3102,1,1.297,
3133.3,heavy,3103,0,4.035,
3136.7,heavy,3101,0,3.146,
3140.0,heavy,3102,0,1.149,
3143.3,heavy,3103,1,6.300,
3146.7,heavy,3101,0,6.757,
3150.0,heavy,3102,1,1.423,
3153.3,heavy,3103,0,6.783,
3156.7,heavy,3101,0,6.843,
3160.0,heavy,3102,1,1.369,
3163.3,heavy,3103,0,3.301,
3166.7,heavy,3101,0,4.620,
3170.0,heavy,3102,0,1.392,
3173.3,heavy,3103,1,3.397,
3176.7,heavy,3101,0,3.492,
3180.0,heavy,3102,0,1.240,
3183.3,heavy,3103,1,3.986,
3186.7,heavy,3101,0,4.412,
3190.0,heavy,3102,1,1.135,
3193.3,heavy,3103,0,8.482,
3196.7,heavy,3101,0,8.741,
3200.0,light-1,3101,1,5.779,
3200.0,light-3,3103,1,5.872,
3200.0,light-5,3102,1,10.501,
3200.0,light-4,3101,1,10.965,
3200.0,light-2,3102,1,13.566,
3200.0,heavy,3102,1,3.387,
3203.3,heavy,3103,0,10.072,
3206.7,heavy,3103,1,7.504,
3210.0,heavy,3101,0,4.909,
3213.3,heavy,3102,0,2.306,
3216.7,heavy,3103,0,3.700,
3220.0,heavy,3101,0,3.395,
3223.3,heavy,3102,1,1.183,
3226.7,heavy,3103,1,4.060,
3230.0,heavy,3101,0,5.270,
3233.3,heavy,3102,0,1.234,
3236.7,heavy,3103,0,2.876,
3240.0,heavy,3101,0,4.030,
3243.3,heavy,3102,1,1.119,
3246.7,heavy,3103,0,3.886,
3250.0,heavy,3101,1,3.214,
3253.3,heavy,3102,0,1.335,
3256.7,heavy,3103,0,3.264,
3260.0,heavy,3101,1,3.521,
3263.3,heavy,3102,0,1.032,
3266.7,heavy,3103,0,5.196,
3270.0,heavy,3101,1,4.656,
3273.3,heavy,3102,1,1.488,
3276.7,heavy,3103,0,5.395,
3280.0,heavy,3101,0,5.497,
3283.3,heavy,3102,0,2.032,
3286.7,heavy,3103,0,3.539,
3290.0,heavy,3101,0,3.326,
3293.3,heavy,3102,1,0.913,
3296.7,heavy,3103,0,3.719,
3300.0,light-2,3103,1,1.152,
3300.0,light-4,3102,1,2.689,
3300.0,light-1,3102,1,4.896,
3300.0,light-5,3103,1,5.090,
3300.0,light-3,3101,1,6.998,
3300.0,heavy,3101,1,5.310,
3303.3,heavy,3101,0,4.949,
3306.7,heavy,3102,0,0.876,
3310.0,heavy,3103,1,3.671,
3313.3,heavy,3101,0,4.128,
3316.7,heavy,3102,0,1.146,
3320.0,heavy,3103,0,3.369,
3323.3,heavy,3101,0,3.640,
3326.7,heavy,3102,1,1.118,
3330.0,heavy,3103,1,3.401,
3333.3,heavy,3101,0,3.256,
3336.7,heavy,3102,0,0.985,
3340.0,heavy,3103,1,5.371,
3343.3,heavy,3101,0,3.265,
3346.7,heavy,3102,0,1.165,
3350.0,heavy,3103,0,4.440,
3353.3,heavy,3101,0,3.389,
3356.7,heavy,3102,1,1.342,
3360.0,heavy,3103,1,5.714,
3363.3,heavy,3101,0,3.197,
3366.7,heavy,3102,0,1.348,
3370.0,heavy,3103,1,4.742,
3373.3,heavy,3101,0,4.588,
3376.7,heavy,3102,0,1.230,
3380.0,heavy,3103,0,3.496,
3383.3,heavy,3101,1,3.241,
3386.7,heavy,3102,0,0.844,
3390.0,heavy,3103,0,4.501,
3393.3,heavy,3101,1,2.933,
3396.7,heavy,3102,0,1.265,
3400.0,light-4,3102,1,3.277,
3400.0,light-2,3103,1,4.295,
3400.0,light-1,3102,1,5.045,
3400.0,light-3,3101,1,7.949,
3400.0,light-5,3103,1,8.368,
3400.0,heavy,3103,0,7.986,
3403.3,heavy,3101,1,4.952,
3406.7,heavy,3101,1,5.270,
3410.0,heavy,3102,0,1.787,
3413.3,heavy,3103,0,4.352,
3416.7,heavy,3101,0,3.839,
3420.0,heavy,3102,0,1.118,
3423.3,heavy,3103,1,4.558,
3426.7,heavy,3101,0,4.989,
3430.0,heavy,3102,1,1.592,
3433.3,heavy,3103,0,5.581,
3436.7,heavy,3101,0,6.111,
3440.0,heavy,3102,0,1.147,
3443.3,heavy,3103,0,5.104,
3446.7,heavy,3101,1,3.826,
3450.0,heavy,3102,1,1.368,
3453.3,heavy,3103,0,4.673,
3456.7,heavy,3101,0,3.709,
3460.0,heavy,3102,0,1.235,
3463.3,heavy,3103,0,4.077,
3466.7,heavy,3101,1,3.323,
3470.0,heavy,3102,0,1.143,
3473.3,heavy,3103,1,2.971,
3476.7,heavy,3101,0,3.975,
3480.0,heavy,3102,1,1.361,
3483.3,heavy,3103,0,4.287,
3486.7,heavy,3101,0,2.745,
3490.0,heavy,3102,0,0.840,
3493.3,heavy,3103,0,4.875,
3496.7,heavy,3101,1,3.437,
3500.0,light-5,3101,1,2.746,
3500.0,light-2,3101,1,4.999,
3500.0,light-1,3103,1,5.606,
3500.0,light-3,3102,1,5.653,
3500.0,light-4,3103,1,5.866,
3500.0,heavy,3102,1,1.532,
3503.3,heavy,3102,0,1.765,
3506.7,heavy,3103,0,4.221,
3510.0,heavy,3101,1,4.057,
3513.3,heavy,3102,0,1.278,
3516.7,heavy,3103,0,4.134,
3520.0,heavy,3101,1,4.392,
3523.3,heavy,3102,1,1.251,
3526.7,heavy,3103,0,4.604,
3530.0,heavy,3101,0,5.004,
3533.3,heavy,3102,0,0.916,
3536.7,heavy,3103,0,4.724,
3540.0,heavy,3101,0,3.403,
3543.3,heavy,3102,1,1.253,
3546.7,heavy,3103,0,4.261,
3550.0,heavy,3101,0,2.753,
3553.3,heavy,3102,1,1.246,
3556.7,heavy,3103,0,4.611,
3560.0,heavy,3101,1,3.776,
3563.3,heavy,3102,0,1.102,
3566.7,heavy,3103,0,6.891,
3570.0,heavy,3101,0,4.316,
3573.3,heavy,3102,1,1.459,
3576.7,heavy,3103,0,6.505,
3580.0,heavy,3101,1,3.463,
3583.3,heavy,3102,0,1.001,
3586.7,heavy,3103,1,6.169,
3590.0,heavy,3101,0,5.111,
3593.3,heavy,3102,1,1.369,
3596.7,heavy,3103,0,7.618,
3600.0,light-4,3102,1,2.628,
3600.0,light-2,3103,1,3.149,
3600.0,light-1,3102,1,5.521,
3600.0,light-3,3101,1,8.601,
3600.0,light-5,3103,1,9.354,
3600.0,heavy,3101,0,6.994,
3603.3,heavy,3101,0,8.637,
3606.7,heavy,3102,0,0.915,
3610.0,heavy,3103,0,3.525,
3613.3,heavy,3101,1,3.516,
3616.7,heavy,3102,0,0.926,
3620.0,heavy,3103,0,5.155,
3623.3,heavy,3101,1,4.567,
3626.7,heavy,3102,1,2.675,
3630.0,heavy,3103,0,5.856,
3633.3,heavy,3101,0,4.306,
3636.7,heavy,3102,0,0.892,
3640.0,heavy,3103,1,3.616,
3643.3,heavy,3101,0,3.935,
3646.7,heavy,3102,0,0.907,
3650.0,heavy,3103,0,3.042,
3653.3,heavy,3101,1,3.713,
3656.7,heavy,3102,0,0.921,
3660.0,heavy,3103,1,3.743,
3663.3,heavy,3101,0,3.450,
3666.7,heavy,3102,0,0.946,
3670.0,heavy,3103,1,5.166,
3673.3,heavy,3101,0,6.968,
3676.7,heavy,3102,0,1.492,
3680.0,heavy,3103,1,3.273,
3683.3,heavy,3101,0,5.078,
3686.7,heavy,3102,0,1.138,
3690.0,heavy,3103,1,3.299,
3693.3,heavy,3101,0,3.429,
3696.7,heavy,3102,0,1.122,
3700.0,light-5,3101,1,3.517,
3700.0,light-2,3101,1,6.269,
3700.0,light-1,3103,1,7.033,
3700.0,light-3,3102,1,7.025,
3700.0,light-4,3103,1,8.219,
3700.0,heavy,3103,0,7.995,
3703.3,heavy,3101,0,5.505,
3706.7,heavy,3102,1,2.109,
3710.0,heavy,3102,0,1.314,
3713.3,heavy,3103,1,4.854,
3716.7,heavy,3101,0,3.140,
3720.0,heavy,3102,0,0.939,
3723.3,heavy,3103,0,4.639,
3726.7,heavy,3101,1,4.162,
3730.0,heavy,3102,1,1.446,
3733.3,heavy,3103,0,4.764,
3736.7,heavy,3101,0,4.881,
3740.0,heavy,3102,0,0.993,
3743.3,heavy,3103,1,4.878,
3746.7,heavy,3101,0,3.948,
3750.0,heavy,3102,1,1.207,
3753.3,heavy,3103,0,4.584,
3756.7,heavy,3101,0,3.471,
3760.0,heavy,3102,0,1.126,
3763.3,heavy,3103,1,3.163,
3766.7,heavy,3101,0,3.472,
3770.0,heavy,3102,0,1.330,
3773.3,heavy,3103,1,4.479,
3776.7,heavy,3101,0,3.630,
3780.0,heavy,3102,1,1.161,
3783.3,heavy,3103,0,4.844,
3786.7,heavy,3101,0,3.066,
3790.0,heavy,3102,0,1.013,
3793.3,heavy,3103,0,5.265,
3796.7,heavy,3101,1,3.739,
3800.0,light-1,3101,1,1.297,
3800.0,light-3,3103,1,2.558,
3800.0,light-4,3101,1,5.693,
3800.0,light-2,3102,1,5.944,
3800.0,light-5,3102,1,7.558,
3800.0,heavy,3102,1,1.389,
3803.3,heavy,3103,0,5.671,
3806.7,heavy,3103,0,4.881,
3810.0,heavy,3101,0,2.934,
3813.3,heavy,3102,1,1.574,
3816.7,heavy,3103,0,3.816,
3820.0,heavy,3101,0,3.203,
3823.3,heavy,3102,1,1.584,
3826.7,heavy,3103,0,4.512,
3830.0,heavy,3101,0,2.901,
3833.3,heavy,3102,1,0.931,
3836.7,heavy,3103,0,3.590,
3840.0,heavy,3101,0,3.725,
3843.3,heavy,3102,1,1.063,
3846.7,heavy,3103,0,2.513,
3850.0,heavy,3101,0,3.158,
3853.3,heavy,3102,1,1.642,
3856.7,heavy,3103,0,3.158,
3860.0,heavy,3101,0,3.601,
3863.3,heavy,3102,1,0.932,
3866.7,heavy,3103,0,4.882,
3870.0,heavy,3101,0,4.130,
3873.3,heavy,3102,1,1.788,
3876.7,heavy,3103,0,3.937,
3880.0,heavy,3101,0,2.798,
3883.3,heavy,3102,1,2.680,
3886.7,heavy,3103,1,3.906,
3890.0,heavy,3101,0,5.853,
3893.3,heavy,3102,0,1.112,
3896.7,heavy,3103,0,3.837,
3900.0,light-2,3103,1,1.730,
3900.0,light-4,3102,1,2.469,
3900.0,light-1,3102,1,5.373,
3900.0,light-5,3103,1,5.375,
3900.0,light-3,3101,1,6.898,
3900.0,heavy,3101,1,6.214,
3903.3,heavy,3101,0,5.019,
3906.7,heavy,3102,0,0.793,
3910.0,heavy,3103,0,3.170,
3913.3,heavy,3101,0,3.757,
3916.7,heavy,3102,1,1.185,
3920.0,heavy,3103,1,3.093,
3923.3,heavy,3101,0,3.300,
3926.7,heavy,3102,0,1.270,
3930.0,heavy,3103,0,3.525,
3933.3,heavy,3101,1,3.708,
3936.7,heavy,3102,0,1.003,
3940.0,heavy,3103,0,4.242,
3943.3,heavy,3101,1,4.524,
3946.7,heavy,3102,1,1.207,
3950.0,heavy,3103,0,4.665,
3953.3,heavy,3101,0,4.790,
3956.7,heavy,3102,0,1.009,
3960.0,heavy,3103,0,5.030,
3963.3,heavy,3101,0,3.982,
3966.7,heavy,3102,1,1.752,
3970.0,heavy,3103,0,5.180,
3973.3,heavy,3101,1,3.321,
3976.7,heavy,3102,0,1.155,
3980.0,heavy,3103,0,3.806,
3983.3,heavy,3101,1,2.984,
3986.7,heavy,3102,0,0.937,
3990.0,heavy,3103,0,7.413,
3993.3,heavy,3101,1,5.710,
3996.7,heavy,3102,1,1.382,
4000.0,light-1,3101,1,2.721,
4000.0,light-3,3103,1,3.959,
4000.0,light-2,3102,1,6.217,
4000.0,light-4,3101,1,6.886,
4000.0,light-5,3102,1,7.182,
4000.0,heavy,3103,0,7.219,
4003.3,heavy,3103,0,5.880,
4006.7,heavy,3101,0,2.554,
4010.0,heavy,3102,1,1.462,
4013.3,heavy,3103,0,3.591,
4016.7,heavy,3101,0,3.383,
4020.0,heavy,3102,0,0.979,
4023.3,heavy,3103,1,4.360,
4026.7,heavy,3101,0,3.535,
4030.0,heavy,3102,1,1.340,
4033.3,heavy,3103,0,3.536,
4036.7,heavy,3101,0,3.311,
4040.0,heavy,3102,0,0.905,
4043.3,heavy,3103,1,3.558,
4046.7,heavy,3101,0,3.504,
4050.0,heavy,3102,0,0.900,
4053.3,heavy,3103,1,4.088,
4056.7,heavy,3101,0,3.153,
4060.0,heavy,3102,1,1.438,
4063.3,heavy,3103,0,3.567,
4066.7,heavy,3101,0,3.044,
4070.0,heavy,3102,0,0.992,
4073.3,heavy,3103,0,7.051,
4076.7,heavy,3101,1,5.019,
4080.0,heavy,3102,0,4.712,
4083.3,heavy,3103,1,4.445,
4086.7,heavy,3101,0,3.309,
4090.0,heavy,3102,0,1.039,
4093.3,heavy,3103,1,3.272,
4096.7,heavy,3101,0,3.589,
4100.0,light-5,3101,1,2.972,
4100.0,light-3,3102,1,5.679,
4100.0,light-1,3103,1,6.784,
4100.0,light-2,3101,1,7.258,
4100.0,light-4,3103,1,9.904,
4100.0,heavy,3102,0,1.749,
4103.3,heavy,3102,1,4.259,
4106.7,heavy,3103,0,4.504,
4110.0,heavy,3101,0,3.665,
4113.3,heavy,3102,1,1.068,
4116.7,heavy,3103,0,3.931,
4120.0,heavy,3101,0,4.231,
4123.3,heavy,3102,1,1.775,
4126.7,heavy,3103,0,3.469,
4130.0,heavy,3101,0,3.175,
4133.3,heavy,3102,1,1.821,
4136.7,heavy,3103,0,3.339,
4140.0,heavy,3101,0,2.801,
4143.3,heavy,3102,1,2.344,
4146.7,heavy,3103,0,3.322,
4150.0,heavy,3101,0,3.436,
4153.3,heavy,3102,1,2.032,
4156.7,heavy,3103,0,3.553,
4160.0,heavy,3101,0,3.128,
4163.3,heavy,3102,1,1.075,
4166.7,heavy,3103,0,3.942,
4170.0,heavy,3101,1,3.742,
4173.3,heavy,3102,0,1.258,
4176.7,heavy,3103,0,7.064,
4180.0,heavy,3101,0,3.986,
4183.3,heavy,3102,1,1.803,
4186.7,heavy,3103,0,6.485,
4190.0,heavy,3101,0,3.853,
4193.3,heavy,3102,1,1.298,
4196.7,heavy,3103,0,7.805,
4200.0,light-2,3103,1,4.642,
4200.0,light-4,3102,1,4.861,
4200.0,light-3,3101,1,8.242,
4200.0,light-5,3103,1,8.770,
4200.0,light-1,3102,1,16.203,
4200.0,heavy,3101,1,7.179,
4203.3,heavy,3101,0,8.141,
4206.7,heavy,3102,1,8.576,
4210.0,heavy,3103,0,9.187,
4213.3,heavy,3101,0,5.676,
4216.7,heavy,3102,0,3.099,
4220.0,heavy,3103,0,2.518,
4223.3,heavy,3101,1,3.310,
4226.7,heavy,3102,0,1.081,
4230.0,heavy,3103,0,4.435,
4233.3,heavy,3101,0,3.536,
4236.7,heavy,3102,1,1.418,
4240.0,heavy,3103,1,4.582,
4243.3,heavy,3101,0,3.539,
4246.7,heavy,3102,0,1.184,
4250.0,heavy,3103,1,2.938,
4253.3,heavy,3101,0,3.250,
4256.7,heavy,3102,0,0.998,
4260.0,heavy,3103,0,4.706,
4263.3,heavy,3101,0,3.831,
4266.7,heavy,3102,1,1.315,
4270.0,heavy,3103,1,4.921,
4273.3,heavy,3101,0,2.432,
4276.7,heavy,3102,0,0.965,
4280.0,heavy,3103,1,3.499,
4283.3,heavy,3101,0,3.746,
4286.7,heavy,3102,0,0.912,
4290.0,heavy,3103,1,6.165,
4293.3,heavy,3101,0,5.588,
4296.7,heavy,3102,1,1.492,
4300.0,light-1,3101,1,2.606,
4300.0,light-3,3103,1,3.217,
4300.0,light-2,3102,1,5.820,
4300.0,light-4,3101,1,6.792,
4300.0,light-5,3102,1,8.012,
4300.0,heavy,3103,0,6.379,
4303.3,heavy,3103,0,6.719,
4306.7,heavy,3101,0,3.451,
4310.0,heavy,3102,0,0.802,
4313.3,heavy,3103,1,3.444,
4316.7,heavy,3101,0,3.765,
4320.0,heavy,3102,0,0.803,
4323.3,heavy,3103,0,3.869,
4326.7,heavy,3101,1,3.096,
4330.0,heavy,3102,1,1.266,
4333.3,heavy,3103,0,3.054,
4336.7,heavy,3101,0,3.386,
4340.0,heavy,3102,0,1.120,
4343.3,heavy,3103,0,3.624,
4346.7,heavy,3101,1,2.817,
4350.0,heavy,3102,1,1.524,
4353.3,heavy,3103,0,3.974,
4356.7,heavy,3101,0,3.040,
4360.0,heavy,3102,1,1.652,
4363.3,heavy,3103,0,3.528,
4366.7,heavy,3101,0,3.254,
4370.0,heavy,3102,1,1.438,
4373.3,heavy,3103,0,3.189,
4376.7,heavy,3101,0,4.150,
4380.0,heavy,3102,0,1.181,
4383.3,heavy,3103,0,4.949,
4386.7,heavy,3101,1,3.386,
4390.0,heavy,3102,1,1.460,
4393.3,heavy,3103,0,5.476,
4396.7,heavy,3101,0,3.319,
4400.0,light-5,3101,1,2.503,
4400.0,light-2,3101,1,4.506,
4400.0,light-1,3103,1,4.760,
4400.0,light-3,3102,1,4.814,
4400.0,light-4,3103,1,5.430,
4400.0,heavy,3102,0,1.652,
4403.3,heavy,3102,1,1.232,
4406.7,heavy,3103,0,3.287,
4410.0,heavy,3101,1,2.915,
4413.3,heavy,3102,0,1.012,
4416.7,heavy,3103,0,3.305,
4420.0,heavy,3101,0,3.635,
4423.3,heavy,3102,1,1.229,
4426.7,heavy,3103,0,3.089,
4430.0,heavy,3101,1,3.224,
4433.3,heavy,3102,0,1.054,
4436.7,heavy,3103,1,4.126,
4440.0,heavy,3101,0,3.309,
4443.3,heavy,3102,0,0.716,
4446.7,heavy,3103,0,4.360,
4450.0,heavy,3101,0,3.163,
4453.3,heavy,3102,1,1.367,
4456.7,heavy,3103,0,4.916,
4460.0,heavy,3101,0,3.175,
4463.3,heavy,3102,1,1.012,
4466.7,heavy,3103,1,3.969,
4470.0,heavy,3101,0,4.427,
4473.3,heavy,3102,0,1.318,
4476.7,heavy,3103,0,5.269,
4480.0,heavy,3101,0,4.312,
4483.3,heavy,3102,1,1.350,
4486.7,heavy,3103,0,6.260,
4490.0,heavy,3101,1,3.692,
4493.3,heavy,3102,0,1.409,
4496.7,heavy,3103,0,6.728,
4500.0,light-2,3103,1,3.079,
4500.0,light-4,3102,1,3.658,
4500.0,light-1,3102,1,6.170,
4500.0,light-3,3101,1,8.827,
4500.0,light-5,3103,1,9.566,
4500.0,heavy,3101,1,5.511,
4503.3,heavy,3101,0,6.880,
4506.7,heavy,3102,0,1.191,
4510.0,heavy,3103,1,3.706,
4513.3,heavy,3101,0,4.177,
4516.7,heavy,3102,0,1.378,
4520.0,heavy,3103,1,3.803,
4523.3,heavy,3101,0,3.939,
4526.7,heavy,3102,1,1.515,
4530.0,heavy,3103,0,3.960,
4533.3,heavy,3101,0,4.052,
4536.7,heavy,3102,0,0.907,
4540.0,heavy,3103,1,9.149,
4543.3,heavy,3101,0,3.016,
4546.7,heavy,3102,1,1.423,
4550.0,heavy,3103,0,8.043,
4553.3,heavy,3101,0,3.529,
4556.7,heavy,3102,0,0.965,
4560.0,heavy,3103,1,3.044,
4563.3,heavy,3101,0,3.415,
4566.7,heavy,3102,0,1.301,
4570.0,heavy,3103,0,4.642,
4573.3,heavy,3101,0,3.887,
4576.7,heavy,3102,1,1.359,
4580.0,heavy,3103,1,4.903,
4583.3,heavy,3101,0,3.053,
4586.7,heavy,3102,0,1.192,
4590.0,heavy,3103,0,3.627,
4593.3,heavy,3101,1,2.999,
4596.7,heavy,3102,0,0.764,
4600.0,light-1,3101,1,3.266,
4600.0,light-3,3103,1,3.917,
4600.0,light-4,3101,1,7.014,
4600.0,light-2,3102,1,7.675,
4600.0,light-5,3102,1,7.845,
4600.0,heavy,3103,1,7.121,
4603.3,heavy,3101,0,5.642,
4606.7,heavy,3102,1,1.788,
4610.0,heavy,3103,0,7.915,
4613.3,heavy,3103,0,5.335,
4616.7,heavy,3101,0,3.188,
4620.0,heavy,3102,0,1.460,
4623.3,heavy,3103,1,2.819,
4626.7,heavy,3101,0,3.031,
4630.0,heavy,3102,0,0.854,
4633.3,heavy,3103,0,3.981,
4636.7,heavy,3101,1,3.105,
4640.0,heavy,3102,1,1.294,
4643.3,heavy,3103,0,3.990,
4646.7,heavy,3101,0,2.735,
4650.0,heavy,3102,0,1.004,
4653.3,heavy,3103,1,3.035,
4656.7,heavy,3101,0,2.930,
4660.0,heavy,3102,0,0.769,
4663.3,heavy,3103,1,3.438,
4666.7,heavy,3101,0,2.917,
4670.0,heavy,3102,1,1.196,
4673.3,heavy,3103,0,2.359,
4676.7,heavy,3101,0,3.305,
4680.0,heavy,3102,1,1.036,
4683.3,heavy,3103,0,2.604,
4686.7,heavy,3101,0,3.139,
4690.0,heavy,3102,0,0.660,
4693.3,heavy,3103,1,6.149,
4696.7,heavy,3101,0,5.276,
4700.0,light-1,3101,1,2.364,
4700.0,light-3,3103,1,3.233,
4700.0,light-5,3102,1,5.264,
4700.0,light-4,3101,1,5.808,
4700.0,light-2,3102,1,6.378,
4700.0,heavy,3102,1,1.324,
4703.3,heavy,3103,0,6.655,
4706.7,heavy,3103,0,4.245,
4710.0,heavy,3101,0,2.849,
4713.3,heavy,3102,1,1.445,
4716.7,heavy,3103,0,3.418,
4720.0,heavy,3101,0,3.155,
4723.3,heavy,3102,1,1.690,
4726.7,heavy,3103,0,3.286,
4730.0,heavy,3101,0,3.456,
4733.3,heavy,3102,1,1.243,
4736.7,heavy,3103,0,2.301,
4740.0,heavy,3101,0,3.063,
4743.3,heavy,3102,1,1.178,
4746.7,heavy,3103,0,3.360,
4750.0,heavy,3101,0,3.347,
4753.3,heavy,3102,1,0.868,
4756.7,heavy,3103,0,4.716,
4760.0,heavy,3101,0,3.887,
4763.3,heavy,3102,1,1.373,
4766.7,heavy,3103,0,5.080,
4770.0,heavy,3101,0,2.927,
4773.3,heavy,3102,1,1.144,
4776.7,heavy,3103,0,4.604,
4780.0,heavy,3101,1,3.731,
4783.3,heavy,3102,0,1.101,
4786.7,heavy,3103,0,4.316,
4790.0,heavy,3101,0,3.900,
4793.3,heavy,3102,1,1.732,
4796.7,heavy,3103,0,5.099,
4800.0,light-2,3103,1,1.127,
4800.0,light-4,3102,1,3.337,
4800.0,light-5,3103,1,4.575,
4800.0,light-1,3102,1,4.918,
4800.0,light-3,3101,1,5.215,
4800.0,heavy,3101,1,4.702,
4803.3,heavy,3101,0,3.811,
4806.7,heavy,3102,0,0.921,
4810.0,heavy,3103,1,3.487,
4813.3,heavy,3101,0,3.304,
4816.7,heavy,3102,0,1.303,
4820.0,heavy,3103,0,3.098,
4823.3,heavy,3101,1,3.337,
4826.7,heavy,3102,0,1.131,
4830.0,heavy,3103,1,4.339,
4833.3,heavy,3101,0,4.650,
4836.7,heavy,3102,1,1.399,
4840.0,heavy,3103,0,4.745,
4843.3,heavy,3101,0,4.394,
4846.7,heavy,3102,0,1.016,
4850.0,heavy,3103,0,5.029,
4853.3,heavy,3101,0,3.275,
4856.7,heavy,3102,1,1.555,
4860.0,heavy,3103,0,4.130,
4863.3,heavy,3101,1,3.498,
4866.7,heavy,3102,0,1.347,
4870.0,heavy,3103,0,4.424,
4873.3,heavy,3101,1,3.645,
4876.7,heavy,3102,0,0.971,
4880.0,heavy,3103,0,4.133,
4883.3,heavy,3101,0,3.654,
4886.7,heavy,3102,1,1.358,
4890.0,heavy,3103,0,3.327,
4893.3,heavy,3101,1,2.684,
4896.7,heavy,3102,0,1.071,
4900.0,light-2,3103,1,2.948,
4900.0,light-4,3102,1,3.471,
4900.0,light-1,3102,1,5.185,
4900.0,light-3,3101,1,7.582,
4900.0,light-5,3103,1,7.588,
4900.0,heavy,3103,1,5.302,
4903.3,heavy,3101,0,6.243,
4906.7,heavy,3101,0,5.349,
4910.0,heavy,3102,0,1.282,
4913.3,heavy,3103,1,2.954,
4916.7,heavy,3101,0,3.446,
4920.0,heavy,3102,1,1.042,
4923.3,heavy,3103,0,3.085,
4926.7,heavy,3101,0,2.947,
4930.0,heavy,3102,0,1.163,
4933.3,heavy,3103,1,3.092,
4936.7,heavy,3101,0,3.522,
4940.0,heavy,3102,0,1.055,
4943.3,heavy,3103,1,3.664,
4946.7,heavy,3101,0,4.231,
4950.0,heavy,3102,1,1.275,
4953.3,heavy,3103,0,2.957,
4956.7,heavy,3101,0,4.136,
4960.0,heavy,3102,1,1.325,
4963.3,heavy,3103,0,3.272,
4966.7,heavy,3101,0,2.759,
4970.0,heavy,3102,0,1.066,
4973.3,heavy,3103,0,3.726,
4976.7,heavy,3101,1,4.046,
4980.0,heavy,3102,1,1.306,
4983.3,heavy,3103,0,3.220,
4986.7,heavy,3101,0,2.872,
4990.0,heavy,3102,0,1.073,
4993.3,heavy,3103,1,3.209,
4996.7,heavy,3101,0,3.593,
5000.0,heavy,3102,1,1.526,
5000.0,light-5,3101,1,2.437,
5000.0,light-2,3101,1,5.023,
5000.0,light-1,3103,1,5.693,
5000.0,light-3,3102,1,5.617,
5000.0,light-4,3103,1,5.665,
5003.3,heavy,3102,0,2.189,
5006.7,heavy,3103,0,3.196,
5010.0,heavy,3101,1,2.979,
5013.3,heavy,3102,0,1.034,
5016.7,heavy,3103,0,5.350,
5020.0,heavy,3101,0,4.098,
5023.3,heavy,3102,1,1.566,
5026.7,heavy,3103,0,5.907,
5030.0,heavy,3101,1,8.568,
5033.3,heavy,3102,0,1.416,
5036.7,heavy,3103,0,3.035,
5040.0,heavy,3101,1,3.040,
5043.3,heavy,3102,0,1.051,
5046.7,heavy,3103,0,4.755,
5050.0,heavy,3101,0,3.832,
5053.3,heavy,3102,1,1.323,
5056.7,heavy,3103,0,5.097,
5060.0,heavy,3101,1,3.423,
5063.3,heavy,3102,0,0.972,
5066.7,heavy,3103,1,4.022,
5070.0,heavy,3101,0,4.713,
5073.3,heavy,3102,0,1.171,
5076.7,heavy,3103,0,2.941,
5080.0,heavy,3101,0,2.932,
5083.3,heavy,3102,1,1.242,
5086.7,heavy,3103,0,3.109,
5090.0,heavy,3101,0,3.351,
5093.3,heavy,3102,1,0.928,
5096.7,heavy,3103,1,4.930,
5100.0,heavy,3101,0,5.906,
5100.0,light-2,3103,1,2.524,
5100.0,light-4,3102,1,2.694,
5100.0,light-1,3102,1,5.258,
5100.0,light-5,3103,1,5.252,
5100.0,light-3,3101,1,6.628,
5103.3,heavy,3101,0,7.315,
5106.7,heavy,3102,0,1.356,
5110.0,heavy,3103,1,3.278,
5113.3,heavy,3101,0,3.341,
5116.7,heavy,3102,0,1.246,
5120.0,heavy,3103,0,3.282,
5123.3,heavy,3101,1,2.722,
5126.7,heavy,3102,1,1.613,
5130.0,heavy,3103,0,3.224,
5133.3,heavy,3101,0,3.644,
5136.7,heavy,3102,0,0.917,
5140.0,heavy,3103,0,4.710,
5143.3,heavy,3101,0,3.573,
5146.7,heavy,3102,1,1.305,
5150.0,heavy,3103,0,4.008,
5153.3,heavy,3101,1,3.035,
5156.7,heavy,3102,1,1.322,
5160.0,heavy,3103,0,3.512,
5163.3,heavy,3101,0,2.914,
5166.7,heavy,3102,0,0.951,
5170.0,heavy,3103,0,4.385,
5173.3,heavy,3101,0,3.462,
5176.7,heavy,3102,1,1.160,
5180.0,heavy,3103,1,3.628,
5183.3,heavy,3101,0,2.839,
5186.7,heavy,3102,1,1.350,
5190.0,heavy,3103,0,4.248,
5193.3,heavy,3101,0,3.382,
5196.7,heavy,3102,0,1.183,
5200.0,heavy,3103,1,4.818,
5200.0,light-1,3101,1,1.488,
5200.0,light-3,3103,1,2.829,
5200.0,light-4,3101,1,5.056,
5200.0,light-2,3102,1,5.269,
5200.0,light-5,3102,1,5.717,
5203.3,heavy,3103,0,3.192,
5206.7,heavy,3101,0,3.646,
5210.0,heavy,3102,0,1.461,
5213.3,heavy,3103,1,4.385,
5216.7,heavy,3101,0,3.195,
5220.0,heavy,3102,1,1.767,
5223.3,heavy,3103,0,5.229,
5226.7,heavy,3101,0,3.691,
5230.0,heavy,3102,0,1.375,
5233.3,heavy,3103,0,3.238,
5236.7,heavy,3101,1,3.484,
5240.0,heavy,3102,1,1.101,
5243.3,heavy,3103,0,2.903,
5246.7,heavy,3101,0,2.707,
5250.0,heavy,3102,1,1.514,
5253.3,heavy,3103,0,3.194,
5256.7,heavy,3101,0,3.758,
5260.0,heavy,3102,0,1.187,
5263.3,heavy,3103,1,4.005,
5266.7,heavy,3101,0,3.484,
5270.0,heavy,3102,1,1.142,
5273.3,heavy,3103,0,3.568,
5276.7,heavy,3101,0,3.257,
5280.0,heavy,3102,0,1.159,
5283.3,heavy,3103,1,2.747,
5286.7,heavy,3101,0,3.011,
5290.0,heavy,3102,0,0.799,
5293.3,heavy,3103,1,5.300,
5296.7,heavy,3101,0,4.707,
5300.0,heavy,3102,1,1.322,
5300.0,light-1,3101,1,2.180,
5300.0,light-3,3103,1,2.825,
5300.0,light-2,3102,1,5.094,
5300.0,light-4,3101,1,5.137,
5300.0,light-5,3102,1,5.784,
5303.3,heavy,3103,0,5.613,
5306.7,heavy,3103,0,4.593,
5310.0,heavy,3101,0,2.201,
5313.3,heavy,3102,1,1.223,
5316.7,heavy,3103,0,2.458,
5320.0,heavy,3101,0,2.814,
5323.3,heavy,3102,1,0.734,
5326.7,heavy,3103,0,4.273,
5330.0,heavy,3101,0,3.424,
5333.3,heavy,3102,1,1.445,
5336.7,heavy,3103,0,4.231,
5340.0,heavy,3101,0,2.744,
5343.3,heavy,3102,1,1.843,
5346.7,heavy,3103,1,3.204,
5350.0,heavy,3101,0,4.037,
5353.3,heavy,3102,0,1.340,
5356.7,heavy,3103,0,4.970,
5360.0,heavy,3101,0,3.924,
5363.3,heavy,3102,1,1.531,
5366.7,heavy,3103,0,4.549,
5370.0,heavy,3101,1,3.193,
5373.3,heavy,3102,0,1.204,
5376.7,heavy,3103,0,3.610,
5380.0,heavy,3101,1,3.001,
5383.3,heavy,3102,0,0.737,
5386.7,heavy,3103,0,4.070,
5390.0,heavy,3101,0,3.625,
5393.3,heavy,3102,1,2.082,
5396.7,heavy,3103,0,5.630,
5400.0,heavy,3101,1,5.751,
5400.0,light-2,3103,1,2.492,
5400.0,light-4,3102,1,2.776,
5400.0,light-1,3102,1,4.951,
5400.0,light-5,3103,1,7.432,
5400.0,light-3,3101,1,7.783,
5403.3,heavy,3101,0,4.943,
5406.7,heavy,3102,0,1.565,
5410.0,heavy,3103,1,3.963,
5413.3,heavy,3101,0,4.230,
5416.7,heavy,3102,0,0.747,
5420.0,heavy,3103,0,4.807,
5423.3,heavy,3101,0,3.034,
5426.7,heavy,3102,1,1.242,
5430.0,heavy,3103,0,4.334,
5433.3,heavy,3101,1,3.235,
5436.7,heavy,3102,0,0.900,
5440.0,heavy,3103,0,3.764,
5443.3,heavy,3101,1,3.173,
5446.7,heavy,3102,0,0.877,
5450.0,heavy,3103,1,4.011,
5453.3,heavy,3101,0,3.117,
5456.7,heavy,3102,1,1.280,
5460.0,heavy,3103,0,4.532,
5463.3,heavy,3101,0,2.724,
5466.7,heavy,3102,0,1.249,
5470.0,heavy,3103,1,3.769,
5473.3,heavy,3101,0,4.088,
5476.7,heavy,3102,0,0.896,
5480.0,heavy,3103,0,2.726,
5483.3,heavy,3101,1,4.049,
5486.7,heavy,3102,1,1.216,
5490.0,heavy,3103,0,3.343,
5493.3,heavy,3101,0,3.789,
5496.7,heavy,3102,0,1.349,
5500.0,heavy,3103,0,6.097,
5500.0,light-5,3101,1,4.364,
5500.0,light-3,3102,1,6.393,
5500.0,light-2,3101,1,6.790,
5500.0,light-4,3103,1,6.833,
5500.0,light-1,3103,1,7.624,
5503.3,heavy,3101,0,6.290,
5506.7,heavy,3102,1,1.715,
5510.0,heavy,3102,1,2.073,
5513.3,heavy,3103,0,4.179,
5516.7,heavy,3101,0,3.483,
5520.0,heavy,3102,0,1.371,
5523.3,heavy,3103,0,4.020,
5526.7,heavy,3101,1,4.323,
5530.0,heavy,3102,1,1.308,
5533.3,heavy,3103,0,4.485,
5536.7,heavy,3101,0,4.377,
5540.0,heavy,3102,0,0.921,
5543.3,heavy,3103,0,4.578,
5546.7,heavy,3101,1,3.365,
5550.0,heavy,3102,1,1.323,
5553.3,heavy,3103,0,5.326,
5556.7,heavy,3101,0,2.974,
5560.0,heavy,3102,0,0.877,
5563.3,heavy,3103,0,4.092,
5566.7,heavy,3101,0,3.262,
5570.0,heavy,3102,1,1.037,
5573.3,heavy,3103,1,3.231,
5576.7,heavy,3101,0,3.216,
5580.0,heavy,3102,0,1.149,
5583.3,heavy,3103,1,3.426,
5586.7,heavy,3101,0,3.214,
5590.0,heavy,3102,0,1.060,
5593.3,heavy,3103,0,7.048,
5596.7,heavy,3101,1,5.551,
5600.0,heavy,3102,1,2.330,
5600.0,light-5,3101,1,3.891,
5600.0,light-3,3102,1,6.495,
5600.0,light-2,3101,1,6.699,
5600.0,light-1,3103,1,7.242,
5600.0,light-4,3103,1,7.746,
5603.3,heavy,3102,0,2.575,
5606.7,heavy,3103,0,9.570,
5610.0,heavy,3101,0,3.140,
5613.3,heavy,3102,1,1.084,
5616.7,heavy,3103,0,3.494,
5620.0,heavy,3101,1,3.652,
5623.3,heavy,3102,0,1.505,
5626.7,heavy,3103,1,3.425,
5630.0,heavy,3101,0,3.683,
5633.3,heavy,3102,0,0.880,
5636.7,heavy,3103,0,3.295,
5640.0,heavy,3101,0,3.187,
5643.3,heavy,3102,1,1.089,
5646.7,heavy,3103,0,3.175,
5650.0,heavy,3101,1,3.067,
5653.3,heavy,3102,0,0.819,
5656.7,heavy,3103,0,4.428,
5660.0,heavy,3101,0,3.409,
5663.3,heavy,3102,1,1.306,
5666.7,heavy,3103,0,2.969,
5670.0,heavy,3101,0,3.267,
5673.3,heavy,3102,1,1.071,
5676.7,heavy,3103,0,3.740,
5680.0,heavy,3101,0,3.329,
5683.3,heavy,3102,1,1.307,
5686.7,heavy,3103,0,3.033,
5690.0,heavy,3101,0,3.369,
5693.3,heavy,3102,1,1.172,
5696.7,heavy,3103,0,8.385,
5700.0,heavy,3101,1,6.236,
5700.0,light-4,3102,1,3.257,
5700.0,light-2,3103,1,4.433,
5700.0,light-1,3102,1,6.880,
5700.0,light-3,3101,1,9.960,
5700.0,light-5,3103,1,10.213,
5703.3,heavy,3102,1,1.740,
5706.7,heavy,3103,0,9.107,
5710.0,heavy,3101,0,8.183,
5713.3,heavy,3101,0,6.120,
5716.7,heavy,3102,0,1.675,
5720.0,heavy,3103,0,3.499,
5723.3,heavy,3101,1,3.522,
5726.7,heavy,3102,0,1.054,
5730.0,heavy,3103,1,4.445,
5733.3,heavy,3101,0,3.841,
5736.7,heavy,3102,1,1.329,
5740.0,heavy,3103,0,4.435,
5743.3,heavy,3101,0,3.470,
5746.7,heavy,3102,0,0.928,
5750.0,heavy,3103,0,2.922,
5753.3,heavy,3101,0,3.178,
5756.7,heavy,3102,1,1.471,
5760.0,heavy,3103,0,2.697,
5763.3,heavy,3101,1,2.685,
5766.7,heavy,3102,1,1.551,
5770.0,heavy,3103,0,3.266,
5773.3,heavy,3101,0,3.796,
5776.7,heavy,3102,0,1.124,
5780.0,heavy,3103,0,3.843,
5783.3,heavy,3101,0,3.327,
5786.7,heavy,3102,1,1.266,
5790.0,heavy,3103,0,3.029,
5793.3,heavy,3101,1,5.771,
5796.7,heavy,3102,1,1.326,
5800.0,heavy,3103,0,4.738,
5800.0,light-2,3103,1,2.634,
5800.0,light-4,3102,1,3.075,
5800.0,light-1,3102,1,5.937,
5800.0,light-5,3103,1,7.943,
5800.0,light-3,3101,1,8.691,
5803.3,heavy,3101,0,7.919,
5806.7,heavy,3101,0,6.720,
5810.0,heavy,3102,0,1.016,
5813.3,heavy,3103,1,2.403,
5816.7,heavy,3101,0,2.936,
5820.0,heavy,3102,1,1.920,
5823.3,heavy,3103,0,4.618,
5826.7,heavy,3101,0,4.077,
5830.0,heavy,3102,1,2.151,
5833.3,heavy,3103,0,5.527,
5836.7,heavy,3101,0,3.074,
5840.0,heavy,3102,0,0.767,
5843.3,heavy,3103,1,5.991,
5846.7,heavy,3101,0,6.198,
5850.0,heavy,3102,1,1.672,
5853.3,heavy,3103,0,5.069,
5856.7,heavy,3101,0,3.603,
5860.0,heavy,3102,0,1.343,
5863.3,heavy,3103,0,5.314,
5866.7,heavy,3101,1,4.115,
5870.0,heavy,3102,0,1.428,
5873.3,heavy,3103,0,5.423,
5876.7,heavy,3101,1,4.234,
5880.0,heavy,3102,1,1.606,
5883.3,heavy,3103,0,4.887,
5886.7,heavy,3101,0,3.787,
5890.0,heavy,3102,0,1.672,
5893.3,heavy,3103,1,6.103,
5896.7,heavy,3101,0,6.886,
5900.0,heavy,3102,1,1.373,
5900.0,light-1,3101,1,2.637,
5900.0,light-3,3103,1,3.435,
5900.0,light-5,3102,1,5.968,
5900.0,light-2,3102,1,7.025,
5900.0,light-4,3101,1,7.483,
5903.3,heavy,3103,0,6.341,
5906.7,heavy,3103,0,5.598,
5910.0,heavy,3101,1,5.070,
5913.3,heavy,3102,0,1.131,
5916.7,heavy,3103,1,3.315,
5920.0,heavy,3101,0,3.687,
5923.3,heavy,3102,0,1.117,
5926.7,heavy,3103,0,2.899,
5930.0,heavy,3101,0,3.612,
5933.3,heavy,3102,1,1.253,
5936.7,heavy,3103,0,3.041,
5940.0,heavy,3101,0,2.755,
5943.3,heavy,3102,1,2.291,
5946.7,heavy,3103,0,3.430,
5950.0,heavy,3101,0,3.604,
5953.3,heavy,3102,1,2.054,
5956.7,heavy,3103,0,4.453,
5960.0,heavy,3101,1,3.438,
5963.3,heavy,3102,0,1.053,
5966.7,heavy,3103,0,3.369,
5970.0,heavy,3101,1,3.494,
5973.3,heavy,3102,0,1.247,
5976.7,heavy,3103,0,3.201,
5980.0,heavy,3101,0,3.381,
5983.3,heavy,3102,1,1.199,
5986.7,heavy,3103,1,6.415,
5990.0,heavy,3101,0,6.717,
5993.3,heavy,3102,1,2.419,
5996.7,heavy,3103,0,6.753,
6000.0,heavy,3101,0,6.918,
6000.0,light-4,3102,1,3.315,
6000.0,light-2,3103,1,3.583,
6000.0,light-1,3102,1,6.057,
6000.0,light-3,3101,1,7.988,
6000.0,light-5,3103,1,8.144,
6003.3,heavy,3101,0,6.314,
6006.7,heavy,3102,0,0.929,
6010.0,heavy,3103,0,3.478,
6013.3,heavy,3101,0,6.065,
6016.7,heavy,3102,1,1.207,
6020.0,heavy,3103,1,3.567,
6023.3,heavy,3101,0,3.348,
6026.7,heavy,3102,0,0.902,
6030.0,heavy,3103,0,3.225,
6033.3,heavy,3101,1,3.252,
6036.7,heavy,3102,0,1.326,
6040.0,heavy,3103,0,4.110,
6043.3,heavy,3101,0,4.323,
6046.7,heavy,3102,1,1.201,
6050.0,heavy,3103,1,3.274,
6053.3,heavy,3101,0,3.008,
6056.7,heavy,3102,0,1.175,
6060.0,heavy,3103,1,3.492,
6063.3,heavy,3101,0,3.589,
6066.7,heavy,3102,0,1.324,
6070.0,heavy,3103,0,2.963,
6073.3,heavy,3101,1,3.374,
6076.7,heavy,3102,0,1.667,
6080.0,heavy,3103,0,4.213,
6083.3,heavy,3101,1,3.695,
6086.7,heavy,3102,1,1.422,
6090.0,heavy,3103,0,4.562,
6093.3,heavy,3101,0,4.364,
6096.7,heavy,3102,0,1.143,
6100.0,heavy,3103,0,6.012,
6100.0,light-5,3101,1,3.289,
6100.0,light-3,3102,1,5.277,
6100.0,light-2,3101,1,5.672,
6100.0,light-1,3103,1,6.265,
6100.0,light-4,3103,1,6.911,
6103.3,heavy,3101,0,4.625,
6106.7,heavy,3102,1,1.482,
6110.0,heavy,3102,0,2.217,
6113.3,heavy,3103,1,4.874,
6116.7,heavy,3101,0,2.659,
6120.0,heavy,3102,1,1.410,
6123.3,heavy,3103,0,3.053,
6126.7,heavy,3101,0,2.677,
6130.0,heavy,3102,0,0.933,
6133.3,heavy,3103,0,3.325,
6136.7,heavy,3101,1,3.626,
6140.0,heavy,3102,1,1.335,
6143.3,heavy,3103,0,3.040,
6146.7,heavy,3101,0,3.579,
6150.0,heavy,3102,0,1.127,
6153.3,heavy,3103,0,4.153,
6156.7,heavy,3101,1,3.469,
6160.0,heavy,3102,1,1.263,
6163.3,heavy,3103,0,4.064,
6166.7,heavy,3101,0,3.886,
6170.0,heavy,3102,0,0.822,
6173.3,heavy,3103,1,3.658,
6176.7,heavy,3101,0,2.897,
6180.0,heavy,3102,1,1.073,
6183.3,heavy,3103,0,3.623,
6186.7,heavy,3101,0,2.262,
6190.0,heavy,3102,1,2.288,
6193.3,heavy,3103,0,6.067,
6196.7,heavy,3101,0,4.750,
6200.0,heavy,3102,1,2.391,
6200.0,light-1,3101,1,2.736,
6200.0,light-3,3103,1,3.292,
6200.0,light-4,3101,1,7.448,
6200.0,light-2,3102,1,8.067,
6200.0,light-5,3102,1,9.367,
6203.3,heavy,3103,0,6.793,
6206.7,heavy,3103,0,6.388,
6210.0,heavy,3101,1,4.668,
6213.3,heavy,3102,0,2.149,
6216.7,heavy,3103,1,3.922,
6220.0,heavy,3101,0,4.180,
6223.3,heavy,3102,0,0.960,
6226.7,heavy,3103,0,4.495,
6230.0,heavy,3101,0,3.706,
6233.3,heavy,3102,1,1.941,
6236.7,heavy,3103,0,3.896,
6240.0,heavy,3101,0,2.758,
6243.3,heavy,3102,1,2.379,
6246.7,heavy,3103,1,3.923,
6250.0,heavy,3101,0,4.175,
6253.3,heavy,3102,0,2.238,
6256.7,heavy,3103,0,4.940,
6260.0,heavy,3101,0,4.179,
6263.3,heavy,3102,1,1.379,
6266.7,heavy,3103,0,5.583,
6270.0,heavy,3101,1,2.826,
6273.3,heavy,3102,0,0.947,
6276.7,heavy,3103,0,3.937,
6280.0,heavy,3101,0,4.299,
6283.3,heavy,3102,1,1.835,
6286.7,heavy,3103,0,3.404,
6290.0,heavy,3101,1,3.756,
6293.3,heavy,3102,0,1.107,
6296.7,heavy,3103,0,3.122,
6300.0,heavy,3101,1,7.174,
6300.0,light-2,3103,1,1.537,
6300.0,light-4,3102,1,3.392,
6300.0,light-3,3101,1,6.082,
6300.0,light-1,3102,1,6.771,
6300.0,light-5,3103,1,6.684,
6303.3,heavy,3101,0,5.888,
6306.7,heavy,3102,0,0.916,
6310.0,heavy,3103,0,3.947,
6313.3,heavy,3101,1,3.025,
6316.7,heavy,3102,0,1.105,
6320.0,heavy,3103,0,4.002,
6323.3,heavy,3101,0,3.291,
6326.7,heavy,3102,1,1.229,
6330.0,heavy,3103,0,4.483,
6333.3,heavy,3101,1,3.145,
6336.7,heavy,3102,0,1.114,
6340.0,heavy,3103,0,4.640,
6343.3,heavy,3101,1,3.809,
6346.7,heavy,3102,0,0.924,
6350.0,heavy,3103,0,4.131,
6353.3,heavy,3101,0,3.213,
6356.7,heavy,3102,1,1.302,
6360.0,heavy,3103,1,4.090,
6363.3,heavy,3101,0,3.098,
6366.7,heavy,3102,0,1.168,
6370.0,heavy,3103,0,3.884,
6373.3,heavy,3101,1,3.082,
6376.7,heavy,3102,0,0.957,
6380.0,heavy,3103,1,4.052,
6383.3,heavy,3101,0,2.925,
6386.7,heavy,3102,1,1.104,
6390.0,heavy,3103,0,4.649,
6393.3,heavy,3101,0,2.433,
6396.7,heavy,3102,1,1.475,
6400.0,heavy,3103,0,4.461,
6400.0,light-2,3103,1,2.408,
6400.0,light-4,3102,1,2.636,
6400.0,light-1,3102,1,5.779,
6400.0,light-5,3103,1,6.597,
6400.0,light-3,3101,1,7.922,
6403.3,heavy,3101,0,5.628,
6406.7,heavy,3101,0,6.317,
6410.0,heavy,3102,0,1.983,
6413.3,heavy,3103,1,3.535,
6416.7,heavy,3101,0,3.627,
6420.0,heavy,3102,0,0.857,
6423.3,heavy,3103,1,3.350,
6426.7,heavy,3101,0,3.190,
6430.0,heavy,3102,1,1.191,
6433.3,heavy,3103,0,3.607,
6436.7,heavy,3101,0,3.449,
6440.0,heavy,3102,0,0.633,
6443.3,heavy,3103,1,4.106,
6446.7,heavy,3101,0,3.259,
6450.0,heavy,3102,1,1.313,
6453.3,heavy,3103,0,3.611,
6456.7,heavy,3101,0,3.541,
6460.0,heavy,3102,0,1.071,
6463.3,heavy,3103,1,3.568,
6466.7,heavy,3101,0,3.787,
6470.0,heavy,3102,0,0.851,
6473.3,heavy,3103,1,4.355,
6476.7,heavy,3101,0,3.605,
6480.0,heavy,3102,1,1.514,
6483.3,heavy,3103,0,4.804,
6486.7,heavy,3101,0,2.765,
6490.0,heavy,3102,0,0.882,
6493.3,heavy,3103,1,4.103,
6496.7,heavy,3101,0,5.135,
6500.0,heavy,3102,1,1.472,
6500.0,light-5,3101,1,3.028,
6500.0,light-2,3101,1,6.323,
6500.0,light-3,3102,1,8.110,
6500.0,light-1,3103,1,9.094,
6500.0,light-4,3103,1,10.125,
6503.3,heavy,3102,0,2.173,
6506.7,heavy,3103,0,7.407,
6510.0,heavy,3101,1,4.252,
6513.3,heavy,3102,0,1.522,
6516.7,heavy,3103,0,5.503,
6520.0,heavy,3101,0,4.517,
6523.3,heavy,3102,1,1.481,
6526.7,heavy,3103,0,6.243,
6530.0,heavy,3101,1,4.062,
6533.3,heavy,3102,0,1.281,
6536.7,heavy,3103,0,3.480,
6540.0,heavy,3101,0,3.701,
6543.3,heavy,3102,1,1.538,
6546.7,heavy,3103,0,3.322,
6550.0,heavy,3101,1,3.555,
6553.3,heavy,3102,0,0.992,
6556.7,heavy,3103,0,3.469,
6560.0,heavy,3101,1,3.460,
6563.3,heavy,3102,0,1.409,
6566.7,heavy,3103,0,3.113,
6570.0,heavy,3101,0,3.381,
6573.3,heavy,3102,1,1.155,
6576.7,heavy,3103,0,3.382,
6580.0,heavy,3101,0,2.872,
6583.3,heavy,3102,1,1.041,
6586.7,heavy,3103,0,3.718,
6590.0,heavy,3101,1,2.981,
6593.3,heavy,3102,0,0.945,
6596.7,heavy,3103,0,6.865,
6600.0,heavy,3101,0,5.840,
6600.0,light-1,3101,1,2.617,
6600.0,light-3,3103,1,3.685,
6600.0,light-5,3102,1,6.061,
6600.0,light-4,3101,1,6.467,
6600.0,light-2,3102,1,7.215,
6603.3,heavy,3102,1,1.600,
6606.7,heavy,3103,0,7.150,
6610.0,heavy,3103,1,5.958,
6613.3,heavy,3101,0,2.816,
6616.7,heavy,3102,0,1.247,
6620.0,heavy,3103,1,3.850,
6623.3,heavy,3101,0,3.696,
6626.7,heavy,3102,0,1.588,
6630.0,heavy,3103,0,3.300,
6633.3,heavy,3101,1,3.482,
6636.7,heavy,3102,0,1.065,
6640.0,heavy,3103,1,4.683,
6643.3,heavy,3101,0,4.950,
6646.7,heavy,3102,1,1.543,
6650.0,heavy,3103,0,5.310,
6653.3,heavy,3101,0,5.661,
6656.7,heavy,3102,0,1.260,
6660.0,heavy,3103,0,4.123,
6663.3,heavy,3101,0,2.988,
6666.7,heavy,3102,1,1.129,
6670.0,heavy,3103,0,3.507,
6673.3,heavy,3101,1,3.294,
6676.7,heavy,3102,0,0.968,
6680.0,heavy,3103,0,3.763,
6683.3,heavy,3101,1,2.935,
6686.7,heavy,3102,0,1.049,
6690.0,heavy,3103,0,4.441,
6693.3,heavy,3101,0,2.863,
6696.7,heavy,3102,1,1.292,
6700.0,heavy,3103,1,6.296,
6700.0,light-3,3103,1,1.755,
6700.0,light-1,3101,1,2.086,
6700.0,light-2,3102,1,5.339,
6700.0,light-4,3101,1,5.832,
6700.0,light-5,3102,1,6.078,
6703.3,heavy,3103,0,5.700,
6706.7,heavy,3101,0,2.774,
6710.0,heavy,3102,1,1.231,
6713.3,heavy,3103,0,3.289,
6716.7,heavy,3101,0,2.825,
6720.0,heavy,3102,0,0.944,
6723.3,heavy,3103,1,4.246,
6726.7,heavy,3101,0,3.421,
6730.0,heavy,3102,1,1.520,
6733.3,heavy,3103,0,2.938,
6736.7,heavy,3101,0,3.220,
6740.0,heavy,3102,0,1.112,
6743.3,heavy,3103,0,3.750,
6746.7,heavy,3101,1,3.064,
6750.0,heavy,3102,0,0.887,
6753.3,heavy,3103,1,4.353,
6756.7,heavy,3101,0,4.736,
6760.0,heavy,3102,1,2.676,
6763.3,heavy,3103,0,4.759,
6766.7,heavy,3101,0,4.048,
6770.0,heavy,3102,0,1.106,
6773.3,heavy,3103,1,4.298,
6776.7,heavy,3101,0,4.665,
6780.0,heavy,3102,0,1.139,
6783.3,heavy,3103,0,5.173,
6786.7,heavy,3101,1,4.080,
6790.0,heavy,3102,1,1.648,
6793.3,heavy,3103,0,5.519,
6796.7,heavy,3101,0,3.543,
6800.0,heavy,3102,0,1.579,
6800.0,light-5,3101,1,2.921,
6800.0,light-2,3101,1,4.968,
6800.0,light-1,3103,1,5.197,
6800.0,light-3,3102,1,5.645,
6800.0,light-4,3103,1,5.810,
6803.3,heavy,3102,1,1.413,
6806.7,heavy,3103,0,3.614,
6810.0,heavy,3101,0,3.988,
6813.3,heavy,3102,1,1.351,
6816.7,heavy,3103,0,3.958,
6820.0,heavy,3101,0,4.259,
6823.3,heavy,3102,1,1.550,
6826.7,heavy,3103,0,3.526,
6830.0,heavy,3101,0,3.401,
6833.3,heavy,3102,1,1.082,
6836.7,heavy,3103,0,3.187,
6840.0,heavy,3101,1,3.359,
6843.3,heavy,3102,0,1.211,
6846.7,heavy,3103,0,3.599,
6850.0,heavy,3101,0,2.825,
6853.3,heavy,3102,1,1.077,
6856.7,heavy,3103,0,2.869,
6860.0,heavy,3101,0,2.910,
6863.3,heavy,3102,1,0.905,
6866.7,heavy,3103,0,3.313,
6870.0,heavy,3101,1,2.867,
6873.3,heavy,3102,0,1.087,
6876.7,heavy,3103,0,2.633,
6880.0,heavy,3101,0,3.316,
6883.3,heavy,3102,1,1.340,
6886.7,heavy,3103,0,6.125,
6890.0,heavy,3101,1,5.588,
6893.3,heavy,3102,1,1.410,
6896.7,heavy,3103,0,6.308,
6900.0,heavy,3101,0,7.389,
6900.0,light-4,3102,1,2.849,
6900.0,light-2,3103,1,3.492,
6900.0,light-1,3102,1,5.685,
6900.0,light-3,3101,1,8.726,
6900.0,light-5,3103,1,8.974,
6903.3,heavy,3101,0,6.644,
6906.7,heavy,3102,0,1.348,
6910.0,heavy,3103,0,3.145,
6913.3,heavy,3101,1,2.897,
6916.7,heavy,3102,1,1.599,
6920.0,heavy,3103,0,3.489,
6923.3,heavy,3101,1,3.013,
6926.7,heavy,3102,0,1.371,
6930.0,heavy,3103,0,4.098,
6933.3,heavy,3101,0,2.859,
6936.7,heavy,3102,0,1.313,
6940.0,heavy,3103,0,3.113,
6943.3,heavy,3101,0,2.612,
6946.7,heavy,3102,1,0.941,
6950.0,heavy,3103,0,4.713,
6953.3,heavy,3101,1,3.980,
6956.7,heavy,3102,1,1.268,
6960.0,heavy,3103,0,5.012,
6963.3,heavy,3101,0,4.213,
6966.7,heavy,3102,0,0.998,
6970.0,heavy,3103,0,3.120,
6973.3,heavy,3101,0,3.437,
6976.7,heavy,3102,1,1.127,
6980.0,heavy,3103,0,3.131,
6983.3,heavy,3101,1,2.577,
6986.7,heavy,3102,0,1.428,
6990.0,heavy,3103,1,3.279,
6993.3,heavy,3101,0,2.998,
6996.7,heavy,3102,0,1.033,
7000.0,heavy,3103,1,5.543,
7000.0,light-1,3101,1,1.516,
7000.0,light-3,3103,1,2.635,
7000.0,light-4,3101,1,5.404,
7000.0,light-2,3102,1,5.595,
7000.0,light-5,3102,1,5.844,
7003.3,heavy,3103,0,5.527,
7006.7,heavy,3101,0,3.255,
7010.0,heavy,3102,0,0.990,
7013.3,heavy,3103,1,3.881,
7016.7,heavy,3101,0,3.169,
7020.0,heavy,3102,1,1.400,
7023.3,heavy,3103,0,3.939,
7026.7,heavy,3101,0,2.454,
7030.0,heavy,3102,0,0.879,
7033.3,heavy,3103,0,3.568,
7036.7,heavy,3101,0,3.021,
7040.0,heavy,3102,1,1.058,
7043.3,heavy,3103,0,4.451,
7046.7,heavy,3101,1,3.552,
7050.0,heavy,3102,1,1.216,
7053.3,heavy,3103,0,5.417,
7056.7,heavy,3101,0,3.335,
7060.0,heavy,3102,0,0.898,
7063.3,heavy,3103,0,3.243,
7066.7,heavy,3101,1,3.475,
7070.0,heavy,3102,1,1.122,
7073.3,heavy,3103,0,2.615,
7076.7,heavy,3101,0,2.841,
7080.0,heavy,3102,1,1.408,
7083.3,heavy,3103,0,3.255,
7086.7,heavy,3101,0,2.827,
7090.0,heavy,3102,0,0.887,
7093.3,heavy,3103,1,5.331,
7096.7,heavy,3101,0,4.288,
7100.0,heavy,3102,1,1.274,
7100.0,light-5,3101,1,3.030,
7100.0,light-2,3101,1,4.772,
7100.0,light-3,3102,1,5.051,
7100.0,light-1,3103,1,5.453,
7100.0,light-4,3103,1,6.253,
7103.3,heavy,3102,0,1.138,
7106.7,heavy,3103,0,3.173,
7110.0,heavy,3101,0,2.483,
7113.3,heavy,3102,1,1.766,
7116.7,heavy,3103,0,3.408,
7120.0,heavy,3101,0,2.429,
7123.3,heavy,3102,1,1.685,
7126.7,heavy,3103,1,3.103,
7130.0,heavy,3101,0,3.767,
7133.3,heavy,3102,0,1.276,
7136.7,heavy,3103,0,2.421,
7140.0,heavy,3101,0,2.928,
7143.3,heavy,3102,1,1.128,
7146.7,heavy,3103,0,2.933,
7150.0,heavy,3101,0,3.112,
7153.3,heavy,3102,1,0.867,
7156.7,heavy,3103,0,2.856,
7160.0,heavy,3101,0,3.910,
7163.3,heavy,3102,1,1.242,
7166.7,heavy,3103,0,2.850,
7170.0,heavy,3101,0,4.777,
7173.3,heavy,3102,1,1.521,
7176.7,heavy,3103,0,3.882,
7180.0,heavy,3101,0,3.839,
7183.3,heavy,3102,1,1.048,
7186.7,heavy,3103,0,3.476,
7190.0,heavy,3101,0,3.810,
7193.3,heavy,3102,1,1.459,
7196.7,heavy,3103,0,3.922,
7200.0,heavy,3101,1,6.038,
7200.0,light-2,3103,1,1.419,
7200.0,light-4,3102,1,2.765,
7200.0,light-5,3103,1,5.473,
7200.0,light-1,3102,1,6.478,
7200.0,light-3,3101,1,7.244,
7203.3,heavy,3101,0,5.223,
7206.7,heavy,3102,0,1.089,
7210.0,heavy,3103,1,3.996,
7213.3,heavy,3101,0,4.266,
7216.7,heavy,3102,1,1.282,
7220.0,heavy,3103,0,4.241,
7223.3,heavy,3101,0,5.641,
7226.7,heavy,3102,0,0.853,
7230.0,heavy,3103,0,3.513,
7233.3,heavy,3101,1,3.227,
7236.7,heavy,3102,0,1.161,
7240.0,heavy,3103,1,3.963,
7243.3,heavy,3101,0,3.952,
7246.7,heavy,3102,1,1.262,
7250.0,heavy,3103,0,4.153,
7253.3,heavy,3101,0,4.604,
7256.7,heavy,3102,0,1.316,
7260.0,heavy,3103,0,3.034,
7263.3,heavy,3101,1,3.871,
7266.7,heavy,3102,1,1.972,
7270.0,heavy,3103,0,3.158,
7273.3,heavy,3101,0,2.839,
7276.7,heavy,3102,0,0.880,
7280.0,heavy,3103,0,3.786,
7283.3,heavy,3101,1,3.188,
7286.7,heavy,3102,0,0.749,
7290.0,heavy,3103,0,2.134,
7293.3,heavy,3101,1,7.411,
7296.7,heavy,3102,1,1.333,
7300.0,heavy,3103,0,5.409,
7300.0,light-3,3103,1,2.564,
7300.0,light-1,3101,1,3.209,
7300.0,light-2,3102,1,5.456,
7300.0,light-5,3102,1,6.549,
7300.0,light-4,3101,1,8.174,
7303.3,heavy,3103,0,5.376,
7306.7,heavy,3101,0,5.375,
7310.0,heavy,3102,0,0.913,
7313.3,heavy,3103,1,3.267,
7316.7,heavy,3101,0,3.000,
7320.0,heavy,3102,1,2.197,
7323.3,heavy,3103,0,3.771,
7326.7,heavy,3101,0,4.216,
7330.0,heavy,3102,1,2.163,
7333.3,heavy,3103,0,3.750,
7336.7,heavy,3101,0,2.950,
7340.0,heavy,3102,0,1.489,
7343.3,heavy,3103,1,3.541,
7346.7,heavy,3101,0,3.859,
7350.0,heavy,3102,1,0.822,
7353.3,heavy,3103,0,4.171,
7356.7,heavy,3101,0,3.318,
7360.0,heavy,3102,1,1.243,
7363.3,heavy,3103,0,4.362,
7366.7,heavy,3101,0,2.482,
7370.0,heavy,3102,0,0.750,
7373.3,heavy,3103,1,3.603,
7376.7,heavy,3101,0,2.876,
7380.0,heavy,3102,1,0.904,
7383.3,heavy,3103,0,3.892,
7386.7,heavy,3101,0,2.678,
7390.0,heavy,3102,1,1.113,
7393.3,heavy,3103,0,4.225,
7396.7,heavy,3101,0,4.453,
7400.0,heavy,3102,0,1.492,
7400.0,light-5,3101,1,2.303,
7400.0,light-2,3101,1,4.273,
7400.0,light-1,3103,1,4.889,
7400.0,light-3,3102,1,4.894,
7400.0,light-4,3103,1,4.950,
7403.3,heavy,3102,1,0.859,
7406.7,heavy,3103,0,4.161,
7410.0,heavy,3101,1,3.339,
7413.3,heavy,3102,0,0.869,
7416.7,heavy,3103,0,4.084,
7420.0,heavy,3101,0,3.305,
7423.3,heavy,3102,1,1.539,
7426.7,heavy,3103,0,4.287,
7430.0,heavy,3101,0,2.815,
7433.3,heavy,3102,1,1.423,
7436.7,heavy,3103,1,3.504,
7440.0,heavy,3101,0,3.740,
7443.3,heavy,3102,0,0.872,
7446.7,heavy,3103,0,2.948,
7450.0,heavy,3101,0,3.134,
7453.3,heavy,3102,1,1.238,
7456.7,heavy,3103,0,3.913,
7460.0,heavy,3101,1,3.199,
7463.3,heavy,3102,0,0.943,
7466.7,heavy,3103,0,2.849,
7470.0,heavy,3101,0,3.433,
7473.3,heavy,3102,1,1.223,
7476.7,heavy,3103,0,2.471,
7480.0,heavy,3101,0,3.555,
7483.3,heavy,3102,1,1.129,
7486.7,heavy,3103,0,2.896,
7490.0,heavy,3101,0,3.025,
7493.3,heavy,3102,1,2.039,
7496.7,heavy,3103,0,5.978,
7500.0,heavy,3101,0,4.400,
7500.0,light-5,3101,1,3.349,
7500.0,light-2,3101,1,5.381,
7500.0,light-3,3102,1,5.833,
7500.0,light-1,3103,1,6.066,
7500.0,light-4,3103,1,7.215,
7503.3,heavy,3102,1,1.797,
7506.7,heavy,3102,0,0.964,
7510.0,heavy,3103,1,4.219,
7513.3,heavy,3101,0,3.174,
7516.7,heavy,3102,0,1.046,
7520.0,heavy,3103,1,3.933,
7523.3,heavy,3101,0,4.220,
7526.7,heavy,3102,1,1.248,
7530.0,heavy,3103,0,4.409,
7533.3,heavy,3101,0,4.218,
7536.7,heavy,3102,0,0.917,
7540.0,heavy,3103,0,4.146,
7543.3,heavy,3101,0,3.368,
7546.7,heavy,3102,1,1.493,
7550.0,heavy,3103,1,4.457,
7553.3,heavy,3101,0,2.799,
7556.7,heavy,3102,0,0.957,
7560.0,heavy,3103,1,3.569,
7563.3,heavy,3101,0,3.869,
7566.7,heavy,3102,0,0.891,
7570.0,heavy,3103,1,3.583,
7573.3,heavy,3101,0,2.660,
7576.7,heavy,3102,1,1.208,
7580.0,heavy,3103,0,4.045,
7583.3,heavy,3101,0,2.439,
7586.7,heavy,3102,1,1.380,
7590.0,heavy,3103,0,4.916,
7593.3,heavy,3101,0,3.639,
7596.7,heavy,3102,0,1.393,
7600.0,heavy,3103,1,5.359,
7600.0,light-1,3101,1,1.132,
7600.0,light-3,3103,1,2.439,
7600.0,light-2,3102,1,4.404,
7600.0,light-4,3101,1,4.550,
7600.0,light-5,3102,1,5.502,
7603.3,heavy,3103,0,4.706,
7606.7,heavy,3101,0,2.958,
7610.0,heavy,3102,0,0.788,
7613.3,heavy,3103,0,4.349,
7616.7,heavy,3101,1,3.525,
7620.0,heavy,3102,1,1.314,
7623.3,heavy,3103,0,4.233,
7626.7,heavy,3101,0,4.034,
7630.0,heavy,3102,0,1.263,
7633.3,heavy,3103,0,4.252,
7636.7,heavy,3101,1,2.809,
7640.0,heavy,3102,1,1.800,
7643.3,heavy,3103,0,2.701,
7646.7,heavy,3101,0,2.659,
7650.0,heavy,3102,1,1.538,
7653.3,heavy,3103,0,3.466,
7656.7,heavy,3101,0,3.916,
7660.0,heavy,3102,0,1.000,
7663.3,heavy,3103,1,4.248,
7666.7,heavy,3101,0,4.667,
7670.0,heavy,3102,1,1.284,
7673.3,heavy,3103,0,3.427,
7676.7,heavy,3101,0,3.440,
7680.0,heavy,3102,0,1.054,
7683.3,heavy,3103,1,3.053,
7686.7,heavy,3101,0,3.180,
7690.0,heavy,3102,0,0.775,
7693.3,heavy,3103,1,6.590,
7696.7,heavy,3101,0,5.524,
7700.0,heavy,3102,1,1.501,
7700.0,light-1,3101,1,2.797,
7700.0,light-3,3103,1,4.005,
7700.0,light-5,3102,1,5.796,
7700.0,light-4,3101,1,6.241,
7700.0,light-2,3102,1,6.999,
7703.3,heavy,3103,0,10.260,
7706.7,heavy,3103,0,8.060,
7710.0,heavy,3101,0,2.819,
7713.3,heavy,3102,1,1.461,
7716.7,heavy,3103,0,3.198,
7720.0,heavy,3101,1,2.875,
7723.3,heavy,3102,0,1.082,
7726.7,heavy,3103,0,3.662,
7730.0,heavy,3101,0,3.177,
7733.3,heavy,3102,1,1.149,
7736.7,heavy,3103,0,2.959,
7740.0,heavy,3101,1,2.731,
7743.3,heavy,3102,0,0.974,
7746.7,heavy,3103,0,3.570,
7750.0,heavy,3101,0,3.183,
7753.3,heavy,3102,1,1.033,
7756.7,heavy,3103,0,3.182,
7760.0,heavy,3101,0,3.435,
7763.3,heavy,3102,1,1.115,
7766.7,heavy,3103,1,4.433,
7770.0,heavy,3101,0,4.755,
7773.3,heavy,3102,1,1.664,
7776.7,heavy,3103,0,5.072,
7780.0,heavy,3101,0,4.879,
7783.3,heavy,3102,0,1.025,
7786.7,heavy,3103,0,3.946,
7790.0,heavy,3101,0,3.000,
7793.3,heavy,3102,1,1.055,
7796.7,heavy,3103,0,3.763,
7800.0,heavy,3101,1,5.202,
7800.0,light-2,3103,1,1.427,
7800.0,light-4,3102,1,2.574,
7800.0,light-1,3102,1,4.811,
7800.0,light-5,3103,1,4.956,
7800.0,light-3,3101,1,6.771,
7803.3,heavy,3101,0,4.843,
7806.7,heavy,3102,0,1.019,
7810.0,heavy,3103,0,3.563,
7813.3,heavy,3101,1,2.874,
7816.7,heavy,3102,0,1.380,
7820.0,heavy,3103,0,3.586,
7823.3,heavy,3101,0,3.961,
7826.7,heavy,3102,1,1.150,
7830.0,heavy,3103,0,3.127,
7833.3,heavy,3101,1,3.938,
7836.7,heavy,3102,1,1.357,
7840.0,heavy,3103,0,3.442,
7843.3,heavy,3101,0,3.116,
7846.7,heavy,3102,0,0.848,
7850.0,heavy,3103,0,3.407,
7853.3,heavy,3101,0,3.560,
7856.7,heavy,3102,1,1.546,
7860.0,heavy,3103,0,2.785,
7863.3,heavy,3101,1,3.064,
7866.7,heavy,3102,0,1.238,
7870.0,heavy,3103,1,3.300,
7873.3,heavy,3101,0,3.209,
7876.7,heavy,3102,0,0.854,
7880.0,heavy,3103,0,2.778,
7883.3,heavy,3101,0,2.738,
7886.7,heavy,3102,1,1.051,
7890.0,heavy,3103,0,2.862,
7893.3,heavy,3101,1,3.031,
7896.7,heavy,3102,0,1.008,
7900.0,heavy,3103,0,5.830,
7900.0,light-2,3103,1,2.440,
7900.0,light-4,3102,1,2.918,
7900.0,light-1,3102,1,5.114,
7900.0,light-5,3103,1,7.285,
7900.0,light-3,3101,1,8.167,
7903.3,heavy,3101,1,4.932,
7906.7,heavy,3101,0,6.158,
7910.0,heavy,3102,0,1.483,
7913.3,heavy,3103,0,3.673,
7916.7,heavy,3101,0,4.059,
7920.0,heavy,3102,1,1.435,
7923.3,heavy,3103,1,2.574,
7926.7,heavy,3101,0,3.489,
7930.0,heavy,3102,1,1.266,
7933.3,heavy,3103,0,8.602,
7936.7,heavy,3101,0,2.671,
7940.0,heavy,3102,0,0.849,
7943.3,heavy,3103,1,2.898,
7946.7,heavy,3101,0,2.866,
7950.0,heavy,3102,0,1.246,
7953.3,heavy,3103,1,4.097,
7956.7,heavy,3101,0,4.288,
7960.0,heavy,3102,1,1.465,
7963.3,heavy,3103,0,4.571,
7966.7,heavy,3101,0,4.824,
7970.0,heavy,3102,0,1.087,
7973.3,heavy,3103,0,4.726,
7976.7,heavy,3101,1,3.449,
7980.0,heavy,3102,1,1.736,
7983.3,heavy,3103,0,3.379,
7986.7,heavy,3101,0,2.808,
7990.0,heavy,3102,1,1.468,
7993.3,heavy,3103,0,3.767,
7996.7,heavy,3101,0,2.748,
8000.0,heavy,3102,0,0.991,
8000.0,light-5,3101,1,1.861,
8000.0,light-2,3101,1,3.438,
8000.0,light-1,3103,1,4.042,
8000.0,light-3,3102,1,4.117,
8000.0,light-4,3103,1,4.209,
8003.3,heavy,3102,1,0.899,
8006.7,heavy,3103,0,3.649,
8010.0,heavy,3101,0,3.977,
8013.3,heavy,3102,1,1.298,
8016.7,heavy,3103,0,2.930,
8020.0,heavy,3101,0,3.693,
8023.3,heavy,3102,1,1.118,
8026.7,heavy,3103,0,3.366,
8030.0,heavy,3101,1,3.345,
8033.3,heavy,3102,0,1.066,
8036.7,heavy,3103,0,2.892,
8040.0,heavy,3101,0,3.077,
8043.3,heavy,3102,1,1.150,
8046.7,heavy,3103,0,3.816,
8050.0,heavy,3101,0,4.163,
8053.3,heavy,3102,1,1.228,
8056.7,heavy,3103,0,4.205,
8060.0,heavy,3101,1,4.322,
8063.3,heavy,3102,0,0.983,
8066.7,heavy,3103,0,3.749,
8070.0,heavy,3101,0,3.285,
8073.3,heavy,3102,1,1.448,
8076.7,heavy,3103,0,3.760,
8080.0,heavy,3101,0,2.665,
8083.3,heavy,3102,1,1.488,
8086.7,heavy,3103,0,3.763,
8090.0,heavy,3101,1,2.981,
8093.3,heavy,3102,0,1.086,
8096.7,heavy,3103,0,6.524,
8100.0,heavy,3101,0,5.580,
8100.0,light-1,3101,1,2.364,
8100.0,light-3,3103,1,3.118,
8100.0,light-2,3102,1,5.932,
8100.0,light-5,3102,1,6.114,
8100.0,light-4,3101,1,8.662,
8103.3,heavy,3102,1,1.383,
8106.7,heavy,3103,0,6.443,
8110.0,heavy,3103,1,5.105,
8113.3,heavy,3101,0,6.506,
8116.7,heavy,3102,0,1.406,
8120.0,heavy,3103,0,2.927,
8123.3,heavy,3101,1,3.116,
8126.7,heavy,3102,1,1.387,
8130.0,heavy,3103,0,3.324,
8133.3,heavy,3101,0,2.872,
8136.7,heavy,3102,0,0.835,
8140.0,heavy,3103,0,3.358,
8143.3,heavy,3101,0,3.730,
8146.7,heavy,3102,1,1.233,
8150.0,heavy,3103,1,3.023,
8153.3,heavy,3101,0,2.562,
8156.7,heavy,3102,0,1.153,
8160.0,heavy,3103,1,3.137,
8163.3,heavy,3101,0,3.335,
8166.7,heavy,3102,0,1.347,
8170.0,heavy,3103,0,3.174,
8173.3,heavy,3101,0,3.726,
8176.7,heavy,3102,1,1.457,
8180.0,heavy,3103,1,3.896,
8183.3,heavy,3101,0,3.238,
8186.7,heavy,3102,0,1.051,
8190.0,heavy,3103,0,3.985,
8193.3,heavy,3101,1,3.104,
8196.7,heavy,3102,0,0.945,
8200.0,heavy,3103,0,7.475,
8200.0,light-1,3101,1,2.557,
8200.0,light-3,3103,1,3.627,
8200.0,light-2,3102,1,6.226,
8200.0,light-5,3102,1,8.097,
8200.0,light-4,3101,1,8.425,
8203.3,heavy,3101,1,7.348,
8206.7,heavy,3102,1,1.507,
8210.0,heavy,3103,0,7.298,
8213.3,heavy,3103,0,6.095,
8216.7,heavy,3101,0,5.044,
8220.0,heavy,3102,1,1.500,
8223.3,heavy,3103,0,4.689,
8226.7,heavy,3101,0,3.855,
8230.0,heavy,3102,1,1.203,
8233.3,heavy,3103,0,3.464,
8236.7,heavy,3101,0,4.635,
8240.0,heavy,3102,0,1.506,
8243.3,heavy,3103,1,4.064,
8246.7,heavy,3101,0,4.366,
8250.0,heavy,3102,1,1.259,
8253.3,heavy,3103,0,4.394,
8256.7,heavy,3101,0,4.480,
8260.0,heavy,3102,0,0.915,
8263.3,heavy,3103,1,4.033,
8266.7,heavy,3101,0,3.302,
8270.0,heavy,3102,1,1.217,
8273.3,heavy,3103,0,3.133,
8276.7,heavy,3101,0,3.031,
8280.0,heavy,3102,0,1.337,
8283.3,heavy,3103,1,2.687,
8286.7,heavy,3101,0,3.209,
8290.0,heavy,3102,0,0.964,
8293.3,heavy,3103,0,7.283,
8296.7,heavy,3101,1,6.035,
8300.0,heavy,3102,1,2.037,
8300.0,light-1,3101,1,2.864,
8300.0,light-3,3103,1,3.938,
8300.0,light-2,3102,1,6.521,
8300.0,light-5,3102,1,6.752,
8300.0,light-4,3101,1,6.986,
8303.3,heavy,3103,0,7.547,
8306.7,heavy,3103,0,5.608,
8310.0,heavy,3101,1,4.552,
8313.3,heavy,3102,0,1.050,
8316.7,heavy,3103,0,2.650,
8320.0,heavy,3101,1,3.007,
8323.3,heavy,3102,0,1.024,
8326.7,heavy,3103,0,3.998,
8330.0,heavy,3101,0,3.044,
8333.3,heavy,3102,1,1.124,
8336.7,heavy,3103,0,2.616,
8340.0,heavy,3101,0,3.933,
8343.3,heavy,3102,1,1.111,
8346.7,heavy,3103,0,3.797,
8350.0,heavy,3101,0,3.205,
8353.3,heavy,3102,1,1.172,
8356.7,heavy,3103,0,3.819,
8360.0,heavy,3101,0,3.142,
8363.3,heavy,3102,1,1.167,
8366.7,heavy,3103,0,2.701,
8370.0,heavy,3101,0,2.914,
8373.3,heavy,3102,1,0.859,
8376.7,heavy,3103,0,3.606,
8380.0,heavy,3101,0,10.204,
8383.3,heavy,3102,1,1.055,
8386.7,heavy,3103,0,3.216,
8390.0,heavy,3101,1,3.505,
8393.3,heavy,3102,0,0.717,
8396.7,heavy,3103,0,7.116,
8400.0,heavy,3101,1,6.173,
8400.0,light-4,3102,1,3.167,
8400.0,light-2,3103,1,3.682,
8400.0,light-1,3102,1,6.572,
8400.0,light-5,3103,1,7.188,
8400.0,light-3,3101,1,7.803,
8403.3,heavy,3102,1,1.149,
8406.7,heavy,3103,0,6.913,
8410.0,heavy,3101,0,7.173,
8413.3,heavy,3101,0,5.229,
8416.7,heavy,3102,0,0.943,
8420.0,heavy,3103,0,2.707,
8423.3,heavy,3101,1,2.686,
8426.7,heavy,3102,0,0.935,
8430.0,heavy,3103,1,4.159,
8433.3,heavy,3101,0,3.608,
8436.7,heavy,3102,1,1.177,
8440.0,heavy,3103,0,4.424,
8443.3,heavy,3101,0,3.136,
8446.7,heavy,3102,1,1.549,
8450.0,heavy,3103,0,3.164,
8453.3,heavy,3101,0,2.668,
8456.7,heavy,3102,0,1.339,
8460.0,heavy,3103,0,2.993,
8463.3,heavy,3101,1,2.610,
8466.7,heavy,3102,1,1.468,
8470.0,heavy,3103,0,3.739,
8473.3,heavy,3101,0,3.018,
8476.7,heavy,3102,0,0.973,
8480.0,heavy,3103,0,3.445,
8483.3,heavy,3101,0,3.060,
8486.7,heavy,3102,1,1.071,
8490.0,heavy,3103,0,2.917,
8493.3,heavy,3101,1,6.572,
8496.7,heavy,3102,1,1.306,
8500.0,heavy,3103,0,4.157,
8500.0,light-2,3103,1,2.212,
8500.0,light-4,3102,1,2.658,
8500.0,light-1,3102,1,5.027,
8500.0,light-5,3103,1,6.160,
8500.0,light-3,3101,1,7.482,
8503.3,heavy,3101,0,6.700,
8506.7,heavy,3101,0,5.921,
8510.0,heavy,3102,0,0.933,
8513.3,heavy,3103,0,3.195,
8516.7,heavy,3101,0,2.610,
8520.0,heavy,3102,1,0.929,
8523.3,heavy,3103,1,3.578,
8526.7,heavy,3101,0,3.537,
8530.0,heavy,3102,1,1.352,
8533.3,heavy,3103,0,4.150,
8536.7,heavy,3101,0,2.946,
8540.0,heavy,3102,0,1.011,
8543.3,heavy,3103,0,3.838,
8546.7,heavy,3101,1,2.921,
8550.0,heavy,3102,1,1.236,
8553.3,heavy,3103,0,2.932,
8556.7,heavy,3101,0,3.437,
8560.0,heavy,3102,0,0.937,
8563.3,heavy,3103,1,3.560,
8566.7,heavy,3101,0,3.012,
8570.0,heavy,3102,0,1.208,
8573.3,heavy,3103,0,4.660,
8576.7,heavy,3101,1,3.450,
8580.0,heavy,3102,1,1.493,
8583.3,heavy,3103,0,4.298,
8586.7,heavy,3101,0,3.136,
8590.0,heavy,3102,0,0.917,
8593.3,heavy,3103,0,4.679,
8596.7,heavy,3101,1,3.325,
8600.0,heavy,3102,0,1.283,
8600.0,light-5,3101,1,2.573,
8600.0,light-2,3101,1,4.544,
8600.0,light-1,3103,1,5.268,
8600.0,light-3,3102,1,5.331,
8600.0,light-4,3103,1,6.024,
8603.3,heavy,3102,1,1.083,
8606.7,heavy,3103,0,2.401,
8610.0,heavy,3101,0,2.615,
8613.3,heavy,3102,1,1.493,
8616.7,heavy,3103,0,3.893,
8620.0,heavy,3101,0,3.353,
8623.3,heavy,3102,1,1.243,
8626.7,heavy,3103,0,3.959,
8630.0,heavy,3101,1,3.172,
8633.3,heavy,3102,0,0.959,
8636.7,heavy,3103,0,2.836,
8640.0,heavy,3101,0,3.018,
8643.3,heavy,3102,1,1.216,
8646.7,heavy,3103,0,2.389,
8650.0,heavy,3101,0,4.154,
8653.3,heavy,3102,1,1.127,
8656.7,heavy,3103,0,3.410,
8660.0,heavy,3101,0,4.530,
8663.3,heavy,3102,1,1.069,
8666.7,heavy,3103,0,4.397,
8670.0,heavy,3101,0,3.293,
8673.3,heavy,3102,1,1.295,
8676.7,heavy,3103,0,3.943,
8680.0,heavy,3101,0,3.844,
8683.3,heavy,3102,1,0.969,
8686.7,heavy,3103,0,3.818,
8690.0,heavy,3101,0,2.841,
8693.3,heavy,3102,1,0.880,
8696.7,heavy,3103,0,7.475,
8700.0,heavy,3101,0,4.490,
8700.0,light-5,3101,1,3.333,
8700.0,light-3,3102,1,6.595,
8700.0,light-2,3101,1,7.066,
8700.0,light-1,3103,1,8.577,
8700.0,light-4,3103,1,9.241,
8703.3,heavy,3102,1,1.515,
8706.7,heavy,3102,0,2.434,
8710.0,heavy,3103,1,5.716,
8713.3,heavy,3101,0,3.077,
8716.7,heavy,3102,0,1.064,
8720.0,heavy,3103,1,3.765,
8723.3,heavy,3101,0,3.244,
8726.7,heavy,3102,0,0.992,
8730.0,heavy,3103,0,3.513,
8733.3,heavy,3101,0,2.691,
8736.7,heavy,3102,1,1.153,
8740.0,heavy,3103,0,2.595,
8743.3,heavy,3101,1,3.131,
8746.7,heavy,3102,1,1.409,
8750.0,heavy,3103,0,3.125,
8753.3,heavy,3101,0,3.479,
8756.7,heavy,3102,0,0.893,
8760.0,heavy,3103,0,3.256,
8763.3,heavy,3101,0,2.103,
8766.7,heavy,3102,1,1.044,
8770.0,heavy,3103,0,2.447,
8773.3,heavy,3101,1,3.827,
8776.7,heavy,3102,1,1.133,
8780.0,heavy,3103,0,4.088,
8783.3,heavy,3101,0,4.502,
8786.7,heavy,3102,0,1.135,
8790.0,heavy,3103,1,8.256,
8793.3,heavy,3101,0,6.706,
8796.7,heavy,3102,1,1.742,
8800.0,heavy,3103,0,8.816,
8800.0,light-1,3101,1,2.730,
8800.0,light-3,3103,1,4.409,
8800.0,light-4,3101,1,7.707,
8800.0,light-2,3102,1,12.462,
8800.0,light-5,3102,1,13.542,
8803.3,heavy,3103,0,8.285,
8806.7,heavy,3101,0,5.689,
8810.0,heavy,3102,1,3.308,
8813.3,heavy,3103,0,4.025,
8816.7,heavy,3101,0,3.823,
8820.0,heavy,3102,1,1.333,
8823.3,heavy,3103,0,3.286,
8826.7,heavy,3101,0,3.266,
8830.0,heavy,3102,0,1.316,
8833.3,heavy,3103,0,4.246,
8836.7,heavy,3101,1,3.294,
8840.0,heavy,3102,1,1.423,
8843.3,heavy,3103,0,4.293,
8846.7,heavy,3101,0,2.808,
8850.0,heavy,3102,1,1.708,
8853.3,heavy,3103,0,2.928,
8856.7,heavy,3101,0,3.726,
8860.0,heavy,3102,0,1.114,
8863.3,heavy,3103,0,4.841,
8866.7,heavy,3101,1,4.069,
8870.0,heavy,3102,1,1.743,
8873.3,heavy,3103,0,5.193,
8876.7,heavy,3101,0,2.200,
8880.0,heavy,3102,0,0.960,
8883.3,heavy,3103,0,3.824,
8886.7,heavy,3101,1,3.039,
8890.0,heavy,3102,0,1.097,
8893.3,heavy,3103,0,8.796,
8896.7,heavy,3101,1,7.816,
8900.0,heavy,3102,1,1.402,
8900.0,light-1,3101,1,2.321,
8900.0,light-3,3103,1,3.301,
8900.0,light-2,3102,1,8.374,
8900.0,light-4,3101,1,8.444,
8900.0,light-5,3102,1,9.170,
8903.3,heavy,3103,0,8.731,
8906.7,heavy,3103,0,7.508,
8910.0,heavy,3101,1,3.082,
8913.3,heavy,3102,0,1.184,
8916.7,heavy,3103,0,3.825,
8920.0,heavy,3101,0,4.083,
8923.3,heavy,3102,1,1.014,
8926.7,heavy,3103,0,4.083,
8930.0,heavy,3101,0,3.199,
8933.3,heavy,3102,1,1.329,
8936.7,heavy,3103,0,3.582,
8940.0,heavy,3101,0,2.666,
8943.3,heavy,3102,1,1.387,
8946.7,heavy,3103,0,3.375,
8950.0,heavy,3101,1,2.790,
8953.3,heavy,3102,0,0.769,
8956.7,heavy,3103,0,3.883,
8960.0,heavy,3101,0,2.799,
8963.3,heavy,3102,1,1.197,
8966.7,heavy,3103,0,4.061,
8970.0,heavy,3101,0,3.121,
8973.3,heavy,3102,1,1.000,
8976.7,heavy,3103,1,3.631,
8980.0,heavy,3101,0,4.092,
8983.3,heavy,3102,0,1.080,
8986.7,heavy,3103,0,5.162,
8990.0,heavy,3101,0,3.736,
8993.3,heavy,3102,1,1.290,
8996.7,heavy,3103,0,4.978,
9000.0,heavy,3101,1,4.159,
9000.0,light-2,3103,1,1.882,
9000.0,light-4,3102,1,2.380,
9000.0,light-1,3102,1,4.237,
9000.0,light-5,3103,1,5.114,
9000.0,light-3,3101,1,6.213,
9003.3,heavy,3101,0,4.230,
9006.7,heavy,3102,0,1.319,
9010.0,heavy,3103,1,2.747,
9013.3,heavy,3101,0,2.565,
9016.7,heavy,3102,0,0.941,
9020.0,heavy,3103,0,3.682,
9023.3,heavy,3101,0,4.442,
9026.7,heavy,3102,1,1.176,
9030.0,heavy,3103,1,3.158,
9033.3,heavy,3101,0,2.860,
9036.7,heavy,3102,0,0.867,
9040.0,heavy,3103,0,3.728,
9043.3,heavy,3101,1,3.013,
9046.7,heavy,3102,0,0.819,
9050.0,heavy,3103,0,3.629,
9053.3,heavy,3101,0,2.815,
9056.7,heavy,3102,1,1.140,
9060.0,heavy,3103,1,2.765,
9063.3,heavy,3101,0,2.904,
9066.7,heavy,3102,0,0.899,
9070.0,heavy,3103,1,2.385,
9073.3,heavy,3101,0,2.604,
9076.7,heavy,3102,0,0.864,
9080.0,heavy,3103,0,3.426,
9083.3,heavy,3101,0,2.630,
9086.7,heavy,3102,1,1.072,
9090.0,heavy,3103,1,4.057,
9093.3,heavy,3101,0,2.924,
9096.7,heavy,3102,0,0.808,
9100.0,heavy,3103,0,7.862,
9100.0,light-5,3101,1,3.871,
9100.0,light-3,3102,1,6.606,
9100.0,light-2,3101,1,7.454,
9100.0,light-1,3103,1,7.607,
9100.0,light-4,3103,1,8.740,
9103.3,heavy,3101,0,5.557,
9106.7,heavy,3102,1,1.640,
9110.0,heavy,3102,0,1.404,
9113.3,heavy,3103,1,5.654,
9116.7,heavy,3101,0,3.497,
9120.0,heavy,3102,0,1.788,
9123.3,heavy,3103,1,4.051,
9126.7,heavy,3101,0,3.783,
9130.0,heavy,3102,0,1.126,
9133.3,heavy,3103,1,4.310,
9136.7,heavy,3101,0,4.639,
9140.0,heavy,3102,1,1.254,
9143.3,heavy,3103,0,4.647,
9146.7,heavy,3101,0,3.739,
9150.0,heavy,3102,1,1.256,
9153.3,heavy,3103,0,4.614,
9156.7,heavy,3101,0,2.773,
9160.0,heavy,3102,0,1.046,
9163.3,heavy,3103,0,3.577,
9166.7,heavy,3101,1,2.871,
9170.0,heavy,3102,0,0.777,
9173.3,heavy,3103,0,4.599,
9176.7,heavy,3101,1,3.586,
9180.0,heavy,3102,1,1.485,
9183.3,heavy,3103,0,4.734,
9186.7,heavy,3101,0,3.133,
9190.0,heavy,3102,0,1.134,
9193.3,heavy,3103,0,4.807,
9196.7,heavy,3101,1,3.283,
9200.0,heavy,3102,1,1.322,
9200.0,light-5,3101,1,2.547,
9200.0,light-2,3101,1,4.407,
9200.0,light-1,3103,1,5.015,
9200.0,light-3,3102,1,5.072,
9200.0,light-4,3103,1,5.539,
9203.3,heavy,3102,0,1.708,
9206.7,heavy,3103,0,4.107,
9210.0,heavy,3101,0,2.906,
9213.3,heavy,3102,1,1.025,
9216.7,heavy,3103,0,4.101,
9220.0,heavy,3101,0,3.994,
9223.3,heavy,3102,1,1.398,
9226.7,heavy,3103,0,4.646,
9230.0,heavy,3101,0,4.645,
9233.3,heavy,3102,1,0.990,
9236.7,heavy,3103,0,3.272,
9240.0,heavy,3101,0,3.462,
9243.3,heavy,3102,1,1.298,
9246.7,heavy,3103,0,3.222,
9250.0,heavy,3101,1,3.051,
9253.3,heavy,3102,0,1.048,
9256.7,heavy,3103,0,4.183,
9260.0,heavy,3101,1,3.364,
9263.3,heavy,3102,0,0.827,
9266.7,heavy,3103,0,4.165,
9270.0,heavy,3101,0,3.284,
9273.3,heavy,3102,1,1.239,
9276.7,heavy,3103,0,4.950,
9280.0,heavy,3101,0,2.442,
9283.3,heavy,3102,1,1.454,
9286.7,heavy,3103,0,3.703,
9290.0,heavy,3101,0,3.895,
9293.3,heavy,3102,1,1.126,
9296.7,heavy,3103,1,6.658,
9300.0,heavy,3101,0,5.930,
9300.0,light-1,3101,1,2.034,
9300.0,light-3,3103,1,2.937,
9300.0,light-4,3101,1,6.270,
9300.0,light-5,3102,1,7.069,
9300.0,light-2,3102,1,7.983,
9303.3,heavy,3102,1,1.332,
9306.7,heavy,3103,0,7.041,
9310.0,heavy,3103,0,5.700,
9313.3,heavy,3101,0,3.692,
9316.7,heavy,3102,0,0.769,
9320.0,heavy,3103,1,2.768,
9323.3,heavy,3101,0,2.622,
9326.7,heavy,3102,1,1.429,
9330.0,heavy,3103,0,3.907,
9333.3,heavy,3101,0,3.394,
9336.7,heavy,3102,0,1.683,
9340.0,heavy,3103,0,3.888,
9343.3,heavy,3101,1,2.699,
9346.7,heavy,3102,0,1.252,
9350.0,heavy,3103,1,2.756,
9353.3,heavy,3101,0,3.023,
9356.7,heavy,3102,0,0.839,
9360.0,heavy,3103,0,4.041,
9363.3,heavy,3101,0,3.187,
9366.7,heavy,3102,1,1.126,
9370.0,heavy,3103,1,4.682,
9373.3,heavy,3101,0,2.965,
9376.7,heavy,3102,0,0.912,
9380.0,heavy,3103,0,3.337,
9383.3,heavy,3101,0,2.912,
9386.7,heavy,3102,1,1.172,
9390.0,heavy,3103,1,5.804,
9393.3,heavy,3101,0,5.051,
9396.7,heavy,3102,1,1.519,
9400.0,heavy,3103,0,5.909,
9400.0,light-1,3101,1,2.188,
9400.0,light-3,3103,1,2.961,
9400.0,light-5,3102,1,5.442,
9400.0,light-4,3101,1,5.611,
9400.0,light-2,3102,1,6.437,
9403.3,heavy,3103,0,5.412,
9406.7,heavy,3101,0,2.587,
9410.0,heavy,3102,0,1.568,
9413.3,heavy,3103,1,2.759,
9416.7,heavy,3101,0,3.110,
9420.0,heavy,3102,0,1.108,
9423.3,heavy,3103,1,4.465,
9426.7,heavy,3101,0,3.631,
9430.0,heavy,3102,1,1.378,
9433.3,heavy,3103,0,5.163,
9436.7,heavy,3101,0,2.747,
9440.0,heavy,3102,0,0.934,
9443.3,heavy,3103,0,3.468,
9446.7,heavy,3101,1,2.839,
9450.0,heavy,3102,0,0.888,
9453.3,heavy,3103,0,4.302,
9456.7,heavy,3101,1,3.272,
9460.0,heavy,3102,1,1.186,
9463.3,heavy,3103,0,4.921,
9466.7,heavy,3101,0,3.211,
9470.0,heavy,3102,0,0.868,
9473.3,heavy,3103,0,4.228,
9476.7,heavy,3101,1,3.432,
9480.0,heavy,3102,1,0.914,
9483.3,heavy,3103,0,3.044,
9486.7,heavy,3101,0,3.027,
9490.0,heavy,3102,0,0.958,
9493.3,heavy,3103,1,3.256,
9496.7,heavy,3101,0,3.009,
9500.0,heavy,3102,0,1.615,
9500.0,light-5,3101,1,2.640,
9500.0,light-2,3101,1,4.813,
9500.0,light-1,3103,1,5.065,
9500.0,light-3,3102,1,5.037,
9500.0,light-4,3103,1,5.447,
9503.3,heavy,3102,1,1.038,
9506.7,heavy,3103,0,2.960,
9510.0,heavy,3101,0,2.883,
9513.3,heavy,3102,1,1.386,
9516.7,heavy,3103,0,2.964,
9520.0,heavy,3101,0,2.699,
9523.3,heavy,3102,1,1.573,
9526.7,heavy,3103,0,2.111,
9530.0,heavy,3101,0,4.109,
9533.3,heavy,3102,1,1.323,
9536.7,heavy,3103,0,3.925,
9540.0,heavy,3101,0,4.309,
9543.3,heavy,3102,1,1.150,
9546.7,heavy,3103,0,3.156,
9550.0,heavy,3101,0,2.958,
9553.3,heavy,3102,1,1.174,
9556.7,heavy,3103,0,3.263,
9560.0,heavy,3101,0,2.504,
9563.3,heavy,3102,1,0.955,
9566.7,heavy,3103,0,3.851,
9570.0,heavy,3101,0,2.924,
9573.3,heavy,3102,1,1.187,
9576.7,heavy,3103,0,3.318,
9580.0,heavy,3101,0,2.654,
9583.3,heavy,3102,1,1.262,
9586.7,heavy,3103,0,2.925,
9590.0,heavy,3101,0,2.840,
9593.3,heavy,3102,1,1.749,
9596.7,heavy,3103,0,6.823,
9600.0,heavy,3101,0,4.658,
9600.0,light-5,3101,1,3.365,
9600.0,light-3,3102,1,5.958,
9600.0,light-2,3101,1,6.639,
9600.0,light-1,3103,1,6.811,
9600.0,light-4,3103,1,7.096,
9603.3,heavy,3102,1,1.655,
9606.7,heavy,3102,0,1.050,
9610.0,heavy,3103,1,3.565,
9613.3,heavy,3101,0,3.096,
9616.7,heavy,3102,0,1.059,
9620.0,heavy,3103,0,3.118,
9623.3,heavy,3101,1,2.619,
9626.7,heavy,3102,1,1.466,
9630.0,heavy,3103,0,2.880,
9633.3,heavy,3101,0,3.020,
9636.7,heavy,3102,0,1.461,
9640.0,heavy,3103,1,4.341,
9643.3,heavy,3101,0,3.564,
9646.7,heavy,3102,1,1.289,
9650.0,heavy,3103,0,4.284,
9653.3,heavy,3101,0,2.464,
9656.7,heavy,3102,0,0.843,
9660.0,heavy,3103,0,3.000,
9663.3,heavy,3101,0,3.142,
9666.7,heavy,3102,1,1.149,
9670.0,heavy,3103,0,2.316,
9673.3,heavy,3101,1,3.911,
9676.7,heavy,3102,1,1.223,
9680.0,heavy,3103,0,3.306,
9683.3,heavy,3101,0,3.617,
9686.7,heavy,3102,0,1.089,
9690.0,heavy,3103,0,3.789,
9693.3,heavy,3101,0,4.680,
9696.7,heavy,3102,1,1.448,
9700.0,heavy,3103,1,6.170,
9700.0,light-1,3101,1,1.207,
9700.0,light-3,3103,1,2.565,
9700.0,light-2,3102,1,5.205,
9700.0,light-4,3101,1,6.075,
9700.0,light-5,3102,1,6.172,
9703.3,heavy,3103,0,5.082,
9706.7,heavy,3101,0,2.650,
9710.0,heavy,3102,1,1.435,
9713.3,heavy,3103,0,3.093,
9716.7,heavy,3101,0,3.269,
9720.0,heavy,3102,0,0.949,
9723.3,heavy,3103,1,3.119,
9726.7,heavy,3101,0,3.393,
9730.0,heavy,3102,0,0.971,
9733.3,heavy,3103,1,3.967,
9736.7,heavy,3101,0,3.195,
9740.0,heavy,3102,1,1.278,
9743.3,heavy,3103,0,4.700,
9746.7,heavy,3101,0,3.142,
9750.0,heavy,3102,0,0.965,
9753.3,heavy,3103,0,3.764,
9756.7,heavy,3101,0,3.121,
9760.0,heavy,3102,1,1.220,
9763.3,heavy,3103,1,3.014,
9766.7,heavy,3101,0,3.555,
9770.0,heavy,3102,0,1.079,
9773.3,heavy,3103,1,3.156,
9776.7,heavy,3101,0,3.313,
9780.0,heavy,3102,0,0.972,
9783.3,heavy,3103,0,3.238,
9786.7,heavy,3101,0,3.467,
9790.0,heavy,3102,1,1.225,
9793.3,heavy,3103,1,2.569,
9796.7,heavy,3101,0,5.393,
9800.0,heavy,3102,1,1.339,
9800.0,light-1,3101,1,2.248,
9800.0,light-3,3103,1,2.378,
9800.0,light-2,3102,1,5.708,
9800.0,light-4,3101,1,5.874,
9800.0,light-5,3102,1,6.465,
9803.3,heavy,3103,0,5.628,
9806.7,heavy,3103,0,5.440,
9810.0,heavy,3101,1,3.941,
9813.3,heavy,3102,0,1.816,
9816.7,heavy,3103,0,3.455,
9820.0,heavy,3101,0,2.711,
9823.3,heavy,3102,1,1.027,
9826.7,heavy,3103,0,3.471,
9830.0,heavy,3101,0,2.705,
9833.3,heavy,3102,1,1.174,
9836.7,heavy,3103,0,5.809,
9840.0,heavy,3101,1,2.797,
9843.3,heavy,3102,0,1.072,
9846.7,heavy,3103,0,3.082,
9850.0,heavy,3101,0,2.865,
9853.3,heavy,3102,1,1.351,
9856.7,heavy,3103,0,3.779,
9860.0,heavy,3101,0,3.278,
9863.3,heavy,3102,1,1.451,
9866.7,heavy,3103,0,4.356,
9870.0,heavy,3101,0,2.880,
9873.3,heavy,3102,1,1.263,
9876.7,heavy,3103,0,2.749,
9880.0,heavy,3101,0,3.165,
9883.3,heavy,3102,1,1.184,
9886.7,heavy,3103,0,2.490,
9890.0,heavy,3101,0,3.076,
9893.3,heavy,3102,1,1.248,
9896.7,heavy,3103,1,4.544,
9900.0,light-2,3103,1,2.273,
9900.0,light-4,3102,1,2.352,
9900.0,light-1,3102,1,4.334,
9900.0,light-3,3101,1,7.128,
9900.0,light-5,3103,1,7.564,
9900.0,heavy,3101,0,4.050,
9903.3,heavy,3101,0,5.367,
9906.7,heavy,3102,0,0.898,
9910.0,heavy,3103,0,4.193,
9913.3,heavy,3101,1,3.564,
9916.7,heavy,3102,0,1.757,
9920.0,heavy,3103,1,3.210,
9923.3,heavy,3101,0,2.984,
9926.7,heavy,3102,0,1.115,
9930.0,heavy,3103,1,3.946,
9933.3,heavy,3101,0,3.448,
9936.7,heavy,3102,0,0.927,
9940.0,heavy,3103,0,3.880,
9943.3,heavy,3101,0,2.911,
9946.7,heavy,3102,1,1.367,
9950.0,heavy,3103,0,2.975,
9953.3,heavy,3101,1,3.749,
9956.7,heavy,3102,1,1.250,
9960.0,heavy,3103,0,3.184,
9963.3,heavy,3101,0,2.999,
9966.7,heavy,3102,1,1.498,
9970.0,heavy,3103,0,4.013,
9973.3,heavy,3101,0,3.497,
9976.7,heavy,3102,0,1.349,
9980.0,heavy,3103,1,3.127,
9983.3,heavy,3101,0,3.039,
9986.7,heavy,3102,0,1.116,
9990.0,heavy,3103,1,3.304,
9993.3,heavy,3101,0,2.785,
9996.7,heavy,3102,0,0.832,
10000.0,light-5,3101,1,3.402,
10000.0,light-3,3102,1,5.106,
10000.0,light-1,3103,1,5.354,
10000.0,light-2,3101,1,5.811,
10000.0,light-4,3103,1,6.525,
10000.0,heavy,3103,0,6.421,
10003.3,heavy,3101,0,4.832,
10006.7,heavy,3102,1,1.381,
10010.0,heavy,3102,0,2.403,
10013.3,heavy,3103,1,22.893,
10016.7,heavy,3101,1,12.645,
10020.0,heavy,3102,0,11.525,ECONNRESET
10023.3,heavy,3103,1,12.914,
10026.7,heavy,3101,1,7.610,
10030.0,heavy,3102,0,3.036,ECONNRESET
10033.3,heavy,3103,1,6.990,
10036.7,heavy,3101,1,6.571,
10040.0,heavy,3102,0,2.930,ECONNREFUSED
10043.3,heavy,3103,1,5.003,
10046.7,heavy,3101,1,4.022,
10050.0,heavy,3102,0,2.325,ECONNREFUSED
10053.3,heavy,3103,1,4.302,
10056.7,heavy,3101,1,5.403,
10060.0,heavy,3102,0,2.653,ECONNREFUSED
10063.3,heavy,3103,1,4.881,
10066.7,heavy,3101,1,4.552,
10070.0,heavy,3102,0,2.283,ECONNREFUSED
10073.3,heavy,3103,1,5.756,
10076.7,heavy,3101,1,5.776,
10080.0,heavy,3102,0,2.495,ECONNREFUSED
10083.3,heavy,3103,1,6.351,
10086.7,heavy,3101,1,6.944,
10090.0,heavy,3102,0,2.263,ECONNREFUSED
10093.3,heavy,3103,1,5.394,
10096.7,heavy,3101,1,6.486,
10100.0,light-5,3101,1,3.798,
10100.0,light-3,3102,0,5.326,ECONNREFUSED
10100.0,light-2,3101,1,5.908,
10100.0,light-1,3103,1,6.123,
10100.0,light-4,3103,1,7.284,
10100.0,heavy,3102,0,5.465,ECONNREFUSED
10103.3,heavy,3102,0,4.894,ECONNREFUSED
10106.7,heavy,3103,1,6.178,
10110.0,heavy,3101,1,4.622,
10113.3,heavy,3102,0,2.148,ECONNREFUSED
10116.7,heavy,3103,1,3.685,
10120.0,heavy,3101,1,4.312,
10123.3,heavy,3102,0,3.197,ECONNREFUSED
10126.7,heavy,3103,1,4.428,
10130.0,heavy,3101,1,4.083,
10133.3,heavy,3102,0,2.405,ECONNREFUSED
10136.7,heavy,3103,1,3.705,
10140.0,heavy,3101,1,4.602,
10143.3,heavy,3102,0,2.585,ECONNREFUSED
10146.7,heavy,3103,1,4.410,
10150.0,heavy,3101,1,4.768,
10153.3,heavy,3102,0,3.092,ECONNREFUSED
10156.7,heavy,3103,1,5.018,
10160.0,heavy,3101,1,5.415,
10163.3,heavy,3102,0,3.211,ECONNREFUSED
10166.7,heavy,3103,1,4.707,
10170.0,heavy,3101,1,5.294,
10173.3,heavy,3102,0,2.440,ECONNREFUSED
10176.7,heavy,3103,1,4.573,
10180.0,heavy,3101,1,4.429,
10183.3,heavy,3102,0,2.848,ECONNREFUSED
10186.7,heavy,3103,1,5.174,
10190.0,heavy,3101,1,6.444,
10193.3,heavy,3102,0,3.136,ECONNREFUSED
10196.7,heavy,3103,1,5.344,
10200.0,light-3,3102,0,3.442,ECONNREFUSED
10200.0,light-5,3101,1,4.500,
10200.0,light-1,3103,1,6.211,
10200.0,light-4,3103,1,6.872,
10200.0,light-2,3101,1,11.611,
10200.0,heavy,3101,1,9.700,
10203.3,heavy,3102,0,3.751,ECONNREFUSED
10206.7,heavy,3102,0,3.100,ECONNREFUSED
10210.0,heavy,3103,1,4.934,
10213.3,heavy,3101,1,6.619,
10216.7,heavy,3102,0,1.983,ECONNREFUSED
10220.0,heavy,3103,1,3.953,
10223.3,heavy,3101,1,4.708,
10226.7,heavy,3102,0,2.622,ECONNREFUSED
10230.0,heavy,3103,1,4.578,
10233.3,heavy,3101,1,4.780,
10236.7,heavy,3102,0,2.275,ECONNREFUSED
10240.0,heavy,3103,1,3.949,
10243.3,heavy,3101,1,4.379,
10246.7,heavy,3102,0,2.912,ECONNREFUSED
10250.0,heavy,3103,1,3.688,
10253.3,heavy,3101,1,4.231,
10256.7,heavy,3102,0,2.510,ECONNREFUSED
10260.0,heavy,3103,1,4.428,
10263.3,heavy,3101,1,4.567,
10266.7,heavy,3102,0,3.135,ECONNREFUSED
10270.0,heavy,3103,1,15.451,
10273.3,heavy,3101,1,4.535,
10276.7,heavy,3102,0,2.530,ECONNREFUSED
10280.0,heavy,3103,1,4.480,
10283.3,heavy,3101,1,4.937,
10286.7,heavy,3102,0,3.051,ECONNREFUSED
10290.0,heavy,3103,1,4.200,
10293.3,heavy,3101,1,4.252,
10296.7,heavy,3102,0,6.388,ECONNREFUSED
10300.0,light-1,3101,1,4.518,
10300.0,light-3,3103,1,4.820,
10300.0,light-4,3101,1,7.149,
10300.0,light-2,3102,0,7.725,ECONNREFUSED
10300.0,light-5,3102,0,7.444,ECONNREFUSED
10300.0,heavy,3103,1,7.460,
10303.3,heavy,3103,1,4.868,
10306.7,heavy,3101,1,4.260,
10310.0,heavy,3102,0,1.880,ECONNREFUSED
10313.3,heavy,3103,1,5.383,
10316.7,heavy,3101,1,3.461,
10320.0,heavy,3102,0,1.960,ECONNREFUSED
10323.3,heavy,3103,1,6.359,
10326.7,heavy,3101,1,5.900,
10330.0,heavy,3102,0,2.723,ECONNREFUSED
10333.3,heavy,3103,1,6.522,
10336.7,heavy,3101,1,5.568,
10340.0,heavy,3102,0,2.819,ECONNREFUSED
10343.3,heavy,3103,1,4.489,
10346.7,heavy,3101,1,4.115,
10350.0,heavy,3102,0,2.071,ECONNREFUSED
10353.3,heavy,3103,1,5.507,
10356.7,heavy,3101,1,5.450,
10360.0,heavy,3102,0,2.610,ECONNREFUSED
10363.3,heavy,3103,1,6.816,
10366.7,heavy,3101,1,6.149,
10370.0,heavy,3102,0,1.794,ECONNREFUSED
10373.3,heavy,3103,1,4.116,
10376.7,heavy,3101,1,4.096,
10380.0,heavy,3102,0,3.565,ECONNREFUSED
10383.3,heavy,3103,1,5.412,
10386.7,heavy,3101,1,4.110,
10390.0,heavy,3102,0,2.536,ECONNREFUSED
10393.3,heavy,3103,1,4.004,
10396.7,heavy,3101,1,5.182,
10400.0,light-5,3101,1,4.108,
10400.0,light-3,3102,0,5.282,ECONNREFUSED
10400.0,light-2,3101,1,6.087,
10400.0,light-1,3103,1,6.432,
10400.0,light-4,3103,1,8.184,
10400.0,heavy,3102,0,5.712,ECONNREFUSED
10403.3,heavy,3102,0,5.276,ECONNREFUSED
10406.7,heavy,3103,1,5.585,
10410.0,heavy,3101,1,4.117,
10413.3,heavy,3102,0,2.135,ECONNREFUSED
10416.7,heavy,3103,1,9.011,
10420.0,heavy,3101,1,6.096,
10423.3,heavy,3102,0,2.300,ECONNREFUSED
10426.7,heavy,3103,1,8.753,
10430.0,heavy,3101,1,6.053,
10433.3,heavy,3102,0,2.241,ECONNREFUSED
10436.7,heavy,3103,1,4.508,
10440.0,heavy,3101,1,4.358,
10443.3,heavy,3102,0,3.390,ECONNREFUSED
10446.7,heavy,3103,1,4.199,
10450.0,heavy,3101,1,4.709,
10453.3,heavy,3102,0,2.523,ECONNREFUSED
10456.7,heavy,3103,1,3.734,
10460.0,heavy,3101,1,4.280,
10463.3,heavy,3102,0,1.885,ECONNREFUSED
10466.7,heavy,3103,1,4.536,
10470.0,heavy,3101,1,4.086,
10473.3,heavy,3102,0,2.907,ECONNREFUSED
10476.7,heavy,3103,1,4.392,
10480.0,heavy,3101,1,4.372,
10483.3,heavy,3102,0,3.062,ECONNREFUSED
10486.7,heavy,3103,1,5.084,
10490.0,heavy,3101,1,4.583,
10493.3,heavy,3102,0,2.867,ECONNREFUSED
10496.7,heavy,3103,1,4.645,
10500.0,light-2,3103,1,3.303,
10500.0,light-1,3102,0,5.573,ECONNREFUSED
10500.0,light-4,3102,0,5.348,ECONNREFUSED
10500.0,light-5,3103,1,5.707,
10500.0,light-3,3101,1,6.813,
10500.0,heavy,3101,1,9.555,
10503.3,heavy,3101,1,8.314,
10506.7,heavy,3102,0,2.992,ECONNREFUSED
10510.0,heavy,3103,1,3.952,
10513.3,heavy,3101,1,4.224,
10516.7,heavy,3102,0,2.893,ECONNREFUSED
10520.0,heavy,3103,1,4.673,
10523.3,heavy,3101,1,4.410,
10526.7,heavy,3102,0,2.867,ECONNREFUSED
10530.0,heavy,3103,1,4.680,
10533.3,heavy,3101,1,3.790,
10536.7,heavy,3102,0,3.242,ECONNREFUSED
10540.0,heavy,3103,1,5.393,
10543.3,heavy,3101,1,3.465,
10546.7,heavy,3102,0,2.085,ECONNREFUSED
10550.0,heavy,3103,1,4.072,
10553.3,heavy,3101,1,4.537,
10556.7,heavy,3102,0,3.012,ECONNREFUSED
10560.0,heavy,3103,1,4.465,
10563.3,heavy,3101,1,4.727,
10566.7,heavy,3102,0,2.946,ECONNREFUSED
10570.0,heavy,3103,1,4.928,
10573.3,heavy,3101,1,4.358,
10576.7,heavy,3102,0,2.285,ECONNREFUSED
10580.0,heavy,3103,1,4.480,
10583.3,heavy,3101,1,4.529,
10586.7,heavy,3102,0,3.047,ECONNREFUSED
10590.0,heavy,3103,1,4.884,
10593.3,heavy,3101,1,4.466,
10596.7,heavy,3102,0,5.659,ECONNREFUSED
10600.0,light-1,3101,1,3.113,
10600.0,light-3,3103,1,4.440,
10600.0,light-2,3102,0,5.386,ECONNREFUSED
10600.0,light-5,3102,0,5.140,ECONNREFUSED
10600.0,light-4,3101,1,6.147,
10600.0,heavy,3103,1,6.795,
10603.3,heavy,3103,1,5.176,
10606.7,heavy,3101,1,4.417,
10610.0,heavy,3102,0,2.216,ECONNREFUSED
10613.3,heavy,3103,1,4.987,
10616.7,heavy,3101,1,5.300,
10620.0,heavy,3102,0,2.664,ECONNREFUSED
10623.3,heavy,3103,1,4.008,
10626.7,heavy,3101,1,3.796,
10630.0,heavy,3102,0,1.972,ECONNREFUSED
10633.3,heavy,3103,1,7.194,
10636.7,heavy,3101,1,5.611,
10640.0,heavy,3102,0,2.393,ECONNREFUSED
10643.3,heavy,3103,1,8.445,
10646.7,heavy,3101,1,7.285,
10650.0,heavy,3102,0,3.608,ECONNREFUSED
10653.3,heavy,3103,1,6.308,
10656.7,heavy,3101,1,5.160,
10660.0,heavy,3102,0,3.443,ECONNREFUSED
10663.3,heavy,3103,1,5.270,
10666.7,heavy,3101,1,6.760,
10670.0,heavy,3102,0,2.681,ECONNREFUSED
10673.3,heavy,3103,1,5.052,
10676.7,heavy,3101,1,3.839,
10680.0,heavy,3102,0,2.523,ECONNREFUSED
10683.3,heavy,3103,1,5.195,
10686.7,heavy,3101,1,5.364,
10690.0,heavy,3102,0,4.079,ECONNREFUSED
10693.3,heavy,3103,1,4.997,
10696.7,heavy,3101,1,5.001,
10700.0,light-5,3101,1,3.522,
10700.0,light-3,3102,0,4.880,ECONNREFUSED
10700.0,light-2,3101,1,6.538,
10700.0,light-1,3103,1,6.968,
10700.0,light-4,3103,1,8.153,
10700.0,heavy,3102,0,5.183,ECONNREFUSED
10703.3,heavy,3102,0,4.888,ECONNREFUSED
10706.7,heavy,3103,1,5.332,
10710.0,heavy,3101,1,4.140,
10713.3,heavy,3102,0,2.817,ECONNREFUSED
10716.7,heavy,3103,1,4.513,
10720.0,heavy,3101,1,4.393,
10723.3,heavy,3102,0,3.339,ECONNREFUSED
10726.7,heavy,3103,1,3.976,
10730.0,heavy,3101,1,3.952,
10733.3,heavy,3102,0,2.878,ECONNREFUSED
10736.7,heavy,3103,1,4.048,
10740.0,heavy,3101,1,4.226,
10743.3,heavy,3102,0,1.722,ECONNREFUSED
10746.7,heavy,3103,1,5.275,
10750.0,heavy,3101,1,4.081,
10753.3,heavy,3102,0,2.356,ECONNREFUSED
10756.7,heavy,3103,1,4.954,
10760.0,heavy,3101,1,3.475,
10763.3,heavy,3102,0,1.798,ECONNREFUSED
10766.7,heavy,3103,1,4.658,
10770.0,heavy,3101,1,4.149,
10773.3,heavy,3102,0,2.605,ECONNREFUSED
10776.7,heavy,3103,1,4.122,
10780.0,heavy,3101,1,4.171,
10783.3,heavy,3102,0,3.031,ECONNREFUSED
10786.7,heavy,3103,1,5.195,
10790.0,heavy,3101,1,4.092,
10793.3,heavy,3102,0,2.532,ECONNREFUSED
10796.7,heavy,3103,1,5.228,
10800.0,light-2,3103,1,3.212,
10800.0,light-1,3102,0,4.400,ECONNREFUSED
10800.0,light-4,3102,0,4.054,ECONNREFUSED
10800.0,light-3,3101,1,4.859,
10800.0,light-5,3103,1,4.521,
10800.0,heavy,3101,1,7.633,
10803.3,heavy,3101,1,6.209,
10806.7,heavy,3102,0,1.995,ECONNREFUSED
10810.0,heavy,3103,1,5.715,
10813.3,heavy,3101,1,4.418,
10816.7,heavy,3102,0,2.376,ECONNREFUSED
10820.0,heavy,3103,1,5.605,
10823.3,heavy,3101,1,4.325,
10826.7,heavy,3102,0,2.530,ECONNREFUSED
10830.0,heavy,3103,1,4.777,
10833.3,heavy,3101,1,5.135,
10836.7,heavy,3102,0,2.850,ECONNREFUSED
10840.0,heavy,3103,1,4.058,
10843.3,heavy,3101,1,5.755,
10846.7,heavy,3102,0,3.138,ECONNREFUSED
10850.0,heavy,3103,1,4.621,
10853.3,heavy,3101,1,4.524,
10856.7,heavy,3102,0,3.043,ECONNREFUSED
10860.0,heavy,3103,1,5.355,
10863.3,heavy,3101,1,4.956,
10866.7,heavy,3102,0,2.691,ECONNREFUSED
10870.0,heavy,3103,1,4.765,
10873.3,heavy,3101,1,4.630,
10876.7,heavy,3102,0,2.869,ECONNREFUSED
10880.0,heavy,3103,1,4.092,
10883.3,heavy,3101,1,4.363,
10886.7,heavy,3102,0,2.783,ECONNREFUSED
10890.0,heavy,3103,1,5.184,
10893.3,heavy,3101,1,4.253,
10896.7,heavy,3102,0,5.527,ECONNREFUSED
10900.0,light-1,3101,1,3.429,
10900.0,light-3,3103,1,4.391,
10900.0,light-2,3102,0,5.163,ECONNREFUSED
10900.0,light-4,3101,1,4.999,
10900.0,light-5,3102,0,5.131,ECONNREFUSED
10900.0,heavy,3103,1,6.926,
10903.3,heavy,3103,1,4.920,
10906.7,heavy,3101,1,4.317,
10910.0,heavy,3102,0,2.495,ECONNREFUSED
10913.3,heavy,3103,1,5.410,
10916.7,heavy,3101,1,8.683,
10920.0,heavy,3102,0,3.200,ECONNREFUSED
10923.3,heavy,3103,1,6.973,
10926.7,heavy,3101,1,8.785,
10930.0,heavy,3102,0,2.426,ECONNREFUSED
10933.3,heavy,3103,1,4.945,
10936.7,heavy,3101,1,4.037,
10940.0,heavy,3102,0,2.116,ECONNREFUSED
10943.3,heavy,3103,1,8.500,
10946.7,heavy,3101,1,6.020,
10950.0,heavy,3102,0,2.848,ECONNREFUSED
10953.3,heavy,3103,1,6.653,
10956.7,heavy,3101,1,6.405,
10960.0,heavy,3102,0,2.955,ECONNREFUSED
10963.3,heavy,3103,1,5.271,
10966.7,heavy,3101,1,4.091,
10970.0,heavy,3102,0,3.020,ECONNREFUSED
10973.3,heavy,3103,1,4.464,
10976.7,heavy,3101,1,3.871,
10980.0,heavy,3102,0,2.136,ECONNREFUSED
10983.3,heavy,3103,1,3.935,
10986.7,heavy,3101,1,3.962,
10990.0,heavy,3102,0,2.507,ECONNREFUSED
10993.3,heavy,3103,1,3.915,
10996.7,heavy,3101,1,3.996,
11000.0,light-5,3101,1,3.183,
11000.0,light-3,3102,0,4.650,ECONNREFUSED
11000.0,light-2,3101,1,5.738,
11000.0,light-1,3103,1,6.072,
11000.0,light-4,3103,1,6.606,
11000.0,heavy,3102,0,4.327,ECONNREFUSED
11003.3,heavy,3102,0,5.288,ECONNREFUSED
11006.7,heavy,3103,1,5.492,
11010.0,heavy,3101,1,4.100,
11013.3,heavy,3102,0,2.369,ECONNREFUSED
11016.7,heavy,3103,1,3.933,
11020.0,heavy,3101,1,3.842,
11023.3,heavy,3102,0,3.263,ECONNREFUSED
11026.7,heavy,3103,1,4.692,
11030.0,heavy,3101,1,4.981,
11033.3,heavy,3102,0,2.371,ECONNREFUSED
11036.7,heavy,3103,1,4.666,
11040.0,heavy,3101,1,4.701,
11043.3,heavy,3102,0,2.912,ECONNREFUSED
11046.7,heavy,3103,1,4.358,
11050.0,heavy,3101,1,5.155,
11053.3,heavy,3102,0,2.566,ECONNREFUSED
11056.7,heavy,3103,1,4.381,
11060.0,heavy,3101,1,4.617,
11063.3,heavy,3102,0,2.269,ECONNREFUSED
11066.7,heavy,3103,1,6.077,
11070.0,heavy,3101,1,6.598,
11073.3,heavy,3102,0,2.793,ECONNREFUSED
11076.7,heavy,3103,1,7.466,
11080.0,heavy,3101,1,6.404,
11083.3,heavy,3102,0,3.174,ECONNREFUSED
11086.7,heavy,3103,1,4.175,
11090.0,heavy,3101,1,4.205,
11093.3,heavy,3102,0,2.052,ECONNREFUSED
11096.7,heavy,3103,1,12.533,
11100.0,light-1,3102,0,4.653,ECONNREFUSED
11100.0,light-2,3103,1,4.754,
11100.0,light-4,3102,0,4.863,ECONNREFUSED
11100.0,light-5,3103,1,10.420,
11100.0,light-3,3101,1,10.785,
11100.0,heavy,3101,1,10.885,
11103.3,heavy,3102,0,4.920,ECONNREFUSED
11106.7,heavy,3103,1,12.662,
11110.0,heavy,3101,1,11.611,
11113.3,heavy,3101,1,10.204,
11116.7,heavy,3102,0,4.925,ECONNREFUSED
11120.0,heavy,3103,1,7.228,
11123.3,heavy,3101,1,4.117,
11126.7,heavy,3102,0,2.253,ECONNREFUSED
11130.0,heavy,3103,1,4.925,
11133.3,heavy,3101,1,4.377,
11136.7,heavy,3102,0,2.966,ECONNREFUSED
11140.0,heavy,3103,1,5.080,
11143.3,heavy,3101,1,5.266,
11146.7,heavy,3102,0,3.428,ECONNREFUSED
11150.0,heavy,3103,1,5.448,
11153.3,heavy,3101,1,5.090,
11156.7,heavy,3102,0,2.510,ECONNREFUSED
11160.0,heavy,3103,1,6.471,
11163.3,heavy,3101,1,6.362,
11166.7,heavy,3102,0,4.560,ECONNREFUSED
11170.0,heavy,3103,1,7.172,
11173.3,heavy,3101,1,6.859,
11176.7,heavy,3102,0,3.668,ECONNREFUSED
11180.0,heavy,3103,1,8.214,
11183.3,heavy,3101,1,6.407,
11186.7,heavy,3102,0,1.981,ECONNREFUSED
11190.0,heavy,3103,1,4.663,
11193.3,heavy,3101,1,5.002,
11196.7,heavy,3102,0,5.700,ECONNREFUSED
11200.0,light-1,3101,1,3.578,
11200.0,light-3,3103,1,4.688,
11200.0,light-5,3102,0,5.408,ECONNREFUSED
11200.0,light-2,3102,0,5.941,ECONNREFUSED
11200.0,light-4,3101,1,5.940,
11200.0,heavy,3103,1,7.151,
11203.3,heavy,3103,1,5.234,
11206.7,heavy,3101,1,4.753,
11210.0,heavy,3102,0,2.226,ECONNREFUSED
11213.3,heavy,3103,1,4.075,
11216.7,heavy,3101,1,6.086,
11220.0,heavy,3102,0,2.144,ECONNREFUSED
11223.3,heavy,3103,1,4.097,
11226.7,heavy,3101,1,3.081,
11230.0,heavy,3102,0,3.013,ECONNREFUSED
11233.3,heavy,3103,1,4.479,
11236.7,heavy,3101,1,3.250,
11240.0,heavy,3102,0,2.427,ECONNREFUSED
11243.3,heavy,3103,1,5.063,
11246.7,heavy,3101,1,3.423,
11250.0,heavy,3102,0,2.479,ECONNREFUSED
11253.3,heavy,3103,1,3.959,
11256.7,heavy,3101,1,3.514,
11260.0,heavy,3102,0,2.771,ECONNREFUSED
11263.3,heavy,3103,1,11.590,
11266.7,heavy,3101,1,4.950,
11270.0,heavy,3102,0,2.949,ECONNREFUSED
11273.3,heavy,3103,1,5.258,
11276.7,heavy,3101,1,5.171,
11280.0,heavy,3102,0,2.153,ECONNREFUSED
11283.3,heavy,3103,1,14.877,
11286.7,heavy,3101,1,7.447,
11290.0,heavy,3102,0,2.303,ECONNREFUSED
11293.3,heavy,3103,1,16.008,
11296.7,heavy,3101,1,7.566,
11300.0,light-5,3101,1,3.137,
11300.0,light-3,3102,0,3.903,ECONNREFUSED
11300.0,light-1,3103,1,10.624,
11300.0,light-2,3101,1,13.989,
11300.0,light-4,3103,1,16.422,
11300.0,heavy,3102,0,4.317,ECONNREFUSED
11303.3,heavy,3102,0,3.545,ECONNREFUSED
11306.7,heavy,3103,1,10.900,
11310.0,heavy,3101,1,8.695,
11313.3,heavy,3102,0,2.085,ECONNREFUSED
11316.7,heavy,3103,1,2.134,
11320.0,heavy,3101,1,4.024,
11323.3,heavy,3102,0,3.271,ECONNREFUSED
11326.7,heavy,3103,1,1.655,
11330.0,heavy,3101,1,3.349,
11333.3,heavy,3102,0,2.346,ECONNREFUSED
11336.7,heavy,3103,1,1.167,
11340.0,heavy,3101,1,3.526,
11343.3,heavy,3102,0,2.338,ECONNREFUSED
11346.7,heavy,3103,1,1.232,
11350.0,heavy,3101,1,4.313,
11353.3,heavy,3102,0,3.044,ECONNREFUSED
11356.7,heavy,3103,1,1.828,
11360.0,heavy,3101,1,3.474,
11363.3,heavy,3102,0,2.917,ECONNREFUSED
11366.7,heavy,3103,1,1.344,
11370.0,heavy,3101,1,3.823,
11373.3,heavy,3102,0,2.859,ECONNREFUSED
11376.7,heavy,3103,1,1.666,
11380.0,heavy,3101,1,4.298,
11383.3,heavy,3102,0,2.522,ECONNREFUSED
11386.7,heavy,3103,1,1.451,
11390.0,heavy,3101,1,4.863,
11393.3,heavy,3102,0,2.866,ECONNREFUSED
11396.7,heavy,3103,1,1.477,
11400.0,light-4,3103,1,4.278,
11400.0,light-3,3102,0,6.391,ECONNREFUSED
11400.0,light-5,3101,1,6.619,
11400.0,light-1,3103,1,8.780,
11400.0,light-2,3101,1,10.011,
11400.0,heavy,3101,1,9.291,
11403.3,heavy,3102,0,5.435,ECONNREFUSED
11406.7,heavy,3102,0,8.894,ECONNREFUSED
11410.0,heavy,3103,1,4.573,
11413.3,heavy,3101,1,5.971,
11416.7,heavy,3102,0,5.618,ECONNREFUSED
11420.0,heavy,3103,1,1.897,
11423.3,heavy,3101,1,6.339,
11426.7,heavy,3102,0,3.994,ECONNREFUSED
11430.0,heavy,3103,1,2.223,
11433.3,heavy,3101,1,7.557,
11436.7,heavy,3102,0,7.328,ECONNREFUSED
11440.0,heavy,3103,1,4.502,
11443.3,heavy,3101,1,4.006,
11446.7,heavy,3102,0,3.172,ECONNREFUSED
11450.0,heavy,3103,1,1.640,
11453.3,heavy,3101,1,6.196,
11456.7,heavy,3102,0,4.913,ECONNREFUSED
11460.0,heavy,3103,1,2.762,
11463.3,heavy,3101,1,5.719,
11466.7,heavy,3102,0,4.489,ECONNREFUSED
11470.0,heavy,3103,1,2.191,
11473.3,heavy,3101,1,2.969,
11476.7,heavy,3102,0,2.499,ECONNREFUSED
11480.0,heavy,3103,1,1.570,
11483.3,heavy,3101,1,3.119,
11486.7,heavy,3102,0,2.593,ECONNREFUSED
11490.0,heavy,3103,1,1.214,
11493.3,heavy,3101,1,7.722,
11496.7,heavy,3102,0,7.014,ECONNREFUSED
11500.0,light-3,3103,1,3.958,
11500.0,light-1,3101,1,5.159,
11500.0,light-2,3102,0,7.167,ECONNREFUSED
11500.0,light-4,3101,1,7.056,
11500.0,light-5,3102,0,7.192,ECONNREFUSED
11500.0,heavy,3103,1,3.507,
11503.3,heavy,3103,1,3.724,
11506.7,heavy,3101,1,2.509,
11510.0,heavy,3102,0,3.965,ECONNREFUSED
11513.3,heavy,3103,1,2.457,
11516.7,heavy,3101,1,3.722,
11520.0,heavy,3102,0,2.078,ECONNREFUSED
11523.3,heavy,3103,1,3.190,
11526.7,heavy,3101,1,3.992,
11530.0,heavy,3102,0,4.160,ECONNREFUSED
11533.3,heavy,3103,1,1.661,
11536.7,heavy,3101,1,3.692,
11540.0,heavy,3102,0,2.657,ECONNREFUSED
11543.3,heavy,3103,1,1.541,
11546.7,heavy,3101,1,4.281,
11550.0,heavy,3102,0,2.445,ECONNREFUSED
11553.3,heavy,3103,1,1.688,
11556.7,heavy,3101,1,3.962,
11560.0,heavy,3102,0,3.520,ECONNREFUSED
11563.3,heavy,3103,1,1.113,
11566.7,heavy,3101,1,4.316,
11570.0,heavy,3102,0,2.475,ECONNREFUSED
11573.3,heavy,3103,1,1.540,
11576.7,heavy,3101,1,3.663,
11580.0,heavy,3102,0,3.509,ECONNREFUSED
11583.3,heavy,3103,1,1.695,
11586.7,heavy,3101,1,4.082,
11590.0,heavy,3102,0,2.887,ECONNREFUSED
11593.3,heavy,3103,1,1.761,
11596.7,heavy,3101,1,3.299,
11600.0,light-5,3101,1,3.019,
11600.0,light-4,3103,1,3.272,
11600.0,light-3,3102,0,3.886,ECONNREFUSED
11600.0,light-2,3101,1,4.466,
11600.0,light-1,3103,1,17.794,
11600.0,heavy,3102,0,4.207,ECONNREFUSED
11603.3,heavy,3102,0,3.298,ECONNREFUSED
11606.7,heavy,3103,1,12.842,
11610.0,heavy,3101,1,4.359,
11613.3,heavy,3102,0,2.781,ECONNREFUSED
11616.7,heavy,3103,1,1.674,
11620.0,heavy,3101,1,3.656,
11623.3,heavy,3102,0,2.457,ECONNREFUSED
11626.7,heavy,3103,1,1.352,
11630.0,heavy,3101,1,4.023,
11633.3,heavy,3102,0,2.734,ECONNREFUSED
11636.7,heavy,3103,1,1.601,
11640.0,heavy,3101,1,3.992,
11643.3,heavy,3102,0,1.677,ECONNREFUSED
11646.7,heavy,3103,1,2.858,
11650.0,heavy,3101,1,3.788,
11653.3,heavy,3102,0,3.971,ECONNREFUSED
11656.7,heavy,3103,1,1.802,
11660.0,heavy,3101,1,4.577,
11663.3,heavy,3102,0,2.665,ECONNREFUSED
11666.7,heavy,3103,1,1.616,
11670.0,heavy,3101,1,4.739,
11673.3,heavy,3102,0,2.005,ECONNREFUSED
11676.7,heavy,3103,1,1.346,
11680.0,heavy,3101,1,3.174,
11683.3,heavy,3102,0,2.435,ECONNREFUSED
11686.7,heavy,3103,1,1.111,
11690.0,heavy,3101,1,8.079,
11693.3,heavy,3102,0,6.113,ECONNREFUSED
11696.7,heavy,3103,1,3.248,
11700.0,light-2,3103,1,3.824,
11700.0,light-1,3102,0,5.777,ECONNREFUSED
11700.0,light-4,3102,0,5.601,ECONNREFUSED
11700.0,light-5,3103,1,7.083,
11700.0,light-3,3101,1,8.763,
11700.0,heavy,3101,1,8.489,
11703.3,heavy,3101,1,9.455,
11706.7,heavy,3102,0,4.372,ECONNREFUSED
11710.0,heavy,3103,1,1.314,
11713.3,heavy,3101,1,4.201,
11716.7,heavy,3102,0,2.194,ECONNREFUSED
11720.0,heavy,3103,1,2.760,
11723.3,heavy,3101,1,5.885,
11726.7,heavy,3102,0,4.352,ECONNREFUSED
11730.0,heavy,3103,1,3.106,
11733.3,heavy,3101,1,6.235,
11736.7,heavy,3102,0,2.416,ECONNREFUSED
11740.0,heavy,3103,1,1.088,
11743.3,heavy,3101,1,3.954,
11746.7,heavy,3102,0,3.345,ECONNREFUSED
11750.0,heavy,3103,1,1.267,
11753.3,heavy,3101,1,4.679,
11756.7,heavy,3102,0,3.360,ECONNREFUSED
11760.0,heavy,3103,1,1.659,
11763.3,heavy,3101,1,4.900,
11766.7,heavy,3102,0,2.984,ECONNREFUSED
11770.0,heavy,3103,1,1.402,
11773.3,heavy,3101,1,3.942,
11776.7,heavy,3102,0,2.895,ECONNREFUSED
11780.0,heavy,3103,1,2.179,
11783.3,heavy,3101,1,6.577,
11786.7,heavy,3102,0,3.944,ECONNREFUSED
11790.0,heavy,3103,1,2.068,
11793.3,heavy,3101,1,6.314,
11796.7,heavy,3102,0,6.812,ECONNREFUSED
11800.0,light-1,3101,1,3.543,
11800.0,light-3,3103,1,3.790,
11800.0,light-4,3101,1,5.727,
11800.0,light-2,3102,0,7.779,ECONNREFUSED
11800.0,light-5,3102,0,7.593,ECONNREFUSED
11800.0,heavy,3103,1,3.894,
11803.3,heavy,3103,1,3.171,
11806.7,heavy,3101,1,3.259,
11810.0,heavy,3102,0,2.933,ECONNREFUSED
11813.3,heavy,3103,1,2.498,
11816.7,heavy,3101,1,3.525,
11820.0,heavy,3102,0,2.909,ECONNREFUSED
11823.3,heavy,3103,1,1.952,
11826.7,heavy,3101,1,3.238,
11830.0,heavy,3102,0,3.180,ECONNREFUSED
11833.3,heavy,3103,1,1.584,
11836.7,heavy,3101,1,3.209,
11840.0,heavy,3102,0,3.480,ECONNREFUSED
11843.3,heavy,3103,1,1.417,
11846.7,heavy,3101,1,3.244,
11850.0,heavy,3102,0,9.713,ECONNREFUSED
11853.3,heavy,3103,1,1.066,
11856.7,heavy,3101,1,3.433,
11860.0,heavy,3102,0,6.993,ECONNREFUSED
11863.3,heavy,3103,1,1.918,
11866.7,heavy,3101,1,2.647,
11870.0,heavy,3102,0,2.060,ECONNREFUSED
11873.3,heavy,3103,1,1.151,
11876.7,heavy,3101,1,3.921,
11880.0,heavy,3102,0,2.898,ECONNREFUSED
11883.3,heavy,3103,1,1.650,
11886.7,heavy,3101,1,3.847,
11890.0,heavy,3102,0,2.690,ECONNREFUSED
11893.3,heavy,3103,1,3.148,
11896.7,heavy,3101,1,8.077,
11900.0,light-3,3103,1,3.471,
11900.0,light-1,3101,1,4.540,
11900.0,light-2,3102,0,7.864,ECONNREFUSED
11900.0,light-4,3101,1,7.909,
11900.0,light-5,3102,0,8.064,ECONNREFUSED
11900.0,heavy,3102,0,7.729,ECONNREFUSED
11903.3,heavy,3103,1,3.095,
11906.7,heavy,3103,1,4.530,
11910.0,heavy,3101,1,3.326,
11913.3,heavy,3102,0,2.390,ECONNREFUSED
11916.7,heavy,3103,1,1.285,
11920.0,heavy,3101,1,6.487,
11923.3,heavy,3102,0,5.086,ECONNREFUSED
11926.7,heavy,3103,1,1.510,
11930.0,heavy,3101,1,6.644,
11933.3,heavy,3102,0,2.043,ECONNREFUSED
11936.7,heavy,3103,1,1.164,
11940.0,heavy,3101,1,2.285,
11943.3,heavy,3102,0,2.429,ECONNREFUSED
11946.7,heavy,3103,1,1.458,
11950.0,heavy,3101,1,2.162,
11953.3,heavy,3102,0,1.705,ECONNREFUSED
11956.7,heavy,3103,1,1.928,
11960.0,heavy,3101,1,2.978,
11963.3,heavy,3102,0,2.555,ECONNREFUSED
11966.7,heavy,3103,1,1.198,
11970.0,heavy,3101,1,3.422,
11973.3,heavy,3102,0,1.994,ECONNREFUSED
11976.7,heavy,3103,1,1.137,
11980.0,heavy,3101,1,3.554,
11983.3,heavy,3102,0,1.694,ECONNREFUSED
11986.7,heavy,3103,1,1.893,
11990.0,heavy,3101,1,2.676,
11993.3,heavy,3102,0,2.846,ECONNREFUSED
11996.7,heavy,3103,1,1.658,
12000.0,light-2,3103,1,1.854,
12000.0,light-1,3102,0,3.047,ECONNREFUSED
12000.0,light-4,3102,0,2.886,ECONNREFUSED
12000.0,light-5,3103,1,3.440,
12000.0,light-3,3101,1,4.203,
12000.0,heavy,3101,1,4.152,
12003.3,heavy,3101,1,1.945,
12006.7,heavy,3102,0,5.155,ECONNREFUSED
12010.0,heavy,3103,1,1.494,
12013.3,heavy,3101,1,3.595,
12016.7,heavy,3102,0,2.390,ECONNREFUSED
12020.0,heavy,3103,1,1.694,
12023.3,heavy,3101,1,3.380,
12026.7,heavy,3102,0,2.304,ECONNREFUSED
12030.0,heavy,3103,1,3.027,
12033.3,heavy,3101,1,2.336,
12036.7,heavy,3102,0,5.136,ECONNREFUSED
12040.0,heavy,3103,1,2.752,
12043.3,heavy,3101,1,3.247,
12046.7,heavy,3102,0,2.722,ECONNREFUSED
12050.0,heavy,3103,1,1.391,
12053.3,heavy,3101,1,3.662,
12056.7,heavy,3102,0,2.717,ECONNREFUSED
12060.0,heavy,3103,1,1.566,
12063.3,heavy,3101,1,6.118,
12066.7,heavy,3102,0,3.775,ECONNREFUSED
12070.0,heavy,3103,1,2.169,
12073.3,heavy,3101,1,7.417,
12076.7,heavy,3102,0,10.438,ECONNREFUSED
12080.0,heavy,3103,1,1.631,
12083.3,heavy,3101,1,2.798,
12086.7,heavy,3102,0,6.414,ECONNREFUSED
12090.0,heavy,3103,1,1.044,
12093.3,heavy,3101,1,11.356,
12096.7,heavy,3102,0,3.589,ECONNREFUSED
12100.0,light-1,3102,0,3.322,ECONNREFUSED
12100.0,light-4,3102,0,3.168,ECONNREFUSED
12100.0,light-2,3103,1,6.498,
12100.0,light-5,3103,1,9.910,
12100.0,light-3,3101,1,13.967,
12100.0,heavy,3103,1,4.588,
12103.3,heavy,3101,1,13.140,
12106.7,heavy,3101,1,12.465,
12110.0,heavy,3102,0,9.089,ECONNREFUSED
12113.3,heavy,3103,1,3.303,
12116.7,heavy,3101,1,5.680,
12120.0,heavy,3102,0,2.942,ECONNREFUSED
12123.3,heavy,3103,1,1.332,
12126.7,heavy,3101,1,4.311,
12130.0,heavy,3102,0,2.681,ECONNREFUSED
12133.3,heavy,3103,1,1.610,
12136.7,heavy,3101,1,3.275,
12140.0,heavy,3102,0,2.286,ECONNREFUSED
12143.3,heavy,3103,1,2.235,
12146.7,heavy,3101,1,3.746,
12150.0,heavy,3102,0,3.149,ECONNREFUSED
12153.3,heavy,3103,1,1.426,
12156.7,heavy,3101,1,5.689,
12160.0,heavy,3102,0,3.055,ECONNREFUSED
12163.3,heavy,3103,1,1.537,
12166.7,heavy,3101,1,5.735,
12170.0,heavy,3102,0,4.086,ECONNREFUSED
12173.3,heavy,3103,1,1.266,
12176.7,heavy,3101,1,3.684,
12180.0,heavy,3102,0,2.970,ECONNREFUSED
12183.3,heavy,3103,1,1.566,
12186.7,heavy,3101,1,5.940,
12190.0,heavy,3102,0,6.391,ECONNREFUSED
12193.3,heavy,3103,1,3.502,
12196.7,heavy,3101,1,8.675,
12200.0,light-4,3103,1,3.675,
12200.0,light-3,3102,0,5.672,ECONNREFUSED
12200.0,light-5,3101,1,5.329,
12200.0,light-1,3103,1,8.123,
12200.0,light-2,3101,1,8.819,
12200.0,heavy,3102,0,5.869,ECONNREFUSED
12203.3,heavy,3102,0,5.611,ECONNREFUSED
12206.7,heavy,3103,1,1.697,
12210.0,heavy,3101,1,3.305,
12213.3,heavy,3102,0,2.139,ECONNREFUSED
12216.7,heavy,3103,1,2.450,
12220.0,heavy,3101,1,4.852,
12223.3,heavy,3102,0,3.617,ECONNREFUSED
12226.7,heavy,3103,1,2.871,
12230.0,heavy,3101,1,4.481,
12233.3,heavy,3102,0,3.103,ECONNREFUSED
12236.7,heavy,3103,1,1.452,
12240.0,heavy,3101,1,4.511,
12243.3,heavy,3102,0,2.988,ECONNREFUSED
12246.7,heavy,3103,1,1.873,
12250.0,heavy,3101,1,4.812,
12253.3,heavy,3102,0,3.451,ECONNREFUSED
12256.7,heavy,3103,1,1.707,
12260.0,heavy,3101,1,5.351,
12263.3,heavy,3102,0,3.369,ECONNREFUSED
12266.7,heavy,3103,1,2.020,
12270.0,heavy,3101,1,3.619,
12273.3,heavy,3102,0,3.676,ECONNREFUSED
12276.7,heavy,3103,1,1.468,
12280.0,heavy,3101,0,3.351,
12283.3,heavy,3102,0,2.306,ECONNREFUSED
12286.7,heavy,3103,1,1.717,
12290.0,heavy,3101,1,3.357,
12293.3,heavy,3102,0,2.658,ECONNREFUSED
12296.7,heavy,3103,0,1.406,
12300.0,light-3,3103,1,3.956,
12300.0,light-1,3101,1,5.159,
12300.0,light-2,3102,0,7.739,ECONNREFUSED
12300.0,light-4,3101,1,7.767,
12300.0,light-5,3102,0,8.003,ECONNREFUSED
12300.0,heavy,3101,0,7.879,
12303.3,heavy,3102,0,7.885,ECONNREFUSED
12306.7,heavy,3103,1,3.409,
12310.0,heavy,3103,0,3.515,
12313.3,heavy,3101,1,3.523,
12316.7,heavy,3102,0,3.328,ECONNREFUSED
12320.0,heavy,3103,0,1.318,
12323.3,heavy,3101,1,4.976,
12326.7,heavy,3102,0,3.821,ECONNREFUSED
12330.0,heavy,3103,1,1.802,
12333.3,heavy,3101,0,5.048,
12336.7,heavy,3102,0,3.933,ECONNREFUSED
12340.0,heavy,3103,0,2.294,
12343.3,heavy,3101,1,3.933,
12346.7,heavy,3102,0,3.011,ECONNREFUSED
12350.0,heavy,3103,1,1.826,
12353.3,heavy,3101,0,3.280,
12356.7,heavy,3102,0,3.111,ECONNREFUSED
12360.0,heavy,3103,0,1.312,
12363.3,heavy,3101,1,3.064,
12366.7,heavy,3102,0,2.279,ECONNREFUSED
12370.0,heavy,3103,0,0.850,
12373.3,heavy,3101,1,4.236,
12376.7,heavy,3102,0,3.130,ECONNREFUSED
12380.0,heavy,3103,1,1.919,
12383.3,heavy,3101,0,4.147,
12386.7,heavy,3102,0,2.313,ECONNREFUSED
12390.0,heavy,3103,1,1.638,
12393.3,heavy,3101,0,4.391,
12396.7,heavy,3102,0,6.844,ECONNREFUSED
12400.0,light-1,3101,1,4.209,
12400.0,light-3,3103,1,3.951,
12400.0,light-4,3101,1,5.833,
12400.0,light-2,3102,0,6.748,ECONNREFUSED
12400.0,light-5,3102,0,6.426,ECONNREFUSED
12400.0,heavy,3103,0,4.190,
12403.3,heavy,3103,1,3.274,
12406.7,heavy,3101,0,3.445,
12410.0,heavy,3102,0,2.735,ECONNREFUSED
12413.3,heavy,3103,1,1.192,
12416.7,heavy,3101,0,5.788,
12420.0,heavy,3102,0,3.477,ECONNREFUSED
12423.3,heavy,3103,1,2.026,
12426.7,heavy,3101,0,5.507,
12430.0,heavy,3102,0,4.733,ECONNREFUSED
12433.3,heavy,3103,1,2.253,
12436.7,heavy,3101,0,4.030,
12440.0,heavy,3102,0,4.122,ECONNREFUSED
12443.3,heavy,3103,1,2.896,
12446.7,heavy,3101,0,2.548,
12450.0,heavy,3102,0,4.850,ECONNREFUSED
12453.3,heavy,3103,1,2.410,
12456.7,heavy,3101,1,4.562,
12460.0,heavy,3102,0,5.071,ECONNREFUSED
12463.3,heavy,3103,0,1.741,
12466.7,heavy,3101,0,4.149,
12470.0,heavy,3102,0,2.552,ECONNREFUSED
12473.3,heavy,3103,1,1.573,
12476.7,heavy,3101,0,4.174,
12480.0,heavy,3102,0,2.586,ECONNREFUSED
12483.3,heavy,3103,1,2.756,
12486.7,heavy,3101,1,4.160,
12490.0,heavy,3102,0,3.705,ECONNREFUSED
12493.3,heavy,3103,0,1.689,
12496.7,heavy,3101,0,6.822,
12500.0,light-2,3103,1,3.299,
12500.0,light-1,3102,0,5.014,ECONNREFUSED
12500.0,light-4,3102,0,4.918,ECONNREFUSED
12500.0,light-5,3103,1,6.043,
12500.0,light-3,3101,1,8.624,
12500.0,heavy,3102,0,5.136,ECONNREFUSED
12503.3,heavy,3103,1,2.889,
12506.7,heavy,3101,0,7.402,
12510.0,heavy,3101,0,7.415,
12513.3,heavy,3102,0,3.737,ECONNREFUSED
12516.7,heavy,3103,1,2.044,
12520.0,heavy,3101,1,3.095,
12523.3,heavy,3102,0,2.292,ECONNREFUSED
12526.7,heavy,3103,0,0.949,
12530.0,heavy,3101,0,4.661,
12533.3,heavy,3102,0,2.708,ECONNREFUSED
12536.7,heavy,3103,1,1.676,
12540.0,heavy,3101,0,3.901,
12543.3,heavy,3102,0,2.314,ECONNREFUSED
12546.7,heavy,3103,1,1.189,
12550.0,heavy,3101,1,3.908,
12553.3,heavy,3102,0,2.973,ECONNREFUSED
12556.7,heavy,3103,0,2.025,
12560.0,heavy,3101,1,4.819,
12563.3,heavy,3102,0,3.388,ECONNREFUSED
12566.7,heavy,3103,1,1.891,
12570.0,heavy,3101,0,4.819,
12573.3,heavy,3102,0,2.760,ECONNREFUSED
12576.7,heavy,3103,0,0.971,
12580.0,heavy,3101,1,3.704,
12583.3,heavy,3102,0,2.763,ECONNREFUSED
12586.7,heavy,3103,0,1.865,
12590.0,heavy,3101,0,2.951,
12593.3,heavy,3102,0,7.862,ECONNREFUSED
12596.7,heavy,3103,1,4.119,
12600.0,light-2,3103,1,4.820,
12600.0,light-5,3103,1,6.558,
12600.0,light-3,3101,1,7.362,
12600.0,light-1,3102,0,7.865,ECONNREFUSED
12600.0,light-4,3102,0,7.842,ECONNREFUSED
12600.0,heavy,3101,1,6.895,
12603.3,heavy,3101,0,6.507,
12606.7,heavy,3102,0,5.087,ECONNREFUSED
12610.0,heavy,3103,0,1.428,
12613.3,heavy,3101,1,3.029,
12616.7,heavy,3102,0,2.608,ECONNREFUSED
12620.0,heavy,3103,1,2.003,
12623.3,heavy,3101,0,4.472,
12626.7,heavy,3102,0,3.933,ECONNREFUSED
12630.0,heavy,3103,1,2.064,
12633.3,heavy,3101,0,4.638,
12636.7,heavy,3102,0,3.154,ECONNREFUSED
12640.0,heavy,3103,0,1.187,
12643.3,heavy,3101,1,3.881,
12646.7,heavy,3102,0,3.173,ECONNREFUSED
12650.0,heavy,3103,0,1.473,
12653.3,heavy,3101,1,8.990,
12656.7,heavy,3102,0,3.436,ECONNREFUSED
12660.0,heavy,3103,1,1.454,
12663.3,heavy,3101,0,9.035,
12666.7,heavy,3102,0,2.669,ECONNREFUSED
12670.0,heavy,3103,1,1.285,
12673.3,heavy,3101,0,3.162,
12676.7,heavy,3102,0,2.808,ECONNREFUSED
12680.0,heavy,3103,0,1.645,
12683.3,heavy,3101,1,3.269,
12686.7,heavy,3102,0,2.805,ECONNREFUSED
12690.0,heavy,3103,0,1.308,
12693.3,heavy,3101,1,5.671,
12696.7,heavy,3102,0,9.903,ECONNREFUSED
12700.0,light-1,3101,1,4.450,
12700.0,light-3,3103,1,6.748,
12700.0,light-4,3101,1,7.513,
12700.0,light-5,3102,0,11.004,ECONNREFUSED
12700.0,light-2,3102,0,11.877,ECONNREFUSED
12700.0,heavy,3103,1,3.936,
12703.3,heavy,3103,0,5.719,
12706.7,heavy,3101,0,6.051,
12710.0,heavy,3102,0,3.526,ECONNREFUSED
12713.3,heavy,3103,1,1.025,
12716.7,heavy,3101,0,6.235,
12720.0,heavy,3102,0,3.767,ECONNREFUSED
12723.3,heavy,3103,1,1.938,
12726.7,heavy,3101,0,5.829,
12730.0,heavy,3102,0,5.254,ECONNREFUSED
12733.3,heavy,3103,1,1.932,
12736.7,heavy,3101,0,3.320,
12740.0,heavy,3102,0,2.366,ECONNREFUSED
12743.3,heavy,3103,1,1.488,
12746.7,heavy,3101,0,5.973,
12750.0,heavy,3102,0,3.723,ECONNREFUSED
12753.3,heavy,3103,1,2.032,
12756.7,heavy,3101,1,6.081,
12760.0,heavy,3102,0,4.156,ECONNREFUSED
12763.3,heavy,3103,0,1.086,
12766.7,heavy,3101,0,4.280,
12770.0,heavy,3102,0,3.370,ECONNREFUSED
12773.3,heavy,3103,1,1.924,
12776.7,heavy,3101,0,3.182,
12780.0,heavy,3102,0,2.238,ECONNREFUSED
12783.3,heavy,3103,1,1.474,
12786.7,heavy,3101,0,3.086,
12790.0,heavy,3102,0,2.598,ECONNREFUSED
12793.3,heavy,3103,1,3.520,
12796.7,heavy,3101,0,7.602,
12800.0,light-3,3103,1,3.782,
12800.0,light-1,3101,1,5.072,
12800.0,light-5,3102,0,7.203,ECONNREFUSED
12800.0,light-4,3101,1,8.431,
12800.0,light-2,3102,0,10.716,ECONNREFUSED
12800.0,heavy,3102,0,7.210,ECONNREFUSED
12803.3,heavy,3103,1,3.164,
12806.7,heavy,3103,0,3.584,
12810.0,heavy,3101,1,5.241,
12813.3,heavy,3102,0,5.204,ECONNREFUSED
12816.7,heavy,3103,0,1.570,
12820.0,heavy,3101,1,3.297,
12823.3,heavy,3102,0,3.011,ECONNREFUSED
12826.7,heavy,3103,0,1.343,
12830.0,heavy,3101,1,4.305,
12833.3,heavy,3102,0,2.432,ECONNREFUSED
12836.7,heavy,3103,0,1.715,
12840.0,heavy,3101,0,7.103,
12843.3,heavy,3102,0,8.056,ECONNREFUSED
12846.7,heavy,3103,1,2.278,
12850.0,heavy,3101,1,6.840,
12853.3,heavy,3102,0,5.955,ECONNREFUSED
12856.7,heavy,3103,0,2.187,
12860.0,heavy,3101,0,2.716,
12863.3,heavy,3102,0,6.967,ECONNREFUSED
12866.7,heavy,3103,1,1.404,
12870.0,heavy,3101,0,2.581,
12873.3,heavy,3102,0,3.152,ECONNREFUSED
12876.7,heavy,3103,1,1.341,
12880.0,heavy,3101,1,3.196,
12883.3,heavy,3102,0,4.295,ECONNREFUSED
12886.7,heavy,3103,0,1.234,
12890.0,heavy,3101,0,4.212,
12893.3,heavy,3102,0,2.434,ECONNREFUSED
12896.7,heavy,3103,1,1.009,
12900.0,light-2,3103,1,1.744,
12900.0,light-1,3102,0,3.481,ECONNREFUSED
12900.0,light-4,3102,0,3.837,ECONNREFUSED
12900.0,light-5,3103,1,3.937,
12900.0,light-3,3101,1,4.815,
12900.0,heavy,3101,0,4.788,
12903.3,heavy,3101,1,3.789,
12906.7,heavy,3102,0,3.802,ECONNREFUSED
12910.0,heavy,3103,0,1.393,
12913.3,heavy,3101,1,39.250,
12916.7,heavy,3102,0,44.188,ECONNREFUSED
12920.0,heavy,3103,1,34.251,
12923.3,heavy,3101,0,38.906,
12926.7,heavy,3102,0,42.732,ECONNREFUSED
12930.0,heavy,3103,1,5.232,
12933.3,heavy,3101,1,54.322,
12936.7,heavy,3102,0,10.731,ECONNREFUSED
12940.0,heavy,3103,1,5.329,
12943.3,heavy,3101,1,54.203,
12946.7,heavy,3102,0,11.494,ECONNREFUSED
12950.0,heavy,3103,1,5.268,
12953.3,heavy,3101,1,161.656,
12956.7,heavy,3102,0,11.361,ECONNREFUSED
12960.0,heavy,3103,0,5.666,
12963.3,heavy,3101,1,48.855,
12966.7,heavy,3102,0,65.637,ECONNREFUSED
12970.0,heavy,3103,0,2.978,
12973.3,heavy,3101,0,43.694,
12976.7,heavy,3102,0,25.549,ECONNREFUSED
12980.0,heavy,3103,1,14.422,
12983.3,heavy,3101,1,111.099,
12986.7,heavy,3102,0,25.323,ECONNREFUSED
12990.0,heavy,3103,1,13.183,
12993.3,heavy,3101,1,108.476,
12996.7,heavy,3102,0,27.995,ECONNREFUSED
13000.0,light-4,3103,1,25.332,
13000.0,light-3,3102,0,27.530,ECONNREFUSED
13000.0,light-1,3103,1,106.591,
13000.0,light-5,3101,1,107.068,
13000.0,light-2,3101,1,112.693,
13000.0,heavy,3103,1,11.602,
13003.3,heavy,3101,0,108.220,
13006.7,heavy,3102,0,27.793,ECONNREFUSED
13010.0,heavy,3103,0,11.520,
13013.3,heavy,3101,1,108.319,
13016.7,heavy,3102,0,27.695,ECONNREFUSED
13020.0,heavy,3102,0,16.505,ECONNREFUSED
13023.3,heavy,3103,1,8.337,
13026.7,heavy,3101,1,102.343,
13030.0,heavy,3102,0,16.183,ECONNREFUSED
13033.3,heavy,3103,1,5.311,
13036.7,heavy,3101,1,94.652,
13040.0,heavy,3102,0,82.516,ECONNREFUSED
13043.3,heavy,3103,1,3.326,
13046.7,heavy,3101,1,90.668,
13050.0,heavy,3102,0,63.999,ECONNREFUSED
13053.3,heavy,3103,1,46.439,
13056.7,heavy,3101,0,80.024,
13060.0,heavy,3102,0,64.832,ECONNREFUSED
13063.3,heavy,3103,1,40.195,
13066.7,heavy,3101,0,74.103,
13070.0,heavy,3102,0,58.742,ECONNREFUSED
13073.3,heavy,3103,1,40.482,
13076.7,heavy,3101,0,78.141,
13080.0,heavy,3102,0,58.258,ECONNREFUSED
13083.3,heavy,3103,0,12.351,
13086.7,heavy,3101,0,21.740,
13090.0,heavy,3102,0,31.926,ECONNREFUSED
13093.3,heavy,3103,0,12.170,
13096.7,heavy,3101,0,22.763,
13100.0,light-2,3103,1,14.440,
13100.0,light-3,3101,1,29.523,
13100.0,light-1,3102,0,31.431,ECONNREFUSED
13100.0,light-4,3102,0,31.443,ECONNREFUSED
13100.0,light-5,3103,1,35.012,
13100.0,heavy,3102,0,32.031,ECONNREFUSED
13103.3,heavy,3103,0,14.037,
13106.7,heavy,3101,0,23.597,
13110.0,heavy,3102,0,32.266,ECONNREFUSED
13113.3,heavy,3103,1,14.012,
13116.7,heavy,3101,0,30.673,
13120.0,heavy,3102,0,31.775,ECONNREFUSED
13123.3,heavy,3103,0,13.315,
13126.7,heavy,3101,0,35.303,
13130.0,heavy,3101,0,22.589,
13133.3,heavy,3102,0,28.877,ECONNREFUSED
13136.7,heavy,3103,1,17.716,
13140.0,heavy,3101,0,22.360,
13143.3,heavy,3102,0,19.113,ECONNREFUSED
13146.7,heavy,3103,1,11.901,
13150.0,heavy,3101,0,11.913,
13153.3,heavy,3102,0,14.775,ECONNREFUSED
13156.7,heavy,3103,1,3.205,
13160.0,heavy,3101,0,5.895,
13163.3,heavy,3102,0,12.968,ECONNREFUSED
13166.7,heavy,3103,0,3.084,
13170.0,heavy,3101,1,5.334,
13173.3,heavy,3102,0,9.125,ECONNREFUSED
13176.7,heavy,3103,0,4.530,
13180.0,heavy,3101,0,6.186,
13183.3,heavy,3102,0,6.681,ECONNREFUSED
13186.7,heavy,3103,1,1.594,
13190.0,heavy,3101,0,2.876,
13193.3,heavy,3102,0,2.215,ECONNREFUSED
13196.7,heavy,3103,1,1.779,
13200.0,light-4,3103,1,2.430,
13200.0,light-5,3101,1,3.123,
13200.0,light-1,3103,1,4.537,
13200.0,light-2,3101,1,8.373,
13200.0,light-3,3102,0,10.524,ECONNREFUSED
13200.0,heavy,3101,1,5.032,
13203.3,heavy,3102,0,10.500,ECONNREFUSED
13206.7,heavy,3102,0,8.477,ECONNREFUSED
13210.0,heavy,3103,0,3.127,
13213.3,heavy,3101,1,3.072,
13216.7,heavy,3102,0,4.899,ECONNREFUSED
13220.0,heavy,3103,0,1.331,
13223.3,heavy,3101,1,4.292,
13226.7,heavy,3102,0,5.773,ECONNREFUSED
13230.0,heavy,3103,1,3.300,
13233.3,heavy,3101,0,4.484,
13236.7,heavy,3102,0,3.439,ECONNREFUSED
13240.0,heavy,3103,0,1.776,
13243.3,heavy,3101,1,3.819,
13246.7,heavy,3102,0,3.948,ECONNREFUSED
13250.0,heavy,3103,1,1.709,
13253.3,heavy,3101,0,3.780,
13256.7,heavy,3102,0,2.783,ECONNREFUSED
13260.0,heavy,3103,0,1.108,
13263.3,heavy,3101,1,2.903,
13266.7,heavy,3102,0,2.302,ECONNREFUSED
13270.0,heavy,3103,0,1.178,
13273.3,heavy,3101,1,3.625,
13276.7,heavy,3102,0,2.952,ECONNREFUSED
13280.0,heavy,3103,1,1.365,
13283.3,heavy,3101,0,3.086,
13286.7,heavy,3102,0,2.551,ECONNREFUSED
13290.0,heavy,3103,1,1.413,
13293.3,heavy,3101,0,4.012,
13296.7,heavy,3102,0,3.661,ECONNREFUSED
13300.0,light-1,3101,1,3.644,
13300.0,light-3,3103,1,4.314,
13300.0,light-4,3101,1,5.484,
13300.0,light-2,3102,0,6.419,ECONNREFUSED
13300.0,light-5,3102,0,6.332,ECONNREFUSED
13300.0,heavy,3103,0,3.503,
13303.3,heavy,3103,1,2.400,
13306.7,heavy,3101,0,3.107,
13310.0,heavy,3102,0,2.125,ECONNREFUSED
13313.3,heavy,3103,1,2.037,
13316.7,heavy,3101,0,6.313,
13320.0,heavy,3102,0,5.916,ECONNREFUSED
13323.3,heavy,3103,1,3.001,
13326.7,heavy,3101,1,6.711,
13330.0,heavy,3102,0,4.426,ECONNREFUSED
13333.3,heavy,3103,0,2.794,
13336.7,heavy,3101,0,4.938,
13340.0,heavy,3102,0,3.499,ECONNREFUSED
13343.3,heavy,3103,1,1.872,
13346.7,heavy,3101,0,4.214,
13350.0,heavy,3102,0,2.803,ECONNREFUSED
13353.3,heavy,3103,1,1.869,
13356.7,heavy,3101,0,3.046,
13360.0,heavy,3102,0,2.486,ECONNREFUSED
13363.3,heavy,3103,1,2.920,
13366.7,heavy,3101,0,4.067,
13370.0,heavy,3102,0,6.824,ECONNREFUSED
13373.3,heavy,3103,1,2.660,
13376.7,heavy,3101,0,4.439,
13380.0,heavy,3102,0,6.316,ECONNREFUSED
13383.3,heavy,3103,1,4.540,
13386.7,heavy,3101,0,3.278,
13390.0,heavy,3102,0,3.061,ECONNREFUSED
13393.3,heavy,3103,1,2.131,
13396.7,heavy,3101,0,5.448,
13400.0,light-3,3103,1,2.444,
13400.0,light-1,3101,1,3.106,
13400.0,light-4,3101,1,6.084,
13400.0,light-5,3102,0,6.648,ECONNREFUSED
13400.0,light-2,3102,0,7.143,ECONNREFUSED
13400.0,heavy,3102,0,6.894,ECONNREFUSED
13403.3,heavy,3103,1,1.787,
13406.7,heavy,3103,0,1.840,
13410.0,heavy,3101,0,3.202,
13413.3,heavy,3102,0,2.337,ECONNREFUSED
13416.7,heavy,3103,1,1.584,
13420.0,heavy,3101,0,3.588,
13423.3,heavy,3102,0,2.513,ECONNREFUSED
13426.7,heavy,3103,1,1.299,
13430.0,heavy,3101,0,3.807,
13433.3,heavy,3102,0,2.852,ECONNREFUSED
13436.7,heavy,3103,1,1.166,
13440.0,heavy,3101,1,4.110,
13443.3,heavy,3102,0,2.919,ECONNREFUSED
13446.7,heavy,3103,1,1.939,
13450.0,heavy,3101,0,4.725,
13453.3,heavy,3102,0,3.703,ECONNREFUSED
13456.7,heavy,3103,0,1.480,
13460.0,heavy,3101,0,4.495,
13463.3,heavy,3102,0,4.572,ECONNREFUSED
13466.7,heavy,3103,1,2.360,
13470.0,heavy,3101,0,3.380,
13473.3,heavy,3102,0,2.475,ECONNREFUSED
13476.7,heavy,3103,1,2.015,
13480.0,heavy,3101,1,5.736,
13483.3,heavy,3102,0,4.659,ECONNREFUSED
13486.7,heavy,3103,0,1.802,
13490.0,heavy,3101,0,6.610,
13493.3,heavy,3102,0,5.810,ECONNREFUSED
13496.7,heavy,3103,1,1.957,
13500.0,light-2,3103,1,4.284,
13500.0,light-1,3102,0,7.295,ECONNREFUSED
13500.0,light-5,3103,1,7.222,
13500.0,light-4,3102,0,7.842,ECONNREFUSED
13500.0,light-3,3101,1,8.271,
13500.0,heavy,3101,1,7.982,
13503.3,heavy,3101,0,6.729,
13506.7,heavy,3102,0,6.526,ECONNREFUSED
13510.0,heavy,3103,0,1.786,
13513.3,heavy,3101,1,3.400,
13516.7,heavy,3102,0,3.034,ECONNREFUSED
13520.0,heavy,3103,0,1.319,
13523.3,heavy,3101,1,4.487,
13526.7,heavy,3102,0,3.599,ECONNREFUSED
13530.0,heavy,3103,0,1.446,
13533.3,heavy,3101,1,3.752,
13536.7,heavy,3102,0,2.471,ECONNREFUSED
13540.0,heavy,3103,1,1.368,
13543.3,heavy,3101,0,4.260,
13546.7,heavy,3102,0,3.044,ECONNREFUSED
13550.0,heavy,3103,0,1.326,
13553.3,heavy,3101,0,3.848,
13556.7,heavy,3102,0,3.032,ECONNREFUSED
13560.0,heavy,3103,1,1.535,
13563.3,heavy,3101,1,4.442,
13566.7,heavy,3102,0,3.174,ECONNREFUSED
13570.0,heavy,3103,1,1.504,
13573.3,heavy,3101,0,5.333,
13576.7,heavy,3102,0,3.791,ECONNREFUSED
13580.0,heavy,3103,0,1.747,
13583.3,heavy,3101,0,3.513,
13586.7,heavy,3102,0,2.786,ECONNREFUSED
13590.0,heavy,3103,1,1.541,
13593.3,heavy,3101,1,2.986,
13596.7,heavy,3102,0,2.182,ECONNREFUSED
13600.0,light-2,3103,1,3.511,
13600.0,light-4,3102,0,5.063,ECONNREFUSED
13600.0,light-1,3102,0,5.757,ECONNREFUSED
13600.0,light-5,3103,1,6.466,
13600.0,light-3,3101,1,7.965,
13600.0,heavy,3103,1,3.347,
13603.3,heavy,3101,0,7.401,
13606.7,heavy,3101,0,6.170,
13610.0,heavy,3102,0,4.179,ECONNREFUSED
13613.3,heavy,3103,1,1.341,
13616.7,heavy,3101,1,3.544,
13620.0,heavy,3102,0,2.792,ECONNREFUSED
13623.3,heavy,3103,0,1.043,
13626.7,heavy,3101,0,4.607,
13630.0,heavy,3102,0,3.836,ECONNREFUSED
13633.3,heavy,3103,1,1.862,
13636.7,heavy,3101,0,5.067,
13640.0,heavy,3102,0,4.254,ECONNREFUSED
13643.3,heavy,3103,1,1.413,
13646.7,heavy,3101,0,4.212,
13650.0,heavy,3102,0,3.224,ECONNREFUSED
13653.3,heavy,3103,1,1.616,
13656.7,heavy,3101,0,3.053,
13660.0,heavy,3102,0,2.553,ECONNREFUSED
13663.3,heavy,3103,1,1.706,
13666.7,heavy,3101,0,3.660,
13670.0,heavy,3102,0,3.411,ECONNREFUSED
13673.3,heavy,3103,1,1.529,
13676.7,heavy,3101,0,3.758,
13680.0,heavy,3102,0,3.010,ECONNREFUSED
13683.3,heavy,3103,1,1.765,
13686.7,heavy,3101,0,2.822,
13690.0,heavy,3102,0,2.058,ECONNREFUSED
13693.3,heavy,3103,1,2.210,
13696.7,heavy,3101,0,5.068,
13700.0,light-4,3103,1,3.554,
13700.0,light-3,3102,0,4.076,ECONNREFUSED
13700.0,light-5,3101,1,4.055,
13700.0,light-1,3103,1,5.906,
13700.0,light-2,3101,1,5.994,
13700.0,heavy,3102,0,5.195,ECONNREFUSED
13703.3,heavy,3102,0,4.483,ECONNREFUSED
13706.7,heavy,3103,1,1.259,
13710.0,heavy,3101,1,3.951,
13713.3,heavy,3102,0,2.488,ECONNREFUSED
13716.7,heavy,3103,0,1.309,
13720.0,heavy,3101,0,4.507,
13723.3,heavy,3102,0,3.381,ECONNREFUSED
13726.7,heavy,3103,1,1.959,
13730.0,heavy,3101,0,3.863,
13733.3,heavy,3102,0,4.341,ECONNREFUSED
13736.7,heavy,3103,1,1.819,
13740.0,heavy,3101,1,4.876,
13743.3,heavy,3102,0,4.002,ECONNREFUSED
13746.7,heavy,3103,0,1.780,
13750.0,heavy,3101,0,4.115,
13753.3,heavy,3102,0,3.728,ECONNREFUSED
13756.7,heavy,3103,1,1.675,
13760.0,heavy,3101,0,4.314,
13763.3,heavy,3102,0,4.393,ECONNREFUSED
13766.7,heavy,3103,1,1.773,
13770.0,heavy,3101,0,3.329,
13773.3,heavy,3102,0,2.576,ECONNREFUSED
13776.7,heavy,3103,1,1.523,
13780.0,heavy,3101,1,5.871,
13783.3,heavy,3102,0,3.501,ECONNREFUSED
13786.7,heavy,3103,1,1.712,
13790.0,heavy,3101,0,5.393,
13793.3,heavy,3102,0,3.939,ECONNREFUSED
13796.7,heavy,3103,0,1.328,
13800.0,light-3,3103,1,3.707,
13800.0,light-1,3101,1,4.867,
13800.0,light-2,3102,0,6.398,ECONNREFUSED
13800.0,light-4,3101,1,7.099,
13800.0,light-5,3102,0,7.387,ECONNREFUSED
13800.0,heavy,3101,0,6.951,
13803.3,heavy,3102,0,6.339,ECONNREFUSED
13806.7,heavy,3103,1,2.879,
13810.0,heavy,3103,0,3.269,
13813.3,heavy,3101,1,3.492,
13816.7,heavy,3102,0,2.513,ECONNREFUSED
13820.0,heavy,3103,0,1.330,
13823.3,heavy,3101,0,5.695,
13826.7,heavy,3102,0,4.238,ECONNREFUSED
13830.0,heavy,3103,1,2.612,
13833.3,heavy,3101,0,5.474,
13836.7,heavy,3102,0,4.708,ECONNREFUSED
13840.0,heavy,3103,1,2.280,
13843.3,heavy,3101,1,3.369,
13846.7,heavy,3102,0,1.986,ECONNREFUSED
13850.0,heavy,3103,1,1.249,
13853.3,heavy,3101,0,3.423,
13856.7,heavy,3102,0,1.864,ECONNREFUSED
13860.0,heavy,3103,0,0.931,
13863.3,heavy,3101,0,3.300,
13866.7,heavy,3102,0,2.613,ECONNREFUSED
13870.0,heavy,3103,1,1.225,
13873.3,heavy,3101,1,4.764,
13876.7,heavy,3102,0,3.263,ECONNREFUSED
13880.0,heavy,3103,1,1.692,
13883.3,heavy,3101,0,5.158,
13886.7,heavy,3102,0,3.581,ECONNREFUSED
13890.0,heavy,3103,0,1.330,
13893.3,heavy,3101,1,7.294,
13896.7,heavy,3102,0,6.796,ECONNREFUSED
13900.0,light-3,3103,1,3.679,
13900.0,light-1,3101,1,4.898,
13900.0,light-2,3102,0,6.884,ECONNREFUSED
13900.0,light-4,3101,1,6.897,
13900.0,light-5,3102,0,7.186,ECONNREFUSED
13900.0,heavy,3103,1,3.091,
13903.3,heavy,3103,0,3.710,
13906.7,heavy,3101,0,3.240,
13910.0,heavy,3102,0,2.085,ECONNREFUSED
13913.3,heavy,3103,1,1.842,
13916.7,heavy,3101,0,4.229,
13920.0,heavy,3102,0,3.337,ECONNREFUSED
13923.3,heavy,3103,1,1.391,
13926.7,heavy,3101,1,5.169,
13930.0,heavy,3102,0,3.953,ECONNREFUSED
13933.3,heavy,3103,0,1.614,
13936.7,heavy,3101,0,3.119,
13940.0,heavy,3102,0,2.370,ECONNREFUSED
13943.3,heavy,3103,1,1.222,
13946.7,heavy,3101,0,2.900,
13950.0,heavy,3102,0,2.887,ECONNREFUSED
13953.3,heavy,3103,1,1.161,
13956.7,heavy,3101,0,4.197,
13960.0,heavy,3102,0,3.003,ECONNREFUSED
13963.3,heavy,3103,1,1.517,
13966.7,heavy,3101,0,2.657,
13970.0,heavy,3102,0,2.709,ECONNREFUSED
13973.3,heavy,3103,1,1.441,
13976.7,heavy,3101,0,3.617,
13980.0,heavy,3102,0,2.656,ECONNREFUSED
13983.3,heavy,3103,1,2.690,
13986.7,heavy,3101,0,4.035,
13990.0,heavy,3102,0,3.333,ECONNREFUSED
13993.3,heavy,3103,1,2.090,
13996.7,heavy,3101,0,2.962,
14000.0,light-4,3103,1,5.266,
14000.0,light-5,3101,1,5.866,
14000.0,light-1,3103,1,7.763,
14000.0,light-3,3102,0,8.439,ECONNREFUSED
14000.0,light-2,3101,1,8.689,
14000.0,heavy,3102,0,8.171,ECONNREFUSED
14003.3,heavy,3103,1,3.664,
14006.7,heavy,3101,1,7.964,
14010.0,heavy,3102,0,8.590,ECONNREFUSED
14013.3,heavy,3102,0,8.415,ECONNREFUSED
14016.7,heavy,3103,0,4.244,
14020.0,heavy,3101,0,3.096,
14023.3,heavy,3102,0,1.859,ECONNREFUSED
14026.7,heavy,3103,1,2.288,
14030.0,heavy,3101,1,5.096,
14033.3,heavy,3102,0,3.771,ECONNREFUSED
14036.7,heavy,3103,1,2.752,
14040.0,heavy,3101,0,6.167,
14043.3,heavy,3102,0,3.749,ECONNREFUSED
14046.7,heavy,3103,0,1.286,
14050.0,heavy,3101,0,3.166,
14053.3,heavy,3102,0,2.360,ECONNREFUSED
14056.7,heavy,3103,1,1.034,
14060.0,heavy,3101,0,2.740,
14063.3,heavy,3102,0,3.512,ECONNREFUSED
14066.7,heavy,3103,1,1.904,
14070.0,heavy,3101,1,3.685,
14073.3,heavy,3102,0,2.734,ECONNREFUSED
14076.7,heavy,3103,0,0.927,
14080.0,heavy,3101,0,3.470,
14083.3,heavy,3102,0,2.813,ECONNREFUSED
14086.7,heavy,3103,1,1.670,
14090.0,heavy,3101,0,3.061,
14093.3,heavy,3102,0,2.521,ECONNREFUSED
14096.7,heavy,3103,1,2.761,
14100.0,light-2,3103,1,2.978,
14100.0,light-4,3102,0,3.850,ECONNREFUSED
14100.0,light-1,3102,0,5.104,ECONNREFUSED
14100.0,light-5,3103,1,5.254,
14100.0,light-3,3101,1,5.751,
14100.0,heavy,3101,1,5.624,
14103.3,heavy,3101,0,7.107,
14106.7,heavy,3102,0,4.577,ECONNREFUSED
14110.0,heavy,3103,0,1.514,
14113.3,heavy,3101,1,3.499,
14116.7,heavy,3102,0,2.640,ECONNREFUSED
14120.0,heavy,3103,0,0.880,
14123.3,heavy,3101,1,4.912,
14126.7,heavy,3102,0,4.046,ECONNREFUSED
14130.0,heavy,3103,1,1.446,
14133.3,heavy,3101,0,5.548,
14136.7,heavy,3102,0,3.132,ECONNREFUSED
14140.0,heavy,3103,1,2.520,
14143.3,heavy,3101,0,4.566,
14146.7,heavy,3102,0,3.685,ECONNREFUSED
14150.0,heavy,3103,0,1.750,
14153.3,heavy,3101,1,2.915,
14156.7,heavy,3102,0,2.930,ECONNREFUSED
14160.0,heavy,3103,1,1.169,
14163.3,heavy,3101,0,3.356,
14166.7,heavy,3102,0,2.659,ECONNREFUSED
14170.0,heavy,3103,0,1.149,
14173.3,heavy,3101,1,4.572,
14176.7,heavy,3102,0,3.422,ECONNREFUSED
14180.0,heavy,3103,0,1.475,
14183.3,heavy,3101,1,3.859,
14186.7,heavy,3102,0,3.574,ECONNREFUSED
14190.0,heavy,3103,0,1.558,
14193.3,heavy,3101,1,4.207,
14196.7,heavy,3102,0,1.856,ECONNREFUSED
14200.0,light-1,3101,1,3.611,
14200.0,light-3,3103,1,3.434,
14200.0,light-4,3101,1,5.075,
14200.0,light-2,3102,0,5.710,ECONNREFUSED
14200.0,light-5,3102,0,5.560,ECONNREFUSED
14200.0,heavy,3103,0,3.703,
14203.3,heavy,3103,1,2.345,
14206.7,heavy,3101,0,3.455,
14210.0,heavy,3102,0,2.169,ECONNREFUSED
14213.3,heavy,3103,1,1.129,
14216.7,heavy,3101,0,4.444,
14220.0,heavy,3102,0,3.185,ECONNREFUSED
14223.3,heavy,3103,1,1.900,
14226.7,heavy,3101,0,3.454,
14230.0,heavy,3102,0,4.135,ECONNREFUSED
14233.3,heavy,3103,1,1.792,
14236.7,heavy,3101,0,4.073,
14240.0,heavy,3102,0,4.350,ECONNREFUSED
14243.3,heavy,3103,1,1.818,
14246.7,heavy,3101,0,4.304,
14250.0,heavy,3102,0,2.704,ECONNREFUSED
14253.3,heavy,3103,1,1.489,
14256.7,heavy,3101,0,4.793,
14260.0,heavy,3102,0,3.012,ECONNREFUSED
14263.3,heavy,3103,1,2.133,
14266.7,heavy,3101,1,3.653,
14270.0,heavy,3102,0,3.210,ECONNREFUSED
14273.3,heavy,3103,0,1.535,
14276.7,heavy,3101,0,5.612,
14280.0,heavy,3102,0,2.739,ECONNREFUSED
14283.3,heavy,3103,1,1.360,
14286.7,heavy,3101,0,5.983,
14290.0,heavy,3102,0,2.679,ECONNREFUSED
14293.3,heavy,3103,1,1.594,
14296.7,heavy,3101,1,6.128,
14300.0,light-4,3103,1,3.100,
14300.0,light-3,3102,0,4.322,ECONNREFUSED
14300.0,light-5,3101,1,4.472,
14300.0,light-1,3103,1,6.349,
14300.0,light-2,3101,1,6.379,
14300.0,heavy,3102,0,3.823,ECONNREFUSED
14303.3,heavy,3102,0,5.032,ECONNREFUSED
14306.7,heavy,3103,0,1.380,
14310.0,heavy,3101,0,2.484,
14313.3,heavy,3102,0,3.270,ECONNREFUSED
14316.7,heavy,3103,1,1.432,
14320.0,heavy,3101,0,2.674,
14323.3,heavy,3102,0,4.503,ECONNREFUSED
14326.7,heavy,3103,1,1.852,
14330.0,heavy,3101,1,4.107,
14333.3,heavy,3102,0,4.417,ECONNREFUSED
14336.7,heavy,3103,0,1.765,
14340.0,heavy,3101,0,4.249,
14343.3,heavy,3102,0,3.109,ECONNREFUSED
14346.7,heavy,3103,1,2.568,
14350.0,heavy,3101,1,3.418,
14353.3,heavy,3102,0,2.545,ECONNREFUSED
14356.7,heavy,3103,0,1.016,
14360.0,heavy,3101,1,4.555,
14363.3,heavy,3102,0,3.537,ECONNREFUSED
14366.7,heavy,3103,0,1.941,
14370.0,heavy,3101,0,3.916,
14373.3,heavy,3102,0,2.870,ECONNREFUSED
14376.7,heavy,3103,1,1.711,
14380.0,heavy,3101,0,3.398,
14383.3,heavy,3102,0,2.871,ECONNREFUSED
14386.7,heavy,3103,1,0.986,
14390.0,heavy,3101,1,3.681,
14393.3,heavy,3102,0,3.047,ECONNREFUSED
14396.7,heavy,3103,0,1.259,
14400.0,light-2,3103,1,3.574,
14400.0,light-1,3102,0,6.534,ECONNREFUSED
14400.0,light-4,3102,0,6.561,ECONNREFUSED
14400.0,light-5,3103,1,6.648,
14400.0,light-3,3101,1,9.557,
14400.0,heavy,3101,1,8.901,
14403.3,heavy,3102,0,6.570,ECONNREFUSED
14406.7,heavy,3103,1,2.918,
14410.0,heavy,3101,0,9.191,
14413.3,heavy,3101,0,8.305,
14416.7,heavy,3102,0,5.920,ECONNREFUSED
14420.0,heavy,3103,0,1.553,
14423.3,heavy,3101,1,3.447,
14426.7,heavy,3102,0,2.372,ECONNREFUSED
14430.0,heavy,3103,0,1.078,
14433.3,heavy,3101,1,5.268,
14436.7,heavy,3102,0,2.899,ECONNREFUSED
14440.0,heavy,3103,1,2.135,
14443.3,heavy,3101,0,5.127,
14446.7,heavy,3102,0,2.794,ECONNREFUSED
14450.0,heavy,3103,0,1.457,
14453.3,heavy,3101,1,4.100,
14456.7,heavy,3102,0,3.382,ECONNREFUSED
14460.0,heavy,3103,0,1.372,
14463.3,heavy,3101,1,5.443,
14466.7,heavy,3102,0,4.215,ECONNREFUSED
14470.0,heavy,3103,1,1.233,
14473.3,heavy,3101,0,5.391,
14476.7,heavy,3102,0,3.904,ECONNREFUSED
14480.0,heavy,3103,0,1.221,
14483.3,heavy,3101,0,3.625,
14486.7,heavy,3102,0,2.912,ECONNREFUSED
14490.0,heavy,3103,1,1.658,
14493.3,heavy,3101,1,2.830,
14496.7,heavy,3102,0,2.511,ECONNREFUSED
14500.0,light-2,3103,1,2.844,
14500.0,light-1,3102,0,3.848,ECONNREFUSED
14500.0,light-4,3102,0,3.836,ECONNREFUSED
14500.0,light-5,3103,1,4.915,
14500.0,light-3,3101,1,6.506,
14500.0,heavy,3103,1,2.506,
14503.3,heavy,3101,0,5.539,
14506.7,heavy,3101,0,5.674,
14510.0,heavy,3102,0,2.573,ECONNREFUSED
14513.3,heavy,3103,1,2.125,
14516.7,heavy,3101,1,3.562,
14520.0,heavy,3102,0,3.063,ECONNREFUSED
14523.3,heavy,3103,0,1.066,
14526.7,heavy,3101,0,4.897,
14530.0,heavy,3102,0,2.785,ECONNREFUSED
14533.3,heavy,3103,1,1.503,
14536.7,heavy,3101,0,5.933,
14540.0,heavy,3102,0,2.998,ECONNREFUSED
14543.3,heavy,3103,1,1.181,
14546.7,heavy,3101,1,3.872,
14550.0,heavy,3102,0,3.023,ECONNREFUSED
14553.3,heavy,3103,0,1.608,
14556.7,heavy,3101,0,4.321,
14560.0,heavy,3102,0,3.041,ECONNREFUSED
14563.3,heavy,3103,1,1.379,
14566.7,heavy,3101,0,4.695,
14570.0,heavy,3102,0,2.730,ECONNREFUSED
14573.3,heavy,3103,1,2.390,
14576.7,heavy,3101,1,4.030,
14580.0,heavy,3102,0,3.530,ECONNREFUSED
14583.3,heavy,3103,0,1.754,
14586.7,heavy,3101,0,5.219,
14590.0,heavy,3102,0,3.888,ECONNREFUSED
14593.3,heavy,3103,1,1.460,
14596.7,heavy,3101,0,6.091,
14600.0,light-4,3103,1,3.953,
14600.0,light-5,3101,1,5.181,
14600.0,light-3,3102,0,6.598,ECONNREFUSED
14600.0,light-2,3101,1,7.168,
14600.0,light-1,3103,1,7.471,
14600.0,heavy,3102,0,5.497,ECONNREFUSED
14603.3,heavy,3102,0,5.879,ECONNREFUSED
14606.7,heavy,3103,1,1.380,
14610.0,heavy,3101,0,2.585,
14613.3,heavy,3102,0,4.569,ECONNREFUSED
14616.7,heavy,3103,1,2.497,
14620.0,heavy,3101,0,3.629,
14623.3,heavy,3102,0,4.219,ECONNREFUSED
14626.7,heavy,3103,1,2.380,
14630.0,heavy,3101,0,4.128,
14633.3,heavy,3102,0,2.511,ECONNREFUSED
14636.7,heavy,3103,1,2.213,
14640.0,heavy,3101,1,3.163,
14643.3,heavy,3102,0,2.617,ECONNREFUSED
14646.7,heavy,3103,0,1.016,
14650.0,heavy,3101,0,4.323,
14653.3,heavy,3102,0,2.614,ECONNREFUSED
14656.7,heavy,3103,1,1.541,
14660.0,heavy,3101,0,3.561,
14663.3,heavy,3102,0,2.019,ECONNREFUSED
14666.7,heavy,3103,1,1.988,
14670.0,heavy,3101,1,3.689,
14673.3,heavy,3102,0,3.177,ECONNREFUSED
14676.7,heavy,3103,0,1.306,
14680.0,heavy,3101,0,4.863,
14683.3,heavy,3102,0,5.122,ECONNREFUSED
14686.7,heavy,3103,1,1.237,
14690.0,heavy,3101,0,4.114,
14693.3,heavy,3102,0,3.349,ECONNREFUSED
14696.7,heavy,3103,1,1.651,
14700.0,light-4,3103,1,2.378,
14700.0,light-5,3101,1,3.860,
14700.0,light-1,3103,1,5.076,
14700.0,light-2,3101,1,8.120,
14700.0,light-3,3102,0,9.064,ECONNREFUSED
14700.0,heavy,3101,1,6.494,
14703.3,heavy,3102,0,10.792,ECONNREFUSED
14706.7,heavy,3102,0,7.818,ECONNREFUSED
14710.0,heavy,3103,0,3.321,
14713.3,heavy,3101,1,3.229,
14716.7,heavy,3102,0,2.149,ECONNREFUSED
14720.0,heavy,3103,0,1.022,
14723.3,heavy,3101,1,5.423,
14726.7,heavy,3102,0,3.596,ECONNREFUSED
14730.0,heavy,3103,1,1.802,
14733.3,heavy,3101,0,5.446,
14736.7,heavy,3102,0,4.703,ECONNREFUSED
14740.0,heavy,3103,0,1.725,
14743.3,heavy,3101,0,4.000,
14746.7,heavy,3102,0,3.510,ECONNREFUSED
14750.0,heavy,3103,1,1.852,
14753.3,heavy,3101,1,3.394,
14756.7,heavy,3102,0,2.921,ECONNREFUSED
14760.0,heavy,3103,0,0.939,
14763.3,heavy,3101,1,3.733,
14766.7,heavy,3102,0,3.584,ECONNREFUSED
14770.0,heavy,3103,0,0.981,
14773.3,heavy,3101,0,3.915,
14776.7,heavy,3102,0,3.411,ECONNREFUSED
14780.0,heavy,3103,1,1.590,
14783.3,heavy,3101,1,3.971,
14786.7,heavy,3102,0,3.368,ECONNREFUSED
14790.0,heavy,3103,0,1.306,
14793.3,heavy,3101,1,4.705,
14796.7,heavy,3102,0,2.547,ECONNREFUSED
14800.0,light-3,3103,1,3.214,
14800.0,light-1,3101,1,3.676,
14800.0,light-2,3102,0,4.782,ECONNREFUSED
14800.0,light-5,3102,0,4.792,ECONNREFUSED
14800.0,light-4,3101,1,5.700,
14800.0,heavy,3103,0,2.782,
14803.3,heavy,3103,1,1.909,
14806.7,heavy,3101,0,3.507,
14810.0,heavy,3102,0,2.852,ECONNREFUSED
14813.3,heavy,3103,1,1.463,
14816.7,heavy,3101,0,3.809,
14820.0,heavy,3102,0,2.694,ECONNREFUSED
14823.3,heavy,3103,1,1.347,
14826.7,heavy,3101,0,4.554,
14830.0,heavy,3102,0,2.245,ECONNREFUSED
14833.3,heavy,3103,1,1.901,
14836.7,heavy,3101,0,3.042,
14840.0,heavy,3102,0,2.455,ECONNREFUSED
14843.3,heavy,3103,1,2.043,
14846.7,heavy,3101,0,3.229,
14850.0,heavy,3102,0,2.544,ECONNREFUSED
14853.3,heavy,3103,1,1.277,
14856.7,heavy,3101,0,2.848,
14860.0,heavy,3102,0,2.731,ECONNREFUSED
14863.3,heavy,3103,1,1.114,
14866.7,heavy,3101,0,3.636,
14870.0,heavy,3102,0,2.902,ECONNREFUSED
14873.3,heavy,3103,1,1.363,
14876.7,heavy,3101,0,3.279,
14880.0,heavy,3102,0,1.728,ECONNREFUSED
14883.3,heavy,3103,1,2.214,
14886.7,heavy,3101,0,3.344,
14890.0,heavy,3102,0,2.777,ECONNREFUSED
14893.3,heavy,3103,1,1.198,
14896.7,heavy,3101,0,7.739,
14900.0,light-3,3103,1,4.123,
14900.0,light-1,3101,1,5.106,
14900.0,light-4,3101,1,7.531,
14900.0,light-2,3102,0,8.078,ECONNREFUSED
14900.0,light-5,3102,0,8.041,ECONNREFUSED
14900.0,heavy,3102,0,7.174,ECONNREFUSED
14903.3,heavy,3103,1,2.682,
14906.7,heavy,3103,0,3.341,
14910.0,heavy,3101,1,4.498,
14913.3,heavy,3102,0,2.986,ECONNREFUSED
14916.7,heavy,3103,0,1.383,
14920.0,heavy,3101,0,2.869,
14923.3,heavy,3102,0,2.258,ECONNREFUSED
14926.7,heavy,3103,1,1.550,
14930.0,heavy,3101,0,3.271,
14933.3,heavy,3102,0,2.740,ECONNREFUSED
14936.7,heavy,3103,1,1.747,
14940.0,heavy,3101,0,2.343,
14943.3,heavy,3102,0,3.085,ECONNREFUSED
14946.7,heavy,3103,1,1.425,
14950.0,heavy,3101,1,3.114,
14953.3,heavy,3102,0,2.318,ECONNREFUSED
14956.7,heavy,3103,0,1.077,
14960.0,heavy,3101,0,4.472,
14963.3,heavy,3102,0,4.650,ECONNREFUSED
14966.7,heavy,3103,1,3.292,
14970.0,heavy,3101,0,2.458,
14973.3,heavy,3102,0,2.046,ECONNREFUSED
14976.7,heavy,3103,1,1.811,
14980.0,heavy,3101,1,4.197,
14983.3,heavy,3102,0,2.576,ECONNREFUSED
14986.7,heavy,3103,0,1.055,
14990.0,heavy,3101,0,6.878,
14993.3,heavy,3102,0,4.742,ECONNREFUSED
14996.7,heavy,3103,1,1.981,
15000.0,light-2,3103,1,1.557,
15000.0,light-4,3102,0,5.372,ECONNREFUSED
15000.0,light-1,3102,0,5.721,ECONNREFUSED
15000.0,light-5,3103,1,5.686,
15000.0,light-3,3101,1,8.136,
15000.0,heavy,3101,0,7.296,
15003.3,heavy,3101,1,6.107,
15006.7,heavy,3102,0,3.358,ECONNREFUSED
15010.0,heavy,3103,0,1.241,
15013.3,heavy,3101,1,4.265,
15016.7,heavy,3102,0,2.717,ECONNREFUSED
15020.0,heavy,3103,0,1.258,
15023.3,heavy,3101,0,4.060,
15026.7,heavy,3102,0,3.465,ECONNREFUSED
15030.0,heavy,3103,1,1.600,
15033.3,heavy,3101,1,3.580,
15036.7,heavy,3102,0,2.172,ECONNREFUSED
15040.0,heavy,3103,1,1.934,
15043.3,heavy,3101,0,2.942,
15046.7,heavy,3102,0,2.445,ECONNREFUSED
15050.0,heavy,3103,1,1.355,
15053.3,heavy,3101,0,4.216,
15056.7,heavy,3102,0,3.055,ECONNREFUSED
15060.0,heavy,3103,1,2.085,
15063.3,heavy,3101,0,4.079,
15066.7,heavy,3102,0,2.608,ECONNREFUSED
15070.0,heavy,3103,0,1.008,
15073.3,heavy,3101,1,3.619,
15076.7,heavy,3102,0,2.605,ECONNREFUSED
15080.0,heavy,3103,0,1.870,
15083.3,heavy,3101,1,4.666,
15086.7,heavy,3102,0,3.755,ECONNREFUSED
15090.0,heavy,3103,1,1.889,
15093.3,heavy,3101,0,5.868,
15096.7,heavy,3102,0,5.041,ECONNREFUSED
15100.0,light-1,3101,1,3.817,
15100.0,light-3,3103,1,4.323,
15100.0,light-4,3101,1,6.162,
15100.0,light-2,3102,0,6.953,ECONNREFUSED
15100.0,light-5,3102,0,6.794,ECONNREFUSED
15100.0,heavy,3103,0,2.413,
15103.3,heavy,3103,1,2.777,
15106.7,heavy,3101,0,4.311,
15110.0,heavy,3102,0,4.266,ECONNREFUSED
15113.3,heavy,3103,1,1.775,
15116.7,heavy,3101,0,4.389,
15120.0,heavy,3102,0,2.795,ECONNREFUSED
15123.3,heavy,3103,1,1.688,
15126.7,heavy,3101,0,5.387,
15130.0,heavy,3102,0,5.439,ECONNREFUSED
15133.3,heavy,3103,1,2.358,
15136.7,heavy,3101,1,6.091,
15140.0,heavy,3102,0,4.162,ECONNREFUSED
15143.3,heavy,3103,0,1.683,
15146.7,heavy,3101,0,3.081,
15150.0,heavy,3102,0,2.811,ECONNREFUSED
15153.3,heavy,3103,1,1.484,
15156.7,heavy,3101,0,3.120,
15160.0,heavy,3102,0,2.488,ECONNREFUSED
15163.3,heavy,3103,1,1.248,
15166.7,heavy,3101,0,2.880,
15170.0,heavy,3102,0,2.588,ECONNREFUSED
15173.3,heavy,3103,1,1.134,
15176.7,heavy,3101,0,4.482,
15180.0,heavy,3102,0,3.633,ECONNREFUSED
15183.3,heavy,3103,1,2.011,
15186.7,heavy,3101,0,4.958,
15190.0,heavy,3102,0,3.022,ECONNREFUSED
15193.3,heavy,3103,1,2.413,
15196.7,heavy,3101,1,7.739,
15200.0,light-4,3103,1,4.044,
15200.0,light-3,3102,0,4.482,ECONNREFUSED
15200.0,light-5,3101,1,5.458,
15200.0,light-1,3103,1,7.626,
15200.0,light-2,3101,1,7.816,
15200.0,heavy,3102,0,5.684,ECONNREFUSED
15203.3,heavy,3102,0,6.982,ECONNREFUSED
15206.7,heavy,3103,0,2.953,
15210.0,heavy,3101,0,3.103,
15213.3,heavy,3102,0,2.155,ECONNREFUSED
15216.7,heavy,3103,1,1.656,
15220.0,heavy,3101,0,3.511,
15223.3,heavy,3102,0,2.469,ECONNREFUSED
15226.7,heavy,3103,1,1.687,
15230.0,heavy,3101,1,3.743,
15233.3,heavy,3102,0,2.845,ECONNREFUSED
15236.7,heavy,3103,0,1.017,
15240.0,heavy,3101,0,4.514,
15243.3,heavy,3102,0,3.392,ECONNREFUSED
15246.7,heavy,3103,1,1.238,
15250.0,heavy,3101,0,4.873,
15253.3,heavy,3102,0,1.975,ECONNREFUSED
15256.7,heavy,3103,1,1.646,
15260.0,heavy,3101,0,4.379,
15263.3,heavy,3102,0,3.247,ECONNREFUSED
15266.7,heavy,3103,1,1.448,
15270.0,heavy,3101,0,4.057,
15273.3,heavy,3102,0,2.421,ECONNREFUSED
15276.7,heavy,3103,1,1.295,
15280.0,heavy,3101,1,4.358,
15283.3,heavy,3102,0,3.242,ECONNREFUSED
15286.7,heavy,3103,0,1.033,
15290.0,heavy,3101,0,4.194,
15293.3,heavy,3102,0,2.788,ECONNREFUSED
15296.7,heavy,3103,1,1.262,
15300.0,light-2,3103,1,2.126,
15300.0,light-4,3102,0,3.913,ECONNREFUSED
15300.0,light-1,3102,0,4.536,ECONNREFUSED
15300.0,light-5,3103,1,4.537,
15300.0,light-3,3101,1,6.262,
15300.0,heavy,3101,0,4.876,
15303.3,heavy,3101,1,5.560,
15306.7,heavy,3102,0,2.869,ECONNREFUSED
15310.0,heavy,3103,0,1.027,
15313.3,heavy,3101,1,4.610,
15316.7,heavy,3102,0,2.916,ECONNREFUSED
15320.0,heavy,3103,1,1.841,
15323.3,heavy,3101,0,5.117,
15326.7,heavy,3102,0,3.713,ECONNREFUSED
15330.0,heavy,3103,0,1.392,
15333.3,heavy,3101,0,4.586,
15336.7,heavy,3102,0,3.983,ECONNREFUSED
15340.0,heavy,3103,1,1.613,
15343.3,heavy,3101,1,3.229,
15346.7,heavy,3102,0,2.355,ECONNREFUSED
15350.0,heavy,3103,0,1.314,
15353.3,heavy,3101,1,3.470,
15356.7,heavy,3102,0,2.470,ECONNREFUSED
15360.0,heavy,3103,0,1.098,
15363.3,heavy,3101,1,4.732,
15366.7,heavy,3102,0,3.109,ECONNREFUSED
15370.0,heavy,3103,1,1.844,
15373.3,heavy,3101,0,3.834,
15376.7,heavy,3102,0,2.333,ECONNREFUSED
15380.0,heavy,3103,0,1.244,
15383.3,heavy,3101,1,3.571,
15386.7,heavy,3102,0,2.261,ECONNREFUSED
15390.0,heavy,3103,0,1.268,
15393.3,heavy,3101,1,6.605,
15396.7,heavy,3102,0,5.218,ECONNREFUSED
15400.0,light-2,3103,1,3.192,
15400.0,light-1,3102,0,5.042,ECONNREFUSED
15400.0,light-4,3102,0,4.971,ECONNREFUSED
15400.0,light-5,3103,1,5.483,
15400.0,light-3,3101,1,6.622,
15400.0,heavy,3103,1,2.680,
15403.3,heavy,3101,0,6.484,
15406.7,heavy,3101,0,4.436,
15410.0,heavy,3102,0,2.200,ECONNREFUSED
15413.3,heavy,3103,1,1.185,
15416.7,heavy,3101,0,3.115,
15420.0,heavy,3102,0,2.399,ECONNREFUSED
15423.3,heavy,3103,1,2.236,
15426.7,heavy,3101,0,4.185,
15430.0,heavy,3102,0,3.039,ECONNREFUSED
15433.3,heavy,3103,1,1.873,
15436.7,heavy,3101,0,3.949,
15440.0,heavy,3102,0,2.566,ECONNREFUSED
15443.3,heavy,3103,1,1.109,
15446.7,heavy,3101,0,4.094,
15450.0,heavy,3102,0,2.377,ECONNREFUSED
15453.3,heavy,3103,1,1.487,
15456.7,heavy,3101,0,5.533,
15460.0,heavy,3102,0,4.020,ECONNREFUSED
15463.3,heavy,3103,1,1.161,
15466.7,heavy,3101,0,5.621,
15470.0,heavy,3102,0,3.799,ECONNREFUSED
15473.3,heavy,3103,1,1.063,
15476.7,heavy,3101,1,3.801,
15480.0,heavy,3102,0,2.804,ECONNREFUSED
15483.3,heavy,3103,0,1.912,
15486.7,heavy,3101,0,5.373,
15490.0,heavy,3102,0,3.592,ECONNREFUSED
15493.3,heavy,3103,1,1.314,
15496.7,heavy,3101,0,5.625,
15500.0,light-4,3103,1,3.962,
15500.0,light-5,3101,1,4.983,
15500.0,light-3,3102,0,5.481,ECONNREFUSED
15500.0,light-2,3101,1,6.389,
15500.0,light-1,3103,1,6.536,
15500.0,heavy,3102,0,5.492,ECONNREFUSED
15503.3,heavy,3102,0,3.446,ECONNREFUSED
15506.7,heavy,3103,1,1.126,
15510.0,heavy,3101,1,2.892,
15513.3,heavy,3102,0,2.120,ECONNREFUSED
15516.7,heavy,3103,1,2.482,
15520.0,heavy,3101,0,4.432,
15523.3,heavy,3102,0,3.360,ECONNREFUSED
15526.7,heavy,3103,0,2.065,
15530.0,heavy,3101,0,4.461,
15533.3,heavy,3102,0,3.148,ECONNREFUSED
15536.7,heavy,3103,1,1.158,
15540.0,heavy,3101,1,3.785,
15543.3,heavy,3102,0,2.879,ECONNREFUSED
15546.7,heavy,3103,0,1.919,
15550.0,heavy,3101,0,4.126,
15553.3,heavy,3102,0,2.899,ECONNREFUSED
15556.7,heavy,3103,1,1.210,
15560.0,heavy,3101,1,4.520,
15563.3,heavy,3102,0,2.777,ECONNREFUSED
15566.7,heavy,3103,0,1.406,
15570.0,heavy,3101,1,3.240,
15573.3,heavy,3102,0,2.420,ECONNREFUSED
15576.7,heavy,3103,0,1.616,
15580.0,heavy,3101,1,4.099,
15583.3,heavy,3102,0,2.923,ECONNREFUSED
15586.7,heavy,3103,1,1.359,
15590.0,heavy,3101,0,4.633,
15593.3,heavy,3102,0,2.515,ECONNREFUSED
15596.7,heavy,3103,0,1.007,
15600.0,light-3,3103,1,3.463,
15600.0,light-1,3101,1,4.297,
15600.0,light-2,3102,0,5.593,ECONNREFUSED
15600.0,light-4,3101,1,6.200,
15600.0,light-5,3102,0,6.406,ECONNREFUSED
15600.0,heavy,3101,0,5.988,
15603.3,heavy,3102,0,5.522,ECONNREFUSED
15606.7,heavy,3103,1,2.917,
15610.0,heavy,3103,0,2.645,
15613.3,heavy,3101,1,2.617,
15616.7,heavy,3102,0,1.990,ECONNREFUSED
15620.0,heavy,3103,1,1.017,
15623.3,heavy,3101,0,2.379,
15626.7,heavy,3102,0,3.951,ECONNREFUSED
15630.0,heavy,3103,1,1.590,
15633.3,heavy,3101,0,4.101,
15636.7,heavy,3102,0,4.301,ECONNREFUSED
15640.0,heavy,3103,0,1.660,
15643.3,heavy,3101,1,2.562,
15646.7,heavy,3102,0,3.398,ECONNREFUSED
15650.0,heavy,3103,1,1.784,
15653.3,heavy,3101,0,3.448,
15656.7,heavy,3102,0,3.754,ECONNREFUSED
15660.0,heavy,3103,0,1.183,
15663.3,heavy,3101,0,3.839,
15666.7,heavy,3102,0,3.141,ECONNREFUSED
15670.0,heavy,3103,1,1.581,
15673.3,heavy,3101,1,3.390,
15676.7,heavy,3102,0,2.037,ECONNREFUSED
15680.0,heavy,3103,1,1.312,
15683.3,heavy,3101,0,2.842,
15686.7,heavy,3102,0,2.506,ECONNREFUSED
15690.0,heavy,3103,1,3.255,
15693.3,heavy,3101,0,5.903,
15696.7,heavy,3102,0,5.610,ECONNREFUSED
15700.0,light-3,3103,1,3.532,
15700.0,light-1,3101,1,4.452,
15700.0,light-2,3102,0,5.770,ECONNREFUSED
15700.0,light-4,3101,1,6.413,
15700.0,light-5,3102,0,6.656,ECONNREFUSED
15700.0,heavy,3103,0,3.571,
15703.3,heavy,3103,1,2.825,
15706.7,heavy,3101,0,2.961,
15710.0,heavy,3102,0,2.251,ECONNREFUSED
15713.3,heavy,3103,1,1.273,
15716.7,heavy,3101,0,2.885,
15720.0,heavy,3102,0,2.322,ECONNREFUSED
15723.3,heavy,3103,1,1.692,
15726.7,heavy,3101,0,3.426,
15730.0,heavy,3102,0,2.417,ECONNREFUSED
15733.3,heavy,3103,1,1.004,
15736.7,heavy,3101,0,4.492,
15740.0,heavy,3102,0,2.812,ECONNREFUSED
15743.3,heavy,3103,1,1.620,
15746.7,heavy,3101,0,5.412,
15750.0,heavy,3102,0,4.081,ECONNREFUSED
15753.3,heavy,3103,1,1.269,
15756.7,heavy,3101,1,4.148,
15760.0,heavy,3102,0,3.368,ECONNREFUSED
15763.3,heavy,3103,0,1.244,
15766.7,heavy,3101,0,4.717,
15770.0,heavy,3102,0,3.411,ECONNREFUSED
15773.3,heavy,3103,1,1.723,
15776.7,heavy,3101,0,5.338,
15780.0,heavy,3102,0,2.615,ECONNREFUSED
15783.3,heavy,3103,1,1.980,
15786.7,heavy,3101,1,3.591,
15790.0,heavy,3102,0,3.263,ECONNREFUSED
15793.3,heavy,3103,0,1.288,
15796.7,heavy,3101,0,10.396,
15800.0,light-2,3103,1,4.014,
15800.0,light-1,3102,0,5.787,ECONNREFUSED
15800.0,light-4,3102,0,6.857,ECONNREFUSED
15800.0,light-5,3103,1,9.209,
15800.0,light-3,3101,1,10.291,
15800.0,heavy,3102,0,5.953,ECONNREFUSED
15803.3,heavy,3103,1,3.362,
15806.7,heavy,3101,0,10.342,
15810.0,heavy,3101,1,10.108,
15813.3,heavy,3102,0,3.864,ECONNREFUSED
15816.7,heavy,3103,0,1.815,
15820.0,heavy,3101,0,3.271,
15823.3,heavy,3102,0,3.199,ECONNREFUSED
15826.7,heavy,3103,1,1.456,
15830.0,heavy,3101,0,4.115,
15833.3,heavy,3102,0,2.995,ECONNREFUSED
15836.7,heavy,3103,1,1.714,
15840.0,heavy,3101,0,3.731,
15843.3,heavy,3102,0,2.902,ECONNREFUSED
15846.7,heavy,3103,1,1.518,
15850.0,heavy,3101,1,4.661,
15853.3,heavy,3102,0,3.778,ECONNREFUSED
15856.7,heavy,3103,0,1.669,
15860.0,heavy,3101,1,6.622,
15863.3,heavy,3102,0,4.943,ECONNREFUSED
15866.7,heavy,3103,1,2.714,
15870.0,heavy,3101,0,6.506,
15873.3,heavy,3102,0,5.066,ECONNREFUSED
15876.7,heavy,3103,0,2.084,
15880.0,heavy,3101,0,4.579,
15883.3,heavy,3102,0,3.940,ECONNREFUSED
15886.7,heavy,3103,1,1.898,
15890.0,heavy,3101,0,4.351,
15893.3,heavy,3102,0,3.657,ECONNREFUSED
15896.7,heavy,3103,1,1.654,
15900.0,light-2,3103,1,2.427,
15900.0,light-1,3102,0,4.125,ECONNREFUSED
15900.0,light-4,3102,0,4.705,ECONNREFUSED
15900.0,light-5,3103,1,6.460,
15900.0,light-3,3101,1,7.635,
15900.0,heavy,3101,1,7.038,
15903.3,heavy,3101,0,6.824,
15906.7,heavy,3102,0,3.800,ECONNREFUSED
15910.0,heavy,3103,0,1.387,
15913.3,heavy,3101,1,4.191,
15916.7,heavy,3102,0,3.295,ECONNREFUSED
15920.0,heavy,3103,0,1.287,
15923.3,heavy,3101,1,4.804,
15926.7,heavy,3102,0,2.852,ECONNREFUSED
15930.0,heavy,3103,1,1.595,
15933.3,heavy,3101,0,6.189,
15936.7,heavy,3102,0,3.675,ECONNREFUSED
15940.0,heavy,3103,0,1.429,
15943.3,heavy,3101,1,3.694,
15946.7,heavy,3102,0,2.838,ECONNREFUSED
15950.0,heavy,3103,0,1.822,
15953.3,heavy,3101,1,4.070,
15956.7,heavy,3102,0,3.209,ECONNREFUSED
15960.0,heavy,3103,1,1.513,
15963.3,heavy,3101,0,4.364,
15966.7,heavy,3102,0,3.042,ECONNREFUSED
15970.0,heavy,3103,0,1.234,
15973.3,heavy,3101,0,4.806,
15976.7,heavy,3102,0,2.775,ECONNREFUSED
15980.0,heavy,3103,1,1.649,
15983.3,heavy,3101,1,4.081,
15986.7,heavy,3102,0,2.195,ECONNREFUSED
15990.0,heavy,3103,0,1.037,
15993.3,heavy,3101,1,2.780,
15996.7,heavy,3102,0,4.809,ECONNREFUSED
16000.0,light-1,3101,1,2.986,
16000.0,light-3,3103,1,3.956,
16000.0,light-4,3101,1,5.294,
16000.0,light-2,3102,0,5.772,ECONNREFUSED
16000.0,light-5,3102,0,5.716,ECONNREFUSED
16000.0,heavy,3103,0,2.984,
16003.3,heavy,3103,1,1.779,
16006.7,heavy,3101,1,3.999,
16010.0,heavy,3102,0,3.284,ECONNREFUSED
16013.3,heavy,3103,0,1.235,
16016.7,heavy,3101,0,4.693,
16020.0,heavy,3102,0,3.433,ECONNREFUSED
16023.3,heavy,3103,1,1.656,
16026.7,heavy,3101,0,5.203,
16030.0,heavy,3102,0,3.255,ECONNREFUSED
16033.3,heavy,3103,1,1.314,
16036.7,heavy,3101,1,5.216,
16040.0,heavy,3102,0,3.878,ECONNREFUSED
16043.3,heavy,3103,0,1.826,
16046.7,heavy,3101,0,4.110,
16050.0,heavy,3102,0,3.306,ECONNREFUSED
16053.3,heavy,3103,1,1.580,
16056.7,heavy,3101,0,3.704,
16060.0,heavy,3102,0,2.417,ECONNREFUSED
16063.3,heavy,3103,1,1.380,
16066.7,heavy,3101,0,4.581,
16070.0,heavy,3102,0,3.707,ECONNREFUSED
16073.3,heavy,3103,1,1.804,
16076.7,heavy,3101,0,3.865,
16080.0,heavy,3102,0,4.146,ECONNREFUSED
16083.3,heavy,3103,1,2.108,
16086.7,heavy,3101,0,4.128,
16090.0,heavy,3102,0,3.253,ECONNREFUSED
16093.3,heavy,3103,1,1.268,
16096.7,heavy,3101,0,7.346,
16100.0,light-3,3103,1,3.822,
16100.0,light-1,3101,1,5.271,
16100.0,light-2,3102,0,6.985,ECONNREFUSED
16100.0,light-4,3101,1,7.392,
16100.0,light-5,3102,0,7.636,ECONNREFUSED
16100.0,heavy,3102,0,6.834,ECONNREFUSED
16103.3,heavy,3103,1,3.150,
16106.7,heavy,3103,0,3.605,
16110.0,heavy,3101,0,3.973,
16113.3,heavy,3102,0,2.015,ECONNREFUSED
16116.7,heavy,3103,1,1.326,
16120.0,heavy,3101,0,3.290,
16123.3,heavy,3102,0,2.247,ECONNREFUSED
16126.7,heavy,3103,1,1.103,
16130.0,heavy,3101,1,3.993,
16133.3,heavy,3102,0,3.360,ECONNREFUSED
16136.7,heavy,3103,0,1.598,
16140.0,heavy,3101,0,6.331,
16143.3,heavy,3102,0,3.474,ECONNREFUSED
16146.7,heavy,3103,1,1.677,
16150.0,heavy,3101,1,5.904,
16153.3,heavy,3102,0,2.461,ECONNREFUSED
16156.7,heavy,3103,0,1.033,
16160.0,heavy,3101,1,4.501,
16163.3,heavy,3102,0,3.449,ECONNREFUSED
16166.7,heavy,3103,0,1.310,
16170.0,heavy,3101,0,2.669,
16173.3,heavy,3102,0,3.687,ECONNREFUSED
16176.7,heavy,3103,1,2.149,
16180.0,heavy,3101,1,4.274,
16183.3,heavy,3102,0,4.550,ECONNREFUSED
16186.7,heavy,3103,0,1.295,
16190.0,heavy,3101,0,5.283,
16193.3,heavy,3102,0,4.565,ECONNREFUSED
16196.7,heavy,3103,1,1.863,
16200.0,light-2,3103,1,3.532,
16200.0,light-1,3102,0,5.679,ECONNREFUSED
16200.0,light-5,3103,1,5.458,
16200.0,light-4,3102,0,5.979,ECONNREFUSED
16200.0,light-3,3101,1,7.233,
16200.0,heavy,3101,1,6.252,
16203.3,heavy,3101,0,6.138,
16206.7,heavy,3102,0,3.711,ECONNREFUSED
16210.0,heavy,3103,0,1.514,
16213.3,heavy,3101,1,4.762,
16216.7,heavy,3102,0,3.619,ECONNREFUSED
16220.0,heavy,3103,1,1.862,
16223.3,heavy,3101,0,4.704,
16226.7,heavy,3102,0,3.500,ECONNREFUSED
16230.0,heavy,3103,0,1.270,
16233.3,heavy,3101,1,4.331,
16236.7,heavy,3102,0,2.806,ECONNREFUSED
16240.0,heavy,3103,1,1.385,
16243.3,heavy,3101,0,4.389,
16246.7,heavy,3102,0,2.099,ECONNREFUSED
16250.0,heavy,3103,1,2.294,
16253.3,heavy,3101,0,3.753,
16256.7,heavy,3102,0,3.208,ECONNREFUSED
16260.0,heavy,3103,0,1.427,
16263.3,heavy,3101,1,4.906,
16266.7,heavy,3102,0,3.623,ECONNREFUSED
16270.0,heavy,3103,1,1.679,
16273.3,heavy,3101,0,5.324,
16276.7,heavy,3102,0,2.654,ECONNREFUSED
16280.0,heavy,3103,1,1.643,
16283.3,heavy,3101,0,4.331,
16286.7,heavy,3102,0,4.010,ECONNREFUSED
16290.0,heavy,3103,0,1.299,
16293.3,heavy,3101,1,2.982,
16296.7,heavy,3102,0,6.194,ECONNREFUSED
16300.0,light-2,3103,1,3.523,
16300.0,light-1,3102,0,5.810,ECONNREFUSED
16300.0,light-4,3102,0,6.946,ECONNREFUSED
16300.0,light-5,3103,1,7.202,
16300.0,light-3,3101,1,8.823,
16300.0,heavy,3103,1,3.073,
16303.3,heavy,3101,0,7.490,
16306.7,heavy,3101,0,7.226,
16310.0,heavy,3102,0,5.279,ECONNREFUSED
16313.3,heavy,3103,1,1.375,
16316.7,heavy,3101,0,5.642,
16320.0,heavy,3102,0,3.521,ECONNREFUSED
16323.3,heavy,3103,1,1.315,
16326.7,heavy,3101,0,3.322,
16330.0,heavy,3102,0,2.069,ECONNREFUSED
16333.3,heavy,3103,1,1.113,
16336.7,heavy,3101,0,2.456,
16340.0,heavy,3102,0,1.940,ECONNREFUSED
16343.3,heavy,3103,1,2.115,
16346.7,heavy,3101,0,3.360,
16350.0,heavy,3102,0,2.772,ECONNREFUSED
16353.3,heavy,3103,1,1.389,
16356.7,heavy,3101,0,2.448,
16360.0,heavy,3102,0,3.879,ECONNREFUSED
16363.3,heavy,3103,1,1.836,
16366.7,heavy,3101,0,3.885,
16370.0,heavy,3102,0,4.241,ECONNREFUSED
16373.3,heavy,3103,1,1.069,
16376.7,heavy,3101,0,4.920,
16380.0,heavy,3102,0,2.822,ECONNREFUSED
16383.3,heavy,3103,1,1.541,
16386.7,heavy,3101,0,2.920,
16390.0,heavy,3102,0,2.023,ECONNREFUSED
16393.3,heavy,3103,1,2.181,
16396.7,heavy,3101,0,5.445,
16400.0,light-4,3103,1,2.695,
16400.0,light-5,3101,1,3.931,
16400.0,light-1,3103,1,4.848,
16400.0,light-3,3102,0,4.905,ECONNREFUSED
16400.0,light-2,3101,1,5.711,
16400.0,heavy,3102,0,4.854,ECONNREFUSED
16403.3,heavy,3102,0,2.704,ECONNREFUSED
16406.7,heavy,3103,1,0.962,
16410.0,heavy,3101,1,3.597,
16413.3,heavy,3102,0,2.976,ECONNREFUSED
16416.7,heavy,3103,0,1.255,
16420.0,heavy,3101,1,4.427,
16423.3,heavy,3102,0,3.166,ECONNREFUSED
16426.7,heavy,3103,1,1.562,
16430.0,heavy,3101,0,4.656,
16433.3,heavy,3102,0,2.672,ECONNREFUSED
16436.7,heavy,3103,0,1.078,
16440.0,heavy,3101,0,3.476,
16443.3,heavy,3102,0,2.747,ECONNREFUSED
16446.7,heavy,3103,1,1.604,
16450.0,heavy,3101,1,5.555,
16453.3,heavy,3102,0,3.994,ECONNREFUSED
16456.7,heavy,3103,1,2.148,
16460.0,heavy,3101,0,6.166,
16463.3,heavy,3102,0,4.442,ECONNREFUSED
16466.7,heavy,3103,0,1.561,
16470.0,heavy,3101,0,4.089,
16473.3,heavy,3102,0,3.223,ECONNREFUSED
16476.7,heavy,3103,1,1.430,
16480.0,heavy,3101,0,4.202,
16483.3,heavy,3102,0,2.276,ECONNREFUSED
16486.7,heavy,3103,1,1.397,
16490.0,heavy,3101,1,3.548,
16493.3,heavy,3102,0,3.513,ECONNREFUSED
16496.7,heavy,3103,0,1.082,
16500.0,light-3,3103,1,3.304,
16500.0,light-1,3101,1,4.806,
16500.0,light-2,3102,0,5.820,ECONNREFUSED
16500.0,light-5,3102,0,5.754,ECONNREFUSED
16500.0,light-4,3101,1,6.749,
16500.0,heavy,3101,0,6.737,
16503.3,heavy,3102,0,5.925,ECONNREFUSED
16506.7,heavy,3103,1,2.712,
16510.0,heavy,3103,0,3.243,
16513.3,heavy,3101,1,4.179,
16516.7,heavy,3102,0,3.004,ECONNREFUSED
16520.0,heavy,3103,0,1.075,
16523.3,heavy,3101,1,3.677,
16526.7,heavy,3102,0,2.356,ECONNREFUSED
16530.0,heavy,3103,0,1.133,
16533.3,heavy,3101,1,3.271,
16536.7,heavy,3102,0,2.644,ECONNREFUSED
16540.0,heavy,3103,0,1.011,
16543.3,heavy,3101,1,4.574,
16546.7,heavy,3102,0,3.344,ECONNREFUSED
16550.0,heavy,3103,1,1.647,
16553.3,heavy,3101,0,4.836,
16556.7,heavy,3102,0,2.877,ECONNREFUSED
16560.0,heavy,3103,1,1.938,
16563.3,heavy,3101,0,3.397,
16566.7,heavy,3102,0,3.153,ECONNREFUSED
16570.0,heavy,3103,0,2.443,
16573.3,heavy,3101,1,2.818,
16576.7,heavy,3102,0,2.645,ECONNREFUSED
16580.0,heavy,3103,1,1.394,
16583.3,heavy,3101,0,3.366,
16586.7,heavy,3102,0,2.516,ECONNREFUSED
16590.0,heavy,3103,1,3.130,
16593.3,heavy,3101,0,5.023,
16596.7,heavy,3102,0,4.812,ECONNREFUSED
16600.0,light-3,3103,1,3.673,
16600.0,light-1,3101,1,4.017,
16600.0,light-2,3102,0,4.437,ECONNREFUSED
16600.0,light-5,3102,0,5.067,ECONNREFUSED
16600.0,light-4,3101,1,5.242,
16600.0,heavy,3103,1,3.325,
16603.3,heavy,3103,0,2.026,
16606.7,heavy,3101,0,2.413,
16610.0,heavy,3102,0,3.425,ECONNREFUSED
16613.3,heavy,3103,1,1.704,
16616.7,heavy,3101,0,3.235,
16620.0,heavy,3102,0,2.315,ECONNREFUSED
16623.3,heavy,3103,1,1.602,
16626.7,heavy,3101,0,4.436,
16630.0,heavy,3102,0,4.093,ECONNREFUSED
16633.3,heavy,3103,1,1.164,
16636.7,heavy,3101,0,3.392,
16640.0,heavy,3102,0,2.245,ECONNREFUSED
16643.3,heavy,3103,1,1.244,
16646.7,heavy,3101,0,4.021,
16650.0,heavy,3102,0,4.452,ECONNREFUSED
16653.3,heavy,3103,1,1.208,
16656.7,heavy,3101,0,3.819,
16660.0,heavy,3102,0,3.327,ECONNREFUSED
16663.3,heavy,3103,1,1.670,
16666.7,heavy,3101,0,2.927,
16670.0,heavy,3102,0,2.879,ECONNREFUSED
16673.3,heavy,3103,1,1.252,
16676.7,heavy,3101,0,2.917,
16680.0,heavy,3102,0,2.391,ECONNREFUSED
16683.3,heavy,3103,1,2.094,
16686.7,heavy,3101,0,3.813,
16690.0,heavy,3102,0,3.398,ECONNREFUSED
16693.3,heavy,3103,1,1.739,
16696.7,heavy,3101,0,3.889,
16700.0,light-5,3101,1,3.564,
16700.0,light-4,3103,1,3.766,
16700.0,light-1,3103,1,4.861,
16700.0,light-2,3101,1,4.925,
16700.0,light-3,3102,0,6.025,ECONNREFUSED
16700.0,heavy,3102,0,6.280,ECONNREFUSED
16703.3,heavy,3102,0,5.202,ECONNREFUSED
16706.7,heavy,3103,1,1.818,
16710.0,heavy,3101,0,2.323,
16713.3,heavy,3102,0,4.383,ECONNREFUSED
16716.7,heavy,3103,1,2.428,
16720.0,heavy,3101,0,4.674,
16723.3,heavy,3102,0,4.898,ECONNREFUSED
16726.7,heavy,3103,1,1.952,
16730.0,heavy,3101,0,3.089,
16733.3,heavy,3102,0,3.031,ECONNREFUSED
16736.7,heavy,3103,1,1.382,
16740.0,heavy,3101,0,3.065,
16743.3,heavy,3102,0,2.528,ECONNREFUSED
16746.7,heavy,3103,1,1.728,
16750.0,heavy,3101,0,3.301,
16753.3,heavy,3102,0,2.517,ECONNREFUSED
16756.7,heavy,3103,1,2.085,
16760.0,heavy,3101,0,2.828,
16763.3,heavy,3102,0,3.159,ECONNREFUSED
16766.7,heavy,3103,1,1.498,
16770.0,heavy,3101,1,3.109,
16773.3,heavy,3102,0,2.577,ECONNREFUSED
16776.7,heavy,3103,0,1.135,
16780.0,heavy,3101,0,3.524,
16783.3,heavy,3102,0,2.603,ECONNREFUSED
16786.7,heavy,3103,1,1.400,
16790.0,heavy,3101,0,3.161,
16793.3,heavy,3102,0,2.331,ECONNREFUSED
16796.7,heavy,3103,1,2.773,
16800.0,light-2,3103,1,3.162,
16800.0,light-1,3102,0,4.980,ECONNREFUSED
16800.0,light-4,3102,0,4.863,ECONNREFUSED
16800.0,light-5,3103,1,5.858,
16800.0,light-3,3101,1,6.804,
16800.0,heavy,3101,1,6.199,
16803.3,heavy,3101,0,6.125,
16806.7,heavy,3102,0,3.421,ECONNREFUSED
16810.0,heavy,3103,0,1.305,
16813.3,heavy,3101,1,3.328,
16816.7,heavy,3102,0,2.361,ECONNREFUSED
16820.0,heavy,3103,0,0.891,
16823.3,heavy,3101,1,5.208,
16826.7,heavy,3102,0,2.631,ECONNREFUSED
16830.0,heavy,3103,1,1.477,
16833.3,heavy,3101,0,5.259,
16836.7,heavy,3102,0,2.066,ECONNREFUSED
16840.0,heavy,3103,0,1.458,
16843.3,heavy,3101,1,3.900,
16846.7,heavy,3102,0,3.298,ECONNREFUSED
16850.0,heavy,3103,0,1.521,
16853.3,heavy,3101,1,4.868,
16856.7,heavy,3102,0,3.504,ECONNREFUSED
16860.0,heavy,3103,1,2.379,
16863.3,heavy,3101,0,6.034,
16866.7,heavy,3102,0,3.404,ECONNREFUSED
16870.0,heavy,3103,0,1.616,
16873.3,heavy,3101,1,3.670,
16876.7,heavy,3102,0,3.050,ECONNREFUSED
16880.0,heavy,3103,0,1.325,
16883.3,heavy,3101,1,4.197,
16886.7,heavy,3102,0,2.407,ECONNREFUSED
16890.0,heavy,3103,1,1.400,
16893.3,heavy,3101,0,4.630,
16896.7,heavy,3102,0,4.606,ECONNREFUSED
16900.0,light-1,3101,1,3.344,
16900.0,light-3,3103,1,3.247,
16900.0,light-2,3102,0,4.717,ECONNREFUSED
16900.0,light-4,3101,1,4.747,
16900.0,light-5,3102,0,4.937,ECONNREFUSED
16900.0,heavy,3103,0,3.315,
16903.3,heavy,3103,1,1.255,
16906.7,heavy,3101,0,3.888,
16910.0,heavy,3102,0,2.640,ECONNREFUSED
16913.3,heavy,3103,1,1.040,
16916.7,heavy,3101,0,4.103,
16920.0,heavy,3102,0,2.505,ECONNREFUSED
16923.3,heavy,3103,1,1.641,
16926.7,heavy,3101,0,4.759,
16930.0,heavy,3102,0,2.340,ECONNREFUSED
16933.3,heavy,3103,1,1.906,
16936.7,heavy,3101,0,3.413,
16940.0,heavy,3102,0,2.794,ECONNREFUSED
16943.3,heavy,3103,1,1.379,
16946.7,heavy,3101,0,4.231,
16950.0,heavy,3102,0,3.072,ECONNREFUSED
16953.3,heavy,3103,1,1.901,
16956.7,heavy,3101,0,3.593,
16960.0,heavy,3102,0,2.797,ECONNREFUSED
16963.3,heavy,3103,1,2.530,
16966.7,heavy,3101,1,4.095,
16970.0,heavy,3102,0,3.471,ECONNREFUSED
16973.3,heavy,3103,0,1.562,
16976.7,heavy,3101,0,3.012,
16980.0,heavy,3102,0,2.090,ECONNREFUSED
16983.3,heavy,3103,1,1.231,
16986.7,heavy,3101,0,2.881,
16990.0,heavy,3102,0,1.877,ECONNREFUSED
16993.3,heavy,3103,1,1.218,
16996.7,heavy,3101,0,7.328,
17000.0,light-3,3103,1,3.540,
17000.0,light-1,3101,1,5.789,
17000.0,light-2,3102,0,6.441,ECONNREFUSED
17000.0,light-5,3102,0,7.870,ECONNREFUSED
17000.0,light-4,3101,1,8.271,
17000.0,heavy,3102,0,6.509,ECONNREFUSED
17003.3,heavy,3103,1,2.575,
17006.7,heavy,3103,0,4.020,
17010.0,heavy,3101,1,3.182,
17013.3,heavy,3102,0,2.026,ECONNREFUSED
17016.7,heavy,3103,0,1.476,
17020.0,heavy,3101,1,4.416,
17023.3,heavy,3102,0,3.743,ECONNREFUSED
17026.7,heavy,3103,1,1.825,
17030.0,heavy,3101,0,4.128,
17033.3,heavy,3102,0,3.957,ECONNREFUSED
17036.7,heavy,3103,0,1.557,
17040.0,heavy,3101,0,4.193,
17043.3,heavy,3102,0,2.786,ECONNREFUSED
17046.7,heavy,3103,1,1.597,
17050.0,heavy,3101,1,4.304,
17053.3,heavy,3102,0,1.921,ECONNREFUSED
17056.7,heavy,3103,1,2.451,
17060.0,heavy,3101,0,3.880,
17063.3,heavy,3102,0,3.175,ECONNREFUSED
17066.7,heavy,3103,0,2.255,
17070.0,heavy,3101,0,4.635,
17073.3,heavy,3102,0,3.376,ECONNREFUSED
17076.7,heavy,3103,1,1.390,
17080.0,heavy,3101,1,5.524,
17083.3,heavy,3102,0,3.732,ECONNREFUSED
17086.7,heavy,3103,0,1.332,
17090.0,heavy,3101,0,5.266,
17093.3,heavy,3102,0,3.153,ECONNREFUSED
17096.7,heavy,3103,1,1.631,
17100.0,light-2,3103,1,2.553,
17100.0,light-1,3102,0,4.887,ECONNREFUSED
17100.0,light-4,3102,0,4.632,ECONNREFUSED
17100.0,light-5,3103,1,5.094,
17100.0,light-3,3101,1,5.465,
17100.0,heavy,3101,0,5.838,
17103.3,heavy,3101,1,4.096,
17106.7,heavy,3102,0,3.172,ECONNREFUSED
17110.0,heavy,3103,0,1.312,
17113.3,heavy,3101,1,4.869,
17116.7,heavy,3102,0,5.022,ECONNREFUSED
17120.0,heavy,3103,1,2.772,
17123.3,heavy,3101,0,5.804,
17126.7,heavy,3102,0,4.007,ECONNREFUSED
17130.0,heavy,3103,0,1.499,
17133.3,heavy,3101,1,2.812,
17136.7,heavy,3102,0,2.670,ECONNREFUSED
17140.0,heavy,3103,1,1.574,
17143.3,heavy,3101,0,2.510,
17146.7,heavy,3102,0,1.937,ECONNREFUSED
17150.0,heavy,3103,1,2.198,
17153.3,heavy,3101,0,3.624,
17156.7,heavy,3102,0,3.162,ECONNREFUSED
17160.0,heavy,3103,0,1.581,
17163.3,heavy,3101,1,4.422,
17166.7,heavy,3102,0,3.152,ECONNREFUSED
17170.0,heavy,3103,1,1.557,
17173.3,heavy,3101,0,5.698,
17176.7,heavy,3102,0,2.683,ECONNREFUSED
17180.0,heavy,3103,0,1.090,
17183.3,heavy,3101,0,3.074,
17186.7,heavy,3102,0,2.409,ECONNREFUSED
17190.0,heavy,3103,1,1.299,
17193.3,heavy,3101,1,6.875,
17196.7,heavy,3102,0,6.095,ECONNREFUSED
17200.0,light-2,3103,1,3.711,
17200.0,light-1,3102,0,5.431,ECONNREFUSED
17200.0,light-4,3102,0,5.745,ECONNREFUSED
17200.0,light-5,3103,1,6.022,
17200.0,light-3,3101,1,7.896,
17200.0,heavy,3103,1,3.194,
17203.3,heavy,3101,0,8.021,
17206.7,heavy,3101,0,5.601,
17210.0,heavy,3102,0,4.303,ECONNREFUSED
17213.3,heavy,3103,1,1.493,
17216.7,heavy,3101,1,3.574,
17220.0,heavy,3102,0,2.745,ECONNREFUSED
17223.3,heavy,3103,0,1.854,
17226.7,heavy,3101,0,4.003,
17230.0,heavy,3102,0,2.820,ECONNREFUSED
17233.3,heavy,3103,1,1.448,
17236.7,heavy,3101,0,4.180,
17240.0,heavy,3102,0,2.473,ECONNREFUSED
17243.3,heavy,3103,1,2.662,
17246.7,heavy,3101,1,4.460,
17250.0,heavy,3102,0,3.662,ECONNREFUSED
17253.3,heavy,3103,0,1.677,
17256.7,heavy,3101,0,2.950,
17260.0,heavy,3102,0,2.630,ECONNREFUSED
17263.3,heavy,3103,1,1.409,
17266.7,heavy,3101,0,3.369,
17270.0,heavy,3102,0,2.540,ECONNREFUSED
17273.3,heavy,3103,1,1.449,
17276.7,heavy,3101,0,4.647,
17280.0,heavy,3102,0,4.830,ECONNREFUSED
17283.3,heavy,3103,1,1.423,
17286.7,heavy,3101,0,3.001,
17290.0,heavy,3102,0,2.329,ECONNREFUSED
17293.3,heavy,3103,1,1.242,
17296.7,heavy,3101,0,6.418,
17300.0,light-4,3103,1,3.615,
17300.0,light-5,3101,1,5.045,
17300.0,light-3,3102,0,5.496,ECONNREFUSED
17300.0,light-1,3103,1,5.762,
17300.0,light-2,3101,1,6.015,
17300.0,heavy,3102,0,4.503,ECONNREFUSED
17303.3,heavy,3102,0,4.001,ECONNREFUSED
17306.7,heavy,3103,1,1.318,
17310.0,heavy,3101,1,3.283,
17313.3,heavy,3102,0,2.260,ECONNREFUSED
17316.7,heavy,3103,0,1.178,
17320.0,heavy,3101,0,4.039,
17323.3,heavy,3102,0,2.825,ECONNREFUSED
17326.7,heavy,3103,1,1.708,
17330.0,heavy,3101,0,3.312,
17333.3,heavy,3102,0,2.979,ECONNREFUSED
17336.7,heavy,3103,1,1.607,
17340.0,heavy,3101,1,3.469,
17343.3,heavy,3102,0,3.204,ECONNREFUSED
17346.7,heavy,3103,0,1.062,
17350.0,heavy,3101,0,3.952,
17353.3,heavy,3102,0,2.472,ECONNREFUSED
17356.7,heavy,3103,1,1.371,
17360.0,heavy,3101,0,4.441,
17363.3,heavy,3102,0,2.342,ECONNREFUSED
17366.7,heavy,3103,1,2.202,
17370.0,heavy,3101,0,3.594,
17373.3,heavy,3102,0,3.218,ECONNREFUSED
17376.7,heavy,3103,1,1.681,
17380.0,heavy,3101,0,4.565,
17383.3,heavy,3102,0,3.799,ECONNREFUSED
17386.7,heavy,3103,1,1.541,
17390.0,heavy,3101,1,4.789,
17393.3,heavy,3102,0,2.866,ECONNREFUSED
17396.7,heavy,3103,0,0.950,
17400.0,light-4,3103,1,3.923,
17400.0,light-3,3102,0,4.371,ECONNREFUSED
17400.0,light-5,3101,1,5.684,
17400.0,light-1,3103,1,8.174,
17400.0,light-2,3101,1,8.305,
17400.0,heavy,3101,1,7.159,
17403.3,heavy,3102,0,5.755,ECONNREFUSED
17406.7,heavy,3102,0,7.444,ECONNREFUSED
17410.0,heavy,3103,0,3.178,
17413.3,heavy,3101,1,4.122,
17416.7,heavy,3102,0,3.851,ECONNREFUSED
17420.0,heavy,3103,0,1.581,
17423.3,heavy,3101,1,6.234,
17426.7,heavy,3102,0,4.928,ECONNREFUSED
17430.0,heavy,3103,1,2.466,
17433.3,heavy,3101,0,6.084,
17436.7,heavy,3102,0,4.416,ECONNREFUSED
17440.0,heavy,3103,0,2.404,
17443.3,heavy,3101,1,4.005,
17446.7,heavy,3102,0,2.262,ECONNREFUSED
17450.0,heavy,3103,1,1.464,
17453.3,heavy,3101,0,2.330,
17456.7,heavy,3102,0,2.281,ECONNREFUSED
17460.0,heavy,3103,1,2.537,
17463.3,heavy,3101,0,3.710,
17466.7,heavy,3102,0,3.234,ECONNREFUSED
17470.0,heavy,3103,0,1.419,
17473.3,heavy,3101,1,4.582,
17476.7,heavy,3102,0,3.014,ECONNREFUSED
17480.0,heavy,3103,1,1.487,
17483.3,heavy,3101,0,4.852,
17486.7,heavy,3102,0,3.068,ECONNREFUSED
17490.0,heavy,3103,0,1.119,
17493.3,heavy,3101,1,3.998,
17496.7,heavy,3102,0,6.208,ECONNREFUSED
17500.0,light-1,3101,1,2.817,
17500.0,light-3,3103,1,3.820,
17500.0,light-4,3101,1,5.437,
17500.0,light-2,3102,0,7.160,ECONNREFUSED
17500.0,light-5,3102,0,7.126,ECONNREFUSED
17500.0,heavy,3103,0,2.379,
17503.3,heavy,3103,1,3.323,
17506.7,heavy,3101,0,3.318,
17510.0,heavy,3102,0,2.121,ECONNREFUSED
17513.3,heavy,3103,1,1.162,
17516.7,heavy,3101,0,5.490,
17520.0,heavy,3102,0,3.674,ECONNREFUSED
17523.3,heavy,3103,1,1.778,
17526.7,heavy,3101,0,5.155,
17530.0,heavy,3102,0,4.340,ECONNREFUSED
17533.3,heavy,3103,1,1.577,
17536.7,heavy,3101,0,4.552,
17540.0,heavy,3102,0,3.912,ECONNREFUSED
17543.3,heavy,3103,1,2.521,
17546.7,heavy,3101,0,4.158,
17550.0,heavy,3102,0,1.916,ECONNREFUSED
17553.3,heavy,3103,1,1.874,
17556.7,heavy,3101,0,3.186,
17560.0,heavy,3102,0,2.348,ECONNREFUSED
17563.3,heavy,3103,1,0.973,
17566.7,heavy,3101,0,3.727,
17570.0,heavy,3102,0,2.557,ECONNREFUSED
17573.3,heavy,3103,1,1.607,
17576.7,heavy,3101,0,3.578,
17580.0,heavy,3102,0,2.208,ECONNREFUSED
17583.3,heavy,3103,1,1.354,
17586.7,heavy,3101,0,3.492,
17590.0,heavy,3102,0,2.443,ECONNREFUSED
17593.3,heavy,3103,1,1.173,
17596.7,heavy,3101,0,6.270,
17600.0,light-3,3103,1,3.299,
17600.0,light-1,3101,1,4.500,
17600.0,light-2,3102,0,5.899,ECONNREFUSED
17600.0,light-4,3101,1,6.686,
17600.0,light-5,3102,0,7.029,ECONNREFUSED
17600.0,heavy,3102,0,5.770,ECONNREFUSED
17603.3,heavy,3103,1,2.640,
17606.7,heavy,3103,0,3.009,
17610.0,heavy,3101,0,3.880,
17613.3,heavy,3102,0,3.270,ECONNREFUSED
17616.7,heavy,3103,1,1.377,
17620.0,heavy,3101,1,13.114,
17623.3,heavy,3102,0,5.839,ECONNREFUSED
17626.7,heavy,3103,1,2.813,
17630.0,heavy,3101,0,4.299,
17633.3,heavy,3102,0,4.525,ECONNREFUSED
17636.7,heavy,3103,0,2.552,
17640.0,heavy,3101,0,3.035,
17643.3,heavy,3102,0,3.234,ECONNREFUSED
17646.7,heavy,3103,1,1.484,
17650.0,heavy,3101,1,4.115,
17653.3,heavy,3102,0,4.162,ECONNREFUSED
17656.7,heavy,3103,0,1.431,
17660.0,heavy,3101,0,4.103,
17663.3,heavy,3102,0,2.598,ECONNREFUSED
17666.7,heavy,3103,1,1.478,
17670.0,heavy,3101,0,3.597,
17673.3,heavy,3102,0,1.636,ECONNREFUSED
17676.7,heavy,3103,1,2.029,
17680.0,heavy,3101,1,3.196,
17683.3,heavy,3102,0,2.890,ECONNREFUSED
17686.7,heavy,3103,0,1.492,
17690.0,heavy,3101,1,6.488,
17693.3,heavy,3102,0,5.201,ECONNREFUSED
17696.7,heavy,3103,1,2.438,
17700.0,light-2,3103,1,2.942,
17700.0,light-1,3102,0,4.583,ECONNREFUSED
17700.0,light-4,3102,0,4.784,ECONNREFUSED
17700.0,light-5,3103,1,5.389,
17700.0,light-3,3101,1,6.559,
17700.0,heavy,3101,0,6.381,
17703.3,heavy,3101,0,5.533,
17706.7,heavy,3102,0,2.289,ECONNREFUSED
17710.0,heavy,3103,0,1.131,
17713.3,heavy,3101,1,3.169,
17716.7,heavy,3102,0,2.352,ECONNREFUSED
17720.0,heavy,3103,0,1.043,
17723.3,heavy,3101,0,3.440,
17726.7,heavy,3102,0,2.662,ECONNREFUSED
17730.0,heavy,3103,1,1.511,
17733.3,heavy,3101,1,3.188,
17736.7,heavy,3102,0,2.264,ECONNREFUSED
17740.0,heavy,3103,1,1.928,
17743.3,heavy,3101,0,2.704,
17746.7,heavy,3102,0,2.256,ECONNREFUSED
17750.0,heavy,3103,1,2.569,
17753.3,heavy,3101,1,3.940,
17756.7,heavy,3102,0,3.206,ECONNREFUSED
17760.0,heavy,3103,0,2.236,
17763.3,heavy,3101,0,2.736,
17766.7,heavy,3102,0,4.028,ECONNREFUSED
17770.0,heavy,3103,1,1.792,
17773.3,heavy,3101,0,3.747,
17776.7,heavy,3102,0,3.914,ECONNREFUSED
17780.0,heavy,3103,0,1.524,
17783.3,heavy,3101,1,4.567,
17786.7,heavy,3102,0,3.257,ECONNREFUSED
17790.0,heavy,3103,1,1.837,
17793.3,heavy,3101,0,4.343,
17796.7,heavy,3102,0,2.829,ECONNREFUSED
17800.0,light-1,3101,1,3.375,
17800.0,light-3,3103,1,3.853,
17800.0,light-4,3101,1,5.379,
17800.0,light-5,3102,0,5.935,ECONNREFUSED
17800.0,light-2,3102,0,6.430,ECONNREFUSED
17800.0,heavy,3103,0,3.390,
17803.3,heavy,3103,1,2.402,
17806.7,heavy,3101,0,3.613,
17810.0,heavy,3102,0,2.039,ECONNREFUSED
17813.3,heavy,3103,1,1.765,
17816.7,heavy,3101,0,3.583,
17820.0,heavy,3102,0,3.952,ECONNREFUSED
17823.3,heavy,3103,1,1.617,
17826.7,heavy,3101,0,3.154,
17830.0,heavy,3102,0,2.036,ECONNREFUSED
17833.3,heavy,3103,1,1.379,
17836.7,heavy,3101,0,2.669,
17840.0,heavy,3102,0,2.435,ECONNREFUSED
17843.3,heavy,3103,1,2.606,
17846.7,heavy,3101,0,5.238,
17850.0,heavy,3102,0,3.474,ECONNREFUSED
17853.3,heavy,3103,1,2.134,
17856.7,heavy,3101,0,5.756,
17860.0,heavy,3102,0,2.291,ECONNREFUSED
17863.3,heavy,3103,1,2.690,
17866.7,heavy,3101,1,3.498,
17870.0,heavy,3102,0,3.773,ECONNREFUSED
17873.3,heavy,3103,0,1.414,
17876.7,heavy,3101,0,3.982,
17880.0,heavy,3102,0,2.786,ECONNREFUSED
17883.3,heavy,3103,1,1.656,
17886.7,heavy,3101,0,4.115,
17890.0,heavy,3102,0,1.882,ECONNREFUSED
17893.3,heavy,3103,1,3.215,
17896.7,heavy,3101,1,5.659,
17900.0,light-5,3101,1,3.496,
17900.0,light-4,3103,1,3.711,
17900.0,light-3,3102,0,4.568,ECONNREFUSED
17900.0,light-1,3103,1,6.124,
17900.0,light-2,3101,1,6.228,
17900.0,heavy,3102,0,3.751,ECONNREFUSED
17903.3,heavy,3102,0,4.952,ECONNREFUSED
17906.7,heavy,3103,0,1.987,
17910.0,heavy,3101,0,3.099,
17913.3,heavy,3102,0,3.260,ECONNREFUSED
17916.7,heavy,3103,1,1.629,
17920.0,heavy,3101,0,3.119,
17923.3,heavy,3102,0,2.550,ECONNREFUSED
17926.7,heavy,3103,1,1.849,
17930.0,heavy,3101,1,3.045,
17933.3,heavy,3102,0,2.321,ECONNREFUSED
17936.7,heavy,3103,0,0.886,
17940.0,heavy,3101,0,5.295,
17943.3,heavy,3102,0,3.870,ECONNREFUSED
17946.7,heavy,3103,1,2.100,
17950.0,heavy,3101,1,5.627,
17953.3,heavy,3102,0,3.149,ECONNREFUSED
17956.7,heavy,3103,1,2.346,
17960.0,heavy,3101,0,3.703,
17963.3,heavy,3102,0,4.447,ECONNREFUSED
17966.7,heavy,3103,0,1.810,
17970.0,heavy,3101,0,2.772,
17973.3,heavy,3102,0,2.562,ECONNREFUSED
17976.7,heavy,3103,1,1.322,
17980.0,heavy,3101,0,2.780,
17983.3,heavy,3102,0,3.914,ECONNREFUSED
17986.7,heavy,3103,1,1.916,
17990.0,heavy,3101,0,3.865,
17993.3,heavy,3102,0,4.010,ECONNREFUSED
17996.7,heavy,3103,1,1.660,
18000.0,light-2,3103,1,2.246,
18000.0,light-1,3102,0,4.478,ECONNREFUSED
18000.0,light-4,3102,0,4.462,ECONNREFUSED
18000.0,light-5,3103,1,5.437,
18000.0,light-3,3101,1,5.837,
18000.0,heavy,3101,0,5.837,
18003.3,heavy,3101,1,4.667,
18006.7,heavy,3102,0,2.527,ECONNREFUSED
18010.0,heavy,3103,0,1.451,
18013.3,heavy,3101,1,5.357,
18016.7,heavy,3102,0,4.156,ECONNREFUSED
18020.0,heavy,3103,1,1.836,
18023.3,heavy,3101,0,5.458,
18026.7,heavy,3102,0,4.738,ECONNREFUSED
18030.0,heavy,3103,0,1.644,
18033.3,heavy,3101,1,4.131,
18036.7,heavy,3102,0,3.200,ECONNREFUSED
18040.0,heavy,3103,1,1.784,
18043.3,heavy,3101,0,3.505,
18046.7,heavy,3102,0,2.762,ECONNREFUSED
18050.0,heavy,3103,1,1.311,
18053.3,heavy,3101,0,2.852,
18056.7,heavy,3102,0,2.164,ECONNREFUSED
18060.0,heavy,3103,0,0.741,
18063.3,heavy,3101,1,4.658,
18066.7,heavy,3102,0,3.755,ECONNREFUSED
18070.0,heavy,3103,1,2.128,
18073.3,heavy,3101,0,4.346,
18076.7,heavy,3102,0,2.219,ECONNREFUSED
18080.0,heavy,3103,1,1.543,
18083.3,heavy,3101,0,3.218,
18086.7,heavy,3102,0,2.934,ECONNREFUSED
18090.0,heavy,3103,0,1.233,
18093.3,heavy,3101,1,7.418,
18096.7,heavy,3102,0,6.885,ECONNREFUSED
18100.0,light-2,3103,1,3.351,
18100.0,light-5,3103,1,5.899,
18100.0,light-1,3102,0,7.118,ECONNREFUSED
18100.0,light-4,3102,0,7.512,ECONNREFUSED
18100.0,light-3,3101,1,8.534,
18100.0,heavy,3103,1,3.370,
18103.3,heavy,3101,0,7.484,
18106.7,heavy,3101,0,7.282,
18110.0,heavy,3102,0,3.005,ECONNREFUSED
18113.3,heavy,3103,1,1.310,
18116.7,heavy,3101,0,3.745,
18120.0,heavy,3102,0,2.508,ECONNREFUSED
18123.3,heavy,3103,1,1.422,
18126.7,heavy,3101,0,3.894,
18130.0,heavy,3102,0,2.156,ECONNREFUSED
18133.3,heavy,3103,1,2.488,
18136.7,heavy,3101,0,4.040,
18140.0,heavy,3102,0,3.562,ECONNREFUSED
18143.3,heavy,3103,1,1.531,
18146.7,heavy,3101,0,3.980,
18150.0,heavy,3102,0,2.811,ECONNREFUSED
18153.3,heavy,3103,1,1.325,
18156.7,heavy,3101,0,4.211,
18160.0,heavy,3102,0,2.683,ECONNREFUSED
18163.3,heavy,3103,1,1.250,
18166.7,heavy,3101,0,4.988,
18170.0,heavy,3102,0,4.400,ECONNREFUSED
18173.3,heavy,3103,1,1.161,
18176.7,heavy,3101,0,3.415,
18180.0,heavy,3102,0,2.235,ECONNREFUSED
18183.3,heavy,3103,1,1.425,
18186.7,heavy,3101,0,3.807,
18190.0,heavy,3102,0,2.975,ECONNREFUSED
18193.3,heavy,3103,1,1.202,
18196.7,heavy,3101,0,5.933,
18200.0,light-3,3103,1,3.394,
18200.0,light-1,3101,1,4.436,
18200.0,light-2,3102,0,5.573,ECONNREFUSED
18200.0,light-4,3101,1,5.987,
18200.0,light-5,3102,0,6.196,ECONNREFUSED
18200.0,heavy,3102,0,5.487,ECONNREFUSED
18203.3,heavy,3103,1,2.734,
18206.7,heavy,3103,0,2.907,
18210.0,heavy,3101,0,2.700,
18213.3,heavy,3102,0,2.264,ECONNREFUSED
18216.7,heavy,3103,1,1.580,
18220.0,heavy,3101,0,3.200,
18223.3,heavy,3102,0,2.373,ECONNREFUSED
18226.7,heavy,3103,1,1.804,
18230.0,heavy,3101,0,3.258,
18233.3,heavy,3102,0,2.715,ECONNREFUSED
18236.7,heavy,3103,1,2.189,
18240.0,heavy,3101,1,5.745,
18243.3,heavy,3102,0,3.881,ECONNREFUSED
18246.7,heavy,3103,1,2.219,
18250.0,heavy,3101,0,6.050,
18253.3,heavy,3102,0,4.114,ECONNREFUSED
18256.7,heavy,3103,0,1.676,
18260.0,heavy,3101,0,3.842,
18263.3,heavy,3102,0,3.280,ECONNREFUSED
18266.7,heavy,3103,1,1.558,
18270.0,heavy,3101,0,2.933,
18273.3,heavy,3102,0,3.606,ECONNREFUSED
18276.7,heavy,3103,1,1.792,
18280.0,heavy,3101,1,4.430,
18283.3,heavy,3102,0,4.071,ECONNREFUSED
18286.7,heavy,3103,0,1.204,
18290.0,heavy,3101,0,4.759,
18293.3,heavy,3102,0,4.252,ECONNREFUSED
18296.7,heavy,3103,1,1.874,
18300.0,light-2,3103,1,1.659,
18300.0,light-1,3102,0,4.970,ECONNREFUSED
18300.0,light-4,3102,0,5.223,ECONNREFUSED
18300.0,light-5,3103,1,5.553,
18300.0,light-3,3101,1,7.834,
18300.0,heavy,3101,1,7.042,
18303.3,heavy,3101,0,6.656,
18306.7,heavy,3102,0,3.475,ECONNREFUSED
18310.0,heavy,3103,0,1.030,
18313.3,heavy,3101,1,3.726,
18316.7,heavy,3102,0,2.824,ECONNREFUSED
18320.0,heavy,3103,0,1.832,
18323.3,heavy,3101,0,4.022,
18326.7,heavy,3102,0,3.211,ECONNREFUSED
18330.0,heavy,3103,1,1.503,
18333.3,heavy,3101,1,5.248,
18336.7,heavy,3102,0,3.745,ECONNREFUSED
18340.0,heavy,3103,1,1.941,
18343.3,heavy,3101,0,6.499,
18346.7,heavy,3102,0,3.537,ECONNREFUSED
18350.0,heavy,3103,0,1.598,
18353.3,heavy,3101,1,4.370,
18356.7,heavy,3102,0,3.256,ECONNREFUSED
18360.0,heavy,3103,0,2.190,
18363.3,heavy,3101,1,7.059,
18366.7,heavy,3102,0,4.820,ECONNREFUSED
18370.0,heavy,3103,1,2.731,
18373.3,heavy,3101,0,6.663,
18376.7,heavy,3102,0,5.352,ECONNREFUSED
18380.0,heavy,3103,0,1.906,
18383.3,heavy,3101,1,4.404,
18386.7,heavy,3102,0,3.560,ECONNREFUSED
18390.0,heavy,3103,0,1.956,
18393.3,heavy,3101,1,11.594,
18396.7,heavy,3102,0,9.834,ECONNREFUSED
18400.0,light-2,3103,1,4.501,
18400.0,light-1,3102,0,6.820,ECONNREFUSED
18400.0,light-4,3102,0,7.331,ECONNREFUSED
18400.0,light-5,3103,1,10.720,
18400.0,light-3,3101,1,12.239,
18400.0,heavy,3103,1,3.093,
18403.3,heavy,3101,0,11.285,
18406.7,heavy,3101,1,10.916,
18410.0,heavy,3102,0,5.661,ECONNREFUSED
18413.3,heavy,3103,0,3.810,
18416.7,heavy,3101,0,5.889,
18420.0,heavy,3102,0,1.972,ECONNREFUSED
18423.3,heavy,3103,1,2.122,
18426.7,heavy,3101,0,5.045,
18430.0,heavy,3102,0,3.491,ECONNREFUSED
18433.3,heavy,3103,1,2.572,
18436.7,heavy,3101,0,5.821,
18440.0,heavy,3102,0,2.391,ECONNREFUSED
18443.3,heavy,3103,1,1.224,
18446.7,heavy,3101,0,4.472,
18450.0,heavy,3102,0,3.732,ECONNREFUSED
18453.3,heavy,3103,1,1.945,
18456.7,heavy,3101,0,3.639,
18460.0,heavy,3102,0,2.064,ECONNREFUSED
18463.3,heavy,3103,1,1.321,
18466.7,heavy,3101,0,2.964,
18470.0,heavy,3102,0,3.246,ECONNREFUSED
18473.3,heavy,3103,1,1.351,
18476.7,heavy,3101,0,3.807,
18480.0,heavy,3102,0,3.157,ECONNREFUSED
18483.3,heavy,3103,1,1.078,
18486.7,heavy,3101,0,4.124,
18490.0,heavy,3102,0,2.257,ECONNREFUSED
18493.3,heavy,3103,1,3.066,
18496.7,heavy,3101,1,6.850,
18500.0,light-3,3102,0,4.352,ECONNREFUSED
18500.0,light-4,3103,1,4.285,
18500.0,light-5,3101,1,4.952,
18500.0,light-1,3103,1,7.131,
18500.0,light-2,3101,1,7.922,
18500.0,heavy,3102,0,5.114,ECONNREFUSED
18503.3,heavy,3102,0,4.845,ECONNREFUSED
18506.7,heavy,3103,0,1.522,
18510.0,heavy,3101,0,3.572,
18513.3,heavy,3102,0,2.782,ECONNREFUSED
18516.7,heavy,3103,1,1.685,
18520.0,heavy,3101,0,4.136,
18523.3,heavy,3102,0,2.425,ECONNREFUSED
18526.7,heavy,3103,1,1.342,
18530.0,heavy,3101,1,5.144,
18533.3,heavy,3102,0,3.384,ECONNREFUSED
18536.7,heavy,3103,0,0.989,
18540.0,heavy,3101,0,3.864,
18543.3,heavy,3102,0,2.781,ECONNREFUSED
18546.7,heavy,3103,1,1.659,
18550.0,heavy,3101,0,3.084,
18553.3,heavy,3102,0,3.365,ECONNREFUSED
18556.7,heavy,3103,1,1.517,
18560.0,heavy,3101,1,9.612,
18563.3,heavy,3102,0,3.280,ECONNREFUSED
18566.7,heavy,3103,0,1.742,
18570.0,heavy,3101,0,4.109,
18573.3,heavy,3102,0,3.012,ECONNREFUSED
18576.7,heavy,3103,1,1.267,
18580.0,heavy,3101,0,5.390,
18583.3,heavy,3102,0,3.716,ECONNREFUSED
18586.7,heavy,3103,1,2.084,
18590.0,heavy,3101,0,4.521,
18593.3,heavy,3102,0,3.024,ECONNREFUSED
18596.7,heavy,3103,1,1.545,
18600.0,light-4,3103,1,3.069,
18600.0,light-5,3101,1,4.359,
18600.0,light-3,3102,0,5.584,ECONNREFUSED
18600.0,light-1,3103,1,6.476,
18600.0,light-2,3101,1,6.480,
18600.0,heavy,3101,1,6.855,
18603.3,heavy,3102,0,3.386,ECONNREFUSED
18606.7,heavy,3102,0,5.147,ECONNREFUSED
18610.0,heavy,3103,0,1.370,
18613.3,heavy,3101,0,3.906,
18616.7,heavy,3102,0,2.798,ECONNREFUSED
18620.0,heavy,3103,1,1.574,
18623.3,heavy,3101,1,2.779,
18626.7,heavy,3102,0,3.020,ECONNREFUSED
18630.0,heavy,3103,1,1.397,
18633.3,heavy,3101,0,3.039,
18636.7,heavy,3102,0,2.061,ECONNREFUSED
18640.0,heavy,3103,0,1.020,
18643.3,heavy,3101,0,3.575,
18646.7,heavy,3102,0,2.757,ECONNREFUSED
18650.0,heavy,3103,1,1.435,
18653.3,heavy,3101,1,2.783,
18656.7,heavy,3102,0,4.068,ECONNREFUSED
18660.0,heavy,3103,1,1.853,
18663.3,heavy,3101,0,3.702,
18666.7,heavy,3102,0,4.083,ECONNREFUSED
18670.0,heavy,3103,0,1.606,
18673.3,heavy,3101,1,3.715,
18676.7,heavy,3102,0,3.808,ECONNREFUSED
18680.0,heavy,3103,1,1.215,
18683.3,heavy,3101,0,3.701,
18686.7,heavy,3102,0,2.750,ECONNREFUSED
18690.0,heavy,3103,0,1.057,
18693.3,heavy,3101,1,4.458,
18696.7,heavy,3102,0,2.512,ECONNREFUSED
18700.0,light-1,3101,1,2.204,
18700.0,light-3,3103,1,3.060,
18700.0,light-2,3102,0,4.482,ECONNREFUSED
18700.0,light-4,3101,1,5.624,
18700.0,light-5,3102,0,5.891,ECONNREFUSED
18700.0,heavy,3103,0,2.191,
18703.3,heavy,3103,1,1.669,
18706.7,heavy,3101,0,2.893,
18710.0,heavy,3102,0,3.315,ECONNREFUSED
18713.3,heavy,3103,1,1.307,
18716.7,heavy,3101,0,4.622,
18720.0,heavy,3102,0,3.294,ECONNREFUSED
18723.3,heavy,3103,1,1.753,
18726.7,heavy,3101,0,5.419,
18730.0,heavy,3102,0,3.383,ECONNREFUSED
18733.3,heavy,3103,1,1.513,
18736.7,heavy,3101,0,3.427,
18740.0,heavy,3102,0,2.942,ECONNREFUSED
18743.3,heavy,3103,1,1.078,
18746.7,heavy,3101,0,2.688,
18750.0,heavy,3102,0,2.609,ECONNREFUSED
18753.3,heavy,3103,1,1.694,
18756.7,heavy,3101,0,2.993,
18760.0,heavy,3102,0,2.698,ECONNREFUSED
18763.3,heavy,3103,1,1.894,
18766.7,heavy,3101,0,4.127,
18770.0,heavy,3102,0,3.179,ECONNREFUSED
18773.3,heavy,3103,1,1.774,
18776.7,heavy,3101,0,4.943,
18780.0,heavy,3102,0,2.733,ECONNREFUSED
18783.3,heavy,3103,1,1.932,
18786.7,heavy,3101,1,3.103,
18790.0,heavy,3102,0,2.746,ECONNREFUSED
18793.3,heavy,3103,0,0.891,
18796.7,heavy,3101,0,6.741,
18800.0,light-3,3103,1,3.797,
18800.0,light-1,3101,1,4.749,
18800.0,light-2,3102,0,6.833,ECONNREFUSED
18800.0,light-5,3102,0,6.997,ECONNREFUSED
18800.0,light-4,3101,1,8.061,
18800.0,heavy,3102,0,7.315,ECONNREFUSED
18803.3,heavy,3103,1,3.859,
18806.7,heavy,3103,0,3.336,
18810.0,heavy,3101,0,5.072,
18813.3,heavy,3102,0,2.082,ECONNREFUSED
18816.7,heavy,3103,1,1.144,
18820.0,heavy,3101,0,3.419,
18823.3,heavy,3102,0,2.433,ECONNREFUSED
18826.7,heavy,3103,1,1.237,
18830.0,heavy,3101,0,3.706,
18833.3,heavy,3102,0,3.009,ECONNREFUSED
18836.7,heavy,3103,1,1.460,
18840.0,heavy,3101,0,3.144,
18843.3,heavy,3102,0,2.615,ECONNREFUSED
18846.7,heavy,3103,1,1.282,
18850.0,heavy,3101,0,2.938,
18853.3,heavy,3102,0,2.065,ECONNREFUSED
18856.7,heavy,3103,1,1.135,
18860.0,heavy,3101,0,4.130,
18863.3,heavy,3102,0,2.911,ECONNREFUSED
18866.7,heavy,3103,1,1.785,
18870.0,heavy,3101,1,5.621,
18873.3,heavy,3102,0,3.729,ECONNREFUSED
18876.7,heavy,3103,0,1.779,
18880.0,heavy,3101,1,3.485,
18883.3,heavy,3102,0,1.953,ECONNREFUSED
18886.7,heavy,3103,0,1.072,
18890.0,heavy,3101,0,3.591,
18893.3,heavy,3102,0,3.142,ECONNREFUSED
18896.7,heavy,3103,1,1.309,
18900.0,light-2,3103,1,2.571,
18900.0,light-1,3102,0,3.923,ECONNREFUSED
18900.0,light-4,3102,0,3.818,ECONNREFUSED
18900.0,light-5,3103,1,4.074,
18900.0,light-3,3101,1,4.730,
18900.0,heavy,3101,0,4.416,
18903.3,heavy,3101,1,3.970,
18906.7,heavy,3102,0,1.959,ECONNREFUSED
18910.0,heavy,3103,0,3.596,
18913.3,heavy,3101,1,2.744,
18916.7,heavy,3102,0,7.110,ECONNREFUSED
18920.0,heavy,3103,1,1.825,
18923.3,heavy,3101,0,3.243,
18926.7,heavy,3102,0,5.275,ECONNREFUSED
18930.0,heavy,3103,0,1.507,
18933.3,heavy,3101,1,3.719,
18936.7,heavy,3102,0,2.359,ECONNREFUSED
18940.0,heavy,3103,0,1.220,
18943.3,heavy,3101,1,3.684,
18946.7,heavy,3102,0,2.331,ECONNREFUSED
18950.0,heavy,3103,1,1.844,
18953.3,heavy,3101,0,3.841,
18956.7,heavy,3102,0,2.931,ECONNREFUSED
18960.0,heavy,3103,0,2.246,
18963.3,heavy,3101,1,3.231,
18966.7,heavy,3102,0,1.995,ECONNREFUSED
18970.0,heavy,3103,1,1.079,
18973.3,heavy,3101,0,2.877,
18976.7,heavy,3102,0,2.351,ECONNREFUSED
18980.0,heavy,3103,0,1.046,
18983.3,heavy,3101,0,3.397,
18986.7,heavy,3102,0,2.891,ECONNREFUSED
18990.0,heavy,3103,1,1.786,
18993.3,heavy,3101,1,2.874,
18996.7,heavy,3102,0,4.654,ECONNREFUSED
19000.0,light-5,3101,1,3.548,
19000.0,light-4,3103,1,3.676,
19000.0,light-1,3103,1,4.728,
19000.0,light-2,3101,1,4.747,
19000.0,light-3,3102,0,5.256,ECONNREFUSED
19000.0,heavy,3103,1,2.167,
19003.3,heavy,3101,0,4.482,
19006.7,heavy,3102,0,4.313,ECONNREFUSED
19010.0,heavy,3102,0,3.155,ECONNREFUSED
19013.3,heavy,3103,1,2.510,
19016.7,heavy,3101,1,3.218,
19020.0,heavy,3102,0,3.455,ECONNREFUSED
19023.3,heavy,3103,0,1.486,
19026.7,heavy,3101,0,3.901,
19030.0,heavy,3102,0,2.603,ECONNREFUSED
19033.3,heavy,3103,1,1.570,
19036.7,heavy,3101,0,4.232,
19040.0,heavy,3102,0,2.447,ECONNREFUSED
19043.3,heavy,3103,1,1.594,
19046.7,heavy,3101,0,3.365,
19050.0,heavy,3102,0,3.644,ECONNREFUSED
19053.3,heavy,3103,1,1.682,
19056.7,heavy,3101,0,2.912,
19060.0,heavy,3102,0,2.154,ECONNREFUSED
19063.3,heavy,3103,1,1.245,
19066.7,heavy,3101,0,3.014,
19070.0,heavy,3102,0,2.274,ECONNREFUSED
19073.3,heavy,3103,1,1.876,
19076.7,heavy,3101,0,3.486,
19080.0,heavy,3102,0,3.171,ECONNREFUSED
19083.3,heavy,3103,1,1.467,
19086.7,heavy,3101,0,3.062,
19090.0,heavy,3102,0,2.104,ECONNREFUSED
19093.3,heavy,3103,1,1.416,
19096.7,heavy,3101,0,4.337,
19100.0,light-4,3103,1,3.457,
19100.0,light-5,3101,1,4.372,
19100.0,light-3,3102,0,5.505,ECONNREFUSED
19100.0,light-2,3101,1,6.590,
19100.0,light-1,3103,1,6.859,
19100.0,heavy,3102,0,4.359,ECONNREFUSED
19103.3,heavy,3102,0,5.830,ECONNREFUSED
19106.7,heavy,3103,1,1.829,
19110.0,heavy,3101,1,3.313,
19113.3,heavy,3102,0,2.469,ECONNREFUSED
19116.7,heavy,3103,0,1.108,
19120.0,heavy,3101,0,4.671,
19123.3,heavy,3102,0,2.962,ECONNREFUSED
19126.7,heavy,3103,1,1.632,
19130.0,heavy,3101,1,5.259,
19133.3,heavy,3102,0,2.845,ECONNREFUSED
19136.7,heavy,3103,0,1.171,
19140.0,heavy,3101,0,3.758,
19143.3,heavy,3102,0,3.059,ECONNREFUSED
19146.7,heavy,3103,1,1.803,
19150.0,heavy,3101,0,3.142,
19153.3,heavy,3102,0,2.644,ECONNREFUSED
19156.7,heavy,3103,1,1.378,
19160.0,heavy,3101,0,3.360,
19163.3,heavy,3102,0,2.408,ECONNREFUSED
19166.7,heavy,3103,1,1.523,
19170.0,heavy,3101,0,3.192,
19173.3,heavy,3102,0,2.533,ECONNREFUSED
19176.7,heavy,3103,1,1.111,
19180.0,heavy,3101,1,4.877,
19183.3,heavy,3102,0,3.697,ECONNREFUSED
19186.7,heavy,3103,1,1.957,
19190.0,heavy,3101,0,5.289,
19193.3,heavy,3102,0,3.467,ECONNREFUSED
19196.7,heavy,3103,0,0.968,
19200.0,light-3,3103,1,3.113,
19200.0,light-1,3101,1,4.887,
19200.0,light-2,3102,0,6.260,ECONNREFUSED
19200.0,light-4,3101,1,7.977,
19200.0,light-5,3102,0,8.273,ECONNREFUSED
19200.0,heavy,3101,0,7.729,
19203.3,heavy,3102,0,6.313,ECONNREFUSED
19206.7,heavy,3103,1,2.447,
19210.0,heavy,3103,0,4.072,
19213.3,heavy,3101,1,3.189,
19216.7,heavy,3102,0,2.222,ECONNREFUSED
19220.0,heavy,3103,0,1.037,
19223.3,heavy,3101,1,4.289,
19226.7,heavy,3102,0,3.472,ECONNREFUSED
19230.0,heavy,3103,1,1.732,
19233.3,heavy,3101,0,4.469,
19236.7,heavy,3102,0,4.007,ECONNREFUSED
19240.0,heavy,3103,0,1.521,
19243.3,heavy,3101,1,4.488,
19246.7,heavy,3102,0,3.741,ECONNREFUSED
19250.0,heavy,3103,1,1.924,
19253.3,heavy,3101,0,6.128,
19256.7,heavy,3102,0,3.772,ECONNREFUSED
19260.0,heavy,3103,0,1.393,
19263.3,heavy,3101,1,3.365,
19266.7,heavy,3102,0,2.758,ECONNREFUSED
19270.0,heavy,3103,0,1.111,
19273.3,heavy,3101,1,4.345,
19276.7,heavy,3102,0,3.224,ECONNREFUSED
19280.0,heavy,3103,1,1.788,
19283.3,heavy,3101,0,4.519,
19286.7,heavy,3102,0,2.991,ECONNREFUSED
19290.0,heavy,3103,1,3.501,
19293.3,heavy,3101,1,6.553,
19296.7,heavy,3102,0,6.202,ECONNREFUSED
19300.0,light-3,3103,1,3.921,
19300.0,light-1,3101,1,4.959,
19300.0,light-2,3102,0,6.528,ECONNREFUSED
19300.0,light-4,3101,1,7.181,
19300.0,light-5,3102,0,7.402,ECONNREFUSED
19300.0,heavy,3103,0,3.903,
19303.3,heavy,3103,0,3.260,
19306.7,heavy,3101,0,2.864,
19310.0,heavy,3102,0,2.430,ECONNREFUSED
19313.3,heavy,3103,1,1.247,
19316.7,heavy,3101,0,4.591,
19320.0,heavy,3102,0,3.550,ECONNREFUSED
19323.3,heavy,3103,1,1.517,
19326.7,heavy,3101,0,4.425,
19330.0,heavy,3102,0,3.944,ECONNREFUSED
19333.3,heavy,3103,1,1.665,
19336.7,heavy,3101,0,4.422,
19340.0,heavy,3102,0,3.122,ECONNREFUSED
19343.3,heavy,3103,1,1.720,
19346.7,heavy,3101,0,5.140,
19350.0,heavy,3102,0,2.988,ECONNREFUSED
19353.3,heavy,3103,1,1.334,
19356.7,heavy,3101,0,3.351,
19360.0,heavy,3102,0,3.031,ECONNREFUSED
19363.3,heavy,3103,1,1.003,
19366.7,heavy,3101,0,6.185,
19370.0,heavy,3102,0,2.808,ECONNREFUSED
19373.3,heavy,3103,1,1.295,
19376.7,heavy,3101,0,6.699,
19380.0,heavy,3102,0,2.316,ECONNREFUSED
19383.3,heavy,3103,1,1.214,
19386.7,heavy,3101,0,3.731,
19390.0,heavy,3102,0,2.783,ECONNREFUSED
19393.3,heavy,3103,1,1.641,
19396.7,heavy,3101,0,3.229,
19400.0,light-5,3101,1,3.014,
19400.0,light-4,3103,1,3.247,
19400.0,light-3,3102,0,3.694,ECONNREFUSED
19400.0,light-2,3101,1,4.492,
19400.0,light-1,3103,1,4.717,
19400.0,heavy,3102,0,4.300,ECONNREFUSED
19403.3,heavy,3102,0,3.585,ECONNREFUSED
19406.7,heavy,3103,1,1.084,
19410.0,heavy,3101,1,5.143,
19413.3,heavy,3102,0,3.618,ECONNREFUSED
19416.7,heavy,3103,1,2.634,
19420.0,heavy,3101,0,4.670,
19423.3,heavy,3102,0,3.865,ECONNREFUSED
19426.7,heavy,3103,0,2.200,
19430.0,heavy,3101,0,2.068,
19433.3,heavy,3102,0,2.598,ECONNREFUSED
19436.7,heavy,3103,1,1.364,
19440.0,heavy,3101,0,3.343,
19443.3,heavy,3102,0,2.382,ECONNREFUSED
19446.7,heavy,3103,1,1.490,
19450.0,heavy,3101,1,3.776,
19453.3,heavy,3102,0,3.311,ECONNREFUSED
19456.7,heavy,3103,0,1.250,
19460.0,heavy,3101,0,4.116,
19463.3,heavy,3102,0,2.628,ECONNREFUSED
19466.7,heavy,3103,1,1.424,
19470.0,heavy,3101,1,4.578,
19473.3,heavy,3102,0,2.802,ECONNREFUSED
19476.7,heavy,3103,0,1.263,
19480.0,heavy,3101,0,3.998,
19483.3,heavy,3102,0,3.039,ECONNREFUSED
19486.7,heavy,3103,1,1.694,
19490.0,heavy,3101,0,2.870,
19493.3,heavy,3102,0,5.068,ECONNREFUSED
19496.7,heavy,3103,1,2.763,
19500.0,light-2,3103,1,3.305,
19500.0,light-5,3103,1,4.574,
19500.0,light-1,3102,0,5.053,ECONNREFUSED
19500.0,light-4,3102,0,5.017,ECONNREFUSED
19500.0,light-3,3101,1,6.245,
19500.0,heavy,3101,1,6.324,
19503.3,heavy,3101,0,4.394,
19506.7,heavy,3102,0,2.171,ECONNREFUSED
19510.0,heavy,3103,0,0.990,
19513.3,heavy,3101,1,2.802,
19516.7,heavy,3102,0,2.132,ECONNREFUSED
19520.0,heavy,3103,0,0.864,
19523.3,heavy,3101,1,3.860,
19526.7,heavy,3102,0,2.865,ECONNREFUSED
19530.0,heavy,3103,1,1.082,
19533.3,heavy,3101,0,3.088,
19536.7,heavy,3102,0,2.414,ECONNREFUSED
19540.0,heavy,3103,1,1.386,
19543.3,heavy,3101,0,3.630,
19546.7,heavy,3102,0,3.107,ECONNREFUSED
19550.0,heavy,3103,0,1.668,
19553.3,heavy,3101,1,3.971,
19556.7,heavy,3102,0,2.616,ECONNREFUSED
19560.0,heavy,3103,1,1.536,
19563.3,heavy,3101,0,5.504,
19566.7,heavy,3102,0,3.510,ECONNREFUSED
19570.0,heavy,3103,0,0.883,
19573.3,heavy,3101,1,3.787,
19576.7,heavy,3102,0,2.822,ECONNREFUSED
19580.0,heavy,3103,0,1.682,
19583.3,heavy,3101,1,6.633,
19586.7,heavy,3102,0,4.133,ECONNREFUSED
19590.0,heavy,3103,1,1.913,
19593.3,heavy,3101,0,7.407,
19596.7,heavy,3102,0,5.301,ECONNREFUSED
19600.0,light-3,3103,1,3.768,
19600.0,light-1,3101,1,4.197,
19600.0,light-4,3101,1,5.080,
19600.0,light-2,3102,0,5.879,ECONNREFUSED
19600.0,light-5,3102,0,5.641,ECONNREFUSED
19600.0,heavy,3103,0,4.124,
19603.3,heavy,3103,1,2.174,
19606.7,heavy,3101,0,3.290,
19610.0,heavy,3102,0,2.463,ECONNREFUSED
19613.3,heavy,3103,1,3.055,
19616.7,heavy,3101,0,4.780,
19620.0,heavy,3102,0,5.196,ECONNREFUSED
19623.3,heavy,3103,1,2.697,
19626.7,heavy,3101,0,4.702,
19630.0,heavy,3102,0,4.870,ECONNREFUSED
19633.3,heavy,3103,1,1.254,
19636.7,heavy,3101,0,4.981,
19640.0,heavy,3102,0,2.458,ECONNREFUSED
19643.3,heavy,3103,1,1.958,
19646.7,heavy,3101,0,3.681,
19650.0,heavy,3102,0,2.571,ECONNREFUSED
19653.3,heavy,3103,1,2.115,
19656.7,heavy,3101,0,4.708,
19660.0,heavy,3102,0,2.624,ECONNREFUSED
19663.3,heavy,3103,1,1.323,
19666.7,heavy,3101,1,3.604,
19670.0,heavy,3102,0,2.731,ECONNREFUSED
19673.3,heavy,3103,0,1.630,
19676.7,heavy,3101,0,4.440,
19680.0,heavy,3102,0,3.162,ECONNREFUSED
19683.3,heavy,3103,1,1.394,
19686.7,heavy,3101,0,4.929,
19690.0,heavy,3102,0,3.152,ECONNREFUSED
19693.3,heavy,3103,1,1.226,
19696.7,heavy,3101,0,6.174,
19700.0,heavy,3102,0,5.731,ECONNREFUSED
19700.0,light-3,3103,1,3.170,
19700.0,light-1,3101,1,4.666,
19700.0,light-2,3102,0,5.982,ECONNREFUSED
19700.0,light-4,3101,1,7.100,
19700.0,light-5,3102,0,7.381,ECONNREFUSED
19703.3,heavy,3103,1,2.225,
19706.7,heavy,3103,0,3.234,
19710.0,heavy,3101,0,3.040,
19713.3,heavy,3102,0,2.328,ECONNREFUSED
19716.7,heavy,3103,1,1.353,
19720.0,heavy,3101,0,3.044,
19723.3,heavy,3102,0,2.844,ECONNREFUSED
19726.7,heavy,3103,1,2.761,
19730.0,heavy,3101,1,4.697,
19733.3,heavy,3102,0,4.114,ECONNREFUSED
19736.7,heavy,3103,0,2.039,
19740.0,heavy,3101,0,4.162,
19743.3,heavy,3102,0,2.572,ECONNREFUSED
19746.7,heavy,3103,1,1.643,
19750.0,heavy,3101,1,4.755,
19753.3,heavy,3102,0,3.217,ECONNREFUSED
19756.7,heavy,3103,1,1.754,
19760.0,heavy,3101,0,3.954,
19763.3,heavy,3102,0,3.262,ECONNREFUSED
19766.7,heavy,3103,0,0.909,
19770.0,heavy,3101,0,2.827,
19773.3,heavy,3102,0,3.247,ECONNREFUSED
19776.7,heavy,3103,1,1.429,
19780.0,heavy,3101,0,3.445,
19783.3,heavy,3102,0,4.286,ECONNREFUSED
19786.7,heavy,3103,1,1.409,
19790.0,heavy,3101,1,5.109,
19793.3,heavy,3102,0,3.242,ECONNREFUSED
19796.7,heavy,3103,0,1.854,
19800.0,heavy,3101,0,5.924,
19800.0,light-2,3103,1,1.858,
19800.0,light-4,3102,0,4.347,ECONNREFUSED
19800.0,light-1,3102,0,5.050,ECONNREFUSED
19800.0,light-5,3103,1,5.085,
19800.0,light-3,3101,1,7.304,
19803.3,heavy,3101,1,5.046,
19806.7,heavy,3102,0,2.193,ECONNREFUSED
19810.0,heavy,3103,0,1.162,
19813.3,heavy,3101,1,4.907,
19816.7,heavy,3102,0,3.814,ECONNREFUSED
19820.0,heavy,3103,1,1.890,
19823.3,heavy,3101,0,4.582,
19826.7,heavy,3102,0,3.706,ECONNREFUSED
19830.0,heavy,3103,0,1.638,
19833.3,heavy,3101,1,4.550,
19836.7,heavy,3102,0,3.271,ECONNREFUSED
19840.0,heavy,3103,1,1.893,
19843.3,heavy,3101,0,3.185,
19846.7,heavy,3102,0,2.390,ECONNREFUSED
19850.0,heavy,3103,0,1.433,
19853.3,heavy,3101,1,3.284,
19856.7,heavy,3102,0,2.141,ECONNREFUSED
19860.0,heavy,3103,0,0.969,
19863.3,heavy,3101,1,4.904,
19866.7,heavy,3102,0,3.533,ECONNREFUSED
19870.0,heavy,3103,1,1.527,
19873.3,heavy,3101,0,6.212,
19876.7,heavy,3102,0,3.270,ECONNREFUSED
19880.0,heavy,3103,0,0.989,
19883.3,heavy,3101,0,4.699,
19886.7,heavy,3102,0,2.794,ECONNREFUSED
19890.0,heavy,3103,1,1.367,
19893.3,heavy,3101,1,3.821,
19896.7,heavy,3102,0,3.960,ECONNREFUSED
19900.0,heavy,3103,0,3.258,
19900.0,light-1,3101,1,3.175,
19900.0,light-3,3103,1,3.459,
19900.0,light-4,3101,1,4.793,
19900.0,light-5,3102,0,5.213,ECONNREFUSED
19900.0,light-2,3102,0,5.682,ECONNREFUSED
19903.3,heavy,3103,1,2.050,
19906.7,heavy,3101,0,4.751,
19910.0,heavy,3102,0,2.535,ECONNREFUSED
19913.3,heavy,3103,1,1.529,
19916.7,heavy,3101,1,4.792,
19920.0,heavy,3102,0,3.944,ECONNREFUSED
19923.3,heavy,3103,0,1.304,
19926.7,heavy,3101,0,4.135,
19930.0,heavy,3102,0,2.774,ECONNREFUSED
19933.3,heavy,3103,1,1.618,
19936.7,heavy,3101,0,3.614,
19940.0,heavy,3102,0,2.350,ECONNREFUSED
19943.3,heavy,3103,1,1.831,
19946.7,heavy,3101,0,3.251,
19950.0,heavy,3102,0,2.431,ECONNREFUSED
19953.3,heavy,3103,1,0.903,
19956.7,heavy,3101,0,4.828,
19960.0,heavy,3102,0,3.550,ECONNREFUSED
19963.3,heavy,3103,1,1.639,
19966.7,heavy,3101,0,4.852,
19970.0,heavy,3102,0,2.826,ECONNREFUSED
19973.3,heavy,3103,1,2.613,
19976.7,heavy,3101,1,3.524,
19980.0,heavy,3102,0,3.244,ECONNREFUSED
19983.3,heavy,3103,0,1.476,
19986.7,heavy,3101,0,4.648,
19990.0,heavy,3102,0,2.951,ECONNREFUSED
19993.3,heavy,3103,1,1.649,
19996.7,heavy,3101,0,5.555,
20000.0,heavy,3102,0,4.955,ECONNREFUSED
20000.0,light-4,3103,1,3.301,
20000.0,light-5,3101,1,4.057,
20000.0,light-3,3102,0,4.768,ECONNREFUSED
20000.0,light-2,3101,1,5.939,
20000.0,light-1,3103,1,6.312,
20003.3,heavy,3102,0,5.797,ECONNREFUSED
20006.7,heavy,3103,1,1.918,
20010.0,heavy,3101,1,2.885,
20013.3,heavy,3102,0,3.007,ECONNREFUSED
20016.7,heavy,3103,0,1.139,
20020.0,heavy,3101,0,4.270,
20023.3,heavy,3102,0,3.004,ECONNREFUSED
20026.7,heavy,3103,1,1.838,
20030.0,heavy,3101,0,3.613,
20033.3,heavy,3102,0,2.180,ECONNREFUSED
20036.7,heavy,3103,1,1.814,
20040.0,heavy,3101,1,2.935,
20043.3,heavy,3102,0,2.280,ECONNREFUSED
20046.7,heavy,3103,0,0.763,
20050.0,heavy,3101,0,3.779,
20053.3,heavy,3102,0,2.641,ECONNREFUSED
20056.7,heavy,3103,1,1.536,
20060.0,heavy,3101,0,4.302,
20063.3,heavy,3102,0,2.671,ECONNREFUSED
20066.7,heavy,3103,1,1.489,
20070.0,heavy,3101,1,3.555,
20073.3,heavy,3102,0,2.607,ECONNREFUSED
20076.7,heavy,3103,0,1.701,
20080.0,heavy,3101,0,3.674,
20083.3,heavy,3102,0,2.247,ECONNREFUSED
20086.7,heavy,3103,1,1.328,
20090.0,heavy,3101,1,3.835,
20093.3,heavy,3102,0,2.620,ECONNREFUSED
20096.7,heavy,3103,1,3.296,
20100.0,heavy,3101,0,7.826,
20100.0,light-4,3103,1,3.878,
20100.0,light-3,3102,0,4.917,ECONNREFUSED
20100.0,light-5,3101,1,5.245,
20100.0,light-1,3103,1,7.632,
20100.0,light-2,3101,1,7.717,
20103.3,heavy,3102,0,5.595,ECONNREFUSED
20106.7,heavy,3102,0,6.683,ECONNREFUSED
20110.0,heavy,3103,0,2.833,
20113.3,heavy,3101,1,3.513,
20116.7,heavy,3102,0,3.249,ECONNREFUSED
20120.0,heavy,3103,0,1.222,
20123.3,heavy,3101,1,5.248,
20126.7,heavy,3102,0,3.195,ECONNREFUSED
20130.0,heavy,3103,1,2.581,
20133.3,heavy,3101,0,5.519,
20136.7,heavy,3102,0,7.517,ECONNREFUSED
20140.0,heavy,3103,0,1.504,
20143.3,heavy,3101,1,3.081,
20146.7,heavy,3102,0,2.249,ECONNREFUSED
20150.0,heavy,3103,1,1.396,
20153.3,heavy,3101,0,3.122,
20156.7,heavy,3102,0,2.974,ECONNREFUSED
20160.0,heavy,3103,0,1.209,
20163.3,heavy,3101,1,3.888,
20166.7,heavy,3102,0,2.926,ECONNREFUSED
20170.0,heavy,3103,0,1.275,
20173.3,heavy,3101,1,4.434,
20176.7,heavy,3102,0,2.899,ECONNREFUSED
20180.0,heavy,3103,1,1.207,
20183.3,heavy,3101,0,4.285,
20186.7,heavy,3102,0,1.993,ECONNREFUSED
20190.0,heavy,3103,1,3.070,
20193.3,heavy,3101,0,4.362,
20196.7,heavy,3102,0,4.850,ECONNREFUSED
20200.0,heavy,3103,0,2.980,
20200.0,light-3,3103,1,2.693,
20200.0,light-1,3101,1,3.379,
20200.0,light-4,3101,1,4.859,
20200.0,light-2,3102,0,5.377,ECONNREFUSED
20200.0,light-5,3102,0,5.311,ECONNREFUSED
20203.3,heavy,3103,1,1.568,
20206.7,heavy,3101,0,2.960,
20210.0,heavy,3102,0,2.309,ECONNREFUSED
20213.3,heavy,3103,1,1.331,
20216.7,heavy,3101,0,2.643,
20220.0,heavy,3102,0,5.054,ECONNREFUSED
20223.3,heavy,3103,1,1.826,
20226.7,heavy,3101,0,4.252,
20230.0,heavy,3102,0,3.273,ECONNREFUSED
20233.3,heavy,3103,1,1.554,
20236.7,heavy,3101,0,3.174,
20240.0,heavy,3102,0,3.287,ECONNREFUSED
20243.3,heavy,3103,1,0.996,
20246.7,heavy,3101,0,2.972,
20250.0,heavy,3102,0,2.378,ECONNREFUSED
20253.3,heavy,3103,1,1.167,
20256.7,heavy,3101,0,2.771,
20260.0,heavy,3102,0,2.279,ECONNREFUSED
20263.3,heavy,3103,1,0.757,
20266.7,heavy,3101,0,3.905,
20270.0,heavy,3102,0,2.862,ECONNREFUSED
20273.3,heavy,3103,1,1.230,
20276.7,heavy,3101,0,4.380,
20280.0,heavy,3102,0,2.209,ECONNREFUSED
20283.3,heavy,3103,1,2.298,
20286.7,heavy,3101,0,3.552,
20290.0,heavy,3102,0,3.095,ECONNREFUSED
20293.3,heavy,3103,1,1.430,
20296.7,heavy,3101,0,6.973,
20300.0,heavy,3102,0,5.120,ECONNREFUSED
20300.0,light-2,3103,1,3.420,
20300.0,light-1,3102,0,5.051,ECONNREFUSED
20300.0,light-4,3102,0,4.995,ECONNREFUSED
20300.0,light-5,3103,1,6.144,
20300.0,light-3,3101,1,7.963,
20303.3,heavy,3103,1,2.821,
20306.7,heavy,3101,0,7.364,
20310.0,heavy,3101,1,7.017,
20313.3,heavy,3102,0,2.740,ECONNREFUSED
20316.7,heavy,3103,0,1.071,
20320.0,heavy,3101,1,3.074,
20323.3,heavy,3102,0,2.376,ECONNREFUSED
20326.7,heavy,3103,0,0.959,
20330.0,heavy,3101,0,4.771,
20333.3,heavy,3102,0,3.817,ECONNREFUSED
20336.7,heavy,3103,1,1.214,
20340.0,heavy,3101,0,4.448,
20343.3,heavy,3102,0,2.892,ECONNREFUSED
20346.7,heavy,3103,1,1.292,
20350.0,heavy,3101,1,3.397,
20353.3,heavy,3102,0,2.221,ECONNREFUSED
20356.7,heavy,3103,0,0.994,
20360.0,heavy,3101,0,3.649,
20363.3,heavy,3102,0,6.302,ECONNREFUSED
20366.7,heavy,3103,1,1.598,
20370.0,heavy,3101,1,2.931,
20373.3,heavy,3102,0,5.648,ECONNREFUSED
20376.7,heavy,3103,0,1.584,
20380.0,heavy,3101,1,4.169,
20383.3,heavy,3102,0,3.422,ECONNREFUSED
20386.7,heavy,3103,0,1.245,
20390.0,heavy,3101,1,9.868,
20393.3,heavy,3102,0,5.926,ECONNREFUSED
20396.7,heavy,3103,1,3.149,
20400.0,heavy,3101,0,9.834,
20400.0,light-2,3103,1,3.736,
20400.0,light-4,3102,0,5.352,ECONNREFUSED
20400.0,light-1,3102,0,6.747,ECONNREFUSED
20400.0,light-5,3103,1,8.907,
20400.0,light-3,3101,1,10.233,
20403.3,heavy,3101,0,9.989,
20406.7,heavy,3102,0,3.622,ECONNREFUSED
20410.0,heavy,3103,0,2.176,
20413.3,heavy,3101,1,2.988,
20416.7,heavy,3102,0,2.176,ECONNREFUSED
20420.0,heavy,3103,1,2.720,
20423.3,heavy,3101,0,4.218,
20426.7,heavy,3102,0,3.604,ECONNREFUSED
20430.0,heavy,3103,1,2.338,
20433.3,heavy,3101,0,3.393,
20436.7,heavy,3102,0,2.302,ECONNREFUSED
20440.0,heavy,3103,1,2.296,
20443.3,heavy,3101,0,3.818,
20446.7,heavy,3102,0,3.202,ECONNREFUSED
20450.0,heavy,3103,0,1.488,
20453.3,heavy,3101,1,4.213,
20456.7,heavy,3102,0,3.159,ECONNREFUSED
20460.0,heavy,3103,1,1.732,
20463.3,heavy,3101,0,4.369,
20466.7,heavy,3102,0,2.718,ECONNREFUSED
20470.0,heavy,3103,1,1.672,
20473.3,heavy,3101,0,3.593,
20476.7,heavy,3102,0,3.071,ECONNREFUSED
20480.0,heavy,3103,0,1.149,
20483.3,heavy,3101,1,4.436,
20486.7,heavy,3102,0,3.150,ECONNREFUSED
20490.0,heavy,3103,1,1.438,
20493.3,heavy,3101,0,5.003,
20496.7,heavy,3102,0,4.697,ECONNREFUSED
20500.0,heavy,3103,0,2.976,
20500.0,light-1,3101,1,2.989,
20500.0,light-3,3103,1,2.842,
20500.0,light-4,3101,1,5.857,
20500.0,light-2,3102,0,7.417,ECONNREFUSED
20500.0,light-5,3102,0,8.317,ECONNREFUSED
20503.3,heavy,3103,1,3.221,
20506.7,heavy,3101,0,3.372,
20510.0,heavy,3102,0,2.349,ECONNREFUSED
20513.3,heavy,3103,1,1.169,
20516.7,heavy,3101,0,4.144,
20520.0,heavy,3102,0,2.855,ECONNREFUSED
20523.3,heavy,3103,1,1.637,
20526.7,heavy,3101,0,3.402,
20530.0,heavy,3102,0,2.398,ECONNREFUSED
20533.3,heavy,3103,1,1.350,
20536.7,heavy,3101,0,3.252,
20540.0,heavy,3102,0,4.144,ECONNREFUSED
20543.3,heavy,3103,1,1.228,
20546.7,heavy,3101,0,3.391,
20550.0,heavy,3102,0,3.625,ECONNREFUSED
20553.3,heavy,3103,1,1.295,
20556.7,heavy,3101,0,3.759,
20560.0,heavy,3102,0,1.935,ECONNREFUSED
20563.3,heavy,3103,1,1.365,
20566.7,heavy,3101,1,4.688,
20570.0,heavy,3102,0,3.908,ECONNREFUSED
20573.3,heavy,3103,0,2.431,
20576.7,heavy,3101,0,3.082,
20580.0,heavy,3102,0,2.126,ECONNREFUSED
20583.3,heavy,3103,1,1.406,
20586.7,heavy,3101,1,3.397,
20590.0,heavy,3102,0,2.914,ECONNREFUSED
20593.3,heavy,3103,0,0.980,
20596.7,heavy,3101,0,6.954,
20600.0,heavy,3102,0,5.206,ECONNREFUSED
20600.0,light-2,3103,1,3.104,
20600.0,light-1,3102,0,5.094,ECONNREFUSED
20600.0,light-4,3102,0,5.390,ECONNREFUSED
20600.0,light-5,3103,1,6.247,
20600.0,light-3,3101,1,7.759,
20603.3,heavy,3103,1,2.636,
20606.7,heavy,3101,0,7.085,
20610.0,heavy,3101,1,6.898,
20613.3,heavy,3102,0,5.021,ECONNREFUSED
20616.7,heavy,3103,0,1.223,
20620.0,heavy,3101,1,3.006,
20623.3,heavy,3102,0,2.388,ECONNREFUSED
20626.7,heavy,3103,0,1.079,
20630.0,heavy,3101,0,3.582,
20633.3,heavy,3102,0,2.561,ECONNREFUSED
20636.7,heavy,3103,1,1.060,
20640.0,heavy,3101,0,2.789,
20643.3,heavy,3102,0,2.435,ECONNREFUSED
20646.7,heavy,3103,1,2.651,
20650.0,heavy,3101,1,3.872,
20653.3,heavy,3102,0,4.390,ECONNREFUSED
20656.7,heavy,3103,0,1.694,
20660.0,heavy,3101,0,5.159,
20663.3,heavy,3102,0,3.715,ECONNREFUSED
20666.7,heavy,3103,1,2.089,
20670.0,heavy,3101,1,6.019,
20673.3,heavy,3102,0,3.042,ECONNREFUSED
20676.7,heavy,3103,0,1.114,
20680.0,heavy,3101,1,3.678,
20683.3,heavy,3102,0,3.037,ECONNREFUSED
20686.7,heavy,3103,0,1.240,
20690.0,heavy,3101,1,8.103,
20693.3,heavy,3102,0,5.340,ECONNREFUSED
20696.7,heavy,3103,1,2.656,
20700.0,heavy,3101,0,8.510,
20700.0,light-2,3103,1,3.533,
20700.0,light-4,3102,0,5.406,ECONNREFUSED
20700.0,light-1,3102,0,7.047,ECONNREFUSED
20700.0,light-5,3103,1,7.193,
20700.0,light-3,3101,1,8.646,
20703.3,heavy,3101,0,7.574,
20706.7,heavy,3102,0,4.828,ECONNREFUSED
20710.0,heavy,3103,0,1.152,
20713.3,heavy,3101,1,3.535,
20716.7,heavy,3102,0,2.599,ECONNREFUSED
20720.0,heavy,3103,0,1.189,
20723.3,heavy,3101,1,4.719,
20726.7,heavy,3102,0,3.167,ECONNREFUSED
20730.0,heavy,3103,1,1.886,
20733.3,heavy,3101,0,4.429,
20736.7,heavy,3102,0,2.907,ECONNREFUSED
20740.0,heavy,3103,0,1.210,
20743.3,heavy,3101,1,3.120,
20746.7,heavy,3102,0,1.984,ECONNREFUSED
20750.0,heavy,3103,0,1.016,
20753.3,heavy,3101,1,3.653,
20756.7,heavy,3102,0,2.640,ECONNREFUSED
20760.0,heavy,3103,1,1.376,
20763.3,heavy,3101,0,4.156,
20766.7,heavy,3102,0,3.094,ECONNREFUSED
20770.0,heavy,3103,0,1.091,
20773.3,heavy,3101,1,3.857,
20776.7,heavy,3102,0,2.943,ECONNREFUSED
20780.0,heavy,3103,0,1.853,
20783.3,heavy,3101,1,4.768,
20786.7,heavy,3102,0,3.315,ECONNREFUSED
20790.0,heavy,3103,1,1.562,
20793.3,heavy,3101,0,4.908,
20796.7,heavy,3102,0,3.108,ECONNREFUSED
20800.0,heavy,3103,0,1.558,
20800.0,light-1,3101,1,1.601,
20800.0,light-3,3103,1,1.413,
20800.0,light-4,3101,1,3.962,
20800.0,light-2,3102,0,4.823,ECONNREFUSED
20800.0,light-5,3102,0,5.364,ECONNREFUSED
20803.3,heavy,3103,1,1.822,
20806.7,heavy,3101,0,3.788,
20810.0,heavy,3102,0,2.507,ECONNREFUSED
20813.3,heavy,3103,1,0.891,
20816.7,heavy,3101,0,3.502,
20820.0,heavy,3102,0,2.798,ECONNREFUSED
20823.3,heavy,3103,1,1.360,
20826.7,heavy,3101,0,2.962,
20830.0,heavy,3102,0,2.488,ECONNREFUSED
20833.3,heavy,3103,1,1.455,
20836.7,heavy,3101,0,3.405,
20840.0,heavy,3102,0,2.583,ECONNREFUSED
20843.3,heavy,3103,1,0.865,
20846.7,heavy,3101,0,5.298,
20850.0,heavy,3102,0,6.185,ECONNREFUSED
20853.3,heavy,3103,1,1.349,
20856.7,heavy,3101,0,5.132,
20860.0,heavy,3102,0,4.946,ECONNREFUSED
20863.3,heavy,3103,1,1.490,
20866.7,heavy,3101,1,4.212,
20870.0,heavy,3102,0,3.187,ECONNREFUSED
20873.3,heavy,3103,0,2.147,
20876.7,heavy,3101,0,8.577,
20880.0,heavy,3102,0,5.640,ECONNREFUSED
20883.3,heavy,3103,1,3.340,
20886.7,heavy,3101,0,9.834,
20890.0,heavy,3102,0,5.232,ECONNREFUSED
20893.3,heavy,3103,1,1.441,
20896.7,heavy,3101,0,4.417,
20900.0,heavy,3102,0,11.740,ECONNREFUSED
20900.0,light-4,3103,1,5.749,
20900.0,light-5,3101,1,6.307,
20900.0,light-1,3103,1,6.834,
20900.0,light-2,3101,1,6.828,
20900.0,light-3,3102,0,11.589,ECONNREFUSED
20903.3,heavy,3102,0,9.758,ECONNREFUSED
20906.7,heavy,3103,1,3.678,
20910.0,heavy,3101,1,5.732,
20913.3,heavy,3102,0,6.128,ECONNREFUSED
20916.7,heavy,3103,0,1.868,
20920.0,heavy,3101,0,3.029,
20923.3,heavy,3102,0,1.994,ECONNREFUSED
20926.7,heavy,3103,1,1.386,
20930.0,heavy,3101,1,5.026,
20933.3,heavy,3102,0,4.228,ECONNREFUSED
20936.7,heavy,3103,0,1.316,
20940.0,heavy,3101,0,5.333,
20943.3,heavy,3102,0,4.049,ECONNREFUSED
20946.7,heavy,3103,1,1.346,
20950.0,heavy,3101,0,4.774,
20953.3,heavy,3102,0,3.696,ECONNREFUSED
20956.7,heavy,3103,1,1.282,
20960.0,heavy,3101,1,3.519,
20963.3,heavy,3102,0,2.276,ECONNREFUSED
20966.7,heavy,3103,0,1.211,
20970.0,heavy,3101,0,3.968,
20973.3,heavy,3102,0,2.768,ECONNREFUSED
20976.7,heavy,3103,1,1.603,
20980.0,heavy,3101,0,3.411,
20983.3,heavy,3102,0,2.916,ECONNREFUSED
20986.7,heavy,3103,1,1.753,
20990.0,heavy,3101,1,3.198,
20993.3,heavy,3102,0,7.040,ECONNREFUSED
20996.7,heavy,3103,0,1.322,
21000.0,heavy,3101,1,6.772,
21000.0,light-2,3103,1,5.336,
21000.0,light-1,3102,0,6.108,ECONNREFUSED
21000.0,light-4,3102,0,6.036,ECONNREFUSED
21000.0,light-5,3103,1,7.060,
21000.0,light-3,3101,1,7.407,
21003.3,heavy,3101,0,4.502,
21006.7,heavy,3102,0,3.821,ECONNREFUSED
21010.0,heavy,3103,0,1.217,
21013.3,heavy,3101,1,4.090,
21016.7,heavy,3102,0,3.420,ECONNREFUSED
21020.0,heavy,3103,1,1.089,
21023.3,heavy,3101,0,4.485,
21026.7,heavy,3102,0,3.327,ECONNREFUSED
21030.0,heavy,3103,0,0.989,
21033.3,heavy,3101,0,3.400,
21036.7,heavy,3102,1,15.925,
21040.0,heavy,3103,1,1.698,
21043.3,heavy,3101,1,2.970,
21046.7,heavy,3102,1,16.321,
21050.0,heavy,3103,1,1.477,
21053.3,heavy,3101,0,3.385,
21056.7,heavy,3102,1,3.175,
21060.0,heavy,3103,0,0.890,
21063.3,heavy,3101,0,3.042,
21066.7,heavy,3102,1,2.625,
21070.0,heavy,3103,1,2.010,
21073.3,heavy,3101,1,2.559,
21076.7,heavy,3102,1,3.005,
21080.0,heavy,3103,1,1.869,
21083.3,heavy,3101,0,4.196,
21086.7,heavy,3102,1,3.597,
21090.0,heavy,3103,0,1.111,
21093.3,heavy,3101,1,3.956,
21096.7,heavy,3102,1,2.942,
21100.0,heavy,3103,1,1.997,
21100.0,light-3,3103,1,2.016,
21100.0,light-1,3101,1,2.686,
21100.0,light-4,3101,1,4.140,
21100.0,light-2,3102,1,59.988,
21100.0,light-5,3102,1,110.283,
21103.3,heavy,3103,0,0.677,
21106.7,heavy,3101,0,4.654,
21110.0,heavy,3102,1,47.947,
21113.3,heavy,3103,1,1.739,
21116.7,heavy,3101,0,5.188,
21120.0,heavy,3102,1,49.074,
21123.3,heavy,3103,1,1.121,
21126.7,heavy,3101,1,3.281,
21130.0,heavy,3102,1,38.554,
21133.3,heavy,3103,0,1.013,
21136.7,heavy,3101,0,3.690,
21140.0,heavy,3102,1,23.508,
21143.3,heavy,3103,1,1.005,
21146.7,heavy,3101,0,4.192,
21150.0,heavy,3102,1,22.948,
21153.3,heavy,3103,1,1.400,
21156.7,heavy,3101,1,2.733,
21160.0,heavy,3102,1,11.935,
21163.3,heavy,3103,0,1.197,
21166.7,heavy,3101,0,2.901,
21170.0,heavy,3102,1,23.315,
21173.3,heavy,3103,1,1.167,
21176.7,heavy,3101,0,4.018,
21180.0,heavy,3102,1,14.274,
21183.3,heavy,3103,1,1.164,
21186.7,heavy,3101,0,3.596,
21190.0,heavy,3102,1,20.654,
21193.3,heavy,3103,1,1.215,
21196.7,heavy,3101,0,3.754,
21200.0,heavy,3102,1,13.975,
21200.0,light-5,3101,1,2.709,
21200.0,light-4,3103,1,3.999,
21200.0,light-1,3103,1,4.446,
21200.0,light-2,3101,1,4.531,
21200.0,light-3,3102,1,25.783,
21203.3,heavy,3102,1,14.188,
21206.7,heavy,3103,1,1.111,
21210.0,heavy,3101,1,3.191,
21213.3,heavy,3102,1,5.983,
21216.7,heavy,3103,0,1.140,
21220.0,heavy,3101,0,4.644,
21223.3,heavy,3102,1,3.961,
21226.7,heavy,3103,1,1.296,
21230.0,heavy,3101,1,4.218,
21233.3,heavy,3102,1,1.745,
21236.7,heavy,3103,1,1.320,
21240.0,heavy,3101,0,4.824,
21243.3,heavy,3102,1,2.083,
21246.7,heavy,3103,0,1.113,
21250.0,heavy,3101,0,3.124,
21253.3,heavy,3102,1,2.314,
21256.7,heavy,3103,1,1.619,
21260.0,heavy,3101,1,3.535,
21263.3,heavy,3102,1,1.838,
21266.7,heavy,3103,0,1.222,
21270.0,heavy,3101,1,3.237,
21273.3,heavy,3102,1,1.403,
21276.7,heavy,3103,0,1.092,
21280.0,heavy,3101,0,4.270,
21283.3,heavy,3102,1,1.655,
21286.7,heavy,3103,1,1.382,
21290.0,heavy,3101,1,5.032,
21293.3,heavy,3102,1,1.272,
21296.7,heavy,3103,1,1.673,
21300.0,heavy,3101,0,5.156,
21300.0,light-4,3103,1,2.505,
21300.0,light-5,3101,1,3.065,
21300.0,light-1,3103,1,4.469,
21300.0,light-2,3101,1,5.119,
21300.0,light-3,3102,1,8.517,
21303.3,heavy,3102,1,1.805,
21306.7,heavy,3102,1,4.209,
21310.0,heavy,3103,0,0.790,
21313.3,heavy,3101,1,3.423,
21316.7,heavy,3102,1,1.266,
21320.0,heavy,3103,0,1.365,
21323.3,heavy,3101,1,4.905,
21326.7,heavy,3102,1,2.221,
21330.0,heavy,3103,1,1.728,
21333.3,heavy,3101,0,5.411,
21336.7,heavy,3102,1,2.660,
21340.0,heavy,3103,0,1.351,
21343.3,heavy,3101,1,3.896,
21346.7,heavy,3102,1,2.438,
21350.0,heavy,3103,1,2.525,
21353.3,heavy,3101,0,3.625,
21356.7,heavy,3102,1,1.658,
21360.0,heavy,3103,1,1.665,
21363.3,heavy,3101,0,3.297,
21366.7,heavy,3102,1,1.668,
21370.0,heavy,3103,0,1.088,
21373.3,heavy,3101,1,4.498,
21376.7,heavy,3102,1,2.072,
21380.0,heavy,3103,1,1.305,
21383.3,heavy,3101,0,3.697,
21386.7,heavy,3102,1,1.232,
21390.0,heavy,3103,1,1.396,
21393.3,heavy,3101,0,3.316,
21396.7,heavy,3102,1,1.535,
21400.0,heavy,3103,0,1.510,
21400.0,light-3,3103,1,1.547,
21400.0,light-1,3101,1,1.849,
21400.0,light-4,3101,1,3.911,
21400.0,light-2,3102,1,7.756,
21400.0,light-5,3102,1,9.576,
21403.3,heavy,3103,1,0.957,
21406.7,heavy,3101,0,2.503,
21410.0,heavy,3102,1,1.149,
21413.3,heavy,3103,1,1.259,
21416.7,heavy,3101,0,7.001,
21420.0,heavy,3102,1,1.467,
21423.3,heavy,3103,1,1.237,
21426.7,heavy,3101,1,7.196,
21430.0,heavy,3102,1,2.225,
21433.3,heavy,3103,0,0.940,
21436.7,heavy,3101,0,5.095,
21440.0,heavy,3102,1,1.477,
21443.3,heavy,3103,1,1.015,
21446.7,heavy,3101,1,6.010,
21450.0,heavy,3102,1,1.837,
21453.3,heavy,3103,1,1.280,
21456.7,heavy,3101,1,10.869,
21460.0,heavy,3102,1,2.261,
21463.3,heavy,3103,1,1.661,
21466.7,heavy,3101,1,4.208,
21470.0,heavy,3102,1,1.487,
21473.3,heavy,3103,1,4.210,
21476.7,heavy,3101,1,4.575,
21480.0,heavy,3102,1,1.479,
21483.3,heavy,3103,1,4.772,
21486.7,heavy,3101,1,4.353,
21490.0,heavy,3102,1,1.744,
21493.3,heavy,3103,1,5.530,
21496.7,heavy,3101,1,6.241,
21500.0,heavy,3102,1,1.707,
21500.0,light-5,3101,1,2.973,
21500.0,light-2,3101,1,4.273,
21500.0,light-1,3103,1,4.502,
21500.0,light-4,3103,1,6.267,
21500.0,light-3,3102,1,8.253,
21503.3,heavy,3102,1,3.378,
21506.7,heavy,3103,1,3.681,
21510.0,heavy,3101,1,3.883,
21513.3,heavy,3102,1,1.854,
21516.7,heavy,3103,1,3.140,
21520.0,heavy,3101,1,3.437,
21523.3,heavy,3102,1,1.505,
21526.7,heavy,3103,1,5.989,
21530.0,heavy,3101,1,7.226,
21533.3,heavy,3102,1,4.103,
21536.7,heavy,3103,1,8.062,
21540.0,heavy,3101,1,6.391,
21543.3,heavy,3102,1,4.742,
21546.7,heavy,3103,1,3.001,
21550.0,heavy,3101,1,3.144,
21553.3,heavy,3102,1,1.130,
21556.7,heavy,3103,1,3.323,
21560.0,heavy,3101,1,3.458,
21563.3,heavy,3102,1,1.055,
21566.7,heavy,3103,1,3.584,
21570.0,heavy,3101,1,3.465,
21573.3,heavy,3102,1,1.442,
21576.7,heavy,3103,1,3.802,
21580.0,heavy,3101,1,3.861,
21583.3,heavy,3102,1,1.348,
21586.7,heavy,3103,1,8.265,
21590.0,heavy,3101,1,8.630,
21593.3,heavy,3102,1,2.174,
21596.7,heavy,3103,1,9.161,
21600.0,heavy,3101,1,9.339,
21600.0,light-2,3103,1,3.556,
21600.0,light-4,3102,1,5.326,
21600.0,light-5,3103,1,6.583,
21600.0,light-3,3101,1,6.836,
21600.0,light-1,3102,1,9.673,
21603.3,heavy,3101,1,10.845,
21606.7,heavy,3102,1,2.486,
21610.0,heavy,3103,1,3.957,
21613.3,heavy,3101,1,3.908,
21616.7,heavy,3102,1,1.368,
21620.0,heavy,3103,1,4.395,
21623.3,heavy,3101,1,3.534,
21626.7,heavy,3102,1,1.491,
21630.0,heavy,3103,1,4.282,
21633.3,heavy,3101,1,3.148,
21636.7,heavy,3102,1,1.038,
21640.0,heavy,3103,1,4.109,
21643.3,heavy,3101,1,4.264,
21646.7,heavy,3102,1,1.935,
21650.0,heavy,3103,1,3.044,
21653.3,heavy,3101,1,3.494,
21656.7,heavy,3102,1,1.529,
21660.0,heavy,3103,1,3.455,
21663.3,heavy,3101,1,3.380,
21666.7,heavy,3102,1,1.359,
21670.0,heavy,3103,1,3.654,
21673.3,heavy,3101,1,3.156,
21676.7,heavy,3102,1,1.440,
21680.0,heavy,3103,1,3.920,
21683.3,heavy,3101,1,4.120,
21686.7,heavy,3102,1,1.692,
21690.0,heavy,3103,1,4.314,
21693.3,heavy,3101,1,4.582,
21696.7,heavy,3102,1,0.923,
21700.0,heavy,3103,1,7.694,
21700.0,light-5,3101,1,3.163,
21700.0,light-1,3103,1,5.156,
21700.0,light-2,3101,1,5.247,
21700.0,light-4,3103,1,8.462,
21700.0,light-3,3102,1,8.729,
21703.3,heavy,3101,1,6.923,
21706.7,heavy,3102,1,1.698,
21710.0,heavy,3102,1,3.830,
21713.3,heavy,3103,1,6.683,
21716.7,heavy,3101,1,3.185,
21720.0,heavy,3102,1,1.356,
21723.3,heavy,3103,1,3.251,
21726.7,heavy,3101,1,4.027,
21730.0,heavy,3102,1,1.550,
21733.3,heavy,3103,1,3.915,
21736.7,heavy,3101,1,3.405,
21740.0,heavy,3102,1,1.323,
21743.3,heavy,3103,1,3.638,
21746.7,heavy,3101,1,3.222,
21750.0,heavy,3102,1,1.267,
21753.3,heavy,3103,1,3.849,
21756.7,heavy,3101,1,3.610,
21760.0,heavy,3102,1,1.329,
21763.3,heavy,3103,1,4.039,
21766.7,heavy,3101,1,3.589,
21770.0,heavy,3102,1,1.511,
21773.3,heavy,3103,1,3.179,
21776.7,heavy,3101,1,3.518,
21780.0,heavy,3102,1,1.436,
21783.3,heavy,3103,1,3.717,
21786.7,heavy,3101,1,4.067,
21790.0,heavy,3102,1,0.953,
21793.3,heavy,3103,1,8.613,
21796.7,heavy,3101,1,6.877,
21800.0,heavy,3102,1,1.644,
21800.0,light-5,3101,1,3.303,
21800.0,light-1,3103,1,5.574,
21800.0,light-2,3101,1,5.755,
21800.0,light-3,3102,1,8.408,
21800.0,light-4,3103,1,8.854,
21803.3,heavy,3102,1,3.937,
21806.7,heavy,3103,1,6.828,
21810.0,heavy,3101,1,4.081,
21813.3,heavy,3102,1,1.207,
21816.7,heavy,3103,1,3.306,
21820.0,heavy,3101,1,2.965,
21823.3,heavy,3102,1,1.341,
21826.7,heavy,3103,1,2.694,
21830.0,heavy,3101,1,3.546,
21833.3,heavy,3102,1,1.367,
21836.7,heavy,3103,1,2.986,
21840.0,heavy,3101,1,3.089,
21843.3,heavy,3102,1,1.130,
21846.7,heavy,3103,1,3.553,
21850.0,heavy,3101,1,3.092,
21853.3,heavy,3102,1,1.122,
21856.7,heavy,3103,1,3.250,
21860.0,heavy,3101,1,3.316,
21863.3,heavy,3102,1,1.389,
21866.7,heavy,3103,1,3.856,
21870.0,heavy,3101,1,4.297,
21873.3,heavy,3102,1,1.580,
21876.7,heavy,3103,1,4.351,
21880.0,heavy,3101,1,4.107,
21883.3,heavy,3102,1,1.227,
21886.7,heavy,3103,1,3.387,
21890.0,heavy,3101,1,3.905,
21893.3,heavy,3102,1,1.629,
21896.7,heavy,3103,1,3.442,
21900.0,heavy,3101,1,5.304,
21900.0,light-2,3103,1,1.484,
21900.0,light-4,3102,1,3.699,
21900.0,light-5,3103,1,4.127,
21900.0,light-3,3101,1,4.354,
21900.0,light-1,3102,1,5.670,
21903.3,heavy,3101,1,4.235,
21906.7,heavy,3102,1,1.089,
21910.0,heavy,3103,1,4.173,
21913.3,heavy,3101,1,4.393,
21916.7,heavy,3102,1,1.536,
21920.0,heavy,3103,1,4.864,
21923.3,heavy,3101,0,4.627,
21926.7,heavy,3102,0,1.213,
21930.0,heavy,3103,0,4.831,
21933.3,heavy,3101,0,3.948,
21936.7,heavy,3102,1,1.544,
21940.0,heavy,3103,0,4.313,
21943.3,heavy,3101,0,3.800,
21946.7,heavy,3102,1,1.391,
21950.0,heavy,3103,1,4.287,
21953.3,heavy,3101,0,3.411,
21956.7,heavy,3102,0,1.511,
21960.0,heavy,3103,0,4.976,
21963.3,heavy,3101,0,3.977,
21966.7,heavy,3102,1,1.429,
21970.0,heavy,3103,0,4.069,
21973.3,heavy,3101,0,2.985,
21976.7,heavy,3102,1,1.618,
21980.0,heavy,3103,1,3.351,
21983.3,heavy,3101,0,3.526,
21986.7,heavy,3102,0,1.232,
21990.0,heavy,3103,1,7.157,
21993.3,heavy,3101,0,7.449,
21996.7,heavy,3102,1,1.836,
22000.0,heavy,3103,0,8.101,
22000.0,light-1,3101,1,3.234,
22000.0,light-3,3103,1,4.037,
22000.0,light-2,3102,1,9.126,
22000.0,light-4,3101,1,9.685,
22000.0,light-5,3102,1,11.287,
22003.3,heavy,3103,0,7.860,
22006.7,heavy,3101,0,7.021,
22010.0,heavy,3102,0,3.940,
22013.3,heavy,3103,1,4.327,
22016.7,heavy,3101,0,4.236,
22020.0,heavy,3102,0,1.769,
22023.3,heavy,3103,1,4.023,
22026.7,heavy,3101,0,4.655,
22030.0,heavy,3102,0,1.929,
22033.3,heavy,3103,1,5.392,
22036.7,heavy,3101,0,4.319,
22040.0,heavy,3102,0,1.749,
22043.3,heavy,3103,1,4.713,
22046.7,heavy,3101,0,4.540,
22050.0,heavy,3102,0,1.015,
22053.3,heavy,3103,0,4.613,
22056.7,heavy,3101,0,3.757,
22060.0,heavy,3102,1,1.469,
22063.3,heavy,3103,0,2.972,
22066.7,heavy,3101,1,3.195,
22070.0,heavy,3102,0,1.020,
22073.3,heavy,3103,1,3.577,
22076.7,heavy,3101,0,4.097,
22080.0,heavy,3102,0,1.155,
22083.3,heavy,3103,1,4.175,
22086.7,heavy,3101,0,4.479,
22090.0,heavy,3102,1,1.886,
22093.3,heavy,3103,0,4.825,
22096.7,heavy,3101,0,3.655,
22100.0,heavy,3102,0,1.215,
22100.0,light-5,3101,1,2.121,
22100.0,light-1,3103,1,3.828,
22100.0,light-2,3101,1,4.167,
22100.0,light-4,3103,1,4.912,
22100.0,light-3,3102,1,5.565,
22103.3,heavy,3102,0,1.782,
22106.7,heavy,3103,1,2.966,
22110.0,heavy,3101,0,3.519,
22113.3,heavy,3102,0,1.368,
22116.7,heavy,3103,1,3.344,
22120.0,heavy,3101,0,3.463,
22123.3,heavy,3102,1,1.538,
22126.7,heavy,3103,0,3.698,
22130.0,heavy,3101,0,3.189,
22133.3,heavy,3102,0,1.481,
22136.7,heavy,3103,1,3.845,
22140.0,heavy,3101,0,3.995,
22143.3,heavy,3102,0,0.894,
22146.7,heavy,3103,1,5.699,
22150.0,heavy,3101,0,4.816,
22153.3,heavy,3102,1,1.572,
22156.7,heavy,3103,0,5.196,
22160.0,heavy,3101,0,3.299,
22163.3,heavy,3102,0,1.007,
22166.7,heavy,3103,0,4.692,
22170.0,heavy,3101,1,3.772,
22173.3,heavy,3102,1,1.240,
22176.7,heavy,3103,0,3.707,
22180.0,heavy,3101,0,3.328,
22183.3,heavy,3102,0,1.672,
22186.7,heavy,3103,1,3.792,
22190.0,heavy,3101,0,2.970,
22193.3,heavy,3102,0,1.011,
22196.7,heavy,3103,1,5.947,
22200.0,heavy,3101,0,5.137,
22200.0,light-5,3101,1,3.358,
22200.0,light-2,3101,1,5.732,
22200.0,light-3,3102,1,6.040,
22200.0,light-1,3103,1,6.575,
22200.0,light-4,3103,1,7.520,
22203.3,heavy,3102,1,1.556,
22206.7,heavy,3102,0,1.277,
22210.0,heavy,3103,0,4.064,
22213.3,heavy,3101,0,3.481,
22216.7,heavy,3102,1,1.158,
22220.0,heavy,3103,1,4.678,
22223.3,heavy,3101,0,3.939,
22226.7,heavy,3102,1,1.273,
22230.0,heavy,3103,0,4.703,
22233.3,heavy,3101,0,4.499,
22236.7,heavy,3102,0,1.148,
22240.0,heavy,3103,0,4.257,
22243.3,heavy,3101,0,4.619,
22246.7,heavy,3102,1,1.633,
22250.0,heavy,3103,0,4.946,
22253.3,heavy,3101,0,3.296,
22256.7,heavy,3102,1,1.416,
22260.0,heavy,3103,1,3.720,
22263.3,heavy,3101,0,4.036,
22266.7,heavy,3102,0,1.106,
22270.0,heavy,3103,0,3.444,
22273.3,heavy,3101,0,3.351,
22276.7,heavy,3102,1,1.488,
22280.0,heavy,3103,0,3.818,
22283.3,heavy,3101,1,4.904,
22286.7,heavy,3102,0,1.415,
22290.0,heavy,3103,0,3.211,
22293.3,heavy,3101,0,4.127,
22296.7,heavy,3102,1,1.302,
22300.0,heavy,3103,1,7.797,
22300.0,light-1,3101,1,2.676,
22300.0,light-3,3103,1,3.724,
22300.0,light-4,3101,1,8.606,
22300.0,light-2,3102,1,9.429,
22300.0,light-5,3102,1,11.694,
22303.3,heavy,3101,0,8.095,
22306.7,heavy,3102,1,2.477,
22310.0,heavy,3103,0,9.014,
22313.3,heavy,3103,0,8.589,
22316.7,heavy,3101,0,7.428,
22320.0,heavy,3102,0,5.197,
22323.3,heavy,3103,1,4.284,
22326.7,heavy,3101,0,3.464,
22330.0,heavy,3102,0,1.191,
22333.3,heavy,3103,0,3.584,
22336.7,heavy,3101,0,3.879,
22340.0,heavy,3102,1,1.430,
22343.3,heavy,3103,0,3.548,
22346.7,heavy,3101,1,2.764,
22350.0,heavy,3102,1,1.303,
22353.3,heavy,3103,0,3.243,
22356.7,heavy,3101,0,3.442,
22360.0,heavy,3102,0,1.011,
22363.3,heavy,3103,1,4.318,
22366.7,heavy,3101,0,4.573,
22370.0,heavy,3102,1,1.733,
22373.3,heavy,3103,0,4.955,
22376.7,heavy,3101,0,3.463,
22380.0,heavy,3102,0,1.143,
22383.3,heavy,3103,0,3.930,
22386.7,heavy,3101,0,4.426,
22390.0,heavy,3102,1,1.397,
22393.3,heavy,3103,0,3.213,
22396.7,heavy,3101,1,3.575,
22400.0,heavy,3102,0,1.488,
22400.0,light-5,3101,1,2.641,
22400.0,light-1,3103,1,4.457,
22400.0,light-2,3101,1,4.511,
22400.0,light-4,3103,1,5.470,
22400.0,light-3,3102,1,6.125,
22403.3,heavy,3102,0,1.373,
22406.7,heavy,3103,1,3.064,
22410.0,heavy,3101,0,4.138,
22413.3,heavy,3102,0,1.459,
22416.7,heavy,3103,1,3.688,
22420.0,heavy,3101,0,3.988,
22423.3,heavy,3102,0,1.244,
22426.7,heavy,3103,1,4.858,
22430.0,heavy,3101,0,4.000,
22433.3,heavy,3102,1,1.721,
22436.7,heavy,3103,0,4.902,
22440.0,heavy,3101,0,3.151,
22443.3,heavy,3102,0,1.313,
22446.7,heavy,3103,1,3.931,
22450.0,heavy,3101,0,4.541,
22453.3,heavy,3102,1,1.444,
22456.7,heavy,3103,0,3.149,
22460.0,heavy,3101,0,2.810,
22463.3,heavy,3102,1,1.535,
22466.7,heavy,3103,0,3.468,
22470.0,heavy,3101,0,3.356,
22473.3,heavy,3102,0,1.108,
22476.7,heavy,3103,1,4.122,
22480.0,heavy,3101,0,3.318,
22483.3,heavy,3102,1,1.359,
22486.7,heavy,3103,0,2.434,
22490.0,heavy,3101,0,6.379,
22493.3,heavy,3102,1,1.555,
22496.7,heavy,3103,0,3.072,
22500.0,heavy,3101,0,7.643,
22500.0,light-2,3103,1,1.825,
22500.0,light-4,3102,1,2.878,
22500.0,light-1,3102,1,5.995,
22500.0,light-5,3103,1,6.326,
22500.0,light-3,3101,1,9.173,
22503.3,heavy,3101,0,6.973,
22506.7,heavy,3102,1,0.969,
22510.0,heavy,3103,0,2.849,
22513.3,heavy,3101,1,4.115,
22516.7,heavy,3102,0,1.271,
22520.0,heavy,3103,1,3.913,
22523.3,heavy,3101,0,4.338,
22526.7,heavy,3102,0,1.169,
22530.0,heavy,3103,0,2.836,
22533.3,heavy,3101,0,3.718,
22536.7,heavy,3102,1,1.228,
22540.0,heavy,3103,0,2.684,
22543.3,heavy,3101,0,3.711,
22546.7,heavy,3102,1,1.547,
22550.0,heavy,3103,0,4.584,
22553.3,heavy,3101,1,3.294,
22556.7,heavy,3102,0,1.349,
22560.0,heavy,3103,0,3.446,
22563.3,heavy,3101,0,3.178,
22566.7,heavy,3102,1,2.049,
22570.0,heavy,3103,0,3.790,
22573.3,heavy,3101,0,3.795,
22576.7,heavy,3102,1,1.422,
22580.0,heavy,3103,0,4.146,
22583.3,heavy,3101,0,3.123,
22586.7,heavy,3102,1,1.393,
22590.0,heavy,3103,0,2.742,
22593.3,heavy,3101,0,2.992,
22596.7,heavy,3102,1,1.450,
22600.0,heavy,3103,1,7.030,
22600.0,light-1,3101,1,2.254,
22600.0,light-3,3103,1,3.153,
22600.0,light-4,3101,1,7.329,
22600.0,light-2,3102,1,8.627,
22600.0,light-5,3102,1,9.750,
22603.3,heavy,3101,0,6.981,
22606.7,heavy,3102,1,1.666,
22610.0,heavy,3103,0,7.333,
22613.3,heavy,3103,0,7.598,
22616.7,heavy,3101,0,4.763,
22620.0,heavy,3102,0,2.630,
22623.3,heavy,3103,1,3.621,
22626.7,heavy,3101,0,4.314,
22630.0,heavy,3102,1,1.798,
22633.3,heavy,3103,0,3.962,
22636.7,heavy,3101,0,2.801,
22640.0,heavy,3102,0,1.064,
22643.3,heavy,3103,0,3.024,
22646.7,heavy,3101,1,6.362,
22650.0,heavy,3102,1,1.287,
22653.3,heavy,3103,0,2.800,
22656.7,heavy,3101,0,3.013,
22660.0,heavy,3102,0,1.070,
22663.3,heavy,3103,1,3.769,
22666.7,heavy,3101,0,4.129,
22670.0,heavy,3102,1,1.420,
22673.3,heavy,3103,0,4.197,
22676.7,heavy,3101,0,4.475,
22680.0,heavy,3102,0,1.214,
22683.3,heavy,3103,0,4.240,
22686.7,heavy,3101,0,3.757,
22690.0,heavy,3102,1,1.375,
22693.3,heavy,3103,0,3.126,
22696.7,heavy,3101,1,3.170,
22700.0,heavy,3102,0,1.894,
22700.0,light-5,3101,1,2.776,
22700.0,light-2,3101,1,4.868,
22700.0,light-1,3103,1,5.168,
22700.0,light-4,3103,1,6.314,
22700.0,light-3,3102,1,6.875,
22703.3,heavy,3102,0,1.261,
22706.7,heavy,3103,1,3.502,
22710.0,heavy,3101,0,3.385,
22713.3,heavy,3102,0,1.067,
22716.7,heavy,3103,0,4.473,
22720.0,heavy,3101,1,3.500,
22723.3,heavy,3102,1,1.452,
22726.7,heavy,3103,0,3.744,
22730.0,heavy,3101,0,3.793,
22733.3,heavy,3102,0,1.370,
22736.7,heavy,3103,1,3.676,
22740.0,heavy,3101,0,3.710,
22743.3,heavy,3102,1,1.459,
22746.7,heavy,3103,0,3.407,
22750.0,heavy,3101,0,3.692,
22753.3,heavy,3102,0,1.567,
22756.7,heavy,3103,1,3.973,
22760.0,heavy,3101,0,4.013,
22763.3,heavy,3102,1,1.996,
22766.7,heavy,3103,0,4.383,
22770.0,heavy,3101,0,4.529,
22773.3,heavy,3102,0,1.984,
22776.7,heavy,3103,1,3.775,
22780.0,heavy,3101,0,4.005,
22783.3,heavy,3102,1,1.698,
22786.7,heavy,3103,0,3.395,
22790.0,heavy,3101,0,3.792,
22793.3,heavy,3102,1,1.124,
22796.7,heavy,3103,0,5.886,
22800.0,heavy,3101,0,6.189,
22800.0,light-2,3103,1,2.400,
22800.0,light-4,3102,1,3.326,
22800.0,light-5,3103,1,4.405,
22800.0,light-3,3101,1,4.604,
22800.0,light-1,3102,1,5.980,
22803.3,heavy,3101,1,4.608,
22806.7,heavy,3102,0,1.178,
22810.0,heavy,3103,0,4.325,
22813.3,heavy,3101,1,3.595,
22816.7,heavy,3102,0,1.189,
22820.0,heavy,3103,0,2.916,
22823.3,heavy,3101,0,3.732,
22826.7,heavy,3102,1,1.611,
22830.0,heavy,3103,0,3.995,
22833.3,heavy,3101,0,3.687,
22836.7,heavy,3102,1,1.422,
22840.0,heavy,3103,0,4.687,
22843.3,heavy,3101,1,3.853,
22846.7,heavy,3102,0,1.221,
22850.0,heavy,3103,0,3.405,
22853.3,heavy,3101,1,3.608,
22856.7,heavy,3102,0,1.460,
22860.0,heavy,3103,0,3.106,
22863.3,heavy,3101,0,3.644,
22866.7,heavy,3102,1,1.999,
22870.0,heavy,3103,0,3.969,
22873.3,heavy,3101,0,3.439,
22876.7,heavy,3102,1,1.262,
22880.0,heavy,3103,0,4.116,
22883.3,heavy,3101,0,4.016,
22886.7,heavy,3102,1,1.368,
22890.0,heavy,3103,0,4.631,
22893.3,heavy,3101,1,4.022,
22896.7,heavy,3102,0,1.169,
22900.0,heavy,3103,0,6.781,
22900.0,light-5,3101,1,3.675,
22900.0,light-2,3101,1,5.856,
22900.0,light-1,3103,1,6.940,
22900.0,light-3,3102,1,7.859,
22900.0,light-4,3103,1,8.465,
22903.3,heavy,3101,0,5.010,
22906.7,heavy,3102,1,1.721,
22910.0,heavy,3102,0,2.754,
22913.3,heavy,3103,1,4.848,
22916.7,heavy,3101,0,3.145,
22920.0,heavy,3102,0,1.721,
22923.3,heavy,3103,0,3.783,
22926.7,heavy,3101,1,3.689,
22930.0,heavy,3102,0,1.218,
22933.3,heavy,3103,1,3.744,
22936.7,heavy,3101,0,4.035,
22940.0,heavy,3102,0,1.135,
22943.3,heavy,3103,0,3.292,
22946.7,heavy,3101,1,3.046,
22950.0,heavy,3102,0,1.252,
22953.3,heavy,3103,1,3.067,
22956.7,heavy,3101,0,3.400,
22960.0,heavy,3102,0,1.034,
22963.3,heavy,3103,1,3.431,
22966.7,heavy,3101,0,3.795,
22970.0,heavy,3102,0,1.383,
22973.3,heavy,3103,1,3.190,
22976.7,heavy,3101,0,2.892,
22980.0,heavy,3102,0,1.053,
22983.3,heavy,3103,1,3.543,
22986.7,heavy,3101,0,3.615,
22990.0,heavy,3102,0,1.148,
22993.3,heavy,3103,0,3.336,
22996.7,heavy,3101,1,3.256,
23000.0,heavy,3102,0,2.272,
23000.0,light-5,3101,1,2.537,
23000.0,light-1,3103,1,4.288,
23000.0,light-2,3101,1,4.718,
23000.0,light-4,3103,1,5.742,
23000.0,light-3,3102,1,6.413,
23003.3,heavy,3102,0,1.224,
23006.7,heavy,3103,0,4.481,
23010.0,heavy,3101,1,3.410,
23013.3,heavy,3102,1,1.492,
23016.7,heavy,3103,0,5.060,
23020.0,heavy,3101,0,3.202,
23023.3,heavy,3102,0,1.138,
23026.7,heavy,3103,1,3.501,
23030.0,heavy,3101,0,3.856,
23033.3,heavy,3102,0,1.225,
23036.7,heavy,3103,1,4.231,
23040.0,heavy,3101,0,3.331,
23043.3,heavy,3102,1,1.072,
23046.7,heavy,3103,0,4.363,
23050.0,heavy,3101,0,3.807,
23053.3,heavy,3102,0,0.953,
23056.7,heavy,3103,1,4.327,
23060.0,heavy,3101,0,3.385,
23063.3,heavy,3102,1,2.355,
23066.7,heavy,3103,0,3.050,
23070.0,heavy,3101,0,2.766,
23073.3,heavy,3102,1,1.532,
23076.7,heavy,3103,0,3.558,
23080.0,heavy,3101,0,3.546,
23083.3,heavy,3102,0,1.230,
23086.7,heavy,3103,1,3.375,
23090.0,heavy,3101,0,3.693,
23093.3,heavy,3102,1,1.161,
23096.7,heavy,3103,0,3.198,
23100.0,heavy,3101,0,7.005,
23100.0,light-2,3103,1,1.589,
23100.0,light-4,3102,1,3.222,
23100.0,light-1,3102,1,6.999,
23100.0,light-5,3103,1,6.921,
23100.0,light-3,3101,1,7.438,
23103.3,heavy,3101,1,5.979,
23106.7,heavy,3102,0,0.919,
23110.0,heavy,3103,1,4.104,
23113.3,heavy,3101,0,4.403,
23116.7,heavy,3102,1,1.282,
23120.0,heavy,3103,0,4.477,
23123.3,heavy,3101,0,4.551,
23126.7,heavy,3102,0,1.354,
23130.0,heavy,3103,0,3.166,
23133.3,heavy,3101,0,3.329,
23136.7,heavy,3102,1,1.443,
23140.0,heavy,3103,0,3.489,
23143.3,heavy,3101,0,2.847,
23146.7,heavy,3102,1,1.059,
23150.0,heavy,3103,0,4.643,
23153.3,heavy,3101,1,3.551,
23156.7,heavy,3102,0,1.186,
23160.0,heavy,3103,0,3.388,
23163.3,heavy,3101,1,3.838,
23166.7,heavy,3102,0,0.991,
23170.0,heavy,3103,0,3.799,
23173.3,heavy,3101,1,3.866,
23176.7,heavy,3102,0,1.728,
23180.0,heavy,3103,0,4.596,
23183.3,heavy,3101,1,3.899,
23186.7,heavy,3102,0,1.351,
23190.0,heavy,3103,0,5.060,
23193.3,heavy,3101,1,4.202,
23196.7,heavy,3102,0,1.683,
23200.0,heavy,3103,1,8.022,
23200.0,light-1,3101,1,1.791,
23200.0,light-3,3103,1,3.429,
23200.0,light-4,3101,1,8.275,
23200.0,light-2,3102,1,8.524,
23200.0,light-5,3102,1,9.155,
23203.3,heavy,3103,0,5.476,
23206.7,heavy,3101,0,4.029,
23210.0,heavy,3102,0,1.647,
23213.3,heavy,3103,0,7.326,
23216.7,heavy,3101,0,5.318,
23220.0,heavy,3102,1,2.297,
23223.3,heavy,3103,1,3.470,
23226.7,heavy,3101,0,3.251,
23230.0,heavy,3102,0,1.258,
23233.3,heavy,3103,1,4.226,
23236.7,heavy,3101,0,7.410,
23240.0,heavy,3102,1,1.629,
23243.3,heavy,3103,0,5.272,
23246.7,heavy,3101,0,8.651,
23250.0,heavy,3102,0,1.413,
23253.3,heavy,3103,1,4.148,
23256.7,heavy,3101,0,3.551,
23260.0,heavy,3102,0,1.199,
23263.3,heavy,3103,0,3.635,
23266.7,heavy,3101,1,4.196,
23270.0,heavy,3102,0,1.302,
23273.3,heavy,3103,1,3.632,
23276.7,heavy,3101,0,3.921,
23280.0,heavy,3102,0,1.105,
23283.3,heavy,3103,1,5.186,
23286.7,heavy,3101,0,3.970,
23290.0,heavy,3102,1,1.459,
23293.3,heavy,3103,0,6.305,
23296.7,heavy,3101,0,5.448,
23300.0,heavy,3102,0,1.987,
23300.0,light-5,3101,1,4.371,
23300.0,light-2,3101,1,12.294,
23300.0,light-1,3103,1,12.903,
23300.0,light-3,3102,1,12.737,
23300.0,light-4,3103,1,14.188,
23303.3,heavy,3102,0,1.027,
23306.7,heavy,3103,1,6.078,
23310.0,heavy,3101,0,2.712,
23313.3,heavy,3102,0,0.903,
23316.7,heavy,3103,1,4.301,
23320.0,heavy,3101,0,3.560,
23323.3,heavy,3102,1,1.533,
23326.7,heavy,3103,0,3.432,
23330.0,heavy,3101,0,2.665,
23333.3,heavy,3102,1,1.410,
23336.7,heavy,3103,0,3.212,
23340.0,heavy,3101,0,3.665,
23343.3,heavy,3102,0,1.002,
23346.7,heavy,3103,1,4.513,
23350.0,heavy,3101,0,3.496,
23353.3,heavy,3102,1,1.324,
23356.7,heavy,3103,0,5.163,
23360.0,heavy,3101,0,3.252,
23363.3,heavy,3102,0,1.020,
23366.7,heavy,3103,1,3.634,
23370.0,heavy,3101,0,4.049,
23373.3,heavy,3102,1,1.089,
23376.7,heavy,3103,0,2.720,
23380.0,heavy,3101,0,3.432,
23383.3,heavy,3102,1,1.264,
23386.7,heavy,3103,0,3.787,
23390.0,heavy,3101,0,2.976,
23393.3,heavy,3102,0,1.263,
23396.7,heavy,3103,1,5.212,
23400.0,heavy,3101,1,6.120,
23400.0,light-2,3103,1,2.638,
23400.0,light-4,3102,1,3.132,
23400.0,light-1,3102,1,6.297,
23400.0,light-5,3103,1,6.252,
23400.0,light-3,3101,1,6.464,
23403.3,heavy,3101,0,6.570,
23406.7,heavy,3102,0,1.960,
23410.0,heavy,3103,0,3.175,
23413.3,heavy,3101,0,3.226,
23416.7,heavy,3102,1,1.349,
23420.0,heavy,3103,0,4.735,
23423.3,heavy,3101,1,4.035,
23426.7,heavy,3102,1,1.661,
23430.0,heavy,3103,0,5.016,
23433.3,heavy,3101,0,4.579,
23436.7,heavy,3102,0,0.905,
23440.0,heavy,3103,0,4.301,
23443.3,heavy,3101,0,3.461,
23446.7,heavy,3102,1,1.249,
23450.0,heavy,3103,0,3.668,
23453.3,heavy,3101,1,3.356,
23456.7,heavy,3102,0,1.131,
23460.0,heavy,3103,0,3.391,
23463.3,heavy,3101,1,4.196,
23466.7,heavy,3102,0,1.194,
23470.0,heavy,3103,0,4.538,
23473.3,heavy,3101,0,3.707,
23476.7,heavy,3102,1,2.120,
23480.0,heavy,3103,0,3.810,
23483.3,heavy,3101,0,3.088,
23486.7,heavy,3102,1,2.283,
23490.0,heavy,3103,0,4.726,
23493.3,heavy,3101,1,4.163,
23496.7,heavy,3102,0,2.032,
23500.0,heavy,3103,0,8.410,
23500.0,light-1,3101,1,2.546,
23500.0,light-3,3103,1,3.293,
23500.0,light-4,3101,1,11.154,
23500.0,light-2,3102,1,11.377,
23500.0,light-5,3102,1,11.964,
23503.3,heavy,3101,0,6.170,
23506.7,heavy,3102,1,1.559,
23510.0,heavy,3103,0,10.635,
23513.3,heavy,3103,1,10.361,
23516.7,heavy,3101,0,7.878,
23520.0,heavy,3102,0,2.649,
23523.3,heavy,3103,0,2.523,
23526.7,heavy,3101,0,4.729,
23530.0,heavy,3102,1,1.938,
23533.3,heavy,3103,0,4.694,
23536.7,heavy,3101,0,6.045,
23540.0,heavy,3102,1,2.334,
23543.3,heavy,3103,0,3.623,
23546.7,heavy,3101,1,3.825,
23550.0,heavy,3102,0,1.102,
23553.3,heavy,3103,1,2.663,
23556.7,heavy,3101,0,2.854,
23560.0,heavy,3102,0,0.746,
23563.3,heavy,3103,0,3.095,
23566.7,heavy,3101,0,14.911,
23570.0,heavy,3102,1,1.947,
23573.3,heavy,3103,1,3.113,
23576.7,heavy,3101,1,11.069,
23580.0,heavy,3102,0,1.480,
23583.3,heavy,3103,0,3.264,
23586.7,heavy,3101,0,3.645,
23590.0,heavy,3102,0,0.862,
23593.3,heavy,3103,1,5.337,
23596.7,heavy,3101,0,4.597,
23600.0,heavy,3102,1,1.316,
23600.0,light-5,3101,1,3.085,
23600.0,light-3,3102,1,5.053,
23600.0,light-2,3101,1,5.223,
23600.0,light-1,3103,1,5.387,
23600.0,light-4,3103,1,6.252,
23603.3,heavy,3102,0,2.250,
23606.7,heavy,3103,0,4.004,
23610.0,heavy,3101,0,2.580,
23613.3,heavy,3102,0,1.057,
23616.7,heavy,3103,1,2.909,
23620.0,heavy,3101,0,2.622,
23623.3,heavy,3102,0,0.998,
23626.7,heavy,3103,1,5.591,
23630.0,heavy,3101,0,4.086,
23633.3,heavy,3102,1,1.435,
23636.7,heavy,3103,0,4.018,
23640.0,heavy,3101,0,2.804,
23643.3,heavy,3102,0,1.064,
23646.7,heavy,3103,1,3.014,
23650.0,heavy,3101,0,2.480,
23653.3,heavy,3102,0,0.941,
23656.7,heavy,3103,1,4.227,
23660.0,heavy,3101,0,4.575,
23663.3,heavy,3102,1,1.073,
23666.7,heavy,3103,0,2.438,
23670.0,heavy,3101,0,2.429,
23673.3,heavy,3102,0,0.853,
23676.7,heavy,3103,0,3.554,
23680.0,heavy,3101,1,2.915,
23683.3,heavy,3102,0,1.057,
23686.7,heavy,3103,1,3.787,
23690.0,heavy,3101,0,3.212,
23693.3,heavy,3102,1,1.358,
23696.7,heavy,3103,0,3.074,
23700.0,heavy,3101,0,4.862,
23700.0,light-2,3103,1,1.531,
23700.0,light-4,3102,1,2.756,
23700.0,light-1,3102,1,5.377,
23700.0,light-5,3103,1,5.370,
23700.0,light-3,3101,1,5.595,
23703.3,heavy,3101,1,3.298,
23706.7,heavy,3102,0,0.939,
23710.0,heavy,3103,0,2.406,
23713.3,heavy,3101,0,3.754,
23716.7,heavy,3102,1,1.121,
23720.0,heavy,3103,0,2.641,
23723.3,heavy,3101,0,4.181,
23726.7,heavy,3102,1,0.932,
23730.0,heavy,3103,0,3.753,
23733.3,heavy,3101,0,3.098,
23736.7,heavy,3102,1,1.184,
23740.0,heavy,3103,0,4.016,
23743.3,heavy,3101,1,2.473,
23746.7,heavy,3102,0,0.936,
23750.0,heavy,3103,0,4.279,
23753.3,heavy,3101,0,4.557,
23756.7,heavy,3102,1,0.976,
23760.0,heavy,3103,0,2.956,
23763.3,heavy,3101,1,3.248,
23766.7,heavy,3102,0,1.069,
23770.0,heavy,3103,0,3.921,
23773.3,heavy,3101,1,4.575,
23776.7,heavy,3102,0,1.329,
23780.0,heavy,3103,0,3.943,
23783.3,heavy,3101,0,3.471,
23786.7,heavy,3102,1,1.131,
23790.0,heavy,3103,0,3.115,
23793.3,heavy,3101,0,3.427,
23796.7,heavy,3102,1,1.475,
23800.0,heavy,3103,1,5.048,
23800.0,light-2,3103,1,2.648,
23800.0,light-4,3102,1,3.178,
23800.0,light-1,3102,1,4.965,
23800.0,light-5,3103,1,5.558,
23800.0,light-3,3101,1,5.866,
23803.3,heavy,3101,0,6.830,
23806.7,heavy,3101,0,17.963,
23810.0,heavy,3102,0,1.030,
23813.3,heavy,3103,0,3.641,
23816.7,heavy,3101,1,7.844,
23820.0,heavy,3102,1,1.392,
23823.3,heavy,3103,0,3.239,
23826.7,heavy,3101,0,3.944,
23830.0,heavy,3102,0,1.207,
23833.3,heavy,3103,1,3.969,
23836.7,heavy,3101,0,3.930,
23840.0,heavy,3102,0,0.933,
23843.3,heavy,3103,0,4.364,
23846.7,heavy,3101,0,3.764,
23850.0,heavy,3102,1,1.411,
23853.3,heavy,3103,0,4.102,
23856.7,heavy,3101,1,3.431,
23860.0,heavy,3102,0,1.193,
23863.3,heavy,3103,1,4.075,
23866.7,heavy,3101,0,4.364,
23870.0,heavy,3102,0,0.959,
23873.3,heavy,3103,0,4.766,
23876.7,heavy,3101,0,3.588,
23880.0,heavy,3102,1,1.348,
23883.3,heavy,3103,0,3.723,
23886.7,heavy,3101,1,2.962,
23890.0,heavy,3102,1,1.534,
23893.3,heavy,3103,0,3.274,
23896.7,heavy,3101,0,4.680,
23900.0,heavy,3102,0,1.651,
23900.0,light-5,3101,1,2.506,
23900.0,light-2,3101,1,4.571,
23900.0,light-1,3103,1,5.244,
23900.0,light-3,3102,1,5.303,
23900.0,light-4,3103,1,5.797,
23903.3,heavy,3102,0,1.671,
23906.7,heavy,3103,1,3.034,
23910.0,heavy,3101,0,3.241,
23913.3,heavy,3102,0,0.973,
23916.7,heavy,3103,0,4.382,
23920.0,heavy,3101,1,3.874,
23923.3,heavy,3102,1,1.378,
23926.7,heavy,3103,0,4.880,
23930.0,heavy,3101,0,3.203,
23933.3,heavy,3102,0,1.132,
23936.7,heavy,3103,0,3.825,
23940.0,heavy,3101,0,2.929,
23943.3,heavy,3102,1,1.317,
23946.7,heavy,3103,1,2.695,
23950.0,heavy,3101,0,3.949,
23953.3,heavy,3102,1,1.255,
23956.7,heavy,3103,0,3.392,
23960.0,heavy,3101,0,3.621,
23963.3,heavy,3102,1,1.752,
23966.7,heavy,3103,0,3.049,
23970.0,heavy,3101,1,3.544,
23973.3,heavy,3102,0,1.625,
23976.7,heavy,3103,0,3.310,
23980.0,heavy,3101,0,3.991,
23983.3,heavy,3102,0,1.108,
23986.7,heavy,3103,0,4.397,
23990.0,heavy,3101,1,3.307,
23993.3,heavy,3102,0,1.225,
23996.7,heavy,3103,0,7.516,
24000.0,heavy,3101,0,5.396,
24000.0,light-5,3101,1,3.798,
24000.0,light-3,3102,1,6.711,
24000.0,light-2,3101,1,6.938,
24000.0,light-4,3103,1,8.735,
24000.0,light-1,3103,1,13.907,
24003.3,heavy,3102,1,1.448,
24006.7,heavy,3102,1,2.360,
24010.0,heavy,3103,0,7.326,
24013.3,heavy,3101,1,4.297,
24016.7,heavy,3102,0,1.061,
24020.0,heavy,3103,0,4.473,
24023.3,heavy,3101,0,3.656,
24026.7,heavy,3102,1,1.397,
24030.0,heavy,3103,0,4.471,
24033.3,heavy,3101,0,4.098,
24036.7,heavy,3102,1,1.105,
24040.0,heavy,3103,0,3.395,
24043.3,heavy,3101,0,2.645,
24046.7,heavy,3102,1,1.372,
24050.0,heavy,3103,0,3.042,
24053.3,heavy,3101,1,3.139,
24056.7,heavy,3102,0,1.116,
24060.0,heavy,3103,0,6.836,
24063.3,heavy,3101,0,5.750,
24066.7,heavy,3102,1,3.886,
24070.0,heavy,3103,0,3.032,
24073.3,heavy,3101,0,2.862,
24076.7,heavy,3102,1,1.473,
24080.0,heavy,3103,0,3.076,
24083.3,heavy,3101,1,2.719,
24086.7,heavy,3102,0,0.988,
24090.0,heavy,3103,0,4.665,
24093.3,heavy,3101,0,3.058,
24096.7,heavy,3102,1,1.507,
24100.0,heavy,3103,0,6.181,
24100.0,light-1,3101,1,1.407,
24100.0,light-3,3103,1,3.213,
24100.0,light-4,3101,1,6.498,
24100.0,light-2,3102,1,6.731,
24100.0,light-5,3102,1,8.986,
24103.3,heavy,3103,1,7.182,
24106.7,heavy,3101,0,4.806,
24110.0,heavy,3102,0,0.881,
24113.3,heavy,3103,1,3.721,
24116.7,heavy,3101,0,3.159,
24120.0,heavy,3102,1,1.196,
24123.3,heavy,3103,0,4.582,
24126.7,heavy,3101,0,3.579,
24130.0,heavy,3102,0,1.364,
24133.3,heavy,3103,0,3.414,
24136.7,heavy,3101,1,3.246,
24140.0,heavy,3102,0,1.014,
24143.3,heavy,3103,0,3.131,
24146.7,heavy,3101,1,3.185,
24150.0,heavy,3102,0,1.219,
24153.3,heavy,3103,0,2.887,
24156.7,heavy,3101,0,2.818,
24160.0,heavy,3102,1,0.980,
24163.3,heavy,3103,0,4.003,
24166.7,heavy,3101,1,3.119,
24170.0,heavy,3102,1,1.357,
24173.3,heavy,3103,0,4.744,
24176.7,heavy,3101,0,3.028,
24180.0,heavy,3102,0,0.867,
24183.3,heavy,3103,0,3.798,
24186.7,heavy,3101,1,2.943,
24190.0,heavy,3102,0,1.075,
24193.3,heavy,3103,0,2.843,
24196.7,heavy,3101,1,2.900,
24200.0,heavy,3102,0,1.746,
24200.0,light-5,3101,1,2.576,
24200.0,light-2,3101,1,4.791,
24200.0,light-1,3103,1,5.385,
24200.0,light-3,3102,1,5.452,
24200.0,light-4,3103,1,5.627,
24203.3,heavy,3102,0,1.034,
24206.7,heavy,3103,1,4.668,
24210.0,heavy,3101,0,3.759,
24213.3,heavy,3102,1,1.423,
24216.7,heavy,3103,0,4.641,
24220.0,heavy,3101,0,4.525,
24223.3,heavy,3102,0,0.978,
24226.7,heavy,3103,1,4.645,
24230.0,heavy,3101,0,3.279,
24233.3,heavy,3102,1,1.275,
24236.7,heavy,3103,0,4.074,
24240.0,heavy,3101,0,3.318,
24243.3,heavy,3102,0,1.310,
24246.7,heavy,3103,1,3.469,
24250.0,heavy,3101,0,3.671,
24253.3,heavy,3102,0,1.208,
24256.7,heavy,3103,1,4.705,
24260.0,heavy,3101,0,3.938,
24263.3,heavy,3102,1,1.358,
24266.7,heavy,3103,0,4.416,
24270.0,heavy,3101,0,2.777,
24273.3,heavy,3102,0,0.956,
24276.7,heavy,3103,1,3.527,
24280.0,heavy,3101,0,3.676,
24283.3,heavy,3102,0,0.702,
24286.7,heavy,3103,1,4.786,
24290.0,heavy,3101,0,3.489,
24293.3,heavy,3102,1,1.259,
24296.7,heavy,3103,0,4.543,
24300.0,heavy,3101,0,4.653,
24300.0,light-2,3103,1,1.377,
24300.0,light-4,3102,1,2.501,
24300.0,light-5,3103,1,4.630,
24300.0,light-1,3102,1,4.980,
24300.0,light-3,3101,1,6.613,
24303.3,heavy,3101,1,4.725,
24306.7,heavy,3102,0,0.924,
24310.0,heavy,3103,1,3.939,
24313.3,heavy,3101,0,4.244,
24316.7,heavy,3102,0,1.189,
24320.0,heavy,3103,0,5.205,
24323.3,heavy,3101,0,3.852,
24326.7,heavy,3102,1,1.933,
24330.0,heavy,3103,0,4.929,
24333.3,heavy,3101,1,3.950,
24336.7,heavy,3102,0,1.176,
24340.0,heavy,3103,1,4.590,
24343.3,heavy,3101,0,5.009,
24346.7,heavy,3102,0,1.531,
24350.0,heavy,3103,0,3.638,
24353.3,heavy,3101,1,3.664,
24356.7,heavy,3102,0,0.876,
24360.0,heavy,3103,1,3.436,
24363.3,heavy,3101,0,3.669,
24366.7,heavy,3102,1,1.481,
24370.0,heavy,3103,0,3.835,
24373.3,heavy,3101,0,3.659,
24376.7,heavy,3102,0,0.799,
24380.0,heavy,3103,0,4.004,
24383.3,heavy,3101,0,3.240,
24386.7,heavy,3102,1,1.117,
24390.0,heavy,3103,0,4.270,
24393.3,heavy,3101,1,3.348,
24396.7,heavy,3102,0,1.133,
24400.0,heavy,3103,1,4.609,
24400.0,light-2,3103,1,2.278,
24400.0,light-4,3102,1,3.182,
24400.0,light-1,3102,1,4.828,
24400.0,light-5,3103,1,5.264,
24400.0,light-3,3101,1,5.476,
24403.3,heavy,3101,0,6.106,
24406.7,heavy,3101,0,4.520,
24410.0,heavy,3102,0,0.819,
24413.3,heavy,3103,0,3.832,
24416.7,heavy,3101,1,3.091,
24420.0,heavy,3102,0,1.133,
24423.3,heavy,3103,0,2.954,
24426.7,heavy,3101,1,3.282,
24430.0,heavy,3102,0,0.955,
24433.3,heavy,3103,1,3.326,
24436.7,heavy,3101,0,3.661,
24440.0,heavy,3102,0,1.486,
24443.3,heavy,3103,1,3.203,
24446.7,heavy,3101,0,2.825,
24450.0,heavy,3102,0,1.382,
24453.3,heavy,3103,0,4.476,
24456.7,heavy,3101,1,3.702,
24460.0,heavy,3102,1,1.316,
24463.3,heavy,3103,0,5.442,
24466.7,heavy,3101,0,3.265,
24470.0,heavy,3102,0,1.149,
24473.3,heavy,3103,0,3.479,
24476.7,heavy,3101,0,4.324,
24480.0,heavy,3102,1,1.701,
24483.3,heavy,3103,0,3.487,
24486.7,heavy,3101,1,5.060,
24490.0,heavy,3102,1,1.688,
24493.3,heavy,3103,0,3.644,
24496.7,heavy,3101,0,4.860,
24500.0,heavy,3102,0,1.351,
24500.0,light-5,3101,1,2.221,
24500.0,light-2,3101,1,3.930,
24500.0,light-1,3103,1,4.162,
24500.0,light-3,3102,1,4.600,
24500.0,light-4,3103,1,5.790,
24503.3,heavy,3102,0,1.142,
24506.7,heavy,3103,1,2.690,
24510.0,heavy,3101,0,3.376,
24513.3,heavy,3102,1,1.299,
24516.7,heavy,3103,0,3.341,
24520.0,heavy,3101,0,3.190,
24523.3,heavy,3102,0,1.060,
24526.7,heavy,3103,1,3.046,
24530.0,heavy,3101,0,4.144,
24533.3,heavy,3102,0,1.039,
24536.7,heavy,3103,1,3.591,
24540.0,heavy,3101,0,3.866,
24543.3,heavy,3102,1,1.441,
24546.7,heavy,3103,0,3.220,
24550.0,heavy,3101,0,2.650,
24553.3,heavy,3102,0,0.995,
24556.7,heavy,3103,1,3.238,
24560.0,heavy,3101,0,2.915,
24563.3,heavy,3102,0,1.126,
24566.7,heavy,3103,0,3.654,
24570.0,heavy,3101,1,2.838,
24573.3,heavy,3102,1,1.211,
24576.7,heavy,3103,0,2.941,
24580.0,heavy,3101,0,2.691,
24583.3,heavy,3102,1,2.321,
24586.7,heavy,3103,0,4.289,
24590.0,heavy,3101,0,3.118,
24593.3,heavy,3102,0,0.796,
24596.7,heavy,3103,0,8.197,
24600.0,heavy,3101,1,6.062,
24600.0,light-5,3101,1,3.760,
24600.0,light-2,3101,1,7.157,
24600.0,light-1,3103,1,7.331,
24600.0,light-3,3102,1,7.593,
24600.0,light-4,3103,1,7.767,
24603.3,heavy,3102,1,1.502,
24606.7,heavy,3102,0,4.588,
24610.0,heavy,3103,0,2.843,
24613.3,heavy,3101,1,3.158,
24616.7,heavy,3102,0,1.521,
24620.0,heavy,3103,0,3.118,
24623.3,heavy,3101,0,2.726,
24626.7,heavy,3102,1,1.356,
24630.0,heavy,3103,0,3.518,
24633.3,heavy,3101,0,3.311,
24636.7,heavy,3102,1,0.971,
24640.0,heavy,3103,0,3.940,
24643.3,heavy,3101,0,3.045,
24646.7,heavy,3102,1,1.450,
24650.0,heavy,3103,0,4.415,
24653.3,heavy,3101,1,2.747,
24656.7,heavy,3102,0,1.183,
24660.0,heavy,3103,1,3.453,
24663.3,heavy,3101,0,3.993,
24666.7,heavy,3102,0,1.178,
24670.0,heavy,3103,0,2.697,
24673.3,heavy,3101,0,4.007,
24676.7,heavy,3102,1,1.188,
24680.0,heavy,3103,0,3.444,
24683.3,heavy,3101,0,3.321,
24686.7,heavy,3102,1,1.321,
24690.0,heavy,3103,0,3.109,
24693.3,heavy,3101,0,4.347,
24696.7,heavy,3102,1,1.192,
24700.0,heavy,3103,0,5.801,
24700.0,light-1,3101,1,1.296,
24700.0,light-3,3103,1,2.869,
24700.0,light-4,3101,1,6.080,
24700.0,light-2,3102,1,6.330,
24700.0,light-5,3102,1,7.085,
24703.3,heavy,3103,1,4.090,
24706.7,heavy,3101,0,4.414,
24710.0,heavy,3102,0,0.934,
24713.3,heavy,3103,1,3.762,
24716.7,heavy,3101,0,3.878,
24720.0,heavy,3102,1,1.297,
24723.3,heavy,3103,0,3.909,
24726.7,heavy,3101,0,3.988,
24730.0,heavy,3102,0,0.859,
24733.3,heavy,3103,0,4.278,
24736.7,heavy,3101,0,3.006,
24740.0,heavy,3102,1,1.309,
24743.3,heavy,3103,1,3.236,
24746.7,heavy,3101,0,2.856,
24750.0,heavy,3102,0,1.236,
24753.3,heavy,3103,0,3.780,
24756.7,heavy,3101,1,2.838,
24760.0,heavy,3102,0,1.266,
24763.3,heavy,3103,1,4.283,
24766.7,heavy,3101,0,3.523,
24770.0,heavy,3102,1,2.088,
24773.3,heavy,3103,0,4.800,
24776.7,heavy,3101,0,2.926,
24780.0,heavy,3102,0,1.164,
24783.3,heavy,3103,1,3.073,
24786.7,heavy,3101,0,3.310,
24790.0,heavy,3102,0,0.783,
24793.3,heavy,3103,0,7.406,
24796.7,heavy,3101,1,6.551,
24800.0,heavy,3102,1,1.755,
24800.0,light-1,3101,1,2.825,
24800.0,light-3,3103,1,3.833,
24800.0,light-2,3102,1,7.145,
24800.0,light-4,3101,1,7.250,
24800.0,light-5,3102,1,8.377,
24803.3,heavy,3103,0,7.567,
24806.7,heavy,3103,0,7.073,
24810.0,heavy,3101,0,3.848,
24813.3,heavy,3102,0,0.908,
24816.7,heavy,3103,1,2.542,
24820.0,heavy,3101,0,2.616,
24823.3,heavy,3102,0,0.775,
24826.7,heavy,3103,0,4.392,
24830.0,heavy,3101,1,3.542,
24833.3,heavy,3102,1,1.434,
24836.7,heavy,3103,0,3.597,
24840.0,heavy,3101,0,2.549,
24843.3,heavy,3102,1,1.585,
24846.7,heavy,3103,0,3.370,
24850.0,heavy,3101,0,3.828,
24853.3,heavy,3102,0,1.002,
24856.7,heavy,3103,1,4.060,
24860.0,heavy,3101,0,3.328,
24863.3,heavy,3102,1,1.350,
24866.7,heavy,3103,0,4.007,
24870.0,heavy,3101,0,2.686,
24873.3,heavy,3102,0,1.109,
24876.7,heavy,3103,1,3.230,
24880.0,heavy,3101,0,3.461,
24883.3,heavy,3102,1,0.941,
24886.7,heavy,3103,0,3.031,
24890.0,heavy,3101,0,3.347,
24893.3,heavy,3102,0,1.215,
24896.7,heavy,3103,1,3.479,
24900.0,heavy,3101,0,5.529,
24900.0,light-2,3103,1,1.212,
24900.0,light-4,3102,1,2.554,
24900.0,light-5,3103,1,5.705,
24900.0,light-1,3102,1,6.044,
24900.0,light-3,3101,1,6.113,
24903.3,heavy,3101,1,5.343,
24906.7,heavy,3102,0,0.937,
24910.0,heavy,3103,0,3.788,
24913.3,heavy,3101,1,2.952,
24916.7,heavy,3102,0,1.085,
24920.0,heavy,3103,0,3.538,
24923.3,heavy,3101,0,2.885,
24926.7,heavy,3102,1,1.143,
24930.0,heavy,3103,0,3.622,
24933.3,heavy,3101,0,2.804,
24936.7,heavy,3102,1,1.337,
24940.0,heavy,3103,0,3.115,
24943.3,heavy,3101,0,3.239,
24946.7,heavy,3102,1,0.958,
24950.0,heavy,3103,0,4.725,
24953.3,heavy,3101,0,3.923,
24956.7,heavy,3102,1,1.316,
24960.0,heavy,3103,0,5.322,
24963.3,heavy,3101,1,3.085,
24966.7,heavy,3102,0,1.001,
24970.0,heavy,3103,0,3.397,
24973.3,heavy,3101,0,3.659,
24976.7,heavy,3102,1,1.357,
24980.0,heavy,3103,0,2.952,
24983.3,heavy,3101,0,3.469,
24986.7,heavy,3102,1,1.014,
24990.0,heavy,3103,0,3.069,
24993.3,heavy,3101,1,2.952,
24996.7,heavy,3102,0,0.922,
25000.0,heavy,3103,0,5.258,
25000.0,light-5,3101,1,2.855,
25000.0,light-2,3101,1,5.029,
25000.0,light-3,3102,1,5.113,
25000.0,light-1,3103,1,5.507,
25000.0,light-4,3103,1,6.543,
25003.3,heavy,3101,0,4.080,
25006.7,heavy,3102,1,1.361,
25010.0,heavy,3102,0,1.141,
25013.3,heavy,3103,1,3.196,
25016.7,heavy,3101,0,2.732,
25020.0,heavy,3102,0,0.924,
25023.3,heavy,3103,1,4.080,
25026.7,heavy,3101,0,5.137,
25030.0,heavy,3102,1,1.202,
25033.3,heavy,3103,0,4.394,
25036.7,heavy,3101,0,6.067,
25040.0,heavy,3102,0,1.193,
25043.3,heavy,3103,0,3.037,
25046.7,heavy,3101,0,3.015,
25050.0,heavy,3102,1,1.352,
25053.3,heavy,3103,0,3.045,
25056.7,heavy,3101,1,3.097,
25060.0,heavy,3102,0,1.001,
25063.3,heavy,3103,0,4.106,
25066.7,heavy,3101,1,3.248,
25070.0,heavy,3102,0,1.155,
25073.3,heavy,3103,0,4.218,
25076.7,heavy,3101,1,3.373,
25080.0,heavy,3102,1,1.335,
25083.3,heavy,3103,0,4.221,
25086.7,heavy,3101,0,2.833,
25090.0,heavy,3102,0,1.153,
25093.3,heavy,3103,0,4.589,
25096.7,heavy,3101,1,3.128,
25100.0,heavy,3102,0,1.293,
25100.0,light-5,3101,1,2.449,
25100.0,light-2,3101,1,4.574,
25100.0,light-1,3103,1,5.123,
25100.0,light-3,3102,1,5.125,
25100.0,light-4,3103,1,5.230,
25103.3,heavy,3102,0,1.698,
25106.7,heavy,3103,1,2.761,
25110.0,heavy,3101,0,3.135,
25113.3,heavy,3102,0,1.123,
25116.7,heavy,3103,1,4.874,
25120.0,heavy,3101,0,3.874,
25123.3,heavy,3102,1,1.190,
25126.7,heavy,3103,0,4.673,
25130.0,heavy,3101,0,4.775,
25133.3,heavy,3102,0,1.118,
25136.7,heavy,3103,1,3.816,
25140.0,heavy,3101,0,2.971,
25143.3,heavy,3102,1,1.298,
25146.7,heavy,3103,0,2.864,
25150.0,heavy,3101,0,3.023,
25153.3,heavy,3102,0,1.222,
25156.7,heavy,3103,0,3.893,
25160.0,heavy,3101,1,3.095,
25163.3,heavy,3102,0,1.070,
25166.7,heavy,3103,1,3.576,
25170.0,heavy,3101,0,3.698,
25173.3,heavy,3102,1,2.558,
25176.7,heavy,3103,0,4.328,
25180.0,heavy,3101,0,2.833,
25183.3,heavy,3102,0,1.696,
25186.7,heavy,3103,1,3.619,
25190.0,heavy,3101,0,3.910,
25193.3,heavy,3102,1,1.166,
25196.7,heavy,3103,0,3.620,
25200.0,heavy,3101,0,5.576,
25200.0,light-2,3103,1,2.102,
25200.0,light-4,3102,1,2.517,
25200.0,light-5,3103,1,3.784,
25200.0,light-1,3102,1,4.633,
25200.0,light-3,3101,1,6.180,
25203.3,heavy,3101,1,4.747,
25206.7,heavy,3102,0,0.989,
25210.0,heavy,3103,0,3.727,
25213.3,heavy,3101,0,3.014,
25216.7,heavy,3102,1,1.107,
25220.0,heavy,3103,0,3.831,
25223.3,heavy,3101,1,2.597,
25226.7,heavy,3102,0,1.140,
25230.0,heavy,3103,0,2.769,
25233.3,heavy,3101,0,2.934,
25236.7,heavy,3102,1,1.203,
25240.0,heavy,3103,0,2.585,
25243.3,heavy,3101,0,4.088,
25246.7,heavy,3102,1,1.207,
25250.0,heavy,3103,0,3.282,
25253.3,heavy,3101,1,4.321,
25256.7,heavy,3102,0,0.900,
25260.0,heavy,3103,0,3.757,
25263.3,heavy,3101,0,3.031,
25266.7,heavy,3102,1,1.412,
25270.0,heavy,3103,0,4.133,
25273.3,heavy,3101,0,2.281,
25276.7,heavy,3102,1,1.398,
25280.0,heavy,3103,0,4.122,
25283.3,heavy,3101,1,3.518,
25286.7,heavy,3102,0,0.978,
25290.0,heavy,3103,0,3.408,
25293.3,heavy,3101,0,3.015,
25296.7,heavy,3102,1,1.763,
25300.0,heavy,3103,0,6.309,
25300.0,light-1,3101,1,1.645,
25300.0,light-3,3103,1,3.298,
25300.0,light-4,3101,1,5.397,
25300.0,light-2,3102,1,5.732,
25300.0,light-5,3102,1,6.132,
25303.3,heavy,3103,1,5.559,
25306.7,heavy,3101,0,3.627,
25310.0,heavy,3102,0,0.737,
25313.3,heavy,3103,1,3.405,
25316.7,heavy,3101,0,3.762,
25320.0,heavy,3102,0,1.015,
25323.3,heavy,3103,0,4.366,
25326.7,heavy,3101,0,3.678,
25330.0,heavy,3102,1,1.825,
25333.3,heavy,3103,1,4.357,
25336.7,heavy,3101,0,2.896,
25340.0,heavy,3102,0,1.235,
25343.3,heavy,3103,1,3.640,
25346.7,heavy,3101,0,3.714,
25350.0,heavy,3102,0,0.874,
25353.3,heavy,3103,0,3.051,
25356.7,heavy,3101,0,3.311,
25360.0,heavy,3102,1,1.347,
25363.3,heavy,3103,1,3.798,
25366.7,heavy,3101,0,3.578,
25370.0,heavy,3102,0,1.347,
25373.3,heavy,3103,0,3.207,
25376.7,heavy,3101,0,2.746,
25380.0,heavy,3102,1,1.099,
25383.3,heavy,3103,1,4.580,
25386.7,heavy,3101,0,5.511,
25390.0,heavy,3102,1,1.404,
25393.3,heavy,3103,0,5.522,
25396.7,heavy,3101,0,4.245,
25400.0,heavy,3102,0,1.629,
25400.0,light-5,3101,1,2.623,
25400.0,light-2,3101,1,4.946,
25400.0,light-1,3103,1,5.202,
25400.0,light-3,3102,1,5.211,
25400.0,light-4,3103,1,5.766,
25403.3,heavy,3102,0,0.989,
25406.7,heavy,3103,0,17.009,
25410.0,heavy,3101,1,3.161,
25413.3,heavy,3102,0,0.967,
25416.7,heavy,3103,0,3.488,
25420.0,heavy,3101,1,2.544,
25423.3,heavy,3102,1,1.052,
25426.7,heavy,3103,0,3.882,
25430.0,heavy,3101,0,2.708,
25433.3,heavy,3102,1,1.504,
25436.7,heavy,3103,0,3.692,
25440.0,heavy,3101,0,3.267,
25443.3,heavy,3102,0,1.042,
25446.7,heavy,3103,1,3.499,
25450.0,heavy,3101,0,3.651,
25453.3,heavy,3102,1,1.433,
25456.7,heavy,3103,0,3.781,
25460.0,heavy,3101,0,2.991,
25463.3,heavy,3102,0,1.096,
25466.7,heavy,3103,0,3.655,
25470.0,heavy,3101,0,3.977,
25473.3,heavy,3102,1,1.300,
25476.7,heavy,3103,1,3.217,
25480.0,heavy,3101,0,3.468,
25483.3,heavy,3102,0,1.122,
25486.7,heavy,3103,1,4.221,
25490.0,heavy,3101,0,4.180,
25493.3,heavy,3102,0,1.121,
25496.7,heavy,3103,0,7.556,
25500.0,heavy,3101,0,5.891,
25500.0,light-5,3101,1,4.330,
25500.0,light-2,3101,1,7.480,
25500.0,light-3,3102,1,7.597,
25500.0,light-1,3103,1,7.792,
25500.0,light-4,3103,1,8.377,
25503.3,heavy,3102,1,2.099,
25506.7,heavy,3102,1,2.890,
25510.0,heavy,3103,0,5.699,
25513.3,heavy,3101,1,4.162,
25516.7,heavy,3102,0,1.556,
25520.0,heavy,3103,0,4.957,
25523.3,heavy,3101,1,3.965,
25526.7,heavy,3102,0,1.781,
25530.0,heavy,3103,0,4.381,
25533.3,heavy,3101,1,3.548,
25536.7,heavy,3102,0,1.108,
25540.0,heavy,3103,0,4.712,
25543.3,heavy,3101,1,4.971,
25546.7,heavy,3102,1,2.136,
25550.0,heavy,3103,0,5.484,
25553.3,heavy,3101,0,5.528,
25556.7,heavy,3102,0,0.994,
25560.0,heavy,3103,0,4.566,
25563.3,heavy,3101,0,3.517,
25566.7,heavy,3102,1,1.192,
25570.0,heavy,3103,0,5.195,
25573.3,heavy,3101,0,3.356,
25576.7,heavy,3102,1,1.190,
25580.0,heavy,3103,1,3.368,
25583.3,heavy,3101,0,3.632,
25586.7,heavy,3102,0,0.965,
25590.0,heavy,3103,1,7.721,
25593.3,heavy,3101,0,8.041,
25596.7,heavy,3102,1,1.353,
25600.0,heavy,3103,0,8.279,
25600.0,light-1,3101,1,2.333,
25600.0,light-3,3103,1,3.430,
25600.0,light-4,3101,1,8.701,
25600.0,light-2,3102,1,16.343,
25600.0,light-5,3102,1,16.467,
25603.3,heavy,3103,0,7.884,
25606.7,heavy,3101,0,6.006,
25610.0,heavy,3102,0,3.671,
25613.3,heavy,3103,0,4.196,
25616.7,heavy,3101,1,2.785,
25620.0,heavy,3102,0,0.956,
25623.3,heavy,3103,0,3.123,
25626.7,heavy,3101,0,3.075,
25630.0,heavy,3102,1,1.848,
25633.3,heavy,3103,1,3.985,
25636.7,heavy,3101,0,2.918,
25640.0,heavy,3102,0,0.902,
25643.3,heavy,3103,0,3.963,
25646.7,heavy,3101,1,3.210,
25650.0,heavy,3102,0,0.886,
25653.3,heavy,3103,0,4.092,
25656.7,heavy,3101,0,2.998,
25660.0,heavy,3102,1,1.472,
25663.3,heavy,3103,1,4.951,
25666.7,heavy,3101,0,3.093,
25670.0,heavy,3102,0,0.782,
25673.3,heavy,3103,0,3.245,
25676.7,heavy,3101,1,2.527,
25680.0,heavy,3102,0,0.725,
25683.3,heavy,3103,1,4.435,
25686.7,heavy,3101,0,3.697,
25690.0,heavy,3102,1,1.373,
25693.3,heavy,3103,0,4.816,
25696.7,heavy,3101,0,2.851,
25700.0,heavy,3102,0,1.212,
25700.0,light-5,3101,1,2.396,
25700.0,light-2,3101,1,4.062,
25700.0,light-1,3103,1,4.292,
25700.0,light-3,3102,1,4.545,
25700.0,light-4,3103,1,4.931,
25703.3,heavy,3102,0,1.121,
25706.7,heavy,3103,0,3.921,
25710.0,heavy,3101,1,2.994,
25713.3,heavy,3102,0,1.099,
25716.7,heavy,3103,0,4.252,
25720.0,heavy,3101,1,3.327,
25723.3,heavy,3102,1,1.505,
25726.7,heavy,3103,0,3.380,
25730.0,heavy,3101,0,2.799,
25733.3,heavy,3102,0,1.108,
25736.7,heavy,3103,0,4.117,
25740.0,heavy,3101,1,3.266,
25743.3,heavy,3102,0,1.041,
25746.7,heavy,3103,1,3.721,
25750.0,heavy,3101,0,2.984,
25753.3,heavy,3102,1,1.237,
25756.7,heavy,3103,0,3.599,
25760.0,heavy,3101,0,3.405,
25763.3,heavy,3102,0,1.106,
25766.7,heavy,3103,1,3.602,
25770.0,heavy,3101,0,3.771,
25773.3,heavy,3102,1,0.912,
25776.7,heavy,3103,0,3.545,
25780.0,heavy,3101,0,3.516,
25783.3,heavy,3102,0,1.328,
25786.7,heavy,3103,1,3.139,
25790.0,heavy,3101,0,3.103,
25793.3,heavy,3102,0,0.998,
25796.7,heavy,3103,1,4.730,
25800.0,heavy,3101,0,4.021,
25800.0,light-5,3101,1,2.825,
25800.0,light-3,3102,1,4.610,
25800.0,light-2,3101,1,4.791,
25800.0,light-1,3103,1,4.932,
25800.0,light-4,3103,1,5.370,
25803.3,heavy,3102,1,1.262,
25806.7,heavy,3102,0,1.068,
25810.0,heavy,3103,0,4.498,
25813.3,heavy,3101,0,3.702,
25816.7,heavy,3102,1,1.377,
25820.0,heavy,3103,0,4.693,
25823.3,heavy,3101,0,2.568,
25826.7,heavy,3102,1,1.208,
25830.0,heavy,3103,1,3.004,
25833.3,heavy,3101,0,3.234,
25836.7,heavy,3102,0,0.720,
25840.0,heavy,3103,0,4.517,
25843.3,heavy,3101,0,3.473,
25846.7,heavy,3102,1,1.172,
25850.0,heavy,3103,0,4.779,
25853.3,heavy,3101,1,3.092,
25856.7,heavy,3102,0,0.919,
25860.0,heavy,3103,0,3.772,
25863.3,heavy,3101,0,3.998,
25866.7,heavy,3102,1,1.397,
25870.0,heavy,3103,0,3.177,
25873.3,heavy,3101,0,3.429,
25876.7,heavy,3102,1,1.120,
25880.0,heavy,3103,0,3.602,
25883.3,heavy,3101,1,2.842,
25886.7,heavy,3102,0,0.791,
25890.0,heavy,3103,0,3.289,
25893.3,heavy,3101,0,4.354,
25896.7,heavy,3102,1,1.167,
25900.0,heavy,3103,0,4.827,
25900.0,light-1,3101,1,1.281,
25900.0,light-3,3103,1,2.300,
25900.0,light-4,3101,1,5.063,
25900.0,light-2,3102,1,5.271,
25900.0,light-5,3102,1,5.972,
25903.3,heavy,3103,1,4.489,
25906.7,heavy,3101,0,2.662,
25910.0,heavy,3102,0,1.059,
25913.3,heavy,3103,0,3.045,
25916.7,heavy,3101,1,3.032,
25920.0,heavy,3102,1,1.460,
25923.3,heavy,3103,0,3.050,
25926.7,heavy,3101,0,3.547,
25930.0,heavy,3102,0,0.887,
25933.3,heavy,3103,0,4.488,
25936.7,heavy,3101,0,3.571,
25940.0,heavy,3102,1,1.327,
25943.3,heavy,3103,1,4.700,
25946.7,heavy,3101,0,3.345,
25950.0,heavy,3102,0,1.273,
25953.3,heavy,3103,0,3.624,
25956.7,heavy,3101,1,3.005,
25960.0,heavy,3102,0,0.929,
25963.3,heavy,3103,1,3.981,
25966.7,heavy,3101,0,3.284,
25970.0,heavy,3102,1,1.457,
25973.3,heavy,3103,0,3.922,
25976.7,heavy,3101,0,2.987,
25980.0,heavy,3102,0,0.923,
25983.3,heavy,3103,0,3.452,
25986.7,heavy,3101,0,3.738,
25990.0,heavy,3102,1,1.299,
25993.3,heavy,3103,0,2.961,
25996.7,heavy,3101,1,4.774,
26000.0,heavy,3102,1,1.240,
26000.0,light-1,3101,1,2.716,
26000.0,light-3,3103,1,2.814,
26000.0,light-4,3101,1,5.259,
26000.0,light-2,3102,1,5.472,
26000.0,light-5,3102,1,6.522,
26003.3,heavy,3103,0,5.082,
26006.7,heavy,3103,0,4.570,
26010.0,heavy,3101,0,3.585,
26013.3,heavy,3102,0,0.974,
26016.7,heavy,3103,1,3.054,
26020.0,heavy,3101,0,3.140,
26023.3,heavy,3102,0,0.807,
26026.7,heavy,3103,0,5.554,
26030.0,heavy,3101,1,3.345,
26033.3,heavy,3102,1,1.562,
26036.7,heavy,3103,0,5.744,
26040.0,heavy,3101,0,3.006,
26043.3,heavy,3102,0,0.975,
26046.7,heavy,3103,0,3.641,
26050.0,heavy,3101,1,2.892,
26053.3,heavy,3102,1,0.945,
26056.7,heavy,3103,0,3.003,
26060.0,heavy,3101,0,2.696,
26063.3,heavy,3102,1,1.295,
26066.7,heavy,3103,0,2.796,
26070.0,heavy,3101,0,2.802,
26073.3,heavy,3102,0,0.962,
26076.7,heavy,3103,0,3.796,
26080.0,heavy,3101,0,3.091,
26083.3,heavy,3102,1,1.280,
26086.7,heavy,3103,1,3.367,
26090.0,heavy,3101,0,2.489,
26093.3,heavy,3102,1,1.544,
26096.7,heavy,3103,0,3.821,
26100.0,heavy,3101,0,5.148,
26100.0,light-2,3103,1,1.439,
26100.0,light-4,3102,1,2.883,
26100.0,light-1,3102,1,5.546,
26100.0,light-3,3101,1,5.913,
26100.0,light-5,3103,1,6.035,
26103.3,heavy,3101,0,3.604,
26106.7,heavy,3102,1,1.038,
26110.0,heavy,3103,0,2.965,
26113.3,heavy,3101,0,3.200,
26116.7,heavy,3102,1,1.315,
26120.0,heavy,3103,0,4.383,
26123.3,heavy,3101,0,3.573,
26126.7,heavy,3102,1,1.412,
26130.0,heavy,3103,0,4.061,
26133.3,heavy,3101,0,3.988,
26136.7,heavy,3102,1,1.368,
26140.0,heavy,3103,0,4.323,
26143.3,heavy,3101,1,3.267,
26146.7,heavy,3102,0,1.114,
26150.0,heavy,3103,0,4.465,
26153.3,heavy,3101,0,3.624,
26156.7,heavy,3102,1,1.415,
26160.0,heavy,3103,0,4.993,
26163.3,heavy,3101,1,3.297,
26166.7,heavy,3102,0,1.691,
26170.0,heavy,3103,0,4.168,
26173.3,heavy,3101,1,3.431,
26176.7,heavy,3102,0,0.946,
26180.0,heavy,3103,0,2.836,
26183.3,heavy,3101,0,2.677,
26186.7,heavy,3102,1,1.127,
26190.0,heavy,3103,0,2.832,
26193.3,heavy,3101,1,2.831,
26196.7,heavy,3102,0,1.251,
26200.0,heavy,3103,0,7.241,
26200.0,light-5,3101,1,3.416,
26200.0,light-1,3103,1,6.103,
26200.0,light-3,3102,1,6.617,
26200.0,light-2,3101,1,6.815,
26200.0,light-4,3103,1,7.725,
26203.3,heavy,3101,0,4.613,
26206.7,heavy,3102,1,1.294,
26210.0,heavy,3102,0,1.147,
26213.3,heavy,3103,1,4.570,
26216.7,heavy,3101,0,2.967,
26220.0,heavy,3102,0,1.094,
26223.3,heavy,3103,0,3.042,
26226.7,heavy,3101,1,4.391,
26230.0,heavy,3102,1,1.239,
26233.3,heavy,3103,0,3.404,
26236.7,heavy,3101,0,4.569,
26240.0,heavy,3102,0,1.018,
26243.3,heavy,3103,0,4.277,
26246.7,heavy,3101,0,3.326,
26250.0,heavy,3102,1,1.426,
26253.3,heavy,3103,1,4.396,
26256.7,heavy,3101,0,3.325,
26260.0,heavy,3102,0,1.048,
26263.3,heavy,3103,1,3.457,
26266.7,heavy,3101,0,3.686,
26270.0,heavy,3102,0,0.955,
26273.3,heavy,3103,0,4.364,
26276.7,heavy,3101,0,3.530,
26280.0,heavy,3102,1,1.739,
26283.3,heavy,3103,1,4.337,
26286.7,heavy,3101,0,3.025,
26290.0,heavy,3102,0,0.901,
26293.3,heavy,3103,1,3.483,
26296.7,heavy,3101,0,5.172,
26300.0,heavy,3102,0,1.253,
26300.0,light-5,3101,1,3.133,
26300.0,light-1,3103,1,4.849,
26300.0,light-2,3101,1,5.310,
26300.0,light-3,3102,1,5.414,
26300.0,light-4,3103,1,5.518,
26303.3,heavy,3102,0,1.761,
26306.7,heavy,3103,1,3.341,
26310.0,heavy,3101,0,3.538,
26313.3,heavy,3102,0,0.933,
26316.7,heavy,3103,0,4.572,
26320.0,heavy,3101,1,3.890,
26323.3,heavy,3102,1,1.494,
26326.7,heavy,3103,0,4.979,
26330.0,heavy,3101,0,4.829,
26333.3,heavy,3102,0,0.866,
26336.7,heavy,3103,1,3.481,
26340.0,heavy,3101,0,2.962,
26343.3,heavy,3102,1,1.283,
26346.7,heavy,3103,0,2.633,
26350.0,heavy,3101,0,3.027,
26353.3,heavy,3102,0,1.301,
26356.7,heavy,3103,0,3.951,
26360.0,heavy,3101,1,2.988,
26363.3,heavy,3102,0,1.161,
26366.7,heavy,3103,1,4.021,
26370.0,heavy,3101,0,3.979,
26373.3,heavy,3102,1,1.518,
26376.7,heavy,3103,0,4.372,
26380.0,heavy,3101,0,3.624,
26383.3,heavy,3102,0,1.204,
26386.7,heavy,3103,0,3.965,
26390.0,heavy,3101,1,3.058,
26393.3,heavy,3102,1,1.035,
26396.7,heavy,3103,0,2.998,
26400.0,heavy,3101,0,5.376,
26400.0,light-2,3103,1,1.463,
26400.0,light-4,3102,1,2.755,
26400.0,light-5,3103,1,4.553,
26400.0,light-1,3102,1,5.406,
26400.0,light-3,3101,1,5.422,
26403.3,heavy,3101,1,3.347,
26406.7,heavy,3102,0,1.057,
26410.0,heavy,3103,0,3.612,
26413.3,heavy,3101,0,3.931,
26416.7,heavy,3102,1,1.253,
26420.0,heavy,3103,1,4.006,
26423.3,heavy,3101,0,4.074,
26426.7,heavy,3102,0,0.931,
26430.0,heavy,3103,0,4.181,
26433.3,heavy,3101,0,3.337,
26436.7,heavy,3102,1,1.224,
26440.0,heavy,3103,0,3.439,
26443.3,heavy,3101,0,2.983,
26446.7,heavy,3102,1,1.324,
26450.0,heavy,3103,0,3.671,
26453.3,heavy,3101,1,3.055,
26456.7,heavy,3102,0,0.915,
26460.0,heavy,3103,0,4.277,
26463.3,heavy,3101,0,3.520,
26466.7,heavy,3102,1,1.261,
26470.0,heavy,3103,0,5.040,
26473.3,heavy,3101,1,2.881,
26476.7,heavy,3102,0,1.394,
26480.0,heavy,3103,0,3.272,
26483.3,heavy,3101,0,3.431,
26486.7,heavy,3102,1,1.292,
26490.0,heavy,3103,0,2.756,
26493.3,heavy,3101,0,8.175,
26496.7,heavy,3102,1,1.885,
26500.0,heavy,3103,1,5.572,
26500.0,light-3,3103,1,2.724,
26500.0,light-1,3101,1,3.023,
26500.0,light-2,3102,1,5.992,
26500.0,light-5,3102,1,6.960,
26500.0,light-4,3101,1,10.425,
26503.3,heavy,3103,0,5.517,
26506.7,heavy,3101,0,4.317,
26510.0,heavy,3102,0,0.929,
26513.3,heavy,3103,0,3.069,
26516.7,heavy,3101,1,3.220,
26520.0,heavy,3102,0,1.037,
26523.3,heavy,3103,0,3.273,
26526.7,heavy,3101,1,3.121,
26530.0,heavy,3102,0,1.311,
26533.3,heavy,3103,1,3.431,
26536.7,heavy,3101,0,2.508,
26540.0,heavy,3102,0,1.031,
26543.3,heavy,3103,0,5.228,
26546.7,heavy,3101,0,4.641,
26550.0,heavy,3102,1,1.347,
26553.3,heavy,3103,1,2.817,
26556.7,heavy,3101,0,2.465,
26560.0,heavy,3102,0,0.928,
26563.3,heavy,3103,1,2.910,
26566.7,heavy,3101,0,2.878,
26570.0,heavy,3102,0,0.891,
26573.3,heavy,3103,0,3.976,
26576.7,heavy,3101,0,3.202,
26580.0,heavy,3102,1,1.101,
26583.3,heavy,3103,0,3.268,
26586.7,heavy,3101,1,4.996,
26590.0,heavy,3102,1,1.759,
26593.3,heavy,3103,0,3.410,
26596.7,heavy,3101,0,4.871,
26600.0,heavy,3102,0,1.346,
26600.0,light-5,3101,1,2.828,
26600.0,light-1,3103,1,5.128,
26600.0,light-3,3102,1,5.350,
26600.0,light-2,3101,1,5.556,
26600.0,light-4,3103,1,6.031,
26603.3,heavy,3102,0,0.982,
26606.7,heavy,3103,1,3.012,
26610.0,heavy,3101,0,3.579,
26613.3,heavy,3102,0,1.138,
26616.7,heavy,3103,0,8.899,
26620.0,heavy,3101,1,7.647,
26623.3,heavy,3102,1,4.756,
26626.7,heavy,3103,0,10.829,
26630.0,heavy,3101,0,8.412,
26633.3,heavy,3102,1,3.295,
26636.7,heavy,3103,0,4.770,
26640.0,heavy,3101,0,4.947,
26643.3,heavy,3102,0,1.847,
26646.7,heavy,3103,1,4.850,
26650.0,heavy,3101,0,4.974,
26653.3,heavy,3102,1,1.566,
26656.7,heavy,3103,0,5.162,
26660.0,heavy,3101,0,4.838,
26663.3,heavy,3102,0,0.964,
26666.7,heavy,3103,1,3.693,
26670.0,heavy,3101,0,4.032,
26673.3,heavy,3102,1,1.476,
26676.7,heavy,3103,0,3.127,
26680.0,heavy,3101,0,3.239,
26683.3,heavy,3102,0,1.127,
26686.7,heavy,3103,1,3.091,
26690.0,heavy,3101,0,3.362,
26693.3,heavy,3102,0,1.007,
26696.7,heavy,3103,1,5.664,
26700.0,heavy,3101,0,5.263,
26700.0,light-5,3101,1,3.673,
26700.0,light-2,3101,1,5.354,
26700.0,light-3,3102,1,5.443,
26700.0,light-1,3103,1,5.819,
26700.0,light-4,3103,1,6.948,
26703.3,heavy,3102,1,2.776,
26706.7,heavy,3102,0,2.201,
26710.0,heavy,3103,0,5.679,
26713.3,heavy,3101,0,3.601,
26716.7,heavy,3102,1,1.177,
26720.0,heavy,3103,1,4.263,
26723.3,heavy,3101,0,4.605,
26726.7,heavy,3102,1,1.663,
26730.0,heavy,3103,0,4.636,
26733.3,heavy,3101,0,5.288,
26736.7,heavy,3102,0,0.963,
26740.0,heavy,3103,0,3.231,
26743.3,heavy,3101,0,3.750,
26746.7,heavy,3102,1,1.010,
26750.0,heavy,3103,0,4.074,
26753.3,heavy,3101,0,3.119,
26756.7,heavy,3102,1,1.104,
26760.0,heavy,3103,1,3.821,
26763.3,heavy,3101,0,3.979,
26766.7,heavy,3102,0,0.967,
26770.0,heavy,3103,0,3.162,
26773.3,heavy,3101,0,4.191,
26776.7,heavy,3102,1,1.344,
26780.0,heavy,3103,0,3.325,
26783.3,heavy,3101,0,2.860,
26786.7,heavy,3102,1,1.093,
26790.0,heavy,3103,1,4.045,
26793.3,heavy,3101,0,4.263,
26796.7,heavy,3102,0,1.410,
26800.0,heavy,3103,0,5.460,
26800.0,light-1,3101,1,1.394,
26800.0,light-3,3103,1,2.635,
26800.0,light-2,3102,1,5.843,
26800.0,light-4,3101,1,5.908,
26800.0,light-5,3102,1,6.807,
26803.3,heavy,3103,1,3.052,
26806.7,heavy,3101,0,3.218,
26810.0,heavy,3102,0,1.156,
26813.3,heavy,3103,1,4.829,
26816.7,heavy,3101,0,3.884,
26820.0,heavy,3102,1,1.355,
26823.3,heavy,3103,0,4.892,
26826.7,heavy,3101,0,4.560,
26830.0,heavy,3102,0,1.028,
26833.3,heavy,3103,0,3.550,
26836.7,heavy,3101,0,3.210,
26840.0,heavy,3102,1,1.166,
26843.3,heavy,3103,0,2.993,
26846.7,heavy,3101,1,2.819,
26850.0,heavy,3102,0,0.908,
26853.3,heavy,3103,0,3.590,
26856.7,heavy,3101,1,2.949,
26860.0,heavy,3102,0,0.715,
26863.3,heavy,3103,0,4.123,
26866.7,heavy,3101,0,3.118,
26870.0,heavy,3102,1,1.223,
26873.3,heavy,3103,1,4.759,
26876.7,heavy,3101,0,2.867,
26880.0,heavy,3102,0,0.870,
26883.3,heavy,3103,1,3.440,
26886.7,heavy,3101,0,3.717,
26890.0,heavy,3102,0,0.843,
26893.3,heavy,3103,1,6.494,
26896.7,heavy,3101,0,5.698,
26900.0,heavy,3102,1,1.604,
26900.0,light-1,3101,1,2.360,
26900.0,light-3,3103,1,3.329,
26900.0,light-2,3102,1,6.079,
26900.0,light-4,3101,1,6.729,
26900.0,light-5,3102,1,7.157,
26903.3,heavy,3103,0,6.670,
26906.7,heavy,3103,0,6.202,
26910.0,heavy,3101,0,3.511,
26913.3,heavy,3102,0,1.240,
26916.7,heavy,3103,1,3.317,
26920.0,heavy,3101,0,3.639,
26923.3,heavy,3102,0,0.924,
26926.7,heavy,3103,0,3.908,
26930.0,heavy,3101,1,2.972,
26933.3,heavy,3102,1,1.344,
26936.7,heavy,3103,0,3.165,
26940.0,heavy,3101,0,2.455,
26943.3,heavy,3102,1,1.398,
26946.7,heavy,3103,0,2.443,
26950.0,heavy,3101,0,2.755,
26953.3,heavy,3102,0,0.653,
26956.7,heavy,3103,0,3.484,
26960.0,heavy,3101,1,2.628,
26963.3,heavy,3102,1,1.109,
26966.7,heavy,3103,0,3.658,
26970.0,heavy,3101,0,2.217,
26973.3,heavy,3102,1,1.139,
26976.7,heavy,3103,0,2.619,
26980.0,heavy,3101,0,3.013,
26983.3,heavy,3102,0,0.735,
26986.7,heavy,3103,1,3.609,
26990.0,heavy,3101,0,2.446,
26993.3,heavy,3102,1,0.975,
26996.7,heavy,3103,0,3.515,
27000.0,heavy,3101,0,4.380,
27000.0,light-2,3103,1,1.582,
27000.0,light-4,3102,1,2.536,
27000.0,light-1,3102,1,4.429,
27000.0,light-5,3103,1,4.342,
27000.0,light-3,3101,1,4.830,
27003.3,heavy,3101,1,3.268,
27006.7,heavy,3102,0,1.386,
27010.0,heavy,3103,0,3.450,
27013.3,heavy,3101,1,3.731,
27016.7,heavy,3102,0,0.981,
27020.0,heavy,3103,0,4.983,
27023.3,heavy,3101,0,4.070,
27026.7,heavy,3102,1,1.216,
27030.0,heavy,3103,0,4.128,
27033.3,heavy,3101,0,2.937,
27036.7,heavy,3102,1,1.051,
27040.0,heavy,3103,0,3.982,
27043.3,heavy,3101,1,3.257,
27046.7,heavy,3102,0,0.846,
27050.0,heavy,3103,0,4.550,
27053.3,heavy,3101,0,2.921,
27056.7,heavy,3102,1,1.100,
27060.0,heavy,3103,0,5.275,
27063.3,heavy,3101,0,2.714,
27066.7,heavy,3102,1,1.254,
27070.0,heavy,3103,0,3.171,
27073.3,heavy,3101,0,2.904,
27076.7,heavy,3102,1,0.861,
27080.0,heavy,3103,0,4.429,
27083.3,heavy,3101,0,3.635,
27086.7,heavy,3102,1,1.443,
27090.0,heavy,3103,0,4.274,
27093.3,heavy,3101,1,2.726,
27096.7,heavy,3102,0,1.436,
27100.0,heavy,3103,0,7.759,
27100.0,light-5,3101,1,3.983,
27100.0,light-3,3102,1,6.650,
27100.0,light-2,3101,1,7.477,
27100.0,light-1,3103,1,7.649,
27100.0,light-4,3103,1,7.809,
27103.3,heavy,3101,0,5.387,
27106.7,heavy,3102,1,1.266,
27110.0,heavy,3102,0,0.995,
27113.3,heavy,3103,1,3.747,
27116.7,heavy,3101,0,2.096,
27120.0,heavy,3102,0,0.816,
27123.3,heavy,3103,1,3.835,
27126.7,heavy,3101,0,3.128,
27130.0,heavy,3102,1,1.297,
27133.3,heavy,3103,0,4.159,
27136.7,heavy,3101,0,3.866,
27140.0,heavy,3102,0,1.461,
27143.3,heavy,3103,1,4.195,
27146.7,heavy,3101,0,3.443,
27150.0,heavy,3102,1,1.370,
27153.3,heavy,3103,0,4.654,
27156.7,heavy,3101,0,3.029,
27160.0,heavy,3102,0,0.936,
27163.3,heavy,3103,0,4.542,
27166.7,heavy,3101,0,4.894,
27170.0,heavy,3102,1,1.725,
27173.3,heavy,3103,0,2.807,
27176.7,heavy,3101,1,3.386,
27180.0,heavy,3102,1,1.163,
27183.3,heavy,3103,0,3.493,
27186.7,heavy,3101,0,2.538,
27190.0,heavy,3102,0,1.019,
27193.3,heavy,3103,1,3.367,
27196.7,heavy,3101,0,4.206,
27200.0,heavy,3102,0,1.529,
27200.0,light-5,3101,1,2.512,
27200.0,light-2,3101,1,4.320,
27200.0,light-1,3103,1,4.914,
27200.0,light-3,3102,1,6.308,
27200.0,light-4,3103,1,6.912,
27203.3,heavy,3102,1,4.107,
27206.7,heavy,3103,0,4.215,
27210.0,heavy,3101,0,2.503,
27213.3,heavy,3102,0,1.069,
27216.7,heavy,3103,1,4.707,
27220.0,heavy,3101,0,2.616,
27223.3,heavy,3102,0,0.920,
27226.7,heavy,3103,1,3.179,
27230.0,heavy,3101,0,3.450,
27233.3,heavy,3102,0,1.034,
27236.7,heavy,3103,0,5.322,
27240.0,heavy,3101,1,2.769,
27243.3,heavy,3102,1,1.122,
27246.7,heavy,3103,0,5.890,
27250.0,heavy,3101,0,2.448,
27253.3,heavy,3102,0,0.793,
27256.7,heavy,3103,1,4.092,
27260.0,heavy,3101,0,2.865,
27263.3,heavy,3102,1,1.588,
27266.7,heavy,3103,0,3.303,
27270.0,heavy,3101,0,2.398,
27273.3,heavy,3102,1,1.115,
27276.7,heavy,3103,0,2.610,
27280.0,heavy,3101,0,2.579,
27283.3,heavy,3102,1,1.667,
27286.7,heavy,3103,0,3.196,
27290.0,heavy,3101,0,3.271,
27293.3,heavy,3102,1,1.919,
27296.7,heavy,3103,0,4.027,
27300.0,heavy,3101,0,5.208,
27300.0,light-2,3103,1,1.178,
27300.0,light-4,3102,1,3.261,
27300.0,light-5,3103,1,4.173,
27300.0,light-3,3101,1,4.416,
27300.0,light-1,3102,1,5.217,
27303.3,heavy,3101,0,3.881,
27306.7,heavy,3102,1,0.892,
27310.0,heavy,3103,0,3.108,
27313.3,heavy,3101,0,3.055,
27316.7,heavy,3102,1,1.330,
27320.0,heavy,3103,0,3.464,
27323.3,heavy,3101,1,2.874,
27326.7,heavy,3102,0,0.894,
27330.0,heavy,3103,0,4.545,
27333.3,heavy,3101,0,3.345,
27336.7,heavy,3102,1,1.711,
27340.0,heavy,3103,0,5.022,
27343.3,heavy,3101,0,2.462,
27346.7,heavy,3102,1,0.879,
27350.0,heavy,3103,0,3.153,
27353.3,heavy,3101,0,3.060,
27356.7,heavy,3102,1,1.348,
27360.0,heavy,3103,0,5.867,
27363.3,heavy,3101,0,3.939,
27366.7,heavy,3102,1,1.671,
27370.0,heavy,3103,1,6.484,
27373.3,heavy,3101,0,2.950,
27376.7,heavy,3102,0,1.011,
27380.0,heavy,3103,0,3.126,
27383.3,heavy,3101,0,3.359,
27386.7,heavy,3102,1,1.177,
27390.0,heavy,3103,0,2.667,
27393.3,heavy,3101,1,5.265,
27396.7,heavy,3102,1,1.410,
27400.0,heavy,3103,0,5.355,
27400.0,light-3,3103,1,2.278,
27400.0,light-1,3101,1,2.560,
27400.0,light-2,3102,1,5.411,
27400.0,light-5,3102,1,6.575,
27400.0,light-4,3101,1,7.148,
27403.3,heavy,3103,0,4.684,
27406.7,heavy,3101,0,3.492,
27410.0,heavy,3102,0,1.214,
27413.3,heavy,3103,1,3.326,
27416.7,heavy,3101,0,2.738,
27420.0,heavy,3102,0,0.862,
27423.3,heavy,3103,0,4.386,
27426.7,heavy,3101,1,3.227,
27430.0,heavy,3102,1,1.368,
27433.3,heavy,3103,0,4.307,
27436.7,heavy,3101,0,2.552,
27440.0,heavy,3102,0,0.997,
27443.3,heavy,3103,1,3.337,
27446.7,heavy,3101,0,3.565,
27450.0,heavy,3102,0,1.033,
27453.3,heavy,3103,0,2.971,
27456.7,heavy,3101,1,3.218,
27460.0,heavy,3102,0,0.901,
27463.3,heavy,3103,1,3.560,
27466.7,heavy,3101,0,3.214,
27470.0,heavy,3102,0,1.194,
27473.3,heavy,3103,0,3.476,
27476.7,heavy,3101,0,3.392,
27480.0,heavy,3102,1,1.335,
27483.3,heavy,3103,0,4.131,
27486.7,heavy,3101,1,3.355,
27490.0,heavy,3102,1,1.363,
27493.3,heavy,3103,0,4.615,
27496.7,heavy,3101,0,2.702,
27500.0,heavy,3102,0,2.916,
27500.0,light-5,3101,1,2.669,
27500.0,light-2,3101,1,4.160,
27500.0,light-1,3103,1,4.416,
27500.0,light-3,3102,1,4.415,
27500.0,light-4,3103,1,5.418,
27503.3,heavy,3102,0,0.862,
27506.7,heavy,3103,1,3.114,
27510.0,heavy,3101,0,3.556,
27513.3,heavy,3102,0,1.581,
27516.7,heavy,3103,1,4.827,
27520.0,heavy,3101,0,3.961,
27523.3,heavy,3102,1,1.384,
27526.7,heavy,3103,0,4.521,
27530.0,heavy,3101,0,3.876,
27533.3,heavy,3102,0,1.504,
27536.7,heavy,3103,1,4.526,
27540.0,heavy,3101,0,4.797,
27543.3,heavy,3102,1,1.243,
27546.7,heavy,3103,0,2.788,
27550.0,heavy,3101,0,2.424,
27553.3,heavy,3102,1,1.423,
27556.7,heavy,3103,0,3.080,
27560.0,heavy,3101,0,2.771,
27563.3,heavy,3102,1,1.572,
27566.7,heavy,3103,0,3.928,
27570.0,heavy,3101,0,3.461,
27573.3,heavy,3102,0,0.956,
27576.7,heavy,3103,1,4.283,
27580.0,heavy,3101,0,3.538,
27583.3,heavy,3102,1,1.293,
27586.7,heavy,3103,0,4.750,
27590.0,heavy,3101,0,2.958,
27593.3,heavy,3102,0,0.997,
27596.7,heavy,3103,1,4.903,
27600.0,heavy,3101,0,5.216,
27600.0,light-2,3103,1,2.262,
27600.0,light-4,3102,1,2.609,
27600.0,light-1,3102,1,5.255,
27600.0,light-5,3103,1,6.063,
27600.0,light-3,3101,1,6.297,
27603.3,heavy,3101,1,7.267,
27606.7,heavy,3102,0,1.103,
27610.0,heavy,3103,0,3.576,
27613.3,heavy,3101,0,3.291,
27616.7,heavy,3102,1,1.330,
27620.0,heavy,3103,0,4.611,
27623.3,heavy,3101,0,3.570,
27626.7,heavy,3102,1,1.198,
27630.0,heavy,3103,0,4.387,
27633.3,heavy,3101,1,4.488,
27636.7,heavy,3102,0,1.135,
27640.0,heavy,3103,0,3.140,
27643.3,heavy,3101,0,2.927,
27646.7,heavy,3102,1,1.839,
27650.0,heavy,3103,0,3.063,
27653.3,heavy,3101,0,2.998,
27656.7,heavy,3102,1,1.118,
27660.0,heavy,3103,1,3.672,
27663.3,heavy,3101,0,4.012,
27666.7,heavy,3102,0,0.963,
27670.0,heavy,3103,0,3.597,
27673.3,heavy,3101,0,2.814,
27676.7,heavy,3102,1,1.178,
27680.0,heavy,3103,0,3.358,
27683.3,heavy,3101,1,2.844,
27686.7,heavy,3102,0,1.023,
27690.0,heavy,3103,1,3.694,
27693.3,heavy,3101,0,3.550,
27696.7,heavy,3102,0,1.082,
27700.0,heavy,3103,0,6.184,
27700.0,light-1,3101,1,2.481,
27700.0,light-3,3103,1,3.362,
27700.0,light-2,3102,1,6.233,
27700.0,light-4,3101,1,6.318,
27700.0,light-5,3102,1,6.679,
27703.3,heavy,3101,0,5.347,
27706.7,heavy,3102,1,1.362,
27710.0,heavy,3103,0,6.633,
27713.3,heavy,3103,1,5.945,
27716.7,heavy,3101,0,2.961,
27720.0,heavy,3102,1,1.429,
27723.3,heavy,3103,0,2.945,
27726.7,heavy,3101,0,3.068,
27730.0,heavy,3102,0,0.931,
27733.3,heavy,3103,0,4.634,
27736.7,heavy,3101,0,2.711,
27740.0,heavy,3102,1,1.414,
27743.3,heavy,3103,0,3.427,
27746.7,heavy,3101,1,2.705,
27750.0,heavy,3102,1,1.406,
27753.3,heavy,3103,0,2.756,
27756.7,heavy,3101,0,3.325,
27760.0,heavy,3102,0,1.086,
27763.3,heavy,3103,0,4.552,
27766.7,heavy,3101,0,3.500,
27770.0,heavy,3102,1,1.225,
27773.3,heavy,3103,0,3.693,
27776.7,heavy,3101,1,2.872,
27780.0,heavy,3102,1,1.941,
27783.3,heavy,3103,0,3.647,
27786.7,heavy,3101,0,4.109,
27790.0,heavy,3102,0,2.135,
27793.3,heavy,3103,1,6.869,
27796.7,heavy,3101,0,5.604,
27800.0,heavy,3102,1,1.578,
27800.0,light-1,3101,1,2.292,
27800.0,light-3,3103,1,3.438,
27800.0,light-2,3102,1,5.810,
27800.0,light-4,3101,1,6.450,
27800.0,light-5,3102,1,6.727,
27803.3,heavy,3103,0,6.813,
27806.7,heavy,3103,0,4.335,
27810.0,heavy,3101,0,2.496,
27813.3,heavy,3102,1,2.655,
27816.7,heavy,3103,0,4.335,
27820.0,heavy,3101,0,3.407,
27823.3,heavy,3102,0,1.030,
27826.7,heavy,3103,1,3.622,
27830.0,heavy,3101,0,3.520,
27833.3,heavy,3102,1,1.233,
27836.7,heavy,3103,0,2.853,
27840.0,heavy,3101,0,3.607,
27843.3,heavy,3102,0,1.154,
27846.7,heavy,3103,1,4.351,
27850.0,heavy,3101,0,4.690,
27853.3,heavy,3102,0,1.182,
27856.7,heavy,3103,0,5.540,
27860.0,heavy,3101,1,4.576,
27863.3,heavy,3102,1,1.701,
27866.7,heavy,3103,0,5.326,
27870.0,heavy,3101,0,4.418,
27873.3,heavy,3102,0,1.680,
27876.7,heavy,3103,1,5.024,
27880.0,heavy,3101,0,4.889,
27883.3,heavy,3102,1,1.365,
27886.7,heavy,3103,0,3.669,
27890.0,heavy,3101,0,4.621,
27893.3,heavy,3102,1,1.396,
27896.7,heavy,3103,0,3.997,
27900.0,heavy,3101,0,7.633,
27900.0,light-2,3103,1,1.552,
27900.0,light-4,3102,1,3.408,
27900.0,light-5,3103,1,6.621,
27900.0,light-1,3102,1,7.891,
27900.0,light-3,3101,1,8.050,
27903.3,heavy,3101,1,6.989,
27906.7,heavy,3102,0,1.407,
27910.0,heavy,3103,0,4.098,
27913.3,heavy,3101,1,4.745,
27916.7,heavy,3102,0,1.577,
27920.0,heavy,3103,0,4.042,
27923.3,heavy,3101,1,3.086,
27926.7,heavy,3102,0,1.088,
27930.0,heavy,3103,0,3.691,
27933.3,heavy,3101,0,3.699,
27936.7,heavy,3102,1,1.132,
27940.0,heavy,3103,0,4.142,
27943.3,heavy,3101,0,3.553,
27946.7,heavy,3102,1,0.935,
27950.0,heavy,3103,0,3.727,
27953.3,heavy,3101,0,2.966,
27956.7,heavy,3102,1,1.002,
27960.0,heavy,3103,0,2.409,
27963.3,heavy,3101,0,3.622,
27966.7,heavy,3102,1,1.315,
27970.0,heavy,3103,0,3.067,
27973.3,heavy,3101,1,14.816,
27976.7,heavy,3102,1,0.883,
27980.0,heavy,3103,0,3.904,
27983.3,heavy,3101,0,3.537,
27986.7,heavy,3102,0,1.253,
27990.0,heavy,3103,0,2.889,
27993.3,heavy,3101,1,6.478,
27996.7,heavy,3102,1,1.489,
28000.0,heavy,3103,0,4.348,
28000.0,light-2,3103,1,2.381,
28000.0,light-4,3102,1,2.906,
28000.0,light-1,3102,1,6.503,
28000.0,light-5,3103,1,6.503,
28000.0,light-3,3101,1,7.000,
28003.3,heavy,3101,0,6.824,
28006.7,heavy,3101,0,7.798,
28010.0,heavy,3102,0,0.891,
28013.3,heavy,3103,1,3.660,
28016.7,heavy,3101,0,3.352,
28020.0,heavy,3102,0,1.058,
28023.3,heavy,3103,1,5.322,
28026.7,heavy,3101,0,4.420,
28030.0,heavy,3102,1,1.252,
28033.3,heavy,3103,0,5.525,
28036.7,heavy,3101,0,5.080,
28040.0,heavy,3102,0,1.043,
28043.3,heavy,3103,0,4.438,
28046.7,heavy,3101,0,3.743,
28050.0,heavy,3102,1,1.456,
28053.3,heavy,3103,1,3.028,
28056.7,heavy,3101,0,3.274,
28060.0,heavy,3102,0,1.030,
28063.3,heavy,3103,0,4.093,
28066.7,heavy,3101,1,3.144,
28070.0,heavy,3102,0,0.917,
28073.3,heavy,3103,0,6.377,
28076.7,heavy,3101,0,3.851,
28080.0,heavy,3102,1,1.295,
28083.3,heavy,3103,1,5.062,
28086.7,heavy,3101,0,2.655,
28090.0,heavy,3102,0,1.098,
28093.3,heavy,3103,1,3.414,
28096.7,heavy,3101,0,4.355,
28100.0,heavy,3102,0,1.392,
28100.0,light-5,3101,1,2.886,
28100.0,light-2,3101,1,4.823,
28100.0,light-1,3103,1,5.188,
28100.0,light-3,3102,1,5.319,
28100.0,light-4,3103,1,6.117,
28103.3,heavy,3102,0,1.326,
28106.7,heavy,3103,1,3.082,
28110.0,heavy,3101,0,3.117,
28113.3,heavy,3102,0,0.963,
28116.7,heavy,3103,1,4.496,
28120.0,heavy,3101,0,3.659,
28123.3,heavy,3102,1,1.401,
28126.7,heavy,3103,0,4.266,
28130.0,heavy,3101,0,3.114,
28133.3,heavy,3102,0,1.102,
28136.7,heavy,3103,0,3.332,
28140.0,heavy,3101,0,3.633,
28143.3,heavy,3102,1,1.178,
28146.7,heavy,3103,1,2.970,
28150.0,heavy,3101,0,4.039,
28153.3,heavy,3102,1,2.004,
28156.7,heavy,3103,0,3.271,
28160.0,heavy,3101,0,4.202,
28163.3,heavy,3102,0,0.988,
28166.7,heavy,3103,0,4.694,
28170.0,heavy,3101,1,3.350,
28173.3,heavy,3102,1,1.634,
28176.7,heavy,3103,0,3.968,
28180.0,heavy,3101,0,3.126,
28183.3,heavy,3102,0,1.190,
28186.7,heavy,3103,1,3.608,
28190.0,heavy,3101,0,3.650,
28193.3,heavy,3102,0,0.748,
28196.7,heavy,3103,0,6.387,
28200.0,heavy,3101,1,5.881,
28200.0,light-5,3101,1,4.262,
28200.0,light-3,3102,1,5.873,
28200.0,light-2,3101,1,6.873,
28200.0,light-4,3103,1,7.845,
28200.0,light-1,3103,1,8.788,
28203.3,heavy,3102,1,1.441,
28206.7,heavy,3102,0,2.528,
28210.0,heavy,3103,0,5.827,
28213.3,heavy,3101,0,3.388,
28216.7,heavy,3102,1,1.036,
28220.0,heavy,3103,0,3.481,
28223.3,heavy,3101,1,4.336,
28226.7,heavy,3102,0,1.395,
28230.0,heavy,3103,0,3.889,
28233.3,heavy,3101,1,3.095,
28236.7,heavy,3102,0,1.020,
28240.0,heavy,3103,0,4.083,
28243.3,heavy,3101,0,4.151,
28246.7,heavy,3102,1,1.215,
28250.0,heavy,3103,0,4.349,
28253.3,heavy,3101,0,2.925,
28256.7,heavy,3102,1,0.938,
28260.0,heavy,3103,0,4.090,
28263.3,heavy,3101,0,3.018,
28266.7,heavy,3102,1,1.274,
28270.0,heavy,3103,0,3.413,
28273.3,heavy,3101,0,3.068,
28276.7,heavy,3102,1,1.231,
28280.0,heavy,3103,0,3.381,
28283.3,heavy,3101,0,2.722,
28286.7,heavy,3102,1,0.682,
28290.0,heavy,3103,0,3.219,
28293.3,heavy,3101,0,5.041,
28296.7,heavy,3102,1,1.391,
28300.0,heavy,3103,0,5.309,
28300.0,light-1,3101,1,1.130,
28300.0,light-3,3103,1,2.747,
28300.0,light-4,3101,1,4.463,
28300.0,light-2,3102,1,4.739,
28300.0,light-5,3102,1,5.672,
28303.3,heavy,3103,1,4.557,
28306.7,heavy,3101,0,2.595,
28310.0,heavy,3102,0,0.743,
28313.3,heavy,3103,1,2.652,
28316.7,heavy,3101,0,2.976,
28320.0,heavy,3102,0,0.803,
28323.3,heavy,3103,0,3.193,
28326.7,heavy,3101,0,3.767,
28330.0,heavy,3102,1,1.181,
28333.3,heavy,3103,0,3.311,
28336.7,heavy,3101,1,3.177,
28340.0,heavy,3102,0,1.376,
28343.3,heavy,3103,1,3.187,
28346.7,heavy,3101,0,3.346,
28350.0,heavy,3102,0,1.243,
28353.3,heavy,3103,0,2.836,
28356.7,heavy,3101,1,2.591,
28360.0,heavy,3102,0,1.085,
28363.3,heavy,3103,1,4.109,
28366.7,heavy,3101,0,3.902,
28370.0,heavy,3102,1,1.334,
28373.3,heavy,3103,0,4.535,
28376.7,heavy,3101,0,4.361,
28380.0,heavy,3102,0,0.914,
28383.3,heavy,3103,0,3.616,
28386.7,heavy,3101,0,2.507,
28390.0,heavy,3102,1,1.046,
28393.3,heavy,3103,1,3.068,
28396.7,heavy,3101,0,2.253,
28400.0,heavy,3102,0,2.320,
28400.0,light-5,3101,1,2.286,
28400.0,light-2,3101,1,4.268,
28400.0,light-1,3103,1,4.834,
28400.0,light-3,3102,1,4.971,
28400.0,light-4,3103,1,5.647,
28403.3,heavy,3102,0,1.200,
28406.7,heavy,3103,0,3.820,
28410.0,heavy,3101,1,3.398,
28413.3,heavy,3102,1,1.393,
28416.7,heavy,3103,0,4.078,
28420.0,heavy,3101,0,3.805,
28423.3,heavy,3102,0,1.184,
28426.7,heavy,3103,1,3.108,
28430.0,heavy,3101,0,3.118,
28433.3,heavy,3102,1,1.620,
28436.7,heavy,3103,0,5.300,
28440.0,heavy,3101,0,5.724,
28443.3,heavy,3102,1,1.993,
28446.7,heavy,3103,0,5.882,
28450.0,heavy,3101,0,5.217,
28453.3,heavy,3102,0,0.916,
28456.7,heavy,3103,1,4.955,
28460.0,heavy,3101,0,3.593,
28463.3,heavy,3102,1,1.683,
28466.7,heavy,3103,0,4.637,
28470.0,heavy,3101,0,3.948,
28473.3,heavy,3102,1,1.219,
28476.7,heavy,3103,0,4.301,
28480.0,heavy,3101,0,3.734,
28483.3,heavy,3102,1,1.235,
28486.7,heavy,3103,0,3.410,
28490.0,heavy,3101,0,2.728,
28493.3,heavy,3102,0,1.219,
28496.7,heavy,3103,1,2.555,
28500.0,heavy,3101,0,6.251,
28500.0,light-1,3101,1,2.392,
28500.0,light-3,3103,1,2.520,
28500.0,light-2,3102,1,6.358,
28500.0,light-4,3101,1,6.989,
28500.0,light-5,3102,1,7.476,
28503.3,heavy,3102,1,1.522,
28506.7,heavy,3103,0,6.402,
28510.0,heavy,3103,0,5.894,
28513.3,heavy,3101,0,3.677,
28516.7,heavy,3102,1,1.709,
28520.0,heavy,3103,0,9.637,
28523.3,heavy,3101,1,7.755,
28526.7,heavy,3102,1,6.067,
28530.0,heavy,3103,1,9.510,
28533.3,heavy,3101,0,8.531,
28536.7,heavy,3102,1,5.990,
28540.0,heavy,3103,0,9.434,
28543.3,heavy,3101,0,8.560,
28546.7,heavy,3102,0,6.984,
28550.0,heavy,3103,0,9.781,
28553.3,heavy,3101,0,3.876,
28556.7,heavy,3102,0,3.281,
28560.0,heavy,3103,0,2.173,
28563.3,heavy,3101,0,2.263,
28566.7,heavy,3102,1,0.737,
28570.0,heavy,3103,0,2.142,
28573.3,heavy,3101,0,1.931,
28576.7,heavy,3102,1,1.012,
28580.0,heavy,3103,0,2.654,
28583.3,heavy,3101,0,2.455,
28586.7,heavy,3102,1,0.782,
28590.0,heavy,3103,0,5.050,
28593.3,heavy,3101,0,4.451,
28596.7,heavy,3102,1,1.189,
28600.0,heavy,3103,0,5.146,
28600.0,light-1,3101,1,1.848,
28600.0,light-3,3103,1,2.492,
28600.0,light-2,3102,1,4.830,
28600.0,light-4,3101,1,4.872,
28600.0,light-5,3102,1,5.658,
28603.3,heavy,3103,1,4.856,
28606.7,heavy,3101,0,2.526,
28610.0,heavy,3102,1,1.495,
28613.3,heavy,3103,0,4.101,
28616.7,heavy,3101,0,4.574,
28620.0,heavy,3102,0,0.952,
28623.3,heavy,3103,0,2.778,
28626.7,heavy,3101,0,3.593,
28630.0,heavy,3102,1,2.458,
28633.3,heavy,3103,1,3.556,
28636.7,heavy,3101,0,2.673,
28640.0,heavy,3102,1,1.202,
28643.3,heavy,3103,0,3.098,
28646.7,heavy,3101,0,2.214,
28650.0,heavy,3102,0,0.927,
28653.3,heavy,3103,0,4.246,
28656.7,heavy,3101,1,3.379,
28660.0,heavy,3102,1,2.031,
28663.3,heavy,3103,0,4.889,
28666.7,heavy,3101,0,4.494,
28670.0,heavy,3102,0,1.144,
28673.3,heavy,3103,0,3.108,
28676.7,heavy,3101,1,3.132,
28680.0,heavy,3102,0,1.135,
28683.3,heavy,3103,1,3.685,
28686.7,heavy,3101,0,2.769,
28690.0,heavy,3102,0,1.071,
28693.3,heavy,3103,1,3.676,
28696.7,heavy,3101,0,3.400,
28700.0,heavy,3102,0,1.613,
28700.0,light-5,3101,1,2.759,
28700.0,light-2,3101,1,5.415,
28700.0,light-1,3103,1,6.171,
28700.0,light-3,3102,1,6.220,
28700.0,light-4,3103,1,6.332,
28703.3,heavy,3102,0,2.211,
28706.7,heavy,3103,1,4.273,
28710.0,heavy,3101,0,3.320,
28713.3,heavy,3102,0,1.133,
28716.7,heavy,3103,1,3.739,
28720.0,heavy,3101,0,3.695,
28723.3,heavy,3102,1,1.295,
28726.7,heavy,3103,0,3.548,
28730.0,heavy,3101,0,3.390,
28733.3,heavy,3102,0,1.545,
28736.7,heavy,3103,0,6.075,
28740.0,heavy,3101,1,6.044,
28743.3,heavy,3102,1,2.060,
28746.7,heavy,3103,0,6.618,
28750.0,heavy,3101,0,4.793,
28753.3,heavy,3102,1,1.356,
28756.7,heavy,3103,0,3.794,
28760.0,heavy,3101,0,3.868,
28763.3,heavy,3102,0,1.509,
28766.7,heavy,3103,1,4.445,
28770.0,heavy,3101,0,3.324,
28773.3,heavy,3102,0,1.071,
28776.7,heavy,3103,0,3.946,
28780.0,heavy,3101,1,3.121,
28783.3,heavy,3102,1,1.241,
28786.7,heavy,3103,0,3.690,
28790.0,heavy,3101,0,3.778,
28793.3,heavy,3102,0,1.295,
28796.7,heavy,3103,1,3.138,
28800.0,heavy,3101,0,3.994,
28800.0,light-2,3103,1,0.935,
28800.0,light-4,3102,1,1.966,
28800.0,light-1,3102,1,4.057,
28800.0,light-5,3103,1,4.064,
28800.0,light-3,3101,1,5.477,
28803.3,heavy,3101,1,4.461,
28806.7,heavy,3102,0,0.791,
28810.0,heavy,3103,0,18.974,
28813.3,heavy,3101,1,4.547,
28816.7,heavy,3102,0,3.206,
28820.0,heavy,3103,1,18.831,
28823.3,heavy,3101,0,4.063,
28826.7,heavy,3102,1,1.344,
28830.0,heavy,3103,0,11.584,
28833.3,heavy,3101,0,3.082,
28836.7,heavy,3102,0,1.471,
28840.0,heavy,3103,0,4.098,
28843.3,heavy,3101,0,3.626,
28846.7,heavy,3102,1,1.318,
28850.0,heavy,3103,0,9.119,
28853.3,heavy,3101,0,5.947,
28856.7,heavy,3102,1,4.185,
28860.0,heavy,3103,0,10.449,
28863.3,heavy,3101,0,4.356,
28866.7,heavy,3102,1,1.483,
28870.0,heavy,3103,0,3.340,
28873.3,heavy,3101,1,3.662,
28876.7,heavy,3102,0,1.492,
28880.0,heavy,3103,0,3.920,
28883.3,heavy,3101,1,3.755,
28886.7,heavy,3102,0,1.489,
28890.0,heavy,3103,0,3.374,
28893.3,heavy,3101,0,3.543,
28896.7,heavy,3102,1,2.259,
28900.0,heavy,3103,0,6.550,
28900.0,light-1,3101,1,1.739,
28900.0,light-3,3103,1,3.398,
28900.0,light-4,3101,1,6.340,
28900.0,light-2,3102,1,6.904,
28900.0,light-5,3102,1,6.886,
28903.3,heavy,3103,1,4.929,
28906.7,heavy,3101,0,3.864,
28910.0,heavy,3102,0,0.944,
28913.3,heavy,3103,0,3.449,
28916.7,heavy,3101,0,2.912,
28920.0,heavy,3102,1,1.044,
28923.3,heavy,3103,0,2.980,
28926.7,heavy,3101,1,3.694,
28930.0,heavy,3102,1,1.112,
28933.3,heavy,3103,0,2.928,
28936.7,heavy,3101,0,3.984,
28940.0,heavy,3102,0,0.818,
28943.3,heavy,3103,0,3.404,
28946.7,heavy,3101,0,2.650,
28950.0,heavy,3102,1,1.041,
28953.3,heavy,3103,0,2.887,
28956.7,heavy,3101,1,2.385,
28960.0,heavy,3102,1,1.261,
28963.3,heavy,3103,0,2.444,
28966.7,heavy,3101,0,3.241,
28970.0,heavy,3102,0,1.009,
28973.3,heavy,3103,1,4.004,
28976.7,heavy,3101,1,3.903,
28980.0,heavy,3102,0,2.863,
28983.3,heavy,3103,0,5.090,
28986.7,heavy,3101,0,2.503,
28990.0,heavy,3102,1,1.617,
28993.3,heavy,3103,0,6.195,
28996.7,heavy,3101,0,8.642,
29000.0,heavy,3102,0,3.181,
29000.0,light-5,3101,1,3.832,
29000.0,light-2,3101,1,6.594,
29000.0,light-1,3103,1,7.138,
29000.0,light-4,3103,1,7.256,
29000.0,light-3,3102,1,8.609,
29003.3,heavy,3102,0,2.380,
29006.7,heavy,3103,1,3.449,
29010.0,heavy,3101,0,2.945,
29013.3,heavy,3102,0,0.905,
29016.7,heavy,3103,1,4.903,
29020.0,heavy,3101,0,6.077,
29023.3,heavy,3102,1,1.735,
29026.7,heavy,3103,0,5.404,
29030.0,heavy,3101,0,7.176,
29033.3,heavy,3102,0,1.086,
29036.7,heavy,3103,1,2.977,
29040.0,heavy,3101,0,3.005,
29043.3,heavy,3102,0,1.064,
29046.7,heavy,3103,1,3.386,
29050.0,heavy,3101,0,3.673,
29053.3,heavy,3102,1,1.172,
29056.7,heavy,3103,0,3.700,
29060.0,heavy,3101,0,3.774,
29063.3,heavy,3102,0,0.836,
29066.7,heavy,3103,1,3.213,
29070.0,heavy,3101,0,2.833,
29073.3,heavy,3102,1,0.924,
29076.7,heavy,3103,0,3.453,
29080.0,heavy,3101,0,2.554,
29083.3,heavy,3102,1,1.074,
29086.7,heavy,3103,0,3.443,
29090.0,heavy,3101,0,2.794,
29093.3,heavy,3102,0,1.024,
29096.7,heavy,3103,1,6.589,
29100.0,heavy,3101,0,3.943,
29100.0,light-5,3101,1,2.898,
29100.0,light-3,3102,1,5.466,
29100.0,light-2,3101,1,6.043,
29100.0,light-1,3103,1,6.600,
29100.0,light-4,3103,1,8.203,
29103.3,heavy,3102,1,1.422,
29106.7,heavy,3102,0,2.064,
29110.0,heavy,3103,0,5.418,
29113.3,heavy,3101,0,3.291,
29116.7,heavy,3102,1,1.111,
29120.0,heavy,3103,1,4.504,
29123.3,heavy,3101,0,3.975,
29126.7,heavy,3102,1,1.497,
29130.0,heavy,3103,0,4.633,
29133.3,heavy,3101,0,4.457,
29136.7,heavy,3102,0,1.289,
29140.0,heavy,3103,1,4.658,
29143.3,heavy,3101,0,4.899,
29146.7,heavy,3102,0,1.227,
29150.0,heavy,3103,0,3.649,
29153.3,heavy,3101,0,3.366,
29156.7,heavy,3102,1,1.337,
29160.0,heavy,3103,0,3.718,
29163.3,heavy,3101,0,4.035,
29166.7,heavy,3102,1,1.250,
29170.0,heavy,3103,0,2.829,
29173.3,heavy,3101,0,3.274,
29176.7,heavy,3102,1,0.941,
29180.0,heavy,3103,0,3.432,
29183.3,heavy,3101,1,3.324,
29186.7,heavy,3102,0,1.420,
29190.0,heavy,3103,0,3.839,
29193.3,heavy,3101,1,3.610,
29196.7,heavy,3102,0,1.291,
29200.0,heavy,3103,1,12.057,
29200.0,light-4,3102,1,4.026,
29200.0,light-2,3103,1,5.419,
29200.0,light-1,3102,1,6.875,
29200.0,light-3,3101,1,13.244,
29200.0,light-5,3103,1,13.256,
29203.3,heavy,3101,0,6.385,
29206.7,heavy,3102,1,2.300,
29210.0,heavy,3103,0,12.855,
29213.3,heavy,3101,0,7.136,
29216.7,heavy,3101,0,4.833,
29220.0,heavy,3102,0,1.033,
29223.3,heavy,3103,0,4.106,
29226.7,heavy,3101,1,2.699,
29230.0,heavy,3102,1,1.862,
29233.3,heavy,3103,0,3.917,
29236.7,heavy,3101,0,4.024,
29240.0,heavy,3102,1,1.662,
29243.3,heavy,3103,0,4.176,
29246.7,heavy,3101,0,3.114,
29250.0,heavy,3102,0,1.318,
29253.3,heavy,3103,0,3.692,
29256.7,heavy,3101,0,2.970,
29260.0,heavy,3102,1,1.183,
29263.3,heavy,3103,0,2.880,
29266.7,heavy,3101,0,4.267,
29270.0,heavy,3102,1,1.158,
29273.3,heavy,3103,1,2.798,
29276.7,heavy,3101,0,3.599,
29280.0,heavy,3102,0,1.168,
29283.3,heavy,3103,0,3.398,
29286.7,heavy,3101,0,2.686,
29290.0,heavy,3102,1,1.142,
29293.3,heavy,3103,0,3.479,
29296.7,heavy,3101,1,3.060,
29300.0,heavy,3102,0,1.521,
29300.0,light-5,3101,1,2.634,
29300.0,light-2,3101,1,4.866,
29300.0,light-1,3103,1,5.475,
29300.0,light-3,3102,1,5.512,
29300.0,light-4,3103,1,5.632,
29303.3,heavy,3102,0,0.906,
29306.7,heavy,3103,1,4.665,
29310.0,heavy,3101,0,3.834,
29313.3,heavy,3102,1,1.320,
29316.7,heavy,3103,0,4.460,
29320.0,heavy,3101,0,4.985,
29323.3,heavy,3102,1,1.430,
29326.7,heavy,3103,0,2.424,
29330.0,heavy,3101,0,2.985,
29333.3,heavy,3102,1,1.180,
29336.7,heavy,3103,0,3.094,
29340.0,heavy,3101,0,2.803,
29343.3,heavy,3102,1,1.188,
29346.7,heavy,3103,0,2.965,
29350.0,heavy,3101,0,3.418,
29353.3,heavy,3102,1,1.129,
29356.7,heavy,3103,0,4.025,
29360.0,heavy,3101,0,3.353,
29363.3,heavy,3102,1,1.057,
29366.7,heavy,3103,0,4.547,
29370.0,heavy,3101,0,2.635,
29373.3,heavy,3102,0,0.886,
29376.7,heavy,3103,1,3.099,
29380.0,heavy,3101,0,3.496,
29383.3,heavy,3102,1,1.050,
29386.7,heavy,3103,0,2.551,
29390.0,heavy,3101,0,4.502,
29393.3,heavy,3102,1,1.411,
29396.7,heavy,3103,0,4.334,
29400.0,heavy,3101,0,6.058,
29400.0,light-2,3103,1,1.094,
29400.0,light-4,3102,1,2.779,
29400.0,light-5,3103,1,5.300,
29400.0,light-1,3102,1,6.053,
29400.0,light-3,3101,1,6.097,
29403.3,heavy,3101,1,3.134,
29406.7,heavy,3102,0,0.931,
29410.0,heavy,3103,0,3.218,
29413.3,heavy,3101,0,3.463,
29416.7,heavy,3102,1,0.968,
29420.0,heavy,3103,0,3.013,
29423.3,heavy,3101,0,2.589,
29426.7,heavy,3102,1,1.124,
29430.0,heavy,3103,0,2.083,
29433.3,heavy,3101,0,4.114,
29436.7,heavy,3102,1,1.119,
29440.0,heavy,3103,1,3.204,
29443.3,heavy,3101,0,4.110,
29446.7,heavy,3102,0,1.032,
29450.0,heavy,3103,0,3.749,
29453.3,heavy,3101,0,3.134,
29456.7,heavy,3102,1,1.281,
29460.0,heavy,3103,0,3.035,
29463.3,heavy,3101,1,3.248,
29466.7,heavy,3102,0,0.952,
29470.0,heavy,3103,0,4.135,
29473.3,heavy,3101,1,3.262,
29476.7,heavy,3102,0,1.243,
29480.0,heavy,3103,0,4.167,
29483.3,heavy,3101,0,3.442,
29486.7,heavy,3102,1,2.108,
29490.0,heavy,3103,0,4.424,
29493.3,heavy,3101,0,2.752,
29496.7,heavy,3102,1,1.015,
29500.0,heavy,3103,1,5.536,
29500.0,light-4,3102,1,3.287,
29500.0,light-2,3103,1,4.114,
29500.0,light-1,3102,1,5.498,
29500.0,light-5,3103,1,7.838,
29500.0,light-3,3101,1,8.573,
29503.3,heavy,3101,0,5.538,
29506.7,heavy,3102,1,1.594,
29510.0,heavy,3103,0,6.322,
29513.3,heavy,3101,0,7.852,
29516.7,heavy,3101,0,5.942,
29520.0,heavy,3102,0,1.159,
29523.3,heavy,3103,0,2.878,
29526.7,heavy,3101,1,3.067,
29530.0,heavy,3102,0,1.031,
29533.3,heavy,3103,0,4.166,
29536.7,heavy,3101,0,3.456,
29540.0,heavy,3102,1,1.346,
29543.3,heavy,3103,1,4.004,
29546.7,heavy,3101,0,2.562,
29550.0,heavy,3102,1,1.649,
29553.3,heavy,3103,0,4.335,
29556.7,heavy,3101,0,4.534,
29560.0,heavy,3102,1,2.955,
29563.3,heavy,3103,0,5.328,
29566.7,heavy,3101,0,3.628,
29570.0,heavy,3102,0,0.908,
29573.3,heavy,3103,0,3.745,
29576.7,heavy,3101,1,3.024,
29580.0,heavy,3102,0,0.981,
29583.3,heavy,3103,0,4.585,
29586.7,heavy,3101,1,3.463,
29590.0,heavy,3102,1,1.286,
29593.3,heavy,3103,0,4.952,
29596.7,heavy,3101,0,2.664,
29600.0,heavy,3102,0,1.279,
29600.0,light-5,3101,1,2.661,
29600.0,light-4,3103,1,4.058,
29600.0,light-3,3102,1,4.614,
29600.0,light-2,3101,1,4.793,
29600.0,light-1,3103,1,4.986,
29603.3,heavy,3102,0,0.836,
29606.7,heavy,3103,0,3.455,
29610.0,heavy,3101,1,2.800,
29613.3,heavy,3102,0,0.990,
29616.7,heavy,3103,1,3.943,
29620.0,heavy,3101,0,3.276,
29623.3,heavy,3102,1,1.285,
29626.7,heavy,3103,0,4.427,
29630.0,heavy,3101,0,2.680,
29633.3,heavy,3102,1,1.367,
29636.7,heavy,3103,0,3.195,
29640.0,heavy,3101,0,3.608,
29643.3,heavy,3102,1,0.909,
29646.7,heavy,3103,0,4.667,
29650.0,heavy,3101,0,4.996,
29653.3,heavy,3102,1,1.165,
29656.7,heavy,3103,0,5.069,
29660.0,heavy,3101,0,3.538,
29663.3,heavy,3102,1,2.508,
29666.7,heavy,3103,0,3.485,
29670.0,heavy,3101,0,2.450,
29673.3,heavy,3102,0,0.737,
29676.7,heavy,3103,1,5.269,
29680.0,heavy,3101,0,3.350,
29683.3,heavy,3102,1,2.280,
29686.7,heavy,3103,0,6.957,
29690.0,heavy,3101,0,3.206,
29693.3,heavy,3102,0,1.055,
29696.7,heavy,3103,0,6.229,
29700.0,heavy,3101,1,4.717,
29700.0,light-5,3101,1,2.901,
29700.0,light-1,3103,1,4.817,
29700.0,light-3,3102,1,4.912,
29700.0,light-2,3101,1,5.302,
29700.0,light-4,3103,1,6.551,
29703.3,heavy,3102,1,1.731,
29706.7,heavy,3102,0,0.928,
29710.0,heavy,3103,0,2.333,
29713.3,heavy,3101,0,3.617,
29716.7,heavy,3102,1,1.233,
29720.0,heavy,3103,0,3.640,
29723.3,heavy,3101,0,3.271,
29726.7,heavy,3102,1,1.077,
29730.0,heavy,3103,1,3.273,
29733.3,heavy,3101,0,3.619,
29736.7,heavy,3102,0,1.025,
29740.0,heavy,3103,0,4.032,
29743.3,heavy,3101,0,3.209,
29746.7,heavy,3102,1,1.406,
29750.0,heavy,3103,0,4.433,
29753.3,heavy,3101,0,2.896,
29756.7,heavy,3102,1,1.289,
29760.0,heavy,3103,0,3.514,
29763.3,heavy,3101,1,3.054,
29766.7,heavy,3102,0,0.817,
29770.0,heavy,3103,0,4.187,
29773.3,heavy,3101,0,2.828,
29776.7,heavy,3102,1,1.331,
29780.0,heavy,3103,0,4.946,
29783.3,heavy,3101,0,2.835,
29786.7,heavy,3102,1,1.175,
29790.0,heavy,3103,0,3.299,
29793.3,heavy,3101,0,2.873,
29796.7,heavy,3102,1,1.114,
29800.0,heavy,3103,1,6.573,
29800.0,light-1,3101,1,2.888,
29800.0,light-3,3103,1,3.457,
29800.0,light-5,3102,1,6.834,
29800.0,light-4,3101,1,7.042,
29800.0,light-2,3102,1,7.958,
29803.3,heavy,3101,0,6.904,
29806.7,heavy,3102,1,1.703,
29810.0,heavy,3103,0,6.945,
29813.3,heavy,3103,0,6.263,
29816.7,heavy,3101,0,3.220,
29820.0,heavy,3102,0,0.961,
29823.3,heavy,3103,0,3.735,
29826.7,heavy,3101,1,2.975,
29830.0,heavy,3102,0,0.822,
29833.3,heavy,3103,0,4.251,
29836.7,heavy,3101,0,3.591,
29840.0,heavy,3102,1,1.416,
29843.3,heavy,3103,0,3.525,
29846.7,heavy,3101,1,2.917,
29850.0,heavy,3102,0,0.939,
29853.3,heavy,3103,1,4.648,
29856.7,heavy,3101,0,4.032,
29860.0,heavy,3102,1,1.303,
29863.3,heavy,3103,0,4.622,
29866.7,heavy,3101,0,3.413,
29870.0,heavy,3102,1,1.572,
29873.3,heavy,3103,0,2.967,
29876.7,heavy,3101,0,3.465,
29880.0,heavy,3102,0,1.495,
29883.3,heavy,3103,0,3.063,
29886.7,heavy,3101,1,3.020,
29890.0,heavy,3102,0,0.928,
29893.3,heavy,3103,1,3.098,
29896.7,heavy,3101,0,2.998,
29900.0,heavy,3102,0,1.604,
29900.0,light-5,3101,1,2.368,
29900.0,light-2,3101,1,3.939,
29900.0,light-1,3103,1,4.140,
29900.0,light-3,3102,1,4.352,
29900.0,light-4,3103,1,4.701,
29903.3,heavy,3102,0,1.197,
29906.7,heavy,3103,1,2.786,
29910.0,heavy,3101,0,4.061,
29913.3,heavy,3102,1,1.270,
29916.7,heavy,3103,0,4.293,
29920.0,heavy,3101,0,4.381,
29923.3,heavy,3102,1,1.601,
29926.7,heavy,3103,0,3.459,
29930.0,heavy,3101,0,2.849,
29933.3,heavy,3102,1,1.290,
29936.7,heavy,3103,0,2.941,
29940.0,heavy,3101,0,3.334,
29943.3,heavy,3102,0,0.847,
29946.7,heavy,3103,1,4.251,
29950.0,heavy,3101,0,3.415,
29953.3,heavy,3102,1,1.242,
29956.7,heavy,3103,0,4.095,
29960.0,heavy,3101,0,2.732,
29963.3,heavy,3102,0,0.843,
29966.7,heavy,3103,0,3.458,
29970.0,heavy,3101,1,2.699,
29973.3,heavy,3102,0,0.875,
29976.7,heavy,3103,1,3.734,
29980.0,heavy,3101,0,2.857,
29983.3,heavy,3102,1,1.276,
29986.7,heavy,3103,0,3.900,
29990.0,heavy,3101,0,2.609,
29993.3,heavy,3102,0,1.087,
29996.7,heavy,3103,1,4.126,
30000.0,heavy,3101,1,3.684,
