tMs,key,port,allowed,latencyMs,error
0.0,light-2,3103,1,1.761,
0.0,light-4,3102,1,2.989,
0.0,light-1,3102,1,5.639,
0.0,heavy,3101,1,6.154,
0.0,light-5,3103,1,5.880,
0.0,light-3,3101,1,9.616,
3.3,heavy,3101,1,8.905,
6.7,heavy,3102,1,1.770,
10.0,heavy,3103,1,4.231,
13.3,heavy,3101,1,3.768,
16.7,heavy,3102,1,1.229,
20.0,heavy,3103,1,5.991,
23.3,heavy,3101,1,3.448,
26.7,heavy,3102,1,1.170,
30.0,heavy,3103,1,3.692,
33.3,heavy,3101,1,3.840,
36.7,heavy,3102,1,1.352,
40.0,heavy,3103,1,6.808,
43.3,heavy,3101,1,5.898,
46.7,heavy,3102,1,1.735,
50.0,heavy,3103,1,7.493,
53.3,heavy,3101,1,7.651,
56.7,heavy,3102,1,1.217,
60.0,heavy,3103,1,4.624,
63.3,heavy,3101,1,3.465,
66.7,heavy,3102,1,1.149,
70.0,heavy,3103,1,5.670,
73.3,heavy,3101,1,5.656,
76.7,heavy,3102,1,1.755,
80.0,heavy,3103,1,5.741,
83.3,heavy,3101,1,5.879,
86.7,heavy,3102,1,2.102,
90.0,heavy,3103,1,5.694,
93.3,heavy,3101,1,3.301,
96.7,heavy,3102,1,1.125,
100.0,heavy,3103,1,7.224,
100.0,light-1,3101,1,1.488,
100.0,light-3,3103,1,2.808,
100.0,light-4,3101,1,5.944,
100.0,light-2,3102,1,6.326,
100.0,light-5,3102,1,7.062,
103.3,heavy,3103,1,6.006,
106.7,heavy,3101,1,4.169,
110.0,heavy,3102,1,1.223,
113.3,heavy,3103,1,3.839,
116.7,heavy,3101,1,4.083,
120.0,heavy,3102,1,1.331,
123.3,heavy,3103,1,3.786,
126.7,heavy,3101,1,3.238,
130.0,heavy,3102,1,1.290,
133.3,heavy,3103,1,6.030,
136.7,heavy,3101,1,4.856,
140.0,heavy,3102,1,1.643,
143.3,heavy,3103,1,6.255,
146.7,heavy,3101,1,5.975,
150.0,heavy,3102,1,2.070,
153.3,heavy,3103,1,4.213,
156.7,heavy,3101,1,3.681,
160.0,heavy,3102,1,1.260,
163.3,heavy,3103,1,4.844,
166.7,heavy,3101,1,5.160,
170.0,heavy,3102,1,1.870,
173.3,heavy,3103,1,5.260,
176.7,heavy,3101,1,5.400,
180.0,heavy,3102,1,1.157,
183.3,heavy,3103,1,7.126,
186.7,heavy,3101,1,3.972,
190.0,heavy,3102,1,1.621,
193.3,heavy,3103,1,7.419,
196.7,heavy,3101,1,3.731,
200.0,light-5,3101,1,3.113,
200.0,light-2,3101,1,5.901,
200.0,light-3,3102,1,6.095,
200.0,light-1,3103,1,6.429,
200.0,light-4,3103,1,7.069,
200.0,heavy,3102,1,1.673,
203.3,heavy,3102,1,1.639,
206.7,heavy,3103,1,4.107,
210.0,heavy,3101,1,3.822,
213.3,heavy,3102,1,1.204,
216.7,heavy,3103,1,3.386,
220.0,heavy,3101,1,4.105,
223.3,heavy,3102,1,1.135,
226.7,heavy,3103,1,5.660,
230.0,heavy,3101,1,4.690,
233.3,heavy,3102,1,1.354,
236.7,heavy,3103,1,6.300,
240.0,heavy,3101,1,5.309,
243.3,heavy,3102,1,2.032,
246.7,heavy,3103,1,6.832,
250.0,heavy,3101,1,5.829,
253.3,heavy,3102,1,1.686,
256.7,heavy,3103,1,5.207,
260.0,heavy,3101,1,4.415,
263.3,heavy,3102,1,1.486,
266.7,heavy,3103,1,3.974,
270.0,heavy,3101,1,3.961,
273.3,heavy,3102,1,1.297,
276.7,heavy,3103,1,6.254,
280.0,heavy,3101,1,5.329,
283.3,heavy,3102,1,1.569,
286.7,heavy,3103,1,6.306,
290.0,heavy,3101,1,4.933,
293.3,heavy,3102,1,1.567,
296.7,heavy,3103,1,4.657,
300.0,light-2,3103,1,1.802,
300.0,light-4,3102,1,3.498,
300.0,light-1,3102,1,7.137,
300.0,light-5,3103,1,7.920,
300.0,light-3,3101,1,10.061,
300.0,heavy,3101,1,8.140,
303.3,heavy,3101,1,7.895,
306.7,heavy,3102,1,1.646,
310.0,heavy,3103,1,4.473,
313.3,heavy,3101,1,4.043,
316.7,heavy,3102,1,1.595,
320.0,heavy,3103,1,5.210,
323.3,heavy,3101,1,5.688,
326.7,heavy,3102,1,1.505,
330.0,heavy,3103,1,6.109,
333.3,heavy,3101,1,4.800,
336.7,heavy,3102,1,1.622,
340.0,heavy,3103,1,4.345,
343.3,heavy,3101,1,4.673,
346.7,heavy,3102,1,1.653,
350.0,heavy,3103,1,4.181,
353.3,heavy,3101,1,3.732,
356.7,heavy,3102,1,1.676,
360.0,heavy,3103,1,3.827,
363.3,heavy,3101,1,4.770,
366.7,heavy,3102,1,1.382,
370.0,heavy,3103,1,4.327,
373.3,heavy,3101,1,3.949,
376.7,heavy,3102,1,1.411,
380.0,heavy,3103,1,5.395,
383.3,heavy,3101,1,5.817,
386.7,heavy,3102,1,1.973,
390.0,heavy,3103,1,5.964,
393.3,heavy,3101,1,4.178,
396.7,heavy,3102,1,1.512,
400.0,heavy,3103,1,6.711,
400.0,light-1,3101,1,1.890,
400.0,light-3,3103,1,3.294,
400.0,light-2,3102,1,6.001,
400.0,light-4,3101,1,6.196,
400.0,light-5,3102,1,6.747,
403.3,heavy,3103,1,6.260,
406.7,heavy,3101,1,3.776,
410.0,heavy,3102,1,1.313,
413.3,heavy,3103,1,3.971,
416.7,heavy,3101,1,4.690,
420.0,heavy,3102,1,1.699,
423.3,heavy,3103,1,4.463,
426.7,heavy,3101,1,4.062,
430.0,heavy,3102,1,1.866,
433.3,heavy,3103,1,5.444,
436.7,heavy,3101,1,6.113,
440.0,heavy,3102,1,1.607,
443.3,heavy,3103,1,6.403,
446.7,heavy,3101,1,5.894,
450.0,heavy,3102,1,1.776,
453.3,heavy,3103,1,5.350,
456.7,heavy,3101,1,3.743,
460.0,heavy,3102,1,1.231,
463.3,heavy,3103,1,3.904,
466.7,heavy,3101,1,3.481,
470.0,heavy,3102,1,1.313,
473.3,heavy,3103,1,4.813,
476.7,heavy,3101,1,3.815,
480.0,heavy,3102,1,1.172,
483.3,heavy,3103,1,5.080,
486.7,heavy,3101,1,4.294,
490.0,heavy,3102,1,1.576,
493.3,heavy,3103,1,4.304,
496.7,heavy,3101,0,3.832,
500.0,heavy,3102,0,1.648,
500.0,light-5,3101,1,2.737,
500.0,light-1,3103,1,5.638,
500.0,light-2,3101,1,5.826,
500.0,light-3,3102,1,6.350,
500.0,light-4,3103,1,6.497,
503.3,heavy,3102,1,1.548,
506.7,heavy,3103,0,3.328,
510.0,heavy,3101,0,2.753,
513.3,heavy,3102,1,1.159,
516.7,heavy,3103,0,3.619,
520.0,heavy,3101,0,3.691,
523.3,heavy,3102,1,1.497,
526.7,heavy,3103,0,3.176,
530.0,heavy,3101,0,2.953,
533.3,heavy,3102,1,1.176,
536.7,heavy,3103,0,4.259,
540.0,heavy,3101,0,4.220,
543.3,heavy,3102,1,1.052,
546.7,heavy,3103,0,4.677,
550.0,heavy,3101,0,4.048,
553.3,heavy,3102,1,1.213,
556.7,heavy,3103,0,4.245,
560.0,heavy,3101,0,4.505,
563.3,heavy,3102,1,0.928,
566.7,heavy,3103,0,4.316,
570.0,heavy,3101,1,4.552,
573.3,heavy,3102,0,0.939,
576.7,heavy,3103,0,5.573,
580.0,heavy,3101,0,4.589,
583.3,heavy,3102,1,1.396,
586.7,heavy,3103,0,4.394,
590.0,heavy,3101,0,3.994,
593.3,heavy,3102,1,1.528,
596.7,heavy,3103,0,7.617,
600.0,heavy,3101,1,8.310,
600.0,light-4,3102,1,3.312,
600.0,light-2,3103,1,3.983,
600.0,light-1,3102,1,8.044,
600.0,light-5,3103,1,9.689,
600.0,light-3,3101,1,12.934,
603.3,heavy,3101,0,9.251,
606.7,heavy,3102,0,1.602,
610.0,heavy,3103,1,5.631,
613.3,heavy,3101,0,5.081,
616.7,heavy,3102,0,2.739,
620.0,heavy,3103,1,5.508,
623.3,heavy,3101,0,4.392,
626.7,heavy,3102,0,1.596,
630.0,heavy,3103,0,5.294,
633.3,heavy,3101,0,4.410,
636.7,heavy,3102,1,1.687,
640.0,heavy,3103,1,5.326,
643.3,heavy,3101,0,5.005,
646.7,heavy,3102,0,1.805,
650.0,heavy,3103,1,4.666,
653.3,heavy,3101,0,5.466,
656.7,heavy,3102,0,1.782,
660.0,heavy,3103,1,4.681,
663.3,heavy,3101,0,5.121,
666.7,heavy,3102,0,1.667,
670.0,heavy,3103,0,4.647,
673.3,heavy,3101,1,5.455,
676.7,heavy,3102,0,1.715,
680.0,heavy,3103,1,4.836,
683.3,heavy,3101,0,4.576,
686.7,heavy,3102,0,2.067,
690.0,heavy,3103,1,5.243,
693.3,heavy,3101,0,4.902,
696.7,heavy,3102,0,1.471,
700.0,light-1,3101,1,1.505,
700.0,light-3,3103,1,4.445,
700.0,light-5,3102,1,6.172,
700.0,light-4,3101,1,7.438,
700.0,light-2,3102,1,8.150,
700.0,heavy,3103,1,8.038,
703.3,heavy,3103,0,7.087,
706.7,heavy,3101,0,5.971,
710.0,heavy,3102,1,1.135,
713.3,heavy,3103,0,4.346,
716.7,heavy,3101,0,3.644,
720.0,heavy,3102,0,1.281,
723.3,heavy,3103,1,3.922,
726.7,heavy,3101,0,3.944,
730.0,heavy,3102,0,1.126,
733.3,heavy,3103,1,5.445,
736.7,heavy,3101,0,4.407,
740.0,heavy,3102,1,1.595,
743.3,heavy,3103,0,5.814,
746.7,heavy,3101,0,3.850,
750.0,heavy,3102,0,1.267,
753.3,heavy,3103,1,4.833,
756.7,heavy,3101,0,4.165,
760.0,heavy,3102,1,1.218,
763.3,heavy,3103,0,5.046,
766.7,heavy,3101,0,3.409,
770.0,heavy,3102,1,1.257,
773.3,heavy,3103,0,5.975,
776.7,heavy,3101,0,4.130,
780.0,heavy,3102,0,1.231,
783.3,heavy,3103,0,5.436,
786.7,heavy,3101,1,4.366,
790.0,heavy,3102,1,1.200,
793.3,heavy,3103,0,3.747,
796.7,heavy,3101,0,4.253,
800.0,light-5,3101,1,3.181,
800.0,light-3,3102,1,5.613,
800.0,light-1,3103,1,6.363,
800.0,light-2,3101,1,6.479,
800.0,light-4,3103,1,6.588,
800.0,heavy,3102,1,1.399,
803.3,heavy,3102,0,2.225,
806.7,heavy,3103,0,4.034,
810.0,heavy,3101,1,3.916,
813.3,heavy,3102,0,1.279,
816.7,heavy,3103,0,4.248,
820.0,heavy,3101,0,4.222,
823.3,heavy,3102,1,1.271,
826.7,heavy,3103,0,4.817,
830.0,heavy,3101,0,3.773,
833.3,heavy,3102,1,1.242,
836.7,heavy,3103,0,5.707,
840.0,heavy,3101,0,3.289,
843.3,heavy,3102,1,1.451,
846.7,heavy,3103,0,5.195,
850.0,heavy,3101,1,4.201,
853.3,heavy,3102,0,1.687,
856.7,heavy,3103,0,3.308,
860.0,heavy,3101,0,4.328,
863.3,heavy,3102,1,1.024,
866.7,heavy,3103,0,3.346,
870.0,heavy,3101,0,3.131,
873.3,heavy,3102,1,0.853,
876.7,heavy,3103,1,4.199,
880.0,heavy,3101,0,4.573,
883.3,heavy,3102,0,1.157,
886.7,heavy,3103,0,2.832,
890.0,heavy,3101,0,2.581,
893.3,heavy,3102,1,1.291,
896.7,heavy,3103,0,3.345,
900.0,light-2,3103,1,1.515,
900.0,light-4,3102,1,2.933,
900.0,light-1,3102,1,5.537,
900.0,light-5,3103,1,7.378,
900.0,light-3,3101,1,8.126,
900.0,heavy,3101,1,7.402,
903.3,heavy,3101,0,8.123,
906.7,heavy,3102,0,1.163,
910.0,heavy,3103,0,3.800,
913.3,heavy,3101,1,3.875,
916.7,heavy,3102,0,1.250,
920.0,heavy,3103,0,4.868,
923.3,heavy,3101,0,3.653,
926.7,heavy,3102,1,1.496,
930.0,heavy,3103,1,4.509,
933.3,heavy,3101,0,3.352,
936.7,heavy,3102,0,1.262,
940.0,heavy,3103,1,3.668,
943.3,heavy,3101,0,3.971,
946.7,heavy,3102,0,0.986,
950.0,heavy,3103,0,3.312,
953.3,heavy,3101,1,3.450,
956.7,heavy,3102,0,1.090,
960.0,heavy,3103,0,3.616,
963.3,heavy,3101,1,3.964,
966.7,heavy,3102,0,1.021,
970.0,heavy,3103,0,4.848,
973.3,heavy,3101,1,3.994,
976.7,heavy,3102,0,1.173,
980.0,heavy,3103,1,4.084,
983.3,heavy,3101,0,3.754,
986.7,heavy,3102,0,1.336,
990.0,heavy,3103,0,3.462,
993.3,heavy,3101,1,3.560,
996.7,heavy,3102,0,0.972,
1000.0,light-2,3103,1,2.673,
1000.0,light-4,3102,1,2.906,
1000.0,light-1,3102,1,6.996,
1000.0,light-5,3103,1,8.486,
1000.0,light-3,3101,1,9.545,
1000.0,heavy,3103,1,5.681,
1003.3,heavy,3101,0,6.825,
1006.7,heavy,3101,0,8.329,
1010.0,heavy,3102,0,1.875,
1013.3,heavy,3103,1,3.552,
1016.7,heavy,3101,0,4.112,
1020.0,heavy,3102,0,1.270,
1023.3,heavy,3103,1,5.168,
1026.7,heavy,3101,0,4.179,
1030.0,heavy,3102,1,1.540,
1033.3,heavy,3103,0,6.308,
1036.7,heavy,3101,0,4.936,
1040.0,heavy,3102,0,1.209,
1043.3,heavy,3103,1,3.762,
1046.7,heavy,3101,0,3.655,
1050.0,heavy,3102,0,1.057,
1053.3,heavy,3103,0,4.020,
1056.7,heavy,3101,1,3.200,
1060.0,heavy,3102,0,1.068,
1063.3,heavy,3103,1,3.405,
1066.7,heavy,3101,0,4.825,
1070.0,heavy,3102,0,1.343,
1073.3,heavy,3103,0,4.819,
1076.7,heavy,3101,1,5.265,
1080.0,heavy,3102,1,1.482,
1083.3,heavy,3103,0,6.361,
1086.7,heavy,3101,0,6.107,
1090.0,heavy,3102,0,1.692,
1093.3,heavy,3103,1,4.637,
1096.7,heavy,3101,0,3.178,
1100.0,light-5,3101,1,3.215,
1100.0,light-2,3101,1,5.317,
1100.0,light-3,3102,1,5.834,
1100.0,light-1,3103,1,6.027,
1100.0,light-4,3103,1,6.414,
1100.0,heavy,3102,0,1.571,
1103.3,heavy,3102,1,1.075,
1106.7,heavy,3103,0,4.072,
1110.0,heavy,3101,0,2.888,
1113.3,heavy,3102,1,1.256,
1116.7,heavy,3103,0,3.825,
1120.0,heavy,3101,0,4.109,
1123.3,heavy,3102,1,1.066,
1126.7,heavy,3103,0,4.210,
1130.0,heavy,3101,0,4.568,
1133.3,heavy,3102,1,1.303,
1136.7,heavy,3103,0,3.405,
1140.0,heavy,3101,1,3.406,
1143.3,heavy,3102,0,1.327,
1146.7,heavy,3103,0,4.480,
1150.0,heavy,3101,0,3.397,
1153.3,heavy,3102,1,1.294,
1156.7,heavy,3103,0,7.577,
1160.0,heavy,3101,0,5.084,
1163.3,heavy,3102,1,1.151,
1166.7,heavy,3103,0,7.334,
1170.0,heavy,3101,1,3.621,
1173.3,heavy,3102,0,1.097,
1176.7,heavy,3103,0,4.455,
1180.0,heavy,3101,1,3.703,
1183.3,heavy,3102,0,1.106,
1186.7,heavy,3103,0,5.181,
1190.0,heavy,3101,0,3.602,
1193.3,heavy,3102,1,1.446,
1196.7,heavy,3103,0,5.996,
1200.0,light-4,3102,1,2.831,
1200.0,light-2,3103,1,3.031,
1200.0,light-1,3102,1,4.614,
1200.0,light-5,3103,1,7.584,
1200.0,light-3,3101,1,8.299,
1200.0,heavy,3101,1,4.972,
1203.3,heavy,3101,0,6.401,
1206.7,heavy,3102,0,1.323,
1210.0,heavy,3103,0,3.676,
1213.3,heavy,3101,1,3.258,
1216.7,heavy,3102,0,1.125,
1220.0,heavy,3103,0,5.669,
1223.3,heavy,3101,0,4.058,
1226.7,heavy,3102,1,1.514,
1230.0,heavy,3103,0,4.738,
1233.3,heavy,3101,1,3.233,
1236.7,heavy,3102,0,1.378,
1240.0,heavy,3103,0,5.535,
1243.3,heavy,3101,1,4.653,
1246.7,heavy,3102,0,1.112,
1250.0,heavy,3103,0,5.088,
1253.3,heavy,3101,0,4.052,
1256.7,heavy,3102,1,1.709,
1260.0,heavy,3103,1,4.028,
1263.3,heavy,3101,0,3.319,
1266.7,heavy,3102,0,0.964,
1270.0,heavy,3103,1,3.802,
1273.3,heavy,3101,0,4.193,
1276.7,heavy,3102,0,1.013,
1280.0,heavy,3103,0,3.204,
1283.3,heavy,3101,1,3.848,
1286.7,heavy,3102,0,1.073,
1290.0,heavy,3103,1,3.923,
1293.3,heavy,3101,0,3.629,
1296.7,heavy,3102,0,1.427,
1300.0,heavy,3103,1,5.999,
1300.0,light-1,3101,1,1.204,
1300.0,light-3,3103,1,2.826,
1300.0,light-4,3101,1,5.228,
1300.0,light-2,3102,1,5.451,
1300.0,light-5,3102,1,6.234,
1303.3,heavy,3103,0,5.477,
1306.7,heavy,3101,0,5.646,
1310.0,heavy,3102,1,1.260,
1313.3,heavy,3103,0,3.808,
1316.7,heavy,3101,0,4.070,
1320.0,heavy,3102,1,1.001,
1323.3,heavy,3103,0,4.719,
1326.7,heavy,3101,0,4.696,
1330.0,heavy,3102,1,1.379,
1333.3,heavy,3103,0,5.942,
1336.7,heavy,3101,0,6.473,
1340.0,heavy,3102,0,1.908,
1343.3,heavy,3103,1,5.866,
1346.7,heavy,3101,0,4.189,
1350.0,heavy,3102,0,1.397,
1353.3,heavy,3103,1,3.716,
1356.7,heavy,3101,0,3.568,
1360.0,heavy,3102,0,0.980,
1363.3,heavy,3103,1,3.750,
1366.7,heavy,3101,0,4.146,
1370.0,heavy,3102,1,1.104,
1373.3,heavy,3103,0,3.065,
1376.7,heavy,3101,0,3.688,
1380.0,heavy,3102,0,1.462,
1383.3,heavy,3103,1,3.258,
1386.7,heavy,3101,0,3.448,
1390.0,heavy,3102,0,0.969,
1393.3,heavy,3103,0,5.085,
1396.7,heavy,3101,1,3.567,
1400.0,heavy,3102,1,1.409,
1400.0,light-1,3101,1,1.499,
1400.0,light-3,3103,1,2.398,
1400.0,light-2,3102,1,5.852,
1400.0,light-4,3101,1,5.938,
1400.0,light-5,3102,1,6.431,
1403.3,heavy,3103,0,5.368,
1406.7,heavy,3103,0,3.495,
1410.0,heavy,3101,0,3.215,
1413.3,heavy,3102,1,0.838,
1416.7,heavy,3103,1,4.554,
1420.0,heavy,3101,0,4.704,
1423.3,heavy,3102,1,1.470,
1426.7,heavy,3103,0,5.677,
1430.0,heavy,3101,0,6.021,
1433.3,heavy,3102,0,1.516,
1436.7,heavy,3103,0,3.562,
1440.0,heavy,3101,0,3.895,
1443.3,heavy,3102,1,1.019,
1446.7,heavy,3103,0,4.711,
1450.0,heavy,3101,1,5.374,
1453.3,heavy,3102,1,1.447,
1456.7,heavy,3103,0,5.461,
1460.0,heavy,3101,0,5.541,
1463.3,heavy,3102,0,1.400,
1466.7,heavy,3103,0,3.882,
1470.0,heavy,3101,0,3.680,
1473.3,heavy,3102,1,1.025,
1476.7,heavy,3103,0,3.717,
1480.0,heavy,3101,0,3.523,
1483.3,heavy,3102,1,1.114,
1486.7,heavy,3103,1,3.465,
1490.0,heavy,3101,0,3.578,
1493.3,heavy,3102,0,0.864,
1496.7,heavy,3103,0,2.457,
1500.0,heavy,3101,1,6.378,
1500.0,light-1,3101,1,2.944,
1500.0,light-3,3103,1,3.127,
1500.0,light-4,3101,1,6.760,
1500.0,light-2,3102,1,6.932,
1500.0,light-5,3102,1,7.908,
1503.3,heavy,3102,1,1.439,
1506.7,heavy,3103,0,6.684,
1510.0,heavy,3103,0,5.696,
1513.3,heavy,3101,0,3.220,
1516.7,heavy,3102,0,0.877,
1520.0,heavy,3103,1,3.842,
1523.3,heavy,3101,0,4.185,
1526.7,heavy,3102,0,1.162,
1530.0,heavy,3103,0,5.340,
1533.3,heavy,3101,0,4.369,
1536.7,heavy,3102,1,1.356,
1540.0,heavy,3103,1,4.736,
1543.3,heavy,3101,0,3.624,
1546.7,heavy,3102,0,1.540,
1550.0,heavy,3103,1,3.528,
1553.3,heavy,3101,0,3.758,
1556.7,heavy,3102,0,0.913,
1560.0,heavy,3103,0,3.365,
1563.3,heavy,3101,1,3.663,
1566.7,heavy,3102,0,1.335,
1570.0,heavy,3103,1,3.634,
1573.3,heavy,3101,0,4.284,
1576.7,heavy,3102,0,1.345,
1580.0,heavy,3103,0,3.247,
1583.3,heavy,3101,1,3.498,
1586.7,heavy,3102,0,1.279,
1590.0,heavy,3103,1,6.719,
1593.3,heavy,3101,0,5.844,
1596.7,heavy,3102,1,1.462,
1600.0,heavy,3103,0,7.554,
1600.0,light-1,3101,1,2.547,
1600.0,light-3,3103,1,3.750,
1600.0,light-2,3102,1,6.147,
1600.0,light-4,3101,1,6.804,
1600.0,light-5,3102,1,7.183,
1603.3,heavy,3103,0,6.302,
1606.7,heavy,3101,0,4.145,
1610.0,heavy,3102,0,1.124,
1613.3,heavy,3103,1,3.603,
1616.7,heavy,3101,0,3.535,
1620.0,heavy,3102,0,1.101,
1623.3,heavy,3103,1,3.679,
1626.7,heavy,3101,0,4.629,
1630.0,heavy,3102,0,1.186,
1633.3,heavy,3103,1,3.397,
1636.7,heavy,3101,0,3.428,
1640.0,heavy,3102,0,1.293,
1643.3,heavy,3103,1,3.999,
1646.7,heavy,3101,0,4.631,
1650.0,heavy,3102,0,1.585,
1653.3,heavy,3103,1,3.348,
1656.7,heavy,3101,0,3.841,
1660.0,heavy,3102,0,1.268,
1663.3,heavy,3103,1,3.314,
1666.7,heavy,3101,0,3.255,
1670.0,heavy,3102,0,1.271,
1673.3,heavy,3103,0,3.473,
1676.7,heavy,3101,0,3.441,
1680.0,heavy,3102,1,1.325,
1683.3,heavy,3103,0,4.810,
1686.7,heavy,3101,1,3.652,
1690.0,heavy,3102,1,1.356,
1693.3,heavy,3103,0,6.124,
1696.7,heavy,3101,0,3.750,
1700.0,heavy,3102,0,1.384,
1700.0,light-5,3101,1,2.678,
1700.0,light-2,3101,1,5.292,
1700.0,light-1,3103,1,5.946,
1700.0,light-3,3102,1,5.932,
1700.0,light-4,3103,1,6.425,
1703.3,heavy,3102,1,1.109,
1706.7,heavy,3103,0,4.199,
1710.0,heavy,3101,0,3.312,
1713.3,heavy,3102,1,1.445,
1716.7,heavy,3103,0,6.956,
1720.0,heavy,3101,0,3.508,
1723.3,heavy,3102,1,1.371,
1726.7,heavy,3103,0,6.086,
1730.0,heavy,3101,1,3.632,
1733.3,heavy,3102,0,0.949,
1736.7,heavy,3103,0,3.526,
1740.0,heavy,3101,0,3.331,
1743.3,heavy,3102,1,1.054,
1746.7,heavy,3103,0,5.135,
1750.0,heavy,3101,0,4.192,
1753.3,heavy,3102,1,1.330,
1756.7,heavy,3103,0,4.994,
1760.0,heavy,3101,0,3.407,
1763.3,heavy,3102,1,0.982,
1766.7,heavy,3103,1,3.911,
1770.0,heavy,3101,0,4.133,
1773.3,heavy,3102,0,0.997,
1776.7,heavy,3103,0,4.824,
1780.0,heavy,3101,0,5.194,
1783.3,heavy,3102,1,2.075,
1786.7,heavy,3103,0,5.230,
1790.0,heavy,3101,0,4.485,
1793.3,heavy,3102,1,1.127,
1796.7,heavy,3103,1,5.219,
1800.0,heavy,3101,0,6.362,
1800.0,light-2,3103,1,2.967,
1800.0,light-4,3102,1,3.495,
1800.0,light-1,3102,1,5.439,
1800.0,light-5,3103,1,8.859,
1800.0,light-3,3101,1,12.873,
1803.3,heavy,3101,0,10.918,
1806.7,heavy,3102,0,1.539,
1810.0,heavy,3103,1,3.083,
1813.3,heavy,3101,0,7.202,
1816.7,heavy,3102,0,1.002,
1820.0,heavy,3103,1,2.617,
1823.3,heavy,3101,0,8.164,
1826.7,heavy,3102,1,1.442,
1830.0,heavy,3103,0,8.521,
1833.3,heavy,3101,0,3.920,
1836.7,heavy,3102,0,1.172,
1840.0,heavy,3103,1,3.029,
1843.3,heavy,3101,0,2.679,
1846.7,heavy,3102,0,0.801,
1850.0,heavy,3103,1,4.928,
1853.3,heavy,3101,0,4.047,
1856.7,heavy,3102,1,1.431,
1860.0,heavy,3103,0,4.721,
1863.3,heavy,3101,0,4.802,
1866.7,heavy,3102,0,0.976,
1870.0,heavy,3103,0,4.868,
1873.3,heavy,3101,0,3.854,
1876.7,heavy,3102,1,1.505,
1880.0,heavy,3103,0,5.620,
1883.3,heavy,3101,1,3.311,
1886.7,heavy,3102,0,1.220,
1890.0,heavy,3103,0,4.755,
1893.3,heavy,3101,1,3.822,
1896.7,heavy,3102,0,1.741,
1900.0,heavy,3103,1,5.535,
1900.0,light-1,3101,1,1.266,
1900.0,light-3,3103,1,2.737,
1900.0,light-2,3102,1,5.872,
1900.0,light-4,3101,1,5.928,
1900.0,light-5,3102,1,6.477,
1903.3,heavy,3103,0,3.663,
1906.7,heavy,3101,0,3.481,
1910.0,heavy,3102,0,1.197,
1913.3,heavy,3103,1,3.295,
1916.7,heavy,3101,0,3.035,
1920.0,heavy,3102,1,1.261,
1923.3,heavy,3103,0,3.547,
1926.7,heavy,3101,0,2.975,
1930.0,heavy,3102,0,0.902,
1933.3,heavy,3103,1,5.004,
1936.7,heavy,3101,0,4.194,
1940.0,heavy,3102,1,1.464,
1943.3,heavy,3103,0,5.832,
1946.7,heavy,3101,0,4.015,
1950.0,heavy,3102,0,1.206,
1953.3,heavy,3103,1,3.893,
1956.7,heavy,3101,0,4.227,
1960.0,heavy,3102,0,1.114,
1963.3,heavy,3103,1,4.686,
1966.7,heavy,3101,0,3.640,
1970.0,heavy,3102,1,1.360,
1973.3,heavy,3103,0,5.174,
1976.7,heavy,3101,0,3.996,
1980.0,heavy,3102,0,1.144,
1983.3,heavy,3103,1,3.532,
1986.7,heavy,3101,0,4.065,
1990.0,heavy,3102,1,1.204,
1993.3,heavy,3103,0,3.319,
1996.7,heavy,3101,0,3.273,
2000.0,heavy,3102,0,1.402,
2000.0,light-5,3101,1,2.709,
2000.0,light-2,3101,1,4.943,
2000.0,light-1,3103,1,5.264,
2000.0,light-3,3102,1,5.345,
2000.0,light-4,3103,1,5.974,
2003.3,heavy,3102,1,1.122,
2006.7,heavy,3103,0,3.319,
2010.0,heavy,3101,0,3.308,
2013.3,heavy,3102,1,1.110,
2016.7,heavy,3103,0,3.667,
2020.0,heavy,3101,0,3.719,
2023.3,heavy,3102,1,1.041,
2026.7,heavy,3103,0,4.466,
2030.0,heavy,3101,0,3.527,
2033.3,heavy,3102,1,1.472,
2036.7,heavy,3103,0,3.772,
2040.0,heavy,3101,0,3.757,
2043.3,heavy,3102,1,1.292,
2046.7,heavy,3103,0,3.594,
2050.0,heavy,3101,0,3.905,
2053.3,heavy,3102,1,1.000,
2056.7,heavy,3103,0,4.084,
2060.0,heavy,3101,0,3.213,
2063.3,heavy,3102,1,1.167,
2066.7,heavy,3103,0,4.664,
2070.0,heavy,3101,0,3.437,
2073.3,heavy,3102,1,0.850,
2076.7,heavy,3103,1,4.117,
2080.0,heavy,3101,0,4.478,
2083.3,heavy,3102,0,1.145,
2086.7,heavy,3103,0,5.613,
2090.0,heavy,3101,0,4.115,
2093.3,heavy,3102,1,1.352,
2096.7,heavy,3103,0,5.420,
2100.0,heavy,3101,1,6.430,
2100.0,light-2,3103,1,1.875,
2100.0,light-4,3102,1,2.365,
2100.0,light-1,3102,1,4.823,
2100.0,light-3,3101,1,7.720,
2100.0,light-5,3103,1,7.740,
2103.3,heavy,3101,0,6.903,
2106.7,heavy,3102,0,1.139,
2110.0,heavy,3103,0,3.155,
2113.3,heavy,3101,0,5.769,
2116.7,heavy,3102,1,2.133,
2120.0,heavy,3103,0,4.832,
2123.3,heavy,3101,1,6.000,
2126.7,heavy,3102,1,2.183,
2130.0,heavy,3103,0,5.041,
2133.3,heavy,3101,0,4.074,
2136.7,heavy,3102,0,1.120,
2140.0,heavy,3103,0,3.877,
2143.3,heavy,3101,1,3.133,
2146.7,heavy,3102,0,0.883,
2150.0,heavy,3103,0,4.431,
2153.3,heavy,3101,0,3.655,
2156.7,heavy,3102,1,1.416,
2160.0,heavy,3103,1,4.531,
2163.3,heavy,3101,0,3.715,
2166.7,heavy,3102,0,0.947,
2170.0,heavy,3103,1,3.778,
2173.3,heavy,3101,0,4.146,
2176.7,heavy,3102,0,1.087,
2180.0,heavy,3103,0,4.149,
2183.3,heavy,3101,1,3.686,
2186.7,heavy,3102,0,0.939,
2190.0,heavy,3103,1,4.436,
2193.3,heavy,3101,0,4.098,
2196.7,heavy,3102,0,1.810,
2200.0,heavy,3103,1,7.266,
2200.0,light-1,3101,1,1.799,
2200.0,light-3,3103,1,3.383,
2200.0,light-4,3101,1,7.234,
2200.0,light-2,3102,1,7.472,
2200.0,light-5,3102,1,10.016,
2203.3,heavy,3103,0,5.894,
2206.7,heavy,3101,0,4.725,
2210.0,heavy,3102,0,1.029,
2213.3,heavy,3103,1,6.616,
2216.7,heavy,3101,0,4.671,
2220.0,heavy,3102,1,1.985,
2223.3,heavy,3103,0,5.572,
2226.7,heavy,3101,0,4.768,
2230.0,heavy,3102,0,1.404,
2233.3,heavy,3103,1,5.299,
2236.7,heavy,3101,0,5.554,
2240.0,heavy,3102,1,1.085,
2243.3,heavy,3103,0,3.472,
2246.7,heavy,3101,0,3.262,
2250.0,heavy,3102,0,1.004,
2253.3,heavy,3103,1,3.210,
2256.7,heavy,3101,0,3.682,
2260.0,heavy,3102,0,1.294,
2263.3,heavy,3103,1,3.768,
2266.7,heavy,3101,0,4.173,
2270.0,heavy,3102,1,1.079,
2273.3,heavy,3103,0,4.014,
2276.7,heavy,3101,0,2.766,
2280.0,heavy,3102,0,0.791,
2283.3,heavy,3103,1,3.097,
2286.7,heavy,3101,0,2.727,
2290.0,heavy,3102,0,1.062,
2293.3,heavy,3103,1,6.853,
2296.7,heavy,3101,0,5.765,
2300.0,heavy,3102,1,1.407,
2300.0,light-5,3101,1,3.844,
2300.0,light-3,3102,1,6.555,
2300.0,light-1,3103,1,7.878,
2300.0,light-2,3101,1,8.074,
2300.0,light-4,3103,1,8.800,
2303.3,heavy,3102,0,1.354,
2306.7,heavy,3103,0,6.119,
2310.0,heavy,3101,0,3.225,
2313.3,heavy,3102,1,0.923,
2316.7,heavy,3103,0,3.729,
2320.0,heavy,3101,0,3.008,
2323.3,heavy,3102,1,1.121,
2326.7,heavy,3103,0,4.994,
2330.0,heavy,3101,1,4.058,
2333.3,heavy,3102,0,1.148,
2336.7,heavy,3103,0,4.039,
2340.0,heavy,3101,1,3.944,
2343.3,heavy,3102,0,1.694,
2346.7,heavy,3103,0,6.548,
2350.0,heavy,3101,0,5.607,
2353.3,heavy,3102,1,1.619,
2356.7,heavy,3103,0,6.552,
2360.0,heavy,3101,1,4.754,
2363.3,heavy,3102,0,1.156,
2366.7,heavy,3103,0,5.257,
2370.0,heavy,3101,0,4.280,
2373.3,heavy,3102,1,1.557,
2376.7,heavy,3103,0,3.762,
2380.0,heavy,3101,1,4.216,
2383.3,heavy,3102,0,1.289,
2386.7,heavy,3103,0,7.491,
2390.0,heavy,3101,0,5.370,
2393.3,heavy,3102,1,1.414,
2396.7,heavy,3103,1,8.492,
2400.0,heavy,3101,0,8.081,
2400.0,light-2,3103,1,2.866,
2400.0,light-4,3102,1,3.724,
2400.0,light-1,3102,1,7.256,
2400.0,light-5,3103,1,9.852,
2400.0,light-3,3101,1,10.678,
2403.3,heavy,3101,0,8.605,
2406.7,heavy,3102,0,1.954,
2410.0,heavy,3103,1,4.166,
2413.3,heavy,3101,0,3.861,
2416.7,heavy,3102,0,1.579,
2420.0,heavy,3103,1,4.373,
2423.3,heavy,3101,0,3.640,
2426.7,heavy,3102,1,1.271,
2430.0,heavy,3103,0,5.204,
2433.3,heavy,3101,0,3.098,
2436.7,heavy,3102,0,1.091,
2440.0,heavy,3103,0,4.074,
2443.3,heavy,3101,0,4.432,
2446.7,heavy,3102,1,1.350,
2450.0,heavy,3103,0,3.378,
2453.3,heavy,3101,1,3.133,
2456.7,heavy,3102,0,1.196,
2460.0,heavy,3103,1,3.675,
2463.3,heavy,3101,0,3.625,
2466.7,heavy,3102,0,1.084,
2470.0,heavy,3103,0,3.551,
2473.3,heavy,3101,1,3.158,
2476.7,heavy,3102,0,1.281,
2480.0,heavy,3103,1,5.153,
2483.3,heavy,3101,0,4.331,
2486.7,heavy,3102,1,1.473,
2490.0,heavy,3103,0,5.554,
2493.3,heavy,3101,0,5.374,
2496.7,heavy,3102,0,1.011,
2500.0,light-1,3101,1,1.261,
2500.0,light-3,3103,1,2.612,
2500.0,light-4,3101,1,5.046,
2500.0,light-2,3102,1,5.277,
2500.0,light-5,3102,1,5.550,
2500.0,heavy,3103,1,4.806,
2503.3,heavy,3103,0,2.900,
2506.7,heavy,3101,0,2.854,
2510.0,heavy,3102,0,0.990,
2513.3,heavy,3103,1,4.300,
2516.7,heavy,3101,0,3.580,
2520.0,heavy,3102,1,1.233,
2523.3,heavy,3103,0,4.533,
2526.7,heavy,3101,0,3.289,
2530.0,heavy,3102,0,1.113,
2533.3,heavy,3103,1,4.318,
2536.7,heavy,3101,0,4.782,
2540.0,heavy,3102,1,1.163,
2543.3,heavy,3103,0,3.682,
2546.7,heavy,3101,0,3.294,
2550.0,heavy,3102,0,0.985,
2553.3,heavy,3103,1,4.158,
2556.7,heavy,3101,0,3.380,
2560.0,heavy,3102,0,1.089,
2563.3,heavy,3103,0,4.123,
2566.7,heavy,3101,1,3.381,
2570.0,heavy,3102,1,1.496,
2573.3,heavy,3103,0,3.655,
2576.7,heavy,3101,0,3.606,
2580.0,heavy,3102,0,1.275,
2583.3,heavy,3103,1,3.547,
2586.7,heavy,3101,0,3.652,
2590.0,heavy,3102,0,1.073,
2593.3,heavy,3103,0,7.158,
2596.7,heavy,3101,1,4.920,
2600.0,light-5,3101,1,3.492,
2600.0,light-3,3102,1,6.286,
2600.0,light-4,3103,1,7.733,
2600.0,light-2,3101,1,8.039,
2600.0,light-1,3103,1,8.763,
2600.0,heavy,3102,1,1.691,
2603.3,heavy,3102,0,1.366,
2606.7,heavy,3103,1,8.119,
2610.0,heavy,3101,0,3.428,
2613.3,heavy,3102,0,1.161,
2616.7,heavy,3103,0,3.833,
2620.0,heavy,3101,1,4.184,
2623.3,heavy,3102,0,1.417,
2626.7,heavy,3103,0,3.238,
2630.0,heavy,3101,0,3.871,
2633.3,heavy,3102,1,1.931,
2636.7,heavy,3103,0,5.636,
2640.0,heavy,3101,0,4.785,
2643.3,heavy,3102,1,1.709,
2646.7,heavy,3103,0,5.388,
2650.0,heavy,3101,0,3.786,
2653.3,heavy,3102,1,0.993,
2656.7,heavy,3103,0,4.950,
2660.0,heavy,3101,0,3.758,
2663.3,heavy,3102,1,1.297,
2666.7,heavy,3103,0,4.425,
2670.0,heavy,3101,1,3.621,
2673.3,heavy,3102,0,1.277,
2676.7,heavy,3103,0,3.354,
2680.0,heavy,3101,0,3.140,
2683.3,heavy,3102,1,1.258,
2686.7,heavy,3103,0,4.143,
2690.0,heavy,3101,0,3.662,
2693.3,heavy,3102,1,1.629,
2696.7,heavy,3103,0,4.362,
2700.0,light-2,3103,1,2.121,
2700.0,light-4,3102,1,2.408,
2700.0,light-1,3102,1,5.056,
2700.0,light-3,3101,1,5.902,
2700.0,light-5,3103,1,6.010,
2700.0,heavy,3101,0,5.046,
2703.3,heavy,3101,1,3.680,
2706.7,heavy,3102,0,1.262,
2710.0,heavy,3103,0,4.202,
2713.3,heavy,3101,1,3.520,
2716.7,heavy,3102,0,1.095,
2720.0,heavy,3103,0,4.506,
2723.3,heavy,3101,1,3.604,
2726.7,heavy,3102,0,1.041,
2730.0,heavy,3103,0,3.743,
2733.3,heavy,3101,1,4.013,
2736.7,heavy,3102,0,1.103,
2740.0,heavy,3103,1,4.656,
2743.3,heavy,3101,0,3.625,
2746.7,heavy,3102,0,1.395,
2750.0,heavy,3103,0,3.779,
2753.3,heavy,3101,1,3.572,
2756.7,heavy,3102,0,1.066,
2760.0,heavy,3103,1,4.442,
2763.3,heavy,3101,0,3.714,
2766.7,heavy,3102,1,1.277,
2770.0,heavy,3103,0,5.286,
2773.3,heavy,3101,0,3.523,
2776.7,heavy,3102,0,1.481,
2780.0,heavy,3103,0,3.313,
2783.3,heavy,3101,0,3.251,
2786.7,heavy,3102,1,1.098,
2790.0,heavy,3103,0,3.467,
2793.3,heavy,3101,1,3.427,
2796.7,heavy,3102,0,1.130,
2800.0,light-1,3101,1,1.410,
2800.0,light-3,3103,1,2.494,
2800.0,light-4,3101,1,4.885,
2800.0,light-2,3102,1,5.561,
2800.0,light-5,3102,1,5.872,
2800.0,heavy,3103,1,6.079,
2803.3,heavy,3103,0,5.213,
2806.7,heavy,3101,0,3.307,
2810.0,heavy,3102,0,1.072,
2813.3,heavy,3103,0,4.836,
2816.7,heavy,3101,1,3.979,
2820.0,heavy,3102,0,1.022,
2823.3,heavy,3103,1,3.286,
2826.7,heavy,3101,0,3.645,
2830.0,heavy,3102,0,0.983,
2833.3,heavy,3103,1,3.313,
2836.7,heavy,3101,0,2.864,
2840.0,heavy,3102,0,1.022,
2843.3,heavy,3103,0,5.234,
2846.7,heavy,3101,1,4.120,
2850.0,heavy,3102,1,1.120,
2853.3,heavy,3103,0,3.223,
2856.7,heavy,3101,0,3.688,
2860.0,heavy,3102,0,1.129,
2863.3,heavy,3103,1,3.390,
2866.7,heavy,3101,0,3.775,
2870.0,heavy,3102,0,1.063,
2873.3,heavy,3103,1,3.319,
2876.7,heavy,3101,0,3.849,
2880.0,heavy,3102,0,1.106,
2883.3,heavy,3103,1,7.343,
2886.7,heavy,3101,0,5.485,
2890.0,heavy,3102,1,1.689,
2893.3,heavy,3103,0,7.015,
2896.7,heavy,3101,0,5.453,
2900.0,light-5,3101,1,3.591,
2900.0,light-2,3101,1,6.341,
2900.0,light-1,3103,1,7.105,
2900.0,light-3,3102,1,7.160,
2900.0,light-4,3103,1,7.925,
2900.0,heavy,3102,0,2.001,
2903.3,heavy,3102,1,1.208,
2906.7,heavy,3103,0,5.081,
2910.0,heavy,3101,1,4.626,
2913.3,heavy,3102,0,1.547,
2916.7,heavy,3103,0,4.571,
2920.0,heavy,3101,1,5.155,
2923.3,heavy,3102,0,1.733,
2926.7,heavy,3103,0,7.516,
2930.0,heavy,3101,0,4.103,
2933.3,heavy,3102,1,1.125,
2936.7,heavy,3103,0,3.845,
2940.0,heavy,3101,1,4.463,
2943.3,heavy,3102,0,1.360,
2946.7,heavy,3103,0,4.824,
2950.0,heavy,3101,1,4.989,
2953.3,heavy,3102,0,1.731,
2956.7,heavy,3103,0,4.388,
2960.0,heavy,3101,1,5.011,
2963.3,heavy,3102,0,1.680,
2966.7,heavy,3103,0,4.260,
2970.0,heavy,3101,1,4.952,
2973.3,heavy,3102,0,1.574,
2976.7,heavy,3103,0,4.301,
2980.0,heavy,3101,1,7.023,
2983.3,heavy,3102,0,1.460,
2986.7,heavy,3103,0,4.318,
2990.0,heavy,3101,1,4.723,
2993.3,heavy,3102,0,1.324,
2996.7,heavy,3103,0,3.666,
3000.0,light-2,3103,1,1.345,
3000.0,light-4,3102,1,2.632,
3000.0,light-1,3102,1,13.024,
3000.0,light-5,3103,1,13.639,
3000.0,light-3,3101,1,16.044,
3000.0,heavy,3101,1,14.159,
3003.3,heavy,3101,0,17.110,
3006.7,heavy,3102,1,2.264,
3010.0,heavy,3103,0,5.025,
3013.3,heavy,3101,0,7.732,
3016.7,heavy,3102,0,1.097,
3020.0,heavy,3103,1,4.306,
3023.3,heavy,3101,0,4.222,
3026.7,heavy,3102,0,1.340,
3030.0,heavy,3103,1,4.874,
3033.3,heavy,3101,0,4.882,
3036.7,heavy,3102,0,1.600,
3040.0,heavy,3103,0,4.267,
3043.3,heavy,3101,1,4.951,
3046.7,heavy,3102,0,1.419,
3050.0,heavy,3103,0,4.083,
3053.3,heavy,3101,1,4.515,
3056.7,heavy,3102,0,1.507,
3060.0,heavy,3103,1,4.779,
3063.3,heavy,3101,0,5.246,
3066.7,heavy,3102,0,1.466,
3070.0,heavy,3103,0,3.918,
3073.3,heavy,3101,1,4.291,
3076.7,heavy,3102,0,1.454,
3080.0,heavy,3103,0,4.329,
3083.3,heavy,3101,1,4.550,
3086.7,heavy,3102,0,1.648,
3090.0,heavy,3103,0,4.665,
3093.3,heavy,3101,1,3.841,
3096.7,heavy,3102,0,1.466,
3100.0,light-1,3101,1,1.481,
3100.0,light-3,3103,1,2.848,
3100.0,light-2,3102,1,5.411,
3100.0,light-4,3101,1,5.563,
3100.0,light-5,3102,1,6.052,
3100.0,heavy,3103,1,5.986,
3103.3,heavy,3103,0,5.005,
3106.7,heavy,3101,0,3.838,
3110.0,heavy,3102,0,1.024,
3113.3,heavy,3103,0,4.230,
3116.7,heavy,3101,1,4.496,
3120.0,heavy,3102,1,1.530,
3123.3,heavy,3103,0,4.859,
3126.7,heavy,3101,0,4.641,
3130.0,heavy,3102,0,0.887,
3133.3,heavy,3103,1,5.415,
3136.7,heavy,3101,0,4.547,
3140.0,heavy,3102,1,2.031,
3143.3,heavy,3103,0,5.389,
3146.7,heavy,3101,0,3.051,
3150.0,heavy,3102,0,0.967,
3153.3,heavy,3103,1,4.278,
3156.7,heavy,3101,0,4.538,
3160.0,heavy,3102,1,0.959,
3163.3,heavy,3103,0,3.245,
3166.7,heavy,3101,0,3.358,
3170.0,heavy,3102,0,0.937,
3173.3,heavy,3103,1,3.389,
3176.7,heavy,3101,0,5.459,
3180.0,heavy,3102,1,1.066,
3183.3,heavy,3103,0,3.451,
3186.7,heavy,3101,0,3.312,
3190.0,heavy,3102,0,1.059,
3193.3,heavy,3103,1,7.176,
3196.7,heavy,3101,0,5.833,
3200.0,light-1,3101,1,2.159,
3200.0,light-3,3103,1,3.329,
3200.0,light-4,3101,1,6.379,
3200.0,light-5,3102,1,6.511,
3200.0,light-2,3102,1,7.376,
3200.0,heavy,3102,1,1.721,
3203.3,heavy,3103,0,7.657,
3206.7,heavy,3103,0,6.338,
3210.0,heavy,3101,0,3.222,
3213.3,heavy,3102,1,1.118,
3216.7,heavy,3103,0,4.717,
3220.0,heavy,3101,0,3.907,
3223.3,heavy,3102,1,1.291,
3226.7,heavy,3103,0,4.525,
3230.0,heavy,3101,0,4.225,
3233.3,heavy,3102,1,0.958,
3236.7,heavy,3103,0,3.832,
3240.0,heavy,3101,0,4.165,
3243.3,heavy,3102,1,1.119,
3246.7,heavy,3103,0,3.355,
3250.0,heavy,3101,1,2.999,
3253.3,heavy,3102,0,1.277,
3256.7,heavy,3103,0,4.313,
3260.0,heavy,3101,0,3.653,
3263.3,heavy,3102,1,1.356,
3266.7,heavy,3103,0,4.619,
3270.0,heavy,3101,0,3.819,
3273.3,heavy,3102,1,1.223,
3276.7,heavy,3103,0,4.112,
3280.0,heavy,3101,0,2.822,
3283.3,heavy,3102,1,1.350,
3286.7,heavy,3103,0,3.210,
3290.0,heavy,3101,1,3.681,
3293.3,heavy,3102,0,0.952,
3296.7,heavy,3103,0,6.227,
3300.0,light-5,3101,1,3.315,
3300.0,light-3,3102,1,5.916,
3300.0,light-2,3101,1,7.116,
3300.0,light-1,3103,1,7.692,
3300.0,light-4,3103,1,9.600,
3300.0,heavy,3101,0,4.600,
3303.3,heavy,3102,1,1.350,
3306.7,heavy,3102,0,1.984,
3310.0,heavy,3103,1,6.082,
3313.3,heavy,3101,0,3.248,
3316.7,heavy,3102,0,0.971,
3320.0,heavy,3103,1,3.717,
3323.3,heavy,3101,0,3.478,
3326.7,heavy,3102,0,0.933,
3330.0,heavy,3103,0,3.490,
3333.3,heavy,3101,1,3.157,
3336.7,heavy,3102,0,1.043,
3340.0,heavy,3103,0,6.111,
3343.3,heavy,3101,1,3.173,
3346.7,heavy,3102,1,1.345,
3350.0,heavy,3103,0,7.686,
3353.3,heavy,3101,0,3.355,
3356.7,heavy,3102,0,1.002,
3360.0,heavy,3103,0,5.182,
3363.3,heavy,3101,1,3.133,
3366.7,heavy,3102,0,0.958,
3370.0,heavy,3103,0,5.537,
3373.3,heavy,3101,1,4.592,
3376.7,heavy,3102,1,1.279,
3380.0,heavy,3103,0,5.415,
3383.3,heavy,3101,0,5.218,
3386.7,heavy,3102,0,1.037,
3390.0,heavy,3103,0,5.786,
3393.3,heavy,3101,0,3.809,
3396.7,heavy,3102,1,1.504,
3400.0,light-1,3101,1,1.084,
3400.0,light-3,3103,1,2.910,
3400.0,light-5,3102,1,4.986,
3400.0,light-4,3101,1,5.195,
3400.0,light-2,3102,1,5.595,
3400.0,heavy,3103,1,5.673,
3403.3,heavy,3103,0,4.935,
3406.7,heavy,3101,0,3.838,
3410.0,heavy,3102,1,1.068,
3413.3,heavy,3103,0,5.396,
3416.7,heavy,3101,0,3.245,
3420.0,heavy,3102,1,1.157,
3423.3,heavy,3103,0,3.207,
3426.7,heavy,3101,0,3.429,
3430.0,heavy,3102,0,1.153,
3433.3,heavy,3103,1,4.573,
3436.7,heavy,3101,0,3.764,
3440.0,heavy,3102,1,1.296,
3443.3,heavy,3103,0,5.197,
3446.7,heavy,3101,0,2.872,
3450.0,heavy,3102,0,0.981,
3453.3,heavy,3103,0,4.448,
3456.7,heavy,3101,0,3.621,
3460.0,heavy,3102,1,1.171,
3463.3,heavy,3103,1,3.146,
3466.7,heavy,3101,0,3.295,
3470.0,heavy,3102,0,1.348,
3473.3,heavy,3103,1,3.720,
3476.7,heavy,3101,0,3.416,
3480.0,heavy,3102,0,0.940,
3483.3,heavy,3103,0,4.084,
3486.7,heavy,3101,1,4.020,
3490.0,heavy,3102,1,1.083,
3493.3,heavy,3103,0,2.865,
3496.7,heavy,3101,0,3.252,
3500.0,light-5,3101,1,2.566,
3500.0,light-2,3101,1,4.968,
3500.0,light-1,3103,1,5.260,
3500.0,light-3,3102,1,5.263,
3500.0,light-4,3103,1,5.706,
3500.0,heavy,3102,0,1.372,
3503.3,heavy,3102,1,1.082,
3506.7,heavy,3103,0,5.191,
3510.0,heavy,3101,0,4.334,
3513.3,heavy,3102,1,1.299,
3516.7,heavy,3103,1,5.101,
3520.0,heavy,3101,0,5.210,
3523.3,heavy,3102,0,1.091,
3526.7,heavy,3103,0,4.281,
3530.0,heavy,3101,0,3.399,
3533.3,heavy,3102,1,1.078,
3536.7,heavy,3103,0,4.043,
3540.0,heavy,3101,0,2.882,
3543.3,heavy,3102,1,1.245,
3546.7,heavy,3103,0,3.323,
3550.0,heavy,3101,1,3.708,
3553.3,heavy,3102,0,1.221,
3556.7,heavy,3103,0,5.605,
3560.0,heavy,3101,0,3.559,
3563.3,heavy,3102,1,1.203,
3566.7,heavy,3103,0,6.769,
3570.0,heavy,3101,0,2.769,
3573.3,heavy,3102,1,1.058,
3576.7,heavy,3103,0,4.037,
3580.0,heavy,3101,1,3.330,
3583.3,heavy,3102,0,1.007,
3586.7,heavy,3103,0,5.093,
3590.0,heavy,3101,0,3.796,
3593.3,heavy,3102,1,1.348,
3596.7,heavy,3103,0,5.716,
3600.0,light-2,3103,1,2.339,
3600.0,light-4,3102,1,2.430,
3600.0,light-1,3102,1,4.619,
3600.0,light-3,3101,1,6.811,
3600.0,light-5,3103,1,6.847,
3600.0,heavy,3101,1,5.564,
3603.3,heavy,3101,0,6.028,
3606.7,heavy,3102,0,1.166,
3610.0,heavy,3103,1,3.474,
3613.3,heavy,3101,0,3.611,
3616.7,heavy,3102,0,0.725,
3620.0,heavy,3103,0,4.653,
3623.3,heavy,3101,0,3.745,
3626.7,heavy,3102,1,1.276,
3630.0,heavy,3103,0,4.770,
3633.3,heavy,3101,1,3.218,
3636.7,heavy,3102,0,1.292,
3640.0,heavy,3103,1,3.475,
3643.3,heavy,3101,0,3.833,
3646.7,heavy,3102,0,0.975,
3650.0,heavy,3103,1,4.271,
3653.3,heavy,3101,0,3.380,
3656.7,heavy,3102,1,1.281,
3660.0,heavy,3103,0,4.799,
3663.3,heavy,3101,0,2.720,
3666.7,heavy,3102,0,0.917,
3670.0,heavy,3103,1,3.628,
3673.3,heavy,3101,0,3.896,
3676.7,heavy,3102,0,0.876,
3680.0,heavy,3103,0,3.262,
3683.3,heavy,3101,1,3.851,
3686.7,heavy,3102,0,1.428,
3690.0,heavy,3103,0,3.275,
3693.3,heavy,3101,1,2.724,
3696.7,heavy,3102,0,0.882,
3700.0,light-4,3102,1,2.923,
3700.0,light-2,3103,1,3.907,
3700.0,light-1,3102,1,5.434,
3700.0,light-3,3101,1,8.433,
3700.0,light-5,3103,1,8.856,
3700.0,heavy,3103,1,5.595,
3703.3,heavy,3101,0,5.879,
3706.7,heavy,3101,1,6.102,
3710.0,heavy,3102,0,0.892,
3713.3,heavy,3103,0,3.099,
3716.7,heavy,3101,0,2.928,
3720.0,heavy,3102,0,0.786,
3723.3,heavy,3103,0,5.082,
3726.7,heavy,3101,1,4.312,
3730.0,heavy,3102,1,2.898,
3733.3,heavy,3103,0,5.593,
3736.7,heavy,3101,0,5.405,
3740.0,heavy,3102,0,1.916,
3743.3,heavy,3103,1,2.650,
3746.7,heavy,3101,0,3.314,
3750.0,heavy,3102,0,1.185,
3753.3,heavy,3103,0,4.195,
3756.7,heavy,3101,0,5.390,
3760.0,heavy,3102,1,1.233,
3763.3,heavy,3103,0,4.770,
3766.7,heavy,3101,0,6.887,
3770.0,heavy,3102,1,1.169,
3773.3,heavy,3103,1,3.388,
3776.7,heavy,3101,0,3.316,
3780.0,heavy,3102,0,0.744,
3783.3,heavy,3103,1,2.860,
3786.7,heavy,3101,0,2.992,
3790.0,heavy,3102,1,1.490,
3793.3,heavy,3103,0,5.886,
3796.7,heavy,3101,0,4.440,
3800.0,light-5,3101,1,3.444,
3800.0,light-2,3101,1,6.293,
3800.0,light-1,3103,1,7.296,
3800.0,light-3,3102,1,7.351,
3800.0,light-4,3103,1,7.892,
3800.0,heavy,3102,0,1.607,
3803.3,heavy,3102,1,0.983,
3806.7,heavy,3103,0,4.410,
3810.0,heavy,3101,1,3.378,
3813.3,heavy,3102,0,0.938,
3816.7,heavy,3103,0,4.820,
3820.0,heavy,3101,0,4.039,
3823.3,heavy,3102,1,1.157,
3826.7,heavy,3103,1,4.967,
3830.0,heavy,3101,0,4.731,
3833.3,heavy,3102,0,0.921,
3836.7,heavy,3103,0,4.098,
3840.0,heavy,3101,0,2.970,
3843.3,heavy,3102,1,1.132,
3846.7,heavy,3103,0,4.174,
3850.0,heavy,3101,0,3.888,
3853.3,heavy,3102,1,1.023,
3856.7,heavy,3103,1,3.610,
3860.0,heavy,3101,0,3.919,
3863.3,heavy,3102,0,0.985,
3866.7,heavy,3103,0,3.181,
3870.0,heavy,3101,0,3.271,
3873.3,heavy,3102,1,1.074,
3876.7,heavy,3103,0,3.188,
3880.0,heavy,3101,1,3.598,
3883.3,heavy,3102,0,1.118,
3886.7,heavy,3103,0,3.144,
3890.0,heavy,3101,0,3.130,
3893.3,heavy,3102,1,1.099,
3896.7,heavy,3103,0,3.423,
3900.0,light-2,3103,1,1.480,
3900.0,light-4,3102,1,3.043,
3900.0,light-1,3102,1,5.145,
3900.0,light-3,3101,1,8.883,
3900.0,light-5,3103,1,8.935,
3900.0,heavy,3101,1,5.618,
3903.3,heavy,3101,0,4.361,
3906.7,heavy,3102,0,1.113,
3910.0,heavy,3103,0,3.237,
3913.3,heavy,3101,1,2.761,
3916.7,heavy,3102,1,1.693,
3920.0,heavy,3103,0,3.494,
3923.3,heavy,3101,0,5.132,
3926.7,heavy,3102,0,1.780,
3930.0,heavy,3103,0,2.497,
3933.3,heavy,3101,0,3.415,
3936.7,heavy,3102,1,1.214,
3940.0,heavy,3103,0,2.906,
3943.3,heavy,3101,0,4.599,
3946.7,heavy,3102,1,1.644,
3950.0,heavy,3103,0,4.872,
3953.3,heavy,3101,0,5.215,
3956.7,heavy,3102,1,1.293,
3960.0,heavy,3103,0,3.093,
3963.3,heavy,3101,1,3.161,
3966.7,heavy,3102,0,1.093,
3970.0,heavy,3103,1,3.683,
3973.3,heavy,3101,0,3.936,
3976.7,heavy,3102,0,1.040,
3980.0,heavy,3103,0,3.152,
3983.3,heavy,3101,1,3.107,
3986.7,heavy,3102,0,1.128,
3990.0,heavy,3103,1,3.655,
3993.3,heavy,3101,0,3.077,
3996.7,heavy,3102,0,1.176,
4000.0,light-5,3101,1,3.958,
4000.0,light-3,3102,1,6.734,
4000.0,light-1,3103,1,7.309,
4000.0,light-2,3101,1,7.452,
4000.0,light-4,3103,1,7.656,
4000.0,heavy,3103,0,6.192,
4003.3,heavy,3101,0,5.423,
4006.7,heavy,3102,1,1.313,
4010.0,heavy,3102,0,0.894,
4013.3,heavy,3103,1,3.127,
4016.7,heavy,3101,0,3.074,
4020.0,heavy,3102,0,1.000,
4023.3,heavy,3103,0,5.206,
4026.7,heavy,3101,1,4.236,
4030.0,heavy,3102,1,1.387,
4033.3,heavy,3103,0,5.091,
4036.7,heavy,3101,0,4.934,
4040.0,heavy,3102,0,1.046,
4043.3,heavy,3103,1,4.311,
4046.7,heavy,3101,0,3.337,
4050.0,heavy,3102,1,1.220,
4053.3,heavy,3103,0,4.629,
4056.7,heavy,3101,0,3.150,
4060.0,heavy,3102,0,1.131,
4063.3,heavy,3103,0,4.213,
4066.7,heavy,3101,1,3.394,
4070.0,heavy,3102,0,0.961,
4073.3,heavy,3103,1,3.902,
4076.7,heavy,3101,0,3.162,
4080.0,heavy,3102,1,1.226,
4083.3,heavy,3103,0,4.279,
4086.7,heavy,3101,0,2.896,
4090.0,heavy,3102,0,1.099,
4093.3,heavy,3103,1,6.058,
4096.7,heavy,3101,0,6.177,
4100.0,light-5,3101,1,4.328,
4100.0,light-3,3102,1,5.851,
4100.0,light-4,3103,1,6.592,
4100.0,light-1,3103,1,7.796,
4100.0,light-2,3101,1,11.443,
4100.0,heavy,3102,1,2.216,
4103.3,heavy,3102,0,1.552,
4106.7,heavy,3103,0,4.153,
4110.0,heavy,3101,0,3.186,
4113.3,heavy,3102,1,1.220,
4116.7,heavy,3103,1,7.433,
4120.0,heavy,3101,0,7.411,
4123.3,heavy,3102,1,5.648,
4126.7,heavy,3103,0,7.721,
4130.0,heavy,3101,0,7.426,
4133.3,heavy,3102,0,5.397,
4136.7,heavy,3103,0,4.855,
4140.0,heavy,3101,1,3.528,
4143.3,heavy,3102,0,0.905,
4146.7,heavy,3103,1,4.112,
4150.0,heavy,3101,0,3.974,
4153.3,heavy,3102,1,2.909,
4156.7,heavy,3103,0,4.574,
4160.0,heavy,3101,0,4.343,
4163.3,heavy,3102,0,1.123,
4166.7,heavy,3103,0,3.734,
4170.0,heavy,3101,0,2.909,
4173.3,heavy,3102,1,1.127,
4176.7,heavy,3103,0,3.324,
4180.0,heavy,3101,0,3.063,
4183.3,heavy,3102,1,1.076,
4186.7,heavy,3103,1,3.945,
4190.0,heavy,3101,0,4.605,
4193.3,heavy,3102,0,1.774,
4196.7,heavy,3103,0,2.923,
4200.0,light-2,3103,1,1.265,
4200.0,light-4,3102,1,2.540,
4200.0,light-1,3102,1,5.024,
4200.0,light-5,3103,1,5.538,
4200.0,light-3,3101,1,5.761,
4200.0,heavy,3101,0,5.720,
4203.3,heavy,3101,1,3.128,
4206.7,heavy,3102,0,1.006,
4210.0,heavy,3103,0,4.483,
4213.3,heavy,3101,1,3.684,
4216.7,heavy,3102,1,2.152,
4220.0,heavy,3103,0,4.468,
4223.3,heavy,3101,0,4.207,
4226.7,heavy,3102,0,0.765,
4230.0,heavy,3103,0,4.662,
4233.3,heavy,3101,0,3.722,
4236.7,heavy,3102,1,1.348,
4240.0,heavy,3103,1,5.197,
4243.3,heavy,3101,0,3.385,
4246.7,heavy,3102,0,1.209,
4250.0,heavy,3103,0,3.150,
4253.3,heavy,3101,1,4.871,
4256.7,heavy,3102,0,0.698,
4260.0,heavy,3103,0,3.324,
4263.3,heavy,3101,1,3.707,
4266.7,heavy,3102,0,1.232,
4270.0,heavy,3103,0,3.305,
4273.3,heavy,3101,1,3.054,
4276.7,heavy,3102,0,1.077,
4280.0,heavy,3103,0,3.643,
4283.3,heavy,3101,0,3.908,
4286.7,heavy,3102,1,1.193,
4290.0,heavy,3103,0,3.185,
4293.3,heavy,3101,1,3.197,
4296.7,heavy,3102,0,1.354,
4300.0,light-1,3101,1,1.493,
4300.0,light-3,3103,1,2.861,
4300.0,light-4,3101,1,5.300,
4300.0,light-5,3102,1,5.788,
4300.0,light-2,3102,1,6.233,
4300.0,heavy,3103,1,6.300,
4303.3,heavy,3103,0,4.865,
4306.7,heavy,3101,0,3.125,
4310.0,heavy,3102,0,1.198,
4313.3,heavy,3103,1,3.290,
4316.7,heavy,3101,0,3.452,
4320.0,heavy,3102,0,0.911,
4323.3,heavy,3103,1,2.985,
4326.7,heavy,3101,0,3.595,
4330.0,heavy,3102,1,1.303,
4333.3,heavy,3103,0,3.807,
4336.7,heavy,3101,0,2.658,
4340.0,heavy,3102,0,0.782,
4343.3,heavy,3103,0,3.222,
4346.7,heavy,3101,0,3.149,
4350.0,heavy,3102,1,1.011,
4353.3,heavy,3103,1,4.807,
4356.7,heavy,3101,0,4.287,
4360.0,heavy,3102,1,1.260,
4363.3,heavy,3103,0,5.718,
4366.7,heavy,3101,0,3.818,
4370.0,heavy,3102,0,1.149,
4373.3,heavy,3103,0,3.221,
4376.7,heavy,3101,0,3.320,
4380.0,heavy,3102,1,1.115,
4383.3,heavy,3103,1,2.650,
4386.7,heavy,3101,0,3.190,
4390.0,heavy,3102,0,1.169,
4393.3,heavy,3103,1,3.342,
4396.7,heavy,3101,0,5.080,
4400.0,light-5,3101,1,3.275,
4400.0,light-3,3102,1,4.851,
4400.0,light-1,3103,1,5.457,
4400.0,light-2,3101,1,5.607,
4400.0,light-4,3103,1,5.756,
4400.0,heavy,3102,0,1.176,
4403.3,heavy,3102,1,2.291,
4406.7,heavy,3103,1,3.566,
4410.0,heavy,3101,0,2.798,
4413.3,heavy,3102,0,1.001,
4416.7,heavy,3103,0,3.965,
4420.0,heavy,3101,0,3.304,
4423.3,heavy,3102,1,1.383,
4426.7,heavy,3103,0,3.744,
4430.0,heavy,3101,0,2.606,
4433.3,heavy,3102,1,1.284,
4436.7,heavy,3103,1,3.032,
4440.0,heavy,3101,0,3.350,
4443.3,heavy,3102,0,0.909,
4446.7,heavy,3103,0,3.831,
4450.0,heavy,3101,0,2.918,
4453.3,heavy,3102,1,1.329,
4456.7,heavy,3103,0,4.387,
4460.0,heavy,3101,0,2.968,
4463.3,heavy,3102,1,1.245,
4466.7,heavy,3103,0,4.132,
4470.0,heavy,3101,0,4.480,
4473.3,heavy,3102,1,1.337,
4476.7,heavy,3103,0,2.824,
4480.0,heavy,3101,0,2.664,
4483.3,heavy,3102,1,1.502,
4486.7,heavy,3103,0,2.987,
4490.0,heavy,3101,0,2.674,
4493.3,heavy,3102,1,1.672,
4496.7,heavy,3103,0,6.996,
4500.0,light-5,3101,1,3.898,
4500.0,light-2,3101,1,6.551,
4500.0,light-1,3103,1,7.693,
4500.0,light-3,3102,1,8.062,
4500.0,light-4,3103,1,9.781,
4500.0,heavy,3101,0,5.037,
4503.3,heavy,3102,1,1.868,
4506.7,heavy,3102,0,2.364,
4510.0,heavy,3103,1,5.669,
4513.3,heavy,3101,0,3.428,
4516.7,heavy,3102,0,1.264,
4520.0,heavy,3103,0,3.199,
4523.3,heavy,3101,1,2.988,
4526.7,heavy,3102,1,1.808,
4530.0,heavy,3103,0,2.951,
4533.3,heavy,3101,0,3.498,
4536.7,heavy,3102,0,1.619,
4540.0,heavy,3103,0,3.469,
4543.3,heavy,3101,1,3.153,
4546.7,heavy,3102,0,1.265,
4550.0,heavy,3103,1,3.782,
4553.3,heavy,3101,0,3.135,
4556.7,heavy,3102,0,1.460,
4560.0,heavy,3103,0,3.630,
4563.3,heavy,3101,1,3.452,
4566.7,heavy,3102,0,1.288,
4570.0,heavy,3103,1,4.839,
4573.3,heavy,3101,0,3.949,
4576.7,heavy,3102,1,1.243,
4580.0,heavy,3103,0,5.017,
4583.3,heavy,3101,0,4.825,
4586.7,heavy,3102,0,1.217,
4590.0,heavy,3103,0,5.576,
4593.3,heavy,3101,0,3.050,
4596.7,heavy,3102,1,1.355,
4600.0,light-1,3101,1,2.322,
4600.0,light-3,3103,1,2.859,
4600.0,light-2,3102,1,5.368,
4600.0,light-4,3101,1,5.437,
4600.0,light-5,3102,1,5.856,
4600.0,heavy,3103,1,5.970,
4603.3,heavy,3103,0,5.303,
4606.7,heavy,3101,0,3.502,
4610.0,heavy,3102,0,1.190,
4613.3,heavy,3103,1,3.494,
4616.7,heavy,3101,0,3.633,
4620.0,heavy,3102,0,1.043,
4623.3,heavy,3103,0,3.834,
4626.7,heavy,3101,0,4.228,
4630.0,heavy,3102,1,1.578,
4633.3,heavy,3103,1,3.321,
4636.7,heavy,3101,0,3.540,
4640.0,heavy,3102,0,1.428,
4643.3,heavy,3103,1,2.937,
4646.7,heavy,3101,0,2.799,
4650.0,heavy,3102,0,0.902,
4653.3,heavy,3103,0,2.689,
4656.7,heavy,3101,1,3.564,
4660.0,heavy,3102,1,1.179,
4663.3,heavy,3103,0,2.124,
4666.7,heavy,3101,0,4.970,
4670.0,heavy,3102,1,1.562,
4673.3,heavy,3103,0,3.971,
4676.7,heavy,3101,0,5.346,
4680.0,heavy,3102,0,1.073,
4683.3,heavy,3103,1,4.177,
4686.7,heavy,3101,0,4.130,
4690.0,heavy,3102,1,1.520,
4693.3,heavy,3103,0,5.123,
4696.7,heavy,3101,0,4.041,
4700.0,light-5,3101,1,2.082,
4700.0,light-2,3101,1,4.005,
4700.0,light-1,3103,1,4.703,
4700.0,light-3,3102,1,4.758,
4700.0,light-4,3103,1,4.870,
4700.0,heavy,3102,0,1.170,
4703.3,heavy,3102,1,1.004,
4706.7,heavy,3103,0,3.720,
4710.0,heavy,3101,1,3.599,
4713.3,heavy,3102,0,1.294,
4716.7,heavy,3103,0,3.563,
4720.0,heavy,3101,1,3.076,
4723.3,heavy,3102,0,0.975,
4726.7,heavy,3103,0,3.911,
4730.0,heavy,3101,1,3.071,
4733.3,heavy,3102,0,0.955,
4736.7,heavy,3103,0,3.880,
4740.0,heavy,3101,0,2.940,
4743.3,heavy,3102,1,1.273,
4746.7,heavy,3103,0,4.736,
4750.0,heavy,3101,0,2.899,
4753.3,heavy,3102,1,0.754,
4756.7,heavy,3103,0,3.584,
4760.0,heavy,3101,0,3.009,
4763.3,heavy,3102,1,1.200,
4766.7,heavy,3103,0,3.108,
4770.0,heavy,3101,0,2.835,
4773.3,heavy,3102,1,1.318,
4776.7,heavy,3103,0,2.754,
4780.0,heavy,3101,0,3.596,
4783.3,heavy,3102,1,1.109,
4786.7,heavy,3103,0,2.800,
4790.0,heavy,3101,1,3.896,
4793.3,heavy,3102,0,0.785,
4796.7,heavy,3103,0,8.418,
4800.0,light-5,3101,1,3.053,
4800.0,light-3,3102,1,7.265,
4800.0,light-2,3101,1,7.881,
4800.0,light-1,3103,1,9.784,
4800.0,light-4,3103,1,10.311,
4800.0,heavy,3101,0,3.920,
4803.3,heavy,3102,1,1.348,
4806.7,heavy,3102,0,2.328,
4810.0,heavy,3103,0,8.149,
4813.3,heavy,3101,1,3.258,
4816.7,heavy,3102,0,0.963,
4820.0,heavy,3103,1,4.577,
4823.3,heavy,3101,0,5.354,
4826.7,heavy,3102,1,1.401,
4830.0,heavy,3103,0,7.925,
4833.3,heavy,3101,0,6.531,
4836.7,heavy,3102,0,2.584,
4840.0,heavy,3103,1,5.976,
4843.3,heavy,3101,0,4.253,
4846.7,heavy,3102,0,2.877,
4850.0,heavy,3103,0,3.273,
4853.3,heavy,3101,1,4.304,
4856.7,heavy,3102,0,1.705,
4860.0,heavy,3103,0,5.479,
4863.3,heavy,3101,1,3.913,
4866.7,heavy,3102,0,1.305,
4870.0,heavy,3103,0,3.473,
4873.3,heavy,3101,1,3.551,
4876.7,heavy,3102,0,1.245,
4880.0,heavy,3103,0,2.952,
4883.3,heavy,3101,1,2.434,
4886.7,heavy,3102,1,1.619,
4890.0,heavy,3103,0,3.643,
4893.3,heavy,3101,0,3.717,
4896.7,heavy,3102,0,1.875,
4900.0,light-1,3101,1,1.334,
4900.0,light-3,3103,1,2.826,
4900.0,light-4,3101,1,5.688,
4900.0,light-2,3102,1,5.957,
4900.0,light-5,3102,1,6.167,
4900.0,heavy,3103,1,5.405,
4903.3,heavy,3103,0,2.792,
4906.7,heavy,3101,0,3.353,
4910.0,heavy,3102,0,0.928,
4913.3,heavy,3103,1,4.224,
4916.7,heavy,3101,0,4.568,
4920.0,heavy,3102,1,1.361,
4923.3,heavy,3103,0,4.791,
4926.7,heavy,3101,0,4.608,
4930.0,heavy,3102,0,1.057,
4933.3,heavy,3103,1,4.497,
4936.7,heavy,3101,0,3.966,
4940.0,heavy,3102,1,1.454,
4943.3,heavy,3103,0,3.518,
4946.7,heavy,3101,0,3.211,
4950.0,heavy,3102,0,1.184,
4953.3,heavy,3103,1,4.940,
4956.7,heavy,3101,0,4.031,
4960.0,heavy,3102,1,1.656,
4963.3,heavy,3103,0,4.839,
4966.7,heavy,3101,0,5.006,
4970.0,heavy,3102,0,1.262,
4973.3,heavy,3103,1,3.993,
4976.7,heavy,3101,0,3.233,
4980.0,heavy,3102,1,1.330,
4983.3,heavy,3103,0,3.821,
4986.7,heavy,3101,0,3.668,
4990.0,heavy,3102,0,1.304,
4993.3,heavy,3103,1,3.509,
4996.7,heavy,3101,0,4.577,
5000.0,heavy,3102,1,1.440,
5000.0,light-5,3101,1,2.742,
5000.0,light-2,3101,1,4.552,
5000.0,light-1,3103,1,5.238,
5000.0,light-3,3102,1,5.331,
5000.0,light-4,3103,1,5.679,
5003.3,heavy,3102,0,1.886,
5006.7,heavy,3103,0,3.877,
5010.0,heavy,3101,1,3.895,
5013.3,heavy,3102,0,1.252,
5016.7,heavy,3103,0,4.144,
5020.0,heavy,3101,0,4.655,
5023.3,heavy,3102,1,1.477,
5026.7,heavy,3103,0,4.629,
5030.0,heavy,3101,0,4.336,
5033.3,heavy,3102,1,2.291,
5036.7,heavy,3103,0,3.992,
5040.0,heavy,3101,0,3.444,
5043.3,heavy,3102,1,1.202,
5046.7,heavy,3103,0,3.306,
5050.0,heavy,3101,0,3.647,
5053.3,heavy,3102,1,1.273,
5056.7,heavy,3103,1,3.849,
5060.0,heavy,3101,0,4.072,
5063.3,heavy,3102,0,1.095,
5066.7,heavy,3103,0,4.256,
5070.0,heavy,3101,0,10.420,
5073.3,heavy,3102,1,1.444,
5076.7,heavy,3103,0,3.092,
5080.0,heavy,3101,0,8.885,
5083.3,heavy,3102,1,1.421,
5086.7,heavy,3103,0,2.826,
5090.0,heavy,3101,0,2.916,
5093.3,heavy,3102,1,2.532,
5096.7,heavy,3103,0,6.085,
5100.0,heavy,3101,0,5.332,
5100.0,light-1,3101,1,2.987,
5100.0,light-3,3103,1,3.521,
5100.0,light-2,3102,1,7.646,
5100.0,light-4,3101,1,8.480,
5100.0,light-5,3102,1,9.002,
5103.3,heavy,3102,1,2.564,
5106.7,heavy,3103,0,7.181,
5110.0,heavy,3103,1,5.415,
5113.3,heavy,3101,0,3.584,
5116.7,heavy,3102,0,1.405,
5120.0,heavy,3103,1,2.916,
5123.3,heavy,3101,0,2.799,
5126.7,heavy,3102,0,1.147,
5130.0,heavy,3103,0,3.582,
5133.3,heavy,3101,0,3.012,
5136.7,heavy,3102,1,1.229,
5140.0,heavy,3103,0,2.555,
5143.3,heavy,3101,1,4.508,
5146.7,heavy,3102,1,1.331,
5150.0,heavy,3103,0,3.725,
5153.3,heavy,3101,0,4.897,
5156.7,heavy,3102,0,0.934,
5160.0,heavy,3103,0,5.012,
5163.3,heavy,3101,0,3.971,
5166.7,heavy,3102,1,2.229,
5170.0,heavy,3103,1,5.183,
5173.3,heavy,3101,0,2.772,
5176.7,heavy,3102,0,1.051,
5180.0,heavy,3103,1,3.417,
5183.3,heavy,3101,0,3.780,
5186.7,heavy,3102,0,0.910,
5190.0,heavy,3103,1,6.132,
5193.3,heavy,3101,0,5.408,
5196.7,heavy,3102,1,1.621,
5200.0,heavy,3103,0,6.637,
5200.0,light-1,3101,1,2.589,
5200.0,light-3,3103,1,3.371,
5200.0,light-2,3102,1,5.846,
5200.0,light-4,3101,1,5.988,
5200.0,light-5,3102,1,6.752,
5203.3,heavy,3103,0,5.298,
5206.7,heavy,3101,0,2.435,
5210.0,heavy,3102,1,1.499,
5213.3,heavy,3103,0,3.254,
5216.7,heavy,3101,0,3.078,
5220.0,heavy,3102,0,1.143,
5223.3,heavy,3103,1,3.783,
5226.7,heavy,3101,0,3.322,
5230.0,heavy,3102,1,1.333,
5233.3,heavy,3103,0,2.659,
5236.7,heavy,3101,0,4.300,
5240.0,heavy,3102,1,1.517,
5243.3,heavy,3103,0,3.543,
5246.7,heavy,3101,0,5.295,
5250.0,heavy,3102,0,0.972,
5253.3,heavy,3103,1,2.909,
5256.7,heavy,3101,0,3.402,
5260.0,heavy,3102,1,1.324,
5263.3,heavy,3103,0,3.619,
5266.7,heavy,3101,0,3.884,
5270.0,heavy,3102,0,1.046,
5273.3,heavy,3103,1,3.523,
5276.7,heavy,3101,0,3.781,
5280.0,heavy,3102,0,0.808,
5283.3,heavy,3103,1,4.921,
5286.7,heavy,3101,0,4.078,
5290.0,heavy,3102,1,1.605,
5293.3,heavy,3103,0,5.363,
5296.7,heavy,3101,0,3.763,
5300.0,heavy,3102,0,1.668,
5300.0,light-5,3101,1,2.915,
5300.0,light-2,3101,1,5.270,
5300.0,light-1,3103,1,6.094,
5300.0,light-3,3102,1,6.180,
5300.0,light-4,3103,1,6.325,
5303.3,heavy,3102,1,1.365,
5306.7,heavy,3103,0,4.568,
5310.0,heavy,3101,1,4.314,
5313.3,heavy,3102,0,1.396,
5316.7,heavy,3103,0,4.088,
5320.0,heavy,3101,1,4.312,
5323.3,heavy,3102,0,1.323,
5326.7,heavy,3103,0,3.985,
5330.0,heavy,3101,1,3.700,
5333.3,heavy,3102,0,1.655,
5336.7,heavy,3103,0,4.453,
5340.0,heavy,3101,1,3.551,
5343.3,heavy,3102,0,0.794,
5346.7,heavy,3103,1,3.590,
5350.0,heavy,3101,0,3.939,
5353.3,heavy,3102,0,1.252,
5356.7,heavy,3103,0,3.706,
5360.0,heavy,3101,0,2.980,
5363.3,heavy,3102,1,1.279,
5366.7,heavy,3103,0,3.783,
5370.0,heavy,3101,0,2.051,
5373.3,heavy,3102,1,1.050,
5376.7,heavy,3103,0,4.397,
5380.0,heavy,3101,0,4.916,
5383.3,heavy,3102,1,1.744,
5386.7,heavy,3103,0,5.004,
5390.0,heavy,3101,0,4.881,
5393.3,heavy,3102,1,1.148,
5396.7,heavy,3103,0,7.077,
5400.0,heavy,3101,0,5.556,
5400.0,light-5,3101,1,4.095,
5400.0,light-2,3101,1,6.249,
5400.0,light-3,3102,1,6.657,
5400.0,light-1,3103,1,7.023,
5400.0,light-4,3103,1,7.973,
5403.3,heavy,3102,1,1.997,
5406.7,heavy,3102,0,2.571,
5410.0,heavy,3103,1,5.725,
5413.3,heavy,3101,0,3.688,
5416.7,heavy,3102,0,1.521,
5420.0,heavy,3103,0,3.336,
5423.3,heavy,3101,1,3.662,
5426.7,heavy,3102,0,1.512,
5430.0,heavy,3103,1,3.764,
5433.3,heavy,3101,0,4.000,
5436.7,heavy,3102,0,0.925,
5440.0,heavy,3103,0,2.533,
5443.3,heavy,3101,0,3.199,
5446.7,heavy,3102,1,1.149,
5450.0,heavy,3103,1,3.282,
5453.3,heavy,3101,0,2.896,
5456.7,heavy,3102,0,1.057,
5460.0,heavy,3103,1,3.961,
5463.3,heavy,3101,0,4.369,
5466.7,heavy,3102,0,1.056,
5470.0,heavy,3103,0,2.402,
5473.3,heavy,3101,1,3.548,
5476.7,heavy,3102,1,1.265,
5480.0,heavy,3103,0,3.874,
5483.3,heavy,3101,0,2.734,
5486.7,heavy,3102,0,0.844,
5490.0,heavy,3103,0,3.079,
5493.3,heavy,3101,0,2.998,
5496.7,heavy,3102,1,0.979,
5500.0,heavy,3103,0,6.211,
5500.0,light-1,3101,1,2.335,
5500.0,light-3,3103,1,3.495,
5500.0,light-4,3101,1,5.843,
5500.0,light-5,3102,1,5.978,
5500.0,light-2,3102,1,8.041,
5503.3,heavy,3101,1,5.384,
5506.7,heavy,3102,1,2.241,
5510.0,heavy,3103,0,6.577,
5513.3,heavy,3103,0,6.036,
5516.7,heavy,3101,0,3.863,
5520.0,heavy,3102,0,1.154,
5523.3,heavy,3103,1,3.527,
5526.7,heavy,3101,0,3.921,
5530.0,heavy,3102,0,1.044,
5533.3,heavy,3103,1,3.852,
5536.7,heavy,3101,0,3.105,
5540.0,heavy,3102,1,1.361,
5543.3,heavy,3103,0,4.380,
5546.7,heavy,3101,0,2.773,
5550.0,heavy,3102,1,2.052,
5553.3,heavy,3103,0,3.597,
5556.7,heavy,3101,0,4.136,
5560.0,heavy,3102,0,1.541,
5563.3,heavy,3103,1,3.108,
5566.7,heavy,3101,0,3.418,
5570.0,heavy,3102,1,1.268,
5573.3,heavy,3103,0,3.685,
5576.7,heavy,3101,0,3.400,
5580.0,heavy,3102,0,1.038,
5583.3,heavy,3103,1,3.315,
5586.7,heavy,3101,0,3.676,
5590.0,heavy,3102,0,1.209,
5593.3,heavy,3103,1,6.919,
5596.7,heavy,3101,0,6.460,
5600.0,heavy,3102,1,1.538,
5600.0,light-1,3101,1,2.710,
5600.0,light-3,3103,1,3.580,
5600.0,light-5,3102,1,6.430,
5600.0,light-4,3101,1,6.820,
5600.0,light-2,3102,1,7.792,
5603.3,heavy,3103,0,7.169,
5606.7,heavy,3103,0,7.425,
5610.0,heavy,3101,1,4.788,
5613.3,heavy,3102,0,0.977,
5616.7,heavy,3103,1,3.638,
5620.0,heavy,3101,0,3.896,
5623.3,heavy,3102,0,1.185,
5626.7,heavy,3103,0,4.071,
5630.0,heavy,3101,0,3.076,
5633.3,heavy,3102,1,1.339,
5636.7,heavy,3103,0,4.850,
5640.0,heavy,3101,0,3.049,
5643.3,heavy,3102,1,1.591,
5646.7,heavy,3103,0,3.940,
5650.0,heavy,3101,1,3.052,
5653.3,heavy,3102,0,1.284,
5656.7,heavy,3103,0,4.660,
5660.0,heavy,3101,0,3.718,
5663.3,heavy,3102,1,1.279,
5666.7,heavy,3103,0,4.958,
5670.0,heavy,3101,0,2.802,
5673.3,heavy,3102,1,0.790,
5676.7,heavy,3103,1,3.330,
5680.0,heavy,3101,0,3.440,
5683.3,heavy,3102,0,0.810,
5686.7,heavy,3103,0,5.349,
5690.0,heavy,3101,0,3.642,
5693.3,heavy,3102,1,1.360,
5696.7,heavy,3103,0,5.044,
5700.0,heavy,3101,1,5.196,
5700.0,light-2,3103,1,1.312,
5700.0,light-4,3102,1,2.575,
5700.0,light-5,3103,1,4.841,
5700.0,light-1,3102,1,5.661,
5700.0,light-3,3101,1,6.401,
5703.3,heavy,3101,0,4.799,
5706.7,heavy,3102,0,1.243,
5710.0,heavy,3103,1,2.826,
5713.3,heavy,3101,0,3.365,
5716.7,heavy,3102,0,1.151,
5720.0,heavy,3103,0,3.091,
5723.3,heavy,3101,1,2.913,
5726.7,heavy,3102,0,1.393,
5730.0,heavy,3103,0,2.740,
5733.3,heavy,3101,0,3.986,
5736.7,heavy,3102,1,1.348,
5740.0,heavy,3103,1,3.037,
5743.3,heavy,3101,0,4.003,
5746.7,heavy,3102,0,0.812,
5750.0,heavy,3103,0,4.870,
5753.3,heavy,3101,0,3.465,
5756.7,heavy,3102,1,1.484,
5760.0,heavy,3103,1,3.820,
5763.3,heavy,3101,0,3.097,
5766.7,heavy,3102,0,1.037,
5770.0,heavy,3103,1,3.922,
5773.3,heavy,3101,0,4.154,
5776.7,heavy,3102,0,1.073,
5780.0,heavy,3103,0,2.646,
5783.3,heavy,3101,0,3.160,
5786.7,heavy,3102,1,1.114,
5790.0,heavy,3103,0,3.472,
5793.3,heavy,3101,1,2.585,
5796.7,heavy,3102,0,0.927,
5800.0,heavy,3103,1,3.814,
5800.0,light-2,3103,1,1.989,
5800.0,light-4,3102,1,2.117,
5800.0,light-1,3102,1,4.742,
5800.0,light-5,3103,1,5.157,
5800.0,light-3,3101,1,5.616,
5803.3,heavy,3101,0,4.346,
5806.7,heavy,3101,0,4.516,
5810.0,heavy,3102,0,0.776,
5813.3,heavy,3103,1,3.963,
5816.7,heavy,3101,0,3.503,
5820.0,heavy,3102,1,1.408,
5823.3,heavy,3103,0,4.396,
5826.7,heavy,3101,0,3.014,
5830.0,heavy,3102,0,1.047,
5833.3,heavy,3103,0,3.929,
5836.7,heavy,3101,1,3.131,
5840.0,heavy,3102,0,0.989,
5843.3,heavy,3103,1,3.979,
5846.7,heavy,3101,0,3.357,
5850.0,heavy,3102,1,1.150,
5853.3,heavy,3103,0,3.208,
5856.7,heavy,3101,0,3.446,
5860.0,heavy,3102,0,1.196,
5863.3,heavy,3103,1,2.925,
5866.7,heavy,3101,0,3.553,
5870.0,heavy,3102,0,1.221,
5873.3,heavy,3103,1,3.080,
5876.7,heavy,3101,0,2.940,
5880.0,heavy,3102,1,1.116,
5883.3,heavy,3103,0,2.657,
5886.7,heavy,3101,0,4.129,
5890.0,heavy,3102,1,1.246,
5893.3,heavy,3103,0,4.860,
5896.7,heavy,3101,0,6.624,
5900.0,heavy,3102,0,1.571,
5900.0,light-5,3101,1,3.975,
5900.0,light-4,3103,1,4.781,
5900.0,light-3,3102,1,5.033,
5900.0,light-2,3101,1,5.934,
5900.0,light-1,3103,1,6.110,
5903.3,heavy,3102,1,1.862,
5906.7,heavy,3103,0,2.844,
5910.0,heavy,3101,0,2.632,
5913.3,heavy,3102,1,0.938,
5916.7,heavy,3103,0,2.949,
5920.0,heavy,3101,0,4.228,
5923.3,heavy,3102,1,1.333,
5926.7,heavy,3103,0,3.361,
5930.0,heavy,3101,0,4.913,
5933.3,heavy,3102,1,0.955,
5936.7,heavy,3103,0,3.891,
5940.0,heavy,3101,0,3.355,
5943.3,heavy,3102,1,1.226,
5946.7,heavy,3103,0,3.388,
5950.0,heavy,3101,0,2.616,
5953.3,heavy,3102,1,1.144,
5956.7,heavy,3103,0,2.804,
5960.0,heavy,3101,0,3.074,
5963.3,heavy,3102,1,0.761,
5966.7,heavy,3103,0,10.489,
5970.0,heavy,3101,0,3.478,
5973.3,heavy,3102,1,1.470,
5976.7,heavy,3103,0,10.733,
5980.0,heavy,3101,0,2.963,
5983.3,heavy,3102,1,0.910,
5986.7,heavy,3103,0,4.018,
5990.0,heavy,3101,0,2.193,
5993.3,heavy,3102,1,0.791,
5996.7,heavy,3103,0,6.697,
6000.0,heavy,3101,0,6.234,
6000.0,light-1,3101,1,3.151,
6000.0,light-3,3103,1,3.565,
6000.0,light-2,3102,1,5.537,
6000.0,light-4,3101,1,6.342,
6000.0,light-5,3102,1,6.764,
6003.3,heavy,3102,1,1.331,
6006.7,heavy,3103,0,6.395,
6010.0,heavy,3103,1,3.945,
6013.3,heavy,3101,0,3.231,
6016.7,heavy,3102,0,1.087,
6020.0,heavy,3103,0,4.342,
6023.3,heavy,3101,1,3.378,
6026.7,heavy,3102,0,1.043,
6030.0,heavy,3103,0,4.006,
6033.3,heavy,3101,0,3.450,
6036.7,heavy,3102,1,1.415,
6040.0,heavy,3103,0,2.886,
6043.3,heavy,3101,1,3.194,
6046.7,heavy,3102,0,0.975,
6050.0,heavy,3103,1,3.166,
6053.3,heavy,3101,0,3.373,
6056.7,heavy,3102,0,0.934,
6060.0,heavy,3103,0,3.661,
6063.3,heavy,3101,0,3.134,
6066.7,heavy,3102,1,1.093,
6070.0,heavy,3103,0,2.952,
6073.3,heavy,3101,1,3.005,
6076.7,heavy,3102,0,1.143,
6080.0,heavy,3103,1,3.021,
6083.3,heavy,3101,0,3.296,
6086.7,heavy,3102,0,0.815,
6090.0,heavy,3103,1,6.532,
6093.3,heavy,3101,0,5.700,
6096.7,heavy,3102,1,1.522,
6100.0,heavy,3103,0,6.646,
6100.0,light-1,3101,1,2.420,
6100.0,light-3,3103,1,3.366,
6100.0,light-2,3102,1,6.294,
6100.0,light-4,3101,1,6.350,
6100.0,light-5,3102,1,7.195,
6103.3,heavy,3103,0,6.296,
6106.7,heavy,3101,0,4.013,
6110.0,heavy,3102,0,1.270,
6113.3,heavy,3103,0,3.719,
6116.7,heavy,3101,1,9.526,
6120.0,heavy,3102,0,1.122,
6123.3,heavy,3103,0,3.750,
6126.7,heavy,3101,1,3.249,
6130.0,heavy,3102,0,1.014,
6133.3,heavy,3103,0,3.963,
6136.7,heavy,3101,0,3.908,
6140.0,heavy,3102,1,1.307,
6143.3,heavy,3103,0,4.174,
6146.7,heavy,3101,0,4.436,
6150.0,heavy,3102,1,0.928,
6153.3,heavy,3103,1,2.604,
6156.7,heavy,3101,0,2.720,
6160.0,heavy,3102,1,1.287,
6163.3,heavy,3103,0,3.003,
6166.7,heavy,3101,0,3.083,
6170.0,heavy,3102,0,0.978,
6173.3,heavy,3103,0,3.292,
6176.7,heavy,3101,0,3.572,
6180.0,heavy,3102,1,1.868,
6183.3,heavy,3103,1,3.060,
6186.7,heavy,3101,0,2.654,
6190.0,heavy,3102,1,1.346,
6193.3,heavy,3103,0,3.203,
6196.7,heavy,3101,0,3.951,
6200.0,heavy,3102,0,1.028,
6200.0,light-5,3101,1,2.992,
6200.0,light-2,3101,1,4.639,
6200.0,light-1,3103,1,5.424,
6200.0,light-3,3102,1,5.503,
6200.0,light-4,3103,1,5.929,
6203.3,heavy,3102,1,1.196,
6206.7,heavy,3103,1,2.901,
6210.0,heavy,3101,0,3.166,
6213.3,heavy,3102,0,0.952,
6216.7,heavy,3103,0,5.196,
6220.0,heavy,3101,0,3.757,
6223.3,heavy,3102,1,1.351,
6226.7,heavy,3103,0,6.640,
6230.0,heavy,3101,1,3.694,
6233.3,heavy,3102,0,0.979,
6236.7,heavy,3103,0,3.319,
6240.0,heavy,3101,0,3.413,
6243.3,heavy,3102,1,1.296,
6246.7,heavy,3103,0,2.495,
6250.0,heavy,3101,0,3.893,
6253.3,heavy,3102,1,1.142,
6256.7,heavy,3103,0,3.270,
6260.0,heavy,3101,0,4.358,
6263.3,heavy,3102,1,1.283,
6266.7,heavy,3103,0,5.200,
6270.0,heavy,3101,0,3.499,
6273.3,heavy,3102,1,1.318,
6276.7,heavy,3103,0,4.124,
6280.0,heavy,3101,0,2.920,
6283.3,heavy,3102,1,1.259,
6286.7,heavy,3103,0,3.244,
6290.0,heavy,3101,0,2.529,
6293.3,heavy,3102,1,1.019,
6296.7,heavy,3103,0,6.188,
6300.0,heavy,3101,0,4.435,
6300.0,light-5,3101,1,3.082,
6300.0,light-3,3102,1,5.421,
6300.0,light-2,3101,1,5.672,
6300.0,light-1,3103,1,6.432,
6300.0,light-4,3103,1,6.953,
6303.3,heavy,3102,1,1.243,
6306.7,heavy,3102,0,2.282,
6310.0,heavy,3103,1,5.380,
6313.3,heavy,3101,0,2.816,
6316.7,heavy,3102,1,1.542,
6320.0,heavy,3103,0,3.535,
6323.3,heavy,3101,0,2.903,
6326.7,heavy,3102,0,1.169,
6330.0,heavy,3103,0,3.084,
6333.3,heavy,3101,1,2.862,
6336.7,heavy,3102,0,1.073,
6340.0,heavy,3103,1,3.446,
6343.3,heavy,3101,0,3.085,
6346.7,heavy,3102,0,0.858,
6350.0,heavy,3103,0,2.846,
6353.3,heavy,3101,1,2.978,
6356.7,heavy,3102,0,1.214,
6360.0,heavy,3103,1,3.927,
6363.3,heavy,3101,0,3.502,
6366.7,heavy,3102,1,1.200,
6370.0,heavy,3103,0,4.104,
6373.3,heavy,3101,0,3.079,
6376.7,heavy,3102,0,0.975,
6380.0,heavy,3103,0,4.608,
6383.3,heavy,3101,0,3.690,
6386.7,heavy,3102,1,1.410,
6390.0,heavy,3103,0,3.717,
6393.3,heavy,3101,1,3.158,
6396.7,heavy,3102,0,1.092,
6400.0,heavy,3103,1,5.101,
6400.0,light-2,3103,1,2.368,
6400.0,light-4,3102,1,2.520,
6400.0,light-1,3102,1,4.584,
6400.0,light-5,3103,1,4.798,
6400.0,light-3,3101,1,5.049,
6403.3,heavy,3101,0,4.016,
6406.7,heavy,3101,0,4.094,
6410.0,heavy,3102,0,1.214,
6413.3,heavy,3103,1,3.071,
6416.7,heavy,3101,0,2.550,
6420.0,heavy,3102,0,0.684,
6423.3,heavy,3103,1,3.690,
6426.7,heavy,3101,0,2.978,
6430.0,heavy,3102,1,1.182,
6433.3,heavy,3103,0,3.459,
6436.7,heavy,3101,0,3.088,
6440.0,heavy,3102,0,0.916,
6443.3,heavy,3103,0,3.556,
6446.7,heavy,3101,1,3.774,
6450.0,heavy,3102,1,1.242,
6453.3,heavy,3103,0,3.066,
6456.7,heavy,3101,0,2.771,
6460.0,heavy,3102,0,0.911,
6463.3,heavy,3103,1,2.656,
6466.7,heavy,3101,0,2.865,
6470.0,heavy,3102,0,0.801,
6473.3,heavy,3103,0,4.124,
6476.7,heavy,3101,1,3.072,
6480.0,heavy,3102,1,1.261,
6483.3,heavy,3103,0,3.537,
6486.7,heavy,3101,0,2.773,
6490.0,heavy,3102,1,1.416,
6493.3,heavy,3103,0,2.869,
6496.7,heavy,3101,0,3.849,
6500.0,heavy,3102,0,1.186,
6500.0,light-5,3101,1,2.630,
6500.0,light-2,3101,1,4.310,
6500.0,light-1,3103,1,4.910,
6500.0,light-3,3102,1,4.987,
6500.0,light-4,3103,1,5.230,
6503.3,heavy,3102,1,0.843,
6506.7,heavy,3103,1,3.096,
6510.0,heavy,3101,0,3.455,
6513.3,heavy,3102,0,1.155,
6516.7,heavy,3103,0,2.923,
6520.0,heavy,3101,0,2.801,
6523.3,heavy,3102,1,1.212,
6526.7,heavy,3103,0,3.065,
6530.0,heavy,3101,1,3.306,
6533.3,heavy,3102,0,1.158,
6536.7,heavy,3103,0,3.650,
6540.0,heavy,3101,0,2.831,
6543.3,heavy,3102,1,1.179,
6546.7,heavy,3103,0,2.966,
6550.0,heavy,3101,0,2.658,
6553.3,heavy,3102,1,1.713,
6556.7,heavy,3103,0,3.235,
6560.0,heavy,3101,0,3.707,
6563.3,heavy,3102,1,1.272,
6566.7,heavy,3103,0,3.952,
6570.0,heavy,3101,0,3.380,
6573.3,heavy,3102,1,1.317,
6576.7,heavy,3103,0,3.223,
6580.0,heavy,3101,0,2.109,
6583.3,heavy,3102,1,1.190,
6586.7,heavy,3103,0,2.952,
6590.0,heavy,3101,0,2.517,
6593.3,heavy,3102,1,0.704,
6596.7,heavy,3103,0,5.824,
6600.0,heavy,3101,0,4.276,
6600.0,light-5,3101,1,2.906,
6600.0,light-3,3102,1,5.007,
6600.0,light-2,3101,1,5.198,
6600.0,light-1,3103,1,5.968,
6600.0,light-4,3103,1,8.438,
6603.3,heavy,3102,1,1.358,
6606.7,heavy,3102,0,1.935,
6610.0,heavy,3103,1,6.041,
6613.3,heavy,3101,0,3.097,
6616.7,heavy,3102,0,1.197,
6620.0,heavy,3103,1,3.579,
6623.3,heavy,3101,0,3.728,
6626.7,heavy,3102,0,1.340,
6630.0,heavy,3103,0,2.708,
6633.3,heavy,3101,1,3.033,
6636.7,heavy,3102,1,1.419,
6640.0,heavy,3103,0,3.608,
6643.3,heavy,3101,0,3.316,
6646.7,heavy,3102,1,1.510,
6650.0,heavy,3103,0,3.804,
6653.3,heavy,3101,0,3.378,
6656.7,heavy,3102,0,1.104,
6660.0,heavy,3103,0,4.311,
6663.3,heavy,3101,0,3.727,
6666.7,heavy,3102,1,1.465,
6670.0,heavy,3103,0,2.877,
6673.3,heavy,3101,1,5.221,
6676.7,heavy,3102,1,1.360,
6680.0,heavy,3103,0,4.090,
6683.3,heavy,3101,0,5.460,
6686.7,heavy,3102,0,1.148,
6690.0,heavy,3103,0,5.504,
6693.3,heavy,3101,1,5.680,
6696.7,heavy,3102,1,1.424,
6700.0,heavy,3103,0,5.737,
6700.0,light-1,3101,1,1.477,
6700.0,light-3,3103,1,2.160,
6700.0,light-2,3102,1,5.037,
6700.0,light-4,3101,1,5.657,
6700.0,light-5,3102,1,5.737,
6703.3,heavy,3103,0,3.157,
6706.7,heavy,3101,0,3.158,
6710.0,heavy,3102,0,0.964,
6713.3,heavy,3103,1,3.208,
6716.7,heavy,3101,0,2.966,
6720.0,heavy,3102,0,1.265,
6723.3,heavy,3103,0,3.300,
6726.7,heavy,3101,0,3.203,
6730.0,heavy,3102,1,1.288,
6733.3,heavy,3103,0,3.671,
6736.7,heavy,3101,1,2.941,
6740.0,heavy,3102,1,1.165,
6743.3,heavy,3103,0,4.184,
6746.7,heavy,3101,0,2.631,
6750.0,heavy,3102,0,1.080,
6753.3,heavy,3103,0,3.174,
6756.7,heavy,3101,0,3.399,
6760.0,heavy,3102,1,1.461,
6763.3,heavy,3103,1,2.844,
6766.7,heavy,3101,0,3.710,
6770.0,heavy,3102,1,1.263,
6773.3,heavy,3103,0,2.765,
6776.7,heavy,3101,0,2.812,
6780.0,heavy,3102,0,0.799,
6783.3,heavy,3103,0,4.061,
6786.7,heavy,3101,1,3.134,
6790.0,heavy,3102,1,1.217,
6793.3,heavy,3103,0,2.674,
6796.7,heavy,3101,0,2.765,
6800.0,heavy,3102,0,1.317,
6800.0,light-5,3101,1,2.552,
6800.0,light-2,3101,1,4.341,
6800.0,light-1,3103,1,4.547,
6800.0,light-3,3102,1,4.694,
6800.0,light-4,3103,1,5.088,
6803.3,heavy,3102,1,1.316,
6806.7,heavy,3103,0,3.259,
6810.0,heavy,3101,0,2.895,
6813.3,heavy,3102,1,1.088,
6816.7,heavy,3103,1,3.182,
6820.0,heavy,3101,0,3.419,
6823.3,heavy,3102,0,0.821,
6826.7,heavy,3103,0,3.617,
6830.0,heavy,3101,0,2.689,
6833.3,heavy,3102,1,1.050,
6836.7,heavy,3103,0,2.973,
6840.0,heavy,3101,0,2.579,
6843.3,heavy,3102,1,1.413,
6846.7,heavy,3103,0,3.904,
6850.0,heavy,3101,0,3.000,
6853.3,heavy,3102,1,0.969,
6856.7,heavy,3103,0,2.994,
6860.0,heavy,3101,0,3.332,
6863.3,heavy,3102,1,0.945,
6866.7,heavy,3103,0,3.253,
6870.0,heavy,3101,1,2.258,
6873.3,heavy,3102,0,0.713,
6876.7,heavy,3103,0,3.503,
6880.0,heavy,3101,0,2.592,
6883.3,heavy,3102,1,1.128,
6886.7,heavy,3103,0,2.786,
6890.0,heavy,3101,0,5.764,
6893.3,heavy,3102,1,1.412,
6896.7,heavy,3103,0,4.565,
6900.0,heavy,3101,0,5.521,
6900.0,light-2,3103,1,1.461,
6900.0,light-4,3102,1,2.456,
6900.0,light-1,3102,1,4.675,
6900.0,light-5,3103,1,5.076,
6900.0,light-3,3101,1,5.988,
6903.3,heavy,3101,1,4.016,
6906.7,heavy,3102,0,0.841,
6910.0,heavy,3103,1,3.060,
6913.3,heavy,3101,0,3.275,
6916.7,heavy,3102,0,0.961,
6920.0,heavy,3103,0,3.882,
6923.3,heavy,3101,0,2.932,
6926.7,heavy,3102,1,1.269,
6930.0,heavy,3103,0,2.954,
6933.3,heavy,3101,1,3.045,
6936.7,heavy,3102,0,0.885,
6940.0,heavy,3103,1,3.280,
6943.3,heavy,3101,0,3.533,
6946.7,heavy,3102,0,0.844,
6950.0,heavy,3103,0,2.998,
6953.3,heavy,3101,0,2.396,
6956.7,heavy,3102,1,1.079,
6960.0,heavy,3103,1,2.652,
6963.3,heavy,3101,0,2.663,
6966.7,heavy,3102,0,0.911,
6970.0,heavy,3103,0,3.623,
6973.3,heavy,3101,0,3.865,
6976.7,heavy,3102,1,1.394,
6980.0,heavy,3103,0,2.982,
6983.3,heavy,3101,1,2.750,
6986.7,heavy,3102,0,1.332,
6990.0,heavy,3103,1,3.166,
6993.3,heavy,3101,0,3.042,
6996.7,heavy,3102,0,1.129,
7000.0,heavy,3103,0,6.112,
7000.0,light-5,3101,1,3.102,
7000.0,light-3,3102,1,5.260,
7000.0,light-2,3101,1,5.491,
7000.0,light-1,3103,1,6.072,
7000.0,light-4,3103,1,6.693,
7003.3,heavy,3101,0,4.714,
7006.7,heavy,3102,1,1.258,
7010.0,heavy,3102,0,2.257,
7013.3,heavy,3103,1,4.855,
7016.7,heavy,3101,0,2.905,
7020.0,heavy,3102,0,1.224,
7023.3,heavy,3103,1,3.052,
7026.7,heavy,3101,0,2.931,
7030.0,heavy,3102,1,1.450,
7033.3,heavy,3103,0,2.820,
7036.7,heavy,3101,0,2.941,
7040.0,heavy,3102,0,0.887,
7043.3,heavy,3103,0,3.711,
7046.7,heavy,3101,1,3.183,
7050.0,heavy,3102,1,1.164,
7053.3,heavy,3103,0,3.712,
7056.7,heavy,3101,0,2.716,
7060.0,heavy,3102,1,1.100,
7063.3,heavy,3103,0,2.406,
7066.7,heavy,3101,0,2.802,
7070.0,heavy,3102,0,1.019,
7073.3,heavy,3103,1,2.612,
7076.7,heavy,3101,0,4.344,
7080.0,heavy,3102,1,1.095,
7083.3,heavy,3103,0,2.591,
7086.7,heavy,3101,0,5.590,
7090.0,heavy,3102,0,0.920,
7093.3,heavy,3103,0,6.057,
7096.7,heavy,3101,1,4.054,
7100.0,heavy,3102,1,2.033,
7100.0,light-5,3101,1,2.887,
7100.0,light-3,3102,1,4.766,
7100.0,light-2,3101,1,5.492,
7100.0,light-1,3103,1,5.864,
7100.0,light-4,3103,1,7.006,
7103.3,heavy,3102,0,1.218,
7106.7,heavy,3103,0,4.579,
7110.0,heavy,3101,1,3.087,
7113.3,heavy,3102,0,1.020,
7116.7,heavy,3103,1,3.254,
7120.0,heavy,3101,0,3.562,
7123.3,heavy,3102,1,1.051,
7126.7,heavy,3103,0,3.624,
7130.0,heavy,3101,0,3.730,
7133.3,heavy,3102,0,0.852,
7136.7,heavy,3103,0,4.186,
7140.0,heavy,3101,0,3.384,
7143.3,heavy,3102,1,1.654,
7146.7,heavy,3103,0,4.747,
7150.0,heavy,3101,0,2.906,
7153.3,heavy,3102,1,1.046,
7156.7,heavy,3103,0,4.208,
7160.0,heavy,3101,0,3.773,
7163.3,heavy,3102,1,1.459,
7166.7,heavy,3103,0,3.035,
7170.0,heavy,3101,0,3.172,
7173.3,heavy,3102,1,1.243,
7176.7,heavy,3103,0,3.295,
7180.0,heavy,3101,0,2.582,
7183.3,heavy,3102,1,0.854,
7186.7,heavy,3103,0,3.562,
7190.0,heavy,3101,0,3.072,
7193.3,heavy,3102,1,1.905,
7196.7,heavy,3103,0,3.805,
7200.0,heavy,3101,1,5.452,
7200.0,light-2,3103,1,1.300,
7200.0,light-4,3102,1,2.413,
7200.0,light-5,3103,1,5.599,
7200.0,light-1,3102,1,5.936,
7200.0,light-3,3101,1,5.996,
7203.3,heavy,3101,0,5.158,
7206.7,heavy,3102,0,0.908,
7210.0,heavy,3103,0,2.969,
7213.3,heavy,3101,1,2.916,
7216.7,heavy,3102,0,1.051,
7220.0,heavy,3103,0,3.372,
7223.3,heavy,3101,0,2.933,
7226.7,heavy,3102,1,1.023,
7230.0,heavy,3103,0,2.562,
7233.3,heavy,3101,1,3.601,
7236.7,heavy,3102,1,1.266,
7240.0,heavy,3103,0,3.531,
7243.3,heavy,3101,0,2.982,
7246.7,heavy,3102,0,0.942,
7250.0,heavy,3103,0,3.003,
7253.3,heavy,3101,0,2.994,
7256.7,heavy,3102,1,1.156,
7260.0,heavy,3103,0,4.266,
7263.3,heavy,3101,1,5.478,
7266.7,heavy,3102,1,1.461,
7270.0,heavy,3103,0,4.728,
7273.3,heavy,3101,0,4.609,
7276.7,heavy,3102,0,1.108,
7280.0,heavy,3103,0,3.702,
7283.3,heavy,3101,0,2.941,
7286.7,heavy,3102,1,1.180,
7290.0,heavy,3103,0,3.378,
7293.3,heavy,3101,1,3.782,
7296.7,heavy,3102,0,0.933,
7300.0,heavy,3103,1,4.312,
7300.0,light-2,3103,1,2.317,
7300.0,light-4,3102,1,2.387,
7300.0,light-1,3102,1,4.607,
7300.0,light-5,3103,1,5.047,
7300.0,light-3,3101,1,7.272,
7303.3,heavy,3101,0,4.542,
7306.7,heavy,3101,0,5.819,
7310.0,heavy,3102,0,1.339,
7313.3,heavy,3103,1,2.698,
7316.7,heavy,3101,0,3.783,
7320.0,heavy,3102,1,1.221,
7323.3,heavy,3103,0,3.363,
7326.7,heavy,3101,0,2.930,
7330.0,heavy,3102,0,1.129,
7333.3,heavy,3103,1,3.117,
7336.7,heavy,3101,0,2.639,
7340.0,heavy,3102,0,0.955,
7343.3,heavy,3103,0,3.601,
7346.7,heavy,3101,0,3.150,
7350.0,heavy,3102,1,1.004,
7353.3,heavy,3103,0,4.251,
7356.7,heavy,3101,1,3.620,
7360.0,heavy,3102,1,1.209,
7363.3,heavy,3103,0,4.461,
7366.7,heavy,3101,0,3.799,
7370.0,heavy,3102,0,0.948,
7373.3,heavy,3103,0,3.551,
7376.7,heavy,3101,0,3.964,
7380.0,heavy,3102,1,1.279,
7383.3,heavy,3103,1,3.225,
7386.7,heavy,3101,0,3.138,
7390.0,heavy,3102,0,1.109,
7393.3,heavy,3103,1,3.191,
7396.7,heavy,3101,0,3.303,
7400.0,heavy,3102,0,1.573,
7400.0,light-5,3101,1,2.705,
7400.0,light-2,3101,1,4.843,
7400.0,light-1,3103,1,5.455,
7400.0,light-3,3102,1,5.520,
7400.0,light-4,3103,1,5.649,
7403.3,heavy,3102,1,1.187,
7406.7,heavy,3103,0,3.409,
7410.0,heavy,3101,0,2.930,
7413.3,heavy,3102,1,1.095,
7416.7,heavy,3103,0,3.712,
7420.0,heavy,3101,0,3.257,
7423.3,heavy,3102,1,1.256,
7426.7,heavy,3103,0,2.991,
7430.0,heavy,3101,0,3.015,
7433.3,heavy,3102,1,1.110,
7436.7,heavy,3103,1,3.745,
7440.0,heavy,3101,0,2.985,
7443.3,heavy,3102,0,1.181,
7446.7,heavy,3103,0,4.391,
7450.0,heavy,3101,0,3.324,
7453.3,heavy,3102,1,1.226,
7456.7,heavy,3103,0,5.000,
7460.0,heavy,3101,0,3.168,
7463.3,heavy,3102,1,1.131,
7466.7,heavy,3103,0,3.834,
7470.0,heavy,3101,1,3.033,
7473.3,heavy,3102,0,0.821,
7476.7,heavy,3103,0,3.775,
7480.0,heavy,3101,0,3.042,
7483.3,heavy,3102,1,1.243,
7486.7,heavy,3103,0,4.301,
7490.0,heavy,3101,1,3.587,
7493.3,heavy,3102,0,0.910,
7496.7,heavy,3103,0,5.963,
7500.0,heavy,3101,0,4.723,
7500.0,light-5,3101,1,3.439,
7500.0,light-3,3102,1,5.729,
7500.0,light-2,3101,1,7.027,
7500.0,light-4,3103,1,7.169,
7500.0,light-1,3103,1,7.790,
7503.3,heavy,3102,1,1.404,
7506.7,heavy,3102,0,1.410,
7510.0,heavy,3103,0,3.809,
7513.3,heavy,3101,1,2.588,
7516.7,heavy,3102,0,1.268,
7520.0,heavy,3103,0,3.129,
7523.3,heavy,3101,0,4.173,
7526.7,heavy,3102,1,1.402,
7530.0,heavy,3103,1,2.973,
7533.3,heavy,3101,0,4.622,
7536.7,heavy,3102,0,1.337,
7540.0,heavy,3103,0,2.743,
7543.3,heavy,3101,0,3.276,
7546.7,heavy,3102,1,1.110,
7550.0,heavy,3103,0,3.508,
7553.3,heavy,3101,1,3.177,
7556.7,heavy,3102,0,0.862,
7560.0,heavy,3103,0,3.951,
7563.3,heavy,3101,1,3.028,
7566.7,heavy,3102,0,1.016,
7570.0,heavy,3103,0,2.223,
7573.3,heavy,3101,0,3.976,
7576.7,heavy,3102,1,1.494,
7580.0,heavy,3103,1,3.361,
7583.3,heavy,3101,0,3.149,
7586.7,heavy,3102,1,1.506,
7590.0,heavy,3103,0,3.098,
7593.3,heavy,3101,0,4.203,
7596.7,heavy,3102,0,1.560,
7600.0,heavy,3103,1,7.532,
7600.0,light-1,3101,1,1.203,
7600.0,light-3,3103,1,2.865,
7600.0,light-4,3101,1,5.276,
7600.0,light-2,3102,1,5.613,
7600.0,light-5,3102,1,6.115,
7603.3,heavy,3103,0,5.343,
7606.7,heavy,3101,0,3.267,
7610.0,heavy,3102,0,0.935,
7613.3,heavy,3103,0,4.339,
7616.7,heavy,3101,1,4.282,
7620.0,heavy,3102,1,1.383,
7623.3,heavy,3103,0,4.751,
7626.7,heavy,3101,0,5.360,
7630.0,heavy,3102,0,1.708,
7633.3,heavy,3103,1,3.780,
7636.7,heavy,3101,0,3.922,
7640.0,heavy,3102,0,1.280,
7643.3,heavy,3103,1,4.219,
7646.7,heavy,3101,0,3.492,
7650.0,heavy,3102,0,1.345,
7653.3,heavy,3103,0,4.215,
7656.7,heavy,3101,0,4.641,
7660.0,heavy,3102,1,1.363,
7663.3,heavy,3103,1,3.342,
7666.7,heavy,3101,0,3.594,
7670.0,heavy,3102,0,1.036,
7673.3,heavy,3103,1,2.480,
7676.7,heavy,3101,0,2.996,
7680.0,heavy,3102,1,1.923,
7683.3,heavy,3103,0,4.842,
7686.7,heavy,3101,0,4.287,
7690.0,heavy,3102,0,2.015,
7693.3,heavy,3103,1,4.713,
7696.7,heavy,3101,0,4.431,
7700.0,heavy,3102,1,2.257,
7700.0,light-5,3101,1,2.921,
7700.0,light-4,3103,1,4.966,
7700.0,light-3,3102,1,5.310,
7700.0,light-1,3103,1,10.360,
7700.0,light-2,3101,1,11.095,
7703.3,heavy,3102,0,1.875,
7706.7,heavy,3103,0,3.706,
7710.0,heavy,3101,0,5.384,
7713.3,heavy,3102,1,1.225,
7716.7,heavy,3103,1,4.597,
7720.0,heavy,3101,0,3.760,
7723.3,heavy,3102,0,1.071,
7726.7,heavy,3103,0,4.574,
7730.0,heavy,3101,0,3.672,
7733.3,heavy,3102,1,1.822,
7736.7,heavy,3103,0,5.300,
7740.0,heavy,3101,0,2.604,
7743.3,heavy,3102,1,1.022,
7746.7,heavy,3103,0,3.824,
7750.0,heavy,3101,1,3.051,
7753.3,heavy,3102,0,0.953,
7756.7,heavy,3103,0,4.792,
7760.0,heavy,3101,0,3.414,
7763.3,heavy,3102,1,1.432,
7766.7,heavy,3103,0,5.285,
7770.0,heavy,3101,0,2.927,
7773.3,heavy,3102,1,1.080,
7776.7,heavy,3103,0,4.047,
7780.0,heavy,3101,0,3.199,
7783.3,heavy,3102,1,1.367,
7786.7,heavy,3103,0,3.229,
7790.0,heavy,3101,0,3.317,
7793.3,heavy,3102,1,1.201,
7796.7,heavy,3103,0,3.773,
7800.0,heavy,3101,1,5.396,
7800.0,light-2,3103,1,1.418,
7800.0,light-4,3102,1,2.597,
7800.0,light-5,3103,1,5.484,
7800.0,light-1,3102,1,5.902,
7800.0,light-3,3101,1,5.885,
7803.3,heavy,3101,0,5.762,
7806.7,heavy,3102,0,0.888,
7810.0,heavy,3103,1,3.618,
7813.3,heavy,3101,0,3.982,
7816.7,heavy,3102,0,1.013,
7820.0,heavy,3103,0,4.013,
7823.3,heavy,3101,0,2.920,
7826.7,heavy,3102,1,1.297,
7830.0,heavy,3103,0,4.203,
7833.3,heavy,3101,1,2.904,
7836.7,heavy,3102,1,1.314,
7840.0,heavy,3103,0,3.532,
7843.3,heavy,3101,0,2.882,
7846.7,heavy,3102,0,0.923,
7850.0,heavy,3103,0,3.362,
7853.3,heavy,3101,0,3.653,
7856.7,heavy,3102,1,1.142,
7860.0,heavy,3103,0,3.771,
7863.3,heavy,3101,1,3.132,
7866.7,heavy,3102,0,1.008,
7870.0,heavy,3103,1,3.299,
7873.3,heavy,3101,0,3.514,
7876.7,heavy,3102,0,0.952,
7880.0,heavy,3103,0,3.369,
7883.3,heavy,3101,1,3.053,
7886.7,heavy,3102,0,0.939,
7890.0,heavy,3103,0,2.551,
7893.3,heavy,3101,1,2.986,
7896.7,heavy,3102,0,1.049,
7900.0,heavy,3103,0,6.027,
7900.0,light-5,3101,1,3.525,
7900.0,light-3,3102,1,5.356,
7900.0,light-1,3103,1,6.754,
7900.0,light-2,3101,1,6.913,
7900.0,light-4,3103,1,7.800,
7903.3,heavy,3101,0,5.286,
7906.7,heavy,3102,1,2.014,
7910.0,heavy,3102,0,1.164,
7913.3,heavy,3103,1,4.745,
7916.7,heavy,3101,0,3.014,
7920.0,heavy,3102,0,1.051,
7923.3,heavy,3103,0,4.137,
7926.7,heavy,3101,1,3.586,
7930.0,heavy,3102,1,1.244,
7933.3,heavy,3103,0,4.552,
7936.7,heavy,3101,0,4.315,
7940.0,heavy,3102,0,1.069,
7943.3,heavy,3103,1,2.885,
7946.7,heavy,3101,0,3.039,
7950.0,heavy,3102,1,1.204,
7953.3,heavy,3103,0,2.891,
7956.7,heavy,3101,0,3.689,
7960.0,heavy,3102,1,1.294,
7963.3,heavy,3103,0,3.204,
7966.7,heavy,3101,0,3.697,
7970.0,heavy,3102,0,0.881,
7973.3,heavy,3103,1,4.472,
7976.7,heavy,3101,0,3.371,
7980.0,heavy,3102,1,1.371,
7983.3,heavy,3103,0,4.253,
7986.7,heavy,3101,0,2.887,
7990.0,heavy,3102,0,0.807,
7993.3,heavy,3103,1,3.527,
7996.7,heavy,3101,0,4.212,
8000.0,heavy,3102,1,1.355,
8000.0,light-5,3101,1,2.361,
8000.0,light-2,3101,1,4.549,
8000.0,light-1,3103,1,5.211,
8000.0,light-3,3102,1,5.302,
8000.0,light-4,3103,1,5.478,
8003.3,heavy,3102,0,1.893,
8006.7,heavy,3103,0,3.559,
8010.0,heavy,3101,0,3.269,
8013.3,heavy,3102,1,1.031,
8016.7,heavy,3103,0,4.036,
8020.0,heavy,3101,0,3.987,
8023.3,heavy,3102,1,1.331,
8026.7,heavy,3103,1,4.570,
8030.0,heavy,3101,0,4.694,
8033.3,heavy,3102,0,0.964,
8036.7,heavy,3103,0,3.066,
8040.0,heavy,3101,0,3.423,
8043.3,heavy,3102,1,1.048,
8046.7,heavy,3103,0,2.994,
8050.0,heavy,3101,1,3.021,
8053.3,heavy,3102,0,1.025,
8056.7,heavy,3103,1,3.124,
8060.0,heavy,3101,0,3.367,
8063.3,heavy,3102,0,0.915,
8066.7,heavy,3103,0,4.717,
8070.0,heavy,3101,0,3.882,
8073.3,heavy,3102,1,1.368,
8076.7,heavy,3103,0,4.441,
8080.0,heavy,3101,0,3.036,
8083.3,heavy,3102,1,1.110,
8086.7,heavy,3103,1,3.367,
8090.0,heavy,3101,0,3.498,
8093.3,heavy,3102,0,0.936,
8096.7,heavy,3103,0,6.987,
8100.0,heavy,3101,0,6.195,
8100.0,light-1,3101,1,2.883,
8100.0,light-3,3103,1,3.765,
8100.0,light-2,3102,1,6.675,
8100.0,light-4,3101,1,6.907,
8100.0,light-5,3102,1,7.378,
8103.3,heavy,3102,1,1.752,
8106.7,heavy,3103,1,7.010,
8110.0,heavy,3103,0,5.867,
8113.3,heavy,3101,0,3.205,
8116.7,heavy,3102,0,1.020,
8120.0,heavy,3103,1,3.158,
8123.3,heavy,3101,0,3.172,
8126.7,heavy,3102,0,1.202,
8130.0,heavy,3103,0,2.466,
8133.3,heavy,3101,0,3.233,
8136.7,heavy,3102,1,1.180,
8140.0,heavy,3103,0,2.942,
8143.3,heavy,3101,1,2.938,
8146.7,heavy,3102,0,1.074,
8150.0,heavy,3103,0,4.018,
8153.3,heavy,3101,1,3.403,
8156.7,heavy,3102,0,0.782,
8160.0,heavy,3103,0,3.390,
8163.3,heavy,3101,0,2.603,
8166.7,heavy,3102,1,1.043,
8170.0,heavy,3103,0,3.469,
8173.3,heavy,3101,1,3.325,
8176.7,heavy,3102,0,1.118,
8180.0,heavy,3103,1,3.270,
8183.3,heavy,3101,0,3.571,
8186.7,heavy,3102,0,0.847,
8190.0,heavy,3103,0,8.464,
8193.3,heavy,3101,1,7.541,
8196.7,heavy,3102,1,1.807,
8200.0,heavy,3103,0,8.475,
8200.0,light-1,3101,1,3.040,
8200.0,light-3,3103,1,4.226,
8200.0,light-5,3102,1,7.996,
8200.0,light-4,3101,1,8.204,
8200.0,light-2,3102,1,8.516,
8203.3,heavy,3103,0,8.918,
8206.7,heavy,3101,0,5.795,
8210.0,heavy,3102,1,1.650,
8213.3,heavy,3103,0,2.584,
8216.7,heavy,3101,0,3.506,
8220.0,heavy,3102,0,0.921,
8223.3,heavy,3103,0,3.134,
8226.7,heavy,3101,0,3.256,
8230.0,heavy,3102,1,1.134,
8233.3,heavy,3103,1,2.779,
8236.7,heavy,3101,0,3.197,
8240.0,heavy,3102,0,1.246,
8243.3,heavy,3103,1,3.564,
8246.7,heavy,3101,0,3.174,
8250.0,heavy,3102,1,1.065,
8253.3,heavy,3103,0,3.086,
8256.7,heavy,3101,0,3.425,
8260.0,heavy,3102,0,1.403,
8263.3,heavy,3103,0,4.228,
8266.7,heavy,3101,1,3.392,
8270.0,heavy,3102,1,1.247,
8273.3,heavy,3103,0,4.384,
8276.7,heavy,3101,0,4.195,
8280.0,heavy,3102,0,1.209,
8283.3,heavy,3103,0,4.001,
8286.7,heavy,3101,1,3.075,
8290.0,heavy,3102,1,1.230,
8293.3,heavy,3103,0,4.652,
8296.7,heavy,3101,0,3.013,
8300.0,heavy,3102,0,1.382,
8300.0,light-5,3101,1,2.839,
8300.0,light-2,3101,1,5.988,
8300.0,light-1,3103,1,6.517,
8300.0,light-3,3102,1,6.590,
8300.0,light-4,3103,1,8.788,
8303.3,heavy,3102,1,0.712,
8306.7,heavy,3103,0,3.098,
8310.0,heavy,3101,1,2.311,
8313.3,heavy,3102,0,0.873,
8316.7,heavy,3103,0,3.665,
8320.0,heavy,3101,0,2.870,
8323.3,heavy,3102,1,1.228,
8326.7,heavy,3103,0,2.535,
8330.0,heavy,3101,0,4.478,
8333.3,heavy,3102,1,1.400,
8336.7,heavy,3103,0,3.300,
8340.0,heavy,3101,1,4.465,
8343.3,heavy,3102,0,0.987,
8346.7,heavy,3103,0,4.305,
8350.0,heavy,3101,0,3.169,
8353.3,heavy,3102,1,1.296,
8356.7,heavy,3103,0,3.823,
8360.0,heavy,3101,0,3.094,
8363.3,heavy,3102,1,1.006,
8366.7,heavy,3103,1,3.614,
8370.0,heavy,3101,0,2.944,
8373.3,heavy,3102,0,0.794,
8376.7,heavy,3103,0,4.214,
8380.0,heavy,3101,0,3.408,
8383.3,heavy,3102,1,1.331,
8386.7,heavy,3103,0,4.828,
8390.0,heavy,3101,0,2.898,
8393.3,heavy,3102,1,1.446,
8396.7,heavy,3103,0,4.892,
8400.0,heavy,3101,1,4.021,
8400.0,light-2,3103,1,2.308,
8400.0,light-4,3102,1,2.826,
8400.0,light-1,3102,1,4.458,
8400.0,light-3,3101,1,6.604,
8400.0,light-5,3103,1,7.135,
8403.3,heavy,3101,0,5.055,
8406.7,heavy,3102,0,0.785,
8410.0,heavy,3103,0,3.092,
8413.3,heavy,3101,0,3.351,
8416.7,heavy,3102,1,1.221,
8420.0,heavy,3103,0,3.051,
8423.3,heavy,3101,1,2.977,
8426.7,heavy,3102,1,1.550,
8430.0,heavy,3103,0,3.896,
8433.3,heavy,3101,0,10.774,
8436.7,heavy,3102,0,0.996,
8440.0,heavy,3103,1,2.960,
8443.3,heavy,3101,0,2.251,
8446.7,heavy,3102,0,0.992,
8450.0,heavy,3103,0,3.552,
8453.3,heavy,3101,0,2.694,
8456.7,heavy,3102,1,1.222,
8460.0,heavy,3103,0,3.139,
8463.3,heavy,3101,1,2.589,
8466.7,heavy,3102,1,1.299,
8470.0,heavy,3103,0,3.806,
8473.3,heavy,3101,0,3.099,
8476.7,heavy,3102,0,1.108,
8480.0,heavy,3103,1,11.373,
8483.3,heavy,3101,0,2.600,
8486.7,heavy,3102,1,1.052,
8490.0,heavy,3103,0,11.334,
8493.3,heavy,3101,0,4.996,
8496.7,heavy,3102,0,1.334,
8500.0,heavy,3103,1,4.144,
8500.0,light-3,3103,1,2.252,
8500.0,light-1,3101,1,2.519,
8500.0,light-2,3102,1,4.709,
8500.0,light-4,3101,1,5.585,
8500.0,light-5,3102,1,6.036,
8503.3,heavy,3103,0,3.568,
8506.7,heavy,3101,0,2.488,
8510.0,heavy,3102,1,1.490,
8513.3,heavy,3103,0,2.982,
8516.7,heavy,3101,0,3.321,
8520.0,heavy,3102,0,1.332,
8523.3,heavy,3103,1,2.890,
8526.7,heavy,3101,0,2.939,
8530.0,heavy,3102,1,1.639,
8533.3,heavy,3103,0,3.317,
8536.7,heavy,3101,0,3.128,
8540.0,heavy,3102,0,0.931,
8543.3,heavy,3103,1,3.733,
8546.7,heavy,3101,0,3.156,
8550.0,heavy,3102,1,1.301,
8553.3,heavy,3103,0,2.947,
8556.7,heavy,3101,0,4.422,
8560.0,heavy,3102,1,1.393,
8563.3,heavy,3103,0,3.459,
8566.7,heavy,3101,0,4.330,
8570.0,heavy,3102,0,0.974,
8573.3,heavy,3103,0,3.711,
8576.7,heavy,3101,1,2.911,
8580.0,heavy,3102,1,1.206,
8583.3,heavy,3103,0,3.653,
8586.7,heavy,3101,0,3.248,
8590.0,heavy,3102,0,0.989,
8593.3,heavy,3103,0,4.201,
8596.7,heavy,3101,1,2.909,
8600.0,heavy,3102,0,1.315,
8600.0,light-5,3101,1,2.435,
8600.0,light-2,3101,1,4.416,
8600.0,light-1,3103,1,4.977,
8600.0,light-3,3102,1,5.427,
8600.0,light-4,3103,1,5.694,
8603.3,heavy,3102,1,1.112,
8606.7,heavy,3103,0,2.897,
8610.0,heavy,3101,0,2.877,
8613.3,heavy,3102,1,1.158,
8616.7,heavy,3103,0,2.903,
8620.0,heavy,3101,0,2.455,
8623.3,heavy,3102,1,1.408,
8626.7,heavy,3103,0,2.920,
8630.0,heavy,3101,0,2.513,
8633.3,heavy,3102,1,1.615,
8636.7,heavy,3103,0,4.561,
8640.0,heavy,3101,0,4.005,
8643.3,heavy,3102,1,1.861,
8646.7,heavy,3103,0,3.748,
8650.0,heavy,3101,0,2.948,
8653.3,heavy,3102,1,1.199,
8656.7,heavy,3103,1,3.816,
8660.0,heavy,3101,0,3.083,
8663.3,heavy,3102,0,0.720,
8666.7,heavy,3103,0,3.832,
8670.0,heavy,3101,0,2.957,
8673.3,heavy,3102,1,1.512,
8676.7,heavy,3103,0,4.403,
8680.0,heavy,3101,0,2.712,
8683.3,heavy,3102,1,1.361,
8686.7,heavy,3103,0,3.944,
8690.0,heavy,3101,1,3.387,
8693.3,heavy,3102,0,0.968,
8696.7,heavy,3103,0,6.168,
8700.0,heavy,3101,0,4.958,
8700.0,light-1,3101,1,2.318,
8700.0,light-3,3103,1,3.529,
8700.0,light-4,3101,1,6.064,
8700.0,light-2,3102,1,6.349,
8700.0,light-5,3102,1,6.509,
8703.3,heavy,3102,1,1.341,
8706.7,heavy,3103,0,6.586,
8710.0,heavy,3103,1,5.210,
8713.3,heavy,3101,0,2.719,
8716.7,heavy,3102,1,1.422,
8720.0,heavy,3103,0,3.045,
8723.3,heavy,3101,0,3.046,
8726.7,heavy,3102,0,1.083,
8730.0,heavy,3103,0,4.026,
8733.3,heavy,3101,0,3.112,
8736.7,heavy,3102,1,1.348,
8740.0,heavy,3103,0,2.938,
8743.3,heavy,3101,1,2.932,
8746.7,heavy,3102,0,0.955,
8750.0,heavy,3103,1,3.453,
8753.3,heavy,3101,0,3.728,
8756.7,heavy,3102,0,1.091,
8760.0,heavy,3103,0,4.204,
8763.3,heavy,3101,0,3.182,
8766.7,heavy,3102,1,1.236,
8770.0,heavy,3103,0,3.342,
8773.3,heavy,3101,1,2.870,
8776.7,heavy,3102,1,1.431,
8780.0,heavy,3103,0,3.226,
8783.3,heavy,3101,0,3.818,
8786.7,heavy,3102,0,1.294,
8790.0,heavy,3103,0,5.004,
8793.3,heavy,3101,0,2.978,
8796.7,heavy,3102,1,1.272,
8800.0,heavy,3103,1,4.497,
8800.0,light-1,3101,1,1.993,
8800.0,light-3,3103,1,2.306,
8800.0,light-4,3101,1,4.468,
8800.0,light-5,3102,1,4.553,
8800.0,light-2,3102,1,5.146,
8803.3,heavy,3103,0,3.192,
8806.7,heavy,3101,0,2.779,
8810.0,heavy,3102,1,1.310,
8813.3,heavy,3103,0,2.782,
8816.7,heavy,3101,0,3.219,
8820.0,heavy,3102,0,1.029,
8823.3,heavy,3103,0,4.225,
8826.7,heavy,3101,1,3.074,
8830.0,heavy,3102,1,1.175,
8833.3,heavy,3103,0,2.896,
8836.7,heavy,3101,0,4.082,
8840.0,heavy,3102,1,1.091,
8843.3,heavy,3103,0,3.544,
8846.7,heavy,3101,0,3.810,
8850.0,heavy,3102,0,0.876,
8853.3,heavy,3103,1,2.977,
8856.7,heavy,3101,0,3.339,
8860.0,heavy,3102,1,1.110,
8863.3,heavy,3103,0,2.460,
8866.7,heavy,3101,0,2.628,
8870.0,heavy,3102,0,1.124,
8873.3,heavy,3103,0,3.820,
8876.7,heavy,3101,1,3.103,
8880.0,heavy,3102,0,0.823,
8883.3,heavy,3103,1,3.808,
8886.7,heavy,3101,0,3.298,
8890.0,heavy,3102,1,1.303,
8893.3,heavy,3103,0,2.755,
8896.7,heavy,3101,0,7.200,
8900.0,heavy,3102,1,1.243,
8900.0,light-2,3103,1,2.146,
8900.0,light-4,3102,1,2.515,
8900.0,light-1,3102,1,5.632,
8900.0,light-5,3103,1,6.716,
8900.0,light-3,3101,1,8.322,
8903.3,heavy,3103,0,4.159,
8906.7,heavy,3101,0,7.372,
8910.0,heavy,3101,1,6.698,
8913.3,heavy,3102,0,0.924,
8916.7,heavy,3103,0,2.898,
8920.0,heavy,3101,0,2.882,
8923.3,heavy,3102,1,1.457,
8926.7,heavy,3103,0,4.153,
8930.0,heavy,3101,0,3.945,
8933.3,heavy,3102,1,1.355,
8936.7,heavy,3103,0,5.103,
8940.0,heavy,3101,0,3.243,
8943.3,heavy,3102,1,0.912,
8946.7,heavy,3103,0,3.160,
8950.0,heavy,3101,0,3.338,
8953.3,heavy,3102,1,1.152,
8956.7,heavy,3103,0,3.176,
8960.0,heavy,3101,0,2.789,
8963.3,heavy,3102,1,1.530,
8966.7,heavy,3103,0,2.919,
8970.0,heavy,3101,0,3.012,
8973.3,heavy,3102,1,1.560,
8976.7,heavy,3103,0,3.524,
8980.0,heavy,3101,0,2.936,
8983.3,heavy,3102,1,1.975,
8986.7,heavy,3103,0,2.846,
8990.0,heavy,3101,0,4.733,
8993.3,heavy,3102,1,1.389,
8996.7,heavy,3103,1,4.602,
9000.0,heavy,3101,0,6.786,
9000.0,light-2,3103,1,2.217,
9000.0,light-4,3102,1,2.631,
9000.0,light-1,3102,1,4.675,
9000.0,light-5,3103,1,5.186,
9000.0,light-3,3101,1,7.402,
9003.3,heavy,3101,0,5.471,
9006.7,heavy,3102,0,1.186,
9010.0,heavy,3103,0,3.824,
9013.3,heavy,3101,1,3.042,
9016.7,heavy,3102,0,0.870,
9020.0,heavy,3103,0,2.587,
9023.3,heavy,3101,0,3.178,
9026.7,heavy,3102,1,1.402,
9030.0,heavy,3103,0,3.393,
9033.3,heavy,3101,1,2.899,
9036.7,heavy,3102,0,0.908,
9040.0,heavy,3103,1,3.439,
9043.3,heavy,3101,0,3.701,
9046.7,heavy,3102,0,0.943,
9050.0,heavy,3103,0,2.760,
9053.3,heavy,3101,1,3.400,
9056.7,heavy,3102,1,1.212,
9060.0,heavy,3103,0,2.883,
9063.3,heavy,3101,0,2.244,
9066.7,heavy,3102,1,1.438,
9070.0,heavy,3103,0,2.669,
9073.3,heavy,3101,0,3.026,
9076.7,heavy,3102,0,1.201,
9080.0,heavy,3103,0,2.403,
9083.3,heavy,3101,1,3.948,
9086.7,heavy,3102,1,1.234,
9090.0,heavy,3103,0,3.326,
9093.3,heavy,3101,0,2.824,
9096.7,heavy,3102,0,0.957,
9100.0,heavy,3103,0,6.807,
9100.0,light-5,3101,1,3.282,
9100.0,light-2,3101,1,5.978,
9100.0,light-3,3102,1,6.103,
9100.0,light-1,3103,1,6.351,
9100.0,light-4,3103,1,7.256,
9103.3,heavy,3101,0,4.778,
9106.7,heavy,3102,1,1.214,
9110.0,heavy,3102,0,1.971,
9113.3,heavy,3103,1,4.777,
9116.7,heavy,3101,0,2.733,
9120.0,heavy,3102,0,1.066,
9123.3,heavy,3103,1,3.053,
9126.7,heavy,3101,0,3.200,
9130.0,heavy,3102,0,1.242,
9133.3,heavy,3103,0,3.566,
9136.7,heavy,3101,1,2.876,
9140.0,heavy,3102,0,0.738,
9143.3,heavy,3103,1,3.937,
9146.7,heavy,3101,0,3.173,
9150.0,heavy,3102,1,1.204,
9153.3,heavy,3103,0,4.326,
9156.7,heavy,3101,0,2.691,
9160.0,heavy,3102,0,1.260,
9163.3,heavy,3103,0,3.132,
9166.7,heavy,3101,1,3.326,
9170.0,heavy,3102,1,1.016,
9173.3,heavy,3103,0,2.473,
9176.7,heavy,3101,0,2.571,
9180.0,heavy,3102,1,1.477,
9183.3,heavy,3103,0,3.644,
9186.7,heavy,3101,0,3.034,
9190.0,heavy,3102,0,0.964,
9193.3,heavy,3103,0,5.852,
9196.7,heavy,3101,1,4.672,
9200.0,heavy,3102,1,1.186,
9200.0,light-5,3101,1,2.945,
9200.0,light-3,3102,1,5.143,
9200.0,light-2,3101,1,5.700,
9200.0,light-1,3103,1,6.193,
9200.0,light-4,3103,1,6.946,
9203.3,heavy,3102,0,2.160,
9206.7,heavy,3103,0,5.122,
9210.0,heavy,3101,0,2.845,
9213.3,heavy,3102,1,1.935,
9216.7,heavy,3103,0,3.186,
9220.0,heavy,3101,0,2.703,
9223.3,heavy,3102,1,1.418,
9226.7,heavy,3103,0,2.816,
9230.0,heavy,3101,0,2.563,
9233.3,heavy,3102,1,1.228,
9236.7,heavy,3103,0,3.773,
9240.0,heavy,3101,0,2.951,
9243.3,heavy,3102,1,1.053,
9246.7,heavy,3103,0,4.124,
9250.0,heavy,3101,0,2.572,
9253.3,heavy,3102,1,1.134,
9256.7,heavy,3103,0,3.155,
9260.0,heavy,3101,0,3.342,
9263.3,heavy,3102,1,1.340,
9266.7,heavy,3103,0,2.729,
9270.0,heavy,3101,0,3.726,
9273.3,heavy,3102,1,1.297,
9276.7,heavy,3103,0,3.178,
9280.0,heavy,3101,0,2.797,
9283.3,heavy,3102,1,1.160,
9286.7,heavy,3103,0,3.831,
9290.0,heavy,3101,0,3.722,
9293.3,heavy,3102,1,1.414,
9296.7,heavy,3103,0,2.764,
9300.0,heavy,3101,1,5.097,
9300.0,light-2,3103,1,1.390,
9300.0,light-4,3102,1,2.441,
9300.0,light-1,3102,1,5.134,
9300.0,light-5,3103,1,5.082,
9300.0,light-3,3101,1,6.194,
9303.3,heavy,3101,0,4.213,
9306.7,heavy,3102,0,0.979,
9310.0,heavy,3103,1,5.984,
9313.3,heavy,3101,0,5.094,
9316.7,heavy,3102,1,1.245,
9320.0,heavy,3103,0,6.836,
9323.3,heavy,3101,0,6.151,
9326.7,heavy,3102,0,1.014,
9330.0,heavy,3103,1,4.522,
9333.3,heavy,3101,0,3.119,
9336.7,heavy,3102,0,1.086,
9340.0,heavy,3103,0,3.133,
9343.3,heavy,3101,1,3.101,
9346.7,heavy,3102,0,0.896,
9350.0,heavy,3103,0,3.152,
9353.3,heavy,3101,0,3.374,
9356.7,heavy,3102,1,1.117,
9360.0,heavy,3103,0,3.028,
9363.3,heavy,3101,1,3.794,
9366.7,heavy,3102,1,1.214,
9370.0,heavy,3103,0,3.093,
9373.3,heavy,3101,0,3.590,
9376.7,heavy,3102,0,1.175,
9380.0,heavy,3103,0,3.508,
9383.3,heavy,3101,0,2.848,
9386.7,heavy,3102,1,1.354,
9390.0,heavy,3103,0,3.032,
9393.3,heavy,3101,1,2.498,
9396.7,heavy,3102,0,0.922,
9400.0,heavy,3103,1,4.714,
9400.0,light-1,3101,1,1.155,
9400.0,light-3,3103,1,2.336,
9400.0,light-4,3101,1,4.788,
9400.0,light-5,3102,1,4.887,
9400.0,light-2,3102,1,5.423,
9403.3,heavy,3103,0,4.563,
9406.7,heavy,3101,0,2.392,
9410.0,heavy,3102,0,1.062,
9413.3,heavy,3103,1,2.960,
9416.7,heavy,3101,0,3.185,
9420.0,heavy,3102,0,0.847,
9423.3,heavy,3103,1,4.047,
9426.7,heavy,3101,0,3.221,
9430.0,heavy,3102,1,1.403,
9433.3,heavy,3103,0,3.880,
9436.7,heavy,3101,0,2.632,
9440.0,heavy,3102,1,1.385,
9443.3,heavy,3103,0,3.519,
9446.7,heavy,3101,0,3.238,
9450.0,heavy,3102,0,0.991,
9453.3,heavy,3103,1,3.261,
9456.7,heavy,3101,0,2.555,
9460.0,heavy,3102,1,1.157,
9463.3,heavy,3103,0,3.503,
9466.7,heavy,3101,0,2.577,
9470.0,heavy,3102,0,0.822,
9473.3,heavy,3103,0,2.997,
9476.7,heavy,3101,0,2.312,
9480.0,heavy,3102,1,0.851,
9483.3,heavy,3103,1,3.382,
9486.7,heavy,3101,0,2.735,
9490.0,heavy,3102,1,1.034,
9493.3,heavy,3103,0,3.584,
9496.7,heavy,3101,0,2.330,
9500.0,heavy,3102,0,1.092,
9500.0,light-5,3101,1,1.907,
9500.0,light-2,3101,1,3.598,
9500.0,light-1,3103,1,4.025,
9500.0,light-3,3102,1,4.041,
9500.0,light-4,3103,1,4.122,
9503.3,heavy,3102,1,0.673,
9506.7,heavy,3103,0,3.551,
9510.0,heavy,3101,0,2.784,
9513.3,heavy,3102,1,0.846,
9516.7,heavy,3103,0,3.260,
9520.0,heavy,3101,0,2.566,
9523.3,heavy,3102,1,1.100,
9526.7,heavy,3103,0,2.671,
9530.0,heavy,3101,0,2.705,
9533.3,heavy,3102,1,1.074,
9536.7,heavy,3103,0,3.719,
9540.0,heavy,3101,0,2.962,
9543.3,heavy,3102,1,0.937,
9546.7,heavy,3103,0,3.676,
9550.0,heavy,3101,0,2.753,
9553.3,heavy,3102,1,1.217,
9556.7,heavy,3103,0,2.766,
9560.0,heavy,3101,0,2.720,
9563.3,heavy,3102,1,1.477,
9566.7,heavy,3103,0,3.734,
9570.0,heavy,3101,1,3.097,
9573.3,heavy,3102,0,1.020,
9576.7,heavy,3103,0,3.543,
9580.0,heavy,3101,0,2.783,
9583.3,heavy,3102,1,1.123,
9586.7,heavy,3103,0,3.112,
9590.0,heavy,3101,0,3.650,
9593.3,heavy,3102,1,1.332,
9596.7,heavy,3103,0,4.539,
9600.0,heavy,3101,1,3.989,
9600.0,light-2,3103,1,2.425,
9600.0,light-4,3102,1,2.783,
9600.0,light-1,3102,1,4.069,
9600.0,light-3,3101,1,6.193,
9600.0,light-5,3103,1,6.196,
9603.3,heavy,3101,0,4.474,
9606.7,heavy,3102,0,1.033,
9610.0,heavy,3103,0,3.438,
9613.3,heavy,3101,0,2.817,
9616.7,heavy,3102,1,1.203,
9620.0,heavy,3103,0,2.726,
9623.3,heavy,3101,1,3.865,
9626.7,heavy,3102,1,1.082,
9630.0,heavy,3103,0,3.173,
9633.3,heavy,3101,0,3.167,
9636.7,heavy,3102,0,0.849,
9640.0,heavy,3103,0,3.078,
9643.3,heavy,3101,0,3.234,
9646.7,heavy,3102,1,1.303,
9650.0,heavy,3103,0,2.716,
9653.3,heavy,3101,1,3.369,
9656.7,heavy,3102,0,1.174,
9660.0,heavy,3103,1,2.937,
9663.3,heavy,3101,0,3.137,
9666.7,heavy,3102,0,0.798,
9670.0,heavy,3103,0,4.111,
9673.3,heavy,3101,0,3.641,
9676.7,heavy,3102,1,1.187,
9680.0,heavy,3103,0,3.376,
9683.3,heavy,3101,1,3.105,
9686.7,heavy,3102,0,1.202,
9690.0,heavy,3103,1,3.226,
9693.3,heavy,3101,0,3.561,
9696.7,heavy,3102,0,1.040,
9700.0,heavy,3103,0,6.027,
9700.0,light-1,3101,1,2.315,
9700.0,light-3,3103,1,3.082,
9700.0,light-2,3102,1,5.316,
9700.0,light-4,3101,1,5.597,
9700.0,light-5,3102,1,5.921,
9703.3,heavy,3101,1,5.291,
9706.7,heavy,3102,1,1.417,
9710.0,heavy,3103,0,6.641,
9713.3,heavy,3103,0,4.229,
9716.7,heavy,3101,0,3.067,
9720.0,heavy,3102,0,0.995,
9723.3,heavy,3103,1,3.750,
9726.7,heavy,3101,0,3.185,
9730.0,heavy,3102,0,1.108,
9733.3,heavy,3103,1,3.252,
9736.7,heavy,3101,0,3.167,
9740.0,heavy,3102,0,1.171,
9743.3,heavy,3103,1,4.590,
9746.7,heavy,3101,0,3.747,
9750.0,heavy,3102,1,1.344,
9753.3,heavy,3103,0,4.557,
9756.7,heavy,3101,0,4.389,
9760.0,heavy,3102,0,0.987,
9763.3,heavy,3103,0,4.175,
9766.7,heavy,3101,1,3.205,
9770.0,heavy,3102,1,1.154,
9773.3,heavy,3103,0,3.538,
9776.7,heavy,3101,0,2.885,
9780.0,heavy,3102,0,0.992,
9783.3,heavy,3103,1,3.307,
9786.7,heavy,3101,0,3.642,
9790.0,heavy,3102,0,1.065,
9793.3,heavy,3103,0,7.808,
9796.7,heavy,3101,1,5.806,
9800.0,heavy,3102,1,1.496,
9800.0,light-1,3101,1,2.545,
9800.0,light-3,3103,1,3.631,
9800.0,light-2,3102,1,5.831,
9800.0,light-4,3101,1,6.356,
9800.0,light-5,3102,1,7.366,
9803.3,heavy,3103,0,7.735,
9806.7,heavy,3103,0,5.729,
9810.0,heavy,3101,0,3.001,
9813.3,heavy,3102,1,1.021,
9816.7,heavy,3103,0,3.059,
9820.0,heavy,3101,1,2.810,
9823.3,heavy,3102,0,0.830,
9826.7,heavy,3103,0,2.920,
9830.0,heavy,3101,0,3.102,
9833.3,heavy,3102,1,1.386,
9836.7,heavy,3103,0,2.796,
9840.0,heavy,3101,0,2.789,
9843.3,heavy,3102,1,1.338,
9846.7,heavy,3103,0,3.422,
9850.0,heavy,3101,0,2.849,
9853.3,heavy,3102,1,0.871,
9856.7,heavy,3103,0,4.194,
9860.0,heavy,3101,0,3.336,
9863.3,heavy,3102,1,1.154,
9866.7,heavy,3103,0,3.569,
9870.0,heavy,3101,0,3.062,
9873.3,heavy,3102,1,0.999,
9876.7,heavy,3103,0,3.191,
9880.0,heavy,3101,0,3.461,
9883.3,heavy,3102,1,0.746,
9886.7,heavy,3103,0,8.480,
9890.0,heavy,3101,0,2.606,
9893.3,heavy,3102,1,1.256,
9896.7,heavy,3103,1,8.722,
9900.0,light-5,3101,1,3.431,
9900.0,light-3,3102,1,4.177,
9900.0,light-4,3103,1,4.403,
9900.0,light-2,3101,1,5.510,
9900.0,light-1,3103,1,5.926,
9900.0,heavy,3101,0,4.763,
9903.3,heavy,3102,0,1.114,
9906.7,heavy,3102,0,1.207,
9910.0,heavy,3103,0,2.693,
9913.3,heavy,3101,1,4.360,
9916.7,heavy,3102,1,3.337,
9920.0,heavy,3103,0,3.826,
9923.3,heavy,3101,0,4.327,
9926.7,heavy,3102,0,0.927,
9930.0,heavy,3103,0,2.892,
9933.3,heavy,3101,1,2.716,
9936.7,heavy,3102,0,1.412,
9940.0,heavy,3103,1,2.904,
9943.3,heavy,3101,0,2.943,
9946.7,heavy,3102,1,1.458,
9950.0,heavy,3103,0,3.324,
9953.3,heavy,3101,0,2.733,
9956.7,heavy,3102,0,1.252,
9960.0,heavy,3103,0,2.693,
9963.3,heavy,3101,1,2.350,
9966.7,heavy,3102,1,1.335,
9970.0,heavy,3103,0,2.823,
9973.3,heavy,3101,0,2.408,
9976.7,heavy,3102,1,1.905,
9980.0,heavy,3103,0,3.689,
9983.3,heavy,3101,0,2.971,
9986.7,heavy,3102,0,1.698,
9990.0,heavy,3103,0,4.258,
9993.3,heavy,3101,1,2.770,
9996.7,heavy,3102,0,0.993,
10000.0,light-2,3103,1,2.810,
10000.0,light-4,3102,1,3.288,
10000.0,light-1,3102,1,5.319,
10000.0,light-3,3101,1,7.706,
10000.0,light-5,3103,1,8.322,
10000.0,heavy,3103,1,6.045,
10003.3,heavy,3101,0,4.778,
10006.7,heavy,3101,0,5.760,
10010.0,heavy,3102,0,1.111,
10013.3,heavy,3103,1,16.556,
10016.7,heavy,3101,1,10.922,
10020.0,heavy,3102,0,7.955,ECONNRESET
10023.3,heavy,3103,1,10.140,
10026.7,heavy,3101,1,6.168,
10030.0,heavy,3102,0,4.775,ECONNREFUSED
10033.3,heavy,3103,1,11.620,
10036.7,heavy,3101,1,6.686,
10040.0,heavy,3102,0,4.124,ECONNREFUSED
10043.3,heavy,3103,1,7.865,
10046.7,heavy,3101,1,6.816,
10050.0,heavy,3102,0,2.667,ECONNREFUSED
10053.3,heavy,3103,1,5.611,
10056.7,heavy,3101,1,5.254,
10060.0,heavy,3102,0,2.949,ECONNREFUSED
10063.3,heavy,3103,1,6.897,
10066.7,heavy,3101,1,5.932,
10070.0,heavy,3102,0,3.145,ECONNREFUSED
10073.3,heavy,3103,1,7.516,
10076.7,heavy,3101,1,5.660,
10080.0,heavy,3102,0,3.318,ECONNREFUSED
10083.3,heavy,3103,1,6.781,
10086.7,heavy,3101,1,6.432,
10090.0,heavy,3102,0,5.326,ECONNREFUSED
10093.3,heavy,3103,1,7.137,
10096.7,heavy,3101,1,9.489,
10100.0,light-3,3102,0,4.400,ECONNREFUSED
10100.0,light-5,3101,1,6.358,
10100.0,light-1,3103,1,7.653,
10100.0,light-2,3101,1,7.886,
10100.0,light-4,3103,1,9.397,
10100.0,heavy,3102,0,5.938,ECONNREFUSED
10103.3,heavy,3102,0,6.036,ECONNREFUSED
10106.7,heavy,3103,1,6.301,
10110.0,heavy,3101,1,5.010,
10113.3,heavy,3102,0,2.355,ECONNREFUSED
10116.7,heavy,3103,1,11.371,
10120.0,heavy,3101,1,4.019,
10123.3,heavy,3102,0,2.703,ECONNREFUSED
10126.7,heavy,3103,1,5.912,
10130.0,heavy,3101,1,3.900,
10133.3,heavy,3102,0,2.814,ECONNREFUSED
10136.7,heavy,3103,1,4.964,
10140.0,heavy,3101,1,4.496,
10143.3,heavy,3102,0,3.495,ECONNREFUSED
10146.7,heavy,3103,1,15.199,
10150.0,heavy,3101,1,4.583,
10153.3,heavy,3102,0,1.988,ECONNREFUSED
10156.7,heavy,3103,1,5.575,
10160.0,heavy,3101,1,7.514,
10163.3,heavy,3102,0,3.727,ECONNREFUSED
10166.7,heavy,3103,1,5.800,
10170.0,heavy,3101,1,5.890,
10173.3,heavy,3102,0,2.628,ECONNREFUSED
10176.7,heavy,3103,1,5.084,
10180.0,heavy,3101,1,4.384,
10183.3,heavy,3102,0,2.266,ECONNREFUSED
10186.7,heavy,3103,1,5.765,
10190.0,heavy,3101,1,4.340,
10193.3,heavy,3102,0,2.156,ECONNREFUSED
10196.7,heavy,3103,1,5.406,
10200.0,light-3,3102,0,4.518,ECONNREFUSED
10200.0,light-5,3101,1,5.049,
10200.0,light-1,3103,1,6.845,
10200.0,light-2,3101,1,7.021,
10200.0,light-4,3103,1,8.786,
10200.0,heavy,3101,1,8.282,
10203.3,heavy,3102,0,3.942,ECONNREFUSED
10206.7,heavy,3102,0,5.198,ECONNREFUSED
10210.0,heavy,3103,1,6.163,
10213.3,heavy,3101,1,4.968,
10216.7,heavy,3102,0,3.038,ECONNREFUSED
10220.0,heavy,3103,1,4.200,
10223.3,heavy,3101,1,3.713,
10226.7,heavy,3102,0,1.951,ECONNREFUSED
10230.0,heavy,3103,1,4.874,
10233.3,heavy,3101,1,3.915,
10236.7,heavy,3102,0,2.746,ECONNREFUSED
10240.0,heavy,3103,1,4.881,
10243.3,heavy,3101,1,3.304,
10246.7,heavy,3102,0,3.302,ECONNREFUSED
10250.0,heavy,3103,1,4.897,
10253.3,heavy,3101,1,5.072,
10256.7,heavy,3102,0,2.731,ECONNREFUSED
10260.0,heavy,3103,1,4.530,
10263.3,heavy,3101,1,4.928,
10266.7,heavy,3102,0,2.631,ECONNREFUSED
10270.0,heavy,3103,1,5.578,
10273.3,heavy,3101,1,4.976,
10276.7,heavy,3102,0,2.904,ECONNREFUSED
10280.0,heavy,3103,1,5.650,
10283.3,heavy,3101,1,4.902,
10286.7,heavy,3102,0,2.760,ECONNREFUSED
10290.0,heavy,3103,1,5.403,
10293.3,heavy,3101,1,4.868,
10296.7,heavy,3102,0,2.707,ECONNREFUSED
10300.0,light-1,3101,1,2.685,
10300.0,light-3,3103,1,3.953,
10300.0,light-2,3102,0,4.944,ECONNREFUSED
10300.0,light-5,3102,0,5.329,ECONNREFUSED
10300.0,light-4,3101,1,5.763,
10300.0,heavy,3103,1,7.105,
10303.3,heavy,3103,1,7.771,
10306.7,heavy,3101,1,5.036,
10310.0,heavy,3102,0,2.847,ECONNREFUSED
10313.3,heavy,3103,1,5.033,
10316.7,heavy,3101,1,4.585,
10320.0,heavy,3102,0,2.878,ECONNREFUSED
10323.3,heavy,3103,1,5.699,
10326.7,heavy,3101,1,4.513,
10330.0,heavy,3102,0,2.135,ECONNREFUSED
10333.3,heavy,3103,1,8.239,
10336.7,heavy,3101,1,5.518,
10340.0,heavy,3102,0,2.801,ECONNREFUSED
10343.3,heavy,3103,1,4.913,
10346.7,heavy,3101,1,4.017,
10350.0,heavy,3102,0,2.259,ECONNREFUSED
10353.3,heavy,3103,1,5.716,
10356.7,heavy,3101,1,4.638,
10360.0,heavy,3102,0,2.605,ECONNREFUSED
10363.3,heavy,3103,1,6.214,
10366.7,heavy,3101,1,4.176,
10370.0,heavy,3102,0,1.870,ECONNREFUSED
10373.3,heavy,3103,1,5.463,
10376.7,heavy,3101,1,5.232,
10380.0,heavy,3102,0,2.278,ECONNREFUSED
10383.3,heavy,3103,1,5.857,
10386.7,heavy,3101,1,4.855,
10390.0,heavy,3102,0,2.371,ECONNREFUSED
10393.3,heavy,3103,1,5.205,
10396.7,heavy,3101,1,5.604,
10400.0,light-5,3101,1,3.925,
10400.0,light-3,3102,0,5.326,ECONNREFUSED
10400.0,light-2,3101,1,6.635,
10400.0,light-1,3103,1,6.913,
10400.0,light-4,3103,1,8.631,
10400.0,heavy,3102,0,5.760,ECONNREFUSED
10403.3,heavy,3102,0,5.562,ECONNREFUSED
10406.7,heavy,3103,1,6.667,
10410.0,heavy,3101,1,4.496,
10413.3,heavy,3102,0,2.438,ECONNREFUSED
10416.7,heavy,3103,1,8.646,
10420.0,heavy,3101,1,5.500,
10423.3,heavy,3102,0,2.680,ECONNREFUSED
10426.7,heavy,3103,1,8.924,
10430.0,heavy,3101,1,7.046,
10433.3,heavy,3102,0,2.728,ECONNREFUSED
10436.7,heavy,3103,1,7.728,
10440.0,heavy,3101,1,5.434,
10443.3,heavy,3102,0,2.070,ECONNREFUSED
10446.7,heavy,3103,1,5.650,
10450.0,heavy,3101,1,3.385,
10453.3,heavy,3102,0,2.854,ECONNREFUSED
10456.7,heavy,3103,1,5.218,
10460.0,heavy,3101,1,3.736,
10463.3,heavy,3102,0,2.278,ECONNREFUSED
10466.7,heavy,3103,1,8.136,
10470.0,heavy,3101,1,5.668,
10473.3,heavy,3102,0,1.865,ECONNREFUSED
10476.7,heavy,3103,1,8.380,
10480.0,heavy,3101,1,6.419,
10483.3,heavy,3102,0,2.452,ECONNREFUSED
10486.7,heavy,3103,1,5.137,
10490.0,heavy,3101,1,4.260,
10493.3,heavy,3102,0,2.158,ECONNREFUSED
10496.7,heavy,3103,1,3.935,
10500.0,light-2,3103,1,2.260,
10500.0,light-1,3102,0,3.412,ECONNREFUSED
10500.0,light-4,3102,0,3.359,ECONNREFUSED
10500.0,light-5,3103,1,4.770,
10500.0,light-3,3101,1,5.627,
10500.0,heavy,3101,1,8.075,
10503.3,heavy,3101,1,8.171,
10506.7,heavy,3102,0,1.802,ECONNREFUSED
10510.0,heavy,3103,1,4.884,
10513.3,heavy,3101,1,4.675,
10516.7,heavy,3102,0,2.682,ECONNREFUSED
10520.0,heavy,3103,1,4.985,
10523.3,heavy,3101,1,4.547,
10526.7,heavy,3102,0,3.151,ECONNREFUSED
10530.0,heavy,3103,1,5.198,
10533.3,heavy,3101,1,5.032,
10536.7,heavy,3102,0,3.133,ECONNREFUSED
10540.0,heavy,3103,1,5.205,
10543.3,heavy,3101,1,3.733,
10546.7,heavy,3102,0,2.636,ECONNREFUSED
10550.0,heavy,3103,1,5.595,
10553.3,heavy,3101,1,3.487,
10556.7,heavy,3102,0,2.311,ECONNREFUSED
10560.0,heavy,3103,1,5.138,
10563.3,heavy,3101,1,4.019,
10566.7,heavy,3102,0,2.789,ECONNREFUSED
10570.0,heavy,3103,1,4.109,
10573.3,heavy,3101,1,3.963,
10576.7,heavy,3102,0,2.369,ECONNREFUSED
10580.0,heavy,3103,1,4.907,
10583.3,heavy,3101,1,4.346,
10586.7,heavy,3102,0,2.261,ECONNREFUSED
10590.0,heavy,3103,1,4.401,
10593.3,heavy,3101,1,4.160,
10596.7,heavy,3102,0,2.727,ECONNREFUSED
10600.0,light-1,3101,1,2.655,
10600.0,light-3,3103,1,4.011,
10600.0,light-2,3102,0,4.649,ECONNREFUSED
10600.0,light-5,3102,0,4.589,ECONNREFUSED
10600.0,light-4,3101,1,5.857,
10600.0,heavy,3103,1,5.325,
10603.3,heavy,3103,1,4.900,
10606.7,heavy,3101,1,3.766,
10610.0,heavy,3102,0,2.275,ECONNREFUSED
10613.3,heavy,3103,1,5.574,
10616.7,heavy,3101,1,4.648,
10620.0,heavy,3102,0,2.419,ECONNREFUSED
10623.3,heavy,3103,1,4.981,
10626.7,heavy,3101,1,4.078,
10630.0,heavy,3102,0,2.521,ECONNREFUSED
10633.3,heavy,3103,1,5.170,
10636.7,heavy,3101,1,4.754,
10640.0,heavy,3102,0,2.321,ECONNREFUSED
10643.3,heavy,3103,1,5.270,
10646.7,heavy,3101,1,4.586,
10650.0,heavy,3102,0,3.028,ECONNREFUSED
10653.3,heavy,3103,1,4.786,
10656.7,heavy,3101,1,3.996,
10660.0,heavy,3102,0,3.014,ECONNREFUSED
10663.3,heavy,3103,1,4.805,
10666.7,heavy,3101,1,4.598,
10670.0,heavy,3102,0,2.304,ECONNREFUSED
10673.3,heavy,3103,1,6.089,
10676.7,heavy,3101,1,3.743,
10680.0,heavy,3102,0,2.026,ECONNREFUSED
10683.3,heavy,3103,1,23.655,
10686.7,heavy,3101,1,6.841,
10690.0,heavy,3102,0,2.713,ECONNREFUSED
10693.3,heavy,3103,1,26.312,
10696.7,heavy,3101,1,6.036,
10700.0,light-5,3101,1,2.134,
10700.0,light-3,3102,0,7.392,ECONNREFUSED
10700.0,light-2,3101,1,13.754,
10700.0,light-1,3103,1,18.011,
10700.0,light-4,3103,1,22.836,
10700.0,heavy,3102,0,6.818,ECONNREFUSED
10703.3,heavy,3102,0,5.130,ECONNREFUSED
10706.7,heavy,3103,1,18.699,
10710.0,heavy,3101,1,4.998,
10713.3,heavy,3102,0,3.420,ECONNREFUSED
10716.7,heavy,3103,1,11.748,
10720.0,heavy,3101,1,11.910,
10723.3,heavy,3102,0,2.762,ECONNREFUSED
10726.7,heavy,3103,1,5.649,
10730.0,heavy,3101,1,4.815,
10733.3,heavy,3102,0,2.409,ECONNREFUSED
10736.7,heavy,3103,1,5.629,
10740.0,heavy,3101,1,4.564,
10743.3,heavy,3102,0,2.907,ECONNREFUSED
10746.7,heavy,3103,1,4.546,
10750.0,heavy,3101,1,3.715,
10753.3,heavy,3102,0,2.442,ECONNREFUSED
10756.7,heavy,3103,1,5.199,
10760.0,heavy,3101,1,3.643,
10763.3,heavy,3102,0,3.143,ECONNREFUSED
10766.7,heavy,3103,1,4.734,
10770.0,heavy,3101,1,4.300,
10773.3,heavy,3102,0,2.285,ECONNREFUSED
10776.7,heavy,3103,1,4.373,
10780.0,heavy,3101,1,3.559,
10783.3,heavy,3102,0,2.506,ECONNREFUSED
10786.7,heavy,3103,1,4.691,
10790.0,heavy,3101,1,4.063,
10793.3,heavy,3102,0,2.795,ECONNREFUSED
10796.7,heavy,3103,1,5.080,
10800.0,light-2,3103,1,2.601,
10800.0,light-1,3102,0,4.736,ECONNREFUSED
10800.0,light-4,3102,0,4.463,ECONNREFUSED
10800.0,light-5,3103,1,5.663,
10800.0,light-3,3101,1,6.727,
10800.0,heavy,3101,1,9.056,
10803.3,heavy,3101,1,8.036,
10806.7,heavy,3102,0,3.743,ECONNREFUSED
10810.0,heavy,3103,1,5.454,
10813.3,heavy,3101,1,4.059,
10816.7,heavy,3102,0,2.499,ECONNREFUSED
10820.0,heavy,3103,1,4.226,
10823.3,heavy,3101,1,3.913,
10826.7,heavy,3102,0,2.578,ECONNREFUSED
10830.0,heavy,3103,1,4.810,
10833.3,heavy,3101,1,4.157,
10836.7,heavy,3102,0,2.033,ECONNREFUSED
10840.0,heavy,3103,1,5.064,
10843.3,heavy,3101,1,4.448,
10846.7,heavy,3102,0,2.657,ECONNREFUSED
10850.0,heavy,3103,1,5.692,
10853.3,heavy,3101,1,4.130,
10856.7,heavy,3102,0,2.491,ECONNREFUSED
10860.0,heavy,3103,1,5.020,
10863.3,heavy,3101,1,4.301,
10866.7,heavy,3102,0,2.991,ECONNREFUSED
10870.0,heavy,3103,1,5.288,
10873.3,heavy,3101,1,4.702,
10876.7,heavy,3102,0,2.563,ECONNREFUSED
10880.0,heavy,3103,1,4.560,
10883.3,heavy,3101,1,4.604,
10886.7,heavy,3102,0,2.915,ECONNREFUSED
10890.0,heavy,3103,1,6.297,
10893.3,heavy,3101,1,4.470,
10896.7,heavy,3102,0,1.822,ECONNREFUSED
10900.0,light-1,3101,1,2.409,
10900.0,light-3,3103,1,4.608,
10900.0,light-2,3102,0,5.203,ECONNREFUSED
10900.0,light-5,3102,0,5.073,ECONNREFUSED
10900.0,light-4,3101,1,5.989,
10900.0,heavy,3103,1,6.328,
10903.3,heavy,3103,1,5.670,
10906.7,heavy,3101,1,4.173,
10910.0,heavy,3102,0,1.832,ECONNREFUSED
10913.3,heavy,3103,1,4.414,
10916.7,heavy,3101,1,3.744,
10920.0,heavy,3102,0,1.800,ECONNREFUSED
10923.3,heavy,3103,1,4.473,
10926.7,heavy,3101,1,5.074,
10930.0,heavy,3102,0,3.198,ECONNREFUSED
10933.3,heavy,3103,1,5.249,
10936.7,heavy,3101,1,3.343,
10940.0,heavy,3102,0,3.744,ECONNREFUSED
10943.3,heavy,3103,1,4.667,
10946.7,heavy,3101,1,4.532,
10950.0,heavy,3102,0,2.832,ECONNREFUSED
10953.3,heavy,3103,1,4.282,
10956.7,heavy,3101,1,4.993,
10960.0,heavy,3102,0,2.830,ECONNREFUSED
10963.3,heavy,3103,1,5.387,
10966.7,heavy,3101,1,3.678,
10970.0,heavy,3102,0,2.050,ECONNREFUSED
10973.3,heavy,3103,1,5.351,
10976.7,heavy,3101,1,3.740,
10980.0,heavy,3102,0,2.826,ECONNREFUSED
10983.3,heavy,3103,1,4.691,
10986.7,heavy,3101,1,4.161,
10990.0,heavy,3102,0,2.292,ECONNREFUSED
10993.3,heavy,3103,1,5.256,
10996.7,heavy,3101,1,3.923,
11000.0,light-5,3101,1,4.202,
11000.0,light-3,3102,0,5.649,ECONNREFUSED
11000.0,light-1,3103,1,6.460,
11000.0,light-2,3101,1,6.600,
11000.0,light-4,3103,1,10.505,
11000.0,heavy,3102,0,5.307,ECONNREFUSED
11003.3,heavy,3102,0,6.243,ECONNREFUSED
11006.7,heavy,3103,1,8.851,
11010.0,heavy,3101,1,5.372,
11013.3,heavy,3102,0,2.514,ECONNREFUSED
11016.7,heavy,3103,1,5.111,
11020.0,heavy,3101,1,5.546,
11023.3,heavy,3102,0,3.121,ECONNREFUSED
11026.7,heavy,3103,1,4.600,
11030.0,heavy,3101,1,4.596,
11033.3,heavy,3102,0,2.708,ECONNREFUSED
11036.7,heavy,3103,1,4.732,
11040.0,heavy,3101,1,3.941,
11043.3,heavy,3102,0,1.949,ECONNREFUSED
11046.7,heavy,3103,1,4.188,
11050.0,heavy,3101,1,4.199,
11053.3,heavy,3102,0,2.569,ECONNREFUSED
11056.7,heavy,3103,1,6.069,
11060.0,heavy,3101,1,4.243,
11063.3,heavy,3102,0,2.524,ECONNREFUSED
11066.7,heavy,3103,1,5.100,
11070.0,heavy,3101,1,3.873,
11073.3,heavy,3102,0,2.914,ECONNREFUSED
11076.7,heavy,3103,1,5.860,
11080.0,heavy,3101,1,4.121,
11083.3,heavy,3102,0,1.810,ECONNREFUSED
11086.7,heavy,3103,1,12.281,
11090.0,heavy,3101,1,6.755,
11093.3,heavy,3102,0,3.229,ECONNREFUSED
11096.7,heavy,3103,1,9.380,
11100.0,light-2,3103,1,1.607,
11100.0,light-1,3102,0,3.979,ECONNREFUSED
11100.0,light-4,3102,0,3.752,ECONNREFUSED
11100.0,light-3,3101,1,8.125,
11100.0,light-5,3103,1,8.174,
11100.0,heavy,3101,1,9.072,
11103.3,heavy,3101,1,7.738,
11106.7,heavy,3102,0,3.814,ECONNREFUSED
11110.0,heavy,3103,1,5.274,
11113.3,heavy,3101,1,4.672,
11116.7,heavy,3102,0,2.431,ECONNREFUSED
11120.0,heavy,3103,1,4.868,
11123.3,heavy,3101,1,4.135,
11126.7,heavy,3102,0,2.340,ECONNREFUSED
11130.0,heavy,3103,1,4.940,
11133.3,heavy,3101,1,4.017,
11136.7,heavy,3102,0,2.298,ECONNREFUSED
11140.0,heavy,3103,1,5.253,
11143.3,heavy,3101,1,4.891,
11146.7,heavy,3102,0,2.198,ECONNREFUSED
11150.0,heavy,3103,1,4.447,
11153.3,heavy,3101,1,3.909,
11156.7,heavy,3102,0,2.302,ECONNREFUSED
11160.0,heavy,3103,1,3.965,
11163.3,heavy,3101,1,4.369,
11166.7,heavy,3102,0,2.789,ECONNREFUSED
11170.0,heavy,3103,1,5.034,
11173.3,heavy,3101,1,7.041,
11176.7,heavy,3102,0,2.569,ECONNREFUSED
11180.0,heavy,3103,1,4.938,
11183.3,heavy,3101,1,4.109,
11186.7,heavy,3102,0,3.086,ECONNREFUSED
11190.0,heavy,3103,1,4.816,
11193.3,heavy,3101,1,3.461,
11196.7,heavy,3102,0,5.056,ECONNREFUSED
11200.0,light-1,3101,1,3.055,
11200.0,light-3,3103,1,5.281,
11200.0,light-4,3101,1,5.414,
11200.0,light-2,3102,0,6.023,ECONNREFUSED
11200.0,light-5,3102,0,5.780,ECONNREFUSED
11200.0,heavy,3103,1,7.372,
11203.3,heavy,3103,1,6.365,
11206.7,heavy,3101,1,3.784,
11210.0,heavy,3102,0,2.304,ECONNREFUSED
11213.3,heavy,3103,1,7.387,
11216.7,heavy,3101,1,4.226,
11220.0,heavy,3102,0,2.293,ECONNREFUSED
11223.3,heavy,3103,1,7.247,
11226.7,heavy,3101,1,7.379,
11230.0,heavy,3102,0,2.995,ECONNREFUSED
11233.3,heavy,3103,1,5.893,
11236.7,heavy,3101,1,2.687,
11240.0,heavy,3102,0,2.537,ECONNREFUSED
11243.3,heavy,3103,1,4.522,
11246.7,heavy,3101,1,2.598,
11250.0,heavy,3102,0,1.681,ECONNREFUSED
11253.3,heavy,3103,1,5.615,
11256.7,heavy,3101,1,3.210,
11260.0,heavy,3102,0,3.227,ECONNREFUSED
11263.3,heavy,3103,1,5.744,
11266.7,heavy,3101,1,3.544,
11270.0,heavy,3102,0,2.662,ECONNREFUSED
11273.3,heavy,3103,1,4.726,
11276.7,heavy,3101,1,3.601,
11280.0,heavy,3102,0,2.917,ECONNREFUSED
11283.3,heavy,3103,1,5.559,
11286.7,heavy,3101,1,3.652,
11290.0,heavy,3102,0,2.657,ECONNREFUSED
11293.3,heavy,3103,1,13.999,
11296.7,heavy,3101,1,7.473,
11300.0,light-1,3101,1,4.858,
11300.0,light-3,3103,1,6.228,
11300.0,light-2,3102,0,7.361,ECONNREFUSED
11300.0,light-5,3102,0,7.264,ECONNREFUSED
11300.0,light-4,3101,1,8.046,
11300.0,heavy,3102,0,6.988,ECONNREFUSED
11303.3,heavy,3103,1,14.385,
11306.7,heavy,3103,1,13.682,
11310.0,heavy,3101,1,5.701,
11313.3,heavy,3102,0,3.325,ECONNREFUSED
11316.7,heavy,3103,1,6.900,
11320.0,heavy,3101,1,4.070,
11323.3,heavy,3102,0,1.947,ECONNREFUSED
11326.7,heavy,3103,1,7.715,
11330.0,heavy,3101,1,3.117,
11333.3,heavy,3102,0,1.964,ECONNREFUSED
11336.7,heavy,3103,1,7.231,
11340.0,heavy,3101,1,3.311,
11343.3,heavy,3102,0,2.905,ECONNREFUSED
11346.7,heavy,3103,1,6.723,
11350.0,heavy,3101,1,4.014,
11353.3,heavy,3102,0,1.965,ECONNREFUSED
11356.7,heavy,3103,1,1.089,
11360.0,heavy,3101,1,3.130,
11363.3,heavy,3102,0,2.108,ECONNREFUSED
11366.7,heavy,3103,1,1.553,
11370.0,heavy,3101,1,4.752,
11373.3,heavy,3102,0,3.558,ECONNREFUSED
11376.7,heavy,3103,1,2.010,
11380.0,heavy,3101,1,3.333,
11383.3,heavy,3102,0,2.032,ECONNREFUSED
11386.7,heavy,3103,1,1.800,
11390.0,heavy,3101,1,5.763,
11393.3,heavy,3102,0,3.933,ECONNREFUSED
11396.7,heavy,3103,1,1.360,
11400.0,light-2,3103,1,2.917,
11400.0,light-1,3102,0,4.714,ECONNREFUSED
11400.0,light-4,3102,0,4.632,ECONNREFUSED
11400.0,light-5,3103,1,4.953,
11400.0,light-3,3101,1,5.885,
11400.0,heavy,3101,1,5.312,
11403.3,heavy,3101,1,4.062,
11406.7,heavy,3102,0,3.022,ECONNREFUSED
11410.0,heavy,3103,1,1.577,
11413.3,heavy,3101,1,5.359,
11416.7,heavy,3102,0,4.234,ECONNREFUSED
11420.0,heavy,3103,1,2.381,
11423.3,heavy,3101,1,5.424,
11426.7,heavy,3102,0,4.111,ECONNREFUSED
11430.0,heavy,3103,1,1.547,
11433.3,heavy,3101,1,4.102,
11436.7,heavy,3102,0,2.998,ECONNREFUSED
11440.0,heavy,3103,1,1.839,
11443.3,heavy,3101,1,4.123,
11446.7,heavy,3102,0,2.078,ECONNREFUSED
11450.0,heavy,3103,1,2.968,
11453.3,heavy,3101,1,4.049,
11456.7,heavy,3102,0,4.340,ECONNREFUSED
11460.0,heavy,3103,1,1.962,
11463.3,heavy,3101,1,5.150,
11466.7,heavy,3102,0,2.566,ECONNREFUSED
11470.0,heavy,3103,1,1.359,
11473.3,heavy,3101,1,5.598,
11476.7,heavy,3102,0,3.183,ECONNREFUSED
11480.0,heavy,3103,1,1.199,
11483.3,heavy,3101,1,3.764,
11486.7,heavy,3102,0,3.015,ECONNREFUSED
11490.0,heavy,3103,1,1.252,
11493.3,heavy,3101,1,7.889,
11496.7,heavy,3102,0,6.119,ECONNREFUSED
11500.0,light-2,3103,1,3.921,
11500.0,light-1,3102,0,5.864,ECONNREFUSED
11500.0,light-4,3102,0,5.873,ECONNREFUSED
11500.0,light-5,3103,1,6.060,
11500.0,light-3,3101,1,11.040,
11500.0,heavy,3103,1,3.232,
11503.3,heavy,3101,1,8.433,
11506.7,heavy,3101,1,9.582,
11510.0,heavy,3102,0,4.859,ECONNREFUSED
11513.3,heavy,3103,1,1.159,
11516.7,heavy,3101,1,3.018,
11520.0,heavy,3102,0,2.123,ECONNREFUSED
11523.3,heavy,3103,1,2.405,
11526.7,heavy,3101,1,4.016,
11530.0,heavy,3102,0,3.285,ECONNREFUSED
11533.3,heavy,3103,1,2.589,
11536.7,heavy,3101,1,3.168,
11540.0,heavy,3102,0,2.048,ECONNREFUSED
11543.3,heavy,3103,1,2.169,
11546.7,heavy,3101,1,3.862,
11550.0,heavy,3102,0,3.209,ECONNREFUSED
11553.3,heavy,3103,1,1.659,
11556.7,heavy,3101,1,3.782,
11560.0,heavy,3102,0,2.995,ECONNREFUSED
11563.3,heavy,3103,1,1.795,
11566.7,heavy,3101,1,2.843,
11570.0,heavy,3102,0,1.974,ECONNREFUSED
11573.3,heavy,3103,1,2.423,
11576.7,heavy,3101,1,3.525,
11580.0,heavy,3102,0,3.169,ECONNREFUSED
11583.3,heavy,3103,1,1.487,
11586.7,heavy,3101,1,5.593,
11590.0,heavy,3102,0,4.073,ECONNREFUSED
11593.3,heavy,3103,1,1.545,
11596.7,heavy,3101,1,5.456,
11600.0,light-4,3103,1,3.292,
11600.0,light-5,3101,1,4.397,
11600.0,light-3,3102,0,5.010,ECONNREFUSED
11600.0,light-2,3101,1,5.308,
11600.0,light-1,3103,1,5.535,
11600.0,heavy,3102,0,5.355,ECONNREFUSED
11603.3,heavy,3102,0,3.161,ECONNREFUSED
11606.7,heavy,3103,1,1.183,
11610.0,heavy,3101,1,3.711,
11613.3,heavy,3102,0,2.623,ECONNREFUSED
11616.7,heavy,3103,1,1.081,
11620.0,heavy,3101,1,4.345,
11623.3,heavy,3102,0,2.905,ECONNREFUSED
11626.7,heavy,3103,1,1.889,
11630.0,heavy,3101,1,3.770,
11633.3,heavy,3102,0,2.137,ECONNREFUSED
11636.7,heavy,3103,1,2.245,
11640.0,heavy,3101,1,3.642,
11643.3,heavy,3102,0,3.034,ECONNREFUSED
11646.7,heavy,3103,1,1.388,
11650.0,heavy,3101,1,4.681,
11653.3,heavy,3102,0,3.206,ECONNREFUSED
11656.7,heavy,3103,1,2.014,
11660.0,heavy,3101,1,3.936,
11663.3,heavy,3102,0,2.474,ECONNREFUSED
11666.7,heavy,3103,1,2.071,
11670.0,heavy,3101,1,3.524,
11673.3,heavy,3102,0,2.978,ECONNREFUSED
11676.7,heavy,3103,1,1.286,
11680.0,heavy,3101,1,4.620,
11683.3,heavy,3102,0,2.561,ECONNREFUSED
11686.7,heavy,3103,1,1.236,
11690.0,heavy,3101,1,5.044,
11693.3,heavy,3102,0,1.781,ECONNREFUSED
11696.7,heavy,3103,1,1.137,
11700.0,light-3,3103,1,3.135,
11700.0,light-1,3101,1,4.059,
11700.0,light-2,3102,0,5.303,ECONNREFUSED
11700.0,light-4,3101,1,5.292,
11700.0,light-5,3102,0,5.399,ECONNREFUSED
11700.0,heavy,3101,1,5.721,
11703.3,heavy,3102,0,5.212,ECONNREFUSED
11706.7,heavy,3103,1,2.688,
11710.0,heavy,3103,1,2.771,
11713.3,heavy,3101,1,2.985,
11716.7,heavy,3102,0,2.139,ECONNREFUSED
11720.0,heavy,3103,1,2.480,
11723.3,heavy,3101,1,3.836,
11726.7,heavy,3102,0,2.947,ECONNREFUSED
11730.0,heavy,3103,1,1.896,
11733.3,heavy,3101,1,4.441,
11736.7,heavy,3102,0,3.723,ECONNREFUSED
11740.0,heavy,3103,1,2.247,
11743.3,heavy,3101,1,4.615,
11746.7,heavy,3102,0,3.032,ECONNREFUSED
11750.0,heavy,3103,1,1.892,
11753.3,heavy,3101,1,3.221,
11756.7,heavy,3102,0,2.686,ECONNREFUSED
11760.0,heavy,3103,1,1.854,
11763.3,heavy,3101,1,3.988,
11766.7,heavy,3102,0,2.285,ECONNREFUSED
11770.0,heavy,3103,1,1.267,
11773.3,heavy,3101,1,4.766,
11776.7,heavy,3102,0,2.920,ECONNREFUSED
11780.0,heavy,3103,1,1.174,
11783.3,heavy,3101,1,3.345,
11786.7,heavy,3102,0,2.069,ECONNREFUSED
11790.0,heavy,3103,1,1.382,
11793.3,heavy,3101,1,7.799,
11796.7,heavy,3102,0,5.875,ECONNREFUSED
11800.0,light-2,3103,1,3.168,
11800.0,light-1,3102,0,5.566,ECONNREFUSED
11800.0,light-4,3102,0,5.373,ECONNREFUSED
11800.0,light-5,3103,1,6.423,
11800.0,light-3,3101,1,8.539,
11800.0,heavy,3103,1,3.296,
11803.3,heavy,3101,1,8.046,
11806.7,heavy,3101,1,6.697,
11810.0,heavy,3102,0,3.795,ECONNREFUSED
11813.3,heavy,3103,1,1.419,
11816.7,heavy,3101,1,4.489,
11820.0,heavy,3102,0,3.780,ECONNREFUSED
11823.3,heavy,3103,1,2.068,
11826.7,heavy,3101,1,4.787,
11830.0,heavy,3102,0,3.608,ECONNREFUSED
11833.3,heavy,3103,1,1.714,
11836.7,heavy,3101,1,5.344,
11840.0,heavy,3102,0,4.327,ECONNREFUSED
11843.3,heavy,3103,1,2.375,
11846.7,heavy,3101,1,4.272,
11850.0,heavy,3102,0,3.742,ECONNREFUSED
11853.3,heavy,3103,1,1.113,
11856.7,heavy,3101,1,6.352,
11860.0,heavy,3102,0,4.562,ECONNREFUSED
11863.3,heavy,3103,1,2.272,
11866.7,heavy,3101,1,2.856,
11870.0,heavy,3102,0,2.224,ECONNREFUSED
11873.3,heavy,3103,1,1.677,
11876.7,heavy,3101,1,3.400,
11880.0,heavy,3102,0,2.384,ECONNREFUSED
11883.3,heavy,3103,1,1.388,
11886.7,heavy,3101,1,2.894,
11890.0,heavy,3102,0,3.051,ECONNREFUSED
11893.3,heavy,3103,1,0.820,
11896.7,heavy,3101,1,8.273,
11900.0,light-2,3103,1,4.248,
11900.0,light-1,3102,0,6.393,ECONNREFUSED
11900.0,light-4,3102,0,6.245,ECONNREFUSED
11900.0,light-5,3103,1,6.195,
11900.0,light-3,3101,1,8.066,
11900.0,heavy,3102,0,6.678,ECONNREFUSED
11903.3,heavy,3103,1,4.269,
11906.7,heavy,3101,1,7.745,
11910.0,heavy,3101,1,4.850,
11913.3,heavy,3102,0,3.002,ECONNREFUSED
11916.7,heavy,3103,1,1.598,
11920.0,heavy,3101,1,3.790,
11923.3,heavy,3102,0,2.427,ECONNREFUSED
11926.7,heavy,3103,1,1.510,
11930.0,heavy,3101,1,4.366,
11933.3,heavy,3102,0,3.539,ECONNREFUSED
11936.7,heavy,3103,1,1.922,
11940.0,heavy,3101,1,3.156,
11943.3,heavy,3102,0,3.910,ECONNREFUSED
11946.7,heavy,3103,1,1.520,
11950.0,heavy,3101,1,4.467,
11953.3,heavy,3102,0,5.408,ECONNREFUSED
11956.7,heavy,3103,1,2.640,
11960.0,heavy,3101,1,2.966,
11963.3,heavy,3102,0,2.396,ECONNREFUSED
11966.7,heavy,3103,1,1.478,
11970.0,heavy,3101,1,3.478,
11973.3,heavy,3102,0,2.433,ECONNREFUSED
11976.7,heavy,3103,1,2.081,
11980.0,heavy,3101,1,3.725,
11983.3,heavy,3102,0,3.089,ECONNREFUSED
11986.7,heavy,3103,1,2.241,
11990.0,heavy,3101,1,3.337,
11993.3,heavy,3102,0,2.494,ECONNREFUSED
11996.7,heavy,3103,1,3.306,
12000.0,light-2,3103,1,3.614,
12000.0,light-1,3102,0,4.799,ECONNREFUSED
12000.0,light-4,3102,0,4.577,ECONNREFUSED
12000.0,light-5,3103,1,5.367,
12000.0,light-3,3101,1,7.224,
12000.0,heavy,3101,1,6.250,
12003.3,heavy,3101,1,6.766,
12006.7,heavy,3102,0,4.039,ECONNREFUSED
12010.0,heavy,3103,1,1.561,
12013.3,heavy,3101,1,3.960,
12016.7,heavy,3102,0,2.948,ECONNREFUSED
12020.0,heavy,3103,1,1.678,
12023.3,heavy,3101,1,4.456,
12026.7,heavy,3102,0,3.063,ECONNREFUSED
12030.0,heavy,3103,1,1.805,
12033.3,heavy,3101,1,3.854,
12036.7,heavy,3102,0,2.408,ECONNREFUSED
12040.0,heavy,3103,1,2.256,
12043.3,heavy,3101,1,3.869,
12046.7,heavy,3102,0,3.215,ECONNREFUSED
12050.0,heavy,3103,1,1.444,
12053.3,heavy,3101,1,5.080,
12056.7,heavy,3102,0,4.564,ECONNREFUSED
12060.0,heavy,3103,1,2.723,
12063.3,heavy,3101,1,5.557,
12066.7,heavy,3102,0,4.559,ECONNREFUSED
12070.0,heavy,3103,1,1.889,
12073.3,heavy,3101,1,3.274,
12076.7,heavy,3102,0,2.529,ECONNREFUSED
12080.0,heavy,3103,1,1.464,
12083.3,heavy,3101,1,3.119,
12086.7,heavy,3102,0,2.258,ECONNREFUSED
12090.0,heavy,3103,1,1.116,
12093.3,heavy,3101,1,5.277,
12096.7,heavy,3102,0,4.847,ECONNREFUSED
12100.0,light-1,3101,1,2.873,
12100.0,light-3,3103,1,3.689,
12100.0,light-2,3102,0,4.319,ECONNREFUSED
12100.0,light-5,3102,0,4.302,ECONNREFUSED
12100.0,light-4,3101,1,4.595,
12100.0,heavy,3103,1,2.325,
12103.3,heavy,3103,1,1.594,
12106.7,heavy,3101,1,3.426,
12110.0,heavy,3102,0,2.652,ECONNREFUSED
12113.3,heavy,3103,1,1.426,
12116.7,heavy,3101,1,2.801,
12120.0,heavy,3102,0,2.067,ECONNREFUSED
12123.3,heavy,3103,1,1.860,
12126.7,heavy,3101,1,2.822,
12130.0,heavy,3102,0,2.382,ECONNREFUSED
12133.3,heavy,3103,1,0.950,
12136.7,heavy,3101,1,4.888,
12140.0,heavy,3102,0,3.610,ECONNREFUSED
12143.3,heavy,3103,1,2.274,
12146.7,heavy,3101,1,3.579,
12150.0,heavy,3102,0,2.311,ECONNREFUSED
12153.3,heavy,3103,1,2.036,
12156.7,heavy,3101,1,3.508,
12160.0,heavy,3102,0,2.508,ECONNREFUSED
12163.3,heavy,3103,1,1.431,
12166.7,heavy,3101,1,5.059,
12170.0,heavy,3102,0,3.546,ECONNREFUSED
12173.3,heavy,3103,1,1.665,
12176.7,heavy,3101,1,5.110,
12180.0,heavy,3102,0,3.591,ECONNREFUSED
12183.3,heavy,3103,1,1.165,
12186.7,heavy,3101,1,3.794,
12190.0,heavy,3102,0,2.972,ECONNREFUSED
12193.3,heavy,3103,1,1.729,
12196.7,heavy,3101,1,3.494,
12200.0,light-4,3103,1,3.155,
12200.0,light-5,3101,1,3.298,
12200.0,light-3,3102,0,3.786,ECONNREFUSED
12200.0,light-2,3101,1,5.367,
12200.0,light-1,3103,1,5.629,
12200.0,heavy,3102,0,3.465,ECONNREFUSED
12203.3,heavy,3102,0,4.802,ECONNREFUSED
12206.7,heavy,3103,1,1.304,
12210.0,heavy,3101,1,5.310,
12213.3,heavy,3102,0,4.755,ECONNREFUSED
12216.7,heavy,3103,1,2.376,
12220.0,heavy,3101,1,5.807,
12223.3,heavy,3102,0,4.976,ECONNREFUSED
12226.7,heavy,3103,1,2.514,
12230.0,heavy,3101,1,2.964,
12233.3,heavy,3102,0,2.249,ECONNREFUSED
12236.7,heavy,3103,1,1.424,
12240.0,heavy,3101,1,2.385,
12243.3,heavy,3102,0,1.824,ECONNREFUSED
12246.7,heavy,3103,1,2.331,
12250.0,heavy,3101,1,3.184,
12253.3,heavy,3102,0,3.427,ECONNREFUSED
12256.7,heavy,3103,1,1.581,
12260.0,heavy,3101,1,5.303,
12263.3,heavy,3102,0,3.254,ECONNREFUSED
12266.7,heavy,3103,1,1.618,
12270.0,heavy,3101,1,5.756,
12273.3,heavy,3102,0,2.870,ECONNREFUSED
12276.7,heavy,3103,1,1.081,
12280.0,heavy,3101,1,3.679,
12283.3,heavy,3102,0,2.968,ECONNREFUSED
12286.7,heavy,3103,1,2.024,
12290.0,heavy,3101,1,3.049,
12293.3,heavy,3102,0,6.079,ECONNREFUSED
12296.7,heavy,3103,1,3.096,
12300.0,light-2,3103,1,3.397,
12300.0,light-5,3103,1,5.200,
12300.0,light-1,3102,0,5.931,ECONNREFUSED
12300.0,light-4,3102,0,5.975,ECONNREFUSED
12300.0,light-3,3101,1,8.280,
12300.0,heavy,3101,1,6.744,
12303.3,heavy,3101,1,6.516,
12306.7,heavy,3102,0,5.405,ECONNREFUSED
12310.0,heavy,3103,1,1.939,
12313.3,heavy,3101,1,3.365,
12316.7,heavy,3102,0,2.524,ECONNREFUSED
12320.0,heavy,3103,1,2.750,
12323.3,heavy,3101,0,5.720,
12326.7,heavy,3102,0,4.395,ECONNREFUSED
12330.0,heavy,3103,1,3.180,
12333.3,heavy,3101,0,6.105,
12336.7,heavy,3102,0,3.892,ECONNREFUSED
12340.0,heavy,3103,1,1.472,
12343.3,heavy,3101,1,4.376,
12346.7,heavy,3102,0,3.151,ECONNREFUSED
12350.0,heavy,3103,0,1.857,
12353.3,heavy,3101,0,4.055,
12356.7,heavy,3102,0,3.095,ECONNREFUSED
12360.0,heavy,3103,1,1.460,
12363.3,heavy,3101,0,5.102,
12366.7,heavy,3102,0,3.549,ECONNREFUSED
12370.0,heavy,3103,1,1.128,
12373.3,heavy,3101,1,4.762,
12376.7,heavy,3102,0,3.456,ECONNREFUSED
12380.0,heavy,3103,0,2.550,
12383.3,heavy,3101,0,3.628,
12386.7,heavy,3102,0,2.967,ECONNREFUSED
12390.0,heavy,3103,1,1.313,
12393.3,heavy,3101,0,4.213,
12396.7,heavy,3102,0,6.632,ECONNREFUSED
12400.0,light-1,3101,1,4.004,
12400.0,light-3,3103,1,4.093,
12400.0,light-4,3101,1,6.647,
12400.0,light-2,3102,0,7.489,ECONNREFUSED
12400.0,light-5,3102,0,7.175,ECONNREFUSED
12400.0,heavy,3103,1,4.135,
12403.3,heavy,3103,0,3.934,
12406.7,heavy,3101,0,4.253,
12410.0,heavy,3102,0,2.908,ECONNREFUSED
12413.3,heavy,3103,1,2.109,
12416.7,heavy,3101,0,5.303,
12420.0,heavy,3102,0,4.871,ECONNREFUSED
12423.3,heavy,3103,1,2.945,
12426.7,heavy,3101,0,4.715,
12430.0,heavy,3102,0,3.245,ECONNREFUSED
12433.3,heavy,3103,1,2.365,
12436.7,heavy,3101,1,3.981,
12440.0,heavy,3102,0,3.527,ECONNREFUSED
12443.3,heavy,3103,0,1.421,
12446.7,heavy,3101,0,4.592,
12450.0,heavy,3102,0,3.085,ECONNREFUSED
12453.3,heavy,3103,1,1.777,
12456.7,heavy,3101,0,4.282,
12460.0,heavy,3102,0,2.646,ECONNREFUSED
12463.3,heavy,3103,1,2.391,
12466.7,heavy,3101,0,3.780,
12470.0,heavy,3102,0,3.243,ECONNREFUSED
12473.3,heavy,3103,1,1.528,
12476.7,heavy,3101,0,5.173,
12480.0,heavy,3102,0,3.758,ECONNREFUSED
12483.3,heavy,3103,1,1.899,
12486.7,heavy,3101,1,5.276,
12490.0,heavy,3102,0,3.237,ECONNREFUSED
12493.3,heavy,3103,1,3.369,
12496.7,heavy,3101,0,7.251,
12500.0,light-4,3103,1,4.200,
12500.0,light-5,3101,1,5.553,
12500.0,light-3,3102,0,6.058,ECONNREFUSED
12500.0,light-1,3103,1,6.718,
12500.0,light-2,3101,1,8.047,
12500.0,heavy,3102,0,5.727,ECONNREFUSED
12503.3,heavy,3102,0,6.929,ECONNREFUSED
12506.7,heavy,3103,0,4.154,
12510.0,heavy,3101,1,2.930,
12513.3,heavy,3102,0,2.181,ECONNREFUSED
12516.7,heavy,3103,0,1.208,
12520.0,heavy,3101,1,3.425,
12523.3,heavy,3102,0,2.037,ECONNREFUSED
12526.7,heavy,3103,1,2.142,
12530.0,heavy,3101,0,4.590,
12533.3,heavy,3102,0,3.090,ECONNREFUSED
12536.7,heavy,3103,0,2.331,
12540.0,heavy,3101,1,4.667,
12543.3,heavy,3102,0,3.284,ECONNREFUSED
12546.7,heavy,3103,1,1.781,
12550.0,heavy,3101,0,3.939,
12553.3,heavy,3102,0,2.444,ECONNREFUSED
12556.7,heavy,3103,1,1.800,
12560.0,heavy,3101,0,3.190,
12563.3,heavy,3102,0,2.838,ECONNREFUSED
12566.7,heavy,3103,0,1.467,
12570.0,heavy,3101,1,3.881,
12573.3,heavy,3102,0,2.782,ECONNREFUSED
12576.7,heavy,3103,1,1.476,
12580.0,heavy,3101,0,3.838,
12583.3,heavy,3102,0,2.114,ECONNREFUSED
12586.7,heavy,3103,1,2.115,
12590.0,heavy,3101,0,3.541,
12593.3,heavy,3102,0,3.050,ECONNREFUSED
12596.7,heavy,3103,0,2.090,
12600.0,light-2,3103,1,2.130,
12600.0,light-1,3102,0,3.660,ECONNREFUSED
12600.0,light-4,3102,0,4.065,ECONNREFUSED
12600.0,light-5,3103,1,4.579,
12600.0,light-3,3101,1,5.460,
12600.0,heavy,3101,1,5.389,
12603.3,heavy,3101,0,4.013,
12606.7,heavy,3102,0,2.768,ECONNREFUSED
12610.0,heavy,3103,1,1.254,
12613.3,heavy,3101,0,4.933,
12616.7,heavy,3102,0,4.198,ECONNREFUSED
12620.0,heavy,3103,1,2.684,
12623.3,heavy,3101,0,5.167,
12626.7,heavy,3102,0,4.062,ECONNREFUSED
12630.0,heavy,3103,1,1.837,
12633.3,heavy,3101,0,4.843,
12636.7,heavy,3102,0,3.274,ECONNREFUSED
12640.0,heavy,3103,1,1.834,
12643.3,heavy,3101,0,5.297,
12646.7,heavy,3102,0,3.986,ECONNREFUSED
12650.0,heavy,3103,1,1.481,
12653.3,heavy,3101,0,3.742,
12656.7,heavy,3102,0,2.478,ECONNREFUSED
12660.0,heavy,3103,1,1.655,
12663.3,heavy,3101,0,2.895,
12666.7,heavy,3102,0,2.041,ECONNREFUSED
12670.0,heavy,3103,1,2.065,
12673.3,heavy,3101,0,3.083,
12676.7,heavy,3102,0,2.700,ECONNREFUSED
12680.0,heavy,3103,1,0.928,
12683.3,heavy,3101,0,3.839,
12686.7,heavy,3102,0,2.874,ECONNREFUSED
12690.0,heavy,3103,1,1.940,
12693.3,heavy,3101,0,2.755,
12696.7,heavy,3102,0,1.988,ECONNREFUSED
12700.0,light-4,3103,1,4.196,
12700.0,light-5,3101,1,5.876,
12700.0,light-3,3102,0,6.373,ECONNREFUSED
12700.0,light-1,3103,1,7.381,
12700.0,light-2,3101,1,8.323,
12700.0,heavy,3103,1,2.827,
12703.3,heavy,3101,1,7.570,
12706.7,heavy,3102,0,5.116,ECONNREFUSED
12710.0,heavy,3102,0,5.542,ECONNREFUSED
12713.3,heavy,3103,0,2.504,
12716.7,heavy,3101,0,3.078,
12720.0,heavy,3102,0,2.338,ECONNREFUSED
12723.3,heavy,3103,1,1.272,
12726.7,heavy,3101,1,4.883,
12730.0,heavy,3102,0,3.823,ECONNREFUSED
12733.3,heavy,3103,1,1.921,
12736.7,heavy,3101,0,4.870,
12740.0,heavy,3102,0,4.475,ECONNREFUSED
12743.3,heavy,3103,0,1.713,
12746.7,heavy,3101,0,5.003,
12750.0,heavy,3102,0,2.735,ECONNREFUSED
12753.3,heavy,3103,1,1.573,
12756.7,heavy,3101,0,4.695,
12760.0,heavy,3102,0,2.034,ECONNREFUSED
12763.3,heavy,3103,1,2.565,
12766.7,heavy,3101,1,3.951,
12770.0,heavy,3102,0,3.416,ECONNREFUSED
12773.3,heavy,3103,0,1.547,
12776.7,heavy,3101,0,4.678,
12780.0,heavy,3102,0,3.147,ECONNREFUSED
12783.3,heavy,3103,1,1.492,
12786.7,heavy,3101,1,5.311,
12790.0,heavy,3102,0,3.449,ECONNREFUSED
12793.3,heavy,3103,0,1.268,
12796.7,heavy,3101,1,6.773,
12800.0,light-4,3103,1,3.338,
12800.0,light-5,3101,1,5.025,
12800.0,light-3,3102,0,5.628,ECONNREFUSED
12800.0,light-1,3103,1,6.367,
12800.0,light-2,3101,1,7.599,
12800.0,heavy,3102,0,4.439,ECONNREFUSED
12803.3,heavy,3102,0,6.457,ECONNREFUSED
12806.7,heavy,3103,0,3.799,
12810.0,heavy,3101,1,2.708,
12813.3,heavy,3102,0,2.401,ECONNREFUSED
12816.7,heavy,3103,0,1.544,
12820.0,heavy,3101,1,3.017,
12823.3,heavy,3102,0,1.737,ECONNREFUSED
12826.7,heavy,3103,1,1.830,
12830.0,heavy,3101,0,3.377,
12833.3,heavy,3102,0,2.276,ECONNREFUSED
12836.7,heavy,3103,0,0.989,
12840.0,heavy,3101,1,3.961,
12843.3,heavy,3102,0,2.823,ECONNREFUSED
12846.7,heavy,3103,1,1.519,
12850.0,heavy,3101,0,3.656,
12853.3,heavy,3102,0,3.868,ECONNREFUSED
12856.7,heavy,3103,1,1.916,
12860.0,heavy,3101,0,3.463,
12863.3,heavy,3102,0,3.799,ECONNREFUSED
12866.7,heavy,3103,0,1.464,
12870.0,heavy,3101,1,5.123,
12873.3,heavy,3102,0,3.010,ECONNREFUSED
12876.7,heavy,3103,1,2.333,
12880.0,heavy,3101,0,5.125,
12883.3,heavy,3102,0,2.379,ECONNREFUSED
12886.7,heavy,3103,0,1.138,
12890.0,heavy,3101,1,3.805,
12893.3,heavy,3102,0,2.183,ECONNREFUSED
12896.7,heavy,3103,0,0.980,
12900.0,light-2,3103,1,3.373,
12900.0,light-1,3102,0,5.988,ECONNREFUSED
12900.0,light-5,3103,1,5.615,
12900.0,light-4,3102,0,6.051,ECONNREFUSED
12900.0,light-3,3101,1,7.393,
12900.0,heavy,3101,1,6.420,
12903.3,heavy,3102,0,5.864,ECONNREFUSED
12906.7,heavy,3103,1,3.206,
12910.0,heavy,3101,0,7.561,
12913.3,heavy,3101,0,5.526,
12916.7,heavy,3102,0,3.372,ECONNREFUSED
12920.0,heavy,3103,1,1.345,
12923.3,heavy,3101,0,3.380,
12926.7,heavy,3102,0,3.037,ECONNREFUSED
12930.0,heavy,3103,1,1.015,
12933.3,heavy,3101,0,3.458,
12936.7,heavy,3102,0,3.021,ECONNREFUSED
12940.0,heavy,3103,1,1.426,
12943.3,heavy,3101,0,2.645,
12946.7,heavy,3102,0,1.956,ECONNREFUSED
12950.0,heavy,3103,1,1.815,
12953.3,heavy,3101,0,11.640,
12956.7,heavy,3102,0,2.311,ECONNREFUSED
12960.0,heavy,3103,1,1.202,
12963.3,heavy,3101,1,2.787,
12966.7,heavy,3102,0,5.680,ECONNREFUSED
12970.0,heavy,3103,0,1.519,
12973.3,heavy,3101,0,2.395,
12976.7,heavy,3102,0,4.599,ECONNREFUSED
12980.0,heavy,3103,1,2.129,
12983.3,heavy,3101,1,4.325,
12986.7,heavy,3102,0,3.863,ECONNREFUSED
12990.0,heavy,3103,0,1.569,
12993.3,heavy,3101,0,9.048,
12996.7,heavy,3102,0,7.184,ECONNREFUSED
13000.0,light-2,3103,1,4.520,
13000.0,light-1,3102,0,7.038,ECONNREFUSED
13000.0,light-5,3103,1,7.133,
13000.0,light-4,3102,0,7.498,ECONNREFUSED
13000.0,light-3,3101,1,9.653,
13000.0,heavy,3103,1,3.570,
13003.3,heavy,3101,0,9.265,
13006.7,heavy,3101,1,7.975,
13010.0,heavy,3102,0,5.271,ECONNREFUSED
13013.3,heavy,3103,0,1.497,
13016.7,heavy,3101,1,3.739,
13020.0,heavy,3102,0,2.376,ECONNREFUSED
13023.3,heavy,3103,1,2.279,
13026.7,heavy,3101,0,3.663,
13030.0,heavy,3102,0,3.272,ECONNREFUSED
13033.3,heavy,3103,0,2.279,
13036.7,heavy,3101,0,2.937,
13040.0,heavy,3102,0,2.441,ECONNREFUSED
13043.3,heavy,3103,1,1.471,
13046.7,heavy,3101,1,3.386,
13050.0,heavy,3102,0,2.347,ECONNREFUSED
13053.3,heavy,3103,1,2.112,
13056.7,heavy,3101,0,3.717,
13060.0,heavy,3102,0,3.374,ECONNREFUSED
13063.3,heavy,3103,0,2.220,
13066.7,heavy,3101,0,3.090,
13070.0,heavy,3102,0,2.351,ECONNREFUSED
13073.3,heavy,3103,1,1.043,
13076.7,heavy,3101,1,3.164,
13080.0,heavy,3102,0,2.347,ECONNREFUSED
13083.3,heavy,3103,0,0.917,
13086.7,heavy,3101,0,3.836,
13090.0,heavy,3102,0,2.725,ECONNREFUSED
13093.3,heavy,3103,1,1.675,
13096.7,heavy,3101,0,3.085,
13100.0,light-5,3101,1,3.352,
13100.0,light-4,3103,1,3.614,
13100.0,light-3,3102,0,4.156,ECONNREFUSED
13100.0,light-1,3103,1,4.673,
13100.0,light-2,3101,1,4.682,
13100.0,heavy,3102,0,4.602,ECONNREFUSED
13103.3,heavy,3102,0,2.729,ECONNREFUSED
13106.7,heavy,3103,1,1.488,
13110.0,heavy,3101,1,2.876,
13113.3,heavy,3102,0,2.057,ECONNREFUSED
13116.7,heavy,3103,1,2.018,
13120.0,heavy,3101,0,3.380,
13123.3,heavy,3102,0,2.682,ECONNREFUSED
13126.7,heavy,3103,0,2.137,
13130.0,heavy,3101,1,2.921,
13133.3,heavy,3102,0,2.419,ECONNREFUSED
13136.7,heavy,3103,1,1.601,
13140.0,heavy,3101,0,3.703,
13143.3,heavy,3102,0,3.181,ECONNREFUSED
13146.7,heavy,3103,1,2.167,
13150.0,heavy,3101,0,3.724,
13153.3,heavy,3102,0,3.226,ECONNREFUSED
13156.7,heavy,3103,0,1.744,
13160.0,heavy,3101,1,3.215,
13163.3,heavy,3102,0,2.189,ECONNREFUSED
13166.7,heavy,3103,1,1.485,
13170.0,heavy,3101,0,3.246,
13173.3,heavy,3102,0,2.363,ECONNREFUSED
13176.7,heavy,3103,1,2.367,
13180.0,heavy,3101,1,4.227,
13183.3,heavy,3102,0,3.614,ECONNREFUSED
13186.7,heavy,3103,0,2.986,
13190.0,heavy,3101,0,4.023,
13193.3,heavy,3102,0,2.539,ECONNREFUSED
13196.7,heavy,3103,0,1.343,
13200.0,light-4,3103,1,3.626,
13200.0,light-3,3102,0,4.485,ECONNREFUSED
13200.0,light-5,3101,1,4.632,
13200.0,light-1,3103,1,6.414,
13200.0,light-2,3101,1,6.475,
13200.0,heavy,3101,1,6.772,
13203.3,heavy,3102,0,4.622,ECONNREFUSED
13206.7,heavy,3102,0,5.304,ECONNREFUSED
13210.0,heavy,3103,1,1.572,
13213.3,heavy,3101,0,3.074,
13216.7,heavy,3102,0,2.077,ECONNREFUSED
13220.0,heavy,3103,1,1.603,
13223.3,heavy,3101,0,5.106,
13226.7,heavy,3102,0,3.597,ECONNREFUSED
13230.0,heavy,3103,1,1.785,
13233.3,heavy,3101,0,5.410,
13236.7,heavy,3102,0,4.242,ECONNREFUSED
13240.0,heavy,3103,1,1.201,
13243.3,heavy,3101,0,3.922,
13246.7,heavy,3102,0,3.113,ECONNREFUSED
13250.0,heavy,3103,1,1.669,
13253.3,heavy,3101,0,3.074,
13256.7,heavy,3102,0,2.829,ECONNREFUSED
13260.0,heavy,3103,1,1.335,
13263.3,heavy,3101,0,3.422,
13266.7,heavy,3102,0,3.141,ECONNREFUSED
13270.0,heavy,3103,1,1.287,
13273.3,heavy,3101,0,3.561,
13276.7,heavy,3102,0,3.108,ECONNREFUSED
13280.0,heavy,3103,1,1.651,
13283.3,heavy,3101,0,2.944,
13286.7,heavy,3102,0,4.222,ECONNREFUSED
13290.0,heavy,3103,1,2.096,
13293.3,heavy,3101,0,5.147,
13296.7,heavy,3102,0,6.418,ECONNREFUSED
13300.0,light-1,3101,1,3.092,
13300.0,light-3,3103,1,2.978,
13300.0,light-4,3101,1,4.808,
13300.0,light-2,3102,0,5.309,ECONNREFUSED
13300.0,light-5,3102,0,5.179,ECONNREFUSED
13300.0,heavy,3103,1,3.015,
13303.3,heavy,3103,0,2.718,
13306.7,heavy,3101,0,2.784,
13310.0,heavy,3102,0,3.148,ECONNREFUSED
13313.3,heavy,3103,1,1.693,
13316.7,heavy,3101,0,4.392,
13320.0,heavy,3102,0,3.295,ECONNREFUSED
13323.3,heavy,3103,1,1.863,
13326.7,heavy,3101,1,3.917,
13330.0,heavy,3102,0,3.081,ECONNREFUSED
13333.3,heavy,3103,1,1.632,
13336.7,heavy,3101,0,3.001,
13340.0,heavy,3102,0,3.229,ECONNREFUSED
13343.3,heavy,3103,0,1.596,
13346.7,heavy,3101,0,2.911,
13350.0,heavy,3102,0,2.171,ECONNREFUSED
13353.3,heavy,3103,1,1.239,
13356.7,heavy,3101,1,2.902,
13360.0,heavy,3102,0,3.164,ECONNREFUSED
13363.3,heavy,3103,0,1.428,
13366.7,heavy,3101,0,3.982,
13370.0,heavy,3102,0,3.472,ECONNREFUSED
13373.3,heavy,3103,1,1.692,
13376.7,heavy,3101,0,2.986,
13380.0,heavy,3102,0,2.548,ECONNREFUSED
13383.3,heavy,3103,1,2.399,
13386.7,heavy,3101,1,4.506,
13390.0,heavy,3102,0,2.932,ECONNREFUSED
13393.3,heavy,3103,0,1.554,
13396.7,heavy,3101,0,7.923,
13400.0,light-3,3103,1,4.015,
13400.0,light-1,3101,1,5.829,
13400.0,light-2,3102,0,6.704,ECONNREFUSED
13400.0,light-5,3102,0,7.136,ECONNREFUSED
13400.0,light-4,3101,1,7.481,
13400.0,heavy,3102,0,7.349,ECONNREFUSED
13403.3,heavy,3103,1,3.329,
13406.7,heavy,3103,0,3.822,
13410.0,heavy,3101,1,3.074,
13413.3,heavy,3102,0,2.631,ECONNREFUSED
13416.7,heavy,3103,0,1.417,
13420.0,heavy,3101,1,3.356,
13423.3,heavy,3102,0,2.818,ECONNREFUSED
13426.7,heavy,3103,0,1.427,
13430.0,heavy,3101,0,3.897,
13433.3,heavy,3102,0,2.621,ECONNREFUSED
13436.7,heavy,3103,1,1.544,
13440.0,heavy,3101,1,2.919,
13443.3,heavy,3102,0,3.678,ECONNREFUSED
13446.7,heavy,3103,1,1.871,
13450.0,heavy,3101,0,4.034,
13453.3,heavy,3102,0,4.261,ECONNREFUSED
13456.7,heavy,3103,0,1.492,
13460.0,heavy,3101,1,4.814,
13463.3,heavy,3102,0,3.275,ECONNREFUSED
13466.7,heavy,3103,1,1.916,
13470.0,heavy,3101,0,4.158,
13473.3,heavy,3102,0,2.410,ECONNREFUSED
13476.7,heavy,3103,0,1.251,
13480.0,heavy,3101,1,3.511,
13483.3,heavy,3102,0,2.478,ECONNREFUSED
13486.7,heavy,3103,0,1.039,
13490.0,heavy,3101,1,6.586,
13493.3,heavy,3102,0,6.061,ECONNREFUSED
13496.7,heavy,3103,1,2.680,
13500.0,light-2,3103,1,3.340,
13500.0,light-1,3102,0,5.876,ECONNREFUSED
13500.0,light-5,3103,1,6.092,
13500.0,light-4,3102,0,6.519,ECONNREFUSED
13500.0,light-3,3101,1,6.741,
13500.0,heavy,3101,0,6.533,
13503.3,heavy,3101,0,4.057,
13506.7,heavy,3102,0,2.299,ECONNREFUSED
13510.0,heavy,3103,1,1.273,
13513.3,heavy,3101,0,3.596,
13516.7,heavy,3102,0,2.855,ECONNREFUSED
13520.0,heavy,3103,1,1.015,
13523.3,heavy,3101,0,3.335,
13526.7,heavy,3102,0,2.458,ECONNREFUSED
13530.0,heavy,3103,1,1.465,
13533.3,heavy,3101,0,2.166,
13536.7,heavy,3102,0,3.441,ECONNREFUSED
13540.0,heavy,3103,1,2.011,
13543.3,heavy,3101,0,3.829,
13546.7,heavy,3102,0,2.862,ECONNREFUSED
13550.0,heavy,3103,1,1.074,
13553.3,heavy,3101,0,3.788,
13556.7,heavy,3102,0,3.267,ECONNREFUSED
13560.0,heavy,3103,1,1.415,
13563.3,heavy,3101,0,2.304,
13566.7,heavy,3102,0,4.426,ECONNREFUSED
13570.0,heavy,3103,1,2.753,
13573.3,heavy,3101,0,4.565,
13576.7,heavy,3102,0,4.960,ECONNREFUSED
13580.0,heavy,3103,1,1.999,
13583.3,heavy,3101,0,4.694,
13586.7,heavy,3102,0,3.239,ECONNREFUSED
13590.0,heavy,3103,1,1.879,
13593.3,heavy,3101,0,3.729,
13596.7,heavy,3102,0,2.567,ECONNREFUSED
13600.0,light-1,3101,1,2.339,
13600.0,light-3,3103,1,3.567,
13600.0,light-2,3102,0,4.658,ECONNREFUSED
13600.0,light-4,3101,1,4.632,
13600.0,light-5,3102,0,5.226,ECONNREFUSED
13600.0,heavy,3103,1,2.280,
13603.3,heavy,3103,0,2.190,
13606.7,heavy,3101,0,3.499,
13610.0,heavy,3102,0,1.804,ECONNREFUSED
13613.3,heavy,3103,1,1.915,
13616.7,heavy,3101,0,2.966,
13620.0,heavy,3102,0,2.730,ECONNREFUSED
13623.3,heavy,3103,1,1.967,
13626.7,heavy,3101,0,2.490,
13630.0,heavy,3102,0,3.980,ECONNREFUSED
13633.3,heavy,3103,1,1.644,
13636.7,heavy,3101,1,4.173,
13640.0,heavy,3102,0,4.153,ECONNREFUSED
13643.3,heavy,3103,0,1.675,
13646.7,heavy,3101,0,3.333,
13650.0,heavy,3102,0,2.743,ECONNREFUSED
13653.3,heavy,3103,1,1.523,
13656.7,heavy,3101,0,3.232,
13660.0,heavy,3102,0,2.122,ECONNREFUSED
13663.3,heavy,3103,1,1.385,
13666.7,heavy,3101,1,2.904,
13670.0,heavy,3102,0,3.056,ECONNREFUSED
13673.3,heavy,3103,0,1.180,
13676.7,heavy,3101,0,4.199,
13680.0,heavy,3102,0,3.647,ECONNREFUSED
13683.3,heavy,3103,1,1.646,
13686.7,heavy,3101,0,3.038,
13690.0,heavy,3102,0,2.719,ECONNREFUSED
13693.3,heavy,3103,1,3.023,
13696.7,heavy,3101,1,6.236,
13700.0,light-4,3103,1,3.881,
13700.0,light-3,3102,0,4.317,ECONNREFUSED
13700.0,light-5,3101,1,4.527,
13700.0,light-1,3103,1,6.089,
13700.0,light-2,3101,1,6.986,
13700.0,heavy,3102,0,4.821,ECONNREFUSED
13703.3,heavy,3102,0,4.027,ECONNREFUSED
13706.7,heavy,3103,0,1.109,
13710.0,heavy,3101,1,3.605,
13713.3,heavy,3102,0,2.853,ECONNREFUSED
13716.7,heavy,3103,0,1.183,
13720.0,heavy,3101,1,4.429,
13723.3,heavy,3102,0,3.061,ECONNREFUSED
13726.7,heavy,3103,1,1.667,
13730.0,heavy,3101,0,4.021,
13733.3,heavy,3102,0,2.563,ECONNREFUSED
13736.7,heavy,3103,1,1.855,
13740.0,heavy,3101,0,3.481,
13743.3,heavy,3102,0,2.808,ECONNREFUSED
13746.7,heavy,3103,0,2.312,
13750.0,heavy,3101,1,3.238,
13753.3,heavy,3102,0,2.378,ECONNREFUSED
13756.7,heavy,3103,1,1.572,
13760.0,heavy,3101,0,3.619,
13763.3,heavy,3102,0,2.528,ECONNREFUSED
13766.7,heavy,3103,0,0.908,
13770.0,heavy,3101,1,4.735,
13773.3,heavy,3102,0,3.451,ECONNREFUSED
13776.7,heavy,3103,1,2.057,
13780.0,heavy,3101,0,3.993,
13783.3,heavy,3102,0,2.517,ECONNREFUSED
13786.7,heavy,3103,1,2.224,
13790.0,heavy,3101,0,3.637,
13793.3,heavy,3102,0,3.059,ECONNREFUSED
13796.7,heavy,3103,0,1.371,
13800.0,light-3,3103,1,3.881,
13800.0,light-1,3101,1,4.921,
13800.0,light-2,3102,0,7.091,ECONNREFUSED
13800.0,light-4,3101,1,7.057,
13800.0,light-5,3102,0,7.938,ECONNREFUSED
13800.0,heavy,3101,1,7.514,
13803.3,heavy,3102,0,6.812,ECONNREFUSED
13806.7,heavy,3103,1,3.343,
13810.0,heavy,3103,0,3.186,
13813.3,heavy,3101,0,3.540,
13816.7,heavy,3102,0,2.391,ECONNREFUSED
13820.0,heavy,3103,1,1.248,
13823.3,heavy,3101,0,3.174,
13826.7,heavy,3102,0,2.559,ECONNREFUSED
13830.0,heavy,3103,1,1.027,
13833.3,heavy,3101,1,3.581,
13836.7,heavy,3102,0,2.591,ECONNREFUSED
13840.0,heavy,3103,0,1.435,
13843.3,heavy,3101,0,5.097,
13846.7,heavy,3102,0,3.504,ECONNREFUSED
13850.0,heavy,3103,1,1.636,
13853.3,heavy,3101,0,5.361,
13856.7,heavy,3102,0,3.856,ECONNREFUSED
13860.0,heavy,3103,1,1.296,
13863.3,heavy,3101,0,2.913,
13866.7,heavy,3102,0,2.086,ECONNREFUSED
13870.0,heavy,3103,1,1.171,
13873.3,heavy,3101,0,5.422,
13876.7,heavy,3102,0,3.865,ECONNREFUSED
13880.0,heavy,3103,1,2.152,
13883.3,heavy,3101,0,5.433,
13886.7,heavy,3102,0,4.397,ECONNREFUSED
13890.0,heavy,3103,1,1.332,
13893.3,heavy,3101,0,6.723,
13896.7,heavy,3102,0,5.904,ECONNREFUSED
13900.0,light-1,3101,1,4.525,
13900.0,light-3,3103,1,4.506,
13900.0,light-2,3102,0,5.788,ECONNREFUSED
13900.0,light-5,3102,0,7.514,ECONNREFUSED
13900.0,light-4,3101,1,7.779,
13900.0,heavy,3103,1,3.401,
13903.3,heavy,3103,0,3.459,
13906.7,heavy,3101,0,3.131,
13910.0,heavy,3102,0,2.738,ECONNREFUSED
13913.3,heavy,3103,1,1.141,
13916.7,heavy,3101,1,3.612,
13920.0,heavy,3102,0,3.221,ECONNREFUSED
13923.3,heavy,3103,1,1.727,
13926.7,heavy,3101,0,3.516,
13930.0,heavy,3102,0,2.767,ECONNREFUSED
13933.3,heavy,3103,0,1.266,
13936.7,heavy,3101,0,4.263,
13940.0,heavy,3102,0,2.480,ECONNREFUSED
13943.3,heavy,3103,1,1.240,
13946.7,heavy,3101,0,4.877,
13950.0,heavy,3102,0,2.731,ECONNREFUSED
13953.3,heavy,3103,1,1.686,
13956.7,heavy,3101,1,2.832,
13960.0,heavy,3102,0,2.438,ECONNREFUSED
13963.3,heavy,3103,0,0.918,
13966.7,heavy,3101,1,6.120,
13970.0,heavy,3102,0,3.506,ECONNREFUSED
13973.3,heavy,3103,1,1.077,
13976.7,heavy,3101,0,5.715,
13980.0,heavy,3102,0,3.947,ECONNREFUSED
13983.3,heavy,3103,0,1.278,
13986.7,heavy,3101,0,3.807,
13990.0,heavy,3102,0,2.846,ECONNREFUSED
13993.3,heavy,3103,1,1.504,
13996.7,heavy,3101,0,2.887,
14000.0,light-5,3101,1,3.075,
14000.0,light-4,3103,1,3.313,
14000.0,light-3,3102,0,5.162,ECONNREFUSED
14000.0,light-1,3103,1,5.561,
14000.0,light-2,3101,1,5.685,
14000.0,heavy,3102,0,4.494,ECONNREFUSED
14003.3,heavy,3102,0,3.513,ECONNREFUSED
14006.7,heavy,3103,1,1.369,
14010.0,heavy,3101,1,4.945,
14013.3,heavy,3102,0,3.903,ECONNREFUSED
14016.7,heavy,3103,1,1.685,
14020.0,heavy,3101,0,5.165,
14023.3,heavy,3102,0,4.746,ECONNREFUSED
14026.7,heavy,3103,0,2.101,
14030.0,heavy,3101,1,2.925,
14033.3,heavy,3102,0,2.903,ECONNREFUSED
14036.7,heavy,3103,1,1.510,
14040.0,heavy,3101,0,2.903,
14043.3,heavy,3102,0,2.371,ECONNREFUSED
14046.7,heavy,3103,1,2.300,
14050.0,heavy,3101,0,3.918,
14053.3,heavy,3102,0,3.368,ECONNREFUSED
14056.7,heavy,3103,0,1.581,
14060.0,heavy,3101,1,3.446,
14063.3,heavy,3102,0,2.120,ECONNREFUSED
14066.7,heavy,3103,1,1.164,
14070.0,heavy,3101,0,3.244,
14073.3,heavy,3102,0,2.281,ECONNREFUSED
14076.7,heavy,3103,0,1.200,
14080.0,heavy,3101,0,3.563,
14083.3,heavy,3102,0,2.638,ECONNREFUSED
14086.7,heavy,3103,1,1.416,
14090.0,heavy,3101,1,2.410,
14093.3,heavy,3102,0,5.551,ECONNREFUSED
14096.7,heavy,3103,1,3.083,
14100.0,light-2,3103,1,2.973,
14100.0,light-1,3102,0,5.201,ECONNREFUSED
14100.0,light-5,3103,1,5.006,
14100.0,light-4,3102,0,5.341,ECONNREFUSED
14100.0,light-3,3101,1,6.119,
14100.0,heavy,3101,0,5.821,
14103.3,heavy,3101,0,4.611,
14106.7,heavy,3102,0,3.748,ECONNREFUSED
14110.0,heavy,3103,1,1.151,
14113.3,heavy,3101,0,3.518,
14116.7,heavy,3102,0,2.720,ECONNREFUSED
14120.0,heavy,3103,1,1.100,
14123.3,heavy,3101,0,3.628,
14126.7,heavy,3102,0,2.894,ECONNREFUSED
14130.0,heavy,3103,1,1.862,
14133.3,heavy,3101,0,3.828,
14136.7,heavy,3102,0,2.245,ECONNREFUSED
14140.0,heavy,3103,1,1.289,
14143.3,heavy,3101,1,3.407,
14146.7,heavy,3102,0,3.926,ECONNREFUSED
14150.0,heavy,3103,0,1.458,
14153.3,heavy,3101,0,5.044,
14156.7,heavy,3102,0,2.612,ECONNREFUSED
14160.0,heavy,3103,1,1.402,
14163.3,heavy,3101,0,5.352,
14166.7,heavy,3102,0,3.049,ECONNREFUSED
14170.0,heavy,3103,1,1.037,
14173.3,heavy,3101,1,4.194,
14176.7,heavy,3102,0,3.390,ECONNREFUSED
14180.0,heavy,3103,0,1.340,
14183.3,heavy,3101,0,4.438,
14186.7,heavy,3102,0,3.050,ECONNREFUSED
14190.0,heavy,3103,1,1.495,
14193.3,heavy,3101,0,4.934,
14196.7,heavy,3102,0,3.255,ECONNREFUSED
14200.0,light-1,3101,1,2.221,
14200.0,light-3,3103,1,2.994,
14200.0,light-2,3102,0,3.844,ECONNREFUSED
14200.0,light-4,3101,1,3.923,
14200.0,light-5,3102,0,4.099,ECONNREFUSED
14200.0,heavy,3103,1,2.129,
14203.3,heavy,3103,0,1.539,
14206.7,heavy,3101,1,3.227,
14210.0,heavy,3102,0,2.514,ECONNREFUSED
14213.3,heavy,3103,1,2.698,
14216.7,heavy,3101,0,4.341,
14220.0,heavy,3102,0,3.874,ECONNREFUSED
14223.3,heavy,3103,0,3.204,
14226.7,heavy,3101,0,3.362,
14230.0,heavy,3102,0,2.490,ECONNREFUSED
14233.3,heavy,3103,1,2.253,
14236.7,heavy,3101,1,4.339,
14240.0,heavy,3102,0,3.489,ECONNREFUSED
14243.3,heavy,3103,0,1.436,
14246.7,heavy,3101,0,3.712,
14250.0,heavy,3102,0,2.713,ECONNREFUSED
14253.3,heavy,3103,1,1.411,
14256.7,heavy,3101,0,4.574,
14260.0,heavy,3102,0,2.730,ECONNREFUSED
14263.3,heavy,3103,1,2.192,
14266.7,heavy,3101,0,3.526,
14270.0,heavy,3102,0,3.079,ECONNREFUSED
14273.3,heavy,3103,1,2.061,
14276.7,heavy,3101,1,4.655,
14280.0,heavy,3102,0,3.408,ECONNREFUSED
14283.3,heavy,3103,1,1.836,
14286.7,heavy,3101,0,5.515,
14290.0,heavy,3102,0,3.546,ECONNREFUSED
14293.3,heavy,3103,0,1.679,
14296.7,heavy,3101,0,6.614,
14300.0,light-3,3103,1,2.515,
14300.0,light-1,3101,1,4.081,
14300.0,light-2,3102,0,5.133,ECONNREFUSED
14300.0,light-5,3102,0,6.097,ECONNREFUSED
14300.0,light-4,3101,1,6.234,
14300.0,heavy,3102,0,5.282,ECONNREFUSED
14303.3,heavy,3103,1,2.565,
14306.7,heavy,3103,0,2.565,
14310.0,heavy,3101,1,2.530,
14313.3,heavy,3102,0,2.062,ECONNREFUSED
14316.7,heavy,3103,0,1.429,
14320.0,heavy,3101,1,2.983,
14323.3,heavy,3102,0,4.303,ECONNREFUSED
14326.7,heavy,3103,1,1.894,
14330.0,heavy,3101,0,4.053,
14333.3,heavy,3102,0,4.868,ECONNREFUSED
14336.7,heavy,3103,0,2.135,
14340.0,heavy,3101,1,2.642,
14343.3,heavy,3102,0,3.135,ECONNREFUSED
14346.7,heavy,3103,1,1.608,
14350.0,heavy,3101,0,2.931,
14353.3,heavy,3102,0,2.378,ECONNREFUSED
14356.7,heavy,3103,1,1.621,
14360.0,heavy,3101,0,3.722,
14363.3,heavy,3102,0,3.239,ECONNREFUSED
14366.7,heavy,3103,0,1.054,
14370.0,heavy,3101,1,6.005,
14373.3,heavy,3102,0,2.587,ECONNREFUSED
14376.7,heavy,3103,1,1.508,
14380.0,heavy,3101,0,6.015,
14383.3,heavy,3102,0,2.842,ECONNREFUSED
14386.7,heavy,3103,0,1.175,
14390.0,heavy,3101,1,3.218,
14393.3,heavy,3102,0,2.389,ECONNREFUSED
14396.7,heavy,3103,0,1.553,
14400.0,light-2,3103,1,3.525,
14400.0,light-1,3102,0,6.644,ECONNREFUSED
14400.0,light-4,3102,0,7.837,ECONNREFUSED
14400.0,light-5,3103,1,9.071,
14400.0,light-3,3101,1,10.214,
14400.0,heavy,3101,1,9.028,
14403.3,heavy,3102,0,6.668,ECONNREFUSED
14406.7,heavy,3103,1,3.595,
14410.0,heavy,3101,0,9.636,
14413.3,heavy,3101,0,8.750,
14416.7,heavy,3102,0,6.514,ECONNREFUSED
14420.0,heavy,3103,1,2.050,
14423.3,heavy,3101,0,2.875,
14426.7,heavy,3102,0,6.469,ECONNREFUSED
14430.0,heavy,3103,1,2.896,
14433.3,heavy,3101,0,5.759,
14436.7,heavy,3102,0,4.844,ECONNREFUSED
14440.0,heavy,3103,1,3.531,
14443.3,heavy,3101,0,4.937,
14446.7,heavy,3102,0,2.965,ECONNREFUSED
14450.0,heavy,3103,1,1.061,
14453.3,heavy,3101,0,3.718,
14456.7,heavy,3102,0,2.751,ECONNREFUSED
14460.0,heavy,3103,1,1.391,
14463.3,heavy,3101,0,3.995,
14466.7,heavy,3102,0,2.534,ECONNREFUSED
14470.0,heavy,3103,1,1.391,
14473.3,heavy,3101,0,4.147,
14476.7,heavy,3102,0,2.510,ECONNREFUSED
14480.0,heavy,3103,1,1.014,
14483.3,heavy,3101,1,3.406,
14486.7,heavy,3102,0,2.600,ECONNREFUSED
14490.0,heavy,3103,0,1.694,
14493.3,heavy,3101,0,5.087,
14496.7,heavy,3102,0,4.350,ECONNREFUSED
14500.0,light-2,3103,1,2.933,
14500.0,light-5,3103,1,4.029,
14500.0,light-1,3102,0,4.439,ECONNREFUSED
14500.0,light-4,3102,0,4.644,ECONNREFUSED
14500.0,light-3,3101,1,5.560,
14500.0,heavy,3103,1,2.395,
14503.3,heavy,3101,0,5.579,
14506.7,heavy,3101,0,3.874,
14510.0,heavy,3102,0,2.064,ECONNREFUSED
14513.3,heavy,3103,1,2.077,
14516.7,heavy,3101,1,3.618,
14520.0,heavy,3102,0,2.752,ECONNREFUSED
14523.3,heavy,3103,0,0.829,
14526.7,heavy,3101,0,4.082,
14530.0,heavy,3102,0,3.166,ECONNREFUSED
14533.3,heavy,3103,1,1.995,
14536.7,heavy,3101,0,3.812,
14540.0,heavy,3102,0,2.041,ECONNREFUSED
14543.3,heavy,3103,1,2.075,
14546.7,heavy,3101,1,4.706,
14550.0,heavy,3102,0,3.157,ECONNREFUSED
14553.3,heavy,3103,0,2.315,
14556.7,heavy,3101,0,4.313,
14560.0,heavy,3102,0,3.304,ECONNREFUSED
14563.3,heavy,3103,1,1.141,
14566.7,heavy,3101,0,3.695,
14570.0,heavy,3102,0,2.263,ECONNREFUSED
14573.3,heavy,3103,1,1.695,
14576.7,heavy,3101,0,4.040,
14580.0,heavy,3102,0,3.517,ECONNREFUSED
14583.3,heavy,3103,1,1.005,
14586.7,heavy,3101,0,3.585,
14590.0,heavy,3102,0,2.137,ECONNREFUSED
14593.3,heavy,3103,1,1.161,
14596.7,heavy,3101,0,4.691,
14600.0,light-4,3103,1,2.728,
14600.0,light-3,3102,0,3.053,ECONNREFUSED
14600.0,light-5,3101,1,3.262,
14600.0,light-2,3101,1,4.438,
14600.0,light-1,3103,1,4.614,
14600.0,heavy,3102,0,3.490,ECONNREFUSED
14603.3,heavy,3102,0,2.081,ECONNREFUSED
14606.7,heavy,3103,1,2.311,
14610.0,heavy,3101,1,3.902,
14613.3,heavy,3102,0,3.076,ECONNREFUSED
14616.7,heavy,3103,0,0.951,
14620.0,heavy,3101,1,3.495,
14623.3,heavy,3102,0,2.540,ECONNREFUSED
14626.7,heavy,3103,1,1.652,
14630.0,heavy,3101,0,2.470,
14633.3,heavy,3102,0,4.512,ECONNREFUSED
14636.7,heavy,3103,1,2.362,
14640.0,heavy,3101,0,4.063,
14643.3,heavy,3102,0,4.620,ECONNREFUSED
14646.7,heavy,3103,0,1.610,
14650.0,heavy,3101,1,5.054,
14653.3,heavy,3102,0,3.564,ECONNREFUSED
14656.7,heavy,3103,1,1.816,
14660.0,heavy,3101,0,5.297,
14663.3,heavy,3102,0,3.043,ECONNREFUSED
14666.7,heavy,3103,0,1.352,
14670.0,heavy,3101,0,4.765,
14673.3,heavy,3102,0,4.155,ECONNREFUSED
14676.7,heavy,3103,1,1.971,
14680.0,heavy,3101,1,4.026,
14683.3,heavy,3102,0,2.212,ECONNREFUSED
14686.7,heavy,3103,1,1.821,
14690.0,heavy,3101,0,4.219,
14693.3,heavy,3102,0,4.111,ECONNREFUSED
14696.7,heavy,3103,0,1.288,
14700.0,light-3,3103,1,3.723,
14700.0,light-1,3101,1,5.251,
14700.0,light-2,3102,0,6.590,ECONNREFUSED
14700.0,light-5,3102,0,8.320,ECONNREFUSED
14700.0,light-4,3101,1,8.522,
14700.0,heavy,3101,0,7.735,
14703.3,heavy,3102,0,6.766,ECONNREFUSED
14706.7,heavy,3103,1,2.909,
14710.0,heavy,3103,1,3.637,
14713.3,heavy,3101,0,4.449,
14716.7,heavy,3102,0,3.413,ECONNREFUSED
14720.0,heavy,3103,1,1.379,
14723.3,heavy,3101,1,6.360,
14726.7,heavy,3102,0,5.320,ECONNREFUSED
14730.0,heavy,3103,1,2.797,
14733.3,heavy,3101,0,6.675,
14736.7,heavy,3102,0,5.149,ECONNREFUSED
14740.0,heavy,3103,0,2.537,
14743.3,heavy,3101,0,4.994,
14746.7,heavy,3102,0,3.261,ECONNREFUSED
14750.0,heavy,3103,1,1.928,
14753.3,heavy,3101,0,3.326,
14756.7,heavy,3102,0,2.343,ECONNREFUSED
14760.0,heavy,3103,1,1.682,
14763.3,heavy,3101,1,3.556,
14766.7,heavy,3102,0,3.304,ECONNREFUSED
14770.0,heavy,3103,0,1.119,
14773.3,heavy,3101,0,4.347,
14776.7,heavy,3102,0,2.611,ECONNREFUSED
14780.0,heavy,3103,1,1.393,
14783.3,heavy,3101,0,5.090,
14786.7,heavy,3102,0,3.615,ECONNREFUSED
14790.0,heavy,3103,1,1.054,
14793.3,heavy,3101,1,4.736,
14796.7,heavy,3102,0,4.884,ECONNREFUSED
14800.0,light-3,3103,1,2.656,
14800.0,light-1,3101,1,3.318,
14800.0,light-4,3101,1,4.717,
14800.0,light-2,3102,0,5.198,ECONNREFUSED
14800.0,light-5,3102,0,5.151,ECONNREFUSED
14800.0,heavy,3103,0,2.789,
14803.3,heavy,3103,0,2.807,
14806.7,heavy,3101,0,3.031,
14810.0,heavy,3102,0,2.030,ECONNREFUSED
14813.3,heavy,3103,1,1.099,
14816.7,heavy,3101,0,3.158,
14820.0,heavy,3102,0,3.788,ECONNREFUSED
14823.3,heavy,3103,1,1.887,
14826.7,heavy,3101,1,3.474,
14830.0,heavy,3102,0,3.580,ECONNREFUSED
14833.3,heavy,3103,0,1.730,
14836.7,heavy,3101,0,4.491,
14840.0,heavy,3102,0,2.371,ECONNREFUSED
14843.3,heavy,3103,1,1.146,
14846.7,heavy,3101,1,4.348,
14850.0,heavy,3102,0,1.879,ECONNREFUSED
14853.3,heavy,3103,1,1.538,
14856.7,heavy,3101,0,3.350,
14860.0,heavy,3102,0,3.587,ECONNREFUSED
14863.3,heavy,3103,0,1.604,
14866.7,heavy,3101,0,3.106,
14870.0,heavy,3102,0,2.278,ECONNREFUSED
14873.3,heavy,3103,1,1.351,
14876.7,heavy,3101,1,3.095,
14880.0,heavy,3102,0,2.226,ECONNREFUSED
14883.3,heavy,3103,0,1.175,
14886.7,heavy,3101,0,3.499,
14890.0,heavy,3102,0,2.649,ECONNREFUSED
14893.3,heavy,3103,1,1.307,
14896.7,heavy,3101,0,3.153,
14900.0,light-5,3101,1,3.518,
14900.0,light-4,3103,1,3.707,
14900.0,light-3,3102,0,4.230,ECONNREFUSED
14900.0,light-2,3101,1,4.419,
14900.0,light-1,3103,1,4.593,
14900.0,heavy,3102,0,4.523,ECONNREFUSED
14903.3,heavy,3102,0,2.993,ECONNREFUSED
14906.7,heavy,3103,1,1.324,
14910.0,heavy,3101,1,2.956,
14913.3,heavy,3102,0,2.324,ECONNREFUSED
14916.7,heavy,3103,1,1.832,
14920.0,heavy,3101,0,3.895,
14923.3,heavy,3102,0,2.845,ECONNREFUSED
14926.7,heavy,3103,0,2.057,
14930.0,heavy,3101,1,3.864,
14933.3,heavy,3102,0,2.897,ECONNREFUSED
14936.7,heavy,3103,1,1.784,
14940.0,heavy,3101,0,2.680,
14943.3,heavy,3102,0,1.843,ECONNREFUSED
14946.7,heavy,3103,1,2.541,
14950.0,heavy,3101,0,3.811,
14953.3,heavy,3102,0,3.393,ECONNREFUSED
14956.7,heavy,3103,0,1.487,
14960.0,heavy,3101,1,4.701,
14963.3,heavy,3102,0,2.858,ECONNREFUSED
14966.7,heavy,3103,1,1.559,
14970.0,heavy,3101,0,4.271,
14973.3,heavy,3102,0,2.231,ECONNREFUSED
14976.7,heavy,3103,1,1.732,
14980.0,heavy,3101,0,3.017,
14983.3,heavy,3102,0,3.125,ECONNREFUSED
14986.7,heavy,3103,0,1.022,
14990.0,heavy,3101,1,7.821,
14993.3,heavy,3102,0,6.290,ECONNREFUSED
14996.7,heavy,3103,1,3.370,
15000.0,light-2,3103,1,3.998,
15000.0,light-1,3102,0,6.201,ECONNREFUSED
15000.0,light-4,3102,0,6.141,ECONNREFUSED
15000.0,light-5,3103,1,6.320,
15000.0,light-3,3101,1,8.316,
15000.0,heavy,3101,0,8.074,
15003.3,heavy,3101,0,6.869,
15006.7,heavy,3102,0,4.868,ECONNREFUSED
15010.0,heavy,3103,1,1.713,
15013.3,heavy,3101,0,3.170,
15016.7,heavy,3102,0,2.113,ECONNREFUSED
15020.0,heavy,3103,1,0.987,
15023.3,heavy,3101,0,4.279,
15026.7,heavy,3102,0,3.157,ECONNREFUSED
15030.0,heavy,3103,1,1.949,
15033.3,heavy,3101,0,3.714,
15036.7,heavy,3102,0,2.872,ECONNREFUSED
15040.0,heavy,3103,1,1.249,
15043.3,heavy,3101,0,3.891,
15046.7,heavy,3102,0,2.926,ECONNREFUSED
15050.0,heavy,3103,1,1.329,
15053.3,heavy,3101,0,3.985,
15056.7,heavy,3102,0,2.973,ECONNREFUSED
15060.0,heavy,3103,1,1.727,
15063.3,heavy,3101,0,3.874,
15066.7,heavy,3102,0,2.470,ECONNREFUSED
15070.0,heavy,3103,1,1.330,
15073.3,heavy,3101,1,3.700,
15076.7,heavy,3102,0,2.639,ECONNREFUSED
15080.0,heavy,3103,0,1.945,
15083.3,heavy,3101,0,4.780,
15086.7,heavy,3102,0,3.334,ECONNREFUSED
15090.0,heavy,3103,1,1.642,
15093.3,heavy,3101,0,5.996,
15096.7,heavy,3102,0,3.971,ECONNREFUSED
15100.0,light-1,3101,1,3.305,
15100.0,light-3,3103,1,3.259,
15100.0,light-4,3101,1,4.883,
15100.0,light-5,3102,0,5.157,ECONNREFUSED
15100.0,light-2,3102,0,5.527,ECONNREFUSED
15100.0,heavy,3103,1,3.308,
15103.3,heavy,3103,0,1.598,
15106.7,heavy,3101,1,3.240,
15110.0,heavy,3102,0,2.361,ECONNREFUSED
15113.3,heavy,3103,0,0.978,
15116.7,heavy,3101,0,4.428,
15120.0,heavy,3102,0,3.078,ECONNREFUSED
15123.3,heavy,3103,1,1.867,
15126.7,heavy,3101,0,3.499,
15130.0,heavy,3102,0,2.264,ECONNREFUSED
15133.3,heavy,3103,1,2.332,
15136.7,heavy,3101,1,3.740,
15140.0,heavy,3102,0,3.042,ECONNREFUSED
15143.3,heavy,3103,0,1.838,
15146.7,heavy,3101,0,4.258,
15150.0,heavy,3102,0,2.586,ECONNREFUSED
15153.3,heavy,3103,1,1.462,
15156.7,heavy,3101,1,4.523,
15160.0,heavy,3102,0,3.086,ECONNREFUSED
15163.3,heavy,3103,0,0.894,
15166.7,heavy,3101,0,3.351,
15170.0,heavy,3102,0,2.626,ECONNREFUSED
15173.3,heavy,3103,1,1.493,
15176.7,heavy,3101,1,5.429,
15180.0,heavy,3102,0,3.562,ECONNREFUSED
15183.3,heavy,3103,1,2.008,
15186.7,heavy,3101,0,5.383,
15190.0,heavy,3102,0,3.943,ECONNREFUSED
15193.3,heavy,3103,0,1.528,
15196.7,heavy,3101,0,6.693,
15200.0,light-3,3103,1,3.719,
15200.0,light-1,3101,1,4.623,
15200.0,light-2,3102,0,6.391,ECONNREFUSED
15200.0,light-4,3101,1,6.981,
15200.0,light-5,3102,0,7.215,ECONNREFUSED
15200.0,heavy,3102,0,6.159,ECONNREFUSED
15203.3,heavy,3103,1,3.148,
15206.7,heavy,3103,0,2.833,
15210.0,heavy,3101,1,3.136,
15213.3,heavy,3102,0,1.973,ECONNREFUSED
15216.7,heavy,3103,0,1.278,
15220.0,heavy,3101,1,4.644,
15223.3,heavy,3102,0,4.055,ECONNREFUSED
15226.7,heavy,3103,1,2.266,
15230.0,heavy,3101,0,4.490,
15233.3,heavy,3102,0,3.879,ECONNREFUSED
15236.7,heavy,3103,0,1.802,
15240.0,heavy,3101,1,5.639,
15243.3,heavy,3102,0,3.165,ECONNREFUSED
15246.7,heavy,3103,1,1.933,
15250.0,heavy,3101,0,4.463,
15253.3,heavy,3102,0,2.953,ECONNREFUSED
15256.7,heavy,3103,0,1.810,
15260.0,heavy,3101,1,3.582,
15263.3,heavy,3102,0,2.771,ECONNREFUSED
15266.7,heavy,3103,0,1.722,
15270.0,heavy,3101,1,3.548,
15273.3,heavy,3102,0,2.335,ECONNREFUSED
15276.7,heavy,3103,1,1.461,
15280.0,heavy,3101,0,3.726,
15283.3,heavy,3102,0,1.766,ECONNREFUSED
15286.7,heavy,3103,1,1.443,
15290.0,heavy,3101,0,2.804,
15293.3,heavy,3102,0,3.028,ECONNREFUSED
15296.7,heavy,3103,0,1.595,
15300.0,light-2,3103,1,1.731,
15300.0,light-1,3102,0,2.879,ECONNREFUSED
15300.0,light-4,3102,0,2.962,ECONNREFUSED
15300.0,light-5,3103,1,4.052,
15300.0,light-3,3101,1,4.845,
15300.0,heavy,3101,1,4.689,
15303.3,heavy,3101,0,2.923,
15306.7,heavy,3102,0,2.147,ECONNREFUSED
15310.0,heavy,3103,1,1.507,
15313.3,heavy,3101,0,4.881,
15316.7,heavy,3102,0,4.128,ECONNREFUSED
15320.0,heavy,3103,1,1.847,
15323.3,heavy,3101,1,4.951,
15326.7,heavy,3102,0,4.329,ECONNREFUSED
15330.0,heavy,3103,0,2.280,
15333.3,heavy,3101,0,4.108,
15336.7,heavy,3102,0,3.103,ECONNREFUSED
15340.0,heavy,3103,1,2.055,
15343.3,heavy,3101,0,3.138,
15346.7,heavy,3102,0,2.508,ECONNREFUSED
15350.0,heavy,3103,1,0.955,
15353.3,heavy,3101,0,3.229,
15356.7,heavy,3102,0,2.294,ECONNREFUSED
15360.0,heavy,3103,1,1.009,
15363.3,heavy,3101,0,3.489,
15366.7,heavy,3102,0,2.397,ECONNREFUSED
15370.0,heavy,3103,1,1.490,
15373.3,heavy,3101,0,2.876,
15376.7,heavy,3102,0,1.989,ECONNREFUSED
15380.0,heavy,3103,1,1.539,
15383.3,heavy,3101,1,4.132,
15386.7,heavy,3102,0,4.405,ECONNREFUSED
15390.0,heavy,3103,0,1.992,
15393.3,heavy,3101,0,6.070,
15396.7,heavy,3102,0,5.259,ECONNREFUSED
15400.0,light-2,3103,1,3.215,
15400.0,light-1,3102,0,5.055,ECONNREFUSED
15400.0,light-4,3102,0,5.007,ECONNREFUSED
15400.0,light-5,3103,1,5.301,
15400.0,light-3,3101,1,6.629,
15400.0,heavy,3103,1,2.657,
15403.3,heavy,3101,0,6.587,
15406.7,heavy,3101,1,5.085,
15410.0,heavy,3102,0,2.698,ECONNREFUSED
15413.3,heavy,3103,0,1.256,
15416.7,heavy,3101,1,2.933,
15420.0,heavy,3102,0,3.238,ECONNREFUSED
15423.3,heavy,3103,0,1.367,
15426.7,heavy,3101,0,6.240,
15430.0,heavy,3102,0,3.392,ECONNREFUSED
15433.3,heavy,3103,1,1.587,
15436.7,heavy,3101,0,4.035,
15440.0,heavy,3102,0,2.244,ECONNREFUSED
15443.3,heavy,3103,1,1.108,
15446.7,heavy,3101,1,3.059,
15450.0,heavy,3102,0,2.230,ECONNREFUSED
15453.3,heavy,3103,1,1.930,
15456.7,heavy,3101,0,3.258,
15460.0,heavy,3102,0,3.004,ECONNREFUSED
15463.3,heavy,3103,0,1.676,
15466.7,heavy,3101,0,2.834,
15470.0,heavy,3102,0,1.667,ECONNREFUSED
15473.3,heavy,3103,1,2.125,
15476.7,heavy,3101,1,3.346,
15480.0,heavy,3102,0,3.046,ECONNREFUSED
15483.3,heavy,3103,0,1.261,
15486.7,heavy,3101,0,4.062,
15490.0,heavy,3102,0,2.330,ECONNREFUSED
15493.3,heavy,3103,1,1.394,
15496.7,heavy,3101,0,4.271,
15500.0,light-5,3101,1,3.095,
15500.0,light-4,3103,1,3.267,
15500.0,light-3,3102,0,3.867,ECONNREFUSED
15500.0,light-2,3101,1,4.077,
15500.0,light-1,3103,1,4.247,
15500.0,heavy,3102,0,4.034,ECONNREFUSED
15503.3,heavy,3102,0,2.754,ECONNREFUSED
15506.7,heavy,3103,1,1.291,
15510.0,heavy,3101,1,3.070,
15513.3,heavy,3102,0,2.745,ECONNREFUSED
15516.7,heavy,3103,0,1.076,
15520.0,heavy,3101,0,3.963,
15523.3,heavy,3102,0,3.430,ECONNREFUSED
15526.7,heavy,3103,1,1.384,
15530.0,heavy,3101,1,2.940,
15533.3,heavy,3102,0,2.230,ECONNREFUSED
15536.7,heavy,3103,1,1.578,
15540.0,heavy,3101,0,3.963,
15543.3,heavy,3102,0,3.270,ECONNREFUSED
15546.7,heavy,3103,0,1.028,
15550.0,heavy,3101,0,3.723,
15553.3,heavy,3102,0,3.012,ECONNREFUSED
15556.7,heavy,3103,1,1.420,
15560.0,heavy,3101,1,3.320,
15563.3,heavy,3102,0,2.227,ECONNREFUSED
15566.7,heavy,3103,1,1.666,
15570.0,heavy,3101,0,2.756,
15573.3,heavy,3102,0,1.987,ECONNREFUSED
15576.7,heavy,3103,0,0.933,
15580.0,heavy,3101,1,3.711,
15583.3,heavy,3102,0,2.587,ECONNREFUSED
15586.7,heavy,3103,1,1.545,
15590.0,heavy,3101,0,10.053,
15593.3,heavy,3102,0,2.451,ECONNREFUSED
15596.7,heavy,3103,1,2.125,
15600.0,light-2,3103,1,3.156,
15600.0,light-1,3102,0,4.299,ECONNREFUSED
15600.0,light-4,3102,0,4.769,ECONNREFUSED
15600.0,light-5,3103,1,4.823,
15600.0,light-3,3101,1,5.669,
15600.0,heavy,3101,0,4.799,
15603.3,heavy,3101,0,4.187,
15606.7,heavy,3102,0,1.984,ECONNREFUSED
15610.0,heavy,3103,1,1.965,
15613.3,heavy,3101,0,3.106,
15616.7,heavy,3102,0,2.869,ECONNREFUSED
15620.0,heavy,3103,1,1.678,
15623.3,heavy,3101,0,2.964,
15626.7,heavy,3102,0,4.209,ECONNREFUSED
15630.0,heavy,3103,1,2.215,
15633.3,heavy,3101,0,5.080,
15636.7,heavy,3102,0,3.945,ECONNREFUSED
15640.0,heavy,3103,1,1.658,
15643.3,heavy,3101,0,4.934,
15646.7,heavy,3102,0,3.185,ECONNREFUSED
15650.0,heavy,3103,1,1.991,
15653.3,heavy,3101,0,3.957,
15656.7,heavy,3102,0,2.537,ECONNREFUSED
15660.0,heavy,3103,1,1.341,
15663.3,heavy,3101,1,3.574,
15666.7,heavy,3102,0,2.775,ECONNREFUSED
15670.0,heavy,3103,0,1.226,
15673.3,heavy,3101,0,3.797,
15676.7,heavy,3102,0,2.337,ECONNREFUSED
15680.0,heavy,3103,1,1.247,
15683.3,heavy,3101,0,4.295,
15686.7,heavy,3102,0,2.686,ECONNREFUSED
15690.0,heavy,3103,1,1.205,
15693.3,heavy,3101,1,5.077,
15696.7,heavy,3102,0,5.205,ECONNREFUSED
15700.0,light-3,3103,1,2.745,
15700.0,light-1,3101,1,3.523,
15700.0,light-2,3102,0,5.923,ECONNREFUSED
15700.0,light-4,3101,1,5.895,
15700.0,light-5,3102,0,6.111,ECONNREFUSED
15700.0,heavy,3103,0,2.917,
15703.3,heavy,3103,0,3.442,
15706.7,heavy,3101,0,3.328,
15710.0,heavy,3102,0,2.454,ECONNREFUSED
15713.3,heavy,3103,1,1.311,
15716.7,heavy,3101,1,3.743,
15720.0,heavy,3102,0,3.121,ECONNREFUSED
15723.3,heavy,3103,1,1.577,
15726.7,heavy,3101,0,3.844,
15730.0,heavy,3102,0,3.379,ECONNREFUSED
15733.3,heavy,3103,0,1.636,
15736.7,heavy,3101,0,4.379,
15740.0,heavy,3102,0,3.238,ECONNREFUSED
15743.3,heavy,3103,1,1.334,
15746.7,heavy,3101,1,5.114,
15750.0,heavy,3102,0,2.178,ECONNREFUSED
15753.3,heavy,3103,1,1.509,
15756.7,heavy,3101,0,4.005,
15760.0,heavy,3102,0,3.119,ECONNREFUSED
15763.3,heavy,3103,0,1.025,
15766.7,heavy,3101,0,4.884,
15770.0,heavy,3102,0,2.893,ECONNREFUSED
15773.3,heavy,3103,1,1.415,
15776.7,heavy,3101,1,5.228,
15780.0,heavy,3102,0,2.658,ECONNREFUSED
15783.3,heavy,3103,0,0.970,
15786.7,heavy,3101,0,3.671,
15790.0,heavy,3102,0,2.565,ECONNREFUSED
15793.3,heavy,3103,1,1.456,
15796.7,heavy,3101,0,3.214,
15800.0,light-5,3101,1,3.814,
15800.0,light-4,3103,1,4.042,
15800.0,light-1,3103,1,4.810,
15800.0,light-2,3101,1,4.829,
15800.0,light-3,3102,0,5.554,ECONNREFUSED
15800.0,heavy,3102,0,5.799,ECONNREFUSED
15803.3,heavy,3102,0,4.292,ECONNREFUSED
15806.7,heavy,3103,1,1.015,
15810.0,heavy,3101,1,4.321,
15813.3,heavy,3102,0,3.640,ECONNREFUSED
15816.7,heavy,3103,1,1.984,
15820.0,heavy,3101,0,3.906,
15823.3,heavy,3102,0,3.483,ECONNREFUSED
15826.7,heavy,3103,0,1.884,
15830.0,heavy,3101,1,4.025,
15833.3,heavy,3102,0,2.594,ECONNREFUSED
15836.7,heavy,3103,1,1.531,
15840.0,heavy,3101,0,4.399,
15843.3,heavy,3102,0,1.968,ECONNREFUSED
15846.7,heavy,3103,1,2.442,
15850.0,heavy,3101,0,3.798,
15853.3,heavy,3102,0,3.328,ECONNREFUSED
15856.7,heavy,3103,0,1.564,
15860.0,heavy,3101,1,4.857,
15863.3,heavy,3102,0,3.117,ECONNREFUSED
15866.7,heavy,3103,1,1.555,
15870.0,heavy,3101,0,5.059,
15873.3,heavy,3102,0,2.530,ECONNREFUSED
15876.7,heavy,3103,1,1.383,
15880.0,heavy,3101,0,2.866,
15883.3,heavy,3102,0,2.301,ECONNREFUSED
15886.7,heavy,3103,0,1.045,
15890.0,heavy,3101,1,6.058,
15893.3,heavy,3102,0,4.719,ECONNREFUSED
15896.7,heavy,3103,1,3.069,
15900.0,light-2,3103,1,3.520,
15900.0,light-1,3102,0,4.538,ECONNREFUSED
15900.0,light-4,3102,0,4.427,ECONNREFUSED
15900.0,light-5,3103,1,5.853,
15900.0,light-3,3101,1,8.004,
15900.0,heavy,3101,0,6.317,
15903.3,heavy,3101,0,6.967,
15906.7,heavy,3102,0,2.949,ECONNREFUSED
15910.0,heavy,3103,1,1.138,
15913.3,heavy,3101,0,3.346,
15916.7,heavy,3102,0,2.090,ECONNREFUSED
15920.0,heavy,3103,1,0.856,
15923.3,heavy,3101,0,3.539,
15926.7,heavy,3102,0,2.186,ECONNREFUSED
15930.0,heavy,3103,1,1.469,
15933.3,heavy,3101,0,2.880,
15936.7,heavy,3102,0,1.993,ECONNREFUSED
15940.0,heavy,3103,1,2.153,
15943.3,heavy,3101,1,4.419,
15946.7,heavy,3102,0,3.356,ECONNREFUSED
15950.0,heavy,3103,0,2.144,
15953.3,heavy,3101,0,3.956,
15956.7,heavy,3102,0,2.529,ECONNREFUSED
15960.0,heavy,3103,1,1.469,
15963.3,heavy,3101,0,3.833,
15966.7,heavy,3102,0,2.206,ECONNREFUSED
15970.0,heavy,3103,1,1.331,
15973.3,heavy,3101,1,3.078,
15976.7,heavy,3102,0,2.867,ECONNREFUSED
15980.0,heavy,3103,0,1.402,
15983.3,heavy,3101,0,3.933,
15986.7,heavy,3102,0,2.825,ECONNREFUSED
15990.0,heavy,3103,1,0.905,
15993.3,heavy,3101,0,3.579,
15996.7,heavy,3102,0,2.479,ECONNREFUSED
16000.0,light-4,3103,1,3.654,
16000.0,light-3,3102,0,4.447,ECONNREFUSED
16000.0,light-5,3101,1,4.972,
16000.0,light-1,3103,1,6.254,
16000.0,light-2,3101,1,6.289,
16000.0,heavy,3103,1,3.054,
16003.3,heavy,3101,1,6.371,
16006.7,heavy,3102,0,5.725,ECONNREFUSED
16010.0,heavy,3102,0,5.654,ECONNREFUSED
16013.3,heavy,3103,0,3.337,
16016.7,heavy,3101,0,3.657,
16020.0,heavy,3102,0,1.835,ECONNREFUSED
16023.3,heavy,3103,1,1.392,
16026.7,heavy,3101,1,5.064,
16030.0,heavy,3102,0,4.280,ECONNREFUSED
16033.3,heavy,3103,1,1.886,
16036.7,heavy,3101,0,5.181,
16040.0,heavy,3102,0,4.876,ECONNREFUSED
16043.3,heavy,3103,0,2.219,
16046.7,heavy,3101,0,3.258,
16050.0,heavy,3102,0,2.581,ECONNREFUSED
16053.3,heavy,3103,1,1.293,
16056.7,heavy,3101,0,2.860,
16060.0,heavy,3102,0,2.597,ECONNREFUSED
16063.3,heavy,3103,1,1.118,
16066.7,heavy,3101,1,3.305,
16070.0,heavy,3102,0,2.117,ECONNREFUSED
16073.3,heavy,3103,0,0.972,
16076.7,heavy,3101,0,4.519,
16080.0,heavy,3102,0,3.173,ECONNREFUSED
16083.3,heavy,3103,1,2.051,
16086.7,heavy,3101,0,3.230,
16090.0,heavy,3102,0,2.172,ECONNREFUSED
16093.3,heavy,3103,1,2.314,
16096.7,heavy,3101,1,5.348,
16100.0,light-4,3103,1,3.193,
16100.0,light-5,3101,1,3.975,
16100.0,light-3,3102,0,4.830,ECONNREFUSED
16100.0,light-1,3103,1,5.242,
16100.0,light-2,3101,1,5.827,
16100.0,heavy,3102,0,3.807,ECONNREFUSED
16103.3,heavy,3102,0,4.427,ECONNREFUSED
16106.7,heavy,3103,0,1.186,
16110.0,heavy,3101,1,4.088,
16113.3,heavy,3102,0,4.275,ECONNREFUSED
16116.7,heavy,3103,0,2.102,
16120.0,heavy,3101,1,2.495,
16123.3,heavy,3102,0,4.638,ECONNREFUSED
16126.7,heavy,3103,1,2.362,
16130.0,heavy,3101,0,3.969,
16133.3,heavy,3102,0,2.834,ECONNREFUSED
16136.7,heavy,3103,1,1.606,
16140.0,heavy,3101,0,3.145,
16143.3,heavy,3102,0,3.347,ECONNREFUSED
16146.7,heavy,3103,0,1.733,
16150.0,heavy,3101,1,2.170,
16153.3,heavy,3102,0,3.095,ECONNREFUSED
16156.7,heavy,3103,1,1.466,
16160.0,heavy,3101,0,3.086,
16163.3,heavy,3102,0,2.270,ECONNREFUSED
16166.7,heavy,3103,0,1.119,
16170.0,heavy,3101,0,4.608,
16173.3,heavy,3102,0,3.487,ECONNREFUSED
16176.7,heavy,3103,1,2.182,
16180.0,heavy,3101,1,3.629,
16183.3,heavy,3102,0,2.067,ECONNREFUSED
16186.7,heavy,3103,1,2.105,
16190.0,heavy,3101,0,3.185,
16193.3,heavy,3102,0,2.661,ECONNREFUSED
16196.7,heavy,3103,1,3.261,
16200.0,light-3,3103,1,3.088,
16200.0,light-1,3101,1,3.789,
16200.0,light-2,3102,0,4.393,ECONNREFUSED
16200.0,light-5,3102,0,4.773,ECONNREFUSED
16200.0,light-4,3101,1,4.928,
16200.0,heavy,3101,1,5.191,
16203.3,heavy,3102,0,4.590,ECONNREFUSED
16206.7,heavy,3103,0,3.238,
16210.0,heavy,3103,0,2.265,
16213.3,heavy,3101,0,2.249,
16216.7,heavy,3102,0,2.251,ECONNREFUSED
16220.0,heavy,3103,1,1.160,
16223.3,heavy,3101,0,2.673,
16226.7,heavy,3102,0,2.515,ECONNREFUSED
16230.0,heavy,3103,1,0.931,
16233.3,heavy,3101,1,3.971,
16236.7,heavy,3102,0,2.782,ECONNREFUSED
16240.0,heavy,3103,0,1.557,
16243.3,heavy,3101,0,2.650,
16246.7,heavy,3102,0,3.170,ECONNREFUSED
16250.0,heavy,3103,1,1.673,
16253.3,heavy,3101,0,3.363,
16256.7,heavy,3102,0,2.357,ECONNREFUSED
16260.0,heavy,3103,1,1.784,
16263.3,heavy,3101,0,3.360,
16266.7,heavy,3102,0,2.889,ECONNREFUSED
16270.0,heavy,3103,1,2.127,
16273.3,heavy,3101,0,4.061,
16276.7,heavy,3102,0,3.002,ECONNREFUSED
16280.0,heavy,3103,1,1.148,
16283.3,heavy,3101,0,3.760,
16286.7,heavy,3102,0,2.331,ECONNREFUSED
16290.0,heavy,3103,1,1.067,
16293.3,heavy,3101,0,6.451,
16296.7,heavy,3102,0,5.734,ECONNREFUSED
16300.0,light-3,3103,1,3.235,
16300.0,light-1,3101,1,4.415,
16300.0,light-2,3102,0,5.534,ECONNREFUSED
16300.0,light-4,3101,1,6.145,
16300.0,light-5,3102,0,6.313,ECONNREFUSED
16300.0,heavy,3103,1,2.661,
16303.3,heavy,3103,0,2.885,
16306.7,heavy,3101,0,3.832,
16310.0,heavy,3102,0,2.309,ECONNREFUSED
16313.3,heavy,3103,1,1.139,
16316.7,heavy,3101,0,2.631,
16320.0,heavy,3102,0,2.005,ECONNREFUSED
16323.3,heavy,3103,1,1.006,
16326.7,heavy,3101,0,3.490,
16330.0,heavy,3102,0,2.845,ECONNREFUSED
16333.3,heavy,3103,1,1.415,
16336.7,heavy,3101,0,2.876,
16340.0,heavy,3102,0,4.117,ECONNREFUSED
16343.3,heavy,3103,1,1.925,
16346.7,heavy,3101,1,3.952,
16350.0,heavy,3102,0,4.605,ECONNREFUSED
16353.3,heavy,3103,0,1.894,
16356.7,heavy,3101,0,3.132,
16360.0,heavy,3102,0,3.139,ECONNREFUSED
16363.3,heavy,3103,1,1.878,
16366.7,heavy,3101,0,3.171,
16370.0,heavy,3102,0,1.735,ECONNREFUSED
16373.3,heavy,3103,1,0.943,
16376.7,heavy,3101,1,4.404,
16380.0,heavy,3102,0,4.494,ECONNREFUSED
16383.3,heavy,3103,1,2.689,
16386.7,heavy,3101,0,5.260,
16390.0,heavy,3102,0,4.586,ECONNREFUSED
16393.3,heavy,3103,0,1.267,
16396.7,heavy,3101,0,6.397,
16400.0,light-3,3103,1,3.087,
16400.0,light-1,3101,1,4.030,
16400.0,light-5,3102,0,5.364,ECONNREFUSED
16400.0,light-4,3101,1,6.490,
16400.0,light-2,3102,0,6.948,ECONNREFUSED
16400.0,heavy,3102,0,4.653,ECONNREFUSED
16403.3,heavy,3103,1,1.823,
16406.7,heavy,3103,0,3.091,
16410.0,heavy,3101,1,3.085,
16413.3,heavy,3102,0,2.218,ECONNREFUSED
16416.7,heavy,3103,1,1.118,
16420.0,heavy,3101,0,2.753,
16423.3,heavy,3102,0,1.981,ECONNREFUSED
16426.7,heavy,3103,1,1.670,
16430.0,heavy,3101,0,2.766,
16433.3,heavy,3102,0,2.347,ECONNREFUSED
16436.7,heavy,3103,0,0.980,
16440.0,heavy,3101,1,3.054,
16443.3,heavy,3102,0,2.640,ECONNREFUSED
16446.7,heavy,3103,0,1.067,
16450.0,heavy,3101,1,4.789,
16453.3,heavy,3102,0,2.819,ECONNREFUSED
16456.7,heavy,3103,1,1.251,
16460.0,heavy,3101,0,2.839,
16463.3,heavy,3102,0,2.267,ECONNREFUSED
16466.7,heavy,3103,1,1.404,
16470.0,heavy,3101,0,3.799,
16473.3,heavy,3102,0,2.997,ECONNREFUSED
16476.7,heavy,3103,0,1.289,
16480.0,heavy,3101,1,3.670,
16483.3,heavy,3102,0,2.634,ECONNREFUSED
16486.7,heavy,3103,1,1.558,
16490.0,heavy,3101,0,2.785,
16493.3,heavy,3102,0,8.966,ECONNREFUSED
16496.7,heavy,3103,1,2.442,
16500.0,light-4,3103,1,4.002,
16500.0,light-5,3101,1,5.568,
16500.0,light-3,3102,0,5.927,ECONNREFUSED
16500.0,light-1,3103,1,6.889,
16500.0,light-2,3101,1,8.028,
16500.0,heavy,3101,0,6.907,
16503.3,heavy,3102,0,5.407,ECONNREFUSED
16506.7,heavy,3102,0,5.446,ECONNREFUSED
16510.0,heavy,3103,1,1.392,
16513.3,heavy,3101,1,3.739,
16516.7,heavy,3102,0,2.788,ECONNREFUSED
16520.0,heavy,3103,0,1.996,
16523.3,heavy,3101,0,4.393,
16526.7,heavy,3102,0,3.093,ECONNREFUSED
16530.0,heavy,3103,1,1.541,
16533.3,heavy,3101,0,4.688,
16536.7,heavy,3102,0,2.881,ECONNREFUSED
16540.0,heavy,3103,1,0.993,
16543.3,heavy,3101,0,4.079,
16546.7,heavy,3102,0,2.906,ECONNREFUSED
16550.0,heavy,3103,1,1.669,
16553.3,heavy,3101,0,2.621,
16556.7,heavy,3102,0,3.259,ECONNREFUSED
16560.0,heavy,3103,1,1.881,
16563.3,heavy,3101,0,3.278,
16566.7,heavy,3102,0,2.234,ECONNREFUSED
16570.0,heavy,3103,1,1.932,
16573.3,heavy,3101,0,2.779,
16576.7,heavy,3102,0,2.488,ECONNREFUSED
16580.0,heavy,3103,1,2.100,
16583.3,heavy,3101,0,5.672,
16586.7,heavy,3102,0,3.353,ECONNREFUSED
16590.0,heavy,3103,1,1.896,
16593.3,heavy,3101,0,5.246,
16596.7,heavy,3102,0,5.864,ECONNREFUSED
16600.0,light-1,3101,1,2.986,
16600.0,light-3,3103,1,3.423,
16600.0,light-4,3101,1,4.958,
16600.0,light-2,3102,0,5.618,ECONNREFUSED
16600.0,light-5,3102,0,5.525,ECONNREFUSED
16600.0,heavy,3103,1,3.067,
16603.3,heavy,3103,0,1.526,
16606.7,heavy,3101,0,2.958,
16610.0,heavy,3102,0,2.415,ECONNREFUSED
16613.3,heavy,3103,1,1.427,
16616.7,heavy,3101,0,4.291,
16620.0,heavy,3102,0,3.016,ECONNREFUSED
16623.3,heavy,3103,1,1.649,
16626.7,heavy,3101,1,5.266,
16630.0,heavy,3102,0,2.470,ECONNREFUSED
16633.3,heavy,3103,0,1.045,
16636.7,heavy,3101,1,3.781,
16640.0,heavy,3102,0,3.234,ECONNREFUSED
16643.3,heavy,3103,0,1.910,
16646.7,heavy,3101,1,5.083,
16650.0,heavy,3102,0,3.724,ECONNREFUSED
16653.3,heavy,3103,1,1.580,
16656.7,heavy,3101,0,4.582,
16660.0,heavy,3102,0,3.835,ECONNREFUSED
16663.3,heavy,3103,0,1.388,
16666.7,heavy,3101,0,3.244,
16670.0,heavy,3102,0,2.087,ECONNREFUSED
16673.3,heavy,3103,1,1.194,
16676.7,heavy,3101,0,3.168,
16680.0,heavy,3102,0,1.941,ECONNREFUSED
16683.3,heavy,3103,1,1.806,
16686.7,heavy,3101,1,3.762,
16690.0,heavy,3102,0,3.142,ECONNREFUSED
16693.3,heavy,3103,0,1.649,
16696.7,heavy,3101,0,6.108,
16700.0,light-3,3103,1,3.285,
16700.0,light-1,3101,1,4.190,
16700.0,light-2,3102,0,5.745,ECONNREFUSED
16700.0,light-4,3101,1,6.506,
16700.0,light-5,3102,0,6.793,ECONNREFUSED
16700.0,heavy,3102,0,5.422,ECONNREFUSED
16703.3,heavy,3103,1,2.785,
16706.7,heavy,3103,0,2.657,
16710.0,heavy,3101,1,3.295,
16713.3,heavy,3102,0,3.733,ECONNREFUSED
16716.7,heavy,3103,0,1.469,
16720.0,heavy,3101,1,6.022,
16723.3,heavy,3102,0,6.894,ECONNREFUSED
16726.7,heavy,3103,1,3.272,
16730.0,heavy,3101,0,6.339,
16733.3,heavy,3102,0,5.806,ECONNREFUSED
16736.7,heavy,3103,0,2.926,
16740.0,heavy,3101,1,3.604,
16743.3,heavy,3102,0,2.677,ECONNREFUSED
16746.7,heavy,3103,1,1.355,
16750.0,heavy,3101,0,3.159,
16753.3,heavy,3102,0,2.953,ECONNREFUSED
16756.7,heavy,3103,1,2.031,
16760.0,heavy,3101,0,3.299,
16763.3,heavy,3102,0,3.024,ECONNREFUSED
16766.7,heavy,3103,0,2.238,
16770.0,heavy,3101,1,2.918,
16773.3,heavy,3102,0,2.557,ECONNREFUSED
16776.7,heavy,3103,1,1.244,
16780.0,heavy,3101,0,3.635,
16783.3,heavy,3102,0,2.048,ECONNREFUSED
16786.7,heavy,3103,1,3.106,
16790.0,heavy,3101,1,4.108,
16793.3,heavy,3102,0,4.381,ECONNREFUSED
16796.7,heavy,3103,0,3.117,
16800.0,light-2,3103,1,2.172,
16800.0,light-1,3102,0,4.090,ECONNREFUSED
16800.0,light-4,3102,0,3.887,ECONNREFUSED
16800.0,light-5,3103,1,4.213,
16800.0,light-3,3101,1,4.836,
16800.0,heavy,3101,0,4.746,
16803.3,heavy,3101,0,3.681,
16806.7,heavy,3102,0,2.182,ECONNREFUSED
16810.0,heavy,3103,1,1.624,
16813.3,heavy,3101,0,3.029,
16816.7,heavy,3102,0,2.282,ECONNREFUSED
16820.0,heavy,3103,1,2.400,
16823.3,heavy,3101,1,3.299,
16826.7,heavy,3102,0,3.617,ECONNREFUSED
16830.0,heavy,3103,0,1.528,
16833.3,heavy,3101,0,3.310,
16836.7,heavy,3102,0,2.516,ECONNREFUSED
16840.0,heavy,3103,1,1.393,
16843.3,heavy,3101,0,3.718,
16846.7,heavy,3102,0,2.821,ECONNREFUSED
16850.0,heavy,3103,1,1.172,
16853.3,heavy,3101,0,3.625,
16856.7,heavy,3102,0,3.487,ECONNREFUSED
16860.0,heavy,3103,1,1.208,
16863.3,heavy,3101,0,3.836,
16866.7,heavy,3102,0,2.155,ECONNREFUSED
16870.0,heavy,3103,1,2.433,
16873.3,heavy,3101,0,3.659,
16876.7,heavy,3102,0,2.766,ECONNREFUSED
16880.0,heavy,3103,1,1.007,
16883.3,heavy,3101,0,4.771,
16886.7,heavy,3102,0,3.399,ECONNREFUSED
16890.0,heavy,3103,1,2.099,
16893.3,heavy,3101,0,4.602,
16896.7,heavy,3102,0,2.503,ECONNREFUSED
16900.0,light-4,3103,1,3.759,
16900.0,light-5,3101,1,4.224,
16900.0,light-3,3102,0,4.557,ECONNREFUSED
16900.0,light-1,3103,1,6.293,
16900.0,light-2,3101,1,6.339,
16900.0,heavy,3103,1,2.404,
16903.3,heavy,3101,1,6.385,
16906.7,heavy,3102,0,4.428,ECONNREFUSED
16910.0,heavy,3102,0,5.443,ECONNREFUSED
16913.3,heavy,3103,0,1.633,
16916.7,heavy,3101,0,3.660,
16920.0,heavy,3102,0,2.717,ECONNREFUSED
16923.3,heavy,3103,1,1.493,
16926.7,heavy,3101,0,2.710,
16930.0,heavy,3102,0,3.371,ECONNREFUSED
16933.3,heavy,3103,1,1.685,
16936.7,heavy,3101,1,3.803,
16940.0,heavy,3102,0,4.072,ECONNREFUSED
16943.3,heavy,3103,0,1.562,
16946.7,heavy,3101,0,3.606,
16950.0,heavy,3102,0,2.907,ECONNREFUSED
16953.3,heavy,3103,1,1.413,
16956.7,heavy,3101,0,3.579,
16960.0,heavy,3102,0,1.940,ECONNREFUSED
16963.3,heavy,3103,1,2.003,
16966.7,heavy,3101,1,3.594,
16970.0,heavy,3102,0,3.062,ECONNREFUSED
16973.3,heavy,3103,0,1.761,
16976.7,heavy,3101,0,4.373,
16980.0,heavy,3102,0,12.141,ECONNREFUSED
16983.3,heavy,3103,1,1.193,
16986.7,heavy,3101,1,4.392,
16990.0,heavy,3102,0,3.481,ECONNREFUSED
16993.3,heavy,3103,0,1.699,
16996.7,heavy,3101,1,7.329,
17000.0,light-4,3103,1,2.810,
17000.0,light-5,3101,1,5.958,
17000.0,light-1,3103,1,9.428,
17000.0,light-2,3101,1,9.551,
17000.0,light-3,3102,0,9.882,ECONNREFUSED
17000.0,heavy,3102,0,13.738,ECONNREFUSED
17003.3,heavy,3102,0,9.256,ECONNREFUSED
17006.7,heavy,3103,0,5.456,
17010.0,heavy,3101,1,5.051,
17013.3,heavy,3102,0,4.283,ECONNREFUSED
17016.7,heavy,3103,0,1.769,
17020.0,heavy,3101,1,5.246,
17023.3,heavy,3102,0,3.839,ECONNREFUSED
17026.7,heavy,3103,1,2.427,
17030.0,heavy,3101,0,3.794,
17033.3,heavy,3102,0,2.524,ECONNREFUSED
17036.7,heavy,3103,1,1.748,
17040.0,heavy,3101,0,4.311,
17043.3,heavy,3102,0,3.268,ECONNREFUSED
17046.7,heavy,3103,0,1.191,
17050.0,heavy,3101,1,4.871,
17053.3,heavy,3102,0,3.430,ECONNREFUSED
17056.7,heavy,3103,1,2.116,
17060.0,heavy,3101,0,3.899,
17063.3,heavy,3102,0,3.379,ECONNREFUSED
17066.7,heavy,3103,0,1.563,
17070.0,heavy,3101,1,4.630,
17073.3,heavy,3102,0,4.031,ECONNREFUSED
17076.7,heavy,3103,0,2.251,
17080.0,heavy,3101,1,5.585,
17083.3,heavy,3102,0,4.054,ECONNREFUSED
17086.7,heavy,3103,1,1.373,
17090.0,heavy,3101,0,6.440,
17093.3,heavy,3102,0,4.014,ECONNREFUSED
17096.7,heavy,3103,0,1.741,
17100.0,light-4,3103,1,3.222,
17100.0,light-3,3102,0,4.384,ECONNREFUSED
17100.0,light-5,3101,1,4.464,
17100.0,light-1,3103,1,6.175,
17100.0,light-2,3101,1,6.224,
17100.0,heavy,3101,1,6.367,
17103.3,heavy,3102,0,4.402,ECONNREFUSED
17106.7,heavy,3102,0,4.723,ECONNREFUSED
17110.0,heavy,3103,1,1.624,
17113.3,heavy,3101,0,3.099,
17116.7,heavy,3102,0,2.485,ECONNREFUSED
17120.0,heavy,3103,1,1.365,
17123.3,heavy,3101,0,5.128,
17126.7,heavy,3102,0,3.367,ECONNREFUSED
17130.0,heavy,3103,1,1.769,
17133.3,heavy,3101,0,4.690,
17136.7,heavy,3102,0,4.054,ECONNREFUSED
17140.0,heavy,3103,1,1.456,
17143.3,heavy,3101,0,3.807,
17146.7,heavy,3102,0,3.155,ECONNREFUSED
17150.0,heavy,3103,1,1.671,
17153.3,heavy,3101,0,3.249,
17156.7,heavy,3102,0,3.169,ECONNREFUSED
17160.0,heavy,3103,1,1.275,
17163.3,heavy,3101,0,3.737,
17166.7,heavy,3102,0,2.897,ECONNREFUSED
17170.0,heavy,3103,1,1.266,
17173.3,heavy,3101,0,3.461,
17176.7,heavy,3102,0,2.320,ECONNREFUSED
17180.0,heavy,3103,1,1.518,
17183.3,heavy,3101,0,3.683,
17186.7,heavy,3102,0,1.758,ECONNREFUSED
17190.0,heavy,3103,1,1.343,
17193.3,heavy,3101,1,3.713,
17196.7,heavy,3102,0,3.889,ECONNREFUSED
17200.0,light-3,3103,1,2.206,
17200.0,light-1,3101,1,2.816,
17200.0,light-4,3101,1,3.874,
17200.0,light-5,3102,0,4.081,ECONNREFUSED
17200.0,light-2,3102,0,4.507,ECONNREFUSED
17200.0,heavy,3103,0,1.651,
17203.3,heavy,3103,0,1.100,
17206.7,heavy,3101,0,2.666,
17210.0,heavy,3102,0,2.008,ECONNREFUSED
17213.3,heavy,3103,1,1.280,
17216.7,heavy,3101,1,4.433,
17220.0,heavy,3102,0,3.464,ECONNREFUSED
17223.3,heavy,3103,1,2.070,
17226.7,heavy,3101,0,4.379,
17230.0,heavy,3102,0,2.866,ECONNREFUSED
17233.3,heavy,3103,1,2.158,
17236.7,heavy,3101,0,3.444,
17240.0,heavy,3102,0,2.901,ECONNREFUSED
17243.3,heavy,3103,0,2.095,
17246.7,heavy,3101,0,3.154,
17250.0,heavy,3102,0,2.282,ECONNREFUSED
17253.3,heavy,3103,1,1.601,
17256.7,heavy,3101,1,4.340,
17260.0,heavy,3102,0,2.896,ECONNREFUSED
17263.3,heavy,3103,0,1.009,
17266.7,heavy,3101,0,4.575,
17270.0,heavy,3102,0,3.227,ECONNREFUSED
17273.3,heavy,3103,1,1.827,
17276.7,heavy,3101,0,3.951,
17280.0,heavy,3102,0,2.313,ECONNREFUSED
17283.3,heavy,3103,1,1.376,
17286.7,heavy,3101,1,3.690,
17290.0,heavy,3102,0,2.330,ECONNREFUSED
17293.3,heavy,3103,0,1.339,
17296.7,heavy,3101,1,7.329,
17300.0,light-2,3103,1,4.060,
17300.0,light-1,3102,0,5.552,ECONNREFUSED
17300.0,light-4,3102,0,5.476,ECONNREFUSED
17300.0,light-5,3103,1,6.283,
17300.0,light-3,3101,1,8.443,
17300.0,heavy,3102,0,5.644,ECONNREFUSED
17303.3,heavy,3103,1,3.392,
17306.7,heavy,3101,0,7.751,
17310.0,heavy,3101,0,6.260,
17313.3,heavy,3102,0,3.011,ECONNREFUSED
17316.7,heavy,3103,0,1.441,
17320.0,heavy,3101,1,3.126,
17323.3,heavy,3102,0,1.833,ECONNREFUSED
17326.7,heavy,3103,1,2.533,
17330.0,heavy,3101,1,5.007,
17333.3,heavy,3102,0,3.555,ECONNREFUSED
17336.7,heavy,3103,0,2.120,
17340.0,heavy,3101,0,4.249,
17343.3,heavy,3102,0,2.177,ECONNREFUSED
17346.7,heavy,3103,1,1.940,
17350.0,heavy,3101,0,3.192,
17353.3,heavy,3102,0,2.630,ECONNREFUSED
17356.7,heavy,3103,0,0.971,
17360.0,heavy,3101,1,3.631,
17363.3,heavy,3102,0,2.555,ECONNREFUSED
17366.7,heavy,3103,1,1.587,
17370.0,heavy,3101,0,3.476,
17373.3,heavy,3102,0,2.156,ECONNREFUSED
17376.7,heavy,3103,1,1.910,
17380.0,heavy,3101,0,3.407,
17383.3,heavy,3102,0,2.854,ECONNREFUSED
17386.7,heavy,3103,0,1.289,
17390.0,heavy,3101,1,6.268,
17393.3,heavy,3102,0,5.044,ECONNREFUSED
17396.7,heavy,3103,1,2.520,
17400.0,light-2,3103,1,3.137,
17400.0,light-4,3102,0,4.902,ECONNREFUSED
17400.0,light-1,3102,0,5.236,ECONNREFUSED
17400.0,light-5,3103,1,5.656,
17400.0,light-3,3101,1,6.085,
17400.0,heavy,3101,0,6.068,
17403.3,heavy,3101,0,4.363,
17406.7,heavy,3102,0,2.914,ECONNREFUSED
17410.0,heavy,3103,1,1.373,
17413.3,heavy,3101,0,3.370,
17416.7,heavy,3102,0,2.608,ECONNREFUSED
17420.0,heavy,3103,1,1.048,
17423.3,heavy,3101,0,2.741,
17426.7,heavy,3102,0,2.096,ECONNREFUSED
17430.0,heavy,3103,1,1.174,
17433.3,heavy,3101,0,5.817,
17436.7,heavy,3102,0,3.947,ECONNREFUSED
17440.0,heavy,3103,1,2.081,
17443.3,heavy,3101,0,5.471,
17446.7,heavy,3102,0,4.511,ECONNREFUSED
17450.0,heavy,3103,1,1.642,
17453.3,heavy,3101,0,3.545,
17456.7,heavy,3102,0,3.066,ECONNREFUSED
17460.0,heavy,3103,1,1.497,
17463.3,heavy,3101,0,2.986,
17466.7,heavy,3102,0,2.273,ECONNREFUSED
17470.0,heavy,3103,1,1.647,
17473.3,heavy,3101,0,3.521,
17476.7,heavy,3102,0,2.838,ECONNREFUSED
17480.0,heavy,3103,1,0.946,
17483.3,heavy,3101,0,4.355,
17486.7,heavy,3102,0,3.261,ECONNREFUSED
17490.0,heavy,3103,1,2.712,
17493.3,heavy,3101,0,3.273,
17496.7,heavy,3102,0,2.266,ECONNREFUSED
17500.0,light-4,3103,1,3.547,
17500.0,light-3,3102,0,3.957,ECONNREFUSED
17500.0,light-5,3101,1,4.189,
17500.0,light-1,3103,1,5.844,
17500.0,light-2,3101,1,6.269,
17500.0,heavy,3103,1,2.726,
17503.3,heavy,3101,1,5.281,
17506.7,heavy,3102,0,4.449,ECONNREFUSED
17510.0,heavy,3102,0,4.376,ECONNREFUSED
17513.3,heavy,3103,0,1.336,
17516.7,heavy,3101,1,3.316,
17520.0,heavy,3102,0,2.518,ECONNREFUSED
17523.3,heavy,3103,0,1.654,
17526.7,heavy,3101,1,4.518,
17530.0,heavy,3102,0,3.341,ECONNREFUSED
17533.3,heavy,3103,1,1.764,
17536.7,heavy,3101,0,4.072,
17540.0,heavy,3102,0,3.256,ECONNREFUSED
17543.3,heavy,3103,0,0.950,
17546.7,heavy,3101,0,3.059,
17550.0,heavy,3102,0,2.465,ECONNREFUSED
17553.3,heavy,3103,1,1.583,
17556.7,heavy,3101,1,5.024,
17560.0,heavy,3102,0,3.336,ECONNREFUSED
17563.3,heavy,3103,1,1.807,
17566.7,heavy,3101,0,4.995,
17570.0,heavy,3102,0,3.689,ECONNREFUSED
17573.3,heavy,3103,0,1.291,
17576.7,heavy,3101,0,3.506,
17580.0,heavy,3102,0,2.845,ECONNREFUSED
17583.3,heavy,3103,1,1.467,
17586.7,heavy,3101,0,3.284,
17590.0,heavy,3102,0,2.592,ECONNREFUSED
17593.3,heavy,3103,1,3.210,
17596.7,heavy,3101,1,7.076,
17600.0,light-4,3103,1,3.793,
17600.0,light-5,3101,1,4.859,
17600.0,light-3,3102,0,5.273,ECONNREFUSED
17600.0,light-1,3103,1,6.948,
17600.0,light-2,3101,1,7.006,
17600.0,heavy,3102,0,5.031,ECONNREFUSED
17603.3,heavy,3102,0,5.428,ECONNREFUSED
17606.7,heavy,3103,0,1.500,
17610.0,heavy,3101,0,3.485,
17613.3,heavy,3102,0,2.577,ECONNREFUSED
17616.7,heavy,3103,1,1.159,
17620.0,heavy,3101,1,4.391,
17623.3,heavy,3102,0,3.324,ECONNREFUSED
17626.7,heavy,3103,1,2.015,
17630.0,heavy,3101,0,4.667,
17633.3,heavy,3102,0,2.869,ECONNREFUSED
17636.7,heavy,3103,0,1.027,
17640.0,heavy,3101,0,3.429,
17643.3,heavy,3102,0,2.730,ECONNREFUSED
17646.7,heavy,3103,1,1.234,
17650.0,heavy,3101,1,3.321,
17653.3,heavy,3102,0,2.393,ECONNREFUSED
17656.7,heavy,3103,1,2.063,
17660.0,heavy,3101,0,15.944,
17663.3,heavy,3102,0,2.646,ECONNREFUSED
17666.7,heavy,3103,1,2.172,
17670.0,heavy,3101,1,4.006,
17673.3,heavy,3102,0,2.938,ECONNREFUSED
17676.7,heavy,3103,0,1.829,
17680.0,heavy,3101,0,3.392,
17683.3,heavy,3102,0,2.037,ECONNREFUSED
17686.7,heavy,3103,1,2.200,
17690.0,heavy,3101,0,3.485,
17693.3,heavy,3102,0,2.725,ECONNREFUSED
17696.7,heavy,3103,0,0.865,
17700.0,light-3,3103,1,5.247,
17700.0,light-1,3101,1,7.264,
17700.0,light-2,3102,0,7.494,ECONNREFUSED
17700.0,light-4,3101,1,8.417,
17700.0,light-5,3102,0,8.647,ECONNREFUSED
17700.0,heavy,3101,0,8.395,
17703.3,heavy,3102,0,7.978,ECONNREFUSED
17706.7,heavy,3103,1,5.278,
17710.0,heavy,3103,1,4.802,
17713.3,heavy,3101,0,3.397,
17716.7,heavy,3102,0,3.292,ECONNREFUSED
17720.0,heavy,3103,1,1.393,
17723.3,heavy,3101,0,3.646,
17726.7,heavy,3102,0,2.152,ECONNREFUSED
17730.0,heavy,3103,1,0.881,
17733.3,heavy,3101,0,3.556,
17736.7,heavy,3102,0,2.722,ECONNREFUSED
17740.0,heavy,3103,1,1.401,
17743.3,heavy,3101,0,2.730,
17746.7,heavy,3102,0,2.302,ECONNREFUSED
17750.0,heavy,3103,1,1.453,
17753.3,heavy,3101,0,3.620,
17756.7,heavy,3102,0,2.890,ECONNREFUSED
17760.0,heavy,3103,1,1.232,
17763.3,heavy,3101,0,3.792,
17766.7,heavy,3102,0,2.497,ECONNREFUSED
17770.0,heavy,3103,1,1.310,
17773.3,heavy,3101,0,2.875,
17776.7,heavy,3102,0,2.270,ECONNREFUSED
17780.0,heavy,3103,1,1.474,
17783.3,heavy,3101,0,3.001,
17786.7,heavy,3102,0,2.441,ECONNREFUSED
17790.0,heavy,3103,1,0.931,
17793.3,heavy,3101,0,7.665,
17796.7,heavy,3102,0,6.920,ECONNREFUSED
17800.0,light-3,3103,1,4.121,
17800.0,light-1,3101,1,5.103,
17800.0,light-2,3102,0,6.795,ECONNREFUSED
17800.0,light-4,3101,1,7.517,
17800.0,light-5,3102,0,7.780,ECONNREFUSED
17800.0,heavy,3103,1,2.971,
17803.3,heavy,3103,0,3.571,
17806.7,heavy,3101,0,5.402,
17810.0,heavy,3102,0,2.749,ECONNREFUSED
17813.3,heavy,3103,1,1.220,
17816.7,heavy,3101,1,4.526,
17820.0,heavy,3102,0,3.459,ECONNREFUSED
17823.3,heavy,3103,1,1.632,
17826.7,heavy,3101,0,4.631,
17830.0,heavy,3102,0,3.786,ECONNREFUSED
17833.3,heavy,3103,0,1.489,
17836.7,heavy,3101,0,2.684,
17840.0,heavy,3102,0,3.248,ECONNREFUSED
17843.3,heavy,3103,1,1.431,
17846.7,heavy,3101,1,3.161,
17850.0,heavy,3102,0,2.699,ECONNREFUSED
17853.3,heavy,3103,1,1.565,
17856.7,heavy,3101,0,3.273,
17860.0,heavy,3102,0,2.915,ECONNREFUSED
17863.3,heavy,3103,0,1.456,
17866.7,heavy,3101,0,3.389,
17870.0,heavy,3102,0,2.869,ECONNREFUSED
17873.3,heavy,3103,1,1.634,
17876.7,heavy,3101,1,3.469,
17880.0,heavy,3102,0,2.371,ECONNREFUSED
17883.3,heavy,3103,1,2.138,
17886.7,heavy,3101,0,3.068,
17890.0,heavy,3102,0,3.375,ECONNREFUSED
17893.3,heavy,3103,0,1.694,
17896.7,heavy,3101,0,3.155,
17900.0,light-4,3103,1,2.736,
17900.0,light-5,3101,1,2.852,
17900.0,light-2,3101,1,4.318,
17900.0,light-1,3103,1,4.470,
17900.0,light-3,3102,0,4.501,ECONNREFUSED
17900.0,heavy,3102,0,4.492,ECONNREFUSED
17903.3,heavy,3102,0,1.943,ECONNREFUSED
17906.7,heavy,3103,1,1.364,
17910.0,heavy,3101,1,3.312,
17913.3,heavy,3102,0,2.244,ECONNREFUSED
17916.7,heavy,3103,1,1.984,
17920.0,heavy,3101,0,3.337,
17923.3,heavy,3102,0,2.993,ECONNREFUSED
17926.7,heavy,3103,0,1.362,
17930.0,heavy,3101,1,4.027,
17933.3,heavy,3102,0,2.561,ECONNREFUSED
17936.7,heavy,3103,1,1.496,
17940.0,heavy,3101,0,4.209,
17943.3,heavy,3102,0,1.825,ECONNREFUSED
17946.7,heavy,3103,1,2.112,
17950.0,heavy,3101,0,3.574,
17953.3,heavy,3102,0,2.909,ECONNREFUSED
17956.7,heavy,3103,0,1.286,
17960.0,heavy,3101,1,4.388,
17963.3,heavy,3102,0,2.973,ECONNREFUSED
17966.7,heavy,3103,1,1.382,
17970.0,heavy,3101,0,4.635,
17973.3,heavy,3102,0,2.958,ECONNREFUSED
17976.7,heavy,3103,0,1.415,
17980.0,heavy,3101,0,3.869,
17983.3,heavy,3102,0,3.343,ECONNREFUSED
17986.7,heavy,3103,1,1.164,
17990.0,heavy,3101,1,2.698,
17993.3,heavy,3102,0,6.401,ECONNREFUSED
17996.7,heavy,3103,1,3.039,
18000.0,light-2,3103,1,3.885,
18000.0,light-1,3102,0,6.118,ECONNREFUSED
18000.0,light-3,3101,1,7.132,
18000.0,light-4,3102,0,7.357,ECONNREFUSED
18000.0,light-5,3103,1,8.042,
18000.0,heavy,3101,0,6.445,
18003.3,heavy,3101,0,6.636,
18006.7,heavy,3102,0,4.955,ECONNREFUSED
18010.0,heavy,3103,1,2.041,
18013.3,heavy,3101,0,4.711,
18016.7,heavy,3102,0,2.596,ECONNREFUSED
18020.0,heavy,3103,1,1.192,
18023.3,heavy,3101,0,2.654,
18026.7,heavy,3102,0,2.407,ECONNREFUSED
18030.0,heavy,3103,1,1.214,
18033.3,heavy,3101,0,2.547,
18036.7,heavy,3102,0,1.736,ECONNREFUSED
18040.0,heavy,3103,1,1.375,
18043.3,heavy,3101,0,3.263,
18046.7,heavy,3102,0,2.828,ECONNREFUSED
18050.0,heavy,3103,1,1.382,
18053.3,heavy,3101,0,5.536,
18056.7,heavy,3102,0,3.589,ECONNREFUSED
18060.0,heavy,3103,1,1.800,
18063.3,heavy,3101,0,5.109,
18066.7,heavy,3102,0,4.333,ECONNREFUSED
18070.0,heavy,3103,1,1.535,
18073.3,heavy,3101,0,3.063,
18076.7,heavy,3102,0,2.141,ECONNREFUSED
18080.0,heavy,3103,1,1.170,
18083.3,heavy,3101,0,2.766,
18086.7,heavy,3102,0,8.101,ECONNREFUSED
18090.0,heavy,3103,1,1.944,
18093.3,heavy,3101,0,5.006,
18096.7,heavy,3102,0,4.692,ECONNREFUSED
18100.0,light-1,3101,1,3.952,
18100.0,light-3,3103,1,4.342,
18100.0,light-4,3101,1,5.584,
18100.0,light-2,3102,0,6.181,ECONNREFUSED
18100.0,light-5,3102,0,6.089,ECONNREFUSED
18100.0,heavy,3103,1,4.354,
18103.3,heavy,3103,0,2.698,
18106.7,heavy,3101,0,3.460,
18110.0,heavy,3102,0,2.530,ECONNREFUSED
18113.3,heavy,3103,1,2.423,
18116.7,heavy,3101,1,4.551,
18120.0,heavy,3102,0,3.501,ECONNREFUSED
18123.3,heavy,3103,1,2.065,
18126.7,heavy,3101,0,5.012,
18130.0,heavy,3102,0,3.560,ECONNREFUSED
18133.3,heavy,3103,0,0.986,
18136.7,heavy,3101,0,4.094,
18140.0,heavy,3102,0,2.868,ECONNREFUSED
18143.3,heavy,3103,1,1.196,
18146.7,heavy,3101,0,2.638,
18150.0,heavy,3102,0,1.929,ECONNREFUSED
18153.3,heavy,3103,1,1.465,
18156.7,heavy,3101,1,2.890,
18160.0,heavy,3102,0,2.701,ECONNREFUSED
18163.3,heavy,3103,1,1.907,
18166.7,heavy,3101,0,3.220,
18170.0,heavy,3102,0,2.997,ECONNREFUSED
18173.3,heavy,3103,0,2.326,
18176.7,heavy,3101,0,2.894,
18180.0,heavy,3102,0,1.591,ECONNREFUSED
18183.3,heavy,3103,1,1.860,
18186.7,heavy,3101,1,3.003,
18190.0,heavy,3102,0,2.543,ECONNREFUSED
18193.3,heavy,3103,1,2.709,
18196.7,heavy,3101,0,5.838,
18200.0,light-3,3103,1,3.425,
18200.0,light-1,3101,1,4.346,
18200.0,light-2,3102,0,5.729,ECONNREFUSED
18200.0,light-4,3101,1,6.040,
18200.0,light-5,3102,0,6.191,ECONNREFUSED
18200.0,heavy,3102,0,5.611,ECONNREFUSED
18203.3,heavy,3103,0,3.479,
18206.7,heavy,3103,0,3.062,
18210.0,heavy,3101,1,2.455,
18213.3,heavy,3102,0,1.516,ECONNREFUSED
18216.7,heavy,3103,1,1.135,
18220.0,heavy,3101,0,2.697,
18223.3,heavy,3102,0,2.287,ECONNREFUSED
18226.7,heavy,3103,0,1.108,
18230.0,heavy,3101,0,3.655,
18233.3,heavy,3102,0,3.087,ECONNREFUSED
18236.7,heavy,3103,1,1.551,
18240.0,heavy,3101,1,2.895,
18243.3,heavy,3102,0,3.511,ECONNREFUSED
18246.7,heavy,3103,1,1.821,
18250.0,heavy,3101,0,3.949,
18253.3,heavy,3102,0,4.218,ECONNREFUSED
18256.7,heavy,3103,0,1.621,
18260.0,heavy,3101,1,4.041,
18263.3,heavy,3102,0,2.683,ECONNREFUSED
18266.7,heavy,3103,1,1.127,
18270.0,heavy,3101,0,3.981,
18273.3,heavy,3102,0,2.020,ECONNREFUSED
18276.7,heavy,3103,1,2.106,
18280.0,heavy,3101,0,3.743,
18283.3,heavy,3102,0,3.156,ECONNREFUSED
18286.7,heavy,3103,0,1.390,
18290.0,heavy,3101,1,7.370,
18293.3,heavy,3102,0,5.509,ECONNREFUSED
18296.7,heavy,3103,1,1.948,
18300.0,light-2,3103,1,3.177,
18300.0,light-1,3102,0,5.540,ECONNREFUSED
18300.0,light-4,3102,0,6.356,ECONNREFUSED
18300.0,light-5,3103,1,6.520,
18300.0,light-3,3101,1,8.128,
18300.0,heavy,3101,0,7.049,
18303.3,heavy,3101,0,6.484,
18306.7,heavy,3102,0,3.792,ECONNREFUSED
18310.0,heavy,3103,1,1.811,
18313.3,heavy,3101,0,4.201,
18316.7,heavy,3102,0,2.208,ECONNREFUSED
18320.0,heavy,3103,1,1.370,
18323.3,heavy,3101,0,3.217,
18326.7,heavy,3102,0,2.751,ECONNREFUSED
18330.0,heavy,3103,1,1.376,
18333.3,heavy,3101,0,2.607,
18336.7,heavy,3102,0,2.329,ECONNREFUSED
18340.0,heavy,3103,1,2.555,
18343.3,heavy,3101,0,3.683,
18346.7,heavy,3102,0,3.384,ECONNREFUSED
18350.0,heavy,3103,1,1.279,
18353.3,heavy,3101,0,4.129,
18356.7,heavy,3102,0,2.954,ECONNREFUSED
18360.0,heavy,3103,1,1.728,
18363.3,heavy,3101,0,3.226,
18366.7,heavy,3102,0,2.941,ECONNREFUSED
18370.0,heavy,3103,1,1.357,
18373.3,heavy,3101,1,3.358,
18376.7,heavy,3102,0,2.542,ECONNREFUSED
18380.0,heavy,3103,0,1.594,
18383.3,heavy,3101,0,4.015,
18386.7,heavy,3102,0,2.953,ECONNREFUSED
18390.0,heavy,3103,1,1.415,
18393.3,heavy,3101,0,4.192,
18396.7,heavy,3102,0,2.503,ECONNREFUSED
18400.0,light-4,3103,1,3.222,
18400.0,light-5,3101,1,3.275,
18400.0,light-3,3102,0,3.794,ECONNREFUSED
18400.0,light-1,3103,1,5.012,
18400.0,light-2,3101,1,5.021,
18400.0,heavy,3103,1,2.933,
18403.3,heavy,3101,1,5.196,
18406.7,heavy,3102,0,3.990,ECONNREFUSED
18410.0,heavy,3102,0,3.542,ECONNREFUSED
18413.3,heavy,3103,0,1.089,
18416.7,heavy,3101,0,3.966,
18420.0,heavy,3102,0,3.946,ECONNREFUSED
18423.3,heavy,3103,1,1.033,
18426.7,heavy,3101,0,2.494,
18430.0,heavy,3102,0,4.463,ECONNREFUSED
18433.3,heavy,3103,1,1.944,
18436.7,heavy,3101,1,3.525,
18440.0,heavy,3102,0,4.104,ECONNREFUSED
18443.3,heavy,3103,0,1.760,
18446.7,heavy,3101,0,4.351,
18450.0,heavy,3102,0,3.253,ECONNREFUSED
18453.3,heavy,3103,1,1.821,
18456.7,heavy,3101,0,4.422,
18460.0,heavy,3102,0,2.416,ECONNREFUSED
18463.3,heavy,3103,1,2.443,
18466.7,heavy,3101,1,3.566,
18470.0,heavy,3102,0,3.002,ECONNREFUSED
18473.3,heavy,3103,0,1.786,
18476.7,heavy,3101,0,4.299,
18480.0,heavy,3102,0,3.226,ECONNREFUSED
18483.3,heavy,3103,1,1.521,
18486.7,heavy,3101,1,4.888,
18490.0,heavy,3102,0,2.141,ECONNREFUSED
18493.3,heavy,3103,1,2.315,
18496.7,heavy,3101,0,4.932,
18500.0,light-4,3103,1,2.802,
18500.0,light-3,3102,0,3.354,ECONNREFUSED
18500.0,light-5,3101,1,4.012,
18500.0,light-1,3103,1,4.761,
18500.0,light-2,3101,1,4.825,
18500.0,heavy,3102,0,3.026,ECONNREFUSED
18503.3,heavy,3102,0,3.749,ECONNREFUSED
18506.7,heavy,3103,0,1.534,
18510.0,heavy,3101,1,3.967,
18513.3,heavy,3102,0,2.875,ECONNREFUSED
18516.7,heavy,3103,1,1.922,
18520.0,heavy,3101,0,3.089,
18523.3,heavy,3102,0,1.711,ECONNREFUSED
18526.7,heavy,3103,1,1.435,
18530.0,heavy,3101,0,2.934,
18533.3,heavy,3102,0,2.385,ECONNREFUSED
18536.7,heavy,3103,0,0.979,
18540.0,heavy,3101,1,4.231,
18543.3,heavy,3102,0,3.204,ECONNREFUSED
18546.7,heavy,3103,1,2.105,
18550.0,heavy,3101,0,3.127,
18553.3,heavy,3102,0,2.080,ECONNREFUSED
18556.7,heavy,3103,1,1.379,
18560.0,heavy,3101,0,3.005,
18563.3,heavy,3102,0,2.264,ECONNREFUSED
18566.7,heavy,3103,0,0.956,
18570.0,heavy,3101,1,4.363,
18573.3,heavy,3102,0,3.187,ECONNREFUSED
18576.7,heavy,3103,1,2.023,
18580.0,heavy,3101,0,3.938,
18583.3,heavy,3102,0,2.376,ECONNREFUSED
18586.7,heavy,3103,1,1.366,
18590.0,heavy,3101,0,3.511,
18593.3,heavy,3102,0,2.756,ECONNREFUSED
18596.7,heavy,3103,0,1.776,
18600.0,light-2,3103,1,3.205,
18600.0,light-1,3102,0,5.002,ECONNREFUSED
18600.0,light-4,3102,0,4.963,ECONNREFUSED
18600.0,light-5,3103,1,5.822,
18600.0,light-3,3101,1,6.896,
18600.0,heavy,3101,1,6.926,
18603.3,heavy,3102,0,5.266,ECONNREFUSED
18606.7,heavy,3103,1,2.645,
18610.0,heavy,3101,0,6.422,
18613.3,heavy,3101,0,5.786,
18616.7,heavy,3102,0,2.501,ECONNREFUSED
18620.0,heavy,3103,1,1.894,
18623.3,heavy,3101,0,3.034,
18626.7,heavy,3102,0,2.483,ECONNREFUSED
18630.0,heavy,3103,1,0.862,
18633.3,heavy,3101,0,2.980,
18636.7,heavy,3102,0,2.276,ECONNREFUSED
18640.0,heavy,3103,1,1.901,
18643.3,heavy,3101,1,3.164,
18646.7,heavy,3102,0,2.711,ECONNREFUSED
18650.0,heavy,3103,0,1.232,
18653.3,heavy,3101,0,3.986,
18656.7,heavy,3102,0,2.822,ECONNREFUSED
18660.0,heavy,3103,1,0.976,
18663.3,heavy,3101,0,4.246,
18666.7,heavy,3102,0,2.686,ECONNREFUSED
18670.0,heavy,3103,1,0.966,
18673.3,heavy,3101,1,3.712,
18676.7,heavy,3102,0,3.103,ECONNREFUSED
18680.0,heavy,3103,0,1.164,
18683.3,heavy,3101,0,4.583,
18686.7,heavy,3102,0,2.784,ECONNREFUSED
18690.0,heavy,3103,1,1.347,
18693.3,heavy,3101,0,6.088,
18696.7,heavy,3102,0,4.008,ECONNREFUSED
18700.0,light-1,3101,1,2.345,
18700.0,light-3,3103,1,2.231,
18700.0,light-4,3101,1,3.341,
18700.0,light-2,3102,0,3.885,ECONNREFUSED
18700.0,light-5,3102,0,4.866,ECONNREFUSED
18700.0,heavy,3103,1,2.348,
18703.3,heavy,3103,0,1.468,
18706.7,heavy,3101,1,2.921,
18710.0,heavy,3102,0,2.184,ECONNREFUSED
18713.3,heavy,3103,1,1.361,
18716.7,heavy,3101,0,3.579,
18720.0,heavy,3102,0,4.485,ECONNREFUSED
18723.3,heavy,3103,0,1.147,
18726.7,heavy,3101,0,2.881,
18730.0,heavy,3102,0,1.891,ECONNREFUSED
18733.3,heavy,3103,1,2.393,
18736.7,heavy,3101,1,3.505,
18740.0,heavy,3102,0,3.773,ECONNREFUSED
18743.3,heavy,3103,0,1.190,
18746.7,heavy,3101,0,4.409,
18750.0,heavy,3102,0,3.224,ECONNREFUSED
18753.3,heavy,3103,1,1.787,
18756.7,heavy,3101,0,4.931,
18760.0,heavy,3102,0,3.117,ECONNREFUSED
18763.3,heavy,3103,1,2.360,
18766.7,heavy,3101,1,3.289,
18770.0,heavy,3102,0,3.697,ECONNREFUSED
18773.3,heavy,3103,0,1.734,
18776.7,heavy,3101,0,4.953,
18780.0,heavy,3102,0,3.671,ECONNREFUSED
18783.3,heavy,3103,1,1.715,
18786.7,heavy,3101,1,5.054,
18790.0,heavy,3102,0,3.075,ECONNREFUSED
18793.3,heavy,3103,0,1.086,
18796.7,heavy,3101,1,6.407,
18800.0,light-4,3103,1,3.383,
18800.0,light-5,3101,1,4.575,
18800.0,light-3,3102,0,5.039,ECONNREFUSED
18800.0,light-1,3103,1,6.102,
18800.0,light-2,3101,1,6.764,
18800.0,heavy,3102,0,4.103,ECONNREFUSED
18803.3,heavy,3102,0,5.560,ECONNREFUSED
18806.7,heavy,3103,0,1.599,
18810.0,heavy,3101,1,2.635,
18813.3,heavy,3102,0,2.869,ECONNREFUSED
18816.7,heavy,3103,0,1.276,
18820.0,heavy,3101,1,3.762,
18823.3,heavy,3102,0,2.373,ECONNREFUSED
18826.7,heavy,3103,1,1.140,
18830.0,heavy,3101,0,2.463,
18833.3,heavy,3102,0,2.066,ECONNREFUSED
18836.7,heavy,3103,1,2.139,
18840.0,heavy,3101,0,3.384,
18843.3,heavy,3102,0,2.907,ECONNREFUSED
18846.7,heavy,3103,0,1.786,
18850.0,heavy,3101,1,3.327,
18853.3,heavy,3102,0,2.626,ECONNREFUSED
18856.7,heavy,3103,1,1.412,
18860.0,heavy,3101,0,3.337,
18863.3,heavy,3102,0,2.469,ECONNREFUSED
18866.7,heavy,3103,0,0.988,
18870.0,heavy,3101,0,3.686,
18873.3,heavy,3102,0,3.140,ECONNREFUSED
18876.7,heavy,3103,1,1.614,
18880.0,heavy,3101,1,2.666,
18883.3,heavy,3102,0,1.909,ECONNREFUSED
18886.7,heavy,3103,1,2.065,
18890.0,heavy,3101,0,3.082,
18893.3,heavy,3102,0,2.656,ECONNREFUSED
18896.7,heavy,3103,0,0.974,
18900.0,light-3,3103,1,3.299,
18900.0,light-1,3101,1,4.684,
18900.0,light-2,3102,0,6.345,ECONNREFUSED
18900.0,light-4,3101,1,7.343,
18900.0,light-5,3102,0,7.601,ECONNREFUSED
18900.0,heavy,3101,1,6.619,
18903.3,heavy,3102,0,5.396,ECONNREFUSED
18906.7,heavy,3103,1,2.273,
18910.0,heavy,3103,0,3.118,
18913.3,heavy,3101,0,4.255,
18916.7,heavy,3102,0,3.563,ECONNREFUSED
18920.0,heavy,3103,1,1.412,
18923.3,heavy,3101,0,3.595,
18926.7,heavy,3102,0,2.995,ECONNREFUSED
18930.0,heavy,3103,1,1.134,
18933.3,heavy,3101,0,2.980,
18936.7,heavy,3102,0,2.339,ECONNREFUSED
18940.0,heavy,3103,1,1.458,
18943.3,heavy,3101,0,4.988,
18946.7,heavy,3102,0,3.625,ECONNREFUSED
18950.0,heavy,3103,1,1.531,
18953.3,heavy,3101,0,5.105,
18956.7,heavy,3102,0,3.762,ECONNREFUSED
18960.0,heavy,3103,1,1.368,
18963.3,heavy,3101,0,4.034,
18966.7,heavy,3102,0,2.604,ECONNREFUSED
18970.0,heavy,3103,1,1.713,
18973.3,heavy,3101,0,3.121,
18976.7,heavy,3102,0,3.987,ECONNREFUSED
18980.0,heavy,3103,1,1.469,
18983.3,heavy,3101,0,3.772,
18986.7,heavy,3102,0,4.268,ECONNREFUSED
18990.0,heavy,3103,1,1.555,
18993.3,heavy,3101,0,6.905,
18996.7,heavy,3102,0,6.381,ECONNREFUSED
19000.0,light-3,3103,1,3.419,
19000.0,light-1,3101,1,4.415,
19000.0,light-2,3102,0,6.560,ECONNREFUSED
19000.0,light-4,3101,1,7.357,
19000.0,light-5,3102,0,7.713,ECONNREFUSED
19000.0,heavy,3103,1,2.272,
19003.3,heavy,3103,0,3.507,
19006.7,heavy,3101,1,3.886,
19010.0,heavy,3102,0,3.011,ECONNREFUSED
19013.3,heavy,3103,0,1.553,
19016.7,heavy,3101,1,3.638,
19020.0,heavy,3102,0,2.666,ECONNREFUSED
19023.3,heavy,3103,0,1.281,
19026.7,heavy,3101,0,3.140,
19030.0,heavy,3102,0,2.460,ECONNREFUSED
19033.3,heavy,3103,1,1.082,
19036.7,heavy,3101,0,3.047,
19040.0,heavy,3102,0,1.864,ECONNREFUSED
19043.3,heavy,3103,1,1.363,
19046.7,heavy,3101,1,2.912,
19050.0,heavy,3102,0,1.999,ECONNREFUSED
19053.3,heavy,3103,1,1.724,
19056.7,heavy,3101,0,3.030,
19060.0,heavy,3102,0,2.363,ECONNREFUSED
19063.3,heavy,3103,0,1.956,
19066.7,heavy,3101,0,2.649,
19070.0,heavy,3102,0,2.206,ECONNREFUSED
19073.3,heavy,3103,1,1.399,
19076.7,heavy,3101,1,3.527,
19080.0,heavy,3102,0,2.686,ECONNREFUSED
19083.3,heavy,3103,0,0.878,
19086.7,heavy,3101,0,2.786,
19090.0,heavy,3102,0,2.753,ECONNREFUSED
19093.3,heavy,3103,1,1.575,
19096.7,heavy,3101,0,3.676,
19100.0,light-5,3101,1,2.646,
19100.0,light-4,3103,1,2.867,
19100.0,light-3,3102,0,4.062,ECONNREFUSED
19100.0,light-2,3101,1,4.418,
19100.0,light-1,3103,1,4.617,
19100.0,heavy,3102,0,3.633,ECONNREFUSED
19103.3,heavy,3102,0,2.506,ECONNREFUSED
19106.7,heavy,3103,1,1.002,
19110.0,heavy,3101,1,3.466,
19113.3,heavy,3102,0,2.454,ECONNREFUSED
19116.7,heavy,3103,1,1.413,
19120.0,heavy,3101,0,3.868,
19123.3,heavy,3102,0,2.804,ECONNREFUSED
19126.7,heavy,3103,0,1.450,
19130.0,heavy,3101,1,2.905,
19133.3,heavy,3102,0,2.102,ECONNREFUSED
19136.7,heavy,3103,1,1.235,
19140.0,heavy,3101,0,2.840,
19143.3,heavy,3102,0,2.091,ECONNREFUSED
19146.7,heavy,3103,1,2.414,
19150.0,heavy,3101,1,4.813,
19153.3,heavy,3102,0,4.229,ECONNREFUSED
19156.7,heavy,3103,0,2.909,
19160.0,heavy,3101,0,3.551,
19163.3,heavy,3102,0,2.875,ECONNREFUSED
19166.7,heavy,3103,1,1.474,
19170.0,heavy,3101,0,3.260,
19173.3,heavy,3102,0,3.049,ECONNREFUSED
19176.7,heavy,3103,0,0.948,
19180.0,heavy,3101,1,4.488,
19183.3,heavy,3102,0,2.832,ECONNREFUSED
19186.7,heavy,3103,1,1.454,
19190.0,heavy,3101,0,4.333,
19193.3,heavy,3102,0,2.148,ECONNREFUSED
19196.7,heavy,3103,0,0.756,
19200.0,light-4,3103,1,3.537,
19200.0,light-3,3102,0,5.249,ECONNREFUSED
19200.0,light-5,3101,1,5.336,
19200.0,light-1,3103,1,6.447,
19200.0,light-2,3101,1,6.618,
19200.0,heavy,3101,1,6.988,
19203.3,heavy,3102,0,5.189,ECONNREFUSED
19206.7,heavy,3102,0,5.055,ECONNREFUSED
19210.0,heavy,3103,1,2.857,
19213.3,heavy,3101,0,4.309,
19216.7,heavy,3102,0,2.535,ECONNREFUSED
19220.0,heavy,3103,1,1.650,
19223.3,heavy,3101,0,3.489,
19226.7,heavy,3102,0,2.362,ECONNREFUSED
19230.0,heavy,3103,1,1.400,
19233.3,heavy,3101,0,3.282,
19236.7,heavy,3102,0,2.757,ECONNREFUSED
19240.0,heavy,3103,1,1.207,
19243.3,heavy,3101,0,4.011,
19246.7,heavy,3102,0,2.812,ECONNREFUSED
19250.0,heavy,3103,1,1.741,
19253.3,heavy,3101,0,3.162,
19256.7,heavy,3102,0,2.334,ECONNREFUSED
19260.0,heavy,3103,1,1.552,
19263.3,heavy,3101,1,3.944,
19266.7,heavy,3102,0,3.051,ECONNREFUSED
19270.0,heavy,3103,0,1.199,
19273.3,heavy,3101,0,4.614,
19276.7,heavy,3102,0,3.122,ECONNREFUSED
19280.0,heavy,3103,1,1.679,
19283.3,heavy,3101,0,5.524,
19286.7,heavy,3102,0,2.995,ECONNREFUSED
19290.0,heavy,3103,1,1.247,
19293.3,heavy,3101,0,8.247,
19296.7,heavy,3102,0,7.604,ECONNREFUSED
19300.0,light-3,3103,1,3.869,
19300.0,light-1,3101,1,4.274,
19300.0,light-2,3102,0,7.492,ECONNREFUSED
19300.0,light-5,3102,0,7.432,ECONNREFUSED
19300.0,light-4,3101,1,8.548,
19300.0,heavy,3103,1,2.923,
19303.3,heavy,3103,0,3.308,
19306.7,heavy,3101,0,3.083,
19310.0,heavy,3102,0,1.695,ECONNREFUSED
19313.3,heavy,3103,1,1.555,
19316.7,heavy,3101,1,6.341,
19320.0,heavy,3102,0,5.027,ECONNREFUSED
19323.3,heavy,3103,1,2.177,
19326.7,heavy,3101,0,6.697,
19330.0,heavy,3102,0,4.349,ECONNREFUSED
19333.3,heavy,3103,0,1.921,
19336.7,heavy,3101,0,3.484,
19340.0,heavy,3102,0,2.446,ECONNREFUSED
19343.3,heavy,3103,1,1.149,
19346.7,heavy,3101,1,4.566,
19350.0,heavy,3102,0,3.897,ECONNREFUSED
19353.3,heavy,3103,1,1.417,
19356.7,heavy,3101,0,4.791,
19360.0,heavy,3102,0,4.570,ECONNREFUSED
19363.3,heavy,3103,0,1.928,
19366.7,heavy,3101,0,2.974,
19370.0,heavy,3102,0,2.055,ECONNREFUSED
19373.3,heavy,3103,1,1.879,
19376.7,heavy,3101,0,3.631,
19380.0,heavy,3102,0,3.885,ECONNREFUSED
19383.3,heavy,3103,1,1.706,
19386.7,heavy,3101,0,4.536,
19390.0,heavy,3102,0,3.679,ECONNREFUSED
19393.3,heavy,3103,1,1.995,
19396.7,heavy,3101,0,4.084,
19400.0,light-5,3101,1,3.218,
19400.0,light-4,3103,1,3.386,
19400.0,light-2,3101,1,4.258,
19400.0,light-3,3102,0,4.997,ECONNREFUSED
19400.0,light-1,3103,1,5.313,
19400.0,heavy,3102,0,4.196,ECONNREFUSED
19403.3,heavy,3102,0,4.821,ECONNREFUSED
19406.7,heavy,3103,1,1.343,
19410.0,heavy,3101,1,4.839,
19413.3,heavy,3102,0,4.224,ECONNREFUSED
19416.7,heavy,3103,1,1.964,
19420.0,heavy,3101,0,4.911,
19423.3,heavy,3102,0,3.597,ECONNREFUSED
19426.7,heavy,3103,0,1.906,
19430.0,heavy,3101,1,3.820,
19433.3,heavy,3102,0,2.725,ECONNREFUSED
19436.7,heavy,3103,1,1.508,
19440.0,heavy,3101,0,4.421,
19443.3,heavy,3102,0,2.497,ECONNREFUSED
19446.7,heavy,3103,1,1.744,
19450.0,heavy,3101,0,3.624,
19453.3,heavy,3102,0,3.288,ECONNREFUSED
19456.7,heavy,3103,0,1.551,
19460.0,heavy,3101,1,2.694,
19463.3,heavy,3102,0,2.667,ECONNREFUSED
19466.7,heavy,3103,1,1.272,
19470.0,heavy,3101,0,2.561,
19473.3,heavy,3102,0,1.710,ECONNREFUSED
19476.7,heavy,3103,1,2.145,
19480.0,heavy,3101,0,3.468,
19483.3,heavy,3102,0,3.215,ECONNREFUSED
19486.7,heavy,3103,0,2.472,
19490.0,heavy,3101,1,2.217,
19493.3,heavy,3102,0,6.558,ECONNREFUSED
19496.7,heavy,3103,1,3.189,
19500.0,light-2,3103,1,3.945,
19500.0,light-1,3102,0,6.261,ECONNREFUSED
19500.0,light-5,3103,1,7.092,
19500.0,light-4,3102,0,8.171,ECONNREFUSED
19500.0,light-3,3101,1,8.689,
19500.0,heavy,3101,0,7.209,
19503.3,heavy,3101,0,7.103,
19506.7,heavy,3102,0,5.017,ECONNREFUSED
19510.0,heavy,3103,1,2.312,
19513.3,heavy,3101,1,3.430,
19516.7,heavy,3102,0,2.869,ECONNREFUSED
19520.0,heavy,3103,0,1.009,
19523.3,heavy,3101,0,4.329,
19526.7,heavy,3102,0,3.023,ECONNREFUSED
19530.0,heavy,3103,1,1.323,
19533.3,heavy,3101,0,4.958,
19536.7,heavy,3102,0,2.474,ECONNREFUSED
19540.0,heavy,3103,1,1.947,
19543.3,heavy,3101,0,3.764,
19546.7,heavy,3102,0,2.801,ECONNREFUSED
19550.0,heavy,3103,1,1.536,
19553.3,heavy,3101,0,2.772,
19556.7,heavy,3102,0,4.102,ECONNREFUSED
19560.0,heavy,3103,1,2.189,
19563.3,heavy,3101,0,3.367,
19566.7,heavy,3102,0,3.996,ECONNREFUSED
19570.0,heavy,3103,1,1.026,
19573.3,heavy,3101,0,3.553,
19576.7,heavy,3102,0,3.145,ECONNREFUSED
19580.0,heavy,3103,1,1.456,
19583.3,heavy,3101,0,2.892,
19586.7,heavy,3102,0,2.262,ECONNREFUSED
19590.0,heavy,3103,1,2.147,
19593.3,heavy,3101,0,4.082,
19596.7,heavy,3102,0,3.789,ECONNREFUSED
19600.0,light-1,3101,1,2.971,
19600.0,light-3,3103,1,2.945,
19600.0,light-4,3101,1,4.521,
19600.0,light-2,3102,0,5.321,ECONNREFUSED
19600.0,light-5,3102,0,5.260,ECONNREFUSED
19600.0,heavy,3103,1,3.270,
19603.3,heavy,3103,0,1.956,
19606.7,heavy,3101,0,3.667,
19610.0,heavy,3102,0,2.212,ECONNREFUSED
19613.3,heavy,3103,1,1.206,
19616.7,heavy,3101,0,3.421,
19620.0,heavy,3102,0,1.846,ECONNREFUSED
19623.3,heavy,3103,1,1.302,
19626.7,heavy,3101,1,3.335,
19630.0,heavy,3102,0,2.530,ECONNREFUSED
19633.3,heavy,3103,1,1.780,
19636.7,heavy,3101,0,3.154,
19640.0,heavy,3102,0,2.862,ECONNREFUSED
19643.3,heavy,3103,0,1.365,
19646.7,heavy,3101,0,3.205,
19650.0,heavy,3102,0,2.087,ECONNREFUSED
19653.3,heavy,3103,1,1.388,
19656.7,heavy,3101,1,3.596,
19660.0,heavy,3102,0,3.060,ECONNREFUSED
19663.3,heavy,3103,0,1.117,
19666.7,heavy,3101,0,4.104,
19670.0,heavy,3102,0,2.934,ECONNREFUSED
19673.3,heavy,3103,1,1.781,
19676.7,heavy,3101,0,3.539,
19680.0,heavy,3102,0,2.125,ECONNREFUSED
19683.3,heavy,3103,1,1.411,
19686.7,heavy,3101,1,2.865,
19690.0,heavy,3102,0,2.402,ECONNREFUSED
19693.3,heavy,3103,1,2.594,
19696.7,heavy,3101,0,7.058,
19700.0,heavy,3102,0,5.978,ECONNREFUSED
19700.0,light-2,3103,1,3.430,
19700.0,light-1,3102,0,5.487,ECONNREFUSED
19700.0,light-5,3103,1,6.547,
19700.0,light-4,3102,0,6.970,ECONNREFUSED
19700.0,light-3,3101,1,7.372,
19703.3,heavy,3103,0,2.850,
19706.7,heavy,3101,0,7.436,
19710.0,heavy,3101,1,5.035,
19713.3,heavy,3102,0,3.309,ECONNREFUSED
19716.7,heavy,3103,1,1.481,
19720.0,heavy,3101,0,3.102,
19723.3,heavy,3102,0,2.684,ECONNREFUSED
19726.7,heavy,3103,0,1.092,
19730.0,heavy,3101,1,3.712,
19733.3,heavy,3102,0,2.422,ECONNREFUSED
19736.7,heavy,3103,1,1.523,
19740.0,heavy,3101,0,2.725,
19743.3,heavy,3102,0,1.959,ECONNREFUSED
19746.7,heavy,3103,1,1.524,
19750.0,heavy,3101,0,3.624,
19753.3,heavy,3102,0,3.118,ECONNREFUSED
19756.7,heavy,3103,0,1.280,
19760.0,heavy,3101,1,4.057,
19763.3,heavy,3102,0,3.020,ECONNREFUSED
19766.7,heavy,3103,1,1.904,
19770.0,heavy,3101,0,2.847,
19773.3,heavy,3102,0,2.343,ECONNREFUSED
19776.7,heavy,3103,1,2.191,
19780.0,heavy,3101,0,3.348,
19783.3,heavy,3102,0,2.960,ECONNREFUSED
19786.7,heavy,3103,0,1.308,
19790.0,heavy,3101,1,7.002,
19793.3,heavy,3102,0,5.332,ECONNREFUSED
19796.7,heavy,3103,1,3.196,
19800.0,heavy,3101,0,7.441,
19800.0,light-2,3103,1,3.140,
19800.0,light-1,3102,0,5.285,ECONNREFUSED
19800.0,light-4,3102,0,5.256,ECONNREFUSED
19800.0,light-5,3103,1,6.164,
19800.0,light-3,3101,1,8.284,
19803.3,heavy,3101,0,6.650,
19806.7,heavy,3102,0,2.881,ECONNREFUSED
19810.0,heavy,3103,1,0.819,
19813.3,heavy,3101,0,3.633,
19816.7,heavy,3102,0,2.983,ECONNREFUSED
19820.0,heavy,3103,1,1.549,
19823.3,heavy,3101,0,3.444,
19826.7,heavy,3102,0,2.727,ECONNREFUSED
19830.0,heavy,3103,1,1.666,
19833.3,heavy,3101,0,2.993,
19836.7,heavy,3102,0,2.318,ECONNREFUSED
19840.0,heavy,3103,1,1.625,
19843.3,heavy,3101,0,3.939,
19846.7,heavy,3102,0,1.955,ECONNREFUSED
19850.0,heavy,3103,1,1.145,
19853.3,heavy,3101,0,3.356,
19856.7,heavy,3102,0,2.886,ECONNREFUSED
19860.0,heavy,3103,1,1.433,
19863.3,heavy,3101,0,2.895,
19866.7,heavy,3102,0,2.603,ECONNREFUSED
19870.0,heavy,3103,1,1.061,
19873.3,heavy,3101,1,3.957,
19876.7,heavy,3102,0,3.029,ECONNREFUSED
19880.0,heavy,3103,0,1.858,
19883.3,heavy,3101,0,4.528,
19886.7,heavy,3102,0,3.278,ECONNREFUSED
19890.0,heavy,3103,1,2.073,
19893.3,heavy,3101,0,4.524,
19896.7,heavy,3102,0,4.006,ECONNREFUSED
19900.0,heavy,3103,1,2.750,
19900.0,light-1,3101,1,2.747,
19900.0,light-3,3103,1,2.748,
19900.0,light-2,3102,0,4.731,ECONNREFUSED
19900.0,light-4,3101,1,4.702,
19900.0,light-5,3102,0,4.890,ECONNREFUSED
19903.3,heavy,3103,0,1.615,
19906.7,heavy,3101,1,3.244,
19910.0,heavy,3102,0,3.206,ECONNREFUSED
19913.3,heavy,3103,0,1.373,
19916.7,heavy,3101,0,3.531,
19920.0,heavy,3102,0,2.954,ECONNREFUSED
19923.3,heavy,3103,1,1.404,
19926.7,heavy,3101,0,3.181,
19930.0,heavy,3102,0,2.240,ECONNREFUSED
19933.3,heavy,3103,1,1.443,
19936.7,heavy,3101,1,3.028,
19940.0,heavy,3102,0,2.051,ECONNREFUSED
19943.3,heavy,3103,0,1.029,
19946.7,heavy,3101,0,3.464,
19950.0,heavy,3102,0,2.799,ECONNREFUSED
19953.3,heavy,3103,1,1.505,
19956.7,heavy,3101,0,4.220,
19960.0,heavy,3102,0,1.788,ECONNREFUSED
19963.3,heavy,3103,1,1.926,
19966.7,heavy,3101,1,3.211,
19970.0,heavy,3102,0,2.667,ECONNREFUSED
19973.3,heavy,3103,1,1.542,
19976.7,heavy,3101,0,4.816,
19980.0,heavy,3102,0,4.337,ECONNREFUSED
19983.3,heavy,3103,0,2.144,
19986.7,heavy,3101,0,4.176,
19990.0,heavy,3102,0,1.768,ECONNREFUSED
19993.3,heavy,3103,1,2.741,
19996.7,heavy,3101,1,6.140,
20000.0,heavy,3102,0,4.467,ECONNREFUSED
20000.0,light-4,3103,1,3.578,
20000.0,light-3,3102,0,4.288,ECONNREFUSED
20000.0,light-5,3101,1,4.324,
20000.0,light-1,3103,1,5.957,
20000.0,light-2,3101,1,6.285,
20003.3,heavy,3102,0,4.279,ECONNREFUSED
20006.7,heavy,3103,0,1.219,
20010.0,heavy,3101,0,3.371,
20013.3,heavy,3102,0,2.556,ECONNREFUSED
20016.7,heavy,3103,1,1.315,
20020.0,heavy,3101,1,2.429,
20023.3,heavy,3102,0,2.877,ECONNREFUSED
20026.7,heavy,3103,1,1.357,
20030.0,heavy,3101,0,2.758,
20033.3,heavy,3102,0,2.018,ECONNREFUSED
20036.7,heavy,3103,1,1.809,
20040.0,heavy,3101,0,4.480,
20043.3,heavy,3102,0,3.906,ECONNREFUSED
20046.7,heavy,3103,0,2.290,
20050.0,heavy,3101,1,3.859,
20053.3,heavy,3102,0,2.238,ECONNREFUSED
20056.7,heavy,3103,1,1.643,
20060.0,heavy,3101,0,2.510,
20063.3,heavy,3102,0,2.175,ECONNREFUSED
20066.7,heavy,3103,0,1.738,
20070.0,heavy,3101,1,4.128,
20073.3,heavy,3102,0,2.855,ECONNREFUSED
20076.7,heavy,3103,1,1.271,
20080.0,heavy,3101,0,4.373,
20083.3,heavy,3102,0,2.718,ECONNREFUSED
20086.7,heavy,3103,0,1.028,
20090.0,heavy,3101,0,4.034,
20093.3,heavy,3102,0,3.576,ECONNREFUSED
20096.7,heavy,3103,1,1.347,
20100.0,heavy,3101,1,5.180,
20100.0,light-2,3103,1,2.687,
20100.0,light-4,3102,0,4.273,ECONNREFUSED
20100.0,light-5,3103,1,4.510,
20100.0,light-1,3102,0,5.269,ECONNREFUSED
20100.0,light-3,3101,1,5.675,
20103.3,heavy,3101,0,3.714,
20106.7,heavy,3102,0,2.297,ECONNREFUSED
20110.0,heavy,3103,1,1.234,
20113.3,heavy,3101,0,2.820,
20116.7,heavy,3102,0,3.780,ECONNREFUSED
20120.0,heavy,3103,1,1.686,
20123.3,heavy,3101,1,4.183,
20126.7,heavy,3102,0,4.534,ECONNREFUSED
20130.0,heavy,3103,0,2.114,
20133.3,heavy,3101,0,3.125,
20136.7,heavy,3102,0,2.097,ECONNREFUSED
20140.0,heavy,3103,1,1.271,
20143.3,heavy,3101,0,2.737,
20146.7,heavy,3102,0,2.374,ECONNREFUSED
20150.0,heavy,3103,1,1.014,
20153.3,heavy,3101,1,3.996,
20156.7,heavy,3102,0,3.077,ECONNREFUSED
20160.0,heavy,3103,0,1.016,
20163.3,heavy,3101,0,2.946,
20166.7,heavy,3102,0,3.402,ECONNREFUSED
20170.0,heavy,3103,1,1.172,
20173.3,heavy,3101,0,3.436,
20176.7,heavy,3102,0,3.660,ECONNREFUSED
20180.0,heavy,3103,1,1.277,
20183.3,heavy,3101,0,3.504,
20186.7,heavy,3102,0,2.509,ECONNREFUSED
20190.0,heavy,3103,1,1.038,
20193.3,heavy,3101,0,6.662,
20196.7,heavy,3102,0,6.716,ECONNREFUSED
20200.0,heavy,3103,1,2.921,
20200.0,light-3,3103,1,3.502,
20200.0,light-1,3101,1,4.352,
20200.0,light-2,3102,0,5.862,ECONNREFUSED
20200.0,light-4,3101,1,6.423,
20200.0,light-5,3102,0,6.979,ECONNREFUSED
20203.3,heavy,3103,0,3.618,
20206.7,heavy,3101,0,3.181,
20210.0,heavy,3102,0,2.525,ECONNREFUSED
20213.3,heavy,3103,1,1.294,
20216.7,heavy,3101,0,2.871,
20220.0,heavy,3102,0,1.995,ECONNREFUSED
20223.3,heavy,3103,1,1.311,
20226.7,heavy,3101,0,3.605,
20230.0,heavy,3102,0,3.313,ECONNREFUSED
20233.3,heavy,3103,1,1.168,
20236.7,heavy,3101,0,2.350,
20240.0,heavy,3102,0,3.023,ECONNREFUSED
20243.3,heavy,3103,1,1.288,
20246.7,heavy,3101,0,2.955,
20250.0,heavy,3102,0,2.424,ECONNREFUSED
20253.3,heavy,3103,1,1.442,
20256.7,heavy,3101,1,3.657,
20260.0,heavy,3102,0,3.198,ECONNREFUSED
20263.3,heavy,3103,0,1.158,
20266.7,heavy,3101,0,4.282,
20270.0,heavy,3102,0,2.929,ECONNREFUSED
20273.3,heavy,3103,1,1.442,
20276.7,heavy,3101,1,4.442,
20280.0,heavy,3102,0,2.788,ECONNREFUSED
20283.3,heavy,3103,1,1.338,
20286.7,heavy,3101,0,3.422,
20290.0,heavy,3102,0,2.906,ECONNREFUSED
20293.3,heavy,3103,0,0.960,
20296.7,heavy,3101,1,8.016,
20300.0,heavy,3102,0,5.744,ECONNREFUSED
20300.0,light-2,3103,1,3.629,
20300.0,light-1,3102,0,5.611,ECONNREFUSED
20300.0,light-4,3102,0,5.959,ECONNREFUSED
20300.0,light-5,3103,1,7.192,
20300.0,light-3,3101,1,8.955,
20303.3,heavy,3103,1,3.029,
20306.7,heavy,3101,0,8.997,
20310.0,heavy,3101,0,8.012,
20313.3,heavy,3102,0,5.199,ECONNREFUSED
20316.7,heavy,3103,0,1.736,
20320.0,heavy,3101,1,3.145,
20323.3,heavy,3102,0,2.277,ECONNREFUSED
20326.7,heavy,3103,0,1.134,
20330.0,heavy,3101,1,3.911,
20333.3,heavy,3102,0,2.556,ECONNREFUSED
20336.7,heavy,3103,1,1.441,
20340.0,heavy,3101,0,4.188,
20343.3,heavy,3102,0,2.473,ECONNREFUSED
20346.7,heavy,3103,1,1.379,
20350.0,heavy,3101,0,3.931,
20353.3,heavy,3102,0,2.833,ECONNREFUSED
20356.7,heavy,3103,0,0.946,
20360.0,heavy,3101,1,4.339,
20363.3,heavy,3102,0,2.157,ECONNREFUSED
20366.7,heavy,3103,1,1.112,
20370.0,heavy,3101,0,2.565,
20373.3,heavy,3102,0,2.236,ECONNREFUSED
20376.7,heavy,3103,1,1.948,
20380.0,heavy,3101,0,3.134,
20383.3,heavy,3102,0,2.644,ECONNREFUSED
20386.7,heavy,3103,0,2.128,
20390.0,heavy,3101,1,3.204,
20393.3,heavy,3102,0,2.753,ECONNREFUSED
20396.7,heavy,3103,1,4.081,
20400.0,heavy,3101,0,6.191,
20400.0,light-2,3103,1,3.663,
20400.0,light-1,3102,0,5.697,ECONNREFUSED
20400.0,light-4,3102,0,5.563,ECONNREFUSED
20400.0,light-5,3103,1,5.804,
20400.0,light-3,3101,1,7.691,
20403.3,heavy,3101,0,6.071,
20406.7,heavy,3102,0,4.482,ECONNREFUSED
20410.0,heavy,3103,1,1.946,
20413.3,heavy,3101,1,3.656,
20416.7,heavy,3102,0,2.700,ECONNREFUSED
20420.0,heavy,3103,0,1.047,
20423.3,heavy,3101,0,4.325,
20426.7,heavy,3102,0,2.620,ECONNREFUSED
20430.0,heavy,3103,1,1.498,
20433.3,heavy,3101,0,5.160,
20436.7,heavy,3102,0,3.006,ECONNREFUSED
20440.0,heavy,3103,1,1.172,
20443.3,heavy,3101,0,3.005,
20446.7,heavy,3102,0,3.034,ECONNREFUSED
20450.0,heavy,3103,1,0.965,
20453.3,heavy,3101,0,3.761,
20456.7,heavy,3102,0,1.937,ECONNREFUSED
20460.0,heavy,3103,1,1.087,
20463.3,heavy,3101,0,4.096,
20466.7,heavy,3102,0,2.670,ECONNREFUSED
20470.0,heavy,3103,1,1.255,
20473.3,heavy,3101,0,3.313,
20476.7,heavy,3102,0,2.807,ECONNREFUSED
20480.0,heavy,3103,1,0.957,
20483.3,heavy,3101,0,3.504,
20486.7,heavy,3102,0,2.910,ECONNREFUSED
20490.0,heavy,3103,1,1.557,
20493.3,heavy,3101,0,5.577,
20496.7,heavy,3102,0,4.383,ECONNREFUSED
20500.0,heavy,3103,1,2.876,
20500.0,light-1,3101,1,2.817,
20500.0,light-3,3103,1,2.669,
20500.0,light-4,3101,1,4.061,
20500.0,light-2,3102,0,4.697,ECONNREFUSED
20500.0,light-5,3102,0,4.602,ECONNREFUSED
20503.3,heavy,3103,0,1.546,
20506.7,heavy,3101,1,3.266,
20510.0,heavy,3102,0,2.223,ECONNREFUSED
20513.3,heavy,3103,1,1.665,
20516.7,heavy,3101,0,4.077,
20520.0,heavy,3102,0,4.317,ECONNREFUSED
20523.3,heavy,3103,0,1.806,
20526.7,heavy,3101,0,4.098,
20530.0,heavy,3102,0,3.518,ECONNREFUSED
20533.3,heavy,3103,1,1.228,
20536.7,heavy,3101,1,4.025,
20540.0,heavy,3102,0,3.182,ECONNREFUSED
20543.3,heavy,3103,0,1.493,
20546.7,heavy,3101,0,6.165,
20550.0,heavy,3102,0,3.137,ECONNREFUSED
20553.3,heavy,3103,1,0.990,
20556.7,heavy,3101,1,5.393,
20560.0,heavy,3102,0,2.779,ECONNREFUSED
20563.3,heavy,3103,1,2.063,
20566.7,heavy,3101,0,4.989,
20570.0,heavy,3102,0,3.854,ECONNREFUSED
20573.3,heavy,3103,1,2.440,
20576.7,heavy,3101,0,5.069,
20580.0,heavy,3102,0,3.954,ECONNREFUSED
20583.3,heavy,3103,0,1.443,
20586.7,heavy,3101,0,3.715,
20590.0,heavy,3102,0,3.234,ECONNREFUSED
20593.3,heavy,3103,1,1.703,
20596.7,heavy,3101,0,2.819,
20600.0,heavy,3102,0,2.803,ECONNREFUSED
20600.0,light-4,3103,1,2.603,
20600.0,light-5,3101,1,2.753,
20600.0,light-3,3102,0,3.209,ECONNREFUSED
20600.0,light-1,3103,1,4.156,
20600.0,light-2,3101,1,4.204,
20603.3,heavy,3102,0,2.155,ECONNREFUSED
20606.7,heavy,3103,1,1.226,
20610.0,heavy,3101,1,2.905,
20613.3,heavy,3102,0,2.225,ECONNREFUSED
20616.7,heavy,3103,1,2.310,
20620.0,heavy,3101,0,3.456,
20623.3,heavy,3102,0,3.656,ECONNREFUSED
20626.7,heavy,3103,0,1.937,
20630.0,heavy,3101,1,4.930,
20633.3,heavy,3102,0,4.063,ECONNREFUSED
20636.7,heavy,3103,1,1.737,
20640.0,heavy,3101,0,5.406,
20643.3,heavy,3102,0,4.766,ECONNREFUSED
20646.7,heavy,3103,0,1.419,
20650.0,heavy,3101,0,3.999,
20653.3,heavy,3102,0,3.485,ECONNREFUSED
20656.7,heavy,3103,1,1.825,
20660.0,heavy,3101,1,2.947,
20663.3,heavy,3102,0,2.821,ECONNREFUSED
20666.7,heavy,3103,1,1.123,
20670.0,heavy,3101,0,3.288,
20673.3,heavy,3102,0,2.662,ECONNREFUSED
20676.7,heavy,3103,0,1.084,
20680.0,heavy,3101,0,3.412,
20683.3,heavy,3102,0,2.986,ECONNREFUSED
20686.7,heavy,3103,1,1.420,
20690.0,heavy,3101,1,3.356,
20693.3,heavy,3102,0,2.280,ECONNREFUSED
20696.7,heavy,3103,1,2.062,
20700.0,heavy,3101,0,5.191,
20700.0,light-3,3102,0,2.740,ECONNREFUSED
20700.0,light-4,3103,1,2.843,
20700.0,light-5,3101,1,4.133,
20700.0,light-1,3103,1,5.048,
20700.0,light-2,3101,1,6.004,
20703.3,heavy,3102,0,4.967,ECONNREFUSED
20706.7,heavy,3102,0,3.356,ECONNREFUSED
20710.0,heavy,3103,1,1.468,
20713.3,heavy,3101,1,4.583,
20716.7,heavy,3102,0,3.468,ECONNREFUSED
20720.0,heavy,3103,0,1.319,
20723.3,heavy,3101,0,3.403,
20726.7,heavy,3102,0,2.450,ECONNREFUSED
20730.0,heavy,3103,1,1.321,
20733.3,heavy,3101,0,2.722,
20736.7,heavy,3102,0,1.762,ECONNREFUSED
20740.0,heavy,3103,1,1.488,
20743.3,heavy,3101,0,3.921,
20746.7,heavy,3102,0,3.136,ECONNREFUSED
20750.0,heavy,3103,1,1.023,
20753.3,heavy,3101,0,2.573,
20756.7,heavy,3102,0,4.344,ECONNREFUSED
20760.0,heavy,3103,1,1.155,
20763.3,heavy,3101,0,3.622,
20766.7,heavy,3102,0,3.531,ECONNREFUSED
20770.0,heavy,3103,1,0.905,
20773.3,heavy,3101,0,3.645,
20776.7,heavy,3102,0,3.867,ECONNREFUSED
20780.0,heavy,3103,1,1.036,
20783.3,heavy,3101,0,2.772,
20786.7,heavy,3102,0,2.925,ECONNREFUSED
20790.0,heavy,3103,1,1.364,
20793.3,heavy,3101,0,3.580,
20796.7,heavy,3102,0,3.633,ECONNREFUSED
20800.0,heavy,3103,1,1.891,
20800.0,light-1,3101,1,1.906,
20800.0,light-3,3103,1,2.454,
20800.0,light-4,3101,1,4.126,
20800.0,light-2,3102,0,4.688,ECONNREFUSED
20800.0,light-5,3102,0,5.189,ECONNREFUSED
20803.3,heavy,3103,0,1.976,
20806.7,heavy,3101,1,3.576,
20810.0,heavy,3102,0,2.678,ECONNREFUSED
20813.3,heavy,3103,0,1.546,
20816.7,heavy,3101,0,4.704,
20820.0,heavy,3102,0,4.700,ECONNREFUSED
20823.3,heavy,3103,1,1.517,
20826.7,heavy,3101,1,5.768,
20830.0,heavy,3102,0,4.204,ECONNREFUSED
20833.3,heavy,3103,0,1.103,
20836.7,heavy,3101,1,4.941,
20840.0,heavy,3102,0,3.620,ECONNREFUSED
20843.3,heavy,3103,1,2.050,
20846.7,heavy,3101,0,5.094,
20850.0,heavy,3102,0,3.522,ECONNREFUSED
20853.3,heavy,3103,0,1.061,
20856.7,heavy,3101,0,4.094,
20860.0,heavy,3102,0,2.660,ECONNREFUSED
20863.3,heavy,3103,1,1.102,
20866.7,heavy,3101,0,3.996,
20870.0,heavy,3102,0,2.182,ECONNREFUSED
20873.3,heavy,3103,1,1.412,
20876.7,heavy,3101,1,3.480,
20880.0,heavy,3102,0,3.798,ECONNREFUSED
20883.3,heavy,3103,0,1.144,
20886.7,heavy,3101,0,3.821,
20890.0,heavy,3102,0,3.927,ECONNREFUSED
20893.3,heavy,3103,1,2.371,
20896.7,heavy,3101,0,2.674,
20900.0,heavy,3102,0,4.925,ECONNREFUSED
20900.0,light-4,3103,1,3.350,
20900.0,light-3,3102,0,3.808,ECONNREFUSED
20900.0,light-5,3101,1,3.885,
20900.0,light-2,3101,1,5.442,
20900.0,light-1,3103,1,5.668,
20903.3,heavy,3102,0,4.958,ECONNREFUSED
20906.7,heavy,3103,1,1.158,
20910.0,heavy,3101,1,3.966,
20913.3,heavy,3102,0,2.620,ECONNREFUSED
20916.7,heavy,3103,1,1.310,
20920.0,heavy,3101,0,4.543,
20923.3,heavy,3102,0,2.780,ECONNREFUSED
20926.7,heavy,3103,1,1.438,
20930.0,heavy,3101,0,3.015,
20933.3,heavy,3102,1,18.885,
20936.7,heavy,3103,0,1.052,
20940.0,heavy,3101,1,4.089,
20943.3,heavy,3102,1,9.866,
20946.7,heavy,3103,1,1.668,
20950.0,heavy,3101,0,4.220,
20953.3,heavy,3102,1,9.917,
20956.7,heavy,3103,1,1.264,
20960.0,heavy,3101,0,3.279,
20963.3,heavy,3102,1,4.340,
20966.7,heavy,3103,0,1.055,
20970.0,heavy,3101,1,3.877,
20973.3,heavy,3102,1,1.786,
20976.7,heavy,3103,1,1.269,
20980.0,heavy,3101,0,4.543,
20983.3,heavy,3102,1,2.841,
20986.7,heavy,3103,0,0.897,
20990.0,heavy,3101,1,3.990,
20993.3,heavy,3102,1,3.661,
20996.7,heavy,3103,1,1.244,
21000.0,heavy,3101,0,5.016,
21000.0,light-2,3103,1,2.441,
21000.0,light-5,3103,1,5.139,
21000.0,light-3,3101,1,5.393,
21000.0,light-1,3102,1,84.500,
21000.0,light-4,3102,1,86.136,
21003.3,heavy,3101,0,2.709,
21006.7,heavy,3102,1,79.839,
21010.0,heavy,3103,1,1.183,
21013.3,heavy,3101,0,2.508,
21016.7,heavy,3102,1,74.814,
21020.0,heavy,3103,1,1.305,
21023.3,heavy,3101,0,3.075,
21026.7,heavy,3102,1,62.302,
21030.0,heavy,3103,1,1.157,
21033.3,heavy,3101,0,4.365,
21036.7,heavy,3102,1,48.278,
21040.0,heavy,3103,1,1.892,
21043.3,heavy,3101,0,4.460,
21046.7,heavy,3102,1,46.587,
21050.0,heavy,3103,1,2.622,
21053.3,heavy,3101,0,4.933,
21056.7,heavy,3102,1,34.679,
21060.0,heavy,3103,1,0.764,
21063.3,heavy,3101,0,2.645,
21066.7,heavy,3102,1,28.474,
21070.0,heavy,3103,1,1.372,
21073.3,heavy,3101,0,3.766,
21076.7,heavy,3102,1,19.637,
21080.0,heavy,3103,1,1.387,
21083.3,heavy,3101,0,3.714,
21086.7,heavy,3102,1,9.429,
21090.0,heavy,3103,1,0.933,
21093.3,heavy,3101,0,3.463,
21096.7,heavy,3102,1,2.885,
21100.0,heavy,3103,1,21.003,
21100.0,light-1,3101,1,1.245,
21100.0,light-3,3103,1,2.385,
21100.0,light-4,3101,1,3.340,
21100.0,light-2,3102,1,53.463,
21100.0,light-5,3102,1,60.981,
21103.3,heavy,3103,1,19.997,
21106.7,heavy,3101,1,3.341,
21110.0,heavy,3102,1,10.754,
21113.3,heavy,3103,1,5.185,
21116.7,heavy,3101,1,3.877,
21120.0,heavy,3102,1,4.272,
21123.3,heavy,3103,1,12.313,
21126.7,heavy,3101,1,4.662,
21130.0,heavy,3102,1,20.269,
21133.3,heavy,3103,1,29.172,
21136.7,heavy,3101,1,3.533,
21140.0,heavy,3102,1,26.385,
21143.3,heavy,3103,1,19.588,
21146.7,heavy,3101,1,4.169,
21150.0,heavy,3102,1,14.712,
21153.3,heavy,3103,1,26.274,
21156.7,heavy,3101,1,4.077,
21160.0,heavy,3102,1,15.431,
21163.3,heavy,3103,1,12.659,
21166.7,heavy,3101,1,3.178,
21170.0,heavy,3102,1,7.134,
21173.3,heavy,3103,1,8.246,
21176.7,heavy,3101,1,4.403,
21180.0,heavy,3102,1,1.536,
21183.3,heavy,3103,1,3.092,
21186.7,heavy,3101,1,3.462,
21190.0,heavy,3102,1,1.589,
21193.3,heavy,3103,1,10.377,
21196.7,heavy,3101,1,4.777,
21200.0,heavy,3102,1,2.380,
21200.0,light-5,3101,1,2.921,
21200.0,light-1,3103,1,4.672,
21200.0,light-2,3101,1,5.266,
21200.0,light-4,3103,1,10.420,
21200.0,light-3,3102,1,12.595,
21203.3,heavy,3102,1,7.184,
21206.7,heavy,3103,1,4.762,
21210.0,heavy,3101,1,3.128,
21213.3,heavy,3102,1,1.393,
21216.7,heavy,3103,1,4.022,
21220.0,heavy,3101,1,5.585,
21223.3,heavy,3102,1,1.921,
21226.7,heavy,3103,1,5.622,
21230.0,heavy,3101,1,5.834,
21233.3,heavy,3102,1,2.101,
21236.7,heavy,3103,1,3.299,
21240.0,heavy,3101,1,3.315,
21243.3,heavy,3102,1,1.796,
21246.7,heavy,3103,1,3.781,
21250.0,heavy,3101,1,2.724,
21253.3,heavy,3102,1,1.393,
21256.7,heavy,3103,1,3.534,
21260.0,heavy,3101,1,2.790,
21263.3,heavy,3102,1,1.351,
21266.7,heavy,3103,1,4.182,
21270.0,heavy,3101,1,4.530,
21273.3,heavy,3102,1,1.781,
21276.7,heavy,3103,1,4.912,
21280.0,heavy,3101,1,2.492,
21283.3,heavy,3102,1,1.116,
21286.7,heavy,3103,1,3.967,
21290.0,heavy,3101,1,3.178,
21293.3,heavy,3102,1,1.235,
21296.7,heavy,3103,1,3.613,
21300.0,heavy,3101,1,5.125,
21300.0,light-2,3103,1,1.798,
21300.0,light-4,3102,1,4.174,
21300.0,light-5,3103,1,4.676,
21300.0,light-3,3101,1,5.625,
21300.0,light-1,3102,1,6.912,
21303.3,heavy,3101,1,3.773,
21306.7,heavy,3102,1,2.595,
21310.0,heavy,3103,1,4.733,
21313.3,heavy,3101,1,5.245,
21316.7,heavy,3102,1,1.576,
21320.0,heavy,3103,1,5.773,
21323.3,heavy,3101,1,5.619,
21326.7,heavy,3102,1,1.574,
21330.0,heavy,3103,1,4.712,
21333.3,heavy,3101,1,3.500,
21336.7,heavy,3102,1,1.638,
21340.0,heavy,3103,1,3.860,
21343.3,heavy,3101,1,3.065,
21346.7,heavy,3102,1,1.667,
21350.0,heavy,3103,1,4.447,
21353.3,heavy,3101,1,3.744,
21356.7,heavy,3102,1,1.120,
21360.0,heavy,3103,1,4.816,
21363.3,heavy,3101,1,5.623,
21366.7,heavy,3102,1,1.939,
21370.0,heavy,3103,1,6.087,
21373.3,heavy,3101,1,7.085,
21376.7,heavy,3102,1,1.847,
21380.0,heavy,3103,1,3.565,
21383.3,heavy,3101,1,3.199,
21386.7,heavy,3102,1,1.510,
21390.0,heavy,3103,1,9.844,
21393.3,heavy,3101,1,8.928,
21396.7,heavy,3102,1,1.649,
21400.0,heavy,3103,1,10.608,
21400.0,light-1,3101,1,2.384,
21400.0,light-3,3103,1,3.731,
21400.0,light-2,3102,1,12.498,
21400.0,light-4,3101,1,14.485,
21400.0,light-5,3102,1,15.654,
21403.3,heavy,3103,1,9.029,
21406.7,heavy,3101,1,11.272,
21410.0,heavy,3102,1,7.900,
21413.3,heavy,3103,1,6.855,
21416.7,heavy,3101,1,4.893,
21420.0,heavy,3102,1,1.489,
21423.3,heavy,3103,1,6.507,
21426.7,heavy,3101,1,7.352,
21430.0,heavy,3102,1,4.355,
21433.3,heavy,3103,1,6.256,
21436.7,heavy,3101,1,5.500,
21440.0,heavy,3102,1,1.059,
21443.3,heavy,3103,1,3.596,
21446.7,heavy,3101,1,3.741,
21450.0,heavy,3102,1,1.312,
21453.3,heavy,3103,1,4.696,
21456.7,heavy,3101,1,3.214,
21460.0,heavy,3102,1,1.597,
21463.3,heavy,3103,1,3.657,
21466.7,heavy,3101,1,3.341,
21470.0,heavy,3102,1,1.349,
21473.3,heavy,3103,1,4.486,
21476.7,heavy,3101,1,3.687,
21480.0,heavy,3102,1,1.068,
21483.3,heavy,3103,1,2.843,
21486.7,heavy,3101,1,4.532,
21490.0,heavy,3102,1,1.652,
21493.3,heavy,3103,1,3.687,
21496.7,heavy,3101,1,3.726,
21500.0,heavy,3102,1,1.697,
21500.0,light-5,3101,1,1.871,
21500.0,light-2,3101,1,4.513,
21500.0,light-1,3103,1,5.097,
21500.0,light-4,3103,1,7.049,
21500.0,light-3,3102,1,8.176,
21503.3,heavy,3102,1,3.681,
21506.7,heavy,3103,1,6.125,
21510.0,heavy,3101,1,3.757,
21513.3,heavy,3102,1,1.114,
21516.7,heavy,3103,1,3.283,
21520.0,heavy,3101,1,3.639,
21523.3,heavy,3102,1,1.378,
21526.7,heavy,3103,1,3.314,
21530.0,heavy,3101,1,2.763,
21533.3,heavy,3102,1,1.062,
21536.7,heavy,3103,1,3.330,
21540.0,heavy,3101,1,3.474,
21543.3,heavy,3102,1,1.989,
21546.7,heavy,3103,1,7.026,
21550.0,heavy,3101,1,3.731,
21553.3,heavy,3102,1,2.174,
21556.7,heavy,3103,1,6.450,
21560.0,heavy,3101,1,4.482,
21563.3,heavy,3102,1,1.646,
21566.7,heavy,3103,1,4.555,
21570.0,heavy,3101,1,3.979,
21573.3,heavy,3102,1,1.497,
21576.7,heavy,3103,1,4.878,
21580.0,heavy,3101,1,4.750,
21583.3,heavy,3102,1,1.872,
21586.7,heavy,3103,1,5.164,
21590.0,heavy,3101,1,4.605,
21593.3,heavy,3102,1,1.606,
21596.7,heavy,3103,1,3.776,
21600.0,heavy,3101,1,7.172,
21600.0,light-2,3103,1,1.426,
21600.0,light-4,3102,1,4.204,
21600.0,light-5,3103,1,5.662,
21600.0,light-3,3101,1,6.237,
21600.0,light-1,3102,1,7.261,
21603.3,heavy,3101,1,6.278,
21606.7,heavy,3102,1,2.411,
21610.0,heavy,3103,1,3.465,
21613.3,heavy,3101,1,3.253,
21616.7,heavy,3102,1,1.309,
21620.0,heavy,3103,1,5.548,
21623.3,heavy,3101,1,4.581,
21626.7,heavy,3102,1,1.840,
21630.0,heavy,3103,1,5.588,
21633.3,heavy,3101,1,3.503,
21636.7,heavy,3102,1,1.229,
21640.0,heavy,3103,1,4.539,
21643.3,heavy,3101,1,3.509,
21646.7,heavy,3102,1,1.718,
21650.0,heavy,3103,1,4.010,
21653.3,heavy,3101,1,3.875,
21656.7,heavy,3102,1,1.778,
21660.0,heavy,3103,1,4.082,
21663.3,heavy,3101,1,4.245,
21666.7,heavy,3102,1,1.895,
21670.0,heavy,3103,1,4.572,
21673.3,heavy,3101,1,4.379,
21676.7,heavy,3102,1,1.492,
21680.0,heavy,3103,1,3.747,
21683.3,heavy,3101,1,3.999,
21686.7,heavy,3102,1,1.988,
21690.0,heavy,3103,1,4.042,
21693.3,heavy,3101,0,4.219,
21696.7,heavy,3102,1,1.885,
21700.0,heavy,3103,0,7.390,
21700.0,light-1,3101,1,1.562,
21700.0,light-3,3103,1,3.398,
21700.0,light-4,3101,1,7.532,
21700.0,light-2,3102,1,8.230,
21700.0,light-5,3102,1,9.977,
21703.3,heavy,3103,1,6.101,
21706.7,heavy,3101,0,4.286,
21710.0,heavy,3102,0,1.375,
21713.3,heavy,3103,0,4.056,
21716.7,heavy,3101,1,4.004,
21720.0,heavy,3102,1,1.550,
21723.3,heavy,3103,0,4.489,
21726.7,heavy,3101,0,3.190,
21730.0,heavy,3102,1,1.933,
21733.3,heavy,3103,0,3.683,
21736.7,heavy,3101,0,4.138,
21740.0,heavy,3102,0,2.099,
21743.3,heavy,3103,0,3.136,
21746.7,heavy,3101,1,3.836,
21750.0,heavy,3102,0,1.459,
21753.3,heavy,3103,1,3.360,
21756.7,heavy,3101,0,3.018,
21760.0,heavy,3102,0,1.027,
21763.3,heavy,3103,0,4.997,
21766.7,heavy,3101,0,3.779,
21770.0,heavy,3102,1,1.609,
21773.3,heavy,3103,0,4.042,
21776.7,heavy,3101,1,4.386,
21780.0,heavy,3102,0,1.249,
21783.3,heavy,3103,1,3.457,
21786.7,heavy,3101,0,3.725,
21790.0,heavy,3102,0,1.139,
21793.3,heavy,3103,0,8.690,
21796.7,heavy,3101,0,6.832,
21800.0,heavy,3102,1,1.638,
21800.0,light-5,3101,1,3.065,
21800.0,light-2,3101,1,5.485,
21800.0,light-1,3103,1,5.770,
21800.0,light-3,3102,1,7.150,
21800.0,light-4,3103,1,8.387,
21803.3,heavy,3102,1,2.988,
21806.7,heavy,3103,0,6.267,
21810.0,heavy,3101,0,3.787,
21813.3,heavy,3102,0,1.451,
21816.7,heavy,3103,1,4.000,
21820.0,heavy,3101,0,4.323,
21823.3,heavy,3102,1,1.466,
21826.7,heavy,3103,0,4.373,
21830.0,heavy,3101,0,3.025,
21833.3,heavy,3102,0,1.216,
21836.7,heavy,3103,0,4.237,
21840.0,heavy,3101,1,3.075,
21843.3,heavy,3102,1,1.492,
21846.7,heavy,3103,0,3.360,
21850.0,heavy,3101,0,3.173,
21853.3,heavy,3102,0,1.138,
21856.7,heavy,3103,0,4.322,
21860.0,heavy,3101,1,3.549,
21863.3,heavy,3102,0,1.143,
21866.7,heavy,3103,0,4.370,
21870.0,heavy,3101,1,3.440,
21873.3,heavy,3102,1,1.747,
21876.7,heavy,3103,0,5.416,
21880.0,heavy,3101,0,3.635,
21883.3,heavy,3102,0,1.497,
21886.7,heavy,3103,1,3.943,
21890.0,heavy,3101,0,4.262,
21893.3,heavy,3102,0,1.162,
21896.7,heavy,3103,1,3.292,
21900.0,heavy,3101,0,5.993,
21900.0,light-2,3103,1,1.204,
21900.0,light-4,3102,1,3.069,
21900.0,light-5,3103,1,4.278,
21900.0,light-3,3101,1,4.933,
21900.0,light-1,3102,1,5.197,
21903.3,heavy,3101,1,5.693,
21906.7,heavy,3102,0,1.913,
21910.0,heavy,3103,0,3.283,
21913.3,heavy,3101,0,3.490,
21916.7,heavy,3102,1,1.731,
21920.0,heavy,3103,0,3.348,
21923.3,heavy,3101,0,3.772,
21926.7,heavy,3102,1,1.924,
21930.0,heavy,3103,0,3.636,
21933.3,heavy,3101,0,3.961,
21936.7,heavy,3102,1,1.768,
21940.0,heavy,3103,0,3.335,
21943.3,heavy,3101,0,4.227,
21946.7,heavy,3102,1,1.219,
21950.0,heavy,3103,0,3.555,
21953.3,heavy,3101,1,3.256,
21956.7,heavy,3102,0,1.342,
21960.0,heavy,3103,0,3.783,
21963.3,heavy,3101,0,3.524,
21966.7,heavy,3102,1,1.333,
21970.0,heavy,3103,0,3.593,
21973.3,heavy,3101,0,3.860,
21976.7,heavy,3102,1,1.479,
21980.0,heavy,3103,1,3.896,
21983.3,heavy,3101,0,4.389,
21986.7,heavy,3102,0,0.940,
21990.0,heavy,3103,1,8.325,
21993.3,heavy,3101,0,9.133,
21996.7,heavy,3102,1,1.933,
22000.0,heavy,3103,0,8.833,
22000.0,light-3,3103,1,2.684,
22000.0,light-1,3101,1,3.572,
22000.0,light-4,3101,1,9.686,
22000.0,light-2,3102,1,10.244,
22000.0,light-5,3102,1,11.798,
22003.3,heavy,3103,0,6.037,
22006.7,heavy,3101,0,6.226,
22010.0,heavy,3102,0,2.824,
22013.3,heavy,3103,0,3.035,
22016.7,heavy,3101,1,3.596,
22020.0,heavy,3102,0,1.321,
22023.3,heavy,3103,1,3.430,
22026.7,heavy,3101,0,3.735,
22030.0,heavy,3102,0,1.091,
22033.3,heavy,3103,0,3.769,
22036.7,heavy,3101,0,2.958,
22040.0,heavy,3102,1,1.213,
22043.3,heavy,3103,1,3.266,
22046.7,heavy,3101,0,3.265,
22050.0,heavy,3102,0,1.438,
22053.3,heavy,3103,0,3.264,
22056.7,heavy,3101,1,3.132,
22060.0,heavy,3102,0,1.232,
22063.3,heavy,3103,0,3.661,
22066.7,heavy,3101,0,2.891,
22070.0,heavy,3102,1,2.176,
22073.3,heavy,3103,1,4.060,
22076.7,heavy,3101,0,3.055,
22080.0,heavy,3102,0,1.164,
22083.3,heavy,3103,0,4.336,
22086.7,heavy,3101,1,3.536,
22090.0,heavy,3102,0,1.159,
22093.3,heavy,3103,1,6.710,
22096.7,heavy,3101,0,6.942,
22100.0,heavy,3102,1,1.454,
22100.0,light-1,3101,1,2.383,
22100.0,light-3,3103,1,3.743,
22100.0,light-5,3102,1,8.105,
22100.0,light-4,3101,1,8.776,
22100.0,light-2,3102,1,9.166,
22103.3,heavy,3103,0,8.488,
22106.7,heavy,3103,0,9.402,
22110.0,heavy,3101,0,5.113,
22113.3,heavy,3102,0,0.906,
22116.7,heavy,3103,1,3.497,
22120.0,heavy,3101,0,3.337,
22123.3,heavy,3102,0,1.104,
22126.7,heavy,3103,1,3.778,
22130.0,heavy,3101,0,3.302,
22133.3,heavy,3102,0,1.191,
22136.7,heavy,3103,1,4.121,
22140.0,heavy,3101,0,6.292,
22143.3,heavy,3102,1,1.537,
22146.7,heavy,3103,0,4.539,
22150.0,heavy,3101,0,5.564,
22153.3,heavy,3102,0,0.911,
22156.7,heavy,3103,1,3.695,
22160.0,heavy,3101,0,3.192,
22163.3,heavy,3102,0,1.325,
22166.7,heavy,3103,1,4.412,
22170.0,heavy,3101,0,3.577,
22173.3,heavy,3102,1,1.508,
22176.7,heavy,3103,0,4.280,
22180.0,heavy,3101,0,4.110,
22183.3,heavy,3102,0,0.928,
22186.7,heavy,3103,0,4.917,
22190.0,heavy,3101,1,3.475,
22193.3,heavy,3102,1,1.465,
22196.7,heavy,3103,0,5.227,
22200.0,heavy,3101,0,5.503,
22200.0,light-2,3103,1,2.007,
22200.0,light-4,3102,1,2.760,
22200.0,light-1,3102,1,4.570,
22200.0,light-5,3103,1,5.001,
22200.0,light-3,3101,1,5.331,
22203.3,heavy,3101,1,3.348,
22206.7,heavy,3102,0,1.079,
22210.0,heavy,3103,0,3.078,
22213.3,heavy,3101,0,3.965,
22216.7,heavy,3102,1,1.478,
22220.0,heavy,3103,0,4.057,
22223.3,heavy,3101,0,4.170,
22226.7,heavy,3102,1,1.745,
22230.0,heavy,3103,0,2.872,
22233.3,heavy,3101,0,3.589,
22236.7,heavy,3102,1,1.198,
22240.0,heavy,3103,0,3.481,
22243.3,heavy,3101,1,2.944,
22246.7,heavy,3102,0,0.943,
22250.0,heavy,3103,0,2.507,
22253.3,heavy,3101,0,3.590,
22256.7,heavy,3102,1,1.324,
22260.0,heavy,3103,0,3.230,
22263.3,heavy,3101,0,2.510,
22266.7,heavy,3102,1,1.472,
22270.0,heavy,3103,1,3.735,
22273.3,heavy,3101,0,3.124,
22276.7,heavy,3102,0,1.119,
22280.0,heavy,3103,0,4.189,
22283.3,heavy,3101,0,2.890,
22286.7,heavy,3102,1,1.508,
22290.0,heavy,3103,0,4.851,
22293.3,heavy,3101,0,2.883,
22296.7,heavy,3102,1,1.055,
22300.0,heavy,3103,1,4.853,
22300.0,light-2,3103,1,2.521,
22300.0,light-4,3102,1,3.143,
22300.0,light-1,3102,1,6.003,
22300.0,light-5,3103,1,6.026,
22300.0,light-3,3101,1,6.251,
22303.3,heavy,3101,0,6.780,
22306.7,heavy,3101,0,6.789,
22310.0,heavy,3102,0,1.966,
22313.3,heavy,3103,0,3.149,
22316.7,heavy,3101,1,2.648,
22320.0,heavy,3102,0,1.102,
22323.3,heavy,3103,1,4.484,
22326.7,heavy,3101,0,4.328,
22330.0,heavy,3102,1,1.612,
22333.3,heavy,3103,0,5.227,
22336.7,heavy,3101,0,5.027,
22340.0,heavy,3102,0,1.186,
22343.3,heavy,3103,0,4.062,
22346.7,heavy,3101,0,3.296,
22350.0,heavy,3102,1,1.384,
22353.3,heavy,3103,0,3.545,
22356.7,heavy,3101,1,3.027,
22360.0,heavy,3102,0,0.987,
22363.3,heavy,3103,0,4.469,
22366.7,heavy,3101,1,3.658,
22370.0,heavy,3102,0,0.881,
22373.3,heavy,3103,0,3.831,
22376.7,heavy,3101,0,3.080,
22380.0,heavy,3102,1,1.355,
22383.3,heavy,3103,0,4.364,
22386.7,heavy,3101,1,3.654,
22390.0,heavy,3102,0,1.029,
22393.3,heavy,3103,1,3.361,
22396.7,heavy,3101,0,4.052,
22400.0,heavy,3102,0,1.299,
22400.0,light-5,3101,1,2.592,
22400.0,light-2,3101,1,4.718,
22400.0,light-1,3103,1,5.333,
22400.0,light-3,3102,1,5.378,
22400.0,light-4,3103,1,5.962,
22403.3,heavy,3102,0,2.299,
22406.7,heavy,3103,1,3.790,
22410.0,heavy,3101,0,2.789,
22413.3,heavy,3102,0,1.547,
22416.7,heavy,3103,1,4.166,
22420.0,heavy,3101,0,4.022,
22423.3,heavy,3102,1,1.694,
22426.7,heavy,3103,0,4.904,
22430.0,heavy,3101,0,4.720,
22433.3,heavy,3102,0,1.099,
22436.7,heavy,3103,1,4.036,
22440.0,heavy,3101,0,3.932,
22443.3,heavy,3102,1,1.880,
22446.7,heavy,3103,0,4.336,
22450.0,heavy,3101,0,3.770,
22453.3,heavy,3102,0,1.052,
22456.7,heavy,3103,1,7.082,
22460.0,heavy,3101,0,3.531,
22463.3,heavy,3102,0,1.166,
22466.7,heavy,3103,1,4.543,
22470.0,heavy,3101,0,3.797,
22473.3,heavy,3102,0,1.105,
22476.7,heavy,3103,1,4.050,
22480.0,heavy,3101,0,3.864,
22483.3,heavy,3102,1,1.429,
22486.7,heavy,3103,1,5.163,
22490.0,heavy,3101,0,5.640,
22493.3,heavy,3102,0,1.948,
22496.7,heavy,3103,0,3.238,
22500.0,heavy,3101,0,5.218,
22500.0,light-2,3103,1,1.320,
22500.0,light-4,3102,1,2.975,
22500.0,light-3,3101,1,4.351,
22500.0,light-5,3103,1,4.481,
22500.0,light-1,3102,1,4.772,
22503.3,heavy,3101,1,4.485,
22506.7,heavy,3102,0,1.117,
22510.0,heavy,3103,0,4.849,
22513.3,heavy,3101,0,5.178,
22516.7,heavy,3102,1,2.006,
22520.0,heavy,3103,1,5.358,
22523.3,heavy,3101,0,5.211,
22526.7,heavy,3102,0,1.075,
22530.0,heavy,3103,0,4.100,
22533.3,heavy,3101,0,3.359,
22536.7,heavy,3102,1,1.390,
22540.0,heavy,3103,0,3.492,
22543.3,heavy,3101,0,3.714,
22546.7,heavy,3102,1,1.131,
22550.0,heavy,3103,1,4.395,
22553.3,heavy,3101,0,3.496,
22556.7,heavy,3102,0,1.241,
22560.0,heavy,3103,0,4.508,
22563.3,heavy,3101,0,4.659,
22566.7,heavy,3102,1,1.670,
22570.0,heavy,3103,0,5.479,
22573.3,heavy,3101,0,2.939,
22576.7,heavy,3102,1,1.638,
22580.0,heavy,3103,1,3.888,
22583.3,heavy,3101,0,4.128,
22586.7,heavy,3102,0,1.055,
22590.0,heavy,3103,0,2.367,
22593.3,heavy,3101,1,6.693,
22596.7,heavy,3102,1,1.453,
22600.0,heavy,3103,0,6.901,
22600.0,light-1,3101,1,2.270,
22600.0,light-3,3103,1,2.457,
22600.0,light-2,3102,1,8.289,
22600.0,light-4,3101,1,8.949,
22600.0,light-5,3102,1,9.373,
22603.3,heavy,3103,0,7.566,
22606.7,heavy,3101,0,5.862,
22610.0,heavy,3102,0,3.260,
22613.3,heavy,3103,0,2.871,
22616.7,heavy,3101,1,3.705,
22620.0,heavy,3102,0,1.006,
22623.3,heavy,3103,0,4.557,
22626.7,heavy,3101,0,3.665,
22630.0,heavy,3102,1,1.422,
22633.3,heavy,3103,0,4.718,
22636.7,heavy,3101,1,3.067,
22640.0,heavy,3102,0,1.100,
22643.3,heavy,3103,1,3.345,
22646.7,heavy,3101,0,3.500,
22650.0,heavy,3102,0,0.946,
22653.3,heavy,3103,0,3.030,
22656.7,heavy,3101,1,3.003,
22660.0,heavy,3102,0,1.444,
22663.3,heavy,3103,1,2.845,
22666.7,heavy,3101,0,2.679,
22670.0,heavy,3102,0,0.968,
22673.3,heavy,3103,0,4.575,
22676.7,heavy,3101,0,3.181,
22680.0,heavy,3102,1,1.669,
22683.3,heavy,3103,1,4.112,
22686.7,heavy,3101,0,3.471,
22690.0,heavy,3102,0,1.786,
22693.3,heavy,3103,0,3.268,
22696.7,heavy,3101,1,3.136,
22700.0,heavy,3102,0,1.230,
22700.0,light-5,3101,1,2.544,
22700.0,light-2,3101,1,4.924,
22700.0,light-1,3103,1,5.633,
22700.0,light-3,3102,1,5.732,
22700.0,light-4,3103,1,5.839,
22703.3,heavy,3102,0,1.459,
22706.7,heavy,3103,0,3.629,
22710.0,heavy,3101,1,2.757,
22713.3,heavy,3102,0,1.123,
22716.7,heavy,3103,1,4.225,
22720.0,heavy,3101,0,3.378,
22723.3,heavy,3102,1,1.786,
22726.7,heavy,3103,0,5.060,
22730.0,heavy,3101,0,2.948,
22733.3,heavy,3102,0,1.586,
22736.7,heavy,3103,0,4.221,
22740.0,heavy,3101,1,2.758,
22743.3,heavy,3102,1,1.667,
22746.7,heavy,3103,0,4.525,
22750.0,heavy,3101,0,4.051,
22753.3,heavy,3102,0,1.138,
22756.7,heavy,3103,0,3.079,
22760.0,heavy,3101,0,3.376,
22763.3,heavy,3102,1,1.260,
22766.7,heavy,3103,1,2.807,
22770.0,heavy,3101,0,4.501,
22773.3,heavy,3102,1,1.291,
22776.7,heavy,3103,0,3.119,
22780.0,heavy,3101,0,4.529,
22783.3,heavy,3102,0,1.393,
22786.7,heavy,3103,0,4.209,
22790.0,heavy,3101,1,3.443,
22793.3,heavy,3102,1,1.345,
22796.7,heavy,3103,0,3.027,
22800.0,heavy,3101,0,4.944,
22800.0,light-2,3103,1,1.280,
22800.0,light-4,3102,1,2.902,
22800.0,light-5,3103,1,4.407,
22800.0,light-1,3102,1,5.093,
22800.0,light-3,3101,1,5.161,
22803.3,heavy,3101,1,4.298,
22806.7,heavy,3102,0,1.313,
22810.0,heavy,3103,0,2.709,
22813.3,heavy,3101,0,4.326,
22816.7,heavy,3102,1,1.155,
22820.0,heavy,3103,1,3.587,
22823.3,heavy,3101,0,4.397,
22826.7,heavy,3102,0,0.983,
22830.0,heavy,3103,0,4.363,
22833.3,heavy,3101,0,3.555,
22836.7,heavy,3102,1,1.213,
22840.0,heavy,3103,0,5.614,
22843.3,heavy,3101,0,3.452,
22846.7,heavy,3102,1,0.890,
22850.0,heavy,3103,0,2.713,
22853.3,heavy,3101,0,3.572,
22856.7,heavy,3102,1,1.249,
22860.0,heavy,3103,0,3.934,
22863.3,heavy,3101,0,3.253,
22866.7,heavy,3102,1,1.311,
22870.0,heavy,3103,0,3.209,
22873.3,heavy,3101,0,2.991,
22876.7,heavy,3102,1,1.203,
22880.0,heavy,3103,0,3.142,
22883.3,heavy,3101,0,3.525,
22886.7,heavy,3102,1,1.061,
22890.0,heavy,3103,0,3.413,
22893.3,heavy,3101,0,5.391,
22896.7,heavy,3102,1,1.472,
22900.0,heavy,3103,0,6.019,
22900.0,light-1,3101,1,1.194,
22900.0,light-3,3103,1,3.030,
22900.0,light-4,3101,1,6.223,
22900.0,light-2,3102,1,6.457,
22900.0,light-5,3102,1,7.722,
22903.3,heavy,3103,1,4.559,
22906.7,heavy,3101,0,3.816,
22910.0,heavy,3102,0,0.984,
22913.3,heavy,3103,0,2.692,
22916.7,heavy,3101,1,2.828,
22920.0,heavy,3102,0,1.147,
22923.3,heavy,3103,0,3.186,
22926.7,heavy,3101,0,3.418,
22930.0,heavy,3102,1,1.162,
22933.3,heavy,3103,0,2.883,
22936.7,heavy,3101,1,18.254,
22940.0,heavy,3102,1,1.308,
22943.3,heavy,3103,0,3.531,
22946.7,heavy,3101,0,18.252,
22950.0,heavy,3102,1,2.595,
22953.3,heavy,3103,0,4.662,
22956.7,heavy,3101,1,7.703,
22960.0,heavy,3102,0,2.769,
22963.3,heavy,3103,0,3.273,
22966.7,heavy,3101,0,3.255,
22970.0,heavy,3102,0,1.133,
22973.3,heavy,3103,1,3.077,
22976.7,heavy,3101,0,2.554,
22980.0,heavy,3102,0,1.017,
22983.3,heavy,3103,0,3.592,
22986.7,heavy,3101,0,3.712,
22990.0,heavy,3102,1,1.298,
22993.3,heavy,3103,0,2.512,
22996.7,heavy,3101,1,2.881,
23000.0,heavy,3102,0,1.218,
23000.0,light-5,3101,1,2.233,
23000.0,light-2,3101,1,4.098,
23000.0,light-1,3103,1,4.639,
23000.0,light-3,3102,1,4.702,
23000.0,light-4,3103,1,4.790,
23003.3,heavy,3102,0,0.973,
23006.7,heavy,3103,0,3.886,
23010.0,heavy,3101,0,2.949,
23013.3,heavy,3102,1,1.434,
23016.7,heavy,3103,0,3.939,
23020.0,heavy,3101,0,3.264,
23023.3,heavy,3102,1,1.132,
23026.7,heavy,3103,1,3.199,
23030.0,heavy,3101,0,2.294,
23033.3,heavy,3102,1,1.442,
23036.7,heavy,3103,0,3.117,
23040.0,heavy,3101,0,2.824,
23043.3,heavy,3102,0,1.433,
23046.7,heavy,3103,0,3.435,
23050.0,heavy,3101,0,3.662,
23053.3,heavy,3102,1,1.245,
23056.7,heavy,3103,1,2.948,
23060.0,heavy,3101,0,3.875,
23063.3,heavy,3102,1,1.232,
23066.7,heavy,3103,0,3.356,
23070.0,heavy,3101,0,2.992,
23073.3,heavy,3102,1,1.871,
23076.7,heavy,3103,0,3.322,
23080.0,heavy,3101,0,2.743,
23083.3,heavy,3102,0,1.448,
23086.7,heavy,3103,1,2.539,
23090.0,heavy,3101,0,4.056,
23093.3,heavy,3102,1,1.177,
23096.7,heavy,3103,0,4.142,
23100.0,heavy,3101,0,5.262,
23100.0,light-2,3103,1,1.226,
23100.0,light-4,3102,1,2.599,
23100.0,light-5,3103,1,5.122,
23100.0,light-1,3102,1,5.753,
23100.0,light-3,3101,1,5.871,
23103.3,heavy,3101,1,3.774,
23106.7,heavy,3102,0,1.079,
23110.0,heavy,3103,0,3.234,
23113.3,heavy,3101,0,3.176,
23116.7,heavy,3102,1,1.008,
23120.0,heavy,3103,0,4.140,
23123.3,heavy,3101,0,2.918,
23126.7,heavy,3102,1,1.450,
23130.0,heavy,3103,0,3.137,
23133.3,heavy,3101,0,3.170,
23136.7,heavy,3102,1,1.341,
23140.0,heavy,3103,0,2.864,
23143.3,heavy,3101,1,3.189,
23146.7,heavy,3102,0,0.800,
23150.0,heavy,3103,0,4.523,
23153.3,heavy,3101,0,2.931,
23156.7,heavy,3102,1,1.602,
23160.0,heavy,3103,0,4.995,
23163.3,heavy,3101,0,2.792,
23166.7,heavy,3102,1,1.577,
23170.0,heavy,3103,1,3.339,
23173.3,heavy,3101,0,3.454,
23176.7,heavy,3102,0,1.673,
23180.0,heavy,3103,0,4.062,
23183.3,heavy,3101,0,3.172,
23186.7,heavy,3102,1,1.421,
23190.0,heavy,3103,0,4.608,
23193.3,heavy,3101,0,2.802,
23196.7,heavy,3102,1,1.015,
23200.0,heavy,3103,0,6.061,
23200.0,light-5,3101,1,3.479,
23200.0,light-2,3101,1,5.839,
23200.0,light-1,3103,1,6.424,
23200.0,light-3,3102,1,6.947,
23200.0,light-4,3103,1,7.592,
23203.3,heavy,3101,0,5.013,
23206.7,heavy,3102,1,1.568,
23210.0,heavy,3102,0,2.306,
23213.3,heavy,3103,0,3.552,
23216.7,heavy,3101,1,3.163,
23220.0,heavy,3102,0,1.056,
23223.3,heavy,3103,1,4.329,
23226.7,heavy,3101,0,3.894,
23230.0,heavy,3102,1,1.361,
23233.3,heavy,3103,0,4.678,
23236.7,heavy,3101,0,4.875,
23240.0,heavy,3102,0,1.677,
23243.3,heavy,3103,0,3.243,
23246.7,heavy,3101,1,2.940,
23250.0,heavy,3102,0,1.010,
23253.3,heavy,3103,0,2.850,
23256.7,heavy,3101,1,2.726,
23260.0,heavy,3102,0,0.861,
23263.3,heavy,3103,0,3.397,
23266.7,heavy,3101,0,3.756,
23270.0,heavy,3102,1,1.234,
23273.3,heavy,3103,0,2.921,
23276.7,heavy,3101,1,2.805,
23280.0,heavy,3102,0,1.216,
23283.3,heavy,3103,1,2.793,
23286.7,heavy,3101,0,2.744,
23290.0,heavy,3102,0,0.996,
23293.3,heavy,3103,0,6.198,
23296.7,heavy,3101,0,4.279,
23300.0,heavy,3102,1,1.428,
23300.0,light-5,3101,1,3.156,
23300.0,light-2,3101,1,5.575,
23300.0,light-3,3102,1,6.181,
23300.0,light-1,3103,1,6.405,
23300.0,light-4,3103,1,7.126,
23303.3,heavy,3102,0,2.536,
23306.7,heavy,3103,1,4.069,
23310.0,heavy,3101,0,2.738,
23313.3,heavy,3102,0,0.890,
23316.7,heavy,3103,1,3.550,
23320.0,heavy,3101,0,3.372,
23323.3,heavy,3102,0,1.258,
23326.7,heavy,3103,0,3.508,
23330.0,heavy,3101,1,2.800,
23333.3,heavy,3102,0,1.067,
23336.7,heavy,3103,0,3.906,
23340.0,heavy,3101,1,2.971,
23343.3,heavy,3102,1,1.394,
23346.7,heavy,3103,0,4.431,
23350.0,heavy,3101,0,2.685,
23353.3,heavy,3102,0,1.064,
23356.7,heavy,3103,0,3.790,
23360.0,heavy,3101,1,2.986,
23363.3,heavy,3102,1,0.911,
23366.7,heavy,3103,0,2.978,
23370.0,heavy,3101,0,2.947,
23373.3,heavy,3102,0,1.141,
23376.7,heavy,3103,1,2.762,
23380.0,heavy,3101,0,2.883,
23383.3,heavy,3102,0,1.111,
23386.7,heavy,3103,0,4.541,
23390.0,heavy,3101,0,3.340,
23393.3,heavy,3102,1,1.691,
23396.7,heavy,3103,1,3.907,
23400.0,heavy,3101,0,6.016,
23400.0,light-2,3103,1,1.677,
23400.0,light-4,3102,1,3.429,
23400.0,light-5,3103,1,4.850,
23400.0,light-3,3101,1,5.436,
23400.0,light-1,3102,1,5.731,
23403.3,heavy,3101,0,4.749,
23406.7,heavy,3102,1,1.106,
23410.0,heavy,3103,0,4.532,
23413.3,heavy,3101,0,3.727,
23416.7,heavy,3102,1,1.279,
23420.0,heavy,3103,1,4.408,
23423.3,heavy,3101,0,4.245,
23426.7,heavy,3102,0,0.928,
23430.0,heavy,3103,0,2.892,
23433.3,heavy,3101,0,2.487,
23436.7,heavy,3102,1,1.008,
23440.0,heavy,3103,0,2.907,
23443.3,heavy,3101,1,3.273,
23446.7,heavy,3102,1,1.057,
23450.0,heavy,3103,0,2.566,
23453.3,heavy,3101,0,3.620,
23456.7,heavy,3102,0,0.825,
23460.0,heavy,3103,0,4.105,
23463.3,heavy,3101,0,3.415,
23466.7,heavy,3102,1,1.909,
23470.0,heavy,3103,0,4.355,
23473.3,heavy,3101,0,2.452,
23476.7,heavy,3102,1,1.513,
23480.0,heavy,3103,0,2.752,
23483.3,heavy,3101,0,3.234,
23486.7,heavy,3102,1,1.734,
23490.0,heavy,3103,0,6.179,
23493.3,heavy,3101,0,6.531,
23496.7,heavy,3102,1,1.581,
23500.0,heavy,3103,0,6.749,
23500.0,light-1,3101,1,2.225,
23500.0,light-3,3103,1,3.066,
23500.0,light-2,3102,1,6.541,
23500.0,light-4,3101,1,6.713,
23500.0,light-5,3102,1,7.542,
23503.3,heavy,3103,1,5.839,
23506.7,heavy,3101,0,3.653,
23510.0,heavy,3102,0,1.015,
23513.3,heavy,3103,0,3.317,
23516.7,heavy,3101,1,2.844,
23520.0,heavy,3102,0,1.015,
23523.3,heavy,3103,0,4.252,
23526.7,heavy,3101,0,3.074,
23530.0,heavy,3102,1,1.247,
23533.3,heavy,3103,0,3.378,
23536.7,heavy,3101,1,3.432,
23540.0,heavy,3102,0,1.268,
23543.3,heavy,3103,1,3.184,
23546.7,heavy,3101,0,3.410,
23550.0,heavy,3102,0,0.855,
23553.3,heavy,3103,0,4.670,
23556.7,heavy,3101,0,3.755,
23560.0,heavy,3102,1,1.306,
23563.3,heavy,3103,0,4.004,
23566.7,heavy,3101,1,2.968,
23570.0,heavy,3102,1,2.030,
23573.3,heavy,3103,0,3.793,
23576.7,heavy,3101,0,3.562,
23580.0,heavy,3102,0,1.571,
23583.3,heavy,3103,0,4.714,
23586.7,heavy,3101,0,3.885,
23590.0,heavy,3102,1,1.532,
23593.3,heavy,3103,1,4.470,
23596.7,heavy,3101,0,2.335,
23600.0,heavy,3102,0,1.237,
23600.0,light-5,3101,1,2.189,
23600.0,light-2,3101,1,4.154,
23600.0,light-1,3103,1,4.816,
23600.0,light-3,3102,1,4.841,
23600.0,light-4,3103,1,5.027,
23603.3,heavy,3102,0,1.021,
23606.7,heavy,3103,1,3.791,
23610.0,heavy,3101,0,3.885,
23613.3,heavy,3102,0,0.891,
23616.7,heavy,3103,0,5.990,
23620.0,heavy,3101,1,3.426,
23623.3,heavy,3102,1,1.367,
23626.7,heavy,3103,0,5.337,
23630.0,heavy,3101,0,3.348,
23633.3,heavy,3102,0,1.023,
23636.7,heavy,3103,1,2.672,
23640.0,heavy,3101,0,2.876,
23643.3,heavy,3102,0,0.838,
23646.7,heavy,3103,0,3.557,
23650.0,heavy,3101,1,2.637,
23653.3,heavy,3102,1,1.074,
23656.7,heavy,3103,0,2.915,
23660.0,heavy,3101,0,3.520,
23663.3,heavy,3102,0,1.205,
23666.7,heavy,3103,1,3.116,
23670.0,heavy,3101,0,3.268,
23673.3,heavy,3102,0,0.986,
23676.7,heavy,3103,0,3.902,
23680.0,heavy,3101,1,3.073,
23683.3,heavy,3102,1,1.277,
23686.7,heavy,3103,0,4.126,
23690.0,heavy,3101,0,3.476,
23693.3,heavy,3102,0,1.118,
23696.7,heavy,3103,0,5.750,
23700.0,heavy,3101,1,5.868,
23700.0,light-2,3103,1,2.270,
23700.0,light-4,3102,1,2.690,
23700.0,light-1,3102,1,4.801,
23700.0,light-5,3103,1,5.698,
23700.0,light-3,3101,1,6.325,
23703.3,heavy,3101,1,5.062,
23706.7,heavy,3102,0,1.202,
23710.0,heavy,3103,0,3.172,
23713.3,heavy,3101,0,3.212,
23716.7,heavy,3102,1,1.041,
23720.0,heavy,3103,0,4.945,
23723.3,heavy,3101,0,4.104,
23726.7,heavy,3102,1,1.375,
23730.0,heavy,3103,1,5.176,
23733.3,heavy,3101,0,3.569,
23736.7,heavy,3102,0,1.093,
23740.0,heavy,3103,0,4.047,
23743.3,heavy,3101,0,3.114,
23746.7,heavy,3102,1,1.295,
23750.0,heavy,3103,0,3.453,
23753.3,heavy,3101,0,2.791,
23756.7,heavy,3102,1,1.020,
23760.0,heavy,3103,1,3.881,
23763.3,heavy,3101,0,3.247,
23766.7,heavy,3102,0,0.934,
23770.0,heavy,3103,0,4.982,
23773.3,heavy,3101,0,4.157,
23776.7,heavy,3102,1,1.251,
23780.0,heavy,3103,0,3.861,
23783.3,heavy,3101,0,3.108,
23786.7,heavy,3102,1,1.190,
23790.0,heavy,3103,0,4.033,
23793.3,heavy,3101,1,3.274,
23796.7,heavy,3102,0,1.015,
23800.0,heavy,3103,0,6.465,
23800.0,light-1,3101,1,2.434,
23800.0,light-3,3103,1,3.345,
23800.0,light-4,3101,1,6.624,
23800.0,light-2,3102,1,6.876,
23800.0,light-5,3102,1,10.516,
23803.3,heavy,3101,0,6.713,
23806.7,heavy,3102,1,1.613,
23810.0,heavy,3103,0,6.743,
23813.3,heavy,3103,1,6.210,
23816.7,heavy,3101,0,6.009,
23820.0,heavy,3102,0,0.728,
23823.3,heavy,3103,1,3.508,
23826.7,heavy,3101,0,2.824,
23830.0,heavy,3102,0,1.144,
23833.3,heavy,3103,0,3.475,
23836.7,heavy,3101,0,3.869,
23840.0,heavy,3102,1,1.437,
23843.3,heavy,3103,0,3.298,
23846.7,heavy,3101,1,2.979,
23850.0,heavy,3102,0,0.997,
23853.3,heavy,3103,1,3.408,
23856.7,heavy,3101,0,2.633,
23860.0,heavy,3102,0,1.023,
23863.3,heavy,3103,0,4.470,
23866.7,heavy,3101,0,3.287,
23870.0,heavy,3102,1,1.268,
23873.3,heavy,3103,0,4.711,
23876.7,heavy,3101,1,4.244,
23880.0,heavy,3102,0,1.169,
23883.3,heavy,3103,0,4.135,
23886.7,heavy,3101,1,4.177,
23890.0,heavy,3102,0,1.414,
23893.3,heavy,3103,1,7.387,
23896.7,heavy,3101,0,6.390,
23900.0,heavy,3102,1,1.495,
23900.0,light-1,3101,1,3.084,
23900.0,light-3,3103,1,3.684,
23900.0,light-2,3102,1,6.928,
23900.0,light-4,3101,1,6.970,
23900.0,light-5,3102,1,8.002,
23903.3,heavy,3103,0,7.296,
23906.7,heavy,3103,0,6.415,
23910.0,heavy,3101,0,3.739,
23913.3,heavy,3102,0,1.026,
23916.7,heavy,3103,1,2.860,
23920.0,heavy,3101,0,2.705,
23923.3,heavy,3102,0,1.050,
23926.7,heavy,3103,0,3.642,
23930.0,heavy,3101,0,3.938,
23933.3,heavy,3102,1,1.438,
23936.7,heavy,3103,1,3.537,
23940.0,heavy,3101,0,3.972,
23943.3,heavy,3102,0,1.406,
23946.7,heavy,3103,1,3.645,
23950.0,heavy,3101,0,3.759,
23953.3,heavy,3102,0,1.390,
23956.7,heavy,3103,0,6.374,
23960.0,heavy,3101,1,5.429,
23963.3,heavy,3102,1,1.080,
23966.7,heavy,3103,0,4.480,
23970.0,heavy,3101,0,3.715,
23973.3,heavy,3102,0,2.541,
23976.7,heavy,3103,1,4.099,
23980.0,heavy,3101,0,4.569,
23983.3,heavy,3102,0,1.556,
23986.7,heavy,3103,1,3.377,
23990.0,heavy,3101,0,3.360,
23993.3,heavy,3102,0,1.221,
23996.7,heavy,3103,1,5.019,
24000.0,heavy,3101,0,6.930,
24000.0,light-2,3103,1,2.871,
24000.0,light-4,3102,1,3.322,
24000.0,light-1,3102,1,6.124,
24000.0,light-3,3101,1,6.252,
24000.0,light-5,3103,1,6.303,
24003.3,heavy,3102,1,1.428,
24006.7,heavy,3103,0,5.607,
24010.0,heavy,3101,0,7.487,
24013.3,heavy,3101,1,5.486,
24016.7,heavy,3102,0,0.963,
24020.0,heavy,3103,0,2.054,
24023.3,heavy,3101,0,2.999,
24026.7,heavy,3102,1,0.999,
24030.0,heavy,3103,0,3.979,
24033.3,heavy,3101,0,3.759,
24036.7,heavy,3102,1,1.199,
24040.0,heavy,3103,0,4.068,
24043.3,heavy,3101,0,2.782,
24046.7,heavy,3102,1,1.611,
24050.0,heavy,3103,0,3.298,
24053.3,heavy,3101,0,4.000,
24056.7,heavy,3102,1,1.533,
24060.0,heavy,3103,0,2.883,
24063.3,heavy,3101,0,3.211,
24066.7,heavy,3102,1,1.211,
24070.0,heavy,3103,0,3.005,
24073.3,heavy,3101,0,3.474,
24076.7,heavy,3102,1,1.222,
24080.0,heavy,3103,0,4.116,
24083.3,heavy,3101,0,2.882,
24086.7,heavy,3102,1,1.222,
24090.0,heavy,3103,0,3.674,
24093.3,heavy,3101,0,3.321,
24096.7,heavy,3102,1,0.924,
24100.0,heavy,3103,0,4.984,
24100.0,light-2,3103,1,2.292,
24100.0,light-4,3102,1,2.779,
24100.0,light-1,3102,1,4.539,
24100.0,light-5,3103,1,6.587,
24100.0,light-3,3101,1,7.175,
24103.3,heavy,3101,1,6.543,
24106.7,heavy,3101,0,5.723,
24110.0,heavy,3102,0,0.977,
24113.3,heavy,3103,0,4.044,
24116.7,heavy,3101,0,3.212,
24120.0,heavy,3102,1,1.345,
24123.3,heavy,3103,0,3.130,
24126.7,heavy,3101,1,2.928,
24130.0,heavy,3102,0,1.070,
24133.3,heavy,3103,1,3.255,
24136.7,heavy,3101,0,3.053,
24140.0,heavy,3102,0,0.761,
24143.3,heavy,3103,0,4.060,
24146.7,heavy,3101,0,3.378,
24150.0,heavy,3102,1,1.626,
24153.3,heavy,3103,0,2.989,
24156.7,heavy,3101,1,2.818,
24160.0,heavy,3102,0,1.109,
24163.3,heavy,3103,1,3.756,
24166.7,heavy,3101,0,2.834,
24170.0,heavy,3102,0,1.170,
24173.3,heavy,3103,0,3.430,
24176.7,heavy,3101,0,2.751,
24180.0,heavy,3102,1,1.182,
24183.3,heavy,3103,1,3.117,
24186.7,heavy,3101,0,2.858,
24190.0,heavy,3102,0,1.009,
24193.3,heavy,3103,1,3.255,
24196.7,heavy,3101,0,3.944,
24200.0,heavy,3102,0,1.127,
24200.0,light-5,3101,1,2.302,
24200.0,light-2,3101,1,4.016,
24200.0,light-1,3103,1,4.194,
24200.0,light-3,3102,1,4.593,
24200.0,light-4,3103,1,4.773,
24203.3,heavy,3102,0,1.360,
24206.7,heavy,3103,0,3.583,
24210.0,heavy,3101,0,2.791,
24213.3,heavy,3102,1,1.199,
24216.7,heavy,3103,1,2.307,
24220.0,heavy,3101,0,4.567,
24223.3,heavy,3102,1,1.512,
24226.7,heavy,3103,0,3.579,
24230.0,heavy,3101,0,3.403,
24233.3,heavy,3102,0,0.831,
24236.7,heavy,3103,1,3.533,
24240.0,heavy,3101,0,2.780,
24243.3,heavy,3102,1,1.194,
24246.7,heavy,3103,0,2.745,
24250.0,heavy,3101,0,2.874,
24253.3,heavy,3102,0,1.256,
24256.7,heavy,3103,1,3.786,
24260.0,heavy,3101,0,4.019,
24263.3,heavy,3102,0,1.097,
24266.7,heavy,3103,0,3.652,
24270.0,heavy,3101,1,2.845,
24273.3,heavy,3102,1,1.261,
24276.7,heavy,3103,0,4.178,
24280.0,heavy,3101,0,3.163,
24283.3,heavy,3102,0,1.071,
24286.7,heavy,3103,0,3.620,
24290.0,heavy,3101,1,2.985,
24293.3,heavy,3102,0,1.031,
24296.7,heavy,3103,1,6.238,
24300.0,heavy,3101,0,6.399,
24300.0,light-1,3101,1,2.871,
24300.0,light-3,3103,1,3.926,
24300.0,light-2,3102,1,6.550,
24300.0,light-4,3101,1,6.595,
24300.0,light-5,3102,1,7.842,
24303.3,heavy,3102,1,1.483,
24306.7,heavy,3103,0,6.434,
24310.0,heavy,3103,0,5.232,
24313.3,heavy,3101,0,3.633,
24316.7,heavy,3102,1,0.894,
24320.0,heavy,3103,0,3.033,
24323.3,heavy,3101,1,2.857,
24326.7,heavy,3102,0,1.197,
24330.0,heavy,3103,0,2.386,
24333.3,heavy,3101,0,3.176,
24336.7,heavy,3102,1,1.257,
24340.0,heavy,3103,0,2.679,
24343.3,heavy,3101,0,4.064,
24346.7,heavy,3102,1,1.725,
24350.0,heavy,3103,0,4.169,
24353.3,heavy,3101,1,4.344,
24356.7,heavy,3102,0,0.909,
24360.0,heavy,3103,0,3.864,
24363.3,heavy,3101,0,3.370,
24366.7,heavy,3102,1,1.267,
24370.0,heavy,3103,0,3.747,
24373.3,heavy,3101,0,2.900,
24376.7,heavy,3102,1,1.224,
24380.0,heavy,3103,0,3.615,
24383.3,heavy,3101,1,3.930,
24386.7,heavy,3102,0,1.006,
24390.0,heavy,3103,0,4.144,
24393.3,heavy,3101,0,4.450,
24396.7,heavy,3102,1,1.230,
24400.0,heavy,3103,1,7.212,
24400.0,light-1,3101,1,1.121,
24400.0,light-3,3103,1,3.060,
24400.0,light-4,3101,1,7.492,
24400.0,light-2,3102,1,7.740,
24400.0,light-5,3102,1,9.705,
24403.3,heavy,3103,0,6.894,
24406.7,heavy,3101,0,3.801,
24410.0,heavy,3102,0,1.267,
24413.3,heavy,3103,1,3.351,
24416.7,heavy,3101,0,3.365,
24420.0,heavy,3102,0,1.066,
24423.3,heavy,3103,0,2.737,
24426.7,heavy,3101,0,3.278,
24430.0,heavy,3102,1,1.265,
24433.3,heavy,3103,0,3.303,
24436.7,heavy,3101,1,3.515,
24440.0,heavy,3102,0,1.359,
24443.3,heavy,3103,1,3.819,
24446.7,heavy,3101,0,4.116,
24450.0,heavy,3102,0,0.928,
24453.3,heavy,3103,0,3.790,
24456.7,heavy,3101,0,3.291,
24460.0,heavy,3102,1,1.265,
24463.3,heavy,3103,0,2.649,
24466.7,heavy,3101,0,4.520,
24470.0,heavy,3102,1,2.334,
24473.3,heavy,3103,1,3.415,
24476.7,heavy,3101,0,4.989,
24480.0,heavy,3102,0,1.809,
24483.3,heavy,3103,0,2.634,
24486.7,heavy,3101,1,2.873,
24490.0,heavy,3102,0,1.591,
24493.3,heavy,3103,0,2.697,
24496.7,heavy,3101,1,6.552,
24500.0,heavy,3102,1,1.562,
24500.0,light-2,3103,1,2.628,
24500.0,light-4,3102,1,3.014,
24500.0,light-5,3103,1,6.068,
24500.0,light-1,3102,1,6.402,
24500.0,light-3,3101,1,8.854,
24503.3,heavy,3103,0,4.653,
24506.7,heavy,3101,0,7.409,
24510.0,heavy,3101,0,6.860,
24513.3,heavy,3102,0,1.935,
24516.7,heavy,3103,1,3.404,
24520.0,heavy,3101,0,3.238,
24523.3,heavy,3102,0,1.110,
24526.7,heavy,3103,1,4.412,
24530.0,heavy,3101,0,4.899,
24533.3,heavy,3102,1,1.388,
24536.7,heavy,3103,0,4.900,
24540.0,heavy,3101,0,3.608,
24543.3,heavy,3102,0,1.278,
24546.7,heavy,3103,0,3.360,
24550.0,heavy,3101,1,3.694,
24553.3,heavy,3102,1,1.322,
24556.7,heavy,3103,0,3.180,
24560.0,heavy,3101,0,3.346,
24563.3,heavy,3102,0,1.012,
24566.7,heavy,3103,1,3.168,
24570.0,heavy,3101,0,2.650,
24573.3,heavy,3102,0,0.901,
24576.7,heavy,3103,0,4.045,
24580.0,heavy,3101,1,2.935,
24583.3,heavy,3102,1,1.382,
24586.7,heavy,3103,0,3.564,
24590.0,heavy,3101,0,3.030,
24593.3,heavy,3102,0,1.292,
24596.7,heavy,3103,0,5.299,
24600.0,heavy,3101,1,5.790,
24600.0,light-2,3103,1,2.790,
24600.0,light-4,3102,1,3.275,
24600.0,light-1,3102,1,4.729,
24600.0,light-3,3101,1,6.752,
24600.0,light-5,3103,1,7.382,
24603.3,heavy,3101,0,4.877,
24606.7,heavy,3102,1,1.101,
24610.0,heavy,3103,1,3.179,
24613.3,heavy,3101,0,3.473,
24616.7,heavy,3102,0,1.048,
24620.0,heavy,3103,0,2.826,
24623.3,heavy,3101,0,4.083,
24626.7,heavy,3102,1,1.352,
24630.0,heavy,3103,0,2.759,
24633.3,heavy,3101,0,3.037,
24636.7,heavy,3102,1,2.254,
24640.0,heavy,3103,0,4.643,
24643.3,heavy,3101,0,3.923,
24646.7,heavy,3102,1,2.214,
24650.0,heavy,3103,0,2.669,
24653.3,heavy,3101,0,2.712,
24656.7,heavy,3102,1,0.917,
24660.0,heavy,3103,0,2.985,
24663.3,heavy,3101,1,2.936,
24666.7,heavy,3102,0,0.793,
24670.0,heavy,3103,0,4.471,
24673.3,heavy,3101,0,3.689,
24676.7,heavy,3102,1,1.589,
24680.0,heavy,3103,0,3.448,
24683.3,heavy,3101,0,3.401,
24686.7,heavy,3102,1,1.182,
24690.0,heavy,3103,0,3.768,
24693.3,heavy,3101,0,4.028,
24696.7,heavy,3102,1,1.090,
24700.0,heavy,3103,0,7.567,
24700.0,light-5,3101,1,3.863,
24700.0,light-2,3101,1,6.988,
24700.0,light-3,3102,1,7.574,
24700.0,light-1,3103,1,8.927,
24700.0,light-4,3103,1,9.617,
24703.3,heavy,3101,0,4.535,
24706.7,heavy,3102,1,1.476,
24710.0,heavy,3102,0,1.968,
24713.3,heavy,3103,1,7.022,
24716.7,heavy,3101,0,2.820,
24720.0,heavy,3102,0,0.919,
24723.3,heavy,3103,0,3.428,
24726.7,heavy,3101,1,2.901,
24730.0,heavy,3102,0,1.138,
24733.3,heavy,3103,0,3.469,
24736.7,heavy,3101,0,3.752,
24740.0,heavy,3102,1,1.247,
24743.3,heavy,3103,0,2.776,
24746.7,heavy,3101,1,3.370,
24750.0,heavy,3102,0,1.129,
24753.3,heavy,3103,1,3.674,
24756.7,heavy,3101,0,3.329,
24760.0,heavy,3102,0,1.422,
24763.3,heavy,3103,0,3.519,
24766.7,heavy,3101,1,3.466,
24770.0,heavy,3102,0,1.030,
24773.3,heavy,3103,1,4.652,
24776.7,heavy,3101,0,3.871,
24780.0,heavy,3102,1,1.408,
24783.3,heavy,3103,0,4.502,
24786.7,heavy,3101,0,4.569,
24790.0,heavy,3102,0,0.926,
24793.3,heavy,3103,0,6.824,
24796.7,heavy,3101,0,4.997,
24800.0,heavy,3102,1,1.624,
24800.0,light-5,3101,1,3.525,
24800.0,light-2,3101,1,5.602,
24800.0,light-1,3103,1,5.786,
24800.0,light-3,3102,1,5.819,
24800.0,light-4,3103,1,7.047,
24803.3,heavy,3102,0,2.357,
24806.7,heavy,3103,1,4.824,
24810.0,heavy,3101,0,3.115,
24813.3,heavy,3102,0,1.076,
24816.7,heavy,3103,1,3.145,
24820.0,heavy,3101,0,2.555,
24823.3,heavy,3102,1,1.504,
24826.7,heavy,3103,0,3.136,
24830.0,heavy,3101,0,3.646,
24833.3,heavy,3102,0,1.516,
24836.7,heavy,3103,1,3.129,
24840.0,heavy,3101,0,4.022,
24843.3,heavy,3102,1,1.526,
24846.7,heavy,3103,0,3.444,
24850.0,heavy,3101,0,2.861,
24853.3,heavy,3102,0,0.976,
24856.7,heavy,3103,1,9.118,
24860.0,heavy,3101,0,8.770,
24863.3,heavy,3102,1,1.216,
24866.7,heavy,3103,0,4.021,
24870.0,heavy,3101,0,4.051,
24873.3,heavy,3102,0,1.028,
24876.7,heavy,3103,1,2.825,
24880.0,heavy,3101,0,2.456,
24883.3,heavy,3102,0,0.959,
24886.7,heavy,3103,1,4.833,
24890.0,heavy,3101,0,3.109,
24893.3,heavy,3102,1,1.368,
24896.7,heavy,3103,0,3.921,
24900.0,heavy,3101,0,5.158,
24900.0,light-2,3103,1,1.093,
24900.0,light-4,3102,1,2.639,
24900.0,light-5,3103,1,3.910,
24900.0,light-3,3101,1,4.225,
24900.0,light-1,3102,1,4.782,
24903.3,heavy,3101,1,4.600,
24906.7,heavy,3102,0,0.996,
24910.0,heavy,3103,0,3.284,
24913.3,heavy,3101,0,3.253,
24916.7,heavy,3102,1,1.046,
24920.0,heavy,3103,0,3.423,
24923.3,heavy,3101,0,3.685,
24926.7,heavy,3102,1,1.483,
24930.0,heavy,3103,0,3.026,
24933.3,heavy,3101,0,2.725,
24936.7,heavy,3102,1,1.336,
24940.0,heavy,3103,0,2.958,
24943.3,heavy,3101,0,2.449,
24946.7,heavy,3102,1,1.533,
24950.0,heavy,3103,0,3.837,
24953.3,heavy,3101,0,3.565,
24956.7,heavy,3102,1,1.618,
24960.0,heavy,3103,0,3.349,
24963.3,heavy,3101,0,3.147,
24966.7,heavy,3102,1,1.154,
24970.0,heavy,3103,0,3.276,
24973.3,heavy,3101,0,3.554,
24976.7,heavy,3102,1,1.149,
24980.0,heavy,3103,0,4.519,
24983.3,heavy,3101,0,3.710,
24986.7,heavy,3102,1,2.090,
24990.0,heavy,3103,0,4.511,
24993.3,heavy,3101,1,4.751,
24996.7,heavy,3102,0,1.119,
25000.0,heavy,3103,1,4.267,
25000.0,light-2,3103,1,2.160,
25000.0,light-4,3102,1,2.655,
25000.0,light-1,3102,1,5.475,
25000.0,light-5,3103,1,7.037,
25000.0,light-3,3101,1,7.692,
25003.3,heavy,3101,0,7.438,
25006.7,heavy,3101,0,6.748,
25010.0,heavy,3102,0,0.850,
25013.3,heavy,3103,0,3.131,
25016.7,heavy,3101,1,3.541,
25020.0,heavy,3102,0,1.097,
25023.3,heavy,3103,0,4.482,
25026.7,heavy,3101,1,3.959,
25030.0,heavy,3102,1,1.481,
25033.3,heavy,3103,0,4.359,
25036.7,heavy,3101,0,3.611,
25040.0,heavy,3102,0,1.186,
25043.3,heavy,3103,0,3.278,
25046.7,heavy,3101,0,2.644,
25050.0,heavy,3102,1,1.356,
25053.3,heavy,3103,0,2.518,
25056.7,heavy,3101,1,3.155,
25060.0,heavy,3102,0,0.817,
25063.3,heavy,3103,0,3.532,
25066.7,heavy,3101,1,2.651,
25070.0,heavy,3102,0,1.161,
25073.3,heavy,3103,0,2.930,
25076.7,heavy,3101,0,2.838,
25080.0,heavy,3102,1,1.186,
25083.3,heavy,3103,1,3.633,
25086.7,heavy,3101,0,3.643,
25090.0,heavy,3102,0,1.199,
25093.3,heavy,3103,0,3.151,
25096.7,heavy,3101,1,2.943,
25100.0,heavy,3102,1,1.485,
25100.0,light-1,3101,1,1.985,
25100.0,light-3,3103,1,3.654,
25100.0,light-4,3101,1,6.202,
25100.0,light-5,3102,1,6.583,
25100.0,light-2,3102,1,8.668,
25103.3,heavy,3103,0,6.035,
25106.7,heavy,3101,1,5.496,
25110.0,heavy,3102,0,1.553,
25113.3,heavy,3103,0,6.622,
25116.7,heavy,3103,0,6.222,
25120.0,heavy,3101,0,4.402,
25123.3,heavy,3102,0,0.985,
25126.7,heavy,3103,1,2.958,
25130.0,heavy,3101,0,3.158,
25133.3,heavy,3102,0,0.758,
25136.7,heavy,3103,1,4.020,
25140.0,heavy,3101,0,2.841,
25143.3,heavy,3102,1,1.218,
25146.7,heavy,3103,0,3.416,
25150.0,heavy,3101,0,2.424,
25153.3,heavy,3102,1,1.183,
25156.7,heavy,3103,0,3.859,
25160.0,heavy,3101,0,2.602,
25163.3,heavy,3102,0,0.976,
25166.7,heavy,3103,1,3.798,
25170.0,heavy,3101,0,3.142,
25173.3,heavy,3102,1,1.374,
25176.7,heavy,3103,0,4.014,
25180.0,heavy,3101,0,2.611,
25183.3,heavy,3102,1,1.587,
25186.7,heavy,3103,0,3.881,
25190.0,heavy,3101,0,4.351,
25193.3,heavy,3102,0,1.142,
25196.7,heavy,3103,1,2.839,
25200.0,heavy,3101,0,6.519,
25200.0,light-1,3101,1,2.597,
25200.0,light-3,3103,1,2.772,
25200.0,light-4,3101,1,6.975,
25200.0,light-2,3102,1,7.197,
25200.0,light-5,3102,1,8.390,
25203.3,heavy,3102,1,1.565,
25206.7,heavy,3103,0,6.917,
25210.0,heavy,3103,0,5.914,
25213.3,heavy,3101,1,3.597,
25216.7,heavy,3102,0,0.949,
25220.0,heavy,3103,0,3.813,
25223.3,heavy,3101,0,4.368,
25226.7,heavy,3102,1,1.437,
25230.0,heavy,3103,0,4.515,
25233.3,heavy,3101,0,3.166,
25236.7,heavy,3102,1,1.571,
25240.0,heavy,3103,0,5.219,
25243.3,heavy,3101,0,2.949,
25246.7,heavy,3102,1,0.977,
25250.0,heavy,3103,1,3.191,
25253.3,heavy,3101,0,3.554,
25256.7,heavy,3102,0,1.169,
25260.0,heavy,3103,0,3.112,
25263.3,heavy,3101,0,3.160,
25266.7,heavy,3102,1,1.234,
25270.0,heavy,3103,0,3.313,
25273.3,heavy,3101,0,2.562,
25276.7,heavy,3102,1,1.452,
25280.0,heavy,3103,0,3.493,
25283.3,heavy,3101,0,3.698,
25286.7,heavy,3102,1,0.995,
25290.0,heavy,3103,0,7.202,
25293.3,heavy,3101,0,6.389,
25296.7,heavy,3102,1,1.690,
25300.0,heavy,3103,0,7.141,
25300.0,light-1,3101,1,2.593,
25300.0,light-3,3103,1,3.834,
25300.0,light-5,3102,1,6.733,
25300.0,light-4,3101,1,6.881,
25300.0,light-2,3102,1,7.993,
25303.3,heavy,3103,1,6.205,
25306.7,heavy,3101,0,3.043,
25310.0,heavy,3102,0,1.279,
25313.3,heavy,3103,1,2.732,
25316.7,heavy,3101,0,2.604,
25320.0,heavy,3102,1,1.491,
25323.3,heavy,3103,0,3.564,
25326.7,heavy,3101,0,3.162,
25330.0,heavy,3102,0,1.771,
25333.3,heavy,3103,0,3.162,
25336.7,heavy,3101,1,2.646,
25340.0,heavy,3102,1,1.589,
25343.3,heavy,3103,0,3.839,
25346.7,heavy,3101,0,3.176,
25350.0,heavy,3102,0,0.941,
25353.3,heavy,3103,0,4.037,
25356.7,heavy,3101,0,3.289,
25360.0,heavy,3102,1,1.285,
25363.3,heavy,3103,0,4.201,
25366.7,heavy,3101,1,2.996,
25370.0,heavy,3102,1,1.550,
25373.3,heavy,3103,0,3.037,
25376.7,heavy,3101,0,3.114,
25380.0,heavy,3102,0,1.066,
25383.3,heavy,3103,0,3.987,
25386.7,heavy,3101,0,3.203,
25390.0,heavy,3102,1,1.339,
25393.3,heavy,3103,1,3.914,
25396.7,heavy,3101,0,2.788,
25400.0,heavy,3102,0,1.164,
25400.0,light-5,3101,1,2.130,
25400.0,light-2,3101,1,4.398,
25400.0,light-1,3103,1,5.064,
25400.0,light-3,3102,1,5.116,
25400.0,light-4,3103,1,5.358,
25403.3,heavy,3102,0,1.105,
25406.7,heavy,3103,1,3.617,
25410.0,heavy,3101,0,3.856,
25413.3,heavy,3102,0,0.918,
25416.7,heavy,3103,1,3.333,
25420.0,heavy,3101,0,3.751,
25423.3,heavy,3102,1,1.726,
25426.7,heavy,3103,0,3.498,
25430.0,heavy,3101,0,3.174,
25433.3,heavy,3102,0,1.101,
25436.7,heavy,3103,1,2.910,
25440.0,heavy,3101,0,3.175,
25443.3,heavy,3102,0,1.067,
25446.7,heavy,3103,0,4.208,
25450.0,heavy,3101,1,3.044,
25453.3,heavy,3102,1,1.436,
25456.7,heavy,3103,0,3.194,
25460.0,heavy,3101,0,3.101,
25463.3,heavy,3102,0,1.087,
25466.7,heavy,3103,0,3.808,
25470.0,heavy,3101,1,3.088,
25473.3,heavy,3102,0,0.903,
25476.7,heavy,3103,1,3.866,
25480.0,heavy,3101,0,3.374,
25483.3,heavy,3102,1,1.208,
25486.7,heavy,3103,0,2.979,
25490.0,heavy,3101,0,2.328,
25493.3,heavy,3102,1,2.061,
25496.7,heavy,3103,1,6.950,
25500.0,heavy,3101,0,6.679,
25500.0,light-2,3103,1,2.244,
25500.0,light-4,3102,1,4.556,
25500.0,light-3,3101,1,5.483,
25500.0,light-5,3103,1,5.582,
25500.0,light-1,3102,1,10.320,
25503.3,heavy,3101,0,7.223,
25506.7,heavy,3102,0,3.407,
25510.0,heavy,3103,0,3.234,
25513.3,heavy,3101,0,2.262,
25516.7,heavy,3102,1,1.284,
25520.0,heavy,3103,0,4.330,
25523.3,heavy,3101,0,3.489,
25526.7,heavy,3102,1,1.324,
25530.0,heavy,3103,0,4.204,
25533.3,heavy,3101,0,2.770,
25536.7,heavy,3102,1,0.885,
25540.0,heavy,3103,0,3.526,
25543.3,heavy,3101,0,3.651,
25546.7,heavy,3102,1,1.333,
25550.0,heavy,3103,0,2.830,
25553.3,heavy,3101,0,2.853,
25556.7,heavy,3102,1,1.810,
25560.0,heavy,3103,0,2.973,
25563.3,heavy,3101,1,3.063,
25566.7,heavy,3102,0,1.258,
25570.0,heavy,3103,0,3.504,
25573.3,heavy,3101,0,2.926,
25576.7,heavy,3102,1,1.231,
25580.0,heavy,3103,0,3.335,
25583.3,heavy,3101,0,2.713,
25586.7,heavy,3102,1,1.137,
25590.0,heavy,3103,0,3.869,
25593.3,heavy,3101,0,2.758,
25596.7,heavy,3102,1,1.151,
25600.0,heavy,3103,1,4.171,
25600.0,light-2,3103,1,1.996,
25600.0,light-4,3102,1,2.404,
25600.0,light-1,3102,1,4.562,
25600.0,light-5,3103,1,4.759,
25600.0,light-3,3101,1,5.534,
25603.3,heavy,3101,0,5.085,
25606.7,heavy,3101,0,4.397,
25610.0,heavy,3102,0,0.849,
25613.3,heavy,3103,0,2.657,
25616.7,heavy,3101,1,3.691,
25620.0,heavy,3102,1,1.274,
25623.3,heavy,3103,0,3.902,
25626.7,heavy,3101,0,4.091,
25630.0,heavy,3102,0,1.171,
25633.3,heavy,3103,0,2.677,
25636.7,heavy,3101,1,2.855,
25640.0,heavy,3102,1,1.239,
25643.3,heavy,3103,0,2.971,
25646.7,heavy,3101,0,2.454,
25650.0,heavy,3102,0,0.909,
25653.3,heavy,3103,0,4.149,
25656.7,heavy,3101,0,3.115,
25660.0,heavy,3102,1,1.226,
25663.3,heavy,3103,0,3.007,
25666.7,heavy,3101,1,2.927,
25670.0,heavy,3102,0,1.056,
25673.3,heavy,3103,1,3.664,
25676.7,heavy,3101,0,3.594,
25680.0,heavy,3102,0,1.250,
25683.3,heavy,3103,0,3.185,
25686.7,heavy,3101,1,3.407,
25690.0,heavy,3102,0,1.249,
25693.3,heavy,3103,0,7.901,
25696.7,heavy,3101,1,7.337,
25700.0,heavy,3102,1,1.493,
25700.0,light-4,3102,1,3.322,
25700.0,light-2,3103,1,6.428,
25700.0,light-1,3102,1,7.286,
25700.0,light-5,3103,1,8.070,
25700.0,light-3,3101,1,8.465,
25703.3,heavy,3103,0,7.667,
25706.7,heavy,3101,0,8.033,
25710.0,heavy,3101,0,5.907,
25713.3,heavy,3102,0,1.187,
25716.7,heavy,3103,1,2.724,
25720.0,heavy,3101,0,2.818,
25723.3,heavy,3102,0,1.055,
25726.7,heavy,3103,1,4.398,
25730.0,heavy,3101,0,3.543,
25733.3,heavy,3102,1,1.330,
25736.7,heavy,3103,0,4.565,
25740.0,heavy,3101,0,2.814,
25743.3,heavy,3102,0,1.120,
25746.7,heavy,3103,0,3.528,
25750.0,heavy,3101,1,2.938,
25753.3,heavy,3102,0,0.861,
25756.7,heavy,3103,1,3.313,
25760.0,heavy,3101,0,3.489,
25763.3,heavy,3102,1,1.451,
25766.7,heavy,3103,0,3.546,
25770.0,heavy,3101,0,3.041,
25773.3,heavy,3102,0,0.853,
25776.7,heavy,3103,0,3.719,
25780.0,heavy,3101,0,3.996,
25783.3,heavy,3102,1,1.805,
25786.7,heavy,3103,1,3.458,
25790.0,heavy,3101,0,3.338,
25793.3,heavy,3102,0,1.159,
25796.7,heavy,3103,1,3.098,
25800.0,heavy,3101,0,6.738,
25800.0,light-2,3103,1,1.544,
25800.0,light-4,3102,1,2.513,
25800.0,light-1,3102,1,5.378,
25800.0,light-5,3103,1,6.563,
25800.0,light-3,3101,1,7.312,
25803.3,heavy,3101,1,6.791,
25806.7,heavy,3102,0,1.019,
25810.0,heavy,3103,0,2.710,
25813.3,heavy,3101,0,3.205,
25816.7,heavy,3102,1,1.134,
25820.0,heavy,3103,0,4.188,
25823.3,heavy,3101,0,3.626,
25826.7,heavy,3102,1,1.392,
25830.0,heavy,3103,0,3.746,
25833.3,heavy,3101,0,3.283,
25836.7,heavy,3102,1,1.214,
25840.0,heavy,3103,0,4.173,
25843.3,heavy,3101,0,3.420,
25846.7,heavy,3102,1,1.287,
25850.0,heavy,3103,0,3.334,
25853.3,heavy,3101,1,3.190,
25856.7,heavy,3102,0,1.011,
25860.0,heavy,3103,0,3.172,
25863.3,heavy,3101,0,3.519,
25866.7,heavy,3102,1,1.019,
25870.0,heavy,3103,0,3.628,
25873.3,heavy,3101,0,2.840,
25876.7,heavy,3102,1,1.111,
25880.0,heavy,3103,0,3.349,
25883.3,heavy,3101,0,2.548,
25886.7,heavy,3102,1,1.752,
25890.0,heavy,3103,0,3.540,
25893.3,heavy,3101,1,4.038,
25896.7,heavy,3102,0,1.098,
25900.0,heavy,3103,0,6.855,
25900.0,light-5,3101,1,5.983,
25900.0,light-4,3103,1,7.408,
25900.0,light-3,3102,1,8.048,
25900.0,light-1,3103,1,8.316,
25900.0,light-2,3101,1,8.389,
25903.3,heavy,3101,0,8.279,
25906.7,heavy,3102,1,4.163,
25910.0,heavy,3102,0,5.097,
25913.3,heavy,3103,1,5.320,
25916.7,heavy,3101,0,3.490,
25920.0,heavy,3102,0,1.029,
25923.3,heavy,3103,1,4.119,
25926.7,heavy,3101,0,4.681,
25930.0,heavy,3102,1,1.511,
25933.3,heavy,3103,0,4.413,
25936.7,heavy,3101,0,4.148,
25940.0,heavy,3102,0,0.900,
25943.3,heavy,3103,0,3.505,
25946.7,heavy,3101,0,3.709,
25950.0,heavy,3102,1,1.383,
25953.3,heavy,3103,0,3.126,
25956.7,heavy,3101,1,3.606,
25960.0,heavy,3102,0,1.006,
25963.3,heavy,3103,0,4.245,
25966.7,heavy,3101,1,3.406,
25970.0,heavy,3102,0,1.429,
25973.3,heavy,3103,0,3.681,
25976.7,heavy,3101,0,2.740,
25980.0,heavy,3102,1,1.232,
25983.3,heavy,3103,0,2.870,
25986.7,heavy,3101,1,3.089,
25990.0,heavy,3102,0,1.184,
25993.3,heavy,3103,1,3.598,
25996.7,heavy,3101,0,4.408,
26000.0,heavy,3102,0,1.250,
26000.0,light-5,3101,1,2.263,
26000.0,light-2,3101,1,3.965,
26000.0,light-1,3103,1,4.718,
26000.0,light-3,3102,1,5.016,
26000.0,light-4,3103,1,5.136,
26003.3,heavy,3102,0,1.321,
26006.7,heavy,3103,1,2.859,
26010.0,heavy,3101,0,3.503,
26013.3,heavy,3102,0,1.265,
26016.7,heavy,3103,1,3.531,
26020.0,heavy,3101,0,3.170,
26023.3,heavy,3102,0,1.217,
26026.7,heavy,3103,1,2.917,
26030.0,heavy,3101,0,2.614,
26033.3,heavy,3102,1,1.485,
26036.7,heavy,3103,0,3.560,
26040.0,heavy,3101,0,3.290,
26043.3,heavy,3102,1,1.612,
26046.7,heavy,3103,0,3.723,
26050.0,heavy,3101,0,3.471,
26053.3,heavy,3102,0,1.050,
26056.7,heavy,3103,1,2.908,
26060.0,heavy,3101,0,3.127,
26063.3,heavy,3102,0,0.978,
26066.7,heavy,3103,1,4.557,
26070.0,heavy,3101,0,3.610,
26073.3,heavy,3102,1,1.310,
26076.7,heavy,3103,0,4.893,
26080.0,heavy,3101,0,2.938,
26083.3,heavy,3102,0,0.889,
26086.7,heavy,3103,1,3.547,
26090.0,heavy,3101,0,3.934,
26093.3,heavy,3102,0,0.832,
26096.7,heavy,3103,0,6.859,
26100.0,heavy,3101,1,6.072,
26100.0,light-1,3101,1,2.307,
26100.0,light-3,3103,1,4.286,
26100.0,light-4,3101,1,6.648,
26100.0,light-5,3102,1,6.763,
26100.0,light-2,3102,1,8.376,
26103.3,heavy,3102,1,1.921,
26106.7,heavy,3103,0,7.418,
26110.0,heavy,3103,0,6.388,
26113.3,heavy,3101,0,3.960,
26116.7,heavy,3102,1,1.397,
26120.0,heavy,3103,0,3.554,
26123.3,heavy,3101,1,4.760,
26126.7,heavy,3102,0,1.171,
26130.0,heavy,3103,0,3.465,
26133.3,heavy,3101,0,2.964,
26136.7,heavy,3102,1,1.223,
26140.0,heavy,3103,0,2.547,
26143.3,heavy,3101,0,3.556,
26146.7,heavy,3102,1,1.174,
26150.0,heavy,3103,1,2.749,
26153.3,heavy,3101,0,3.665,
26156.7,heavy,3102,0,0.801,
26160.0,heavy,3103,0,5.808,
26163.3,heavy,3101,0,3.188,
26166.7,heavy,3102,1,1.420,
26170.0,heavy,3103,0,6.115,
26173.3,heavy,3101,0,2.812,
26176.7,heavy,3102,1,1.686,
26180.0,heavy,3103,0,3.291,
26183.3,heavy,3101,1,3.144,
26186.7,heavy,3102,0,1.525,
26190.0,heavy,3103,0,6.224,
26193.3,heavy,3101,0,6.406,
26196.7,heavy,3102,1,1.496,
26200.0,heavy,3103,1,8.967,
26200.0,light-1,3101,1,2.425,
26200.0,light-3,3103,1,3.401,
26200.0,light-4,3101,1,9.456,
26200.0,light-5,3102,1,9.842,
26200.0,light-2,3102,1,11.079,
26203.3,heavy,3103,0,8.256,
26206.7,heavy,3101,0,7.459,
26210.0,heavy,3102,0,4.081,
26213.3,heavy,3103,0,3.063,
26216.7,heavy,3101,1,2.503,
26220.0,heavy,3102,0,0.888,
26223.3,heavy,3103,0,5.668,
26226.7,heavy,3101,0,4.147,
26230.0,heavy,3102,1,2.046,
26233.3,heavy,3103,0,4.621,
26236.7,heavy,3101,1,3.895,
26240.0,heavy,3102,0,1.260,
26243.3,heavy,3103,1,4.495,
26246.7,heavy,3101,0,4.822,
26250.0,heavy,3102,0,1.132,
26253.3,heavy,3103,0,3.495,
26256.7,heavy,3101,1,4.132,
26260.0,heavy,3102,0,1.031,
26263.3,heavy,3103,0,5.685,
26266.7,heavy,3101,1,4.716,
26270.0,heavy,3102,1,1.843,
26273.3,heavy,3103,0,5.392,
26276.7,heavy,3101,0,5.461,
26280.0,heavy,3102,0,1.674,
26283.3,heavy,3103,0,4.398,
26286.7,heavy,3101,1,4.054,
26290.0,heavy,3102,0,1.180,
26293.3,heavy,3103,0,3.895,
26296.7,heavy,3101,1,3.740,
26300.0,heavy,3102,0,1.684,
26300.0,light-5,3101,1,2.981,
26300.0,light-2,3101,1,5.624,
26300.0,light-1,3103,1,6.348,
26300.0,light-4,3103,1,7.172,
26300.0,light-3,3102,1,7.951,
26303.3,heavy,3102,0,1.478,
26306.7,heavy,3103,1,4.523,
26310.0,heavy,3101,0,3.595,
26313.3,heavy,3102,0,0.864,
26316.7,heavy,3103,0,3.706,
26320.0,heavy,3101,0,2.983,
26323.3,heavy,3102,1,1.334,
26326.7,heavy,3103,1,2.912,
26330.0,heavy,3101,0,2.902,
26333.3,heavy,3102,0,0.930,
26336.7,heavy,3103,1,3.220,
26340.0,heavy,3101,0,2.770,
26343.3,heavy,3102,1,1.728,
26346.7,heavy,3103,0,3.272,
26350.0,heavy,3101,1,3.835,
26353.3,heavy,3102,0,1.581,
26356.7,heavy,3103,0,4.111,
26360.0,heavy,3101,0,3.831,
26363.3,heavy,3102,1,1.535,
26366.7,heavy,3103,0,3.767,
26370.0,heavy,3101,0,3.999,
26373.3,heavy,3102,0,1.547,
26376.7,heavy,3103,1,3.822,
26380.0,heavy,3101,0,3.447,
26383.3,heavy,3102,1,1.212,
26386.7,heavy,3103,0,3.227,
26390.0,heavy,3101,0,2.883,
26393.3,heavy,3102,0,1.019,
26396.7,heavy,3103,0,5.000,
26400.0,heavy,3101,1,4.502,
26400.0,light-2,3103,1,2.627,
26400.0,light-4,3102,1,3.132,
26400.0,light-1,3102,1,4.784,
26400.0,light-5,3103,1,7.141,
26400.0,light-3,3101,1,7.338,
26403.3,heavy,3101,1,5.069,
26406.7,heavy,3102,0,0.727,
26410.0,heavy,3103,0,4.063,
26413.3,heavy,3101,1,3.173,
26416.7,heavy,3102,0,1.019,
26420.0,heavy,3103,0,2.888,
26423.3,heavy,3101,0,3.003,
26426.7,heavy,3102,1,1.335,
26430.0,heavy,3103,0,3.110,
26433.3,heavy,3101,0,2.871,
26436.7,heavy,3102,1,1.087,
26440.0,heavy,3103,0,2.813,
26443.3,heavy,3101,0,3.439,
26446.7,heavy,3102,1,1.403,
26450.0,heavy,3103,0,3.323,
26453.3,heavy,3101,0,2.760,
26456.7,heavy,3102,1,1.147,
26460.0,heavy,3103,0,2.962,
26463.3,heavy,3101,1,2.569,
26466.7,heavy,3102,0,1.196,
26470.0,heavy,3103,0,3.502,
26473.3,heavy,3101,0,2.839,
26476.7,heavy,3102,1,1.351,
26480.0,heavy,3103,0,2.420,
26483.3,heavy,3101,0,2.450,
26486.7,heavy,3102,1,1.610,
26490.0,heavy,3103,0,2.780,
26493.3,heavy,3101,0,3.095,
26496.7,heavy,3102,1,0.808,
26500.0,heavy,3103,0,6.657,
26500.0,light-5,3101,1,3.120,
26500.0,light-1,3103,1,5.594,
26500.0,light-2,3101,1,5.725,
26500.0,light-3,3102,1,7.127,
26500.0,light-4,3103,1,8.144,
26503.3,heavy,3101,0,6.241,
26506.7,heavy,3102,1,1.465,
26510.0,heavy,3102,0,4.177,
26513.3,heavy,3103,1,4.585,
26516.7,heavy,3101,0,2.704,
26520.0,heavy,3102,0,0.923,
26523.3,heavy,3103,0,3.056,
26526.7,heavy,3101,1,2.855,
26530.0,heavy,3102,0,0.768,
26533.3,heavy,3103,0,3.548,
26536.7,heavy,3101,1,2.800,
26540.0,heavy,3102,0,0.723,
26543.3,heavy,3103,0,4.154,
26546.7,heavy,3101,1,3.176,
26550.0,heavy,3102,1,1.177,
26553.3,heavy,3103,0,4.670,
26556.7,heavy,3101,0,3.105,
26560.0,heavy,3102,0,1.640,
26563.3,heavy,3103,0,3.298,
26566.7,heavy,3101,0,3.523,
26570.0,heavy,3102,1,1.222,
26573.3,heavy,3103,0,2.860,
26576.7,heavy,3101,1,3.118,
26580.0,heavy,3102,0,1.192,
26583.3,heavy,3103,1,3.505,
26586.7,heavy,3101,0,2.939,
26590.0,heavy,3102,0,1.154,
26593.3,heavy,3103,0,3.124,
26596.7,heavy,3101,1,3.366,
26600.0,heavy,3102,0,1.346,
26600.0,light-5,3101,1,2.108,
26600.0,light-1,3103,1,4.228,
26600.0,light-2,3101,1,4.745,
26600.0,light-4,3103,1,5.225,
26600.0,light-3,3102,1,6.101,
26603.3,heavy,3102,0,2.693,
26606.7,heavy,3103,1,3.137,
26610.0,heavy,3101,0,3.734,
26613.3,heavy,3102,0,1.057,
26616.7,heavy,3103,0,3.635,
26620.0,heavy,3101,1,3.539,
26623.3,heavy,3102,1,1.395,
26626.7,heavy,3103,0,3.997,
26630.0,heavy,3101,0,4.150,
26633.3,heavy,3102,0,1.191,
26636.7,heavy,3103,1,4.126,
26640.0,heavy,3101,0,3.339,
26643.3,heavy,3102,1,1.327,
26646.7,heavy,3103,0,5.143,
26650.0,heavy,3101,0,3.471,
26653.3,heavy,3102,0,0.928,
26656.7,heavy,3103,0,3.748,
26660.0,heavy,3101,1,2.915,
26663.3,heavy,3102,0,1.211,
26666.7,heavy,3103,1,4.071,
26670.0,heavy,3101,0,3.297,
26673.3,heavy,3102,1,1.086,
26676.7,heavy,3103,0,4.858,
26680.0,heavy,3101,0,3.448,
26683.3,heavy,3102,0,1.013,
26686.7,heavy,3103,0,4.424,
26690.0,heavy,3101,1,3.449,
26693.3,heavy,3102,1,1.063,
26696.7,heavy,3103,0,3.085,
26700.0,heavy,3101,0,5.494,
26700.0,light-2,3103,1,1.518,
26700.0,light-4,3102,1,2.902,
26700.0,light-1,3102,1,5.151,
26700.0,light-5,3103,1,5.295,
26700.0,light-3,3101,1,6.936,
26703.3,heavy,3101,0,4.599,
26706.7,heavy,3102,1,0.994,
26710.0,heavy,3103,1,5.097,
26713.3,heavy,3101,0,4.315,
26716.7,heavy,3102,1,1.476,
26720.0,heavy,3103,0,5.494,
26723.3,heavy,3101,0,4.862,
26726.7,heavy,3102,0,0.861,
26730.0,heavy,3103,0,3.188,
26733.3,heavy,3101,0,3.115,
26736.7,heavy,3102,1,0.978,
26740.0,heavy,3103,1,4.722,
26743.3,heavy,3101,0,3.852,
26746.7,heavy,3102,1,1.407,
26750.0,heavy,3103,0,4.672,
26753.3,heavy,3101,0,4.490,
26756.7,heavy,3102,0,1.283,
26760.0,heavy,3103,0,3.201,
26763.3,heavy,3101,0,3.418,
26766.7,heavy,3102,1,1.129,
26770.0,heavy,3103,0,3.607,
26773.3,heavy,3101,0,2.906,
26776.7,heavy,3102,1,1.464,
26780.0,heavy,3103,0,4.085,
26783.3,heavy,3101,0,6.921,
26786.7,heavy,3102,1,1.938,
26790.0,heavy,3103,0,6.137,
26793.3,heavy,3101,0,5.311,
26796.7,heavy,3102,1,1.022,
26800.0,heavy,3103,1,5.892,
26800.0,light-1,3101,1,1.431,
26800.0,light-3,3103,1,2.588,
26800.0,light-4,3101,1,6.078,
26800.0,light-2,3102,1,6.265,
26800.0,light-5,3102,1,7.295,
26803.3,heavy,3103,0,5.026,
26806.7,heavy,3101,0,3.494,
26810.0,heavy,3102,0,1.165,
26813.3,heavy,3103,0,4.566,
26816.7,heavy,3101,1,3.718,
26820.0,heavy,3102,0,1.237,
26823.3,heavy,3103,0,4.130,
26826.7,heavy,3101,0,3.101,
26830.0,heavy,3102,1,1.279,
26833.3,heavy,3103,0,3.511,
26836.7,heavy,3101,1,3.605,
26840.0,heavy,3102,0,1.023,
26843.3,heavy,3103,0,3.646,
26846.7,heavy,3101,1,2.897,
26850.0,heavy,3102,0,0.830,
26853.3,heavy,3103,0,3.867,
26856.7,heavy,3101,0,2.867,
26860.0,heavy,3102,1,1.288,
26863.3,heavy,3103,1,4.373,
26866.7,heavy,3101,0,2.637,
26870.0,heavy,3102,1,1.431,
26873.3,heavy,3103,0,3.104,
26876.7,heavy,3101,0,3.542,
26880.0,heavy,3102,0,1.504,
26883.3,heavy,3103,0,2.831,
26886.7,heavy,3101,1,3.568,
26890.0,heavy,3102,1,1.089,
26893.3,heavy,3103,0,3.054,
26896.7,heavy,3101,0,3.431,
26900.0,heavy,3102,0,1.156,
26900.0,light-5,3101,1,2.162,
26900.0,light-2,3101,1,4.069,
26900.0,light-1,3103,1,4.301,
26900.0,light-3,3102,1,4.344,
26900.0,light-4,3103,1,5.118,
26903.3,heavy,3102,0,1.056,
26906.7,heavy,3103,1,3.261,
26910.0,heavy,3101,0,3.488,
26913.3,heavy,3102,0,0.807,
26916.7,heavy,3103,0,3.751,
26920.0,heavy,3101,1,2.847,
26923.3,heavy,3102,1,1.551,
26926.7,heavy,3103,0,4.276,
26930.0,heavy,3101,0,2.897,
26933.3,heavy,3102,1,1.437,
26936.7,heavy,3103,0,3.028,
26940.0,heavy,3101,0,3.243,
26943.3,heavy,3102,0,0.953,
26946.7,heavy,3103,1,4.391,
26950.0,heavy,3101,0,4.582,
26953.3,heavy,3102,1,1.233,
26956.7,heavy,3103,0,5.154,
26960.0,heavy,3101,0,2.787,
26963.3,heavy,3102,0,1.124,
26966.7,heavy,3103,1,3.225,
26970.0,heavy,3101,0,2.621,
26973.3,heavy,3102,0,1.242,
26976.7,heavy,3103,1,4.156,
26980.0,heavy,3101,0,3.730,
26983.3,heavy,3102,1,1.297,
26986.7,heavy,3103,0,4.903,
26990.0,heavy,3101,0,4.253,
26993.3,heavy,3102,0,1.175,
26996.7,heavy,3103,1,6.547,
27000.0,heavy,3101,0,5.603,
27000.0,light-5,3101,1,3.612,
27000.0,light-3,3102,1,5.868,
27000.0,light-2,3101,1,6.659,
27000.0,light-1,3103,1,6.914,
27000.0,light-4,3103,1,7.388,
27003.3,heavy,3102,1,1.274,
27006.7,heavy,3102,0,1.220,
27010.0,heavy,3103,0,4.342,
27013.3,heavy,3101,0,2.914,
27016.7,heavy,3102,1,0.751,
27020.0,heavy,3103,0,3.411,
27023.3,heavy,3101,0,2.488,
27026.7,heavy,3102,1,0.956,
27030.0,heavy,3103,0,3.501,
27033.3,heavy,3101,0,3.027,
27036.7,heavy,3102,1,1.133,
27040.0,heavy,3103,0,2.514,
27043.3,heavy,3101,0,2.796,
27046.7,heavy,3102,1,1.124,
27050.0,heavy,3103,0,2.947,
27053.3,heavy,3101,0,2.463,
27056.7,heavy,3102,1,0.807,
27060.0,heavy,3103,0,3.419,
27063.3,heavy,3101,0,3.606,
27066.7,heavy,3102,1,1.298,
27070.0,heavy,3103,0,3.097,
27073.3,heavy,3101,0,25.484,
27076.7,heavy,3102,1,1.270,
27080.0,heavy,3103,0,3.064,
27083.3,heavy,3101,0,19.885,
27086.7,heavy,3102,1,1.182,
27090.0,heavy,3103,0,2.783,
27093.3,heavy,3101,0,6.906,
27096.7,heavy,3102,1,1.156,
27100.0,heavy,3103,0,6.679,
27100.0,light-1,3101,1,2.280,
27100.0,light-3,3103,1,2.482,
27100.0,light-2,3102,1,6.902,
27100.0,light-4,3101,1,7.369,
27100.0,light-5,3102,1,8.121,
27103.3,heavy,3103,1,5.722,
27106.7,heavy,3101,0,3.376,
27110.0,heavy,3102,0,0.949,
27113.3,heavy,3103,0,3.137,
27116.7,heavy,3101,0,2.674,
27120.0,heavy,3102,1,1.074,
27123.3,heavy,3103,0,4.248,
27126.7,heavy,3101,0,2.851,
27130.0,heavy,3102,1,2.269,
27133.3,heavy,3103,1,5.096,
27136.7,heavy,3101,0,3.084,
27140.0,heavy,3102,0,1.196,
27143.3,heavy,3103,0,3.321,
27146.7,heavy,3101,0,2.831,
27150.0,heavy,3102,1,1.150,
27153.3,heavy,3103,0,3.880,
27156.7,heavy,3101,1,2.780,
27160.0,heavy,3102,1,1.165,
27163.3,heavy,3103,0,4.179,
27166.7,heavy,3101,0,2.542,
27170.0,heavy,3102,0,0.978,
27173.3,heavy,3103,0,3.917,
27176.7,heavy,3101,0,3.126,
27180.0,heavy,3102,1,1.225,
27183.3,heavy,3103,0,2.804,
27186.7,heavy,3101,1,3.309,
27190.0,heavy,3102,0,0.948,
27193.3,heavy,3103,1,3.297,
27196.7,heavy,3101,0,3.395,
27200.0,heavy,3102,0,1.410,
27200.0,light-5,3101,1,2.410,
27200.0,light-2,3101,1,4.613,
27200.0,light-1,3103,1,5.115,
27200.0,light-3,3102,1,5.152,
27200.0,light-4,3103,1,5.313,
27203.3,heavy,3102,0,1.544,
27206.7,heavy,3103,1,3.721,
27210.0,heavy,3101,0,2.579,
27213.3,heavy,3102,0,1.019,
27216.7,heavy,3103,0,3.569,
27220.0,heavy,3101,1,2.860,
27223.3,heavy,3102,1,1.499,
27226.7,heavy,3103,0,4.078,
27230.0,heavy,3101,0,2.366,
27233.3,heavy,3102,1,1.281,
27236.7,heavy,3103,0,3.509,
27240.0,heavy,3101,0,2.953,
27243.3,heavy,3102,0,0.837,
27246.7,heavy,3103,0,4.229,
27250.0,heavy,3101,1,2.818,
27253.3,heavy,3102,1,1.102,
27256.7,heavy,3103,0,4.621,
27260.0,heavy,3101,0,2.910,
27263.3,heavy,3102,0,0.916,
27266.7,heavy,3103,0,3.221,
27270.0,heavy,3101,1,2.604,
27273.3,heavy,3102,0,0.639,
27276.7,heavy,3103,0,4.692,
27280.0,heavy,3101,1,4.157,
27283.3,heavy,3102,1,1.432,
27286.7,heavy,3103,0,5.334,
27290.0,heavy,3101,0,3.378,
27293.3,heavy,3102,0,0.841,
27296.7,heavy,3103,1,6.363,
27300.0,heavy,3101,0,5.085,
27300.0,light-5,3101,1,3.328,
27300.0,light-2,3101,1,5.433,
27300.0,light-3,3102,1,6.040,
27300.0,light-1,3103,1,6.225,
27300.0,light-4,3103,1,7.411,
27303.3,heavy,3102,1,1.446,
27306.7,heavy,3102,0,1.233,
27310.0,heavy,3103,0,4.494,
27313.3,heavy,3101,0,3.187,
27316.7,heavy,3102,1,1.387,
27320.0,heavy,3103,0,3.866,
27323.3,heavy,3101,1,3.432,
27326.7,heavy,3102,1,1.158,
27330.0,heavy,3103,0,5.194,
27333.3,heavy,3101,0,4.549,
27336.7,heavy,3102,0,1.323,
27340.0,heavy,3103,0,3.350,
27343.3,heavy,3101,0,3.108,
27346.7,heavy,3102,1,1.017,
27350.0,heavy,3103,0,2.913,
27353.3,heavy,3101,0,2.889,
27356.7,heavy,3102,1,0.874,
27360.0,heavy,3103,0,3.027,
27363.3,heavy,3101,0,3.320,
27366.7,heavy,3102,1,1.172,
27370.0,heavy,3103,0,2.634,
27373.3,heavy,3101,0,3.778,
27376.7,heavy,3102,1,1.213,
27380.0,heavy,3103,0,3.310,
27383.3,heavy,3101,0,3.253,
27386.7,heavy,3102,1,0.976,
27390.0,heavy,3103,0,2.958,
27393.3,heavy,3101,0,3.707,
27396.7,heavy,3102,1,1.168,
27400.0,heavy,3103,0,4.867,
27400.0,light-1,3101,1,1.140,
27400.0,light-3,3103,1,2.580,
27400.0,light-4,3101,1,4.962,
27400.0,light-2,3102,1,5.308,
27400.0,light-5,3102,1,6.898,
27403.3,heavy,3103,0,3.962,
27406.7,heavy,3101,1,2.756,
27410.0,heavy,3102,0,1.066,
27413.3,heavy,3103,0,3.928,
27416.7,heavy,3101,1,3.791,
27420.0,heavy,3102,1,1.248,
27423.3,heavy,3103,0,4.357,
27426.7,heavy,3101,0,4.146,
27430.0,heavy,3102,0,1.441,
27433.3,heavy,3103,0,3.398,
27436.7,heavy,3101,0,2.519,
27440.0,heavy,3102,1,1.123,
27443.3,heavy,3103,0,3.664,
27446.7,heavy,3101,1,2.192,
27450.0,heavy,3102,1,1.698,
27453.3,heavy,3103,0,2.812,
27456.7,heavy,3101,0,3.140,
27460.0,heavy,3102,0,1.454,
27463.3,heavy,3103,0,2.840,
27466.7,heavy,3101,1,3.418,
27470.0,heavy,3102,1,1.080,
27473.3,heavy,3103,0,2.935,
27476.7,heavy,3101,0,2.511,
27480.0,heavy,3102,0,0.987,
27483.3,heavy,3103,0,3.970,
27486.7,heavy,3101,0,3.577,
27490.0,heavy,3102,1,1.406,
27493.3,heavy,3103,0,3.172,
27496.7,heavy,3101,1,7.102,
27500.0,heavy,3102,1,1.388,
27500.0,light-2,3103,1,2.664,
27500.0,light-4,3102,1,3.145,
27500.0,light-1,3102,1,5.499,
27500.0,light-5,3103,1,6.228,
27500.0,light-3,3101,1,8.151,
27503.3,heavy,3103,0,5.435,
27506.7,heavy,3101,0,6.844,
27510.0,heavy,3101,0,6.230,
27513.3,heavy,3102,0,0.786,
27516.7,heavy,3103,1,2.708,
27520.0,heavy,3101,0,2.801,
27523.3,heavy,3102,0,1.346,
27526.7,heavy,3103,1,3.674,
27530.0,heavy,3101,0,3.210,
27533.3,heavy,3102,1,1.348,
27536.7,heavy,3103,0,3.709,
27540.0,heavy,3101,0,2.374,
27543.3,heavy,3102,0,1.107,
27546.7,heavy,3103,0,2.813,
27550.0,heavy,3101,0,2.804,
27553.3,heavy,3102,1,1.177,
27556.7,heavy,3103,0,4.069,
27560.0,heavy,3101,1,3.308,
27563.3,heavy,3102,1,1.231,
27566.7,heavy,3103,0,4.638,
27570.0,heavy,3101,0,2.769,
27573.3,heavy,3102,0,0.767,
27576.7,heavy,3103,0,3.895,
27580.0,heavy,3101,1,2.938,
27583.3,heavy,3102,1,1.139,
27586.7,heavy,3103,0,3.108,
27590.0,heavy,3101,0,2.598,
27593.3,heavy,3102,1,1.957,
27596.7,heavy,3103,0,3.278,
27600.0,heavy,3101,0,4.929,
27600.0,light-2,3103,1,1.979,
27600.0,light-4,3102,1,2.936,
27600.0,light-1,3102,1,4.501,
27600.0,light-5,3103,1,4.510,
27600.0,light-3,3101,1,4.954,
27603.3,heavy,3101,1,4.001,
27606.7,heavy,3102,0,0.958,
27610.0,heavy,3103,1,4.323,
27613.3,heavy,3101,0,3.536,
27616.7,heavy,3102,0,0.984,
27620.0,heavy,3103,0,3.973,
27623.3,heavy,3101,0,3.181,
27626.7,heavy,3102,1,1.167,
27630.0,heavy,3103,0,4.823,
27633.3,heavy,3101,0,2.592,
27636.7,heavy,3102,1,1.654,
27640.0,heavy,3103,0,4.266,
27643.3,heavy,3101,0,3.657,
27646.7,heavy,3102,1,0.941,
27650.0,heavy,3103,0,2.946,
27653.3,heavy,3101,0,3.085,
27656.7,heavy,3102,1,1.350,
27660.0,heavy,3103,0,3.369,
27663.3,heavy,3101,1,2.604,
27666.7,heavy,3102,0,0.951,
27670.0,heavy,3103,0,4.335,
27673.3,heavy,3101,0,3.437,
27676.7,heavy,3102,1,1.585,
27680.0,heavy,3103,0,2.718,
27683.3,heavy,3101,0,3.343,
27686.7,heavy,3102,1,1.062,
27690.0,heavy,3103,0,3.146,
27693.3,heavy,3101,1,2.502,
27696.7,heavy,3102,0,0.849,
27700.0,heavy,3103,0,6.963,
27700.0,light-5,3101,1,3.159,
27700.0,light-2,3101,1,6.053,
27700.0,light-3,3102,1,6.567,
27700.0,light-1,3103,1,6.965,
27700.0,light-4,3103,1,7.836,
27703.3,heavy,3101,0,4.574,
27706.7,heavy,3102,1,1.605,
27710.0,heavy,3102,0,2.241,
27713.3,heavy,3103,1,4.277,
27716.7,heavy,3101,0,2.281,
27720.0,heavy,3102,0,1.455,
27723.3,heavy,3103,1,7.110,
27726.7,heavy,3101,0,2.766,
27730.0,heavy,3102,0,0.890,
27733.3,heavy,3103,0,2.969,
27736.7,heavy,3101,1,2.854,
27740.0,heavy,3102,0,0.915,
27743.3,heavy,3103,1,3.484,
27746.7,heavy,3101,0,2.707,
27750.0,heavy,3102,1,1.331,
27753.3,heavy,3103,0,4.080,
27756.7,heavy,3101,0,2.621,
27760.0,heavy,3102,0,1.258,
27763.3,heavy,3103,0,3.279,
27766.7,heavy,3101,0,3.438,
27770.0,heavy,3102,1,1.178,
27773.3,heavy,3103,0,2.586,
27776.7,heavy,3101,1,4.299,
27780.0,heavy,3102,1,1.227,
27783.3,heavy,3103,0,3.352,
27786.7,heavy,3101,0,4.243,
27790.0,heavy,3102,0,0.854,
27793.3,heavy,3103,0,5.461,
27796.7,heavy,3101,0,4.621,
27800.0,heavy,3102,1,1.416,
27800.0,light-5,3101,1,3.154,
27800.0,light-3,3102,1,5.425,
27800.0,light-2,3101,1,5.585,
27800.0,light-1,3103,1,5.742,
27800.0,light-4,3103,1,6.589,
27803.3,heavy,3102,0,0.980,
27806.7,heavy,3103,1,3.859,
27810.0,heavy,3101,0,2.771,
27813.3,heavy,3102,0,1.049,
27816.7,heavy,3103,1,3.243,
27820.0,heavy,3101,0,3.017,
27823.3,heavy,3102,0,0.860,
27826.7,heavy,3103,1,3.022,
27830.0,heavy,3101,0,3.156,
27833.3,heavy,3102,0,0.776,
27836.7,heavy,3103,1,2.802,
27840.0,heavy,3101,0,2.642,
27843.3,heavy,3102,1,1.326,
27846.7,heavy,3103,0,3.130,
27850.0,heavy,3101,0,3.011,
27853.3,heavy,3102,0,0.997,
27856.7,heavy,3103,0,3.243,
27860.0,heavy,3101,0,2.773,
27863.3,heavy,3102,1,1.153,
27866.7,heavy,3103,1,4.002,
27870.0,heavy,3101,0,3.487,
27873.3,heavy,3102,1,1.166,
27876.7,heavy,3103,0,4.137,
27880.0,heavy,3101,0,3.484,
27883.3,heavy,3102,0,0.961,
27886.7,heavy,3103,0,3.320,
27890.0,heavy,3101,0,2.573,
27893.3,heavy,3102,1,1.114,
27896.7,heavy,3103,1,2.494,
27900.0,heavy,3101,0,3.853,
27900.0,light-2,3103,1,1.043,
27900.0,light-4,3102,1,2.094,
27900.0,light-1,3102,1,3.901,
27900.0,light-5,3103,1,4.147,
27900.0,light-3,3101,1,4.358,
27903.3,heavy,3101,0,2.504,
27906.7,heavy,3102,1,0.905,
27910.0,heavy,3103,0,3.869,
27913.3,heavy,3101,0,3.185,
27916.7,heavy,3102,1,1.136,
27920.0,heavy,3103,0,4.297,
27923.3,heavy,3101,0,2.570,
27926.7,heavy,3102,1,0.936,
27930.0,heavy,3103,0,3.757,
27933.3,heavy,3101,1,3.002,
27936.7,heavy,3102,0,0.902,
27940.0,heavy,3103,1,4.722,
27943.3,heavy,3101,0,3.982,
27946.7,heavy,3102,1,1.351,
27950.0,heavy,3103,0,4.928,
27953.3,heavy,3101,0,4.695,
27956.7,heavy,3102,0,0.934,
27960.0,heavy,3103,0,3.041,
27963.3,heavy,3101,0,3.528,
27966.7,heavy,3102,1,1.461,
27970.0,heavy,3103,0,3.754,
27973.3,heavy,3101,0,2.895,
27976.7,heavy,3102,1,1.258,
27980.0,heavy,3103,0,2.893,
27983.3,heavy,3101,1,2.223,
27986.7,heavy,3102,0,0.799,
27990.0,heavy,3103,0,6.023,
27993.3,heavy,3101,0,5.370,
27996.7,heavy,3102,1,1.483,
28000.0,heavy,3103,0,6.184,
28000.0,light-1,3101,1,2.458,
28000.0,light-3,3103,1,3.178,
28000.0,light-2,3102,1,5.842,
28000.0,light-4,3101,1,5.898,
28000.0,light-5,3102,1,7.427,
28003.3,heavy,3103,1,4.873,
28006.7,heavy,3101,0,3.363,
28010.0,heavy,3102,0,1.002,
28013.3,heavy,3103,1,2.408,
28016.7,heavy,3101,0,2.823,
28020.0,heavy,3102,0,0.939,
28023.3,heavy,3103,0,2.820,
28026.7,heavy,3101,0,3.093,
28030.0,heavy,3102,1,1.484,
28033.3,heavy,3103,0,3.148,
28036.7,heavy,3101,1,3.044,
28040.0,heavy,3102,0,1.024,
28043.3,heavy,3103,0,3.352,
28046.7,heavy,3101,1,2.910,
28050.0,heavy,3102,0,0.947,
28053.3,heavy,3103,0,4.501,
28056.7,heavy,3101,0,3.022,
28060.0,heavy,3102,1,2.182,
28063.3,heavy,3103,0,3.387,
28066.7,heavy,3101,1,3.205,
28070.0,heavy,3102,0,1.135,
28073.3,heavy,3103,1,3.303,
28076.7,heavy,3101,0,3.551,
28080.0,heavy,3102,0,0.792,
28083.3,heavy,3103,0,3.993,
28086.7,heavy,3101,0,2.947,
28090.0,heavy,3102,1,1.465,
28093.3,heavy,3103,0,3.383,
28096.7,heavy,3101,1,2.823,
28100.0,heavy,3102,0,1.290,
28100.0,light-5,3101,1,2.245,
28100.0,light-2,3101,1,3.947,
28100.0,light-1,3103,1,4.411,
28100.0,light-3,3102,1,4.446,
28100.0,light-4,3103,1,4.522,
28103.3,heavy,3102,0,0.711,
28106.7,heavy,3103,1,2.784,
28110.0,heavy,3101,0,2.534,
28113.3,heavy,3102,0,1.131,
28116.7,heavy,3103,0,3.578,
28120.0,heavy,3101,0,2.830,
28123.3,heavy,3102,1,1.223,
28126.7,heavy,3103,1,2.849,
28130.0,heavy,3101,0,2.507,
28133.3,heavy,3102,1,1.206,
28136.7,heavy,3103,0,2.615,
28140.0,heavy,3101,0,3.854,
28143.3,heavy,3102,0,1.091,
28146.7,heavy,3103,0,3.294,
28150.0,heavy,3101,0,3.522,
28153.3,heavy,3102,1,0.990,
28156.7,heavy,3103,1,2.347,
28160.0,heavy,3101,0,2.790,
28163.3,heavy,3102,1,1.182,
28166.7,heavy,3103,0,2.754,
28170.0,heavy,3101,0,2.520,
28173.3,heavy,3102,1,1.838,
28176.7,heavy,3103,0,4.456,
28180.0,heavy,3101,0,3.508,
28183.3,heavy,3102,1,1.968,
28186.7,heavy,3103,0,4.379,
28190.0,heavy,3101,0,2.795,
28193.3,heavy,3102,1,1.279,
28196.7,heavy,3103,0,4.341,
28200.0,heavy,3101,0,4.818,
28200.0,light-2,3103,1,2.294,
28200.0,light-4,3102,1,2.626,
28200.0,light-1,3102,1,4.934,
28200.0,light-5,3103,1,5.785,
28200.0,light-3,3101,1,7.250,
28203.3,heavy,3101,1,3.820,
28206.7,heavy,3102,0,1.571,
28210.0,heavy,3103,1,3.195,
28213.3,heavy,3101,0,3.466,
28216.7,heavy,3102,0,0.933,
28220.0,heavy,3103,0,2.644,
28223.3,heavy,3101,0,3.088,
28226.7,heavy,3102,1,1.290,
28230.0,heavy,3103,0,3.164,
28233.3,heavy,3101,0,2.161,
28236.7,heavy,3102,1,1.342,
28240.0,heavy,3103,0,2.957,
28243.3,heavy,3101,0,2.722,
28246.7,heavy,3102,1,0.860,
28250.0,heavy,3103,0,3.425,
28253.3,heavy,3101,0,3.338,
28256.7,heavy,3102,1,1.163,
28260.0,heavy,3103,0,3.595,
28263.3,heavy,3101,0,2.579,
28266.7,heavy,3102,1,1.796,
28270.0,heavy,3103,0,2.945,
28273.3,heavy,3101,0,3.407,
28276.7,heavy,3102,1,1.716,
28280.0,heavy,3103,0,2.901,
28283.3,heavy,3101,0,2.681,
28286.7,heavy,3102,1,1.057,
28290.0,heavy,3103,0,2.813,
28293.3,heavy,3101,0,2.223,
28296.7,heavy,3102,1,0.920,
28300.0,heavy,3103,0,6.078,
28300.0,light-5,3101,1,3.127,
28300.0,light-3,3102,1,5.559,
28300.0,light-2,3101,1,5.968,
28300.0,light-1,3103,1,6.074,
28300.0,light-4,3103,1,6.902,
28303.3,heavy,3101,0,4.465,
28306.7,heavy,3102,1,1.243,
28310.0,heavy,3102,0,1.206,
28313.3,heavy,3103,0,3.347,
28316.7,heavy,3101,1,3.244,
28320.0,heavy,3102,0,1.278,
28323.3,heavy,3103,0,4.052,
28326.7,heavy,3101,0,3.652,
28330.0,heavy,3102,1,1.532,
28333.3,heavy,3103,0,4.513,
28336.7,heavy,3101,0,4.252,
28340.0,heavy,3102,1,0.965,
28343.3,heavy,3103,0,3.044,
28346.7,heavy,3101,1,3.050,
28350.0,heavy,3102,0,0.966,
28353.3,heavy,3103,0,3.088,
28356.7,heavy,3101,1,3.205,
28360.0,heavy,3102,0,1.011,
28363.3,heavy,3103,1,3.574,
28366.7,heavy,3101,0,3.520,
28370.0,heavy,3102,0,0.833,
28373.3,heavy,3103,0,4.081,
28376.7,heavy,3101,1,3.751,
28380.0,heavy,3102,1,1.366,
28383.3,heavy,3103,0,4.188,
28386.7,heavy,3101,0,2.864,
28390.0,heavy,3102,0,0.990,
28393.3,heavy,3103,0,3.326,
28396.7,heavy,3101,1,2.730,
28400.0,heavy,3102,0,1.366,
28400.0,light-5,3101,1,2.473,
28400.0,light-2,3101,1,4.003,
28400.0,light-1,3103,1,4.324,
28400.0,light-3,3102,1,4.745,
28400.0,light-4,3103,1,4.871,
28403.3,heavy,3102,0,1.137,
28406.7,heavy,3103,1,3.685,
28410.0,heavy,3101,0,3.077,
28413.3,heavy,3102,1,1.188,
28416.7,heavy,3103,0,4.037,
28420.0,heavy,3101,0,2.285,
28423.3,heavy,3102,1,1.195,
28426.7,heavy,3103,0,2.873,
28430.0,heavy,3101,0,3.018,
28433.3,heavy,3102,0,0.826,
28436.7,heavy,3103,1,4.258,
28440.0,heavy,3101,0,3.433,
28443.3,heavy,3102,1,1.311,
28446.7,heavy,3103,0,4.666,
28450.0,heavy,3101,0,2.321,
28453.3,heavy,3102,0,0.703,
28456.7,heavy,3103,1,2.953,
28460.0,heavy,3101,0,3.180,
28463.3,heavy,3102,0,0.712,
28466.7,heavy,3103,1,4.154,
28470.0,heavy,3101,0,3.395,
28473.3,heavy,3102,1,1.318,
28476.7,heavy,3103,0,4.152,
28480.0,heavy,3101,0,2.341,
28483.3,heavy,3102,0,0.891,
28486.7,heavy,3103,0,3.185,
28490.0,heavy,3101,0,3.245,
28493.3,heavy,3102,1,1.233,
28496.7,heavy,3103,1,2.959,
28500.0,heavy,3101,0,5.118,
28500.0,light-2,3103,1,1.109,
28500.0,light-4,3102,1,2.691,
28500.0,light-5,3103,1,4.324,
28500.0,light-1,3102,1,5.136,
28500.0,light-3,3101,1,5.168,
28503.3,heavy,3101,0,2.913,
28506.7,heavy,3102,1,0.983,
28510.0,heavy,3103,0,3.469,
28513.3,heavy,3101,0,2.956,
28516.7,heavy,3102,1,1.614,
28520.0,heavy,3103,0,4.314,
28523.3,heavy,3101,1,3.017,
28526.7,heavy,3102,0,1.539,
28530.0,heavy,3103,0,5.141,
28533.3,heavy,3101,0,5.219,
28536.7,heavy,3102,1,1.964,
28540.0,heavy,3103,0,5.817,
28543.3,heavy,3101,1,3.990,
28546.7,heavy,3102,0,1.321,
28550.0,heavy,3103,0,3.913,
28553.3,heavy,3101,0,3.752,
28556.7,heavy,3102,1,1.204,
28560.0,heavy,3103,0,4.182,
28563.3,heavy,3101,0,3.449,
28566.7,heavy,3102,1,1.461,
28570.0,heavy,3103,0,4.343,
28573.3,heavy,3101,0,3.583,
28576.7,heavy,3102,1,1.470,
28580.0,heavy,3103,0,3.545,
28583.3,heavy,3101,0,3.770,
28586.7,heavy,3102,1,1.397,
28590.0,heavy,3103,0,8.560,
28593.3,heavy,3101,1,7.288,
28596.7,heavy,3102,1,1.926,
28600.0,heavy,3103,0,8.559,
28600.0,light-1,3101,1,3.019,
28600.0,light-3,3103,1,3.753,
28600.0,light-2,3102,1,8.237,
28600.0,light-4,3101,1,8.296,
28600.0,light-5,3102,1,9.300,
28603.3,heavy,3103,0,7.380,
28606.7,heavy,3101,0,5.725,
28610.0,heavy,3102,0,2.693,
28613.3,heavy,3103,0,4.218,
28616.7,heavy,3101,1,3.415,
28620.0,heavy,3102,0,1.114,
28623.3,heavy,3103,0,3.834,
28626.7,heavy,3101,0,3.046,
28630.0,heavy,3102,1,1.230,
28633.3,heavy,3103,1,4.076,
28636.7,heavy,3101,0,2.644,
28640.0,heavy,3102,0,1.011,
28643.3,heavy,3103,1,3.734,
28646.7,heavy,3101,0,4.249,
28650.0,heavy,3102,0,0.977,
28653.3,heavy,3103,0,2.443,
28656.7,heavy,3101,0,3.953,
28660.0,heavy,3102,1,1.109,
28663.3,heavy,3103,1,2.858,
28666.7,heavy,3101,0,3.720,
28670.0,heavy,3102,0,1.287,
28673.3,heavy,3103,0,3.764,
28676.7,heavy,3101,0,3.033,
28680.0,heavy,3102,1,1.222,
28683.3,heavy,3103,0,2.886,
28686.7,heavy,3101,1,2.997,
28690.0,heavy,3102,0,0.927,
28693.3,heavy,3103,1,4.494,
28696.7,heavy,3101,0,5.408,
28700.0,heavy,3102,0,1.399,
28700.0,light-5,3101,1,4.273,
28700.0,light-3,3102,1,5.711,
28700.0,light-4,3103,1,5.809,
28700.0,light-2,3101,1,6.127,
28700.0,light-1,3103,1,6.763,
28703.3,heavy,3102,0,1.815,
28706.7,heavy,3103,1,3.366,
28710.0,heavy,3101,0,3.824,
28713.3,heavy,3102,0,1.363,
28716.7,heavy,3103,0,4.706,
28720.0,heavy,3101,1,3.466,
28723.3,heavy,3102,1,2.199,
28726.7,heavy,3103,0,4.963,
28730.0,heavy,3101,0,4.356,
28733.3,heavy,3102,0,1.129,
28736.7,heavy,3103,0,4.120,
28740.0,heavy,3101,1,3.348,
28743.3,heavy,3102,0,0.793,
28746.7,heavy,3103,0,4.344,
28750.0,heavy,3101,1,3.056,
28753.3,heavy,3102,1,1.233,
28756.7,heavy,3103,0,4.755,
28760.0,heavy,3101,0,2.755,
28763.3,heavy,3102,0,1.025,
28766.7,heavy,3103,1,2.772,
28770.0,heavy,3101,0,3.020,
28773.3,heavy,3102,0,0.751,
28776.7,heavy,3103,1,4.123,
28780.0,heavy,3101,0,3.267,
28783.3,heavy,3102,1,1.266,
28786.7,heavy,3103,0,4.453,
28790.0,heavy,3101,0,3.235,
28793.3,heavy,3102,0,1.175,
28796.7,heavy,3103,1,4.586,
28800.0,heavy,3101,0,4.649,
28800.0,light-2,3103,1,2.108,
28800.0,light-4,3102,1,2.515,
28800.0,light-1,3102,1,3.821,
28800.0,light-5,3103,1,4.574,
28800.0,light-3,3101,1,5.697,
28803.3,heavy,3101,0,4.224,
28806.7,heavy,3102,1,0.623,
28810.0,heavy,3103,0,3.850,
28813.3,heavy,3101,0,3.175,
28816.7,heavy,3102,1,1.371,
28820.0,heavy,3103,0,3.081,
28823.3,heavy,3101,0,2.671,
28826.7,heavy,3102,1,1.318,
28830.0,heavy,3103,0,3.562,
28833.3,heavy,3101,0,2.988,
28836.7,heavy,3102,1,0.960,
28840.0,heavy,3103,0,3.681,
28843.3,heavy,3101,0,2.908,
28846.7,heavy,3102,1,1.141,
28850.0,heavy,3103,0,3.044,
28853.3,heavy,3101,0,2.893,
28856.7,heavy,3102,1,1.254,
28860.0,heavy,3103,0,2.707,
28863.3,heavy,3101,0,3.132,
28866.7,heavy,3102,1,0.771,
28870.0,heavy,3103,0,4.368,
28873.3,heavy,3101,0,3.484,
28876.7,heavy,3102,1,1.604,
28880.0,heavy,3103,0,4.883,
28883.3,heavy,3101,0,2.674,
28886.7,heavy,3102,1,1.035,
28890.0,heavy,3103,0,3.630,
28893.3,heavy,3101,1,2.847,
28896.7,heavy,3102,0,0.862,
28900.0,heavy,3103,0,5.688,
28900.0,light-1,3101,1,1.269,
28900.0,light-3,3103,1,2.674,
28900.0,light-4,3101,1,5.296,
28900.0,light-2,3102,1,5.978,
28900.0,light-5,3102,1,6.163,
28903.3,heavy,3103,1,2.527,
28906.7,heavy,3101,0,2.611,
28910.0,heavy,3102,0,1.414,
28913.3,heavy,3103,1,4.146,
28916.7,heavy,3101,0,4.410,
28920.0,heavy,3102,1,1.692,
28923.3,heavy,3103,0,4.885,
28926.7,heavy,3101,0,4.721,
28930.0,heavy,3102,0,1.216,
28933.3,heavy,3103,0,4.954,
28936.7,heavy,3101,0,3.153,
28940.0,heavy,3102,1,1.571,
28943.3,heavy,3103,0,3.869,
28946.7,heavy,3101,1,2.952,
28950.0,heavy,3102,0,0.908,
28953.3,heavy,3103,1,3.595,
28956.7,heavy,3101,0,3.778,
28960.0,heavy,3102,0,0.830,
28963.3,heavy,3103,0,3.005,
28966.7,heavy,3101,0,4.312,
28970.0,heavy,3102,1,1.139,
28973.3,heavy,3103,0,3.365,
28976.7,heavy,3101,1,3.001,
28980.0,heavy,3102,0,1.303,
28983.3,heavy,3103,0,3.727,
28986.7,heavy,3101,0,3.264,
28990.0,heavy,3102,1,1.015,
28993.3,heavy,3103,1,6.675,
28996.7,heavy,3101,0,6.956,
29000.0,heavy,3102,1,1.493,
29000.0,light-1,3101,1,2.574,
29000.0,light-3,3103,1,3.717,
29000.0,light-5,3102,1,6.853,
29000.0,light-4,3101,1,7.148,
29000.0,light-2,3102,1,8.004,
29003.3,heavy,3103,0,7.189,
29006.7,heavy,3103,0,6.427,
29010.0,heavy,3101,0,3.118,
29013.3,heavy,3102,0,1.194,
29016.7,heavy,3103,1,3.010,
29020.0,heavy,3101,0,3.184,
29023.3,heavy,3102,0,0.907,
29026.7,heavy,3103,0,3.923,
29030.0,heavy,3101,1,2.863,
29033.3,heavy,3102,1,1.344,
29036.7,heavy,3103,0,4.594,
29040.0,heavy,3101,0,2.596,
29043.3,heavy,3102,1,5.284,
29046.7,heavy,3103,1,7.998,
29050.0,heavy,3101,0,7.313,
29053.3,heavy,3102,0,2.712,
29056.7,heavy,3103,0,3.709,
29060.0,heavy,3101,0,2.818,
29063.3,heavy,3102,0,0.977,
29066.7,heavy,3103,1,3.327,
29070.0,heavy,3101,0,2.312,
29073.3,heavy,3102,0,1.014,
29076.7,heavy,3103,0,3.655,
29080.0,heavy,3101,0,3.003,
29083.3,heavy,3102,1,1.084,
29086.7,heavy,3103,1,3.459,
29090.0,heavy,3101,0,2.578,
29093.3,heavy,3102,0,1.527,
29096.7,heavy,3103,1,2.466,
29100.0,heavy,3101,1,13.724,
29100.0,light-2,3103,1,0.791,
29100.0,light-3,3101,1,2.665,
29100.0,light-5,3103,1,2.941,
29100.0,light-4,3102,1,12.137,
29100.0,light-1,3102,1,14.570,
29103.3,heavy,3101,0,12.527,
29106.7,heavy,3102,0,2.643,
29110.0,heavy,3103,0,4.085,
29113.3,heavy,3101,1,3.824,
29116.7,heavy,3102,0,1.242,
29120.0,heavy,3103,0,4.263,
29123.3,heavy,3101,0,3.471,
29126.7,heavy,3102,1,1.310,
29130.0,heavy,3103,0,4.967,
29133.3,heavy,3101,0,2.584,
29136.7,heavy,3102,1,0.641,
29140.0,heavy,3103,0,3.906,
29143.3,heavy,3101,0,3.124,
29146.7,heavy,3102,1,1.239,
29150.0,heavy,3103,0,2.837,
29153.3,heavy,3101,0,2.478,
29156.7,heavy,3102,1,1.190,
29160.0,heavy,3103,0,2.352,
29163.3,heavy,3101,0,2.279,
29166.7,heavy,3102,1,1.350,
29170.0,heavy,3103,0,3.823,
29173.3,heavy,3101,0,3.114,
29176.7,heavy,3102,1,1.495,
29180.0,heavy,3103,0,4.148,
29183.3,heavy,3101,0,2.674,
29186.7,heavy,3102,1,1.133,
29190.0,heavy,3103,0,2.930,
29193.3,heavy,3101,0,3.220,
29196.7,heavy,3102,1,0.964,
29200.0,heavy,3103,0,7.784,
29200.0,light-5,3101,1,3.909,
29200.0,light-3,3102,1,6.908,
29200.0,light-2,3101,1,7.520,
29200.0,light-4,3103,1,10.701,
29200.0,light-1,3103,1,13.869,
29203.3,heavy,3101,0,4.786,
29206.7,heavy,3102,1,1.555,
29210.0,heavy,3102,0,1.992,
29213.3,heavy,3103,0,13.257,
29216.7,heavy,3101,1,3.104,
29220.0,heavy,3102,0,1.053,
29223.3,heavy,3103,0,4.151,
29226.7,heavy,3101,1,3.042,
29230.0,heavy,3102,0,1.038,
29233.3,heavy,3103,0,3.023,
29236.7,heavy,3101,0,3.369,
29240.0,heavy,3102,1,1.154,
29243.3,heavy,3103,0,3.154,
29246.7,heavy,3101,1,3.040,
29250.0,heavy,3102,0,0.902,
29253.3,heavy,3103,1,3.237,
29256.7,heavy,3101,0,2.868,
29260.0,heavy,3102,0,0.863,
29263.3,heavy,3103,0,3.595,
29266.7,heavy,3101,1,3.080,
29270.0,heavy,3102,0,0.982,
29273.3,heavy,3103,0,4.130,
29276.7,heavy,3101,1,3.417,
29280.0,heavy,3102,1,1.539,
29283.3,heavy,3103,0,4.173,
29286.7,heavy,3101,0,3.887,
29290.0,heavy,3102,0,0.706,
29293.3,heavy,3103,0,5.519,
29296.7,heavy,3101,0,3.647,
29300.0,heavy,3102,1,1.116,
29300.0,light-5,3101,1,2.867,
29300.0,light-3,3102,1,4.391,
29300.0,light-2,3101,1,4.946,
29300.0,light-1,3103,1,5.111,
29300.0,light-4,3103,1,6.178,
29303.3,heavy,3102,0,2.117,
29306.7,heavy,3103,1,4.482,
29310.0,heavy,3101,0,2.522,
29313.3,heavy,3102,0,0.894,
29316.7,heavy,3103,1,2.839,
29320.0,heavy,3101,0,2.826,
29323.3,heavy,3102,0,1.004,
29326.7,heavy,3103,0,3.037,
29330.0,heavy,3101,0,3.221,
29333.3,heavy,3102,1,1.158,
29336.7,heavy,3103,1,2.667,
29340.0,heavy,3101,0,3.370,
29343.3,heavy,3102,1,1.161,
29346.7,heavy,3103,0,2.902,
29350.0,heavy,3101,0,2.543,
29353.3,heavy,3102,1,1.352,
29356.7,heavy,3103,0,2.768,
29360.0,heavy,3101,0,3.117,
29363.3,heavy,3102,0,1.238,
29366.7,heavy,3103,1,2.211,
29370.0,heavy,3101,0,4.101,
29373.3,heavy,3102,1,1.330,
29376.7,heavy,3103,0,3.230,
29380.0,heavy,3101,0,4.045,
29383.3,heavy,3102,0,1.019,
29386.7,heavy,3103,0,4.213,
29390.0,heavy,3101,1,3.039,
29393.3,heavy,3102,1,1.330,
29396.7,heavy,3103,0,3.505,
29400.0,heavy,3101,0,5.580,
29400.0,light-2,3103,1,1.069,
29400.0,light-4,3102,1,2.653,
29400.0,light-1,3102,1,5.032,
29400.0,light-5,3103,1,5.350,
29400.0,light-3,3101,1,5.521,
29403.3,heavy,3101,1,2.425,
29406.7,heavy,3102,0,1.329,
29410.0,heavy,3103,0,4.291,
29413.3,heavy,3101,1,2.512,
29416.7,heavy,3102,0,0.764,
29420.0,heavy,3103,0,3.136,
29423.3,heavy,3101,0,3.323,
29426.7,heavy,3102,1,1.405,
29430.0,heavy,3103,0,2.789,
29433.3,heavy,3101,0,4.344,
29436.7,heavy,3102,1,1.645,
29440.0,heavy,3103,0,3.697,
29443.3,heavy,3101,0,3.187,
29446.7,heavy,3102,1,1.593,
29450.0,heavy,3103,0,2.964,
29453.3,heavy,3101,0,3.659,
29456.7,heavy,3102,1,1.486,
29460.0,heavy,3103,0,3.025,
29463.3,heavy,3101,0,2.423,
29466.7,heavy,3102,1,1.475,
29470.0,heavy,3103,0,2.758,
29473.3,heavy,3101,0,2.890,
29476.7,heavy,3102,1,1.423,
29480.0,heavy,3103,0,3.566,
29483.3,heavy,3101,0,3.008,
29486.7,heavy,3102,1,1.344,
29490.0,heavy,3103,0,3.948,
29493.3,heavy,3101,0,3.122,
29496.7,heavy,3102,1,1.198,
29500.0,heavy,3103,1,4.630,
29500.0,light-2,3103,1,2.164,
29500.0,light-4,3102,1,2.710,
29500.0,light-1,3102,1,4.232,
29500.0,light-3,3101,1,6.388,
29500.0,light-5,3103,1,6.438,
29503.3,heavy,3101,0,5.200,
29506.7,heavy,3101,0,4.747,
29510.0,heavy,3102,0,1.031,
29513.3,heavy,3103,0,3.021,
29516.7,heavy,3101,0,2.618,
29520.0,heavy,3102,1,1.061,
29523.3,heavy,3103,1,4.385,
29526.7,heavy,3101,0,3.952,
29530.0,heavy,3102,1,1.167,
29533.3,heavy,3103,0,4.512,
29536.7,heavy,3101,0,3.465,
29540.0,heavy,3102,0,0.910,
29543.3,heavy,3103,0,3.333,
29546.7,heavy,3101,0,3.496,
29550.0,heavy,3102,1,1.182,
29553.3,heavy,3103,0,2.619,
29556.7,heavy,3101,1,2.965,
29560.0,heavy,3102,0,1.704,
29563.3,heavy,3103,1,3.067,
29566.7,heavy,3101,0,3.026,
29570.0,heavy,3102,0,0.911,
29573.3,heavy,3103,0,3.967,
29576.7,heavy,3101,0,3.538,
29580.0,heavy,3102,1,1.390,
29583.3,heavy,3103,0,3.304,
29586.7,heavy,3101,1,2.969,
29590.0,heavy,3102,0,0.936,
29593.3,heavy,3103,0,4.121,
29596.7,heavy,3101,1,3.011,
29600.0,heavy,3102,0,1.040,
29600.0,light-5,3101,1,2.373,
29600.0,light-2,3101,1,4.469,
29600.0,light-1,3103,1,4.710,
29600.0,light-3,3102,1,4.758,
29600.0,light-4,3103,1,5.740,
29603.3,heavy,3102,0,1.174,
29606.7,heavy,3103,1,2.676,
29610.0,heavy,3101,0,2.491,
29613.3,heavy,3102,0,1.259,
29616.7,heavy,3103,1,4.376,
29620.0,heavy,3101,0,3.524,
29623.3,heavy,3102,1,1.744,
29626.7,heavy,3103,0,4.574,
29630.0,heavy,3101,0,3.875,
29633.3,heavy,3102,0,1.230,
29636.7,heavy,3103,0,4.261,
29640.0,heavy,3101,1,3.105,
29643.3,heavy,3102,1,1.103,
29646.7,heavy,3103,0,3.383,
29650.0,heavy,3101,0,3.218,
29653.3,heavy,3102,0,0.999,
29656.7,heavy,3103,1,3.125,
29660.0,heavy,3101,0,3.291,
29663.3,heavy,3102,0,0.945,
29666.7,heavy,3103,0,3.919,
29670.0,heavy,3101,1,3.111,
29673.3,heavy,3102,1,1.333,
29676.7,heavy,3103,0,4.538,
29680.0,heavy,3101,0,2.719,
29683.3,heavy,3102,1,1.226,
29686.7,heavy,3103,0,3.506,
29690.0,heavy,3101,0,3.288,
29693.3,heavy,3102,0,0.912,
29696.7,heavy,3103,1,5.782,
29700.0,heavy,3101,0,6.031,
29700.0,light-1,3101,1,2.547,
29700.0,light-3,3103,1,3.271,
29700.0,light-2,3102,1,6.140,
29700.0,light-4,3101,1,6.183,
29700.0,light-5,3102,1,7.166,
29703.3,heavy,3102,1,1.310,
29706.7,heavy,3103,0,6.098,
29710.0,heavy,3103,0,6.011,
29713.3,heavy,3101,0,3.668,
29716.7,heavy,3102,1,0.952,
29720.0,heavy,3103,0,3.404,
29723.3,heavy,3101,0,3.654,
29726.7,heavy,3102,1,1.222,
29730.0,heavy,3103,0,4.055,
29733.3,heavy,3101,0,3.133,
29736.7,heavy,3102,1,1.210,
29740.0,heavy,3103,0,3.025,
29743.3,heavy,3101,0,2.934,
29746.7,heavy,3102,1,0.823,
29750.0,heavy,3103,1,3.836,
29753.3,heavy,3101,0,4.127,
29756.7,heavy,3102,0,0.922,
29760.0,heavy,3103,0,3.746,
29763.3,heavy,3101,0,2.923,
29766.7,heavy,3102,1,1.368,
29770.0,heavy,3103,0,4.318,
29773.3,heavy,3101,0,2.225,
29776.7,heavy,3102,1,1.501,
29780.0,heavy,3103,0,3.496,
29783.3,heavy,3101,0,3.245,
29786.7,heavy,3102,1,0.990,
29790.0,heavy,3103,1,7.095,
29793.3,heavy,3101,0,7.530,
29796.7,heavy,3102,1,1.502,
29800.0,heavy,3103,0,7.569,
29800.0,light-1,3101,1,2.313,
29800.0,light-3,3103,1,3.217,
29800.0,light-4,3101,1,7.519,
29800.0,light-2,3102,1,7.714,
29800.0,light-5,3102,1,8.896,
29803.3,heavy,3103,0,6.011,
29806.7,heavy,3101,0,4.388,
29810.0,heavy,3102,0,1.942,
29813.3,heavy,3103,0,3.352,
29816.7,heavy,3101,1,3.489,
29820.0,heavy,3102,0,0.961,
29823.3,heavy,3103,0,3.307,
29826.7,heavy,3101,0,2.540,
29830.0,heavy,3102,1,1.113,
29833.3,heavy,3103,0,3.038,
29836.7,heavy,3101,1,2.875,
29840.0,heavy,3102,0,1.147,
29843.3,heavy,3103,0,3.759,
29846.7,heavy,3101,1,3.037,
29850.0,heavy,3102,0,0.882,
29853.3,heavy,3103,0,3.683,
29856.7,heavy,3101,0,2.447,
29860.0,heavy,3102,1,1.130,
29863.3,heavy,3103,0,2.626,
29866.7,heavy,3101,1,2.766,
29870.0,heavy,3102,1,1.525,
29873.3,heavy,3103,0,3.797,
29876.7,heavy,3101,0,3.262,
29880.0,heavy,3102,0,0.724,
29883.3,heavy,3103,0,3.986,
29886.7,heavy,3101,0,2.824,
29890.0,heavy,3102,1,1.288,
29893.3,heavy,3103,1,4.550,
29896.7,heavy,3101,0,2.684,
29900.0,heavy,3102,0,1.206,
29900.0,light-5,3101,1,2.330,
29900.0,light-2,3101,1,4.303,
29900.0,light-1,3103,1,4.835,
29900.0,light-3,3102,1,4.851,
29900.0,light-4,3103,1,5.270,
29903.3,heavy,3102,0,0.884,
29906.7,heavy,3103,0,3.622,
29910.0,heavy,3101,1,2.837,
29913.3,heavy,3102,0,0.856,
29916.7,heavy,3103,0,3.961,
29920.0,heavy,3101,1,3.076,
29923.3,heavy,3102,1,1.267,
29926.7,heavy,3103,0,3.619,
29930.0,heavy,3101,0,2.556,
29933.3,heavy,3102,0,1.059,
29936.7,heavy,3103,0,4.288,
29940.0,heavy,3101,1,3.440,
29943.3,heavy,3102,0,1.062,
29946.7,heavy,3103,0,3.749,
29950.0,heavy,3101,1,2.779,
29953.3,heavy,3102,1,1.236,
29956.7,heavy,3103,0,4.170,
29960.0,heavy,3101,0,2.826,
29963.3,heavy,3102,1,1.674,
29966.7,heavy,3103,0,3.727,
29970.0,heavy,3101,0,4.266,
29973.3,heavy,3102,0,1.026,
29976.7,heavy,3103,1,3.379,
29980.0,heavy,3101,0,2.669,
29983.3,heavy,3102,1,1.403,
29986.7,heavy,3103,0,2.775,
29990.0,heavy,3101,0,2.467,
29993.3,heavy,3102,0,0.890,
29996.7,heavy,3103,1,3.107,
30000.0,heavy,3101,0,2.959,
