tMs,key,port,allowed,latencyMs,error
0.0,light-2,3103,1,1.611,
0.0,light-4,3102,1,3.262,
0.0,light-1,3102,1,6.086,
0.0,light-5,3103,1,6.486,
0.0,heavy,3101,1,7.041,
0.0,light-3,3101,1,9.551,
3.3,heavy,3101,1,7.639,
6.7,heavy,3102,1,1.571,
10.0,heavy,3103,1,4.374,
13.3,heavy,3101,1,4.354,
16.7,heavy,3102,1,1.700,
20.0,heavy,3103,1,3.933,
23.3,heavy,3101,1,3.583,
26.7,heavy,3102,1,1.257,
30.0,heavy,3103,1,6.229,
33.3,heavy,3101,1,4.249,
36.7,heavy,3102,1,1.393,
40.0,heavy,3103,1,3.598,
43.3,heavy,3101,1,3.951,
46.7,heavy,3102,1,1.853,
50.0,heavy,3103,1,4.197,
53.3,heavy,3101,1,4.179,
56.7,heavy,3102,1,1.571,
60.0,heavy,3103,1,4.405,
63.3,heavy,3101,1,5.261,
66.7,heavy,3102,1,1.626,
70.0,heavy,3103,1,4.910,
73.3,heavy,3101,1,4.955,
76.7,heavy,3102,1,1.615,
80.0,heavy,3103,1,4.158,
83.3,heavy,3101,1,4.665,
86.7,heavy,3102,1,1.754,
90.0,heavy,3103,1,4.321,
93.3,heavy,3101,1,4.782,
96.7,heavy,3102,1,1.605,
100.0,heavy,3103,1,7.190,
100.0,light-1,3101,1,1.781,
100.0,light-3,3103,1,3.425,
100.0,light-2,3102,1,6.147,
100.0,light-4,3101,1,6.643,
100.0,light-5,3102,1,7.178,
103.3,heavy,3103,1,5.387,
106.7,heavy,3101,1,3.916,
110.0,heavy,3102,1,1.444,
113.3,heavy,3103,1,5.507,
116.7,heavy,3101,1,4.523,
120.0,heavy,3102,1,1.840,
123.3,heavy,3103,1,4.734,
126.7,heavy,3101,1,3.881,
130.0,heavy,3102,1,1.224,
133.3,heavy,3103,1,3.885,
136.7,heavy,3101,1,4.291,
140.0,heavy,3102,1,1.338,
143.3,heavy,3103,1,3.681,
146.7,heavy,3101,1,4.146,
150.0,heavy,3102,1,1.174,
153.3,heavy,3103,1,4.368,
156.7,heavy,3101,1,3.513,
160.0,heavy,3102,1,1.207,
163.3,heavy,3103,1,3.998,
166.7,heavy,3101,1,3.938,
170.0,heavy,3102,1,1.260,
173.3,heavy,3103,1,6.799,
176.7,heavy,3101,1,4.123,
180.0,heavy,3102,1,1.575,
183.3,heavy,3103,1,7.622,
186.7,heavy,3101,1,3.332,
190.0,heavy,3102,1,1.427,
193.3,heavy,3103,1,7.664,
196.7,heavy,3101,1,6.504,
200.0,light-5,3101,1,4.291,
200.0,light-3,3102,1,7.393,
200.0,light-2,3101,1,7.620,
200.0,light-1,3103,1,7.789,
200.0,light-4,3103,1,8.438,
200.0,heavy,3102,1,2.050,
203.3,heavy,3102,1,2.447,
206.7,heavy,3103,1,4.774,
210.0,heavy,3101,1,4.064,
213.3,heavy,3102,1,1.244,
216.7,heavy,3103,1,5.821,
220.0,heavy,3101,1,6.431,
223.3,heavy,3102,1,1.534,
226.7,heavy,3103,1,6.589,
230.0,heavy,3101,1,7.389,
233.3,heavy,3102,1,1.687,
236.7,heavy,3103,1,4.689,
240.0,heavy,3101,1,3.885,
243.3,heavy,3102,1,1.486,
246.7,heavy,3103,1,4.526,
250.0,heavy,3101,1,4.071,
253.3,heavy,3102,1,1.219,
256.7,heavy,3103,1,4.182,
260.0,heavy,3101,1,3.505,
263.3,heavy,3102,1,1.122,
266.7,heavy,3103,1,6.757,
270.0,heavy,3101,1,5.727,
273.3,heavy,3102,1,1.842,
276.7,heavy,3103,1,6.876,
280.0,heavy,3101,1,5.544,
283.3,heavy,3102,1,1.512,
286.7,heavy,3103,1,4.548,
290.0,heavy,3101,1,4.821,
293.3,heavy,3102,1,1.456,
296.7,heavy,3103,1,3.389,
300.0,light-2,3103,1,1.512,
300.0,light-4,3102,1,3.327,
300.0,light-1,3102,1,7.228,
300.0,light-5,3103,1,7.681,
300.0,light-3,3101,1,8.905,
300.0,heavy,3101,1,8.255,
303.3,heavy,3101,1,8.851,
306.7,heavy,3102,1,1.472,
310.0,heavy,3103,1,4.086,
313.3,heavy,3101,1,4.660,
316.7,heavy,3102,1,1.077,
320.0,heavy,3103,1,3.611,
323.3,heavy,3101,1,4.017,
326.7,heavy,3102,1,1.270,
330.0,heavy,3103,1,5.520,
333.3,heavy,3101,1,4.458,
336.7,heavy,3102,1,1.495,
340.0,heavy,3103,1,6.110,
343.3,heavy,3101,1,3.895,
346.7,heavy,3102,1,1.743,
350.0,heavy,3103,1,4.823,
353.3,heavy,3101,1,3.848,
356.7,heavy,3102,1,1.206,
360.0,heavy,3103,1,3.988,
363.3,heavy,3101,1,4.056,
366.7,heavy,3102,1,1.207,
370.0,heavy,3103,1,3.973,
373.3,heavy,3101,1,4.391,
376.7,heavy,3102,1,1.444,
380.0,heavy,3103,1,4.300,
383.3,heavy,3101,1,4.071,
386.7,heavy,3102,1,1.045,
390.0,heavy,3103,1,4.425,
393.3,heavy,3101,1,4.677,
396.7,heavy,3102,1,1.469,
400.0,heavy,3103,1,6.601,
400.0,light-1,3101,1,1.762,
400.0,light-3,3103,1,2.955,
400.0,light-4,3101,1,7.078,
400.0,light-5,3102,1,7.307,
400.0,light-2,3102,1,7.949,
403.3,heavy,3103,1,5.946,
406.7,heavy,3101,1,3.693,
410.0,heavy,3102,1,1.372,
413.3,heavy,3103,1,4.965,
416.7,heavy,3101,1,3.910,
420.0,heavy,3102,1,1.430,
423.3,heavy,3103,1,4.530,
426.7,heavy,3101,1,3.913,
430.0,heavy,3102,1,1.305,
433.3,heavy,3103,1,5.312,
436.7,heavy,3101,1,5.697,
440.0,heavy,3102,1,1.561,
443.3,heavy,3103,1,8.587,
446.7,heavy,3101,1,6.766,
450.0,heavy,3102,1,1.996,
453.3,heavy,3103,1,4.513,
456.7,heavy,3101,1,4.353,
460.0,heavy,3102,1,1.290,
463.3,heavy,3103,1,4.743,
466.7,heavy,3101,1,5.849,
470.0,heavy,3102,1,2.120,
473.3,heavy,3103,1,5.335,
476.7,heavy,3101,1,6.792,
480.0,heavy,3102,1,1.642,
483.3,heavy,3103,1,4.179,
486.7,heavy,3101,1,4.160,
490.0,heavy,3102,1,1.213,
493.3,heavy,3103,1,4.097,
496.7,heavy,3101,0,3.557,
500.0,heavy,3102,0,1.480,
500.0,light-5,3101,1,2.598,
500.0,light-2,3101,1,5.427,
500.0,light-3,3102,1,5.943,
500.0,light-1,3103,1,6.265,
500.0,light-4,3103,1,6.847,
503.3,heavy,3102,1,1.376,
506.7,heavy,3103,0,4.511,
510.0,heavy,3101,0,3.227,
513.3,heavy,3102,1,1.311,
516.7,heavy,3103,0,5.089,
520.0,heavy,3101,0,4.029,
523.3,heavy,3102,1,1.339,
526.7,heavy,3103,0,4.853,
530.0,heavy,3101,0,3.812,
533.3,heavy,3102,1,1.126,
536.7,heavy,3103,0,3.870,
540.0,heavy,3101,0,4.207,
543.3,heavy,3102,1,1.108,
546.7,heavy,3103,0,4.616,
550.0,heavy,3101,0,3.740,
553.3,heavy,3102,1,1.288,
556.7,heavy,3103,0,4.876,
560.0,heavy,3101,0,3.852,
563.3,heavy,3102,1,1.152,
566.7,heavy,3103,0,4.065,
570.0,heavy,3101,0,4.517,
573.3,heavy,3102,1,1.254,
576.7,heavy,3103,0,4.408,
580.0,heavy,3101,0,3.608,
583.3,heavy,3102,1,2.108,
586.7,heavy,3103,0,4.454,
590.0,heavy,3101,0,2.893,
593.3,heavy,3102,0,1.194,
596.7,heavy,3103,1,6.343,
600.0,heavy,3101,1,7.073,
600.0,light-2,3103,1,2.908,
600.0,light-4,3102,1,3.452,
600.0,light-1,3102,1,5.428,
600.0,light-5,3103,1,8.548,
600.0,light-3,3101,1,8.980,
603.3,heavy,3101,0,6.969,
606.7,heavy,3102,0,1.079,
610.0,heavy,3103,0,4.050,
613.3,heavy,3101,1,4.058,
616.7,heavy,3102,0,1.588,
620.0,heavy,3103,1,5.577,
623.3,heavy,3101,0,4.683,
626.7,heavy,3102,1,1.552,
630.0,heavy,3103,0,5.878,
633.3,heavy,3101,0,5.063,
636.7,heavy,3102,0,1.579,
640.0,heavy,3103,0,4.688,
643.3,heavy,3101,0,3.200,
646.7,heavy,3102,1,1.208,
650.0,heavy,3103,0,4.120,
653.3,heavy,3101,1,3.828,
656.7,heavy,3102,0,1.117,
660.0,heavy,3103,0,4.087,
663.3,heavy,3101,1,3.728,
666.7,heavy,3102,0,1.209,
670.0,heavy,3103,1,4.081,
673.3,heavy,3101,0,4.500,
676.7,heavy,3102,0,1.326,
680.0,heavy,3103,0,3.502,
683.3,heavy,3101,1,4.128,
686.7,heavy,3102,0,1.376,
690.0,heavy,3103,0,4.466,
693.3,heavy,3101,1,3.766,
696.7,heavy,3102,0,1.079,
700.0,light-5,3101,1,4.612,
700.0,light-3,3102,1,8.738,
700.0,light-2,3101,1,9.308,
700.0,light-1,3103,1,10.087,
700.0,light-4,3103,1,13.224,
700.0,heavy,3103,0,9.564,
703.3,heavy,3101,0,6.614,
706.7,heavy,3102,1,1.966,
710.0,heavy,3102,0,2.291,
713.3,heavy,3103,0,7.817,
716.7,heavy,3101,1,4.218,
720.0,heavy,3102,0,1.315,
723.3,heavy,3103,0,5.295,
726.7,heavy,3101,0,4.281,
730.0,heavy,3102,1,1.479,
733.3,heavy,3103,1,4.088,
736.7,heavy,3101,0,4.997,
740.0,heavy,3102,1,1.439,
743.3,heavy,3103,0,4.403,
746.7,heavy,3101,0,4.438,
750.0,heavy,3102,1,1.681,
753.3,heavy,3103,0,4.577,
756.7,heavy,3101,0,4.269,
760.0,heavy,3102,0,1.663,
763.3,heavy,3103,1,5.542,
766.7,heavy,3101,0,6.023,
770.0,heavy,3102,1,1.650,
773.3,heavy,3103,0,6.300,
776.7,heavy,3101,0,6.071,
780.0,heavy,3102,0,1.668,
783.3,heavy,3103,1,4.513,
786.7,heavy,3101,0,3.635,
790.0,heavy,3102,0,1.082,
793.3,heavy,3103,1,3.532,
796.7,heavy,3101,0,3.947,
800.0,light-5,3101,1,2.750,
800.0,light-2,3101,1,5.103,
800.0,light-1,3103,1,5.426,
800.0,light-3,3102,1,5.493,
800.0,light-4,3103,1,6.181,
800.0,heavy,3102,0,1.477,
803.3,heavy,3102,1,1.488,
806.7,heavy,3103,0,3.743,
810.0,heavy,3101,0,3.992,
813.3,heavy,3102,1,1.272,
816.7,heavy,3103,0,3.880,
820.0,heavy,3101,0,4.074,
823.3,heavy,3102,1,1.219,
826.7,heavy,3103,0,5.066,
830.0,heavy,3101,0,7.501,
833.3,heavy,3102,1,1.378,
836.7,heavy,3103,0,9.565,
840.0,heavy,3101,0,8.247,
843.3,heavy,3102,1,1.050,
846.7,heavy,3103,0,4.710,
850.0,heavy,3101,0,3.787,
853.3,heavy,3102,1,1.090,
856.7,heavy,3103,0,5.792,
860.0,heavy,3101,0,4.863,
863.3,heavy,3102,1,1.380,
866.7,heavy,3103,0,3.629,
870.0,heavy,3101,1,3.999,
873.3,heavy,3102,0,1.264,
876.7,heavy,3103,0,3.585,
880.0,heavy,3101,0,3.835,
883.3,heavy,3102,1,1.095,
886.7,heavy,3103,0,6.075,
890.0,heavy,3101,0,4.532,
893.3,heavy,3102,1,1.727,
896.7,heavy,3103,0,4.291,
900.0,light-2,3103,1,2.093,
900.0,light-4,3102,1,2.581,
900.0,light-1,3102,1,5.506,
900.0,light-5,3103,1,6.739,
900.0,light-3,3101,1,7.471,
900.0,heavy,3101,0,6.181,
903.3,heavy,3101,0,4.267,
906.7,heavy,3102,1,1.226,
910.0,heavy,3103,0,3.124,
913.3,heavy,3101,1,3.445,
916.7,heavy,3102,0,1.323,
920.0,heavy,3103,0,5.258,
923.3,heavy,3101,0,4.287,
926.7,heavy,3102,1,1.400,
930.0,heavy,3103,0,3.813,
933.3,heavy,3101,1,5.148,
936.7,heavy,3102,0,1.704,
940.0,heavy,3103,0,4.994,
943.3,heavy,3101,1,5.532,
946.7,heavy,3102,0,1.883,
950.0,heavy,3103,0,4.286,
953.3,heavy,3101,1,5.019,
956.7,heavy,3102,0,1.847,
960.0,heavy,3103,0,5.180,
963.3,heavy,3101,1,5.380,
966.7,heavy,3102,0,1.713,
970.0,heavy,3103,1,4.106,
973.3,heavy,3101,0,3.811,
976.7,heavy,3102,0,1.391,
980.0,heavy,3103,0,3.962,
983.3,heavy,3101,0,4.273,
986.7,heavy,3102,1,1.752,
990.0,heavy,3103,0,3.302,
993.3,heavy,3101,1,3.618,
996.7,heavy,3102,0,1.284,
1000.0,light-1,3101,1,1.651,
1000.0,light-3,3103,1,2.984,
1000.0,light-5,3102,1,5.800,
1000.0,light-4,3101,1,6.788,
1000.0,light-2,3102,1,7.723,
1000.0,heavy,3103,1,7.369,
1003.3,heavy,3103,0,6.797,
1006.7,heavy,3101,0,3.617,
1010.0,heavy,3102,0,1.119,
1013.3,heavy,3103,0,4.233,
1016.7,heavy,3101,1,3.359,
1020.0,heavy,3102,0,1.313,
1023.3,heavy,3103,0,6.182,
1026.7,heavy,3101,1,5.291,
1030.0,heavy,3102,1,1.698,
1033.3,heavy,3103,0,6.877,
1036.7,heavy,3101,0,4.647,
1040.0,heavy,3102,0,1.280,
1043.3,heavy,3103,0,3.907,
1046.7,heavy,3101,0,3.055,
1050.0,heavy,3102,1,1.250,
1053.3,heavy,3103,1,4.214,
1056.7,heavy,3101,0,3.879,
1060.0,heavy,3102,0,1.535,
1063.3,heavy,3103,1,4.541,
1066.7,heavy,3101,0,3.688,
1070.0,heavy,3102,0,1.510,
1073.3,heavy,3103,1,3.920,
1076.7,heavy,3101,0,3.826,
1080.0,heavy,3102,0,1.041,
1083.3,heavy,3103,0,6.495,
1086.7,heavy,3101,1,4.953,
1090.0,heavy,3102,1,1.593,
1093.3,heavy,3103,0,6.198,
1096.7,heavy,3101,0,6.277,
1100.0,light-5,3101,1,2.979,
1100.0,light-2,3101,1,6.297,
1100.0,light-1,3103,1,6.841,
1100.0,light-3,3102,1,6.899,
1100.0,light-4,3103,1,7.232,
1100.0,heavy,3102,0,2.246,
1103.3,heavy,3102,1,2.087,
1106.7,heavy,3103,0,4.590,
1110.0,heavy,3101,0,3.381,
1113.3,heavy,3102,0,1.099,
1116.7,heavy,3103,1,5.380,
1120.0,heavy,3101,0,4.544,
1123.3,heavy,3102,1,1.538,
1126.7,heavy,3103,0,5.907,
1130.0,heavy,3101,0,3.844,
1133.3,heavy,3102,0,1.113,
1136.7,heavy,3103,0,5.148,
1140.0,heavy,3101,1,4.211,
1143.3,heavy,3102,1,1.562,
1146.7,heavy,3103,0,4.212,
1150.0,heavy,3101,1,3.665,
1153.3,heavy,3102,0,1.040,
1156.7,heavy,3103,0,5.426,
1160.0,heavy,3101,1,4.264,
1163.3,heavy,3102,0,1.295,
1166.7,heavy,3103,0,4.120,
1170.0,heavy,3101,0,4.053,
1173.3,heavy,3102,1,1.252,
1176.7,heavy,3103,1,6.192,
1180.0,heavy,3101,0,5.267,
1183.3,heavy,3102,1,1.449,
1186.7,heavy,3103,0,8.441,
1190.0,heavy,3101,0,7.024,
1193.3,heavy,3102,0,1.401,
1196.7,heavy,3103,0,5.509,
1200.0,light-2,3103,1,1.454,
1200.0,light-4,3102,1,2.718,
1200.0,light-1,3102,1,6.608,
1200.0,light-5,3103,1,7.283,
1200.0,light-3,3101,1,7.938,
1200.0,heavy,3101,1,7.454,
1203.3,heavy,3101,0,7.359,
1206.7,heavy,3102,0,1.227,
1210.0,heavy,3103,0,3.056,
1213.3,heavy,3101,1,3.905,
1216.7,heavy,3102,0,2.048,
1220.0,heavy,3103,0,5.329,
1223.3,heavy,3101,0,4.500,
1226.7,heavy,3102,1,1.294,
1230.0,heavy,3103,0,5.476,
1233.3,heavy,3101,0,6.361,
1236.7,heavy,3102,1,1.092,
1240.0,heavy,3103,0,5.255,
1243.3,heavy,3101,1,3.875,
1246.7,heavy,3102,0,1.563,
1250.0,heavy,3103,0,3.396,
1253.3,heavy,3101,1,3.703,
1256.7,heavy,3102,0,1.400,
1260.0,heavy,3103,0,4.325,
1263.3,heavy,3101,0,3.496,
1266.7,heavy,3102,1,1.211,
1270.0,heavy,3103,0,3.188,
1273.3,heavy,3101,1,3.736,
1276.7,heavy,3102,0,1.170,
1280.0,heavy,3103,0,3.674,
1283.3,heavy,3101,1,2.830,
1286.7,heavy,3102,0,1.108,
1290.0,heavy,3103,0,3.386,
1293.3,heavy,3101,0,4.228,
1296.7,heavy,3102,1,1.330,
1300.0,heavy,3103,1,5.809,
1300.0,light-1,3101,1,1.505,
1300.0,light-3,3103,1,2.650,
1300.0,light-4,3101,1,5.813,
1300.0,light-2,3102,1,6.044,
1300.0,light-5,3102,1,6.407,
1303.3,heavy,3103,0,5.773,
1306.7,heavy,3101,0,6.343,
1310.0,heavy,3102,0,1.311,
1313.3,heavy,3103,1,3.252,
1316.7,heavy,3101,0,3.421,
1320.0,heavy,3102,0,1.062,
1323.3,heavy,3103,1,3.808,
1326.7,heavy,3101,0,4.089,
1330.0,heavy,3102,0,0.890,
1333.3,heavy,3103,0,4.564,
1336.7,heavy,3101,1,3.493,
1340.0,heavy,3102,1,2.042,
1343.3,heavy,3103,0,3.851,
1346.7,heavy,3101,0,3.219,
1350.0,heavy,3102,1,1.254,
1353.3,heavy,3103,0,3.278,
1356.7,heavy,3101,0,3.418,
1360.0,heavy,3102,0,0.985,
1363.3,heavy,3103,0,4.086,
1366.7,heavy,3101,1,3.233,
1370.0,heavy,3102,1,1.221,
1373.3,heavy,3103,0,4.854,
1376.7,heavy,3101,0,3.272,
1380.0,heavy,3102,0,0.984,
1383.3,heavy,3103,1,3.713,
1386.7,heavy,3101,0,4.074,
1390.0,heavy,3102,0,1.092,
1393.3,heavy,3103,1,3.417,
1396.7,heavy,3101,0,3.709,
1400.0,heavy,3102,0,1.452,
1400.0,light-5,3101,1,2.921,
1400.0,light-4,3103,1,5.399,
1400.0,light-3,3102,1,6.141,
1400.0,light-1,3103,1,6.710,
1400.0,light-2,3101,1,6.846,
1403.3,heavy,3102,1,1.305,
1406.7,heavy,3103,0,3.853,
1410.0,heavy,3101,0,3.675,
1413.3,heavy,3102,1,1.095,
1416.7,heavy,3103,0,3.681,
1420.0,heavy,3101,0,3.564,
1423.3,heavy,3102,1,1.200,
1426.7,heavy,3103,0,3.922,
1430.0,heavy,3101,0,3.933,
1433.3,heavy,3102,1,1.149,
1436.7,heavy,3103,0,5.578,
1440.0,heavy,3101,0,4.659,
1443.3,heavy,3102,1,1.534,
1446.7,heavy,3103,1,5.624,
1450.0,heavy,3101,0,5.404,
1453.3,heavy,3102,0,1.225,
1456.7,heavy,3103,0,5.076,
1460.0,heavy,3101,0,4.236,
1463.3,heavy,3102,1,1.396,
1466.7,heavy,3103,0,4.193,
1470.0,heavy,3101,0,3.303,
1473.3,heavy,3102,0,0.808,
1476.7,heavy,3103,1,5.432,
1480.0,heavy,3101,1,3.741,
1483.3,heavy,3102,0,1.163,
1486.7,heavy,3103,0,4.280,
1490.0,heavy,3101,0,3.504,
1493.3,heavy,3102,1,1.437,
1496.7,heavy,3103,0,4.650,
1500.0,heavy,3101,0,5.879,
1500.0,light-2,3103,1,1.282,
1500.0,light-4,3102,1,2.701,
1500.0,light-1,3102,1,5.305,
1500.0,light-5,3103,1,5.373,
1500.0,light-3,3101,1,8.166,
1503.3,heavy,3101,1,6.749,
1506.7,heavy,3102,0,1.869,
1510.0,heavy,3103,0,3.063,
1513.3,heavy,3101,1,3.512,
1516.7,heavy,3102,0,1.252,
1520.0,heavy,3103,0,4.033,
1523.3,heavy,3101,0,4.289,
1526.7,heavy,3102,1,1.374,
1530.0,heavy,3103,0,3.535,
1533.3,heavy,3101,1,3.716,
1536.7,heavy,3102,0,1.074,
1540.0,heavy,3103,0,3.624,
1543.3,heavy,3101,1,3.514,
1546.7,heavy,3102,0,1.124,
1550.0,heavy,3103,0,5.464,
1553.3,heavy,3101,0,3.872,
1556.7,heavy,3102,1,1.264,
1560.0,heavy,3103,0,5.038,
1563.3,heavy,3101,1,3.829,
1566.7,heavy,3102,0,1.406,
1570.0,heavy,3103,0,4.667,
1573.3,heavy,3101,1,3.749,
1576.7,heavy,3102,0,1.066,
1580.0,heavy,3103,0,3.617,
1583.3,heavy,3101,1,3.820,
1586.7,heavy,3102,0,1.108,
1590.0,heavy,3103,1,6.547,
1593.3,heavy,3101,0,8.546,
1596.7,heavy,3102,1,1.629,
1600.0,heavy,3103,0,7.103,
1600.0,light-4,3102,1,2.744,
1600.0,light-2,3103,1,3.755,
1600.0,light-1,3102,1,7.827,
1600.0,light-5,3103,1,10.277,
1600.0,light-3,3101,1,12.215,
1603.3,heavy,3101,0,8.982,
1606.7,heavy,3101,0,9.715,
1610.0,heavy,3102,0,2.346,
1613.3,heavy,3103,1,3.797,
1616.7,heavy,3101,0,4.168,
1620.0,heavy,3102,0,1.145,
1623.3,heavy,3103,1,5.489,
1626.7,heavy,3101,0,6.223,
1630.0,heavy,3102,1,2.686,
1633.3,heavy,3103,0,6.255,
1636.7,heavy,3101,0,7.026,
1640.0,heavy,3102,0,1.788,
1643.3,heavy,3103,1,3.520,
1646.7,heavy,3101,0,3.929,
1650.0,heavy,3102,0,1.113,
1653.3,heavy,3103,0,4.781,
1656.7,heavy,3101,1,3.821,
1660.0,heavy,3102,1,1.471,
1663.3,heavy,3103,0,5.442,
1666.7,heavy,3101,0,3.043,
1670.0,heavy,3102,0,0.995,
1673.3,heavy,3103,0,3.669,
1676.7,heavy,3101,0,4.385,
1680.0,heavy,3102,1,1.075,
1683.3,heavy,3103,1,4.456,
1686.7,heavy,3101,0,4.045,
1690.0,heavy,3102,0,1.311,
1693.3,heavy,3103,1,3.735,
1696.7,heavy,3101,0,3.604,
1700.0,heavy,3102,0,1.355,
1700.0,light-5,3101,1,2.513,
1700.0,light-3,3102,1,6.371,
1700.0,light-1,3103,1,7.050,
1700.0,light-2,3101,1,7.157,
1700.0,light-4,3103,1,8.613,
1703.3,heavy,3102,1,1.106,
1706.7,heavy,3103,0,5.386,
1710.0,heavy,3101,0,3.738,
1713.3,heavy,3102,1,1.243,
1716.7,heavy,3103,0,5.916,
1720.0,heavy,3101,0,5.013,
1723.3,heavy,3102,1,1.648,
1726.7,heavy,3103,0,6.349,
1730.0,heavy,3101,0,3.396,
1733.3,heavy,3102,1,1.457,
1736.7,heavy,3103,0,3.964,
1740.0,heavy,3101,1,4.343,
1743.3,heavy,3102,0,1.253,
1746.7,heavy,3103,0,3.631,
1750.0,heavy,3101,0,5.260,
1753.3,heavy,3102,1,1.213,
1756.7,heavy,3103,0,3.481,
1760.0,heavy,3101,0,3.809,
1763.3,heavy,3102,1,1.298,
1766.7,heavy,3103,0,4.255,
1770.0,heavy,3101,1,3.455,
1773.3,heavy,3102,0,1.028,
1776.7,heavy,3103,0,3.135,
1780.0,heavy,3101,0,3.134,
1783.3,heavy,3102,1,1.299,
1786.7,heavy,3103,0,3.024,
1790.0,heavy,3101,0,3.616,
1793.3,heavy,3102,1,1.031,
1796.7,heavy,3103,0,5.162,
1800.0,heavy,3101,0,5.158,
1800.0,light-5,3101,1,3.640,
1800.0,light-3,3102,1,5.065,
1800.0,light-4,3103,1,10.209,
1800.0,light-1,3103,1,11.239,
1800.0,light-2,3101,1,11.551,
1803.3,heavy,3102,1,1.984,
1806.7,heavy,3102,0,1.547,
1810.0,heavy,3103,1,5.677,
1813.3,heavy,3101,0,4.248,
1816.7,heavy,3102,0,1.161,
1820.0,heavy,3103,0,4.710,
1823.3,heavy,3101,0,3.733,
1826.7,heavy,3102,1,1.369,
1830.0,heavy,3103,1,3.458,
1833.3,heavy,3101,0,2.594,
1836.7,heavy,3102,0,0.934,
1840.0,heavy,3103,1,3.732,
1843.3,heavy,3101,0,3.424,
1846.7,heavy,3102,0,1.238,
1850.0,heavy,3103,0,3.414,
1853.3,heavy,3101,1,3.627,
1856.7,heavy,3102,0,0.958,
1860.0,heavy,3103,0,5.571,
1863.3,heavy,3101,1,4.643,
1866.7,heavy,3102,1,1.518,
1870.0,heavy,3103,0,5.887,
1873.3,heavy,3101,0,5.733,
1876.7,heavy,3102,0,1.052,
1880.0,heavy,3103,0,3.398,
1883.3,heavy,3101,1,3.420,
1886.7,heavy,3102,0,1.041,
1890.0,heavy,3103,0,6.833,
1893.3,heavy,3101,1,6.306,
1896.7,heavy,3102,1,1.683,
1900.0,heavy,3103,0,8.051,
1900.0,light-4,3102,1,3.506,
1900.0,light-2,3103,1,3.833,
1900.0,light-1,3102,1,6.506,
1900.0,light-5,3103,1,8.833,
1900.0,light-3,3101,1,9.096,
1903.3,heavy,3101,0,7.185,
1906.7,heavy,3101,0,9.038,
1910.0,heavy,3102,0,1.378,
1913.3,heavy,3103,1,4.609,
1916.7,heavy,3101,0,3.947,
1920.0,heavy,3102,0,1.069,
1923.3,heavy,3103,0,4.984,
1926.7,heavy,3101,1,5.303,
1930.0,heavy,3102,1,1.445,
1933.3,heavy,3103,0,5.639,
1936.7,heavy,3101,0,3.922,
1940.0,heavy,3102,0,0.897,
1943.3,heavy,3103,1,4.402,
1946.7,heavy,3101,0,3.456,
1950.0,heavy,3102,1,1.157,
1953.3,heavy,3103,0,3.419,
1956.7,heavy,3101,0,3.471,
1960.0,heavy,3102,0,1.008,
1963.3,heavy,3103,1,3.594,
1966.7,heavy,3101,0,3.765,
1970.0,heavy,3102,0,1.160,
1973.3,heavy,3103,1,3.283,
1976.7,heavy,3101,0,3.766,
1980.0,heavy,3102,0,0.882,
1983.3,heavy,3103,0,5.894,
1986.7,heavy,3101,1,6.209,
1990.0,heavy,3102,1,2.333,
1993.3,heavy,3103,0,10.223,
1996.7,heavy,3101,1,8.443,
2000.0,heavy,3102,0,1.523,
2000.0,light-5,3101,1,4.501,
2000.0,light-3,3102,1,7.786,
2000.0,light-2,3101,1,9.554,
2000.0,light-4,3103,1,9.662,
2000.0,light-1,3103,1,10.646,
2003.3,heavy,3102,0,1.545,
2006.7,heavy,3103,0,8.650,
2010.0,heavy,3101,1,4.444,
2013.3,heavy,3102,0,1.822,
2016.7,heavy,3103,0,5.021,
2020.0,heavy,3101,0,4.120,
2023.3,heavy,3102,1,1.415,
2026.7,heavy,3103,1,5.668,
2030.0,heavy,3101,0,3.382,
2033.3,heavy,3102,0,0.931,
2036.7,heavy,3103,0,4.400,
2040.0,heavy,3101,0,3.736,
2043.3,heavy,3102,1,1.207,
2046.7,heavy,3103,0,2.496,
2050.0,heavy,3101,0,2.860,
2053.3,heavy,3102,1,1.139,
2056.7,heavy,3103,0,3.398,
2060.0,heavy,3101,0,3.643,
2063.3,heavy,3102,1,0.969,
2066.7,heavy,3103,0,5.977,
2070.0,heavy,3101,0,3.790,
2073.3,heavy,3102,1,1.234,
2076.7,heavy,3103,0,4.596,
2080.0,heavy,3101,1,3.513,
2083.3,heavy,3102,0,0.923,
2086.7,heavy,3103,1,3.758,
2090.0,heavy,3101,0,4.099,
2093.3,heavy,3102,0,1.272,
2096.7,heavy,3103,0,7.877,
2100.0,heavy,3101,0,6.556,
2100.0,light-1,3101,1,2.726,
2100.0,light-3,3103,1,4.275,
2100.0,light-5,3102,1,6.872,
2100.0,light-4,3101,1,7.643,
2100.0,light-2,3102,1,7.847,
2103.3,heavy,3102,1,1.410,
2106.7,heavy,3103,0,8.995,
2110.0,heavy,3103,1,7.215,
2113.3,heavy,3101,0,4.052,
2116.7,heavy,3102,0,1.015,
2120.0,heavy,3103,1,4.301,
2123.3,heavy,3101,0,3.481,
2126.7,heavy,3102,0,1.541,
2130.0,heavy,3103,0,2.884,
2133.3,heavy,3101,1,3.086,
2136.7,heavy,3102,0,0.829,
2140.0,heavy,3103,0,5.577,
2143.3,heavy,3101,1,4.745,
2146.7,heavy,3102,1,1.348,
2150.0,heavy,3103,0,5.850,
2153.3,heavy,3101,0,5.547,
2156.7,heavy,3102,0,1.087,
2160.0,heavy,3103,0,3.816,
2163.3,heavy,3101,1,3.211,
2166.7,heavy,3102,0,1.280,
2170.0,heavy,3103,1,4.216,
2173.3,heavy,3101,0,3.527,
2176.7,heavy,3102,0,1.189,
2180.0,heavy,3103,0,4.515,
2183.3,heavy,3101,0,3.594,
2186.7,heavy,3102,1,1.304,
2190.0,heavy,3103,0,4.161,
2193.3,heavy,3101,1,4.613,
2196.7,heavy,3102,0,1.627,
2200.0,heavy,3103,1,8.804,
2200.0,light-1,3101,1,1.298,
2200.0,light-3,3103,1,3.462,
2200.0,light-4,3101,1,7.651,
2200.0,light-2,3102,1,8.023,
2200.0,light-5,3102,1,8.679,
2203.3,heavy,3103,0,6.775,
2206.7,heavy,3101,0,3.627,
2210.0,heavy,3102,0,1.116,
2213.3,heavy,3103,0,9.011,
2216.7,heavy,3101,1,6.442,
2220.0,heavy,3102,1,1.873,
2223.3,heavy,3103,0,9.984,
2226.7,heavy,3101,0,6.810,
2230.0,heavy,3102,1,1.506,
2233.3,heavy,3103,0,7.684,
2236.7,heavy,3101,1,4.291,
2240.0,heavy,3102,0,1.375,
2243.3,heavy,3103,0,4.990,
2246.7,heavy,3101,0,5.367,
2250.0,heavy,3102,0,1.404,
2253.3,heavy,3103,1,3.847,
2256.7,heavy,3101,0,4.557,
2260.0,heavy,3102,1,1.422,
2263.3,heavy,3103,0,3.582,
2266.7,heavy,3101,0,2.770,
2270.0,heavy,3102,0,1.211,
2273.3,heavy,3103,0,5.230,
2276.7,heavy,3101,1,4.342,
2280.0,heavy,3102,1,1.181,
2283.3,heavy,3103,0,4.971,
2286.7,heavy,3101,0,5.071,
2290.0,heavy,3102,0,0.972,
2293.3,heavy,3103,0,11.036,
2296.7,heavy,3101,0,5.058,
2300.0,heavy,3102,1,1.561,
2300.0,light-5,3101,1,3.606,
2300.0,light-3,3102,1,9.879,
2300.0,light-2,3101,1,10.798,
2300.0,light-1,3103,1,11.386,
2300.0,light-4,3103,1,12.716,
2303.3,heavy,3102,1,2.621,
2306.7,heavy,3103,0,12.136,
2310.0,heavy,3101,0,3.230,
2313.3,heavy,3102,1,1.051,
2316.7,heavy,3103,0,5.421,
2320.0,heavy,3101,1,2.601,
2323.3,heavy,3102,0,0.768,
2326.7,heavy,3103,0,4.711,
2330.0,heavy,3101,1,3.849,
2333.3,heavy,3102,0,1.084,
2336.7,heavy,3103,0,2.985,
2340.0,heavy,3101,0,3.363,
2343.3,heavy,3102,1,1.468,
2346.7,heavy,3103,0,4.497,
2350.0,heavy,3101,1,3.723,
2353.3,heavy,3102,0,1.823,
2356.7,heavy,3103,0,4.874,
2360.0,heavy,3101,1,4.508,
2363.3,heavy,3102,0,1.576,
2366.7,heavy,3103,0,5.539,
2370.0,heavy,3101,0,5.968,
2373.3,heavy,3102,1,1.879,
2376.7,heavy,3103,0,7.904,
2380.0,heavy,3101,1,5.890,
2383.3,heavy,3102,0,1.227,
2386.7,heavy,3103,0,4.380,
2390.0,heavy,3101,1,4.712,
2393.3,heavy,3102,0,1.860,
2396.7,heavy,3103,1,7.093,
2400.0,heavy,3101,0,8.690,
2400.0,light-4,3102,1,4.157,
2400.0,light-2,3103,1,4.821,
2400.0,light-1,3102,1,8.744,
2400.0,light-3,3101,1,12.005,
2400.0,light-5,3103,1,12.673,
2403.3,heavy,3102,1,2.038,
2406.7,heavy,3103,0,7.507,
2410.0,heavy,3101,0,10.614,
2413.3,heavy,3101,0,8.337,
2416.7,heavy,3102,0,0.998,
2420.0,heavy,3103,0,3.127,
2423.3,heavy,3101,1,3.609,
2426.7,heavy,3102,0,0.976,
2430.0,heavy,3103,0,4.470,
2433.3,heavy,3101,1,3.011,
2436.7,heavy,3102,1,1.336,
2440.0,heavy,3103,0,5.343,
2443.3,heavy,3101,0,3.283,
2446.7,heavy,3102,0,1.032,
2450.0,heavy,3103,0,4.237,
2453.3,heavy,3101,0,3.458,
2456.7,heavy,3102,1,1.195,
2460.0,heavy,3103,0,3.706,
2463.3,heavy,3101,1,3.419,
2466.7,heavy,3102,0,1.174,
2470.0,heavy,3103,1,4.109,
2473.3,heavy,3101,0,4.166,
2476.7,heavy,3102,0,1.145,
2480.0,heavy,3103,0,3.054,
2483.3,heavy,3101,1,3.426,
2486.7,heavy,3102,0,1.342,
2490.0,heavy,3103,1,7.183,
2493.3,heavy,3101,0,8.235,
2496.7,heavy,3102,1,1.593,
2500.0,light-4,3102,1,3.624,
2500.0,light-2,3103,1,4.349,
2500.0,light-1,3102,1,7.121,
2500.0,light-5,3103,1,10.691,
2500.0,light-3,3101,1,11.371,
2500.0,heavy,3103,0,7.768,
2503.3,heavy,3101,0,9.175,
2506.7,heavy,3101,0,6.824,
2510.0,heavy,3102,0,1.232,
2513.3,heavy,3103,1,4.162,
2516.7,heavy,3101,0,3.372,
2520.0,heavy,3102,0,1.034,
2523.3,heavy,3103,1,4.527,
2526.7,heavy,3101,0,3.546,
2530.0,heavy,3102,1,1.314,
2533.3,heavy,3103,0,5.486,
2536.7,heavy,3101,0,3.504,
2540.0,heavy,3102,0,1.169,
2543.3,heavy,3103,0,4.256,
2546.7,heavy,3101,1,3.431,
2550.0,heavy,3102,1,0.958,
2553.3,heavy,3103,0,3.871,
2556.7,heavy,3101,0,4.019,
2560.0,heavy,3102,1,1.274,
2563.3,heavy,3103,0,4.021,
2566.7,heavy,3101,0,3.492,
2570.0,heavy,3102,0,1.049,
2573.3,heavy,3103,0,3.653,
2576.7,heavy,3101,0,3.639,
2580.0,heavy,3102,1,1.203,
2583.3,heavy,3103,0,4.404,
2586.7,heavy,3101,1,3.339,
2590.0,heavy,3102,1,1.240,
2593.3,heavy,3103,0,5.056,
2596.7,heavy,3101,0,2.699,
2600.0,light-5,3101,1,2.146,
2600.0,light-2,3101,1,4.302,
2600.0,light-1,3103,1,5.053,
2600.0,light-3,3102,1,5.099,
2600.0,light-4,3103,1,5.374,
2600.0,heavy,3102,0,1.036,
2603.3,heavy,3102,1,0.960,
2606.7,heavy,3103,0,4.175,
2610.0,heavy,3101,1,4.336,
2613.3,heavy,3102,0,1.118,
2616.7,heavy,3103,0,5.182,
2620.0,heavy,3101,0,3.417,
2623.3,heavy,3102,1,1.283,
2626.7,heavy,3103,0,4.743,
2630.0,heavy,3101,1,3.480,
2633.3,heavy,3102,0,1.273,
2636.7,heavy,3103,0,5.139,
2640.0,heavy,3101,1,4.174,
2643.3,heavy,3102,0,1.324,
2646.7,heavy,3103,0,3.205,
2650.0,heavy,3101,0,3.452,
2653.3,heavy,3102,1,1.203,
2656.7,heavy,3103,0,3.356,
2660.0,heavy,3101,0,3.080,
2663.3,heavy,3102,1,0.951,
2666.7,heavy,3103,1,4.119,
2670.0,heavy,3101,0,4.426,
2673.3,heavy,3102,0,0.954,
2676.7,heavy,3103,0,3.533,
2680.0,heavy,3101,0,3.500,
2683.3,heavy,3102,1,1.376,
2686.7,heavy,3103,0,4.064,
2690.0,heavy,3101,1,4.381,
2693.3,heavy,3102,0,1.485,
2696.7,heavy,3103,0,3.547,
2700.0,light-2,3103,1,1.368,
2700.0,light-4,3102,1,2.887,
2700.0,light-1,3102,1,5.610,
2700.0,light-5,3103,1,6.168,
2700.0,light-3,3101,1,7.783,
2700.0,heavy,3101,1,6.348,
2703.3,heavy,3101,0,6.016,
2706.7,heavy,3102,0,0.947,
2710.0,heavy,3103,0,3.544,
2713.3,heavy,3101,1,3.443,
2716.7,heavy,3102,0,1.226,
2720.0,heavy,3103,0,9.268,
2723.3,heavy,3101,1,4.959,
2726.7,heavy,3102,1,1.324,
2730.0,heavy,3103,0,9.797,
2733.3,heavy,3101,0,6.371,
2736.7,heavy,3102,0,2.056,
2740.0,heavy,3103,0,7.305,
2743.3,heavy,3101,1,4.025,
2746.7,heavy,3102,0,1.160,
2750.0,heavy,3103,0,5.014,
2753.3,heavy,3101,0,4.070,
2756.7,heavy,3102,1,1.488,
2760.0,heavy,3103,0,4.375,
2763.3,heavy,3101,1,4.517,
2766.7,heavy,3102,0,1.025,
2770.0,heavy,3103,0,3.069,
2773.3,heavy,3101,0,4.328,
2776.7,heavy,3102,1,1.260,
2780.0,heavy,3103,0,3.847,
2783.3,heavy,3101,0,4.730,
2786.7,heavy,3102,1,1.567,
2790.0,heavy,3103,0,3.395,
2793.3,heavy,3101,1,3.866,
2796.7,heavy,3102,0,1.016,
2800.0,light-4,3102,1,2.240,
2800.0,light-2,3103,1,2.980,
2800.0,light-1,3102,1,5.103,
2800.0,light-3,3101,1,7.457,
2800.0,light-5,3103,1,7.626,
2800.0,heavy,3103,1,4.890,
2803.3,heavy,3101,0,5.330,
2806.7,heavy,3101,0,6.048,
2810.0,heavy,3102,0,0.785,
2813.3,heavy,3103,0,3.720,
2816.7,heavy,3101,0,4.102,
2820.0,heavy,3102,1,1.146,
2823.3,heavy,3103,1,3.549,
2826.7,heavy,3101,0,3.524,
2830.0,heavy,3102,0,1.190,
2833.3,heavy,3103,1,3.197,
2836.7,heavy,3101,0,3.194,
2840.0,heavy,3102,0,0.908,
2843.3,heavy,3103,0,4.059,
2846.7,heavy,3101,1,4.410,
2850.0,heavy,3102,1,1.323,
2853.3,heavy,3103,0,3.431,
2856.7,heavy,3101,0,3.729,
2860.0,heavy,3102,0,0.908,
2863.3,heavy,3103,1,3.478,
2866.7,heavy,3101,0,3.616,
2870.0,heavy,3102,1,1.095,
2873.3,heavy,3103,0,3.630,
2876.7,heavy,3101,0,3.888,
2880.0,heavy,3102,0,0.894,
2883.3,heavy,3103,0,4.972,
2886.7,heavy,3101,1,5.859,
2890.0,heavy,3102,1,1.608,
2893.3,heavy,3103,0,5.917,
2896.7,heavy,3101,0,5.994,
2900.0,light-5,3101,1,2.975,
2900.0,light-2,3101,1,5.667,
2900.0,light-1,3103,1,6.328,
2900.0,light-3,3102,1,6.345,
2900.0,light-4,3103,1,6.531,
2900.0,heavy,3102,0,2.017,
2903.3,heavy,3102,1,2.107,
2906.7,heavy,3103,0,3.483,
2910.0,heavy,3101,1,3.116,
2913.3,heavy,3102,0,0.969,
2916.7,heavy,3103,0,5.119,
2920.0,heavy,3101,0,4.301,
2923.3,heavy,3102,1,1.378,
2926.7,heavy,3103,0,5.180,
2930.0,heavy,3101,0,3.650,
2933.3,heavy,3102,1,1.089,
2936.7,heavy,3103,0,3.943,
2940.0,heavy,3101,0,4.180,
2943.3,heavy,3102,1,1.341,
2946.7,heavy,3103,0,3.577,
2950.0,heavy,3101,1,4.801,
2953.3,heavy,3102,0,1.169,
2956.7,heavy,3103,0,3.383,
2960.0,heavy,3101,1,4.304,
2963.3,heavy,3102,0,1.055,
2966.7,heavy,3103,0,3.873,
2970.0,heavy,3101,0,4.195,
2973.3,heavy,3102,1,1.345,
2976.7,heavy,3103,0,3.743,
2980.0,heavy,3101,1,3.400,
2983.3,heavy,3102,0,0.919,
2986.7,heavy,3103,0,4.635,
2990.0,heavy,3101,0,3.759,
2993.3,heavy,3102,1,0.957,
2996.7,heavy,3103,0,6.685,
3000.0,light-5,3101,1,3.792,
3000.0,light-3,3102,1,6.491,
3000.0,light-1,3103,1,7.992,
3000.0,light-2,3101,1,8.487,
3000.0,light-4,3103,1,10.268,
3000.0,heavy,3101,0,5.186,
3003.3,heavy,3102,1,1.545,
3006.7,heavy,3102,0,2.636,
3010.0,heavy,3103,1,7.150,
3013.3,heavy,3101,0,6.821,
3016.7,heavy,3102,0,1.137,
3020.0,heavy,3103,0,2.982,
3023.3,heavy,3101,1,4.198,
3026.7,heavy,3102,0,1.204,
3030.0,heavy,3103,0,3.354,
3033.3,heavy,3101,0,3.609,
3036.7,heavy,3102,1,1.197,
3040.0,heavy,3103,0,3.010,
3043.3,heavy,3101,1,5.607,
3046.7,heavy,3102,1,1.223,
3050.0,heavy,3103,0,3.914,
3053.3,heavy,3101,0,5.397,
3056.7,heavy,3102,0,1.014,
3060.0,heavy,3103,0,3.778,
3063.3,heavy,3101,0,4.114,
3066.7,heavy,3102,1,1.348,
3070.0,heavy,3103,0,3.075,
3073.3,heavy,3101,1,3.735,
3076.7,heavy,3102,0,1.175,
3080.0,heavy,3103,1,3.477,
3083.3,heavy,3101,0,3.127,
3086.7,heavy,3102,1,1.747,
3090.0,heavy,3103,0,4.890,
3093.3,heavy,3101,0,3.307,
3096.7,heavy,3102,0,1.667,
3100.0,light-1,3101,1,1.897,
3100.0,light-3,3103,1,1.960,
3100.0,light-4,3101,1,4.134,
3100.0,light-5,3102,1,4.791,
3100.0,light-2,3102,1,5.400,
3100.0,heavy,3103,0,4.999,
3103.3,heavy,3103,1,3.241,
3106.7,heavy,3101,0,2.974,
3110.0,heavy,3102,0,1.125,
3113.3,heavy,3103,0,4.667,
3116.7,heavy,3101,0,3.804,
3120.0,heavy,3102,1,1.358,
3123.3,heavy,3103,0,5.479,
3126.7,heavy,3101,0,4.279,
3130.0,heavy,3102,1,1.103,
3133.3,heavy,3103,1,4.218,
3136.7,heavy,3101,0,3.061,
3140.0,heavy,3102,0,1.053,
3143.3,heavy,3103,1,3.485,
3146.7,heavy,3101,0,3.076,
3150.0,heavy,3102,0,0.861,
3153.3,heavy,3103,1,3.843,
3156.7,heavy,3101,0,4.217,
3160.0,heavy,3102,1,1.008,
3163.3,heavy,3103,0,3.067,
3166.7,heavy,3101,0,4.173,
3170.0,heavy,3102,0,1.022,
3173.3,heavy,3103,1,3.223,
3176.7,heavy,3101,0,3.598,
3180.0,heavy,3102,1,1.135,
3183.3,heavy,3103,0,3.227,
3186.7,heavy,3101,0,3.870,
3190.0,heavy,3102,0,0.986,
3193.3,heavy,3103,0,6.766,
3196.7,heavy,3101,1,5.060,
3200.0,light-1,3101,1,2.456,
3200.0,light-3,3103,1,3.561,
3200.0,light-5,3102,1,5.766,
3200.0,light-2,3102,1,7.861,
3200.0,light-4,3101,1,7.938,
3200.0,heavy,3102,1,2.341,
3203.3,heavy,3103,0,7.429,
3206.7,heavy,3103,0,7.148,
3210.0,heavy,3101,1,4.923,
3213.3,heavy,3102,0,0.765,
3216.7,heavy,3103,1,4.172,
3220.0,heavy,3101,0,4.578,
3223.3,heavy,3102,0,1.093,
3226.7,heavy,3103,0,6.014,
3230.0,heavy,3101,0,3.585,
3233.3,heavy,3102,1,1.413,
3236.7,heavy,3103,0,6.645,
3240.0,heavy,3101,0,3.931,
3243.3,heavy,3102,1,1.653,
3246.7,heavy,3103,0,4.119,
3250.0,heavy,3101,0,4.264,
3253.3,heavy,3102,1,1.143,
3256.7,heavy,3103,0,4.343,
3260.0,heavy,3101,1,3.114,
3263.3,heavy,3102,0,1.453,
3266.7,heavy,3103,0,3.606,
3270.0,heavy,3101,1,3.990,
3273.3,heavy,3102,0,1.140,
3276.7,heavy,3103,0,3.682,
3280.0,heavy,3101,0,2.962,
3283.3,heavy,3102,1,1.017,
3286.7,heavy,3103,1,7.206,
3290.0,heavy,3101,0,6.266,
3293.3,heavy,3102,1,1.563,
3296.7,heavy,3103,0,8.399,
3300.0,light-4,3102,1,3.072,
3300.0,light-2,3103,1,3.898,
3300.0,light-1,3102,1,6.546,
3300.0,light-3,3101,1,9.431,
3300.0,light-5,3103,1,9.928,
3300.0,heavy,3101,0,8.142,
3303.3,heavy,3101,0,7.096,
3306.7,heavy,3102,0,0.775,
3310.0,heavy,3103,1,5.002,
3313.3,heavy,3101,0,2.937,
3316.7,heavy,3102,0,1.046,
3320.0,heavy,3103,0,5.359,
3323.3,heavy,3101,1,3.349,
3326.7,heavy,3102,1,1.145,
3330.0,heavy,3103,0,6.118,
3333.3,heavy,3101,0,2.761,
3336.7,heavy,3102,0,0.874,
3340.0,heavy,3103,0,4.960,
3343.3,heavy,3101,0,3.431,
3346.7,heavy,3102,1,1.377,
3350.0,heavy,3103,1,5.332,
3353.3,heavy,3101,0,3.113,
3356.7,heavy,3102,0,0.936,
3360.0,heavy,3103,0,3.251,
3363.3,heavy,3101,1,3.231,
3366.7,heavy,3102,0,0.846,
3370.0,heavy,3103,0,4.417,
3373.3,heavy,3101,0,4.620,
3376.7,heavy,3102,1,1.416,
3380.0,heavy,3103,1,3.994,
3383.3,heavy,3101,0,4.434,
3386.7,heavy,3102,0,1.366,
3390.0,heavy,3103,1,4.166,
3393.3,heavy,3101,0,4.541,
3396.7,heavy,3102,0,1.290,
3400.0,light-5,3101,1,4.555,
3400.0,light-3,3102,1,7.676,
3400.0,light-2,3101,1,8.075,
3400.0,light-1,3103,1,10.623,
3400.0,light-4,3103,1,11.301,
3400.0,heavy,3103,0,8.594,
3403.3,heavy,3101,0,7.000,
3406.7,heavy,3102,1,1.780,
3410.0,heavy,3102,1,2.887,
3413.3,heavy,3103,0,8.535,
3416.7,heavy,3101,0,4.412,
3420.0,heavy,3102,0,1.028,
3423.3,heavy,3103,1,4.444,
3426.7,heavy,3101,0,4.227,
3430.0,heavy,3102,0,1.363,
3433.3,heavy,3103,1,4.682,
3436.7,heavy,3101,0,3.760,
3440.0,heavy,3102,0,1.731,
3443.3,heavy,3103,0,5.071,
3446.7,heavy,3101,1,4.608,
3450.0,heavy,3102,1,1.272,
3453.3,heavy,3103,0,5.735,
3456.7,heavy,3101,0,5.534,
3460.0,heavy,3102,0,1.217,
3463.3,heavy,3103,0,5.160,
3466.7,heavy,3101,1,3.916,
3470.0,heavy,3102,1,1.472,
3473.3,heavy,3103,0,4.626,
3476.7,heavy,3101,0,3.465,
3480.0,heavy,3102,0,1.002,
3483.3,heavy,3103,1,3.774,
3486.7,heavy,3101,0,4.881,
3490.0,heavy,3102,0,0.894,
3493.3,heavy,3103,1,5.520,
3496.7,heavy,3101,0,4.669,
3500.0,light-1,3101,1,3.086,
3500.0,light-3,3103,1,3.883,
3500.0,light-2,3102,1,5.266,
3500.0,light-4,3101,1,6.072,
3500.0,light-5,3102,1,6.593,
3500.0,heavy,3102,1,2.289,
3503.3,heavy,3103,0,7.956,
3506.7,heavy,3103,0,5.707,
3510.0,heavy,3101,0,3.317,
3513.3,heavy,3102,1,1.390,
3516.7,heavy,3103,0,3.334,
3520.0,heavy,3101,0,2.933,
3523.3,heavy,3102,1,0.879,
3526.7,heavy,3103,0,3.791,
3530.0,heavy,3101,0,4.014,
3533.3,heavy,3102,1,1.430,
3536.7,heavy,3103,0,3.713,
3540.0,heavy,3101,1,3.505,
3543.3,heavy,3102,0,1.120,
3546.7,heavy,3103,0,4.405,
3550.0,heavy,3101,0,3.023,
3553.3,heavy,3102,1,1.413,
3556.7,heavy,3103,0,5.373,
3560.0,heavy,3101,0,4.251,
3563.3,heavy,3102,1,1.261,
3566.7,heavy,3103,0,4.850,
3570.0,heavy,3101,0,3.035,
3573.3,heavy,3102,1,1.204,
3576.7,heavy,3103,0,4.286,
3580.0,heavy,3101,0,2.471,
3583.3,heavy,3102,1,0.799,
3586.7,heavy,3103,0,3.966,
3590.0,heavy,3101,0,3.488,
3593.3,heavy,3102,1,1.105,
3596.7,heavy,3103,0,3.375,
3600.0,light-2,3103,1,1.161,
3600.0,light-4,3102,1,2.389,
3600.0,light-1,3102,1,4.888,
3600.0,light-5,3103,1,5.032,
3600.0,light-3,3101,1,6.715,
3600.0,heavy,3101,1,5.245,
3603.3,heavy,3101,0,5.169,
3606.7,heavy,3102,0,1.076,
3610.0,heavy,3103,0,3.367,
3613.3,heavy,3101,1,3.333,
3616.7,heavy,3102,0,1.262,
3620.0,heavy,3103,0,3.653,
3623.3,heavy,3101,0,3.922,
3626.7,heavy,3102,1,1.313,
3630.0,heavy,3103,0,2.880,
3633.3,heavy,3101,1,3.099,
3636.7,heavy,3102,0,0.983,
3640.0,heavy,3103,1,3.136,
3643.3,heavy,3101,0,2.859,
3646.7,heavy,3102,0,0.930,
3650.0,heavy,3103,0,3.038,
3653.3,heavy,3101,0,3.306,
3656.7,heavy,3102,1,0.949,
3660.0,heavy,3103,0,3.321,
3663.3,heavy,3101,1,3.637,
3666.7,heavy,3102,0,0.994,
3670.0,heavy,3103,1,3.589,
3673.3,heavy,3101,0,3.912,
3676.7,heavy,3102,0,0.918,
3680.0,heavy,3103,0,4.121,
3683.3,heavy,3101,0,3.373,
3686.7,heavy,3102,1,1.769,
3690.0,heavy,3103,0,3.479,
3693.3,heavy,3101,1,3.451,
3696.7,heavy,3102,0,0.870,
3700.0,light-2,3103,1,2.753,
3700.0,light-4,3102,1,3.175,
3700.0,light-1,3102,1,4.795,
3700.0,light-3,3101,1,7.169,
3700.0,light-5,3103,1,7.583,
3700.0,heavy,3103,0,5.321,
3703.3,heavy,3101,1,5.791,
3706.7,heavy,3101,0,5.090,
3710.0,heavy,3102,0,0.785,
3713.3,heavy,3103,0,4.355,
3716.7,heavy,3101,0,3.509,
3720.0,heavy,3102,1,1.436,
3723.3,heavy,3103,1,2.995,
3726.7,heavy,3101,0,3.819,
3730.0,heavy,3102,0,1.178,
3733.3,heavy,3103,1,3.671,
3736.7,heavy,3101,0,3.804,
3740.0,heavy,3102,0,1.242,
3743.3,heavy,3103,1,4.729,
3746.7,heavy,3101,0,4.653,
3750.0,heavy,3102,1,1.078,
3753.3,heavy,3103,0,3.958,
3756.7,heavy,3101,0,3.649,
3760.0,heavy,3102,0,1.105,
3763.3,heavy,3103,1,3.122,
3766.7,heavy,3101,0,3.440,
3770.0,heavy,3102,0,1.131,
3773.3,heavy,3103,0,3.454,
3776.7,heavy,3101,0,4.338,
3780.0,heavy,3102,1,1.423,
3783.3,heavy,3103,1,3.042,
3786.7,heavy,3101,0,2.964,
3790.0,heavy,3102,0,0.971,
3793.3,heavy,3103,1,3.543,
3796.7,heavy,3101,0,3.481,
3800.0,light-5,3101,1,2.406,
3800.0,light-2,3101,1,4.742,
3800.0,light-1,3103,1,5.414,
3800.0,light-3,3102,1,5.457,
3800.0,light-4,3103,1,5.565,
3800.0,heavy,3102,1,1.637,
3803.3,heavy,3102,0,1.993,
3806.7,heavy,3103,0,3.800,
3810.0,heavy,3101,0,3.030,
3813.3,heavy,3102,1,1.180,
3816.7,heavy,3103,0,4.562,
3820.0,heavy,3101,0,3.792,
3823.3,heavy,3102,1,1.455,
3826.7,heavy,3103,0,5.374,
3830.0,heavy,3101,0,2.969,
3833.3,heavy,3102,1,0.886,
3836.7,heavy,3103,1,3.329,
3840.0,heavy,3101,0,3.594,
3843.3,heavy,3102,0,0.936,
3846.7,heavy,3103,0,4.350,
3850.0,heavy,3101,0,3.424,
3853.3,heavy,3102,1,1.391,
3856.7,heavy,3103,0,4.965,
3860.0,heavy,3101,0,3.126,
3863.3,heavy,3102,1,0.983,
3866.7,heavy,3103,0,3.627,
3870.0,heavy,3101,0,3.860,
3873.3,heavy,3102,1,1.303,
3876.7,heavy,3103,0,3.127,
3880.0,heavy,3101,0,3.269,
3883.3,heavy,3102,1,1.081,
3886.7,heavy,3103,0,3.308,
3890.0,heavy,3101,1,3.441,
3893.3,heavy,3102,0,1.441,
3896.7,heavy,3103,0,3.355,
3900.0,light-2,3103,1,1.377,
3900.0,light-4,3102,1,2.593,
3900.0,light-1,3102,1,4.956,
3900.0,light-5,3103,1,4.888,
3900.0,light-3,3101,1,13.854,
3900.0,heavy,3101,1,12.001,
3903.3,heavy,3101,0,12.880,
3906.7,heavy,3102,1,1.395,
3910.0,heavy,3103,0,3.492,
3913.3,heavy,3101,0,4.410,
3916.7,heavy,3102,0,0.893,
3920.0,heavy,3103,1,4.150,
3923.3,heavy,3101,0,4.064,
3926.7,heavy,3102,1,1.279,
3930.0,heavy,3103,0,5.132,
3933.3,heavy,3101,0,4.625,
3936.7,heavy,3102,0,1.507,
3940.0,heavy,3103,0,3.136,
3943.3,heavy,3101,1,3.345,
3946.7,heavy,3102,0,0.874,
3950.0,heavy,3103,1,3.296,
3953.3,heavy,3101,0,3.645,
3956.7,heavy,3102,0,1.044,
3960.0,heavy,3103,0,3.699,
3963.3,heavy,3101,0,11.978,
3966.7,heavy,3102,1,1.344,
3970.0,heavy,3103,0,3.198,
3973.3,heavy,3101,0,7.629,
3976.7,heavy,3102,1,1.233,
3980.0,heavy,3103,0,3.006,
3983.3,heavy,3101,1,2.953,
3986.7,heavy,3102,0,1.114,
3990.0,heavy,3103,0,3.647,
3993.3,heavy,3101,0,3.520,
3996.7,heavy,3102,1,1.344,
4000.0,light-1,3101,1,1.199,
4000.0,light-3,3103,1,2.770,
4000.0,light-4,3101,1,5.215,
4000.0,light-2,3102,1,5.835,
4000.0,light-5,3102,1,6.067,
4000.0,heavy,3103,1,6.115,
4003.3,heavy,3103,0,5.465,
4006.7,heavy,3101,0,3.262,
4010.0,heavy,3102,0,0.944,
4013.3,heavy,3103,1,3.119,
4016.7,heavy,3101,0,2.836,
4020.0,heavy,3102,1,1.659,
4023.3,heavy,3103,0,3.668,
4026.7,heavy,3101,0,3.294,
4030.0,heavy,3102,0,1.137,
4033.3,heavy,3103,0,4.827,
4036.7,heavy,3101,1,4.388,
4040.0,heavy,3102,1,1.764,
4043.3,heavy,3103,0,5.036,
4046.7,heavy,3101,0,3.674,
4050.0,heavy,3102,0,1.059,
4053.3,heavy,3103,1,4.411,
4056.7,heavy,3101,0,3.578,
4060.0,heavy,3102,1,1.365,
4063.3,heavy,3103,0,3.279,
4066.7,heavy,3101,0,3.398,
4070.0,heavy,3102,0,1.279,
4073.3,heavy,3103,1,3.747,
4076.7,heavy,3101,0,4.005,
4080.0,heavy,3102,0,0.916,
4083.3,heavy,3103,1,8.418,
4086.7,heavy,3101,0,9.869,
4090.0,heavy,3102,1,4.406,
4093.3,heavy,3103,0,12.452,
4096.7,heavy,3101,0,8.229,
4100.0,light-5,3101,1,6.818,
4100.0,light-3,3102,1,7.771,
4100.0,light-2,3101,1,8.042,
4100.0,light-1,3103,1,8.532,
4100.0,light-4,3103,1,9.343,
4100.0,heavy,3102,1,5.917,
4103.3,heavy,3102,0,3.093,
4106.7,heavy,3103,0,3.788,
4110.0,heavy,3101,1,3.262,
4113.3,heavy,3102,0,1.261,
4116.7,heavy,3103,0,3.986,
4120.0,heavy,3101,0,3.403,
4123.3,heavy,3102,1,1.215,
4126.7,heavy,3103,1,3.876,
4130.0,heavy,3101,0,4.106,
4133.3,heavy,3102,0,1.272,
4136.7,heavy,3103,0,3.303,
4140.0,heavy,3101,0,3.709,
4143.3,heavy,3102,1,1.844,
4146.7,heavy,3103,0,3.658,
4150.0,heavy,3101,1,3.604,
4153.3,heavy,3102,0,0.966,
4156.7,heavy,3103,0,3.684,
4160.0,heavy,3101,0,3.026,
4163.3,heavy,3102,1,1.172,
4166.7,heavy,3103,0,4.758,
4170.0,heavy,3101,0,3.807,
4173.3,heavy,3102,1,1.515,
4176.7,heavy,3103,0,4.803,
4180.0,heavy,3101,1,3.270,
4183.3,heavy,3102,0,1.112,
4186.7,heavy,3103,0,3.295,
4190.0,heavy,3101,0,3.711,
4193.3,heavy,3102,1,0.958,
4196.7,heavy,3103,0,3.023,
4200.0,light-2,3103,1,1.274,
4200.0,light-4,3102,1,2.714,
4200.0,light-5,3103,1,4.055,
4200.0,light-1,3102,1,4.973,
4200.0,light-3,3101,1,5.040,
4200.0,heavy,3101,0,4.918,
4203.3,heavy,3101,1,3.345,
4206.7,heavy,3102,0,0.954,
4210.0,heavy,3103,1,3.786,
4213.3,heavy,3101,0,3.653,
4216.7,heavy,3102,1,1.424,
4220.0,heavy,3103,0,4.166,
4223.3,heavy,3101,0,3.962,
4226.7,heavy,3102,0,0.771,
4230.0,heavy,3103,0,4.606,
4233.3,heavy,3101,0,3.664,
4236.7,heavy,3102,1,1.099,
4240.0,heavy,3103,0,5.504,
4243.3,heavy,3101,1,3.086,
4246.7,heavy,3102,0,0.950,
4250.0,heavy,3103,0,4.083,
4253.3,heavy,3101,1,2.705,
4256.7,heavy,3102,0,0.705,
4260.0,heavy,3103,0,4.512,
4263.3,heavy,3101,0,3.175,
4266.7,heavy,3102,1,1.189,
4270.0,heavy,3103,1,5.485,
4273.3,heavy,3101,0,2.941,
4276.7,heavy,3102,0,0.995,
4280.0,heavy,3103,0,4.772,
4283.3,heavy,3101,0,3.803,
4286.7,heavy,3102,1,1.054,
4290.0,heavy,3103,0,3.406,
4293.3,heavy,3101,1,4.289,
4296.7,heavy,3102,0,1.494,
4300.0,light-1,3101,1,1.900,
4300.0,light-3,3103,1,3.654,
4300.0,light-4,3101,1,6.773,
4300.0,light-2,3102,1,7.940,
4300.0,light-5,3102,1,8.613,
4300.0,heavy,3103,1,8.570,
4303.3,heavy,3103,0,6.053,
4306.7,heavy,3101,0,3.984,
4310.0,heavy,3102,0,0.854,
4313.3,heavy,3103,1,4.735,
4316.7,heavy,3101,0,5.200,
4320.0,heavy,3102,1,1.241,
4323.3,heavy,3103,0,4.344,
4326.7,heavy,3101,0,3.254,
4330.0,heavy,3102,1,1.368,
4333.3,heavy,3103,0,3.797,
4336.7,heavy,3101,0,3.185,
4340.0,heavy,3102,0,0.901,
4343.3,heavy,3103,0,4.071,
4346.7,heavy,3101,1,3.213,
4350.0,heavy,3102,0,0.943,
4353.3,heavy,3103,1,5.011,
4356.7,heavy,3101,0,4.156,
4360.0,heavy,3102,1,1.181,
4363.3,heavy,3103,0,5.352,
4366.7,heavy,3101,0,2.677,
4370.0,heavy,3102,0,0.764,
4373.3,heavy,3103,0,4.128,
4376.7,heavy,3101,1,3.376,
4380.0,heavy,3102,1,0.824,
4383.3,heavy,3103,0,4.944,
4386.7,heavy,3101,0,4.400,
4390.0,heavy,3102,1,1.270,
4393.3,heavy,3103,0,6.301,
4396.7,heavy,3101,0,3.963,
4400.0,light-5,3101,1,2.835,
4400.0,light-2,3101,1,4.846,
4400.0,light-1,3103,1,5.048,
4400.0,light-4,3103,1,5.881,
4400.0,light-3,3102,1,6.494,
4400.0,heavy,3102,0,1.318,
4403.3,heavy,3102,1,1.603,
4406.7,heavy,3103,0,2.774,
4410.0,heavy,3101,0,4.549,
4413.3,heavy,3102,1,1.258,
4416.7,heavy,3103,0,4.826,
4420.0,heavy,3101,0,5.155,
4423.3,heavy,3102,1,1.691,
4426.7,heavy,3103,0,4.160,
4430.0,heavy,3101,0,3.128,
4433.3,heavy,3102,1,1.039,
4436.7,heavy,3103,1,3.252,
4440.0,heavy,3101,0,3.586,
4443.3,heavy,3102,0,1.032,
4446.7,heavy,3103,0,3.703,
4450.0,heavy,3101,0,4.070,
4453.3,heavy,3102,1,1.189,
4456.7,heavy,3103,0,4.157,
4460.0,heavy,3101,0,2.754,
4463.3,heavy,3102,1,1.091,
4466.7,heavy,3103,1,3.198,
4470.0,heavy,3101,0,3.450,
4473.3,heavy,3102,0,0.721,
4476.7,heavy,3103,0,4.253,
4480.0,heavy,3101,0,3.348,
4483.3,heavy,3102,1,1.285,
4486.7,heavy,3103,0,4.642,
4490.0,heavy,3101,1,3.331,
4493.3,heavy,3102,0,1.004,
4496.7,heavy,3103,0,6.778,
4500.0,light-5,3101,1,3.694,
4500.0,light-3,3102,1,5.724,
4500.0,light-2,3101,1,6.455,
4500.0,light-1,3103,1,6.817,
4500.0,light-4,3103,1,7.554,
4500.0,heavy,3101,0,5.318,
4503.3,heavy,3102,1,1.711,
4506.7,heavy,3102,0,1.053,
4510.0,heavy,3103,1,10.792,
4513.3,heavy,3101,0,3.145,
4516.7,heavy,3102,0,1.200,
4520.0,heavy,3103,0,2.974,
4523.3,heavy,3101,1,3.969,
4526.7,heavy,3102,1,1.293,
4530.0,heavy,3103,0,3.483,
4533.3,heavy,3101,0,4.998,
4536.7,heavy,3102,0,1.660,
4540.0,heavy,3103,0,2.686,
4543.3,heavy,3101,1,2.757,
4546.7,heavy,3102,0,1.226,
4550.0,heavy,3103,0,3.906,
4553.3,heavy,3101,1,2.984,
4556.7,heavy,3102,0,1.054,
4560.0,heavy,3103,1,3.384,
4563.3,heavy,3101,0,3.817,
4566.7,heavy,3102,0,0.988,
4570.0,heavy,3103,0,2.546,
4573.3,heavy,3101,0,3.755,
4576.7,heavy,3102,1,1.275,
4580.0,heavy,3103,1,4.178,
4583.3,heavy,3101,0,2.816,
4586.7,heavy,3102,0,1.103,
4590.0,heavy,3103,1,3.222,
4593.3,heavy,3101,0,3.399,
4596.7,heavy,3102,0,0.831,
4600.0,light-1,3101,1,3.158,
4600.0,light-3,3103,1,3.571,
4600.0,light-4,3101,1,6.406,
4600.0,light-5,3102,1,8.539,
4600.0,light-2,3102,1,9.735,
4600.0,heavy,3103,0,6.683,
4603.3,heavy,3101,1,5.926,
4606.7,heavy,3102,1,2.998,
4610.0,heavy,3103,0,6.678,
4613.3,heavy,3103,0,7.780,
4616.7,heavy,3101,0,5.385,
4620.0,heavy,3102,0,1.924,
4623.3,heavy,3103,1,2.608,
4626.7,heavy,3101,0,3.457,
4630.0,heavy,3102,0,1.026,
4633.3,heavy,3103,0,4.072,
4636.7,heavy,3101,1,3.242,
4640.0,heavy,3102,1,1.153,
4643.3,heavy,3103,0,4.817,
4646.7,heavy,3101,0,2.810,
4650.0,heavy,3102,0,1.097,
4653.3,heavy,3103,0,4.143,
4656.7,heavy,3101,1,3.366,
4660.0,heavy,3102,1,1.007,
4663.3,heavy,3103,0,4.426,
4666.7,heavy,3101,0,3.492,
4670.0,heavy,3102,1,1.155,
4673.3,heavy,3103,0,5.077,
4676.7,heavy,3101,0,2.816,
4680.0,heavy,3102,0,0.975,
4683.3,heavy,3103,0,3.270,
4686.7,heavy,3101,0,2.593,
4690.0,heavy,3102,1,1.203,
4693.3,heavy,3103,1,2.030,
4696.7,heavy,3101,0,6.093,
4700.0,light-3,3103,1,2.732,
4700.0,light-1,3101,1,3.141,
4700.0,light-5,3102,1,5.607,
4700.0,light-4,3101,1,5.914,
4700.0,light-2,3102,1,6.453,
4700.0,heavy,3102,1,1.431,
4703.3,heavy,3103,0,5.147,
4706.7,heavy,3103,0,5.093,
4710.0,heavy,3101,0,2.923,
4713.3,heavy,3102,1,1.417,
4716.7,heavy,3103,1,4.007,
4720.0,heavy,3101,0,3.118,
4723.3,heavy,3102,0,0.767,
4726.7,heavy,3103,0,4.040,
4730.0,heavy,3101,0,3.143,
4733.3,heavy,3102,1,1.365,
4736.7,heavy,3103,0,4.417,
4740.0,heavy,3101,0,3.224,
4743.3,heavy,3102,1,1.013,
4746.7,heavy,3103,0,3.522,
4750.0,heavy,3101,0,3.837,
4753.3,heavy,3102,1,1.252,
4756.7,heavy,3103,0,3.639,
4760.0,heavy,3101,0,3.400,
4763.3,heavy,3102,1,1.643,
4766.7,heavy,3103,0,2.834,
4770.0,heavy,3101,0,2.245,
4773.3,heavy,3102,1,1.020,
4776.7,heavy,3103,0,3.347,
4780.0,heavy,3101,0,3.631,
4783.3,heavy,3102,1,1.271,
4786.7,heavy,3103,0,3.640,
4790.0,heavy,3101,0,4.595,
4793.3,heavy,3102,1,1.320,
4796.7,heavy,3103,0,3.305,
4800.0,light-2,3103,1,1.326,
4800.0,light-4,3102,1,2.526,
4800.0,light-5,3103,1,4.507,
4800.0,light-1,3102,1,5.295,
4800.0,light-3,3101,1,5.515,
4800.0,heavy,3101,0,5.619,
4803.3,heavy,3101,1,3.241,
4806.7,heavy,3102,0,1.151,
4810.0,heavy,3103,0,3.806,
4813.3,heavy,3101,1,2.972,
4816.7,heavy,3102,0,1.224,
4820.0,heavy,3103,0,4.047,
4823.3,heavy,3101,0,2.967,
4826.7,heavy,3102,1,1.451,
4830.0,heavy,3103,0,3.950,
4833.3,heavy,3101,1,3.562,
4836.7,heavy,3102,0,0.994,
4840.0,heavy,3103,0,3.522,
4843.3,heavy,3101,1,2.729,
4846.7,heavy,3102,0,0.749,
4850.0,heavy,3103,0,4.069,
4853.3,heavy,3101,0,3.070,
4856.7,heavy,3102,1,1.441,
4860.0,heavy,3103,0,3.330,
4863.3,heavy,3101,1,3.191,
4866.7,heavy,3102,0,1.023,
4870.0,heavy,3103,1,3.065,
4873.3,heavy,3101,0,3.216,
4876.7,heavy,3102,0,0.911,
4880.0,heavy,3103,0,4.294,
4883.3,heavy,3101,0,3.459,
4886.7,heavy,3102,1,1.369,
4890.0,heavy,3103,1,4.582,
4893.3,heavy,3101,0,3.605,
4896.7,heavy,3102,0,0.870,
4900.0,light-2,3103,1,2.520,
4900.0,light-4,3102,1,3.015,
4900.0,light-1,3102,1,4.879,
4900.0,light-5,3103,1,5.865,
4900.0,light-3,3101,1,6.870,
4900.0,heavy,3103,1,4.300,
4903.3,heavy,3101,0,6.309,
4906.7,heavy,3101,0,5.183,
4910.0,heavy,3102,0,1.303,
4913.3,heavy,3103,0,4.310,
4916.7,heavy,3101,1,3.138,
4920.0,heavy,3102,1,1.303,
4923.3,heavy,3103,0,3.988,
4926.7,heavy,3101,0,2.933,
4930.0,heavy,3102,0,0.978,
4933.3,heavy,3103,0,4.044,
4936.7,heavy,3101,1,3.221,
4940.0,heavy,3102,0,0.897,
4943.3,heavy,3103,0,4.143,
4946.7,heavy,3101,1,2.842,
4950.0,heavy,3102,1,1.206,
4953.3,heavy,3103,0,4.254,
4956.7,heavy,3101,0,3.298,
4960.0,heavy,3102,0,0.929,
4963.3,heavy,3103,0,3.039,
4966.7,heavy,3101,0,3.251,
4970.0,heavy,3102,1,1.037,
4973.3,heavy,3103,0,4.574,
4976.7,heavy,3101,1,2.988,
4980.0,heavy,3102,1,1.330,
4983.3,heavy,3103,0,5.248,
4986.7,heavy,3101,0,2.918,
4990.0,heavy,3102,0,0.815,
4993.3,heavy,3103,0,6.008,
4996.7,heavy,3101,1,4.831,
5000.0,heavy,3102,1,1.230,
5000.0,light-5,3101,1,3.428,
5000.0,light-3,3102,1,5.755,
5000.0,light-1,3103,1,6.749,
5000.0,light-2,3101,1,7.367,
5000.0,light-4,3103,1,7.746,
5003.3,heavy,3102,0,1.326,
5006.7,heavy,3103,0,3.115,
5010.0,heavy,3101,0,2.174,
5013.3,heavy,3102,1,1.285,
5016.7,heavy,3103,0,3.055,
5020.0,heavy,3101,0,10.112,
5023.3,heavy,3102,1,1.335,
5026.7,heavy,3103,0,2.905,
5030.0,heavy,3101,0,10.467,
5033.3,heavy,3102,1,0.840,
5036.7,heavy,3103,0,2.966,
5040.0,heavy,3101,0,3.465,
5043.3,heavy,3102,1,1.096,
5046.7,heavy,3103,0,4.776,
5050.0,heavy,3101,1,3.999,
5053.3,heavy,3102,1,1.355,
5056.7,heavy,3103,0,5.024,
5060.0,heavy,3101,0,4.533,
5063.3,heavy,3102,0,1.271,
5066.7,heavy,3103,0,2.803,
5070.0,heavy,3101,0,3.485,
5073.3,heavy,3102,1,1.299,
5076.7,heavy,3103,0,3.655,
5080.0,heavy,3101,0,2.945,
5083.3,heavy,3102,1,0.983,
5086.7,heavy,3103,0,3.862,
5090.0,heavy,3101,0,2.974,
5093.3,heavy,3102,1,1.439,
5096.7,heavy,3103,0,2.786,
5100.0,heavy,3101,1,7.038,
5100.0,light-1,3101,1,2.248,
5100.0,light-3,3103,1,3.668,
5100.0,light-5,3102,1,6.100,
5100.0,light-4,3101,1,8.028,
5100.0,light-2,3102,1,8.300,
5103.3,heavy,3102,1,1.514,
5106.7,heavy,3103,0,6.535,
5110.0,heavy,3103,0,6.741,
5113.3,heavy,3101,0,5.399,
5116.7,heavy,3102,0,1.403,
5120.0,heavy,3103,1,3.649,
5123.3,heavy,3101,0,3.961,
5126.7,heavy,3102,0,1.117,
5130.0,heavy,3103,0,4.630,
5133.3,heavy,3101,0,3.681,
5136.7,heavy,3102,1,1.383,
5140.0,heavy,3103,1,5.055,
5143.3,heavy,3101,0,3.373,
5146.7,heavy,3102,0,1.222,
5150.0,heavy,3103,1,3.615,
5153.3,heavy,3101,0,3.881,
5156.7,heavy,3102,0,0.849,
5160.0,heavy,3103,0,4.878,
5163.3,heavy,3101,1,3.101,
5166.7,heavy,3102,1,1.177,
5170.0,heavy,3103,0,5.493,
5173.3,heavy,3101,0,3.088,
5176.7,heavy,3102,0,1.008,
5180.0,heavy,3103,0,3.985,
5183.3,heavy,3101,0,3.178,
5186.7,heavy,3102,1,1.164,
5190.0,heavy,3103,0,2.883,
5193.3,heavy,3101,1,3.299,
5196.7,heavy,3102,0,0.968,
5200.0,heavy,3103,1,5.961,
5200.0,light-1,3101,1,1.524,
5200.0,light-3,3103,1,2.486,
5200.0,light-4,3101,1,4.933,
5200.0,light-5,3102,1,5.717,
5200.0,light-2,3102,1,6.180,
5203.3,heavy,3103,0,4.528,
5206.7,heavy,3101,0,3.044,
5210.0,heavy,3102,0,0.905,
5213.3,heavy,3103,0,3.878,
5216.7,heavy,3101,1,3.788,
5220.0,heavy,3102,0,0.728,
5223.3,heavy,3103,1,4.150,
5226.7,heavy,3101,0,3.139,
5230.0,heavy,3102,1,1.240,
5233.3,heavy,3103,0,5.043,
5236.7,heavy,3101,0,3.333,
5240.0,heavy,3102,0,0.903,
5243.3,heavy,3103,0,3.821,
5246.7,heavy,3101,1,3.002,
5250.0,heavy,3102,0,0.944,
5253.3,heavy,3103,0,5.516,
5256.7,heavy,3101,1,3.448,
5260.0,heavy,3102,1,1.771,
5263.3,heavy,3103,0,6.186,
5266.7,heavy,3101,0,3.272,
5270.0,heavy,3102,0,0.754,
5273.3,heavy,3103,1,3.654,
5276.7,heavy,3101,0,4.191,
5280.0,heavy,3102,1,1.064,
5283.3,heavy,3103,0,3.269,
5286.7,heavy,3101,0,2.608,
5290.0,heavy,3102,1,1.221,
5293.3,heavy,3103,0,3.136,
5296.7,heavy,3101,0,3.775,
5300.0,heavy,3102,0,1.198,
5300.0,light-5,3101,1,1.999,
5300.0,light-2,3101,1,4.130,
5300.0,light-1,3103,1,4.446,
5300.0,light-3,3102,1,4.517,
5300.0,light-4,3103,1,4.986,
5303.3,heavy,3102,1,1.510,
5306.7,heavy,3103,0,3.343,
5310.0,heavy,3101,0,2.672,
5313.3,heavy,3102,1,1.385,
5316.7,heavy,3103,0,3.966,
5320.0,heavy,3101,0,3.224,
5323.3,heavy,3102,1,1.265,
5326.7,heavy,3103,0,4.252,
5330.0,heavy,3101,0,3.063,
5333.3,heavy,3102,1,1.451,
5336.7,heavy,3103,0,2.969,
5340.0,heavy,3101,0,3.132,
5343.3,heavy,3102,1,0.870,
5346.7,heavy,3103,0,2.654,
5350.0,heavy,3101,1,3.143,
5353.3,heavy,3102,0,0.944,
5356.7,heavy,3103,0,3.852,
5360.0,heavy,3101,0,3.040,
5363.3,heavy,3102,1,1.157,
5366.7,heavy,3103,0,2.993,
5370.0,heavy,3101,0,3.068,
5373.3,heavy,3102,1,1.063,
5376.7,heavy,3103,0,4.480,
5380.0,heavy,3101,0,2.806,
5383.3,heavy,3102,1,0.847,
5386.7,heavy,3103,0,4.994,
5390.0,heavy,3101,0,3.603,
5393.3,heavy,3102,1,1.881,
5396.7,heavy,3103,0,4.201,
5400.0,heavy,3101,0,5.025,
5400.0,light-2,3103,1,1.473,
5400.0,light-4,3102,1,2.389,
5400.0,light-1,3102,1,4.712,
5400.0,light-5,3103,1,5.128,
5400.0,light-3,3101,1,5.347,
5403.3,heavy,3101,1,2.806,
5406.7,heavy,3102,0,0.964,
5410.0,heavy,3103,1,3.422,
5413.3,heavy,3101,0,2.739,
5416.7,heavy,3102,0,1.162,
5420.0,heavy,3103,0,3.597,
5423.3,heavy,3101,0,3.794,
5426.7,heavy,3102,1,1.484,
5430.0,heavy,3103,0,2.848,
5433.3,heavy,3101,1,3.453,
5436.7,heavy,3102,0,1.008,
5440.0,heavy,3103,1,2.803,
5443.3,heavy,3101,0,3.200,
5446.7,heavy,3102,0,0.904,
5450.0,heavy,3103,0,3.964,
5453.3,heavy,3101,0,3.127,
5456.7,heavy,3102,1,0.977,
5460.0,heavy,3103,0,3.559,
5463.3,heavy,3101,1,2.888,
5466.7,heavy,3102,0,0.965,
5470.0,heavy,3103,0,3.998,
5473.3,heavy,3101,1,3.213,
5476.7,heavy,3102,0,0.815,
5480.0,heavy,3103,0,3.708,
5483.3,heavy,3101,0,3.134,
5486.7,heavy,3102,1,1.165,
5490.0,heavy,3103,0,4.107,
5493.3,heavy,3101,1,3.437,
5496.7,heavy,3102,0,1.117,
5500.0,heavy,3103,1,4.611,
5500.0,light-2,3103,1,2.711,
5500.0,light-4,3102,1,3.155,
5500.0,light-1,3102,1,5.283,
5500.0,light-5,3103,1,6.360,
5500.0,light-3,3101,1,7.765,
5503.3,heavy,3101,0,6.563,
5506.7,heavy,3101,0,5.602,
5510.0,heavy,3102,0,0.908,
5513.3,heavy,3103,0,3.253,
5516.7,heavy,3101,0,2.831,
5520.0,heavy,3102,1,1.093,
5523.3,heavy,3103,1,4.124,
5526.7,heavy,3101,0,5.123,
5530.0,heavy,3102,1,1.137,
5533.3,heavy,3103,0,4.483,
5536.7,heavy,3101,0,4.620,
5540.0,heavy,3102,0,0.952,
5543.3,heavy,3103,0,3.109,
5546.7,heavy,3101,0,3.569,
5550.0,heavy,3102,1,1.168,
5553.3,heavy,3103,1,3.452,
5556.7,heavy,3101,0,3.137,
5560.0,heavy,3102,0,0.938,
5563.3,heavy,3103,1,3.909,
5566.7,heavy,3101,0,3.488,
5570.0,heavy,3102,0,1.880,
5573.3,heavy,3103,1,7.715,
5576.7,heavy,3101,1,3.067,
5580.0,heavy,3102,0,1.197,
5583.3,heavy,3103,0,2.692,
5586.7,heavy,3101,0,2.937,
5590.0,heavy,3102,0,1.104,
5593.3,heavy,3103,0,8.150,
5596.7,heavy,3101,1,3.225,
5600.0,heavy,3102,0,4.736,
5600.0,light-2,3101,1,4.709,
5600.0,light-3,3102,1,5.659,
5600.0,light-1,3103,1,5.925,
5600.0,light-5,3101,1,5.830,
5600.0,light-4,3103,1,6.433,
5603.3,heavy,3102,1,1.933,
5606.7,heavy,3103,0,2.766,
5610.0,heavy,3101,0,2.672,
5613.3,heavy,3102,1,1.517,
5616.7,heavy,3103,0,3.944,
5620.0,heavy,3101,0,4.442,
5623.3,heavy,3102,1,1.592,
5626.7,heavy,3103,0,4.502,
5630.0,heavy,3101,0,4.066,
5633.3,heavy,3102,1,0.908,
5636.7,heavy,3103,0,3.864,
5640.0,heavy,3101,0,3.114,
5643.3,heavy,3102,1,1.293,
5646.7,heavy,3103,0,2.987,
5650.0,heavy,3101,0,3.240,
5653.3,heavy,3102,1,1.009,
5656.7,heavy,3103,0,3.194,
5660.0,heavy,3101,1,3.281,
5663.3,heavy,3102,0,1.184,
5666.7,heavy,3103,0,2.889,
5670.0,heavy,3101,0,3.993,
5673.3,heavy,3102,1,1.162,
5676.7,heavy,3103,0,3.643,
5680.0,heavy,3101,1,3.488,
5683.3,heavy,3102,0,1.418,
5686.7,heavy,3103,0,3.353,
5690.0,heavy,3101,0,2.907,
5693.3,heavy,3102,1,2.782,
5696.7,heavy,3103,0,9.171,
5700.0,heavy,3101,0,5.272,
5700.0,light-5,3101,1,4.416,
5700.0,light-3,3102,1,8.157,
5700.0,light-2,3101,1,9.054,
5700.0,light-1,3103,1,10.901,
5700.0,light-4,3103,1,11.668,
5703.3,heavy,3102,1,2.576,
5706.7,heavy,3102,0,1.452,
5710.0,heavy,3103,1,9.043,
5713.3,heavy,3101,0,3.713,
5716.7,heavy,3102,0,1.204,
5720.0,heavy,3103,0,3.529,
5723.3,heavy,3101,1,4.314,
5726.7,heavy,3102,0,1.380,
5730.0,heavy,3103,0,5.549,
5733.3,heavy,3101,0,4.214,
5736.7,heavy,3102,1,1.701,
5740.0,heavy,3103,1,4.268,
5743.3,heavy,3101,0,3.975,
5746.7,heavy,3102,0,1.430,
5750.0,heavy,3103,0,4.238,
5753.3,heavy,3101,1,3.179,
5756.7,heavy,3102,0,1.144,
5760.0,heavy,3103,1,6.441,
5763.3,heavy,3101,0,4.337,
5766.7,heavy,3102,1,1.862,
5770.0,heavy,3103,0,4.857,
5773.3,heavy,3101,0,3.298,
5776.7,heavy,3102,0,1.223,
5780.0,heavy,3103,1,3.302,
5783.3,heavy,3101,0,3.625,
5786.7,heavy,3102,0,0.937,
5790.0,heavy,3103,0,2.974,
5793.3,heavy,3101,1,6.449,
5796.7,heavy,3102,1,1.520,
5800.0,heavy,3103,0,5.557,
5800.0,light-3,3103,1,2.593,
5800.0,light-1,3101,1,3.234,
5800.0,light-2,3102,1,6.104,
5800.0,light-4,3101,1,6.996,
5800.0,light-5,3102,1,7.232,
5803.3,heavy,3103,0,4.859,
5806.7,heavy,3101,0,3.797,
5810.0,heavy,3102,0,1.025,
5813.3,heavy,3103,0,3.949,
5816.7,heavy,3101,1,3.200,
5820.0,heavy,3102,0,1.045,
5823.3,heavy,3103,1,3.612,
5826.7,heavy,3101,0,3.124,
5830.0,heavy,3102,1,1.111,
5833.3,heavy,3103,0,2.727,
5836.7,heavy,3101,0,4.548,
5840.0,heavy,3102,1,1.312,
5843.3,heavy,3103,0,3.713,
5846.7,heavy,3101,0,4.886,
5850.0,heavy,3102,0,0.907,
5853.3,heavy,3103,0,3.989,
5856.7,heavy,3101,1,3.122,
5860.0,heavy,3102,1,1.297,
5863.3,heavy,3103,0,3.132,
5866.7,heavy,3101,0,2.848,
5870.0,heavy,3102,0,1.186,
5873.3,heavy,3103,0,3.795,
5876.7,heavy,3101,1,3.074,
5880.0,heavy,3102,0,0.786,
5883.3,heavy,3103,0,3.964,
5886.7,heavy,3101,1,3.232,
5890.0,heavy,3102,1,1.299,
5893.3,heavy,3103,0,3.924,
5896.7,heavy,3101,0,2.936,
5900.0,heavy,3102,0,1.466,
5900.0,light-5,3101,1,2.389,
5900.0,light-2,3101,1,4.454,
5900.0,light-1,3103,1,4.922,
5900.0,light-3,3102,1,4.888,
5900.0,light-4,3103,1,4.921,
5903.3,heavy,3102,1,0.833,
5906.7,heavy,3103,0,2.961,
5910.0,heavy,3101,0,2.604,
5913.3,heavy,3102,1,1.636,
5916.7,heavy,3103,0,4.073,
5920.0,heavy,3101,0,3.775,
5923.3,heavy,3102,1,2.154,
5926.7,heavy,3103,0,3.836,
5930.0,heavy,3101,0,3.175,
5933.3,heavy,3102,1,0.992,
5936.7,heavy,3103,0,3.706,
5940.0,heavy,3101,1,2.912,
5943.3,heavy,3102,0,0.944,
5946.7,heavy,3103,0,4.174,
5950.0,heavy,3101,0,3.118,
5953.3,heavy,3102,1,1.258,
5956.7,heavy,3103,0,4.501,
5960.0,heavy,3101,0,3.298,
5963.3,heavy,3102,1,1.013,
5966.7,heavy,3103,0,3.432,
5970.0,heavy,3101,0,3.686,
5973.3,heavy,3102,1,1.327,
5976.7,heavy,3103,0,2.623,
5980.0,heavy,3101,0,2.861,
5983.3,heavy,3102,1,1.039,
5986.7,heavy,3103,0,3.133,
5990.0,heavy,3101,0,2.916,
5993.3,heavy,3102,1,1.003,
5996.7,heavy,3103,0,4.823,
6000.0,heavy,3101,0,3.859,
6000.0,light-5,3101,1,2.735,
6000.0,light-2,3101,1,4.253,
6000.0,light-3,3102,1,4.488,
6000.0,light-1,3103,1,4.901,
6000.0,light-4,3103,1,6.092,
6003.3,heavy,3102,1,1.279,
6006.7,heavy,3102,0,0.975,
6010.0,heavy,3103,0,2.614,
6013.3,heavy,3101,0,3.038,
6016.7,heavy,3102,1,1.087,
6020.0,heavy,3103,0,3.078,
6023.3,heavy,3101,1,2.615,
6026.7,heavy,3102,1,1.440,
6030.0,heavy,3103,0,3.766,
6033.3,heavy,3101,0,3.119,
6036.7,heavy,3102,0,1.041,
6040.0,heavy,3103,0,3.783,
6043.3,heavy,3101,0,4.033,
6046.7,heavy,3102,1,2.680,
6050.0,heavy,3103,1,3.851,
6053.3,heavy,3101,0,2.980,
6056.7,heavy,3102,1,1.183,
6060.0,heavy,3103,0,2.501,
6063.3,heavy,3101,0,2.913,
6066.7,heavy,3102,0,0.851,
6070.0,heavy,3103,1,3.098,
6073.3,heavy,3101,0,9.732,
6076.7,heavy,3102,1,1.234,
6080.0,heavy,3103,0,3.661,
6083.3,heavy,3101,0,3.118,
6086.7,heavy,3102,0,0.959,
6090.0,heavy,3103,1,5.915,
6093.3,heavy,3101,0,5.134,
6096.7,heavy,3102,1,1.386,
6100.0,heavy,3103,0,6.017,
6100.0,light-1,3101,1,2.325,
6100.0,light-3,3103,1,2.959,
6100.0,light-5,3102,1,5.470,
6100.0,light-4,3101,1,5.684,
6100.0,light-2,3102,1,6.762,
6103.3,heavy,3103,0,5.743,
6106.7,heavy,3101,0,3.531,
6110.0,heavy,3102,0,1.150,
6113.3,heavy,3103,0,3.318,
6116.7,heavy,3101,1,3.564,
6120.0,heavy,3102,0,0.868,
6123.3,heavy,3103,1,3.755,
6126.7,heavy,3101,0,3.068,
6130.0,heavy,3102,1,1.142,
6133.3,heavy,3103,0,3.581,
6136.7,heavy,3101,0,3.295,
6140.0,heavy,3102,0,1.361,
6143.3,heavy,3103,0,3.654,
6146.7,heavy,3101,1,3.217,
6150.0,heavy,3102,0,0.872,
6153.3,heavy,3103,1,4.439,
6156.7,heavy,3101,0,3.646,
6160.0,heavy,3102,1,1.169,
6163.3,heavy,3103,0,4.162,
6166.7,heavy,3101,0,2.929,
6170.0,heavy,3102,0,0.863,
6173.3,heavy,3103,0,3.734,
6176.7,heavy,3101,1,3.073,
6180.0,heavy,3102,0,0.774,
6183.3,heavy,3103,1,4.353,
6186.7,heavy,3101,0,3.614,
6190.0,heavy,3102,1,1.354,
6193.3,heavy,3103,0,4.579,
6196.7,heavy,3101,0,2.900,
6200.0,heavy,3102,0,1.270,
6200.0,light-5,3101,1,2.298,
6200.0,light-2,3101,1,4.605,
6200.0,light-1,3103,1,4.821,
6200.0,light-3,3102,1,4.821,
6200.0,light-4,3103,1,5.253,
6203.3,heavy,3102,1,0.760,
6206.7,heavy,3103,0,2.888,
6210.0,heavy,3101,1,2.787,
6213.3,heavy,3102,0,1.046,
6216.7,heavy,3103,0,4.469,
6220.0,heavy,3101,0,3.471,
6223.3,heavy,3102,1,1.358,
6226.7,heavy,3103,0,3.905,
6230.0,heavy,3101,0,2.479,
6233.3,heavy,3102,1,1.493,
6236.7,heavy,3103,0,2.997,
6240.0,heavy,3101,0,3.404,
6243.3,heavy,3102,1,0.811,
6246.7,heavy,3103,0,4.440,
6250.0,heavy,3101,0,3.154,
6253.3,heavy,3102,1,1.332,
6256.7,heavy,3103,0,3.225,
6260.0,heavy,3101,0,2.826,
6263.3,heavy,3102,1,1.481,
6266.7,heavy,3103,0,3.334,
6270.0,heavy,3101,0,2.822,
6273.3,heavy,3102,1,0.939,
6276.7,heavy,3103,0,4.031,
6280.0,heavy,3101,0,3.255,
6283.3,heavy,3102,1,1.970,
6286.7,heavy,3103,0,4.054,
6290.0,heavy,3101,0,2.946,
6293.3,heavy,3102,1,1.039,
6296.7,heavy,3103,1,4.440,
6300.0,heavy,3101,0,6.120,
6300.0,light-2,3103,1,2.220,
6300.0,light-4,3102,1,2.744,
6300.0,light-1,3102,1,4.707,
6300.0,light-5,3103,1,6.136,
6300.0,light-3,3101,1,8.600,
6303.3,heavy,3101,0,7.136,
6306.7,heavy,3102,0,1.150,
6310.0,heavy,3103,0,3.787,
6313.3,heavy,3101,1,2.978,
6316.7,heavy,3102,0,1.120,
6320.0,heavy,3103,1,4.113,
6323.3,heavy,3101,0,4.303,
6326.7,heavy,3102,1,1.356,
6330.0,heavy,3103,0,4.279,
6333.3,heavy,3101,0,3.068,
6336.7,heavy,3102,0,0.901,
6340.0,heavy,3103,0,3.040,
6343.3,heavy,3101,0,3.264,
6346.7,heavy,3102,1,1.120,
6350.0,heavy,3103,0,2.963,
6353.3,heavy,3101,1,2.881,
6356.7,heavy,3102,0,0.959,
6360.0,heavy,3103,0,3.784,
6363.3,heavy,3101,1,3.011,
6366.7,heavy,3102,0,0.838,
6370.0,heavy,3103,0,4.233,
6373.3,heavy,3101,0,3.050,
6376.7,heavy,3102,1,1.447,
6380.0,heavy,3103,0,3.633,
6383.3,heavy,3101,1,2.770,
6386.7,heavy,3102,1,1.355,
6390.0,heavy,3103,0,3.649,
6393.3,heavy,3101,0,3.105,
6396.7,heavy,3102,0,1.029,
6400.0,heavy,3103,1,6.762,
6400.0,light-1,3101,1,2.852,
6400.0,light-3,3103,1,3.919,
6400.0,light-5,3102,1,6.391,
6400.0,light-4,3101,1,6.535,
6400.0,light-2,3102,1,6.983,
6403.3,heavy,3101,0,5.915,
6406.7,heavy,3102,1,1.266,
6410.0,heavy,3103,0,6.787,
6413.3,heavy,3103,0,5.356,
6416.7,heavy,3101,0,2.750,
6420.0,heavy,3102,1,1.469,
6423.3,heavy,3103,0,3.045,
6426.7,heavy,3101,0,2.733,
6430.0,heavy,3102,0,0.841,
6433.3,heavy,3103,1,4.092,
6436.7,heavy,3101,0,3.633,
6440.0,heavy,3102,1,1.287,
6443.3,heavy,3103,0,2.817,
6446.7,heavy,3101,0,3.388,
6450.0,heavy,3102,1,1.143,
6453.3,heavy,3103,0,2.638,
6456.7,heavy,3101,0,3.340,
6460.0,heavy,3102,0,0.613,
6463.3,heavy,3103,1,4.284,
6466.7,heavy,3101,0,3.539,
6470.0,heavy,3102,1,1.221,
6473.3,heavy,3103,0,3.854,
6476.7,heavy,3101,0,3.240,
6480.0,heavy,3102,0,1.009,
6483.3,heavy,3103,1,3.058,
6486.7,heavy,3101,0,3.289,
6490.0,heavy,3102,0,1.111,
6493.3,heavy,3103,1,6.319,
6496.7,heavy,3101,0,5.428,
6500.0,heavy,3102,1,1.432,
6500.0,light-1,3101,1,2.181,
6500.0,light-3,3103,1,2.974,
6500.0,light-2,3102,1,5.818,
6500.0,light-4,3101,1,5.858,
6500.0,light-5,3102,1,6.491,
6503.3,heavy,3103,0,6.177,
6506.7,heavy,3103,0,5.652,
6510.0,heavy,3101,0,3.286,
6513.3,heavy,3102,1,1.155,
6516.7,heavy,3103,0,3.218,
6520.0,heavy,3101,0,3.391,
6523.3,heavy,3102,1,1.027,
6526.7,heavy,3103,0,4.066,
6530.0,heavy,3101,0,3.244,
6533.3,heavy,3102,1,1.149,
6536.7,heavy,3103,0,3.270,
6540.0,heavy,3101,0,2.901,
6543.3,heavy,3102,1,0.820,
6546.7,heavy,3103,0,2.917,
6550.0,heavy,3101,0,3.090,
6553.3,heavy,3102,1,0.944,
6556.7,heavy,3103,0,3.949,
6560.0,heavy,3101,0,3.015,
6563.3,heavy,3102,1,1.103,
6566.7,heavy,3103,0,3.175,
6570.0,heavy,3101,0,2.871,
6573.3,heavy,3102,1,1.087,
6576.7,heavy,3103,0,4.383,
6580.0,heavy,3101,1,3.477,
6583.3,heavy,3102,0,1.170,
6586.7,heavy,3103,0,6.430,
6590.0,heavy,3101,0,4.721,
6593.3,heavy,3102,1,1.488,
6596.7,heavy,3103,0,6.146,
6600.0,heavy,3101,1,10.695,
6600.0,light-4,3102,1,3.448,
6600.0,light-1,3102,1,10.298,
6600.0,light-2,3103,1,10.830,
6600.0,light-3,3101,1,13.972,
6600.0,light-5,3103,1,15.740,
6603.3,heavy,3101,0,9.684,
6606.7,heavy,3102,0,1.250,
6610.0,heavy,3103,1,9.511,
6613.3,heavy,3101,0,3.427,
6616.7,heavy,3102,0,1.120,
6620.0,heavy,3103,0,2.835,
6623.3,heavy,3101,1,3.424,
6626.7,heavy,3102,0,1.289,
6630.0,heavy,3103,0,3.387,
6633.3,heavy,3101,1,3.922,
6636.7,heavy,3102,0,1.374,
6640.0,heavy,3103,1,4.480,
6643.3,heavy,3101,0,3.311,
6646.7,heavy,3102,0,1.076,
6650.0,heavy,3103,0,2.942,
6653.3,heavy,3101,1,3.225,
6656.7,heavy,3102,0,1.083,
6660.0,heavy,3103,1,3.973,
6663.3,heavy,3101,0,3.938,
6666.7,heavy,3102,1,1.246,
6670.0,heavy,3103,0,4.308,
6673.3,heavy,3101,0,3.735,
6676.7,heavy,3102,0,1.072,
6680.0,heavy,3103,0,3.842,
6683.3,heavy,3101,0,3.077,
6686.7,heavy,3102,1,1.282,
6690.0,heavy,3103,0,3.265,
6693.3,heavy,3101,1,3.722,
6696.7,heavy,3102,0,1.052,
6700.0,heavy,3103,0,5.457,
6700.0,light-2,3103,1,2.690,
6700.0,light-4,3102,1,2.959,
6700.0,light-1,3102,1,4.970,
6700.0,light-5,3103,1,5.640,
6700.0,light-3,3101,1,6.802,
6703.3,heavy,3101,1,4.776,
6706.7,heavy,3101,0,4.657,
6710.0,heavy,3102,0,0.995,
6713.3,heavy,3103,1,3.126,
6716.7,heavy,3101,0,3.509,
6720.0,heavy,3102,0,1.028,
6723.3,heavy,3103,0,4.046,
6726.7,heavy,3101,1,3.266,
6730.0,heavy,3102,1,1.296,
6733.3,heavy,3103,0,3.833,
6736.7,heavy,3101,0,3.344,
6740.0,heavy,3102,0,1.105,
6743.3,heavy,3103,0,4.479,
6746.7,heavy,3101,1,3.261,
6750.0,heavy,3102,1,1.330,
6753.3,heavy,3103,0,3.443,
6756.7,heavy,3101,0,3.603,
6760.0,heavy,3102,0,1.081,
6763.3,heavy,3103,1,3.672,
6766.7,heavy,3101,0,3.235,
6770.0,heavy,3102,0,1.258,
6773.3,heavy,3103,1,3.605,
6776.7,heavy,3101,0,2.920,
6780.0,heavy,3102,0,1.855,
6783.3,heavy,3103,0,4.454,
6786.7,heavy,3101,1,5.591,
6790.0,heavy,3102,1,1.759,
6793.3,heavy,3103,0,5.564,
6796.7,heavy,3101,0,5.647,
6800.0,heavy,3102,0,2.133,
6800.0,light-5,3101,1,3.253,
6800.0,light-3,3102,1,4.928,
6800.0,light-4,3103,1,5.440,
6800.0,light-2,3101,1,5.687,
6800.0,light-1,3103,1,5.847,
6803.3,heavy,3102,1,1.549,
6806.7,heavy,3103,0,3.479,
6810.0,heavy,3101,0,2.723,
6813.3,heavy,3102,1,1.612,
6816.7,heavy,3103,1,2.856,
6820.0,heavy,3101,0,3.272,
6823.3,heavy,3102,0,1.235,
6826.7,heavy,3103,0,3.909,
6830.0,heavy,3101,0,3.414,
6833.3,heavy,3102,1,1.221,
6836.7,heavy,3103,0,3.917,
6840.0,heavy,3101,0,2.866,
6843.3,heavy,3102,1,1.336,
6846.7,heavy,3103,0,2.852,
6850.0,heavy,3101,0,3.367,
6853.3,heavy,3102,1,1.222,
6856.7,heavy,3103,0,2.672,
6860.0,heavy,3101,0,3.812,
6863.3,heavy,3102,1,1.309,
6866.7,heavy,3103,0,2.960,
6870.0,heavy,3101,0,4.465,
6873.3,heavy,3102,1,1.127,
6876.7,heavy,3103,0,3.850,
6880.0,heavy,3101,0,3.348,
6883.3,heavy,3102,1,1.232,
6886.7,heavy,3103,0,3.287,
6890.0,heavy,3101,0,3.172,
6893.3,heavy,3102,1,1.061,
6896.7,heavy,3103,0,5.317,
6900.0,heavy,3101,1,4.444,
6900.0,light-2,3103,1,2.715,
6900.0,light-4,3102,1,3.180,
6900.0,light-1,3102,1,4.623,
6900.0,light-5,3103,1,6.569,
6900.0,light-3,3101,1,7.329,
6903.3,heavy,3101,0,4.908,
6906.7,heavy,3102,0,1.119,
6910.0,heavy,3103,0,3.758,
6913.3,heavy,3101,0,3.093,
6916.7,heavy,3102,1,1.165,
6920.0,heavy,3103,0,2.760,
6923.3,heavy,3101,1,3.742,
6926.7,heavy,3102,1,1.419,
6930.0,heavy,3103,0,3.053,
6933.3,heavy,3101,0,2.907,
6936.7,heavy,3102,0,0.906,
6940.0,heavy,3103,0,3.178,
6943.3,heavy,3101,0,3.426,
6946.7,heavy,3102,1,1.107,
6950.0,heavy,3103,1,3.271,
6953.3,heavy,3101,0,2.784,
6956.7,heavy,3102,0,0.980,
6960.0,heavy,3103,1,3.299,
6963.3,heavy,3101,0,3.450,
6966.7,heavy,3102,0,0.840,
6970.0,heavy,3103,0,4.195,
6973.3,heavy,3101,0,3.053,
6976.7,heavy,3102,1,1.377,
6980.0,heavy,3103,0,3.217,
6983.3,heavy,3101,1,4.392,
6986.7,heavy,3102,1,1.189,
6990.0,heavy,3103,0,3.452,
6993.3,heavy,3101,0,4.090,
6996.7,heavy,3102,0,0.824,
7000.0,heavy,3103,0,5.737,
7000.0,light-5,3101,1,3.100,
7000.0,light-3,3102,1,5.059,
7000.0,light-2,3101,1,5.454,
7000.0,light-1,3103,1,5.934,
7000.0,light-4,3103,1,6.929,
7003.3,heavy,3101,0,4.740,
7006.7,heavy,3102,1,2.048,
7010.0,heavy,3102,0,2.327,
7013.3,heavy,3103,1,5.006,
7016.7,heavy,3101,0,2.869,
7020.0,heavy,3102,1,1.346,
7023.3,heavy,3103,0,3.024,
7026.7,heavy,3101,0,3.183,
7030.0,heavy,3102,0,0.916,
7033.3,heavy,3103,0,2.807,
7036.7,heavy,3101,0,3.064,
7040.0,heavy,3102,1,1.201,
7043.3,heavy,3103,1,2.588,
7046.7,heavy,3101,0,5.035,
7050.0,heavy,3102,1,1.269,
7053.3,heavy,3103,0,4.137,
7056.7,heavy,3101,0,5.254,
7060.0,heavy,3102,0,0.953,
7063.3,heavy,3103,0,4.669,
7066.7,heavy,3101,1,3.088,
7070.0,heavy,3102,1,1.350,
7073.3,heavy,3103,0,3.614,
7076.7,heavy,3101,0,2.792,
7080.0,heavy,3102,1,1.455,
7083.3,heavy,3103,0,3.229,
7086.7,heavy,3101,0,3.809,
7090.0,heavy,3102,0,1.062,
7093.3,heavy,3103,1,6.659,
7096.7,heavy,3101,0,5.618,
7100.0,heavy,3102,1,1.398,
7100.0,light-1,3101,1,2.577,
7100.0,light-3,3103,1,3.600,
7100.0,light-5,3102,1,5.529,
7100.0,light-4,3101,1,6.488,
7100.0,light-2,3102,1,6.684,
7103.3,heavy,3103,0,6.546,
7106.7,heavy,3103,0,5.481,
7110.0,heavy,3101,0,3.064,
7113.3,heavy,3102,1,1.246,
7116.7,heavy,3103,0,3.448,
7120.0,heavy,3101,0,2.861,
7123.3,heavy,3102,1,0.814,
7126.7,heavy,3103,0,3.375,
7130.0,heavy,3101,0,2.925,
7133.3,heavy,3102,1,2.320,
7136.7,heavy,3103,0,2.908,
7140.0,heavy,3101,0,3.477,
7143.3,heavy,3102,1,1.218,
7146.7,heavy,3103,0,2.756,
7150.0,heavy,3101,0,2.743,
7153.3,heavy,3102,1,1.311,
7156.7,heavy,3103,0,2.871,
7160.0,heavy,3101,0,3.491,
7163.3,heavy,3102,1,1.289,
7166.7,heavy,3103,0,2.964,
7170.0,heavy,3101,0,3.134,
7173.3,heavy,3102,1,1.223,
7176.7,heavy,3103,0,4.003,
7180.0,heavy,3101,0,3.237,
7183.3,heavy,3102,1,0.853,
7186.7,heavy,3103,0,3.925,
7190.0,heavy,3101,0,2.776,
7193.3,heavy,3102,1,1.330,
7196.7,heavy,3103,0,4.072,
7200.0,heavy,3101,0,5.769,
7200.0,light-2,3103,1,1.359,
7200.0,light-4,3102,1,2.713,
7200.0,light-1,3102,1,5.266,
7200.0,light-5,3103,1,5.297,
7200.0,light-3,3101,1,6.962,
7203.3,heavy,3101,1,4.961,
7206.7,heavy,3102,0,0.884,
7210.0,heavy,3103,1,3.203,
7213.3,heavy,3101,0,2.975,
7216.7,heavy,3102,0,1.013,
7220.0,heavy,3103,0,3.211,
7223.3,heavy,3101,0,3.432,
7226.7,heavy,3102,1,1.309,
7230.0,heavy,3103,0,2.710,
7233.3,heavy,3101,1,2.710,
7236.7,heavy,3102,1,1.448,
7240.0,heavy,3103,0,3.445,
7243.3,heavy,3101,0,3.307,
7246.7,heavy,3102,0,1.372,
7250.0,heavy,3103,0,3.997,
7253.3,heavy,3101,0,3.185,
7256.7,heavy,3102,1,1.272,
7260.0,heavy,3103,0,2.893,
7263.3,heavy,3101,1,3.707,
7266.7,heavy,3102,1,1.358,
7270.0,heavy,3103,0,3.870,
7273.3,heavy,3101,0,3.951,
7276.7,heavy,3102,0,0.933,
7280.0,heavy,3103,0,5.005,
7283.3,heavy,3101,0,3.534,
7286.7,heavy,3102,1,1.821,
7290.0,heavy,3103,1,4.139,
7293.3,heavy,3101,0,3.008,
7296.7,heavy,3102,0,0.961,
7300.0,heavy,3103,1,4.742,
7300.0,light-2,3103,1,2.315,
7300.0,light-4,3102,1,2.801,
7300.0,light-1,3102,1,4.258,
7300.0,light-5,3103,1,5.993,
7300.0,light-3,3101,1,6.216,
7303.3,heavy,3101,0,4.127,
7306.7,heavy,3101,0,4.448,
7310.0,heavy,3102,0,0.922,
7313.3,heavy,3103,0,3.113,
7316.7,heavy,3101,1,3.397,
7320.0,heavy,3102,1,1.095,
7323.3,heavy,3103,0,2.694,
7326.7,heavy,3101,0,3.418,
7330.0,heavy,3102,0,0.880,
7333.3,heavy,3103,1,2.996,
7336.7,heavy,3101,0,2.881,
7340.0,heavy,3102,1,2.157,
7343.3,heavy,3103,0,3.163,
7346.7,heavy,3101,0,2.881,
7350.0,heavy,3102,0,0.909,
7353.3,heavy,3103,1,3.640,
7356.7,heavy,3101,0,3.892,
7360.0,heavy,3102,1,1.332,
7363.3,heavy,3103,0,3.937,
7366.7,heavy,3101,0,4.155,
7370.0,heavy,3102,0,0.750,
7373.3,heavy,3103,1,4.268,
7376.7,heavy,3101,0,3.431,
7380.0,heavy,3102,1,1.275,
7383.3,heavy,3103,0,4.186,
7386.7,heavy,3101,0,3.085,
7390.0,heavy,3102,0,0.998,
7393.3,heavy,3103,1,3.175,
7396.7,heavy,3101,0,4.030,
7400.0,heavy,3102,0,1.338,
7400.0,light-5,3101,1,2.335,
7400.0,light-2,3101,1,4.083,
7400.0,light-1,3103,1,4.352,
7400.0,light-3,3102,1,4.383,
7400.0,light-4,3103,1,4.922,
7403.3,heavy,3102,1,1.079,
7406.7,heavy,3103,0,2.726,
7410.0,heavy,3101,0,3.731,
7413.3,heavy,3102,1,1.420,
7416.7,heavy,3103,0,3.550,
7420.0,heavy,3101,0,3.505,
7423.3,heavy,3102,1,1.197,
7426.7,heavy,3103,0,4.122,
7430.0,heavy,3101,0,3.494,
7433.3,heavy,3102,1,1.710,
7436.7,heavy,3103,0,3.962,
7440.0,heavy,3101,0,3.530,
7443.3,heavy,3102,1,1.509,
7446.7,heavy,3103,0,3.264,
7450.0,heavy,3101,0,2.531,
7453.3,heavy,3102,1,1.414,
7456.7,heavy,3103,0,3.404,
7460.0,heavy,3101,0,3.977,
7463.3,heavy,3102,1,1.043,
7466.7,heavy,3103,0,3.793,
7470.0,heavy,3101,0,3.355,
7473.3,heavy,3102,1,1.329,
7476.7,heavy,3103,0,3.050,
7480.0,heavy,3101,0,3.126,
7483.3,heavy,3102,1,1.107,
7486.7,heavy,3103,0,4.207,
7490.0,heavy,3101,1,3.388,
7493.3,heavy,3102,0,0.864,
7496.7,heavy,3103,0,7.165,
7500.0,heavy,3101,0,6.060,
7500.0,light-1,3101,1,2.423,
7500.0,light-3,3103,1,3.609,
7500.0,light-2,3102,1,6.415,
7500.0,light-4,3101,1,6.833,
7500.0,light-5,3102,1,7.819,
7503.3,heavy,3102,1,1.296,
7506.7,heavy,3103,0,7.499,
7510.0,heavy,3103,1,5.663,
7513.3,heavy,3101,0,2.633,
7516.7,heavy,3102,1,1.346,
7520.0,heavy,3103,0,3.237,
7523.3,heavy,3101,0,2.947,
7526.7,heavy,3102,0,1.125,
7530.0,heavy,3103,0,3.403,
7533.3,heavy,3101,0,2.809,
7536.7,heavy,3102,1,1.087,
7540.0,heavy,3103,0,2.429,
7543.3,heavy,3101,1,3.016,
7546.7,heavy,3102,0,1.175,
7550.0,heavy,3103,1,3.176,
7553.3,heavy,3101,0,3.475,
7556.7,heavy,3102,0,0.930,
7560.0,heavy,3103,0,3.296,
7563.3,heavy,3101,0,2.811,
7566.7,heavy,3102,1,1.120,
7570.0,heavy,3103,0,3.422,
7573.3,heavy,3101,1,4.246,
7576.7,heavy,3102,1,1.258,
7580.0,heavy,3103,0,4.113,
7583.3,heavy,3101,0,4.593,
7586.7,heavy,3102,0,1.406,
7590.0,heavy,3103,0,2.590,
7593.3,heavy,3101,1,6.184,
7596.7,heavy,3102,1,1.427,
7600.0,heavy,3103,0,5.263,
7600.0,light-1,3101,1,2.406,
7600.0,light-3,3103,1,2.913,
7600.0,light-2,3102,1,5.878,
7600.0,light-4,3101,1,6.265,
7600.0,light-5,3102,1,6.950,
7603.3,heavy,3103,0,4.476,
7606.7,heavy,3101,0,4.002,
7610.0,heavy,3102,0,1.247,
7613.3,heavy,3103,1,3.030,
7616.7,heavy,3101,0,2.656,
7620.0,heavy,3102,0,0.853,
7623.3,heavy,3103,0,3.649,
7626.7,heavy,3101,1,2.855,
7630.0,heavy,3102,1,1.096,
7633.3,heavy,3103,0,4.593,
7636.7,heavy,3101,0,3.470,
7640.0,heavy,3102,1,1.382,
7643.3,heavy,3103,0,3.481,
7646.7,heavy,3101,0,3.496,
7650.0,heavy,3102,0,0.783,
7653.3,heavy,3103,1,3.348,
7656.7,heavy,3101,0,3.322,
7660.0,heavy,3102,1,1.784,
7663.3,heavy,3103,0,3.672,
7666.7,heavy,3101,0,3.279,
7670.0,heavy,3102,0,1.096,
7673.3,heavy,3103,1,3.460,
7676.7,heavy,3101,0,3.456,
7680.0,heavy,3102,0,0.971,
7683.3,heavy,3103,0,4.136,
7686.7,heavy,3101,1,4.110,
7690.0,heavy,3102,1,1.356,
7693.3,heavy,3103,0,5.703,
7696.7,heavy,3101,0,3.034,
7700.0,heavy,3102,0,1.291,
7700.0,light-5,3101,1,2.367,
7700.0,light-2,3101,1,4.294,
7700.0,light-1,3103,1,4.927,
7700.0,light-3,3102,1,5.005,
7700.0,light-4,3103,1,5.261,
7703.3,heavy,3102,1,1.175,
7706.7,heavy,3103,0,3.169,
7710.0,heavy,3101,0,3.540,
7713.3,heavy,3102,1,1.023,
7716.7,heavy,3103,0,4.377,
7720.0,heavy,3101,0,3.520,
7723.3,heavy,3102,1,1.162,
7726.7,heavy,3103,0,3.633,
7730.0,heavy,3101,0,3.067,
7733.3,heavy,3102,1,1.569,
7736.7,heavy,3103,0,4.050,
7740.0,heavy,3101,1,3.384,
7743.3,heavy,3102,0,0.953,
7746.7,heavy,3103,0,4.443,
7750.0,heavy,3101,0,3.643,
7753.3,heavy,3102,1,1.348,
7756.7,heavy,3103,0,4.853,
7760.0,heavy,3101,0,3.053,
7763.3,heavy,3102,1,1.141,
7766.7,heavy,3103,1,3.263,
7770.0,heavy,3101,0,3.643,
7773.3,heavy,3102,0,1.020,
7776.7,heavy,3103,0,4.346,
7780.0,heavy,3101,0,3.660,
7783.3,heavy,3102,1,1.277,
7786.7,heavy,3103,0,4.576,
7790.0,heavy,3101,0,3.335,
7793.3,heavy,3102,1,2.185,
7796.7,heavy,3103,0,2.991,
7800.0,heavy,3101,0,4.135,
7800.0,light-2,3103,1,1.132,
7800.0,light-4,3102,1,2.195,
7800.0,light-1,3102,1,4.540,
7800.0,light-3,3101,1,4.634,
7800.0,light-5,3103,1,7.134,
7803.3,heavy,3101,1,2.599,
7806.7,heavy,3102,0,0.868,
7810.0,heavy,3103,0,3.617,
7813.3,heavy,3101,0,2.528,
7816.7,heavy,3102,1,1.281,
7820.0,heavy,3103,0,3.055,
7823.3,heavy,3101,1,2.695,
7826.7,heavy,3102,1,1.310,
7830.0,heavy,3103,0,3.133,
7833.3,heavy,3101,0,2.612,
7836.7,heavy,3102,0,0.764,
7840.0,heavy,3103,0,3.884,
7843.3,heavy,3101,0,2.910,
7846.7,heavy,3102,1,1.181,
7850.0,heavy,3103,0,3.847,
7853.3,heavy,3101,1,2.990,
7856.7,heavy,3102,1,1.171,
7860.0,heavy,3103,0,3.114,
7863.3,heavy,3101,0,3.507,
7866.7,heavy,3102,0,0.802,
7870.0,heavy,3103,0,3.936,
7873.3,heavy,3101,0,3.135,
7876.7,heavy,3102,1,1.242,
7880.0,heavy,3103,0,4.250,
7883.3,heavy,3101,1,3.425,
7886.7,heavy,3102,0,1.003,
7890.0,heavy,3103,1,3.392,
7893.3,heavy,3101,0,3.610,
7896.7,heavy,3102,0,1.397,
7900.0,heavy,3103,1,5.046,
7900.0,light-1,3101,1,1.063,
7900.0,light-3,3103,1,2.543,
7900.0,light-4,3101,1,5.400,
7900.0,light-2,3102,1,5.636,
7900.0,light-5,3102,1,5.739,
7903.3,heavy,3103,0,2.721,
7906.7,heavy,3101,0,2.671,
7910.0,heavy,3102,0,0.780,
7913.3,heavy,3103,1,4.267,
7916.7,heavy,3101,0,4.638,
7920.0,heavy,3102,1,1.173,
7923.3,heavy,3103,0,4.813,
7926.7,heavy,3101,0,4.341,
7930.0,heavy,3102,0,0.884,
7933.3,heavy,3103,1,3.577,
7936.7,heavy,3101,0,3.883,
7940.0,heavy,3102,1,1.209,
7943.3,heavy,3103,0,3.377,
7946.7,heavy,3101,0,3.397,
7950.0,heavy,3102,0,1.212,
7953.3,heavy,3103,1,3.829,
7956.7,heavy,3101,0,4.012,
7960.0,heavy,3102,0,0.969,
7963.3,heavy,3103,0,3.746,
7966.7,heavy,3101,1,3.020,
7970.0,heavy,3102,1,1.165,
7973.3,heavy,3103,0,2.702,
7976.7,heavy,3101,0,2.845,
7980.0,heavy,3102,0,1.002,
7983.3,heavy,3103,1,3.257,
7986.7,heavy,3101,0,3.462,
7990.0,heavy,3102,0,0.845,
7993.3,heavy,3103,1,7.335,
7996.7,heavy,3101,0,6.458,
8000.0,heavy,3102,1,1.873,
8000.0,light-1,3101,1,2.844,
8000.0,light-3,3103,1,3.868,
8000.0,light-2,3102,1,6.923,
8000.0,light-4,3101,1,6.983,
8000.0,light-5,3102,1,7.497,
8003.3,heavy,3103,0,7.441,
8006.7,heavy,3103,0,6.661,
8010.0,heavy,3101,0,3.874,
8013.3,heavy,3102,1,1.107,
8016.7,heavy,3103,0,4.164,
8020.0,heavy,3101,0,3.791,
8023.3,heavy,3102,1,1.257,
8026.7,heavy,3103,0,3.316,
8030.0,heavy,3101,0,2.944,
8033.3,heavy,3102,1,0.982,
8036.7,heavy,3103,0,4.623,
8040.0,heavy,3101,0,3.822,
8043.3,heavy,3102,1,1.164,
8046.7,heavy,3103,0,5.806,
8050.0,heavy,3101,0,3.993,
8053.3,heavy,3102,1,0.914,
8056.7,heavy,3103,0,3.241,
8060.0,heavy,3101,0,3.338,
8063.3,heavy,3102,1,1.283,
8066.7,heavy,3103,0,2.417,
8070.0,heavy,3101,0,2.529,
8073.3,heavy,3102,1,0.700,
8076.7,heavy,3103,0,2.762,
8080.0,heavy,3101,0,4.034,
8083.3,heavy,3102,1,1.343,
8086.7,heavy,3103,0,4.131,
8090.0,heavy,3101,0,3.568,
8093.3,heavy,3102,1,1.255,
8096.7,heavy,3103,0,3.398,
8100.0,heavy,3101,0,4.951,
8100.0,light-2,3103,1,1.175,
8100.0,light-4,3102,1,2.213,
8100.0,light-1,3102,1,4.164,
8100.0,light-5,3103,1,4.791,
8100.0,light-3,3101,1,5.023,
8103.3,heavy,3101,1,3.308,
8106.7,heavy,3102,0,1.024,
8110.0,heavy,3103,0,3.732,
8113.3,heavy,3101,1,3.035,
8116.7,heavy,3102,0,1.076,
8120.0,heavy,3103,0,3.293,
8123.3,heavy,3101,0,3.707,
8126.7,heavy,3102,1,1.177,
8130.0,heavy,3103,0,2.790,
8133.3,heavy,3101,1,3.231,
8136.7,heavy,3102,1,1.160,
8140.0,heavy,3103,0,2.989,
8143.3,heavy,3101,0,3.879,
8146.7,heavy,3102,0,1.179,
8150.0,heavy,3103,0,3.281,
8153.3,heavy,3101,0,3.616,
8156.7,heavy,3102,1,1.376,
8160.0,heavy,3103,0,3.386,
8163.3,heavy,3101,1,2.737,
8166.7,heavy,3102,0,0.810,
8170.0,heavy,3103,1,3.260,
8173.3,heavy,3101,0,3.584,
8176.7,heavy,3102,0,0.972,
8180.0,heavy,3103,0,3.781,
8183.3,heavy,3101,0,3.311,
8186.7,heavy,3102,1,1.235,
8190.0,heavy,3103,0,3.541,
8193.3,heavy,3101,1,6.677,
8196.7,heavy,3102,1,1.929,
8200.0,heavy,3103,0,4.509,
8200.0,light-2,3103,1,2.163,
8200.0,light-4,3102,1,2.974,
8200.0,light-5,3103,1,5.609,
8200.0,light-1,3102,1,6.401,
8200.0,light-3,3101,1,6.548,
8203.3,heavy,3101,0,7.300,
8206.7,heavy,3101,0,6.206,
8210.0,heavy,3102,0,0.939,
8213.3,heavy,3103,0,3.627,
8216.7,heavy,3101,0,2.834,
8220.0,heavy,3102,1,1.233,
8223.3,heavy,3103,1,2.812,
8226.7,heavy,3101,0,3.833,
8230.0,heavy,3102,1,1.157,
8233.3,heavy,3103,0,2.845,
8236.7,heavy,3101,0,3.239,
8240.0,heavy,3102,0,0.909,
8243.3,heavy,3103,1,4.235,
8246.7,heavy,3101,0,3.144,
8250.0,heavy,3102,1,1.268,
8253.3,heavy,3103,0,3.204,
8256.7,heavy,3101,0,4.238,
8260.0,heavy,3102,1,1.165,
8263.3,heavy,3103,0,3.418,
8266.7,heavy,3101,0,4.649,
8270.0,heavy,3102,0,0.801,
8273.3,heavy,3103,0,3.719,
8276.7,heavy,3101,1,2.930,
8280.0,heavy,3102,1,1.105,
8283.3,heavy,3103,0,3.340,
8286.7,heavy,3101,0,2.560,
8290.0,heavy,3102,0,1.106,
8293.3,heavy,3103,1,4.451,
8296.7,heavy,3101,0,2.900,
8300.0,heavy,3102,0,1.432,
8300.0,light-5,3101,1,2.325,
8300.0,light-2,3101,1,4.050,
8300.0,light-1,3103,1,4.611,
8300.0,light-3,3102,1,4.846,
8300.0,light-4,3103,1,5.020,
8303.3,heavy,3102,1,1.179,
8306.7,heavy,3103,0,3.375,
8310.0,heavy,3101,0,3.633,
8313.3,heavy,3102,1,1.385,
8316.7,heavy,3103,0,2.771,
8320.0,heavy,3101,0,3.380,
8323.3,heavy,3102,1,1.040,
8326.7,heavy,3103,0,3.206,
8330.0,heavy,3101,1,3.275,
8333.3,heavy,3102,0,1.004,
8336.7,heavy,3103,0,4.233,
8340.0,heavy,3101,0,3.499,
8343.3,heavy,3102,1,1.474,
8346.7,heavy,3103,0,3.044,
8350.0,heavy,3101,0,3.055,
8353.3,heavy,3102,1,1.124,
8356.7,heavy,3103,0,2.657,
8360.0,heavy,3101,1,2.820,
8363.3,heavy,3102,0,0.928,
8366.7,heavy,3103,0,3.253,
8370.0,heavy,3101,0,3.591,
8373.3,heavy,3102,1,1.142,
8376.7,heavy,3103,0,3.122,
8380.0,heavy,3101,0,2.973,
8383.3,heavy,3102,1,0.878,
8386.7,heavy,3103,0,3.438,
8390.0,heavy,3101,0,3.364,
8393.3,heavy,3102,1,1.077,
8396.7,heavy,3103,0,3.270,
8400.0,heavy,3101,0,5.681,
8400.0,light-2,3103,1,1.432,
8400.0,light-4,3102,1,2.539,
8400.0,light-1,3102,1,4.881,
8400.0,light-5,3103,1,5.527,
8400.0,light-3,3101,1,5.791,
8403.3,heavy,3101,1,3.181,
8406.7,heavy,3102,0,1.026,
8410.0,heavy,3103,0,3.743,
8413.3,heavy,3101,0,2.895,
8416.7,heavy,3102,1,1.158,
8420.0,heavy,3103,1,4.207,
8423.3,heavy,3101,0,2.646,
8426.7,heavy,3102,1,1.437,
8430.0,heavy,3103,0,3.969,
8433.3,heavy,3101,0,3.355,
8436.7,heavy,3102,0,1.525,
8440.0,heavy,3103,0,2.700,
8443.3,heavy,3101,1,3.936,
8446.7,heavy,3102,1,1.253,
8450.0,heavy,3103,0,3.353,
8453.3,heavy,3101,0,3.129,
8456.7,heavy,3102,1,1.449,
8460.0,heavy,3103,0,4.098,
8463.3,heavy,3101,0,2.957,
8466.7,heavy,3102,0,1.381,
8470.0,heavy,3103,0,3.998,
8473.3,heavy,3101,1,2.889,
8476.7,heavy,3102,0,1.247,
8480.0,heavy,3103,1,3.686,
8483.3,heavy,3101,0,3.270,
8486.7,heavy,3102,0,0.836,
8490.0,heavy,3103,0,2.930,
8493.3,heavy,3101,0,3.612,
8496.7,heavy,3102,1,1.277,
8500.0,heavy,3103,1,6.647,
8500.0,light-1,3101,1,1.557,
8500.0,light-3,3103,1,3.095,
8500.0,light-4,3101,1,5.529,
8500.0,light-2,3102,1,6.215,
8500.0,light-5,3102,1,6.380,
8503.3,heavy,3103,0,4.646,
8506.7,heavy,3101,0,3.132,
8510.0,heavy,3102,0,0.946,
8513.3,heavy,3103,1,3.435,
8516.7,heavy,3101,0,3.023,
8520.0,heavy,3102,1,1.425,
8523.3,heavy,3103,0,3.788,
8526.7,heavy,3101,0,3.529,
8530.0,heavy,3102,0,0.980,
8533.3,heavy,3103,1,4.098,
8536.7,heavy,3101,0,3.333,
8540.0,heavy,3102,1,1.304,
8543.3,heavy,3103,0,4.683,
8546.7,heavy,3101,0,2.754,
8550.0,heavy,3102,0,1.210,
8553.3,heavy,3103,0,3.174,
8556.7,heavy,3101,1,2.413,
8560.0,heavy,3102,0,0.987,
8563.3,heavy,3103,1,3.396,
8566.7,heavy,3101,0,2.909,
8570.0,heavy,3102,1,1.343,
8573.3,heavy,3103,0,2.854,
8576.7,heavy,3101,0,2.292,
8580.0,heavy,3102,1,1.226,
8583.3,heavy,3103,0,3.546,
8586.7,heavy,3101,0,2.905,
8590.0,heavy,3102,0,1.088,
8593.3,heavy,3103,1,3.343,
8596.7,heavy,3101,0,2.752,
8600.0,heavy,3102,0,1.325,
8600.0,light-5,3101,1,2.424,
8600.0,light-2,3101,1,4.461,
8600.0,light-1,3103,1,5.308,
8600.0,light-3,3102,1,5.370,
8600.0,light-4,3103,1,5.479,
8603.3,heavy,3102,1,1.145,
8606.7,heavy,3103,1,4.054,
8610.0,heavy,3101,0,3.265,
8613.3,heavy,3102,1,1.104,
8616.7,heavy,3103,0,4.070,
8620.0,heavy,3101,0,3.872,
8623.3,heavy,3102,0,1.062,
8626.7,heavy,3103,0,4.200,
8630.0,heavy,3101,0,3.434,
8633.3,heavy,3102,1,1.176,
8636.7,heavy,3103,0,4.321,
8640.0,heavy,3101,0,2.917,
8643.3,heavy,3102,1,0.894,
8646.7,heavy,3103,1,3.202,
8650.0,heavy,3101,0,3.571,
8653.3,heavy,3102,0,1.176,
8656.7,heavy,3103,0,3.699,
8660.0,heavy,3101,0,3.080,
8663.3,heavy,3102,1,1.471,
8666.7,heavy,3103,0,4.041,
8670.0,heavy,3101,0,2.636,
8673.3,heavy,3102,1,1.284,
8676.7,heavy,3103,0,4.039,
8680.0,heavy,3101,1,3.223,
8683.3,heavy,3102,0,1.102,
8686.7,heavy,3103,0,2.467,
8690.0,heavy,3101,0,4.402,
8693.3,heavy,3102,1,1.387,
8696.7,heavy,3103,0,4.351,
8700.0,heavy,3101,0,5.658,
8700.0,light-2,3103,1,1.135,
8700.0,light-4,3102,1,2.579,
8700.0,light-5,3103,1,5.987,
8700.0,light-1,3102,1,6.332,
8700.0,light-3,3101,1,6.370,
8703.3,heavy,3101,1,3.490,
8706.7,heavy,3102,0,0.934,
8710.0,heavy,3103,0,3.718,
8713.3,heavy,3101,1,3.384,
8716.7,heavy,3102,0,1.040,
8720.0,heavy,3103,0,3.804,
8723.3,heavy,3101,0,2.827,
8726.7,heavy,3102,1,1.343,
8730.0,heavy,3103,0,4.092,
8733.3,heavy,3101,1,3.014,
8736.7,heavy,3102,1,1.678,
8740.0,heavy,3103,0,3.745,
8743.3,heavy,3101,0,3.881,
8746.7,heavy,3102,0,1.028,
8750.0,heavy,3103,0,4.279,
8753.3,heavy,3101,0,3.509,
8756.7,heavy,3102,1,1.505,
8760.0,heavy,3103,1,4.874,
8763.3,heavy,3101,0,2.996,
8766.7,heavy,3102,0,1.033,
8770.0,heavy,3103,1,3.464,
8773.3,heavy,3101,0,3.762,
8776.7,heavy,3102,0,1.168,
8780.0,heavy,3103,0,2.885,
8783.3,heavy,3101,0,3.435,
8786.7,heavy,3102,1,1.315,
8790.0,heavy,3103,1,3.670,
8793.3,heavy,3101,0,3.490,
8796.7,heavy,3102,0,1.126,
8800.0,heavy,3103,0,7.798,
8800.0,light-5,3101,1,3.893,
8800.0,light-2,3101,1,6.515,
8800.0,light-4,3103,1,7.907,
8800.0,light-1,3103,1,11.518,
8800.0,light-3,3102,1,11.874,
8803.3,heavy,3101,0,5.679,
8806.7,heavy,3102,1,2.032,
8810.0,heavy,3102,0,1.615,
8813.3,heavy,3103,1,4.657,
8816.7,heavy,3101,0,2.751,
8820.0,heavy,3102,0,0.850,
8823.3,heavy,3103,0,3.807,
8826.7,heavy,3101,1,3.387,
8830.0,heavy,3102,1,1.242,
8833.3,heavy,3103,0,3.865,
8836.7,heavy,3101,0,3.961,
8840.0,heavy,3102,0,0.886,
8843.3,heavy,3103,0,4.949,
8846.7,heavy,3101,1,3.444,
8850.0,heavy,3102,1,1.394,
8853.3,heavy,3103,0,5.186,
8856.7,heavy,3101,0,3.055,
8860.0,heavy,3102,0,0.921,
8863.3,heavy,3103,0,3.535,
8866.7,heavy,3101,1,2.825,
8870.0,heavy,3102,0,0.889,
8873.3,heavy,3103,1,2.752,
8876.7,heavy,3101,0,3.138,
8880.0,heavy,3102,1,1.255,
8883.3,heavy,3103,0,3.332,
8886.7,heavy,3101,0,2.449,
8890.0,heavy,3102,0,0.949,
8893.3,heavy,3103,0,8.029,
8896.7,heavy,3101,1,5.959,
8900.0,heavy,3102,1,1.531,
8900.0,light-5,3101,1,3.754,
8900.0,light-3,3102,1,7.378,
8900.0,light-2,3101,1,7.736,
8900.0,light-1,3103,1,7.933,
8900.0,light-4,3103,1,8.937,
8903.3,heavy,3102,0,1.121,
8906.7,heavy,3103,0,18.464,
8910.0,heavy,3101,0,3.286,
8913.3,heavy,3102,1,1.239,
8916.7,heavy,3103,1,9.239,
8920.0,heavy,3101,0,3.469,
8923.3,heavy,3102,0,1.179,
8926.7,heavy,3103,0,3.158,
8930.0,heavy,3101,0,3.902,
8933.3,heavy,3102,1,1.327,
8936.7,heavy,3103,0,4.234,
8940.0,heavy,3101,0,3.733,
8943.3,heavy,3102,1,1.220,
8946.7,heavy,3103,0,4.365,
8950.0,heavy,3101,0,2.994,
8953.3,heavy,3102,1,1.430,
8956.7,heavy,3103,0,2.953,
8960.0,heavy,3101,0,3.380,
8963.3,heavy,3102,1,1.326,
8966.7,heavy,3103,0,2.735,
8970.0,heavy,3101,0,3.235,
8973.3,heavy,3102,1,1.095,
8976.7,heavy,3103,0,4.374,
8980.0,heavy,3101,0,3.414,
8983.3,heavy,3102,1,0.927,
8986.7,heavy,3103,0,5.144,
8990.0,heavy,3101,0,3.545,
8993.3,heavy,3102,1,1.462,
8996.7,heavy,3103,0,4.898,
9000.0,heavy,3101,1,5.759,
9000.0,light-2,3103,1,2.162,
9000.0,light-4,3102,1,2.869,
9000.0,light-5,3103,1,5.567,
9000.0,light-1,3102,1,6.342,
9000.0,light-3,3101,1,6.363,
9003.3,heavy,3101,0,3.771,
9006.7,heavy,3102,0,1.643,
9010.0,heavy,3103,0,4.129,
9013.3,heavy,3101,1,3.628,
9016.7,heavy,3102,0,1.184,
9020.0,heavy,3103,0,3.151,
9023.3,heavy,3101,0,3.372,
9026.7,heavy,3102,1,1.177,
9030.0,heavy,3103,0,2.183,
9033.3,heavy,3101,1,4.350,
9036.7,heavy,3102,1,1.239,
9040.0,heavy,3103,0,3.310,
9043.3,heavy,3101,0,3.419,
9046.7,heavy,3102,0,1.064,
9050.0,heavy,3103,0,4.387,
9053.3,heavy,3101,0,3.431,
9056.7,heavy,3102,1,1.255,
9060.0,heavy,3103,0,3.515,
9063.3,heavy,3101,1,3.197,
9066.7,heavy,3102,1,1.426,
9070.0,heavy,3103,0,3.011,
9073.3,heavy,3101,0,3.481,
9076.7,heavy,3102,0,1.011,
9080.0,heavy,3103,0,3.614,
9083.3,heavy,3101,0,3.179,
9086.7,heavy,3102,1,1.225,
9090.0,heavy,3103,0,3.703,
9093.3,heavy,3101,1,6.422,
9096.7,heavy,3102,1,1.398,
9100.0,heavy,3103,0,4.099,
9100.0,light-2,3103,1,2.303,
9100.0,light-4,3102,1,2.480,
9100.0,light-1,3102,1,6.118,
9100.0,light-5,3103,1,7.748,
9100.0,light-3,3101,1,7.999,
9103.3,heavy,3101,0,7.236,
9106.7,heavy,3101,0,7.830,
9110.0,heavy,3102,0,1.007,
9113.3,heavy,3103,1,2.956,
9116.7,heavy,3101,1,3.421,
9120.0,heavy,3102,0,1.193,
9123.3,heavy,3103,0,3.163,
9126.7,heavy,3101,0,2.642,
9130.0,heavy,3102,0,1.146,
9133.3,heavy,3103,0,3.949,
9136.7,heavy,3101,1,3.118,
9140.0,heavy,3102,0,0.880,
9143.3,heavy,3103,1,4.344,
9146.7,heavy,3101,0,3.433,
9150.0,heavy,3102,1,1.169,
9153.3,heavy,3103,0,4.348,
9156.7,heavy,3101,0,2.533,
9160.0,heavy,3102,0,0.693,
9163.3,heavy,3103,0,4.002,
9166.7,heavy,3101,1,3.172,
9170.0,heavy,3102,0,0.811,
9173.3,heavy,3103,0,3.807,
9176.7,heavy,3101,1,3.063,
9180.0,heavy,3102,1,1.169,
9183.3,heavy,3103,0,4.446,
9186.7,heavy,3101,0,2.716,
9190.0,heavy,3102,0,0.808,
9193.3,heavy,3103,1,5.493,
9196.7,heavy,3101,0,4.876,
9200.0,heavy,3102,1,1.210,
9200.0,light-5,3101,1,3.450,
9200.0,light-3,3102,1,5.272,
9200.0,light-1,3103,1,6.289,
9200.0,light-2,3101,1,6.835,
9200.0,light-4,3103,1,7.392,
9203.3,heavy,3102,0,0.952,
9206.7,heavy,3103,0,3.684,
9210.0,heavy,3101,0,2.803,
9213.3,heavy,3102,1,1.116,
9216.7,heavy,3103,0,2.606,
9220.0,heavy,3101,1,4.134,
9223.3,heavy,3102,1,1.180,
9226.7,heavy,3103,0,3.405,
9230.0,heavy,3101,0,4.483,
9233.3,heavy,3102,0,1.730,
9236.7,heavy,3103,0,3.732,
9240.0,heavy,3101,0,3.065,
9243.3,heavy,3102,1,1.224,
9246.7,heavy,3103,0,3.476,
9250.0,heavy,3101,0,2.713,
9253.3,heavy,3102,1,1.227,
9256.7,heavy,3103,1,3.240,
9260.0,heavy,3101,0,3.431,
9263.3,heavy,3102,0,0.863,
9266.7,heavy,3103,0,4.352,
9270.0,heavy,3101,0,4.191,
9273.3,heavy,3102,1,1.202,
9276.7,heavy,3103,0,4.592,
9280.0,heavy,3101,0,3.446,
9283.3,heavy,3102,1,1.682,
9286.7,heavy,3103,0,3.880,
9290.0,heavy,3101,0,3.392,
9293.3,heavy,3102,1,1.445,
9296.7,heavy,3103,0,2.680,
9300.0,heavy,3101,0,5.132,
9300.0,light-2,3103,1,1.180,
9300.0,light-4,3102,1,2.578,
9300.0,light-1,3102,1,4.782,
9300.0,light-5,3103,1,4.937,
9300.0,light-3,3101,1,6.651,
9303.3,heavy,3101,1,4.676,
9306.7,heavy,3102,0,1.087,
9310.0,heavy,3103,1,4.942,
9313.3,heavy,3101,0,3.925,
9316.7,heavy,3102,1,1.279,
9320.0,heavy,3103,0,5.621,
9323.3,heavy,3101,0,4.726,
9326.7,heavy,3102,0,1.065,
9330.0,heavy,3103,0,2.874,
9333.3,heavy,3101,1,3.224,
9336.7,heavy,3102,0,1.125,
9340.0,heavy,3103,0,3.402,
9343.3,heavy,3101,0,3.662,
9346.7,heavy,3102,1,1.084,
9350.0,heavy,3103,0,2.983,
9353.3,heavy,3101,1,2.640,
9356.7,heavy,3102,1,1.763,
9360.0,heavy,3103,0,2.857,
9363.3,heavy,3101,0,2.597,
9366.7,heavy,3102,0,1.082,
9370.0,heavy,3103,0,3.733,
9373.3,heavy,3101,0,3.106,
9376.7,heavy,3102,1,1.231,
9380.0,heavy,3103,0,2.128,
9383.3,heavy,3101,1,4.578,
9386.7,heavy,3102,1,1.156,
9390.0,heavy,3103,0,3.430,
9393.3,heavy,3101,0,5.451,
9396.7,heavy,3102,0,1.712,
9400.0,heavy,3103,0,5.890,
9400.0,light-5,3101,1,3.076,
9400.0,light-3,3102,1,5.276,
9400.0,light-2,3101,1,5.831,
9400.0,light-1,3103,1,6.035,
9400.0,light-4,3103,1,7.207,
9403.3,heavy,3101,0,4.840,
9406.7,heavy,3102,1,1.327,
9410.0,heavy,3102,0,2.097,
9413.3,heavy,3103,1,4.807,
9416.7,heavy,3101,0,2.457,
9420.0,heavy,3102,1,1.232,
9423.3,heavy,3103,0,3.050,
9426.7,heavy,3101,0,3.004,
9430.0,heavy,3102,0,0.886,
9433.3,heavy,3103,0,3.677,
9436.7,heavy,3101,0,3.249,
9440.0,heavy,3102,1,0.874,
9443.3,heavy,3103,1,4.230,
9446.7,heavy,3101,0,3.458,
9450.0,heavy,3102,1,1.136,
9453.3,heavy,3103,0,4.493,
9456.7,heavy,3101,0,2.291,
9460.0,heavy,3102,0,0.904,
9463.3,heavy,3103,0,3.197,
9466.7,heavy,3101,0,3.396,
9470.0,heavy,3102,1,1.117,
9473.3,heavy,3103,1,2.510,
9476.7,heavy,3101,0,4.010,
9480.0,heavy,3102,1,1.202,
9483.3,heavy,3103,0,3.500,
9486.7,heavy,3101,0,3.307,
9490.0,heavy,3102,0,1.029,
9493.3,heavy,3103,1,5.339,
9496.7,heavy,3101,0,4.770,
9500.0,heavy,3102,1,1.333,
9500.0,light-5,3101,1,3.369,
9500.0,light-3,3102,1,5.009,
9500.0,light-2,3101,1,5.503,
9500.0,light-4,3103,1,5.577,
9500.0,light-1,3103,1,6.584,
9503.3,heavy,3102,0,0.766,
9506.7,heavy,3103,0,4.056,
9510.0,heavy,3101,0,2.792,
9513.3,heavy,3102,1,1.059,
9516.7,heavy,3103,0,3.253,
9520.0,heavy,3101,0,2.989,
9523.3,heavy,3102,1,1.297,
9526.7,heavy,3103,1,2.346,
9530.0,heavy,3101,0,3.497,
9533.3,heavy,3102,0,0.972,
9536.7,heavy,3103,0,4.251,
9540.0,heavy,3101,0,3.384,
9543.3,heavy,3102,1,1.378,
9546.7,heavy,3103,0,4.249,
9550.0,heavy,3101,0,2.861,
9553.3,heavy,3102,1,1.058,
9556.7,heavy,3103,1,3.052,
9560.0,heavy,3101,0,3.279,
9563.3,heavy,3102,0,0.969,
9566.7,heavy,3103,0,4.660,
9570.0,heavy,3101,0,4.091,
9573.3,heavy,3102,1,1.262,
9576.7,heavy,3103,0,4.812,
9580.0,heavy,3101,0,3.775,
9583.3,heavy,3102,1,1.415,
9586.7,heavy,3103,0,2.806,
9590.0,heavy,3101,0,5.043,
9593.3,heavy,3102,1,1.195,
9596.7,heavy,3103,0,2.669,
9600.0,heavy,3101,0,6.526,
9600.0,light-3,3103,1,2.151,
9600.0,light-1,3101,1,3.451,
9600.0,light-2,3102,1,4.804,
9600.0,light-5,3102,1,6.102,
9600.0,light-4,3101,1,6.807,
9603.3,heavy,3102,1,1.396,
9606.7,heavy,3103,0,4.183,
9610.0,heavy,3103,0,4.535,
9613.3,heavy,3101,0,4.314,
9616.7,heavy,3102,1,1.033,
9620.0,heavy,3103,1,2.936,
9623.3,heavy,3101,0,3.335,
9626.7,heavy,3102,0,0.829,
9630.0,heavy,3103,0,4.075,
9633.3,heavy,3101,0,3.252,
9636.7,heavy,3102,1,1.229,
9640.0,heavy,3103,1,4.392,
9643.3,heavy,3101,0,3.002,
9646.7,heavy,3102,0,1.013,
9650.0,heavy,3103,1,2.829,
9653.3,heavy,3101,0,3.087,
9656.7,heavy,3102,0,0.846,
9660.0,heavy,3103,1,3.979,
9663.3,heavy,3101,0,3.271,
9666.7,heavy,3102,1,1.169,
9670.0,heavy,3103,0,4.280,
9673.3,heavy,3101,0,2.253,
9676.7,heavy,3102,0,0.960,
9680.0,heavy,3103,0,3.168,
9683.3,heavy,3101,0,3.512,
9686.7,heavy,3102,1,1.201,
9690.0,heavy,3103,0,2.789,
9693.3,heavy,3101,1,5.376,
9696.7,heavy,3102,1,1.371,
9700.0,heavy,3103,0,5.495,
9700.0,light-3,3103,1,2.446,
9700.0,light-1,3101,1,2.730,
9700.0,light-2,3102,1,5.559,
9700.0,light-4,3101,1,5.650,
9700.0,light-5,3102,1,6.210,
9703.3,heavy,3103,0,5.095,
9706.7,heavy,3101,0,3.139,
9710.0,heavy,3102,0,1.114,
9713.3,heavy,3103,1,3.796,
9716.7,heavy,3101,0,4.029,
9720.0,heavy,3102,0,0.796,
9723.3,heavy,3103,0,4.449,
9726.7,heavy,3101,1,3.533,
9730.0,heavy,3102,1,1.544,
9733.3,heavy,3103,0,4.961,
9736.7,heavy,3101,0,3.210,
9740.0,heavy,3102,0,1.218,
9743.3,heavy,3103,1,3.631,
9746.7,heavy,3101,0,4.002,
9750.0,heavy,3102,0,1.031,
9753.3,heavy,3103,1,4.675,
9756.7,heavy,3101,0,3.676,
9760.0,heavy,3102,1,1.303,
9763.3,heavy,3103,0,4.218,
9766.7,heavy,3101,0,2.977,
9770.0,heavy,3102,0,1.253,
9773.3,heavy,3103,0,3.568,
9776.7,heavy,3101,0,3.007,
9780.0,heavy,3102,1,1.133,
9783.3,heavy,3103,1,3.698,
9786.7,heavy,3101,0,3.563,
9790.0,heavy,3102,1,1.198,
9793.3,heavy,3103,0,4.170,
9796.7,heavy,3101,0,3.081,
9800.0,heavy,3102,0,1.015,
9800.0,light-5,3101,1,1.787,
9800.0,light-1,3103,1,3.446,
9800.0,light-2,3101,1,3.899,
9800.0,light-3,3102,1,4.010,
9800.0,light-4,3103,1,4.091,
9803.3,heavy,3102,1,0.796,
9806.7,heavy,3103,0,3.561,
9810.0,heavy,3101,1,3.791,
9813.3,heavy,3102,0,0.879,
9816.7,heavy,3103,0,5.030,
9820.0,heavy,3101,0,2.718,
9823.3,heavy,3102,1,1.271,
9826.7,heavy,3103,0,5.762,
9830.0,heavy,3101,0,2.870,
9833.3,heavy,3102,1,1.153,
9836.7,heavy,3103,0,3.858,
9840.0,heavy,3101,1,3.039,
9843.3,heavy,3102,0,0.954,
9846.7,heavy,3103,0,3.955,
9850.0,heavy,3101,0,3.183,
9853.3,heavy,3102,1,1.239,
9856.7,heavy,3103,0,4.102,
9860.0,heavy,3101,0,2.567,
9863.3,heavy,3102,1,1.518,
9866.7,heavy,3103,0,3.835,
9870.0,heavy,3101,1,2.889,
9873.3,heavy,3102,0,1.407,
9876.7,heavy,3103,0,3.284,
9880.0,heavy,3101,0,3.106,
9883.3,heavy,3102,1,0.883,
9886.7,heavy,3103,0,3.107,
9890.0,heavy,3101,1,3.259,
9893.3,heavy,3102,0,0.958,
9896.7,heavy,3103,0,5.671,
9900.0,light-5,3101,1,3.552,
9900.0,light-3,3102,1,5.783,
9900.0,light-1,3103,1,6.722,
9900.0,light-2,3101,1,6.891,
9900.0,light-4,3103,1,7.829,
9900.0,heavy,3101,0,4.998,
9903.3,heavy,3102,1,1.341,
9906.7,heavy,3102,0,0.956,
9910.0,heavy,3103,1,4.816,
9913.3,heavy,3101,0,3.175,
9916.7,heavy,3102,0,1.387,
9920.0,heavy,3103,1,3.640,
9923.3,heavy,3101,0,3.567,
9926.7,heavy,3102,1,1.107,
9930.0,heavy,3103,0,4.474,
9933.3,heavy,3101,0,3.982,
9936.7,heavy,3102,0,0.980,
9940.0,heavy,3103,0,2.635,
9943.3,heavy,3101,0,3.548,
9946.7,heavy,3102,1,1.080,
9950.0,heavy,3103,1,2.779,
9953.3,heavy,3101,0,2.778,
9956.7,heavy,3102,0,0.919,
9960.0,heavy,3103,0,3.058,
9963.3,heavy,3101,0,3.245,
9966.7,heavy,3102,1,1.234,
9970.0,heavy,3103,0,2.896,
9973.3,heavy,3101,1,2.998,
9976.7,heavy,3102,0,0.775,
9980.0,heavy,3103,1,3.294,
9983.3,heavy,3101,0,3.004,
9986.7,heavy,3102,0,1.014,
9990.0,heavy,3103,0,2.904,
9993.3,heavy,3101,0,2.924,
9996.7,heavy,3102,1,1.068,
10000.0,light-1,3101,1,1.171,
10000.0,light-3,3103,1,2.602,
10000.0,light-4,3101,1,4.769,
10000.0,light-2,3102,1,5.097,
10000.0,light-5,3102,1,5.551,
10000.0,heavy,3103,1,5.417,
10003.3,heavy,3103,0,4.417,
10006.7,heavy,3101,0,2.985,
10010.0,heavy,3102,0,0.803,
10013.3,heavy,3103,0,5.758,
10016.7,heavy,3101,0,7.927,
10020.0,heavy,3102,0,3.438,ECONNRESET
10023.3,heavy,3103,0,5.373,
10026.7,heavy,3101,0,5.220,
10030.0,heavy,3102,0,2.473,ECONNREFUSED
10033.3,heavy,3103,0,3.380,
10036.7,heavy,3101,0,3.658,
10040.0,heavy,3102,0,1.952,ECONNREFUSED
10043.3,heavy,3103,0,6.014,
10046.7,heavy,3101,0,5.459,
10050.0,heavy,3102,0,3.581,ECONNREFUSED
10053.3,heavy,3103,0,6.995,
10056.7,heavy,3101,0,5.804,
10060.0,heavy,3102,0,3.049,ECONNREFUSED
10063.3,heavy,3103,0,5.826,
10066.7,heavy,3101,0,4.230,
10070.0,heavy,3102,0,2.763,ECONNREFUSED
10073.3,heavy,3103,0,5.234,
10076.7,heavy,3101,0,4.715,
10080.0,heavy,3102,0,2.867,ECONNREFUSED
10083.3,heavy,3103,0,4.528,
10086.7,heavy,3101,0,4.449,
10090.0,heavy,3102,0,2.677,ECONNREFUSED
10093.3,heavy,3103,0,9.531,
10096.7,heavy,3101,0,8.200,
10100.0,light-1,3101,1,4.418,
10100.0,light-3,3103,1,5.410,
10100.0,light-2,3102,0,6.170,ECONNREFUSED
10100.0,light-5,3102,0,6.107,ECONNREFUSED
10100.0,light-4,3101,0,8.709,
10100.0,heavy,3102,0,6.352,ECONNREFUSED
10103.3,heavy,3103,0,9.930,
10106.7,heavy,3103,0,8.510,
10110.0,heavy,3101,0,6.230,
10113.3,heavy,3102,0,3.207,ECONNREFUSED
10116.7,heavy,3103,0,4.589,
10120.0,heavy,3101,0,4.821,
10123.3,heavy,3102,0,2.808,ECONNREFUSED
10126.7,heavy,3103,0,4.860,
10130.0,heavy,3101,0,4.364,
10133.3,heavy,3102,0,2.171,ECONNREFUSED
10136.7,heavy,3103,0,3.781,
10140.0,heavy,3101,0,4.276,
10143.3,heavy,3102,0,3.122,ECONNREFUSED
10146.7,heavy,3103,0,4.349,
10150.0,heavy,3101,0,4.221,
10153.3,heavy,3102,0,2.899,ECONNREFUSED
10156.7,heavy,3103,0,4.057,
10160.0,heavy,3101,0,4.107,
10163.3,heavy,3102,0,2.880,ECONNREFUSED
10166.7,heavy,3103,0,4.173,
10170.0,heavy,3101,0,4.102,
10173.3,heavy,3102,0,3.083,ECONNREFUSED
10176.7,heavy,3103,0,4.196,
10180.0,heavy,3101,0,4.842,
10183.3,heavy,3102,0,2.213,ECONNREFUSED
10186.7,heavy,3103,0,3.858,
10190.0,heavy,3101,0,4.424,
10193.3,heavy,3102,0,2.066,ECONNREFUSED
10196.7,heavy,3103,0,4.184,
10200.0,light-2,3103,1,2.443,
10200.0,light-1,3102,0,3.851,ECONNREFUSED
10200.0,light-4,3102,0,3.649,ECONNREFUSED
10200.0,light-3,3101,1,5.732,
10200.0,light-5,3103,1,6.206,
10200.0,heavy,3101,0,8.192,
10203.3,heavy,3101,0,7.087,
10206.7,heavy,3102,0,2.193,ECONNREFUSED
10210.0,heavy,3103,0,4.689,
10213.3,heavy,3101,0,4.243,
10216.7,heavy,3102,0,3.045,ECONNREFUSED
10220.0,heavy,3103,0,4.437,
10223.3,heavy,3101,0,4.098,
10226.7,heavy,3102,0,3.030,ECONNREFUSED
10230.0,heavy,3103,0,4.682,
10233.3,heavy,3101,0,3.951,
10236.7,heavy,3102,0,2.382,ECONNREFUSED
10240.0,heavy,3103,0,3.254,
10243.3,heavy,3101,0,4.378,
10246.7,heavy,3102,0,2.248,ECONNREFUSED
10250.0,heavy,3103,0,4.662,
10253.3,heavy,3101,0,3.796,
10256.7,heavy,3102,0,2.692,ECONNREFUSED
10260.0,heavy,3103,0,4.039,
10263.3,heavy,3101,0,3.349,
10266.7,heavy,3102,0,2.112,ECONNREFUSED
10270.0,heavy,3103,0,4.114,
10273.3,heavy,3101,0,4.451,
10276.7,heavy,3102,0,2.740,ECONNREFUSED
10280.0,heavy,3103,0,4.392,
10283.3,heavy,3101,0,4.572,
10286.7,heavy,3102,0,3.159,ECONNREFUSED
10290.0,heavy,3103,0,4.713,
10293.3,heavy,3101,0,4.351,
10296.7,heavy,3102,0,5.156,ECONNREFUSED
10300.0,light-1,3101,1,2.895,
10300.0,light-3,3103,1,3.559,
10300.0,light-2,3102,0,4.889,ECONNREFUSED
10300.0,light-5,3102,0,4.977,ECONNREFUSED
10300.0,light-4,3101,0,5.338,
10300.0,heavy,3103,0,5.295,
10303.3,heavy,3103,0,4.544,
10306.7,heavy,3101,0,4.142,
10310.0,heavy,3102,0,3.670,ECONNREFUSED
10313.3,heavy,3103,0,5.522,
10316.7,heavy,3101,0,5.205,
10320.0,heavy,3102,0,3.339,ECONNREFUSED
10323.3,heavy,3103,0,4.167,
10326.7,heavy,3101,0,3.720,
10330.0,heavy,3102,0,1.707,ECONNREFUSED
10333.3,heavy,3103,0,6.513,
10336.7,heavy,3101,0,3.852,
10340.0,heavy,3102,0,3.478,ECONNREFUSED
10343.3,heavy,3103,0,4.292,
10346.7,heavy,3101,0,3.442,
10350.0,heavy,3102,0,2.406,ECONNREFUSED
10353.3,heavy,3103,0,5.585,
10356.7,heavy,3101,0,5.082,
10360.0,heavy,3102,0,3.367,ECONNREFUSED
10363.3,heavy,3103,0,7.199,
10366.7,heavy,3101,0,6.087,
10370.0,heavy,3102,0,2.864,ECONNREFUSED
10373.3,heavy,3103,0,5.962,
10376.7,heavy,3101,0,6.523,
10380.0,heavy,3102,0,2.293,ECONNREFUSED
10383.3,heavy,3103,0,4.910,
10386.7,heavy,3101,0,4.338,
10390.0,heavy,3102,0,2.530,ECONNREFUSED
10393.3,heavy,3103,0,4.342,
10396.7,heavy,3101,0,8.483,
10400.0,light-5,3101,1,3.883,
10400.0,light-3,3102,0,4.405,ECONNREFUSED
10400.0,light-2,3101,1,6.368,
10400.0,light-1,3103,1,6.651,
10400.0,light-4,3103,0,7.168,
10400.0,heavy,3102,0,3.979,ECONNREFUSED
10403.3,heavy,3102,0,5.264,ECONNREFUSED
10406.7,heavy,3103,0,6.067,
10410.0,heavy,3101,0,3.739,
10413.3,heavy,3102,0,2.928,ECONNREFUSED
10416.7,heavy,3103,0,4.296,
10420.0,heavy,3101,0,4.891,
10423.3,heavy,3102,0,2.510,ECONNREFUSED
10426.7,heavy,3103,0,5.182,
10430.0,heavy,3101,0,4.468,
10433.3,heavy,3102,0,2.430,ECONNREFUSED
10436.7,heavy,3103,0,4.195,
10440.0,heavy,3101,0,4.295,
10443.3,heavy,3102,0,2.799,ECONNREFUSED
10446.7,heavy,3103,0,4.108,
10450.0,heavy,3101,0,3.759,
10453.3,heavy,3102,0,2.420,ECONNREFUSED
10456.7,heavy,3103,0,3.939,
10460.0,heavy,3101,0,4.339,
10463.3,heavy,3102,0,2.307,ECONNREFUSED
10466.7,heavy,3103,0,5.909,
10470.0,heavy,3101,0,4.849,
10473.3,heavy,3102,0,2.484,ECONNREFUSED
10476.7,heavy,3103,0,5.501,
10480.0,heavy,3101,0,5.153,
10483.3,heavy,3102,0,2.444,ECONNREFUSED
10486.7,heavy,3103,0,5.963,
10490.0,heavy,3101,0,4.496,
10493.3,heavy,3102,0,2.287,ECONNREFUSED
10496.7,heavy,3103,0,5.493,
10500.0,light-2,3103,1,3.366,
10500.0,light-1,3102,0,4.590,ECONNREFUSED
10500.0,light-4,3102,0,4.695,ECONNREFUSED
10500.0,light-5,3103,1,4.986,
10500.0,light-3,3101,1,6.070,
10500.0,heavy,3101,0,9.198,
10503.3,heavy,3101,0,6.780,
10506.7,heavy,3102,0,2.906,ECONNREFUSED
10510.0,heavy,3103,0,4.182,
10513.3,heavy,3101,0,4.119,
10516.7,heavy,3102,0,2.613,ECONNREFUSED
10520.0,heavy,3103,0,3.950,
10523.3,heavy,3101,0,3.962,
10526.7,heavy,3102,0,3.101,ECONNREFUSED
10530.0,heavy,3103,0,4.268,
10533.3,heavy,3101,0,3.828,
10536.7,heavy,3102,0,2.824,ECONNREFUSED
10540.0,heavy,3103,0,4.825,
10543.3,heavy,3101,0,3.919,
10546.7,heavy,3102,0,2.805,ECONNREFUSED
10550.0,heavy,3103,0,4.200,
10553.3,heavy,3101,0,4.347,
10556.7,heavy,3102,0,2.509,ECONNREFUSED
10560.0,heavy,3103,0,3.907,
10563.3,heavy,3101,0,3.959,
10566.7,heavy,3102,0,2.630,ECONNREFUSED
10570.0,heavy,3103,0,3.745,
10573.3,heavy,3101,0,3.856,
10576.7,heavy,3102,0,2.133,ECONNREFUSED
10580.0,heavy,3103,0,4.503,
10583.3,heavy,3101,0,4.500,
10586.7,heavy,3102,0,1.520,ECONNREFUSED
10590.0,heavy,3103,0,7.396,
10593.3,heavy,3101,0,9.285,
10596.7,heavy,3102,0,4.521,ECONNREFUSED
10600.0,light-3,3103,1,3.661,
10600.0,light-5,3102,0,4.416,ECONNREFUSED
10600.0,light-1,3101,1,5.028,
10600.0,light-2,3102,0,5.750,ECONNREFUSED
10600.0,light-4,3101,0,9.360,
10600.0,heavy,3103,0,7.186,
10603.3,heavy,3103,0,8.229,
10606.7,heavy,3101,0,7.651,
10610.0,heavy,3102,0,3.000,ECONNREFUSED
10613.3,heavy,3103,0,4.408,
10616.7,heavy,3101,0,13.712,
10620.0,heavy,3102,0,3.461,ECONNREFUSED
10623.3,heavy,3103,0,4.977,
10626.7,heavy,3101,0,5.865,
10630.0,heavy,3102,0,3.416,ECONNREFUSED
10633.3,heavy,3103,0,4.729,
10636.7,heavy,3101,0,4.092,
10640.0,heavy,3102,0,2.228,ECONNREFUSED
10643.3,heavy,3103,0,4.980,
10646.7,heavy,3101,0,4.115,
10650.0,heavy,3102,0,2.428,ECONNREFUSED
10653.3,heavy,3103,0,4.149,
10656.7,heavy,3101,0,3.677,
10660.0,heavy,3102,0,2.705,ECONNREFUSED
10663.3,heavy,3103,0,4.502,
10666.7,heavy,3101,0,4.095,
10670.0,heavy,3102,0,2.700,ECONNREFUSED
10673.3,heavy,3103,0,4.297,
10676.7,heavy,3101,0,4.244,
10680.0,heavy,3102,0,2.910,ECONNREFUSED
10683.3,heavy,3103,0,4.124,
10686.7,heavy,3101,0,3.572,
10690.0,heavy,3102,0,2.100,ECONNREFUSED
10693.3,heavy,3103,0,4.249,
10696.7,heavy,3101,0,4.515,
10700.0,light-1,3101,1,3.392,
10700.0,light-3,3103,1,4.837,
10700.0,light-2,3102,0,5.431,ECONNREFUSED
10700.0,light-5,3102,0,5.302,ECONNREFUSED
10700.0,light-4,3101,0,5.651,
10700.0,heavy,3102,0,5.754,ECONNREFUSED
10703.3,heavy,3103,0,8.400,
10706.7,heavy,3103,0,7.158,
10710.0,heavy,3101,0,4.127,
10713.3,heavy,3102,0,2.204,ECONNREFUSED
10716.7,heavy,3103,0,5.829,
10720.0,heavy,3101,0,5.080,
10723.3,heavy,3102,0,2.532,ECONNREFUSED
10726.7,heavy,3103,0,5.908,
10730.0,heavy,3101,0,4.462,
10733.3,heavy,3102,0,2.213,ECONNREFUSED
10736.7,heavy,3103,0,4.735,
10740.0,heavy,3101,0,4.085,
10743.3,heavy,3102,0,2.508,ECONNREFUSED
10746.7,heavy,3103,0,4.087,
10750.0,heavy,3101,0,4.761,
10753.3,heavy,3102,0,2.849,ECONNREFUSED
10756.7,heavy,3103,0,4.210,
10760.0,heavy,3101,0,4.752,
10763.3,heavy,3102,0,2.334,ECONNREFUSED
10766.7,heavy,3103,0,4.208,
10770.0,heavy,3101,0,4.594,
10773.3,heavy,3102,0,2.587,ECONNREFUSED
10776.7,heavy,3103,0,6.523,
10780.0,heavy,3101,0,5.425,
10783.3,heavy,3102,0,2.484,ECONNREFUSED
10786.7,heavy,3103,0,7.294,
10790.0,heavy,3101,0,6.528,
10793.3,heavy,3102,0,3.653,ECONNREFUSED
10796.7,heavy,3103,0,4.821,
10800.0,light-2,3103,1,2.485,
10800.0,light-1,3102,0,4.055,ECONNREFUSED
10800.0,light-4,3102,0,3.754,ECONNREFUSED
10800.0,light-5,3103,1,6.371,
10800.0,light-3,3101,1,6.809,
10800.0,heavy,3101,0,8.563,
10803.3,heavy,3101,0,8.146,
10806.7,heavy,3102,0,2.937,ECONNREFUSED
10810.0,heavy,3103,0,4.956,
10813.3,heavy,3101,0,4.657,
10816.7,heavy,3102,0,2.701,ECONNREFUSED
10820.0,heavy,3103,0,4.699,
10823.3,heavy,3101,0,4.818,
10826.7,heavy,3102,0,2.314,ECONNREFUSED
10830.0,heavy,3103,0,3.916,
10833.3,heavy,3101,0,4.054,
10836.7,heavy,3102,0,2.657,ECONNREFUSED
10840.0,heavy,3103,0,6.318,
10843.3,heavy,3101,0,4.527,
10846.7,heavy,3102,0,1.913,ECONNREFUSED
10850.0,heavy,3103,0,4.436,
10853.3,heavy,3101,0,3.684,
10856.7,heavy,3102,0,2.886,ECONNREFUSED
10860.0,heavy,3103,0,4.730,
10863.3,heavy,3101,0,4.186,
10866.7,heavy,3102,0,1.923,ECONNREFUSED
10870.0,heavy,3103,0,6.075,
10873.3,heavy,3101,0,8.377,
10876.7,heavy,3102,0,2.415,ECONNREFUSED
10880.0,heavy,3103,0,6.239,
10883.3,heavy,3101,0,7.674,
10886.7,heavy,3102,0,2.792,ECONNREFUSED
10890.0,heavy,3103,0,4.931,
10893.3,heavy,3101,0,4.716,
10896.7,heavy,3102,0,4.401,ECONNREFUSED
10900.0,light-1,3101,1,2.422,
10900.0,light-3,3103,1,3.037,
10900.0,light-2,3102,0,4.571,ECONNREFUSED
10900.0,light-5,3102,0,4.830,ECONNREFUSED
10900.0,light-4,3101,0,5.087,
10900.0,heavy,3103,0,5.052,
10903.3,heavy,3103,0,4.274,
10906.7,heavy,3101,0,3.695,
10910.0,heavy,3102,0,3.180,ECONNREFUSED
10913.3,heavy,3103,0,4.795,
10916.7,heavy,3101,0,3.985,
10920.0,heavy,3102,0,2.803,ECONNREFUSED
10923.3,heavy,3103,0,4.520,
10926.7,heavy,3101,0,3.984,
10930.0,heavy,3102,0,1.972,ECONNREFUSED
10933.3,heavy,3103,0,5.619,
10936.7,heavy,3101,0,6.034,
10940.0,heavy,3102,0,3.106,ECONNREFUSED
10943.3,heavy,3103,0,6.622,
10946.7,heavy,3101,0,5.326,
10950.0,heavy,3102,0,3.150,ECONNREFUSED
10953.3,heavy,3103,0,4.478,
10956.7,heavy,3101,0,4.515,
10960.0,heavy,3102,0,2.741,ECONNREFUSED
10963.3,heavy,3103,0,6.224,
10966.7,heavy,3101,0,5.173,
10970.0,heavy,3102,0,3.011,ECONNREFUSED
10973.3,heavy,3103,0,5.845,
10976.7,heavy,3101,0,5.171,
10980.0,heavy,3102,0,2.356,ECONNREFUSED
10983.3,heavy,3103,0,5.230,
10986.7,heavy,3101,0,4.373,
10990.0,heavy,3102,0,2.235,ECONNREFUSED
10993.3,heavy,3103,0,4.127,
10996.7,heavy,3101,0,8.104,
11000.0,light-3,3102,0,4.387,ECONNREFUSED
11000.0,light-5,3101,1,4.464,
11000.0,light-1,3103,1,6.282,
11000.0,light-2,3101,1,6.446,
11000.0,light-4,3103,0,7.569,
11000.0,heavy,3102,0,4.503,ECONNREFUSED
11003.3,heavy,3102,0,4.683,ECONNREFUSED
11006.7,heavy,3103,0,4.185,
11010.0,heavy,3101,0,4.503,
11013.3,heavy,3102,0,3.241,ECONNREFUSED
11016.7,heavy,3103,0,4.416,
11020.0,heavy,3101,0,4.761,
11023.3,heavy,3102,0,2.549,ECONNREFUSED
11026.7,heavy,3103,0,4.071,
11030.0,heavy,3101,0,4.451,
11033.3,heavy,3102,0,3.275,ECONNREFUSED
11036.7,heavy,3103,0,4.497,
11040.0,heavy,3101,0,4.184,
11043.3,heavy,3102,0,2.760,ECONNREFUSED
11046.7,heavy,3103,0,3.944,
11050.0,heavy,3101,0,4.744,
11053.3,heavy,3102,0,2.567,ECONNREFUSED
11056.7,heavy,3103,0,4.292,
11060.0,heavy,3101,0,4.892,
11063.3,heavy,3102,0,2.752,ECONNREFUSED
11066.7,heavy,3103,0,4.576,
11070.0,heavy,3101,0,4.159,
11073.3,heavy,3102,0,2.847,ECONNREFUSED
11076.7,heavy,3103,0,4.809,
11080.0,heavy,3101,0,3.969,
11083.3,heavy,3102,0,2.360,ECONNREFUSED
11086.7,heavy,3103,0,3.672,
11090.0,heavy,3101,0,4.035,
11093.3,heavy,3102,0,3.258,ECONNREFUSED
11096.7,heavy,3103,0,12.101,
11100.0,light-3,3103,1,3.338,
11100.0,light-1,3101,1,4.378,
11100.0,light-2,3102,0,5.724,ECONNREFUSED
11100.0,light-5,3102,0,6.415,ECONNREFUSED
11100.0,light-4,3101,0,8.035,
11100.0,heavy,3101,0,7.476,
11103.3,heavy,3102,0,5.813,ECONNREFUSED
11106.7,heavy,3103,0,6.099,
11110.0,heavy,3103,0,5.401,
11113.3,heavy,3101,0,5.680,
11116.7,heavy,3102,0,1.930,ECONNREFUSED
11120.0,heavy,3103,0,6.270,
11123.3,heavy,3101,0,4.721,
11126.7,heavy,3102,0,2.543,ECONNREFUSED
11130.0,heavy,3103,0,6.055,
11133.3,heavy,3101,0,5.029,
11136.7,heavy,3102,0,2.365,ECONNREFUSED
11140.0,heavy,3103,0,4.733,
11143.3,heavy,3101,0,4.690,
11146.7,heavy,3102,0,2.756,ECONNREFUSED
11150.0,heavy,3103,0,4.637,
11153.3,heavy,3101,0,4.182,
11156.7,heavy,3102,0,2.596,ECONNREFUSED
11160.0,heavy,3103,0,4.630,
11163.3,heavy,3101,0,3.870,
11166.7,heavy,3102,0,2.532,ECONNREFUSED
11170.0,heavy,3103,0,4.652,
11173.3,heavy,3101,0,3.516,
11176.7,heavy,3102,0,3.006,ECONNREFUSED
11180.0,heavy,3103,0,4.107,
11183.3,heavy,3101,0,3.836,
11186.7,heavy,3102,0,2.591,ECONNREFUSED
11190.0,heavy,3103,0,7.390,
11193.3,heavy,3101,0,8.882,
11196.7,heavy,3102,0,4.358,ECONNREFUSED
11200.0,light-1,3101,1,3.967,
11200.0,light-3,3103,1,5.212,
11200.0,light-2,3102,0,6.065,ECONNREFUSED
11200.0,light-5,3102,0,5.838,ECONNREFUSED
11200.0,light-4,3101,0,6.184,
11200.0,heavy,3103,0,7.979,
11203.3,heavy,3103,0,7.545,
11206.7,heavy,3101,0,5.886,
11210.0,heavy,3102,0,3.635,ECONNREFUSED
11213.3,heavy,3103,0,5.659,
11216.7,heavy,3101,0,5.693,
11220.0,heavy,3102,0,3.045,ECONNREFUSED
11223.3,heavy,3103,0,6.521,
11226.7,heavy,3101,0,6.258,
11230.0,heavy,3102,0,2.933,ECONNREFUSED
11233.3,heavy,3103,0,4.224,
11236.7,heavy,3101,0,4.647,
11240.0,heavy,3102,0,1.996,ECONNREFUSED
11243.3,heavy,3103,0,5.822,
11246.7,heavy,3101,0,4.911,
11250.0,heavy,3102,0,2.411,ECONNREFUSED
11253.3,heavy,3103,0,6.514,
11256.7,heavy,3101,0,5.068,
11260.0,heavy,3102,0,2.230,ECONNREFUSED
11263.3,heavy,3103,0,4.395,
11266.7,heavy,3101,0,4.768,
11270.0,heavy,3102,0,2.690,ECONNREFUSED
11273.3,heavy,3103,0,4.498,
11276.7,heavy,3101,0,4.464,
11280.0,heavy,3102,0,2.675,ECONNREFUSED
11283.3,heavy,3103,0,5.066,
11286.7,heavy,3101,0,4.261,
11290.0,heavy,3102,0,2.626,ECONNREFUSED
11293.3,heavy,3103,0,5.504,
11296.7,heavy,3101,0,9.350,
11300.0,light-5,3101,1,3.664,
11300.0,light-3,3102,0,5.137,ECONNREFUSED
11300.0,light-1,3103,1,7.501,
11300.0,light-2,3101,1,7.660,
11300.0,light-4,3103,0,9.693,
11300.0,heavy,3102,0,5.041,ECONNREFUSED
11303.3,heavy,3102,0,6.147,ECONNREFUSED
11306.7,heavy,3103,0,6.799,
11310.0,heavy,3101,0,5.293,
11313.3,heavy,3102,0,3.038,ECONNREFUSED
11316.7,heavy,3103,0,5.570,
11320.0,heavy,3101,0,5.170,
11323.3,heavy,3102,0,2.874,ECONNREFUSED
11326.7,heavy,3103,0,3.303,
11330.0,heavy,3101,0,3.816,
11333.3,heavy,3102,0,2.108,ECONNREFUSED
11336.7,heavy,3103,0,9.168,
11340.0,heavy,3101,0,5.067,
11343.3,heavy,3102,0,2.324,ECONNREFUSED
11346.7,heavy,3103,0,9.331,
11350.0,heavy,3101,0,4.442,
11353.3,heavy,3102,0,2.241,ECONNREFUSED
11356.7,heavy,3103,1,1.269,
11360.0,heavy,3101,0,4.574,
11363.3,heavy,3102,0,3.069,ECONNREFUSED
11366.7,heavy,3103,1,1.947,
11370.0,heavy,3101,0,4.066,
11373.3,heavy,3102,0,1.862,ECONNREFUSED
11376.7,heavy,3103,1,1.179,
11380.0,heavy,3101,0,10.767,
11383.3,heavy,3102,0,4.326,ECONNREFUSED
11386.7,heavy,3103,1,2.101,
11390.0,heavy,3101,0,12.046,
11393.3,heavy,3102,0,5.069,ECONNREFUSED
11396.7,heavy,3103,1,2.892,
11400.0,light-4,3103,1,4.074,
11400.0,light-5,3101,1,4.291,
11400.0,light-3,3102,0,5.687,ECONNREFUSED
11400.0,light-1,3103,1,6.940,
11400.0,light-2,3101,1,8.743,
11400.0,heavy,3101,1,7.208,
11403.3,heavy,3102,0,5.217,ECONNREFUSED
11406.7,heavy,3102,0,5.413,ECONNREFUSED
11410.0,heavy,3103,1,1.613,
11413.3,heavy,3101,1,4.276,
11416.7,heavy,3102,0,3.324,ECONNREFUSED
11420.0,heavy,3103,1,1.589,
11423.3,heavy,3101,1,4.494,
11426.7,heavy,3102,0,3.942,ECONNREFUSED
11430.0,heavy,3103,1,1.365,
11433.3,heavy,3101,1,4.022,
11436.7,heavy,3102,0,3.268,ECONNREFUSED
11440.0,heavy,3103,1,1.579,
11443.3,heavy,3101,1,2.860,
11446.7,heavy,3102,0,4.743,ECONNREFUSED
11450.0,heavy,3103,1,1.695,
11453.3,heavy,3101,1,3.880,
11456.7,heavy,3102,0,4.382,ECONNREFUSED
11460.0,heavy,3103,1,1.089,
11463.3,heavy,3101,1,3.929,
11466.7,heavy,3102,0,3.088,ECONNREFUSED
11470.0,heavy,3103,1,1.365,
11473.3,heavy,3101,1,3.946,
11476.7,heavy,3102,0,3.180,ECONNREFUSED
11480.0,heavy,3103,1,1.534,
11483.3,heavy,3101,1,3.276,
11486.7,heavy,3102,0,2.413,ECONNREFUSED
11490.0,heavy,3103,1,1.061,
11493.3,heavy,3101,1,7.359,
11496.7,heavy,3102,0,6.907,ECONNREFUSED
11500.0,light-3,3103,1,3.991,
11500.0,light-1,3101,1,5.038,
11500.0,light-2,3102,0,6.819,ECONNREFUSED
11500.0,light-4,3101,1,6.795,
11500.0,light-5,3102,0,6.905,ECONNREFUSED
11500.0,heavy,3103,1,3.373,
11503.3,heavy,3103,1,3.639,
11506.7,heavy,3101,1,2.792,
11510.0,heavy,3102,0,2.827,ECONNREFUSED
11513.3,heavy,3103,1,1.218,
11516.7,heavy,3101,1,3.067,
11520.0,heavy,3102,0,2.028,ECONNREFUSED
11523.3,heavy,3103,1,1.597,
11526.7,heavy,3101,1,4.290,
11530.0,heavy,3102,0,3.631,ECONNREFUSED
11533.3,heavy,3103,1,1.792,
11536.7,heavy,3101,1,3.740,
11540.0,heavy,3102,0,2.196,ECONNREFUSED
11543.3,heavy,3103,1,1.489,
11546.7,heavy,3101,1,3.465,
11550.0,heavy,3102,0,3.163,ECONNREFUSED
11553.3,heavy,3103,1,1.149,
11556.7,heavy,3101,1,3.591,
11560.0,heavy,3102,0,2.552,ECONNREFUSED
11563.3,heavy,3103,1,1.414,
11566.7,heavy,3101,1,3.214,
11570.0,heavy,3102,0,1.779,ECONNREFUSED
11573.3,heavy,3103,1,1.420,
11576.7,heavy,3101,1,3.069,
11580.0,heavy,3102,0,2.172,ECONNREFUSED
11583.3,heavy,3103,1,2.575,
11586.7,heavy,3101,1,4.264,
11590.0,heavy,3102,0,3.200,ECONNREFUSED
11593.3,heavy,3103,1,2.700,
11596.7,heavy,3101,1,4.000,
11600.0,light-5,3101,1,3.008,
11600.0,light-4,3103,1,3.285,
11600.0,light-2,3101,1,5.051,
11600.0,light-1,3103,1,5.279,
11600.0,light-3,3102,0,5.315,ECONNREFUSED
11600.0,heavy,3102,0,5.185,ECONNREFUSED
11603.3,heavy,3102,0,3.151,ECONNREFUSED
11606.7,heavy,3103,1,0.900,
11610.0,heavy,3101,1,2.228,
11613.3,heavy,3102,0,5.986,ECONNREFUSED
11616.7,heavy,3103,1,3.349,
11620.0,heavy,3101,1,4.705,
11623.3,heavy,3102,0,5.073,ECONNREFUSED
11626.7,heavy,3103,1,3.446,
11630.0,heavy,3101,1,4.050,
11633.3,heavy,3102,0,2.905,ECONNREFUSED
11636.7,heavy,3103,1,1.370,
11640.0,heavy,3101,1,2.862,
11643.3,heavy,3102,0,2.721,ECONNREFUSED
11646.7,heavy,3103,1,1.098,
11650.0,heavy,3101,1,3.546,
11653.3,heavy,3102,0,3.029,ECONNREFUSED
11656.7,heavy,3103,1,1.597,
11660.0,heavy,3101,1,2.718,
11663.3,heavy,3102,0,2.706,ECONNREFUSED
11666.7,heavy,3103,1,1.274,
11670.0,heavy,3101,1,3.624,
11673.3,heavy,3102,0,2.563,ECONNREFUSED
11676.7,heavy,3103,1,1.085,
11680.0,heavy,3101,1,4.438,
11683.3,heavy,3102,0,3.255,ECONNREFUSED
11686.7,heavy,3103,1,1.974,
11690.0,heavy,3101,1,3.876,
11693.3,heavy,3102,0,2.794,ECONNREFUSED
11696.7,heavy,3103,1,3.677,
11700.0,light-4,3103,1,4.293,
11700.0,light-5,3101,1,5.891,
11700.0,light-3,3102,0,6.575,ECONNREFUSED
11700.0,light-1,3103,1,7.141,
11700.0,light-2,3101,1,7.587,
11700.0,heavy,3101,1,7.330,
11703.3,heavy,3102,0,6.815,ECONNREFUSED
11706.7,heavy,3102,0,7.153,ECONNREFUSED
11710.0,heavy,3103,1,3.203,
11713.3,heavy,3101,1,3.242,
11716.7,heavy,3102,0,2.428,ECONNREFUSED
11720.0,heavy,3103,1,1.353,
11723.3,heavy,3101,1,4.825,
11726.7,heavy,3102,0,3.696,ECONNREFUSED
11730.0,heavy,3103,1,2.003,
11733.3,heavy,3101,1,5.026,
11736.7,heavy,3102,0,3.422,ECONNREFUSED
11740.0,heavy,3103,1,0.899,
11743.3,heavy,3101,1,4.871,
11746.7,heavy,3102,0,3.718,ECONNREFUSED
11750.0,heavy,3103,1,2.043,
11753.3,heavy,3101,1,3.863,
11756.7,heavy,3102,0,1.851,ECONNREFUSED
11760.0,heavy,3103,1,2.436,
11763.3,heavy,3101,1,4.057,
11766.7,heavy,3102,0,3.482,ECONNREFUSED
11770.0,heavy,3103,1,1.371,
11773.3,heavy,3101,1,4.723,
11776.7,heavy,3102,0,4.166,ECONNREFUSED
11780.0,heavy,3103,1,2.431,
11783.3,heavy,3101,1,5.203,
11786.7,heavy,3102,0,4.000,ECONNREFUSED
11790.0,heavy,3103,1,1.433,
11793.3,heavy,3101,1,7.696,
11796.7,heavy,3102,0,6.977,ECONNREFUSED
11800.0,light-1,3101,1,2.235,
11800.0,light-3,3103,1,4.143,
11800.0,light-4,3101,1,7.012,
11800.0,light-5,3102,0,7.293,ECONNREFUSED
11800.0,light-2,3102,0,8.968,ECONNREFUSED
11800.0,heavy,3103,1,2.591,
11803.3,heavy,3103,1,3.404,
11806.7,heavy,3101,1,3.484,
11810.0,heavy,3102,0,2.485,ECONNREFUSED
11813.3,heavy,3103,1,1.580,
11816.7,heavy,3101,1,4.882,
11820.0,heavy,3102,0,4.100,ECONNREFUSED
11823.3,heavy,3103,1,2.131,
11826.7,heavy,3101,1,4.999,
11830.0,heavy,3102,0,3.873,ECONNREFUSED
11833.3,heavy,3103,1,1.794,
11836.7,heavy,3101,1,4.099,
11840.0,heavy,3102,0,3.145,ECONNREFUSED
11843.3,heavy,3103,1,2.013,
11846.7,heavy,3101,1,3.023,
11850.0,heavy,3102,0,1.938,ECONNREFUSED
11853.3,heavy,3103,1,2.418,
11856.7,heavy,3101,1,3.997,
11860.0,heavy,3102,0,2.592,ECONNREFUSED
11863.3,heavy,3103,1,2.032,
11866.7,heavy,3101,1,4.048,
11870.0,heavy,3102,0,2.742,ECONNREFUSED
11873.3,heavy,3103,1,1.516,
11876.7,heavy,3101,1,3.964,
11880.0,heavy,3102,0,2.421,ECONNREFUSED
11883.3,heavy,3103,1,2.529,
11886.7,heavy,3101,1,4.055,
11890.0,heavy,3102,0,3.418,ECONNREFUSED
11893.3,heavy,3103,1,1.526,
11896.7,heavy,3101,1,9.354,
11900.0,light-2,3103,1,3.722,
11900.0,light-1,3102,0,5.890,ECONNREFUSED
11900.0,light-4,3102,0,6.410,ECONNREFUSED
11900.0,light-5,3103,1,7.786,
11900.0,light-3,3101,1,12.522,
11900.0,heavy,3102,0,6.617,ECONNREFUSED
11903.3,heavy,3103,1,3.193,
11906.7,heavy,3101,1,11.903,
11910.0,heavy,3101,1,12.526,
11913.3,heavy,3102,0,5.848,ECONNREFUSED
11916.7,heavy,3103,1,2.474,
11920.0,heavy,3101,1,4.150,
11923.3,heavy,3102,0,3.261,ECONNREFUSED
11926.7,heavy,3103,1,1.333,
11930.0,heavy,3101,1,3.337,
11933.3,heavy,3102,0,2.610,ECONNREFUSED
11936.7,heavy,3103,1,1.261,
11940.0,heavy,3101,1,4.616,
11943.3,heavy,3102,0,3.183,ECONNREFUSED
11946.7,heavy,3103,1,1.543,
11950.0,heavy,3101,1,5.450,
11953.3,heavy,3102,0,3.633,ECONNREFUSED
11956.7,heavy,3103,1,1.612,
11960.0,heavy,3101,1,4.036,
11963.3,heavy,3102,0,3.325,ECONNREFUSED
11966.7,heavy,3103,1,1.765,
11970.0,heavy,3101,1,3.151,
11973.3,heavy,3102,0,1.883,ECONNREFUSED
11976.7,heavy,3103,1,2.404,
11980.0,heavy,3101,1,3.844,
11983.3,heavy,3102,0,3.228,ECONNREFUSED
11986.7,heavy,3103,1,1.298,
11990.0,heavy,3101,1,8.201,
11993.3,heavy,3102,0,8.146,ECONNREFUSED
11996.7,heavy,3103,1,3.690,
12000.0,light-2,3103,1,3.736,
12000.0,light-5,3103,1,6.992,
12000.0,light-1,3102,0,7.973,ECONNREFUSED
12000.0,light-3,3101,1,7.923,
12000.0,light-4,3102,0,8.058,ECONNREFUSED
12000.0,heavy,3101,1,7.845,
12003.3,heavy,3101,1,6.763,
12006.7,heavy,3102,0,5.665,ECONNREFUSED
12010.0,heavy,3103,1,1.471,
12013.3,heavy,3101,1,2.762,
12016.7,heavy,3102,0,2.745,ECONNREFUSED
12020.0,heavy,3103,1,1.059,
12023.3,heavy,3101,1,3.442,
12026.7,heavy,3102,0,2.469,ECONNREFUSED
12030.0,heavy,3103,1,1.454,
12033.3,heavy,3101,1,2.638,
12036.7,heavy,3102,0,4.182,ECONNREFUSED
12040.0,heavy,3103,1,2.894,
12043.3,heavy,3101,1,4.168,
12046.7,heavy,3102,0,4.055,ECONNREFUSED
12050.0,heavy,3103,1,1.355,
12053.3,heavy,3101,1,3.958,
12056.7,heavy,3102,0,3.332,ECONNREFUSED
12060.0,heavy,3103,1,1.712,
12063.3,heavy,3101,1,3.429,
12066.7,heavy,3102,0,2.565,ECONNREFUSED
12070.0,heavy,3103,1,1.318,
12073.3,heavy,3101,1,3.677,
12076.7,heavy,3102,0,2.536,ECONNREFUSED
12080.0,heavy,3103,1,1.086,
12083.3,heavy,3101,1,4.090,
12086.7,heavy,3102,0,2.818,ECONNREFUSED
12090.0,heavy,3103,1,1.874,
12093.3,heavy,3101,1,3.576,
12096.7,heavy,3102,0,2.799,ECONNREFUSED
12100.0,light-4,3103,1,3.816,
12100.0,light-5,3101,1,4.925,
12100.0,light-3,3102,0,5.593,ECONNREFUSED
12100.0,light-1,3103,1,6.140,
12100.0,light-2,3101,1,7.692,
12100.0,heavy,3103,1,3.278,
12103.3,heavy,3101,1,6.234,
12106.7,heavy,3102,0,5.688,ECONNREFUSED
12110.0,heavy,3102,0,6.574,ECONNREFUSED
12113.3,heavy,3103,1,1.550,
12116.7,heavy,3101,1,3.533,
12120.0,heavy,3102,0,2.013,ECONNREFUSED
12123.3,heavy,3103,1,2.824,
12126.7,heavy,3101,1,4.629,
12130.0,heavy,3102,0,4.078,ECONNREFUSED
12133.3,heavy,3103,1,2.418,
12136.7,heavy,3101,1,5.065,
12140.0,heavy,3102,0,4.461,ECONNREFUSED
12143.3,heavy,3103,1,1.197,
12146.7,heavy,3101,1,3.575,
12150.0,heavy,3102,0,2.694,ECONNREFUSED
12153.3,heavy,3103,1,1.148,
12156.7,heavy,3101,1,5.586,
12160.0,heavy,3102,0,4.389,ECONNREFUSED
12163.3,heavy,3103,1,1.941,
12166.7,heavy,3101,1,5.621,
12170.0,heavy,3102,0,4.989,ECONNREFUSED
12173.3,heavy,3103,1,1.637,
12176.7,heavy,3101,1,4.482,
12180.0,heavy,3102,0,3.632,ECONNREFUSED
12183.3,heavy,3103,1,1.453,
12186.7,heavy,3101,1,3.203,
12190.0,heavy,3102,0,2.805,ECONNREFUSED
12193.3,heavy,3103,1,1.456,
12196.7,heavy,3101,1,4.206,
12200.0,light-4,3103,1,3.655,
12200.0,light-5,3101,1,4.624,
12200.0,light-3,3102,0,5.262,ECONNREFUSED
12200.0,light-2,3101,1,6.155,
12200.0,light-1,3103,1,6.478,
12200.0,heavy,3102,0,5.646,ECONNREFUSED
12203.3,heavy,3102,0,6.012,ECONNREFUSED
12206.7,heavy,3103,1,1.805,
12210.0,heavy,3101,1,3.394,
12213.3,heavy,3102,0,2.653,ECONNREFUSED
12216.7,heavy,3103,1,1.449,
12220.0,heavy,3101,1,3.743,
12223.3,heavy,3102,0,2.563,ECONNREFUSED
12226.7,heavy,3103,1,1.467,
12230.0,heavy,3101,1,3.793,
12233.3,heavy,3102,0,2.196,ECONNREFUSED
12236.7,heavy,3103,1,1.798,
12240.0,heavy,3101,1,3.543,
12243.3,heavy,3102,0,3.716,ECONNREFUSED
12246.7,heavy,3103,1,1.706,
12250.0,heavy,3101,1,3.064,
12253.3,heavy,3102,0,2.438,ECONNREFUSED
12256.7,heavy,3103,1,1.375,
12260.0,heavy,3101,1,3.829,
12263.3,heavy,3102,0,2.995,ECONNREFUSED
12266.7,heavy,3103,1,2.116,
12270.0,heavy,3101,1,3.934,
12273.3,heavy,3102,0,3.602,ECONNREFUSED
12276.7,heavy,3103,1,1.775,
12280.0,heavy,3101,1,3.021,
12283.3,heavy,3102,0,2.474,ECONNREFUSED
12286.7,heavy,3103,1,2.541,
12290.0,heavy,3101,1,4.016,
12293.3,heavy,3102,0,3.663,ECONNREFUSED
12296.7,heavy,3103,1,1.401,
12300.0,light-3,3103,1,4.833,
12300.0,light-1,3101,1,5.970,
12300.0,light-4,3101,1,7.519,
12300.0,light-2,3102,0,8.000,ECONNREFUSED
12300.0,light-5,3102,0,7.876,ECONNREFUSED
12300.0,heavy,3101,1,7.720,
12303.3,heavy,3102,0,7.981,ECONNREFUSED
12306.7,heavy,3103,1,4.025,
12310.0,heavy,3103,1,4.101,
12313.3,heavy,3101,1,3.134,
12316.7,heavy,3102,0,2.547,ECONNREFUSED
12320.0,heavy,3103,1,0.967,
12323.3,heavy,3101,1,3.186,
12326.7,heavy,3102,0,2.597,ECONNREFUSED
12330.0,heavy,3103,1,1.367,
12333.3,heavy,3101,1,4.546,
12336.7,heavy,3102,0,3.972,ECONNREFUSED
12340.0,heavy,3103,1,1.653,
12343.3,heavy,3101,1,2.896,
12346.7,heavy,3102,0,3.943,ECONNREFUSED
12350.0,heavy,3103,1,1.738,
12353.3,heavy,3101,1,3.875,
12356.7,heavy,3102,0,4.241,ECONNREFUSED
12360.0,heavy,3103,1,1.127,
12363.3,heavy,3101,1,5.851,
12366.7,heavy,3102,0,3.372,ECONNREFUSED
12370.0,heavy,3103,1,1.630,
12373.3,heavy,3101,1,3.736,
12376.7,heavy,3102,0,2.327,ECONNREFUSED
12380.0,heavy,3103,1,1.922,
12383.3,heavy,3101,1,2.929,
12386.7,heavy,3102,0,2.513,ECONNREFUSED
12390.0,heavy,3103,1,4.537,
12393.3,heavy,3101,0,8.481,
12396.7,heavy,3102,0,8.152,ECONNREFUSED
12400.0,light-3,3103,1,4.987,
12400.0,light-1,3101,1,6.191,
12400.0,light-2,3102,0,8.326,ECONNREFUSED
12400.0,light-4,3101,1,8.357,
12400.0,light-5,3102,0,8.542,ECONNREFUSED
12400.0,heavy,3103,1,5.026,
12403.3,heavy,3103,1,4.487,
12406.7,heavy,3101,0,3.288,
12410.0,heavy,3102,0,3.681,ECONNREFUSED
12413.3,heavy,3103,0,1.629,
12416.7,heavy,3101,1,3.190,
12420.0,heavy,3102,0,2.397,ECONNREFUSED
12423.3,heavy,3103,1,2.653,
12426.7,heavy,3101,1,4.341,
12430.0,heavy,3102,0,3.446,ECONNREFUSED
12433.3,heavy,3103,0,1.469,
12436.7,heavy,3101,0,3.062,
12440.0,heavy,3102,0,3.021,ECONNREFUSED
12443.3,heavy,3103,1,1.356,
12446.7,heavy,3101,0,2.985,
12450.0,heavy,3102,0,2.892,ECONNREFUSED
12453.3,heavy,3103,0,1.315,
12456.7,heavy,3101,1,3.772,
12460.0,heavy,3102,0,3.065,ECONNREFUSED
12463.3,heavy,3103,1,1.297,
12466.7,heavy,3101,0,5.126,
12470.0,heavy,3102,0,3.929,ECONNREFUSED
12473.3,heavy,3103,1,2.180,
12476.7,heavy,3101,0,4.856,
12480.0,heavy,3102,0,3.919,ECONNREFUSED
12483.3,heavy,3103,0,0.992,
12486.7,heavy,3101,1,3.630,
12490.0,heavy,3102,0,3.138,ECONNREFUSED
12493.3,heavy,3103,1,1.554,
12496.7,heavy,3101,0,3.213,
12500.0,light-5,3101,1,3.205,
12500.0,light-4,3103,1,4.823,
12500.0,light-2,3101,1,5.522,
12500.0,light-1,3103,1,5.727,
12500.0,light-3,3102,0,5.806,ECONNREFUSED
12500.0,heavy,3102,0,5.780,ECONNREFUSED
12503.3,heavy,3102,0,4.435,ECONNREFUSED
12506.7,heavy,3103,1,1.608,
12510.0,heavy,3101,1,4.003,
12513.3,heavy,3102,0,3.401,ECONNREFUSED
12516.7,heavy,3103,1,2.730,
12520.0,heavy,3101,0,4.336,
12523.3,heavy,3102,0,2.866,ECONNREFUSED
12526.7,heavy,3103,0,2.120,
12530.0,heavy,3101,0,2.754,
12533.3,heavy,3102,0,2.517,ECONNREFUSED
12536.7,heavy,3103,1,1.414,
12540.0,heavy,3101,0,3.666,
12543.3,heavy,3102,0,3.200,ECONNREFUSED
12546.7,heavy,3103,1,1.557,
12550.0,heavy,3101,1,4.454,
12553.3,heavy,3102,0,3.773,ECONNREFUSED
12556.7,heavy,3103,0,1.840,
12560.0,heavy,3101,0,2.547,
12563.3,heavy,3102,0,5.112,ECONNREFUSED
12566.7,heavy,3103,1,2.299,
12570.0,heavy,3101,0,4.219,
12573.3,heavy,3102,0,3.710,ECONNREFUSED
12576.7,heavy,3103,1,1.406,
12580.0,heavy,3101,1,3.718,
12583.3,heavy,3102,0,2.934,ECONNREFUSED
12586.7,heavy,3103,0,1.298,
12590.0,heavy,3101,0,2.886,
12593.3,heavy,3102,0,7.959,ECONNREFUSED
12596.7,heavy,3103,1,3.795,
12600.0,light-2,3103,1,3.621,
12600.0,light-5,3103,1,6.418,
12600.0,light-1,3102,0,7.371,ECONNREFUSED
12600.0,light-4,3102,0,7.200,ECONNREFUSED
12600.0,light-3,3101,1,8.236,
12600.0,heavy,3101,1,6.748,
12603.3,heavy,3101,0,6.457,
12606.7,heavy,3102,0,4.266,ECONNREFUSED
12610.0,heavy,3103,0,1.625,
12613.3,heavy,3101,1,3.691,
12616.7,heavy,3102,0,2.298,ECONNREFUSED
12620.0,heavy,3103,0,0.837,
12623.3,heavy,3101,0,3.957,
12626.7,heavy,3102,0,2.913,ECONNREFUSED
12630.0,heavy,3103,1,1.726,
12633.3,heavy,3101,1,3.008,
12636.7,heavy,3102,0,2.695,ECONNREFUSED
12640.0,heavy,3103,0,1.022,
12643.3,heavy,3101,1,3.375,
12646.7,heavy,3102,0,2.325,ECONNREFUSED
12650.0,heavy,3103,0,0.912,
12653.3,heavy,3101,1,5.026,
12656.7,heavy,3102,0,3.699,ECONNREFUSED
12660.0,heavy,3103,1,1.546,
12663.3,heavy,3101,0,4.186,
12666.7,heavy,3102,0,2.538,ECONNREFUSED
12670.0,heavy,3103,0,1.258,
12673.3,heavy,3101,1,4.055,
12676.7,heavy,3102,0,3.435,ECONNREFUSED
12680.0,heavy,3103,0,1.356,
12683.3,heavy,3101,1,3.965,
12686.7,heavy,3102,0,3.179,ECONNREFUSED
12690.0,heavy,3103,1,1.686,
12693.3,heavy,3101,0,6.474,
12696.7,heavy,3102,0,4.600,ECONNREFUSED
12700.0,light-1,3101,1,3.851,
12700.0,light-3,3103,1,3.754,
12700.0,light-4,3101,1,5.682,
12700.0,light-2,3102,0,6.527,ECONNREFUSED
12700.0,light-5,3102,0,6.370,ECONNREFUSED
12700.0,heavy,3103,0,3.849,
12703.3,heavy,3103,0,3.376,
12706.7,heavy,3101,1,3.427,
12710.0,heavy,3102,0,3.126,ECONNREFUSED
12713.3,heavy,3103,0,1.291,
12716.7,heavy,3101,1,3.903,
12720.0,heavy,3102,0,3.116,ECONNREFUSED
12723.3,heavy,3103,1,1.763,
12726.7,heavy,3101,0,3.256,
12730.0,heavy,3102,0,2.212,ECONNREFUSED
12733.3,heavy,3103,1,2.450,
12736.7,heavy,3101,0,3.923,
12740.0,heavy,3102,0,3.485,ECONNREFUSED
12743.3,heavy,3103,0,1.688,
12746.7,heavy,3101,1,4.646,
12750.0,heavy,3102,0,3.208,ECONNREFUSED
12753.3,heavy,3103,1,1.799,
12756.7,heavy,3101,0,3.687,
12760.0,heavy,3102,0,2.875,ECONNREFUSED
12763.3,heavy,3103,0,1.353,
12766.7,heavy,3101,1,3.981,
12770.0,heavy,3102,0,2.848,ECONNREFUSED
12773.3,heavy,3103,0,1.779,
12776.7,heavy,3101,1,4.686,
12780.0,heavy,3102,0,3.886,ECONNREFUSED
12783.3,heavy,3103,1,2.034,
12786.7,heavy,3101,0,5.026,
12790.0,heavy,3102,0,3.711,ECONNREFUSED
12793.3,heavy,3103,0,1.132,
12796.7,heavy,3101,1,7.542,
12800.0,light-4,3103,1,3.731,
12800.0,light-3,3102,0,4.604,ECONNREFUSED
12800.0,light-5,3101,1,4.626,
12800.0,light-1,3103,1,6.699,
12800.0,light-2,3101,1,7.118,
12800.0,heavy,3102,0,5.568,ECONNREFUSED
12803.3,heavy,3102,0,6.661,ECONNREFUSED
12806.7,heavy,3103,1,2.967,
12810.0,heavy,3101,0,3.440,
12813.3,heavy,3102,0,4.168,ECONNREFUSED
12816.7,heavy,3103,1,2.003,
12820.0,heavy,3101,1,4.976,
12823.3,heavy,3102,0,3.904,ECONNREFUSED
12826.7,heavy,3103,1,1.591,
12830.0,heavy,3101,0,4.891,
12833.3,heavy,3102,0,4.266,ECONNREFUSED
12836.7,heavy,3103,0,1.603,
12840.0,heavy,3101,0,4.105,
12843.3,heavy,3102,0,3.134,ECONNREFUSED
12846.7,heavy,3103,1,1.713,
12850.0,heavy,3101,0,3.254,
12853.3,heavy,3102,0,2.480,ECONNREFUSED
12856.7,heavy,3103,1,1.550,
12860.0,heavy,3101,1,3.284,
12863.3,heavy,3102,0,2.628,ECONNREFUSED
12866.7,heavy,3103,0,1.028,
12870.0,heavy,3101,0,4.193,
12873.3,heavy,3102,0,4.212,ECONNREFUSED
12876.7,heavy,3103,1,2.259,
12880.0,heavy,3101,0,4.034,
12883.3,heavy,3102,0,3.096,ECONNREFUSED
12886.7,heavy,3103,1,1.275,
12890.0,heavy,3101,1,3.777,
12893.3,heavy,3102,0,3.036,ECONNREFUSED
12896.7,heavy,3103,0,1.431,
12900.0,light-2,3103,1,3.290,
12900.0,light-1,3102,0,6.405,ECONNREFUSED
12900.0,light-5,3103,1,6.221,
12900.0,light-4,3102,0,6.579,ECONNREFUSED
12900.0,light-3,3101,1,8.346,
12900.0,heavy,3101,0,7.687,
12903.3,heavy,3102,0,6.584,ECONNREFUSED
12906.7,heavy,3103,1,3.368,
12910.0,heavy,3101,0,8.458,
12913.3,heavy,3101,1,6.147,
12916.7,heavy,3102,0,4.262,ECONNREFUSED
12920.0,heavy,3103,0,0.872,
12923.3,heavy,3101,1,4.873,
12926.7,heavy,3102,0,3.112,ECONNREFUSED
12930.0,heavy,3103,0,1.308,
12933.3,heavy,3101,1,3.201,
12936.7,heavy,3102,0,2.505,ECONNREFUSED
12940.0,heavy,3103,0,1.140,
12943.3,heavy,3101,1,5.426,
12946.7,heavy,3102,0,5.605,ECONNREFUSED
12950.0,heavy,3103,1,1.753,
12953.3,heavy,3101,0,5.378,
12956.7,heavy,3102,0,4.072,ECONNREFUSED
12960.0,heavy,3103,0,2.033,
12963.3,heavy,3101,1,3.830,
12966.7,heavy,3102,0,2.652,ECONNREFUSED
12970.0,heavy,3103,0,0.968,
12973.3,heavy,3101,1,6.485,
12976.7,heavy,3102,0,5.388,ECONNREFUSED
12980.0,heavy,3103,1,2.795,
12983.3,heavy,3101,0,6.402,
12986.7,heavy,3102,0,6.124,ECONNREFUSED
12990.0,heavy,3103,0,3.196,
12993.3,heavy,3101,1,15.946,
12996.7,heavy,3102,0,6.613,ECONNREFUSED
13000.0,light-2,3103,1,3.793,
13000.0,light-1,3102,0,5.252,ECONNREFUSED
13000.0,light-4,3102,0,5.608,ECONNREFUSED
13000.0,light-5,3103,1,6.821,
13000.0,light-3,3101,1,12.753,
13000.0,heavy,3103,1,2.984,
13003.3,heavy,3101,0,9.133,
13006.7,heavy,3101,0,11.053,
13010.0,heavy,3102,0,2.176,ECONNREFUSED
13013.3,heavy,3103,1,1.157,
13016.7,heavy,3101,0,10.850,
13020.0,heavy,3102,0,4.093,ECONNREFUSED
13023.3,heavy,3103,1,1.283,
13026.7,heavy,3101,0,4.990,
13030.0,heavy,3102,0,4.436,ECONNREFUSED
13033.3,heavy,3103,0,1.299,
13036.7,heavy,3101,1,4.283,
13040.0,heavy,3102,0,3.831,ECONNREFUSED
13043.3,heavy,3103,1,2.132,
13046.7,heavy,3101,0,4.693,
13050.0,heavy,3102,0,3.980,ECONNREFUSED
13053.3,heavy,3103,0,1.535,
13056.7,heavy,3101,1,4.331,
13060.0,heavy,3102,0,3.375,ECONNREFUSED
13063.3,heavy,3103,1,1.884,
13066.7,heavy,3101,0,3.631,
13070.0,heavy,3102,0,2.799,ECONNREFUSED
13073.3,heavy,3103,1,1.465,
13076.7,heavy,3101,0,3.296,
13080.0,heavy,3102,0,3.535,ECONNREFUSED
13083.3,heavy,3103,0,1.269,
13086.7,heavy,3101,1,5.756,
13090.0,heavy,3102,0,4.530,ECONNREFUSED
13093.3,heavy,3103,1,1.882,
13096.7,heavy,3101,0,6.513,
13100.0,light-4,3103,1,4.243,
13100.0,light-5,3101,1,5.555,
13100.0,light-2,3101,1,6.421,
13100.0,light-1,3103,1,6.720,
13100.0,light-3,3102,0,8.226,ECONNREFUSED
13100.0,heavy,3102,0,6.684,ECONNREFUSED
13103.3,heavy,3102,0,5.692,ECONNREFUSED
13106.7,heavy,3103,1,2.009,
13110.0,heavy,3101,0,3.386,
13113.3,heavy,3102,0,2.537,ECONNREFUSED
13116.7,heavy,3103,1,2.017,
13120.0,heavy,3101,0,3.553,
13123.3,heavy,3102,0,3.170,ECONNREFUSED
13126.7,heavy,3103,1,1.634,
13130.0,heavy,3101,0,2.764,
13133.3,heavy,3102,0,3.011,ECONNREFUSED
13136.7,heavy,3103,1,1.279,
13140.0,heavy,3101,1,3.285,
13143.3,heavy,3102,0,2.416,ECONNREFUSED
13146.7,heavy,3103,0,1.013,
13150.0,heavy,3101,0,3.605,
13153.3,heavy,3102,0,2.939,ECONNREFUSED
13156.7,heavy,3103,1,1.512,
13160.0,heavy,3101,0,3.041,
13163.3,heavy,3102,0,2.430,ECONNREFUSED
13166.7,heavy,3103,1,2.165,
13170.0,heavy,3101,1,3.140,
13173.3,heavy,3102,0,2.751,ECONNREFUSED
13176.7,heavy,3103,0,0.928,
13180.0,heavy,3101,0,4.672,
13183.3,heavy,3102,0,3.082,ECONNREFUSED
13186.7,heavy,3103,1,1.819,
13190.0,heavy,3101,0,4.236,
13193.3,heavy,3102,0,2.772,ECONNREFUSED
13196.7,heavy,3103,1,3.885,
13200.0,light-4,3103,1,4.627,
13200.0,light-5,3101,1,4.821,
13200.0,light-3,3102,0,6.390,ECONNREFUSED
13200.0,light-1,3103,1,7.508,
13200.0,light-2,3101,1,7.702,
13200.0,heavy,3101,1,7.324,
13203.3,heavy,3102,0,5.931,ECONNREFUSED
13206.7,heavy,3102,0,7.105,ECONNREFUSED
13210.0,heavy,3103,0,3.315,
13213.3,heavy,3101,1,3.217,
13216.7,heavy,3102,0,3.151,ECONNREFUSED
13220.0,heavy,3103,0,1.072,
13223.3,heavy,3101,1,5.619,
13226.7,heavy,3102,0,3.871,ECONNREFUSED
13230.0,heavy,3103,1,2.061,
13233.3,heavy,3101,0,5.138,
13236.7,heavy,3102,0,4.332,ECONNREFUSED
13240.0,heavy,3103,0,1.511,
13243.3,heavy,3101,0,4.350,
13246.7,heavy,3102,0,3.326,ECONNREFUSED
13250.0,heavy,3103,1,1.876,
13253.3,heavy,3101,1,3.342,
13256.7,heavy,3102,0,2.634,ECONNREFUSED
13260.0,heavy,3103,1,2.223,
13263.3,heavy,3101,0,3.727,
13266.7,heavy,3102,0,3.394,ECONNREFUSED
13270.0,heavy,3103,0,1.293,
13273.3,heavy,3101,1,4.467,
13276.7,heavy,3102,0,3.493,ECONNREFUSED
13280.0,heavy,3103,1,2.158,
13283.3,heavy,3101,0,3.531,
13286.7,heavy,3102,0,2.338,ECONNREFUSED
13290.0,heavy,3103,0,1.062,
13293.3,heavy,3101,1,3.978,
13296.7,heavy,3102,0,3.432,ECONNREFUSED
13300.0,light-1,3101,1,3.177,
13300.0,light-3,3103,1,2.972,
13300.0,light-4,3101,1,4.594,
13300.0,light-2,3102,0,5.127,ECONNREFUSED
13300.0,light-5,3102,0,4.921,ECONNREFUSED
13300.0,heavy,3103,0,3.205,
13303.3,heavy,3103,1,1.506,
13306.7,heavy,3101,0,3.967,
13310.0,heavy,3102,0,3.412,ECONNREFUSED
13313.3,heavy,3103,1,1.680,
13316.7,heavy,3101,0,2.861,
13320.0,heavy,3102,0,4.460,ECONNREFUSED
13323.3,heavy,3103,1,2.049,
13326.7,heavy,3101,0,3.572,
13330.0,heavy,3102,0,4.481,ECONNREFUSED
13333.3,heavy,3103,0,1.393,
13336.7,heavy,3101,1,4.109,
13340.0,heavy,3102,0,3.551,ECONNREFUSED
13343.3,heavy,3103,1,1.598,
13346.7,heavy,3101,0,3.346,
13350.0,heavy,3102,0,2.371,ECONNREFUSED
13353.3,heavy,3103,1,1.245,
13356.7,heavy,3101,0,3.014,
13360.0,heavy,3102,0,3.847,ECONNREFUSED
13363.3,heavy,3103,0,1.461,
13366.7,heavy,3101,1,3.867,
13370.0,heavy,3102,0,3.228,ECONNREFUSED
13373.3,heavy,3103,1,1.447,
13376.7,heavy,3101,0,3.454,
13380.0,heavy,3102,0,1.800,ECONNREFUSED
13383.3,heavy,3103,1,1.923,
13386.7,heavy,3101,0,3.416,
13390.0,heavy,3102,0,2.281,ECONNREFUSED
13393.3,heavy,3103,1,4.399,
13396.7,heavy,3101,0,7.544,
13400.0,light-3,3103,1,4.711,
13400.0,light-1,3101,1,5.887,
13400.0,light-4,3101,1,7.482,
13400.0,light-2,3102,0,8.403,ECONNREFUSED
13400.0,light-5,3102,0,8.317,ECONNREFUSED
13400.0,heavy,3102,0,7.824,ECONNREFUSED
13403.3,heavy,3103,1,4.002,
13406.7,heavy,3103,0,3.966,
13410.0,heavy,3101,1,3.388,
13413.3,heavy,3102,0,3.634,ECONNREFUSED
13416.7,heavy,3103,0,1.690,
13420.0,heavy,3101,0,3.255,
13423.3,heavy,3102,0,2.234,ECONNREFUSED
13426.7,heavy,3103,1,1.120,
13430.0,heavy,3101,0,3.621,
13433.3,heavy,3102,0,2.602,ECONNREFUSED
13436.7,heavy,3103,1,1.494,
13440.0,heavy,3101,0,3.590,
13443.3,heavy,3102,0,2.529,ECONNREFUSED
13446.7,heavy,3103,1,1.556,
13450.0,heavy,3101,0,3.448,
13453.3,heavy,3102,0,2.430,ECONNREFUSED
13456.7,heavy,3103,1,2.068,
13460.0,heavy,3101,0,2.973,
13463.3,heavy,3102,0,2.766,ECONNREFUSED
13466.7,heavy,3103,1,2.253,
13470.0,heavy,3101,0,2.112,
13473.3,heavy,3102,0,3.418,ECONNREFUSED
13476.7,heavy,3103,1,1.785,
13480.0,heavy,3101,1,3.386,
13483.3,heavy,3102,0,3.586,ECONNREFUSED
13486.7,heavy,3103,0,1.013,
13490.0,heavy,3101,0,6.138,
13493.3,heavy,3102,0,5.508,ECONNREFUSED
13496.7,heavy,3103,1,2.340,
13500.0,light-2,3103,1,2.518,
13500.0,light-5,3103,1,6.815,
13500.0,light-1,3102,0,7.882,ECONNREFUSED
13500.0,light-3,3101,1,7.794,
13500.0,light-4,3102,0,8.048,ECONNREFUSED
13500.0,heavy,3101,0,7.655,
13503.3,heavy,3101,1,5.661,
13506.7,heavy,3102,0,4.920,ECONNREFUSED
13510.0,heavy,3103,0,1.287,
13513.3,heavy,3101,1,3.943,
13516.7,heavy,3102,0,4.576,ECONNREFUSED
13520.0,heavy,3103,0,2.141,
13523.3,heavy,3101,0,5.158,
13526.7,heavy,3102,0,4.486,ECONNREFUSED
13530.0,heavy,3103,1,2.138,
13533.3,heavy,3101,1,3.518,
13536.7,heavy,3102,0,3.273,ECONNREFUSED
13540.0,heavy,3103,0,1.550,
13543.3,heavy,3101,1,3.668,
13546.7,heavy,3102,0,3.405,ECONNREFUSED
13550.0,heavy,3103,0,1.547,
13553.3,heavy,3101,0,3.926,
13556.7,heavy,3102,0,3.376,ECONNREFUSED
13560.0,heavy,3103,1,1.519,
13563.3,heavy,3101,1,3.337,
13566.7,heavy,3102,0,2.705,ECONNREFUSED
13570.0,heavy,3103,0,1.023,
13573.3,heavy,3101,1,3.447,
13576.7,heavy,3102,0,3.236,ECONNREFUSED
13580.0,heavy,3103,0,1.329,
13583.3,heavy,3101,1,3.290,
13586.7,heavy,3102,0,3.200,ECONNREFUSED
13590.0,heavy,3103,0,1.281,
13593.3,heavy,3101,1,10.506,
13596.7,heavy,3102,0,9.674,ECONNREFUSED
13600.0,light-4,3103,1,5.905,
13600.0,light-5,3101,1,8.244,
13600.0,light-1,3103,1,9.587,
13600.0,light-3,3102,0,9.711,ECONNREFUSED
13600.0,light-2,3101,1,12.383,
13600.0,heavy,3103,1,4.754,
13603.3,heavy,3101,0,11.122,
13606.7,heavy,3102,0,9.362,ECONNREFUSED
13610.0,heavy,3102,0,9.971,ECONNREFUSED
13613.3,heavy,3103,1,3.978,
13616.7,heavy,3101,0,3.736,
13620.0,heavy,3102,0,4.487,ECONNREFUSED
13623.3,heavy,3103,1,1.768,
13626.7,heavy,3101,0,4.166,
13630.0,heavy,3102,0,4.029,ECONNREFUSED
13633.3,heavy,3103,0,2.016,
13636.7,heavy,3101,1,3.576,
13640.0,heavy,3102,0,2.560,ECONNREFUSED
13643.3,heavy,3103,1,2.452,
13646.7,heavy,3101,0,4.019,
13650.0,heavy,3102,0,3.459,ECONNREFUSED
13653.3,heavy,3103,1,2.100,
13656.7,heavy,3101,0,2.993,
13660.0,heavy,3102,0,1.861,ECONNREFUSED
13663.3,heavy,3103,1,2.242,
13666.7,heavy,3101,0,3.980,
13670.0,heavy,3102,0,3.471,ECONNREFUSED
13673.3,heavy,3103,0,1.639,
13676.7,heavy,3101,1,4.400,
13680.0,heavy,3102,0,3.912,ECONNREFUSED
13683.3,heavy,3103,1,2.128,
13686.7,heavy,3101,0,5.076,
13690.0,heavy,3102,0,3.870,ECONNREFUSED
13693.3,heavy,3103,0,1.575,
13696.7,heavy,3101,1,5.617,
13700.0,light-4,3103,1,3.195,
13700.0,light-5,3101,1,4.146,
13700.0,light-3,3102,0,4.495,ECONNREFUSED
13700.0,light-1,3103,1,4.941,
13700.0,light-2,3101,1,5.838,
13700.0,heavy,3102,0,4.510,ECONNREFUSED
13703.3,heavy,3102,0,4.485,ECONNREFUSED
13706.7,heavy,3103,1,2.332,
13710.0,heavy,3101,0,3.118,
13713.3,heavy,3102,0,2.983,ECONNREFUSED
13716.7,heavy,3103,1,1.537,
13720.0,heavy,3101,0,2.505,
13723.3,heavy,3102,0,5.580,ECONNREFUSED
13726.7,heavy,3103,1,2.488,
13730.0,heavy,3101,1,4.647,
13733.3,heavy,3102,0,5.711,ECONNREFUSED
13736.7,heavy,3103,0,2.208,
13740.0,heavy,3101,0,3.669,
13743.3,heavy,3102,0,2.436,ECONNREFUSED
13746.7,heavy,3103,1,1.444,
13750.0,heavy,3101,0,3.131,
13753.3,heavy,3102,0,2.710,ECONNREFUSED
13756.7,heavy,3103,1,2.680,
13760.0,heavy,3101,1,3.839,
13763.3,heavy,3102,0,4.260,ECONNREFUSED
13766.7,heavy,3103,0,1.481,
13770.0,heavy,3101,0,4.363,
13773.3,heavy,3102,0,3.160,ECONNREFUSED
13776.7,heavy,3103,1,1.665,
13780.0,heavy,3101,0,4.322,
13783.3,heavy,3102,0,2.297,ECONNREFUSED
13786.7,heavy,3103,1,3.024,
13790.0,heavy,3101,1,4.847,
13793.3,heavy,3102,0,4.316,ECONNREFUSED
13796.7,heavy,3103,0,2.031,
13800.0,light-2,3103,1,4.307,
13800.0,light-5,3103,1,7.063,
13800.0,light-1,3102,0,7.809,ECONNREFUSED
13800.0,light-4,3102,0,7.790,ECONNREFUSED
13800.0,light-3,3101,1,9.542,
13800.0,heavy,3101,0,9.028,
13803.3,heavy,3102,0,7.623,ECONNREFUSED
13806.7,heavy,3103,1,3.596,
13810.0,heavy,3101,0,8.943,
13813.3,heavy,3101,1,7.504,
13816.7,heavy,3102,0,5.064,ECONNREFUSED
13820.0,heavy,3103,0,1.300,
13823.3,heavy,3101,1,3.674,
13826.7,heavy,3102,0,3.290,ECONNREFUSED
13830.0,heavy,3103,0,1.267,
13833.3,heavy,3101,0,3.843,
13836.7,heavy,3102,0,3.341,ECONNREFUSED
13840.0,heavy,3103,1,1.564,
13843.3,heavy,3101,1,2.783,
13846.7,heavy,3102,0,2.514,ECONNREFUSED
13850.0,heavy,3103,1,1.666,
13853.3,heavy,3101,0,3.848,
13856.7,heavy,3102,0,3.056,ECONNREFUSED
13860.0,heavy,3103,0,0.962,
13863.3,heavy,3101,0,4.027,
13866.7,heavy,3102,0,3.265,ECONNREFUSED
13870.0,heavy,3103,1,1.035,
13873.3,heavy,3101,1,3.359,
13876.7,heavy,3102,0,3.063,ECONNREFUSED
13880.0,heavy,3103,0,1.252,
13883.3,heavy,3101,1,4.119,
13886.7,heavy,3102,0,3.378,ECONNREFUSED
13890.0,heavy,3103,0,1.415,
13893.3,heavy,3101,1,7.059,
13896.7,heavy,3102,0,5.476,ECONNREFUSED
13900.0,light-2,3103,1,3.055,
13900.0,light-4,3102,0,5.003,ECONNREFUSED
13900.0,light-1,3102,0,6.181,ECONNREFUSED
13900.0,light-5,3103,1,6.380,
13900.0,light-3,3101,1,7.625,
13900.0,heavy,3103,1,3.175,
13903.3,heavy,3101,0,6.964,
13906.7,heavy,3101,0,6.094,
13910.0,heavy,3102,0,4.265,ECONNREFUSED
13913.3,heavy,3103,1,1.413,
13916.7,heavy,3101,0,3.378,
13920.0,heavy,3102,0,2.409,ECONNREFUSED
13923.3,heavy,3103,0,1.394,
13926.7,heavy,3101,1,2.877,
13930.0,heavy,3102,0,2.930,ECONNREFUSED
13933.3,heavy,3103,1,1.717,
13936.7,heavy,3101,0,2.836,
13940.0,heavy,3102,0,4.440,ECONNREFUSED
13943.3,heavy,3103,1,2.047,
13946.7,heavy,3101,0,4.085,
13950.0,heavy,3102,0,4.885,ECONNREFUSED
13953.3,heavy,3103,0,1.977,
13956.7,heavy,3101,1,3.397,
13960.0,heavy,3102,0,2.446,ECONNREFUSED
13963.3,heavy,3103,1,1.107,
13966.7,heavy,3101,0,2.685,
13970.0,heavy,3102,0,5.298,ECONNREFUSED
13973.3,heavy,3103,1,2.278,
13976.7,heavy,3101,0,4.485,
13980.0,heavy,3102,0,5.446,ECONNREFUSED
13983.3,heavy,3103,0,2.307,
13986.7,heavy,3101,1,2.835,
13990.0,heavy,3102,0,2.589,ECONNREFUSED
13993.3,heavy,3103,1,1.401,
13996.7,heavy,3101,0,2.563,
14000.0,light-4,3103,1,3.943,
14000.0,light-5,3101,1,4.023,
14000.0,light-2,3101,1,5.103,
14000.0,light-1,3103,1,5.306,
14000.0,light-3,3102,0,5.678,ECONNREFUSED
14000.0,heavy,3102,0,6.052,ECONNREFUSED
14003.3,heavy,3102,0,5.299,ECONNREFUSED
14006.7,heavy,3103,1,1.161,
14010.0,heavy,3101,1,3.706,
14013.3,heavy,3102,0,2.713,ECONNREFUSED
14016.7,heavy,3103,0,0.739,
14020.0,heavy,3101,0,4.250,
14023.3,heavy,3102,0,2.375,ECONNREFUSED
14026.7,heavy,3103,1,1.262,
14030.0,heavy,3101,0,4.442,
14033.3,heavy,3102,0,2.834,ECONNREFUSED
14036.7,heavy,3103,1,1.164,
14040.0,heavy,3101,1,3.465,
14043.3,heavy,3102,0,2.908,ECONNREFUSED
14046.7,heavy,3103,0,1.035,
14050.0,heavy,3101,0,5.851,
14053.3,heavy,3102,0,5.761,ECONNREFUSED
14056.7,heavy,3103,1,2.909,
14060.0,heavy,3101,0,6.058,
14063.3,heavy,3102,0,5.934,ECONNREFUSED
14066.7,heavy,3103,1,1.616,
14070.0,heavy,3101,1,4.370,
14073.3,heavy,3102,0,3.768,ECONNREFUSED
14076.7,heavy,3103,0,1.516,
14080.0,heavy,3101,0,3.142,
14083.3,heavy,3102,0,3.153,ECONNREFUSED
14086.7,heavy,3103,1,1.317,
14090.0,heavy,3101,0,3.210,
14093.3,heavy,3102,0,3.203,ECONNREFUSED
14096.7,heavy,3103,1,1.378,
14100.0,light-3,3103,1,3.635,
14100.0,light-1,3101,1,4.592,
14100.0,light-2,3102,0,6.350,ECONNREFUSED
14100.0,light-4,3101,1,6.290,
14100.0,light-5,3102,0,6.535,ECONNREFUSED
14100.0,heavy,3101,0,6.480,
14103.3,heavy,3102,0,6.504,ECONNREFUSED
14106.7,heavy,3103,1,3.102,
14110.0,heavy,3103,0,3.265,
14113.3,heavy,3101,1,2.761,
14116.7,heavy,3102,0,3.130,ECONNREFUSED
14120.0,heavy,3103,0,1.790,
14123.3,heavy,3101,1,3.132,
14126.7,heavy,3102,0,3.201,ECONNREFUSED
14130.0,heavy,3103,0,1.477,
14133.3,heavy,3101,1,3.789,
14136.7,heavy,3102,0,3.103,ECONNREFUSED
14140.0,heavy,3103,0,1.426,
14143.3,heavy,3101,1,4.118,
14146.7,heavy,3102,0,3.390,ECONNREFUSED
14150.0,heavy,3103,1,1.626,
14153.3,heavy,3101,0,4.562,
14156.7,heavy,3102,0,3.267,ECONNREFUSED
14160.0,heavy,3103,0,0.964,
14163.3,heavy,3101,0,3.137,
14166.7,heavy,3102,0,3.190,ECONNREFUSED
14170.0,heavy,3103,1,1.555,
14173.3,heavy,3101,1,2.986,
14176.7,heavy,3102,0,2.923,ECONNREFUSED
14180.0,heavy,3103,0,1.486,
14183.3,heavy,3101,1,3.357,
14186.7,heavy,3102,0,3.715,ECONNREFUSED
14190.0,heavy,3103,0,1.608,
14193.3,heavy,3101,0,6.567,
14196.7,heavy,3102,0,6.743,ECONNREFUSED
14200.0,light-3,3103,1,3.285,
14200.0,light-1,3101,1,4.348,
14200.0,light-4,3101,1,6.918,
14200.0,light-5,3102,0,7.169,ECONNREFUSED
14200.0,light-2,3102,0,7.572,ECONNREFUSED
14200.0,heavy,3103,1,3.417,
14203.3,heavy,3103,0,2.971,
14206.7,heavy,3101,1,3.283,
14210.0,heavy,3102,0,3.148,ECONNREFUSED
14213.3,heavy,3103,1,1.364,
14216.7,heavy,3101,0,2.993,
14220.0,heavy,3102,0,4.990,ECONNREFUSED
14223.3,heavy,3103,1,2.712,
14226.7,heavy,3101,0,5.324,
14230.0,heavy,3102,0,5.572,ECONNREFUSED
14233.3,heavy,3103,0,2.284,
14236.7,heavy,3101,1,2.912,
14240.0,heavy,3102,0,2.321,ECONNREFUSED
14243.3,heavy,3103,1,1.337,
14246.7,heavy,3101,0,2.340,
14250.0,heavy,3102,0,1.646,ECONNREFUSED
14253.3,heavy,3103,1,2.207,
14256.7,heavy,3101,0,2.807,
14260.0,heavy,3102,0,3.007,ECONNREFUSED
14263.3,heavy,3103,1,1.607,
14266.7,heavy,3101,0,2.580,
14270.0,heavy,3102,0,3.399,ECONNREFUSED
14273.3,heavy,3103,1,1.717,
14276.7,heavy,3101,0,3.223,
14280.0,heavy,3102,0,3.228,ECONNREFUSED
14283.3,heavy,3103,1,2.284,
14286.7,heavy,3101,0,4.114,
14290.0,heavy,3102,0,3.814,ECONNREFUSED
14293.3,heavy,3103,1,1.902,
14296.7,heavy,3101,0,2.784,
14300.0,light-5,3101,1,3.547,
14300.0,light-4,3103,1,3.736,
14300.0,light-1,3103,1,5.164,
14300.0,light-2,3101,1,5.228,
14300.0,light-3,3102,0,5.808,ECONNREFUSED
14300.0,heavy,3102,0,5.981,ECONNREFUSED
14303.3,heavy,3102,0,3.957,ECONNREFUSED
14306.7,heavy,3103,1,1.138,
14310.0,heavy,3101,1,5.144,
14313.3,heavy,3102,0,5.197,ECONNREFUSED
14316.7,heavy,3103,1,2.697,
14320.0,heavy,3101,0,5.089,
14323.3,heavy,3102,0,5.365,ECONNREFUSED
14326.7,heavy,3103,0,2.371,
14330.0,heavy,3101,0,2.810,
14333.3,heavy,3102,0,2.055,ECONNREFUSED
14336.7,heavy,3103,1,1.316,
14340.0,heavy,3101,0,3.532,
14343.3,heavy,3102,0,3.982,ECONNREFUSED
14346.7,heavy,3103,1,1.662,
14350.0,heavy,3101,1,3.421,
14353.3,heavy,3102,0,2.835,ECONNREFUSED
14356.7,heavy,3103,0,1.162,
14360.0,heavy,3101,0,5.352,
14363.3,heavy,3102,0,4.451,ECONNREFUSED
14366.7,heavy,3103,1,2.296,
14370.0,heavy,3101,1,6.512,
14373.3,heavy,3102,0,5.445,ECONNREFUSED
14376.7,heavy,3103,0,1.749,
14380.0,heavy,3101,0,4.094,
14383.3,heavy,3102,0,4.426,ECONNREFUSED
14386.7,heavy,3103,1,1.934,
14390.0,heavy,3101,0,3.178,
14393.3,heavy,3102,0,2.693,ECONNREFUSED
14396.7,heavy,3103,1,3.205,
14400.0,light-2,3103,1,2.826,
14400.0,light-1,3102,0,5.252,ECONNREFUSED
14400.0,light-4,3102,0,5.360,ECONNREFUSED
14400.0,light-5,3103,1,6.396,
14400.0,light-3,3101,1,7.839,
14400.0,heavy,3101,1,7.060,
14403.3,heavy,3101,0,6.393,
14406.7,heavy,3102,0,5.493,ECONNREFUSED
14410.0,heavy,3103,0,1.595,
14413.3,heavy,3101,1,3.623,
14416.7,heavy,3102,0,3.043,ECONNREFUSED
14420.0,heavy,3103,0,1.150,
14423.3,heavy,3101,1,4.818,
14426.7,heavy,3102,0,3.300,ECONNREFUSED
14430.0,heavy,3103,1,1.548,
14433.3,heavy,3101,0,5.563,
14436.7,heavy,3102,0,3.724,ECONNREFUSED
14440.0,heavy,3103,0,1.304,
14443.3,heavy,3101,1,3.386,
14446.7,heavy,3102,0,2.604,ECONNREFUSED
14450.0,heavy,3103,0,1.595,
14453.3,heavy,3101,1,6.159,
14456.7,heavy,3102,0,3.938,ECONNREFUSED
14460.0,heavy,3103,1,1.857,
14463.3,heavy,3101,0,6.000,
14466.7,heavy,3102,0,3.944,ECONNREFUSED
14470.0,heavy,3103,0,1.212,
14473.3,heavy,3101,0,3.679,
14476.7,heavy,3102,0,3.202,ECONNREFUSED
14480.0,heavy,3103,1,1.608,
14483.3,heavy,3101,1,2.367,
14486.7,heavy,3102,0,4.255,ECONNREFUSED
14490.0,heavy,3103,1,1.976,
14493.3,heavy,3101,0,3.300,
14496.7,heavy,3102,0,4.962,ECONNREFUSED
14500.0,light-1,3101,1,3.151,
14500.0,light-3,3103,1,3.087,
14500.0,light-4,3101,1,4.777,
14500.0,light-2,3102,0,5.473,ECONNREFUSED
14500.0,light-5,3102,0,5.417,ECONNREFUSED
14500.0,heavy,3103,0,3.160,
14503.3,heavy,3103,0,2.686,
14506.7,heavy,3101,1,3.130,
14510.0,heavy,3102,0,2.162,ECONNREFUSED
14513.3,heavy,3103,1,2.170,
14516.7,heavy,3101,0,3.982,
14520.0,heavy,3102,0,3.496,ECONNREFUSED
14523.3,heavy,3103,1,1.807,
14526.7,heavy,3101,0,4.442,
14530.0,heavy,3102,0,3.387,ECONNREFUSED
14533.3,heavy,3103,0,1.245,
14536.7,heavy,3101,1,4.221,
14540.0,heavy,3102,0,4.683,ECONNREFUSED
14543.3,heavy,3103,1,1.977,
14546.7,heavy,3101,0,3.152,
14550.0,heavy,3102,0,2.499,ECONNREFUSED
14553.3,heavy,3103,1,1.158,
14556.7,heavy,3101,0,2.348,
14560.0,heavy,3102,0,2.002,ECONNREFUSED
14563.3,heavy,3103,1,2.191,
14566.7,heavy,3101,0,3.721,
14570.0,heavy,3102,0,4.002,ECONNREFUSED
14573.3,heavy,3103,1,1.848,
14576.7,heavy,3101,0,2.957,
14580.0,heavy,3102,0,2.612,ECONNREFUSED
14583.3,heavy,3103,1,2.180,
14586.7,heavy,3101,0,3.311,
14590.0,heavy,3102,0,2.658,ECONNREFUSED
14593.3,heavy,3103,0,0.717,
14596.7,heavy,3101,1,7.756,
14600.0,light-3,3103,1,4.384,
14600.0,light-1,3101,1,4.745,
14600.0,light-4,3101,1,6.896,
14600.0,light-2,3102,0,7.587,ECONNREFUSED
14600.0,light-5,3102,0,7.464,ECONNREFUSED
14600.0,heavy,3102,0,7.901,ECONNREFUSED
14603.3,heavy,3103,1,4.507,
14606.7,heavy,3103,0,3.301,
14610.0,heavy,3101,0,4.956,
14613.3,heavy,3102,0,3.383,ECONNREFUSED
14616.7,heavy,3103,1,1.366,
14620.0,heavy,3101,0,3.128,
14623.3,heavy,3102,0,3.571,ECONNREFUSED
14626.7,heavy,3103,1,1.490,
14630.0,heavy,3101,0,4.157,
14633.3,heavy,3102,0,3.601,ECONNREFUSED
14636.7,heavy,3103,1,1.738,
14640.0,heavy,3101,0,3.108,
14643.3,heavy,3102,0,2.667,ECONNREFUSED
14646.7,heavy,3103,1,1.464,
14650.0,heavy,3101,0,3.362,
14653.3,heavy,3102,0,3.558,ECONNREFUSED
14656.7,heavy,3103,1,1.285,
14660.0,heavy,3101,0,3.459,
14663.3,heavy,3102,0,2.967,ECONNREFUSED
14666.7,heavy,3103,1,1.460,
14670.0,heavy,3101,0,3.259,
14673.3,heavy,3102,0,2.654,ECONNREFUSED
14676.7,heavy,3103,1,1.294,
14680.0,heavy,3101,1,3.994,
14683.3,heavy,3102,0,3.666,ECONNREFUSED
14686.7,heavy,3103,0,1.094,
14690.0,heavy,3101,0,4.728,
14693.3,heavy,3102,0,4.850,ECONNREFUSED
14696.7,heavy,3103,1,1.959,
14700.0,light-2,3103,1,3.756,
14700.0,light-5,3103,1,5.816,
14700.0,light-4,3102,0,6.226,ECONNREFUSED
14700.0,light-1,3102,0,6.830,ECONNREFUSED
14700.0,light-3,3101,1,7.889,
14700.0,heavy,3101,0,6.397,
14703.3,heavy,3101,1,5.170,
14706.7,heavy,3102,0,4.550,ECONNREFUSED
14710.0,heavy,3103,0,1.216,
14713.3,heavy,3101,1,3.391,
14716.7,heavy,3102,0,3.026,ECONNREFUSED
14720.0,heavy,3103,0,1.142,
14723.3,heavy,3101,1,3.782,
14726.7,heavy,3102,0,3.849,ECONNREFUSED
14730.0,heavy,3103,0,1.597,
14733.3,heavy,3101,1,3.125,
14736.7,heavy,3102,0,2.832,ECONNREFUSED
14740.0,heavy,3103,0,1.105,
14743.3,heavy,3101,1,3.416,
14746.7,heavy,3102,0,3.368,ECONNREFUSED
14750.0,heavy,3103,0,1.250,
14753.3,heavy,3101,0,3.774,
14756.7,heavy,3102,0,2.995,ECONNREFUSED
14760.0,heavy,3103,1,1.021,
14763.3,heavy,3101,1,6.007,
14766.7,heavy,3102,0,3.983,ECONNREFUSED
14770.0,heavy,3103,1,1.855,
14773.3,heavy,3101,0,5.602,
14776.7,heavy,3102,0,5.558,ECONNREFUSED
14780.0,heavy,3103,0,1.818,
14783.3,heavy,3101,0,3.424,
14786.7,heavy,3102,0,3.635,ECONNREFUSED
14790.0,heavy,3103,1,1.814,
14793.3,heavy,3101,1,4.418,
14796.7,heavy,3102,0,3.529,ECONNREFUSED
14800.0,light-1,3101,1,3.301,
14800.0,light-3,3103,1,3.250,
14800.0,light-4,3101,1,5.320,
14800.0,light-2,3102,0,5.831,ECONNREFUSED
14800.0,light-5,3102,0,5.787,ECONNREFUSED
14800.0,heavy,3103,0,3.278,
14803.3,heavy,3103,1,2.082,
14806.7,heavy,3101,0,3.599,
14810.0,heavy,3102,0,2.984,ECONNREFUSED
14813.3,heavy,3103,0,1.361,
14816.7,heavy,3101,1,4.209,
14820.0,heavy,3102,0,3.425,ECONNREFUSED
14823.3,heavy,3103,1,1.548,
14826.7,heavy,3101,0,4.884,
14830.0,heavy,3102,0,4.079,ECONNREFUSED
14833.3,heavy,3103,1,2.089,
14836.7,heavy,3101,0,6.226,
14840.0,heavy,3102,0,5.197,ECONNREFUSED
14843.3,heavy,3103,0,1.718,
14846.7,heavy,3101,1,3.565,
14850.0,heavy,3102,0,3.688,ECONNREFUSED
14853.3,heavy,3103,1,1.692,
14856.7,heavy,3101,0,2.950,
14860.0,heavy,3102,0,2.187,ECONNREFUSED
14863.3,heavy,3103,1,1.329,
14866.7,heavy,3101,0,2.969,
14870.0,heavy,3102,0,2.664,ECONNREFUSED
14873.3,heavy,3103,1,2.152,
14876.7,heavy,3101,0,3.249,
14880.0,heavy,3102,0,3.011,ECONNREFUSED
14883.3,heavy,3103,1,1.737,
14886.7,heavy,3101,0,2.098,
14890.0,heavy,3102,0,5.899,ECONNREFUSED
14893.3,heavy,3103,1,2.442,
14896.7,heavy,3101,0,5.029,
14900.0,light-4,3103,1,3.890,
14900.0,light-5,3101,1,4.755,
14900.0,light-1,3103,1,6.536,
14900.0,light-2,3101,1,6.590,
14900.0,light-3,3102,0,7.478,ECONNREFUSED
14900.0,heavy,3102,0,7.800,ECONNREFUSED
14903.3,heavy,3102,0,6.157,ECONNREFUSED
14906.7,heavy,3103,1,2.125,
14910.0,heavy,3101,0,2.870,
14913.3,heavy,3102,0,6.310,ECONNREFUSED
14916.7,heavy,3103,1,3.179,
14920.0,heavy,3101,0,6.161,
14923.3,heavy,3102,0,7.040,ECONNREFUSED
14926.7,heavy,3103,1,4.110,
14930.0,heavy,3101,0,5.839,
14933.3,heavy,3102,0,5.049,ECONNREFUSED
14936.7,heavy,3103,1,1.577,
14940.0,heavy,3101,1,4.315,
14943.3,heavy,3102,0,3.042,ECONNREFUSED
14946.7,heavy,3103,0,1.085,
14950.0,heavy,3101,0,3.655,
14953.3,heavy,3102,0,3.758,ECONNREFUSED
14956.7,heavy,3103,1,0.943,
14960.0,heavy,3101,0,3.913,
14963.3,heavy,3102,0,3.033,ECONNREFUSED
14966.7,heavy,3103,1,1.164,
14970.0,heavy,3101,1,3.955,
14973.3,heavy,3102,0,3.273,ECONNREFUSED
14976.7,heavy,3103,0,1.280,
14980.0,heavy,3101,0,4.909,
14983.3,heavy,3102,0,3.313,ECONNREFUSED
14986.7,heavy,3103,1,1.653,
14990.0,heavy,3101,0,5.839,
14993.3,heavy,3102,0,3.877,ECONNREFUSED
14996.7,heavy,3103,1,1.531,
15000.0,light-4,3103,1,3.761,
15000.0,light-5,3101,1,5.079,
15000.0,light-3,3102,0,5.398,ECONNREFUSED
15000.0,light-1,3103,1,5.811,
15000.0,light-2,3101,1,6.500,
15000.0,heavy,3101,1,6.781,
15003.3,heavy,3102,0,5.206,ECONNREFUSED
15006.7,heavy,3102,0,4.866,ECONNREFUSED
15010.0,heavy,3103,0,2.502,
15013.3,heavy,3101,0,4.519,
15016.7,heavy,3102,0,4.604,ECONNREFUSED
15020.0,heavy,3103,1,2.399,
15023.3,heavy,3101,1,4.178,
15026.7,heavy,3102,0,1.973,ECONNREFUSED
15030.0,heavy,3103,1,1.308,
15033.3,heavy,3101,0,3.181,
15036.7,heavy,3102,0,2.570,ECONNREFUSED
15040.0,heavy,3103,0,0.754,
15043.3,heavy,3101,1,4.497,
15046.7,heavy,3102,0,4.576,ECONNREFUSED
15050.0,heavy,3103,1,2.384,
15053.3,heavy,3101,0,3.959,
15056.7,heavy,3102,0,4.181,ECONNREFUSED
15060.0,heavy,3103,0,1.398,
15063.3,heavy,3101,1,4.271,
15066.7,heavy,3102,0,3.527,ECONNREFUSED
15070.0,heavy,3103,0,1.469,
15073.3,heavy,3101,1,4.030,
15076.7,heavy,3102,0,2.994,ECONNREFUSED
15080.0,heavy,3103,1,1.663,
15083.3,heavy,3101,0,4.082,
15086.7,heavy,3102,0,2.978,ECONNREFUSED
15090.0,heavy,3103,0,1.190,
15093.3,heavy,3101,1,5.381,
15096.7,heavy,3102,0,5.943,ECONNREFUSED
15100.0,light-3,3103,1,3.796,
15100.0,light-1,3101,1,4.104,
15100.0,light-4,3101,1,6.751,
15100.0,light-2,3102,0,7.389,ECONNREFUSED
15100.0,light-5,3102,0,7.469,ECONNREFUSED
15100.0,heavy,3103,0,4.033,
15103.3,heavy,3103,0,3.888,
15106.7,heavy,3101,1,2.870,
15110.0,heavy,3102,0,2.037,ECONNREFUSED
15113.3,heavy,3103,1,1.223,
15116.7,heavy,3101,0,3.959,
15120.0,heavy,3102,0,2.915,ECONNREFUSED
15123.3,heavy,3103,1,1.686,
15126.7,heavy,3101,0,4.312,
15130.0,heavy,3102,0,2.963,ECONNREFUSED
15133.3,heavy,3103,0,0.956,
15136.7,heavy,3101,1,3.728,
15140.0,heavy,3102,0,3.834,ECONNREFUSED
15143.3,heavy,3103,1,2.101,
15146.7,heavy,3101,0,4.283,
15150.0,heavy,3102,0,2.752,ECONNREFUSED
15153.3,heavy,3103,1,1.464,
15156.7,heavy,3101,0,3.443,
15160.0,heavy,3102,0,3.732,ECONNREFUSED
15163.3,heavy,3103,0,1.447,
15166.7,heavy,3101,1,4.829,
15170.0,heavy,3102,0,3.677,ECONNREFUSED
15173.3,heavy,3103,1,1.991,
15176.7,heavy,3101,0,3.415,
15180.0,heavy,3102,0,2.387,ECONNREFUSED
15183.3,heavy,3103,1,2.232,
15186.7,heavy,3101,0,3.188,
15190.0,heavy,3102,0,3.467,ECONNREFUSED
15193.3,heavy,3103,0,1.540,
15196.7,heavy,3101,1,6.474,
15200.0,light-2,3103,1,3.294,
15200.0,light-5,3103,1,5.651,
15200.0,light-1,3102,0,6.317,ECONNREFUSED
15200.0,light-4,3102,0,6.257,ECONNREFUSED
15200.0,light-3,3101,1,7.428,
15200.0,heavy,3102,0,5.966,ECONNREFUSED
15203.3,heavy,3103,1,3.395,
15206.7,heavy,3101,0,7.522,
15210.0,heavy,3101,0,5.864,
15213.3,heavy,3102,0,2.369,ECONNREFUSED
15216.7,heavy,3103,1,1.095,
15220.0,heavy,3101,0,3.784,
15223.3,heavy,3102,0,2.619,ECONNREFUSED
15226.7,heavy,3103,1,0.963,
15230.0,heavy,3101,0,2.906,
15233.3,heavy,3102,0,2.356,ECONNREFUSED
15236.7,heavy,3103,1,1.250,
15240.0,heavy,3101,0,2.770,
15243.3,heavy,3102,0,5.067,ECONNREFUSED
15246.7,heavy,3103,1,1.667,
15250.0,heavy,3101,1,4.196,
15253.3,heavy,3102,0,4.785,ECONNREFUSED
15256.7,heavy,3103,0,2.042,
15260.0,heavy,3101,0,3.706,
15263.3,heavy,3102,0,4.465,ECONNREFUSED
15266.7,heavy,3103,1,3.108,
15270.0,heavy,3101,0,2.853,
15273.3,heavy,3102,0,2.636,ECONNREFUSED
15276.7,heavy,3103,1,1.033,
15280.0,heavy,3101,1,3.319,
15283.3,heavy,3102,0,2.421,ECONNREFUSED
15286.7,heavy,3103,1,1.725,
15290.0,heavy,3101,0,4.061,
15293.3,heavy,3102,0,3.577,ECONNREFUSED
15296.7,heavy,3103,0,3.089,
15300.0,light-2,3103,1,3.517,
15300.0,light-5,3103,1,4.576,
15300.0,light-3,3101,1,5.204,
15300.0,light-1,3102,0,5.865,ECONNREFUSED
15300.0,light-4,3102,0,5.755,ECONNREFUSED
15300.0,heavy,3101,0,5.424,
15303.3,heavy,3101,1,3.894,
15306.7,heavy,3102,0,2.193,ECONNREFUSED
15310.0,heavy,3103,0,1.469,
15313.3,heavy,3101,1,3.502,
15316.7,heavy,3102,0,2.360,ECONNREFUSED
15320.0,heavy,3103,0,1.142,
15323.3,heavy,3101,0,3.068,
15326.7,heavy,3102,0,2.385,ECONNREFUSED
15330.0,heavy,3103,1,1.603,
15333.3,heavy,3101,1,4.611,
15336.7,heavy,3102,0,3.233,ECONNREFUSED
15340.0,heavy,3103,1,1.900,
15343.3,heavy,3101,0,5.097,
15346.7,heavy,3102,0,2.797,ECONNREFUSED
15350.0,heavy,3103,0,1.090,
15353.3,heavy,3101,0,3.754,
15356.7,heavy,3102,0,2.532,ECONNREFUSED
15360.0,heavy,3103,1,1.434,
15363.3,heavy,3101,1,2.982,
15366.7,heavy,3102,0,3.589,ECONNREFUSED
15370.0,heavy,3103,1,1.454,
15373.3,heavy,3101,0,4.075,
15376.7,heavy,3102,0,4.072,ECONNREFUSED
15380.0,heavy,3103,0,1.324,
15383.3,heavy,3101,0,4.380,
15386.7,heavy,3102,0,2.999,ECONNREFUSED
15390.0,heavy,3103,1,1.761,
15393.3,heavy,3101,1,4.017,
15396.7,heavy,3102,0,2.508,ECONNREFUSED
15400.0,light-1,3101,1,2.511,
15400.0,light-3,3103,1,3.145,
15400.0,light-5,3102,0,4.463,ECONNREFUSED
15400.0,light-4,3101,1,4.736,
15400.0,light-2,3102,0,5.787,ECONNREFUSED
15400.0,heavy,3103,0,1.931,
15403.3,heavy,3103,0,2.118,
15406.7,heavy,3101,1,5.624,
15410.0,heavy,3102,0,4.395,ECONNREFUSED
15413.3,heavy,3103,1,2.350,
15416.7,heavy,3101,0,5.402,
15420.0,heavy,3102,0,5.005,ECONNREFUSED
15423.3,heavy,3103,1,2.757,
15426.7,heavy,3101,0,3.408,
15430.0,heavy,3102,0,2.654,ECONNREFUSED
15433.3,heavy,3103,1,2.010,
15436.7,heavy,3101,0,3.857,
15440.0,heavy,3102,0,2.780,ECONNREFUSED
15443.3,heavy,3103,0,0.905,
15446.7,heavy,3101,1,3.430,
15450.0,heavy,3102,0,2.733,ECONNREFUSED
15453.3,heavy,3103,1,1.569,
15456.7,heavy,3101,0,4.052,
15460.0,heavy,3102,0,2.792,ECONNREFUSED
15463.3,heavy,3103,1,1.287,
15466.7,heavy,3101,0,4.258,
15470.0,heavy,3102,0,3.117,ECONNREFUSED
15473.3,heavy,3103,0,0.961,
15476.7,heavy,3101,1,4.412,
15480.0,heavy,3102,0,3.110,ECONNREFUSED
15483.3,heavy,3103,1,1.706,
15486.7,heavy,3101,0,4.221,
15490.0,heavy,3102,0,2.058,ECONNREFUSED
15493.3,heavy,3103,1,1.394,
15496.7,heavy,3101,0,4.072,
15500.0,light-4,3103,1,4.453,
15500.0,light-5,3101,1,4.551,
15500.0,light-3,3102,0,5.259,ECONNREFUSED
15500.0,light-2,3101,1,6.094,
15500.0,light-1,3103,1,6.324,
15500.0,heavy,3102,0,5.603,ECONNREFUSED
15503.3,heavy,3102,0,3.818,ECONNREFUSED
15506.7,heavy,3103,1,1.287,
15510.0,heavy,3101,1,3.231,
15513.3,heavy,3102,0,2.085,ECONNREFUSED
15516.7,heavy,3103,0,1.243,
15520.0,heavy,3101,0,5.169,
15523.3,heavy,3102,0,2.375,ECONNREFUSED
15526.7,heavy,3103,1,1.415,
15530.0,heavy,3101,0,5.403,
15533.3,heavy,3102,0,2.506,ECONNREFUSED
15536.7,heavy,3103,1,0.986,
15540.0,heavy,3101,1,3.669,
15543.3,heavy,3102,0,2.677,ECONNREFUSED
15546.7,heavy,3103,0,2.677,
15550.0,heavy,3101,0,3.855,
15553.3,heavy,3102,0,2.253,ECONNREFUSED
15556.7,heavy,3103,1,1.111,
15560.0,heavy,3101,0,4.863,
15563.3,heavy,3102,0,2.956,ECONNREFUSED
15566.7,heavy,3103,1,1.256,
15570.0,heavy,3101,1,2.992,
15573.3,heavy,3102,0,2.120,ECONNREFUSED
15576.7,heavy,3103,0,1.488,
15580.0,heavy,3101,0,3.857,
15583.3,heavy,3102,0,3.042,ECONNREFUSED
15586.7,heavy,3103,1,1.439,
15590.0,heavy,3101,0,4.782,
15593.3,heavy,3102,0,3.033,ECONNREFUSED
15596.7,heavy,3103,1,1.311,
15600.0,light-3,3103,1,2.520,
15600.0,light-2,3102,0,2.898,ECONNREFUSED
15600.0,light-1,3101,1,3.103,
15600.0,light-5,3102,0,4.481,ECONNREFUSED
15600.0,light-4,3101,1,5.623,
15600.0,heavy,3101,0,5.696,
15603.3,heavy,3102,0,5.193,ECONNREFUSED
15606.7,heavy,3103,1,1.458,
15610.0,heavy,3103,0,1.498,
15613.3,heavy,3101,0,3.621,
15616.7,heavy,3102,0,2.835,ECONNREFUSED
15620.0,heavy,3103,1,1.709,
15623.3,heavy,3101,0,2.928,
15626.7,heavy,3102,0,3.728,ECONNREFUSED
15630.0,heavy,3103,1,1.734,
15633.3,heavy,3101,1,8.888,
15636.7,heavy,3102,0,3.984,ECONNREFUSED
15640.0,heavy,3103,0,1.627,
15643.3,heavy,3101,1,2.885,
15646.7,heavy,3102,0,2.127,ECONNREFUSED
15650.0,heavy,3103,0,0.941,
15653.3,heavy,3101,1,4.286,
15656.7,heavy,3102,0,3.661,ECONNREFUSED
15660.0,heavy,3103,1,1.980,
15663.3,heavy,3101,0,4.164,
15666.7,heavy,3102,0,3.976,ECONNREFUSED
15670.0,heavy,3103,0,1.963,
15673.3,heavy,3101,1,4.758,
15676.7,heavy,3102,0,3.382,ECONNREFUSED
15680.0,heavy,3103,1,1.835,
15683.3,heavy,3101,0,4.973,
15686.7,heavy,3102,0,2.844,ECONNREFUSED
15690.0,heavy,3103,1,1.485,
15693.3,heavy,3101,0,4.134,
15696.7,heavy,3102,0,6.705,ECONNREFUSED
15700.0,light-3,3103,1,2.385,
15700.0,light-1,3101,1,4.459,
15700.0,light-4,3101,1,5.306,
15700.0,light-2,3102,0,5.726,ECONNREFUSED
15700.0,light-5,3102,0,6.037,ECONNREFUSED
15700.0,heavy,3103,0,1.956,
15703.3,heavy,3103,1,2.379,
15706.7,heavy,3101,0,3.216,
15710.0,heavy,3102,0,2.128,ECONNREFUSED
15713.3,heavy,3103,1,1.406,
15716.7,heavy,3101,0,5.068,
15720.0,heavy,3102,0,3.944,ECONNREFUSED
15723.3,heavy,3103,1,1.780,
15726.7,heavy,3101,0,5.144,
15730.0,heavy,3102,0,4.177,ECONNREFUSED
15733.3,heavy,3103,0,2.391,
15736.7,heavy,3101,1,4.267,
15740.0,heavy,3102,0,3.102,ECONNREFUSED
15743.3,heavy,3103,1,1.851,
15746.7,heavy,3101,0,4.118,
15750.0,heavy,3102,0,3.170,ECONNREFUSED
15753.3,heavy,3103,1,2.081,
15756.7,heavy,3101,0,3.180,
15760.0,heavy,3102,0,2.886,ECONNREFUSED
15763.3,heavy,3103,0,1.337,
15766.7,heavy,3101,1,4.565,
15770.0,heavy,3102,0,2.933,ECONNREFUSED
15773.3,heavy,3103,1,1.717,
15776.7,heavy,3101,0,5.418,
15780.0,heavy,3102,0,2.925,ECONNREFUSED
15783.3,heavy,3103,1,2.190,
15786.7,heavy,3101,0,3.858,
15790.0,heavy,3102,0,3.187,ECONNREFUSED
15793.3,heavy,3103,1,1.437,
15796.7,heavy,3101,0,9.910,
15800.0,light-2,3103,1,4.038,
15800.0,light-1,3102,0,6.069,ECONNREFUSED
15800.0,light-4,3102,0,8.660,ECONNREFUSED
15800.0,light-5,3103,1,9.328,
15800.0,light-3,3101,1,11.168,
15800.0,heavy,3102,0,6.147,ECONNREFUSED
15803.3,heavy,3103,1,2.499,
15806.7,heavy,3101,0,9.972,
15810.0,heavy,3101,0,10.517,
15813.3,heavy,3102,0,6.878,ECONNREFUSED
15816.7,heavy,3103,1,2.725,
15820.0,heavy,3101,0,3.618,
15823.3,heavy,3102,0,2.807,ECONNREFUSED
15826.7,heavy,3103,1,1.300,
15830.0,heavy,3101,0,3.501,
15833.3,heavy,3102,0,3.670,ECONNREFUSED
15836.7,heavy,3103,1,1.084,
15840.0,heavy,3101,0,2.806,
15843.3,heavy,3102,0,2.291,ECONNREFUSED
15846.7,heavy,3103,1,2.243,
15850.0,heavy,3101,1,3.981,
15853.3,heavy,3102,0,3.372,ECONNREFUSED
15856.7,heavy,3103,0,1.431,
15860.0,heavy,3101,0,5.810,
15863.3,heavy,3102,0,4.861,ECONNREFUSED
15866.7,heavy,3103,1,2.422,
15870.0,heavy,3101,0,5.481,
15873.3,heavy,3102,0,4.103,ECONNREFUSED
15876.7,heavy,3103,1,0.979,
15880.0,heavy,3101,1,3.713,
15883.3,heavy,3102,0,3.060,ECONNREFUSED
15886.7,heavy,3103,0,1.378,
15890.0,heavy,3101,1,6.737,
15893.3,heavy,3102,0,5.268,ECONNREFUSED
15896.7,heavy,3103,1,2.500,
15900.0,light-2,3103,1,3.009,
15900.0,light-1,3102,0,5.085,ECONNREFUSED
15900.0,light-4,3102,0,5.020,ECONNREFUSED
15900.0,light-5,3103,1,5.598,
15900.0,light-3,3101,1,8.070,
15900.0,heavy,3101,0,6.963,
15903.3,heavy,3101,0,7.161,
15906.7,heavy,3102,0,4.405,ECONNREFUSED
15910.0,heavy,3103,0,1.469,
15913.3,heavy,3101,1,3.634,
15916.7,heavy,3102,0,2.706,ECONNREFUSED
15920.0,heavy,3103,0,1.223,
15923.3,heavy,3101,1,4.293,
15926.7,heavy,3102,0,2.940,ECONNREFUSED
15930.0,heavy,3103,1,1.619,
15933.3,heavy,3101,0,4.962,
15936.7,heavy,3102,0,2.218,ECONNREFUSED
15940.0,heavy,3103,0,0.905,
15943.3,heavy,3101,0,3.770,
15946.7,heavy,3102,0,2.332,ECONNREFUSED
15950.0,heavy,3103,1,1.425,
15953.3,heavy,3101,1,3.056,
15956.7,heavy,3102,0,3.521,ECONNREFUSED
15960.0,heavy,3103,1,1.664,
15963.3,heavy,3101,0,3.466,
15966.7,heavy,3102,0,3.501,ECONNREFUSED
15970.0,heavy,3103,0,1.565,
15973.3,heavy,3101,0,4.221,
15976.7,heavy,3102,0,3.310,ECONNREFUSED
15980.0,heavy,3103,1,1.775,
15983.3,heavy,3101,1,4.183,
15986.7,heavy,3102,0,2.082,ECONNREFUSED
15990.0,heavy,3103,0,1.008,
15993.3,heavy,3101,1,4.600,
15996.7,heavy,3102,0,6.054,ECONNREFUSED
16000.0,light-1,3101,1,3.047,
16000.0,light-3,3103,1,5.202,
16000.0,light-4,3101,1,5.617,
16000.0,light-2,3102,0,6.027,ECONNREFUSED
16000.0,light-5,3102,0,6.671,ECONNREFUSED
16000.0,heavy,3103,0,2.257,
16003.3,heavy,3103,1,3.294,
16006.7,heavy,3101,0,3.182,
16010.0,heavy,3102,0,2.130,ECONNREFUSED
16013.3,heavy,3103,1,2.420,
16016.7,heavy,3101,0,4.019,
16020.0,heavy,3102,0,3.087,ECONNREFUSED
16023.3,heavy,3103,1,1.941,
16026.7,heavy,3101,0,4.670,
16030.0,heavy,3102,0,2.501,ECONNREFUSED
16033.3,heavy,3103,1,1.534,
16036.7,heavy,3101,1,3.685,
16040.0,heavy,3102,0,3.155,ECONNREFUSED
16043.3,heavy,3103,0,1.087,
16046.7,heavy,3101,0,4.138,
16050.0,heavy,3102,0,2.915,ECONNREFUSED
16053.3,heavy,3103,1,1.741,
16056.7,heavy,3101,0,4.478,
16060.0,heavy,3102,0,2.121,ECONNREFUSED
16063.3,heavy,3103,0,1.258,
16066.7,heavy,3101,1,4.090,
16070.0,heavy,3102,0,3.284,ECONNREFUSED
16073.3,heavy,3103,1,1.584,
16076.7,heavy,3101,0,3.614,
16080.0,heavy,3102,0,2.583,ECONNREFUSED
16083.3,heavy,3103,0,1.194,
16086.7,heavy,3101,1,3.722,
16090.0,heavy,3102,0,2.301,ECONNREFUSED
16093.3,heavy,3103,0,1.053,
16096.7,heavy,3101,1,5.483,
16100.0,light-3,3103,1,2.828,
16100.0,light-1,3101,1,3.758,
16100.0,light-2,3102,0,4.615,ECONNREFUSED
16100.0,light-4,3101,1,5.511,
16100.0,light-5,3102,0,5.709,ECONNREFUSED
16100.0,heavy,3102,0,5.443,ECONNREFUSED
16103.3,heavy,3103,1,1.955,
16106.7,heavy,3103,0,2.423,
16110.0,heavy,3101,0,2.624,
16113.3,heavy,3102,0,2.044,ECONNREFUSED
16116.7,heavy,3103,1,1.363,
16120.0,heavy,3101,0,2.877,
16123.3,heavy,3102,0,2.313,ECONNREFUSED
16126.7,heavy,3103,1,2.173,
16130.0,heavy,3101,1,3.356,
16133.3,heavy,3102,0,2.736,ECONNREFUSED
16136.7,heavy,3103,0,1.817,
16140.0,heavy,3101,0,3.708,
16143.3,heavy,3102,0,2.979,ECONNREFUSED
16146.7,heavy,3103,1,1.357,
16150.0,heavy,3101,0,4.109,
16153.3,heavy,3102,0,3.246,ECONNREFUSED
16156.7,heavy,3103,1,1.241,
16160.0,heavy,3101,0,3.522,
16163.3,heavy,3102,0,2.620,ECONNREFUSED
16166.7,heavy,3103,1,1.435,
16170.0,heavy,3101,0,2.623,
16173.3,heavy,3102,0,3.357,ECONNREFUSED
16176.7,heavy,3103,1,1.733,
16180.0,heavy,3101,1,3.550,
16183.3,heavy,3102,0,2.897,ECONNREFUSED
16186.7,heavy,3103,0,1.023,
16190.0,heavy,3101,0,3.910,
16193.3,heavy,3102,0,3.425,ECONNREFUSED
16196.7,heavy,3103,1,1.336,
16200.0,light-2,3103,1,2.609,
16200.0,light-1,3102,0,4.176,ECONNREFUSED
16200.0,light-5,3103,1,3.980,
16200.0,light-4,3102,0,4.301,ECONNREFUSED
16200.0,light-3,3101,1,4.632,
16200.0,heavy,3101,0,4.454,
16203.3,heavy,3101,1,2.860,
16206.7,heavy,3102,0,2.056,ECONNREFUSED
16210.0,heavy,3103,0,1.455,
16213.3,heavy,3101,1,2.853,
16216.7,heavy,3102,0,2.264,ECONNREFUSED
16220.0,heavy,3103,1,1.745,
16223.3,heavy,3101,0,3.669,
16226.7,heavy,3102,0,2.958,ECONNREFUSED
16230.0,heavy,3103,0,1.988,
16233.3,heavy,3101,0,3.089,
16236.7,heavy,3102,0,3.412,ECONNREFUSED
16240.0,heavy,3103,1,1.598,
16243.3,heavy,3101,1,3.451,
16246.7,heavy,3102,0,3.004,ECONNREFUSED
16250.0,heavy,3103,0,1.316,
16253.3,heavy,3101,0,3.712,
16256.7,heavy,3102,0,2.578,ECONNREFUSED
16260.0,heavy,3103,1,1.430,
16263.3,heavy,3101,1,3.017,
16266.7,heavy,3102,0,1.973,ECONNREFUSED
16270.0,heavy,3103,1,1.166,
16273.3,heavy,3101,0,3.011,
16276.7,heavy,3102,0,2.309,ECONNREFUSED
16280.0,heavy,3103,1,2.245,
16283.3,heavy,3101,0,3.947,
16286.7,heavy,3102,0,2.758,ECONNREFUSED
16290.0,heavy,3103,0,1.772,
16293.3,heavy,3101,1,3.347,
16296.7,heavy,3102,0,4.605,ECONNREFUSED
16300.0,light-4,3103,1,3.529,
16300.0,light-5,3101,1,3.567,
16300.0,light-3,3102,0,4.071,ECONNREFUSED
16300.0,light-1,3103,1,4.360,
16300.0,light-2,3101,1,4.626,
16300.0,heavy,3103,1,2.485,
16303.3,heavy,3101,0,4.467,
16306.7,heavy,3102,0,4.215,ECONNREFUSED
16310.0,heavy,3102,0,2.155,ECONNREFUSED
16313.3,heavy,3103,1,2.241,
16316.7,heavy,3101,0,3.317,
16320.0,heavy,3102,0,2.983,ECONNREFUSED
16323.3,heavy,3103,1,2.517,
16326.7,heavy,3101,0,4.993,
16330.0,heavy,3102,0,3.215,ECONNREFUSED
16333.3,heavy,3103,1,1.519,
16336.7,heavy,3101,0,5.475,
16340.0,heavy,3102,0,3.138,ECONNREFUSED
16343.3,heavy,3103,1,1.011,
16346.7,heavy,3101,0,3.824,
16350.0,heavy,3102,0,3.085,ECONNREFUSED
16353.3,heavy,3103,1,1.563,
16356.7,heavy,3101,0,3.481,
16360.0,heavy,3102,0,2.302,ECONNREFUSED
16363.3,heavy,3103,1,1.414,
16366.7,heavy,3101,0,3.120,
16370.0,heavy,3102,0,2.548,ECONNREFUSED
16373.3,heavy,3103,1,2.222,
16376.7,heavy,3101,0,3.745,
16380.0,heavy,3102,0,3.115,ECONNREFUSED
16383.3,heavy,3103,1,2.559,
16386.7,heavy,3101,0,3.464,
16390.0,heavy,3102,0,2.414,ECONNREFUSED
16393.3,heavy,3103,1,3.138,
16396.7,heavy,3101,1,5.995,
16400.0,light-4,3103,1,3.566,
16400.0,light-5,3101,1,4.190,
16400.0,light-3,3102,0,4.847,ECONNREFUSED
16400.0,light-1,3103,1,5.812,
16400.0,light-2,3101,1,6.559,
16400.0,heavy,3102,0,4.995,ECONNREFUSED
16403.3,heavy,3102,0,5.145,ECONNREFUSED
16406.7,heavy,3103,0,1.576,
16410.0,heavy,3101,0,3.685,
16413.3,heavy,3102,0,2.626,ECONNREFUSED
16416.7,heavy,3103,1,1.631,
16420.0,heavy,3101,0,2.779,
16423.3,heavy,3102,0,3.734,ECONNREFUSED
16426.7,heavy,3103,1,1.918,
16430.0,heavy,3101,1,3.695,
16433.3,heavy,3102,0,3.587,ECONNREFUSED
16436.7,heavy,3103,0,1.012,
16440.0,heavy,3101,0,3.960,
16443.3,heavy,3102,0,3.051,ECONNREFUSED
16446.7,heavy,3103,1,1.745,
16450.0,heavy,3101,0,2.945,
16453.3,heavy,3102,0,2.205,ECONNREFUSED
16456.7,heavy,3103,1,3.018,
16460.0,heavy,3101,1,4.338,
16463.3,heavy,3102,0,3.354,ECONNREFUSED
16466.7,heavy,3103,0,1.715,
16470.0,heavy,3101,0,3.655,
16473.3,heavy,3102,0,2.684,ECONNREFUSED
16476.7,heavy,3103,1,1.596,
16480.0,heavy,3101,0,3.391,
16483.3,heavy,3102,0,3.966,ECONNREFUSED
16486.7,heavy,3103,1,1.845,
16490.0,heavy,3101,1,3.921,
16493.3,heavy,3102,0,4.647,ECONNREFUSED
16496.7,heavy,3103,0,1.841,
16500.0,light-2,3103,1,1.767,
16500.0,light-1,3102,0,3.571,ECONNREFUSED
16500.0,light-4,3102,0,3.825,ECONNREFUSED
16500.0,light-5,3103,1,4.734,
16500.0,light-3,3101,1,7.402,
16500.0,heavy,3101,0,5.431,
16503.3,heavy,3101,1,5.728,
16506.7,heavy,3102,0,2.216,ECONNREFUSED
16510.0,heavy,3103,0,1.020,
16513.3,heavy,3101,1,5.855,
16516.7,heavy,3102,0,4.097,ECONNREFUSED
16520.0,heavy,3103,1,1.651,
16523.3,heavy,3101,0,5.493,
16526.7,heavy,3102,0,5.572,ECONNREFUSED
16530.0,heavy,3103,0,1.549,
16533.3,heavy,3101,0,3.807,
16536.7,heavy,3102,0,3.089,ECONNREFUSED
16540.0,heavy,3103,1,1.499,
16543.3,heavy,3101,1,3.202,
16546.7,heavy,3102,0,1.850,ECONNREFUSED
16550.0,heavy,3103,1,1.171,
16553.3,heavy,3101,0,2.942,
16556.7,heavy,3102,0,2.331,ECONNREFUSED
16560.0,heavy,3103,0,1.019,
16563.3,heavy,3101,0,3.795,
16566.7,heavy,3102,0,3.292,ECONNREFUSED
16570.0,heavy,3103,1,1.597,
16573.3,heavy,3101,1,2.831,
16576.7,heavy,3102,0,2.012,ECONNREFUSED
16580.0,heavy,3103,1,2.070,
16583.3,heavy,3101,0,3.917,
16586.7,heavy,3102,0,3.112,ECONNREFUSED
16590.0,heavy,3103,0,1.629,
16593.3,heavy,3101,1,7.836,
16596.7,heavy,3102,0,6.034,ECONNREFUSED
16600.0,light-2,3103,1,3.081,
16600.0,light-1,3102,0,5.483,ECONNREFUSED
16600.0,light-4,3102,0,6.685,ECONNREFUSED
16600.0,light-5,3103,1,6.847,
16600.0,light-3,3101,1,7.657,
16600.0,heavy,3103,1,2.378,
16603.3,heavy,3101,0,7.471,
16606.7,heavy,3101,0,6.260,
16610.0,heavy,3102,0,3.117,ECONNREFUSED
16613.3,heavy,3103,1,1.074,
16616.7,heavy,3101,0,3.049,
16620.0,heavy,3102,0,3.073,ECONNREFUSED
16623.3,heavy,3103,0,1.264,
16626.7,heavy,3101,1,2.812,
16630.0,heavy,3102,0,2.258,ECONNREFUSED
16633.3,heavy,3103,1,1.313,
16636.7,heavy,3101,0,4.855,
16640.0,heavy,3102,0,3.668,ECONNREFUSED
16643.3,heavy,3103,1,1.655,
16646.7,heavy,3101,0,4.624,
16650.0,heavy,3102,0,3.582,ECONNREFUSED
16653.3,heavy,3103,1,1.193,
16656.7,heavy,3101,0,3.819,
16660.0,heavy,3102,0,2.558,ECONNREFUSED
16663.3,heavy,3103,1,1.435,
16666.7,heavy,3101,0,2.944,
16670.0,heavy,3102,0,2.007,ECONNREFUSED
16673.3,heavy,3103,1,1.360,
16676.7,heavy,3101,0,2.947,
16680.0,heavy,3102,0,2.861,ECONNREFUSED
16683.3,heavy,3103,1,2.415,
16686.7,heavy,3101,0,3.855,
16690.0,heavy,3102,0,3.155,ECONNREFUSED
16693.3,heavy,3103,1,2.026,
16696.7,heavy,3101,0,2.770,
16700.0,light-4,3103,1,2.968,
16700.0,light-5,3101,1,3.534,
16700.0,light-3,3102,0,4.108,ECONNREFUSED
16700.0,light-1,3103,1,5.214,
16700.0,light-2,3101,1,5.268,
16700.0,heavy,3102,0,3.931,ECONNREFUSED
16703.3,heavy,3102,0,3.238,ECONNREFUSED
16706.7,heavy,3103,1,1.286,
16710.0,heavy,3101,0,3.157,
16713.3,heavy,3102,0,2.171,ECONNREFUSED
16716.7,heavy,3103,1,2.290,
16720.0,heavy,3101,1,4.338,
16723.3,heavy,3102,0,3.162,ECONNREFUSED
16726.7,heavy,3103,0,1.405,
16730.0,heavy,3101,0,3.760,
16733.3,heavy,3102,0,2.636,ECONNREFUSED
16736.7,heavy,3103,1,1.464,
16740.0,heavy,3101,1,3.523,
16743.3,heavy,3102,0,2.586,ECONNREFUSED
16746.7,heavy,3103,0,1.238,
16750.0,heavy,3101,0,4.035,
16753.3,heavy,3102,0,2.912,ECONNREFUSED
16756.7,heavy,3103,1,1.764,
16760.0,heavy,3101,0,2.857,
16763.3,heavy,3102,0,2.830,ECONNREFUSED
16766.7,heavy,3103,1,2.195,
16770.0,heavy,3101,1,3.922,
16773.3,heavy,3102,0,3.300,ECONNREFUSED
16776.7,heavy,3103,0,1.462,
16780.0,heavy,3101,0,3.988,
16783.3,heavy,3102,0,2.891,ECONNREFUSED
16786.7,heavy,3103,1,1.672,
16790.0,heavy,3101,0,4.041,
16793.3,heavy,3102,0,2.351,ECONNREFUSED
16796.7,heavy,3103,1,1.164,
16800.0,light-4,3103,1,4.071,
16800.0,light-3,3102,0,4.542,ECONNREFUSED
16800.0,light-5,3101,1,5.447,
16800.0,light-1,3103,1,6.409,
16800.0,light-2,3101,1,8.205,
16800.0,heavy,3101,1,7.839,
16803.3,heavy,3102,0,6.289,ECONNREFUSED
16806.7,heavy,3102,0,7.161,ECONNREFUSED
16810.0,heavy,3103,0,3.114,
16813.3,heavy,3101,1,2.952,
16816.7,heavy,3102,0,2.267,ECONNREFUSED
16820.0,heavy,3103,0,1.157,
16823.3,heavy,3101,1,5.218,
16826.7,heavy,3102,0,4.471,ECONNREFUSED
16830.0,heavy,3103,1,2.416,
16833.3,heavy,3101,0,5.844,
16836.7,heavy,3102,0,5.080,ECONNREFUSED
16840.0,heavy,3103,0,1.835,
16843.3,heavy,3101,1,3.751,
16846.7,heavy,3102,0,2.400,ECONNREFUSED
16850.0,heavy,3103,1,1.698,
16853.3,heavy,3101,0,3.557,
16856.7,heavy,3102,0,2.301,ECONNREFUSED
16860.0,heavy,3103,1,2.027,
16863.3,heavy,3101,0,3.046,
16866.7,heavy,3102,0,2.711,ECONNREFUSED
16870.0,heavy,3103,0,1.265,
16873.3,heavy,3101,1,4.277,
16876.7,heavy,3102,0,3.007,ECONNREFUSED
16880.0,heavy,3103,1,1.591,
16883.3,heavy,3101,0,4.310,
16886.7,heavy,3102,0,2.542,ECONNREFUSED
16890.0,heavy,3103,0,0.956,
16893.3,heavy,3101,1,4.650,
16896.7,heavy,3102,0,3.752,ECONNREFUSED
16900.0,light-3,3103,1,2.671,
16900.0,light-1,3101,1,4.065,
16900.0,light-4,3101,1,4.627,
16900.0,light-2,3102,0,5.174,ECONNREFUSED
16900.0,light-5,3102,0,5.798,ECONNREFUSED
16900.0,heavy,3103,0,2.047,
16903.3,heavy,3103,1,1.898,
16906.7,heavy,3101,0,2.912,
16910.0,heavy,3102,0,3.302,ECONNREFUSED
16913.3,heavy,3103,1,1.796,
16916.7,heavy,3101,0,2.987,
16920.0,heavy,3102,0,2.238,ECONNREFUSED
16923.3,heavy,3103,1,2.453,
16926.7,heavy,3101,1,3.722,
16930.0,heavy,3102,0,3.104,ECONNREFUSED
16933.3,heavy,3103,0,1.405,
16936.7,heavy,3101,0,4.646,
16940.0,heavy,3102,0,2.842,ECONNREFUSED
16943.3,heavy,3103,1,1.502,
16946.7,heavy,3101,0,4.787,
16950.0,heavy,3102,0,2.461,ECONNREFUSED
16953.3,heavy,3103,1,2.166,
16956.7,heavy,3101,0,3.269,
16960.0,heavy,3102,0,2.844,ECONNREFUSED
16963.3,heavy,3103,1,1.207,
16966.7,heavy,3101,0,4.531,
16970.0,heavy,3102,0,2.903,ECONNREFUSED
16973.3,heavy,3103,1,2.340,
16976.7,heavy,3101,0,4.351,
16980.0,heavy,3102,0,3.146,ECONNREFUSED
16983.3,heavy,3103,1,2.251,
16986.7,heavy,3101,0,4.106,
16990.0,heavy,3102,0,3.633,ECONNREFUSED
16993.3,heavy,3103,1,1.810,
16996.7,heavy,3101,0,3.123,
17000.0,light-5,3101,1,2.430,
17000.0,light-4,3103,1,2.640,
17000.0,light-3,3102,0,3.053,ECONNREFUSED
17000.0,light-2,3101,1,4.067,
17000.0,light-1,3103,1,4.275,
17000.0,heavy,3102,0,2.695,ECONNREFUSED
17003.3,heavy,3102,0,2.172,ECONNREFUSED
17006.7,heavy,3103,1,1.151,
17010.0,heavy,3101,0,3.526,
17013.3,heavy,3102,0,1.905,ECONNREFUSED
17016.7,heavy,3103,1,1.995,
17020.0,heavy,3101,1,2.912,
17023.3,heavy,3102,0,2.619,ECONNREFUSED
17026.7,heavy,3103,0,1.072,
17030.0,heavy,3101,0,4.277,
17033.3,heavy,3102,0,3.052,ECONNREFUSED
17036.7,heavy,3103,1,1.382,
17040.0,heavy,3101,1,4.624,
17043.3,heavy,3102,0,2.883,ECONNREFUSED
17046.7,heavy,3103,1,1.403,
17050.0,heavy,3101,0,2.866,
17053.3,heavy,3102,0,2.422,ECONNREFUSED
17056.7,heavy,3103,0,1.615,
17060.0,heavy,3101,1,3.843,
17063.3,heavy,3102,0,2.862,ECONNREFUSED
17066.7,heavy,3103,1,1.391,
17070.0,heavy,3101,0,4.066,
17073.3,heavy,3102,0,2.350,ECONNREFUSED
17076.7,heavy,3103,0,0.744,
17080.0,heavy,3101,0,3.036,
17083.3,heavy,3102,0,2.630,ECONNREFUSED
17086.7,heavy,3103,1,1.642,
17090.0,heavy,3101,0,2.290,
17093.3,heavy,3102,0,5.630,ECONNREFUSED
17096.7,heavy,3103,1,2.700,
17100.0,light-4,3103,1,4.355,
17100.0,light-5,3101,1,4.876,
17100.0,light-3,3102,0,5.443,ECONNREFUSED
17100.0,light-1,3103,1,5.806,
17100.0,light-2,3101,1,7.195,
17100.0,heavy,3101,1,5.869,
17103.3,heavy,3102,0,5.521,ECONNREFUSED
17106.7,heavy,3102,0,4.376,ECONNREFUSED
17110.0,heavy,3103,0,1.245,
17113.3,heavy,3101,1,3.914,
17116.7,heavy,3102,0,2.405,ECONNREFUSED
17120.0,heavy,3103,0,2.062,
17123.3,heavy,3101,1,4.009,
17126.7,heavy,3102,0,3.339,ECONNREFUSED
17130.0,heavy,3103,1,1.569,
17133.3,heavy,3101,0,4.747,
17136.7,heavy,3102,0,2.677,ECONNREFUSED
17140.0,heavy,3103,0,1.114,
17143.3,heavy,3101,0,3.807,
17146.7,heavy,3102,0,2.850,ECONNREFUSED
17150.0,heavy,3103,1,1.558,
17153.3,heavy,3101,1,2.795,
17156.7,heavy,3102,0,4.689,ECONNREFUSED
17160.0,heavy,3103,1,1.753,
17163.3,heavy,3101,0,3.647,
17166.7,heavy,3102,0,4.593,ECONNREFUSED
17170.0,heavy,3103,0,1.344,
17173.3,heavy,3101,0,4.118,
17176.7,heavy,3102,0,3.005,ECONNREFUSED
17180.0,heavy,3103,1,1.797,
17183.3,heavy,3101,1,3.903,
17186.7,heavy,3102,0,2.918,ECONNREFUSED
17190.0,heavy,3103,0,1.647,
17193.3,heavy,3101,1,3.820,
17196.7,heavy,3102,0,2.212,ECONNREFUSED
17200.0,light-1,3101,1,1.851,
17200.0,light-3,3103,1,2.879,
17200.0,light-2,3102,0,4.095,ECONNREFUSED
17200.0,light-4,3101,1,4.591,
17200.0,light-5,3102,0,6.069,ECONNREFUSED
17200.0,heavy,3103,0,1.835,
17203.3,heavy,3103,1,2.200,
17206.7,heavy,3101,0,3.862,
17210.0,heavy,3102,0,3.553,ECONNREFUSED
17213.3,heavy,3103,1,1.596,
17216.7,heavy,3101,0,7.035,
17220.0,heavy,3102,0,4.656,ECONNREFUSED
17223.3,heavy,3103,1,3.110,
17226.7,heavy,3101,0,7.171,
17230.0,heavy,3102,0,5.468,ECONNREFUSED
17233.3,heavy,3103,1,1.879,
17236.7,heavy,3101,0,4.667,
17240.0,heavy,3102,0,2.273,ECONNREFUSED
17243.3,heavy,3103,1,1.082,
17246.7,heavy,3101,0,5.196,
17250.0,heavy,3102,0,3.439,ECONNREFUSED
17253.3,heavy,3103,1,1.135,
17256.7,heavy,3101,0,4.816,
17260.0,heavy,3102,0,4.189,ECONNREFUSED
17263.3,heavy,3103,1,1.470,
17266.7,heavy,3101,0,3.034,
17270.0,heavy,3102,0,2.595,ECONNREFUSED
17273.3,heavy,3103,1,1.265,
17276.7,heavy,3101,0,3.252,
17280.0,heavy,3102,0,2.015,ECONNREFUSED
17283.3,heavy,3103,1,1.634,
17286.7,heavy,3101,0,2.963,
17290.0,heavy,3102,0,2.534,ECONNREFUSED
17293.3,heavy,3103,0,1.085,
17296.7,heavy,3101,1,6.418,
17300.0,light-3,3103,1,3.635,
17300.0,light-1,3101,1,4.678,
17300.0,light-4,3101,1,6.404,
17300.0,light-2,3102,0,6.819,ECONNREFUSED
17300.0,light-5,3102,0,7.766,ECONNREFUSED
17300.0,heavy,3102,0,6.623,ECONNREFUSED
17303.3,heavy,3103,1,2.997,
17306.7,heavy,3103,0,3.225,
17310.0,heavy,3101,0,3.552,
17313.3,heavy,3102,0,2.391,ECONNREFUSED
17316.7,heavy,3103,1,1.545,
17320.0,heavy,3101,1,3.623,
17323.3,heavy,3102,0,2.564,ECONNREFUSED
17326.7,heavy,3103,1,2.159,
17330.0,heavy,3101,0,3.917,
17333.3,heavy,3102,0,3.132,ECONNREFUSED
17336.7,heavy,3103,0,2.532,
17340.0,heavy,3101,0,2.898,
17343.3,heavy,3102,0,2.192,ECONNREFUSED
17346.7,heavy,3103,1,1.332,
17350.0,heavy,3101,1,3.660,
17353.3,heavy,3102,0,3.200,ECONNREFUSED
17356.7,heavy,3103,0,1.192,
17360.0,heavy,3101,0,3.014,
17363.3,heavy,3102,0,2.340,ECONNREFUSED
17366.7,heavy,3103,1,1.275,
17370.0,heavy,3101,0,2.447,
17373.3,heavy,3102,0,4.135,ECONNREFUSED
17376.7,heavy,3103,1,1.927,
17380.0,heavy,3101,1,3.865,
17383.3,heavy,3102,0,4.422,ECONNREFUSED
17386.7,heavy,3103,0,1.642,
17390.0,heavy,3101,0,7.854,
17393.3,heavy,3102,0,6.969,ECONNREFUSED
17396.7,heavy,3103,1,2.873,
17400.0,light-2,3103,1,3.145,
17400.0,light-1,3102,0,6.378,ECONNREFUSED
17400.0,light-5,3103,1,6.172,
17400.0,light-4,3102,0,7.607,ECONNREFUSED
17400.0,light-3,3101,1,7.843,
17400.0,heavy,3101,0,7.644,
17403.3,heavy,3101,1,4.252,
17406.7,heavy,3102,0,2.801,ECONNREFUSED
17410.0,heavy,3103,0,1.222,
17413.3,heavy,3101,1,2.628,
17416.7,heavy,3102,0,1.962,ECONNREFUSED
17420.0,heavy,3103,1,1.989,
17423.3,heavy,3101,0,2.686,
17426.7,heavy,3102,0,2.330,ECONNREFUSED
17430.0,heavy,3103,0,1.485,
17433.3,heavy,3101,1,4.291,
17436.7,heavy,3102,0,3.075,ECONNREFUSED
17440.0,heavy,3103,1,1.891,
17443.3,heavy,3101,0,4.906,
17446.7,heavy,3102,0,4.015,ECONNREFUSED
17450.0,heavy,3103,0,1.315,
17453.3,heavy,3101,0,3.009,
17456.7,heavy,3102,0,2.349,ECONNREFUSED
17460.0,heavy,3103,1,1.468,
17463.3,heavy,3101,1,4.454,
17466.7,heavy,3102,0,3.982,ECONNREFUSED
17470.0,heavy,3103,1,1.030,
17473.3,heavy,3101,0,5.217,
17476.7,heavy,3102,0,3.859,ECONNREFUSED
17480.0,heavy,3103,0,1.025,
17483.3,heavy,3101,0,3.954,
17486.7,heavy,3102,0,2.549,ECONNREFUSED
17490.0,heavy,3103,1,1.464,
17493.3,heavy,3101,1,4.014,
17496.7,heavy,3102,0,2.026,ECONNREFUSED
17500.0,light-2,3103,1,2.215,
17500.0,light-1,3102,0,3.991,ECONNREFUSED
17500.0,light-4,3102,0,4.317,ECONNREFUSED
17500.0,light-5,3103,1,5.264,
17500.0,light-3,3101,1,5.541,
17500.0,heavy,3103,1,2.600,
17503.3,heavy,3101,0,5.603,
17506.7,heavy,3101,0,5.309,
17510.0,heavy,3102,0,2.321,ECONNREFUSED
17513.3,heavy,3103,1,1.759,
17516.7,heavy,3101,0,3.600,
17520.0,heavy,3102,0,2.749,ECONNREFUSED
17523.3,heavy,3103,1,1.150,
17526.7,heavy,3101,0,3.933,
17530.0,heavy,3102,0,2.893,ECONNREFUSED
17533.3,heavy,3103,1,1.629,
17536.7,heavy,3101,0,3.267,
17540.0,heavy,3102,0,2.811,ECONNREFUSED
17543.3,heavy,3103,1,1.108,
17546.7,heavy,3101,0,3.732,
17550.0,heavy,3102,0,2.809,ECONNREFUSED
17553.3,heavy,3103,1,1.296,
17556.7,heavy,3101,0,4.201,
17560.0,heavy,3102,0,3.192,ECONNREFUSED
17563.3,heavy,3103,1,1.860,
17566.7,heavy,3101,0,4.238,
17570.0,heavy,3102,0,2.589,ECONNREFUSED
17573.3,heavy,3103,1,1.531,
17576.7,heavy,3101,0,3.228,
17580.0,heavy,3102,0,3.634,ECONNREFUSED
17583.3,heavy,3103,1,1.482,
17586.7,heavy,3101,0,4.354,
17590.0,heavy,3102,0,2.501,ECONNREFUSED
17593.3,heavy,3103,1,1.406,
17596.7,heavy,3101,0,4.960,
17600.0,light-4,3103,1,3.348,
17600.0,light-3,3102,0,3.743,ECONNREFUSED
17600.0,light-5,3101,1,3.951,
17600.0,light-1,3103,1,5.365,
17600.0,light-2,3101,1,5.428,
17600.0,heavy,3102,0,4.425,ECONNREFUSED
17603.3,heavy,3102,0,3.234,ECONNREFUSED
17606.7,heavy,3103,1,1.604,
17610.0,heavy,3101,1,3.808,
17613.3,heavy,3102,0,2.658,ECONNREFUSED
17616.7,heavy,3103,1,1.722,
17620.0,heavy,3101,0,3.333,
17623.3,heavy,3102,0,2.453,ECONNREFUSED
17626.7,heavy,3103,0,1.376,
17630.0,heavy,3101,0,2.700,
17633.3,heavy,3102,0,4.495,ECONNREFUSED
17636.7,heavy,3103,1,1.754,
17640.0,heavy,3101,1,4.285,
17643.3,heavy,3102,0,3.964,ECONNREFUSED
17646.7,heavy,3103,0,1.805,
17650.0,heavy,3101,0,4.734,
17653.3,heavy,3102,0,3.029,ECONNREFUSED
17656.7,heavy,3103,1,1.676,
17660.0,heavy,3101,0,5.502,
17663.3,heavy,3102,0,4.180,ECONNREFUSED
17666.7,heavy,3103,1,1.434,
17670.0,heavy,3101,1,3.425,
17673.3,heavy,3102,0,2.425,ECONNREFUSED
17676.7,heavy,3103,0,1.015,
17680.0,heavy,3101,0,3.936,
17683.3,heavy,3102,0,2.294,ECONNREFUSED
17686.7,heavy,3103,1,1.331,
17690.0,heavy,3101,0,5.050,
17693.3,heavy,3102,0,2.303,ECONNREFUSED
17696.7,heavy,3103,1,2.251,
17700.0,light-4,3103,1,2.998,
17700.0,light-5,3101,1,9.919,
17700.0,light-1,3103,1,12.726,
17700.0,light-3,3102,0,12.859,ECONNREFUSED
17700.0,light-2,3101,1,13.097,
17700.0,heavy,3101,1,12.258,
17703.3,heavy,3102,0,10.806,ECONNREFUSED
17706.7,heavy,3102,0,10.544,ECONNREFUSED
17710.0,heavy,3103,1,3.525,
17713.3,heavy,3101,0,6.414,
17716.7,heavy,3102,0,3.470,ECONNREFUSED
17720.0,heavy,3103,0,1.440,
17723.3,heavy,3101,1,2.698,
17726.7,heavy,3102,0,3.037,ECONNREFUSED
17730.0,heavy,3103,0,2.155,
17733.3,heavy,3101,0,3.876,
17736.7,heavy,3102,0,3.050,ECONNREFUSED
17740.0,heavy,3103,1,1.473,
17743.3,heavy,3101,1,3.587,
17746.7,heavy,3102,0,2.418,ECONNREFUSED
17750.0,heavy,3103,0,1.473,
17753.3,heavy,3101,1,3.488,
17756.7,heavy,3102,0,2.097,ECONNREFUSED
17760.0,heavy,3103,0,1.329,
17763.3,heavy,3101,1,4.184,
17766.7,heavy,3102,0,3.314,ECONNREFUSED
17770.0,heavy,3103,1,1.829,
17773.3,heavy,3101,0,3.704,
17776.7,heavy,3102,0,2.576,ECONNREFUSED
17780.0,heavy,3103,0,1.362,
17783.3,heavy,3101,1,4.545,
17786.7,heavy,3102,0,3.385,ECONNREFUSED
17790.0,heavy,3103,0,1.699,
17793.3,heavy,3101,1,6.975,
17796.7,heavy,3102,0,6.431,ECONNREFUSED
17800.0,light-3,3103,1,3.498,
17800.0,light-1,3101,1,4.920,
17800.0,light-5,3102,0,6.221,ECONNREFUSED
17800.0,light-4,3101,1,7.417,
17800.0,light-2,3102,0,7.958,ECONNREFUSED
17800.0,heavy,3103,1,2.920,
17803.3,heavy,3103,0,3.305,
17806.7,heavy,3101,0,4.149,
17810.0,heavy,3102,0,3.385,ECONNREFUSED
17813.3,heavy,3103,1,1.169,
17816.7,heavy,3101,0,3.357,
17820.0,heavy,3102,0,3.447,ECONNREFUSED
17823.3,heavy,3103,1,1.375,
17826.7,heavy,3101,0,3.850,
17830.0,heavy,3102,0,3.211,ECONNREFUSED
17833.3,heavy,3103,1,1.662,
17836.7,heavy,3101,0,4.107,
17840.0,heavy,3102,0,2.497,ECONNREFUSED
17843.3,heavy,3103,1,1.474,
17846.7,heavy,3101,0,4.001,
17850.0,heavy,3102,0,3.126,ECONNREFUSED
17853.3,heavy,3103,1,1.333,
17856.7,heavy,3101,0,4.089,
17860.0,heavy,3102,0,3.155,ECONNREFUSED
17863.3,heavy,3103,1,1.778,
17866.7,heavy,3101,0,3.395,
17870.0,heavy,3102,0,2.242,ECONNREFUSED
17873.3,heavy,3103,1,2.248,
17876.7,heavy,3101,0,3.396,
17880.0,heavy,3102,0,2.789,ECONNREFUSED
17883.3,heavy,3103,1,1.084,
17886.7,heavy,3101,0,3.976,
17890.0,heavy,3102,0,2.744,ECONNREFUSED
17893.3,heavy,3103,1,1.125,
17896.7,heavy,3101,0,4.906,
17900.0,light-5,3101,1,3.139,
17900.0,light-4,3103,1,3.380,
17900.0,light-3,3102,0,3.774,ECONNREFUSED
17900.0,light-2,3101,1,4.698,
17900.0,light-1,3103,1,4.942,
17900.0,heavy,3102,0,3.306,ECONNREFUSED
17903.3,heavy,3102,0,2.137,ECONNREFUSED
17906.7,heavy,3103,1,0.974,
17910.0,heavy,3101,1,3.015,
17913.3,heavy,3102,0,3.132,ECONNREFUSED
17916.7,heavy,3103,0,1.302,
17920.0,heavy,3101,0,3.606,
17923.3,heavy,3102,0,3.083,ECONNREFUSED
17926.7,heavy,3103,1,1.547,
17930.0,heavy,3101,0,3.162,
17933.3,heavy,3102,0,2.780,ECONNREFUSED
17936.7,heavy,3103,1,1.288,
17940.0,heavy,3101,1,3.325,
17943.3,heavy,3102,0,2.490,ECONNREFUSED
17946.7,heavy,3103,1,1.441,
17950.0,heavy,3101,0,3.777,
17953.3,heavy,3102,0,4.042,ECONNREFUSED
17956.7,heavy,3103,0,2.016,
17960.0,heavy,3101,0,4.340,
17963.3,heavy,3102,0,2.344,ECONNREFUSED
17966.7,heavy,3103,1,2.205,
17970.0,heavy,3101,1,3.614,
17973.3,heavy,3102,0,2.882,ECONNREFUSED
17976.7,heavy,3103,0,0.891,
17980.0,heavy,3101,0,3.914,
17983.3,heavy,3102,0,2.689,ECONNREFUSED
17986.7,heavy,3103,1,1.376,
17990.0,heavy,3101,0,3.401,
17993.3,heavy,3102,0,2.175,ECONNREFUSED
17996.7,heavy,3103,1,3.733,
18000.0,light-4,3103,1,3.716,
18000.0,light-5,3101,1,4.496,
18000.0,light-3,3102,0,5.053,ECONNREFUSED
18000.0,light-2,3101,1,7.008,
18000.0,light-1,3103,1,8.083,
18000.0,heavy,3101,1,7.248,
18003.3,heavy,3102,0,3.990,ECONNREFUSED
18006.7,heavy,3102,0,5.404,ECONNREFUSED
18010.0,heavy,3103,0,2.207,
18013.3,heavy,3101,0,3.142,
18016.7,heavy,3102,0,2.651,ECONNREFUSED
18020.0,heavy,3103,1,1.634,
18023.3,heavy,3101,1,3.257,
18026.7,heavy,3102,0,2.245,ECONNREFUSED
18030.0,heavy,3103,1,2.044,
18033.3,heavy,3101,0,3.608,
18036.7,heavy,3102,0,2.593,ECONNREFUSED
18040.0,heavy,3103,0,1.039,
18043.3,heavy,3101,1,4.246,
18046.7,heavy,3102,0,3.210,ECONNREFUSED
18050.0,heavy,3103,1,1.861,
18053.3,heavy,3101,0,3.135,
18056.7,heavy,3102,0,2.294,ECONNREFUSED
18060.0,heavy,3103,0,1.292,
18063.3,heavy,3101,1,4.084,
18066.7,heavy,3102,0,3.354,ECONNREFUSED
18070.0,heavy,3103,0,1.281,
18073.3,heavy,3101,1,4.910,
18076.7,heavy,3102,0,3.541,ECONNREFUSED
18080.0,heavy,3103,1,1.441,
18083.3,heavy,3101,0,5.372,
18086.7,heavy,3102,0,3.231,ECONNREFUSED
18090.0,heavy,3103,0,1.200,
18093.3,heavy,3101,1,5.155,
18096.7,heavy,3102,0,4.629,ECONNREFUSED
18100.0,light-3,3103,1,3.705,
18100.0,light-1,3101,1,4.960,
18100.0,light-4,3101,1,6.040,
18100.0,light-2,3102,0,6.723,ECONNREFUSED
18100.0,light-5,3102,0,6.676,ECONNREFUSED
18100.0,heavy,3103,0,2.845,
18103.3,heavy,3103,1,2.657,
18106.7,heavy,3101,0,3.507,
18110.0,heavy,3102,0,2.123,ECONNREFUSED
18113.3,heavy,3103,1,1.221,
18116.7,heavy,3101,0,3.112,
18120.0,heavy,3102,0,2.553,ECONNREFUSED
18123.3,heavy,3103,1,2.094,
18126.7,heavy,3101,1,3.522,
18130.0,heavy,3102,0,3.005,ECONNREFUSED
18133.3,heavy,3103,0,1.362,
18136.7,heavy,3101,0,4.976,
18140.0,heavy,3102,0,3.496,ECONNREFUSED
18143.3,heavy,3103,1,1.902,
18146.7,heavy,3101,0,4.340,
18150.0,heavy,3102,0,3.285,ECONNREFUSED
18153.3,heavy,3103,1,1.253,
18156.7,heavy,3101,1,5.195,
18160.0,heavy,3102,0,3.678,ECONNREFUSED
18163.3,heavy,3103,0,1.968,
18166.7,heavy,3101,0,3.635,
18170.0,heavy,3102,0,2.768,ECONNREFUSED
18173.3,heavy,3103,1,1.506,
18176.7,heavy,3101,0,4.096,
18180.0,heavy,3102,0,2.261,ECONNREFUSED
18183.3,heavy,3103,1,1.367,
18186.7,heavy,3101,1,3.403,
18190.0,heavy,3102,0,3.366,ECONNREFUSED
18193.3,heavy,3103,0,1.308,
18196.7,heavy,3101,0,7.659,
18200.0,light-2,3103,1,3.043,
18200.0,light-1,3102,0,5.365,ECONNREFUSED
18200.0,light-4,3102,0,5.868,ECONNREFUSED
18200.0,light-5,3103,1,6.945,
18200.0,light-3,3101,1,8.887,
18200.0,heavy,3102,0,5.869,ECONNREFUSED
18203.3,heavy,3103,1,3.119,
18206.7,heavy,3101,0,8.189,
18210.0,heavy,3101,0,7.361,
18213.3,heavy,3102,0,5.533,ECONNREFUSED
18216.7,heavy,3103,1,1.651,
18220.0,heavy,3101,1,3.618,
18223.3,heavy,3102,0,2.812,ECONNREFUSED
18226.7,heavy,3103,0,1.677,
18230.0,heavy,3101,0,4.891,
18233.3,heavy,3102,0,2.359,ECONNREFUSED
18236.7,heavy,3103,1,1.379,
18240.0,heavy,3101,0,5.002,
18243.3,heavy,3102,0,3.015,ECONNREFUSED
18246.7,heavy,3103,1,1.349,
18250.0,heavy,3101,0,4.446,
18253.3,heavy,3102,0,3.148,ECONNREFUSED
18256.7,heavy,3103,1,1.234,
18260.0,heavy,3101,0,4.266,
18263.3,heavy,3102,0,3.615,ECONNREFUSED
18266.7,heavy,3103,1,1.678,
18270.0,heavy,3101,0,4.274,
18273.3,heavy,3102,0,3.898,ECONNREFUSED
18276.7,heavy,3103,1,1.776,
18280.0,heavy,3101,0,4.545,
18283.3,heavy,3102,0,3.958,ECONNREFUSED
18286.7,heavy,3103,1,1.926,
18290.0,heavy,3101,0,3.542,
18293.3,heavy,3102,0,2.979,ECONNREFUSED
18296.7,heavy,3103,1,1.620,
18300.0,light-2,3103,1,2.293,
18300.0,light-1,3102,0,3.771,ECONNREFUSED
18300.0,light-4,3102,0,3.651,ECONNREFUSED
18300.0,light-5,3103,1,4.091,
18300.0,light-3,3101,1,5.979,
18300.0,heavy,3101,1,5.310,
18303.3,heavy,3101,0,5.119,
18306.7,heavy,3102,0,2.805,ECONNREFUSED
18310.0,heavy,3103,0,1.334,
18313.3,heavy,3101,1,3.522,
18316.7,heavy,3102,0,2.452,ECONNREFUSED
18320.0,heavy,3103,0,1.115,
18323.3,heavy,3101,1,4.059,
18326.7,heavy,3102,0,2.710,ECONNREFUSED
18330.0,heavy,3103,1,1.556,
18333.3,heavy,3101,0,4.402,
18336.7,heavy,3102,0,2.443,ECONNREFUSED
18340.0,heavy,3103,0,1.498,
18343.3,heavy,3101,0,3.153,
18346.7,heavy,3102,0,2.560,ECONNREFUSED
18350.0,heavy,3103,1,1.240,
18353.3,heavy,3101,1,3.929,
18356.7,heavy,3102,0,2.764,ECONNREFUSED
18360.0,heavy,3103,1,1.356,
18363.3,heavy,3101,0,4.265,
18366.7,heavy,3102,0,2.631,ECONNREFUSED
18370.0,heavy,3103,1,2.163,
18373.3,heavy,3101,0,3.765,
18376.7,heavy,3102,0,3.385,ECONNREFUSED
18380.0,heavy,3103,0,1.760,
18383.3,heavy,3101,1,2.958,
18386.7,heavy,3102,0,1.883,ECONNREFUSED
18390.0,heavy,3103,1,1.433,
18393.3,heavy,3101,0,3.056,
18396.7,heavy,3102,0,2.122,ECONNREFUSED
18400.0,light-3,3103,1,3.789,
18400.0,light-1,3101,1,4.696,
18400.0,light-2,3102,0,5.823,ECONNREFUSED
18400.0,light-4,3101,1,6.476,
18400.0,light-5,3102,0,6.835,ECONNREFUSED
18400.0,heavy,3103,1,2.419,
18403.3,heavy,3101,0,5.984,
18406.7,heavy,3102,0,5.714,ECONNREFUSED
18410.0,heavy,3103,0,2.661,
18413.3,heavy,3103,1,2.798,
18416.7,heavy,3101,0,2.644,
18420.0,heavy,3102,0,2.029,ECONNREFUSED
18423.3,heavy,3103,1,1.091,
18426.7,heavy,3101,0,3.443,
18430.0,heavy,3102,0,2.039,ECONNREFUSED
18433.3,heavy,3103,1,1.943,
18436.7,heavy,3101,0,3.269,
18440.0,heavy,3102,0,2.787,ECONNREFUSED
18443.3,heavy,3103,1,1.181,
18446.7,heavy,3101,0,3.965,
18450.0,heavy,3102,0,2.729,ECONNREFUSED
18453.3,heavy,3103,1,1.510,
18456.7,heavy,3101,0,4.038,
18460.0,heavy,3102,0,1.747,ECONNREFUSED
18463.3,heavy,3103,1,2.113,
18466.7,heavy,3101,0,3.380,
18470.0,heavy,3102,0,2.832,ECONNREFUSED
18473.3,heavy,3103,1,1.239,
18476.7,heavy,3101,0,3.989,
18480.0,heavy,3102,0,2.364,ECONNREFUSED
18483.3,heavy,3103,1,1.410,
18486.7,heavy,3101,0,4.291,
18490.0,heavy,3102,0,2.093,ECONNREFUSED
18493.3,heavy,3103,0,0.830,
18496.7,heavy,3101,1,4.722,
18500.0,light-4,3103,1,3.099,
18500.0,light-3,3102,0,3.632,ECONNREFUSED
18500.0,light-5,3101,1,3.648,
18500.0,light-1,3103,1,4.513,
18500.0,light-2,3101,1,4.767,
18500.0,heavy,3102,0,3.239,ECONNREFUSED
18503.3,heavy,3102,0,3.671,ECONNREFUSED
18506.7,heavy,3103,1,1.195,
18510.0,heavy,3101,0,4.142,
18513.3,heavy,3102,0,2.784,ECONNREFUSED
18516.7,heavy,3103,1,2.188,
18520.0,heavy,3101,0,3.109,
18523.3,heavy,3102,0,4.041,ECONNREFUSED
18526.7,heavy,3103,1,1.823,
18530.0,heavy,3101,1,4.094,
18533.3,heavy,3102,0,4.898,ECONNREFUSED
18536.7,heavy,3103,0,1.869,
18540.0,heavy,3101,0,3.885,
18543.3,heavy,3102,0,3.020,ECONNREFUSED
18546.7,heavy,3103,1,1.800,
18550.0,heavy,3101,0,3.061,
18553.3,heavy,3102,0,2.419,ECONNREFUSED
18556.7,heavy,3103,1,1.925,
18560.0,heavy,3101,1,3.182,
18563.3,heavy,3102,0,2.610,ECONNREFUSED
18566.7,heavy,3103,0,1.136,
18570.0,heavy,3101,0,3.699,
18573.3,heavy,3102,0,2.325,ECONNREFUSED
18576.7,heavy,3103,1,1.292,
18580.0,heavy,3101,0,4.393,
18583.3,heavy,3102,0,2.145,ECONNREFUSED
18586.7,heavy,3103,1,2.295,
18590.0,heavy,3101,0,3.264,
18593.3,heavy,3102,0,2.796,ECONNREFUSED
18596.7,heavy,3103,1,1.198,
18600.0,light-2,3103,1,3.622,
18600.0,light-5,3103,1,4.675,
18600.0,light-1,3102,0,5.307,ECONNREFUSED
18600.0,light-4,3102,0,5.183,ECONNREFUSED
18600.0,light-3,3101,1,6.808,
18600.0,heavy,3101,1,6.318,
18603.3,heavy,3102,0,5.322,ECONNREFUSED
18606.7,heavy,3103,1,3.188,
18610.0,heavy,3101,0,6.874,
18613.3,heavy,3101,0,5.224,
18616.7,heavy,3102,0,3.581,ECONNREFUSED
18620.0,heavy,3103,0,3.648,
18623.3,heavy,3101,1,2.484,
18626.7,heavy,3102,0,1.881,ECONNREFUSED
18630.0,heavy,3103,1,2.691,
18633.3,heavy,3101,0,3.496,
18636.7,heavy,3102,0,3.720,ECONNREFUSED
18640.0,heavy,3103,1,3.029,
18643.3,heavy,3101,0,4.038,
18646.7,heavy,3102,0,2.585,ECONNREFUSED
18650.0,heavy,3103,0,1.265,
18653.3,heavy,3101,1,3.599,
18656.7,heavy,3102,0,2.653,ECONNREFUSED
18660.0,heavy,3103,0,1.275,
18663.3,heavy,3101,1,4.195,
18666.7,heavy,3102,0,3.079,ECONNREFUSED
18670.0,heavy,3103,1,1.325,
18673.3,heavy,3101,0,4.998,
18676.7,heavy,3102,0,3.011,ECONNREFUSED
18680.0,heavy,3103,0,1.060,
18683.3,heavy,3101,1,3.860,
18686.7,heavy,3102,0,3.921,ECONNREFUSED
18690.0,heavy,3103,0,2.273,
18693.3,heavy,3101,1,5.905,
18696.7,heavy,3102,0,4.922,ECONNREFUSED
18700.0,light-2,3103,1,2.940,
18700.0,light-1,3102,0,4.858,ECONNREFUSED
18700.0,light-4,3102,0,4.900,ECONNREFUSED
18700.0,light-5,3103,1,5.824,
18700.0,light-3,3101,1,6.220,
18700.0,heavy,3103,1,2.472,
18703.3,heavy,3101,0,6.296,
18706.7,heavy,3101,0,4.287,
18710.0,heavy,3102,0,1.966,ECONNREFUSED
18713.3,heavy,3103,1,1.349,
18716.7,heavy,3101,0,3.373,
18720.0,heavy,3102,0,2.534,ECONNREFUSED
18723.3,heavy,3103,1,2.074,
18726.7,heavy,3101,0,3.526,
18730.0,heavy,3102,0,3.123,ECONNREFUSED
18733.3,heavy,3103,1,1.571,
18736.7,heavy,3101,0,2.855,
18740.0,heavy,3102,0,2.355,ECONNREFUSED
18743.3,heavy,3103,1,1.958,
18746.7,heavy,3101,0,3.422,
18750.0,heavy,3102,0,2.589,ECONNREFUSED
18753.3,heavy,3103,1,0.988,
18756.7,heavy,3101,0,4.662,
18760.0,heavy,3102,0,3.168,ECONNREFUSED
18763.3,heavy,3103,1,1.830,
18766.7,heavy,3101,0,3.857,
18770.0,heavy,3102,0,2.385,ECONNREFUSED
18773.3,heavy,3103,1,1.390,
18776.7,heavy,3101,0,3.502,
18780.0,heavy,3102,0,3.042,ECONNREFUSED
18783.3,heavy,3103,1,1.009,
18786.7,heavy,3101,0,4.417,
18790.0,heavy,3102,0,2.569,ECONNREFUSED
18793.3,heavy,3103,1,1.396,
18796.7,heavy,3101,0,5.121,
18800.0,light-4,3103,1,3.292,
18800.0,light-5,3101,1,3.835,
18800.0,light-2,3101,1,5.241,
18800.0,light-1,3103,1,5.469,
18800.0,light-3,3102,0,6.193,ECONNREFUSED
18800.0,heavy,3102,0,6.791,ECONNREFUSED
18803.3,heavy,3102,0,4.578,ECONNREFUSED
18806.7,heavy,3103,1,1.109,
18810.0,heavy,3101,1,3.466,
18813.3,heavy,3102,0,3.428,ECONNREFUSED
18816.7,heavy,3103,0,1.495,
18820.0,heavy,3101,0,4.252,
18823.3,heavy,3102,0,3.049,ECONNREFUSED
18826.7,heavy,3103,1,1.771,
18830.0,heavy,3101,0,3.635,
18833.3,heavy,3102,0,2.394,ECONNREFUSED
18836.7,heavy,3103,1,1.966,
18840.0,heavy,3101,1,3.750,
18843.3,heavy,3102,0,3.174,ECONNREFUSED
18846.7,heavy,3103,0,1.418,
18850.0,heavy,3101,0,3.974,
18853.3,heavy,3102,0,3.097,ECONNREFUSED
18856.7,heavy,3103,1,1.053,
18860.0,heavy,3101,0,3.739,
18863.3,heavy,3102,0,2.741,ECONNREFUSED
18866.7,heavy,3103,1,1.312,
18870.0,heavy,3101,1,4.178,
18873.3,heavy,3102,0,3.448,ECONNREFUSED
18876.7,heavy,3103,0,1.159,
18880.0,heavy,3101,0,4.372,
18883.3,heavy,3102,0,3.290,ECONNREFUSED
18886.7,heavy,3103,1,1.809,
18890.0,heavy,3101,1,4.497,
18893.3,heavy,3102,0,2.342,ECONNREFUSED
18896.7,heavy,3103,1,2.523,
18900.0,light-3,3103,1,3.239,
18900.0,light-1,3101,1,4.319,
18900.0,light-2,3102,0,5.222,ECONNREFUSED
18900.0,light-5,3102,0,6.779,ECONNREFUSED
18900.0,light-4,3101,1,7.014,
18900.0,heavy,3101,0,5.917,
18903.3,heavy,3102,0,5.329,ECONNREFUSED
18906.7,heavy,3103,0,3.281,
18910.0,heavy,3103,0,2.842,
18913.3,heavy,3101,1,3.136,
18916.7,heavy,3102,0,2.312,ECONNREFUSED
18920.0,heavy,3103,0,1.261,
18923.3,heavy,3101,1,2.898,
18926.7,heavy,3102,0,3.843,ECONNREFUSED
18930.0,heavy,3103,1,1.877,
18933.3,heavy,3101,0,3.797,
18936.7,heavy,3102,0,4.039,ECONNREFUSED
18940.0,heavy,3103,0,1.537,
18943.3,heavy,3101,1,4.138,
18946.7,heavy,3102,0,2.950,ECONNREFUSED
18950.0,heavy,3103,1,1.749,
18953.3,heavy,3101,0,4.637,
18956.7,heavy,3102,0,2.220,ECONNREFUSED
18960.0,heavy,3103,0,1.109,
18963.3,heavy,3101,1,3.665,
18966.7,heavy,3102,0,3.022,ECONNREFUSED
18970.0,heavy,3103,0,1.268,
18973.3,heavy,3101,1,4.237,
18976.7,heavy,3102,0,2.932,ECONNREFUSED
18980.0,heavy,3103,1,1.472,
18983.3,heavy,3101,0,4.442,
18986.7,heavy,3102,0,2.643,ECONNREFUSED
18990.0,heavy,3103,1,2.892,
18993.3,heavy,3101,0,4.712,
18996.7,heavy,3102,0,4.987,ECONNREFUSED
19000.0,light-3,3103,1,2.667,
19000.0,light-1,3101,1,4.261,
19000.0,light-4,3101,1,5.116,
19000.0,light-2,3102,0,6.145,ECONNREFUSED
19000.0,light-5,3102,0,6.094,ECONNREFUSED
19000.0,heavy,3103,0,1.926,
19003.3,heavy,3103,1,2.170,
19006.7,heavy,3101,0,2.697,
19010.0,heavy,3102,0,3.023,ECONNREFUSED
19013.3,heavy,3103,1,1.653,
19016.7,heavy,3101,0,2.905,
19020.0,heavy,3102,0,1.857,ECONNREFUSED
19023.3,heavy,3103,1,2.299,
19026.7,heavy,3101,0,3.892,
19030.0,heavy,3102,0,2.164,ECONNREFUSED
19033.3,heavy,3103,1,1.112,
19036.7,heavy,3101,0,4.162,
19040.0,heavy,3102,0,2.259,ECONNREFUSED
19043.3,heavy,3103,1,1.333,
19046.7,heavy,3101,0,4.607,
19050.0,heavy,3102,0,1.693,ECONNREFUSED
19053.3,heavy,3103,1,2.393,
19056.7,heavy,3101,0,3.665,
19060.0,heavy,3102,0,3.176,ECONNREFUSED
19063.3,heavy,3103,1,1.496,
19066.7,heavy,3101,0,3.960,
19070.0,heavy,3102,0,3.311,ECONNREFUSED
19073.3,heavy,3103,1,1.613,
19076.7,heavy,3101,0,4.612,
19080.0,heavy,3102,0,2.619,ECONNREFUSED
19083.3,heavy,3103,1,1.948,
19086.7,heavy,3101,0,3.469,
19090.0,heavy,3102,0,2.881,ECONNREFUSED
19093.3,heavy,3103,1,1.751,
19096.7,heavy,3101,0,3.443,
19100.0,light-5,3101,1,2.316,
19100.0,light-4,3103,1,3.524,
19100.0,light-3,3102,0,3.925,ECONNREFUSED
19100.0,light-2,3101,1,4.160,
19100.0,light-1,3103,1,4.340,
19100.0,heavy,3102,0,3.148,ECONNREFUSED
19103.3,heavy,3102,0,3.013,ECONNREFUSED
19106.7,heavy,3103,1,0.875,
19110.0,heavy,3101,1,4.620,
19113.3,heavy,3102,0,3.846,ECONNREFUSED
19116.7,heavy,3103,1,1.635,
19120.0,heavy,3101,0,5.048,
19123.3,heavy,3102,0,3.938,ECONNREFUSED
19126.7,heavy,3103,0,1.906,
19130.0,heavy,3101,0,2.255,
19133.3,heavy,3102,0,2.855,ECONNREFUSED
19136.7,heavy,3103,1,1.112,
19140.0,heavy,3101,0,3.413,
19143.3,heavy,3102,0,2.318,ECONNREFUSED
19146.7,heavy,3103,1,2.078,
19150.0,heavy,3101,0,3.459,
19153.3,heavy,3102,0,2.808,ECONNREFUSED
19156.7,heavy,3103,1,2.379,
19160.0,heavy,3101,0,2.282,
19163.3,heavy,3102,0,3.154,ECONNREFUSED
19166.7,heavy,3103,1,1.564,
19170.0,heavy,3101,1,3.045,
19173.3,heavy,3102,0,1.697,ECONNREFUSED
19176.7,heavy,3103,1,1.956,
19180.0,heavy,3101,0,3.616,
19183.3,heavy,3102,0,3.019,ECONNREFUSED
19186.7,heavy,3103,0,1.607,
19190.0,heavy,3101,0,3.022,
19193.3,heavy,3102,0,2.089,ECONNREFUSED
19196.7,heavy,3103,1,3.563,
19200.0,light-4,3103,1,4.234,
19200.0,light-5,3101,1,5.352,
19200.0,light-3,3102,0,5.787,ECONNREFUSED
19200.0,light-1,3103,1,7.203,
19200.0,light-2,3101,1,7.244,
19200.0,heavy,3101,1,7.325,
19203.3,heavy,3102,0,5.636,ECONNREFUSED
19206.7,heavy,3102,0,5.360,ECONNREFUSED
19210.0,heavy,3103,0,1.294,
19213.3,heavy,3101,1,2.965,
19216.7,heavy,3102,0,2.336,ECONNREFUSED
19220.0,heavy,3103,0,1.427,
19223.3,heavy,3101,1,5.103,
19226.7,heavy,3102,0,3.786,ECONNREFUSED
19230.0,heavy,3103,1,1.644,
19233.3,heavy,3101,0,4.894,
19236.7,heavy,3102,0,3.771,ECONNREFUSED
19240.0,heavy,3103,0,1.310,
19243.3,heavy,3101,0,3.370,
19246.7,heavy,3102,0,2.867,ECONNREFUSED
19250.0,heavy,3103,1,1.378,
19253.3,heavy,3101,1,3.178,
19256.7,heavy,3102,0,2.153,ECONNREFUSED
19260.0,heavy,3103,1,3.031,
19263.3,heavy,3101,0,4.070,
19266.7,heavy,3102,0,4.430,ECONNREFUSED
19270.0,heavy,3103,0,2.017,
19273.3,heavy,3101,1,3.628,
19276.7,heavy,3102,0,2.340,ECONNREFUSED
19280.0,heavy,3103,1,1.294,
19283.3,heavy,3101,0,3.510,
19286.7,heavy,3102,0,2.158,ECONNREFUSED
19290.0,heavy,3103,0,0.927,
19293.3,heavy,3101,0,6.048,
19296.7,heavy,3102,0,6.178,ECONNREFUSED
19300.0,light-1,3101,1,3.157,
19300.0,light-3,3103,1,3.090,
19300.0,light-2,3102,0,4.843,ECONNREFUSED
19300.0,light-4,3101,1,5.084,
19300.0,light-5,3102,0,5.727,ECONNREFUSED
19300.0,heavy,3103,1,2.015,
19303.3,heavy,3103,1,2.385,
19306.7,heavy,3101,0,3.612,
19310.0,heavy,3102,0,2.899,ECONNREFUSED
19313.3,heavy,3103,1,1.733,
19316.7,heavy,3101,0,2.885,
19320.0,heavy,3102,0,3.351,ECONNREFUSED
19323.3,heavy,3103,1,1.701,
19326.7,heavy,3101,0,3.569,
19330.0,heavy,3102,0,3.543,ECONNREFUSED
19333.3,heavy,3103,1,1.276,
19336.7,heavy,3101,0,4.260,
19340.0,heavy,3102,0,3.123,ECONNREFUSED
19343.3,heavy,3103,1,1.935,
19346.7,heavy,3101,0,4.208,
19350.0,heavy,3102,0,1.941,ECONNREFUSED
19353.3,heavy,3103,1,1.968,
19356.7,heavy,3101,0,3.620,
19360.0,heavy,3102,0,2.974,ECONNREFUSED
19363.3,heavy,3103,1,1.450,
19366.7,heavy,3101,0,4.062,
19370.0,heavy,3102,0,2.819,ECONNREFUSED
19373.3,heavy,3103,1,1.608,
19376.7,heavy,3101,0,4.632,
19380.0,heavy,3102,0,2.339,ECONNREFUSED
19383.3,heavy,3103,1,1.506,
19386.7,heavy,3101,0,3.698,
19390.0,heavy,3102,0,3.224,ECONNREFUSED
19393.3,heavy,3103,1,1.144,
19396.7,heavy,3101,0,7.321,
19400.0,light-2,3103,1,3.874,
19400.0,light-1,3102,0,5.779,ECONNREFUSED
19400.0,light-4,3102,0,5.731,ECONNREFUSED
19400.0,light-5,3103,1,5.828,
19400.0,light-3,3101,1,8.383,
19400.0,heavy,3102,0,5.914,ECONNREFUSED
19403.3,heavy,3103,1,3.449,
19406.7,heavy,3101,0,7.668,
19410.0,heavy,3101,1,6.192,
19413.3,heavy,3102,0,4.464,ECONNREFUSED
19416.7,heavy,3103,0,1.192,
19420.0,heavy,3101,1,3.492,
19423.3,heavy,3102,0,2.672,ECONNREFUSED
19426.7,heavy,3103,1,2.189,
19430.0,heavy,3101,0,3.685,
19433.3,heavy,3102,0,3.107,ECONNREFUSED
19436.7,heavy,3103,0,2.550,
19440.0,heavy,3101,0,3.293,
19443.3,heavy,3102,0,2.240,ECONNREFUSED
19446.7,heavy,3103,1,1.474,
19450.0,heavy,3101,1,3.507,
19453.3,heavy,3102,0,3.261,ECONNREFUSED
19456.7,heavy,3103,0,1.396,
19460.0,heavy,3101,0,3.676,
19463.3,heavy,3102,0,2.387,ECONNREFUSED
19466.7,heavy,3103,1,1.268,
19470.0,heavy,3101,0,3.936,
19473.3,heavy,3102,0,1.971,ECONNREFUSED
19476.7,heavy,3103,1,2.177,
19480.0,heavy,3101,1,3.326,
19483.3,heavy,3102,0,3.553,ECONNREFUSED
19486.7,heavy,3103,0,1.764,
19490.0,heavy,3101,1,8.433,
19493.3,heavy,3102,0,6.911,ECONNREFUSED
19496.7,heavy,3103,1,3.670,
19500.0,light-2,3103,1,4.406,
19500.0,light-1,3102,0,6.637,ECONNREFUSED
19500.0,light-4,3102,0,6.520,ECONNREFUSED
19500.0,light-5,3103,1,7.297,
19500.0,light-3,3101,1,10.565,
19500.0,heavy,3101,0,9.886,
19503.3,heavy,3101,0,8.086,
19506.7,heavy,3102,0,4.726,ECONNREFUSED
19510.0,heavy,3103,0,1.467,
19513.3,heavy,3101,1,4.875,
19516.7,heavy,3102,0,3.882,ECONNREFUSED
19520.0,heavy,3103,0,1.717,
19523.3,heavy,3101,1,4.097,
19526.7,heavy,3102,0,3.271,ECONNREFUSED
19530.0,heavy,3103,1,1.727,
19533.3,heavy,3101,0,3.710,
19536.7,heavy,3102,0,1.847,ECONNREFUSED
19540.0,heavy,3103,1,2.067,
19543.3,heavy,3101,0,3.423,
19546.7,heavy,3102,0,2.575,ECONNREFUSED
19550.0,heavy,3103,0,0.892,
19553.3,heavy,3101,1,4.733,
19556.7,heavy,3102,0,2.395,ECONNREFUSED
19560.0,heavy,3103,1,1.142,
19563.3,heavy,3101,0,4.332,
19566.7,heavy,3102,0,1.690,ECONNREFUSED
19570.0,heavy,3103,1,1.952,
19573.3,heavy,3101,0,3.700,
19576.7,heavy,3102,0,3.046,ECONNREFUSED
19580.0,heavy,3103,0,1.280,
19583.3,heavy,3101,1,3.847,
19586.7,heavy,3102,0,2.655,ECONNREFUSED
19590.0,heavy,3103,1,1.580,
19593.3,heavy,3101,0,4.168,
19596.7,heavy,3102,0,2.434,ECONNREFUSED
19600.0,light-4,3103,1,3.655,
19600.0,light-5,3101,1,4.714,
19600.0,light-3,3102,0,5.124,ECONNREFUSED
19600.0,light-1,3103,1,6.547,
19600.0,light-2,3101,1,6.565,
19600.0,heavy,3103,1,2.822,
19603.3,heavy,3101,0,6.752,
19606.7,heavy,3102,0,4.932,ECONNREFUSED
19610.0,heavy,3102,0,5.526,ECONNREFUSED
19613.3,heavy,3103,1,2.573,
19616.7,heavy,3101,0,3.050,
19620.0,heavy,3102,0,2.331,ECONNREFUSED
19623.3,heavy,3103,1,1.555,
19626.7,heavy,3101,0,2.757,
19630.0,heavy,3102,0,1.888,ECONNREFUSED
19633.3,heavy,3103,1,1.900,
19636.7,heavy,3101,0,2.988,
19640.0,heavy,3102,0,2.337,ECONNREFUSED
19643.3,heavy,3103,0,0.727,
19646.7,heavy,3101,1,3.728,
19650.0,heavy,3102,0,2.969,ECONNREFUSED
19653.3,heavy,3103,1,1.519,
19656.7,heavy,3101,0,3.108,
19660.0,heavy,3102,0,2.157,ECONNREFUSED
19663.3,heavy,3103,1,2.113,
19666.7,heavy,3101,0,3.883,
19670.0,heavy,3102,0,3.368,ECONNREFUSED
19673.3,heavy,3103,1,1.326,
19676.7,heavy,3101,0,3.745,
19680.0,heavy,3102,0,2.420,ECONNREFUSED
19683.3,heavy,3103,1,1.269,
19686.7,heavy,3101,0,4.012,
19690.0,heavy,3102,0,1.970,ECONNREFUSED
19693.3,heavy,3103,1,2.400,
19696.7,heavy,3101,1,5.939,
19700.0,heavy,3102,0,3.908,ECONNREFUSED
19700.0,light-4,3103,1,3.238,
19700.0,light-3,3102,0,3.827,ECONNREFUSED
19700.0,light-5,3101,1,4.626,
19700.0,light-1,3103,1,5.827,
19700.0,light-2,3101,1,5.906,
19703.3,heavy,3102,0,5.044,ECONNREFUSED
19706.7,heavy,3103,0,1.861,
19710.0,heavy,3101,0,3.092,
19713.3,heavy,3102,0,2.262,ECONNREFUSED
19716.7,heavy,3103,1,1.332,
19720.0,heavy,3101,0,2.157,
19723.3,heavy,3102,0,4.840,ECONNREFUSED
19726.7,heavy,3103,1,1.993,
19730.0,heavy,3101,1,4.062,
19733.3,heavy,3102,0,3.231,ECONNREFUSED
19736.7,heavy,3103,0,1.325,
19740.0,heavy,3101,0,3.817,
19743.3,heavy,3102,0,3.101,ECONNREFUSED
19746.7,heavy,3103,1,1.050,
19750.0,heavy,3101,0,2.965,
19753.3,heavy,3102,0,3.528,ECONNREFUSED
19756.7,heavy,3103,1,1.766,
19760.0,heavy,3101,1,3.283,
19763.3,heavy,3102,0,4.039,ECONNREFUSED
19766.7,heavy,3103,0,1.595,
19770.0,heavy,3101,0,4.238,
19773.3,heavy,3102,0,2.862,ECONNREFUSED
19776.7,heavy,3103,1,1.839,
19780.0,heavy,3101,0,3.379,
19783.3,heavy,3102,0,2.778,ECONNREFUSED
19786.7,heavy,3103,1,1.023,
19790.0,heavy,3101,1,3.890,
19793.3,heavy,3102,0,2.964,ECONNREFUSED
19796.7,heavy,3103,0,1.279,
19800.0,heavy,3101,1,6.914,
19800.0,light-2,3103,1,3.463,
19800.0,light-1,3102,0,5.476,ECONNREFUSED
19800.0,light-5,3103,1,6.101,
19800.0,light-4,3102,0,6.434,ECONNREFUSED
19800.0,light-3,3101,1,7.095,
19803.3,heavy,3102,0,5.582,ECONNREFUSED
19806.7,heavy,3103,1,2.673,
19810.0,heavy,3101,0,6.827,
19813.3,heavy,3101,0,4.371,
19816.7,heavy,3102,0,3.126,ECONNREFUSED
19820.0,heavy,3103,0,1.240,
19823.3,heavy,3101,1,3.451,
19826.7,heavy,3102,0,2.998,ECONNREFUSED
19830.0,heavy,3103,0,1.294,
19833.3,heavy,3101,0,3.855,
19836.7,heavy,3102,0,3.328,ECONNREFUSED
19840.0,heavy,3103,1,1.675,
19843.3,heavy,3101,1,2.916,
19846.7,heavy,3102,0,4.574,ECONNREFUSED
19850.0,heavy,3103,1,1.936,
19853.3,heavy,3101,0,3.898,
19856.7,heavy,3102,0,3.605,ECONNREFUSED
19860.0,heavy,3103,0,1.794,
19863.3,heavy,3101,1,3.540,
19866.7,heavy,3102,0,2.807,ECONNREFUSED
19870.0,heavy,3103,1,0.984,
19873.3,heavy,3101,0,3.212,
19876.7,heavy,3102,0,2.455,ECONNREFUSED
19880.0,heavy,3103,0,1.192,
19883.3,heavy,3101,1,3.404,
19886.7,heavy,3102,0,2.550,ECONNREFUSED
19890.0,heavy,3103,0,1.006,
19893.3,heavy,3101,1,6.351,
19896.7,heavy,3102,0,4.973,ECONNREFUSED
19900.0,heavy,3103,1,2.531,
19900.0,light-2,3103,1,2.964,
19900.0,light-1,3102,0,4.832,ECONNREFUSED
19900.0,light-4,3102,0,4.766,ECONNREFUSED
19900.0,light-5,3103,1,5.287,
19900.0,light-3,3101,1,6.389,
19903.3,heavy,3101,0,5.970,
19906.7,heavy,3101,0,5.560,
19910.0,heavy,3102,0,2.293,ECONNREFUSED
19913.3,heavy,3103,1,1.353,
19916.7,heavy,3101,0,3.519,
19920.0,heavy,3102,0,2.480,ECONNREFUSED
19923.3,heavy,3103,1,1.322,
19926.7,heavy,3101,0,3.171,
19930.0,heavy,3102,0,2.825,ECONNREFUSED
19933.3,heavy,3103,1,1.108,
19936.7,heavy,3101,0,2.392,
19940.0,heavy,3102,0,4.002,ECONNREFUSED
19943.3,heavy,3103,1,1.974,
19946.7,heavy,3101,0,3.835,
19950.0,heavy,3102,0,3.130,ECONNREFUSED
19953.3,heavy,3103,1,0.961,
19956.7,heavy,3101,0,4.226,
19960.0,heavy,3102,0,3.152,ECONNREFUSED
19963.3,heavy,3103,1,1.102,
19966.7,heavy,3101,0,3.657,
19970.0,heavy,3102,0,2.400,ECONNREFUSED
19973.3,heavy,3103,1,1.008,
19976.7,heavy,3101,0,2.946,
19980.0,heavy,3102,0,2.068,ECONNREFUSED
19983.3,heavy,3103,1,0.867,
19986.7,heavy,3101,0,3.581,
19990.0,heavy,3102,0,2.559,ECONNREFUSED
19993.3,heavy,3103,1,1.610,
19996.7,heavy,3101,0,3.254,
20000.0,heavy,3102,0,3.538,ECONNREFUSED
20000.0,light-4,3103,1,2.585,
20000.0,light-5,3101,1,2.673,
20000.0,light-3,3102,0,3.357,ECONNREFUSED
20000.0,light-2,3101,1,4.248,
20000.0,light-1,3103,1,4.444,
20003.3,heavy,3102,0,1.903,ECONNREFUSED
20006.7,heavy,3103,1,1.306,
20010.0,heavy,3101,1,3.162,
20013.3,heavy,3102,0,2.305,ECONNREFUSED
20016.7,heavy,3103,1,1.261,
20020.0,heavy,3101,0,3.125,
20023.3,heavy,3102,0,2.343,ECONNREFUSED
20026.7,heavy,3103,0,1.022,
20030.0,heavy,3101,0,3.346,
20033.3,heavy,3102,0,2.081,ECONNREFUSED
20036.7,heavy,3103,1,2.277,
20040.0,heavy,3101,1,3.926,
20043.3,heavy,3102,0,2.075,ECONNREFUSED
20046.7,heavy,3103,1,2.150,
20050.0,heavy,3101,0,3.158,
20053.3,heavy,3102,0,3.344,ECONNREFUSED
20056.7,heavy,3103,0,2.100,
20060.0,heavy,3101,0,3.941,
20063.3,heavy,3102,0,2.307,ECONNREFUSED
20066.7,heavy,3103,1,1.435,
20070.0,heavy,3101,1,4.094,
20073.3,heavy,3102,0,2.339,ECONNREFUSED
20076.7,heavy,3103,0,1.294,
20080.0,heavy,3101,0,3.128,
20083.3,heavy,3102,0,2.493,ECONNREFUSED
20086.7,heavy,3103,1,1.321,
20090.0,heavy,3101,0,3.711,
20093.3,heavy,3102,0,2.658,ECONNREFUSED
20096.7,heavy,3103,1,1.187,
20100.0,heavy,3101,1,6.478,
20100.0,light-4,3103,1,3.442,
20100.0,light-3,3102,0,4.370,ECONNREFUSED
20100.0,light-5,3101,1,4.436,
20100.0,light-1,3103,1,6.168,
20100.0,light-2,3101,1,7.216,
20103.3,heavy,3102,0,4.217,ECONNREFUSED
20106.7,heavy,3102,0,5.400,ECONNREFUSED
20110.0,heavy,3103,0,1.958,
20113.3,heavy,3101,1,3.221,
20116.7,heavy,3102,0,2.297,ECONNREFUSED
20120.0,heavy,3103,0,1.216,
20123.3,heavy,3101,1,4.099,
20126.7,heavy,3102,0,3.179,ECONNREFUSED
20130.0,heavy,3103,1,1.543,
20133.3,heavy,3101,0,5.023,
20136.7,heavy,3102,0,3.148,ECONNREFUSED
20140.0,heavy,3103,0,1.190,
20143.3,heavy,3101,0,3.879,
20146.7,heavy,3102,0,3.115,ECONNREFUSED
20150.0,heavy,3103,1,1.636,
20153.3,heavy,3101,1,3.064,
20156.7,heavy,3102,0,2.265,ECONNREFUSED
20160.0,heavy,3103,1,1.331,
20163.3,heavy,3101,0,3.348,
20166.7,heavy,3102,0,2.735,ECONNREFUSED
20170.0,heavy,3103,0,1.075,
20173.3,heavy,3101,0,4.117,
20176.7,heavy,3102,0,2.990,ECONNREFUSED
20180.0,heavy,3103,1,1.256,
20183.3,heavy,3101,1,3.097,
20186.7,heavy,3102,0,2.447,ECONNREFUSED
20190.0,heavy,3103,1,1.650,
20193.3,heavy,3101,0,3.442,
20196.7,heavy,3102,0,2.286,ECONNREFUSED
20200.0,heavy,3103,1,2.622,
20200.0,light-3,3103,1,3.358,
20200.0,light-1,3101,1,4.498,
20200.0,light-2,3102,0,4.895,ECONNREFUSED
20200.0,light-4,3101,1,5.709,
20200.0,light-5,3102,0,6.056,ECONNREFUSED
20203.3,heavy,3101,0,5.428,
20206.7,heavy,3102,0,5.057,ECONNREFUSED
20210.0,heavy,3103,0,2.947,
20213.3,heavy,3103,1,2.508,
20216.7,heavy,3101,0,2.853,
20220.0,heavy,3102,0,2.176,ECONNREFUSED
20223.3,heavy,3103,1,1.243,
20226.7,heavy,3101,0,3.068,
20230.0,heavy,3102,0,1.654,ECONNREFUSED
20233.3,heavy,3103,1,1.144,
20236.7,heavy,3101,0,3.757,
20240.0,heavy,3102,0,2.831,ECONNREFUSED
20243.3,heavy,3103,1,1.538,
20246.7,heavy,3101,0,3.802,
20250.0,heavy,3102,0,3.565,ECONNREFUSED
20253.3,heavy,3103,1,1.423,
20256.7,heavy,3101,0,3.445,
20260.0,heavy,3102,0,2.760,ECONNREFUSED
20263.3,heavy,3103,1,1.339,
20266.7,heavy,3101,0,3.189,
20270.0,heavy,3102,0,1.872,ECONNREFUSED
20273.3,heavy,3103,1,1.422,
20276.7,heavy,3101,0,3.268,
20280.0,heavy,3102,0,3.515,ECONNREFUSED
20283.3,heavy,3103,1,0.999,
20286.7,heavy,3101,0,4.150,
20290.0,heavy,3102,0,2.850,ECONNREFUSED
20293.3,heavy,3103,1,1.770,
20296.7,heavy,3101,0,4.285,
20300.0,heavy,3102,0,4.518,ECONNREFUSED
20300.0,light-5,3101,1,3.487,
20300.0,light-4,3103,1,3.678,
20300.0,light-3,3102,0,4.375,ECONNREFUSED
20300.0,light-1,3103,1,4.717,
20300.0,light-2,3101,1,4.781,
20303.3,heavy,3102,0,3.866,ECONNREFUSED
20306.7,heavy,3103,1,1.129,
20310.0,heavy,3101,0,3.322,
20313.3,heavy,3102,0,2.145,ECONNREFUSED
20316.7,heavy,3103,1,1.428,
20320.0,heavy,3101,0,3.540,
20323.3,heavy,3102,0,2.349,ECONNREFUSED
20326.7,heavy,3103,1,1.369,
20330.0,heavy,3101,0,3.022,
20333.3,heavy,3102,0,2.336,ECONNREFUSED
20336.7,heavy,3103,1,1.207,
20340.0,heavy,3101,1,3.367,
20343.3,heavy,3102,0,2.693,ECONNREFUSED
20346.7,heavy,3103,1,1.563,
20350.0,heavy,3101,0,3.731,
20353.3,heavy,3102,0,2.769,ECONNREFUSED
20356.7,heavy,3103,0,1.802,
20360.0,heavy,3101,0,3.523,
20363.3,heavy,3102,0,2.220,ECONNREFUSED
20366.7,heavy,3103,1,1.900,
20370.0,heavy,3101,1,3.465,
20373.3,heavy,3102,0,2.537,ECONNREFUSED
20376.7,heavy,3103,0,0.982,
20380.0,heavy,3101,0,4.103,
20383.3,heavy,3102,0,2.911,ECONNREFUSED
20386.7,heavy,3103,1,1.227,
20390.0,heavy,3101,0,4.912,
20393.3,heavy,3102,0,2.953,ECONNREFUSED
20396.7,heavy,3103,1,2.657,
20400.0,heavy,3101,1,7.789,
20400.0,light-4,3103,1,3.414,
20400.0,light-5,3101,1,5.834,
20400.0,light-3,3102,0,6.409,ECONNREFUSED
20400.0,light-1,3103,1,7.360,
20400.0,light-2,3101,1,8.288,
20403.3,heavy,3102,0,5.402,ECONNREFUSED
20406.7,heavy,3102,0,7.358,ECONNREFUSED
20410.0,heavy,3103,0,2.998,
20413.3,heavy,3101,1,2.965,
20416.7,heavy,3102,0,2.149,ECONNREFUSED
20420.0,heavy,3103,0,1.205,
20423.3,heavy,3101,1,5.485,
20426.7,heavy,3102,0,4.319,ECONNREFUSED
20430.0,heavy,3103,1,2.206,
20433.3,heavy,3101,0,5.422,
20436.7,heavy,3102,0,4.180,ECONNREFUSED
20440.0,heavy,3103,0,1.786,
20443.3,heavy,3101,1,5.005,
20446.7,heavy,3102,0,3.589,ECONNREFUSED
20450.0,heavy,3103,1,2.220,
20453.3,heavy,3101,0,4.216,
20456.7,heavy,3102,0,3.136,ECONNREFUSED
20460.0,heavy,3103,0,1.144,
20463.3,heavy,3101,1,4.737,
20466.7,heavy,3102,0,4.045,ECONNREFUSED
20470.0,heavy,3103,0,2.590,
20473.3,heavy,3101,1,3.906,
20476.7,heavy,3102,0,2.645,ECONNREFUSED
20480.0,heavy,3103,0,1.299,
20483.3,heavy,3101,1,2.951,
20486.7,heavy,3102,0,1.915,ECONNREFUSED
20490.0,heavy,3103,1,1.496,
20493.3,heavy,3101,0,4.670,
20496.7,heavy,3102,0,6.375,ECONNREFUSED
20500.0,heavy,3103,0,2.019,
20500.0,light-3,3103,1,3.132,
20500.0,light-1,3101,1,4.704,
20500.0,light-2,3102,0,6.128,ECONNREFUSED
20500.0,light-4,3101,1,6.160,
20500.0,light-5,3102,0,6.877,ECONNREFUSED
20503.3,heavy,3103,1,2.784,
20506.7,heavy,3101,0,3.232,
20510.0,heavy,3102,0,2.235,ECONNREFUSED
20513.3,heavy,3103,1,1.291,
20516.7,heavy,3101,0,5.106,
20520.0,heavy,3102,0,3.443,ECONNREFUSED
20523.3,heavy,3103,1,1.151,
20526.7,heavy,3101,0,5.702,
20530.0,heavy,3102,0,2.366,ECONNREFUSED
20533.3,heavy,3103,1,1.220,
20536.7,heavy,3101,0,3.651,
20540.0,heavy,3102,0,2.903,ECONNREFUSED
20543.3,heavy,3103,1,1.474,
20546.7,heavy,3101,0,3.674,
20550.0,heavy,3102,0,2.209,ECONNREFUSED
20553.3,heavy,3103,1,1.075,
20556.7,heavy,3101,0,3.921,
20560.0,heavy,3102,0,2.115,ECONNREFUSED
20563.3,heavy,3103,0,1.156,
20566.7,heavy,3101,1,5.591,
20570.0,heavy,3102,0,3.283,ECONNREFUSED
20573.3,heavy,3103,1,2.044,
20576.7,heavy,3101,0,6.271,
20580.0,heavy,3102,0,2.780,ECONNREFUSED
20583.3,heavy,3103,1,1.252,
20586.7,heavy,3101,0,3.081,
20590.0,heavy,3102,0,2.263,ECONNREFUSED
20593.3,heavy,3103,1,1.454,
20596.7,heavy,3101,0,6.324,
20600.0,heavy,3102,0,5.388,ECONNREFUSED
20600.0,light-2,3103,1,3.252,
20600.0,light-1,3102,0,4.618,ECONNREFUSED
20600.0,light-4,3102,0,4.961,ECONNREFUSED
20600.0,light-5,3103,1,5.502,
20600.0,light-3,3101,1,7.828,
20603.3,heavy,3103,1,2.468,
20606.7,heavy,3101,0,7.264,
20610.0,heavy,3101,0,6.180,
20613.3,heavy,3102,0,3.046,ECONNREFUSED
20616.7,heavy,3103,1,1.247,
20620.0,heavy,3101,1,3.462,
20623.3,heavy,3102,0,3.138,ECONNREFUSED
20626.7,heavy,3103,0,1.339,
20630.0,heavy,3101,0,3.196,
20633.3,heavy,3102,0,3.214,ECONNREFUSED
20636.7,heavy,3103,1,1.043,
20640.0,heavy,3101,0,3.196,
20643.3,heavy,3102,0,2.095,ECONNREFUSED
20646.7,heavy,3103,1,1.958,
20650.0,heavy,3101,1,3.388,
20653.3,heavy,3102,0,2.593,ECONNREFUSED
20656.7,heavy,3103,0,1.284,
20660.0,heavy,3101,0,3.430,
20663.3,heavy,3102,0,2.973,ECONNREFUSED
20666.7,heavy,3103,1,1.666,
20670.0,heavy,3101,1,4.181,
20673.3,heavy,3102,0,3.091,ECONNREFUSED
20676.7,heavy,3103,0,1.443,
20680.0,heavy,3101,1,3.827,
20683.3,heavy,3102,0,2.799,ECONNREFUSED
20686.7,heavy,3103,0,1.787,
20690.0,heavy,3101,0,6.563,
20693.3,heavy,3102,0,5.262,ECONNREFUSED
20696.7,heavy,3103,1,2.121,
20700.0,heavy,3101,1,6.993,
20700.0,light-2,3103,1,3.134,
20700.0,light-1,3102,0,5.167,ECONNREFUSED
20700.0,light-4,3102,0,5.548,ECONNREFUSED
20700.0,light-5,3103,1,5.806,
20700.0,light-3,3101,1,6.917,
20703.3,heavy,3101,0,5.458,
20706.7,heavy,3102,0,2.346,ECONNREFUSED
20710.0,heavy,3103,0,1.075,
20713.3,heavy,3101,1,2.792,
20716.7,heavy,3102,0,2.390,ECONNREFUSED
20720.0,heavy,3103,0,0.982,
20723.3,heavy,3101,0,2.877,
20726.7,heavy,3102,0,2.198,ECONNREFUSED
20730.0,heavy,3103,1,1.298,
20733.3,heavy,3101,1,4.577,
20736.7,heavy,3102,0,3.066,ECONNREFUSED
20740.0,heavy,3103,1,1.791,
20743.3,heavy,3101,0,4.929,
20746.7,heavy,3102,0,3.279,ECONNREFUSED
20750.0,heavy,3103,0,1.578,
20753.3,heavy,3101,1,5.658,
20756.7,heavy,3102,0,2.865,ECONNREFUSED
20760.0,heavy,3103,1,1.711,
20763.3,heavy,3101,0,4.779,
20766.7,heavy,3102,0,10.414,ECONNREFUSED
20770.0,heavy,3103,1,1.215,
20773.3,heavy,3101,1,10.918,
20776.7,heavy,3102,0,2.641,ECONNREFUSED
20780.0,heavy,3103,0,1.364,
20783.3,heavy,3101,0,2.745,
20786.7,heavy,3102,0,3.340,ECONNREFUSED
20790.0,heavy,3103,0,1.246,
20793.3,heavy,3101,1,8.954,
20796.7,heavy,3102,0,5.635,ECONNREFUSED
20800.0,heavy,3103,1,2.500,
20800.0,light-2,3103,1,3.542,
20800.0,light-1,3102,0,5.538,ECONNREFUSED
20800.0,light-4,3102,0,5.866,ECONNREFUSED
20800.0,light-5,3103,1,7.849,
20800.0,light-3,3101,1,9.649,
20803.3,heavy,3101,0,9.212,
20806.7,heavy,3101,0,8.671,
20810.0,heavy,3102,0,4.599,ECONNREFUSED
20813.3,heavy,3103,1,1.507,
20816.7,heavy,3101,0,2.892,
20820.0,heavy,3102,0,3.254,ECONNREFUSED
20823.3,heavy,3103,1,1.606,
20826.7,heavy,3101,0,3.680,
20830.0,heavy,3102,0,4.575,ECONNREFUSED
20833.3,heavy,3103,1,1.231,
20836.7,heavy,3101,0,3.032,
20840.0,heavy,3102,0,1.985,ECONNREFUSED
20843.3,heavy,3103,1,1.382,
20846.7,heavy,3101,0,2.867,
20850.0,heavy,3102,0,2.204,ECONNREFUSED
20853.3,heavy,3103,1,2.278,
20856.7,heavy,3101,1,3.874,
20860.0,heavy,3102,0,3.327,ECONNREFUSED
20863.3,heavy,3103,0,1.596,
20866.7,heavy,3101,0,4.475,
20870.0,heavy,3102,0,3.274,ECONNREFUSED
20873.3,heavy,3103,1,1.206,
20876.7,heavy,3101,0,4.566,
20880.0,heavy,3102,0,2.674,ECONNREFUSED
20883.3,heavy,3103,1,1.464,
20886.7,heavy,3101,0,3.281,
20890.0,heavy,3102,0,2.967,ECONNREFUSED
20893.3,heavy,3103,1,1.517,
20896.7,heavy,3101,0,4.846,
20900.0,heavy,3102,1,20.386,
20900.0,light-2,3103,1,3.571,
20900.0,light-5,3103,1,4.066,
20900.0,light-3,3101,1,6.952,
20900.0,light-4,3102,1,22.393,
20900.0,light-1,3102,0,82.052,
20903.3,heavy,3103,1,3.659,
20906.7,heavy,3101,0,5.076,
20910.0,heavy,3101,1,4.707,
20913.3,heavy,3102,1,86.165,
20916.7,heavy,3103,0,0.957,
20920.0,heavy,3101,1,3.527,
20923.3,heavy,3102,1,78.937,
20926.7,heavy,3103,0,1.149,
20930.0,heavy,3101,0,2.644,
20933.3,heavy,3102,1,59.873,
20936.7,heavy,3103,1,1.127,
20940.0,heavy,3101,0,2.581,
20943.3,heavy,3102,1,43.244,
20946.7,heavy,3103,1,2.028,
20950.0,heavy,3101,1,3.011,
20953.3,heavy,3102,1,49.286,
20956.7,heavy,3103,0,1.077,
20960.0,heavy,3101,0,3.410,
20963.3,heavy,3102,1,35.579,
20966.7,heavy,3103,1,1.036,
20970.0,heavy,3101,0,3.799,
20973.3,heavy,3102,1,32.565,
20976.7,heavy,3103,1,2.370,
20980.0,heavy,3101,1,2.962,
20983.3,heavy,3102,1,21.869,
20986.7,heavy,3103,0,1.021,
20990.0,heavy,3101,0,2.770,
20993.3,heavy,3102,1,17.059,
20996.7,heavy,3103,1,0.930,
21000.0,heavy,3101,0,4.225,
21000.0,light-2,3103,1,1.304,
21000.0,light-5,3103,1,3.920,
21000.0,light-3,3101,1,4.150,
21000.0,light-4,3102,1,13.092,
21000.0,light-1,3102,1,59.869,
21003.3,heavy,3101,1,3.466,
21006.7,heavy,3102,1,7.613,
21010.0,heavy,3103,0,1.115,
21013.3,heavy,3101,1,3.183,
21016.7,heavy,3102,1,13.860,
21020.0,heavy,3103,1,1.308,
21023.3,heavy,3101,0,3.086,
21026.7,heavy,3102,1,9.996,
21030.0,heavy,3103,0,1.467,
21033.3,heavy,3101,1,2.587,
21036.7,heavy,3102,1,4.940,
21040.0,heavy,3103,0,1.006,
21043.3,heavy,3101,1,3.098,
21046.7,heavy,3102,1,16.191,
21050.0,heavy,3103,0,1.457,
21053.3,heavy,3101,0,3.226,
21056.7,heavy,3102,1,4.471,
21060.0,heavy,3103,1,1.114,
21063.3,heavy,3101,1,2.699,
21066.7,heavy,3102,1,1.838,
21070.0,heavy,3103,1,4.152,
21073.3,heavy,3101,1,3.180,
21076.7,heavy,3102,1,2.429,
21080.0,heavy,3103,1,5.668,
21083.3,heavy,3101,1,4.163,
21086.7,heavy,3102,1,2.180,
21090.0,heavy,3103,1,5.038,
21093.3,heavy,3101,1,4.070,
21096.7,heavy,3102,1,1.447,
21100.0,heavy,3103,1,6.788,
21100.0,light-5,3101,1,3.211,
21100.0,light-2,3101,1,4.650,
21100.0,light-1,3103,1,5.224,
21100.0,light-4,3103,1,9.252,
21100.0,light-3,3102,1,14.693,
21103.3,heavy,3101,1,6.941,
21106.7,heavy,3102,1,1.581,
21110.0,heavy,3102,1,6.002,
21113.3,heavy,3103,1,6.033,
21116.7,heavy,3101,1,5.038,
21120.0,heavy,3102,1,2.048,
21123.3,heavy,3103,1,3.378,
21126.7,heavy,3101,1,3.584,
21130.0,heavy,3102,1,1.386,
21133.3,heavy,3103,1,4.123,
21136.7,heavy,3101,1,4.725,
21140.0,heavy,3102,1,1.593,
21143.3,heavy,3103,1,3.987,
21146.7,heavy,3101,1,3.611,
21150.0,heavy,3102,1,1.230,
21153.3,heavy,3103,1,3.706,
21156.7,heavy,3101,1,3.080,
21160.0,heavy,3102,1,1.507,
21163.3,heavy,3103,1,3.372,
21166.7,heavy,3101,1,3.466,
21170.0,heavy,3102,1,1.348,
21173.3,heavy,3103,1,5.788,
21176.7,heavy,3101,1,3.125,
21180.0,heavy,3102,1,1.504,
21183.3,heavy,3103,1,6.378,
21186.7,heavy,3101,1,6.862,
21190.0,heavy,3102,1,1.372,
21193.3,heavy,3103,1,3.398,
21196.7,heavy,3101,1,3.760,
21200.0,heavy,3102,1,1.718,
21200.0,light-5,3101,1,2.080,
21200.0,light-2,3101,1,4.034,
21200.0,light-1,3103,1,4.529,
21200.0,light-4,3103,1,6.938,
21200.0,light-3,3102,1,8.727,
21203.3,heavy,3102,1,2.344,
21206.7,heavy,3103,1,4.196,
21210.0,heavy,3101,1,3.294,
21213.3,heavy,3102,1,1.303,
21216.7,heavy,3103,1,3.236,
21220.0,heavy,3101,1,3.401,
21223.3,heavy,3102,1,1.517,
21226.7,heavy,3103,1,3.811,
21230.0,heavy,3101,1,4.370,
21233.3,heavy,3102,1,1.574,
21236.7,heavy,3103,1,3.250,
21240.0,heavy,3101,1,3.304,
21243.3,heavy,3102,1,1.068,
21246.7,heavy,3103,1,3.354,
21250.0,heavy,3101,1,3.264,
21253.3,heavy,3102,1,1.590,
21256.7,heavy,3103,1,3.411,
21260.0,heavy,3101,1,3.693,
21263.3,heavy,3102,1,1.681,
21266.7,heavy,3103,1,3.298,
21270.0,heavy,3101,1,3.058,
21273.3,heavy,3102,1,1.630,
21276.7,heavy,3103,1,3.420,
21280.0,heavy,3101,1,3.499,
21283.3,heavy,3102,1,1.497,
21286.7,heavy,3103,1,3.922,
21290.0,heavy,3101,1,3.123,
21293.3,heavy,3102,1,1.743,
21296.7,heavy,3103,1,3.107,
21300.0,heavy,3101,1,6.209,
21300.0,light-2,3103,1,0.972,
21300.0,light-4,3102,1,3.265,
21300.0,light-3,3101,1,4.059,
21300.0,light-5,3103,1,4.200,
21300.0,light-1,3102,1,9.789,
21303.3,heavy,3101,1,4.768,
21306.7,heavy,3102,1,1.864,
21310.0,heavy,3103,1,3.349,
21313.3,heavy,3101,1,3.283,
21316.7,heavy,3102,1,1.690,
21320.0,heavy,3103,1,4.029,
21323.3,heavy,3101,1,3.207,
21326.7,heavy,3102,1,1.530,
21330.0,heavy,3103,1,4.204,
21333.3,heavy,3101,1,3.497,
21336.7,heavy,3102,1,1.609,
21340.0,heavy,3103,1,5.042,
21343.3,heavy,3101,1,3.020,
21346.7,heavy,3102,1,1.575,
21350.0,heavy,3103,1,3.822,
21353.3,heavy,3101,1,3.032,
21356.7,heavy,3102,1,1.343,
21360.0,heavy,3103,1,3.518,
21363.3,heavy,3101,1,3.568,
21366.7,heavy,3102,1,1.286,
21370.0,heavy,3103,1,3.170,
21373.3,heavy,3101,1,3.215,
21376.7,heavy,3102,1,1.461,
21380.0,heavy,3103,1,3.695,
21383.3,heavy,3101,1,3.969,
21386.7,heavy,3102,1,1.506,
21390.0,heavy,3103,1,2.979,
21393.3,heavy,3101,1,3.310,
21396.7,heavy,3102,1,1.171,
21400.0,heavy,3103,1,7.703,
21400.0,light-1,3101,1,1.985,
21400.0,light-3,3103,1,2.242,
21400.0,light-4,3101,1,7.901,
21400.0,light-2,3102,1,14.188,
21400.0,light-5,3102,1,16.201,
21403.3,heavy,3103,1,6.994,
21406.7,heavy,3101,1,11.184,
21410.0,heavy,3102,1,9.618,
21413.3,heavy,3103,1,8.098,
21416.7,heavy,3101,1,8.663,
21420.0,heavy,3102,1,5.706,
21423.3,heavy,3103,1,3.421,
21426.7,heavy,3101,1,3.630,
21430.0,heavy,3102,1,1.204,
21433.3,heavy,3103,1,2.810,
21436.7,heavy,3101,1,3.933,
21440.0,heavy,3102,1,1.552,
21443.3,heavy,3103,1,3.749,
21446.7,heavy,3101,1,4.320,
21450.0,heavy,3102,1,1.886,
21453.3,heavy,3103,1,5.073,
21456.7,heavy,3101,1,4.094,
21460.0,heavy,3102,1,2.526,
21463.3,heavy,3103,1,5.762,
21466.7,heavy,3101,1,5.209,
21470.0,heavy,3102,1,1.698,
21473.3,heavy,3103,1,3.745,
21476.7,heavy,3101,1,3.146,
21480.0,heavy,3102,1,1.024,
21483.3,heavy,3103,1,3.181,
21486.7,heavy,3101,1,3.477,
21490.0,heavy,3102,1,1.206,
21493.3,heavy,3103,1,3.320,
21496.7,heavy,3101,1,3.258,
21500.0,heavy,3102,1,1.570,
21500.0,light-5,3101,1,2.196,
21500.0,light-1,3103,1,4.366,
21500.0,light-2,3101,1,4.725,
21500.0,light-4,3103,1,6.804,
21500.0,light-3,3102,1,7.158,
21503.3,heavy,3102,1,4.154,
21506.7,heavy,3103,1,4.700,
21510.0,heavy,3101,1,2.840,
21513.3,heavy,3102,1,1.883,
21516.7,heavy,3103,1,4.473,
21520.0,heavy,3101,1,3.747,
21523.3,heavy,3102,1,2.323,
21526.7,heavy,3103,1,5.361,
21530.0,heavy,3101,1,4.383,
21533.3,heavy,3102,1,1.315,
21536.7,heavy,3103,1,3.093,
21540.0,heavy,3101,0,3.315,
21543.3,heavy,3102,0,1.122,
21546.7,heavy,3103,0,4.339,
21550.0,heavy,3101,0,2.963,
21553.3,heavy,3102,1,1.547,
21556.7,heavy,3103,0,5.081,
21560.0,heavy,3101,0,3.804,
21563.3,heavy,3102,1,1.466,
21566.7,heavy,3103,0,4.151,
21570.0,heavy,3101,1,3.258,
21573.3,heavy,3102,0,1.289,
21576.7,heavy,3103,0,3.033,
21580.0,heavy,3101,0,3.450,
21583.3,heavy,3102,1,2.006,
21586.7,heavy,3103,0,3.840,
21590.0,heavy,3101,0,4.805,
21593.3,heavy,3102,1,1.535,
21596.7,heavy,3103,0,7.853,
21600.0,heavy,3101,0,6.536,
21600.0,light-5,3101,1,3.335,
21600.0,light-2,3101,1,5.438,
21600.0,light-1,3103,1,6.105,
21600.0,light-3,3102,1,7.810,
21600.0,light-4,3103,1,9.326,
21603.3,heavy,3102,1,1.607,
21606.7,heavy,3102,0,4.355,
21610.0,heavy,3103,1,6.931,
21613.3,heavy,3101,0,3.441,
21616.7,heavy,3102,0,1.066,
21620.0,heavy,3103,0,4.262,
21623.3,heavy,3101,1,2.686,
21626.7,heavy,3102,0,1.494,
21630.0,heavy,3103,0,2.992,
21633.3,heavy,3101,0,3.284,
21636.7,heavy,3102,1,2.023,
21640.0,heavy,3103,0,3.203,
21643.3,heavy,3101,1,3.066,
21646.7,heavy,3102,0,1.434,
21650.0,heavy,3103,1,3.158,
21653.3,heavy,3101,0,3.250,
21656.7,heavy,3102,0,1.340,
21660.0,heavy,3103,0,3.284,
21663.3,heavy,3101,0,3.337,
21666.7,heavy,3102,1,1.100,
21670.0,heavy,3103,0,2.441,
21673.3,heavy,3101,1,3.345,
21676.7,heavy,3102,0,1.226,
21680.0,heavy,3103,1,3.272,
21683.3,heavy,3101,0,3.514,
21686.7,heavy,3102,0,0.968,
21690.0,heavy,3103,0,4.850,
21693.3,heavy,3101,0,3.128,
21696.7,heavy,3102,1,1.587,
21700.0,heavy,3103,1,6.711,
21700.0,light-1,3101,1,1.952,
21700.0,light-3,3103,1,2.304,
21700.0,light-4,3101,1,6.933,
21700.0,light-2,3102,1,7.978,
21700.0,light-5,3102,1,9.556,
21703.3,heavy,3103,0,5.395,
21706.7,heavy,3101,0,4.189,
21710.0,heavy,3102,0,0.819,
21713.3,heavy,3103,1,3.711,
21716.7,heavy,3101,0,3.150,
21720.0,heavy,3102,0,1.132,
21723.3,heavy,3103,1,2.901,
21726.7,heavy,3101,1,3.846,
21730.0,heavy,3102,0,1.366,
21733.3,heavy,3103,0,3.556,
21736.7,heavy,3101,0,2.841,
21740.0,heavy,3102,0,1.150,
21743.3,heavy,3103,1,2.948,
21746.7,heavy,3101,0,2.501,
21750.0,heavy,3102,0,1.027,
21753.3,heavy,3103,0,4.757,
21756.7,heavy,3101,1,3.727,
21760.0,heavy,3102,1,1.521,
21763.3,heavy,3103,0,4.505,
21766.7,heavy,3101,0,3.242,
21770.0,heavy,3102,0,1.548,
21773.3,heavy,3103,0,4.380,
21776.7,heavy,3101,1,3.617,
21780.0,heavy,3102,0,1.201,
21783.3,heavy,3103,0,4.296,
21786.7,heavy,3101,1,3.192,
21790.0,heavy,3102,1,1.482,
21793.3,heavy,3103,0,3.469,
21796.7,heavy,3101,0,3.886,
21800.0,heavy,3102,0,2.618,
21800.0,light-5,3101,1,2.736,
21800.0,light-1,3103,1,5.068,
21800.0,light-2,3101,1,5.119,
21800.0,light-4,3103,1,5.966,
21800.0,light-3,3102,1,6.663,
21803.3,heavy,3102,1,2.358,
21806.7,heavy,3103,0,4.041,
21810.0,heavy,3101,1,4.124,
21813.3,heavy,3102,0,1.717,
21816.7,heavy,3103,0,6.027,
21820.0,heavy,3101,0,5.007,
21823.3,heavy,3102,1,1.961,
21826.7,heavy,3103,1,5.721,
21830.0,heavy,3101,0,5.821,
21833.3,heavy,3102,0,2.001,
21836.7,heavy,3103,0,4.455,
21840.0,heavy,3101,1,5.267,
21843.3,heavy,3102,0,1.580,
21846.7,heavy,3103,0,3.016,
21850.0,heavy,3101,0,3.002,
21853.3,heavy,3102,1,1.105,
21856.7,heavy,3103,1,4.115,
21860.0,heavy,3101,0,4.537,
21863.3,heavy,3102,0,1.471,
21866.7,heavy,3103,0,3.728,
21870.0,heavy,3101,0,3.748,
21873.3,heavy,3102,1,1.551,
21876.7,heavy,3103,0,4.556,
21880.0,heavy,3101,0,3.905,
21883.3,heavy,3102,1,1.622,
21886.7,heavy,3103,0,5.355,
21890.0,heavy,3101,0,4.695,
21893.3,heavy,3102,1,1.591,
21896.7,heavy,3103,0,3.659,
21900.0,heavy,3101,1,6.323,
21900.0,light-2,3103,1,1.296,
21900.0,light-4,3102,1,3.206,
21900.0,light-5,3103,1,4.427,
21900.0,light-3,3101,1,4.681,
21900.0,light-1,3102,1,5.123,
21903.3,heavy,3101,0,4.371,
21906.7,heavy,3102,0,1.349,
21910.0,heavy,3103,0,4.714,
21913.3,heavy,3101,1,3.874,
21916.7,heavy,3102,1,1.586,
21920.0,heavy,3103,0,4.550,
21923.3,heavy,3101,0,4.382,
21926.7,heavy,3102,0,1.090,
21930.0,heavy,3103,0,4.039,
21933.3,heavy,3101,0,3.082,
21936.7,heavy,3102,1,1.378,
21940.0,heavy,3103,0,3.672,
21943.3,heavy,3101,1,3.121,
21946.7,heavy,3102,1,1.390,
21950.0,heavy,3103,0,3.184,
21953.3,heavy,3101,0,2.653,
21956.7,heavy,3102,0,0.972,
21960.0,heavy,3103,1,5.171,
21963.3,heavy,3101,0,4.371,
21966.7,heavy,3102,1,1.573,
21970.0,heavy,3103,0,5.477,
21973.3,heavy,3101,0,2.723,
21976.7,heavy,3102,0,1.411,
21980.0,heavy,3103,0,3.792,
21983.3,heavy,3101,0,3.092,
21986.7,heavy,3102,1,1.341,
21990.0,heavy,3103,0,3.373,
21993.3,heavy,3101,1,2.885,
21996.7,heavy,3102,1,1.933,
22000.0,heavy,3103,0,6.244,
22000.0,light-1,3101,1,1.748,
22000.0,light-3,3103,1,2.706,
22000.0,light-4,3101,1,6.545,
22000.0,light-2,3102,1,7.165,
22000.0,light-5,3102,1,8.297,
22003.3,heavy,3103,0,5.077,
22006.7,heavy,3101,0,3.532,
22010.0,heavy,3102,0,2.297,
22013.3,heavy,3103,0,3.964,
22016.7,heavy,3101,1,3.231,
22020.0,heavy,3102,0,1.193,
22023.3,heavy,3103,0,4.174,
22026.7,heavy,3101,1,3.413,
22030.0,heavy,3102,1,1.600,
22033.3,heavy,3103,0,4.970,
22036.7,heavy,3101,0,2.883,
22040.0,heavy,3102,0,1.390,
22043.3,heavy,3103,0,3.849,
22046.7,heavy,3101,1,3.055,
22050.0,heavy,3102,0,1.098,
22053.3,heavy,3103,0,3.683,
22056.7,heavy,3101,1,2.927,
22060.0,heavy,3102,1,1.303,
22063.3,heavy,3103,0,4.266,
22066.7,heavy,3101,0,3.646,
22070.0,heavy,3102,0,1.477,
22073.3,heavy,3103,0,4.296,
22076.7,heavy,3101,1,3.408,
22080.0,heavy,3102,1,1.016,
22083.3,heavy,3103,0,2.737,
22086.7,heavy,3101,0,3.930,
22090.0,heavy,3102,1,1.386,
22093.3,heavy,3103,0,3.155,
22096.7,heavy,3101,0,2.946,
22100.0,heavy,3102,0,1.645,
22100.0,light-5,3101,1,2.287,
22100.0,light-2,3101,1,4.832,
22100.0,light-1,3103,1,5.139,
22100.0,light-4,3103,1,5.948,
22100.0,light-3,3102,1,6.597,
22103.3,heavy,3102,1,1.150,
22106.7,heavy,3103,0,3.181,
22110.0,heavy,3101,0,2.521,
22113.3,heavy,3102,1,1.306,
22116.7,heavy,3103,0,4.430,
22120.0,heavy,3101,0,3.155,
22123.3,heavy,3102,1,1.540,
22126.7,heavy,3103,0,3.878,
22130.0,heavy,3101,0,3.127,
22133.3,heavy,3102,1,1.274,
22136.7,heavy,3103,0,2.950,
22140.0,heavy,3101,0,3.417,
22143.3,heavy,3102,1,0.998,
22146.7,heavy,3103,0,4.224,
22150.0,heavy,3101,0,4.230,
22153.3,heavy,3102,1,1.675,
22156.7,heavy,3103,0,4.215,
22160.0,heavy,3101,0,2.972,
22163.3,heavy,3102,1,1.158,
22166.7,heavy,3103,0,3.806,
22170.0,heavy,3101,1,2.928,
22173.3,heavy,3102,0,1.023,
22176.7,heavy,3103,0,3.812,
22180.0,heavy,3101,0,4.226,
22183.3,heavy,3102,1,1.576,
22186.7,heavy,3103,0,4.546,
22190.0,heavy,3101,1,2.707,
22193.3,heavy,3102,0,1.029,
22196.7,heavy,3103,0,7.293,
22200.0,heavy,3101,0,5.731,
22200.0,light-5,3101,1,3.806,
22200.0,light-2,3101,1,6.412,
22200.0,light-3,3102,1,6.998,
22200.0,light-1,3103,1,7.445,
22200.0,light-4,3103,1,8.172,
22203.3,heavy,3102,1,1.716,
22206.7,heavy,3102,0,1.420,
22210.0,heavy,3103,1,4.750,
22213.3,heavy,3101,0,4.020,
22216.7,heavy,3102,0,1.156,
22220.0,heavy,3103,0,2.997,
22223.3,heavy,3101,1,3.668,
22226.7,heavy,3102,0,1.406,
22230.0,heavy,3103,0,3.799,
22233.3,heavy,3101,1,2.979,
22236.7,heavy,3102,0,0.965,
22240.0,heavy,3103,1,4.248,
22243.3,heavy,3101,0,4.573,
22246.7,heavy,3102,1,1.463,
22250.0,heavy,3103,0,5.080,
22253.3,heavy,3101,0,5.368,
22256.7,heavy,3102,0,1.336,
22260.0,heavy,3103,0,3.949,
22263.3,heavy,3101,0,3.520,
22266.7,heavy,3102,1,1.440,
22270.0,heavy,3103,0,3.837,
22273.3,heavy,3101,1,2.897,
22276.7,heavy,3102,0,1.115,
22280.0,heavy,3103,1,3.258,
22283.3,heavy,3101,0,3.570,
22286.7,heavy,3102,0,1.330,
22290.0,heavy,3103,0,7.682,
22293.3,heavy,3101,1,5.868,
22296.7,heavy,3102,1,1.433,
22300.0,heavy,3103,0,7.993,
22300.0,light-1,3101,1,2.161,
22300.0,light-3,3103,1,4.793,
22300.0,light-4,3101,1,6.652,
22300.0,light-5,3102,1,7.266,
22300.0,light-2,3102,1,8.722,
22303.3,heavy,3103,0,5.277,
22306.7,heavy,3101,0,3.884,
22310.0,heavy,3102,0,0.894,
22313.3,heavy,3103,1,3.633,
22316.7,heavy,3101,0,3.464,
22320.0,heavy,3102,1,1.396,
22323.3,heavy,3103,0,4.275,
22326.7,heavy,3101,0,3.226,
22330.0,heavy,3102,0,1.402,
22333.3,heavy,3103,1,3.649,
22336.7,heavy,3101,0,3.251,
22340.0,heavy,3102,1,1.385,
22343.3,heavy,3103,0,4.037,
22346.7,heavy,3101,0,3.585,
22350.0,heavy,3102,0,1.014,
22353.3,heavy,3103,0,4.110,
22356.7,heavy,3101,1,3.342,
22360.0,heavy,3102,1,1.357,
22363.3,heavy,3103,0,3.705,
22366.7,heavy,3101,0,3.697,
22370.0,heavy,3102,0,1.412,
22373.3,heavy,3103,0,4.871,
22376.7,heavy,3101,1,3.791,
22380.0,heavy,3102,0,1.200,
22383.3,heavy,3103,0,5.118,
22386.7,heavy,3101,1,3.058,
22390.0,heavy,3102,1,1.735,
22393.3,heavy,3103,0,4.228,
22396.7,heavy,3101,0,2.869,
22400.0,heavy,3102,0,1.479,
22400.0,light-5,3101,1,2.336,
22400.0,light-2,3101,1,4.191,
22400.0,light-1,3103,1,4.440,
22400.0,light-4,3103,1,5.375,
22400.0,light-3,3102,1,5.930,
22403.3,heavy,3102,1,2.071,
22406.7,heavy,3103,0,2.711,
22410.0,heavy,3101,1,3.726,
22413.3,heavy,3102,1,2.227,
22416.7,heavy,3103,0,3.509,
22420.0,heavy,3101,0,3.912,
22423.3,heavy,3102,0,1.564,
22426.7,heavy,3103,0,2.678,
22430.0,heavy,3101,0,5.397,
22433.3,heavy,3102,1,1.456,
22436.7,heavy,3103,0,2.771,
22440.0,heavy,3101,0,2.582,
22443.3,heavy,3102,1,1.137,
22446.7,heavy,3103,0,4.381,
22450.0,heavy,3101,0,3.297,
22453.3,heavy,3102,1,1.429,
22456.7,heavy,3103,0,3.354,
22460.0,heavy,3101,0,2.997,
22463.3,heavy,3102,1,1.752,
22466.7,heavy,3103,0,3.707,
22470.0,heavy,3101,0,3.137,
22473.3,heavy,3102,1,1.157,
22476.7,heavy,3103,0,4.735,
22480.0,heavy,3101,0,3.839,
22483.3,heavy,3102,1,1.179,
22486.7,heavy,3103,0,3.764,
22490.0,heavy,3101,0,2.905,
22493.3,heavy,3102,1,1.710,
22496.7,heavy,3103,0,6.558,
22500.0,heavy,3101,1,6.266,
22500.0,light-2,3103,1,2.280,
22500.0,light-4,3102,1,3.633,
22500.0,light-3,3101,1,5.270,
22500.0,light-5,3103,1,5.774,
22500.0,light-1,3102,1,6.091,
22503.3,heavy,3101,0,5.228,
22506.7,heavy,3102,0,1.951,
22510.0,heavy,3103,0,3.630,
22513.3,heavy,3101,0,4.218,
22516.7,heavy,3102,1,1.504,
22520.0,heavy,3103,0,3.512,
22523.3,heavy,3101,1,3.759,
22526.7,heavy,3102,0,1.506,
22530.0,heavy,3103,1,3.709,
22533.3,heavy,3101,0,3.526,
22536.7,heavy,3102,0,1.371,
22540.0,heavy,3103,0,3.572,
22543.3,heavy,3101,1,3.489,
22546.7,heavy,3102,0,1.338,
22550.0,heavy,3103,1,4.780,
22553.3,heavy,3101,0,3.916,
22556.7,heavy,3102,1,1.401,
22560.0,heavy,3103,0,4.831,
22563.3,heavy,3101,0,3.973,
22566.7,heavy,3102,0,0.918,
22570.0,heavy,3103,0,6.042,
22573.3,heavy,3101,0,4.351,
22576.7,heavy,3102,1,2.044,
22580.0,heavy,3103,1,4.879,
22583.3,heavy,3101,0,3.505,
22586.7,heavy,3102,0,1.418,
22590.0,heavy,3103,1,3.588,
22593.3,heavy,3101,0,3.864,
22596.7,heavy,3102,0,1.276,
22600.0,heavy,3103,1,7.929,
22600.0,light-1,3101,1,1.188,
22600.0,light-3,3103,1,2.295,
22600.0,light-4,3101,1,8.375,
22600.0,light-2,3102,1,8.610,
22600.0,light-5,3102,1,9.543,
22603.3,heavy,3103,0,3.635,
22606.7,heavy,3101,0,3.612,
22610.0,heavy,3102,0,1.503,
22613.3,heavy,3103,0,5.150,
22616.7,heavy,3101,1,4.349,
22620.0,heavy,3102,1,1.499,
22623.3,heavy,3103,0,5.135,
22626.7,heavy,3101,0,4.961,
22630.0,heavy,3102,0,1.095,
22633.3,heavy,3103,1,5.128,
22636.7,heavy,3101,0,3.642,
22640.0,heavy,3102,1,1.521,
22643.3,heavy,3103,0,3.840,
22646.7,heavy,3101,0,2.969,
22650.0,heavy,3102,1,1.437,
22653.3,heavy,3103,0,2.685,
22656.7,heavy,3101,0,3.080,
22660.0,heavy,3102,0,0.808,
22663.3,heavy,3103,1,4.228,
22666.7,heavy,3101,0,3.498,
22670.0,heavy,3102,1,1.308,
22673.3,heavy,3103,0,4.177,
22676.7,heavy,3101,0,2.697,
22680.0,heavy,3102,0,0.993,
22683.3,heavy,3103,1,3.058,
22686.7,heavy,3101,0,3.248,
22690.0,heavy,3102,0,1.074,
22693.3,heavy,3103,1,2.898,
22696.7,heavy,3101,0,6.486,
22700.0,heavy,3102,1,1.806,
22700.0,light-1,3101,1,2.376,
22700.0,light-3,3103,1,2.522,
22700.0,light-4,3101,1,6.726,
22700.0,light-2,3102,1,7.050,
22700.0,light-5,3102,1,8.583,
22703.3,heavy,3103,0,6.717,
22706.7,heavy,3103,0,5.517,
22710.0,heavy,3101,1,4.426,
22713.3,heavy,3102,0,1.485,
22716.7,heavy,3103,0,3.704,
22720.0,heavy,3101,0,2.925,
22723.3,heavy,3102,1,0.872,
22726.7,heavy,3103,0,4.716,
22730.0,heavy,3101,0,3.591,
22733.3,heavy,3102,1,1.411,
22736.7,heavy,3103,0,4.365,
22740.0,heavy,3101,0,3.773,
22743.3,heavy,3102,1,1.526,
22746.7,heavy,3103,0,5.184,
22750.0,heavy,3101,1,4.149,
22753.3,heavy,3102,0,1.453,
22756.7,heavy,3103,0,3.479,
22760.0,heavy,3101,0,3.462,
22763.3,heavy,3102,1,1.414,
22766.7,heavy,3103,0,3.565,
22770.0,heavy,3101,1,3.908,
22773.3,heavy,3102,1,1.216,
22776.7,heavy,3103,0,4.080,
22780.0,heavy,3101,0,3.924,
22783.3,heavy,3102,0,0.950,
22786.7,heavy,3103,0,4.755,
22790.0,heavy,3101,0,3.316,
22793.3,heavy,3102,1,1.319,
22796.7,heavy,3103,0,4.530,
22800.0,heavy,3101,1,5.553,
22800.0,light-2,3103,1,1.327,
22800.0,light-4,3102,1,3.437,
22800.0,light-5,3103,1,4.292,
22800.0,light-1,3102,1,4.676,
22800.0,light-3,3101,1,4.675,
22803.3,heavy,3101,0,3.814,
22806.7,heavy,3102,0,1.085,
22810.0,heavy,3103,1,3.501,
22813.3,heavy,3101,0,3.287,
22816.7,heavy,3102,0,1.193,
22820.0,heavy,3103,0,3.001,
22823.3,heavy,3101,1,3.355,
22826.7,heavy,3102,0,1.144,
22830.0,heavy,3103,1,4.683,
22833.3,heavy,3101,0,3.788,
22836.7,heavy,3102,1,1.261,
22840.0,heavy,3103,0,4.576,
22843.3,heavy,3101,0,4.376,
22846.7,heavy,3102,0,1.029,
22850.0,heavy,3103,0,4.391,
22853.3,heavy,3101,0,3.149,
22856.7,heavy,3102,1,1.270,
22860.0,heavy,3103,0,4.082,
22863.3,heavy,3101,1,3.119,
22866.7,heavy,3102,0,1.433,
22870.0,heavy,3103,1,3.565,
22873.3,heavy,3101,0,3.836,
22876.7,heavy,3102,0,0.864,
22880.0,heavy,3103,1,4.945,
22883.3,heavy,3101,0,3.458,
22886.7,heavy,3102,1,1.246,
22890.0,heavy,3103,0,5.545,
22893.3,heavy,3101,0,3.422,
22896.7,heavy,3102,0,1.001,
22900.0,heavy,3103,1,5.548,
22900.0,light-2,3103,1,2.715,
22900.0,light-4,3102,1,3.286,
22900.0,light-1,3102,1,5.001,
22900.0,light-5,3103,1,6.476,
22900.0,light-3,3101,1,7.247,
22903.3,heavy,3101,0,5.592,
22906.7,heavy,3101,0,4.639,
22910.0,heavy,3102,0,1.919,
22913.3,heavy,3103,1,3.469,
22916.7,heavy,3101,0,3.095,
22920.0,heavy,3102,0,1.280,
22923.3,heavy,3103,0,7.583,
22926.7,heavy,3101,1,6.371,
22930.0,heavy,3102,1,2.112,
22933.3,heavy,3103,0,7.350,
22936.7,heavy,3101,0,7.421,
22940.0,heavy,3102,1,1.329,
22943.3,heavy,3103,0,4.502,
22946.7,heavy,3101,0,3.082,
22950.0,heavy,3102,0,1.289,
22953.3,heavy,3103,0,3.782,
22956.7,heavy,3101,1,3.656,
22960.0,heavy,3102,1,1.230,
22963.3,heavy,3103,0,3.942,
22966.7,heavy,3101,0,4.015,
22970.0,heavy,3102,0,1.630,
22973.3,heavy,3103,1,3.646,
22976.7,heavy,3101,0,3.885,
22980.0,heavy,3102,1,1.357,
22983.3,heavy,3103,0,4.132,
22986.7,heavy,3101,0,2.645,
22990.0,heavy,3102,0,0.789,
22993.3,heavy,3103,0,6.690,
22996.7,heavy,3101,1,4.268,
23000.0,heavy,3102,1,1.427,
23000.0,light-5,3101,1,3.146,
23000.0,light-2,3101,1,5.584,
23000.0,light-1,3103,1,5.856,
23000.0,light-3,3102,1,5.915,
23000.0,light-4,3103,1,7.148,
23003.3,heavy,3102,0,0.962,
23006.7,heavy,3103,0,3.094,
23010.0,heavy,3101,0,3.239,
23013.3,heavy,3102,1,0.942,
23016.7,heavy,3103,0,4.636,
23020.0,heavy,3101,0,3.529,
23023.3,heavy,3102,1,1.415,
23026.7,heavy,3103,0,4.643,
23030.0,heavy,3101,1,4.410,
23033.3,heavy,3102,0,1.308,
23036.7,heavy,3103,0,4.303,
23040.0,heavy,3101,0,3.132,
23043.3,heavy,3102,1,1.615,
23046.7,heavy,3103,0,3.101,
23050.0,heavy,3101,0,2.692,
23053.3,heavy,3102,1,1.539,
23056.7,heavy,3103,0,3.999,
23060.0,heavy,3101,1,3.315,
23063.3,heavy,3102,0,1.201,
23066.7,heavy,3103,0,4.486,
23070.0,heavy,3101,0,3.571,
23073.3,heavy,3102,1,1.411,
23076.7,heavy,3103,0,5.202,
23080.0,heavy,3101,0,2.812,
23083.3,heavy,3102,1,1.379,
23086.7,heavy,3103,1,3.671,
23090.0,heavy,3101,0,4.021,
23093.3,heavy,3102,0,1.382,
23096.7,heavy,3103,0,3.252,
23100.0,heavy,3101,1,6.347,
23100.0,light-2,3103,1,1.300,
23100.0,light-4,3102,1,3.089,
23100.0,light-5,3103,1,5.336,
23100.0,light-1,3102,1,6.380,
23100.0,light-3,3101,1,8.239,
23103.3,heavy,3101,0,7.428,
23106.7,heavy,3102,0,1.176,
23110.0,heavy,3103,1,3.902,
23113.3,heavy,3101,0,2.945,
23116.7,heavy,3102,0,1.285,
23120.0,heavy,3103,0,2.542,
23123.3,heavy,3101,1,2.776,
23126.7,heavy,3102,1,1.580,
23130.0,heavy,3103,0,4.602,
23133.3,heavy,3101,0,3.112,
23136.7,heavy,3102,0,1.758,
23140.0,heavy,3103,1,3.925,
23143.3,heavy,3101,0,2.810,
23146.7,heavy,3102,1,1.351,
23150.0,heavy,3103,0,3.564,
23153.3,heavy,3101,0,3.256,
23156.7,heavy,3102,0,0.957,
23160.0,heavy,3103,0,4.510,
23163.3,heavy,3101,1,3.744,
23166.7,heavy,3102,1,1.356,
23170.0,heavy,3103,0,4.686,
23173.3,heavy,3101,0,2.888,
23176.7,heavy,3102,0,1.093,
23180.0,heavy,3103,0,3.511,
23183.3,heavy,3101,0,3.733,
23186.7,heavy,3102,1,1.350,
23190.0,heavy,3103,0,2.955,
23193.3,heavy,3101,1,2.979,
23196.7,heavy,3102,1,1.647,
23200.0,heavy,3103,0,5.854,
23200.0,light-1,3101,1,1.472,
23200.0,light-3,3103,1,2.485,
23200.0,light-4,3101,1,6.206,
23200.0,light-2,3102,1,6.423,
23200.0,light-5,3102,1,7.826,
23203.3,heavy,3103,0,6.302,
23206.7,heavy,3101,0,3.436,
23210.0,heavy,3102,0,1.034,
23213.3,heavy,3103,1,3.743,
23216.7,heavy,3101,0,3.981,
23220.0,heavy,3102,0,1.066,
23223.3,heavy,3103,1,4.146,
23226.7,heavy,3101,0,3.396,
23230.0,heavy,3102,1,1.192,
23233.3,heavy,3103,0,3.554,
23236.7,heavy,3101,0,3.400,
23240.0,heavy,3102,0,1.116,
23243.3,heavy,3103,0,3.542,
23246.7,heavy,3101,1,2.841,
23250.0,heavy,3102,0,1.075,
23253.3,heavy,3103,0,3.993,
23256.7,heavy,3101,1,3.087,
23260.0,heavy,3102,1,1.399,
23263.3,heavy,3103,0,4.484,
23266.7,heavy,3101,0,2.752,
23270.0,heavy,3102,0,1.230,
23273.3,heavy,3103,1,3.226,
23276.7,heavy,3101,0,3.551,
23280.0,heavy,3102,0,1.163,
23283.3,heavy,3103,1,3.517,
23286.7,heavy,3101,0,2.621,
23290.0,heavy,3102,1,1.568,
23293.3,heavy,3103,0,3.289,
23296.7,heavy,3101,0,2.793,
23300.0,heavy,3102,0,1.405,
23300.0,light-5,3101,1,2.442,
23300.0,light-2,3101,1,4.501,
23300.0,light-1,3103,1,4.706,
23300.0,light-3,3102,1,5.217,
23300.0,light-4,3103,1,5.412,
23303.3,heavy,3102,1,1.640,
23306.7,heavy,3103,0,2.991,
23310.0,heavy,3101,1,3.351,
23313.3,heavy,3102,0,0.886,
23316.7,heavy,3103,0,3.932,
23320.0,heavy,3101,0,3.054,
23323.3,heavy,3102,1,1.237,
23326.7,heavy,3103,0,2.986,
23330.0,heavy,3101,0,2.950,
23333.3,heavy,3102,1,0.852,
23336.7,heavy,3103,0,3.951,
23340.0,heavy,3101,0,3.118,
23343.3,heavy,3102,1,0.997,
23346.7,heavy,3103,0,3.688,
23350.0,heavy,3101,0,2.853,
23353.3,heavy,3102,1,1.294,
23356.7,heavy,3103,0,2.981,
23360.0,heavy,3101,1,3.223,
23363.3,heavy,3102,0,1.154,
23366.7,heavy,3103,0,3.431,
23370.0,heavy,3101,0,4.014,
23373.3,heavy,3102,1,1.246,
23376.7,heavy,3103,0,3.506,
23380.0,heavy,3101,0,2.754,
23383.3,heavy,3102,1,1.154,
23386.7,heavy,3103,0,3.679,
23390.0,heavy,3101,0,2.736,
23393.3,heavy,3102,1,0.850,
23396.7,heavy,3103,0,4.684,
23400.0,heavy,3101,1,4.870,
23400.0,light-2,3103,1,2.258,
23400.0,light-4,3102,1,2.684,
23400.0,light-1,3102,1,4.934,
23400.0,light-3,3101,1,5.999,
23400.0,light-5,3103,1,5.992,
23403.3,heavy,3101,0,6.274,
23406.7,heavy,3102,0,1.586,
23410.0,heavy,3103,0,3.767,
23413.3,heavy,3101,0,3.083,
23416.7,heavy,3102,1,1.396,
23420.0,heavy,3103,0,2.050,
23423.3,heavy,3101,1,3.761,
23426.7,heavy,3102,1,1.286,
23430.0,heavy,3103,0,3.262,
23433.3,heavy,3101,0,3.135,
23436.7,heavy,3102,0,1.056,
23440.0,heavy,3103,0,3.319,
23443.3,heavy,3101,0,3.275,
23446.7,heavy,3102,1,1.716,
23450.0,heavy,3103,1,3.654,
23453.3,heavy,3101,0,2.693,
23456.7,heavy,3102,0,1.182,
23460.0,heavy,3103,1,3.642,
23463.3,heavy,3101,0,3.880,
23466.7,heavy,3102,0,0.995,
23470.0,heavy,3103,0,3.066,
23473.3,heavy,3101,0,2.968,
23476.7,heavy,3102,1,1.694,
23480.0,heavy,3103,1,3.374,
23483.3,heavy,3101,0,2.803,
23486.7,heavy,3102,0,1.051,
23490.0,heavy,3103,1,3.411,
23493.3,heavy,3101,0,3.560,
23496.7,heavy,3102,0,0.981,
23500.0,heavy,3103,0,6.495,
23500.0,light-1,3101,1,2.356,
23500.0,light-3,3103,1,3.505,
23500.0,light-4,3101,1,6.345,
23500.0,light-2,3102,1,6.561,
23500.0,light-5,3102,1,7.714,
23503.3,heavy,3101,1,5.695,
23506.7,heavy,3102,1,1.322,
23510.0,heavy,3103,0,7.016,
23513.3,heavy,3103,0,7.036,
23516.7,heavy,3101,0,4.463,
23520.0,heavy,3102,0,1.021,
23523.3,heavy,3103,1,3.663,
23526.7,heavy,3101,0,3.922,
23530.0,heavy,3102,0,0.985,
23533.3,heavy,3103,0,3.597,
23536.7,heavy,3101,1,2.585,
23540.0,heavy,3102,1,1.151,
23543.3,heavy,3103,0,2.921,
23546.7,heavy,3101,0,4.402,
23550.0,heavy,3102,1,1.292,
23553.3,heavy,3103,0,3.546,
23556.7,heavy,3101,0,4.359,
23560.0,heavy,3102,0,0.964,
23563.3,heavy,3103,0,4.166,
23566.7,heavy,3101,1,2.818,
23570.0,heavy,3102,1,1.306,
23573.3,heavy,3103,0,3.465,
23576.7,heavy,3101,0,2.779,
23580.0,heavy,3102,1,1.420,
23583.3,heavy,3103,0,3.695,
23586.7,heavy,3101,0,3.015,
23590.0,heavy,3102,0,1.007,
23593.3,heavy,3103,0,8.894,
23596.7,heavy,3101,0,5.063,
23600.0,heavy,3102,1,1.688,
23600.0,light-5,3101,1,3.121,
23600.0,light-3,3102,1,5.545,
23600.0,light-2,3101,1,6.939,
23600.0,light-4,3103,1,8.990,
23600.0,light-1,3103,1,12.510,
23603.3,heavy,3102,1,2.911,
23606.7,heavy,3103,0,7.943,
23610.0,heavy,3101,0,3.452,
23613.3,heavy,3102,1,1.121,
23616.7,heavy,3103,0,4.046,
23620.0,heavy,3101,0,3.431,
23623.3,heavy,3102,1,1.307,
23626.7,heavy,3103,0,3.097,
23630.0,heavy,3101,0,3.248,
23633.3,heavy,3102,1,1.141,
23636.7,heavy,3103,0,3.373,
23640.0,heavy,3101,1,3.713,
23643.3,heavy,3102,0,1.068,
23646.7,heavy,3103,0,4.597,
23650.0,heavy,3101,0,3.655,
23653.3,heavy,3102,1,1.457,
23656.7,heavy,3103,0,4.416,
23660.0,heavy,3101,0,2.511,
23663.3,heavy,3102,1,1.237,
23666.7,heavy,3103,1,3.614,
23670.0,heavy,3101,0,3.634,
23673.3,heavy,3102,0,0.838,
23676.7,heavy,3103,0,4.614,
23680.0,heavy,3101,0,4.104,
23683.3,heavy,3102,1,1.608,
23686.7,heavy,3103,0,5.336,
23690.0,heavy,3101,0,3.293,
23693.3,heavy,3102,1,0.869,
23696.7,heavy,3103,0,5.914,
23700.0,heavy,3101,0,5.214,
23700.0,light-5,3101,1,3.963,
23700.0,light-3,3102,1,5.235,
23700.0,light-2,3101,1,5.928,
23700.0,light-1,3103,1,6.606,
23700.0,light-4,3103,1,7.266,
23703.3,heavy,3102,1,2.611,
23706.7,heavy,3102,0,1.912,
23710.0,heavy,3103,0,3.921,
23713.3,heavy,3101,1,3.282,
23716.7,heavy,3102,0,1.165,
23720.0,heavy,3103,1,3.826,
23723.3,heavy,3101,0,3.160,
23726.7,heavy,3102,1,1.309,
23730.0,heavy,3103,0,3.651,
23733.3,heavy,3101,0,3.523,
23736.7,heavy,3102,0,0.868,
23740.0,heavy,3103,0,3.123,
23743.3,heavy,3101,0,2.617,
23746.7,heavy,3102,1,1.047,
23750.0,heavy,3103,0,2.416,
23753.3,heavy,3101,1,2.348,
23756.7,heavy,3102,0,0.755,
23760.0,heavy,3103,0,5.022,
23763.3,heavy,3101,0,2.727,
23766.7,heavy,3102,1,1.053,
23770.0,heavy,3103,0,5.283,
23773.3,heavy,3101,1,2.231,
23776.7,heavy,3102,1,1.355,
23780.0,heavy,3103,0,4.172,
23783.3,heavy,3101,0,4.564,
23786.7,heavy,3102,0,1.386,
23790.0,heavy,3103,0,2.644,
23793.3,heavy,3101,1,2.531,
23796.7,heavy,3102,0,1.132,
23800.0,heavy,3103,1,6.631,
23800.0,light-1,3101,1,1.208,
23800.0,light-3,3103,1,2.086,
23800.0,light-4,3101,1,6.446,
23800.0,light-2,3102,1,7.188,
23800.0,light-5,3102,1,7.222,
23803.3,heavy,3103,0,6.560,
23806.7,heavy,3101,0,3.143,
23810.0,heavy,3102,0,1.374,
23813.3,heavy,3103,1,3.995,
23816.7,heavy,3101,0,4.157,
23820.0,heavy,3102,1,1.396,
23823.3,heavy,3103,0,4.148,
23826.7,heavy,3101,0,4.197,
23830.0,heavy,3102,0,0.751,
23833.3,heavy,3103,1,4.370,
23836.7,heavy,3101,0,3.529,
23840.0,heavy,3102,1,1.365,
23843.3,heavy,3103,0,4.551,
23846.7,heavy,3101,0,3.305,
23850.0,heavy,3102,0,1.274,
23853.3,heavy,3103,1,3.580,
23856.7,heavy,3101,0,4.046,
23860.0,heavy,3102,1,1.172,
23863.3,heavy,3103,0,3.382,
23866.7,heavy,3101,0,3.154,
23870.0,heavy,3102,0,1.149,
23873.3,heavy,3103,1,3.598,
23876.7,heavy,3101,0,3.790,
23880.0,heavy,3102,1,0.994,
23883.3,heavy,3103,0,3.057,
23886.7,heavy,3101,0,3.178,
23890.0,heavy,3102,0,1.129,
23893.3,heavy,3103,1,7.381,
23896.7,heavy,3101,0,7.671,
23900.0,heavy,3102,1,1.469,
23900.0,light-1,3101,1,2.665,
23900.0,light-3,3103,1,3.342,
23900.0,light-4,3101,1,8.460,
23900.0,light-2,3102,1,11.789,
23900.0,light-5,3102,1,12.913,
23903.3,heavy,3103,0,7.691,
23906.7,heavy,3103,1,8.579,
23910.0,heavy,3101,0,7.023,
23913.3,heavy,3102,0,6.670,
23916.7,heavy,3103,0,5.091,
23920.0,heavy,3101,0,3.311,
23923.3,heavy,3102,1,1.371,
23926.7,heavy,3103,0,4.029,
23930.0,heavy,3101,0,3.175,
23933.3,heavy,3102,1,1.760,
23936.7,heavy,3103,0,4.656,
23940.0,heavy,3101,0,3.043,
23943.3,heavy,3102,1,1.213,
23946.7,heavy,3103,1,3.354,
23950.0,heavy,3101,0,3.561,
23953.3,heavy,3102,0,1.097,
23956.7,heavy,3103,0,3.857,
23960.0,heavy,3101,1,3.692,
23963.3,heavy,3102,0,1.141,
23966.7,heavy,3103,0,3.307,
23970.0,heavy,3101,0,2.907,
23973.3,heavy,3102,1,1.229,
23976.7,heavy,3103,0,3.946,
23980.0,heavy,3101,0,3.175,
23983.3,heavy,3102,1,1.213,
23986.7,heavy,3103,0,2.832,
23990.0,heavy,3101,0,2.878,
23993.3,heavy,3102,1,1.204,
23996.7,heavy,3103,0,4.500,
24000.0,heavy,3101,1,6.483,
24000.0,light-2,3103,1,0.920,
24000.0,light-4,3102,1,2.659,
24000.0,light-5,3103,1,4.234,
24000.0,light-1,3102,1,4.522,
24000.0,light-3,3101,1,4.912,
24003.3,heavy,3101,0,4.252,
24006.7,heavy,3102,0,0.975,
24010.0,heavy,3103,1,5.935,
24013.3,heavy,3101,0,6.259,
24016.7,heavy,3102,0,1.522,
24020.0,heavy,3103,0,2.550,
24023.3,heavy,3101,0,3.507,
24026.7,heavy,3102,1,1.750,
24030.0,heavy,3103,1,3.671,
24033.3,heavy,3101,0,2.805,
24036.7,heavy,3102,0,1.239,
24040.0,heavy,3103,0,4.011,
24043.3,heavy,3101,1,3.018,
24046.7,heavy,3102,0,1.044,
24050.0,heavy,3103,0,3.130,
24053.3,heavy,3101,1,2.931,
24056.7,heavy,3102,0,1.436,
24060.0,heavy,3103,0,3.211,
24063.3,heavy,3101,1,3.452,
24066.7,heavy,3102,0,1.191,
24070.0,heavy,3103,1,2.915,
24073.3,heavy,3101,0,3.157,
24076.7,heavy,3102,0,0.874,
24080.0,heavy,3103,1,4.162,
24083.3,heavy,3101,0,3.348,
24086.7,heavy,3102,1,1.370,
24090.0,heavy,3103,0,4.511,
24093.3,heavy,3101,0,3.632,
24096.7,heavy,3102,0,1.161,
24100.0,heavy,3103,0,7.169,
24100.0,light-5,3101,1,3.326,
24100.0,light-2,3101,1,6.061,
24100.0,light-3,3102,1,6.796,
24100.0,light-1,3103,1,7.572,
24100.0,light-4,3103,1,8.460,
24103.3,heavy,3101,0,4.989,
24106.7,heavy,3102,1,1.365,
24110.0,heavy,3102,0,1.127,
24113.3,heavy,3103,1,4.932,
24116.7,heavy,3101,0,3.645,
24120.0,heavy,3102,0,1.313,
24123.3,heavy,3103,1,4.191,
24126.7,heavy,3101,0,3.769,
24130.0,heavy,3102,0,1.278,
24133.3,heavy,3103,0,4.899,
24136.7,heavy,3101,1,3.992,
24140.0,heavy,3102,1,1.118,
24143.3,heavy,3103,0,4.253,
24146.7,heavy,3101,0,3.464,
24150.0,heavy,3102,1,1.467,
24153.3,heavy,3103,0,4.726,
24156.7,heavy,3101,0,2.828,
24160.0,heavy,3102,0,0.989,
24163.3,heavy,3103,0,3.608,
24166.7,heavy,3101,1,2.927,
24170.0,heavy,3102,1,0.819,
24173.3,heavy,3103,0,3.883,
24176.7,heavy,3101,0,3.839,
24180.0,heavy,3102,1,1.269,
24183.3,heavy,3103,0,4.011,
24186.7,heavy,3101,0,3.278,
24190.0,heavy,3102,0,0.908,
24193.3,heavy,3103,0,7.098,
24196.7,heavy,3101,1,5.446,
24200.0,heavy,3102,1,1.660,
24200.0,light-5,3101,1,3.774,
24200.0,light-2,3101,1,6.094,
24200.0,light-3,3102,1,6.600,
24200.0,light-1,3103,1,6.972,
24200.0,light-4,3103,1,8.299,
24203.3,heavy,3102,0,1.448,
24206.7,heavy,3103,0,3.937,
24210.0,heavy,3101,0,2.398,
24213.3,heavy,3102,1,1.300,
24216.7,heavy,3103,0,4.864,
24220.0,heavy,3101,1,3.939,
24223.3,heavy,3102,1,1.655,
24226.7,heavy,3103,0,4.681,
24230.0,heavy,3101,0,4.533,
24233.3,heavy,3102,0,0.971,
24236.7,heavy,3103,0,4.326,
24240.0,heavy,3101,0,3.594,
24243.3,heavy,3102,1,1.380,
24246.7,heavy,3103,0,3.038,
24250.0,heavy,3101,0,2.542,
24253.3,heavy,3102,1,1.494,
24256.7,heavy,3103,1,3.223,
24260.0,heavy,3101,0,3.724,
24263.3,heavy,3102,0,1.013,
24266.7,heavy,3103,0,3.725,
24270.0,heavy,3101,0,2.892,
24273.3,heavy,3102,1,1.243,
24276.7,heavy,3103,0,4.506,
24280.0,heavy,3101,0,2.737,
24283.3,heavy,3102,1,1.837,
24286.7,heavy,3103,0,3.838,
24290.0,heavy,3101,1,3.490,
24293.3,heavy,3102,0,2.084,
24296.7,heavy,3103,0,6.368,
24300.0,heavy,3101,0,5.459,
24300.0,light-1,3101,1,2.306,
24300.0,light-3,3103,1,2.970,
24300.0,light-4,3101,1,5.975,
24300.0,light-5,3102,1,6.287,
24300.0,light-2,3102,1,7.698,
24303.3,heavy,3102,1,1.544,
24306.7,heavy,3103,0,6.275,
24310.0,heavy,3103,1,5.773,
24313.3,heavy,3101,0,3.888,
24316.7,heavy,3102,0,0.892,
24320.0,heavy,3103,1,4.402,
24323.3,heavy,3101,0,2.976,
24326.7,heavy,3102,0,1.540,
24330.0,heavy,3103,0,2.796,
24333.3,heavy,3101,1,2.927,
24336.7,heavy,3102,0,1.246,
24340.0,heavy,3103,1,3.894,
24343.3,heavy,3101,0,4.252,
24346.7,heavy,3102,1,1.511,
24350.0,heavy,3103,0,4.291,
24353.3,heavy,3101,0,4.412,
24356.7,heavy,3102,0,1.135,
24360.0,heavy,3103,0,3.828,
24363.3,heavy,3101,0,3.174,
24366.7,heavy,3102,1,1.144,
24370.0,heavy,3103,0,3.210,
24373.3,heavy,3101,1,3.141,
24376.7,heavy,3102,0,1.282,
24380.0,heavy,3103,0,3.427,
24383.3,heavy,3101,1,2.705,
24386.7,heavy,3102,0,0.850,
24390.0,heavy,3103,0,3.331,
24393.3,heavy,3101,0,4.708,
24396.7,heavy,3102,1,1.177,
24400.0,heavy,3103,1,6.006,
24400.0,light-1,3101,1,1.395,
24400.0,light-3,3103,1,2.812,
24400.0,light-4,3101,1,4.728,
24400.0,light-2,3102,1,5.236,
24400.0,light-5,3102,1,6.175,
24403.3,heavy,3103,0,4.614,
24406.7,heavy,3101,0,2.843,
24410.0,heavy,3102,0,1.268,
24413.3,heavy,3103,1,3.351,
24416.7,heavy,3101,0,3.084,
24420.0,heavy,3102,0,0.964,
24423.3,heavy,3103,0,3.590,
24426.7,heavy,3101,0,2.681,
24430.0,heavy,3102,1,1.095,
24433.3,heavy,3103,1,2.836,
24436.7,heavy,3101,0,3.551,
24440.0,heavy,3102,1,1.135,
24443.3,heavy,3103,0,2.943,
24446.7,heavy,3101,0,3.638,
24450.0,heavy,3102,0,0.809,
24453.3,heavy,3103,0,5.090,
24456.7,heavy,3101,1,3.297,
24460.0,heavy,3102,1,1.988,
24463.3,heavy,3103,0,3.302,
24466.7,heavy,3101,0,3.087,
24470.0,heavy,3102,1,1.645,
24473.3,heavy,3103,0,3.464,
24476.7,heavy,3101,0,3.848,
24480.0,heavy,3102,0,1.039,
24483.3,heavy,3103,1,4.148,
24486.7,heavy,3101,0,3.465,
24490.0,heavy,3102,1,1.370,
24493.3,heavy,3103,0,3.324,
24496.7,heavy,3101,0,2.764,
24500.0,heavy,3102,0,1.292,
24500.0,light-5,3101,1,2.114,
24500.0,light-2,3101,1,3.803,
24500.0,light-1,3103,1,4.336,
24500.0,light-3,3102,1,4.395,
24500.0,light-4,3103,1,4.502,
24503.3,heavy,3102,1,0.898,
24506.7,heavy,3103,0,3.750,
24510.0,heavy,3101,0,3.137,
24513.3,heavy,3102,1,1.357,
24516.7,heavy,3103,0,3.646,
24520.0,heavy,3101,0,3.919,
24523.3,heavy,3102,1,1.405,
24526.7,heavy,3103,0,3.370,
24530.0,heavy,3101,0,2.675,
24533.3,heavy,3102,1,0.854,
24536.7,heavy,3103,0,3.688,
24540.0,heavy,3101,0,3.293,
24543.3,heavy,3102,1,1.239,
24546.7,heavy,3103,0,3.300,
24550.0,heavy,3101,0,2.800,
24553.3,heavy,3102,1,1.130,
24556.7,heavy,3103,1,4.245,
24560.0,heavy,3101,0,3.372,
24563.3,heavy,3102,1,1.341,
24566.7,heavy,3103,0,4.053,
24570.0,heavy,3101,0,4.131,
24573.3,heavy,3102,0,1.022,
24576.7,heavy,3103,0,3.847,
24580.0,heavy,3101,0,3.124,
24583.3,heavy,3102,1,1.392,
24586.7,heavy,3103,0,4.269,
24590.0,heavy,3101,0,2.933,
24593.3,heavy,3102,1,1.646,
24596.7,heavy,3103,1,4.435,
24600.0,heavy,3101,0,4.874,
24600.0,light-2,3103,1,2.254,
24600.0,light-4,3102,1,2.677,
24600.0,light-1,3102,1,4.975,
24600.0,light-5,3103,1,4.960,
24600.0,light-3,3101,1,5.262,
24603.3,heavy,3101,0,5.240,
24606.7,heavy,3102,0,0.878,
24610.0,heavy,3103,0,4.972,
24613.3,heavy,3101,0,2.786,
24616.7,heavy,3102,1,1.303,
24620.0,heavy,3103,0,3.887,
24623.3,heavy,3101,1,4.034,
24626.7,heavy,3102,0,1.182,
24630.0,heavy,3103,1,3.331,
24633.3,heavy,3101,0,3.118,
24636.7,heavy,3102,0,1.079,
24640.0,heavy,3103,0,3.085,
24643.3,heavy,3101,0,2.469,
24646.7,heavy,3102,1,1.934,
24650.0,heavy,3103,0,3.048,
24653.3,heavy,3101,1,2.498,
24656.7,heavy,3102,0,1.399,
24660.0,heavy,3103,1,3.552,
24663.3,heavy,3101,0,3.745,
24666.7,heavy,3102,0,0.950,
24670.0,heavy,3103,0,4.363,
24673.3,heavy,3101,0,3.275,
24676.7,heavy,3102,1,1.539,
24680.0,heavy,3103,1,4.116,
24683.3,heavy,3101,0,3.133,
24686.7,heavy,3102,1,2.152,
24690.0,heavy,3103,0,3.554,
24693.3,heavy,3101,0,3.614,
24696.7,heavy,3102,0,1.364,
24700.0,heavy,3103,1,6.081,
24700.0,light-1,3101,1,2.307,
24700.0,light-3,3103,1,3.362,
24700.0,light-4,3101,1,6.375,
24700.0,light-2,3102,1,6.570,
24700.0,light-5,3102,1,8.520,
24703.3,heavy,3101,0,6.150,
24706.7,heavy,3102,1,1.506,
24710.0,heavy,3103,0,6.341,
24713.3,heavy,3103,0,6.149,
24716.7,heavy,3101,0,4.340,
24720.0,heavy,3102,0,1.007,
24723.3,heavy,3103,1,3.090,
24726.7,heavy,3101,0,2.849,
24730.0,heavy,3102,0,0.792,
24733.3,heavy,3103,1,2.506,
24736.7,heavy,3101,1,3.262,
24740.0,heavy,3102,0,1.344,
24743.3,heavy,3103,0,3.160,
24746.7,heavy,3101,0,4.278,
24750.0,heavy,3102,1,1.443,
24753.3,heavy,3103,0,3.681,
24756.7,heavy,3101,0,4.443,
24760.0,heavy,3102,0,1.012,
24763.3,heavy,3103,1,4.044,
24766.7,heavy,3101,0,3.202,
24770.0,heavy,3102,1,1.239,
24773.3,heavy,3103,0,4.268,
24776.7,heavy,3101,0,2.763,
24780.0,heavy,3102,0,1.008,
24783.3,heavy,3103,1,2.903,
24786.7,heavy,3101,0,3.239,
24790.0,heavy,3102,0,1.066,
24793.3,heavy,3103,1,8.456,
24796.7,heavy,3101,0,7.585,
24800.0,heavy,3102,1,2.782,
24800.0,light-1,3101,1,3.315,
24800.0,light-3,3103,1,4.836,
24800.0,light-5,3102,1,8.114,
24800.0,light-4,3101,1,8.273,
24800.0,light-2,3102,1,8.478,
24803.3,heavy,3103,0,8.897,
24806.7,heavy,3103,1,7.233,
24810.0,heavy,3101,0,5.244,
24813.3,heavy,3102,0,2.316,
24816.7,heavy,3103,1,3.827,
24820.0,heavy,3101,0,4.177,
24823.3,heavy,3102,1,1.284,
24826.7,heavy,3103,0,4.349,
24830.0,heavy,3101,0,4.190,
24833.3,heavy,3102,0,0.937,
24836.7,heavy,3103,0,3.584,
24840.0,heavy,3101,1,12.682,
24843.3,heavy,3102,1,1.308,
24846.7,heavy,3103,0,3.565,
24850.0,heavy,3101,0,10.013,
24853.3,heavy,3102,0,0.886,
24856.7,heavy,3103,0,3.125,
24860.0,heavy,3101,0,2.797,
24863.3,heavy,3102,1,1.844,
24866.7,heavy,3103,0,4.079,
24870.0,heavy,3101,0,3.317,
24873.3,heavy,3102,1,1.713,
24876.7,heavy,3103,0,4.985,
24880.0,heavy,3101,0,3.399,
24883.3,heavy,3102,1,1.308,
24886.7,heavy,3103,1,3.881,
24890.0,heavy,3101,0,4.296,
24893.3,heavy,3102,0,1.378,
24896.7,heavy,3103,0,3.152,
24900.0,heavy,3101,0,5.474,
24900.0,light-2,3103,1,1.375,
24900.0,light-4,3102,1,2.567,
24900.0,light-5,3103,1,4.509,
24900.0,light-1,3102,1,5.432,
24900.0,light-3,3101,1,5.422,
24903.3,heavy,3101,1,3.254,
24906.7,heavy,3102,0,1.284,
24910.0,heavy,3103,0,4.797,
24913.3,heavy,3101,1,3.994,
24916.7,heavy,3102,1,1.336,
24920.0,heavy,3103,0,5.264,
24923.3,heavy,3101,0,4.523,
24926.7,heavy,3102,0,1.163,
24930.0,heavy,3103,0,4.113,
24933.3,heavy,3101,0,3.075,
24936.7,heavy,3102,1,1.265,
24940.0,heavy,3103,0,3.828,
24943.3,heavy,3101,1,3.504,
24946.7,heavy,3102,0,1.210,
24950.0,heavy,3103,1,3.226,
24953.3,heavy,3101,0,3.514,
24956.7,heavy,3102,0,1.004,
24960.0,heavy,3103,0,3.777,
24963.3,heavy,3101,0,3.621,
24966.7,heavy,3102,1,1.554,
24970.0,heavy,3103,0,4.024,
24973.3,heavy,3101,1,2.817,
24976.7,heavy,3102,0,0.976,
24980.0,heavy,3103,1,3.411,
24983.3,heavy,3101,0,3.765,
24986.7,heavy,3102,0,0.953,
24990.0,heavy,3103,0,2.875,
24993.3,heavy,3101,1,5.981,
24996.7,heavy,3102,1,1.460,
25000.0,heavy,3103,0,6.306,
25000.0,light-3,3103,1,2.197,
25000.0,light-1,3101,1,2.487,
25000.0,light-4,3101,1,6.380,
25000.0,light-2,3102,1,6.682,
25000.0,light-5,3102,1,7.835,
25003.3,heavy,3103,0,5.533,
25006.7,heavy,3101,0,3.545,
25010.0,heavy,3102,0,0.895,
25013.3,heavy,3103,0,4.509,
25016.7,heavy,3101,1,3.031,
25020.0,heavy,3102,0,0.946,
25023.3,heavy,3103,0,4.392,
25026.7,heavy,3101,1,3.254,
25030.0,heavy,3102,1,1.362,
25033.3,heavy,3103,0,18.903,
25036.7,heavy,3101,0,2.825,
25040.0,heavy,3102,0,0.911,
25043.3,heavy,3103,1,6.955,
25046.7,heavy,3101,1,3.040,
25050.0,heavy,3102,0,0.978,
25053.3,heavy,3103,0,3.269,
25056.7,heavy,3101,0,4.016,
25060.0,heavy,3102,1,1.467,
25063.3,heavy,3103,0,2.567,
25066.7,heavy,3101,0,5.050,
25070.0,heavy,3102,1,1.778,
25073.3,heavy,3103,0,4.065,
25076.7,heavy,3101,1,5.450,
25080.0,heavy,3102,0,1.227,
25083.3,heavy,3103,0,4.132,
25086.7,heavy,3101,0,4.680,
25090.0,heavy,3102,1,1.764,
25093.3,heavy,3103,0,4.342,
25096.7,heavy,3101,0,3.963,
25100.0,heavy,3102,1,2.201,
25100.0,light-1,3101,1,1.985,
25100.0,light-3,3103,1,3.238,
25100.0,light-4,3101,1,7.543,
25100.0,light-2,3102,1,7.780,
25100.0,light-5,3102,1,9.153,
25103.3,heavy,3103,0,7.051,
25106.7,heavy,3103,0,6.039,
25110.0,heavy,3101,1,3.688,
25113.3,heavy,3102,0,1.012,
25116.7,heavy,3103,0,4.874,
25120.0,heavy,3101,0,3.955,
25123.3,heavy,3102,1,1.571,
25126.7,heavy,3103,0,6.052,
25130.0,heavy,3101,0,2.503,
25133.3,heavy,3102,1,1.481,
25136.7,heavy,3103,0,3.590,
25140.0,heavy,3101,1,3.013,
25143.3,heavy,3102,0,1.124,
25146.7,heavy,3103,0,3.770,
25150.0,heavy,3101,0,3.105,
25153.3,heavy,3102,1,1.209,
25156.7,heavy,3103,0,3.850,
25160.0,heavy,3101,1,2.651,
25163.3,heavy,3102,0,1.162,
25166.7,heavy,3103,0,3.501,
25170.0,heavy,3101,0,3.807,
25173.3,heavy,3102,1,1.446,
25176.7,heavy,3103,0,2.950,
25180.0,heavy,3101,0,3.457,
25183.3,heavy,3102,1,1.253,
25186.7,heavy,3103,0,3.130,
25190.0,heavy,3101,1,2.503,
25193.3,heavy,3102,0,1.288,
25196.7,heavy,3103,0,5.433,
25200.0,heavy,3101,0,4.344,
25200.0,light-5,3101,1,3.076,
25200.0,light-2,3101,1,5.427,
25200.0,light-3,3102,1,5.529,
25200.0,light-1,3103,1,5.739,
25200.0,light-4,3103,1,6.832,
25203.3,heavy,3102,1,1.416,
25206.7,heavy,3102,0,1.062,
25210.0,heavy,3103,1,4.616,
25213.3,heavy,3101,0,3.049,
25216.7,heavy,3102,0,1.397,
25220.0,heavy,3103,1,5.336,
25223.3,heavy,3101,0,4.379,
25226.7,heavy,3102,1,1.677,
25230.0,heavy,3103,0,5.563,
25233.3,heavy,3101,0,5.099,
25236.7,heavy,3102,0,1.600,
25240.0,heavy,3103,0,4.196,
25243.3,heavy,3101,1,3.909,
25246.7,heavy,3102,0,1.318,
25250.0,heavy,3103,1,4.382,
25253.3,heavy,3101,0,4.089,
25256.7,heavy,3102,0,1.259,
25260.0,heavy,3103,0,4.295,
25263.3,heavy,3101,1,2.754,
25266.7,heavy,3102,0,1.063,
25270.0,heavy,3103,0,4.862,
25273.3,heavy,3101,1,4.090,
25276.7,heavy,3102,1,1.489,
25280.0,heavy,3103,0,5.209,
25283.3,heavy,3101,0,3.425,
25286.7,heavy,3102,0,1.034,
25290.0,heavy,3103,0,4.773,
25293.3,heavy,3101,0,3.138,
25296.7,heavy,3102,1,1.350,
25300.0,heavy,3103,1,6.218,
25300.0,light-3,3103,1,2.017,
25300.0,light-1,3101,1,2.293,
25300.0,light-4,3101,1,6.413,
25300.0,light-2,3102,1,6.639,
25300.0,light-5,3102,1,7.929,
25303.3,heavy,3103,0,4.924,
25306.7,heavy,3101,0,3.425,
25310.0,heavy,3102,0,1.376,
25313.3,heavy,3103,1,3.484,
25316.7,heavy,3101,0,2.738,
25320.0,heavy,3102,0,1.248,
25323.3,heavy,3103,0,3.754,
25326.7,heavy,3101,0,2.770,
25330.0,heavy,3102,1,1.462,
25333.3,heavy,3103,0,6.532,
25336.7,heavy,3101,1,4.955,
25340.0,heavy,3102,1,1.720,
25343.3,heavy,3103,0,6.958,
25346.7,heavy,3101,0,2.798,
25350.0,heavy,3102,0,1.234,
25353.3,heavy,3103,1,3.247,
25356.7,heavy,3101,0,3.462,
25360.0,heavy,3102,1,1.098,
25363.3,heavy,3103,0,3.760,
25366.7,heavy,3101,0,3.757,
25370.0,heavy,3102,0,1.046,
25373.3,heavy,3103,1,3.569,
25376.7,heavy,3101,0,3.160,
25380.0,heavy,3102,0,1.121,
25383.3,heavy,3103,0,3.706,
25386.7,heavy,3101,0,4.013,
25390.0,heavy,3102,1,1.288,
25393.3,heavy,3103,1,3.218,
25396.7,heavy,3101,0,2.577,
25400.0,heavy,3102,1,1.514,
25400.0,light-1,3101,1,1.312,
25400.0,light-3,3103,1,2.247,
25400.0,light-4,3101,1,5.150,
25400.0,light-2,3102,1,5.423,
25400.0,light-5,3102,1,6.568,
25403.3,heavy,3103,0,4.835,
25406.7,heavy,3103,0,5.140,
25410.0,heavy,3101,0,3.380,
25413.3,heavy,3102,1,1.026,
25416.7,heavy,3103,1,3.118,
25420.0,heavy,3101,0,3.364,
25423.3,heavy,3102,0,0.980,
25426.7,heavy,3103,0,3.944,
25430.0,heavy,3101,0,3.225,
25433.3,heavy,3102,1,1.231,
25436.7,heavy,3103,0,4.805,
25440.0,heavy,3101,0,2.953,
25443.3,heavy,3102,1,1.139,
25446.7,heavy,3103,0,4.049,
25450.0,heavy,3101,0,3.297,
25453.3,heavy,3102,1,1.259,
25456.7,heavy,3103,0,2.582,
25460.0,heavy,3101,0,4.082,
25463.3,heavy,3102,1,1.330,
25466.7,heavy,3103,0,3.388,
25470.0,heavy,3101,0,4.089,
25473.3,heavy,3102,1,1.209,
25476.7,heavy,3103,0,4.876,
25480.0,heavy,3101,0,4.056,
25483.3,heavy,3102,1,1.404,
25486.7,heavy,3103,0,3.695,
25490.0,heavy,3101,0,2.417,
25493.3,heavy,3102,1,1.699,
25496.7,heavy,3103,1,5.465,
25500.0,heavy,3101,0,6.726,
25500.0,light-2,3103,1,2.462,
25500.0,light-4,3102,1,2.979,
25500.0,light-1,3102,1,5.061,
25500.0,light-5,3103,1,7.289,
25500.0,light-3,3101,1,7.494,
25503.3,heavy,3101,0,6.008,
25506.7,heavy,3102,0,1.161,
25510.0,heavy,3103,0,4.100,
25513.3,heavy,3101,1,3.313,
25516.7,heavy,3102,0,1.010,
25520.0,heavy,3103,0,2.844,
25523.3,heavy,3101,1,3.616,
25526.7,heavy,3102,1,1.199,
25530.0,heavy,3103,0,2.988,
25533.3,heavy,3101,0,2.945,
25536.7,heavy,3102,1,1.815,
25540.0,heavy,3103,0,3.402,
25543.3,heavy,3101,0,3.693,
25546.7,heavy,3102,0,2.635,
25550.0,heavy,3103,0,3.522,
25553.3,heavy,3101,1,3.336,
25556.7,heavy,3102,0,1.263,
25560.0,heavy,3103,1,3.296,
25563.3,heavy,3101,0,2.750,
25566.7,heavy,3102,0,1.000,
25570.0,heavy,3103,0,3.205,
25573.3,heavy,3101,1,3.025,
25576.7,heavy,3102,0,1.311,
25580.0,heavy,3103,1,4.121,
25583.3,heavy,3101,0,4.320,
25586.7,heavy,3102,1,1.610,
25590.0,heavy,3103,0,4.341,
25593.3,heavy,3101,0,4.398,
25596.7,heavy,3102,0,0.874,
25600.0,heavy,3103,0,6.487,
25600.0,light-5,3101,1,3.948,
25600.0,light-3,3102,1,5.901,
25600.0,light-2,3101,1,6.191,
25600.0,light-1,3103,1,6.592,
25600.0,light-4,3103,1,8.533,
25603.3,heavy,3101,1,5.088,
25606.7,heavy,3102,1,1.369,
25610.0,heavy,3102,0,2.750,
25613.3,heavy,3103,0,5.825,
25616.7,heavy,3101,0,3.061,
25620.0,heavy,3102,0,1.258,
25623.3,heavy,3103,1,3.168,
25626.7,heavy,3101,0,3.180,
25630.0,heavy,3102,0,1.009,
25633.3,heavy,3103,0,3.744,
25636.7,heavy,3101,0,3.300,
25640.0,heavy,3102,1,1.212,
25643.3,heavy,3103,0,3.564,
25646.7,heavy,3101,1,3.515,
25650.0,heavy,3102,1,1.147,
25653.3,heavy,3103,0,4.078,
25656.7,heavy,3101,0,3.148,
25660.0,heavy,3102,1,1.492,
25663.3,heavy,3103,0,2.897,
25666.7,heavy,3101,1,3.292,
25670.0,heavy,3102,0,1.432,
25673.3,heavy,3103,0,2.876,
25676.7,heavy,3101,0,2.885,
25680.0,heavy,3102,0,1.002,
25683.3,heavy,3103,1,2.851,
25686.7,heavy,3101,0,2.767,
25690.0,heavy,3102,0,1.026,
25693.3,heavy,3103,0,7.136,
25696.7,heavy,3101,0,5.156,
25700.0,heavy,3102,1,1.351,
25700.0,light-5,3101,1,3.723,
25700.0,light-1,3103,1,6.065,
25700.0,light-2,3101,1,6.218,
25700.0,light-3,3102,1,6.282,
25700.0,light-4,3103,1,7.599,
25703.3,heavy,3102,1,2.882,
25706.7,heavy,3103,0,5.594,
25710.0,heavy,3101,0,3.562,
25713.3,heavy,3102,1,1.249,
25716.7,heavy,3103,0,2.837,
25720.0,heavy,3101,0,2.306,
25723.3,heavy,3102,1,1.364,
25726.7,heavy,3103,0,3.400,
25730.0,heavy,3101,0,3.856,
25733.3,heavy,3102,1,0.978,
25736.7,heavy,3103,0,3.090,
25740.0,heavy,3101,0,3.343,
25743.3,heavy,3102,1,1.093,
25746.7,heavy,3103,0,2.813,
25750.0,heavy,3101,0,2.546,
25753.3,heavy,3102,1,1.183,
25756.7,heavy,3103,0,3.345,
25760.0,heavy,3101,0,3.610,
25763.3,heavy,3102,1,1.807,
25766.7,heavy,3103,0,2.528,
25770.0,heavy,3101,0,3.056,
25773.3,heavy,3102,1,1.159,
25776.7,heavy,3103,0,3.213,
25780.0,heavy,3101,0,2.714,
25783.3,heavy,3102,1,1.271,
25786.7,heavy,3103,0,3.655,
25790.0,heavy,3101,0,3.756,
25793.3,heavy,3102,1,2.092,
25796.7,heavy,3103,0,3.792,
25800.0,heavy,3101,1,4.309,
25800.0,light-2,3103,1,1.262,
25800.0,light-4,3102,1,2.559,
25800.0,light-1,3102,1,4.343,
25800.0,light-5,3103,1,4.406,
25800.0,light-3,3101,1,4.846,
25803.3,heavy,3101,0,4.694,
25806.7,heavy,3102,0,1.046,
25810.0,heavy,3103,0,3.197,
25813.3,heavy,3101,1,3.141,
25816.7,heavy,3102,0,1.113,
25820.0,heavy,3103,1,3.543,
25823.3,heavy,3101,0,3.899,
25826.7,heavy,3102,0,1.094,
25830.0,heavy,3103,0,3.497,
25833.3,heavy,3101,1,3.346,
25836.7,heavy,3102,0,1.135,
25840.0,heavy,3103,1,3.026,
25843.3,heavy,3101,0,3.664,
25846.7,heavy,3102,0,1.323,
25850.0,heavy,3103,0,3.282,
25853.3,heavy,3101,0,3.251,
25856.7,heavy,3102,1,1.019,
25860.0,heavy,3103,0,3.023,
25863.3,heavy,3101,1,3.497,
25866.7,heavy,3102,1,1.313,
25870.0,heavy,3103,0,3.669,
25873.3,heavy,3101,0,2.840,
25876.7,heavy,3102,0,1.003,
25880.0,heavy,3103,0,3.589,
25883.3,heavy,3101,0,3.757,
25886.7,heavy,3102,1,1.429,
25890.0,heavy,3103,0,2.681,
25893.3,heavy,3101,1,3.430,
25896.7,heavy,3102,0,1.232,
25900.0,heavy,3103,1,6.459,
25900.0,light-1,3101,1,2.129,
25900.0,light-3,3103,1,2.786,
25900.0,light-4,3101,1,5.358,
25900.0,light-2,3102,1,6.192,
25900.0,light-5,3102,1,6.624,
25903.3,heavy,3103,0,6.241,
25906.7,heavy,3101,0,3.446,
25910.0,heavy,3102,0,1.276,
25913.3,heavy,3103,0,4.055,
25916.7,heavy,3101,1,3.306,
25920.0,heavy,3102,0,0.909,
25923.3,heavy,3103,0,4.021,
25926.7,heavy,3101,1,3.217,
25930.0,heavy,3102,1,1.411,
25933.3,heavy,3103,0,2.683,
25936.7,heavy,3101,0,3.303,
25940.0,heavy,3102,0,1.121,
25943.3,heavy,3103,1,3.660,
25946.7,heavy,3101,0,3.885,
25950.0,heavy,3102,0,0.987,
25953.3,heavy,3103,1,3.008,
25956.7,heavy,3101,0,3.265,
25960.0,heavy,3102,1,1.351,
25963.3,heavy,3103,0,3.474,
25966.7,heavy,3101,0,3.170,
25970.0,heavy,3102,0,0.905,
25973.3,heavy,3103,1,3.244,
25976.7,heavy,3101,0,3.824,
25980.0,heavy,3102,1,0.979,
25983.3,heavy,3103,0,3.148,
25986.7,heavy,3101,0,2.822,
25990.0,heavy,3102,0,1.206,
25993.3,heavy,3103,1,3.202,
25996.7,heavy,3101,0,2.948,
26000.0,heavy,3102,0,2.398,
26000.0,light-5,3101,1,2.778,
26000.0,light-1,3103,1,5.597,
26000.0,light-2,3101,1,6.037,
26000.0,light-4,3103,1,6.641,
26000.0,light-3,3102,1,7.406,
26003.3,heavy,3102,1,2.196,
26006.7,heavy,3103,0,3.741,
26010.0,heavy,3101,0,3.369,
26013.3,heavy,3102,1,1.146,
26016.7,heavy,3103,0,2.668,
26020.0,heavy,3101,0,2.632,
26023.3,heavy,3102,1,1.312,
26026.7,heavy,3103,0,3.075,
26030.0,heavy,3101,0,3.006,
26033.3,heavy,3102,1,1.401,
26036.7,heavy,3103,0,2.683,
26040.0,heavy,3101,0,5.703,
26043.3,heavy,3102,1,0.921,
26046.7,heavy,3103,0,3.378,
26050.0,heavy,3101,0,3.130,
26053.3,heavy,3102,1,2.292,
26056.7,heavy,3103,1,5.136,
26060.0,heavy,3101,0,4.946,
26063.3,heavy,3102,1,3.419,
26066.7,heavy,3103,0,5.794,
26070.0,heavy,3101,0,5.924,
26073.3,heavy,3102,0,1.510,
26076.7,heavy,3103,0,4.047,
26080.0,heavy,3101,1,3.262,
26083.3,heavy,3102,0,1.291,
26086.7,heavy,3103,0,6.394,
26090.0,heavy,3101,1,6.463,
26093.3,heavy,3102,1,1.659,
26096.7,heavy,3103,0,6.763,
26100.0,heavy,3101,0,7.520,
26100.0,light-2,3103,1,4.119,
26100.0,light-4,3102,1,4.776,
26100.0,light-5,3103,1,7.481,
26100.0,light-3,3101,1,8.036,
26100.0,light-1,3102,1,8.235,
26103.3,heavy,3101,0,7.931,
26106.7,heavy,3102,0,1.911,
26110.0,heavy,3103,0,2.496,
26113.3,heavy,3101,0,3.103,
26116.7,heavy,3102,1,1.299,
26120.0,heavy,3103,0,2.956,
26123.3,heavy,3101,1,3.279,
26126.7,heavy,3102,1,1.177,
26130.0,heavy,3103,0,3.489,
26133.3,heavy,3101,0,3.053,
26136.7,heavy,3102,0,1.126,
26140.0,heavy,3103,0,4.146,
26143.3,heavy,3101,0,3.310,
26146.7,heavy,3102,1,1.235,
26150.0,heavy,3103,0,2.853,
26153.3,heavy,3101,1,2.987,
26156.7,heavy,3102,0,1.204,
26160.0,heavy,3103,1,3.223,
26163.3,heavy,3101,0,2.648,
26166.7,heavy,3102,0,1.396,
26170.0,heavy,3103,0,3.164,
26173.3,heavy,3101,1,3.218,
26176.7,heavy,3102,0,0.921,
26180.0,heavy,3103,0,4.843,
26183.3,heavy,3101,1,4.139,
26186.7,heavy,3102,1,1.444,
26190.0,heavy,3103,0,4.950,
26193.3,heavy,3101,0,4.526,
26196.7,heavy,3102,0,0.735,
26200.0,heavy,3103,0,6.512,
26200.0,light-5,3101,1,3.226,
26200.0,light-2,3101,1,5.348,
26200.0,light-1,3103,1,5.881,
26200.0,light-3,3102,1,5.939,
26200.0,light-4,3103,1,6.849,
26203.3,heavy,3101,0,4.240,
26206.7,heavy,3102,1,1.200,
26210.0,heavy,3102,0,2.458,
26213.3,heavy,3103,1,4.003,
26216.7,heavy,3101,0,2.712,
26220.0,heavy,3102,1,1.541,
26223.3,heavy,3103,0,3.763,
26226.7,heavy,3101,0,3.327,
26230.0,heavy,3102,0,1.035,
26233.3,heavy,3103,0,4.029,
26236.7,heavy,3101,0,3.340,
26240.0,heavy,3102,1,1.249,
26243.3,heavy,3103,1,2.819,
26246.7,heavy,3101,0,3.037,
26250.0,heavy,3102,0,0.816,
26253.3,heavy,3103,1,3.026,
26256.7,heavy,3101,0,2.649,
26260.0,heavy,3102,0,0.970,
26263.3,heavy,3103,1,2.950,
26266.7,heavy,3101,0,3.356,
26270.0,heavy,3102,1,1.063,
26273.3,heavy,3103,0,2.673,
26276.7,heavy,3101,0,2.183,
26280.0,heavy,3102,1,1.241,
26283.3,heavy,3103,0,3.011,
26286.7,heavy,3101,0,2.671,
26290.0,heavy,3102,0,0.640,
26293.3,heavy,3103,0,6.361,
26296.7,heavy,3101,0,4.639,
26300.0,heavy,3102,1,1.459,
26300.0,light-5,3101,1,3.322,
26300.0,light-2,3101,1,5.328,
26300.0,light-1,3103,1,5.543,
26300.0,light-3,3102,1,5.541,
26300.0,light-4,3103,1,6.638,
26303.3,heavy,3102,1,2.440,
26306.7,heavy,3103,0,4.457,
26310.0,heavy,3101,0,2.728,
26313.3,heavy,3102,1,1.131,
26316.7,heavy,3103,0,3.388,
26320.0,heavy,3101,0,2.806,
26323.3,heavy,3102,1,1.088,
26326.7,heavy,3103,0,3.682,
26330.0,heavy,3101,1,2.956,
26333.3,heavy,3102,0,0.897,
26336.7,heavy,3103,0,2.993,
26340.0,heavy,3101,0,2.923,
26343.3,heavy,3102,1,1.477,
26346.7,heavy,3103,0,2.801,
26350.0,heavy,3101,0,2.789,
26353.3,heavy,3102,1,1.111,
26356.7,heavy,3103,0,3.113,
26360.0,heavy,3101,0,3.018,
26363.3,heavy,3102,1,1.301,
26366.7,heavy,3103,0,4.212,
26370.0,heavy,3101,0,3.197,
26373.3,heavy,3102,1,1.256,
26376.7,heavy,3103,0,5.028,
26380.0,heavy,3101,0,3.509,
26383.3,heavy,3102,1,1.150,
26386.7,heavy,3103,0,3.914,
26390.0,heavy,3101,0,3.072,
26393.3,heavy,3102,1,1.334,
26396.7,heavy,3103,0,3.097,
26400.0,heavy,3101,1,5.253,
26400.0,light-2,3103,1,1.404,
26400.0,light-4,3102,1,3.195,
26400.0,light-5,3103,1,4.040,
26400.0,light-3,3101,1,4.318,
26400.0,light-1,3102,1,4.540,
26403.3,heavy,3101,0,4.353,
26406.7,heavy,3102,0,1.173,
26410.0,heavy,3103,0,2.713,
26413.3,heavy,3101,1,4.305,
26416.7,heavy,3102,1,1.388,
26420.0,heavy,3103,0,4.095,
26423.3,heavy,3101,0,4.755,
26426.7,heavy,3102,0,1.623,
26430.0,heavy,3103,0,3.338,
26433.3,heavy,3101,1,3.943,
26436.7,heavy,3102,0,1.296,
26440.0,heavy,3103,0,4.124,
26443.3,heavy,3101,1,3.735,
26446.7,heavy,3102,0,1.110,
26450.0,heavy,3103,1,3.429,
26453.3,heavy,3101,0,3.620,
26456.7,heavy,3102,0,0.933,
26460.0,heavy,3103,0,2.708,
26463.3,heavy,3101,1,3.955,
26466.7,heavy,3102,1,1.190,
26470.0,heavy,3103,0,3.554,
26473.3,heavy,3101,0,3.330,
26476.7,heavy,3102,0,1.040,
26480.0,heavy,3103,0,3.642,
26483.3,heavy,3101,0,3.235,
26486.7,heavy,3102,1,2.066,
26490.0,heavy,3103,0,3.353,
26493.3,heavy,3101,1,2.980,
26496.7,heavy,3102,0,0.987,
26500.0,heavy,3103,1,6.302,
26500.0,light-1,3101,1,1.207,
26500.0,light-3,3103,1,2.571,
26500.0,light-4,3101,1,5.303,
26500.0,light-5,3102,1,5.933,
26500.0,light-2,3102,1,6.616,
26503.3,heavy,3103,0,5.751,
26506.7,heavy,3101,0,2.566,
26510.0,heavy,3102,0,1.166,
26513.3,heavy,3103,0,3.401,
26516.7,heavy,3101,1,2.740,
26520.0,heavy,3102,0,0.886,
26523.3,heavy,3103,0,3.695,
26526.7,heavy,3101,1,2.868,
26530.0,heavy,3102,1,1.368,
26533.3,heavy,3103,0,4.656,
26536.7,heavy,3101,0,2.970,
26540.0,heavy,3102,0,0.948,
26543.3,heavy,3103,0,3.682,
26546.7,heavy,3101,0,2.836,
26550.0,heavy,3102,1,1.170,
26553.3,heavy,3103,1,2.830,
26556.7,heavy,3101,0,3.751,
26560.0,heavy,3102,1,1.278,
26563.3,heavy,3103,0,3.204,
26566.7,heavy,3101,0,3.106,
26570.0,heavy,3102,0,1.035,
26573.3,heavy,3103,1,4.216,
26576.7,heavy,3101,0,3.513,
26580.0,heavy,3102,1,1.262,
26583.3,heavy,3103,0,3.534,
26586.7,heavy,3101,0,2.532,
26590.0,heavy,3102,1,1.404,
26593.3,heavy,3103,0,3.730,
26596.7,heavy,3101,0,2.727,
26600.0,heavy,3102,0,1.107,
26600.0,light-5,3101,1,2.299,
26600.0,light-2,3101,1,4.359,
26600.0,light-1,3103,1,5.166,
26600.0,light-3,3102,1,5.271,
26600.0,light-4,3103,1,5.859,
26603.3,heavy,3102,1,1.387,
26606.7,heavy,3103,0,3.707,
26610.0,heavy,3101,1,3.038,
26613.3,heavy,3102,0,0.852,
26616.7,heavy,3103,0,3.910,
26620.0,heavy,3101,0,3.074,
26623.3,heavy,3102,1,1.224,
26626.7,heavy,3103,0,4.431,
26630.0,heavy,3101,0,3.089,
26633.3,heavy,3102,1,1.032,
26636.7,heavy,3103,0,3.873,
26640.0,heavy,3101,1,3.077,
26643.3,heavy,3102,0,0.800,
26646.7,heavy,3103,0,2.802,
26650.0,heavy,3101,0,3.656,
26653.3,heavy,3102,1,1.140,
26656.7,heavy,3103,0,3.578,
26660.0,heavy,3101,1,3.195,
26663.3,heavy,3102,0,1.009,
26666.7,heavy,3103,0,3.558,
26670.0,heavy,3101,0,3.128,
26673.3,heavy,3102,1,1.187,
26676.7,heavy,3103,0,2.423,
26680.0,heavy,3101,0,3.335,
26683.3,heavy,3102,1,0.922,
26686.7,heavy,3103,0,3.477,
26690.0,heavy,3101,1,2.972,
26693.3,heavy,3102,0,1.212,
26696.7,heavy,3103,0,3.683,
26700.0,heavy,3101,1,4.800,
26700.0,light-2,3103,1,1.360,
26700.0,light-4,3102,1,2.574,
26700.0,light-1,3102,1,4.460,
26700.0,light-5,3103,1,4.572,
26700.0,light-3,3101,1,6.068,
26703.3,heavy,3101,0,3.893,
26706.7,heavy,3102,0,0.829,
26710.0,heavy,3103,0,3.978,
26713.3,heavy,3101,0,3.108,
26716.7,heavy,3102,1,1.170,
26720.0,heavy,3103,1,4.539,
26723.3,heavy,3101,0,2.870,
26726.7,heavy,3102,0,1.282,
26730.0,heavy,3103,0,3.064,
26733.3,heavy,3101,0,3.174,
26736.7,heavy,3102,1,0.874,
26740.0,heavy,3103,0,3.852,
26743.3,heavy,3101,1,2.889,
26746.7,heavy,3102,1,1.572,
26750.0,heavy,3103,0,4.377,
26753.3,heavy,3101,0,4.182,
26756.7,heavy,3102,0,0.982,
26760.0,heavy,3103,0,2.816,
26763.3,heavy,3101,0,3.047,
26766.7,heavy,3102,1,1.620,
26770.0,heavy,3103,0,2.460,
26773.3,heavy,3101,1,3.553,
26776.7,heavy,3102,1,1.255,
26780.0,heavy,3103,0,3.068,
26783.3,heavy,3101,0,2.984,
26786.7,heavy,3102,0,1.321,
26790.0,heavy,3103,0,4.701,
26793.3,heavy,3101,0,3.488,
26796.7,heavy,3102,1,1.072,
26800.0,heavy,3103,1,5.379,
26800.0,light-1,3101,1,1.011,
26800.0,light-3,3103,1,2.373,
26800.0,light-4,3101,1,5.733,
26800.0,light-2,3102,1,5.973,
26800.0,light-5,3102,1,7.212,
26803.3,heavy,3103,0,4.651,
26806.7,heavy,3101,0,3.427,
26810.0,heavy,3102,0,1.218,
26813.3,heavy,3103,1,3.222,
26816.7,heavy,3101,0,3.084,
26820.0,heavy,3102,0,0.899,
26823.3,heavy,3103,0,3.632,
26826.7,heavy,3101,0,3.198,
26830.0,heavy,3102,1,1.137,
26833.3,heavy,3103,0,4.027,
26836.7,heavy,3101,1,3.000,
26840.0,heavy,3102,1,1.462,
26843.3,heavy,3103,0,4.690,
26846.7,heavy,3101,0,2.492,
26850.0,heavy,3102,0,0.810,
26853.3,heavy,3103,0,4.177,
26856.7,heavy,3101,0,3.329,
26860.0,heavy,3102,1,1.625,
26863.3,heavy,3103,1,3.639,
26866.7,heavy,3101,0,3.137,
26870.0,heavy,3102,0,1.114,
26873.3,heavy,3103,1,3.180,
26876.7,heavy,3101,0,2.792,
26880.0,heavy,3102,0,1.027,
26883.3,heavy,3103,0,3.090,
26886.7,heavy,3101,0,3.476,
26890.0,heavy,3102,1,1.218,
26893.3,heavy,3103,1,2.569,
26896.7,heavy,3101,0,6.484,
26900.0,heavy,3102,1,1.937,
26900.0,light-1,3101,1,2.443,
26900.0,light-3,3103,1,2.759,
26900.0,light-4,3101,1,7.150,
26900.0,light-2,3102,1,7.398,
26900.0,light-5,3102,1,8.502,
26903.3,heavy,3103,0,6.746,
26906.7,heavy,3103,0,5.758,
26910.0,heavy,3101,0,4.522,
26913.3,heavy,3102,1,2.596,
26916.7,heavy,3103,0,3.038,
26920.0,heavy,3101,0,4.006,
26923.3,heavy,3102,1,1.204,
26926.7,heavy,3103,0,4.683,
26930.0,heavy,3101,0,3.239,
26933.3,heavy,3102,1,1.328,
26936.7,heavy,3103,0,5.660,
26940.0,heavy,3101,0,3.024,
26943.3,heavy,3102,1,1.408,
26946.7,heavy,3103,0,3.167,
26950.0,heavy,3101,0,2.904,
26953.3,heavy,3102,1,1.014,
26956.7,heavy,3103,0,4.322,
26960.0,heavy,3101,0,3.316,
26963.3,heavy,3102,1,1.198,
26966.7,heavy,3103,0,4.565,
26970.0,heavy,3101,0,2.826,
26973.3,heavy,3102,1,0.960,
26976.7,heavy,3103,1,2.980,
26980.0,heavy,3101,0,3.319,
26983.3,heavy,3102,0,0.906,
26986.7,heavy,3103,0,5.470,
26990.0,heavy,3101,0,11.049,
26993.3,heavy,3102,1,2.279,
26996.7,heavy,3103,1,7.329,
27000.0,heavy,3101,0,9.420,
27000.0,light-2,3103,1,2.794,
27000.0,light-4,3102,1,3.367,
27000.0,light-5,3103,1,8.224,
27000.0,light-1,3102,1,8.901,
27000.0,light-3,3101,1,9.364,
27003.3,heavy,3101,0,8.602,
27006.7,heavy,3102,0,2.545,
27010.0,heavy,3103,0,2.559,
27013.3,heavy,3101,0,3.831,
27016.7,heavy,3102,1,1.258,
27020.0,heavy,3103,0,3.679,
27023.3,heavy,3101,0,4.250,
27026.7,heavy,3102,1,1.730,
27030.0,heavy,3103,0,2.956,
27033.3,heavy,3101,1,4.118,
27036.7,heavy,3102,1,1.359,
27040.0,heavy,3103,0,3.153,
27043.3,heavy,3101,0,4.024,
27046.7,heavy,3102,0,1.083,
27050.0,heavy,3103,0,3.948,
27053.3,heavy,3101,0,3.144,
27056.7,heavy,3102,1,1.194,
27060.0,heavy,3103,0,3.824,
27063.3,heavy,3101,1,2.880,
27066.7,heavy,3102,1,1.376,
27070.0,heavy,3103,0,3.662,
27073.3,heavy,3101,0,3.088,
27076.7,heavy,3102,0,0.920,
27080.0,heavy,3103,0,4.330,
27083.3,heavy,3101,0,3.518,
27086.7,heavy,3102,1,1.318,
27090.0,heavy,3103,1,4.993,
27093.3,heavy,3101,0,2.818,
27096.7,heavy,3102,0,1.113,
27100.0,heavy,3103,1,5.523,
27100.0,light-2,3103,1,2.658,
27100.0,light-4,3102,1,3.217,
27100.0,light-1,3102,1,4.542,
27100.0,light-5,3103,1,6.131,
27100.0,light-3,3101,1,6.480,
27103.3,heavy,3101,0,5.407,
27106.7,heavy,3101,0,4.376,
27110.0,heavy,3102,0,0.832,
27113.3,heavy,3103,0,3.107,
27116.7,heavy,3101,0,3.445,
27120.0,heavy,3102,1,1.263,
27123.3,heavy,3103,1,3.004,
27126.7,heavy,3101,0,2.869,
27130.0,heavy,3102,1,1.220,
27133.3,heavy,3103,0,3.037,
27136.7,heavy,3101,0,2.755,
27140.0,heavy,3102,0,1.046,
27143.3,heavy,3103,1,3.922,
27146.7,heavy,3101,0,3.427,
27150.0,heavy,3102,1,1.185,
27153.3,heavy,3103,0,4.320,
27156.7,heavy,3101,0,3.624,
27160.0,heavy,3102,0,1.159,
27163.3,heavy,3103,0,3.723,
27166.7,heavy,3101,1,2.982,
27170.0,heavy,3102,0,1.046,
27173.3,heavy,3103,0,3.675,
27176.7,heavy,3101,1,2.849,
27180.0,heavy,3102,1,1.008,
27183.3,heavy,3103,0,4.066,
27186.7,heavy,3101,0,3.251,
27190.0,heavy,3102,0,1.146,
27193.3,heavy,3103,1,6.826,
27196.7,heavy,3101,0,4.775,
27200.0,heavy,3102,1,1.366,
27200.0,light-5,3101,1,2.601,
27200.0,light-2,3101,1,4.849,
27200.0,light-1,3103,1,5.094,
27200.0,light-3,3102,1,5.134,
27200.0,light-4,3103,1,7.018,
27203.3,heavy,3102,0,1.860,
27206.7,heavy,3103,0,2.963,
27210.0,heavy,3101,0,2.999,
27213.3,heavy,3102,1,1.172,
27216.7,heavy,3103,0,3.721,
27220.0,heavy,3101,0,3.981,
27223.3,heavy,3102,1,1.249,
27226.7,heavy,3103,1,4.412,
27230.0,heavy,3101,0,4.523,
27233.3,heavy,3102,0,0.806,
27236.7,heavy,3103,0,3.674,
27240.0,heavy,3101,0,2.768,
27243.3,heavy,3102,1,1.285,
27246.7,heavy,3103,0,2.914,
27250.0,heavy,3101,0,2.659,
27253.3,heavy,3102,1,0.722,
27256.7,heavy,3103,0,4.561,
27260.0,heavy,3101,0,3.267,
27263.3,heavy,3102,1,1.194,
27266.7,heavy,3103,0,5.622,
27270.0,heavy,3101,1,2.280,
27273.3,heavy,3102,0,0.735,
27276.7,heavy,3103,0,9.027,
27280.0,heavy,3101,0,3.450,
27283.3,heavy,3102,1,1.034,
27286.7,heavy,3103,0,3.292,
27290.0,heavy,3101,0,3.323,
27293.3,heavy,3102,1,1.045,
27296.7,heavy,3103,0,2.647,
27300.0,heavy,3101,1,7.291,
27300.0,light-2,3103,1,2.820,
27300.0,light-4,3102,1,3.248,
27300.0,light-1,3102,1,7.344,
27300.0,light-5,3103,1,8.126,
27300.0,light-3,3101,1,8.320,
27303.3,heavy,3102,1,1.680,
27306.7,heavy,3103,0,5.088,
27310.0,heavy,3101,0,7.880,
27313.3,heavy,3101,0,8.163,
27316.7,heavy,3102,0,1.447,
27320.0,heavy,3103,0,2.657,
27323.3,heavy,3101,0,3.509,
27326.7,heavy,3102,1,1.108,
27330.0,heavy,3103,1,2.731,
27333.3,heavy,3101,0,3.060,
27336.7,heavy,3102,0,1.012,
27340.0,heavy,3103,0,3.840,
27343.3,heavy,3101,1,3.015,
27346.7,heavy,3102,0,0.977,
27350.0,heavy,3103,0,3.767,
27353.3,heavy,3101,0,4.050,
27356.7,heavy,3102,1,1.048,
27360.0,heavy,3103,0,4.076,
27363.3,heavy,3101,1,2.943,
27366.7,heavy,3102,1,1.670,
27370.0,heavy,3103,0,3.747,
27373.3,heavy,3101,0,3.071,
27376.7,heavy,3102,0,1.080,
27380.0,heavy,3103,0,5.112,
27383.3,heavy,3101,0,3.740,
27386.7,heavy,3102,1,1.411,
27390.0,heavy,3103,1,6.030,
27393.3,heavy,3101,0,3.417,
27396.7,heavy,3102,0,1.266,
27400.0,heavy,3103,1,5.860,
27400.0,light-2,3103,1,3.226,
27400.0,light-4,3102,1,3.737,
27400.0,light-1,3102,1,5.954,
27400.0,light-5,3103,1,7.920,
27400.0,light-3,3101,1,8.681,
27403.3,heavy,3101,0,6.187,
27406.7,heavy,3101,0,5.602,
27410.0,heavy,3102,0,0.775,
27413.3,heavy,3103,1,3.631,
27416.7,heavy,3101,0,3.252,
27420.0,heavy,3102,0,1.144,
27423.3,heavy,3103,1,4.521,
27426.7,heavy,3101,0,3.975,
27430.0,heavy,3102,1,1.395,
27433.3,heavy,3103,0,4.681,
27436.7,heavy,3101,0,3.157,
27440.0,heavy,3102,0,0.841,
27443.3,heavy,3103,1,3.318,
27446.7,heavy,3101,0,2.630,
27450.0,heavy,3102,1,1.263,
27453.3,heavy,3103,0,2.590,
27456.7,heavy,3101,0,2.871,
27460.0,heavy,3102,1,1.470,
27463.3,heavy,3103,0,3.857,
27466.7,heavy,3101,0,3.417,
27470.0,heavy,3102,0,0.773,
27473.3,heavy,3103,0,3.638,
27476.7,heavy,3101,1,2.922,
27480.0,heavy,3102,1,1.399,
27483.3,heavy,3103,0,2.616,
27486.7,heavy,3101,0,3.003,
27490.0,heavy,3102,0,0.952,
27493.3,heavy,3103,1,3.574,
27496.7,heavy,3101,0,4.202,
27500.0,heavy,3102,0,0.979,
27500.0,light-5,3101,1,2.116,
27500.0,light-2,3101,1,3.735,
27500.0,light-1,3103,1,4.219,
27500.0,light-4,3103,1,5.626,
27500.0,light-3,3102,1,6.032,
27503.3,heavy,3102,1,0.968,
27506.7,heavy,3103,0,2.522,
27510.0,heavy,3101,0,2.487,
27513.3,heavy,3102,1,1.733,
27516.7,heavy,3103,0,4.176,
27520.0,heavy,3101,0,4.769,
27523.3,heavy,3102,1,1.573,
27526.7,heavy,3103,0,5.145,
27530.0,heavy,3101,0,4.456,
27533.3,heavy,3102,1,1.584,
27536.7,heavy,3103,0,5.697,
27540.0,heavy,3101,0,4.222,
27543.3,heavy,3102,1,1.679,
27546.7,heavy,3103,0,4.426,
27550.0,heavy,3101,0,2.869,
27553.3,heavy,3102,1,1.098,
27556.7,heavy,3103,0,3.493,
27560.0,heavy,3101,0,2.465,
27563.3,heavy,3102,1,1.195,
27566.7,heavy,3103,0,4.961,
27570.0,heavy,3101,0,2.858,
27573.3,heavy,3102,1,1.919,
27576.7,heavy,3103,0,5.645,
27580.0,heavy,3101,0,3.094,
27583.3,heavy,3102,1,1.678,
27586.7,heavy,3103,0,3.888,
27590.0,heavy,3101,0,4.058,
27593.3,heavy,3102,1,1.031,
27596.7,heavy,3103,0,5.975,
27600.0,heavy,3101,0,5.375,
27600.0,light-1,3101,1,2.478,
27600.0,light-3,3103,1,3.378,
27600.0,light-2,3102,1,6.037,
27600.0,light-4,3101,1,6.129,
27600.0,light-5,3102,1,7.284,
27603.3,heavy,3102,1,1.401,
27606.7,heavy,3103,0,6.508,
27610.0,heavy,3103,1,6.241,
27613.3,heavy,3101,0,2.598,
27616.7,heavy,3102,0,1.342,
27620.0,heavy,3103,1,3.005,
27623.3,heavy,3101,0,2.863,
27626.7,heavy,3102,1,1.489,
27630.0,heavy,3103,0,2.890,
27633.3,heavy,3101,0,4.528,
27636.7,heavy,3102,0,1.254,
27640.0,heavy,3103,0,2.374,
27643.3,heavy,3101,1,3.580,
27646.7,heavy,3102,1,1.121,
27650.0,heavy,3103,0,2.953,
27653.3,heavy,3101,0,2.665,
27656.7,heavy,3102,0,0.958,
27660.0,heavy,3103,0,6.083,
27663.3,heavy,3101,0,4.106,
27666.7,heavy,3102,1,1.423,
27670.0,heavy,3103,0,5.129,
27673.3,heavy,3101,1,2.590,
27676.7,heavy,3102,0,0.842,
27680.0,heavy,3103,1,3.316,
27683.3,heavy,3101,0,3.672,
27686.7,heavy,3102,0,0.937,
27690.0,heavy,3103,0,4.425,
27693.3,heavy,3101,0,2.740,
27696.7,heavy,3102,1,1.253,
27700.0,heavy,3103,1,5.905,
27700.0,light-1,3101,1,1.931,
27700.0,light-3,3103,1,3.078,
27700.0,light-4,3101,1,4.733,
27700.0,light-2,3102,1,5.052,
27700.0,light-5,3102,1,6.151,
27703.3,heavy,3103,0,5.289,
27706.7,heavy,3101,0,2.545,
27710.0,heavy,3102,1,1.320,
27713.3,heavy,3103,0,2.750,
27716.7,heavy,3101,0,3.388,
27720.0,heavy,3102,0,0.919,
27723.3,heavy,3103,0,3.537,
27726.7,heavy,3101,0,2.686,
27730.0,heavy,3102,1,1.079,
27733.3,heavy,3103,1,2.691,
27736.7,heavy,3101,0,4.295,
27740.0,heavy,3102,1,1.776,
27743.3,heavy,3103,0,3.331,
27746.7,heavy,3101,0,2.722,
27750.0,heavy,3102,0,1.051,
27753.3,heavy,3103,1,3.557,
27756.7,heavy,3101,0,2.763,
27760.0,heavy,3102,1,1.029,
27763.3,heavy,3103,0,2.682,
27766.7,heavy,3101,0,2.571,
27770.0,heavy,3102,1,1.300,
27773.3,heavy,3103,0,2.959,
27776.7,heavy,3101,0,3.545,
27780.0,heavy,3102,0,0.995,
27783.3,heavy,3103,1,3.481,
27786.7,heavy,3101,0,2.890,
27790.0,heavy,3102,1,1.066,
27793.3,heavy,3103,0,2.638,
27796.7,heavy,3101,0,3.321,
27800.0,heavy,3102,0,1.121,
27800.0,light-5,3101,1,2.300,
27800.0,light-2,3101,1,4.054,
27800.0,light-1,3103,1,4.638,
27800.0,light-3,3102,1,4.716,
27800.0,light-4,3103,1,4.859,
27803.3,heavy,3102,1,0.922,
27806.7,heavy,3103,0,3.118,
27810.0,heavy,3101,0,2.673,
27813.3,heavy,3102,1,1.052,
27816.7,heavy,3103,0,3.294,
27820.0,heavy,3101,0,3.553,
27823.3,heavy,3102,1,1.267,
27826.7,heavy,3103,0,2.644,
27830.0,heavy,3101,0,3.789,
27833.3,heavy,3102,1,1.102,
27836.7,heavy,3103,0,3.257,
27840.0,heavy,3101,0,4.027,
27843.3,heavy,3102,1,0.924,
27846.7,heavy,3103,0,4.072,
27850.0,heavy,3101,0,3.202,
27853.3,heavy,3102,1,1.178,
27856.7,heavy,3103,0,3.046,
27860.0,heavy,3101,1,3.507,
27863.3,heavy,3102,0,1.000,
27866.7,heavy,3103,0,3.671,
27870.0,heavy,3101,0,2.830,
27873.3,heavy,3102,1,1.014,
27876.7,heavy,3103,0,3.739,
27880.0,heavy,3101,0,3.028,
27883.3,heavy,3102,1,1.293,
27886.7,heavy,3103,0,4.503,
27890.0,heavy,3101,0,2.926,
27893.3,heavy,3102,1,1.574,
27896.7,heavy,3103,0,5.028,
27900.0,heavy,3101,1,5.578,
27900.0,light-2,3103,1,2.385,
27900.0,light-4,3102,1,2.705,
27900.0,light-1,3102,1,5.694,
27900.0,light-3,3101,1,6.451,
27900.0,light-5,3103,1,6.487,
27903.3,heavy,3101,0,6.253,
27906.7,heavy,3102,0,1.403,
27910.0,heavy,3103,0,3.223,
27913.3,heavy,3101,1,3.842,
27916.7,heavy,3102,0,1.235,
27920.0,heavy,3103,0,5.169,
27923.3,heavy,3101,1,4.251,
27926.7,heavy,3102,1,1.639,
27930.0,heavy,3103,0,5.031,
27933.3,heavy,3101,0,4.886,
27936.7,heavy,3102,0,0.966,
27940.0,heavy,3103,0,4.194,
27943.3,heavy,3101,0,3.536,
27946.7,heavy,3102,1,1.243,
27950.0,heavy,3103,0,4.418,
27953.3,heavy,3101,1,2.979,
27956.7,heavy,3102,0,1.187,
27960.0,heavy,3103,0,3.615,
27963.3,heavy,3101,1,2.824,
27966.7,heavy,3102,0,0.943,
27970.0,heavy,3103,0,4.560,
27973.3,heavy,3101,0,3.804,
27976.7,heavy,3102,1,1.756,
27980.0,heavy,3103,1,5.517,
27983.3,heavy,3101,0,2.773,
27986.7,heavy,3102,0,0.925,
27990.0,heavy,3103,0,3.594,
27993.3,heavy,3101,1,2.893,
27996.7,heavy,3102,0,1.260,
28000.0,heavy,3103,1,6.471,
28000.0,light-1,3101,1,2.257,
28000.0,light-3,3103,1,3.315,
28000.0,light-2,3102,1,6.878,
28000.0,light-4,3101,1,6.901,
28000.0,light-5,3102,1,11.269,
28003.3,heavy,3101,0,6.622,
28006.7,heavy,3102,1,1.694,
28010.0,heavy,3103,0,6.716,
28013.3,heavy,3103,0,5.109,
28016.7,heavy,3101,0,3.997,
28020.0,heavy,3102,0,1.838,
28023.3,heavy,3103,1,2.872,
28026.7,heavy,3101,0,2.998,
28030.0,heavy,3102,0,0.892,
28033.3,heavy,3103,0,4.362,
28036.7,heavy,3101,1,3.296,
28040.0,heavy,3102,1,1.360,
28043.3,heavy,3103,0,3.570,
28046.7,heavy,3101,0,2.388,
28050.0,heavy,3102,0,0.740,
28053.3,heavy,3103,0,3.661,
28056.7,heavy,3101,1,2.907,
28060.0,heavy,3102,0,0.852,
28063.3,heavy,3103,0,3.979,
28066.7,heavy,3101,1,3.268,
28070.0,heavy,3102,1,1.517,
28073.3,heavy,3103,0,4.320,
28076.7,heavy,3101,0,2.540,
28080.0,heavy,3102,1,1.327,
28083.3,heavy,3103,0,3.165,
28086.7,heavy,3101,0,2.976,
28090.0,heavy,3102,0,0.889,
28093.3,heavy,3103,0,6.045,
28096.7,heavy,3101,1,6.504,
28100.0,heavy,3102,1,1.749,
28100.0,light-1,3101,1,2.193,
28100.0,light-3,3103,1,3.097,
28100.0,light-2,3102,1,6.478,
28100.0,light-4,3101,1,7.243,
28100.0,light-5,3102,1,7.346,
28103.3,heavy,3103,0,6.697,
28106.7,heavy,3103,0,4.931,
28110.0,heavy,3101,1,3.990,
28113.3,heavy,3102,0,1.071,
28116.7,heavy,3103,0,3.582,
28120.0,heavy,3101,0,2.770,
28123.3,heavy,3102,1,1.205,
28126.7,heavy,3103,0,3.945,
28130.0,heavy,3101,0,2.645,
28133.3,heavy,3102,1,1.016,
28136.7,heavy,3103,0,3.408,
28140.0,heavy,3101,0,3.691,
28143.3,heavy,3102,1,1.203,
28146.7,heavy,3103,0,2.897,
28150.0,heavy,3101,0,2.621,
28153.3,heavy,3102,1,1.170,
28156.7,heavy,3103,0,2.878,
28160.0,heavy,3101,0,2.659,
28163.3,heavy,3102,1,1.607,
28166.7,heavy,3103,0,4.053,
28170.0,heavy,3101,0,3.349,
28173.3,heavy,3102,1,1.414,
28176.7,heavy,3103,0,3.354,
28180.0,heavy,3101,1,2.907,
28183.3,heavy,3102,0,1.134,
28186.7,heavy,3103,0,4.017,
28190.0,heavy,3101,0,3.179,
28193.3,heavy,3102,1,0.945,
28196.7,heavy,3103,0,6.917,
28200.0,heavy,3101,0,5.099,
28200.0,light-5,3101,1,3.417,
28200.0,light-3,3102,1,5.809,
28200.0,light-2,3101,1,6.051,
28200.0,light-1,3103,1,6.217,
28200.0,light-4,3103,1,7.229,
28203.3,heavy,3102,1,1.364,
28206.7,heavy,3102,0,3.047,
28210.0,heavy,3103,1,5.442,
28213.3,heavy,3101,0,2.823,
28216.7,heavy,3102,0,1.265,
28220.0,heavy,3103,1,3.063,
28223.3,heavy,3101,0,3.594,
28226.7,heavy,3102,0,1.112,
28230.0,heavy,3103,0,3.661,
28233.3,heavy,3101,0,2.917,
28236.7,heavy,3102,1,1.449,
28240.0,heavy,3103,0,2.626,
28243.3,heavy,3101,1,4.324,
28246.7,heavy,3102,1,1.456,
28250.0,heavy,3103,0,3.453,
28253.3,heavy,3101,0,3.266,
28256.7,heavy,3102,0,0.832,
28260.0,heavy,3103,0,4.939,
28263.3,heavy,3101,0,3.422,
28266.7,heavy,3102,1,1.462,
28270.0,heavy,3103,0,4.218,
28273.3,heavy,3101,1,3.280,
28276.7,heavy,3102,0,1.409,
28280.0,heavy,3103,0,3.608,
28283.3,heavy,3101,1,2.793,
28286.7,heavy,3102,0,1.011,
28290.0,heavy,3103,0,4.976,
28293.3,heavy,3101,0,4.874,
28296.7,heavy,3102,1,1.132,
28300.0,heavy,3103,1,7.552,
28300.0,light-1,3101,1,2.281,
28300.0,light-3,3103,1,2.979,
28300.0,light-4,3101,1,5.744,
28300.0,light-2,3102,1,6.621,
28300.0,light-5,3102,1,7.686,
28303.3,heavy,3103,0,4.567,
28306.7,heavy,3101,0,4.235,
28310.0,heavy,3102,0,0.930,
28313.3,heavy,3103,0,4.522,
28316.7,heavy,3101,1,3.763,
28320.0,heavy,3102,1,1.271,
28323.3,heavy,3103,0,4.457,
28326.7,heavy,3101,0,4.312,
28330.0,heavy,3102,0,0.901,
28333.3,heavy,3103,1,3.763,
28336.7,heavy,3101,0,3.227,
28340.0,heavy,3102,1,1.252,
28343.3,heavy,3103,0,3.100,
28346.7,heavy,3101,0,3.151,
28350.0,heavy,3102,0,1.047,
28353.3,heavy,3103,0,3.947,
28356.7,heavy,3101,1,3.117,
28360.0,heavy,3102,0,1.113,
28363.3,heavy,3103,1,3.216,
28366.7,heavy,3101,0,3.593,
28370.0,heavy,3102,1,1.146,
28373.3,heavy,3103,0,2.774,
28376.7,heavy,3101,0,2.514,
28380.0,heavy,3102,0,1.118,
28383.3,heavy,3103,0,3.110,
28386.7,heavy,3101,0,3.080,
28390.0,heavy,3102,1,0.845,
28393.3,heavy,3103,1,6.583,
28396.7,heavy,3101,0,6.913,
28400.0,heavy,3102,1,1.757,
28400.0,light-1,3101,1,2.442,
28400.0,light-3,3103,1,3.257,
28400.0,light-4,3101,1,6.843,
28400.0,light-2,3102,1,7.274,
28400.0,light-5,3102,1,8.293,
28403.3,heavy,3103,0,7.197,
28406.7,heavy,3103,0,6.108,
28410.0,heavy,3101,1,3.623,
28413.3,heavy,3102,0,0.926,
28416.7,heavy,3103,0,3.381,
28420.0,heavy,3101,0,2.634,
28423.3,heavy,3102,1,0.987,
28426.7,heavy,3103,0,4.274,
28430.0,heavy,3101,0,3.378,
28433.3,heavy,3102,1,1.128,
28436.7,heavy,3103,0,4.293,
28440.0,heavy,3101,0,3.099,
28443.3,heavy,3102,1,1.390,
28446.7,heavy,3103,0,2.775,
28450.0,heavy,3101,0,2.994,
28453.3,heavy,3102,1,0.978,
28456.7,heavy,3103,0,4.332,
28460.0,heavy,3101,0,3.034,
28463.3,heavy,3102,1,1.257,
28466.7,heavy,3103,0,4.897,
28470.0,heavy,3101,1,2.985,
28473.3,heavy,3102,0,0.875,
28476.7,heavy,3103,1,3.125,
28480.0,heavy,3101,0,3.325,
28483.3,heavy,3102,0,0.824,
28486.7,heavy,3103,0,4.568,
28490.0,heavy,3101,0,3.104,
28493.3,heavy,3102,1,1.320,
28496.7,heavy,3103,0,4.272,
28500.0,heavy,3101,1,4.767,
28500.0,light-2,3103,1,1.350,
28500.0,light-4,3102,1,2.438,
28500.0,light-1,3102,1,4.481,
28500.0,light-5,3103,1,4.561,
28500.0,light-3,3101,1,6.199,
28503.3,heavy,3101,0,4.405,
28506.7,heavy,3102,0,0.945,
28510.0,heavy,3103,1,3.565,
28513.3,heavy,3101,0,3.797,
28516.7,heavy,3102,0,0.825,
28520.0,heavy,3103,0,4.046,
28523.3,heavy,3101,0,3.459,
28526.7,heavy,3102,1,1.584,
28530.0,heavy,3103,0,4.483,
28533.3,heavy,3101,1,3.181,
28536.7,heavy,3102,0,0.922,
28540.0,heavy,3103,0,3.819,
28543.3,heavy,3101,1,3.133,
28546.7,heavy,3102,0,0.964,
28550.0,heavy,3103,0,2.985,
28553.3,heavy,3101,0,2.938,
28556.7,heavy,3102,1,1.111,
28560.0,heavy,3103,1,4.272,
28563.3,heavy,3101,0,3.084,
28566.7,heavy,3102,0,0.962,
28570.0,heavy,3103,0,4.167,
28573.3,heavy,3101,1,3.589,
28576.7,heavy,3102,0,0.854,
28580.0,heavy,3103,0,3.066,
28583.3,heavy,3101,1,3.354,
28586.7,heavy,3102,0,1.041,
28590.0,heavy,3103,0,3.137,
28593.3,heavy,3101,1,2.887,
28596.7,heavy,3102,0,1.251,
28600.0,heavy,3103,0,4.813,
28600.0,light-2,3103,1,2.207,
28600.0,light-4,3102,1,2.352,
28600.0,light-1,3102,1,5.370,
28600.0,light-3,3101,1,6.150,
28600.0,light-5,3103,1,6.232,
28603.3,heavy,3101,1,5.317,
28606.7,heavy,3101,0,6.269,
28610.0,heavy,3102,0,1.479,
28613.3,heavy,3103,0,3.564,
28616.7,heavy,3101,1,2.789,
28620.0,heavy,3102,1,1.149,
28623.3,heavy,3103,0,2.932,
28626.7,heavy,3101,0,3.235,
28630.0,heavy,3102,0,1.067,
28633.3,heavy,3103,1,3.385,
28636.7,heavy,3101,0,3.632,
28640.0,heavy,3102,0,0.841,
28643.3,heavy,3103,0,3.959,
28646.7,heavy,3101,1,3.486,
28650.0,heavy,3102,1,1.416,
28653.3,heavy,3103,0,4.465,
28656.7,heavy,3101,0,3.015,
28660.0,heavy,3102,0,1.075,
28663.3,heavy,3103,1,3.334,
28666.7,heavy,3101,0,3.535,
28670.0,heavy,3102,0,0.851,
28673.3,heavy,3103,1,4.028,
28676.7,heavy,3101,0,3.474,
28680.0,heavy,3102,1,1.224,
28683.3,heavy,3103,0,2.894,
28686.7,heavy,3101,0,2.100,
28690.0,heavy,3102,1,1.339,
28693.3,heavy,3103,0,4.746,
28696.7,heavy,3101,0,3.859,
28700.0,heavy,3102,0,1.707,
28700.0,light-5,3101,1,2.794,
28700.0,light-2,3101,1,5.056,
28700.0,light-1,3103,1,5.431,
28700.0,light-3,3102,1,5.502,
28700.0,light-4,3103,1,5.915,
28703.3,heavy,3102,1,1.442,
28706.7,heavy,3103,0,3.038,
28710.0,heavy,3101,0,2.437,
28713.3,heavy,3102,1,1.198,
28716.7,heavy,3103,0,1.911,
28720.0,heavy,3101,0,5.065,
28723.3,heavy,3102,1,1.361,
28726.7,heavy,3103,1,3.775,
28730.0,heavy,3101,0,5.517,
28733.3,heavy,3102,0,1.063,
28736.7,heavy,3103,0,3.986,
28740.0,heavy,3101,0,4.471,
28743.3,heavy,3102,1,2.118,
28746.7,heavy,3103,0,4.876,
28750.0,heavy,3101,1,4.011,
28753.3,heavy,3102,0,1.177,
28756.7,heavy,3103,1,4.286,
28760.0,heavy,3101,0,4.437,
28763.3,heavy,3102,0,0.838,
28766.7,heavy,3103,0,4.119,
28770.0,heavy,3101,0,3.035,
28773.3,heavy,3102,1,1.158,
28776.7,heavy,3103,0,4.553,
28780.0,heavy,3101,0,2.911,
28783.3,heavy,3102,1,0.993,
28786.7,heavy,3103,0,3.854,
28790.0,heavy,3101,0,3.004,
28793.3,heavy,3102,1,1.147,
28796.7,heavy,3103,0,2.758,
28800.0,heavy,3101,0,5.350,
28800.0,light-1,3101,1,2.205,
28800.0,light-3,3103,1,2.343,
28800.0,light-4,3101,1,5.545,
28800.0,light-2,3102,1,6.352,
28800.0,light-5,3102,1,7.563,
28803.3,heavy,3102,1,1.305,
28806.7,heavy,3103,1,5.551,
28810.0,heavy,3103,0,5.461,
28813.3,heavy,3101,0,4.047,
28816.7,heavy,3102,0,3.565,
28820.0,heavy,3103,0,2.920,
28823.3,heavy,3101,1,4.066,
28826.7,heavy,3102,0,1.474,
28830.0,heavy,3103,1,3.486,
28833.3,heavy,3101,0,3.130,
28836.7,heavy,3102,0,1.014,
28840.0,heavy,3103,0,3.441,
28843.3,heavy,3101,1,3.020,
28846.7,heavy,3102,0,1.255,
28850.0,heavy,3103,1,4.295,
28853.3,heavy,3101,0,4.793,
28856.7,heavy,3102,1,1.396,
28860.0,heavy,3103,0,4.868,
28863.3,heavy,3101,0,4.469,
28866.7,heavy,3102,0,1.011,
28870.0,heavy,3103,0,3.962,
28873.3,heavy,3101,0,3.248,
28876.7,heavy,3102,1,1.308,
28880.0,heavy,3103,0,3.290,
28883.3,heavy,3101,1,3.338,
28886.7,heavy,3102,0,1.032,
28890.0,heavy,3103,1,3.796,
28893.3,heavy,3101,0,4.069,
28896.7,heavy,3102,0,0.966,
28900.0,heavy,3103,0,6.056,
28900.0,light-5,3101,1,3.234,
28900.0,light-3,3102,1,5.415,
28900.0,light-2,3101,1,5.763,
28900.0,light-1,3103,1,6.371,
28900.0,light-4,3103,1,7.584,
28903.3,heavy,3101,0,4.627,
28906.7,heavy,3102,1,1.390,
28910.0,heavy,3102,0,2.288,
28913.3,heavy,3103,1,5.733,
28916.7,heavy,3101,0,3.160,
28920.0,heavy,3102,0,1.031,
28923.3,heavy,3103,1,2.686,
28926.7,heavy,3101,0,2.769,
28930.0,heavy,3102,0,1.156,
28933.3,heavy,3103,0,3.841,
28936.7,heavy,3101,0,3.060,
28940.0,heavy,3102,1,1.320,
28943.3,heavy,3103,1,2.959,
28946.7,heavy,3101,0,3.481,
28950.0,heavy,3102,1,1.752,
28953.3,heavy,3103,0,3.364,
28956.7,heavy,3101,0,4.053,
28960.0,heavy,3102,0,1.218,
28963.3,heavy,3103,0,4.421,
28966.7,heavy,3101,1,2.572,
28970.0,heavy,3102,1,1.525,
28973.3,heavy,3103,0,3.593,
28976.7,heavy,3101,0,3.303,
28980.0,heavy,3102,0,0.985,
28983.3,heavy,3103,1,3.178,
28986.7,heavy,3101,0,3.684,
28990.0,heavy,3102,0,1.114,
28993.3,heavy,3103,0,5.392,
28996.7,heavy,3101,0,4.551,
29000.0,heavy,3102,1,1.225,
29000.0,light-5,3101,1,3.175,
29000.0,light-3,3102,1,4.808,
29000.0,light-2,3101,1,5.125,
29000.0,light-1,3103,1,5.822,
29000.0,light-4,3103,1,6.908,
29003.3,heavy,3102,1,2.409,
29006.7,heavy,3103,0,4.644,
29010.0,heavy,3101,0,2.436,
29013.3,heavy,3102,1,1.344,
29016.7,heavy,3103,0,3.455,
29020.0,heavy,3101,1,3.066,
29023.3,heavy,3102,0,0.900,
29026.7,heavy,3103,0,3.179,
29030.0,heavy,3101,0,3.469,
29033.3,heavy,3102,1,1.190,
29036.7,heavy,3103,0,2.891,
29040.0,heavy,3101,0,2.528,
29043.3,heavy,3102,1,1.204,
29046.7,heavy,3103,0,2.746,
29050.0,heavy,3101,0,2.872,
29053.3,heavy,3102,1,1.133,
29056.7,heavy,3103,0,3.524,
29060.0,heavy,3101,0,2.972,
29063.3,heavy,3102,1,1.122,
29066.7,heavy,3103,0,3.406,
29070.0,heavy,3101,0,2.682,
29073.3,heavy,3102,1,1.694,
29076.7,heavy,3103,0,3.382,
29080.0,heavy,3101,1,3.076,
29083.3,heavy,3102,0,1.530,
29086.7,heavy,3103,0,4.921,
29090.0,heavy,3101,0,3.519,
29093.3,heavy,3102,1,1.540,
29096.7,heavy,3103,0,4.708,
29100.0,heavy,3101,1,5.545,
29100.0,light-2,3103,1,1.240,
29100.0,light-4,3102,1,2.425,
29100.0,light-5,3103,1,4.826,
29100.0,light-1,3102,1,5.228,
29100.0,light-3,3101,1,6.795,
29103.3,heavy,3101,0,5.041,
29106.7,heavy,3102,0,0.926,
29110.0,heavy,3103,1,3.612,
29113.3,heavy,3101,0,2.869,
29116.7,heavy,3102,0,1.076,
29120.0,heavy,3103,0,3.144,
29123.3,heavy,3101,0,3.394,
29126.7,heavy,3102,1,1.205,
29130.0,heavy,3103,0,2.862,
29133.3,heavy,3101,1,3.179,
29136.7,heavy,3102,0,1.097,
29140.0,heavy,3103,1,3.443,
29143.3,heavy,3101,0,3.172,
29146.7,heavy,3102,0,0.980,
29150.0,heavy,3103,0,2.529,
29153.3,heavy,3101,0,3.265,
29156.7,heavy,3102,1,1.190,
29160.0,heavy,3103,0,2.828,
29163.3,heavy,3101,1,3.130,
29166.7,heavy,3102,1,1.338,
29170.0,heavy,3103,0,2.996,
29173.3,heavy,3101,0,3.444,
29176.7,heavy,3102,0,1.111,
29180.0,heavy,3103,0,4.946,
29183.3,heavy,3101,1,3.381,
29186.7,heavy,3102,1,1.580,
29190.0,heavy,3103,0,5.361,
29193.3,heavy,3101,0,2.842,
29196.7,heavy,3102,0,1.127,
29200.0,heavy,3103,0,5.661,
29200.0,light-5,3101,1,3.180,
29200.0,light-3,3102,1,5.002,
29200.0,light-2,3101,1,5.228,
29200.0,light-1,3103,1,6.035,
29200.0,light-4,3103,1,7.002,
29203.3,heavy,3101,0,4.500,
29206.7,heavy,3102,1,1.458,
29210.0,heavy,3102,0,2.387,
29213.3,heavy,3103,1,3.314,
29216.7,heavy,3101,0,4.667,
29220.0,heavy,3102,0,0.997,
29223.3,heavy,3103,1,2.820,
29226.7,heavy,3101,0,4.726,
29230.0,heavy,3102,1,1.437,
29233.3,heavy,3103,0,3.853,
29236.7,heavy,3101,0,4.880,
29240.0,heavy,3102,0,0.806,
29243.3,heavy,3103,0,3.681,
29246.7,heavy,3101,1,2.903,
29250.0,heavy,3102,1,1.220,
29253.3,heavy,3103,0,4.480,
29256.7,heavy,3101,0,2.897,
29260.0,heavy,3102,1,2.316,
29263.3,heavy,3103,0,4.141,
29266.7,heavy,3101,0,4.173,
29270.0,heavy,3102,0,1.101,
29273.3,heavy,3103,1,3.209,
29276.7,heavy,3101,0,3.097,
29280.0,heavy,3102,0,1.770,
29283.3,heavy,3103,1,4.801,
29286.7,heavy,3101,0,3.070,
29290.0,heavy,3102,0,1.047,
29293.3,heavy,3103,1,3.691,
29296.7,heavy,3101,0,3.703,
29300.0,heavy,3102,0,1.253,
29300.0,light-5,3101,1,2.507,
29300.0,light-2,3101,1,4.607,
29300.0,light-1,3103,1,4.947,
29300.0,light-3,3102,1,5.067,
29300.0,light-4,3103,1,6.128,
29303.3,heavy,3102,1,1.089,
29306.7,heavy,3103,0,3.625,
29310.0,heavy,3101,0,3.425,
29313.3,heavy,3102,1,1.193,
29316.7,heavy,3103,1,10.494,
29320.0,heavy,3101,0,6.915,
29323.3,heavy,3102,1,4.568,
29326.7,heavy,3103,0,11.619,
29330.0,heavy,3101,0,6.893,
29333.3,heavy,3102,0,1.255,
29336.7,heavy,3103,0,5.640,
29340.0,heavy,3101,0,2.526,
29343.3,heavy,3102,1,1.198,
29346.7,heavy,3103,0,4.136,
29350.0,heavy,3101,0,6.588,
29353.3,heavy,3102,1,1.321,
29356.7,heavy,3103,0,4.636,
29360.0,heavy,3101,1,8.307,
29363.3,heavy,3102,0,2.097,
29366.7,heavy,3103,0,4.710,
29370.0,heavy,3101,1,3.732,
29373.3,heavy,3102,0,1.078,
29376.7,heavy,3103,1,5.293,
29380.0,heavy,3101,0,3.502,
29383.3,heavy,3102,1,1.211,
29386.7,heavy,3103,0,5.169,
29390.0,heavy,3101,0,4.244,
29393.3,heavy,3102,0,1.401,
29396.7,heavy,3103,0,4.350,
29400.0,heavy,3101,1,4.510,
29400.0,light-2,3103,1,1.244,
29400.0,light-4,3102,1,2.690,
29400.0,light-5,3103,1,4.058,
29400.0,light-1,3102,1,4.550,
29400.0,light-3,3101,1,5.060,
29403.3,heavy,3101,0,4.697,
29406.7,heavy,3102,0,1.138,
29410.0,heavy,3103,1,4.641,
29413.3,heavy,3101,0,5.010,
29416.7,heavy,3102,1,1.546,
29420.0,heavy,3103,0,5.020,
29423.3,heavy,3101,0,3.749,
29426.7,heavy,3102,0,1.238,
29430.0,heavy,3103,0,3.534,
29433.3,heavy,3101,0,3.852,
29436.7,heavy,3102,1,1.210,
29440.0,heavy,3103,0,2.908,
29443.3,heavy,3101,1,2.717,
29446.7,heavy,3102,1,1.959,
29450.0,heavy,3103,0,3.415,
29453.3,heavy,3101,0,2.848,
29456.7,heavy,3102,1,2.686,
29460.0,heavy,3103,0,5.341,
29463.3,heavy,3101,0,4.160,
29466.7,heavy,3102,0,1.672,
29470.0,heavy,3103,0,4.969,
29473.3,heavy,3101,1,3.651,
29476.7,heavy,3102,0,1.120,
29480.0,heavy,3103,0,5.699,
29483.3,heavy,3101,1,4.896,
29486.7,heavy,3102,0,0.931,
29490.0,heavy,3103,1,5.488,
29493.3,heavy,3101,0,5.272,
29496.7,heavy,3102,1,2.174,
29500.0,heavy,3103,0,6.592,
29500.0,light-1,3101,1,3.101,
29500.0,light-3,3103,1,2.770,
29500.0,light-4,3101,1,5.699,
29500.0,light-2,3102,1,6.049,
29500.0,light-5,3102,1,6.776,
29503.3,heavy,3103,0,5.397,
29506.7,heavy,3101,0,2.872,
29510.0,heavy,3102,0,0.704,
29513.3,heavy,3103,1,4.063,
29516.7,heavy,3101,0,3.166,
29520.0,heavy,3102,0,1.038,
29523.3,heavy,3103,0,3.751,
29526.7,heavy,3101,0,4.017,
29530.0,heavy,3102,1,1.465,
29533.3,heavy,3103,1,3.809,
29536.7,heavy,3101,0,5.275,
29540.0,heavy,3102,1,1.120,
29543.3,heavy,3103,0,2.683,
29546.7,heavy,3101,0,4.007,
29550.0,heavy,3102,1,1.279,
29553.3,heavy,3103,0,6.295,
29556.7,heavy,3101,0,5.416,
29560.0,heavy,3102,1,1.532,
29563.3,heavy,3103,0,6.564,
29566.7,heavy,3101,0,4.825,
29570.0,heavy,3102,0,1.273,
29573.3,heavy,3103,0,4.246,
29576.7,heavy,3101,1,3.374,
29580.0,heavy,3102,0,1.551,
29583.3,heavy,3103,1,4.691,
29586.7,heavy,3101,0,3.570,
29590.0,heavy,3102,1,1.243,
29593.3,heavy,3103,0,3.943,
29596.7,heavy,3101,0,3.583,
29600.0,heavy,3102,0,1.400,
29600.0,light-5,3101,1,2.490,
29600.0,light-2,3101,1,4.354,
29600.0,light-1,3103,1,5.016,
29600.0,light-3,3102,1,5.096,
29600.0,light-4,3103,1,5.195,
29603.3,heavy,3102,1,1.044,
29606.7,heavy,3103,0,3.662,
29610.0,heavy,3101,1,3.304,
29613.3,heavy,3102,0,1.038,
29616.7,heavy,3103,0,3.246,
29620.0,heavy,3101,0,3.539,
29623.3,heavy,3102,1,1.276,
29626.7,heavy,3103,0,3.186,
29630.0,heavy,3101,0,3.077,
29633.3,heavy,3102,1,1.151,
29636.7,heavy,3103,0,3.581,
29640.0,heavy,3101,0,3.950,
29643.3,heavy,3102,1,0.896,
29646.7,heavy,3103,0,5.544,
29650.0,heavy,3101,0,4.806,
29653.3,heavy,3102,1,2.299,
29656.7,heavy,3103,0,3.601,
29660.0,heavy,3101,0,3.087,
29663.3,heavy,3102,1,1.514,
29666.7,heavy,3103,1,3.492,
29670.0,heavy,3101,0,3.795,
29673.3,heavy,3102,0,0.936,
29676.7,heavy,3103,0,4.168,
29680.0,heavy,3101,0,3.137,
29683.3,heavy,3102,1,1.213,
29686.7,heavy,3103,0,5.017,
29690.0,heavy,3101,0,3.263,
29693.3,heavy,3102,1,1.241,
29696.7,heavy,3103,1,8.122,
29700.0,heavy,3101,0,7.315,
29700.0,light-4,3102,1,2.886,
29700.0,light-2,3103,1,3.808,
29700.0,light-1,3102,1,7.304,
29700.0,light-5,3103,1,11.839,
29700.0,light-3,3101,1,18.297,
29703.3,heavy,3101,0,8.676,
29706.7,heavy,3102,0,0.939,
29710.0,heavy,3103,1,5.728,
29713.3,heavy,3101,0,7.680,
29716.7,heavy,3102,0,3.081,
29720.0,heavy,3103,0,4.079,
29723.3,heavy,3101,1,3.921,
29726.7,heavy,3102,0,1.722,
29730.0,heavy,3103,0,3.359,
29733.3,heavy,3101,0,3.407,
29736.7,heavy,3102,1,1.438,
29740.0,heavy,3103,0,2.968,
29743.3,heavy,3101,1,3.089,
29746.7,heavy,3102,1,1.499,
29750.0,heavy,3103,0,3.361,
29753.3,heavy,3101,0,3.262,
29756.7,heavy,3102,0,1.028,
29760.0,heavy,3103,0,3.735,
29763.3,heavy,3101,1,3.187,
29766.7,heavy,3102,0,0.953,
29770.0,heavy,3103,0,5.296,
29773.3,heavy,3101,1,4.589,
29776.7,heavy,3102,1,2.567,
29780.0,heavy,3103,0,5.471,
29783.3,heavy,3101,0,5.293,
29786.7,heavy,3102,0,1.155,
29790.0,heavy,3103,0,3.322,
29793.3,heavy,3101,1,3.360,
29796.7,heavy,3102,0,1.320,
29800.0,heavy,3103,1,5.433,
29800.0,light-2,3103,1,2.705,
29800.0,light-4,3102,1,3.487,
29800.0,light-1,3102,1,6.214,
29800.0,light-3,3101,1,6.365,
29800.0,light-5,3103,1,6.467,
29803.3,heavy,3101,0,7.070,
29806.7,heavy,3101,0,7.818,
29810.0,heavy,3102,0,0.900,
29813.3,heavy,3103,1,4.186,
29816.7,heavy,3101,0,3.636,
29820.0,heavy,3102,1,1.259,
29823.3,heavy,3103,0,5.065,
29826.7,heavy,3101,0,5.132,
29830.0,heavy,3102,1,2.219,
29833.3,heavy,3103,0,5.145,
29836.7,heavy,3101,1,5.914,
29840.0,heavy,3102,0,2.174,
29843.3,heavy,3103,0,3.509,
29846.7,heavy,3101,0,3.941,
29850.0,heavy,3102,0,1.108,
29853.3,heavy,3103,1,3.437,
29856.7,heavy,3101,0,3.175,
29860.0,heavy,3102,0,0.991,
29863.3,heavy,3103,1,3.280,
29866.7,heavy,3101,0,3.608,
29870.0,heavy,3102,1,1.342,
29873.3,heavy,3103,0,4.382,
29876.7,heavy,3101,0,3.431,
29880.0,heavy,3102,1,1.473,
29883.3,heavy,3103,0,3.527,
29886.7,heavy,3101,0,2.827,
29890.0,heavy,3102,1,1.681,
29893.3,heavy,3103,1,6.483,
29896.7,heavy,3101,0,4.596,
29900.0,heavy,3102,0,1.459,
29900.0,light-5,3101,1,3.185,
29900.0,light-3,3102,1,6.011,
29900.0,light-2,3101,1,6.342,
29900.0,light-1,3103,1,7.042,
29900.0,light-4,3103,1,7.878,
29903.3,heavy,3102,0,1.263,
29906.7,heavy,3103,0,4.334,
29910.0,heavy,3101,1,3.682,
29913.3,heavy,3102,0,1.153,
29916.7,heavy,3103,1,4.860,
29920.0,heavy,3101,0,4.077,
29923.3,heavy,3102,1,1.209,
29926.7,heavy,3103,0,4.972,
29930.0,heavy,3101,0,5.220,
29933.3,heavy,3102,0,1.140,
29936.7,heavy,3103,0,3.027,
29940.0,heavy,3101,0,3.396,
29943.3,heavy,3102,1,1.104,
29946.7,heavy,3103,0,3.975,
29950.0,heavy,3101,1,2.906,
29953.3,heavy,3102,0,1.096,
29956.7,heavy,3103,0,4.568,
29960.0,heavy,3101,1,3.597,
29963.3,heavy,3102,0,0.986,
29966.7,heavy,3103,0,3.362,
29970.0,heavy,3101,0,2.852,
29973.3,heavy,3102,1,1.089,
29976.7,heavy,3103,0,3.578,
29980.0,heavy,3101,1,3.199,
29983.3,heavy,3102,0,1.250,
29986.7,heavy,3103,0,3.747,
29990.0,heavy,3101,1,3.408,
29993.3,heavy,3102,0,1.181,
29996.7,heavy,3103,1,3.179,
30000.0,heavy,3101,0,3.151,
