tMs,key,port,allowed,latencyMs,error
0.0,light-2,3103,1,1.950,
0.0,light-4,3102,1,3.419,
0.0,light-5,3103,1,6.700,
0.0,heavy,3101,1,7.452,
0.0,light-1,3102,1,7.894,
0.0,light-3,3101,1,9.348,
3.3,heavy,3101,1,7.527,
6.7,heavy,3102,1,1.594,
10.0,heavy,3103,1,3.845,
13.3,heavy,3101,1,4.283,
16.7,heavy,3102,1,1.396,
20.0,heavy,3103,1,4.193,
23.3,heavy,3101,1,5.136,
26.7,heavy,3102,1,1.694,
30.0,heavy,3103,1,4.048,
33.3,heavy,3101,1,4.334,
36.7,heavy,3102,1,1.641,
40.0,heavy,3103,1,4.446,
43.3,heavy,3101,1,3.653,
46.7,heavy,3102,1,1.389,
50.0,heavy,3103,1,4.947,
53.3,heavy,3101,1,4.303,
56.7,heavy,3102,1,1.299,
60.0,heavy,3103,1,4.118,
63.3,heavy,3101,1,4.000,
66.7,heavy,3102,1,1.771,
70.0,heavy,3103,1,4.084,
73.3,heavy,3101,1,4.396,
76.7,heavy,3102,1,1.342,
80.0,heavy,3103,1,4.593,
83.3,heavy,3101,1,5.326,
86.7,heavy,3102,1,1.716,
90.0,heavy,3103,1,4.218,
93.3,heavy,3101,1,4.645,
96.7,heavy,3102,1,1.618,
100.0,heavy,3103,1,7.318,
100.0,light-1,3101,1,1.659,
100.0,light-3,3103,1,3.508,
100.0,light-4,3101,1,6.170,
100.0,light-2,3102,1,7.023,
100.0,light-5,3102,1,7.343,
103.3,heavy,3103,1,5.594,
106.7,heavy,3101,1,3.626,
110.0,heavy,3102,1,1.277,
113.3,heavy,3103,1,5.416,
116.7,heavy,3101,1,4.504,
120.0,heavy,3102,1,1.192,
123.3,heavy,3103,1,5.588,
126.7,heavy,3101,1,4.764,
130.0,heavy,3102,1,1.648,
133.3,heavy,3103,1,4.965,
136.7,heavy,3101,1,3.747,
140.0,heavy,3102,1,1.305,
143.3,heavy,3103,1,4.980,
146.7,heavy,3101,1,5.418,
150.0,heavy,3102,1,1.289,
153.3,heavy,3103,1,4.233,
156.7,heavy,3101,1,4.434,
160.0,heavy,3102,1,1.669,
163.3,heavy,3103,1,4.613,
166.7,heavy,3101,1,4.106,
170.0,heavy,3102,1,0.994,
173.3,heavy,3103,1,4.769,
176.7,heavy,3101,1,5.404,
180.0,heavy,3102,1,1.344,
183.3,heavy,3103,1,5.997,
186.7,heavy,3101,1,3.546,
190.0,heavy,3102,1,1.420,
193.3,heavy,3103,1,4.527,
196.7,heavy,3101,1,3.946,
200.0,light-5,3101,1,3.159,
200.0,light-2,3101,1,6.585,
200.0,light-1,3103,1,7.467,
200.0,light-3,3102,1,7.617,
200.0,light-4,3103,1,8.261,
200.0,heavy,3102,1,1.595,
203.3,heavy,3102,1,2.111,
206.7,heavy,3103,1,4.719,
210.0,heavy,3101,1,4.289,
213.3,heavy,3102,1,1.137,
216.7,heavy,3103,1,5.324,
220.0,heavy,3101,1,3.939,
223.3,heavy,3102,1,2.252,
226.7,heavy,3103,1,4.613,
230.0,heavy,3101,1,4.139,
233.3,heavy,3102,1,1.517,
236.7,heavy,3103,1,4.072,
240.0,heavy,3101,1,4.073,
243.3,heavy,3102,1,1.356,
246.7,heavy,3103,1,6.875,
250.0,heavy,3101,1,5.837,
253.3,heavy,3102,1,2.271,
256.7,heavy,3103,1,5.780,
260.0,heavy,3101,1,3.503,
263.3,heavy,3102,1,1.297,
266.7,heavy,3103,1,4.687,
270.0,heavy,3101,1,6.438,
273.3,heavy,3102,1,2.265,
276.7,heavy,3103,1,4.215,
280.0,heavy,3101,1,5.133,
283.3,heavy,3102,1,1.777,
286.7,heavy,3103,1,3.982,
290.0,heavy,3101,1,4.734,
293.3,heavy,3102,1,1.526,
296.7,heavy,3103,1,4.605,
300.0,light-2,3103,1,1.671,
300.0,light-4,3102,1,3.369,
300.0,light-1,3102,1,8.470,
300.0,light-5,3103,1,9.409,
300.0,light-3,3101,1,10.546,
300.0,heavy,3101,1,9.592,
303.3,heavy,3101,1,10.218,
306.7,heavy,3102,1,1.318,
310.0,heavy,3103,1,4.769,
313.3,heavy,3101,1,3.676,
316.7,heavy,3102,1,1.501,
320.0,heavy,3103,1,5.575,
323.3,heavy,3101,1,4.589,
326.7,heavy,3102,1,1.528,
330.0,heavy,3103,1,5.188,
333.3,heavy,3101,1,3.499,
336.7,heavy,3102,1,1.314,
340.0,heavy,3103,1,4.796,
343.3,heavy,3101,1,5.018,
346.7,heavy,3102,1,1.205,
350.0,heavy,3103,1,4.065,
353.3,heavy,3101,1,4.024,
356.7,heavy,3102,1,1.261,
360.0,heavy,3103,1,4.251,
363.3,heavy,3101,1,4.838,
366.7,heavy,3102,1,1.229,
370.0,heavy,3103,1,4.916,
373.3,heavy,3101,1,4.672,
376.7,heavy,3102,1,1.509,
380.0,heavy,3103,1,3.607,
383.3,heavy,3101,1,5.012,
386.7,heavy,3102,1,1.344,
390.0,heavy,3103,1,8.509,
393.3,heavy,3101,1,9.076,
396.7,heavy,3102,1,1.548,
400.0,heavy,3103,1,8.984,
400.0,light-1,3101,1,2.923,
400.0,light-3,3103,1,4.554,
400.0,light-5,3102,1,7.887,
400.0,light-2,3102,1,9.313,
400.0,light-4,3101,1,9.493,
403.3,heavy,3103,1,9.811,
406.7,heavy,3101,1,6.827,
410.0,heavy,3102,1,2.499,
413.3,heavy,3103,1,3.205,
416.7,heavy,3101,1,4.027,
420.0,heavy,3102,1,1.385,
423.3,heavy,3103,1,5.063,
426.7,heavy,3101,1,4.017,
430.0,heavy,3102,1,2.043,
433.3,heavy,3103,1,6.250,
436.7,heavy,3101,1,3.829,
440.0,heavy,3102,1,1.133,
443.3,heavy,3103,1,5.918,
446.7,heavy,3101,1,3.806,
450.0,heavy,3102,1,2.177,
453.3,heavy,3103,1,5.207,
456.7,heavy,3101,1,3.835,
460.0,heavy,3102,1,1.509,
463.3,heavy,3103,1,4.221,
466.7,heavy,3101,1,3.684,
470.0,heavy,3102,1,1.391,
473.3,heavy,3103,1,4.607,
476.7,heavy,3101,1,5.016,
480.0,heavy,3102,1,2.424,
483.3,heavy,3103,1,4.084,
486.7,heavy,3101,1,4.571,
490.0,heavy,3102,1,1.754,
493.3,heavy,3103,1,5.101,
496.7,heavy,3101,1,7.517,
500.0,heavy,3102,0,1.797,
500.0,light-5,3101,1,4.229,
500.0,light-3,3102,1,6.221,
500.0,light-1,3103,1,6.981,
500.0,light-2,3101,1,7.362,
500.0,light-4,3103,1,7.444,
503.3,heavy,3102,0,2.736,
506.7,heavy,3103,0,4.694,
510.0,heavy,3101,0,3.539,
513.3,heavy,3102,1,1.531,
516.7,heavy,3103,0,6.046,
520.0,heavy,3101,0,3.303,
523.3,heavy,3102,1,1.207,
526.7,heavy,3103,0,6.695,
530.0,heavy,3101,0,3.060,
533.3,heavy,3102,0,1.205,
536.7,heavy,3103,1,4.509,
540.0,heavy,3101,1,3.621,
543.3,heavy,3102,0,1.082,
546.7,heavy,3103,0,3.514,
550.0,heavy,3101,0,3.600,
553.3,heavy,3102,1,1.661,
556.7,heavy,3103,0,4.471,
560.0,heavy,3101,0,3.446,
563.3,heavy,3102,1,1.150,
566.7,heavy,3103,1,3.588,
570.0,heavy,3101,0,3.923,
573.3,heavy,3102,0,1.011,
576.7,heavy,3103,0,5.353,
580.0,heavy,3101,0,4.405,
583.3,heavy,3102,1,1.696,
586.7,heavy,3103,0,6.266,
590.0,heavy,3101,1,3.694,
593.3,heavy,3102,0,1.131,
596.7,heavy,3103,1,6.300,
600.0,heavy,3101,0,8.459,
600.0,light-2,3103,1,2.805,
600.0,light-4,3102,1,2.999,
600.0,light-1,3102,1,7.656,
600.0,light-5,3103,1,8.983,
600.0,light-3,3101,1,10.465,
603.3,heavy,3101,0,8.585,
606.7,heavy,3102,0,2.657,
610.0,heavy,3103,1,4.980,
613.3,heavy,3101,0,4.073,
616.7,heavy,3102,0,1.271,
620.0,heavy,3103,0,6.831,
623.3,heavy,3101,1,5.814,
626.7,heavy,3102,1,1.549,
630.0,heavy,3103,0,7.915,
633.3,heavy,3101,0,7.662,
636.7,heavy,3102,0,1.294,
640.0,heavy,3103,0,6.549,
643.3,heavy,3101,0,3.665,
646.7,heavy,3102,1,1.434,
650.0,heavy,3103,0,3.990,
653.3,heavy,3101,1,4.204,
656.7,heavy,3102,0,1.247,
660.0,heavy,3103,0,3.912,
663.3,heavy,3101,1,3.709,
666.7,heavy,3102,0,1.271,
670.0,heavy,3103,0,5.154,
673.3,heavy,3101,0,4.186,
676.7,heavy,3102,1,1.403,
680.0,heavy,3103,0,3.871,
683.3,heavy,3101,1,3.667,
686.7,heavy,3102,0,1.114,
690.0,heavy,3103,1,3.977,
693.3,heavy,3101,0,4.345,
696.7,heavy,3102,0,1.219,
700.0,light-5,3101,1,5.471,
700.0,light-3,3102,1,8.756,
700.0,light-2,3101,1,9.195,
700.0,light-1,3103,1,12.120,
700.0,light-4,3103,1,13.296,
700.0,heavy,3103,0,9.447,
703.3,heavy,3101,0,8.126,
706.7,heavy,3102,1,1.855,
710.0,heavy,3102,1,3.821,
713.3,heavy,3103,0,9.669,
716.7,heavy,3101,0,6.110,
720.0,heavy,3102,1,2.177,
723.3,heavy,3103,0,4.752,
726.7,heavy,3101,0,4.213,
730.0,heavy,3102,1,1.351,
733.3,heavy,3103,0,4.312,
736.7,heavy,3101,0,4.529,
740.0,heavy,3102,0,2.080,
743.3,heavy,3103,1,7.036,
746.7,heavy,3101,0,7.556,
750.0,heavy,3102,1,1.751,
753.3,heavy,3103,0,8.075,
756.7,heavy,3101,0,7.860,
760.0,heavy,3102,0,1.675,
763.3,heavy,3103,1,5.706,
766.7,heavy,3101,0,4.043,
770.0,heavy,3102,0,1.677,
773.3,heavy,3103,1,4.587,
776.7,heavy,3101,0,3.782,
780.0,heavy,3102,0,1.669,
783.3,heavy,3103,1,4.029,
786.7,heavy,3101,0,4.260,
790.0,heavy,3102,0,1.502,
793.3,heavy,3103,0,8.593,
796.7,heavy,3101,0,7.048,
800.0,light-5,3101,1,5.328,
800.0,light-3,3102,1,7.876,
800.0,light-2,3101,1,9.319,
800.0,light-1,3103,1,13.824,
800.0,light-4,3103,1,14.070,
800.0,heavy,3102,1,2.139,
803.3,heavy,3102,1,3.369,
806.7,heavy,3103,1,10.463,
810.0,heavy,3101,0,7.057,
813.3,heavy,3102,0,4.561,
816.7,heavy,3103,0,6.183,
820.0,heavy,3101,0,3.739,
823.3,heavy,3102,1,1.163,
826.7,heavy,3103,0,4.669,
830.0,heavy,3101,1,4.060,
833.3,heavy,3102,0,1.103,
836.7,heavy,3103,0,4.354,
840.0,heavy,3101,1,3.470,
843.3,heavy,3102,0,1.214,
846.7,heavy,3103,0,4.605,
850.0,heavy,3101,0,5.017,
853.3,heavy,3102,1,1.548,
856.7,heavy,3103,0,3.674,
860.0,heavy,3101,1,3.940,
863.3,heavy,3102,0,1.212,
866.7,heavy,3103,0,3.687,
870.0,heavy,3101,0,4.012,
873.3,heavy,3102,1,1.331,
876.7,heavy,3103,0,5.708,
880.0,heavy,3101,0,4.747,
883.3,heavy,3102,1,1.595,
886.7,heavy,3103,0,5.659,
890.0,heavy,3101,1,3.429,
893.3,heavy,3102,0,1.182,
896.7,heavy,3103,1,6.943,
900.0,light-4,3102,1,3.027,
900.0,light-2,3103,1,3.393,
900.0,light-1,3102,1,5.854,
900.0,light-5,3103,1,8.639,
900.0,light-3,3101,1,8.916,
900.0,heavy,3101,0,6.546,
903.3,heavy,3101,0,6.084,
906.7,heavy,3102,0,0.965,
910.0,heavy,3103,0,3.411,
913.3,heavy,3101,1,4.507,
916.7,heavy,3102,0,1.070,
920.0,heavy,3103,1,5.193,
923.3,heavy,3101,0,4.360,
926.7,heavy,3102,1,1.226,
930.0,heavy,3103,0,6.017,
933.3,heavy,3101,0,3.416,
936.7,heavy,3102,0,1.176,
940.0,heavy,3103,0,3.503,
943.3,heavy,3101,0,3.889,
946.7,heavy,3102,1,1.245,
950.0,heavy,3103,0,3.456,
953.3,heavy,3101,1,3.590,
956.7,heavy,3102,0,1.208,
960.0,heavy,3103,1,3.736,
963.3,heavy,3101,0,3.669,
966.7,heavy,3102,0,1.034,
970.0,heavy,3103,0,2.952,
973.3,heavy,3101,1,3.399,
976.7,heavy,3102,0,1.120,
980.0,heavy,3103,0,5.201,
983.3,heavy,3101,1,4.303,
986.7,heavy,3102,1,1.667,
990.0,heavy,3103,0,5.400,
993.3,heavy,3101,0,5.075,
996.7,heavy,3102,0,1.033,
1000.0,light-5,3101,1,3.702,
1000.0,light-3,3102,1,6.903,
1000.0,light-2,3101,1,7.614,
1000.0,light-1,3103,1,10.288,
1000.0,light-4,3103,1,11.556,
1000.0,heavy,3103,1,8.096,
1003.3,heavy,3101,0,6.100,
1006.7,heavy,3102,1,1.561,
1010.0,heavy,3102,0,2.691,
1013.3,heavy,3103,0,8.518,
1016.7,heavy,3101,0,4.398,
1020.0,heavy,3102,0,1.531,
1023.3,heavy,3103,1,4.774,
1026.7,heavy,3101,0,3.639,
1030.0,heavy,3102,1,1.530,
1033.3,heavy,3103,0,5.835,
1036.7,heavy,3101,0,3.829,
1040.0,heavy,3102,0,1.651,
1043.3,heavy,3103,1,4.005,
1046.7,heavy,3101,0,2.994,
1050.0,heavy,3102,0,0.991,
1053.3,heavy,3103,0,4.348,
1056.7,heavy,3101,1,3.595,
1060.0,heavy,3102,0,1.002,
1063.3,heavy,3103,1,4.484,
1066.7,heavy,3101,0,3.782,
1070.0,heavy,3102,1,1.332,
1073.3,heavy,3103,0,3.934,
1076.7,heavy,3101,0,3.458,
1080.0,heavy,3102,0,1.076,
1083.3,heavy,3103,1,4.004,
1086.7,heavy,3101,0,4.512,
1090.0,heavy,3102,0,1.164,
1093.3,heavy,3103,0,7.233,
1096.7,heavy,3101,0,6.276,
1100.0,light-5,3101,1,4.290,
1100.0,light-3,3102,1,6.307,
1100.0,light-2,3101,1,7.442,
1100.0,light-1,3103,1,10.070,
1100.0,light-4,3103,1,10.975,
1100.0,heavy,3102,1,1.896,
1103.3,heavy,3102,1,3.014,
1106.7,heavy,3103,0,10.968,
1110.0,heavy,3101,1,3.334,
1113.3,heavy,3102,0,1.075,
1116.7,heavy,3103,0,3.554,
1120.0,heavy,3101,1,3.838,
1123.3,heavy,3102,0,1.638,
1126.7,heavy,3103,0,3.489,
1130.0,heavy,3101,1,3.830,
1133.3,heavy,3102,0,1.391,
1136.7,heavy,3103,0,7.230,
1140.0,heavy,3101,0,5.605,
1143.3,heavy,3102,1,1.851,
1146.7,heavy,3103,0,5.022,
1150.0,heavy,3101,0,4.972,
1153.3,heavy,3102,1,1.370,
1156.7,heavy,3103,0,5.710,
1160.0,heavy,3101,0,4.943,
1163.3,heavy,3102,1,1.697,
1166.7,heavy,3103,0,5.045,
1170.0,heavy,3101,0,5.158,
1173.3,heavy,3102,1,1.869,
1176.7,heavy,3103,0,4.212,
1180.0,heavy,3101,0,4.077,
1183.3,heavy,3102,1,1.479,
1186.7,heavy,3103,0,4.306,
1190.0,heavy,3101,1,3.366,
1193.3,heavy,3102,0,1.183,
1196.7,heavy,3103,1,6.928,
1200.0,light-4,3102,1,3.693,
1200.0,light-2,3103,1,4.394,
1200.0,light-1,3102,1,7.234,
1200.0,light-5,3103,1,9.033,
1200.0,light-3,3101,1,10.233,
1200.0,heavy,3101,0,8.357,
1203.3,heavy,3102,1,1.604,
1206.7,heavy,3103,0,7.926,
1210.0,heavy,3101,0,9.878,
1213.3,heavy,3101,0,7.540,
1216.7,heavy,3102,0,1.938,
1220.0,heavy,3103,0,3.559,
1223.3,heavy,3101,1,4.025,
1226.7,heavy,3102,0,1.049,
1230.0,heavy,3103,1,4.171,
1233.3,heavy,3101,0,6.081,
1236.7,heavy,3102,1,2.121,
1240.0,heavy,3103,0,5.302,
1243.3,heavy,3101,0,4.038,
1246.7,heavy,3102,0,1.009,
1250.0,heavy,3103,0,3.517,
1253.3,heavy,3101,1,5.006,
1256.7,heavy,3102,0,1.132,
1260.0,heavy,3103,0,5.850,
1263.3,heavy,3101,0,4.839,
1266.7,heavy,3102,1,1.268,
1270.0,heavy,3103,1,5.920,
1273.3,heavy,3101,0,4.416,
1276.7,heavy,3102,0,1.156,
1280.0,heavy,3103,0,4.240,
1283.3,heavy,3101,1,3.526,
1286.7,heavy,3102,0,0.945,
1290.0,heavy,3103,1,8.475,
1293.3,heavy,3101,0,6.756,
1296.7,heavy,3102,1,1.815,
1300.0,heavy,3103,0,9.038,
1300.0,light-1,3101,1,3.394,
1300.0,light-3,3103,1,4.639,
1300.0,light-2,3102,1,8.272,
1300.0,light-4,3101,1,8.342,
1300.0,light-5,3102,1,8.650,
1303.3,heavy,3103,0,6.924,
1306.7,heavy,3101,0,3.928,
1310.0,heavy,3102,0,1.181,
1313.3,heavy,3103,1,4.947,
1316.7,heavy,3101,1,3.821,
1320.0,heavy,3102,0,1.636,
1323.3,heavy,3103,0,3.906,
1326.7,heavy,3101,0,3.634,
1330.0,heavy,3102,0,1.416,
1333.3,heavy,3103,1,4.705,
1336.7,heavy,3101,0,7.809,
1340.0,heavy,3102,1,1.531,
1343.3,heavy,3103,0,5.358,
1346.7,heavy,3101,0,9.111,
1350.0,heavy,3102,0,1.122,
1353.3,heavy,3103,1,3.713,
1356.7,heavy,3101,0,4.118,
1360.0,heavy,3102,0,1.327,
1363.3,heavy,3103,0,5.624,
1366.7,heavy,3101,1,5.924,
1370.0,heavy,3102,1,1.481,
1373.3,heavy,3103,0,6.493,
1376.7,heavy,3101,0,6.840,
1380.0,heavy,3102,1,1.089,
1383.3,heavy,3103,0,3.711,
1386.7,heavy,3101,0,3.553,
1390.0,heavy,3102,0,1.263,
1393.3,heavy,3103,1,6.753,
1396.7,heavy,3101,1,7.769,
1400.0,heavy,3102,1,1.738,
1400.0,light-4,3102,1,3.478,
1400.0,light-2,3103,1,4.160,
1400.0,light-1,3102,1,8.219,
1400.0,light-3,3101,1,11.461,
1400.0,light-5,3103,1,12.006,
1403.3,heavy,3103,0,8.523,
1406.7,heavy,3101,0,8.656,
1410.0,heavy,3101,0,8.750,
1413.3,heavy,3102,0,1.070,
1416.7,heavy,3103,0,5.138,
1420.0,heavy,3101,1,4.453,
1423.3,heavy,3102,0,1.481,
1426.7,heavy,3103,0,3.531,
1430.0,heavy,3101,0,3.869,
1433.3,heavy,3102,1,1.243,
1436.7,heavy,3103,1,4.519,
1440.0,heavy,3101,0,3.640,
1443.3,heavy,3102,0,1.079,
1446.7,heavy,3103,0,4.966,
1450.0,heavy,3101,0,4.221,
1453.3,heavy,3102,1,1.461,
1456.7,heavy,3103,0,4.625,
1460.0,heavy,3101,0,3.425,
1463.3,heavy,3102,1,0.962,
1466.7,heavy,3103,1,4.187,
1470.0,heavy,3101,0,4.645,
1473.3,heavy,3102,0,1.100,
1476.7,heavy,3103,0,3.344,
1480.0,heavy,3101,0,4.133,
1483.3,heavy,3102,1,1.112,
1486.7,heavy,3103,0,4.397,
1490.0,heavy,3101,1,3.329,
1493.3,heavy,3102,0,1.406,
1496.7,heavy,3103,0,3.913,
1500.0,heavy,3101,1,8.291,
1500.0,light-2,3103,1,2.626,
1500.0,light-4,3102,1,3.725,
1500.0,light-1,3102,1,6.110,
1500.0,light-5,3103,1,6.551,
1500.0,light-3,3101,1,9.110,
1503.3,heavy,3101,0,7.893,
1506.7,heavy,3102,0,1.726,
1510.0,heavy,3103,0,3.761,
1513.3,heavy,3101,1,3.235,
1516.7,heavy,3102,0,1.083,
1520.0,heavy,3103,0,4.981,
1523.3,heavy,3101,1,4.557,
1526.7,heavy,3102,1,1.454,
1530.0,heavy,3103,0,6.244,
1533.3,heavy,3101,0,5.577,
1536.7,heavy,3102,0,1.794,
1540.0,heavy,3103,0,3.277,
1543.3,heavy,3101,1,3.872,
1546.7,heavy,3102,0,1.240,
1550.0,heavy,3103,1,4.737,
1553.3,heavy,3101,0,5.266,
1556.7,heavy,3102,1,1.232,
1560.0,heavy,3103,0,5.353,
1563.3,heavy,3101,0,5.484,
1566.7,heavy,3102,0,1.364,
1570.0,heavy,3103,0,2.811,
1573.3,heavy,3101,0,4.659,
1576.7,heavy,3102,1,1.339,
1580.0,heavy,3103,0,3.083,
1583.3,heavy,3101,1,3.828,
1586.7,heavy,3102,0,1.061,
1590.0,heavy,3103,0,5.094,
1593.3,heavy,3101,1,4.103,
1596.7,heavy,3102,0,1.224,
1600.0,heavy,3103,1,9.123,
1600.0,light-1,3101,1,1.591,
1600.0,light-3,3103,1,2.869,
1600.0,light-4,3101,1,5.303,
1600.0,light-2,3102,1,5.592,
1600.0,light-5,3102,1,6.428,
1603.3,heavy,3103,0,7.209,
1606.7,heavy,3101,0,3.375,
1610.0,heavy,3102,0,0.953,
1613.3,heavy,3103,0,4.420,
1616.7,heavy,3101,1,3.547,
1620.0,heavy,3102,1,1.517,
1623.3,heavy,3103,0,5.265,
1626.7,heavy,3101,0,3.233,
1630.0,heavy,3102,0,0.902,
1633.3,heavy,3103,1,3.675,
1636.7,heavy,3101,0,3.913,
1640.0,heavy,3102,1,1.508,
1643.3,heavy,3103,0,3.153,
1646.7,heavy,3101,0,3.492,
1650.0,heavy,3102,0,0.938,
1653.3,heavy,3103,1,3.986,
1656.7,heavy,3101,0,4.182,
1660.0,heavy,3102,0,0.849,
1663.3,heavy,3103,1,4.407,
1666.7,heavy,3101,0,4.908,
1670.0,heavy,3102,1,1.198,
1673.3,heavy,3103,0,5.108,
1676.7,heavy,3101,0,3.855,
1680.0,heavy,3102,0,1.213,
1683.3,heavy,3103,1,4.225,
1686.7,heavy,3101,0,4.592,
1690.0,heavy,3102,1,1.177,
1693.3,heavy,3103,0,3.697,
1696.7,heavy,3101,0,3.343,
1700.0,heavy,3102,0,1.321,
1700.0,light-5,3101,1,2.747,
1700.0,light-2,3101,1,5.280,
1700.0,light-3,3102,1,5.532,
1700.0,light-1,3103,1,5.762,
1700.0,light-4,3103,1,6.876,
1703.3,heavy,3102,1,1.123,
1706.7,heavy,3103,0,3.433,
1710.0,heavy,3101,1,4.315,
1713.3,heavy,3102,0,1.172,
1716.7,heavy,3103,0,3.548,
1720.0,heavy,3101,0,3.203,
1723.3,heavy,3102,1,1.051,
1726.7,heavy,3103,0,4.427,
1730.0,heavy,3101,0,3.533,
1733.3,heavy,3102,1,1.667,
1736.7,heavy,3103,0,3.167,
1740.0,heavy,3101,1,3.378,
1743.3,heavy,3102,0,1.229,
1746.7,heavy,3103,1,4.416,
1750.0,heavy,3101,0,3.179,
1753.3,heavy,3102,0,1.102,
1756.7,heavy,3103,0,4.766,
1760.0,heavy,3101,0,5.138,
1763.3,heavy,3102,1,2.091,
1766.7,heavy,3103,0,5.005,
1770.0,heavy,3101,0,3.584,
1773.3,heavy,3102,1,1.245,
1776.7,heavy,3103,1,3.328,
1780.0,heavy,3101,0,3.535,
1783.3,heavy,3102,0,1.372,
1786.7,heavy,3103,0,5.790,
1790.0,heavy,3101,0,4.178,
1793.3,heavy,3102,1,1.673,
1796.7,heavy,3103,0,6.682,
1800.0,heavy,3101,1,6.540,
1800.0,light-4,3102,1,3.085,
1800.0,light-2,3103,1,3.340,
1800.0,light-1,3102,1,5.535,
1800.0,light-3,3101,1,7.843,
1800.0,light-5,3103,1,8.360,
1803.3,heavy,3101,0,6.492,
1806.7,heavy,3102,0,1.065,
1810.0,heavy,3103,0,3.839,
1813.3,heavy,3101,1,4.780,
1816.7,heavy,3102,0,1.081,
1820.0,heavy,3103,0,2.785,
1823.3,heavy,3101,0,4.170,
1826.7,heavy,3102,1,1.061,
1830.0,heavy,3103,1,3.064,
1833.3,heavy,3101,0,3.027,
1836.7,heavy,3102,0,1.068,
1840.0,heavy,3103,1,4.640,
1843.3,heavy,3101,0,4.953,
1846.7,heavy,3102,0,1.164,
1850.0,heavy,3103,0,6.003,
1853.3,heavy,3101,0,4.683,
1856.7,heavy,3102,1,1.744,
1860.0,heavy,3103,1,6.318,
1863.3,heavy,3101,0,3.813,
1866.7,heavy,3102,0,1.154,
1870.0,heavy,3103,1,5.205,
1873.3,heavy,3101,0,5.851,
1876.7,heavy,3102,0,1.805,
1880.0,heavy,3103,1,4.277,
1883.3,heavy,3101,0,5.092,
1886.7,heavy,3102,0,1.452,
1890.0,heavy,3103,1,4.606,
1893.3,heavy,3101,0,4.385,
1896.7,heavy,3102,0,1.542,
1900.0,heavy,3103,1,6.881,
1900.0,light-1,3101,1,1.624,
1900.0,light-3,3103,1,3.339,
1900.0,light-4,3101,1,6.308,
1900.0,light-2,3102,1,6.543,
1900.0,light-5,3102,1,8.372,
1903.3,heavy,3103,0,6.918,
1906.7,heavy,3101,0,5.277,
1910.0,heavy,3102,0,1.552,
1913.3,heavy,3103,1,4.706,
1916.7,heavy,3101,0,3.931,
1920.0,heavy,3102,1,1.158,
1923.3,heavy,3103,0,4.782,
1926.7,heavy,3101,0,4.124,
1930.0,heavy,3102,1,1.166,
1933.3,heavy,3103,0,4.178,
1936.7,heavy,3101,0,3.249,
1940.0,heavy,3102,0,1.367,
1943.3,heavy,3103,0,4.726,
1946.7,heavy,3101,1,3.719,
1950.0,heavy,3102,1,1.446,
1953.3,heavy,3103,0,4.212,
1956.7,heavy,3101,0,3.365,
1960.0,heavy,3102,0,1.031,
1963.3,heavy,3103,0,4.326,
1966.7,heavy,3101,1,3.382,
1970.0,heavy,3102,1,3.602,
1973.3,heavy,3103,0,3.405,
1976.7,heavy,3101,0,3.526,
1980.0,heavy,3102,1,1.294,
1983.3,heavy,3103,0,3.720,
1986.7,heavy,3101,0,3.681,
1990.0,heavy,3102,0,1.155,
1993.3,heavy,3103,0,7.088,
1996.7,heavy,3101,1,4.881,
2000.0,heavy,3102,1,1.364,
2000.0,light-5,3101,1,3.310,
2000.0,light-2,3101,1,5.988,
2000.0,light-3,3102,1,6.750,
2000.0,light-1,3103,1,7.005,
2000.0,light-4,3103,1,8.468,
2003.3,heavy,3102,0,0.993,
2006.7,heavy,3103,0,5.556,
2010.0,heavy,3101,1,3.480,
2013.3,heavy,3102,0,0.999,
2016.7,heavy,3103,0,3.045,
2020.0,heavy,3101,0,3.681,
2023.3,heavy,3102,1,1.439,
2026.7,heavy,3103,1,3.833,
2030.0,heavy,3101,0,3.003,
2033.3,heavy,3102,0,1.022,
2036.7,heavy,3103,0,4.197,
2040.0,heavy,3101,0,3.404,
2043.3,heavy,3102,1,1.176,
2046.7,heavy,3103,0,2.819,
2050.0,heavy,3101,0,2.793,
2053.3,heavy,3102,1,1.398,
2056.7,heavy,3103,0,3.399,
2060.0,heavy,3101,0,3.513,
2063.3,heavy,3102,1,0.972,
2066.7,heavy,3103,0,4.444,
2070.0,heavy,3101,0,3.635,
2073.3,heavy,3102,1,1.356,
2076.7,heavy,3103,0,5.337,
2080.0,heavy,3101,1,3.114,
2083.3,heavy,3102,0,1.482,
2086.7,heavy,3103,0,3.855,
2090.0,heavy,3101,0,4.151,
2093.3,heavy,3102,1,1.287,
2096.7,heavy,3103,1,8.709,
2100.0,heavy,3101,0,6.741,
2100.0,light-5,3101,1,4.871,
2100.0,light-3,3102,1,5.499,
2100.0,light-4,3103,1,5.827,
2100.0,light-2,3101,1,7.139,
2100.0,light-1,3103,1,7.957,
2103.3,heavy,3102,0,3.106,
2106.7,heavy,3102,0,1.663,
2110.0,heavy,3103,1,4.738,
2113.3,heavy,3101,0,3.423,
2116.7,heavy,3102,0,1.152,
2120.0,heavy,3103,0,5.456,
2123.3,heavy,3101,1,4.368,
2126.7,heavy,3102,1,1.360,
2130.0,heavy,3103,0,5.960,
2133.3,heavy,3101,0,5.214,
2136.7,heavy,3102,0,1.163,
2140.0,heavy,3103,0,3.488,
2143.3,heavy,3101,0,3.385,
2146.7,heavy,3102,1,1.313,
2150.0,heavy,3103,1,4.875,
2153.3,heavy,3101,0,3.605,
2156.7,heavy,3102,0,0.990,
2160.0,heavy,3103,0,3.286,
2163.3,heavy,3101,1,3.962,
2166.7,heavy,3102,0,1.022,
2170.0,heavy,3103,0,4.385,
2173.3,heavy,3101,0,3.693,
2176.7,heavy,3102,1,1.225,
2180.0,heavy,3103,0,4.089,
2183.3,heavy,3101,1,3.255,
2186.7,heavy,3102,0,1.193,
2190.0,heavy,3103,1,3.919,
2193.3,heavy,3101,0,4.288,
2196.7,heavy,3102,0,1.079,
2200.0,heavy,3103,1,7.147,
2200.0,light-1,3101,1,2.948,
2200.0,light-3,3103,1,3.756,
2200.0,light-2,3102,1,7.568,
2200.0,light-4,3101,1,7.766,
2200.0,light-5,3102,1,8.589,
2203.3,heavy,3101,0,7.742,
2206.7,heavy,3102,1,1.944,
2210.0,heavy,3103,0,7.846,
2213.3,heavy,3103,0,6.048,
2216.7,heavy,3101,0,4.148,
2220.0,heavy,3102,0,1.129,
2223.3,heavy,3103,1,3.718,
2226.7,heavy,3101,0,3.290,
2230.0,heavy,3102,1,1.689,
2233.3,heavy,3103,0,3.627,
2236.7,heavy,3101,0,4.176,
2240.0,heavy,3102,0,1.404,
2243.3,heavy,3103,1,5.155,
2246.7,heavy,3101,0,5.848,
2250.0,heavy,3102,1,1.526,
2253.3,heavy,3103,0,6.736,
2256.7,heavy,3101,0,6.273,
2260.0,heavy,3102,0,1.182,
2263.3,heavy,3103,1,3.792,
2266.7,heavy,3101,0,4.277,
2270.0,heavy,3102,0,1.345,
2273.3,heavy,3103,1,7.602,
2276.7,heavy,3101,0,8.084,
2280.0,heavy,3102,1,1.707,
2283.3,heavy,3103,0,8.094,
2286.7,heavy,3101,0,7.678,
2290.0,heavy,3102,1,1.264,
2293.3,heavy,3103,0,4.853,
2296.7,heavy,3101,0,4.955,
2300.0,heavy,3102,1,2.037,
2300.0,light-5,3101,1,3.746,
2300.0,light-2,3101,1,6.592,
2300.0,light-1,3103,1,7.301,
2300.0,light-4,3103,1,8.451,
2300.0,light-3,3102,1,14.919,
2303.3,heavy,3102,0,2.833,
2306.7,heavy,3103,1,8.498,
2310.0,heavy,3101,0,5.379,
2313.3,heavy,3102,0,1.452,
2316.7,heavy,3103,0,3.963,
2320.0,heavy,3101,1,4.643,
2323.3,heavy,3102,0,1.473,
2326.7,heavy,3103,0,4.967,
2330.0,heavy,3101,1,5.016,
2333.3,heavy,3102,0,1.529,
2336.7,heavy,3103,0,4.295,
2340.0,heavy,3101,1,3.467,
2343.3,heavy,3102,0,1.495,
2346.7,heavy,3103,0,3.123,
2350.0,heavy,3101,0,3.632,
2353.3,heavy,3102,1,1.217,
2356.7,heavy,3103,0,3.546,
2360.0,heavy,3101,0,3.840,
2363.3,heavy,3102,1,1.250,
2366.7,heavy,3103,0,2.963,
2370.0,heavy,3101,0,3.167,
2373.3,heavy,3102,1,1.074,
2376.7,heavy,3103,0,3.474,
2380.0,heavy,3101,1,3.142,
2383.3,heavy,3102,0,1.188,
2386.7,heavy,3103,0,3.650,
2390.0,heavy,3101,0,3.914,
2393.3,heavy,3102,1,1.279,
2396.7,heavy,3103,0,3.056,
2400.0,heavy,3101,1,6.034,
2400.0,light-2,3103,1,1.315,
2400.0,light-4,3102,1,2.880,
2400.0,light-1,3102,1,5.389,
2400.0,light-5,3103,1,5.946,
2400.0,light-3,3101,1,7.553,
2403.3,heavy,3101,0,5.652,
2406.7,heavy,3102,0,0.911,
2410.0,heavy,3103,1,3.847,
2413.3,heavy,3101,0,3.693,
2416.7,heavy,3102,0,1.103,
2420.0,heavy,3103,1,3.732,
2423.3,heavy,3101,0,4.081,
2426.7,heavy,3102,0,1.060,
2430.0,heavy,3103,0,5.844,
2433.3,heavy,3101,1,4.919,
2436.7,heavy,3102,1,1.693,
2440.0,heavy,3103,0,7.595,
2443.3,heavy,3101,0,4.842,
2446.7,heavy,3102,0,1.372,
2450.0,heavy,3103,0,4.418,
2453.3,heavy,3101,1,4.718,
2456.7,heavy,3102,0,2.425,
2460.0,heavy,3103,1,4.542,
2463.3,heavy,3101,0,4.567,
2466.7,heavy,3102,0,1.229,
2470.0,heavy,3103,0,4.442,
2473.3,heavy,3101,1,4.896,
2476.7,heavy,3102,0,1.345,
2480.0,heavy,3103,1,4.072,
2483.3,heavy,3101,0,4.625,
2486.7,heavy,3102,0,1.225,
2490.0,heavy,3103,1,8.183,
2493.3,heavy,3101,0,8.737,
2496.7,heavy,3102,1,1.744,
2500.0,light-1,3101,1,2.081,
2500.0,light-3,3103,1,3.375,
2500.0,light-4,3101,1,8.607,
2500.0,light-2,3102,1,8.954,
2500.0,light-5,3102,1,10.777,
2500.0,heavy,3103,0,8.293,
2503.3,heavy,3103,0,6.936,
2506.7,heavy,3101,0,4.935,
2510.0,heavy,3102,0,0.993,
2513.3,heavy,3103,1,3.956,
2516.7,heavy,3101,0,3.516,
2520.0,heavy,3102,1,1.311,
2523.3,heavy,3103,0,3.492,
2526.7,heavy,3101,0,3.799,
2530.0,heavy,3102,0,1.230,
2533.3,heavy,3103,1,4.534,
2536.7,heavy,3101,0,5.911,
2540.0,heavy,3102,1,1.671,
2543.3,heavy,3103,0,5.650,
2546.7,heavy,3101,0,5.387,
2550.0,heavy,3102,0,1.142,
2553.3,heavy,3103,1,4.577,
2556.7,heavy,3101,0,3.678,
2560.0,heavy,3102,0,1.251,
2563.3,heavy,3103,0,5.920,
2566.7,heavy,3101,1,3.963,
2570.0,heavy,3102,1,1.374,
2573.3,heavy,3103,0,6.770,
2576.7,heavy,3101,0,4.663,
2580.0,heavy,3102,0,1.194,
2583.3,heavy,3103,1,3.481,
2586.7,heavy,3101,0,3.547,
2590.0,heavy,3102,0,1.573,
2593.3,heavy,3103,0,6.965,
2596.7,heavy,3101,1,7.114,
2600.0,light-4,3102,1,3.054,
2600.0,light-2,3103,1,3.961,
2600.0,light-1,3102,1,6.987,
2600.0,light-5,3103,1,9.774,
2600.0,light-3,3101,1,10.036,
2600.0,heavy,3102,1,1.505,
2603.3,heavy,3103,0,7.234,
2606.7,heavy,3101,0,8.606,
2610.0,heavy,3101,0,7.665,
2613.3,heavy,3102,1,0.924,
2616.7,heavy,3103,0,4.894,
2620.0,heavy,3101,1,3.780,
2623.3,heavy,3102,0,0.874,
2626.7,heavy,3103,0,3.672,
2630.0,heavy,3101,0,3.619,
2633.3,heavy,3102,1,1.196,
2636.7,heavy,3103,0,3.769,
2640.0,heavy,3101,1,4.069,
2643.3,heavy,3102,0,1.314,
2646.7,heavy,3103,0,3.645,
2650.0,heavy,3101,1,4.070,
2653.3,heavy,3102,0,1.288,
2656.7,heavy,3103,0,4.319,
2660.0,heavy,3101,0,4.597,
2663.3,heavy,3102,1,1.300,
2666.7,heavy,3103,0,4.835,
2670.0,heavy,3101,1,4.860,
2673.3,heavy,3102,0,1.313,
2676.7,heavy,3103,0,4.834,
2680.0,heavy,3101,0,4.155,
2683.3,heavy,3102,1,1.546,
2686.7,heavy,3103,0,4.619,
2690.0,heavy,3101,1,3.782,
2693.3,heavy,3102,0,1.609,
2696.7,heavy,3103,0,3.031,
2700.0,light-2,3103,1,1.418,
2700.0,light-4,3102,1,2.818,
2700.0,light-1,3102,1,6.389,
2700.0,light-5,3103,1,6.332,
2700.0,light-3,3101,1,6.878,
2700.0,heavy,3101,1,5.683,
2703.3,heavy,3101,0,3.621,
2706.7,heavy,3102,0,1.160,
2710.0,heavy,3103,0,3.783,
2713.3,heavy,3101,0,3.032,
2716.7,heavy,3102,1,1.254,
2720.0,heavy,3103,0,2.932,
2723.3,heavy,3101,1,3.559,
2726.7,heavy,3102,0,1.033,
2730.0,heavy,3103,1,4.187,
2733.3,heavy,3101,0,2.994,
2736.7,heavy,3102,0,1.090,
2740.0,heavy,3103,0,3.623,
2743.3,heavy,3101,0,3.908,
2746.7,heavy,3102,1,1.478,
2750.0,heavy,3103,1,3.122,
2753.3,heavy,3101,0,3.309,
2756.7,heavy,3102,0,1.305,
2760.0,heavy,3103,1,3.777,
2763.3,heavy,3101,0,4.176,
2766.7,heavy,3102,0,1.256,
2770.0,heavy,3103,0,5.251,
2773.3,heavy,3101,0,4.309,
2776.7,heavy,3102,1,1.941,
2780.0,heavy,3103,1,4.726,
2783.3,heavy,3101,0,3.762,
2786.7,heavy,3102,0,0.964,
2790.0,heavy,3103,1,3.915,
2793.3,heavy,3101,0,4.490,
2796.7,heavy,3102,0,1.497,
2800.0,light-1,3101,1,1.344,
2800.0,light-3,3103,1,3.291,
2800.0,light-4,3101,1,5.240,
2800.0,light-2,3102,1,5.592,
2800.0,light-5,3102,1,6.198,
2800.0,heavy,3103,1,6.386,
2803.3,heavy,3103,0,4.798,
2806.7,heavy,3101,0,3.754,
2810.0,heavy,3102,0,0.938,
2813.3,heavy,3103,1,4.801,
2816.7,heavy,3101,0,4.287,
2820.0,heavy,3102,1,1.350,
2823.3,heavy,3103,0,6.254,
2826.7,heavy,3101,0,4.321,
2830.0,heavy,3102,0,1.191,
2833.3,heavy,3103,1,4.565,
2836.7,heavy,3101,0,4.508,
2840.0,heavy,3102,1,2.228,
2843.3,heavy,3103,0,5.194,
2846.7,heavy,3101,0,3.290,
2850.0,heavy,3102,1,1.094,
2853.3,heavy,3103,0,3.629,
2856.7,heavy,3101,0,3.521,
2860.0,heavy,3102,0,1.254,
2863.3,heavy,3103,1,3.986,
2866.7,heavy,3101,0,3.546,
2870.0,heavy,3102,1,1.249,
2873.3,heavy,3103,0,3.907,
2876.7,heavy,3101,0,3.660,
2880.0,heavy,3102,0,1.152,
2883.3,heavy,3103,0,3.985,
2886.7,heavy,3101,1,3.218,
2890.0,heavy,3102,0,1.009,
2893.3,heavy,3103,1,7.442,
2896.7,heavy,3101,0,6.087,
2900.0,light-1,3101,1,2.797,
2900.0,light-3,3103,1,4.596,
2900.0,light-5,3102,1,6.511,
2900.0,light-4,3101,1,6.717,
2900.0,light-2,3102,1,7.584,
2900.0,heavy,3102,1,1.359,
2903.3,heavy,3103,0,8.148,
2906.7,heavy,3103,0,6.411,
2910.0,heavy,3101,0,3.836,
2913.3,heavy,3102,1,1.028,
2916.7,heavy,3103,0,3.784,
2920.0,heavy,3101,0,3.820,
2923.3,heavy,3102,1,1.107,
2926.7,heavy,3103,0,3.396,
2930.0,heavy,3101,0,3.110,
2933.3,heavy,3102,1,1.111,
2936.7,heavy,3103,1,5.495,
2940.0,heavy,3101,0,4.424,
2943.3,heavy,3102,1,1.329,
2946.7,heavy,3103,0,5.910,
2950.0,heavy,3101,0,5.990,
2953.3,heavy,3102,0,1.332,
2956.7,heavy,3103,0,4.398,
2960.0,heavy,3101,0,3.506,
2963.3,heavy,3102,1,1.162,
2966.7,heavy,3103,0,4.669,
2970.0,heavy,3101,1,5.138,
2973.3,heavy,3102,0,0.958,
2976.7,heavy,3103,1,3.774,
2980.0,heavy,3101,0,4.096,
2983.3,heavy,3102,0,1.028,
2986.7,heavy,3103,0,5.342,
2990.0,heavy,3101,0,3.897,
2993.3,heavy,3102,1,1.834,
2996.7,heavy,3103,0,5.955,
3000.0,light-2,3103,1,2.402,
3000.0,light-4,3102,1,2.828,
3000.0,light-1,3102,1,5.810,
3000.0,light-5,3103,1,8.702,
3000.0,light-3,3101,1,9.419,
3000.0,heavy,3101,1,5.667,
3003.3,heavy,3101,0,7.597,
3006.7,heavy,3102,0,0.961,
3010.0,heavy,3103,0,3.053,
3013.3,heavy,3101,1,3.328,
3016.7,heavy,3102,0,1.041,
3020.0,heavy,3103,0,5.273,
3023.3,heavy,3101,0,5.692,
3026.7,heavy,3102,1,1.523,
3030.0,heavy,3103,0,4.133,
3033.3,heavy,3101,1,7.896,
3036.7,heavy,3102,0,1.687,
3040.0,heavy,3103,1,3.941,
3043.3,heavy,3101,0,4.102,
3046.7,heavy,3102,0,1.500,
3050.0,heavy,3103,1,4.024,
3053.3,heavy,3101,0,5.657,
3056.7,heavy,3102,0,2.538,
3060.0,heavy,3103,1,4.580,
3063.3,heavy,3101,0,4.753,
3066.7,heavy,3102,0,1.581,
3070.0,heavy,3103,1,5.166,
3073.3,heavy,3101,0,3.860,
3076.7,heavy,3102,0,1.010,
3080.0,heavy,3103,0,5.530,
3083.3,heavy,3101,0,3.920,
3086.7,heavy,3102,1,1.564,
3090.0,heavy,3103,1,4.747,
3093.3,heavy,3101,0,3.889,
3096.7,heavy,3102,0,1.229,
3100.0,light-4,3102,1,2.944,
3100.0,light-2,3103,1,3.272,
3100.0,light-1,3102,1,5.910,
3100.0,light-5,3103,1,8.388,
3100.0,light-3,3101,1,9.108,
3100.0,heavy,3103,0,5.596,
3103.3,heavy,3101,1,5.801,
3106.7,heavy,3101,0,6.809,
3110.0,heavy,3102,0,0.778,
3113.3,heavy,3103,1,3.943,
3116.7,heavy,3101,0,4.197,
3120.0,heavy,3102,0,1.072,
3123.3,heavy,3103,0,5.722,
3126.7,heavy,3101,1,4.868,
3130.0,heavy,3102,1,1.396,
3133.3,heavy,3103,0,6.088,
3136.7,heavy,3101,0,5.459,
3140.0,heavy,3102,0,1.104,
3143.3,heavy,3103,1,3.980,
3146.7,heavy,3101,0,3.698,
3150.0,heavy,3102,0,1.117,
3153.3,heavy,3103,1,5.196,
3156.7,heavy,3101,0,4.302,
3160.0,heavy,3102,1,1.297,
3163.3,heavy,3103,0,6.194,
3166.7,heavy,3101,0,6.264,
3170.0,heavy,3102,1,1.841,
3173.3,heavy,3103,0,3.058,
3176.7,heavy,3101,0,3.798,
3180.0,heavy,3102,0,1.005,
3183.3,heavy,3103,1,5.929,
3186.7,heavy,3101,0,5.836,
3190.0,heavy,3102,1,1.454,
3193.3,heavy,3103,1,9.255,
3196.7,heavy,3101,0,9.073,
3200.0,light-5,3101,1,3.185,
3200.0,light-1,3103,1,6.656,
3200.0,light-2,3101,1,6.734,
3200.0,light-3,3102,1,7.188,
3200.0,light-4,3103,1,8.410,
3200.0,heavy,3102,0,1.647,
3203.3,heavy,3102,0,2.692,
3206.7,heavy,3103,0,5.577,
3210.0,heavy,3101,1,3.240,
3213.3,heavy,3102,0,1.260,
3216.7,heavy,3103,0,4.487,
3220.0,heavy,3101,0,3.620,
3223.3,heavy,3102,1,1.145,
3226.7,heavy,3103,0,4.724,
3230.0,heavy,3101,0,3.400,
3233.3,heavy,3102,1,1.315,
3236.7,heavy,3103,0,3.247,
3240.0,heavy,3101,0,3.425,
3243.3,heavy,3102,1,1.128,
3246.7,heavy,3103,0,2.907,
3250.0,heavy,3101,0,2.812,
3253.3,heavy,3102,1,1.157,
3256.7,heavy,3103,0,3.457,
3260.0,heavy,3101,0,3.020,
3263.3,heavy,3102,1,0.929,
3266.7,heavy,3103,0,4.479,
3270.0,heavy,3101,0,3.426,
3273.3,heavy,3102,1,1.597,
3276.7,heavy,3103,0,3.813,
3280.0,heavy,3101,0,4.324,
3283.3,heavy,3102,1,1.202,
3286.7,heavy,3103,1,3.819,
3290.0,heavy,3101,0,4.018,
3293.3,heavy,3102,0,1.007,
3296.7,heavy,3103,0,3.245,
3300.0,light-2,3103,1,1.725,
3300.0,light-4,3102,1,3.098,
3300.0,light-1,3102,1,7.086,
3300.0,light-5,3103,1,7.450,
3300.0,light-3,3101,1,15.065,
3300.0,heavy,3101,1,8.001,
3303.3,heavy,3101,0,7.332,
3306.7,heavy,3102,0,0.959,
3310.0,heavy,3103,0,5.206,
3313.3,heavy,3101,1,3.193,
3316.7,heavy,3102,0,0.843,
3320.0,heavy,3103,0,4.149,
3323.3,heavy,3101,1,3.266,
3326.7,heavy,3102,0,1.040,
3330.0,heavy,3103,0,5.796,
3333.3,heavy,3101,0,4.017,
3336.7,heavy,3102,1,1.516,
3340.0,heavy,3103,1,4.955,
3343.3,heavy,3101,0,2.844,
3346.7,heavy,3102,0,0.836,
3350.0,heavy,3103,0,12.687,
3353.3,heavy,3101,1,3.797,
3356.7,heavy,3102,0,1.317,
3360.0,heavy,3103,0,3.301,
3363.3,heavy,3101,0,2.908,
3366.7,heavy,3102,1,1.250,
3370.0,heavy,3103,0,5.797,
3373.3,heavy,3101,1,4.714,
3376.7,heavy,3102,1,1.571,
3380.0,heavy,3103,0,6.257,
3383.3,heavy,3101,0,5.800,
3386.7,heavy,3102,0,1.539,
3390.0,heavy,3103,1,5.091,
3393.3,heavy,3101,0,3.286,
3396.7,heavy,3102,0,0.945,
3400.0,light-1,3101,1,1.611,
3400.0,light-3,3103,1,2.388,
3400.0,light-2,3102,1,5.450,
3400.0,light-4,3101,1,5.969,
3400.0,light-5,3102,1,6.238,
3400.0,heavy,3103,1,6.637,
3403.3,heavy,3103,0,6.494,
3406.7,heavy,3101,0,4.023,
3410.0,heavy,3102,0,0.939,
3413.3,heavy,3103,0,4.351,
3416.7,heavy,3101,1,3.684,
3420.0,heavy,3102,0,1.009,
3423.3,heavy,3103,1,4.813,
3426.7,heavy,3101,0,3.966,
3430.0,heavy,3102,1,1.254,
3433.3,heavy,3103,0,4.573,
3436.7,heavy,3101,0,3.303,
3440.0,heavy,3102,0,1.021,
3443.3,heavy,3103,1,3.887,
3446.7,heavy,3101,0,4.089,
3450.0,heavy,3102,1,0.927,
3453.3,heavy,3103,0,3.302,
3456.7,heavy,3101,0,3.471,
3460.0,heavy,3102,0,0.822,
3463.3,heavy,3103,1,4.144,
3466.7,heavy,3101,0,3.488,
3470.0,heavy,3102,0,1.435,
3473.3,heavy,3103,0,3.112,
3476.7,heavy,3101,0,3.142,
3480.0,heavy,3102,1,1.186,
3483.3,heavy,3103,0,5.986,
3486.7,heavy,3101,1,4.435,
3490.0,heavy,3102,1,1.543,
3493.3,heavy,3103,0,7.142,
3496.7,heavy,3101,0,4.182,
3500.0,light-5,3101,1,2.804,
3500.0,light-2,3101,1,8.819,
3500.0,light-3,3102,1,9.386,
3500.0,light-1,3103,1,9.635,
3500.0,light-4,3103,1,10.170,
3500.0,heavy,3102,0,1.512,
3503.3,heavy,3102,1,1.247,
3506.7,heavy,3103,0,5.250,
3510.0,heavy,3101,1,4.495,
3513.3,heavy,3102,0,1.337,
3516.7,heavy,3103,0,5.155,
3520.0,heavy,3101,0,3.971,
3523.3,heavy,3102,1,1.240,
3526.7,heavy,3103,0,6.032,
3530.0,heavy,3101,1,6.265,
3533.3,heavy,3102,0,1.792,
3536.7,heavy,3103,0,5.424,
3540.0,heavy,3101,1,7.127,
3543.3,heavy,3102,0,1.127,
3546.7,heavy,3103,0,3.561,
3550.0,heavy,3101,1,3.432,
3553.3,heavy,3102,0,1.158,
3556.7,heavy,3103,0,3.494,
3560.0,heavy,3101,0,2.983,
3563.3,heavy,3102,1,1.313,
3566.7,heavy,3103,0,3.932,
3570.0,heavy,3101,1,3.196,
3573.3,heavy,3102,0,0.916,
3576.7,heavy,3103,0,3.288,
3580.0,heavy,3101,0,3.459,
3583.3,heavy,3102,1,0.908,
3586.7,heavy,3103,0,3.647,
3590.0,heavy,3101,1,3.043,
3593.3,heavy,3102,0,1.792,
3596.7,heavy,3103,0,2.835,
3600.0,light-2,3103,1,1.415,
3600.0,light-4,3102,1,2.439,
3600.0,light-1,3102,1,5.965,
3600.0,light-5,3103,1,6.412,
3600.0,light-3,3101,1,6.860,
3600.0,heavy,3101,1,7.045,
3603.3,heavy,3101,0,6.462,
3606.7,heavy,3102,0,0.855,
3610.0,heavy,3103,0,3.237,
3613.3,heavy,3101,1,3.337,
3616.7,heavy,3102,0,1.084,
3620.0,heavy,3103,1,4.118,
3623.3,heavy,3101,0,4.375,
3626.7,heavy,3102,1,1.560,
3630.0,heavy,3103,0,4.625,
3633.3,heavy,3101,0,5.075,
3636.7,heavy,3102,0,0.969,
3640.0,heavy,3103,0,4.859,
3643.3,heavy,3101,0,3.663,
3646.7,heavy,3102,1,1.718,
3650.0,heavy,3103,1,4.819,
3653.3,heavy,3101,0,3.155,
3656.7,heavy,3102,0,1.274,
3660.0,heavy,3103,0,4.659,
3663.3,heavy,3101,1,3.811,
3666.7,heavy,3102,0,0.992,
3670.0,heavy,3103,1,5.443,
3673.3,heavy,3101,0,4.552,
3676.7,heavy,3102,1,1.443,
3680.0,heavy,3103,0,6.439,
3683.3,heavy,3101,0,3.418,
3686.7,heavy,3102,0,1.079,
3690.0,heavy,3103,1,4.356,
3693.3,heavy,3101,0,5.844,
3696.7,heavy,3102,0,2.688,
3700.0,light-1,3101,1,2.988,
3700.0,light-3,3103,1,3.387,
3700.0,light-4,3101,1,7.214,
3700.0,light-2,3102,1,7.496,
3700.0,light-5,3102,1,8.196,
3700.0,heavy,3103,1,6.804,
3703.3,heavy,3103,0,5.703,
3706.7,heavy,3101,0,4.111,
3710.0,heavy,3102,0,1.136,
3713.3,heavy,3103,1,5.157,
3716.7,heavy,3101,0,5.365,
3720.0,heavy,3102,1,1.344,
3723.3,heavy,3103,0,6.199,
3726.7,heavy,3101,0,6.006,
3730.0,heavy,3102,0,1.055,
3733.3,heavy,3103,0,4.314,
3736.7,heavy,3101,1,3.582,
3740.0,heavy,3102,1,1.258,
3743.3,heavy,3103,0,3.698,
3746.7,heavy,3101,0,3.477,
3750.0,heavy,3102,0,0.886,
3753.3,heavy,3103,1,4.006,
3756.7,heavy,3101,0,4.348,
3760.0,heavy,3102,0,1.033,
3763.3,heavy,3103,0,4.595,
3766.7,heavy,3101,1,3.619,
3770.0,heavy,3102,1,1.255,
3773.3,heavy,3103,0,5.309,
3776.7,heavy,3101,0,4.118,
3780.0,heavy,3102,0,1.114,
3783.3,heavy,3103,1,4.101,
3786.7,heavy,3101,0,4.802,
3790.0,heavy,3102,1,1.742,
3793.3,heavy,3103,0,3.851,
3796.7,heavy,3101,0,3.265,
3800.0,light-5,3101,1,3.299,
3800.0,light-1,3103,1,4.564,
3800.0,light-2,3101,1,4.648,
3800.0,light-4,3103,1,5.865,
3800.0,light-3,3102,1,6.085,
3800.0,heavy,3102,0,1.682,
3803.3,heavy,3102,1,0.807,
3806.7,heavy,3103,0,3.684,
3810.0,heavy,3101,0,3.589,
3813.3,heavy,3102,1,0.972,
3816.7,heavy,3103,0,3.248,
3820.0,heavy,3101,1,3.479,
3823.3,heavy,3102,0,0.988,
3826.7,heavy,3103,0,4.736,
3830.0,heavy,3101,0,4.254,
3833.3,heavy,3102,1,1.344,
3836.7,heavy,3103,0,4.260,
3840.0,heavy,3101,1,3.383,
3843.3,heavy,3102,0,1.325,
3846.7,heavy,3103,1,4.069,
3850.0,heavy,3101,0,3.270,
3853.3,heavy,3102,0,0.999,
3856.7,heavy,3103,0,5.989,
3860.0,heavy,3101,0,3.494,
3863.3,heavy,3102,1,1.272,
3866.7,heavy,3103,0,7.157,
3870.0,heavy,3101,0,3.260,
3873.3,heavy,3102,1,1.419,
3876.7,heavy,3103,1,3.661,
3880.0,heavy,3101,0,3.989,
3883.3,heavy,3102,0,1.001,
3886.7,heavy,3103,0,5.461,
3890.0,heavy,3101,0,3.954,
3893.3,heavy,3102,1,1.449,
3896.7,heavy,3103,0,6.266,
3900.0,light-4,3102,1,2.547,
3900.0,light-2,3103,1,2.802,
3900.0,light-1,3102,1,5.227,
3900.0,light-3,3101,1,7.527,
3900.0,light-5,3103,1,7.593,
3900.0,heavy,3101,1,6.286,
3903.3,heavy,3101,0,6.316,
3906.7,heavy,3102,0,0.619,
3910.0,heavy,3103,1,3.864,
3913.3,heavy,3101,0,3.779,
3916.7,heavy,3102,0,0.968,
3920.0,heavy,3103,0,3.437,
3923.3,heavy,3101,0,3.683,
3926.7,heavy,3102,1,1.176,
3930.0,heavy,3103,1,3.319,
3933.3,heavy,3101,0,3.838,
3936.7,heavy,3102,0,1.059,
3940.0,heavy,3103,0,3.427,
3943.3,heavy,3101,1,3.993,
3946.7,heavy,3102,0,1.100,
3950.0,heavy,3103,0,4.151,
3953.3,heavy,3101,0,3.380,
3956.7,heavy,3102,1,1.180,
3960.0,heavy,3103,0,3.204,
3963.3,heavy,3101,1,2.590,
3966.7,heavy,3102,1,1.516,
3970.0,heavy,3103,0,3.859,
3973.3,heavy,3101,0,3.266,
3976.7,heavy,3102,0,0.934,
3980.0,heavy,3103,0,4.385,
3983.3,heavy,3101,0,3.538,
3986.7,heavy,3102,1,1.260,
3990.0,heavy,3103,1,4.828,
3993.3,heavy,3101,0,2.907,
3996.7,heavy,3102,0,1.110,
4000.0,light-4,3102,1,3.088,
4000.0,light-2,3103,1,3.361,
4000.0,light-1,3102,1,7.878,
4000.0,light-5,3103,1,8.944,
4000.0,light-3,3101,1,9.599,
4000.0,heavy,3103,1,5.709,
4003.3,heavy,3101,0,7.787,
4006.7,heavy,3101,0,7.993,
4010.0,heavy,3102,0,1.270,
4013.3,heavy,3103,1,4.456,
4016.7,heavy,3101,0,3.866,
4020.0,heavy,3102,0,1.001,
4023.3,heavy,3103,0,3.778,
4026.7,heavy,3101,1,3.020,
4030.0,heavy,3102,1,1.251,
4033.3,heavy,3103,0,2.649,
4036.7,heavy,3101,0,3.729,
4040.0,heavy,3102,0,1.082,
4043.3,heavy,3103,1,3.210,
4046.7,heavy,3101,0,3.425,
4050.0,heavy,3102,0,1.195,
4053.3,heavy,3103,1,4.273,
4056.7,heavy,3101,0,3.359,
4060.0,heavy,3102,1,1.462,
4063.3,heavy,3103,0,4.813,
4066.7,heavy,3101,0,2.847,
4070.0,heavy,3102,1,1.302,
4073.3,heavy,3103,0,3.913,
4076.7,heavy,3101,0,2.885,
4080.0,heavy,3102,0,0.868,
4083.3,heavy,3103,1,3.413,
4086.7,heavy,3101,0,2.971,
4090.0,heavy,3102,1,1.295,
4093.3,heavy,3103,0,3.046,
4096.7,heavy,3101,0,3.491,
4100.0,light-5,3101,1,2.394,
4100.0,light-2,3101,1,4.791,
4100.0,light-1,3103,1,5.075,
4100.0,light-3,3102,1,5.089,
4100.0,light-4,3103,1,5.722,
4100.0,heavy,3102,0,1.348,
4103.3,heavy,3102,1,1.054,
4106.7,heavy,3103,0,3.844,
4110.0,heavy,3101,0,3.170,
4113.3,heavy,3102,1,0.890,
4116.7,heavy,3103,0,4.899,
4120.0,heavy,3101,0,2.938,
4123.3,heavy,3102,1,1.244,
4126.7,heavy,3103,0,4.284,
4130.0,heavy,3101,1,3.607,
4133.3,heavy,3102,0,0.989,
4136.7,heavy,3103,0,3.869,
4140.0,heavy,3101,1,3.048,
4143.3,heavy,3102,0,0.916,
4146.7,heavy,3103,0,8.062,
4150.0,heavy,3101,0,7.283,
4153.3,heavy,3102,1,5.682,
4156.7,heavy,3103,0,9.291,
4160.0,heavy,3101,1,5.263,
4163.3,heavy,3102,0,2.529,
4166.7,heavy,3103,0,3.725,
4170.0,heavy,3101,0,3.453,
4173.3,heavy,3102,1,1.323,
4176.7,heavy,3103,0,5.291,
4180.0,heavy,3101,0,4.890,
4183.3,heavy,3102,1,3.490,
4186.7,heavy,3103,0,5.978,
4190.0,heavy,3101,1,5.569,
4193.3,heavy,3102,0,1.031,
4196.7,heavy,3103,0,8.420,
4200.0,light-5,3101,1,4.715,
4200.0,light-3,3102,1,8.094,
4200.0,light-2,3101,1,8.286,
4200.0,light-4,3103,1,8.577,
4200.0,light-1,3103,1,9.589,
4200.0,heavy,3101,0,6.396,
4203.3,heavy,3102,1,2.054,
4206.7,heavy,3102,0,3.060,
4210.0,heavy,3103,1,5.469,
4213.3,heavy,3101,0,2.969,
4216.7,heavy,3102,0,1.477,
4220.0,heavy,3103,1,3.905,
4223.3,heavy,3101,0,3.237,
4226.7,heavy,3102,0,1.196,
4230.0,heavy,3103,0,3.610,
4233.3,heavy,3101,0,3.329,
4236.7,heavy,3102,1,1.017,
4240.0,heavy,3103,0,4.569,
4243.3,heavy,3101,1,3.299,
4246.7,heavy,3102,1,1.938,
4250.0,heavy,3103,0,4.858,
4253.3,heavy,3101,0,3.846,
4256.7,heavy,3102,0,1.285,
4260.0,heavy,3103,0,4.004,
4263.3,heavy,3101,0,3.390,
4266.7,heavy,3102,1,1.733,
4270.0,heavy,3103,0,3.078,
4273.3,heavy,3101,1,3.323,
4276.7,heavy,3102,0,1.120,
4280.0,heavy,3103,1,3.581,
4283.3,heavy,3101,0,2.764,
4286.7,heavy,3102,0,1.139,
4290.0,heavy,3103,0,3.096,
4293.3,heavy,3101,0,3.809,
4296.7,heavy,3102,1,1.328,
4300.0,light-1,3101,1,0.981,
4300.0,light-3,3103,1,2.104,
4300.0,light-4,3101,1,5.728,
4300.0,light-2,3102,1,5.999,
4300.0,light-5,3102,1,6.808,
4300.0,heavy,3103,1,5.373,
4303.3,heavy,3103,0,3.326,
4306.7,heavy,3101,0,2.760,
4310.0,heavy,3102,0,1.035,
4313.3,heavy,3103,1,11.746,
4316.7,heavy,3101,0,5.619,
4320.0,heavy,3102,1,1.735,
4323.3,heavy,3103,0,12.023,
4326.7,heavy,3101,0,6.181,
4330.0,heavy,3102,0,1.631,
4333.3,heavy,3103,0,8.871,
4336.7,heavy,3101,0,3.337,
4340.0,heavy,3102,1,1.050,
4343.3,heavy,3103,0,5.188,
4346.7,heavy,3101,0,4.301,
4350.0,heavy,3102,1,1.498,
4353.3,heavy,3103,0,4.979,
4356.7,heavy,3101,0,5.066,
4360.0,heavy,3102,1,0.876,
4363.3,heavy,3103,1,3.795,
4366.7,heavy,3101,0,3.919,
4370.0,heavy,3102,1,1.572,
4373.3,heavy,3103,0,4.141,
4376.7,heavy,3101,0,3.351,
4380.0,heavy,3102,0,1.037,
4383.3,heavy,3103,0,3.675,
4386.7,heavy,3101,0,3.961,
4390.0,heavy,3102,1,1.415,
4393.3,heavy,3103,1,2.822,
4396.7,heavy,3101,0,6.086,
4400.0,light-1,3101,1,2.422,
4400.0,light-3,3103,1,2.565,
4400.0,light-2,3102,1,6.532,
4400.0,light-4,3101,1,6.643,
4400.0,light-5,3102,1,7.793,
4400.0,heavy,3102,1,1.834,
4403.3,heavy,3103,0,6.394,
4406.7,heavy,3103,0,5.737,
4410.0,heavy,3101,1,3.940,
4413.3,heavy,3102,0,1.207,
4416.7,heavy,3103,0,3.181,
4420.0,heavy,3101,0,3.463,
4423.3,heavy,3102,1,1.032,
4426.7,heavy,3103,0,3.741,
4430.0,heavy,3101,0,3.035,
4433.3,heavy,3102,1,1.211,
4436.7,heavy,3103,0,4.863,
4440.0,heavy,3101,0,3.346,
4443.3,heavy,3102,1,1.085,
4446.7,heavy,3103,0,4.332,
4450.0,heavy,3101,1,3.583,
4453.3,heavy,3102,0,0.795,
4456.7,heavy,3103,0,4.435,
4460.0,heavy,3101,0,3.458,
4463.3,heavy,3102,1,1.328,
4466.7,heavy,3103,0,4.759,
4470.0,heavy,3101,1,2.897,
4473.3,heavy,3102,0,1.289,
4476.7,heavy,3103,0,4.073,
4480.0,heavy,3101,0,3.395,
4483.3,heavy,3102,1,1.285,
4486.7,heavy,3103,0,3.230,
4490.0,heavy,3101,0,3.042,
4493.3,heavy,3102,1,1.499,
4496.7,heavy,3103,0,4.186,
4500.0,light-2,3103,1,1.495,
4500.0,light-4,3102,1,3.148,
4500.0,light-1,3102,1,5.154,
4500.0,light-5,3103,1,6.371,
4500.0,light-3,3101,1,6.655,
4500.0,heavy,3101,1,6.500,
4503.3,heavy,3101,0,5.089,
4506.7,heavy,3102,0,0.904,
4510.0,heavy,3103,1,3.688,
4513.3,heavy,3101,0,3.915,
4516.7,heavy,3102,0,2.128,
4520.0,heavy,3103,0,3.282,
4523.3,heavy,3101,1,3.678,
4526.7,heavy,3102,0,1.099,
4530.0,heavy,3103,0,3.290,
4533.3,heavy,3101,1,4.289,
4536.7,heavy,3102,0,1.046,
4540.0,heavy,3103,1,4.296,
4543.3,heavy,3101,0,3.365,
4546.7,heavy,3102,0,1.070,
4550.0,heavy,3103,0,3.111,
4553.3,heavy,3101,1,3.686,
4556.7,heavy,3102,0,1.601,
4560.0,heavy,3103,1,3.549,
4563.3,heavy,3101,0,3.929,
4566.7,heavy,3102,0,1.383,
4570.0,heavy,3103,0,3.680,
4573.3,heavy,3101,1,3.512,
4576.7,heavy,3102,0,1.161,
4580.0,heavy,3103,0,3.887,
4583.3,heavy,3101,1,3.705,
4586.7,heavy,3102,1,1.271,
4590.0,heavy,3103,0,3.739,
4593.3,heavy,3101,0,3.063,
4596.7,heavy,3102,0,0.901,
4600.0,light-5,3101,1,3.001,
4600.0,light-3,3102,1,5.634,
4600.0,light-2,3101,1,5.926,
4600.0,light-1,3103,1,6.845,
4600.0,light-4,3103,1,7.389,
4600.0,heavy,3103,0,7.318,
4603.3,heavy,3101,0,4.266,
4606.7,heavy,3102,1,1.473,
4610.0,heavy,3102,0,1.048,
4613.3,heavy,3103,1,4.479,
4616.7,heavy,3101,0,2.635,
4620.0,heavy,3102,0,0.984,
4623.3,heavy,3103,1,4.848,
4626.7,heavy,3101,0,4.093,
4630.0,heavy,3102,1,1.386,
4633.3,heavy,3103,0,4.801,
4636.7,heavy,3101,0,4.908,
4640.0,heavy,3102,0,0.998,
4643.3,heavy,3103,1,2.886,
4646.7,heavy,3101,0,3.329,
4650.0,heavy,3102,1,1.337,
4653.3,heavy,3103,0,3.617,
4656.7,heavy,3101,0,3.476,
4660.0,heavy,3102,0,0.958,
4663.3,heavy,3103,1,3.386,
4666.7,heavy,3101,0,3.461,
4670.0,heavy,3102,0,0.877,
4673.3,heavy,3103,0,4.728,
4676.7,heavy,3101,1,3.523,
4680.0,heavy,3102,1,1.224,
4683.3,heavy,3103,0,5.477,
4686.7,heavy,3101,0,2.775,
4690.0,heavy,3102,0,0.995,
4693.3,heavy,3103,1,5.587,
4696.7,heavy,3101,0,4.349,
4700.0,light-5,3101,1,2.519,
4700.0,light-2,3101,1,5.000,
4700.0,light-3,3102,1,5.303,
4700.0,light-1,3103,1,5.586,
4700.0,light-4,3103,1,6.578,
4700.0,heavy,3102,1,1.400,
4703.3,heavy,3102,0,1.691,
4706.7,heavy,3103,0,2.990,
4710.0,heavy,3101,0,2.860,
4713.3,heavy,3102,1,1.045,
4716.7,heavy,3103,1,3.735,
4720.0,heavy,3101,0,4.376,
4723.3,heavy,3102,1,1.185,
4726.7,heavy,3103,0,4.528,
4730.0,heavy,3101,0,4.628,
4733.3,heavy,3102,0,1.329,
4736.7,heavy,3103,0,3.871,
4740.0,heavy,3101,0,3.100,
4743.3,heavy,3102,1,1.259,
4746.7,heavy,3103,0,3.899,
4750.0,heavy,3101,0,2.984,
4753.3,heavy,3102,1,1.100,
4756.7,heavy,3103,1,3.188,
4760.0,heavy,3101,0,3.394,
4763.3,heavy,3102,0,0.749,
4766.7,heavy,3103,0,3.685,
4770.0,heavy,3101,0,2.934,
4773.3,heavy,3102,1,1.160,
4776.7,heavy,3103,0,3.788,
4780.0,heavy,3101,0,2.285,
4783.3,heavy,3102,1,0.802,
4786.7,heavy,3103,0,3.210,
4790.0,heavy,3101,0,3.492,
4793.3,heavy,3102,1,1.199,
4796.7,heavy,3103,0,2.336,
4800.0,light-2,3103,1,2.678,
4800.0,light-4,3102,1,3.163,
4800.0,light-1,3102,1,4.598,
4800.0,light-5,3103,1,6.177,
4800.0,light-3,3101,1,7.071,
4800.0,heavy,3101,0,4.573,
4803.3,heavy,3101,1,4.622,
4806.7,heavy,3102,0,1.712,
4810.0,heavy,3103,0,3.790,
4813.3,heavy,3101,0,2.679,
4816.7,heavy,3102,1,1.302,
4820.0,heavy,3103,0,2.787,
4823.3,heavy,3101,1,2.604,
4826.7,heavy,3102,1,1.971,
4830.0,heavy,3103,0,3.634,
4833.3,heavy,3101,0,4.560,
4836.7,heavy,3102,0,2.057,
4840.0,heavy,3103,0,2.811,
4843.3,heavy,3101,0,4.349,
4846.7,heavy,3102,1,1.385,
4850.0,heavy,3103,1,3.337,
4853.3,heavy,3101,0,3.139,
4856.7,heavy,3102,0,1.231,
4860.0,heavy,3103,0,4.538,
4863.3,heavy,3101,0,4.540,
4866.7,heavy,3102,1,1.320,
4870.0,heavy,3103,1,3.918,
4873.3,heavy,3101,0,3.793,
4876.7,heavy,3102,0,1.598,
4880.0,heavy,3103,0,3.429,
4883.3,heavy,3101,1,2.843,
4886.7,heavy,3102,0,0.876,
4890.0,heavy,3103,0,4.976,
4893.3,heavy,3101,1,3.516,
4896.7,heavy,3102,0,1.311,
4900.0,light-1,3101,1,1.249,
4900.0,light-3,3103,1,2.793,
4900.0,light-4,3101,1,6.039,
4900.0,light-2,3102,1,6.248,
4900.0,light-5,3102,1,7.510,
4900.0,heavy,3103,1,5.467,
4903.3,heavy,3103,0,4.020,
4906.7,heavy,3101,0,3.632,
4910.0,heavy,3102,0,0.836,
4913.3,heavy,3103,1,3.840,
4916.7,heavy,3101,0,4.209,
4920.0,heavy,3102,1,1.323,
4923.3,heavy,3103,0,4.301,
4926.7,heavy,3101,0,3.123,
4930.0,heavy,3102,0,1.219,
4933.3,heavy,3103,1,3.407,
4936.7,heavy,3101,0,2.942,
4940.0,heavy,3102,1,1.041,
4943.3,heavy,3103,0,2.523,
4946.7,heavy,3101,0,2.722,
4950.0,heavy,3102,1,1.559,
4953.3,heavy,3103,0,3.176,
4956.7,heavy,3101,0,2.620,
4960.0,heavy,3102,0,0.890,
4963.3,heavy,3103,1,4.330,
4966.7,heavy,3101,0,3.466,
4970.0,heavy,3102,1,1.178,
4973.3,heavy,3103,0,4.035,
4976.7,heavy,3101,0,2.767,
4980.0,heavy,3102,1,1.401,
4983.3,heavy,3103,0,3.689,
4986.7,heavy,3101,0,3.823,
4990.0,heavy,3102,0,1.220,
4993.3,heavy,3103,1,6.082,
4996.7,heavy,3101,0,5.557,
5000.0,heavy,3102,1,1.401,
5000.0,light-1,3101,1,2.485,
5000.0,light-3,3103,1,3.355,
5000.0,light-2,3102,1,5.710,
5000.0,light-4,3101,1,6.237,
5000.0,light-5,3102,1,6.903,
5003.3,heavy,3103,0,6.939,
5006.7,heavy,3103,0,5.534,
5010.0,heavy,3101,0,2.887,
5013.3,heavy,3102,1,1.278,
5016.7,heavy,3103,0,3.834,
5020.0,heavy,3101,0,3.928,
5023.3,heavy,3102,1,1.448,
5026.7,heavy,3103,0,3.314,
5030.0,heavy,3101,0,3.489,
5033.3,heavy,3102,1,1.336,
5036.7,heavy,3103,1,4.038,
5040.0,heavy,3101,0,4.002,
5043.3,heavy,3102,1,1.873,
5046.7,heavy,3103,0,4.280,
5050.0,heavy,3101,0,4.452,
5053.3,heavy,3102,0,1.262,
5056.7,heavy,3103,0,5.072,
5060.0,heavy,3101,0,3.522,
5063.3,heavy,3102,1,1.296,
5066.7,heavy,3103,0,5.614,
5070.0,heavy,3101,1,3.477,
5073.3,heavy,3102,0,0.964,
5076.7,heavy,3103,0,3.128,
5080.0,heavy,3101,0,3.081,
5083.3,heavy,3102,1,0.955,
5086.7,heavy,3103,0,4.896,
5090.0,heavy,3101,0,3.427,
5093.3,heavy,3102,1,1.203,
5096.7,heavy,3103,0,5.790,
5100.0,heavy,3101,1,6.352,
5100.0,light-2,3103,1,2.863,
5100.0,light-4,3102,1,3.261,
5100.0,light-1,3102,1,5.574,
5100.0,light-3,3101,1,7.570,
5100.0,light-5,3103,1,7.756,
5103.3,heavy,3101,0,6.181,
5106.7,heavy,3102,0,0.889,
5110.0,heavy,3103,0,4.195,
5113.3,heavy,3101,1,3.157,
5116.7,heavy,3102,0,1.180,
5120.0,heavy,3103,0,3.500,
5123.3,heavy,3101,0,3.769,
5126.7,heavy,3102,1,1.262,
5130.0,heavy,3103,1,2.872,
5133.3,heavy,3101,0,3.564,
5136.7,heavy,3102,0,1.109,
5140.0,heavy,3103,1,3.657,
5143.3,heavy,3101,0,3.336,
5146.7,heavy,3102,0,1.183,
5150.0,heavy,3103,0,2.559,
5153.3,heavy,3101,0,3.494,
5156.7,heavy,3102,1,1.345,
5160.0,heavy,3103,0,2.959,
5163.3,heavy,3101,1,3.176,
5166.7,heavy,3102,0,1.109,
5170.0,heavy,3103,1,2.961,
5173.3,heavy,3101,0,3.218,
5176.7,heavy,3102,0,1.062,
5180.0,heavy,3103,0,4.187,
5183.3,heavy,3101,0,3.294,
5186.7,heavy,3102,1,1.264,
5190.0,heavy,3103,1,4.881,
5193.3,heavy,3101,0,3.013,
5196.7,heavy,3102,0,0.869,
5200.0,heavy,3103,1,4.287,
5200.0,light-2,3103,1,2.147,
5200.0,light-4,3102,1,2.482,
5200.0,light-5,3103,1,7.301,
5200.0,light-1,3102,1,7.633,
5200.0,light-3,3101,1,7.696,
5203.3,heavy,3101,0,6.988,
5206.7,heavy,3101,0,7.580,
5210.0,heavy,3102,1,1.272,
5213.3,heavy,3103,0,2.865,
5216.7,heavy,3101,1,3.425,
5220.0,heavy,3102,0,1.238,
5223.3,heavy,3103,0,2.868,
5226.7,heavy,3101,0,3.094,
5230.0,heavy,3102,0,1.149,
5233.3,heavy,3103,1,3.230,
5236.7,heavy,3101,0,2.966,
5240.0,heavy,3102,1,1.061,
5243.3,heavy,3103,0,2.725,
5246.7,heavy,3101,1,3.554,
5250.0,heavy,3102,0,1.280,
5253.3,heavy,3103,0,3.287,
5256.7,heavy,3101,0,2.700,
5260.0,heavy,3102,0,1.173,
5263.3,heavy,3103,1,3.645,
5266.7,heavy,3101,0,3.837,
5270.0,heavy,3102,0,0.862,
5273.3,heavy,3103,1,4.194,
5276.7,heavy,3101,0,3.713,
5280.0,heavy,3102,1,1.126,
5283.3,heavy,3103,0,4.136,
5286.7,heavy,3101,0,2.941,
5290.0,heavy,3102,0,1.266,
5293.3,heavy,3103,1,4.108,
5296.7,heavy,3101,0,3.660,
5300.0,heavy,3102,0,1.239,
5300.0,light-5,3101,1,2.651,
5300.0,light-2,3101,1,4.263,
5300.0,light-3,3102,1,4.976,
5300.0,light-1,3103,1,5.197,
5300.0,light-4,3103,1,5.466,
5303.3,heavy,3102,1,1.136,
5306.7,heavy,3103,0,2.840,
5310.0,heavy,3101,0,2.514,
5313.3,heavy,3102,1,1.729,
5316.7,heavy,3103,0,4.271,
5320.0,heavy,3101,0,3.677,
5323.3,heavy,3102,1,1.846,
5326.7,heavy,3103,0,4.394,
5330.0,heavy,3101,0,3.004,
5333.3,heavy,3102,1,0.886,
5336.7,heavy,3103,0,3.717,
5340.0,heavy,3101,0,4.724,
5343.3,heavy,3102,1,2.096,
5346.7,heavy,3103,0,3.769,
5350.0,heavy,3101,0,2.787,
5353.3,heavy,3102,1,1.330,
5356.7,heavy,3103,1,3.023,
5360.0,heavy,3101,0,3.543,
5363.3,heavy,3102,0,1.029,
5366.7,heavy,3103,0,4.044,
5370.0,heavy,3101,0,3.098,
5373.3,heavy,3102,1,1.471,
5376.7,heavy,3103,0,2.690,
5380.0,heavy,3101,0,3.474,
5383.3,heavy,3102,1,1.007,
5386.7,heavy,3103,0,4.393,
5390.0,heavy,3101,1,3.480,
5393.3,heavy,3102,0,0.866,
5396.7,heavy,3103,0,6.149,
5400.0,heavy,3101,0,5.297,
5400.0,light-5,3101,1,4.230,
5400.0,light-3,3102,1,5.499,
5400.0,light-2,3101,1,5.862,
5400.0,light-1,3103,1,6.991,
5400.0,light-4,3103,1,7.683,
5403.3,heavy,3102,1,1.574,
5406.7,heavy,3102,0,2.208,
5410.0,heavy,3103,1,6.788,
5413.3,heavy,3101,0,3.373,
5416.7,heavy,3102,0,1.041,
5420.0,heavy,3103,0,3.088,
5423.3,heavy,3101,1,3.330,
5426.7,heavy,3102,0,1.380,
5430.0,heavy,3103,0,3.413,
5433.3,heavy,3101,1,2.738,
5436.7,heavy,3102,0,0.709,
5440.0,heavy,3103,1,3.813,
5443.3,heavy,3101,0,3.734,
5446.7,heavy,3102,1,1.229,
5450.0,heavy,3103,0,4.069,
5453.3,heavy,3101,0,3.344,
5456.7,heavy,3102,0,0.818,
5460.0,heavy,3103,0,2.949,
5463.3,heavy,3101,0,3.119,
5466.7,heavy,3102,1,1.323,
5470.0,heavy,3103,0,3.051,
5473.3,heavy,3101,1,3.001,
5476.7,heavy,3102,0,0.890,
5480.0,heavy,3103,1,3.369,
5483.3,heavy,3101,0,3.374,
5486.7,heavy,3102,0,1.090,
5490.0,heavy,3103,0,3.574,
5493.3,heavy,3101,1,3.058,
5496.7,heavy,3102,0,1.050,
5500.0,heavy,3103,1,6.333,
5500.0,light-4,3102,1,3.357,
5500.0,light-2,3103,1,3.660,
5500.0,light-1,3102,1,7.175,
5500.0,light-5,3103,1,8.829,
5500.0,light-3,3101,1,9.384,
5503.3,heavy,3101,0,7.185,
5506.7,heavy,3102,1,1.866,
5510.0,heavy,3103,0,7.397,
5513.3,heavy,3101,0,7.615,
5516.7,heavy,3101,0,7.075,
5520.0,heavy,3102,0,1.595,
5523.3,heavy,3103,1,2.962,
5526.7,heavy,3101,0,2.818,
5530.0,heavy,3102,0,0.868,
5533.3,heavy,3103,1,4.370,
5536.7,heavy,3101,0,3.979,
5540.0,heavy,3102,1,1.379,
5543.3,heavy,3103,0,4.635,
5546.7,heavy,3101,0,3.897,
5550.0,heavy,3102,0,0.834,
5553.3,heavy,3103,0,4.133,
5556.7,heavy,3101,1,3.365,
5560.0,heavy,3102,1,1.306,
5563.3,heavy,3103,0,2.601,
5566.7,heavy,3101,0,2.938,
5570.0,heavy,3102,0,1.085,
5573.3,heavy,3103,1,3.158,
5576.7,heavy,3101,0,3.209,
5580.0,heavy,3102,1,1.163,
5583.3,heavy,3103,0,3.338,
5586.7,heavy,3101,0,3.033,
5590.0,heavy,3102,1,1.371,
5593.3,heavy,3103,0,3.149,
5596.7,heavy,3101,0,3.161,
5600.0,heavy,3102,0,1.290,
5600.0,light-5,3101,1,2.416,
5600.0,light-2,3101,1,4.520,
5600.0,light-1,3103,1,5.255,
5600.0,light-3,3102,1,5.331,
5600.0,light-4,3103,1,5.452,
5603.3,heavy,3102,1,1.061,
5606.7,heavy,3103,0,3.014,
5610.0,heavy,3101,0,3.015,
5613.3,heavy,3102,1,1.085,
5616.7,heavy,3103,0,3.039,
5620.0,heavy,3101,0,3.962,
5623.3,heavy,3102,1,1.216,
5626.7,heavy,3103,0,2.562,
5630.0,heavy,3101,0,4.772,
5633.3,heavy,3102,1,1.322,
5636.7,heavy,3103,0,3.853,
5640.0,heavy,3101,1,4.189,
5643.3,heavy,3102,0,0.929,
5646.7,heavy,3103,0,4.511,
5650.0,heavy,3101,0,3.370,
5653.3,heavy,3102,1,1.201,
5656.7,heavy,3103,0,3.578,
5660.0,heavy,3101,0,3.029,
5663.3,heavy,3102,1,1.248,
5666.7,heavy,3103,0,3.318,
5670.0,heavy,3101,1,3.794,
5673.3,heavy,3102,0,0.942,
5676.7,heavy,3103,0,4.413,
5680.0,heavy,3101,0,3.366,
5683.3,heavy,3102,1,1.104,
5686.7,heavy,3103,0,4.656,
5690.0,heavy,3101,1,3.308,
5693.3,heavy,3102,0,1.175,
5696.7,heavy,3103,1,4.640,
5700.0,heavy,3101,0,4.885,
5700.0,light-2,3103,1,2.259,
5700.0,light-4,3102,1,2.729,
5700.0,light-1,3102,1,4.132,
5700.0,light-3,3101,1,6.045,
5700.0,light-5,3103,1,6.137,
5703.3,heavy,3101,0,4.778,
5706.7,heavy,3102,0,1.017,
5710.0,heavy,3103,0,3.878,
5713.3,heavy,3101,0,3.293,
5716.7,heavy,3102,1,1.372,
5720.0,heavy,3103,0,2.587,
5723.3,heavy,3101,1,4.271,
5726.7,heavy,3102,1,1.236,
5730.0,heavy,3103,0,3.600,
5733.3,heavy,3101,0,3.681,
5736.7,heavy,3102,0,0.891,
5740.0,heavy,3103,0,3.328,
5743.3,heavy,3101,0,3.594,
5746.7,heavy,3102,1,1.435,
5750.0,heavy,3103,0,2.382,
5753.3,heavy,3101,1,2.845,
5756.7,heavy,3102,1,1.484,
5760.0,heavy,3103,0,3.292,
5763.3,heavy,3101,0,2.681,
5766.7,heavy,3102,0,0.799,
5770.0,heavy,3103,0,4.447,
5773.3,heavy,3101,0,3.358,
5776.7,heavy,3102,1,1.608,
5780.0,heavy,3103,0,3.258,
5783.3,heavy,3101,1,3.250,
5786.7,heavy,3102,0,1.055,
5790.0,heavy,3103,1,3.251,
5793.3,heavy,3101,0,3.469,
5796.7,heavy,3102,0,0.919,
5800.0,heavy,3103,1,8.230,
5800.0,light-1,3101,1,3.010,
5800.0,light-3,3103,1,4.495,
5800.0,light-5,3102,1,7.285,
5800.0,light-4,3101,1,7.531,
5800.0,light-2,3102,1,8.473,
5803.3,heavy,3101,0,6.920,
5806.7,heavy,3102,1,1.862,
5810.0,heavy,3103,0,8.827,
5813.3,heavy,3103,0,7.393,
5816.7,heavy,3101,0,4.362,
5820.0,heavy,3102,0,1.227,
5823.3,heavy,3103,1,3.450,
5826.7,heavy,3101,0,3.161,
5830.0,heavy,3102,1,1.127,
5833.3,heavy,3103,0,3.659,
5836.7,heavy,3101,0,3.334,
5840.0,heavy,3102,0,1.378,
5843.3,heavy,3103,1,4.907,
5846.7,heavy,3101,0,4.816,
5850.0,heavy,3102,1,2.300,
5853.3,heavy,3103,0,5.017,
5856.7,heavy,3101,0,5.565,
5860.0,heavy,3102,0,1.150,
5863.3,heavy,3103,1,3.401,
5866.7,heavy,3101,0,2.855,
5870.0,heavy,3102,0,1.007,
5873.3,heavy,3103,0,5.369,
5876.7,heavy,3101,0,4.305,
5880.0,heavy,3102,1,1.184,
5883.3,heavy,3103,0,5.059,
5886.7,heavy,3101,1,4.853,
5890.0,heavy,3102,1,1.449,
5893.3,heavy,3103,0,2.784,
5896.7,heavy,3101,0,2.358,
5900.0,heavy,3102,1,1.508,
5900.0,light-1,3101,1,1.404,
5900.0,light-3,3103,1,2.424,
5900.0,light-4,3101,1,8.238,
5900.0,light-2,3102,1,8.492,
5900.0,light-5,3102,1,9.286,
5903.3,heavy,3103,0,5.517,
5906.7,heavy,3103,0,7.365,
5910.0,heavy,3101,0,2.920,
5913.3,heavy,3102,1,0.931,
5916.7,heavy,3103,0,3.179,
5920.0,heavy,3101,0,3.484,
5923.3,heavy,3102,1,1.174,
5926.7,heavy,3103,0,4.936,
5930.0,heavy,3101,0,3.695,
5933.3,heavy,3102,1,1.230,
5936.7,heavy,3103,0,4.233,
5940.0,heavy,3101,0,2.914,
5943.3,heavy,3102,1,1.379,
5946.7,heavy,3103,0,3.803,
5950.0,heavy,3101,1,3.138,
5953.3,heavy,3102,0,1.028,
5956.7,heavy,3103,0,4.366,
5960.0,heavy,3101,0,3.279,
5963.3,heavy,3102,1,1.158,
5966.7,heavy,3103,0,5.202,
5970.0,heavy,3101,0,3.120,
5973.3,heavy,3102,1,1.252,
5976.7,heavy,3103,0,3.716,
5980.0,heavy,3101,1,2.934,
5983.3,heavy,3102,0,0.899,
5986.7,heavy,3103,0,4.351,
5990.0,heavy,3101,0,2.916,
5993.3,heavy,3102,1,1.263,
5996.7,heavy,3103,0,4.081,
6000.0,heavy,3101,1,4.986,
6000.0,light-2,3103,1,1.339,
6000.0,light-4,3102,1,3.070,
6000.0,light-5,3103,1,3.622,
6000.0,light-3,3101,1,3.903,
6000.0,light-1,3102,1,4.146,
6003.3,heavy,3101,0,4.077,
6006.7,heavy,3102,0,1.215,
6010.0,heavy,3103,1,3.244,
6013.3,heavy,3101,0,3.489,
6016.7,heavy,3102,0,1.075,
6020.0,heavy,3103,0,3.196,
6023.3,heavy,3101,1,3.107,
6026.7,heavy,3102,0,1.321,
6030.0,heavy,3103,1,3.786,
6033.3,heavy,3101,0,3.350,
6036.7,heavy,3102,1,1.042,
6040.0,heavy,3103,0,3.966,
6043.3,heavy,3101,0,3.817,
6046.7,heavy,3102,0,0.659,
6050.0,heavy,3103,0,3.864,
6053.3,heavy,3101,0,3.145,
6056.7,heavy,3102,1,1.159,
6060.0,heavy,3103,0,3.168,
6063.3,heavy,3101,1,5.787,
6066.7,heavy,3102,0,0.711,
6070.0,heavy,3103,0,2.425,
6073.3,heavy,3101,1,3.415,
6076.7,heavy,3102,0,1.095,
6080.0,heavy,3103,0,4.309,
6083.3,heavy,3101,0,3.492,
6086.7,heavy,3102,1,1.395,
6090.0,heavy,3103,1,5.284,
6093.3,heavy,3101,0,3.329,
6096.7,heavy,3102,0,1.156,
6100.0,heavy,3103,1,4.570,
6100.0,light-2,3103,1,2.533,
6100.0,light-4,3102,1,2.896,
6100.0,light-1,3102,1,4.748,
6100.0,light-5,3103,1,5.844,
6100.0,light-3,3101,1,7.003,
6103.3,heavy,3101,0,6.018,
6106.7,heavy,3101,0,5.306,
6110.0,heavy,3102,0,0.977,
6113.3,heavy,3103,1,2.984,
6116.7,heavy,3101,1,3.947,
6120.0,heavy,3102,0,1.255,
6123.3,heavy,3103,0,3.139,
6126.7,heavy,3101,0,3.452,
6130.0,heavy,3102,0,1.130,
6133.3,heavy,3103,1,3.215,
6136.7,heavy,3101,0,2.997,
6140.0,heavy,3102,0,0.802,
6143.3,heavy,3103,1,3.568,
6146.7,heavy,3101,0,3.802,
6150.0,heavy,3102,1,1.148,
6153.3,heavy,3103,0,2.878,
6156.7,heavy,3101,0,3.256,
6160.0,heavy,3102,0,1.006,
6163.3,heavy,3103,1,3.838,
6166.7,heavy,3101,0,2.731,
6170.0,heavy,3102,0,1.179,
6173.3,heavy,3103,1,3.942,
6176.7,heavy,3101,0,3.748,
6180.0,heavy,3102,1,1.193,
6183.3,heavy,3103,0,3.092,
6186.7,heavy,3101,0,2.941,
6190.0,heavy,3102,1,1.523,
6193.3,heavy,3103,0,3.495,
6196.7,heavy,3101,0,4.623,
6200.0,heavy,3102,0,1.367,
6200.0,light-5,3101,1,2.500,
6200.0,light-2,3101,1,4.414,
6200.0,light-1,3103,1,4.647,
6200.0,light-3,3102,1,4.758,
6200.0,light-4,3103,1,5.421,
6203.3,heavy,3102,1,1.305,
6206.7,heavy,3103,0,3.154,
6210.0,heavy,3101,1,2.389,
6213.3,heavy,3102,0,0.802,
6216.7,heavy,3103,0,4.246,
6220.0,heavy,3101,0,3.437,
6223.3,heavy,3102,1,1.266,
6226.7,heavy,3103,0,4.799,
6230.0,heavy,3101,1,3.124,
6233.3,heavy,3102,0,1.186,
6236.7,heavy,3103,0,3.259,
6240.0,heavy,3101,0,3.490,
6243.3,heavy,3102,1,1.313,
6246.7,heavy,3103,0,2.739,
6250.0,heavy,3101,0,4.612,
6253.3,heavy,3102,1,1.211,
6256.7,heavy,3103,0,3.075,
6260.0,heavy,3101,1,4.213,
6263.3,heavy,3102,0,0.980,
6266.7,heavy,3103,0,3.999,
6270.0,heavy,3101,0,2.941,
6273.3,heavy,3102,1,1.185,
6276.7,heavy,3103,0,3.575,
6280.0,heavy,3101,0,2.466,
6283.3,heavy,3102,1,1.349,
6286.7,heavy,3103,0,3.597,
6290.0,heavy,3101,1,2.898,
6293.3,heavy,3102,0,0.967,
6296.7,heavy,3103,0,6.593,
6300.0,heavy,3101,0,5.440,
6300.0,light-1,3101,1,2.671,
6300.0,light-3,3103,1,3.669,
6300.0,light-2,3102,1,6.086,
6300.0,light-4,3101,1,6.228,
6300.0,light-5,3102,1,6.567,
6303.3,heavy,3102,1,1.515,
6306.7,heavy,3103,0,6.488,
6310.0,heavy,3103,1,5.134,
6313.3,heavy,3101,0,3.432,
6316.7,heavy,3102,0,1.316,
6320.0,heavy,3103,0,3.983,
6323.3,heavy,3101,1,3.254,
6326.7,heavy,3102,0,0.948,
6330.0,heavy,3103,0,4.046,
6333.3,heavy,3101,0,3.095,
6336.7,heavy,3102,1,1.055,
6340.0,heavy,3103,1,4.482,
6343.3,heavy,3101,0,2.740,
6346.7,heavy,3102,1,1.219,
6350.0,heavy,3103,0,3.280,
6353.3,heavy,3101,0,3.509,
6356.7,heavy,3102,0,1.041,
6360.0,heavy,3103,1,5.339,
6363.3,heavy,3101,0,4.476,
6366.7,heavy,3102,1,2.707,
6370.0,heavy,3103,0,5.839,
6373.3,heavy,3101,0,3.854,
6376.7,heavy,3102,0,1.222,
6380.0,heavy,3103,0,3.747,
6383.3,heavy,3101,0,3.356,
6386.7,heavy,3102,1,1.129,
6390.0,heavy,3103,0,3.107,
6393.3,heavy,3101,1,3.495,
6396.7,heavy,3102,0,0.795,
6400.0,heavy,3103,1,6.141,
6400.0,light-1,3101,1,1.411,
6400.0,light-3,3103,1,2.694,
6400.0,light-4,3101,1,5.207,
6400.0,light-5,3102,1,5.991,
6400.0,light-2,3102,1,6.246,
6403.3,heavy,3103,0,4.734,
6406.7,heavy,3101,0,2.252,
6410.0,heavy,3102,0,1.091,
6413.3,heavy,3103,1,11.335,
6416.7,heavy,3101,0,3.698,
6420.0,heavy,3102,0,0.967,
6423.3,heavy,3103,1,3.062,
6426.7,heavy,3101,0,3.346,
6430.0,heavy,3102,1,1.016,
6433.3,heavy,3103,0,3.302,
6436.7,heavy,3101,0,3.211,
6440.0,heavy,3102,0,1.182,
6443.3,heavy,3103,1,2.994,
6446.7,heavy,3101,0,3.089,
6450.0,heavy,3102,0,0.680,
6453.3,heavy,3103,0,4.287,
6456.7,heavy,3101,1,2.959,
6460.0,heavy,3102,1,1.180,
6463.3,heavy,3103,0,5.487,
6466.7,heavy,3101,0,3.131,
6470.0,heavy,3102,0,0.800,
6473.3,heavy,3103,0,4.078,
6476.7,heavy,3101,0,3.307,
6480.0,heavy,3102,1,1.165,
6483.3,heavy,3103,1,3.941,
6486.7,heavy,3101,0,4.129,
6490.0,heavy,3102,0,1.690,
6493.3,heavy,3103,1,4.356,
6496.7,heavy,3101,1,6.204,
6500.0,heavy,3102,0,1.559,
6500.0,light-5,3101,1,4.570,
6500.0,light-3,3102,1,5.322,
6500.0,light-4,3103,1,5.410,
6500.0,light-1,3103,1,6.366,
6500.0,light-2,3101,1,6.606,
6503.3,heavy,3102,0,0.949,
6506.7,heavy,3103,0,5.480,
6510.0,heavy,3101,1,4.281,
6513.3,heavy,3102,0,1.260,
6516.7,heavy,3103,0,3.972,
6520.0,heavy,3101,1,4.054,
6523.3,heavy,3102,0,1.444,
6526.7,heavy,3103,0,3.957,
6530.0,heavy,3101,0,3.189,
6533.3,heavy,3102,1,1.141,
6536.7,heavy,3103,0,4.090,
6540.0,heavy,3101,0,3.767,
6543.3,heavy,3102,1,1.342,
6546.7,heavy,3103,0,3.922,
6550.0,heavy,3101,0,3.451,
6553.3,heavy,3102,1,1.156,
6556.7,heavy,3103,0,3.040,
6560.0,heavy,3101,1,2.983,
6563.3,heavy,3102,0,1.139,
6566.7,heavy,3103,0,3.835,
6570.0,heavy,3101,0,3.165,
6573.3,heavy,3102,1,1.413,
6576.7,heavy,3103,0,2.827,
6580.0,heavy,3101,0,3.119,
6583.3,heavy,3102,1,1.492,
6586.7,heavy,3103,0,3.488,
6590.0,heavy,3101,0,3.158,
6593.3,heavy,3102,1,0.924,
6596.7,heavy,3103,0,7.165,
6600.0,heavy,3101,0,4.154,
6600.0,light-5,3101,1,3.132,
6600.0,light-3,3102,1,7.260,
6600.0,light-2,3101,1,7.471,
6600.0,light-1,3103,1,7.672,
6600.0,light-4,3103,1,8.075,
6603.3,heavy,3102,1,1.204,
6606.7,heavy,3102,0,1.117,
6610.0,heavy,3103,1,3.631,
6613.3,heavy,3101,0,2.973,
6616.7,heavy,3102,0,1.188,
6620.0,heavy,3103,0,3.912,
6623.3,heavy,3101,1,3.826,
6626.7,heavy,3102,1,1.220,
6630.0,heavy,3103,0,4.097,
6633.3,heavy,3101,0,4.337,
6636.7,heavy,3102,0,1.343,
6640.0,heavy,3103,1,4.155,
6643.3,heavy,3101,0,3.313,
6646.7,heavy,3102,1,1.336,
6650.0,heavy,3103,0,4.384,
6653.3,heavy,3101,0,2.936,
6656.7,heavy,3102,0,1.073,
6660.0,heavy,3103,1,3.181,
6663.3,heavy,3101,0,3.258,
6666.7,heavy,3102,0,1.011,
6670.0,heavy,3103,0,2.771,
6673.3,heavy,3101,1,3.104,
6676.7,heavy,3102,0,1.243,
6680.0,heavy,3103,1,3.520,
6683.3,heavy,3101,0,2.798,
6686.7,heavy,3102,0,1.025,
6690.0,heavy,3103,0,3.392,
6693.3,heavy,3101,0,4.393,
6696.7,heavy,3102,1,1.312,
6700.0,heavy,3103,1,5.023,
6700.0,light-1,3101,1,1.294,
6700.0,light-3,3103,1,2.615,
6700.0,light-4,3101,1,4.153,
6700.0,light-2,3102,1,4.833,
6700.0,light-5,3102,1,4.746,
6703.3,heavy,3103,0,2.551,
6706.7,heavy,3101,0,3.424,
6710.0,heavy,3102,0,0.867,
6713.3,heavy,3103,0,5.070,
6716.7,heavy,3101,1,4.080,
6720.0,heavy,3102,1,1.325,
6723.3,heavy,3103,0,4.969,
6726.7,heavy,3101,0,4.833,
6730.0,heavy,3102,0,1.024,
6733.3,heavy,3103,1,3.677,
6736.7,heavy,3101,0,3.163,
6740.0,heavy,3102,1,1.081,
6743.3,heavy,3103,0,3.059,
6746.7,heavy,3101,0,2.599,
6750.0,heavy,3102,1,1.818,
6753.3,heavy,3103,0,3.897,
6756.7,heavy,3101,0,3.303,
6760.0,heavy,3102,0,0.850,
6763.3,heavy,3103,0,4.075,
6766.7,heavy,3101,1,3.386,
6770.0,heavy,3102,1,1.265,
6773.3,heavy,3103,0,4.857,
6776.7,heavy,3101,0,2.964,
6780.0,heavy,3102,0,0.977,
6783.3,heavy,3103,1,3.409,
6786.7,heavy,3101,0,3.601,
6790.0,heavy,3102,0,0.810,
6793.3,heavy,3103,0,6.431,
6796.7,heavy,3101,1,5.590,
6800.0,heavy,3102,1,1.516,
6800.0,light-1,3101,1,2.476,
6800.0,light-3,3103,1,3.479,
6800.0,light-5,3102,1,5.930,
6800.0,light-4,3101,1,6.100,
6800.0,light-2,3102,1,7.361,
6803.3,heavy,3103,0,6.743,
6806.7,heavy,3103,0,6.127,
6810.0,heavy,3101,1,3.335,
6813.3,heavy,3102,0,0.975,
6816.7,heavy,3103,0,3.021,
6820.0,heavy,3101,1,3.144,
6823.3,heavy,3102,0,1.101,
6826.7,heavy,3103,0,3.203,
6830.0,heavy,3101,0,2.758,
6833.3,heavy,3102,1,1.478,
6836.7,heavy,3103,0,2.657,
6840.0,heavy,3101,0,3.599,
6843.3,heavy,3102,1,1.203,
6846.7,heavy,3103,0,3.809,
6850.0,heavy,3101,1,3.894,
6853.3,heavy,3102,0,0.933,
6856.7,heavy,3103,0,3.468,
6860.0,heavy,3101,0,2.705,
6863.3,heavy,3102,1,0.932,
6866.7,heavy,3103,0,3.006,
6870.0,heavy,3101,0,2.720,
6873.3,heavy,3102,1,1.063,
6876.7,heavy,3103,1,3.690,
6880.0,heavy,3101,0,4.048,
6883.3,heavy,3102,0,1.147,
6886.7,heavy,3103,0,3.229,
6890.0,heavy,3101,0,5.003,
6893.3,heavy,3102,1,1.240,
6896.7,heavy,3103,0,3.484,
6900.0,heavy,3101,1,5.297,
6900.0,light-2,3103,1,0.966,
6900.0,light-4,3102,1,2.194,
6900.0,light-1,3102,1,4.542,
6900.0,light-5,3103,1,5.039,
6900.0,light-3,3101,1,6.173,
6903.3,heavy,3101,0,4.848,
6906.7,heavy,3102,0,0.926,
6910.0,heavy,3103,1,3.100,
6913.3,heavy,3101,0,3.435,
6916.7,heavy,3102,0,1.000,
6920.0,heavy,3103,0,4.465,
6923.3,heavy,3101,0,2.940,
6926.7,heavy,3102,1,1.360,
6930.0,heavy,3103,0,3.311,
6933.3,heavy,3101,1,2.781,
6936.7,heavy,3102,0,0.995,
6940.0,heavy,3103,0,3.609,
6943.3,heavy,3101,1,2.774,
6946.7,heavy,3102,0,0.951,
6950.0,heavy,3103,0,3.479,
6953.3,heavy,3101,0,2.715,
6956.7,heavy,3102,1,1.093,
6960.0,heavy,3103,1,4.065,
6963.3,heavy,3101,0,2.762,
6966.7,heavy,3102,1,1.391,
6970.0,heavy,3103,0,3.983,
6973.3,heavy,3101,0,3.320,
6976.7,heavy,3102,0,0.927,
6980.0,heavy,3103,0,2.915,
6983.3,heavy,3101,1,3.201,
6986.7,heavy,3102,0,1.321,
6990.0,heavy,3103,1,2.853,
6993.3,heavy,3101,0,3.311,
6996.7,heavy,3102,0,1.104,
7000.0,heavy,3103,0,6.350,
7000.0,light-5,3101,1,2.938,
7000.0,light-3,3102,1,5.158,
7000.0,light-2,3101,1,5.770,
7000.0,light-1,3103,1,6.376,
7000.0,light-4,3103,1,7.466,
7003.3,heavy,3101,0,4.448,
7006.7,heavy,3102,1,1.357,
7010.0,heavy,3102,0,1.001,
7013.3,heavy,3103,1,4.410,
7016.7,heavy,3101,0,3.904,
7020.0,heavy,3102,0,0.977,
7023.3,heavy,3103,1,5.019,
7026.7,heavy,3101,0,4.516,
7030.0,heavy,3102,1,3.193,
7033.3,heavy,3103,0,4.926,
7036.7,heavy,3101,0,4.672,
7040.0,heavy,3102,1,1.619,
7043.3,heavy,3103,0,3.467,
7046.7,heavy,3101,0,3.323,
7050.0,heavy,3102,0,1.104,
7053.3,heavy,3103,1,3.005,
7056.7,heavy,3101,0,2.670,
7060.0,heavy,3102,0,0.841,
7063.3,heavy,3103,0,2.916,
7066.7,heavy,3101,0,3.153,
7070.0,heavy,3102,1,1.052,
7073.3,heavy,3103,1,2.986,
7076.7,heavy,3101,0,3.095,
7080.0,heavy,3102,1,1.376,
7083.3,heavy,3103,0,2.932,
7086.7,heavy,3101,0,3.870,
7090.0,heavy,3102,0,0.977,
7093.3,heavy,3103,1,6.109,
7096.7,heavy,3101,0,4.407,
7100.0,heavy,3102,1,1.597,
7100.0,light-5,3101,1,3.229,
7100.0,light-3,3102,1,5.441,
7100.0,light-2,3101,1,5.881,
7100.0,light-1,3103,1,6.430,
7100.0,light-4,3103,1,7.120,
7103.3,heavy,3102,0,2.037,
7106.7,heavy,3103,0,5.195,
7110.0,heavy,3101,1,3.202,
7113.3,heavy,3102,0,0.988,
7116.7,heavy,3103,0,2.981,
7120.0,heavy,3101,0,3.272,
7123.3,heavy,3102,1,1.159,
7126.7,heavy,3103,0,2.787,
7130.0,heavy,3101,0,3.121,
7133.3,heavy,3102,1,1.010,
7136.7,heavy,3103,0,3.437,
7140.0,heavy,3101,0,3.864,
7143.3,heavy,3102,1,1.118,
7146.7,heavy,3103,0,4.012,
7150.0,heavy,3101,0,3.414,
7153.3,heavy,3102,1,1.156,
7156.7,heavy,3103,0,3.658,
7160.0,heavy,3101,1,4.188,
7163.3,heavy,3102,0,1.141,
7166.7,heavy,3103,1,3.070,
7170.0,heavy,3101,0,3.252,
7173.3,heavy,3102,0,0.924,
7176.7,heavy,3103,0,4.164,
7180.0,heavy,3101,0,3.444,
7183.3,heavy,3102,1,1.285,
7186.7,heavy,3103,0,4.311,
7190.0,heavy,3101,0,2.543,
7193.3,heavy,3102,1,0.801,
7196.7,heavy,3103,1,5.457,
7200.0,heavy,3101,0,6.463,
7200.0,light-2,3103,1,2.624,
7200.0,light-4,3102,1,2.993,
7200.0,light-1,3102,1,6.122,
7200.0,light-5,3103,1,6.202,
7200.0,light-3,3101,1,6.852,
7203.3,heavy,3101,0,7.015,
7206.7,heavy,3102,0,1.777,
7210.0,heavy,3103,0,2.920,
7213.3,heavy,3101,1,3.000,
7216.7,heavy,3102,0,1.113,
7220.0,heavy,3103,1,4.910,
7223.3,heavy,3101,0,4.085,
7226.7,heavy,3102,1,1.305,
7230.0,heavy,3103,0,5.275,
7233.3,heavy,3101,0,5.132,
7236.7,heavy,3102,0,0.984,
7240.0,heavy,3103,0,4.733,
7243.3,heavy,3101,0,3.710,
7246.7,heavy,3102,1,1.230,
7250.0,heavy,3103,0,4.264,
7253.3,heavy,3101,1,3.018,
7256.7,heavy,3102,0,0.757,
7260.0,heavy,3103,1,3.293,
7263.3,heavy,3101,0,3.464,
7266.7,heavy,3102,0,0.972,
7270.0,heavy,3103,1,3.908,
7273.3,heavy,3101,0,2.997,
7276.7,heavy,3102,1,1.120,
7280.0,heavy,3103,0,4.104,
7283.3,heavy,3101,0,2.692,
7286.7,heavy,3102,0,0.726,
7290.0,heavy,3103,0,4.854,
7293.3,heavy,3101,0,5.729,
7296.7,heavy,3102,1,1.240,
7300.0,heavy,3103,1,5.120,
7300.0,light-1,3101,1,1.168,
7300.0,light-3,3103,1,2.222,
7300.0,light-4,3101,1,5.336,
7300.0,light-2,3102,1,5.543,
7300.0,light-5,3102,1,5.562,
7303.3,heavy,3103,0,5.182,
7306.7,heavy,3101,0,2.803,
7310.0,heavy,3102,0,1.274,
7313.3,heavy,3103,1,4.419,
7316.7,heavy,3101,0,3.587,
7320.0,heavy,3102,1,1.154,
7323.3,heavy,3103,0,4.468,
7326.7,heavy,3101,0,4.255,
7330.0,heavy,3102,0,1.165,
7333.3,heavy,3103,1,3.548,
7336.7,heavy,3101,0,3.023,
7340.0,heavy,3102,1,1.063,
7343.3,heavy,3103,0,2.905,
7346.7,heavy,3101,0,4.260,
7350.0,heavy,3102,1,1.365,
7353.3,heavy,3103,0,3.115,
7356.7,heavy,3101,0,4.633,
7360.0,heavy,3102,0,0.979,
7363.3,heavy,3103,0,4.312,
7366.7,heavy,3101,1,3.647,
7370.0,heavy,3102,1,1.282,
7373.3,heavy,3103,0,4.551,
7376.7,heavy,3101,0,3.052,
7380.0,heavy,3102,1,2.414,
7383.3,heavy,3103,0,3.224,
7386.7,heavy,3101,0,5.824,
7390.0,heavy,3102,0,1.734,
7393.3,heavy,3103,1,3.407,
7396.7,heavy,3101,0,2.931,
7400.0,heavy,3102,0,1.034,
7400.0,light-5,3101,1,2.384,
7400.0,light-2,3101,1,4.958,
7400.0,light-1,3103,1,5.181,
7400.0,light-3,3102,1,5.246,
7400.0,light-4,3103,1,7.219,
7403.3,heavy,3102,1,0.948,
7406.7,heavy,3103,0,2.732,
7410.0,heavy,3101,0,2.643,
7413.3,heavy,3102,1,0.923,
7416.7,heavy,3103,0,3.055,
7420.0,heavy,3101,1,3.042,
7423.3,heavy,3102,0,1.063,
7426.7,heavy,3103,0,2.761,
7430.0,heavy,3101,0,3.416,
7433.3,heavy,3102,1,1.203,
7436.7,heavy,3103,0,2.966,
7440.0,heavy,3101,0,3.189,
7443.3,heavy,3102,1,0.993,
7446.7,heavy,3103,0,3.637,
7450.0,heavy,3101,1,2.699,
7453.3,heavy,3102,0,0.958,
7456.7,heavy,3103,0,3.499,
7460.0,heavy,3101,0,2.829,
7463.3,heavy,3102,1,1.037,
7466.7,heavy,3103,0,4.080,
7470.0,heavy,3101,0,2.387,
7473.3,heavy,3102,1,1.528,
7476.7,heavy,3103,0,2.979,
7480.0,heavy,3101,0,3.434,
7483.3,heavy,3102,1,1.306,
7486.7,heavy,3103,0,2.878,
7490.0,heavy,3101,0,4.475,
7493.3,heavy,3102,1,1.182,
7496.7,heavy,3103,0,3.865,
7500.0,heavy,3101,1,5.749,
7500.0,light-2,3103,1,1.460,
7500.0,light-4,3102,1,2.617,
7500.0,light-1,3102,1,5.828,
7500.0,light-3,3101,1,8.113,
7500.0,light-5,3103,1,8.582,
7503.3,heavy,3101,0,6.054,
7506.7,heavy,3102,0,0.946,
7510.0,heavy,3103,0,3.938,
7513.3,heavy,3101,1,3.180,
7516.7,heavy,3102,0,0.883,
7520.0,heavy,3103,0,4.315,
7523.3,heavy,3101,0,3.406,
7526.7,heavy,3102,1,1.369,
7530.0,heavy,3103,1,4.511,
7533.3,heavy,3101,0,2.981,
7536.7,heavy,3102,0,1.100,
7540.0,heavy,3103,1,3.339,
7543.3,heavy,3101,0,3.554,
7546.7,heavy,3102,0,0.840,
7550.0,heavy,3103,0,3.894,
7553.3,heavy,3101,0,3.052,
7556.7,heavy,3102,1,1.183,
7560.0,heavy,3103,1,4.498,
7563.3,heavy,3101,0,2.480,
7566.7,heavy,3102,1,1.149,
7570.0,heavy,3103,0,2.715,
7573.3,heavy,3101,0,2.810,
7576.7,heavy,3102,0,0.778,
7580.0,heavy,3103,0,4.767,
7583.3,heavy,3101,1,4.172,
7586.7,heavy,3102,1,1.471,
7590.0,heavy,3103,0,5.601,
7593.3,heavy,3101,0,3.640,
7596.7,heavy,3102,0,0.829,
7600.0,heavy,3103,0,5.833,
7600.0,light-5,3101,1,3.271,
7600.0,light-3,3102,1,5.314,
7600.0,light-2,3101,1,5.512,
7600.0,light-1,3103,1,6.149,
7600.0,light-4,3103,1,6.680,
7603.3,heavy,3101,0,4.886,
7606.7,heavy,3102,1,1.738,
7610.0,heavy,3102,0,0.886,
7613.3,heavy,3103,1,3.220,
7616.7,heavy,3101,0,2.580,
7620.0,heavy,3102,0,1.087,
7623.3,heavy,3103,1,3.177,
7626.7,heavy,3101,0,3.167,
7630.0,heavy,3102,1,1.448,
7633.3,heavy,3103,0,3.309,
7636.7,heavy,3101,0,3.683,
7640.0,heavy,3102,0,0.845,
7643.3,heavy,3103,1,3.283,
7646.7,heavy,3101,0,2.855,
7650.0,heavy,3102,1,1.037,
7653.3,heavy,3103,0,2.669,
7656.7,heavy,3101,0,4.249,
7660.0,heavy,3102,1,1.465,
7663.3,heavy,3103,0,3.493,
7666.7,heavy,3101,0,4.538,
7670.0,heavy,3102,0,0.878,
7673.3,heavy,3103,1,4.406,
7676.7,heavy,3101,0,3.783,
7680.0,heavy,3102,0,1.111,
7683.3,heavy,3103,0,5.706,
7686.7,heavy,3101,1,4.294,
7690.0,heavy,3102,1,1.534,
7693.3,heavy,3103,0,5.406,
7696.7,heavy,3101,0,5.480,
7700.0,heavy,3102,1,1.934,
7700.0,light-5,3101,1,2.654,
7700.0,light-2,3101,1,5.549,
7700.0,light-1,3103,1,6.223,
7700.0,light-3,3102,1,6.296,
7700.0,light-4,3103,1,6.423,
7703.3,heavy,3102,0,2.070,
7706.7,heavy,3103,0,4.173,
7710.0,heavy,3101,1,10.040,
7713.3,heavy,3102,1,1.312,
7716.7,heavy,3103,0,4.581,
7720.0,heavy,3101,0,3.874,
7723.3,heavy,3102,0,1.351,
7726.7,heavy,3103,0,4.104,
7730.0,heavy,3101,1,3.985,
7733.3,heavy,3102,0,1.329,
7736.7,heavy,3103,0,3.209,
7740.0,heavy,3101,0,3.322,
7743.3,heavy,3102,1,1.334,
7746.7,heavy,3103,0,2.601,
7750.0,heavy,3101,0,4.079,
7753.3,heavy,3102,1,1.223,
7756.7,heavy,3103,0,3.219,
7760.0,heavy,3101,1,4.340,
7763.3,heavy,3102,0,0.852,
7766.7,heavy,3103,0,4.241,
7770.0,heavy,3101,0,2.870,
7773.3,heavy,3102,1,1.235,
7776.7,heavy,3103,0,3.377,
7780.0,heavy,3101,1,4.693,
7783.3,heavy,3102,1,1.371,
7786.7,heavy,3103,0,3.846,
7790.0,heavy,3101,0,5.516,
7793.3,heavy,3102,0,1.013,
7796.7,heavy,3103,0,5.832,
7800.0,heavy,3101,0,4.781,
7800.0,light-5,3101,1,3.894,
7800.0,light-3,3102,1,5.669,
7800.0,light-2,3101,1,5.875,
7800.0,light-1,3103,1,7.714,
7800.0,light-4,3103,1,9.648,
7803.3,heavy,3102,1,1.248,
7806.7,heavy,3102,0,2.714,
7810.0,heavy,3103,1,7.183,
7813.3,heavy,3101,0,3.050,
7816.7,heavy,3102,0,1.168,
7820.0,heavy,3103,1,3.166,
7823.3,heavy,3101,0,2.817,
7826.7,heavy,3102,0,0.811,
7830.0,heavy,3103,0,3.365,
7833.3,heavy,3101,0,3.306,
7836.7,heavy,3102,1,2.072,
7840.0,heavy,3103,0,3.440,
7843.3,heavy,3101,1,2.963,
7846.7,heavy,3102,0,0.940,
7850.0,heavy,3103,1,3.330,
7853.3,heavy,3101,0,3.604,
7856.7,heavy,3102,0,0.959,
7860.0,heavy,3103,0,4.055,
7863.3,heavy,3101,0,3.070,
7866.7,heavy,3102,1,1.147,
7870.0,heavy,3103,0,3.726,
7873.3,heavy,3101,1,3.290,
7876.7,heavy,3102,0,1.187,
7880.0,heavy,3103,0,3.710,
7883.3,heavy,3101,1,2.932,
7886.7,heavy,3102,0,0.956,
7890.0,heavy,3103,1,6.859,
7893.3,heavy,3101,0,7.298,
7896.7,heavy,3102,1,2.022,
7900.0,heavy,3103,0,7.383,
7900.0,light-1,3101,1,3.119,
7900.0,light-3,3103,1,3.269,
7900.0,light-4,3101,1,7.713,
7900.0,light-5,3102,1,12.781,
7900.0,light-2,3102,1,13.910,
7903.3,heavy,3103,0,8.203,
7906.7,heavy,3101,0,5.935,
7910.0,heavy,3102,0,1.364,
7913.3,heavy,3103,1,3.376,
7916.7,heavy,3101,0,2.978,
7920.0,heavy,3102,0,1.032,
7923.3,heavy,3103,0,3.518,
7926.7,heavy,3101,1,3.097,
7930.0,heavy,3102,1,1.026,
7933.3,heavy,3103,0,3.254,
7936.7,heavy,3101,0,3.344,
7940.0,heavy,3102,0,0.991,
7943.3,heavy,3103,1,3.496,
7946.7,heavy,3101,0,3.794,
7950.0,heavy,3102,0,0.847,
7953.3,heavy,3103,1,4.285,
7956.7,heavy,3101,0,3.477,
7960.0,heavy,3102,1,1.367,
7963.3,heavy,3103,0,3.333,
7966.7,heavy,3101,0,2.535,
7970.0,heavy,3102,1,1.349,
7973.3,heavy,3103,0,2.965,
7976.7,heavy,3101,0,3.331,
7980.0,heavy,3102,0,0.827,
7983.3,heavy,3103,1,3.830,
7986.7,heavy,3101,0,3.111,
7990.0,heavy,3102,1,1.059,
7993.3,heavy,3103,0,4.382,
7996.7,heavy,3101,0,2.678,
8000.0,heavy,3102,0,1.247,
8000.0,light-5,3101,1,2.278,
8000.0,light-2,3101,1,3.833,
8000.0,light-1,3103,1,4.172,
8000.0,light-3,3102,1,4.237,
8000.0,light-4,3103,1,4.733,
8003.3,heavy,3102,1,1.026,
8006.7,heavy,3103,0,3.805,
8010.0,heavy,3101,1,3.016,
8013.3,heavy,3102,0,0.890,
8016.7,heavy,3103,0,4.202,
8020.0,heavy,3101,0,3.045,
8023.3,heavy,3102,1,1.130,
8026.7,heavy,3103,0,3.405,
8030.0,heavy,3101,0,2.793,
8033.3,heavy,3102,1,1.271,
8036.7,heavy,3103,1,3.829,
8040.0,heavy,3101,0,4.056,
8043.3,heavy,3102,0,1.004,
8046.7,heavy,3103,0,3.387,
8050.0,heavy,3101,0,3.044,
8053.3,heavy,3102,1,1.226,
8056.7,heavy,3103,0,2.742,
8060.0,heavy,3101,0,2.385,
8063.3,heavy,3102,1,1.360,
8066.7,heavy,3103,0,3.721,
8070.0,heavy,3101,0,3.390,
8073.3,heavy,3102,1,0.923,
8076.7,heavy,3103,0,3.934,
8080.0,heavy,3101,0,3.183,
8083.3,heavy,3102,1,1.190,
8086.7,heavy,3103,0,4.447,
8090.0,heavy,3101,1,2.390,
8093.3,heavy,3102,0,0.716,
8096.7,heavy,3103,0,6.470,
8100.0,heavy,3101,0,6.309,
8100.0,light-5,3101,1,4.956,
8100.0,light-3,3102,1,6.269,
8100.0,light-2,3101,1,7.364,
8100.0,light-4,3103,1,7.482,
8100.0,light-1,3103,1,8.010,
8103.3,heavy,3102,1,1.366,
8106.7,heavy,3102,0,1.718,
8110.0,heavy,3103,1,5.189,
8113.3,heavy,3101,0,4.180,
8116.7,heavy,3102,0,1.320,
8120.0,heavy,3103,1,3.059,
8123.3,heavy,3101,0,4.116,
8126.7,heavy,3102,0,1.047,
8130.0,heavy,3103,0,4.950,
8133.3,heavy,3101,0,3.942,
8136.7,heavy,3102,1,1.276,
8140.0,heavy,3103,0,3.476,
8143.3,heavy,3101,1,4.795,
8146.7,heavy,3102,0,0.959,
8150.0,heavy,3103,1,3.156,
8153.3,heavy,3101,0,3.123,
8156.7,heavy,3102,0,1.239,
8160.0,heavy,3103,0,4.482,
8163.3,heavy,3101,1,3.449,
8166.7,heavy,3102,0,1.151,
8170.0,heavy,3103,0,2.872,
8173.3,heavy,3101,1,3.079,
8176.7,heavy,3102,1,1.455,
8180.0,heavy,3103,0,3.047,
8183.3,heavy,3101,0,3.099,
8186.7,heavy,3102,0,1.055,
8190.0,heavy,3103,0,3.337,
8193.3,heavy,3101,0,3.364,
8196.7,heavy,3102,1,1.782,
8200.0,heavy,3103,1,6.413,
8200.0,light-1,3101,1,2.082,
8200.0,light-3,3103,1,2.375,
8200.0,light-4,3101,1,5.644,
8200.0,light-2,3102,1,6.914,
8200.0,light-5,3102,1,8.608,
8203.3,heavy,3103,0,6.002,
8206.7,heavy,3101,0,4.436,
8210.0,heavy,3102,0,0.877,
8213.3,heavy,3103,1,2.688,
8216.7,heavy,3101,0,2.821,
8220.0,heavy,3102,0,1.050,
8223.3,heavy,3103,1,2.839,
8226.7,heavy,3101,0,3.037,
8230.0,heavy,3102,1,0.733,
8233.3,heavy,3103,0,3.854,
8236.7,heavy,3101,0,3.075,
8240.0,heavy,3102,1,1.185,
8243.3,heavy,3103,0,4.434,
8246.7,heavy,3101,0,2.511,
8250.0,heavy,3102,0,0.851,
8253.3,heavy,3103,0,2.905,
8256.7,heavy,3101,0,2.858,
8260.0,heavy,3102,1,1.139,
8263.3,heavy,3103,1,2.681,
8266.7,heavy,3101,0,3.663,
8270.0,heavy,3102,1,1.165,
8273.3,heavy,3103,0,3.127,
8276.7,heavy,3101,0,3.155,
8280.0,heavy,3102,0,0.944,
8283.3,heavy,3103,0,3.495,
8286.7,heavy,3101,1,2.750,
8290.0,heavy,3102,1,1.244,
8293.3,heavy,3103,0,2.615,
8296.7,heavy,3101,0,2.650,
8300.0,heavy,3102,1,1.494,
8300.0,light-2,3103,1,2.627,
8300.0,light-4,3102,1,2.762,
8300.0,light-1,3102,1,4.829,
8300.0,light-5,3103,1,5.623,
8300.0,light-3,3101,1,6.357,
8303.3,heavy,3103,0,4.447,
8306.7,heavy,3101,0,5.661,
8310.0,heavy,3101,0,4.102,
8313.3,heavy,3102,1,1.009,
8316.7,heavy,3103,1,2.946,
8320.0,heavy,3101,0,3.601,
8323.3,heavy,3102,0,1.328,
8326.7,heavy,3103,0,3.505,
8330.0,heavy,3101,0,3.121,
8333.3,heavy,3102,1,1.230,
8336.7,heavy,3103,0,3.620,
8340.0,heavy,3101,0,3.021,
8343.3,heavy,3102,1,0.716,
8346.7,heavy,3103,0,3.317,
8350.0,heavy,3101,0,2.840,
8353.3,heavy,3102,1,1.009,
8356.7,heavy,3103,0,4.189,
8360.0,heavy,3101,0,4.183,
8363.3,heavy,3102,1,1.251,
8366.7,heavy,3103,0,4.977,
8370.0,heavy,3101,0,3.930,
8373.3,heavy,3102,1,1.178,
8376.7,heavy,3103,0,3.533,
8380.0,heavy,3101,0,2.845,
8383.3,heavy,3102,1,1.288,
8386.7,heavy,3103,0,2.640,
8390.0,heavy,3101,0,3.130,
8393.3,heavy,3102,1,1.081,
8396.7,heavy,3103,1,6.654,
8400.0,heavy,3101,0,13.736,
8400.0,light-2,3103,1,1.988,
8400.0,light-4,3102,1,2.528,
8400.0,light-1,3102,1,4.537,
8400.0,light-5,3103,1,14.326,
8400.0,light-3,3101,1,17.189,
8403.3,heavy,3101,0,17.080,
8406.7,heavy,3102,1,2.787,
8410.0,heavy,3103,0,4.515,
8413.3,heavy,3101,0,8.927,
8416.7,heavy,3102,0,2.024,
8420.0,heavy,3103,1,3.379,
8423.3,heavy,3101,0,2.714,
8426.7,heavy,3102,0,1.845,
8430.0,heavy,3103,1,4.986,
8433.3,heavy,3101,0,3.927,
8436.7,heavy,3102,0,0.998,
8440.0,heavy,3103,0,3.720,
8443.3,heavy,3101,0,2.838,
8446.7,heavy,3102,1,1.044,
8450.0,heavy,3103,0,3.502,
8453.3,heavy,3101,1,3.294,
8456.7,heavy,3102,0,1.375,
8460.0,heavy,3103,1,3.840,
8463.3,heavy,3101,0,4.037,
8466.7,heavy,3102,0,1.098,
8470.0,heavy,3103,0,3.350,
8473.3,heavy,3101,1,3.312,
8476.7,heavy,3102,0,1.097,
8480.0,heavy,3103,1,3.548,
8483.3,heavy,3101,0,3.822,
8486.7,heavy,3102,1,1.211,
8490.0,heavy,3103,0,3.878,
8493.3,heavy,3101,0,3.926,
8496.7,heavy,3102,0,0.847,
8500.0,heavy,3103,0,4.850,
8500.0,light-5,3101,1,2.912,
8500.0,light-3,3102,1,4.852,
8500.0,light-2,3101,1,5.009,
8500.0,light-1,3103,1,5.182,
8500.0,light-4,3103,1,6.225,
8503.3,heavy,3101,0,4.091,
8506.7,heavy,3102,1,1.507,
8510.0,heavy,3102,0,1.745,
8513.3,heavy,3103,1,3.976,
8516.7,heavy,3101,0,2.574,
8520.0,heavy,3102,0,0.977,
8523.3,heavy,3103,1,3.336,
8526.7,heavy,3101,0,2.491,
8530.0,heavy,3102,0,0.990,
8533.3,heavy,3103,0,3.101,
8536.7,heavy,3101,0,2.665,
8540.0,heavy,3102,1,0.908,
8543.3,heavy,3103,0,3.942,
8546.7,heavy,3101,1,3.825,
8550.0,heavy,3102,1,1.211,
8553.3,heavy,3103,0,4.512,
8556.7,heavy,3101,0,3.106,
8560.0,heavy,3102,1,1.329,
8563.3,heavy,3103,0,3.678,
8566.7,heavy,3101,1,3.106,
8570.0,heavy,3102,0,1.099,
8573.3,heavy,3103,0,2.292,
8576.7,heavy,3101,0,2.441,
8580.0,heavy,3102,1,1.551,
8583.3,heavy,3103,0,3.053,
8586.7,heavy,3101,0,2.545,
8590.0,heavy,3102,0,0.872,
8593.3,heavy,3103,0,6.398,
8596.7,heavy,3101,0,4.968,
8600.0,heavy,3102,1,1.550,
8600.0,light-5,3101,1,3.168,
8600.0,light-3,3102,1,5.628,
8600.0,light-2,3101,1,5.934,
8600.0,light-1,3103,1,6.422,
8600.0,light-4,3103,1,7.385,
8603.3,heavy,3102,1,1.627,
8606.7,heavy,3103,0,5.133,
8610.0,heavy,3101,1,2.627,
8613.3,heavy,3102,0,1.120,
8616.7,heavy,3103,0,3.368,
8620.0,heavy,3101,0,2.386,
8623.3,heavy,3102,1,1.451,
8626.7,heavy,3103,0,3.451,
8630.0,heavy,3101,0,3.185,
8633.3,heavy,3102,1,1.030,
8636.7,heavy,3103,0,4.359,
8640.0,heavy,3101,0,3.934,
8643.3,heavy,3102,1,1.571,
8646.7,heavy,3103,0,5.586,
8650.0,heavy,3101,0,3.438,
8653.3,heavy,3102,1,1.387,
8656.7,heavy,3103,0,4.296,
8660.0,heavy,3101,0,3.564,
8663.3,heavy,3102,1,1.122,
8666.7,heavy,3103,0,4.002,
8670.0,heavy,3101,1,2.514,
8673.3,heavy,3102,0,0.720,
8676.7,heavy,3103,0,2.995,
8680.0,heavy,3101,1,2.492,
8683.3,heavy,3102,0,1.196,
8686.7,heavy,3103,0,4.493,
8690.0,heavy,3101,0,3.702,
8693.3,heavy,3102,1,1.343,
8696.7,heavy,3103,0,12.140,
8700.0,heavy,3101,1,4.927,
8700.0,light-3,3103,1,2.302,
8700.0,light-1,3101,1,2.671,
8700.0,light-4,3101,1,5.143,
8700.0,light-2,3102,1,5.375,
8700.0,light-5,3102,1,6.295,
8703.3,heavy,3102,1,1.475,
8706.7,heavy,3103,0,5.186,
8710.0,heavy,3103,0,4.218,
8713.3,heavy,3101,0,3.159,
8716.7,heavy,3102,0,1.076,
8720.0,heavy,3103,1,3.362,
8723.3,heavy,3101,0,3.644,
8726.7,heavy,3102,0,0.928,
8730.0,heavy,3103,0,2.905,
8733.3,heavy,3101,1,2.736,
8736.7,heavy,3102,1,1.292,
8740.0,heavy,3103,0,2.889,
8743.3,heavy,3101,0,2.540,
8746.7,heavy,3102,1,1.685,
8750.0,heavy,3103,0,4.257,
8753.3,heavy,3101,0,3.568,
8756.7,heavy,3102,0,1.512,
8760.0,heavy,3103,1,3.316,
8763.3,heavy,3101,0,2.993,
8766.7,heavy,3102,0,1.289,
8770.0,heavy,3103,1,3.677,
8773.3,heavy,3101,0,4.136,
8776.7,heavy,3102,0,1.051,
8780.0,heavy,3103,0,4.669,
8783.3,heavy,3101,0,3.719,
8786.7,heavy,3102,1,1.299,
8790.0,heavy,3103,1,4.887,
8793.3,heavy,3101,0,3.182,
8796.7,heavy,3102,0,1.297,
8800.0,heavy,3103,1,5.604,
8800.0,light-2,3103,1,2.453,
8800.0,light-4,3102,1,3.030,
8800.0,light-1,3102,1,5.021,
8800.0,light-5,3103,1,5.908,
8800.0,light-3,3101,1,6.695,
8803.3,heavy,3101,0,6.333,
8806.7,heavy,3101,0,4.901,
8810.0,heavy,3102,0,1.122,
8813.3,heavy,3103,0,3.637,
8816.7,heavy,3101,0,2.857,
8820.0,heavy,3102,1,1.237,
8823.3,heavy,3103,1,2.958,
8826.7,heavy,3101,0,3.382,
8830.0,heavy,3102,0,0.771,
8833.3,heavy,3103,1,3.321,
8836.7,heavy,3101,0,3.087,
8840.0,heavy,3102,0,1.017,
8843.3,heavy,3103,1,3.601,
8846.7,heavy,3101,0,4.060,
8850.0,heavy,3102,1,1.255,
8853.3,heavy,3103,0,3.572,
8856.7,heavy,3101,0,3.796,
8860.0,heavy,3102,1,1.449,
8863.3,heavy,3103,0,3.978,
8866.7,heavy,3101,0,4.102,
8870.0,heavy,3102,1,1.544,
8873.3,heavy,3103,0,3.596,
8876.7,heavy,3101,0,2.718,
8880.0,heavy,3102,0,1.108,
8883.3,heavy,3103,1,5.099,
8886.7,heavy,3101,0,3.627,
8890.0,heavy,3102,1,1.093,
8893.3,heavy,3103,0,5.892,
8896.7,heavy,3101,0,4.947,
8900.0,heavy,3102,0,2.636,
8900.0,light-5,3101,1,2.353,
8900.0,light-2,3101,1,4.583,
8900.0,light-1,3103,1,5.287,
8900.0,light-3,3102,1,5.323,
8900.0,light-4,3103,1,5.389,
8903.3,heavy,3102,1,0.953,
8906.7,heavy,3103,1,3.162,
8910.0,heavy,3101,0,3.382,
8913.3,heavy,3102,0,1.124,
8916.7,heavy,3103,0,4.892,
8920.0,heavy,3101,0,3.681,
8923.3,heavy,3102,1,1.809,
8926.7,heavy,3103,0,5.054,
8930.0,heavy,3101,0,2.493,
8933.3,heavy,3102,1,1.091,
8936.7,heavy,3103,1,3.034,
8940.0,heavy,3101,0,3.231,
8943.3,heavy,3102,0,0.759,
8946.7,heavy,3103,0,4.752,
8950.0,heavy,3101,0,3.970,
8953.3,heavy,3102,1,1.348,
8956.7,heavy,3103,0,4.442,
8960.0,heavy,3101,0,3.204,
8963.3,heavy,3102,1,0.760,
8966.7,heavy,3103,0,5.207,
8970.0,heavy,3101,0,5.491,
8973.3,heavy,3102,1,1.132,
8976.7,heavy,3103,0,2.298,
8980.0,heavy,3101,0,1.785,
8983.3,heavy,3102,1,1.369,
8986.7,heavy,3103,0,3.692,
8990.0,heavy,3101,0,2.919,
8993.3,heavy,3102,1,1.338,
8996.7,heavy,3103,0,6.163,
9000.0,heavy,3101,0,4.896,
9000.0,light-5,3101,1,3.525,
9000.0,light-3,3102,1,5.273,
9000.0,light-2,3101,1,5.930,
9000.0,light-1,3103,1,6.099,
9000.0,light-4,3103,1,6.770,
9003.3,heavy,3102,1,1.364,
9006.7,heavy,3102,0,2.484,
9010.0,heavy,3103,1,3.580,
9013.3,heavy,3101,0,3.428,
9016.7,heavy,3102,0,1.250,
9020.0,heavy,3103,0,3.021,
9023.3,heavy,3101,1,3.318,
9026.7,heavy,3102,0,1.145,
9030.0,heavy,3103,1,3.406,
9033.3,heavy,3101,0,3.700,
9036.7,heavy,3102,0,0.894,
9040.0,heavy,3103,0,2.773,
9043.3,heavy,3101,1,3.070,
9046.7,heavy,3102,0,1.543,
9050.0,heavy,3103,1,3.133,
9053.3,heavy,3101,0,3.126,
9056.7,heavy,3102,1,1.449,
9060.0,heavy,3103,0,2.418,
9063.3,heavy,3101,0,2.829,
9066.7,heavy,3102,0,1.051,
9070.0,heavy,3103,0,2.460,
9073.3,heavy,3101,1,3.663,
9076.7,heavy,3102,1,1.136,
9080.0,heavy,3103,0,3.106,
9083.3,heavy,3101,0,3.999,
9086.7,heavy,3102,0,1.004,
9090.0,heavy,3103,0,2.999,
9093.3,heavy,3101,0,3.540,
9096.7,heavy,3102,1,1.225,
9100.0,heavy,3103,1,5.619,
9100.0,light-1,3101,1,0.893,
9100.0,light-3,3103,1,2.497,
9100.0,light-4,3101,1,5.038,
9100.0,light-2,3102,1,5.334,
9100.0,light-5,3102,1,5.847,
9103.3,heavy,3103,0,4.870,
9106.7,heavy,3101,0,2.812,
9110.0,heavy,3102,0,1.129,
9113.3,heavy,3103,0,4.258,
9116.7,heavy,3101,1,4.561,
9120.0,heavy,3102,1,1.379,
9123.3,heavy,3103,0,4.711,
9126.7,heavy,3101,0,4.568,
9130.0,heavy,3102,1,1.158,
9133.3,heavy,3103,0,3.028,
9136.7,heavy,3101,0,2.423,
9140.0,heavy,3102,1,1.397,
9143.3,heavy,3103,0,3.164,
9146.7,heavy,3101,0,3.086,
9150.0,heavy,3102,0,1.071,
9153.3,heavy,3103,0,3.105,
9156.7,heavy,3101,0,2.568,
9160.0,heavy,3102,1,1.191,
9163.3,heavy,3103,1,2.658,
9166.7,heavy,3101,0,4.414,
9170.0,heavy,3102,1,1.226,
9173.3,heavy,3103,0,3.443,
9176.7,heavy,3101,0,4.059,
9180.0,heavy,3102,0,0.814,
9183.3,heavy,3103,0,3.971,
9186.7,heavy,3101,1,3.052,
9190.0,heavy,3102,1,1.084,
9193.3,heavy,3103,0,2.859,
9196.7,heavy,3101,0,2.792,
9200.0,heavy,3102,0,1.621,
9200.0,light-5,3101,1,2.621,
9200.0,light-2,3101,1,4.381,
9200.0,light-1,3103,1,4.605,
9200.0,light-3,3102,1,4.639,
9200.0,light-4,3103,1,5.124,
9203.3,heavy,3102,1,1.065,
9206.7,heavy,3103,0,3.026,
9210.0,heavy,3101,0,2.522,
9213.3,heavy,3102,1,1.644,
9216.7,heavy,3103,0,3.096,
9220.0,heavy,3101,0,3.191,
9223.3,heavy,3102,1,1.115,
9226.7,heavy,3103,0,4.169,
9230.0,heavy,3101,0,3.143,
9233.3,heavy,3102,1,1.182,
9236.7,heavy,3103,0,3.866,
9240.0,heavy,3101,1,2.888,
9243.3,heavy,3102,0,1.067,
9246.7,heavy,3103,0,3.691,
9250.0,heavy,3101,0,2.879,
9253.3,heavy,3102,1,1.142,
9256.7,heavy,3103,0,2.841,
9260.0,heavy,3101,0,4.060,
9263.3,heavy,3102,1,1.274,
9266.7,heavy,3103,0,3.132,
9270.0,heavy,3101,0,4.162,
9273.3,heavy,3102,1,0.879,
9276.7,heavy,3103,0,4.377,
9280.0,heavy,3101,0,3.090,
9283.3,heavy,3102,1,1.427,
9286.7,heavy,3103,0,3.651,
9290.0,heavy,3101,0,3.046,
9293.3,heavy,3102,1,1.012,
9296.7,heavy,3103,1,4.601,
9300.0,heavy,3101,0,5.142,
9300.0,light-2,3103,1,2.442,
9300.0,light-4,3102,1,2.852,
9300.0,light-1,3102,1,4.519,
9300.0,light-3,3101,1,6.336,
9300.0,light-5,3103,1,6.408,
9303.3,heavy,3101,0,4.564,
9306.7,heavy,3102,0,1.936,
9310.0,heavy,3103,1,3.781,
9313.3,heavy,3101,0,4.061,
9316.7,heavy,3102,0,0.947,
9320.0,heavy,3103,0,3.177,
9323.3,heavy,3101,1,3.320,
9326.7,heavy,3102,0,1.036,
9330.0,heavy,3103,1,3.468,
9333.3,heavy,3101,0,3.193,
9336.7,heavy,3102,0,1.248,
9340.0,heavy,3103,0,3.294,
9343.3,heavy,3101,0,3.665,
9346.7,heavy,3102,1,1.171,
9350.0,heavy,3103,0,3.196,
9353.3,heavy,3101,1,3.165,
9356.7,heavy,3102,0,0.916,
9360.0,heavy,3103,1,2.765,
9363.3,heavy,3101,0,3.044,
9366.7,heavy,3102,0,1.260,
9370.0,heavy,3103,0,2.654,
9373.3,heavy,3101,0,3.326,
9376.7,heavy,3102,1,1.319,
9380.0,heavy,3103,0,3.089,
9383.3,heavy,3101,1,2.735,
9386.7,heavy,3102,1,1.820,
9390.0,heavy,3103,0,3.004,
9393.3,heavy,3101,0,3.367,
9396.7,heavy,3102,0,0.858,
9400.0,heavy,3103,1,5.989,
9400.0,light-5,3101,1,3.165,
9400.0,light-3,3102,1,5.313,
9400.0,light-2,3101,1,5.772,
9400.0,light-1,3103,1,5.940,
9400.0,light-4,3103,1,7.405,
9403.3,heavy,3101,0,4.144,
9406.7,heavy,3102,1,1.382,
9410.0,heavy,3102,0,2.458,
9413.3,heavy,3103,0,4.751,
9416.7,heavy,3101,0,2.419,
9420.0,heavy,3102,0,1.253,
9423.3,heavy,3103,1,2.965,
9426.7,heavy,3101,0,3.191,
9430.0,heavy,3102,0,2.134,
9433.3,heavy,3103,1,3.196,
9436.7,heavy,3101,0,2.899,
9440.0,heavy,3102,1,1.384,
9443.3,heavy,3103,0,3.963,
9446.7,heavy,3101,0,4.096,
9450.0,heavy,3102,1,1.458,
9453.3,heavy,3103,0,4.374,
9456.7,heavy,3101,0,3.613,
9460.0,heavy,3102,0,1.018,
9463.3,heavy,3103,0,2.976,
9466.7,heavy,3101,1,3.107,
9470.0,heavy,3102,1,1.174,
9473.3,heavy,3103,0,2.955,
9476.7,heavy,3101,0,2.695,
9480.0,heavy,3102,1,1.544,
9483.3,heavy,3103,0,3.475,
9486.7,heavy,3101,0,2.726,
9490.0,heavy,3102,0,0.952,
9493.3,heavy,3103,1,5.783,
9496.7,heavy,3101,0,4.115,
9500.0,heavy,3102,1,1.224,
9500.0,light-5,3101,1,3.093,
9500.0,light-3,3102,1,4.905,
9500.0,light-2,3101,1,5.613,
9500.0,light-1,3103,1,5.775,
9500.0,light-4,3103,1,6.850,
9503.3,heavy,3102,0,2.305,
9506.7,heavy,3103,0,4.084,
9510.0,heavy,3101,1,2.968,
9513.3,heavy,3102,0,1.106,
9516.7,heavy,3103,0,2.903,
9520.0,heavy,3101,0,2.859,
9523.3,heavy,3102,1,1.052,
9526.7,heavy,3103,0,2.974,
9530.0,heavy,3101,0,3.232,
9533.3,heavy,3102,1,2.426,
9536.7,heavy,3103,0,2.590,
9540.0,heavy,3101,0,5.068,
9543.3,heavy,3102,1,1.113,
9546.7,heavy,3103,0,2.822,
9550.0,heavy,3101,0,4.187,
9553.3,heavy,3102,1,0.897,
9556.7,heavy,3103,0,3.394,
9560.0,heavy,3101,0,3.653,
9563.3,heavy,3102,1,1.312,
9566.7,heavy,3103,0,2.859,
9570.0,heavy,3101,0,3.035,
9573.3,heavy,3102,1,1.212,
9576.7,heavy,3103,0,3.140,
9580.0,heavy,3101,0,3.390,
9583.3,heavy,3102,1,0.830,
9586.7,heavy,3103,0,3.789,
9590.0,heavy,3101,0,3.283,
9593.3,heavy,3102,1,1.199,
9596.7,heavy,3103,0,4.307,
9600.0,heavy,3101,1,5.766,
9600.0,light-2,3103,1,1.479,
9600.0,light-4,3102,1,2.755,
9600.0,light-1,3102,1,5.238,
9600.0,light-5,3103,1,5.266,
9600.0,light-3,3101,1,7.117,
9603.3,heavy,3101,0,5.237,
9606.7,heavy,3102,0,1.085,
9610.0,heavy,3103,1,3.141,
9613.3,heavy,3101,0,3.448,
9616.7,heavy,3102,0,0.920,
9620.0,heavy,3103,0,3.035,
9623.3,heavy,3101,0,3.240,
9626.7,heavy,3102,1,1.330,
9630.0,heavy,3103,0,2.674,
9633.3,heavy,3101,1,3.407,
9636.7,heavy,3102,0,1.061,
9640.0,heavy,3103,1,3.186,
9643.3,heavy,3101,0,3.459,
9646.7,heavy,3102,0,0.985,
9650.0,heavy,3103,0,4.147,
9653.3,heavy,3101,0,3.663,
9656.7,heavy,3102,1,1.263,
9660.0,heavy,3103,0,3.490,
9663.3,heavy,3101,1,2.782,
9666.7,heavy,3102,0,1.214,
9670.0,heavy,3103,1,3.459,
9673.3,heavy,3101,0,3.512,
9676.7,heavy,3102,0,0.828,
9680.0,heavy,3103,0,4.639,
9683.3,heavy,3101,0,3.364,
9686.7,heavy,3102,1,1.134,
9690.0,heavy,3103,0,5.096,
9693.3,heavy,3101,1,3.437,
9696.7,heavy,3102,0,0.847,
9700.0,heavy,3103,1,5.087,
9700.0,light-2,3103,1,2.628,
9700.0,light-4,3102,1,3.126,
9700.0,light-1,3102,1,5.329,
9700.0,light-5,3103,1,6.433,
9700.0,light-3,3101,1,6.963,
9703.3,heavy,3101,0,6.447,
9706.7,heavy,3101,0,5.456,
9710.0,heavy,3102,0,1.362,
9713.3,heavy,3103,1,3.106,
9716.7,heavy,3101,0,3.007,
9720.0,heavy,3102,0,1.146,
9723.3,heavy,3103,1,3.738,
9726.7,heavy,3101,0,3.716,
9730.0,heavy,3102,1,1.359,
9733.3,heavy,3103,0,4.262,
9736.7,heavy,3101,0,3.382,
9740.0,heavy,3102,0,0.814,
9743.3,heavy,3103,1,2.843,
9746.7,heavy,3101,0,2.898,
9750.0,heavy,3102,1,1.101,
9753.3,heavy,3103,0,2.446,
9756.7,heavy,3101,0,3.472,
9760.0,heavy,3102,0,0.899,
9763.3,heavy,3103,1,3.129,
9766.7,heavy,3101,0,3.377,
9770.0,heavy,3102,0,0.965,
9773.3,heavy,3103,1,4.361,
9776.7,heavy,3101,0,3.472,
9780.0,heavy,3102,1,1.200,
9783.3,heavy,3103,0,4.966,
9786.7,heavy,3101,0,2.857,
9790.0,heavy,3102,0,0.961,
9793.3,heavy,3103,0,4.396,
9796.7,heavy,3101,1,3.030,
9800.0,heavy,3102,1,1.560,
9800.0,light-5,3101,1,2.603,
9800.0,light-2,3101,1,4.561,
9800.0,light-1,3103,1,5.239,
9800.0,light-3,3102,1,5.241,
9800.0,light-4,3103,1,5.347,
9803.3,heavy,3102,0,2.018,
9806.7,heavy,3103,0,3.259,
9810.0,heavy,3101,0,3.053,
9813.3,heavy,3102,1,0.933,
9816.7,heavy,3103,0,4.834,
9820.0,heavy,3101,0,4.405,
9823.3,heavy,3102,1,1.366,
9826.7,heavy,3103,1,5.406,
9830.0,heavy,3101,0,5.529,
9833.3,heavy,3102,0,1.249,
9836.7,heavy,3103,0,4.479,
9840.0,heavy,3101,0,3.619,
9843.3,heavy,3102,1,1.826,
9846.7,heavy,3103,0,3.280,
9850.0,heavy,3101,0,3.721,
9853.3,heavy,3102,1,1.107,
9856.7,heavy,3103,0,3.974,
9860.0,heavy,3101,1,3.215,
9863.3,heavy,3102,0,0.958,
9866.7,heavy,3103,0,6.265,
9870.0,heavy,3101,0,5.901,
9873.3,heavy,3102,1,5.194,
9876.7,heavy,3103,0,4.949,
9880.0,heavy,3101,1,2.814,
9883.3,heavy,3102,0,1.092,
9886.7,heavy,3103,1,3.266,
9890.0,heavy,3101,0,3.731,
9893.3,heavy,3102,0,1.190,
9896.7,heavy,3103,0,6.616,
9900.0,light-1,3101,1,2.468,
9900.0,light-3,3103,1,3.507,
9900.0,light-4,3101,1,6.150,
9900.0,light-5,3102,1,6.229,
9900.0,light-2,3102,1,7.607,
9900.0,heavy,3101,0,5.477,
9903.3,heavy,3102,1,1.734,
9906.7,heavy,3103,0,6.963,
9910.0,heavy,3103,1,6.236,
9913.3,heavy,3101,0,3.669,
9916.7,heavy,3102,0,0.997,
9920.0,heavy,3103,1,4.411,
9923.3,heavy,3101,0,4.726,
9926.7,heavy,3102,0,1.046,
9930.0,heavy,3103,0,5.645,
9933.3,heavy,3101,1,6.003,
9936.7,heavy,3102,1,1.615,
9940.0,heavy,3103,0,4.765,
9943.3,heavy,3101,0,2.912,
9946.7,heavy,3102,0,0.895,
9950.0,heavy,3103,1,2.984,
9953.3,heavy,3101,0,3.204,
9956.7,heavy,3102,0,1.024,
9960.0,heavy,3103,0,3.575,
9963.3,heavy,3101,1,3.806,
9966.7,heavy,3102,1,1.155,
9970.0,heavy,3103,0,3.850,
9973.3,heavy,3101,0,3.336,
9976.7,heavy,3102,0,0.892,
9980.0,heavy,3103,1,3.852,
9983.3,heavy,3101,0,4.391,
9986.7,heavy,3102,0,1.643,
9990.0,heavy,3103,0,3.031,
9993.3,heavy,3101,1,3.254,
9996.7,heavy,3102,0,0.873,
10000.0,light-1,3101,1,1.538,
10000.0,light-3,3103,1,2.563,
10000.0,light-5,3102,0,12.418,ECONNRESET
10000.0,light-2,3102,0,12.848,ECONNRESET
10000.0,light-4,3101,0,14.654,
10000.0,heavy,3103,1,6.091,
10003.3,heavy,3103,0,10.584,
10006.7,heavy,3101,0,10.287,
10010.0,heavy,3102,0,8.226,ECONNREFUSED
10013.3,heavy,3103,0,8.622,
10016.7,heavy,3101,0,7.938,
10020.0,heavy,3102,0,4.008,ECONNREFUSED
10023.3,heavy,3103,0,4.505,
10026.7,heavy,3101,0,4.658,
10030.0,heavy,3102,0,3.435,ECONNREFUSED
10033.3,heavy,3103,0,4.897,
10036.7,heavy,3101,0,5.215,
10040.0,heavy,3102,0,3.326,ECONNREFUSED
10043.3,heavy,3103,0,4.207,
10046.7,heavy,3101,0,4.513,
10050.0,heavy,3102,0,3.533,ECONNREFUSED
10053.3,heavy,3103,0,4.868,
10056.7,heavy,3101,0,4.416,
10060.0,heavy,3102,0,2.640,ECONNREFUSED
10063.3,heavy,3103,0,5.078,
10066.7,heavy,3101,0,4.469,
10070.0,heavy,3102,0,3.029,ECONNREFUSED
10073.3,heavy,3103,0,5.218,
10076.7,heavy,3101,0,4.776,
10080.0,heavy,3102,0,2.318,ECONNREFUSED
10083.3,heavy,3103,0,4.266,
10086.7,heavy,3101,0,4.319,
10090.0,heavy,3102,0,3.368,ECONNREFUSED
10093.3,heavy,3103,0,5.541,
10096.7,heavy,3101,0,8.387,
10100.0,light-3,3102,0,3.921,ECONNREFUSED
10100.0,light-5,3101,1,4.249,
10100.0,light-1,3103,1,6.115,
10100.0,light-2,3101,1,6.642,
10100.0,light-4,3103,0,7.160,
10100.0,heavy,3102,0,4.375,ECONNREFUSED
10103.3,heavy,3102,0,3.884,ECONNREFUSED
10106.7,heavy,3103,0,5.053,
10110.0,heavy,3101,0,4.557,
10113.3,heavy,3102,0,3.016,ECONNREFUSED
10116.7,heavy,3103,0,4.303,
10120.0,heavy,3101,0,4.469,
10123.3,heavy,3102,0,3.065,ECONNREFUSED
10126.7,heavy,3103,0,4.449,
10130.0,heavy,3101,0,4.947,
10133.3,heavy,3102,0,2.502,ECONNREFUSED
10136.7,heavy,3103,0,4.542,
10140.0,heavy,3101,0,4.944,
10143.3,heavy,3102,0,2.369,ECONNREFUSED
10146.7,heavy,3103,0,4.821,
10150.0,heavy,3101,0,4.136,
10153.3,heavy,3102,0,2.593,ECONNREFUSED
10156.7,heavy,3103,0,4.701,
10160.0,heavy,3101,0,3.920,
10163.3,heavy,3102,0,2.770,ECONNREFUSED
10166.7,heavy,3103,0,4.310,
10170.0,heavy,3101,0,6.896,
10173.3,heavy,3102,0,2.032,ECONNREFUSED
10176.7,heavy,3103,0,4.051,
10180.0,heavy,3101,0,4.504,
10183.3,heavy,3102,0,3.155,ECONNREFUSED
10186.7,heavy,3103,0,3.616,
10190.0,heavy,3101,0,4.692,
10193.3,heavy,3102,0,3.382,ECONNREFUSED
10196.7,heavy,3103,0,4.707,
10200.0,light-2,3103,1,2.089,
10200.0,light-1,3102,0,3.969,ECONNREFUSED
10200.0,light-4,3102,0,3.794,ECONNREFUSED
10200.0,light-3,3101,1,6.377,
10200.0,light-5,3103,1,6.957,
10200.0,heavy,3101,0,9.330,
10203.3,heavy,3101,0,8.214,
10206.7,heavy,3102,0,2.779,ECONNREFUSED
10210.0,heavy,3103,0,3.816,
10213.3,heavy,3101,0,3.658,
10216.7,heavy,3102,0,2.074,ECONNREFUSED
10220.0,heavy,3103,0,4.971,
10223.3,heavy,3101,0,4.835,
10226.7,heavy,3102,0,2.618,ECONNREFUSED
10230.0,heavy,3103,0,6.688,
10233.3,heavy,3101,0,6.034,
10236.7,heavy,3102,0,1.757,ECONNREFUSED
10240.0,heavy,3103,0,3.979,
10243.3,heavy,3101,0,4.290,
10246.7,heavy,3102,0,2.301,ECONNREFUSED
10250.0,heavy,3103,0,4.080,
10253.3,heavy,3101,0,4.126,
10256.7,heavy,3102,0,2.761,ECONNREFUSED
10260.0,heavy,3103,0,4.531,
10263.3,heavy,3101,0,4.253,
10266.7,heavy,3102,0,2.602,ECONNREFUSED
10270.0,heavy,3103,0,4.085,
10273.3,heavy,3101,0,4.047,
10276.7,heavy,3102,0,2.752,ECONNREFUSED
10280.0,heavy,3103,0,4.611,
10283.3,heavy,3101,0,3.762,
10286.7,heavy,3102,0,2.212,ECONNREFUSED
10290.0,heavy,3103,0,4.189,
10293.3,heavy,3101,0,3.555,
10296.7,heavy,3102,0,2.161,ECONNREFUSED
10300.0,light-2,3103,1,4.420,
10300.0,light-1,3102,0,4.734,ECONNREFUSED
10300.0,light-4,3102,0,4.528,ECONNREFUSED
10300.0,light-3,3101,1,7.664,
10300.0,light-5,3103,1,7.507,
10300.0,heavy,3103,0,8.170,
10303.3,heavy,3101,0,10.245,
10306.7,heavy,3102,0,4.850,ECONNREFUSED
10310.0,heavy,3103,0,9.249,
10313.3,heavy,3101,0,9.910,
10316.7,heavy,3101,0,7.849,
10320.0,heavy,3102,0,1.897,ECONNREFUSED
10323.3,heavy,3103,0,3.584,
10326.7,heavy,3101,0,4.118,
10330.0,heavy,3102,0,1.916,ECONNREFUSED
10333.3,heavy,3103,0,4.017,
10336.7,heavy,3101,0,3.522,
10340.0,heavy,3102,0,2.415,ECONNREFUSED
10343.3,heavy,3103,0,3.919,
10346.7,heavy,3101,0,4.433,
10350.0,heavy,3102,0,2.425,ECONNREFUSED
10353.3,heavy,3103,0,4.059,
10356.7,heavy,3101,0,4.456,
10360.0,heavy,3102,0,2.257,ECONNREFUSED
10363.3,heavy,3103,0,5.190,
10366.7,heavy,3101,0,4.724,
10370.0,heavy,3102,0,2.497,ECONNREFUSED
10373.3,heavy,3103,0,3.649,
10376.7,heavy,3101,0,3.899,
10380.0,heavy,3102,0,2.622,ECONNREFUSED
10383.3,heavy,3103,0,4.793,
10386.7,heavy,3101,0,4.901,
10390.0,heavy,3102,0,2.451,ECONNREFUSED
10393.3,heavy,3103,0,4.445,
10396.7,heavy,3101,0,4.873,
10400.0,light-5,3101,1,3.478,
10400.0,light-3,3102,0,4.758,ECONNREFUSED
10400.0,light-2,3101,1,5.569,
10400.0,light-1,3103,1,5.927,
10400.0,light-4,3103,0,8.589,
10400.0,heavy,3102,0,4.512,ECONNREFUSED
10403.3,heavy,3102,0,5.385,ECONNREFUSED
10406.7,heavy,3103,0,6.678,
10410.0,heavy,3101,0,4.104,
10413.3,heavy,3102,0,2.126,ECONNREFUSED
10416.7,heavy,3103,0,4.642,
10420.0,heavy,3101,0,5.226,
10423.3,heavy,3102,0,3.004,ECONNREFUSED
10426.7,heavy,3103,0,4.983,
10430.0,heavy,3101,0,5.406,
10433.3,heavy,3102,0,3.338,ECONNREFUSED
10436.7,heavy,3103,0,4.809,
10440.0,heavy,3101,0,7.830,
10443.3,heavy,3102,0,2.773,ECONNREFUSED
10446.7,heavy,3103,0,4.748,
10450.0,heavy,3101,0,5.451,
10453.3,heavy,3102,0,3.397,ECONNREFUSED
10456.7,heavy,3103,0,5.467,
10460.0,heavy,3101,0,5.667,
10463.3,heavy,3102,0,2.368,ECONNREFUSED
10466.7,heavy,3103,0,4.678,
10470.0,heavy,3101,0,4.604,
10473.3,heavy,3102,0,2.234,ECONNREFUSED
10476.7,heavy,3103,0,4.232,
10480.0,heavy,3101,0,4.177,
10483.3,heavy,3102,0,2.760,ECONNREFUSED
10486.7,heavy,3103,0,4.644,
10490.0,heavy,3101,0,4.943,
10493.3,heavy,3102,0,2.274,ECONNREFUSED
10496.7,heavy,3103,0,4.114,
10500.0,light-2,3103,1,1.508,
10500.0,light-4,3102,0,2.815,ECONNREFUSED
10500.0,light-1,3102,0,3.927,ECONNREFUSED
10500.0,light-5,3103,1,4.067,
10500.0,light-3,3101,1,5.107,
10500.0,heavy,3101,0,7.037,
10503.3,heavy,3101,0,6.017,
10506.7,heavy,3102,0,2.241,ECONNREFUSED
10510.0,heavy,3103,0,5.575,
10513.3,heavy,3101,0,5.485,
10516.7,heavy,3102,0,2.189,ECONNREFUSED
10520.0,heavy,3103,0,5.645,
10523.3,heavy,3101,0,5.722,
10526.7,heavy,3102,0,1.702,ECONNREFUSED
10530.0,heavy,3103,0,4.097,
10533.3,heavy,3101,0,4.064,
10536.7,heavy,3102,0,2.496,ECONNREFUSED
10540.0,heavy,3103,0,4.165,
10543.3,heavy,3101,0,4.618,
10546.7,heavy,3102,0,2.876,ECONNREFUSED
10550.0,heavy,3103,0,3.872,
10553.3,heavy,3101,0,4.694,
10556.7,heavy,3102,0,2.798,ECONNREFUSED
10560.0,heavy,3103,0,4.370,
10563.3,heavy,3101,0,4.465,
10566.7,heavy,3102,0,2.464,ECONNREFUSED
10570.0,heavy,3103,0,4.084,
10573.3,heavy,3101,0,3.844,
10576.7,heavy,3102,0,3.023,ECONNREFUSED
10580.0,heavy,3103,0,4.342,
10583.3,heavy,3101,0,4.376,
10586.7,heavy,3102,0,2.203,ECONNREFUSED
10590.0,heavy,3103,0,9.120,
10593.3,heavy,3101,0,9.131,
10596.7,heavy,3102,0,5.358,ECONNREFUSED
10600.0,light-1,3101,1,3.896,
10600.0,light-3,3103,1,4.520,
10600.0,light-2,3102,0,5.566,ECONNREFUSED
10600.0,light-5,3102,0,5.664,ECONNREFUSED
10600.0,light-4,3101,0,7.233,
10600.0,heavy,3103,0,6.637,
10603.3,heavy,3103,0,6.616,
10606.7,heavy,3101,0,6.723,
10610.0,heavy,3102,0,2.927,ECONNREFUSED
10613.3,heavy,3103,0,4.165,
10616.7,heavy,3101,0,4.929,
10620.0,heavy,3102,0,2.894,ECONNREFUSED
10623.3,heavy,3103,0,4.560,
10626.7,heavy,3101,0,3.909,
10630.0,heavy,3102,0,3.049,ECONNREFUSED
10633.3,heavy,3103,0,4.026,
10636.7,heavy,3101,0,4.368,
10640.0,heavy,3102,0,2.521,ECONNREFUSED
10643.3,heavy,3103,0,4.635,
10646.7,heavy,3101,0,5.003,
10650.0,heavy,3102,0,2.514,ECONNREFUSED
10653.3,heavy,3103,0,4.923,
10656.7,heavy,3101,0,14.624,
10660.0,heavy,3102,0,2.864,ECONNREFUSED
10663.3,heavy,3103,0,3.941,
10666.7,heavy,3101,0,9.422,
10670.0,heavy,3102,0,3.158,ECONNREFUSED
10673.3,heavy,3103,0,4.536,
10676.7,heavy,3101,0,4.854,
10680.0,heavy,3102,0,2.605,ECONNREFUSED
10683.3,heavy,3103,0,4.649,
10686.7,heavy,3101,0,5.556,
10690.0,heavy,3102,0,3.346,ECONNREFUSED
10693.3,heavy,3103,0,6.518,
10696.7,heavy,3101,0,6.736,
10700.0,light-5,3101,1,4.114,
10700.0,light-3,3102,0,4.571,ECONNREFUSED
10700.0,light-2,3101,1,5.524,
10700.0,light-1,3103,1,5.734,
10700.0,light-4,3103,0,6.598,
10700.0,heavy,3102,0,4.399,ECONNREFUSED
10703.3,heavy,3102,0,3.915,ECONNREFUSED
10706.7,heavy,3103,0,5.164,
10710.0,heavy,3101,0,4.416,
10713.3,heavy,3102,0,2.580,ECONNREFUSED
10716.7,heavy,3103,0,4.409,
10720.0,heavy,3101,0,4.491,
10723.3,heavy,3102,0,2.351,ECONNREFUSED
10726.7,heavy,3103,0,3.144,
10730.0,heavy,3101,0,4.689,
10733.3,heavy,3102,0,2.795,ECONNREFUSED
10736.7,heavy,3103,0,4.977,
10740.0,heavy,3101,0,4.784,
10743.3,heavy,3102,0,2.542,ECONNREFUSED
10746.7,heavy,3103,0,4.274,
10750.0,heavy,3101,0,3.809,
10753.3,heavy,3102,0,3.284,ECONNREFUSED
10756.7,heavy,3103,0,4.613,
10760.0,heavy,3101,0,3.891,
10763.3,heavy,3102,0,2.636,ECONNREFUSED
10766.7,heavy,3103,0,3.754,
10770.0,heavy,3101,0,4.378,
10773.3,heavy,3102,0,2.889,ECONNREFUSED
10776.7,heavy,3103,0,4.844,
10780.0,heavy,3101,0,5.299,
10783.3,heavy,3102,0,2.248,ECONNREFUSED
10786.7,heavy,3103,0,5.632,
10790.0,heavy,3101,0,6.197,
10793.3,heavy,3102,0,3.569,ECONNREFUSED
10796.7,heavy,3103,0,4.340,
10800.0,light-2,3103,1,2.349,
10800.0,light-1,3102,0,4.068,ECONNREFUSED
10800.0,light-4,3102,0,3.834,ECONNREFUSED
10800.0,light-5,3103,1,5.464,
10800.0,light-3,3101,1,6.334,
10800.0,heavy,3101,0,9.278,
10803.3,heavy,3101,0,7.991,
10806.7,heavy,3102,0,2.183,ECONNREFUSED
10810.0,heavy,3103,0,4.433,
10813.3,heavy,3101,0,3.531,
10816.7,heavy,3102,0,2.586,ECONNREFUSED
10820.0,heavy,3103,0,3.728,
10823.3,heavy,3101,0,4.031,
10826.7,heavy,3102,0,2.006,ECONNREFUSED
10830.0,heavy,3103,0,4.899,
10833.3,heavy,3101,0,4.058,
10836.7,heavy,3102,0,2.408,ECONNREFUSED
10840.0,heavy,3103,0,4.222,
10843.3,heavy,3101,0,4.118,
10846.7,heavy,3102,0,2.746,ECONNREFUSED
10850.0,heavy,3103,0,4.095,
10853.3,heavy,3101,0,3.708,
10856.7,heavy,3102,0,3.139,ECONNREFUSED
10860.0,heavy,3103,0,3.616,
10863.3,heavy,3101,0,4.131,
10866.7,heavy,3102,0,1.845,ECONNREFUSED
10870.0,heavy,3103,0,5.792,
10873.3,heavy,3101,0,4.851,
10876.7,heavy,3102,0,2.858,ECONNREFUSED
10880.0,heavy,3103,0,6.501,
10883.3,heavy,3101,0,5.218,
10886.7,heavy,3102,0,2.388,ECONNREFUSED
10890.0,heavy,3103,0,3.812,
10893.3,heavy,3101,0,4.208,
10896.7,heavy,3102,0,4.549,ECONNREFUSED
10900.0,light-1,3101,1,2.657,
10900.0,light-3,3103,1,3.789,
10900.0,light-2,3102,0,4.187,ECONNREFUSED
10900.0,light-5,3102,0,4.027,ECONNREFUSED
10900.0,light-4,3101,0,4.836,
10900.0,heavy,3103,0,4.745,
10903.3,heavy,3103,0,3.781,
10906.7,heavy,3101,0,4.073,
10910.0,heavy,3102,0,2.260,ECONNREFUSED
10913.3,heavy,3103,0,3.805,
10916.7,heavy,3101,0,3.654,
10920.0,heavy,3102,0,2.901,ECONNREFUSED
10923.3,heavy,3103,0,4.376,
10926.7,heavy,3101,0,4.101,
10930.0,heavy,3102,0,2.306,ECONNREFUSED
10933.3,heavy,3103,0,4.105,
10936.7,heavy,3101,0,3.716,
10940.0,heavy,3102,0,2.688,ECONNREFUSED
10943.3,heavy,3103,0,4.238,
10946.7,heavy,3101,0,6.978,
10950.0,heavy,3102,0,2.357,ECONNREFUSED
10953.3,heavy,3103,0,4.807,
10956.7,heavy,3101,0,4.914,
10960.0,heavy,3102,0,2.608,ECONNREFUSED
10963.3,heavy,3103,0,5.184,
10966.7,heavy,3101,0,4.705,
10970.0,heavy,3102,0,2.036,ECONNREFUSED
10973.3,heavy,3103,0,5.499,
10976.7,heavy,3101,0,5.296,
10980.0,heavy,3102,0,2.888,ECONNREFUSED
10983.3,heavy,3103,0,4.171,
10986.7,heavy,3101,0,4.465,
10990.0,heavy,3102,0,2.609,ECONNREFUSED
10993.3,heavy,3103,0,4.551,
10996.7,heavy,3101,0,4.437,
11000.0,light-5,3101,1,3.364,
11000.0,light-3,3102,0,3.992,ECONNREFUSED
11000.0,light-2,3101,1,5.398,
11000.0,light-1,3103,1,6.392,
11000.0,light-4,3103,0,9.281,
11000.0,heavy,3102,0,4.248,ECONNREFUSED
11003.3,heavy,3102,0,4.705,ECONNREFUSED
11006.7,heavy,3103,0,6.579,
11010.0,heavy,3101,0,4.132,
11013.3,heavy,3102,0,2.150,ECONNREFUSED
11016.7,heavy,3103,0,5.231,
11020.0,heavy,3101,0,4.165,
11023.3,heavy,3102,0,2.497,ECONNREFUSED
11026.7,heavy,3103,0,4.041,
11030.0,heavy,3101,0,3.414,
11033.3,heavy,3102,0,2.754,ECONNREFUSED
11036.7,heavy,3103,0,12.868,
11040.0,heavy,3101,0,4.980,
11043.3,heavy,3102,0,2.306,ECONNREFUSED
11046.7,heavy,3103,0,3.713,
11050.0,heavy,3101,0,5.202,
11053.3,heavy,3102,0,2.283,ECONNREFUSED
11056.7,heavy,3103,0,5.588,
11060.0,heavy,3101,0,5.394,
11063.3,heavy,3102,0,3.151,ECONNREFUSED
11066.7,heavy,3103,0,7.071,
11070.0,heavy,3101,0,5.398,
11073.3,heavy,3102,0,3.144,ECONNREFUSED
11076.7,heavy,3103,0,4.066,
11080.0,heavy,3101,0,3.843,
11083.3,heavy,3102,0,2.210,ECONNREFUSED
11086.7,heavy,3103,0,9.301,
11090.0,heavy,3101,0,8.821,
11093.3,heavy,3102,0,5.652,ECONNREFUSED
11096.7,heavy,3103,0,7.623,
11100.0,light-2,3103,1,2.644,
11100.0,light-1,3102,0,4.237,ECONNREFUSED
11100.0,light-4,3102,0,4.332,ECONNREFUSED
11100.0,light-5,3103,1,4.751,
11100.0,light-3,3101,1,6.713,
11100.0,heavy,3101,0,8.255,
11103.3,heavy,3101,0,6.285,
11106.7,heavy,3102,0,2.413,ECONNREFUSED
11110.0,heavy,3103,0,3.760,
11113.3,heavy,3101,0,4.341,
11116.7,heavy,3102,0,2.568,ECONNREFUSED
11120.0,heavy,3103,0,4.035,
11123.3,heavy,3101,0,4.193,
11126.7,heavy,3102,0,2.777,ECONNREFUSED
11130.0,heavy,3103,0,4.366,
11133.3,heavy,3101,0,5.374,
11136.7,heavy,3102,0,2.933,ECONNREFUSED
11140.0,heavy,3103,0,4.863,
11143.3,heavy,3101,0,4.866,
11146.7,heavy,3102,0,2.659,ECONNREFUSED
11150.0,heavy,3103,0,4.458,
11153.3,heavy,3101,0,6.413,
11156.7,heavy,3102,0,3.099,ECONNREFUSED
11160.0,heavy,3103,0,5.557,
11163.3,heavy,3101,0,5.122,
11166.7,heavy,3102,0,2.451,ECONNREFUSED
11170.0,heavy,3103,0,4.584,
11173.3,heavy,3101,0,3.769,
11176.7,heavy,3102,0,1.601,ECONNREFUSED
11180.0,heavy,3103,0,5.184,
11183.3,heavy,3101,0,4.358,
11186.7,heavy,3102,0,2.381,ECONNREFUSED
11190.0,heavy,3103,0,5.784,
11193.3,heavy,3101,0,4.488,
11196.7,heavy,3102,0,2.379,ECONNREFUSED
11200.0,light-3,3102,0,3.451,ECONNREFUSED
11200.0,light-5,3101,1,3.768,
11200.0,light-1,3103,1,5.660,
11200.0,light-2,3101,1,5.774,
11200.0,light-4,3103,0,10.625,
11200.0,heavy,3103,0,9.761,
11203.3,heavy,3101,0,5.600,
11206.7,heavy,3102,0,3.682,ECONNREFUSED
11210.0,heavy,3102,0,3.162,ECONNREFUSED
11213.3,heavy,3103,0,8.187,
11216.7,heavy,3101,0,4.638,
11220.0,heavy,3102,0,2.922,ECONNREFUSED
11223.3,heavy,3103,0,5.291,
11226.7,heavy,3101,0,4.375,
11230.0,heavy,3102,0,3.108,ECONNREFUSED
11233.3,heavy,3103,0,5.007,
11236.7,heavy,3101,0,5.065,
11240.0,heavy,3102,0,3.098,ECONNREFUSED
11243.3,heavy,3103,0,5.993,
11246.7,heavy,3101,0,5.514,
11250.0,heavy,3102,0,2.782,ECONNREFUSED
11253.3,heavy,3103,0,3.436,
11256.7,heavy,3101,0,4.447,
11260.0,heavy,3102,0,3.505,ECONNREFUSED
11263.3,heavy,3103,0,5.981,
11266.7,heavy,3101,0,3.858,
11270.0,heavy,3102,0,2.089,ECONNREFUSED
11273.3,heavy,3103,0,4.303,
11276.7,heavy,3101,0,4.398,
11280.0,heavy,3102,0,2.852,ECONNREFUSED
11283.3,heavy,3103,0,5.213,
11286.7,heavy,3101,0,4.619,
11290.0,heavy,3102,0,4.343,ECONNREFUSED
11293.3,heavy,3103,0,5.695,
11296.7,heavy,3101,0,5.464,
11300.0,light-5,3101,1,3.127,
11300.0,light-3,3102,0,4.281,ECONNREFUSED
11300.0,light-1,3103,1,4.705,
11300.0,light-2,3101,1,4.849,
11300.0,light-4,3103,0,5.965,
11300.0,heavy,3102,0,4.601,ECONNREFUSED
11303.3,heavy,3102,0,4.289,ECONNREFUSED
11306.7,heavy,3103,0,6.479,
11310.0,heavy,3101,0,4.283,
11313.3,heavy,3102,0,2.373,ECONNREFUSED
11316.7,heavy,3103,0,4.211,
11320.0,heavy,3101,0,5.088,
11323.3,heavy,3102,0,5.457,ECONNREFUSED
11326.7,heavy,3103,0,6.656,
11330.0,heavy,3101,0,5.432,
11333.3,heavy,3102,0,2.773,ECONNREFUSED
11336.7,heavy,3103,0,4.318,
11340.0,heavy,3101,0,6.697,
11343.3,heavy,3102,0,2.694,ECONNREFUSED
11346.7,heavy,3103,0,4.992,
11350.0,heavy,3101,0,4.664,
11353.3,heavy,3102,0,3.307,ECONNREFUSED
11356.7,heavy,3103,0,7.809,
11360.0,heavy,3101,0,4.279,
11363.3,heavy,3102,0,1.969,ECONNREFUSED
11366.7,heavy,3103,0,5.763,
11370.0,heavy,3101,0,7.024,
11373.3,heavy,3102,0,2.855,ECONNREFUSED
11376.7,heavy,3103,0,5.419,
11380.0,heavy,3101,0,4.505,
11383.3,heavy,3102,0,2.659,ECONNREFUSED
11386.7,heavy,3103,0,4.373,
11390.0,heavy,3101,0,6.726,
11393.3,heavy,3102,0,2.181,ECONNREFUSED
11396.7,heavy,3103,0,3.817,
11400.0,light-2,3103,1,1.754,
11400.0,light-5,3103,1,4.532,
11400.0,light-3,3101,1,5.882,
11400.0,light-1,3102,0,6.950,ECONNREFUSED
11400.0,light-4,3102,0,6.779,ECONNREFUSED
11400.0,heavy,3101,0,12.661,
11403.3,heavy,3101,0,9.675,
11406.7,heavy,3102,0,3.506,ECONNREFUSED
11410.0,heavy,3103,0,6.062,
11413.3,heavy,3101,0,4.141,
11416.7,heavy,3102,0,2.640,ECONNREFUSED
11420.0,heavy,3103,0,4.730,
11423.3,heavy,3101,0,6.672,
11426.7,heavy,3102,0,4.480,ECONNREFUSED
11430.0,heavy,3103,0,3.904,
11433.3,heavy,3101,0,4.872,
11436.7,heavy,3102,0,2.364,ECONNREFUSED
11440.0,heavy,3103,0,12.675,
11443.3,heavy,3101,0,8.323,
11446.7,heavy,3102,0,3.362,ECONNREFUSED
11450.0,heavy,3103,0,12.572,
11453.3,heavy,3101,0,13.350,
11456.7,heavy,3102,0,2.641,ECONNREFUSED
11460.0,heavy,3103,0,10.104,
11463.3,heavy,3101,1,5.296,
11466.7,heavy,3102,0,3.316,ECONNREFUSED
11470.0,heavy,3103,1,2.190,
11473.3,heavy,3101,1,4.021,
11476.7,heavy,3102,0,3.010,ECONNREFUSED
11480.0,heavy,3103,1,1.326,
11483.3,heavy,3101,1,7.224,
11486.7,heavy,3102,0,2.638,ECONNREFUSED
11490.0,heavy,3103,1,1.671,
11493.3,heavy,3101,1,5.528,
11496.7,heavy,3102,0,5.161,ECONNREFUSED
11500.0,light-1,3101,1,3.042,
11500.0,light-3,3103,1,3.193,
11500.0,light-4,3101,1,4.726,
11500.0,light-2,3102,0,5.317,ECONNREFUSED
11500.0,light-5,3102,0,5.105,ECONNREFUSED
11500.0,heavy,3103,1,3.055,
11503.3,heavy,3103,1,2.648,
11506.7,heavy,3101,1,3.786,
11510.0,heavy,3102,0,5.434,ECONNREFUSED
11513.3,heavy,3103,1,1.669,
11516.7,heavy,3101,1,6.674,
11520.0,heavy,3102,0,5.426,ECONNREFUSED
11523.3,heavy,3103,1,3.360,
11526.7,heavy,3101,1,6.617,
11530.0,heavy,3102,0,6.290,ECONNREFUSED
11533.3,heavy,3103,1,3.158,
11536.7,heavy,3101,1,3.889,
11540.0,heavy,3102,0,6.089,ECONNREFUSED
11543.3,heavy,3103,1,2.004,
11546.7,heavy,3101,1,3.768,
11550.0,heavy,3102,0,3.977,ECONNREFUSED
11553.3,heavy,3103,1,1.874,
11556.7,heavy,3101,1,6.743,
11560.0,heavy,3102,0,4.503,ECONNREFUSED
11563.3,heavy,3103,1,3.026,
11566.7,heavy,3101,1,4.446,
11570.0,heavy,3102,0,10.119,ECONNREFUSED
11573.3,heavy,3103,1,4.051,
11576.7,heavy,3101,1,6.405,
11580.0,heavy,3102,0,8.306,ECONNREFUSED
11583.3,heavy,3103,1,3.147,
11586.7,heavy,3101,1,3.196,
11590.0,heavy,3102,0,6.263,ECONNREFUSED
11593.3,heavy,3103,1,3.837,
11596.7,heavy,3101,1,3.085,
11600.0,light-4,3103,1,2.436,
11600.0,light-5,3101,1,3.386,
11600.0,light-1,3103,1,4.919,
11600.0,light-2,3101,1,5.065,
11600.0,light-3,3102,0,6.974,ECONNREFUSED
11600.0,heavy,3102,0,6.345,ECONNREFUSED
11603.3,heavy,3102,0,4.797,ECONNREFUSED
11606.7,heavy,3103,1,1.263,
11610.0,heavy,3101,1,11.895,
11613.3,heavy,3102,0,12.887,ECONNREFUSED
11616.7,heavy,3103,1,3.944,
11620.0,heavy,3101,1,12.808,
11623.3,heavy,3102,0,11.384,ECONNREFUSED
11626.7,heavy,3103,1,3.508,
11630.0,heavy,3101,1,4.856,
11633.3,heavy,3102,0,4.537,ECONNREFUSED
11636.7,heavy,3103,1,1.654,
11640.0,heavy,3101,1,17.897,
11643.3,heavy,3102,0,8.002,ECONNREFUSED
11646.7,heavy,3103,1,4.521,
11650.0,heavy,3101,1,19.312,
11653.3,heavy,3102,0,7.786,ECONNREFUSED
11656.7,heavy,3103,1,6.126,
11660.0,heavy,3101,1,27.698,
11663.3,heavy,3102,0,2.373,ECONNREFUSED
11666.7,heavy,3103,1,1.042,
11670.0,heavy,3101,1,18.408,
11673.3,heavy,3102,0,4.856,ECONNREFUSED
11676.7,heavy,3103,1,2.822,
11680.0,heavy,3101,1,6.612,
11683.3,heavy,3102,0,3.212,ECONNREFUSED
11686.7,heavy,3103,1,0.966,
11690.0,heavy,3101,1,3.919,
11693.3,heavy,3102,0,3.755,ECONNREFUSED
11696.7,heavy,3103,1,1.361,
11700.0,light-2,3103,1,2.732,
11700.0,light-1,3102,0,3.255,ECONNREFUSED
11700.0,light-4,3102,0,3.051,ECONNREFUSED
11700.0,light-5,3103,1,5.159,
11700.0,light-3,3101,1,6.421,
11700.0,heavy,3101,1,5.506,
11703.3,heavy,3101,1,6.426,
11706.7,heavy,3102,0,7.970,ECONNREFUSED
11710.0,heavy,3103,1,3.205,
11713.3,heavy,3101,1,2.285,
11716.7,heavy,3102,0,2.388,ECONNREFUSED
11720.0,heavy,3103,1,1.044,
11723.3,heavy,3101,1,4.958,
11726.7,heavy,3102,0,3.880,ECONNREFUSED
11730.0,heavy,3103,1,1.398,
11733.3,heavy,3101,1,5.395,
11736.7,heavy,3102,0,2.353,ECONNREFUSED
11740.0,heavy,3103,1,1.328,
11743.3,heavy,3101,1,4.444,
11746.7,heavy,3102,0,5.642,ECONNREFUSED
11750.0,heavy,3103,1,1.546,
11753.3,heavy,3101,1,2.680,
11756.7,heavy,3102,0,2.296,ECONNREFUSED
11760.0,heavy,3103,1,1.209,
11763.3,heavy,3101,1,2.793,
11766.7,heavy,3102,0,1.931,ECONNREFUSED
11770.0,heavy,3103,1,2.008,
11773.3,heavy,3101,1,3.335,
11776.7,heavy,3102,0,2.767,ECONNREFUSED
11780.0,heavy,3103,1,1.388,
11783.3,heavy,3101,1,5.512,
11786.7,heavy,3102,0,10.114,ECONNREFUSED
11790.0,heavy,3103,1,1.667,
11793.3,heavy,3101,1,6.324,
11796.7,heavy,3102,0,2.830,ECONNREFUSED
11800.0,light-1,3101,1,1.995,
11800.0,light-3,3103,1,2.578,
11800.0,light-4,3101,1,4.270,
11800.0,light-2,3102,0,4.720,ECONNREFUSED
11800.0,light-5,3102,0,5.035,ECONNREFUSED
11800.0,heavy,3103,1,2.012,
11803.3,heavy,3103,1,1.917,
11806.7,heavy,3101,1,3.740,
11810.0,heavy,3102,0,3.344,ECONNREFUSED
11813.3,heavy,3103,1,1.021,
11816.7,heavy,3101,1,6.383,
11820.0,heavy,3102,0,7.639,ECONNREFUSED
11823.3,heavy,3103,1,4.600,
11826.7,heavy,3101,1,4.542,
11830.0,heavy,3102,0,4.800,ECONNREFUSED
11833.3,heavy,3103,1,1.313,
11836.7,heavy,3101,1,5.947,
11840.0,heavy,3102,0,2.599,ECONNREFUSED
11843.3,heavy,3103,1,3.575,
11846.7,heavy,3101,1,2.797,
11850.0,heavy,3102,0,4.818,ECONNREFUSED
11853.3,heavy,3103,1,1.777,
11856.7,heavy,3101,1,6.606,
11860.0,heavy,3102,0,7.817,ECONNREFUSED
11863.3,heavy,3103,1,0.998,
11866.7,heavy,3101,1,3.171,
11870.0,heavy,3102,0,5.311,ECONNREFUSED
11873.3,heavy,3103,1,1.169,
11876.7,heavy,3101,1,10.176,
11880.0,heavy,3102,0,10.342,ECONNREFUSED
11883.3,heavy,3103,1,1.317,
11886.7,heavy,3101,1,12.389,
11890.0,heavy,3102,0,11.969,ECONNREFUSED
11893.3,heavy,3103,1,3.375,
11896.7,heavy,3101,1,6.508,
11900.0,light-5,3101,1,3.926,
11900.0,light-4,3103,1,4.135,
11900.0,light-2,3101,1,5.083,
11900.0,light-1,3103,1,6.141,
11900.0,light-3,3102,0,8.090,ECONNREFUSED
11900.0,heavy,3102,0,8.125,ECONNREFUSED
11903.3,heavy,3102,0,8.183,ECONNREFUSED
11906.7,heavy,3103,1,4.988,
11910.0,heavy,3101,1,4.017,
11913.3,heavy,3102,0,2.212,ECONNREFUSED
11916.7,heavy,3103,1,2.497,
11920.0,heavy,3101,1,6.043,
11923.3,heavy,3102,0,14.132,ECONNREFUSED
11926.7,heavy,3103,1,2.109,
11930.0,heavy,3101,1,6.712,
11933.3,heavy,3102,0,14.118,ECONNREFUSED
11936.7,heavy,3103,1,2.323,
11940.0,heavy,3101,1,8.271,
11943.3,heavy,3102,0,6.484,ECONNREFUSED
11946.7,heavy,3103,1,0.751,
11950.0,heavy,3101,1,3.236,
11953.3,heavy,3102,0,2.790,ECONNREFUSED
11956.7,heavy,3103,1,1.271,
11960.0,heavy,3101,1,6.099,
11963.3,heavy,3102,0,3.010,ECONNREFUSED
11966.7,heavy,3103,1,1.181,
11970.0,heavy,3101,1,6.704,
11973.3,heavy,3102,0,6.721,ECONNREFUSED
11976.7,heavy,3103,1,1.722,
11980.0,heavy,3101,1,2.337,
11983.3,heavy,3102,0,1.972,ECONNREFUSED
11986.7,heavy,3103,1,5.261,
11990.0,heavy,3101,1,9.226,
11993.3,heavy,3102,0,4.659,ECONNREFUSED
11996.7,heavy,3103,1,3.617,
12000.0,light-2,3103,1,2.258,
12000.0,light-5,3103,1,4.251,
12000.0,light-3,3101,1,5.386,
12000.0,light-1,3102,0,9.936,ECONNREFUSED
12000.0,light-4,3102,0,14.866,ECONNREFUSED
12000.0,heavy,3101,1,5.689,
12003.3,heavy,3101,1,5.472,
12006.7,heavy,3102,0,8.810,ECONNREFUSED
12010.0,heavy,3103,1,2.056,
12013.3,heavy,3101,1,3.508,
12016.7,heavy,3102,0,1.909,ECONNREFUSED
12020.0,heavy,3103,1,1.884,
12023.3,heavy,3101,1,6.330,
12026.7,heavy,3102,0,4.953,ECONNREFUSED
12030.0,heavy,3103,1,1.423,
12033.3,heavy,3101,1,11.532,
12036.7,heavy,3102,0,16.120,ECONNREFUSED
12040.0,heavy,3103,1,8.071,
12043.3,heavy,3101,1,7.861,
12046.7,heavy,3102,0,15.688,ECONNREFUSED
12050.0,heavy,3103,1,5.673,
12053.3,heavy,3101,1,8.599,
12056.7,heavy,3102,0,10.427,ECONNREFUSED
12060.0,heavy,3103,1,3.580,
12063.3,heavy,3101,1,4.239,
12066.7,heavy,3102,0,4.154,ECONNREFUSED
12070.0,heavy,3103,1,1.392,
12073.3,heavy,3101,1,7.892,
12076.7,heavy,3102,0,7.894,ECONNREFUSED
12080.0,heavy,3103,1,3.632,
12083.3,heavy,3101,1,3.940,
12086.7,heavy,3102,0,13.392,ECONNREFUSED
12090.0,heavy,3103,1,10.118,
12093.3,heavy,3101,1,9.628,
12096.7,heavy,3102,0,7.745,ECONNREFUSED
12100.0,light-1,3101,1,3.703,
12100.0,light-3,3103,1,3.636,
12100.0,light-4,3101,1,6.560,
12100.0,light-2,3102,0,7.436,ECONNREFUSED
12100.0,light-5,3102,0,7.287,ECONNREFUSED
12100.0,heavy,3103,1,3.590,
12103.3,heavy,3103,1,2.896,
12106.7,heavy,3101,1,4.593,
12110.0,heavy,3102,0,22.009,ECONNREFUSED
12113.3,heavy,3103,1,10.263,
12116.7,heavy,3101,1,11.450,
12120.0,heavy,3102,0,13.687,ECONNREFUSED
12123.3,heavy,3103,1,2.914,
12126.7,heavy,3101,1,4.296,
12130.0,heavy,3102,0,4.996,ECONNREFUSED
12133.3,heavy,3103,1,1.940,
12136.7,heavy,3101,1,9.854,
12140.0,heavy,3102,0,11.180,ECONNREFUSED
12143.3,heavy,3103,1,2.253,
12146.7,heavy,3101,1,3.815,
12150.0,heavy,3102,0,4.860,ECONNREFUSED
12153.3,heavy,3103,1,1.424,
12156.7,heavy,3101,1,6.649,
12160.0,heavy,3102,0,5.985,ECONNREFUSED
12163.3,heavy,3103,1,3.243,
12166.7,heavy,3101,1,6.997,
12170.0,heavy,3102,0,6.240,ECONNREFUSED
12173.3,heavy,3103,1,2.781,
12176.7,heavy,3101,1,3.308,
12180.0,heavy,3102,0,3.723,ECONNREFUSED
12183.3,heavy,3103,1,1.366,
12186.7,heavy,3101,1,3.809,
12190.0,heavy,3102,0,3.515,ECONNREFUSED
12193.3,heavy,3103,1,1.467,
12196.7,heavy,3101,1,5.707,
12200.0,light-3,3103,1,2.264,
12200.0,light-1,3101,1,4.049,
12200.0,light-5,3102,0,5.431,ECONNREFUSED
12200.0,light-4,3101,1,5.973,
12200.0,light-2,3102,0,8.317,ECONNREFUSED
12200.0,heavy,3102,0,3.632,ECONNREFUSED
12203.3,heavy,3103,1,1.822,
12206.7,heavy,3103,1,1.831,
12210.0,heavy,3101,1,3.122,
12213.3,heavy,3102,0,2.567,ECONNREFUSED
12216.7,heavy,3103,1,1.178,
12220.0,heavy,3101,1,3.235,
12223.3,heavy,3102,0,2.787,ECONNREFUSED
12226.7,heavy,3103,1,1.503,
12230.0,heavy,3101,1,2.858,
12233.3,heavy,3102,0,2.695,ECONNREFUSED
12236.7,heavy,3103,1,1.407,
12240.0,heavy,3101,1,3.818,
12243.3,heavy,3102,0,3.294,ECONNREFUSED
12246.7,heavy,3103,1,1.024,
12250.0,heavy,3101,1,5.106,
12253.3,heavy,3102,0,4.226,ECONNREFUSED
12256.7,heavy,3103,1,2.401,
12260.0,heavy,3101,1,3.339,
12263.3,heavy,3102,0,2.021,ECONNREFUSED
12266.7,heavy,3103,1,1.680,
12270.0,heavy,3101,1,4.776,
12273.3,heavy,3102,0,2.908,ECONNREFUSED
12276.7,heavy,3103,1,1.141,
12280.0,heavy,3101,1,4.829,
12283.3,heavy,3102,0,3.571,ECONNREFUSED
12286.7,heavy,3103,1,2.312,
12290.0,heavy,3101,1,4.181,
12293.3,heavy,3102,0,3.093,ECONNREFUSED
12296.7,heavy,3103,1,1.061,
12300.0,light-4,3103,1,3.260,
12300.0,light-3,3102,0,3.851,ECONNREFUSED
12300.0,light-5,3101,1,4.633,
12300.0,light-1,3103,1,5.668,
12300.0,light-2,3101,1,6.204,
12300.0,heavy,3101,1,6.243,
12303.3,heavy,3102,0,4.028,ECONNREFUSED
12306.7,heavy,3102,0,4.451,ECONNREFUSED
12310.0,heavy,3103,1,1.237,
12313.3,heavy,3101,1,5.279,
12316.7,heavy,3102,0,4.669,ECONNREFUSED
12320.0,heavy,3103,1,1.648,
12323.3,heavy,3101,1,3.967,
12326.7,heavy,3102,0,4.197,ECONNREFUSED
12330.0,heavy,3103,1,2.710,
12333.3,heavy,3101,1,4.930,
12336.7,heavy,3102,0,4.077,ECONNREFUSED
12340.0,heavy,3103,1,1.910,
12343.3,heavy,3101,1,4.357,
12346.7,heavy,3102,0,3.152,ECONNREFUSED
12350.0,heavy,3103,1,1.883,
12353.3,heavy,3101,1,5.626,
12356.7,heavy,3102,0,4.308,ECONNREFUSED
12360.0,heavy,3103,1,2.089,
12363.3,heavy,3101,1,5.431,
12366.7,heavy,3102,0,4.339,ECONNREFUSED
12370.0,heavy,3103,1,2.002,
12373.3,heavy,3101,1,3.873,
12376.7,heavy,3102,0,3.164,ECONNREFUSED
12380.0,heavy,3103,1,1.455,
12383.3,heavy,3101,1,3.677,
12386.7,heavy,3102,0,2.412,ECONNREFUSED
12390.0,heavy,3103,1,1.251,
12393.3,heavy,3101,1,3.382,
12396.7,heavy,3102,0,2.339,ECONNREFUSED
12400.0,light-3,3103,1,3.738,
12400.0,light-1,3101,1,4.816,
12400.0,light-2,3102,0,6.201,ECONNREFUSED
12400.0,light-4,3101,1,6.466,
12400.0,light-5,3102,0,7.212,ECONNREFUSED
12400.0,heavy,3103,1,2.727,
12403.3,heavy,3101,1,6.739,
12406.7,heavy,3102,0,7.276,ECONNREFUSED
12410.0,heavy,3103,1,3.748,
12413.3,heavy,3103,1,3.706,
12416.7,heavy,3101,1,2.813,
12420.0,heavy,3102,0,2.640,ECONNREFUSED
12423.3,heavy,3103,1,1.830,
12426.7,heavy,3101,1,2.757,
12430.0,heavy,3102,0,2.464,ECONNREFUSED
12433.3,heavy,3103,1,2.218,
12436.7,heavy,3101,1,4.277,
12440.0,heavy,3102,0,3.264,ECONNREFUSED
12443.3,heavy,3103,1,1.544,
12446.7,heavy,3101,0,3.202,
12450.0,heavy,3102,0,2.246,ECONNREFUSED
12453.3,heavy,3103,1,1.734,
12456.7,heavy,3101,1,3.387,
12460.0,heavy,3102,0,3.732,ECONNREFUSED
12463.3,heavy,3103,0,1.662,
12466.7,heavy,3101,0,6.465,
12470.0,heavy,3102,0,3.866,ECONNREFUSED
12473.3,heavy,3103,1,1.635,
12476.7,heavy,3101,1,5.107,
12480.0,heavy,3102,0,2.454,ECONNREFUSED
12483.3,heavy,3103,1,1.349,
12486.7,heavy,3101,0,4.291,
12490.0,heavy,3102,0,4.964,ECONNREFUSED
12493.3,heavy,3103,0,2.031,
12496.7,heavy,3101,0,7.894,
12500.0,light-3,3103,1,4.008,
12500.0,light-1,3101,1,5.069,
12500.0,light-2,3102,0,6.880,ECONNREFUSED
12500.0,light-4,3101,1,8.392,
12500.0,light-5,3102,0,8.632,ECONNREFUSED
12500.0,heavy,3102,0,7.172,ECONNREFUSED
12503.3,heavy,3103,1,3.464,
12506.7,heavy,3103,0,4.319,
12510.0,heavy,3101,1,4.002,
12513.3,heavy,3102,0,3.037,ECONNREFUSED
12516.7,heavy,3103,0,0.979,
12520.0,heavy,3101,1,2.758,
12523.3,heavy,3102,0,2.316,ECONNREFUSED
12526.7,heavy,3103,1,2.097,
12530.0,heavy,3101,0,3.318,
12533.3,heavy,3102,0,2.901,ECONNREFUSED
12536.7,heavy,3103,0,1.212,
12540.0,heavy,3101,1,4.843,
12543.3,heavy,3102,0,4.298,ECONNREFUSED
12546.7,heavy,3103,1,2.849,
12550.0,heavy,3101,0,6.037,
12553.3,heavy,3102,0,4.697,ECONNREFUSED
12556.7,heavy,3103,0,2.262,
12560.0,heavy,3101,0,3.540,
12563.3,heavy,3102,0,2.667,ECONNREFUSED
12566.7,heavy,3103,1,1.057,
12570.0,heavy,3101,1,3.254,
12573.3,heavy,3102,0,2.532,ECONNREFUSED
12576.7,heavy,3103,1,2.292,
12580.0,heavy,3101,0,3.049,
12583.3,heavy,3102,0,3.822,ECONNREFUSED
12586.7,heavy,3103,0,0.941,
12590.0,heavy,3101,1,4.575,
12593.3,heavy,3102,0,4.023,ECONNREFUSED
12596.7,heavy,3103,1,1.566,
12600.0,light-2,3103,1,3.409,
12600.0,light-1,3102,0,5.257,ECONNREFUSED
12600.0,light-5,3103,1,5.186,
12600.0,light-4,3102,0,5.702,ECONNREFUSED
12600.0,light-3,3101,1,6.655,
12600.0,heavy,3101,0,5.736,
12603.3,heavy,3101,0,5.380,
12606.7,heavy,3102,0,3.810,ECONNREFUSED
12610.0,heavy,3103,1,1.454,
12613.3,heavy,3101,0,3.566,
12616.7,heavy,3102,0,2.672,ECONNREFUSED
12620.0,heavy,3103,1,2.260,
12623.3,heavy,3101,1,3.138,
12626.7,heavy,3102,0,4.342,ECONNREFUSED
12630.0,heavy,3103,0,0.967,
12633.3,heavy,3101,0,2.967,
12636.7,heavy,3102,0,1.761,ECONNREFUSED
12640.0,heavy,3103,1,1.408,
12643.3,heavy,3101,0,2.908,
12646.7,heavy,3102,0,2.116,ECONNREFUSED
12650.0,heavy,3103,1,2.075,
12653.3,heavy,3101,0,3.134,
12656.7,heavy,3102,0,2.922,ECONNREFUSED
12660.0,heavy,3103,1,2.414,
12663.3,heavy,3101,0,2.643,
12666.7,heavy,3102,0,3.490,ECONNREFUSED
12670.0,heavy,3103,1,1.355,
12673.3,heavy,3101,0,3.260,
12676.7,heavy,3102,0,3.212,ECONNREFUSED
12680.0,heavy,3103,1,1.124,
12683.3,heavy,3101,0,5.264,
12686.7,heavy,3102,0,3.606,ECONNREFUSED
12690.0,heavy,3103,1,2.220,
12693.3,heavy,3101,0,4.070,
12696.7,heavy,3102,0,3.270,ECONNREFUSED
12700.0,light-1,3101,1,3.316,
12700.0,light-3,3103,1,4.273,
12700.0,light-2,3102,0,5.122,ECONNREFUSED
12700.0,light-4,3101,1,6.341,
12700.0,light-5,3102,0,7.186,ECONNREFUSED
12700.0,heavy,3103,1,2.626,
12703.3,heavy,3103,0,3.331,
12706.7,heavy,3101,1,4.739,
12710.0,heavy,3102,0,3.443,ECONNREFUSED
12713.3,heavy,3103,0,1.427,
12716.7,heavy,3101,1,4.042,
12720.0,heavy,3102,0,3.006,ECONNREFUSED
12723.3,heavy,3103,0,2.060,
12726.7,heavy,3101,0,3.771,
12730.0,heavy,3102,0,2.827,ECONNREFUSED
12733.3,heavy,3103,1,1.176,
12736.7,heavy,3101,1,3.031,
12740.0,heavy,3102,0,2.622,ECONNREFUSED
12743.3,heavy,3103,0,0.996,
12746.7,heavy,3101,1,3.286,
12750.0,heavy,3102,0,2.735,ECONNREFUSED
12753.3,heavy,3103,0,1.084,
12756.7,heavy,3101,1,4.377,
12760.0,heavy,3102,0,3.101,ECONNREFUSED
12763.3,heavy,3103,1,1.450,
12766.7,heavy,3101,0,5.217,
12770.0,heavy,3102,0,2.948,ECONNREFUSED
12773.3,heavy,3103,0,1.175,
12776.7,heavy,3101,0,3.333,
12780.0,heavy,3102,0,2.798,ECONNREFUSED
12783.3,heavy,3103,1,1.454,
12786.7,heavy,3101,0,3.053,
12790.0,heavy,3102,0,7.147,ECONNREFUSED
12793.3,heavy,3103,1,1.120,
12796.7,heavy,3101,1,4.303,
12800.0,light-4,3103,1,3.715,
12800.0,light-5,3101,1,3.868,
12800.0,light-3,3102,0,5.046,ECONNREFUSED
12800.0,light-1,3103,1,5.437,
12800.0,light-2,3101,1,6.291,
12800.0,heavy,3102,0,5.606,ECONNREFUSED
12803.3,heavy,3102,0,5.817,ECONNREFUSED
12806.7,heavy,3103,0,1.680,
12810.0,heavy,3101,1,3.408,
12813.3,heavy,3102,0,2.633,ECONNREFUSED
12816.7,heavy,3103,0,1.144,
12820.0,heavy,3101,1,5.377,
12823.3,heavy,3102,0,4.021,ECONNREFUSED
12826.7,heavy,3103,1,2.208,
12830.0,heavy,3101,0,5.831,
12833.3,heavy,3102,0,4.400,ECONNREFUSED
12836.7,heavy,3103,0,1.501,
12840.0,heavy,3101,1,3.999,
12843.3,heavy,3102,0,2.862,ECONNREFUSED
12846.7,heavy,3103,1,1.710,
12850.0,heavy,3101,0,3.216,
12853.3,heavy,3102,0,2.302,ECONNREFUSED
12856.7,heavy,3103,1,1.309,
12860.0,heavy,3101,0,3.784,
12863.3,heavy,3102,0,2.979,ECONNREFUSED
12866.7,heavy,3103,0,1.566,
12870.0,heavy,3101,1,5.369,
12873.3,heavy,3102,0,3.443,ECONNREFUSED
12876.7,heavy,3103,1,2.167,
12880.0,heavy,3101,0,4.927,
12883.3,heavy,3102,0,2.851,ECONNREFUSED
12886.7,heavy,3103,1,1.476,
12890.0,heavy,3101,0,3.565,
12893.3,heavy,3102,0,3.021,ECONNREFUSED
12896.7,heavy,3103,0,1.344,
12900.0,light-3,3103,1,3.190,
12900.0,light-1,3101,1,4.581,
12900.0,light-2,3102,0,5.981,ECONNREFUSED
12900.0,light-5,3102,0,5.874,ECONNREFUSED
12900.0,light-4,3101,1,6.190,
12900.0,heavy,3101,1,6.314,
12903.3,heavy,3102,0,5.805,ECONNREFUSED
12906.7,heavy,3103,1,2.768,
12910.0,heavy,3103,0,2.865,
12913.3,heavy,3101,0,3.094,
12916.7,heavy,3102,0,2.069,ECONNREFUSED
12920.0,heavy,3103,1,1.605,
12923.3,heavy,3101,0,3.322,
12926.7,heavy,3102,0,3.224,ECONNREFUSED
12930.0,heavy,3103,1,1.303,
12933.3,heavy,3101,0,4.098,
12936.7,heavy,3102,0,2.880,ECONNREFUSED
12940.0,heavy,3103,1,1.656,
12943.3,heavy,3101,0,2.807,
12946.7,heavy,3102,0,2.361,ECONNREFUSED
12950.0,heavy,3103,1,1.314,
12953.3,heavy,3101,0,3.380,
12956.7,heavy,3102,0,2.679,ECONNREFUSED
12960.0,heavy,3103,1,0.897,
12963.3,heavy,3101,0,4.600,
12966.7,heavy,3102,0,3.044,ECONNREFUSED
12970.0,heavy,3103,1,1.479,
12973.3,heavy,3101,0,4.012,
12976.7,heavy,3102,0,2.198,ECONNREFUSED
12980.0,heavy,3103,1,1.933,
12983.3,heavy,3101,1,4.193,
12986.7,heavy,3102,0,2.436,ECONNREFUSED
12990.0,heavy,3103,0,1.034,
12993.3,heavy,3101,0,7.030,
12996.7,heavy,3102,0,6.458,ECONNREFUSED
13000.0,light-3,3103,1,3.659,
13000.0,light-1,3101,1,4.572,
13000.0,light-2,3102,0,6.616,ECONNREFUSED
13000.0,light-4,3101,1,6.575,
13000.0,light-5,3102,0,7.097,ECONNREFUSED
13000.0,heavy,3103,1,3.107,
13003.3,heavy,3103,0,3.129,
13006.7,heavy,3101,0,2.935,
13010.0,heavy,3102,0,3.322,ECONNREFUSED
13013.3,heavy,3103,1,1.578,
13016.7,heavy,3101,1,3.416,
13020.0,heavy,3102,0,2.645,ECONNREFUSED
13023.3,heavy,3103,0,1.168,
13026.7,heavy,3101,1,12.785,
13030.0,heavy,3102,0,3.221,ECONNREFUSED
13033.3,heavy,3103,0,1.399,
13036.7,heavy,3101,0,13.168,
13040.0,heavy,3102,0,3.000,ECONNREFUSED
13043.3,heavy,3103,1,1.784,
13046.7,heavy,3101,0,3.244,
13050.0,heavy,3102,0,3.218,ECONNREFUSED
13053.3,heavy,3103,1,1.048,
13056.7,heavy,3101,1,8.696,
13060.0,heavy,3102,0,3.009,ECONNREFUSED
13063.3,heavy,3103,0,1.531,
13066.7,heavy,3101,1,3.568,
13070.0,heavy,3102,0,2.637,ECONNREFUSED
13073.3,heavy,3103,0,1.294,
13076.7,heavy,3101,1,5.570,
13080.0,heavy,3102,0,3.947,ECONNREFUSED
13083.3,heavy,3103,1,2.074,
13086.7,heavy,3101,0,5.209,
13090.0,heavy,3102,0,4.264,ECONNREFUSED
13093.3,heavy,3103,0,1.460,
13096.7,heavy,3101,0,5.950,
13100.0,light-3,3103,1,3.213,
13100.0,light-1,3101,1,4.318,
13100.0,light-2,3102,0,5.359,ECONNREFUSED
13100.0,light-5,3102,0,5.155,ECONNREFUSED
13100.0,light-4,3101,1,5.703,
13100.0,heavy,3102,0,5.551,ECONNREFUSED
13103.3,heavy,3103,1,2.722,
13106.7,heavy,3103,0,2.711,
13110.0,heavy,3101,1,3.007,
13113.3,heavy,3102,0,2.276,ECONNREFUSED
13116.7,heavy,3103,1,1.320,
13120.0,heavy,3101,0,3.074,
13123.3,heavy,3102,0,2.501,ECONNREFUSED
13126.7,heavy,3103,1,2.792,
13130.0,heavy,3101,0,3.612,
13133.3,heavy,3102,0,3.855,ECONNREFUSED
13136.7,heavy,3103,0,1.407,
13140.0,heavy,3101,1,2.817,
13143.3,heavy,3102,0,2.230,ECONNREFUSED
13146.7,heavy,3103,1,1.275,
13150.0,heavy,3101,0,2.783,
13153.3,heavy,3102,0,1.980,ECONNREFUSED
13156.7,heavy,3103,1,1.626,
13160.0,heavy,3101,0,2.974,
13163.3,heavy,3102,0,3.219,ECONNREFUSED
13166.7,heavy,3103,0,1.417,
13170.0,heavy,3101,1,3.184,
13173.3,heavy,3102,0,2.696,ECONNREFUSED
13176.7,heavy,3103,1,2.168,
13180.0,heavy,3101,0,3.887,
13183.3,heavy,3102,0,3.001,ECONNREFUSED
13186.7,heavy,3103,0,1.017,
13190.0,heavy,3101,1,4.654,
13193.3,heavy,3102,0,4.770,ECONNREFUSED
13196.7,heavy,3103,1,2.318,
13200.0,light-2,3103,1,2.404,
13200.0,light-1,3102,0,5.038,ECONNREFUSED
13200.0,light-4,3102,0,4.963,ECONNREFUSED
13200.0,light-5,3103,1,5.368,
13200.0,light-3,3101,1,6.352,
13200.0,heavy,3101,0,6.069,
13203.3,heavy,3101,0,5.183,
13206.7,heavy,3102,0,3.056,ECONNREFUSED
13210.0,heavy,3103,1,1.559,
13213.3,heavy,3101,0,3.124,
13216.7,heavy,3102,0,2.294,ECONNREFUSED
13220.0,heavy,3103,1,2.174,
13223.3,heavy,3101,0,3.326,
13226.7,heavy,3102,0,2.804,ECONNREFUSED
13230.0,heavy,3103,1,1.270,
13233.3,heavy,3101,0,6.137,
13236.7,heavy,3102,0,4.879,ECONNREFUSED
13240.0,heavy,3103,1,2.054,
13243.3,heavy,3101,0,6.106,
13246.7,heavy,3102,0,5.099,ECONNREFUSED
13250.0,heavy,3103,1,1.700,
13253.3,heavy,3101,0,3.856,
13256.7,heavy,3102,0,3.142,ECONNREFUSED
13260.0,heavy,3103,1,1.480,
13263.3,heavy,3101,0,3.354,
13266.7,heavy,3102,0,2.459,ECONNREFUSED
13270.0,heavy,3103,1,1.330,
13273.3,heavy,3101,0,3.211,
13276.7,heavy,3102,0,2.460,ECONNREFUSED
13280.0,heavy,3103,1,1.977,
13283.3,heavy,3101,0,5.415,
13286.7,heavy,3102,0,5.616,ECONNREFUSED
13290.0,heavy,3103,1,3.625,
13293.3,heavy,3101,0,4.518,
13296.7,heavy,3102,0,3.521,ECONNREFUSED
13300.0,light-1,3101,1,2.684,
13300.0,light-3,3103,1,3.783,
13300.0,light-5,3102,0,4.824,ECONNREFUSED
13300.0,light-4,3101,1,5.272,
13300.0,light-2,3102,0,7.062,ECONNREFUSED
13300.0,heavy,3103,1,3.008,
13303.3,heavy,3103,0,3.201,
13306.7,heavy,3101,0,3.899,
13310.0,heavy,3102,0,2.837,ECONNREFUSED
13313.3,heavy,3103,1,1.377,
13316.7,heavy,3101,1,5.183,
13320.0,heavy,3102,0,4.124,ECONNREFUSED
13323.3,heavy,3103,0,1.964,
13326.7,heavy,3101,0,3.236,
13330.0,heavy,3102,0,3.008,ECONNREFUSED
13333.3,heavy,3103,1,1.676,
13336.7,heavy,3101,1,3.468,
13340.0,heavy,3102,0,3.984,ECONNREFUSED
13343.3,heavy,3103,0,1.526,
13346.7,heavy,3101,0,4.554,
13350.0,heavy,3102,0,3.677,ECONNREFUSED
13353.3,heavy,3103,1,1.777,
13356.7,heavy,3101,1,4.591,
13360.0,heavy,3102,0,3.797,ECONNREFUSED
13363.3,heavy,3103,0,1.444,
13366.7,heavy,3101,1,4.053,
13370.0,heavy,3102,0,2.908,ECONNREFUSED
13373.3,heavy,3103,0,1.169,
13376.7,heavy,3101,0,5.789,
13380.0,heavy,3102,0,3.812,ECONNREFUSED
13383.3,heavy,3103,1,1.181,
13386.7,heavy,3101,0,4.918,
13390.0,heavy,3102,0,4.161,ECONNREFUSED
13393.3,heavy,3103,1,1.667,
13396.7,heavy,3101,1,7.119,
13400.0,light-4,3103,1,3.545,
13400.0,light-5,3101,1,4.044,
13400.0,light-3,3102,0,5.359,ECONNREFUSED
13400.0,light-1,3103,1,6.341,
13400.0,light-2,3101,1,7.657,
13400.0,heavy,3102,0,4.416,ECONNREFUSED
13403.3,heavy,3102,0,6.221,ECONNREFUSED
13406.7,heavy,3103,0,2.153,
13410.0,heavy,3101,1,3.207,
13413.3,heavy,3102,0,2.385,ECONNREFUSED
13416.7,heavy,3103,0,1.181,
13420.0,heavy,3101,1,6.366,
13423.3,heavy,3102,0,4.498,ECONNREFUSED
13426.7,heavy,3103,1,2.491,
13430.0,heavy,3101,0,5.953,
13433.3,heavy,3102,0,4.955,ECONNREFUSED
13436.7,heavy,3103,0,1.667,
13440.0,heavy,3101,1,4.254,
13443.3,heavy,3102,0,3.154,ECONNREFUSED
13446.7,heavy,3103,0,1.534,
13450.0,heavy,3101,1,7.252,
13453.3,heavy,3102,0,5.085,ECONNREFUSED
13456.7,heavy,3103,1,2.427,
13460.0,heavy,3101,0,7.132,
13463.3,heavy,3102,0,6.846,ECONNREFUSED
13466.7,heavy,3103,0,2.454,
13470.0,heavy,3101,1,3.758,
13473.3,heavy,3102,0,5.040,ECONNREFUSED
13476.7,heavy,3103,1,2.822,
13480.0,heavy,3101,0,3.323,
13483.3,heavy,3102,0,2.962,ECONNREFUSED
13486.7,heavy,3103,1,2.939,
13490.0,heavy,3101,0,8.012,
13493.3,heavy,3102,0,3.584,ECONNREFUSED
13496.7,heavy,3103,1,3.071,
13500.0,light-2,3103,1,2.378,
13500.0,light-4,3102,0,4.802,ECONNREFUSED
13500.0,light-1,3102,0,5.466,ECONNREFUSED
13500.0,light-5,3103,1,5.890,
13500.0,light-3,3101,1,9.717,
13500.0,heavy,3101,0,8.776,
13503.3,heavy,3101,0,7.477,
13506.7,heavy,3102,0,3.126,ECONNREFUSED
13510.0,heavy,3103,1,1.163,
13513.3,heavy,3101,0,3.577,
13516.7,heavy,3102,0,2.830,ECONNREFUSED
13520.0,heavy,3103,1,1.202,
13523.3,heavy,3101,0,4.093,
13526.7,heavy,3102,0,3.396,ECONNREFUSED
13530.0,heavy,3103,1,1.831,
13533.3,heavy,3101,0,2.483,
13536.7,heavy,3102,0,3.184,ECONNREFUSED
13540.0,heavy,3103,1,1.299,
13543.3,heavy,3101,0,3.194,
13546.7,heavy,3102,0,2.292,ECONNREFUSED
13550.0,heavy,3103,1,1.102,
13553.3,heavy,3101,0,3.790,
13556.7,heavy,3102,0,3.078,ECONNREFUSED
13560.0,heavy,3103,1,1.402,
13563.3,heavy,3101,0,3.869,
13566.7,heavy,3102,0,2.354,ECONNREFUSED
13570.0,heavy,3103,1,1.604,
13573.3,heavy,3101,0,3.648,
13576.7,heavy,3102,0,2.580,ECONNREFUSED
13580.0,heavy,3103,1,1.433,
13583.3,heavy,3101,0,5.693,
13586.7,heavy,3102,0,4.115,ECONNREFUSED
13590.0,heavy,3103,1,2.274,
13593.3,heavy,3101,0,4.694,
13596.7,heavy,3102,0,3.721,ECONNREFUSED
13600.0,light-1,3101,1,2.418,
13600.0,light-3,3103,1,3.177,
13600.0,light-2,3102,0,4.206,ECONNREFUSED
13600.0,light-4,3101,1,4.431,
13600.0,light-5,3102,0,4.774,ECONNREFUSED
13600.0,heavy,3103,1,1.838,
13603.3,heavy,3103,0,1.936,
13606.7,heavy,3101,1,4.297,
13610.0,heavy,3102,0,3.307,ECONNREFUSED
13613.3,heavy,3103,0,1.204,
13616.7,heavy,3101,0,6.116,
13620.0,heavy,3102,0,4.185,ECONNREFUSED
13623.3,heavy,3103,1,2.665,
13626.7,heavy,3101,1,5.232,
13630.0,heavy,3102,0,2.997,ECONNREFUSED
13633.3,heavy,3103,0,1.575,
13636.7,heavy,3101,1,5.688,
13640.0,heavy,3102,0,3.825,ECONNREFUSED
13643.3,heavy,3103,1,2.003,
13646.7,heavy,3101,0,5.824,
13650.0,heavy,3102,0,4.369,ECONNREFUSED
13653.3,heavy,3103,0,1.534,
13656.7,heavy,3101,0,3.934,
13660.0,heavy,3102,0,3.198,ECONNREFUSED
13663.3,heavy,3103,1,2.559,
13666.7,heavy,3101,1,4.240,
13670.0,heavy,3102,0,4.154,ECONNREFUSED
13673.3,heavy,3103,0,1.455,
13676.7,heavy,3101,1,3.505,
13680.0,heavy,3102,0,3.312,ECONNREFUSED
13683.3,heavy,3103,0,1.302,
13686.7,heavy,3101,0,4.261,
13690.0,heavy,3102,0,3.382,ECONNREFUSED
13693.3,heavy,3103,1,1.965,
13696.7,heavy,3101,0,3.140,
13700.0,light-4,3103,1,3.442,
13700.0,light-5,3101,1,3.995,
13700.0,light-3,3102,0,4.492,ECONNREFUSED
13700.0,light-2,3101,1,5.097,
13700.0,light-1,3103,1,6.037,
13700.0,heavy,3102,0,4.379,ECONNREFUSED
13703.3,heavy,3102,0,4.310,ECONNREFUSED
13706.7,heavy,3103,1,1.421,
13710.0,heavy,3101,1,7.427,
13713.3,heavy,3102,0,8.419,ECONNREFUSED
13716.7,heavy,3103,1,1.287,
13720.0,heavy,3101,1,7.695,
13723.3,heavy,3102,0,7.397,ECONNREFUSED
13726.7,heavy,3103,0,2.131,
13730.0,heavy,3101,0,4.671,
13733.3,heavy,3102,0,3.234,ECONNREFUSED
13736.7,heavy,3103,0,1.420,
13740.0,heavy,3101,1,3.817,
13743.3,heavy,3102,0,3.138,ECONNREFUSED
13746.7,heavy,3103,0,1.317,
13750.0,heavy,3101,1,4.613,
13753.3,heavy,3102,0,3.832,ECONNREFUSED
13756.7,heavy,3103,0,1.627,
13760.0,heavy,3101,1,4.204,
13763.3,heavy,3102,0,3.365,ECONNREFUSED
13766.7,heavy,3103,1,1.209,
13770.0,heavy,3101,0,4.744,
13773.3,heavy,3102,0,3.784,ECONNREFUSED
13776.7,heavy,3103,0,1.245,
13780.0,heavy,3101,1,4.070,
13783.3,heavy,3102,0,3.231,ECONNREFUSED
13786.7,heavy,3103,1,1.704,
13790.0,heavy,3101,0,3.615,
13793.3,heavy,3102,0,2.237,ECONNREFUSED
13796.7,heavy,3103,1,2.839,
13800.0,light-2,3103,1,3.258,
13800.0,light-4,3102,0,4.662,ECONNREFUSED
13800.0,light-1,3102,0,5.169,ECONNREFUSED
13800.0,light-5,3103,1,5.814,
13800.0,light-3,3101,1,7.171,
13800.0,heavy,3101,0,6.083,
13803.3,heavy,3101,0,6.688,
13806.7,heavy,3102,0,4.941,ECONNREFUSED
13810.0,heavy,3103,1,1.473,
13813.3,heavy,3101,1,3.327,
13816.7,heavy,3102,0,3.351,ECONNREFUSED
13820.0,heavy,3103,0,1.051,
13823.3,heavy,3101,0,3.826,
13826.7,heavy,3102,0,2.482,ECONNREFUSED
13830.0,heavy,3103,1,1.336,
13833.3,heavy,3101,0,4.094,
13836.7,heavy,3102,0,2.206,ECONNREFUSED
13840.0,heavy,3103,1,1.767,
13843.3,heavy,3101,0,3.034,
13846.7,heavy,3102,0,2.613,ECONNREFUSED
13850.0,heavy,3103,1,2.000,
13853.3,heavy,3101,0,6.078,
13856.7,heavy,3102,0,4.016,ECONNREFUSED
13860.0,heavy,3103,1,1.831,
13863.3,heavy,3101,1,5.510,
13866.7,heavy,3102,0,4.962,ECONNREFUSED
13870.0,heavy,3103,0,1.894,
13873.3,heavy,3101,0,3.701,
13876.7,heavy,3102,0,3.130,ECONNREFUSED
13880.0,heavy,3103,1,1.536,
13883.3,heavy,3101,0,2.752,
13886.7,heavy,3102,0,3.399,ECONNREFUSED
13890.0,heavy,3103,1,1.661,
13893.3,heavy,3101,0,4.451,
13896.7,heavy,3102,0,4.743,ECONNREFUSED
13900.0,light-1,3101,1,3.527,
13900.0,light-3,3103,1,3.306,
13900.0,light-4,3101,1,4.958,
13900.0,light-2,3102,0,5.613,ECONNREFUSED
13900.0,light-5,3102,0,5.447,ECONNREFUSED
13900.0,heavy,3103,1,3.499,
13903.3,heavy,3103,0,2.406,
13906.7,heavy,3101,0,3.738,
13910.0,heavy,3102,0,2.708,ECONNREFUSED
13913.3,heavy,3103,1,1.266,
13916.7,heavy,3101,1,4.914,
13920.0,heavy,3102,0,2.949,ECONNREFUSED
13923.3,heavy,3103,1,2.359,
13926.7,heavy,3101,0,5.510,
13930.0,heavy,3102,0,3.098,ECONNREFUSED
13933.3,heavy,3103,0,1.146,
13936.7,heavy,3101,0,3.886,
13940.0,heavy,3102,0,3.249,ECONNREFUSED
13943.3,heavy,3103,1,1.708,
13946.7,heavy,3101,0,2.909,
13950.0,heavy,3102,0,2.769,ECONNREFUSED
13953.3,heavy,3103,1,2.235,
13956.7,heavy,3101,1,3.849,
13960.0,heavy,3102,0,2.882,ECONNREFUSED
13963.3,heavy,3103,0,1.198,
13966.7,heavy,3101,0,4.810,
13970.0,heavy,3102,0,3.999,ECONNREFUSED
13973.3,heavy,3103,1,2.480,
13976.7,heavy,3101,0,4.247,
13980.0,heavy,3102,0,4.454,ECONNREFUSED
13983.3,heavy,3103,1,1.858,
13986.7,heavy,3101,1,5.388,
13990.0,heavy,3102,0,4.472,ECONNREFUSED
13993.3,heavy,3103,0,1.678,
13996.7,heavy,3101,1,12.558,
14000.0,light-1,3101,1,8.430,
14000.0,light-3,3103,1,9.923,
14000.0,light-2,3102,0,11.439,ECONNREFUSED
14000.0,light-4,3101,1,11.504,
14000.0,light-5,3102,0,13.223,ECONNREFUSED
14000.0,heavy,3102,0,11.618,ECONNREFUSED
14003.3,heavy,3103,1,8.331,
14006.7,heavy,3103,0,8.718,
14010.0,heavy,3101,0,5.646,
14013.3,heavy,3102,0,7.392,ECONNREFUSED
14016.7,heavy,3103,1,2.639,
14020.0,heavy,3101,0,3.369,
14023.3,heavy,3102,0,4.526,ECONNREFUSED
14026.7,heavy,3103,0,1.930,
14030.0,heavy,3101,0,4.133,
14033.3,heavy,3102,0,4.282,ECONNREFUSED
14036.7,heavy,3103,1,1.598,
14040.0,heavy,3101,1,3.391,
14043.3,heavy,3102,0,2.327,ECONNREFUSED
14046.7,heavy,3103,1,1.381,
14050.0,heavy,3101,0,3.119,
14053.3,heavy,3102,0,2.388,ECONNREFUSED
14056.7,heavy,3103,0,1.465,
14060.0,heavy,3101,1,4.398,
14063.3,heavy,3102,0,3.445,ECONNREFUSED
14066.7,heavy,3103,1,1.763,
14070.0,heavy,3101,0,3.951,
14073.3,heavy,3102,0,2.917,ECONNREFUSED
14076.7,heavy,3103,0,1.264,
14080.0,heavy,3101,1,3.478,
14083.3,heavy,3102,0,2.937,ECONNREFUSED
14086.7,heavy,3103,0,1.847,
14090.0,heavy,3101,1,4.691,
14093.3,heavy,3102,0,4.115,ECONNREFUSED
14096.7,heavy,3103,1,1.738,
14100.0,light-2,3103,1,1.767,
14100.0,light-1,3102,0,4.757,ECONNREFUSED
14100.0,light-4,3102,0,4.625,ECONNREFUSED
14100.0,light-5,3103,1,5.151,
14100.0,light-3,3101,1,7.358,
14100.0,heavy,3101,0,6.014,
14103.3,heavy,3101,0,5.527,
14106.7,heavy,3102,0,3.822,ECONNREFUSED
14110.0,heavy,3103,1,1.494,
14113.3,heavy,3101,1,5.353,
14116.7,heavy,3102,0,4.322,ECONNREFUSED
14120.0,heavy,3103,1,2.044,
14123.3,heavy,3101,0,5.834,
14126.7,heavy,3102,0,5.079,ECONNREFUSED
14130.0,heavy,3103,0,1.916,
14133.3,heavy,3101,0,2.979,
14136.7,heavy,3102,0,2.646,ECONNREFUSED
14140.0,heavy,3103,1,1.557,
14143.3,heavy,3101,0,3.173,
14146.7,heavy,3102,0,2.978,ECONNREFUSED
14150.0,heavy,3103,1,2.716,
14153.3,heavy,3101,1,4.930,
14156.7,heavy,3102,0,4.608,ECONNREFUSED
14160.0,heavy,3103,0,1.591,
14163.3,heavy,3101,0,3.216,
14166.7,heavy,3102,0,2.405,ECONNREFUSED
14170.0,heavy,3103,1,1.495,
14173.3,heavy,3101,0,3.748,
14176.7,heavy,3102,0,3.293,ECONNREFUSED
14180.0,heavy,3103,1,1.171,
14183.3,heavy,3101,1,3.900,
14186.7,heavy,3102,0,4.053,ECONNREFUSED
14190.0,heavy,3103,0,1.782,
14193.3,heavy,3101,0,3.523,
14196.7,heavy,3102,0,3.082,ECONNREFUSED
14200.0,light-1,3101,1,2.714,
14200.0,light-3,3103,1,4.042,
14200.0,light-2,3102,0,5.272,ECONNREFUSED
14200.0,light-4,3101,1,5.224,
14200.0,light-5,3102,0,6.319,ECONNREFUSED
14200.0,heavy,3103,1,2.664,
14203.3,heavy,3103,0,2.874,
14206.7,heavy,3101,0,3.228,
14210.0,heavy,3102,0,2.206,ECONNREFUSED
14213.3,heavy,3103,1,1.538,
14216.7,heavy,3101,1,3.713,
14220.0,heavy,3102,0,2.733,ECONNREFUSED
14223.3,heavy,3103,0,1.514,
14226.7,heavy,3101,0,4.295,
14230.0,heavy,3102,0,3.526,ECONNREFUSED
14233.3,heavy,3103,1,1.707,
14236.7,heavy,3101,1,3.062,
14240.0,heavy,3102,0,2.472,ECONNREFUSED
14243.3,heavy,3103,1,1.903,
14246.7,heavy,3101,0,2.908,
14250.0,heavy,3102,0,2.447,ECONNREFUSED
14253.3,heavy,3103,0,0.879,
14256.7,heavy,3101,0,3.924,
14260.0,heavy,3102,0,2.965,ECONNREFUSED
14263.3,heavy,3103,1,1.768,
14266.7,heavy,3101,1,3.042,
14270.0,heavy,3102,0,2.237,ECONNREFUSED
14273.3,heavy,3103,0,1.002,
14276.7,heavy,3101,1,3.110,
14280.0,heavy,3102,0,2.262,ECONNREFUSED
14283.3,heavy,3103,0,0.970,
14286.7,heavy,3101,1,7.007,
14290.0,heavy,3102,0,3.876,ECONNREFUSED
14293.3,heavy,3103,1,1.645,
14296.7,heavy,3101,0,9.146,
14300.0,light-4,3103,1,3.884,
14300.0,light-3,3102,0,4.394,ECONNREFUSED
14300.0,light-5,3101,1,5.054,
14300.0,light-1,3103,1,6.829,
14300.0,light-2,3101,1,7.600,
14300.0,heavy,3102,0,5.079,ECONNREFUSED
14303.3,heavy,3102,0,4.960,ECONNREFUSED
14306.7,heavy,3103,0,1.923,
14310.0,heavy,3101,1,3.710,
14313.3,heavy,3102,0,2.549,ECONNREFUSED
14316.7,heavy,3103,1,3.060,
14320.0,heavy,3101,0,4.369,
14323.3,heavy,3102,0,3.648,ECONNREFUSED
14326.7,heavy,3103,1,2.505,
14330.0,heavy,3101,0,3.483,
14333.3,heavy,3102,0,2.577,ECONNREFUSED
14336.7,heavy,3103,0,0.980,
14340.0,heavy,3101,1,4.000,
14343.3,heavy,3102,0,2.520,ECONNREFUSED
14346.7,heavy,3103,1,1.175,
14350.0,heavy,3101,0,3.486,
14353.3,heavy,3102,0,2.787,ECONNREFUSED
14356.7,heavy,3103,1,1.044,
14360.0,heavy,3101,0,2.894,
14363.3,heavy,3102,0,2.555,ECONNREFUSED
14366.7,heavy,3103,1,1.724,
14370.0,heavy,3101,0,3.897,
14373.3,heavy,3102,0,3.544,ECONNREFUSED
14376.7,heavy,3103,1,1.602,
14380.0,heavy,3101,0,4.746,
14383.3,heavy,3102,0,2.526,ECONNREFUSED
14386.7,heavy,3103,1,1.505,
14390.0,heavy,3101,0,6.211,
14393.3,heavy,3102,0,4.121,ECONNREFUSED
14396.7,heavy,3103,0,1.722,
14400.0,light-4,3103,1,3.205,
14400.0,light-5,3101,1,5.055,
14400.0,light-3,3102,0,5.421,ECONNREFUSED
14400.0,light-1,3103,1,5.653,
14400.0,light-2,3101,1,6.211,
14400.0,heavy,3101,1,6.251,
14403.3,heavy,3102,0,4.584,ECONNREFUSED
14406.7,heavy,3102,0,5.181,ECONNREFUSED
14410.0,heavy,3103,1,1.579,
14413.3,heavy,3101,0,3.152,
14416.7,heavy,3102,0,2.469,ECONNREFUSED
14420.0,heavy,3103,1,1.404,
14423.3,heavy,3101,0,3.282,
14426.7,heavy,3102,0,2.352,ECONNREFUSED
14430.0,heavy,3103,1,1.358,
14433.3,heavy,3101,1,3.699,
14436.7,heavy,3102,0,3.126,ECONNREFUSED
14440.0,heavy,3103,0,0.977,
14443.3,heavy,3101,0,3.075,
14446.7,heavy,3102,0,4.567,ECONNREFUSED
14450.0,heavy,3103,1,1.565,
14453.3,heavy,3101,0,3.746,
14456.7,heavy,3102,0,3.026,ECONNREFUSED
14460.0,heavy,3103,1,1.906,
14463.3,heavy,3101,1,3.609,
14466.7,heavy,3102,0,2.961,ECONNREFUSED
14470.0,heavy,3103,0,1.115,
14473.3,heavy,3101,0,5.419,
14476.7,heavy,3102,0,6.549,ECONNREFUSED
14480.0,heavy,3103,1,1.649,
14483.3,heavy,3101,0,4.144,
14486.7,heavy,3102,0,9.748,ECONNREFUSED
14490.0,heavy,3103,1,1.559,
14493.3,heavy,3101,0,3.103,
14496.7,heavy,3102,0,5.445,ECONNREFUSED
14500.0,light-1,3101,1,2.771,
14500.0,light-3,3103,1,3.051,
14500.0,light-4,3101,1,4.757,
14500.0,light-2,3102,0,5.319,ECONNREFUSED
14500.0,light-5,3102,0,5.479,ECONNREFUSED
14500.0,heavy,3103,1,2.721,
14503.3,heavy,3103,0,2.170,
14506.7,heavy,3101,0,4.034,
14510.0,heavy,3102,0,3.208,ECONNREFUSED
14513.3,heavy,3103,1,1.461,
14516.7,heavy,3101,1,5.146,
14520.0,heavy,3102,0,3.466,ECONNREFUSED
14523.3,heavy,3103,0,1.484,
14526.7,heavy,3101,1,3.651,
14530.0,heavy,3102,0,3.158,ECONNREFUSED
14533.3,heavy,3103,0,1.329,
14536.7,heavy,3101,0,3.921,
14540.0,heavy,3102,0,3.378,ECONNREFUSED
14543.3,heavy,3103,1,1.637,
14546.7,heavy,3101,1,3.550,
14550.0,heavy,3102,0,2.570,ECONNREFUSED
14553.3,heavy,3103,0,1.103,
14556.7,heavy,3101,1,2.776,
14560.0,heavy,3102,0,3.156,ECONNREFUSED
14563.3,heavy,3103,0,1.306,
14566.7,heavy,3101,0,3.893,
14570.0,heavy,3102,0,2.863,ECONNREFUSED
14573.3,heavy,3103,1,1.691,
14576.7,heavy,3101,1,3.176,
14580.0,heavy,3102,0,2.820,ECONNREFUSED
14583.3,heavy,3103,1,2.231,
14586.7,heavy,3101,0,3.369,
14590.0,heavy,3102,0,2.845,ECONNREFUSED
14593.3,heavy,3103,0,1.254,
14596.7,heavy,3101,0,7.852,
14600.0,light-3,3103,1,4.022,
14600.0,light-1,3101,1,5.473,
14600.0,light-2,3102,0,6.681,ECONNREFUSED
14600.0,light-4,3101,1,8.159,
14600.0,light-5,3102,0,8.461,ECONNREFUSED
14600.0,heavy,3102,0,7.239,ECONNREFUSED
14603.3,heavy,3103,1,3.299,
14606.7,heavy,3103,1,3.681,
14610.0,heavy,3101,0,5.141,
14613.3,heavy,3102,0,4.700,ECONNREFUSED
14616.7,heavy,3103,1,1.641,
14620.0,heavy,3101,0,4.476,
14623.3,heavy,3102,0,3.604,ECONNREFUSED
14626.7,heavy,3103,0,1.548,
14630.0,heavy,3101,1,5.610,
14633.3,heavy,3102,0,4.727,ECONNREFUSED
14636.7,heavy,3103,1,2.598,
14640.0,heavy,3101,0,3.958,
14643.3,heavy,3102,0,4.286,ECONNREFUSED
14646.7,heavy,3103,0,1.688,
14650.0,heavy,3101,1,3.262,
14653.3,heavy,3102,0,2.397,ECONNREFUSED
14656.7,heavy,3103,1,1.445,
14660.0,heavy,3101,0,3.695,
14663.3,heavy,3102,0,3.063,ECONNREFUSED
14666.7,heavy,3103,1,1.619,
14670.0,heavy,3101,0,3.288,
14673.3,heavy,3102,0,2.326,ECONNREFUSED
14676.7,heavy,3103,0,1.190,
14680.0,heavy,3101,1,3.292,
14683.3,heavy,3102,0,2.111,ECONNREFUSED
14686.7,heavy,3103,0,0.744,
14690.0,heavy,3101,1,4.309,
14693.3,heavy,3102,0,4.232,ECONNREFUSED
14696.7,heavy,3103,1,2.445,
14700.0,light-2,3103,1,1.928,
14700.0,light-4,3102,0,3.307,ECONNREFUSED
14700.0,light-1,3102,0,3.655,ECONNREFUSED
14700.0,light-5,3103,1,4.037,
14700.0,light-3,3101,1,4.214,
14700.0,heavy,3101,0,4.372,
14703.3,heavy,3101,0,3.753,
14706.7,heavy,3102,0,2.119,ECONNREFUSED
14710.0,heavy,3103,1,1.239,
14713.3,heavy,3101,0,2.532,
14716.7,heavy,3102,0,2.063,ECONNREFUSED
14720.0,heavy,3103,1,1.521,
14723.3,heavy,3101,0,3.785,
14726.7,heavy,3102,0,3.481,ECONNREFUSED
14730.0,heavy,3103,1,1.925,
14733.3,heavy,3101,0,3.656,
14736.7,heavy,3102,0,2.226,ECONNREFUSED
14740.0,heavy,3103,1,1.459,
14743.3,heavy,3101,0,3.142,
14746.7,heavy,3102,0,2.947,ECONNREFUSED
14750.0,heavy,3103,1,2.498,
14753.3,heavy,3101,0,4.176,
14756.7,heavy,3102,0,3.559,ECONNREFUSED
14760.0,heavy,3103,1,2.858,
14763.3,heavy,3101,0,4.072,
14766.7,heavy,3102,0,2.368,ECONNREFUSED
14770.0,heavy,3103,1,1.539,
14773.3,heavy,3101,1,3.334,
14776.7,heavy,3102,0,2.471,ECONNREFUSED
14780.0,heavy,3103,0,1.073,
14783.3,heavy,3101,0,4.916,
14786.7,heavy,3102,0,2.730,ECONNREFUSED
14790.0,heavy,3103,1,1.475,
14793.3,heavy,3101,0,5.158,
14796.7,heavy,3102,0,2.760,ECONNREFUSED
14800.0,light-4,3103,1,4.041,
14800.0,light-5,3101,1,4.619,
14800.0,light-3,3102,0,5.893,ECONNREFUSED
14800.0,light-1,3103,1,6.253,
14800.0,light-2,3101,1,7.000,
14800.0,heavy,3103,1,3.532,
14803.3,heavy,3101,1,6.646,
14806.7,heavy,3102,0,5.928,ECONNREFUSED
14810.0,heavy,3102,0,6.413,ECONNREFUSED
14813.3,heavy,3103,0,2.614,
14816.7,heavy,3101,1,3.253,
14820.0,heavy,3102,0,2.343,ECONNREFUSED
14823.3,heavy,3103,0,1.430,
14826.7,heavy,3101,1,5.621,
14830.0,heavy,3102,0,4.354,ECONNREFUSED
14833.3,heavy,3103,1,1.900,
14836.7,heavy,3101,0,5.656,
14840.0,heavy,3102,0,4.562,ECONNREFUSED
14843.3,heavy,3103,0,2.201,
14846.7,heavy,3101,0,4.650,
14850.0,heavy,3102,0,3.460,ECONNREFUSED
14853.3,heavy,3103,1,1.891,
14856.7,heavy,3101,1,3.745,
14860.0,heavy,3102,0,2.342,ECONNREFUSED
14863.3,heavy,3103,0,1.335,
14866.7,heavy,3101,1,3.451,
14870.0,heavy,3102,0,2.614,ECONNREFUSED
14873.3,heavy,3103,0,1.273,
14876.7,heavy,3101,1,4.288,
14880.0,heavy,3102,0,3.059,ECONNREFUSED
14883.3,heavy,3103,1,1.796,
14886.7,heavy,3101,0,4.160,
14890.0,heavy,3102,0,3.340,ECONNREFUSED
14893.3,heavy,3103,0,1.244,
14896.7,heavy,3101,1,7.199,
14900.0,light-4,3103,1,3.630,
14900.0,light-5,3101,1,5.131,
14900.0,light-3,3102,0,5.668,ECONNREFUSED
14900.0,light-1,3103,1,7.018,
14900.0,light-2,3101,1,7.727,
14900.0,heavy,3102,0,4.543,ECONNREFUSED
14903.3,heavy,3102,0,6.491,ECONNREFUSED
14906.7,heavy,3103,1,1.739,
14910.0,heavy,3101,1,3.515,
14913.3,heavy,3102,0,2.788,ECONNREFUSED
14916.7,heavy,3103,0,1.632,
14920.0,heavy,3101,0,4.796,
14923.3,heavy,3102,0,3.304,ECONNREFUSED
14926.7,heavy,3103,1,1.537,
14930.0,heavy,3101,0,4.850,
14933.3,heavy,3102,0,4.180,ECONNREFUSED
14936.7,heavy,3103,0,1.096,
14940.0,heavy,3101,1,3.774,
14943.3,heavy,3102,0,3.290,ECONNREFUSED
14946.7,heavy,3103,1,1.647,
14950.0,heavy,3101,0,3.517,
14953.3,heavy,3102,0,2.330,ECONNREFUSED
14956.7,heavy,3103,0,1.207,
14960.0,heavy,3101,1,3.550,
14963.3,heavy,3102,0,2.385,ECONNREFUSED
14966.7,heavy,3103,0,0.963,
14970.0,heavy,3101,1,4.049,
14973.3,heavy,3102,0,3.272,ECONNREFUSED
14976.7,heavy,3103,1,1.052,
14980.0,heavy,3101,0,3.151,
14983.3,heavy,3102,0,2.787,ECONNREFUSED
14986.7,heavy,3103,0,1.128,
14990.0,heavy,3101,1,4.451,
14993.3,heavy,3102,0,3.685,ECONNREFUSED
14996.7,heavy,3103,0,1.460,
15000.0,light-3,3103,1,3.806,
15000.0,light-1,3101,1,5.304,
15000.0,light-2,3102,0,6.934,ECONNREFUSED
15000.0,light-4,3101,1,8.223,
15000.0,light-5,3102,0,8.568,ECONNREFUSED
15000.0,heavy,3101,1,7.868,
15003.3,heavy,3102,0,7.061,ECONNREFUSED
15006.7,heavy,3103,1,3.003,
15010.0,heavy,3103,0,3.664,
15013.3,heavy,3101,1,5.445,
15016.7,heavy,3102,0,4.084,ECONNREFUSED
15020.0,heavy,3103,0,1.612,
15023.3,heavy,3101,1,5.902,
15026.7,heavy,3102,0,4.171,ECONNREFUSED
15030.0,heavy,3103,0,2.556,
15033.3,heavy,3101,0,3.466,
15036.7,heavy,3102,0,2.379,ECONNREFUSED
15040.0,heavy,3103,1,2.955,
15043.3,heavy,3101,1,5.756,
15046.7,heavy,3102,0,4.354,ECONNREFUSED
15050.0,heavy,3103,1,3.229,
15053.3,heavy,3101,0,5.531,
15056.7,heavy,3102,0,4.791,ECONNREFUSED
15060.0,heavy,3103,0,1.388,
15063.3,heavy,3101,0,3.751,
15066.7,heavy,3102,0,3.733,ECONNREFUSED
15070.0,heavy,3103,1,1.750,
15073.3,heavy,3101,0,3.011,
15076.7,heavy,3102,0,2.167,ECONNREFUSED
15080.0,heavy,3103,1,1.554,
15083.3,heavy,3101,0,4.037,
15086.7,heavy,3102,0,3.227,ECONNREFUSED
15090.0,heavy,3103,1,1.535,
15093.3,heavy,3101,0,6.947,
15096.7,heavy,3102,0,6.259,ECONNREFUSED
15100.0,light-3,3103,1,3.661,
15100.0,light-1,3101,1,4.826,
15100.0,light-5,3102,0,6.311,ECONNREFUSED
15100.0,light-4,3101,1,7.272,
15100.0,light-2,3102,0,7.891,ECONNREFUSED
15100.0,heavy,3103,1,2.986,
15103.3,heavy,3103,0,3.150,
15106.7,heavy,3101,1,3.016,
15110.0,heavy,3102,0,2.946,ECONNREFUSED
15113.3,heavy,3103,0,1.222,
15116.7,heavy,3101,1,4.788,
15120.0,heavy,3102,0,4.068,ECONNREFUSED
15123.3,heavy,3103,1,1.853,
15126.7,heavy,3101,0,4.818,
15130.0,heavy,3102,0,4.650,ECONNREFUSED
15133.3,heavy,3103,0,1.975,
15136.7,heavy,3101,1,3.193,
15140.0,heavy,3102,0,2.050,ECONNREFUSED
15143.3,heavy,3103,0,1.276,
15146.7,heavy,3101,1,2.716,
15150.0,heavy,3102,0,1.847,ECONNREFUSED
15153.3,heavy,3103,1,2.127,
15156.7,heavy,3101,0,3.300,
15160.0,heavy,3102,0,2.850,ECONNREFUSED
15163.3,heavy,3103,0,1.164,
15166.7,heavy,3101,1,4.044,
15170.0,heavy,3102,0,2.619,ECONNREFUSED
15173.3,heavy,3103,1,1.427,
15176.7,heavy,3101,0,4.843,
15180.0,heavy,3102,0,4.050,ECONNREFUSED
15183.3,heavy,3103,0,1.353,
15186.7,heavy,3101,1,4.014,
15190.0,heavy,3102,0,3.124,ECONNREFUSED
15193.3,heavy,3103,0,1.174,
15196.7,heavy,3101,1,8.090,
15200.0,light-2,3103,1,3.882,
15200.0,light-1,3102,0,4.993,ECONNREFUSED
15200.0,light-4,3102,0,5.756,ECONNREFUSED
15200.0,light-5,3103,1,7.192,
15200.0,light-3,3101,1,9.557,
15200.0,heavy,3102,0,5.512,ECONNREFUSED
15203.3,heavy,3103,1,3.391,
15206.7,heavy,3101,0,9.211,
15210.0,heavy,3101,0,8.275,
15213.3,heavy,3102,0,4.022,ECONNREFUSED
15216.7,heavy,3103,0,2.135,
15220.0,heavy,3101,1,3.730,
15223.3,heavy,3102,0,2.792,ECONNREFUSED
15226.7,heavy,3103,0,0.993,
15230.0,heavy,3101,1,3.686,
15233.3,heavy,3102,0,2.699,ECONNREFUSED
15236.7,heavy,3103,1,1.480,
15240.0,heavy,3101,0,3.101,
15243.3,heavy,3102,0,2.656,ECONNREFUSED
15246.7,heavy,3103,1,2.676,
15250.0,heavy,3101,0,4.602,
15253.3,heavy,3102,0,3.834,ECONNREFUSED
15256.7,heavy,3103,0,1.753,
15260.0,heavy,3101,1,3.946,
15263.3,heavy,3102,0,2.321,ECONNREFUSED
15266.7,heavy,3103,1,1.364,
15270.0,heavy,3101,0,4.153,
15273.3,heavy,3102,0,2.353,ECONNREFUSED
15276.7,heavy,3103,1,2.156,
15280.0,heavy,3101,0,3.497,
15283.3,heavy,3102,0,2.967,ECONNREFUSED
15286.7,heavy,3103,0,1.316,
15290.0,heavy,3101,1,9.443,
15293.3,heavy,3102,0,6.901,ECONNREFUSED
15296.7,heavy,3103,1,3.340,
15300.0,light-2,3103,1,3.995,
15300.0,light-1,3102,0,6.740,ECONNREFUSED
15300.0,light-4,3102,0,6.712,ECONNREFUSED
15300.0,light-5,3103,1,6.966,
15300.0,light-3,3101,1,10.205,
15300.0,heavy,3101,0,9.481,
15303.3,heavy,3101,0,8.028,
15306.7,heavy,3102,0,5.365,ECONNREFUSED
15310.0,heavy,3103,1,1.718,
15313.3,heavy,3101,0,3.063,
15316.7,heavy,3102,0,2.706,ECONNREFUSED
15320.0,heavy,3103,1,1.623,
15323.3,heavy,3101,0,3.709,
15326.7,heavy,3102,0,2.959,ECONNREFUSED
15330.0,heavy,3103,1,1.517,
15333.3,heavy,3101,0,3.209,
15336.7,heavy,3102,0,2.161,ECONNREFUSED
15340.0,heavy,3103,1,1.198,
15343.3,heavy,3101,0,2.996,
15346.7,heavy,3102,0,3.584,ECONNREFUSED
15350.0,heavy,3103,1,1.409,
15353.3,heavy,3101,0,4.316,
15356.7,heavy,3102,0,3.150,ECONNREFUSED
15360.0,heavy,3103,1,1.801,
15363.3,heavy,3101,0,3.652,
15366.7,heavy,3102,0,3.366,ECONNREFUSED
15370.0,heavy,3103,1,1.449,
15373.3,heavy,3101,0,4.000,
15376.7,heavy,3102,0,3.106,ECONNREFUSED
15380.0,heavy,3103,1,1.261,
15383.3,heavy,3101,0,4.481,
15386.7,heavy,3102,0,2.895,ECONNREFUSED
15390.0,heavy,3103,1,1.799,
15393.3,heavy,3101,0,4.813,
15396.7,heavy,3102,0,3.078,ECONNREFUSED
15400.0,light-4,3103,1,3.150,
15400.0,light-5,3101,1,4.081,
15400.0,light-3,3102,0,4.472,ECONNREFUSED
15400.0,light-1,3103,1,5.911,
15400.0,light-2,3101,1,5.951,
15400.0,heavy,3103,1,2.718,
15403.3,heavy,3101,1,6.066,
15406.7,heavy,3102,0,4.351,ECONNREFUSED
15410.0,heavy,3102,0,4.676,ECONNREFUSED
15413.3,heavy,3103,0,1.196,
15416.7,heavy,3101,0,4.339,
15420.0,heavy,3102,0,3.067,ECONNREFUSED
15423.3,heavy,3103,1,1.755,
15426.7,heavy,3101,1,3.341,
15430.0,heavy,3102,0,2.301,ECONNREFUSED
15433.3,heavy,3103,1,2.201,
15436.7,heavy,3101,0,3.671,
15440.0,heavy,3102,0,3.365,ECONNREFUSED
15443.3,heavy,3103,0,1.428,
15446.7,heavy,3101,1,4.871,
15450.0,heavy,3102,0,3.480,ECONNREFUSED
15453.3,heavy,3103,1,1.816,
15456.7,heavy,3101,0,5.021,
15460.0,heavy,3102,0,2.907,ECONNREFUSED
15463.3,heavy,3103,1,1.499,
15466.7,heavy,3101,0,3.957,
15470.0,heavy,3102,0,3.472,ECONNREFUSED
15473.3,heavy,3103,0,1.618,
15476.7,heavy,3101,1,3.144,
15480.0,heavy,3102,0,3.301,ECONNREFUSED
15483.3,heavy,3103,1,1.500,
15486.7,heavy,3101,0,3.384,
15490.0,heavy,3102,0,2.906,ECONNREFUSED
15493.3,heavy,3103,0,0.980,
15496.7,heavy,3101,0,7.865,
15500.0,light-3,3103,1,4.124,
15500.0,light-1,3101,1,5.790,
15500.0,light-2,3102,0,6.917,ECONNREFUSED
15500.0,light-5,3102,0,7.243,ECONNREFUSED
15500.0,light-4,3101,1,8.037,
15500.0,heavy,3102,0,7.101,ECONNREFUSED
15503.3,heavy,3103,1,3.078,
15506.7,heavy,3103,0,4.058,
15510.0,heavy,3101,1,3.514,
15513.3,heavy,3102,0,2.257,ECONNREFUSED
15516.7,heavy,3103,0,1.308,
15520.0,heavy,3101,1,3.771,
15523.3,heavy,3102,0,4.056,ECONNREFUSED
15526.7,heavy,3103,0,1.943,
15530.0,heavy,3101,0,3.717,
15533.3,heavy,3102,0,2.986,ECONNREFUSED
15536.7,heavy,3103,1,1.301,
15540.0,heavy,3101,1,4.968,
15543.3,heavy,3102,0,3.729,ECONNREFUSED
15546.7,heavy,3103,1,1.900,
15550.0,heavy,3101,0,5.392,
15553.3,heavy,3102,0,3.904,ECONNREFUSED
15556.7,heavy,3103,0,1.353,
15560.0,heavy,3101,1,5.911,
15563.3,heavy,3102,0,3.292,ECONNREFUSED
15566.7,heavy,3103,1,1.717,
15570.0,heavy,3101,0,3.810,
15573.3,heavy,3102,0,2.526,ECONNREFUSED
15576.7,heavy,3103,1,2.143,
15580.0,heavy,3101,0,3.921,
15583.3,heavy,3102,0,4.199,ECONNREFUSED
15586.7,heavy,3103,0,1.555,
15590.0,heavy,3101,1,4.422,
15593.3,heavy,3102,0,4.401,ECONNREFUSED
15596.7,heavy,3103,1,2.179,
15600.0,light-2,3103,1,2.339,
15600.0,light-1,3102,0,4.960,ECONNREFUSED
15600.0,light-5,3103,1,4.744,
15600.0,light-4,3102,0,5.102,ECONNREFUSED
15600.0,light-3,3101,1,5.330,
15600.0,heavy,3101,0,4.731,
15603.3,heavy,3101,0,2.662,
15606.7,heavy,3102,0,2.368,ECONNREFUSED
15610.0,heavy,3103,1,1.577,
15613.3,heavy,3101,0,3.281,
15616.7,heavy,3102,0,2.446,ECONNREFUSED
15620.0,heavy,3103,1,1.330,
15623.3,heavy,3101,0,4.003,
15626.7,heavy,3102,0,2.970,ECONNREFUSED
15630.0,heavy,3103,1,1.781,
15633.3,heavy,3101,0,3.198,
15636.7,heavy,3102,0,2.491,ECONNREFUSED
15640.0,heavy,3103,1,2.032,
15643.3,heavy,3101,0,2.653,
15646.7,heavy,3102,0,2.440,ECONNREFUSED
15650.0,heavy,3103,1,1.452,
15653.3,heavy,3101,0,3.183,
15656.7,heavy,3102,0,2.922,ECONNREFUSED
15660.0,heavy,3103,1,1.786,
15663.3,heavy,3101,0,8.587,
15666.7,heavy,3102,0,2.977,ECONNREFUSED
15670.0,heavy,3103,1,1.627,
15673.3,heavy,3101,0,3.498,
15676.7,heavy,3102,0,1.996,ECONNREFUSED
15680.0,heavy,3103,1,1.973,
15683.3,heavy,3101,0,3.712,
15686.7,heavy,3102,0,2.538,ECONNREFUSED
15690.0,heavy,3103,1,2.051,
15693.3,heavy,3101,0,5.015,
15696.7,heavy,3102,0,2.869,ECONNREFUSED
15700.0,light-4,3103,1,2.813,
15700.0,light-5,3101,1,3.372,
15700.0,light-3,3102,0,3.664,ECONNREFUSED
15700.0,light-1,3103,1,4.547,
15700.0,light-2,3101,1,4.832,
15700.0,heavy,3103,1,2.565,
15703.3,heavy,3101,1,4.713,
15706.7,heavy,3102,0,3.666,ECONNREFUSED
15710.0,heavy,3102,0,3.533,ECONNREFUSED
15713.3,heavy,3103,0,0.741,
15716.7,heavy,3101,0,3.719,
15720.0,heavy,3102,0,3.169,ECONNREFUSED
15723.3,heavy,3103,1,1.706,
15726.7,heavy,3101,0,2.764,
15730.0,heavy,3102,0,3.871,ECONNREFUSED
15733.3,heavy,3103,1,2.150,
15736.7,heavy,3101,1,3.119,
15740.0,heavy,3102,0,3.124,ECONNREFUSED
15743.3,heavy,3103,0,1.154,
15746.7,heavy,3101,0,4.885,
15750.0,heavy,3102,0,4.045,ECONNREFUSED
15753.3,heavy,3103,1,2.283,
15756.7,heavy,3101,1,3.964,
15760.0,heavy,3102,0,3.731,ECONNREFUSED
15763.3,heavy,3103,0,1.963,
15766.7,heavy,3101,1,4.281,
15770.0,heavy,3102,0,3.113,ECONNREFUSED
15773.3,heavy,3103,0,2.094,
15776.7,heavy,3101,1,4.031,
15780.0,heavy,3102,0,2.755,ECONNREFUSED
15783.3,heavy,3103,1,1.731,
15786.7,heavy,3101,0,3.064,
15790.0,heavy,3102,0,2.474,ECONNREFUSED
15793.3,heavy,3103,1,3.066,
15796.7,heavy,3101,0,7.072,
15800.0,light-4,3103,1,3.823,
15800.0,light-3,3102,0,4.907,ECONNREFUSED
15800.0,light-5,3101,1,5.472,
15800.0,light-1,3103,1,6.976,
15800.0,light-2,3101,1,7.024,
15800.0,heavy,3102,0,6.110,ECONNREFUSED
15803.3,heavy,3102,0,6.395,ECONNREFUSED
15806.7,heavy,3103,0,2.249,
15810.0,heavy,3101,1,3.297,
15813.3,heavy,3102,0,2.465,ECONNREFUSED
15816.7,heavy,3103,1,1.277,
15820.0,heavy,3101,0,6.452,
15823.3,heavy,3102,0,4.378,ECONNREFUSED
15826.7,heavy,3103,1,2.319,
15830.0,heavy,3101,0,6.041,
15833.3,heavy,3102,0,4.966,ECONNREFUSED
15836.7,heavy,3103,0,1.548,
15840.0,heavy,3101,1,4.051,
15843.3,heavy,3102,0,4.261,ECONNREFUSED
15846.7,heavy,3103,1,2.457,
15850.0,heavy,3101,0,3.833,
15853.3,heavy,3102,0,2.452,ECONNREFUSED
15856.7,heavy,3103,1,1.453,
15860.0,heavy,3101,0,3.825,
15863.3,heavy,3102,0,5.058,ECONNREFUSED
15866.7,heavy,3103,0,1.306,
15870.0,heavy,3101,1,3.455,
15873.3,heavy,3102,0,2.579,ECONNREFUSED
15876.7,heavy,3103,1,1.127,
15880.0,heavy,3101,0,5.109,
15883.3,heavy,3102,0,3.972,ECONNREFUSED
15886.7,heavy,3103,1,2.139,
15890.0,heavy,3101,0,4.760,
15893.3,heavy,3102,0,4.195,ECONNREFUSED
15896.7,heavy,3103,0,1.379,
15900.0,light-3,3103,1,4.254,
15900.0,light-1,3101,1,4.823,
15900.0,light-2,3102,0,5.968,ECONNREFUSED
15900.0,light-4,3101,1,6.487,
15900.0,light-5,3102,0,6.744,ECONNREFUSED
15900.0,heavy,3101,1,6.721,
15903.3,heavy,3102,0,6.116,ECONNREFUSED
15906.7,heavy,3103,1,3.222,
15910.0,heavy,3103,0,2.704,
15913.3,heavy,3101,0,3.483,
15916.7,heavy,3102,0,2.417,ECONNREFUSED
15920.0,heavy,3103,1,1.599,
15923.3,heavy,3101,0,2.872,
15926.7,heavy,3102,0,1.637,ECONNREFUSED
15930.0,heavy,3103,1,2.043,
15933.3,heavy,3101,0,3.676,
15936.7,heavy,3102,0,3.121,ECONNREFUSED
15940.0,heavy,3103,1,2.218,
15943.3,heavy,3101,0,3.807,
15946.7,heavy,3102,0,2.437,ECONNREFUSED
15950.0,heavy,3103,1,1.559,
15953.3,heavy,3101,0,3.876,
15956.7,heavy,3102,0,2.968,ECONNREFUSED
15960.0,heavy,3103,1,2.102,
15963.3,heavy,3101,0,3.408,
15966.7,heavy,3102,0,3.136,ECONNREFUSED
15970.0,heavy,3103,1,1.704,
15973.3,heavy,3101,0,3.163,
15976.7,heavy,3102,0,2.557,ECONNREFUSED
15980.0,heavy,3103,1,2.286,
15983.3,heavy,3101,1,3.371,
15986.7,heavy,3102,0,2.715,ECONNREFUSED
15990.0,heavy,3103,0,0.990,
15993.3,heavy,3101,0,6.106,
15996.7,heavy,3102,0,5.615,ECONNREFUSED
16000.0,light-3,3103,1,3.206,
16000.0,light-1,3101,1,3.892,
16000.0,light-2,3102,0,5.842,ECONNREFUSED
16000.0,light-4,3101,1,5.864,
16000.0,light-5,3102,0,6.407,ECONNREFUSED
16000.0,heavy,3103,1,2.778,
16003.3,heavy,3103,0,2.601,
16006.7,heavy,3101,1,3.171,
16010.0,heavy,3102,0,2.410,ECONNREFUSED
16013.3,heavy,3103,1,1.237,
16016.7,heavy,3101,0,2.657,
16020.0,heavy,3102,0,2.034,ECONNREFUSED
16023.3,heavy,3103,1,1.802,
16026.7,heavy,3101,1,34.061,
16030.0,heavy,3102,0,32.837,ECONNREFUSED
16033.3,heavy,3103,1,29.547,
16036.7,heavy,3101,0,18.798,
16040.0,heavy,3102,0,18.039,ECONNREFUSED
16043.3,heavy,3103,1,16.308,
16046.7,heavy,3101,0,19.039,
16050.0,heavy,3102,0,5.068,ECONNREFUSED
16053.3,heavy,3103,0,3.758,
16056.7,heavy,3101,0,5.824,
16060.0,heavy,3102,0,5.637,ECONNREFUSED
16063.3,heavy,3103,0,2.986,
16066.7,heavy,3101,1,2.068,
16070.0,heavy,3102,0,2.225,ECONNREFUSED
16073.3,heavy,3103,1,1.668,
16076.7,heavy,3101,0,2.594,
16080.0,heavy,3102,0,2.170,ECONNREFUSED
16083.3,heavy,3103,1,1.737,
16086.7,heavy,3101,0,3.772,
16090.0,heavy,3102,0,3.514,ECONNREFUSED
16093.3,heavy,3103,0,1.476,
16096.7,heavy,3101,1,3.875,
16100.0,light-4,3103,1,2.510,
16100.0,light-5,3101,1,2.602,
16100.0,light-3,3102,0,3.197,ECONNREFUSED
16100.0,light-1,3103,1,3.992,
16100.0,light-2,3101,1,4.082,
16100.0,heavy,3102,0,3.346,ECONNREFUSED
16103.3,heavy,3102,0,1.697,ECONNREFUSED
16106.7,heavy,3103,1,0.967,
16110.0,heavy,3101,0,2.235,
16113.3,heavy,3102,0,9.677,ECONNREFUSED
16116.7,heavy,3103,1,1.341,
16120.0,heavy,3101,0,3.074,
16123.3,heavy,3102,0,3.034,ECONNREFUSED
16126.7,heavy,3103,0,1.097,
16130.0,heavy,3101,1,9.514,
16133.3,heavy,3102,0,5.431,ECONNREFUSED
16136.7,heavy,3103,1,2.178,
16140.0,heavy,3101,0,10.694,
16143.3,heavy,3102,0,3.038,ECONNREFUSED
16146.7,heavy,3103,1,1.624,
16150.0,heavy,3101,0,4.487,
16153.3,heavy,3102,0,2.450,ECONNREFUSED
16156.7,heavy,3103,1,1.075,
16160.0,heavy,3101,0,4.861,
16163.3,heavy,3102,0,3.824,ECONNREFUSED
16166.7,heavy,3103,1,1.888,
16170.0,heavy,3101,0,4.666,
16173.3,heavy,3102,0,4.177,ECONNREFUSED
16176.7,heavy,3103,0,1.409,
16180.0,heavy,3101,1,4.381,
16183.3,heavy,3102,0,2.740,ECONNREFUSED
16186.7,heavy,3103,1,1.520,
16190.0,heavy,3101,0,4.884,
16193.3,heavy,3102,0,2.344,ECONNREFUSED
16196.7,heavy,3103,1,2.962,
16200.0,light-4,3103,1,3.460,
16200.0,light-5,3101,1,4.505,
16200.0,light-3,3102,0,4.949,ECONNREFUSED
16200.0,light-1,3103,1,6.508,
16200.0,light-2,3101,1,6.559,
16200.0,heavy,3101,1,6.665,
16203.3,heavy,3102,0,4.784,ECONNREFUSED
16206.7,heavy,3102,0,5.397,ECONNREFUSED
16210.0,heavy,3103,0,1.434,
16213.3,heavy,3101,0,3.343,
16216.7,heavy,3102,0,2.255,ECONNREFUSED
16220.0,heavy,3103,1,1.044,
16223.3,heavy,3101,0,4.963,
16226.7,heavy,3102,0,3.597,ECONNREFUSED
16230.0,heavy,3103,1,1.190,
16233.3,heavy,3101,1,4.916,
16236.7,heavy,3102,0,3.604,ECONNREFUSED
16240.0,heavy,3103,0,1.290,
16243.3,heavy,3101,0,3.188,
16246.7,heavy,3102,0,2.793,ECONNREFUSED
16250.0,heavy,3103,1,0.997,
16253.3,heavy,3101,0,2.255,
16256.7,heavy,3102,0,4.560,ECONNREFUSED
16260.0,heavy,3103,1,1.858,
16263.3,heavy,3101,1,3.496,
16266.7,heavy,3102,0,4.676,ECONNREFUSED
16270.0,heavy,3103,0,1.385,
16273.3,heavy,3101,0,3.213,
16276.7,heavy,3102,0,2.199,ECONNREFUSED
16280.0,heavy,3103,1,1.161,
16283.3,heavy,3101,0,3.479,
16286.7,heavy,3102,0,5.505,ECONNREFUSED
16290.0,heavy,3103,1,2.721,
16293.3,heavy,3101,1,4.222,
16296.7,heavy,3102,0,5.986,ECONNREFUSED
16300.0,light-3,3103,1,3.195,
16300.0,light-1,3101,1,3.863,
16300.0,light-4,3101,1,4.972,
16300.0,light-2,3102,0,5.315,ECONNREFUSED
16300.0,light-5,3102,0,5.553,ECONNREFUSED
16300.0,heavy,3103,0,2.813,
16303.3,heavy,3103,0,1.391,
16306.7,heavy,3101,0,3.913,
16310.0,heavy,3102,0,2.837,ECONNREFUSED
16313.3,heavy,3103,1,1.677,
16316.7,heavy,3101,1,2.983,
16320.0,heavy,3102,0,2.150,ECONNREFUSED
16323.3,heavy,3103,1,1.393,
16326.7,heavy,3101,0,3.220,
16330.0,heavy,3102,0,2.987,ECONNREFUSED
16333.3,heavy,3103,0,0.978,
16336.7,heavy,3101,0,3.221,
16340.0,heavy,3102,0,2.746,ECONNREFUSED
16343.3,heavy,3103,1,1.314,
16346.7,heavy,3101,1,2.792,
16350.0,heavy,3102,0,2.398,ECONNREFUSED
16353.3,heavy,3103,0,1.606,
16356.7,heavy,3101,1,3.947,
16360.0,heavy,3102,0,3.219,ECONNREFUSED
16363.3,heavy,3103,0,1.301,
16366.7,heavy,3101,0,3.741,
16370.0,heavy,3102,0,3.818,ECONNREFUSED
16373.3,heavy,3103,1,1.281,
16376.7,heavy,3101,1,2.786,
16380.0,heavy,3102,0,3.056,ECONNREFUSED
16383.3,heavy,3103,1,1.392,
16386.7,heavy,3101,0,3.489,
16390.0,heavy,3102,0,3.683,ECONNREFUSED
16393.3,heavy,3103,0,0.917,
16396.7,heavy,3101,0,6.485,
16400.0,light-3,3103,1,3.007,
16400.0,light-1,3101,1,4.493,
16400.0,light-2,3102,0,6.673,ECONNREFUSED
16400.0,light-4,3101,1,7.452,
16400.0,light-5,3102,0,7.859,ECONNREFUSED
16400.0,heavy,3102,0,5.881,ECONNREFUSED
16403.3,heavy,3103,1,2.438,
16406.7,heavy,3103,1,4.190,
16410.0,heavy,3101,0,3.660,
16413.3,heavy,3102,0,2.230,ECONNREFUSED
16416.7,heavy,3103,0,0.877,
16420.0,heavy,3101,1,4.836,
16423.3,heavy,3102,0,3.967,ECONNREFUSED
16426.7,heavy,3103,1,2.018,
16430.0,heavy,3101,0,4.788,
16433.3,heavy,3102,0,4.008,ECONNREFUSED
16436.7,heavy,3103,1,1.860,
16440.0,heavy,3101,0,3.555,
16443.3,heavy,3102,0,2.517,ECONNREFUSED
16446.7,heavy,3103,1,1.378,
16450.0,heavy,3101,0,3.418,
16453.3,heavy,3102,0,2.331,ECONNREFUSED
16456.7,heavy,3103,0,1.008,
16460.0,heavy,3101,1,3.933,
16463.3,heavy,3102,0,3.308,ECONNREFUSED
16466.7,heavy,3103,0,1.391,
16470.0,heavy,3101,1,4.979,
16473.3,heavy,3102,0,4.224,ECONNREFUSED
16476.7,heavy,3103,1,1.336,
16480.0,heavy,3101,0,6.591,
16483.3,heavy,3102,0,5.142,ECONNREFUSED
16486.7,heavy,3103,1,2.162,
16490.0,heavy,3101,0,2.963,
16493.3,heavy,3102,0,7.064,ECONNREFUSED
16496.7,heavy,3103,1,1.084,
16500.0,light-2,3103,1,2.433,
16500.0,light-1,3102,0,4.445,ECONNREFUSED
16500.0,light-5,3103,1,5.755,
16500.0,light-3,3101,1,6.125,
16500.0,light-4,3102,0,8.521,ECONNREFUSED
16500.0,heavy,3101,0,4.880,
16503.3,heavy,3101,0,4.829,
16506.7,heavy,3102,0,3.659,ECONNREFUSED
16510.0,heavy,3103,1,1.380,
16513.3,heavy,3101,1,3.796,
16516.7,heavy,3102,0,5.033,ECONNREFUSED
16520.0,heavy,3103,1,1.290,
16523.3,heavy,3101,0,4.480,
16526.7,heavy,3102,0,1.894,ECONNREFUSED
16530.0,heavy,3103,0,1.352,
16533.3,heavy,3101,0,3.835,
16536.7,heavy,3102,0,2.380,ECONNREFUSED
16540.0,heavy,3103,1,1.854,
16543.3,heavy,3101,0,3.056,
16546.7,heavy,3102,0,2.676,ECONNREFUSED
16550.0,heavy,3103,1,1.902,
16553.3,heavy,3101,1,5.864,
16556.7,heavy,3102,0,2.065,ECONNREFUSED
16560.0,heavy,3103,1,2.527,
16563.3,heavy,3101,0,5.984,
16566.7,heavy,3102,0,2.250,ECONNREFUSED
16570.0,heavy,3103,0,1.090,
16573.3,heavy,3101,0,4.378,
16576.7,heavy,3102,0,8.195,ECONNREFUSED
16580.0,heavy,3103,1,1.264,
16583.3,heavy,3101,0,4.971,
16586.7,heavy,3102,0,3.330,ECONNREFUSED
16590.0,heavy,3103,1,2.827,
16593.3,heavy,3101,0,5.748,
16596.7,heavy,3102,0,4.571,ECONNREFUSED
16600.0,light-2,3103,1,2.874,
16600.0,light-1,3102,0,4.521,ECONNREFUSED
16600.0,light-4,3102,0,4.482,ECONNREFUSED
16600.0,light-5,3103,1,5.248,
16600.0,light-3,3101,1,6.333,
16600.0,heavy,3103,1,2.509,
16603.3,heavy,3101,0,5.755,
16606.7,heavy,3101,1,5.649,
16610.0,heavy,3102,0,2.556,ECONNREFUSED
16613.3,heavy,3103,0,0.990,
16616.7,heavy,3101,1,3.832,
16620.0,heavy,3102,0,4.003,ECONNREFUSED
16623.3,heavy,3103,1,0.925,
16626.7,heavy,3101,0,4.114,
16630.0,heavy,3102,0,3.560,ECONNREFUSED
16633.3,heavy,3103,0,0.864,
16636.7,heavy,3101,0,3.063,
16640.0,heavy,3102,0,2.526,ECONNREFUSED
16643.3,heavy,3103,1,1.337,
16646.7,heavy,3101,0,2.560,
16650.0,heavy,3102,0,3.591,ECONNREFUSED
16653.3,heavy,3103,1,1.933,
16656.7,heavy,3101,1,3.434,
16660.0,heavy,3102,0,4.192,ECONNREFUSED
16663.3,heavy,3103,0,1.394,
16666.7,heavy,3101,0,3.747,
16670.0,heavy,3102,0,3.246,ECONNREFUSED
16673.3,heavy,3103,1,1.089,
16676.7,heavy,3101,1,3.843,
16680.0,heavy,3102,0,2.302,ECONNREFUSED
16683.3,heavy,3103,0,1.102,
16686.7,heavy,3101,1,4.324,
16690.0,heavy,3102,0,2.761,ECONNREFUSED
16693.3,heavy,3103,0,1.188,
16696.7,heavy,3101,0,7.276,
16700.0,light-3,3103,1,3.275,
16700.0,light-1,3101,1,5.060,
16700.0,light-5,3102,0,6.052,ECONNREFUSED
16700.0,light-4,3101,1,7.966,
16700.0,light-2,3102,0,8.456,ECONNREFUSED
16700.0,heavy,3102,0,5.822,ECONNREFUSED
16703.3,heavy,3103,1,2.546,
16706.7,heavy,3103,0,2.404,
16710.0,heavy,3101,1,3.777,
16713.3,heavy,3102,0,2.782,ECONNREFUSED
16716.7,heavy,3103,1,1.424,
16720.0,heavy,3101,0,3.016,
16723.3,heavy,3102,0,2.194,ECONNREFUSED
16726.7,heavy,3103,1,1.388,
16730.0,heavy,3101,0,3.380,
16733.3,heavy,3102,0,2.924,ECONNREFUSED
16736.7,heavy,3103,0,1.108,
16740.0,heavy,3101,1,4.261,
16743.3,heavy,3102,0,3.058,ECONNREFUSED
16746.7,heavy,3103,1,0.913,
16750.0,heavy,3101,0,4.670,
16753.3,heavy,3102,0,3.420,ECONNREFUSED
16756.7,heavy,3103,0,1.017,
16760.0,heavy,3101,1,3.000,
16763.3,heavy,3102,0,2.385,ECONNREFUSED
16766.7,heavy,3103,1,1.316,
16770.0,heavy,3101,0,2.505,
16773.3,heavy,3102,0,3.825,ECONNREFUSED
16776.7,heavy,3103,1,1.828,
16780.0,heavy,3101,0,4.224,
16783.3,heavy,3102,0,3.334,ECONNREFUSED
16786.7,heavy,3103,0,0.896,
16790.0,heavy,3101,1,3.625,
16793.3,heavy,3102,0,3.249,ECONNREFUSED
16796.7,heavy,3103,1,1.235,
16800.0,light-2,3103,1,1.993,
16800.0,light-1,3102,0,3.021,ECONNREFUSED
16800.0,light-5,3103,1,4.103,
16800.0,light-3,3101,1,5.149,
16800.0,light-4,3102,0,5.412,ECONNREFUSED
16800.0,heavy,3101,0,4.527,
16803.3,heavy,3101,0,3.787,
16806.7,heavy,3102,0,2.092,ECONNREFUSED
16810.0,heavy,3103,1,1.091,
16813.3,heavy,3101,0,2.552,
16816.7,heavy,3102,0,2.652,ECONNREFUSED
16820.0,heavy,3103,1,2.770,
16823.3,heavy,3101,0,6.236,
16826.7,heavy,3102,0,4.375,ECONNREFUSED
16830.0,heavy,3103,1,3.685,
16833.3,heavy,3101,0,3.556,
16836.7,heavy,3102,0,2.636,ECONNREFUSED
16840.0,heavy,3103,1,1.142,
16843.3,heavy,3101,0,2.823,
16846.7,heavy,3102,0,2.046,ECONNREFUSED
16850.0,heavy,3103,1,2.370,
16853.3,heavy,3101,0,4.174,
16856.7,heavy,3102,0,3.266,ECONNREFUSED
16860.0,heavy,3103,1,2.080,
16863.3,heavy,3101,0,3.299,
16866.7,heavy,3102,0,5.295,ECONNREFUSED
16870.0,heavy,3103,1,2.540,
16873.3,heavy,3101,1,5.065,
16876.7,heavy,3102,0,5.885,ECONNREFUSED
16880.0,heavy,3103,0,2.435,
16883.3,heavy,3101,0,3.612,
16886.7,heavy,3102,0,2.741,ECONNREFUSED
16890.0,heavy,3103,1,1.285,
16893.3,heavy,3101,1,9.297,
16896.7,heavy,3102,0,5.595,ECONNREFUSED
16900.0,light-4,3103,1,5.704,
16900.0,light-5,3101,1,7.369,
16900.0,light-1,3103,1,8.452,
16900.0,light-3,3102,0,8.560,ECONNREFUSED
16900.0,light-2,3101,1,10.163,
16900.0,heavy,3103,1,2.660,
16903.3,heavy,3101,0,9.336,
16906.7,heavy,3102,0,8.308,ECONNREFUSED
16910.0,heavy,3102,0,7.935,ECONNREFUSED
16913.3,heavy,3103,0,3.465,
16916.7,heavy,3101,1,3.686,
16920.0,heavy,3102,0,3.956,ECONNREFUSED
16923.3,heavy,3103,0,1.677,
16926.7,heavy,3101,1,3.923,
16930.0,heavy,3102,0,3.954,ECONNREFUSED
16933.3,heavy,3103,0,2.175,
16936.7,heavy,3101,1,4.788,
16940.0,heavy,3102,0,4.382,ECONNREFUSED
16943.3,heavy,3103,0,1.984,
16946.7,heavy,3101,1,3.080,
16950.0,heavy,3102,0,2.548,ECONNREFUSED
16953.3,heavy,3103,1,1.750,
16956.7,heavy,3101,0,4.082,
16960.0,heavy,3102,0,2.839,ECONNREFUSED
16963.3,heavy,3103,0,1.113,
16966.7,heavy,3101,0,5.870,
16970.0,heavy,3102,0,3.939,ECONNREFUSED
16973.3,heavy,3103,1,2.250,
16976.7,heavy,3101,1,4.363,
16980.0,heavy,3102,0,3.019,ECONNREFUSED
16983.3,heavy,3103,0,1.021,
16986.7,heavy,3101,1,3.052,
16990.0,heavy,3102,0,2.667,ECONNREFUSED
16993.3,heavy,3103,0,1.098,
16996.7,heavy,3101,0,8.701,
17000.0,light-3,3103,1,4.548,
17000.0,light-1,3101,1,5.802,
17000.0,light-2,3102,0,8.342,ECONNREFUSED
17000.0,light-4,3101,1,8.338,
17000.0,light-5,3102,0,9.404,ECONNREFUSED
17000.0,heavy,3102,0,8.095,ECONNREFUSED
17003.3,heavy,3103,1,3.715,
17006.7,heavy,3103,0,4.600,
17010.0,heavy,3101,1,4.131,
17013.3,heavy,3102,0,3.667,ECONNREFUSED
17016.7,heavy,3103,0,1.670,
17020.0,heavy,3101,1,3.714,
17023.3,heavy,3102,0,4.210,ECONNREFUSED
17026.7,heavy,3103,0,1.909,
17030.0,heavy,3101,1,4.773,
17033.3,heavy,3102,0,3.622,ECONNREFUSED
17036.7,heavy,3103,1,2.349,
17040.0,heavy,3101,0,5.974,
17043.3,heavy,3102,0,4.262,ECONNREFUSED
17046.7,heavy,3103,1,2.239,
17050.0,heavy,3101,0,6.998,
17053.3,heavy,3102,0,4.296,ECONNREFUSED
17056.7,heavy,3103,1,1.565,
17060.0,heavy,3101,1,4.433,
17063.3,heavy,3102,0,3.155,ECONNREFUSED
17066.7,heavy,3103,0,1.575,
17070.0,heavy,3101,0,6.379,
17073.3,heavy,3102,0,3.124,ECONNREFUSED
17076.7,heavy,3103,0,1.111,
17080.0,heavy,3101,1,3.818,
17083.3,heavy,3102,0,2.753,ECONNREFUSED
17086.7,heavy,3103,1,1.118,
17090.0,heavy,3101,0,4.041,
17093.3,heavy,3102,0,3.557,ECONNREFUSED
17096.7,heavy,3103,1,1.487,
17100.0,light-2,3103,1,2.775,
17100.0,light-1,3102,0,4.696,ECONNREFUSED
17100.0,light-5,3103,1,4.650,
17100.0,light-4,3102,0,5.047,ECONNREFUSED
17100.0,light-3,3101,1,5.598,
17100.0,heavy,3101,0,5.112,
17103.3,heavy,3101,0,4.297,
17106.7,heavy,3102,0,2.429,ECONNREFUSED
17110.0,heavy,3103,1,1.480,
17113.3,heavy,3101,0,3.291,
17116.7,heavy,3102,0,2.622,ECONNREFUSED
17120.0,heavy,3103,1,1.338,
17123.3,heavy,3101,1,5.530,
17126.7,heavy,3102,0,4.359,ECONNREFUSED
17130.0,heavy,3103,0,1.568,
17133.3,heavy,3101,0,4.591,
17136.7,heavy,3102,0,3.389,ECONNREFUSED
17140.0,heavy,3103,1,1.213,
17143.3,heavy,3101,0,2.983,
17146.7,heavy,3102,0,2.546,ECONNREFUSED
17150.0,heavy,3103,1,1.486,
17153.3,heavy,3101,1,3.966,
17156.7,heavy,3102,0,4.149,ECONNREFUSED
17160.0,heavy,3103,0,1.466,
17163.3,heavy,3101,0,3.278,
17166.7,heavy,3102,0,1.925,ECONNREFUSED
17170.0,heavy,3103,1,1.462,
17173.3,heavy,3101,0,2.837,
17176.7,heavy,3102,0,2.279,ECONNREFUSED
17180.0,heavy,3103,1,2.295,
17183.3,heavy,3101,0,3.865,
17186.7,heavy,3102,0,3.233,ECONNREFUSED
17190.0,heavy,3103,1,1.610,
17193.3,heavy,3101,0,2.476,
17196.7,heavy,3102,0,7.019,ECONNREFUSED
17200.0,light-2,3103,1,3.982,
17200.0,light-1,3102,0,6.600,ECONNREFUSED
17200.0,light-5,3103,1,6.893,
17200.0,light-4,3102,0,7.975,ECONNREFUSED
17200.0,light-3,3101,1,8.195,
17200.0,heavy,3103,1,3.239,
17203.3,heavy,3101,0,7.532,
17206.7,heavy,3101,1,6.920,
17210.0,heavy,3102,0,5.220,ECONNREFUSED
17213.3,heavy,3103,0,1.184,
17216.7,heavy,3101,1,4.389,
17220.0,heavy,3102,0,3.043,ECONNREFUSED
17223.3,heavy,3103,0,1.356,
17226.7,heavy,3101,1,4.907,
17230.0,heavy,3102,0,4.969,ECONNREFUSED
17233.3,heavy,3103,1,2.657,
17236.7,heavy,3101,0,6.182,
17240.0,heavy,3102,0,4.062,ECONNREFUSED
17243.3,heavy,3103,0,1.659,
17246.7,heavy,3101,1,3.424,
17250.0,heavy,3102,0,2.577,ECONNREFUSED
17253.3,heavy,3103,0,1.708,
17256.7,heavy,3101,1,4.048,
17260.0,heavy,3102,0,2.787,ECONNREFUSED
17263.3,heavy,3103,1,1.561,
17266.7,heavy,3101,0,4.429,
17270.0,heavy,3102,0,2.568,ECONNREFUSED
17273.3,heavy,3103,1,1.686,
17276.7,heavy,3101,0,3.947,
17280.0,heavy,3102,0,3.432,ECONNREFUSED
17283.3,heavy,3103,0,1.051,
17286.7,heavy,3101,1,4.593,
17290.0,heavy,3102,0,2.630,ECONNREFUSED
17293.3,heavy,3103,1,1.436,
17296.7,heavy,3101,0,5.420,
17300.0,light-4,3103,1,3.159,
17300.0,light-5,3101,1,3.243,
17300.0,light-2,3101,1,4.249,
17300.0,light-3,3102,0,4.343,ECONNREFUSED
17300.0,light-1,3103,1,4.558,
17300.0,heavy,3102,0,4.590,ECONNREFUSED
17303.3,heavy,3102,0,4.211,ECONNREFUSED
17306.7,heavy,3103,0,0.945,
17310.0,heavy,3101,1,3.261,
17313.3,heavy,3102,0,2.615,ECONNREFUSED
17316.7,heavy,3103,1,1.581,
17320.0,heavy,3101,0,4.180,
17323.3,heavy,3102,0,2.843,ECONNREFUSED
17326.7,heavy,3103,1,1.600,
17330.0,heavy,3101,0,3.997,
17333.3,heavy,3102,0,1.997,ECONNREFUSED
17336.7,heavy,3103,1,1.874,
17340.0,heavy,3101,0,3.294,
17343.3,heavy,3102,0,3.653,ECONNREFUSED
17346.7,heavy,3103,0,1.276,
17350.0,heavy,3101,1,4.157,
17353.3,heavy,3102,0,2.882,ECONNREFUSED
17356.7,heavy,3103,1,1.662,
17360.0,heavy,3101,0,3.548,
17363.3,heavy,3102,0,2.454,ECONNREFUSED
17366.7,heavy,3103,0,1.210,
17370.0,heavy,3101,1,4.423,
17373.3,heavy,3102,0,3.531,ECONNREFUSED
17376.7,heavy,3103,0,1.207,
17380.0,heavy,3101,1,4.066,
17383.3,heavy,3102,0,2.731,ECONNREFUSED
17386.7,heavy,3103,1,1.493,
17390.0,heavy,3101,0,4.021,
17393.3,heavy,3102,0,2.259,ECONNREFUSED
17396.7,heavy,3103,1,3.617,
17400.0,light-4,3103,1,4.389,
17400.0,light-3,3102,0,4.923,ECONNREFUSED
17400.0,light-5,3101,1,4.953,
17400.0,light-1,3103,1,7.022,
17400.0,light-2,3101,1,7.074,
17400.0,heavy,3101,1,7.140,
17403.3,heavy,3102,0,5.711,ECONNREFUSED
17406.7,heavy,3102,0,5.802,ECONNREFUSED
17410.0,heavy,3103,0,1.461,
17413.3,heavy,3101,0,2.908,
17416.7,heavy,3102,0,2.021,ECONNREFUSED
17420.0,heavy,3103,1,2.711,
17423.3,heavy,3101,0,5.873,
17426.7,heavy,3102,0,4.603,ECONNREFUSED
17430.0,heavy,3103,1,3.181,
17433.3,heavy,3101,1,5.664,
17436.7,heavy,3102,0,4.782,ECONNREFUSED
17440.0,heavy,3103,0,1.189,
17443.3,heavy,3101,0,3.257,
17446.7,heavy,3102,0,2.655,ECONNREFUSED
17450.0,heavy,3103,1,1.668,
17453.3,heavy,3101,0,2.900,
17456.7,heavy,3102,0,3.334,ECONNREFUSED
17460.0,heavy,3103,1,1.730,
17463.3,heavy,3101,1,3.568,
17466.7,heavy,3102,0,3.733,ECONNREFUSED
17470.0,heavy,3103,0,1.146,
17473.3,heavy,3101,0,3.573,
17476.7,heavy,3102,0,2.525,ECONNREFUSED
17480.0,heavy,3103,1,1.423,
17483.3,heavy,3101,0,2.672,
17486.7,heavy,3102,0,2.285,ECONNREFUSED
17490.0,heavy,3103,1,1.336,
17493.3,heavy,3101,1,3.080,
17496.7,heavy,3102,0,2.178,ECONNREFUSED
17500.0,light-3,3103,1,3.457,
17500.0,light-1,3101,1,4.682,
17500.0,light-5,3102,0,6.511,ECONNREFUSED
17500.0,light-2,3102,0,6.978,ECONNREFUSED
17500.0,light-4,3101,1,7.048,
17500.0,heavy,3103,1,3.040,
17503.3,heavy,3101,0,6.773,
17506.7,heavy,3102,0,5.901,ECONNREFUSED
17510.0,heavy,3103,0,3.426,
17513.3,heavy,3103,0,3.217,
17516.7,heavy,3101,1,3.306,
17520.0,heavy,3102,0,2.393,ECONNREFUSED
17523.3,heavy,3103,1,1.520,
17526.7,heavy,3101,0,3.159,
17530.0,heavy,3102,0,2.134,ECONNREFUSED
17533.3,heavy,3103,1,1.903,
17536.7,heavy,3101,0,3.277,
17540.0,heavy,3102,0,2.671,ECONNREFUSED
17543.3,heavy,3103,0,2.175,
17546.7,heavy,3101,0,2.615,
17550.0,heavy,3102,0,3.489,ECONNREFUSED
17553.3,heavy,3103,1,1.842,
17556.7,heavy,3101,1,3.970,
17560.0,heavy,3102,0,3.172,ECONNREFUSED
17563.3,heavy,3103,0,0.962,
17566.7,heavy,3101,0,3.376,
17570.0,heavy,3102,0,2.710,ECONNREFUSED
17573.3,heavy,3103,1,1.632,
17576.7,heavy,3101,1,6.027,
17580.0,heavy,3102,0,3.458,ECONNREFUSED
17583.3,heavy,3103,1,1.720,
17586.7,heavy,3101,0,6.080,
17590.0,heavy,3102,0,3.484,ECONNREFUSED
17593.3,heavy,3103,0,1.850,
17596.7,heavy,3101,0,6.686,
17600.0,light-3,3103,1,3.700,
17600.0,light-1,3101,1,4.688,
17600.0,light-5,3102,0,6.226,ECONNREFUSED
17600.0,light-2,3102,0,6.709,ECONNREFUSED
17600.0,light-4,3101,1,6.747,
17600.0,heavy,3102,0,5.776,ECONNREFUSED
17603.3,heavy,3103,1,2.590,
17606.7,heavy,3103,1,3.056,
17610.0,heavy,3101,0,3.145,
17613.3,heavy,3102,0,2.440,ECONNREFUSED
17616.7,heavy,3103,1,1.583,
17620.0,heavy,3101,0,3.279,
17623.3,heavy,3102,0,2.661,ECONNREFUSED
17626.7,heavy,3103,0,1.225,
17630.0,heavy,3101,1,4.178,
17633.3,heavy,3102,0,3.064,ECONNREFUSED
17636.7,heavy,3103,1,1.906,
17640.0,heavy,3101,0,4.757,
17643.3,heavy,3102,0,2.480,ECONNREFUSED
17646.7,heavy,3103,1,1.360,
17650.0,heavy,3101,0,4.928,
17653.3,heavy,3102,0,2.700,ECONNREFUSED
17656.7,heavy,3103,0,0.929,
17660.0,heavy,3101,1,3.771,
17663.3,heavy,3102,0,2.955,ECONNREFUSED
17666.7,heavy,3103,1,1.320,
17670.0,heavy,3101,0,4.637,
17673.3,heavy,3102,0,3.277,ECONNREFUSED
17676.7,heavy,3103,1,1.614,
17680.0,heavy,3101,0,4.949,
17683.3,heavy,3102,0,3.576,ECONNREFUSED
17686.7,heavy,3103,0,1.199,
17690.0,heavy,3101,1,3.441,
17693.3,heavy,3102,0,2.736,ECONNREFUSED
17696.7,heavy,3103,1,1.513,
17700.0,light-2,3103,1,1.705,
17700.0,light-1,3102,0,3.415,ECONNREFUSED
17700.0,light-4,3102,0,3.388,ECONNREFUSED
17700.0,light-5,3103,1,4.324,
17700.0,light-3,3101,1,6.325,
17700.0,heavy,3101,0,4.633,
17703.3,heavy,3101,0,4.224,
17706.7,heavy,3102,0,2.480,ECONNREFUSED
17710.0,heavy,3103,1,1.206,
17713.3,heavy,3101,1,5.377,
17716.7,heavy,3102,0,4.439,ECONNREFUSED
17720.0,heavy,3103,1,2.478,
17723.3,heavy,3101,0,5.454,
17726.7,heavy,3102,0,5.188,ECONNREFUSED
17730.0,heavy,3103,0,2.787,
17733.3,heavy,3101,0,18.821,
17736.7,heavy,3102,0,2.946,ECONNREFUSED
17740.0,heavy,3103,1,1.588,
17743.3,heavy,3101,0,10.256,
17746.7,heavy,3102,0,2.498,ECONNREFUSED
17750.0,heavy,3103,1,1.081,
17753.3,heavy,3101,0,3.467,
17756.7,heavy,3102,0,3.152,ECONNREFUSED
17760.0,heavy,3103,1,1.362,
17763.3,heavy,3101,0,4.680,
17766.7,heavy,3102,0,4.124,ECONNREFUSED
17770.0,heavy,3103,1,2.363,
17773.3,heavy,3101,1,5.636,
17776.7,heavy,3102,0,4.927,ECONNREFUSED
17780.0,heavy,3103,0,1.706,
17783.3,heavy,3101,0,4.409,
17786.7,heavy,3102,0,3.525,ECONNREFUSED
17790.0,heavy,3103,1,1.536,
17793.3,heavy,3101,0,3.318,
17796.7,heavy,3102,0,1.894,ECONNREFUSED
17800.0,light-3,3102,0,4.138,ECONNREFUSED
17800.0,light-4,3103,1,4.561,
17800.0,light-5,3101,1,4.716,
17800.0,light-1,3103,1,7.137,
17800.0,light-2,3101,1,7.221,
17800.0,heavy,3103,1,3.161,
17803.3,heavy,3101,1,6.667,
17806.7,heavy,3102,0,5.580,ECONNREFUSED
17810.0,heavy,3102,0,5.144,ECONNREFUSED
17813.3,heavy,3103,1,7.334,
17816.7,heavy,3101,0,3.214,
17820.0,heavy,3102,0,2.656,ECONNREFUSED
17823.3,heavy,3103,0,1.130,
17826.7,heavy,3101,1,3.856,
17830.0,heavy,3102,0,3.077,ECONNREFUSED
17833.3,heavy,3103,1,1.537,
17836.7,heavy,3101,0,4.327,
17840.0,heavy,3102,0,2.645,ECONNREFUSED
17843.3,heavy,3103,1,2.441,
17846.7,heavy,3101,0,4.768,
17850.0,heavy,3102,0,3.726,ECONNREFUSED
17853.3,heavy,3103,0,1.739,
17856.7,heavy,3101,1,3.155,
17860.0,heavy,3102,0,2.784,ECONNREFUSED
17863.3,heavy,3103,0,1.055,
17866.7,heavy,3101,1,3.090,
17870.0,heavy,3102,0,3.290,ECONNREFUSED
17873.3,heavy,3103,0,1.396,
17876.7,heavy,3101,0,4.655,
17880.0,heavy,3102,0,3.342,ECONNREFUSED
17883.3,heavy,3103,1,1.153,
17886.7,heavy,3101,1,4.017,
17890.0,heavy,3102,0,2.507,ECONNREFUSED
17893.3,heavy,3103,0,1.128,
17896.7,heavy,3101,1,5.464,
17900.0,light-3,3102,0,3.592,ECONNREFUSED
17900.0,light-4,3103,1,3.978,
17900.0,light-5,3101,1,4.055,
17900.0,light-1,3103,1,6.055,
17900.0,light-2,3101,1,6.159,
17900.0,heavy,3102,0,4.785,ECONNREFUSED
17903.3,heavy,3102,0,4.990,ECONNREFUSED
17906.7,heavy,3103,0,1.261,
17910.0,heavy,3101,1,3.971,
17913.3,heavy,3102,0,2.840,ECONNREFUSED
17916.7,heavy,3103,1,1.598,
17920.0,heavy,3101,0,3.301,
17923.3,heavy,3102,0,2.726,ECONNREFUSED
17926.7,heavy,3103,0,1.115,
17930.0,heavy,3101,1,3.467,
17933.3,heavy,3102,0,3.140,ECONNREFUSED
17936.7,heavy,3103,0,1.209,
17940.0,heavy,3101,1,3.454,
17943.3,heavy,3102,0,2.848,ECONNREFUSED
17946.7,heavy,3103,1,1.609,
17950.0,heavy,3101,0,2.949,
17953.3,heavy,3102,0,2.242,ECONNREFUSED
17956.7,heavy,3103,1,1.467,
17960.0,heavy,3101,0,3.252,
17963.3,heavy,3102,0,2.663,ECONNREFUSED
17966.7,heavy,3103,1,2.378,
17970.0,heavy,3101,0,4.311,
17973.3,heavy,3102,0,3.271,ECONNREFUSED
17976.7,heavy,3103,1,1.993,
17980.0,heavy,3101,0,3.771,
17983.3,heavy,3102,0,2.395,ECONNREFUSED
17986.7,heavy,3103,1,1.696,
17990.0,heavy,3101,0,3.839,
17993.3,heavy,3102,0,3.503,ECONNREFUSED
17996.7,heavy,3103,0,1.048,
18000.0,light-1,3102,0,3.959,ECONNREFUSED
18000.0,light-2,3103,1,4.113,
18000.0,light-4,3102,0,5.168,ECONNREFUSED
18000.0,light-5,3103,1,5.637,
18000.0,light-3,3101,1,7.064,
18000.0,heavy,3101,1,6.363,
18003.3,heavy,3102,0,6.502,ECONNREFUSED
18006.7,heavy,3103,1,3.708,
18010.0,heavy,3101,0,7.047,
18013.3,heavy,3101,0,4.350,
18016.7,heavy,3102,0,2.550,ECONNREFUSED
18020.0,heavy,3103,1,1.422,
18023.3,heavy,3101,0,3.812,
18026.7,heavy,3102,0,2.997,ECONNREFUSED
18030.0,heavy,3103,1,0.983,
18033.3,heavy,3101,0,3.689,
18036.7,heavy,3102,0,2.864,ECONNREFUSED
18040.0,heavy,3103,1,1.783,
18043.3,heavy,3101,0,3.492,
18046.7,heavy,3102,0,2.484,ECONNREFUSED
18050.0,heavy,3103,1,2.049,
18053.3,heavy,3101,1,5.065,
18056.7,heavy,3102,0,3.871,ECONNREFUSED
18060.0,heavy,3103,0,1.649,
18063.3,heavy,3101,0,5.066,
18066.7,heavy,3102,0,3.954,ECONNREFUSED
18070.0,heavy,3103,1,2.113,
18073.3,heavy,3101,0,3.853,
18076.7,heavy,3102,0,4.127,ECONNREFUSED
18080.0,heavy,3103,1,2.099,
18083.3,heavy,3101,1,3.721,
18086.7,heavy,3102,0,3.358,ECONNREFUSED
18090.0,heavy,3103,0,1.163,
18093.3,heavy,3101,0,6.678,
18096.7,heavy,3102,0,5.045,ECONNREFUSED
18100.0,light-3,3103,1,3.151,
18100.0,light-1,3101,1,4.239,
18100.0,light-2,3102,0,4.966,ECONNREFUSED
18100.0,light-5,3102,0,4.827,ECONNREFUSED
18100.0,light-4,3101,1,8.230,
18100.0,heavy,3103,1,2.737,
18103.3,heavy,3103,0,2.690,
18106.7,heavy,3101,1,5.465,
18110.0,heavy,3102,0,2.393,ECONNREFUSED
18113.3,heavy,3103,0,1.320,
18116.7,heavy,3101,1,2.769,
18120.0,heavy,3102,0,2.813,ECONNREFUSED
18123.3,heavy,3103,0,1.230,
18126.7,heavy,3101,0,3.712,
18130.0,heavy,3102,0,2.778,ECONNREFUSED
18133.3,heavy,3103,1,1.650,
18136.7,heavy,3101,1,3.183,
18140.0,heavy,3102,0,3.054,ECONNREFUSED
18143.3,heavy,3103,1,1.282,
18146.7,heavy,3101,0,2.797,
18150.0,heavy,3102,0,2.569,ECONNREFUSED
18153.3,heavy,3103,1,1.336,
18156.7,heavy,3101,0,3.311,
18160.0,heavy,3102,0,2.918,ECONNREFUSED
18163.3,heavy,3103,0,1.559,
18166.7,heavy,3101,1,2.607,
18170.0,heavy,3102,0,3.112,ECONNREFUSED
18173.3,heavy,3103,1,1.529,
18176.7,heavy,3101,0,3.422,
18180.0,heavy,3102,0,2.699,ECONNREFUSED
18183.3,heavy,3103,0,0.933,
18186.7,heavy,3101,0,3.873,
18190.0,heavy,3102,0,2.995,ECONNREFUSED
18193.3,heavy,3103,1,1.524,
18196.7,heavy,3101,1,3.521,
18200.0,light-5,3101,1,2.303,
18200.0,light-4,3103,1,2.553,
18200.0,light-3,3102,0,3.251,ECONNREFUSED
18200.0,light-2,3101,1,4.129,
18200.0,light-1,3103,1,4.348,
18200.0,heavy,3102,0,3.405,ECONNREFUSED
18203.3,heavy,3102,0,2.033,ECONNREFUSED
18206.7,heavy,3103,1,1.444,
18210.0,heavy,3101,0,3.005,
18213.3,heavy,3102,0,1.827,ECONNREFUSED
18216.7,heavy,3103,1,1.633,
18220.0,heavy,3101,0,3.260,
18223.3,heavy,3102,0,3.515,ECONNREFUSED
18226.7,heavy,3103,0,1.754,
18230.0,heavy,3101,1,4.335,
18233.3,heavy,3102,0,3.414,ECONNREFUSED
18236.7,heavy,3103,1,1.706,
18240.0,heavy,3101,0,5.415,
18243.3,heavy,3102,0,3.460,ECONNREFUSED
18246.7,heavy,3103,1,1.123,
18250.0,heavy,3101,0,3.613,
18253.3,heavy,3102,0,2.936,ECONNREFUSED
18256.7,heavy,3103,1,1.619,
18260.0,heavy,3101,0,2.572,
18263.3,heavy,3102,0,4.435,ECONNREFUSED
18266.7,heavy,3103,1,2.113,
18270.0,heavy,3101,0,4.128,
18273.3,heavy,3102,0,4.710,ECONNREFUSED
18276.7,heavy,3103,0,1.835,
18280.0,heavy,3101,1,4.369,
18283.3,heavy,3102,0,3.223,ECONNREFUSED
18286.7,heavy,3103,1,1.850,
18290.0,heavy,3101,0,3.466,
18293.3,heavy,3102,0,2.016,ECONNREFUSED
18296.7,heavy,3103,1,2.567,
18300.0,light-2,3103,1,2.735,
18300.0,light-1,3102,0,3.798,ECONNREFUSED
18300.0,light-4,3102,0,3.733,ECONNREFUSED
18300.0,light-5,3103,1,5.157,
18300.0,light-3,3101,1,5.825,
18300.0,heavy,3101,0,5.470,
18303.3,heavy,3101,0,4.859,
18306.7,heavy,3102,0,2.526,ECONNREFUSED
18310.0,heavy,3103,1,2.246,
18313.3,heavy,3101,1,3.625,
18316.7,heavy,3102,0,3.151,ECONNREFUSED
18320.0,heavy,3103,0,1.536,
18323.3,heavy,3101,0,4.220,
18326.7,heavy,3102,0,2.849,ECONNREFUSED
18330.0,heavy,3103,1,1.390,
18333.3,heavy,3101,0,4.661,
18336.7,heavy,3102,0,3.081,ECONNREFUSED
18340.0,heavy,3103,1,0.981,
18343.3,heavy,3101,0,4.799,
18346.7,heavy,3102,0,2.083,ECONNREFUSED
18350.0,heavy,3103,1,1.364,
18353.3,heavy,3101,0,2.914,
18356.7,heavy,3102,0,2.519,ECONNREFUSED
18360.0,heavy,3103,1,0.938,
18363.3,heavy,3101,0,2.900,
18366.7,heavy,3102,0,2.263,ECONNREFUSED
18370.0,heavy,3103,1,1.992,
18373.3,heavy,3101,0,2.917,
18376.7,heavy,3102,0,2.374,ECONNREFUSED
18380.0,heavy,3103,1,1.984,
18383.3,heavy,3101,0,2.203,
18386.7,heavy,3102,0,3.743,ECONNREFUSED
18390.0,heavy,3103,1,1.837,
18393.3,heavy,3101,0,3.552,
18396.7,heavy,3102,0,4.231,ECONNREFUSED
18400.0,light-1,3101,1,2.656,
18400.0,light-3,3103,1,2.548,
18400.0,light-4,3101,1,4.145,
18400.0,light-2,3102,0,4.630,ECONNREFUSED
18400.0,light-5,3102,0,4.596,ECONNREFUSED
18400.0,heavy,3103,1,2.674,
18403.3,heavy,3103,0,1.580,
18406.7,heavy,3101,1,3.744,
18410.0,heavy,3102,0,3.087,ECONNREFUSED
18413.3,heavy,3103,0,1.255,
18416.7,heavy,3101,1,3.929,
18420.0,heavy,3102,0,2.396,ECONNREFUSED
18423.3,heavy,3103,1,1.277,
18426.7,heavy,3101,0,4.591,
18430.0,heavy,3102,0,2.220,ECONNREFUSED
18433.3,heavy,3103,1,2.176,
18436.7,heavy,3101,0,3.699,
18440.0,heavy,3102,0,3.133,ECONNREFUSED
18443.3,heavy,3103,0,1.458,
18446.7,heavy,3101,1,4.970,
18450.0,heavy,3102,0,3.425,ECONNREFUSED
18453.3,heavy,3103,1,1.697,
18456.7,heavy,3101,0,5.365,
18460.0,heavy,3102,0,3.229,ECONNREFUSED
18463.3,heavy,3103,0,1.156,
18466.7,heavy,3101,1,3.613,
18470.0,heavy,3102,0,2.769,ECONNREFUSED
18473.3,heavy,3103,0,1.948,
18476.7,heavy,3101,1,4.771,
18480.0,heavy,3102,0,2.430,ECONNREFUSED
18483.3,heavy,3103,1,1.417,
18486.7,heavy,3101,0,4.953,
18490.0,heavy,3102,0,2.771,ECONNREFUSED
18493.3,heavy,3103,0,1.096,
18496.7,heavy,3101,1,6.298,
18500.0,light-4,3103,1,3.159,
18500.0,light-5,3101,1,4.611,
18500.0,light-3,3102,0,5.085,ECONNREFUSED
18500.0,light-1,3103,1,5.907,
18500.0,light-2,3101,1,6.672,
18500.0,heavy,3102,0,4.784,ECONNREFUSED
18503.3,heavy,3102,0,5.692,ECONNREFUSED
18506.7,heavy,3103,0,3.438,
18510.0,heavy,3101,1,3.075,
18513.3,heavy,3102,0,2.353,ECONNREFUSED
18516.7,heavy,3103,1,1.297,
18520.0,heavy,3101,0,3.010,
18523.3,heavy,3102,0,3.749,ECONNREFUSED
18526.7,heavy,3103,1,1.698,
18530.0,heavy,3101,0,3.717,
18533.3,heavy,3102,0,3.863,ECONNREFUSED
18536.7,heavy,3103,0,1.497,
18540.0,heavy,3101,1,3.386,
18543.3,heavy,3102,0,2.473,ECONNREFUSED
18546.7,heavy,3103,1,1.485,
18550.0,heavy,3101,0,2.705,
18553.3,heavy,3102,0,2.694,ECONNREFUSED
18556.7,heavy,3103,0,1.004,
18560.0,heavy,3101,1,3.853,
18563.3,heavy,3102,0,2.847,ECONNREFUSED
18566.7,heavy,3103,1,1.490,
18570.0,heavy,3101,0,3.087,
18573.3,heavy,3102,0,2.447,ECONNREFUSED
18576.7,heavy,3103,1,1.413,
18580.0,heavy,3101,0,3.010,
18583.3,heavy,3102,0,1.788,ECONNREFUSED
18586.7,heavy,3103,1,2.467,
18590.0,heavy,3101,1,3.169,
18593.3,heavy,3102,0,3.392,ECONNREFUSED
18596.7,heavy,3103,0,1.519,
18600.0,light-2,3103,1,1.792,
18600.0,light-1,3102,0,3.361,ECONNREFUSED
18600.0,light-4,3102,0,3.975,ECONNREFUSED
18600.0,light-5,3103,1,4.593,
18600.0,light-3,3101,1,5.762,
18600.0,heavy,3101,0,4.857,
18603.3,heavy,3101,0,3.790,
18606.7,heavy,3102,0,1.871,ECONNREFUSED
18610.0,heavy,3103,1,1.796,
18613.3,heavy,3101,0,3.097,
18616.7,heavy,3102,0,2.889,ECONNREFUSED
18620.0,heavy,3103,1,1.769,
18623.3,heavy,3101,1,2.776,
18626.7,heavy,3102,0,2.592,ECONNREFUSED
18630.0,heavy,3103,1,1.928,
18633.3,heavy,3101,0,2.898,
18636.7,heavy,3102,0,2.458,ECONNREFUSED
18640.0,heavy,3103,0,1.982,
18643.3,heavy,3101,0,2.640,
18646.7,heavy,3102,0,4.643,ECONNREFUSED
18650.0,heavy,3103,1,2.540,
18653.3,heavy,3101,1,4.236,
18656.7,heavy,3102,0,4.407,ECONNREFUSED
18660.0,heavy,3103,0,1.993,
18663.3,heavy,3101,0,3.206,
18666.7,heavy,3102,0,2.069,ECONNREFUSED
18670.0,heavy,3103,1,1.975,
18673.3,heavy,3101,0,3.334,
18676.7,heavy,3102,0,2.412,ECONNREFUSED
18680.0,heavy,3103,1,0.938,
18683.3,heavy,3101,1,3.721,
18686.7,heavy,3102,0,3.115,ECONNREFUSED
18690.0,heavy,3103,0,1.383,
18693.3,heavy,3101,0,7.124,
18696.7,heavy,3102,0,5.374,ECONNREFUSED
18700.0,light-2,3103,1,3.714,
18700.0,light-1,3102,0,5.235,ECONNREFUSED
18700.0,light-4,3102,0,5.223,ECONNREFUSED
18700.0,light-5,3103,1,6.060,
18700.0,light-3,3101,1,8.072,
18700.0,heavy,3103,1,2.879,
18703.3,heavy,3101,0,6.773,
18706.7,heavy,3101,1,6.964,
18710.0,heavy,3102,0,2.569,ECONNREFUSED
18713.3,heavy,3103,0,0.849,
18716.7,heavy,3101,1,3.363,
18720.0,heavy,3102,0,2.113,ECONNREFUSED
18723.3,heavy,3103,0,0.803,
18726.7,heavy,3101,0,4.404,
18730.0,heavy,3102,0,3.270,ECONNREFUSED
18733.3,heavy,3103,1,2.176,
18736.7,heavy,3101,1,3.541,
18740.0,heavy,3102,0,2.562,ECONNREFUSED
18743.3,heavy,3103,0,1.026,
18746.7,heavy,3101,1,3.421,
18750.0,heavy,3102,0,2.331,ECONNREFUSED
18753.3,heavy,3103,0,1.078,
18756.7,heavy,3101,0,3.545,
18760.0,heavy,3102,0,2.760,ECONNREFUSED
18763.3,heavy,3103,1,1.610,
18766.7,heavy,3101,1,2.355,
18770.0,heavy,3102,0,3.210,ECONNREFUSED
18773.3,heavy,3103,1,1.415,
18776.7,heavy,3101,0,4.277,
18780.0,heavy,3102,0,4.820,ECONNREFUSED
18783.3,heavy,3103,0,1.467,
18786.7,heavy,3101,0,4.196,
18790.0,heavy,3102,0,3.186,ECONNREFUSED
18793.3,heavy,3103,1,1.846,
18796.7,heavy,3101,1,3.217,
18800.0,light-4,3103,1,3.167,
18800.0,light-5,3101,1,3.265,
18800.0,light-3,3102,0,3.740,ECONNREFUSED
18800.0,light-2,3101,1,3.992,
18800.0,light-1,3103,1,4.397,
18800.0,heavy,3102,0,2.807,ECONNREFUSED
18803.3,heavy,3102,0,2.885,ECONNREFUSED
18806.7,heavy,3103,1,1.629,
18810.0,heavy,3101,0,3.643,
18813.3,heavy,3102,0,3.525,ECONNREFUSED
18816.7,heavy,3103,0,1.676,
18820.0,heavy,3101,1,4.133,
18823.3,heavy,3102,0,3.389,ECONNREFUSED
18826.7,heavy,3103,1,1.631,
18830.0,heavy,3101,0,2.659,
18833.3,heavy,3102,0,2.352,ECONNREFUSED
18836.7,heavy,3103,1,1.518,
18840.0,heavy,3101,0,3.979,
18843.3,heavy,3102,0,2.982,ECONNREFUSED
18846.7,heavy,3103,0,1.331,
18850.0,heavy,3101,1,3.912,
18853.3,heavy,3102,0,2.895,ECONNREFUSED
18856.7,heavy,3103,1,1.728,
18860.0,heavy,3101,0,3.001,
18863.3,heavy,3102,0,2.412,ECONNREFUSED
18866.7,heavy,3103,0,1.184,
18870.0,heavy,3101,1,3.424,
18873.3,heavy,3102,0,2.543,ECONNREFUSED
18876.7,heavy,3103,0,1.583,
18880.0,heavy,3101,1,3.920,
18883.3,heavy,3102,0,2.740,ECONNREFUSED
18886.7,heavy,3103,1,1.658,
18890.0,heavy,3101,0,4.256,
18893.3,heavy,3102,0,2.236,ECONNREFUSED
18896.7,heavy,3103,1,3.057,
18900.0,light-4,3103,1,3.303,
18900.0,light-5,3101,1,4.521,
18900.0,light-3,3102,0,5.061,ECONNREFUSED
18900.0,light-1,3103,1,6.778,
18900.0,light-2,3101,1,6.846,
18900.0,heavy,3101,1,6.961,
18903.3,heavy,3102,0,4.054,ECONNREFUSED
18906.7,heavy,3102,0,5.851,ECONNREFUSED
18910.0,heavy,3103,0,2.193,
18913.3,heavy,3101,0,2.957,
18916.7,heavy,3102,0,3.218,ECONNREFUSED
18920.0,heavy,3103,1,1.550,
18923.3,heavy,3101,0,3.097,
18926.7,heavy,3102,0,2.377,ECONNREFUSED
18930.0,heavy,3103,1,1.781,
18933.3,heavy,3101,1,2.920,
18936.7,heavy,3102,0,2.294,ECONNREFUSED
18940.0,heavy,3103,1,1.929,
18943.3,heavy,3101,0,3.123,
18946.7,heavy,3102,0,2.660,ECONNREFUSED
18950.0,heavy,3103,0,2.136,
18953.3,heavy,3101,0,2.458,
18956.7,heavy,3102,0,4.085,ECONNREFUSED
18960.0,heavy,3103,1,2.378,
18963.3,heavy,3101,1,4.085,
18966.7,heavy,3102,0,4.296,ECONNREFUSED
18970.0,heavy,3103,0,1.677,
18973.3,heavy,3101,0,4.432,
18976.7,heavy,3102,0,3.485,ECONNREFUSED
18980.0,heavy,3103,1,1.262,
18983.3,heavy,3101,0,3.957,
18986.7,heavy,3102,0,3.416,ECONNREFUSED
18990.0,heavy,3103,1,1.542,
18993.3,heavy,3101,1,4.373,
18996.7,heavy,3102,0,4.565,ECONNREFUSED
19000.0,light-3,3103,1,2.476,
19000.0,light-1,3101,1,3.897,
19000.0,light-2,3102,0,4.867,ECONNREFUSED
19000.0,light-4,3101,1,4.834,
19000.0,light-5,3102,0,5.028,ECONNREFUSED
19000.0,heavy,3103,0,2.331,
19003.3,heavy,3103,0,1.741,
19006.7,heavy,3101,1,3.586,
19010.0,heavy,3102,0,1.948,ECONNREFUSED
19013.3,heavy,3103,0,1.303,
19016.7,heavy,3101,1,4.602,
19020.0,heavy,3102,0,4.711,ECONNREFUSED
19023.3,heavy,3103,1,2.466,
19026.7,heavy,3101,0,4.651,
19030.0,heavy,3102,0,4.860,ECONNREFUSED
19033.3,heavy,3103,0,2.200,
19036.7,heavy,3101,1,3.878,
19040.0,heavy,3102,0,2.529,ECONNREFUSED
19043.3,heavy,3103,1,1.510,
19046.7,heavy,3101,0,3.599,
19050.0,heavy,3102,0,3.317,ECONNREFUSED
19053.3,heavy,3103,0,1.344,
19056.7,heavy,3101,1,3.473,
19060.0,heavy,3102,0,2.730,ECONNREFUSED
19063.3,heavy,3103,0,1.270,
19066.7,heavy,3101,1,3.749,
19070.0,heavy,3102,0,2.398,ECONNREFUSED
19073.3,heavy,3103,1,1.384,
19076.7,heavy,3101,0,3.958,
19080.0,heavy,3102,0,2.110,ECONNREFUSED
19083.3,heavy,3103,1,2.029,
19086.7,heavy,3101,0,3.897,
19090.0,heavy,3102,0,3.010,ECONNREFUSED
19093.3,heavy,3103,0,1.596,
19096.7,heavy,3101,1,8.008,
19100.0,light-2,3103,1,3.249,
19100.0,light-1,3102,0,5.257,ECONNREFUSED
19100.0,light-4,3102,0,5.357,ECONNREFUSED
19100.0,light-5,3103,1,8.353,
19100.0,light-3,3101,1,8.718,
19100.0,heavy,3102,0,5.411,ECONNREFUSED
19103.3,heavy,3103,1,2.717,
19106.7,heavy,3101,0,7.720,
19110.0,heavy,3101,0,7.358,
19113.3,heavy,3102,0,5.384,ECONNREFUSED
19116.7,heavy,3103,1,2.119,
19120.0,heavy,3101,0,3.543,
19123.3,heavy,3102,0,2.288,ECONNREFUSED
19126.7,heavy,3103,1,1.550,
19130.0,heavy,3101,0,3.642,
19133.3,heavy,3102,0,3.194,ECONNREFUSED
19136.7,heavy,3103,1,1.542,
19140.0,heavy,3101,0,2.905,
19143.3,heavy,3102,0,2.773,ECONNREFUSED
19146.7,heavy,3103,1,1.111,
19150.0,heavy,3101,0,2.324,
19153.3,heavy,3102,0,60.167,ECONNREFUSED
19156.7,heavy,3103,0,0.653,
19160.0,heavy,3101,1,3.155,
19163.3,heavy,3102,0,8.780,ECONNREFUSED
19166.7,heavy,3103,1,0.871,
19170.0,heavy,3101,0,3.213,
19173.3,heavy,3102,0,6.164,ECONNREFUSED
19176.7,heavy,3103,1,1.754,
19180.0,heavy,3101,0,3.330,
19183.3,heavy,3102,0,2.455,ECONNREFUSED
19186.7,heavy,3103,1,1.699,
19190.0,heavy,3101,0,6.395,
19193.3,heavy,3102,0,5.540,ECONNREFUSED
19196.7,heavy,3103,1,1.857,
19200.0,light-2,3103,1,2.700,
19200.0,light-1,3102,0,5.633,ECONNREFUSED
19200.0,light-5,3103,1,5.791,
19200.0,light-4,3102,0,7.386,ECONNREFUSED
19200.0,light-3,3101,1,7.593,
19200.0,heavy,3101,0,7.234,
19203.3,heavy,3101,1,5.414,
19206.7,heavy,3102,0,3.399,ECONNREFUSED
19210.0,heavy,3103,0,1.002,
19213.3,heavy,3101,0,2.508,
19216.7,heavy,3102,0,3.408,ECONNREFUSED
19220.0,heavy,3103,1,1.764,
19223.3,heavy,3101,0,3.320,
19226.7,heavy,3102,0,3.103,ECONNREFUSED
19230.0,heavy,3103,1,2.150,
19233.3,heavy,3101,0,2.859,
19236.7,heavy,3102,0,1.675,ECONNREFUSED
19240.0,heavy,3103,1,1.601,
19243.3,heavy,3101,1,2.467,
19246.7,heavy,3102,0,2.097,ECONNREFUSED
19250.0,heavy,3103,1,1.784,
19253.3,heavy,3101,0,3.485,
19256.7,heavy,3102,0,2.336,ECONNREFUSED
19260.0,heavy,3103,0,1.433,
19263.3,heavy,3101,0,2.929,
19266.7,heavy,3102,0,1.712,ECONNREFUSED
19270.0,heavy,3103,1,1.145,
19273.3,heavy,3101,1,2.465,
19276.7,heavy,3102,0,2.013,ECONNREFUSED
19280.0,heavy,3103,1,1.952,
19283.3,heavy,3101,0,3.311,
19286.7,heavy,3102,0,2.630,ECONNREFUSED
19290.0,heavy,3103,0,1.703,
19293.3,heavy,3101,0,2.731,
19296.7,heavy,3102,0,4.853,ECONNREFUSED
19300.0,light-4,3103,1,3.870,
19300.0,light-5,3101,1,4.472,
19300.0,light-3,3102,0,4.998,ECONNREFUSED
19300.0,light-1,3103,1,6.175,
19300.0,light-2,3101,1,6.371,
19300.0,heavy,3103,1,1.885,
19303.3,heavy,3101,1,6.452,
19306.7,heavy,3102,0,5.040,ECONNREFUSED
19310.0,heavy,3102,0,4.391,ECONNREFUSED
19313.3,heavy,3103,0,1.173,
19316.7,heavy,3101,0,2.752,
19320.0,heavy,3102,0,2.043,ECONNREFUSED
19323.3,heavy,3103,1,0.957,
19326.7,heavy,3101,1,3.601,
19330.0,heavy,3102,0,2.634,ECONNREFUSED
19333.3,heavy,3103,1,0.914,
19336.7,heavy,3101,0,4.403,
19340.0,heavy,3102,0,3.762,ECONNREFUSED
19343.3,heavy,3103,0,1.027,
19346.7,heavy,3101,0,3.217,
19350.0,heavy,3102,0,2.086,ECONNREFUSED
19353.3,heavy,3103,1,1.154,
19356.7,heavy,3101,1,3.352,
19360.0,heavy,3102,0,2.296,ECONNREFUSED
19363.3,heavy,3103,1,1.094,
19366.7,heavy,3101,0,3.585,
19370.0,heavy,3102,0,2.349,ECONNREFUSED
19373.3,heavy,3103,0,0.753,
19376.7,heavy,3101,0,3.342,
19380.0,heavy,3102,0,2.884,ECONNREFUSED
19383.3,heavy,3103,1,1.451,
19386.7,heavy,3101,1,3.035,
19390.0,heavy,3102,0,4.476,ECONNREFUSED
19393.3,heavy,3103,0,1.039,
19396.7,heavy,3101,1,2.944,
19400.0,light-4,3103,1,3.083,
19400.0,light-5,3101,1,3.824,
19400.0,light-3,3102,0,5.090,ECONNREFUSED
19400.0,light-2,3101,1,5.370,
19400.0,light-1,3103,1,5.625,
19400.0,heavy,3102,0,4.618,ECONNREFUSED
19403.3,heavy,3102,0,5.842,ECONNREFUSED
19406.7,heavy,3103,0,2.269,
19410.0,heavy,3101,1,3.939,
19413.3,heavy,3102,0,3.285,ECONNREFUSED
19416.7,heavy,3103,0,1.363,
19420.0,heavy,3101,1,5.679,
19423.3,heavy,3102,0,17.768,ECONNREFUSED
19426.7,heavy,3103,1,3.444,
19430.0,heavy,3101,0,16.202,
19433.3,heavy,3102,0,17.670,ECONNREFUSED
19436.7,heavy,3103,1,3.405,
19440.0,heavy,3101,0,17.084,
19443.3,heavy,3102,0,17.637,ECONNREFUSED
19446.7,heavy,3103,1,12.753,
19450.0,heavy,3101,0,3.692,
19453.3,heavy,3102,0,7.795,ECONNREFUSED
19456.7,heavy,3103,1,2.000,
19460.0,heavy,3101,0,4.747,
19463.3,heavy,3102,0,3.743,ECONNREFUSED
19466.7,heavy,3103,0,1.716,
19470.0,heavy,3101,1,3.718,
19473.3,heavy,3102,0,3.194,ECONNREFUSED
19476.7,heavy,3103,1,1.563,
19480.0,heavy,3101,0,3.199,
19483.3,heavy,3102,0,2.488,ECONNREFUSED
19486.7,heavy,3103,0,1.295,
19490.0,heavy,3101,1,3.910,
19493.3,heavy,3102,0,2.755,ECONNREFUSED
19496.7,heavy,3103,1,1.204,
19500.0,light-3,3103,1,2.951,
19500.0,light-1,3101,1,4.105,
19500.0,light-2,3102,0,5.151,ECONNREFUSED
19500.0,light-4,3101,1,6.838,
19500.0,light-5,3102,0,7.169,ECONNREFUSED
19500.0,heavy,3101,0,6.652,
19503.3,heavy,3102,0,5.266,ECONNREFUSED
19506.7,heavy,3103,1,2.375,
19510.0,heavy,3103,0,2.183,
19513.3,heavy,3101,0,2.954,
19516.7,heavy,3102,0,2.429,ECONNREFUSED
19520.0,heavy,3103,1,1.344,
19523.3,heavy,3101,0,3.083,
19526.7,heavy,3102,0,2.393,ECONNREFUSED
19530.0,heavy,3103,1,1.568,
19533.3,heavy,3101,1,4.928,
19536.7,heavy,3102,0,3.089,ECONNREFUSED
19540.0,heavy,3103,0,2.062,
19543.3,heavy,3101,0,4.516,
19546.7,heavy,3102,0,2.536,ECONNREFUSED
19550.0,heavy,3103,1,1.501,
19553.3,heavy,3101,0,4.732,
19556.7,heavy,3102,0,3.290,ECONNREFUSED
19560.0,heavy,3103,1,1.770,
19563.3,heavy,3101,0,3.793,
19566.7,heavy,3102,0,3.340,ECONNREFUSED
19570.0,heavy,3103,1,1.470,
19573.3,heavy,3101,0,4.907,
19576.7,heavy,3102,0,3.508,ECONNREFUSED
19580.0,heavy,3103,1,1.706,
19583.3,heavy,3101,1,5.035,
19586.7,heavy,3102,0,4.935,ECONNREFUSED
19590.0,heavy,3103,0,1.588,
19593.3,heavy,3101,0,5.858,
19596.7,heavy,3102,0,5.285,ECONNREFUSED
19600.0,light-3,3103,1,3.115,
19600.0,light-1,3101,1,4.018,
19600.0,light-2,3102,0,5.551,ECONNREFUSED
19600.0,light-4,3101,1,6.190,
19600.0,light-5,3102,0,6.479,ECONNREFUSED
19600.0,heavy,3103,1,2.561,
19603.3,heavy,3103,0,2.618,
19606.7,heavy,3101,1,3.080,
19610.0,heavy,3102,0,2.015,ECONNREFUSED
19613.3,heavy,3103,0,1.311,
19616.7,heavy,3101,1,2.490,
19620.0,heavy,3102,0,4.184,ECONNREFUSED
19623.3,heavy,3103,1,2.366,
19626.7,heavy,3101,0,5.154,
19630.0,heavy,3102,0,4.834,ECONNREFUSED
19633.3,heavy,3103,0,2.796,
19636.7,heavy,3101,1,4.042,
19640.0,heavy,3102,0,2.171,ECONNREFUSED
19643.3,heavy,3103,0,1.073,
19646.7,heavy,3101,1,3.439,
19650.0,heavy,3102,0,3.734,ECONNREFUSED
19653.3,heavy,3103,0,2.420,
19656.7,heavy,3101,0,3.944,
19660.0,heavy,3102,0,2.809,ECONNREFUSED
19663.3,heavy,3103,1,1.526,
19666.7,heavy,3101,1,2.809,
19670.0,heavy,3102,0,4.211,ECONNREFUSED
19673.3,heavy,3103,1,2.297,
19676.7,heavy,3101,0,3.426,
19680.0,heavy,3102,0,5.050,ECONNREFUSED
19683.3,heavy,3103,0,1.271,
19686.7,heavy,3101,0,4.592,
19690.0,heavy,3102,0,3.293,ECONNREFUSED
19693.3,heavy,3103,1,1.776,
19696.7,heavy,3101,1,4.996,
19700.0,heavy,3102,0,4.534,ECONNREFUSED
19700.0,light-4,3103,1,2.980,
19700.0,light-5,3101,1,3.528,
19700.0,light-3,3102,0,4.282,ECONNREFUSED
19700.0,light-1,3103,1,4.715,
19700.0,light-2,3101,1,4.934,
19703.3,heavy,3102,0,4.713,ECONNREFUSED
19706.7,heavy,3103,1,1.416,
19710.0,heavy,3101,0,2.638,
19713.3,heavy,3102,0,1.911,ECONNREFUSED
19716.7,heavy,3103,1,2.137,
19720.0,heavy,3101,0,3.697,
19723.3,heavy,3102,0,3.112,ECONNREFUSED
19726.7,heavy,3103,1,1.463,
19730.0,heavy,3101,0,5.088,
19733.3,heavy,3102,0,5.732,ECONNREFUSED
19736.7,heavy,3103,1,1.448,
19740.0,heavy,3101,0,5.736,
19743.3,heavy,3102,0,4.891,ECONNREFUSED
19746.7,heavy,3103,0,1.478,
19750.0,heavy,3101,1,5.177,
19753.3,heavy,3102,0,5.243,ECONNREFUSED
19756.7,heavy,3103,1,2.210,
19760.0,heavy,3101,0,3.605,
19763.3,heavy,3102,0,2.599,ECONNREFUSED
19766.7,heavy,3103,1,1.432,
19770.0,heavy,3101,0,4.423,
19773.3,heavy,3102,0,3.534,ECONNREFUSED
19776.7,heavy,3103,1,1.139,
19780.0,heavy,3101,0,3.746,
19783.3,heavy,3102,0,2.820,ECONNREFUSED
19786.7,heavy,3103,1,1.876,
19790.0,heavy,3101,0,7.657,
19793.3,heavy,3102,0,5.521,ECONNREFUSED
19796.7,heavy,3103,1,2.339,
19800.0,heavy,3101,0,7.728,
19800.0,light-2,3103,1,3.436,
19800.0,light-1,3102,0,5.502,ECONNREFUSED
19800.0,light-4,3102,0,6.464,ECONNREFUSED
19800.0,light-5,3103,1,6.596,
19800.0,light-3,3101,1,9.553,
19803.3,heavy,3101,0,8.845,
19806.7,heavy,3102,0,4.459,ECONNREFUSED
19810.0,heavy,3103,1,1.621,
19813.3,heavy,3101,0,2.973,
19816.7,heavy,3102,0,3.234,ECONNREFUSED
19820.0,heavy,3103,1,1.400,
19823.3,heavy,3101,0,3.513,
19826.7,heavy,3102,0,2.906,ECONNREFUSED
19830.0,heavy,3103,1,1.492,
19833.3,heavy,3101,0,3.268,
19836.7,heavy,3102,0,2.256,ECONNREFUSED
19840.0,heavy,3103,1,1.036,
19843.3,heavy,3101,0,2.810,
19846.7,heavy,3102,0,2.323,ECONNREFUSED
19850.0,heavy,3103,1,1.045,
19853.3,heavy,3101,0,4.421,
19856.7,heavy,3102,0,3.784,ECONNREFUSED
19860.0,heavy,3103,1,2.613,
19863.3,heavy,3101,0,3.399,
19866.7,heavy,3102,0,3.681,ECONNREFUSED
19870.0,heavy,3103,1,1.798,
19873.3,heavy,3101,1,3.681,
19876.7,heavy,3102,0,3.907,ECONNREFUSED
19880.0,heavy,3103,0,1.508,
19883.3,heavy,3101,0,4.861,
19886.7,heavy,3102,0,3.421,ECONNREFUSED
19890.0,heavy,3103,1,1.847,
19893.3,heavy,3101,0,4.416,
19896.7,heavy,3102,0,3.229,ECONNREFUSED
19900.0,heavy,3103,1,1.814,
19900.0,light-4,3103,1,3.910,
19900.0,light-5,3101,1,4.072,
19900.0,light-3,3102,0,5.104,ECONNREFUSED
19900.0,light-1,3103,1,6.393,
19900.0,light-2,3101,1,7.293,
19903.3,heavy,3101,1,6.481,
19906.7,heavy,3102,0,5.548,ECONNREFUSED
19910.0,heavy,3102,0,5.362,ECONNREFUSED
19913.3,heavy,3103,0,1.779,
19916.7,heavy,3101,1,3.492,
19920.0,heavy,3102,0,2.657,ECONNREFUSED
19923.3,heavy,3103,0,1.998,
19926.7,heavy,3101,1,3.950,
19930.0,heavy,3102,0,2.979,ECONNREFUSED
19933.3,heavy,3103,1,1.631,
19936.7,heavy,3101,0,3.901,
19940.0,heavy,3102,0,2.288,ECONNREFUSED
19943.3,heavy,3103,0,0.779,
19946.7,heavy,3101,0,4.277,
19950.0,heavy,3102,0,2.888,ECONNREFUSED
19953.3,heavy,3103,1,1.615,
19956.7,heavy,3101,1,2.899,
19960.0,heavy,3102,0,2.209,ECONNREFUSED
19963.3,heavy,3103,1,1.317,
19966.7,heavy,3101,0,2.572,
19970.0,heavy,3102,0,2.097,ECONNREFUSED
19973.3,heavy,3103,1,1.988,
19976.7,heavy,3101,0,3.908,
19980.0,heavy,3102,0,4.218,ECONNREFUSED
19983.3,heavy,3103,0,1.910,
19986.7,heavy,3101,1,3.830,
19990.0,heavy,3102,0,2.722,ECONNREFUSED
19993.3,heavy,3103,0,1.025,
19996.7,heavy,3101,1,5.121,
20000.0,heavy,3102,0,3.501,ECONNREFUSED
20000.0,light-4,3103,1,2.737,
20000.0,light-3,3102,0,4.021,ECONNREFUSED
20000.0,light-5,3101,1,4.083,
20000.0,light-1,3103,1,4.783,
20000.0,light-2,3101,1,5.415,
20003.3,heavy,3102,0,3.021,ECONNREFUSED
20006.7,heavy,3103,0,0.924,
20010.0,heavy,3101,1,3.448,
20013.3,heavy,3102,0,2.853,ECONNREFUSED
20016.7,heavy,3103,1,1.150,
20020.0,heavy,3101,0,4.701,
20023.3,heavy,3102,0,3.346,ECONNREFUSED
20026.7,heavy,3103,1,1.429,
20030.0,heavy,3101,0,5.061,
20033.3,heavy,3102,0,3.788,ECONNREFUSED
20036.7,heavy,3103,0,1.169,
20040.0,heavy,3101,1,3.692,
20043.3,heavy,3102,0,2.678,ECONNREFUSED
20046.7,heavy,3103,1,1.707,
20050.0,heavy,3101,0,4.910,
20053.3,heavy,3102,0,3.487,ECONNREFUSED
20056.7,heavy,3103,1,1.721,
20060.0,heavy,3101,0,4.955,
20063.3,heavy,3102,0,4.347,ECONNREFUSED
20066.7,heavy,3103,0,1.534,
20070.0,heavy,3101,1,3.312,
20073.3,heavy,3102,0,2.354,ECONNREFUSED
20076.7,heavy,3103,1,1.019,
20080.0,heavy,3101,0,2.540,
20083.3,heavy,3102,0,3.546,ECONNREFUSED
20086.7,heavy,3103,1,1.867,
20090.0,heavy,3101,0,4.515,
20093.3,heavy,3102,0,4.192,ECONNREFUSED
20096.7,heavy,3103,1,1.366,
20100.0,heavy,3101,0,5.303,
20100.0,light-3,3103,1,1.912,
20100.0,light-1,3101,1,2.327,
20100.0,light-4,3101,1,6.532,
20100.0,light-2,3102,0,7.651,ECONNREFUSED
20100.0,light-5,3102,0,9.279,ECONNREFUSED
20103.3,heavy,3102,0,11.681,ECONNREFUSED
20106.7,heavy,3103,1,1.658,
20110.0,heavy,3103,0,0.969,
20113.3,heavy,3101,0,5.140,
20116.7,heavy,3102,0,4.701,ECONNREFUSED
20120.0,heavy,3103,1,1.675,
20123.3,heavy,3101,0,3.647,
20126.7,heavy,3102,0,2.124,ECONNREFUSED
20130.0,heavy,3103,1,0.927,
20133.3,heavy,3101,0,5.025,
20136.7,heavy,3102,0,2.585,ECONNREFUSED
20140.0,heavy,3103,1,1.876,
20143.3,heavy,3101,0,3.648,
20146.7,heavy,3102,0,2.104,ECONNREFUSED
20150.0,heavy,3103,1,1.010,
20153.3,heavy,3101,0,2.948,
20156.7,heavy,3102,0,2.360,ECONNREFUSED
20160.0,heavy,3103,1,1.726,
20163.3,heavy,3101,0,3.076,
20166.7,heavy,3102,0,2.397,ECONNREFUSED
20170.0,heavy,3103,1,2.063,
20173.3,heavy,3101,0,3.030,
20176.7,heavy,3102,0,1.846,ECONNREFUSED
20180.0,heavy,3103,1,1.355,
20183.3,heavy,3101,1,3.347,
20186.7,heavy,3102,0,2.438,ECONNREFUSED
20190.0,heavy,3103,0,0.970,
20193.3,heavy,3101,0,7.112,
20196.7,heavy,3102,0,7.189,ECONNREFUSED
20200.0,heavy,3103,1,2.683,
20200.0,light-3,3103,1,4.208,
20200.0,light-1,3101,1,4.528,
20200.0,light-4,3101,1,6.903,
20200.0,light-2,3102,0,7.283,ECONNREFUSED
20200.0,light-5,3102,0,7.967,ECONNREFUSED
20203.3,heavy,3103,0,3.446,
20206.7,heavy,3101,1,3.455,
20210.0,heavy,3102,0,2.658,ECONNREFUSED
20213.3,heavy,3103,1,1.619,
20216.7,heavy,3101,0,2.993,
20220.0,heavy,3102,0,2.040,ECONNREFUSED
20223.3,heavy,3103,0,1.147,
20226.7,heavy,3101,0,3.303,
20230.0,heavy,3102,0,2.636,ECONNREFUSED
20233.3,heavy,3103,1,1.468,
20236.7,heavy,3101,1,3.668,
20240.0,heavy,3102,0,2.760,ECONNREFUSED
20243.3,heavy,3103,1,1.683,
20246.7,heavy,3101,0,3.682,
20250.0,heavy,3102,0,2.178,ECONNREFUSED
20253.3,heavy,3103,0,0.730,
20256.7,heavy,3101,0,4.540,
20260.0,heavy,3102,0,3.050,ECONNREFUSED
20263.3,heavy,3103,1,1.852,
20266.7,heavy,3101,1,3.673,
20270.0,heavy,3102,0,2.484,ECONNREFUSED
20273.3,heavy,3103,1,1.801,
20276.7,heavy,3101,0,2.942,
20280.0,heavy,3102,0,2.257,ECONNREFUSED
20283.3,heavy,3103,0,1.281,
20286.7,heavy,3101,0,3.826,
20290.0,heavy,3102,0,2.837,ECONNREFUSED
20293.3,heavy,3103,1,1.644,
20296.7,heavy,3101,1,3.455,
20300.0,heavy,3102,0,3.392,ECONNREFUSED
20300.0,light-4,3103,1,2.620,
20300.0,light-5,3101,1,3.063,
20300.0,light-3,3102,0,3.478,ECONNREFUSED
20300.0,light-1,3103,1,4.541,
20300.0,light-2,3101,1,4.586,
20303.3,heavy,3102,0,2.112,ECONNREFUSED
20306.7,heavy,3103,1,1.312,
20310.0,heavy,3101,0,2.946,
20313.3,heavy,3102,0,2.228,ECONNREFUSED
20316.7,heavy,3103,1,1.119,
20320.0,heavy,3101,1,3.340,
20323.3,heavy,3102,0,2.555,ECONNREFUSED
20326.7,heavy,3103,0,1.469,
20330.0,heavy,3101,0,2.875,
20333.3,heavy,3102,0,2.299,ECONNREFUSED
20336.7,heavy,3103,1,1.290,
20340.0,heavy,3101,0,3.528,
20343.3,heavy,3102,0,3.126,ECONNREFUSED
20346.7,heavy,3103,0,1.113,
20350.0,heavy,3101,1,4.920,
20353.3,heavy,3102,0,4.971,ECONNREFUSED
20356.7,heavy,3103,1,2.289,
20360.0,heavy,3101,0,4.033,
20363.3,heavy,3102,0,2.659,ECONNREFUSED
20366.7,heavy,3103,1,2.240,
20370.0,heavy,3101,0,3.896,
20373.3,heavy,3102,0,3.217,ECONNREFUSED
20376.7,heavy,3103,0,1.471,
20380.0,heavy,3101,1,6.486,
20383.3,heavy,3102,0,5.225,ECONNREFUSED
20386.7,heavy,3103,1,2.107,
20390.0,heavy,3101,0,6.436,
20393.3,heavy,3102,0,6.114,ECONNREFUSED
20396.7,heavy,3103,0,1.948,
20400.0,heavy,3101,1,6.487,
20400.0,light-4,3103,1,2.467,
20400.0,light-3,3102,0,4.032,ECONNREFUSED
20400.0,light-5,3101,1,4.519,
20400.0,light-1,3103,1,6.215,
20400.0,light-2,3101,1,6.918,
20403.3,heavy,3102,0,5.455,ECONNREFUSED
20406.7,heavy,3102,0,5.992,ECONNREFUSED
20410.0,heavy,3103,1,1.410,
20413.3,heavy,3101,0,4.051,
20416.7,heavy,3102,0,4.126,ECONNREFUSED
20420.0,heavy,3103,1,2.035,
20423.3,heavy,3101,0,3.270,
20426.7,heavy,3102,0,2.104,ECONNREFUSED
20430.0,heavy,3103,1,1.292,
20433.3,heavy,3101,0,3.005,
20436.7,heavy,3102,0,3.399,ECONNREFUSED
20440.0,heavy,3103,1,1.413,
20443.3,heavy,3101,0,3.061,
20446.7,heavy,3102,0,2.435,ECONNREFUSED
20450.0,heavy,3103,1,1.213,
20453.3,heavy,3101,0,3.364,
20456.7,heavy,3102,0,2.384,ECONNREFUSED
20460.0,heavy,3103,1,2.008,
20463.3,heavy,3101,1,2.993,
20466.7,heavy,3102,0,2.177,ECONNREFUSED
20470.0,heavy,3103,0,0.784,
20473.3,heavy,3101,0,4.617,
20476.7,heavy,3102,0,3.426,ECONNREFUSED
20480.0,heavy,3103,1,2.132,
20483.3,heavy,3101,0,3.481,
20486.7,heavy,3102,0,2.599,ECONNREFUSED
20490.0,heavy,3103,1,1.304,
20493.3,heavy,3101,1,4.032,
20496.7,heavy,3102,0,3.560,ECONNREFUSED
20500.0,heavy,3103,0,3.499,
20500.0,light-1,3101,1,3.134,
20500.0,light-3,3103,1,3.083,
20500.0,light-4,3101,1,3.841,
20500.0,light-2,3102,0,4.517,ECONNREFUSED
20500.0,light-5,3102,0,4.321,ECONNREFUSED
20503.3,heavy,3103,0,1.668,
20506.7,heavy,3101,0,3.449,
20510.0,heavy,3102,0,2.508,ECONNREFUSED
20513.3,heavy,3103,1,1.483,
20516.7,heavy,3101,1,2.891,
20520.0,heavy,3102,0,3.745,ECONNREFUSED
20523.3,heavy,3103,1,1.390,
20526.7,heavy,3101,0,4.461,
20530.0,heavy,3102,0,3.697,ECONNREFUSED
20533.3,heavy,3103,0,1.005,
20536.7,heavy,3101,0,3.708,
20540.0,heavy,3102,0,3.245,ECONNREFUSED
20543.3,heavy,3103,1,1.550,
20546.7,heavy,3101,1,3.068,
20550.0,heavy,3102,0,2.336,ECONNREFUSED
20553.3,heavy,3103,1,1.334,
20556.7,heavy,3101,0,3.008,
20560.0,heavy,3102,0,2.726,ECONNREFUSED
20563.3,heavy,3103,0,0.932,
20566.7,heavy,3101,0,4.398,
20570.0,heavy,3102,0,3.275,ECONNREFUSED
20573.3,heavy,3103,1,1.981,
20576.7,heavy,3101,1,3.372,
20580.0,heavy,3102,0,2.498,ECONNREFUSED
20583.3,heavy,3103,1,2.352,
20586.7,heavy,3101,0,3.613,
20590.0,heavy,3102,0,3.324,ECONNREFUSED
20593.3,heavy,3103,0,1.250,
20596.7,heavy,3101,1,7.208,
20600.0,heavy,3102,0,5.676,ECONNREFUSED
20600.0,light-2,3103,1,3.478,
20600.0,light-1,3102,0,5.509,ECONNREFUSED
20600.0,light-4,3102,0,5.925,ECONNREFUSED
20600.0,light-5,3103,1,6.099,
20600.0,light-3,3101,1,7.393,
20603.3,heavy,3103,1,2.431,
20606.7,heavy,3101,0,7.377,
20610.0,heavy,3101,0,6.058,
20613.3,heavy,3102,0,2.398,ECONNREFUSED
20616.7,heavy,3103,0,0.975,
20620.0,heavy,3101,1,5.224,
20623.3,heavy,3102,0,3.768,ECONNREFUSED
20626.7,heavy,3103,1,2.144,
20630.0,heavy,3101,0,4.685,
20633.3,heavy,3102,0,3.663,ECONNREFUSED
20636.7,heavy,3103,1,1.179,
20640.0,heavy,3101,0,5.446,
20643.3,heavy,3102,0,3.377,ECONNREFUSED
20646.7,heavy,3103,1,1.254,
20650.0,heavy,3101,0,5.297,
20653.3,heavy,3102,0,3.177,ECONNREFUSED
20656.7,heavy,3103,1,1.259,
20660.0,heavy,3101,0,3.948,
20663.3,heavy,3102,0,2.246,ECONNREFUSED
20666.7,heavy,3103,0,0.928,
20670.0,heavy,3101,1,3.621,
20673.3,heavy,3102,0,3.114,ECONNREFUSED
20676.7,heavy,3103,1,1.528,
20680.0,heavy,3101,0,2.981,
20683.3,heavy,3102,0,2.215,ECONNREFUSED
20686.7,heavy,3103,1,1.269,
20690.0,heavy,3101,0,3.143,
20693.3,heavy,3102,0,2.385,ECONNREFUSED
20696.7,heavy,3103,1,3.384,
20700.0,heavy,3101,0,6.556,
20700.0,light-3,3103,1,4.319,
20700.0,light-1,3101,1,5.172,
20700.0,light-4,3101,1,6.651,
20700.0,light-2,3102,0,7.118,ECONNREFUSED
20700.0,light-5,3102,0,7.790,ECONNREFUSED
20703.3,heavy,3102,0,6.945,ECONNREFUSED
20706.7,heavy,3103,1,3.786,
20710.0,heavy,3103,0,3.696,
20713.3,heavy,3101,0,3.255,
20716.7,heavy,3102,0,1.967,ECONNREFUSED
20720.0,heavy,3103,1,1.441,
20723.3,heavy,3101,0,3.006,
20726.7,heavy,3102,0,2.260,ECONNREFUSED
20730.0,heavy,3103,1,0.908,
20733.3,heavy,3101,0,4.149,
20736.7,heavy,3102,0,2.948,ECONNREFUSED
20740.0,heavy,3103,1,1.633,
20743.3,heavy,3101,0,3.097,
20746.7,heavy,3102,0,2.358,ECONNREFUSED
20750.0,heavy,3103,1,1.320,
20753.3,heavy,3101,0,3.712,
20756.7,heavy,3102,0,2.857,ECONNREFUSED
20760.0,heavy,3103,1,1.492,
20763.3,heavy,3101,0,4.146,
20766.7,heavy,3102,0,4.436,ECONNREFUSED
20770.0,heavy,3103,1,1.204,
20773.3,heavy,3101,0,2.941,
20776.7,heavy,3102,0,1.835,ECONNREFUSED
20780.0,heavy,3103,1,1.332,
20783.3,heavy,3101,1,2.764,
20786.7,heavy,3102,0,3.177,ECONNREFUSED
20790.0,heavy,3103,0,1.115,
20793.3,heavy,3101,0,6.012,
20796.7,heavy,3102,0,5.532,ECONNREFUSED
20800.0,heavy,3103,1,2.671,
20800.0,light-3,3103,1,3.312,
20800.0,light-1,3101,1,4.200,
20800.0,light-2,3102,0,5.613,ECONNREFUSED
20800.0,light-4,3101,1,6.358,
20800.0,light-5,3102,0,6.615,ECONNREFUSED
20803.3,heavy,3103,0,2.751,
20806.7,heavy,3101,1,3.429,
20810.0,heavy,3102,0,2.464,ECONNREFUSED
20813.3,heavy,3103,0,1.052,
20816.7,heavy,3101,1,3.099,
20820.0,heavy,3102,0,3.161,ECONNREFUSED
20823.3,heavy,3103,0,1.275,
20826.7,heavy,3101,1,3.547,
20830.0,heavy,3102,0,2.976,ECONNREFUSED
20833.3,heavy,3103,0,1.197,
20836.7,heavy,3101,1,4.351,
20840.0,heavy,3102,0,2.609,ECONNREFUSED
20843.3,heavy,3103,1,1.421,
20846.7,heavy,3101,0,4.500,
20850.0,heavy,3102,0,2.516,ECONNREFUSED
20853.3,heavy,3103,0,1.287,
20856.7,heavy,3101,1,3.768,
20860.0,heavy,3102,0,3.076,ECONNREFUSED
20863.3,heavy,3103,0,1.294,
20866.7,heavy,3101,1,4.363,
20870.0,heavy,3102,0,3.153,ECONNREFUSED
20873.3,heavy,3103,1,1.608,
20876.7,heavy,3101,0,4.687,
20880.0,heavy,3102,0,2.794,ECONNREFUSED
20883.3,heavy,3103,0,1.112,
20886.7,heavy,3101,0,3.486,
20890.0,heavy,3102,0,2.482,ECONNREFUSED
20893.3,heavy,3103,1,1.409,
20896.7,heavy,3101,0,2.657,
20900.0,heavy,3102,0,5.205,ECONNREFUSED
20900.0,light-2,3103,1,2.853,
20900.0,light-1,3102,0,4.850,ECONNREFUSED
20900.0,light-4,3102,0,5.528,ECONNREFUSED
20900.0,light-5,3103,1,5.653,
20900.0,light-3,3101,1,7.115,
20903.3,heavy,3103,1,2.936,
20906.7,heavy,3101,1,6.197,
20910.0,heavy,3101,0,6.724,
20913.3,heavy,3102,0,3.765,ECONNREFUSED
20916.7,heavy,3103,0,1.285,
20920.0,heavy,3101,1,3.498,
20923.3,heavy,3102,1,18.941,
20926.7,heavy,3103,0,1.379,
20930.0,heavy,3101,1,3.797,
20933.3,heavy,3102,1,5.589,
20936.7,heavy,3103,1,0.940,
20940.0,heavy,3101,0,2.970,
20943.3,heavy,3102,1,2.792,
20946.7,heavy,3103,1,1.541,
20950.0,heavy,3101,0,2.802,
20953.3,heavy,3102,1,1.893,
20956.7,heavy,3103,1,1.145,
20960.0,heavy,3101,0,3.748,
20963.3,heavy,3102,1,1.568,
20966.7,heavy,3103,1,1.127,
20970.0,heavy,3101,0,4.099,
20973.3,heavy,3102,1,1.800,
20976.7,heavy,3103,1,1.263,
20980.0,heavy,3101,0,2.918,
20983.3,heavy,3102,1,1.732,
20986.7,heavy,3103,0,0.875,
20990.0,heavy,3101,1,7.059,
20993.3,heavy,3102,1,2.618,
20996.7,heavy,3103,1,2.063,
21000.0,heavy,3101,0,6.867,
21000.0,light-2,3103,1,2.114,
21000.0,light-5,3103,1,5.750,
21000.0,light-3,3101,1,7.944,
21000.0,light-4,3102,1,48.819,
21000.0,light-1,3102,0,57.817,
21003.3,heavy,3101,0,7.037,
21006.7,heavy,3102,1,43.410,
21010.0,heavy,3103,1,1.068,
21013.3,heavy,3101,1,3.247,
21016.7,heavy,3102,1,36.254,
21020.0,heavy,3103,0,0.868,
21023.3,heavy,3101,0,3.595,
21026.7,heavy,3102,1,21.212,
21030.0,heavy,3103,1,1.916,
21033.3,heavy,3101,0,3.709,
21036.7,heavy,3102,1,18.901,
21040.0,heavy,3103,1,2.107,
21043.3,heavy,3101,1,2.722,
21046.7,heavy,3102,1,7.966,
21050.0,heavy,3103,0,1.057,
21053.3,heavy,3101,0,3.164,
21056.7,heavy,3102,1,6.036,
21060.0,heavy,3103,1,1.044,
21063.3,heavy,3101,0,2.616,
21066.7,heavy,3102,1,9.655,
21070.0,heavy,3103,1,0.966,
21073.3,heavy,3101,0,3.277,
21076.7,heavy,3102,1,1.523,
21080.0,heavy,3103,1,0.819,
21083.3,heavy,3101,0,3.696,
21086.7,heavy,3102,1,1.904,
21090.0,heavy,3103,1,1.650,
21093.3,heavy,3101,0,4.045,
21096.7,heavy,3102,1,1.222,
21100.0,heavy,3103,1,1.529,
21100.0,light-3,3103,1,1.670,
21100.0,light-1,3101,1,2.262,
21100.0,light-4,3101,1,5.548,
21100.0,light-2,3102,1,31.307,
21100.0,light-5,3102,1,36.533,
21103.3,heavy,3101,0,4.387,
21106.7,heavy,3102,1,1.625,
21110.0,heavy,3103,1,1.413,
21113.3,heavy,3103,0,1.167,
21116.7,heavy,3101,0,4.626,
21120.0,heavy,3102,1,18.085,
21123.3,heavy,3103,1,1.046,
21126.7,heavy,3101,1,4.337,
21130.0,heavy,3102,1,17.659,
21133.3,heavy,3103,1,1.115,
21136.7,heavy,3101,0,3.127,
21140.0,heavy,3102,1,6.543,
21143.3,heavy,3103,0,1.085,
21146.7,heavy,3101,1,2.996,
21150.0,heavy,3102,1,1.317,
21153.3,heavy,3103,1,2.184,
21156.7,heavy,3101,0,4.985,
21160.0,heavy,3102,1,1.271,
21163.3,heavy,3103,1,5.140,
21166.7,heavy,3101,1,4.154,
21170.0,heavy,3102,1,1.762,
21173.3,heavy,3103,1,7.224,
21176.7,heavy,3101,1,3.561,
21180.0,heavy,3102,1,1.504,
21183.3,heavy,3103,1,3.678,
21186.7,heavy,3101,1,4.546,
21190.0,heavy,3102,1,1.331,
21193.3,heavy,3103,1,4.178,
21196.7,heavy,3101,1,5.028,
21200.0,heavy,3102,1,3.401,
21200.0,light-5,3101,1,3.183,
21200.0,light-2,3101,1,4.105,
21200.0,light-1,3103,1,6.019,
21200.0,light-3,3102,1,9.643,
21200.0,light-4,3103,1,10.134,
21203.3,heavy,3102,1,4.481,
21206.7,heavy,3103,1,5.418,
21210.0,heavy,3101,1,2.566,
21213.3,heavy,3102,1,1.367,
21216.7,heavy,3103,1,3.321,
21220.0,heavy,3101,1,3.511,
21223.3,heavy,3102,1,1.487,
21226.7,heavy,3103,1,4.319,
21230.0,heavy,3101,1,4.329,
21233.3,heavy,3102,1,1.961,
21236.7,heavy,3103,1,5.596,
21240.0,heavy,3101,1,7.193,
21243.3,heavy,3102,1,2.137,
21246.7,heavy,3103,1,3.284,
21250.0,heavy,3101,1,3.541,
21253.3,heavy,3102,1,1.685,
21256.7,heavy,3103,1,3.372,
21260.0,heavy,3101,1,3.256,
21263.3,heavy,3102,1,1.345,
21266.7,heavy,3103,1,3.754,
21270.0,heavy,3101,1,4.157,
21273.3,heavy,3102,1,1.289,
21276.7,heavy,3103,1,3.617,
21280.0,heavy,3101,1,3.517,
21283.3,heavy,3102,1,1.141,
21286.7,heavy,3103,1,4.036,
21290.0,heavy,3101,1,3.806,
21293.3,heavy,3102,1,1.317,
21296.7,heavy,3103,1,3.801,
21300.0,heavy,3101,1,7.565,
21300.0,light-2,3103,1,1.229,
21300.0,light-5,3103,1,4.233,
21300.0,light-3,3101,1,5.289,
21300.0,light-4,3102,1,5.395,
21300.0,light-1,3102,1,9.776,
21303.3,heavy,3101,1,5.933,
21306.7,heavy,3102,1,3.367,
21310.0,heavy,3103,1,2.968,
21313.3,heavy,3101,1,3.413,
21316.7,heavy,3102,1,1.356,
21320.0,heavy,3103,1,4.483,
21323.3,heavy,3101,1,4.081,
21326.7,heavy,3102,1,1.572,
21330.0,heavy,3103,1,4.690,
21333.3,heavy,3101,1,5.344,
21336.7,heavy,3102,1,1.135,
21340.0,heavy,3103,1,3.322,
21343.3,heavy,3101,1,3.295,
21346.7,heavy,3102,1,1.300,
21350.0,heavy,3103,1,4.144,
21353.3,heavy,3101,1,2.640,
21356.7,heavy,3102,1,0.907,
21360.0,heavy,3103,1,3.443,
21363.3,heavy,3101,1,4.077,
21366.7,heavy,3102,1,1.185,
21370.0,heavy,3103,1,4.114,
21373.3,heavy,3101,1,4.374,
21376.7,heavy,3102,1,1.846,
21380.0,heavy,3103,1,4.400,
21383.3,heavy,3101,1,3.511,
21386.7,heavy,3102,1,1.193,
21390.0,heavy,3103,1,3.780,
21393.3,heavy,3101,1,4.591,
21396.7,heavy,3102,1,1.336,
21400.0,heavy,3103,1,8.526,
21400.0,light-1,3101,1,0.998,
21400.0,light-3,3103,1,2.400,
21400.0,light-4,3101,1,9.390,
21400.0,light-2,3102,1,10.067,
21400.0,light-5,3102,1,12.395,
21403.3,heavy,3103,1,5.523,
21406.7,heavy,3101,1,6.125,
21410.0,heavy,3102,1,2.722,
21413.3,heavy,3103,1,3.795,
21416.7,heavy,3101,1,3.548,
21420.0,heavy,3102,1,3.574,
21423.3,heavy,3103,1,4.092,
21426.7,heavy,3101,1,3.301,
21430.0,heavy,3102,1,1.423,
21433.3,heavy,3103,1,4.472,
21436.7,heavy,3101,1,3.165,
21440.0,heavy,3102,1,1.505,
21443.3,heavy,3103,1,5.166,
21446.7,heavy,3101,1,3.206,
21450.0,heavy,3102,1,1.371,
21453.3,heavy,3103,1,4.158,
21456.7,heavy,3101,1,3.407,
21460.0,heavy,3102,1,1.136,
21463.3,heavy,3103,1,3.710,
21466.7,heavy,3101,1,4.084,
21470.0,heavy,3102,1,1.576,
21473.3,heavy,3103,1,3.858,
21476.7,heavy,3101,1,3.385,
21480.0,heavy,3102,1,1.899,
21483.3,heavy,3103,1,3.919,
21486.7,heavy,3101,1,3.318,
21490.0,heavy,3102,1,1.245,
21493.3,heavy,3103,1,9.561,
21496.7,heavy,3101,1,9.937,
21500.0,heavy,3102,1,1.989,
21500.0,light-1,3101,1,2.586,
21500.0,light-3,3103,1,3.759,
21500.0,light-4,3101,1,11.465,
21500.0,light-2,3102,1,12.337,
21500.0,light-5,3102,1,16.179,
21503.3,heavy,3103,1,10.729,
21506.7,heavy,3103,1,12.865,
21510.0,heavy,3101,1,12.493,
21513.3,heavy,3102,1,9.550,
21516.7,heavy,3103,1,10.278,
21520.0,heavy,3101,1,7.707,
21523.3,heavy,3102,1,3.499,
21526.7,heavy,3103,1,3.763,
21530.0,heavy,3101,1,3.409,
21533.3,heavy,3102,1,1.661,
21536.7,heavy,3103,1,2.772,
21540.0,heavy,3101,1,4.306,
21543.3,heavy,3102,1,1.359,
21546.7,heavy,3103,1,4.107,
21550.0,heavy,3101,1,4.956,
21553.3,heavy,3102,1,2.421,
21556.7,heavy,3103,1,3.209,
21560.0,heavy,3101,1,3.656,
21563.3,heavy,3102,1,1.431,
21566.7,heavy,3103,1,3.793,
21570.0,heavy,3101,1,2.974,
21573.3,heavy,3102,1,1.634,
21576.7,heavy,3103,1,4.027,
21580.0,heavy,3101,1,3.344,
21583.3,heavy,3102,1,1.077,
21586.7,heavy,3103,1,2.791,
21590.0,heavy,3101,1,3.922,
21593.3,heavy,3102,1,2.113,
21596.7,heavy,3103,1,3.699,
21600.0,heavy,3101,1,5.965,
21600.0,light-2,3103,1,1.543,
21600.0,light-4,3102,1,4.087,
21600.0,light-5,3103,1,4.439,
21600.0,light-3,3101,1,5.025,
21600.0,light-1,3102,1,6.115,
21603.3,heavy,3101,1,4.079,
21606.7,heavy,3102,1,1.705,
21610.0,heavy,3103,1,3.124,
21613.3,heavy,3101,1,3.514,
21616.7,heavy,3102,1,1.451,
21620.0,heavy,3103,1,5.424,
21623.3,heavy,3101,1,4.354,
21626.7,heavy,3102,1,2.448,
21630.0,heavy,3103,1,5.929,
21633.3,heavy,3101,1,3.557,
21636.7,heavy,3102,0,1.587,
21640.0,heavy,3103,0,3.679,
21643.3,heavy,3101,1,3.052,
21646.7,heavy,3102,0,1.059,
21650.0,heavy,3103,0,6.285,
21653.3,heavy,3101,1,5.121,
21656.7,heavy,3102,1,1.316,
21660.0,heavy,3103,0,6.880,
21663.3,heavy,3101,0,5.867,
21666.7,heavy,3102,0,0.928,
21670.0,heavy,3103,0,4.831,
21673.3,heavy,3101,1,3.498,
21676.7,heavy,3102,1,1.609,
21680.0,heavy,3103,0,3.793,
21683.3,heavy,3101,0,3.378,
21686.7,heavy,3102,0,1.191,
21690.0,heavy,3103,1,3.719,
21693.3,heavy,3101,0,3.183,
21696.7,heavy,3102,1,1.298,
21700.0,heavy,3103,0,5.233,
21700.0,light-1,3101,1,1.131,
21700.0,light-3,3103,1,2.171,
21700.0,light-4,3101,1,5.263,
21700.0,light-2,3102,1,5.945,
21700.0,light-5,3102,1,8.330,
21703.3,heavy,3103,0,5.956,
21706.7,heavy,3101,1,3.460,
21710.0,heavy,3102,0,1.143,
21713.3,heavy,3103,0,3.063,
21716.7,heavy,3101,0,5.252,
21720.0,heavy,3102,1,1.957,
21723.3,heavy,3103,0,3.719,
21726.7,heavy,3101,0,3.540,
21730.0,heavy,3102,1,1.234,
21733.3,heavy,3103,0,3.367,
21736.7,heavy,3101,0,3.499,
21740.0,heavy,3102,1,1.241,
21743.3,heavy,3103,1,3.523,
21746.7,heavy,3101,0,3.750,
21750.0,heavy,3102,0,1.320,
21753.3,heavy,3103,0,3.419,
21756.7,heavy,3101,0,3.585,
21760.0,heavy,3102,1,1.180,
21763.3,heavy,3103,0,4.140,
21766.7,heavy,3101,1,2.914,
21770.0,heavy,3102,0,1.097,
21773.3,heavy,3103,1,3.677,
21776.7,heavy,3101,0,3.873,
21780.0,heavy,3102,0,1.166,
21783.3,heavy,3103,0,3.710,
21786.7,heavy,3101,0,3.101,
21790.0,heavy,3102,1,1.657,
21793.3,heavy,3103,0,5.488,
21796.7,heavy,3101,1,3.381,
21800.0,heavy,3102,0,1.271,
21800.0,light-5,3101,1,2.401,
21800.0,light-1,3103,1,4.300,
21800.0,light-2,3101,1,4.362,
21800.0,light-4,3103,1,5.379,
21800.0,light-3,3102,1,5.913,
21803.3,heavy,3102,0,3.199,
21806.7,heavy,3103,1,4.887,
21810.0,heavy,3101,0,4.058,
21813.3,heavy,3102,0,1.506,
21816.7,heavy,3103,0,3.665,
21820.0,heavy,3101,1,3.314,
21823.3,heavy,3102,0,1.457,
21826.7,heavy,3103,1,5.990,
21830.0,heavy,3101,0,6.405,
21833.3,heavy,3102,1,4.120,
21836.7,heavy,3103,0,6.377,
21840.0,heavy,3101,0,7.586,
21843.3,heavy,3102,0,1.981,
21846.7,heavy,3103,1,4.517,
21850.0,heavy,3101,0,3.381,
21853.3,heavy,3102,0,1.748,
21856.7,heavy,3103,1,5.940,
21860.0,heavy,3101,0,4.642,
21863.3,heavy,3102,0,1.773,
21866.7,heavy,3103,1,4.816,
21870.0,heavy,3101,0,4.872,
21873.3,heavy,3102,0,1.612,
21876.7,heavy,3103,0,3.125,
21880.0,heavy,3101,1,3.526,
21883.3,heavy,3102,0,1.311,
21886.7,heavy,3103,1,3.512,
21890.0,heavy,3101,0,3.403,
21893.3,heavy,3102,0,1.116,
21896.7,heavy,3103,0,6.475,
21900.0,heavy,3101,0,5.171,
21900.0,light-5,3101,1,3.086,
21900.0,light-1,3103,1,5.208,
21900.0,light-2,3101,1,5.547,
21900.0,light-3,3102,1,5.642,
21900.0,light-4,3103,1,6.566,
21903.3,heavy,3102,1,1.720,
21906.7,heavy,3102,0,1.563,
21910.0,heavy,3103,1,3.312,
21913.3,heavy,3101,0,2.883,
21916.7,heavy,3102,0,1.048,
21920.0,heavy,3103,1,3.161,
21923.3,heavy,3101,0,3.193,
21926.7,heavy,3102,0,1.360,
21930.0,heavy,3103,0,3.709,
21933.3,heavy,3101,1,3.021,
21936.7,heavy,3102,0,1.275,
21940.0,heavy,3103,1,3.207,
21943.3,heavy,3101,0,3.316,
21946.7,heavy,3102,0,1.226,
21950.0,heavy,3103,1,3.049,
21953.3,heavy,3101,0,3.512,
21956.7,heavy,3102,0,1.410,
21960.0,heavy,3103,1,3.454,
21963.3,heavy,3101,0,3.837,
21966.7,heavy,3102,1,1.136,
21970.0,heavy,3103,0,3.334,
21973.3,heavy,3101,0,3.455,
21976.7,heavy,3102,0,1.160,
21980.0,heavy,3103,1,3.452,
21983.3,heavy,3101,0,3.141,
21986.7,heavy,3102,0,1.577,
21990.0,heavy,3103,1,3.628,
21993.3,heavy,3101,0,2.856,
21996.7,heavy,3102,0,1.098,
22000.0,heavy,3103,0,7.235,
22000.0,light-1,3101,1,2.428,
22000.0,light-3,3103,1,3.368,
22000.0,light-4,3101,1,7.690,
22000.0,light-2,3102,1,8.655,
22000.0,light-5,3102,1,10.829,
22003.3,heavy,3101,1,6.764,
22006.7,heavy,3102,1,1.555,
22010.0,heavy,3103,0,8.327,
22013.3,heavy,3103,1,7.972,
22016.7,heavy,3101,0,6.985,
22020.0,heavy,3102,0,3.591,
22023.3,heavy,3103,0,3.248,
22026.7,heavy,3101,0,2.968,
22030.0,heavy,3102,1,1.230,
22033.3,heavy,3103,0,3.487,
22036.7,heavy,3101,0,3.423,
22040.0,heavy,3102,1,1.172,
22043.3,heavy,3103,0,5.437,
22046.7,heavy,3101,1,3.049,
22050.0,heavy,3102,0,1.276,
22053.3,heavy,3103,0,3.093,
22056.7,heavy,3101,1,3.593,
22060.0,heavy,3102,0,1.071,
22063.3,heavy,3103,0,3.719,
22066.7,heavy,3101,0,3.415,
22070.0,heavy,3102,1,1.144,
22073.3,heavy,3103,0,4.413,
22076.7,heavy,3101,1,4.270,
22080.0,heavy,3102,0,1.506,
22083.3,heavy,3103,0,4.313,
22086.7,heavy,3101,1,4.563,
22090.0,heavy,3102,0,1.557,
22093.3,heavy,3103,0,3.893,
22096.7,heavy,3101,1,4.171,
22100.0,heavy,3102,0,1.815,
22100.0,light-5,3101,1,2.938,
22100.0,light-2,3101,1,5.598,
22100.0,light-1,3103,1,6.279,
22100.0,light-3,3102,1,6.324,
22100.0,light-4,3103,1,6.395,
22103.3,heavy,3102,0,2.590,
22106.7,heavy,3103,1,4.875,
22110.0,heavy,3101,0,4.062,
22113.3,heavy,3102,0,1.485,
22116.7,heavy,3103,1,4.264,
22120.0,heavy,3101,0,3.517,
22123.3,heavy,3102,0,1.168,
22126.7,heavy,3103,0,3.632,
22130.0,heavy,3101,0,3.164,
22133.3,heavy,3102,1,1.307,
22136.7,heavy,3103,0,2.949,
22140.0,heavy,3101,1,2.706,
22143.3,heavy,3102,1,1.943,
22146.7,heavy,3103,0,4.309,
22150.0,heavy,3101,0,4.632,
22153.3,heavy,3102,0,2.894,
22156.7,heavy,3103,0,4.269,
22160.0,heavy,3101,0,3.514,
22163.3,heavy,3102,1,1.371,
22166.7,heavy,3103,1,4.921,
22170.0,heavy,3101,0,3.931,
22173.3,heavy,3102,0,3.682,
22176.7,heavy,3103,0,3.675,
22180.0,heavy,3101,0,14.333,
22183.3,heavy,3102,1,3.860,
22186.7,heavy,3103,1,7.409,
22190.0,heavy,3101,0,4.689,
22193.3,heavy,3102,0,1.164,
22196.7,heavy,3103,1,2.806,
22200.0,heavy,3101,0,6.022,
22200.0,light-2,3103,1,3.525,
22200.0,light-4,3102,1,3.612,
22200.0,light-5,3103,1,5.833,
22200.0,light-1,3102,1,6.168,
22200.0,light-3,3101,1,6.501,
22203.3,heavy,3101,1,6.500,
22206.7,heavy,3102,0,1.383,
22210.0,heavy,3103,0,3.369,
22213.3,heavy,3101,0,2.927,
22216.7,heavy,3102,0,1.184,
22220.0,heavy,3103,0,3.477,
22223.3,heavy,3101,1,3.934,
22226.7,heavy,3102,1,1.536,
22230.0,heavy,3103,0,3.345,
22233.3,heavy,3101,0,2.945,
22236.7,heavy,3102,0,1.262,
22240.0,heavy,3103,1,3.610,
22243.3,heavy,3101,0,3.454,
22246.7,heavy,3102,1,1.409,
22250.0,heavy,3103,0,4.044,
22253.3,heavy,3101,0,3.597,
22256.7,heavy,3102,0,1.346,
22260.0,heavy,3103,0,5.283,
22263.3,heavy,3101,1,4.387,
22266.7,heavy,3102,1,1.409,
22270.0,heavy,3103,0,5.790,
22273.3,heavy,3101,0,5.469,
22276.7,heavy,3102,0,1.278,
22280.0,heavy,3103,1,4.479,
22283.3,heavy,3101,0,5.206,
22286.7,heavy,3102,1,2.167,
22290.0,heavy,3103,0,4.631,
22293.3,heavy,3101,0,3.383,
22296.7,heavy,3102,0,1.216,
22300.0,heavy,3103,1,4.838,
22300.0,light-2,3103,1,2.465,
22300.0,light-4,3102,1,3.089,
22300.0,light-3,3101,1,5.434,
22300.0,light-1,3102,1,5.698,
22300.0,light-5,3103,1,5.677,
22303.3,heavy,3101,0,6.084,
22306.7,heavy,3101,1,4.248,
22310.0,heavy,3102,0,1.395,
22313.3,heavy,3103,0,3.556,
22316.7,heavy,3101,1,3.751,
22320.0,heavy,3102,0,1.597,
22323.3,heavy,3103,0,4.890,
22326.7,heavy,3101,0,4.059,
22330.0,heavy,3102,1,1.886,
22333.3,heavy,3103,0,5.893,
22336.7,heavy,3101,1,3.446,
22340.0,heavy,3102,0,1.166,
22343.3,heavy,3103,1,4.141,
22346.7,heavy,3101,0,4.694,
22350.0,heavy,3102,0,1.844,
22353.3,heavy,3103,0,3.569,
22356.7,heavy,3101,0,3.992,
22360.0,heavy,3102,1,1.494,
22363.3,heavy,3103,0,4.103,
22366.7,heavy,3101,1,3.691,
22370.0,heavy,3102,0,1.273,
22373.3,heavy,3103,0,3.520,
22376.7,heavy,3101,0,3.423,
22380.0,heavy,3102,1,1.156,
22383.3,heavy,3103,0,5.805,
22386.7,heavy,3101,0,9.475,
22390.0,heavy,3102,1,2.049,
22393.3,heavy,3103,1,7.154,
22396.7,heavy,3101,0,13.638,
22400.0,heavy,3102,0,2.033,
22400.0,light-5,3101,1,5.339,
22400.0,light-3,3102,1,7.992,
22400.0,light-4,3103,1,8.161,
22400.0,light-1,3103,1,9.217,
22400.0,light-2,3101,1,9.391,
22403.3,heavy,3102,0,2.278,
22406.7,heavy,3103,0,5.612,
22410.0,heavy,3101,1,4.521,
22413.3,heavy,3102,0,1.456,
22416.7,heavy,3103,0,4.212,
22420.0,heavy,3101,1,3.065,
22423.3,heavy,3102,0,1.466,
22426.7,heavy,3103,0,4.863,
22430.0,heavy,3101,0,8.307,
22433.3,heavy,3102,1,1.921,
22436.7,heavy,3103,0,5.500,
22440.0,heavy,3101,0,9.018,
22443.3,heavy,3102,1,2.425,
22446.7,heavy,3103,1,4.299,
22450.0,heavy,3101,0,3.690,
22453.3,heavy,3102,0,1.333,
22456.7,heavy,3103,1,3.895,
22460.0,heavy,3101,0,3.337,
22463.3,heavy,3102,0,1.269,
22466.7,heavy,3103,0,3.369,
22470.0,heavy,3101,1,3.510,
22473.3,heavy,3102,0,1.501,
22476.7,heavy,3103,1,4.783,
22480.0,heavy,3101,0,5.120,
22483.3,heavy,3102,1,1.721,
22486.7,heavy,3103,0,5.996,
22490.0,heavy,3101,0,5.524,
22493.3,heavy,3102,0,1.813,
22496.7,heavy,3103,1,8.620,
22500.0,heavy,3101,0,6.643,
22500.0,light-5,3101,1,3.686,
22500.0,light-1,3103,1,5.738,
22500.0,light-2,3101,1,6.110,
22500.0,light-4,3103,1,10.054,
22500.0,light-3,3102,1,10.549,
22503.3,heavy,3102,1,1.883,
22506.7,heavy,3102,0,6.599,
22510.0,heavy,3103,0,8.780,
22513.3,heavy,3101,0,5.100,
22516.7,heavy,3102,0,1.643,
22520.0,heavy,3103,1,4.031,
22523.3,heavy,3101,0,3.903,
22526.7,heavy,3102,1,1.185,
22530.0,heavy,3103,0,3.650,
22533.3,heavy,3101,0,4.123,
22536.7,heavy,3102,0,1.319,
22540.0,heavy,3103,1,3.397,
22543.3,heavy,3101,0,3.308,
22546.7,heavy,3102,0,1.621,
22550.0,heavy,3103,1,4.101,
22553.3,heavy,3101,0,4.433,
22556.7,heavy,3102,1,1.516,
22560.0,heavy,3103,0,4.466,
22563.3,heavy,3101,0,3.983,
22566.7,heavy,3102,1,1.064,
22570.0,heavy,3103,0,3.013,
22573.3,heavy,3101,0,3.984,
22576.7,heavy,3102,0,1.442,
22580.0,heavy,3103,1,4.249,
22583.3,heavy,3101,0,4.935,
22586.7,heavy,3102,1,1.584,
22590.0,heavy,3103,0,4.613,
22593.3,heavy,3101,0,4.018,
22596.7,heavy,3102,0,1.291,
22600.0,heavy,3103,1,4.961,
22600.0,light-2,3103,1,2.542,
22600.0,light-4,3102,1,3.328,
22600.0,light-5,3103,1,5.784,
22600.0,light-3,3101,1,6.091,
22600.0,light-1,3102,1,6.312,
22603.3,heavy,3101,1,6.620,
22606.7,heavy,3101,0,6.922,
22610.0,heavy,3102,0,1.253,
22613.3,heavy,3103,0,3.187,
22616.7,heavy,3101,0,3.296,
22620.0,heavy,3102,1,1.377,
22623.3,heavy,3103,1,5.193,
22626.7,heavy,3101,0,4.223,
22630.0,heavy,3102,1,1.493,
22633.3,heavy,3103,0,5.491,
22636.7,heavy,3101,0,7.975,
22640.0,heavy,3102,0,3.335,
22643.3,heavy,3103,0,3.644,
22646.7,heavy,3101,1,4.414,
22650.0,heavy,3102,0,1.704,
22653.3,heavy,3103,0,3.850,
22656.7,heavy,3101,1,4.269,
22660.0,heavy,3102,0,1.474,
22663.3,heavy,3103,0,3.843,
22666.7,heavy,3101,1,4.390,
22670.0,heavy,3102,0,1.552,
22673.3,heavy,3103,0,4.493,
22676.7,heavy,3101,1,3.981,
22680.0,heavy,3102,0,1.221,
22683.3,heavy,3103,0,3.335,
22686.7,heavy,3101,0,3.155,
22690.0,heavy,3102,1,1.131,
22693.3,heavy,3103,1,3.521,
22696.7,heavy,3101,0,4.357,
22700.0,heavy,3102,0,1.457,
22700.0,light-5,3101,1,2.634,
22700.0,light-1,3103,1,4.616,
22700.0,light-2,3101,1,4.853,
22700.0,light-4,3103,1,5.876,
22700.0,light-3,3102,1,6.343,
22703.3,heavy,3102,0,2.177,
22706.7,heavy,3103,1,4.719,
22710.0,heavy,3101,0,3.368,
22713.3,heavy,3102,0,1.118,
22716.7,heavy,3103,1,3.762,
22720.0,heavy,3101,0,4.015,
22723.3,heavy,3102,1,1.516,
22726.7,heavy,3103,0,4.588,
22730.0,heavy,3101,0,4.709,
22733.3,heavy,3102,0,0.980,
22736.7,heavy,3103,0,4.037,
22740.0,heavy,3101,0,3.128,
22743.3,heavy,3102,1,1.134,
22746.7,heavy,3103,0,4.755,
22750.0,heavy,3101,1,3.616,
22753.3,heavy,3102,0,1.140,
22756.7,heavy,3103,0,4.522,
22760.0,heavy,3101,1,3.674,
22763.3,heavy,3102,0,1.018,
22766.7,heavy,3103,1,4.148,
22770.0,heavy,3101,0,3.209,
22773.3,heavy,3102,1,1.594,
22776.7,heavy,3103,0,5.136,
22780.0,heavy,3101,0,3.369,
22783.3,heavy,3102,0,1.201,
22786.7,heavy,3103,0,2.948,
22790.0,heavy,3101,0,2.828,
22793.3,heavy,3102,1,0.897,
22796.7,heavy,3103,1,6.200,
22800.0,heavy,3101,0,6.503,
22800.0,light-1,3101,1,2.316,
22800.0,light-3,3103,1,3.042,
22800.0,light-4,3101,1,6.470,
22800.0,light-5,3102,1,6.510,
22800.0,light-2,3102,1,8.006,
22803.3,heavy,3102,1,1.730,
22806.7,heavy,3103,0,6.572,
22810.0,heavy,3103,0,5.723,
22813.3,heavy,3101,0,3.551,
22816.7,heavy,3102,0,0.784,
22820.0,heavy,3103,1,4.334,
22823.3,heavy,3101,0,3.263,
22826.7,heavy,3102,0,1.219,
22830.0,heavy,3103,1,3.338,
22833.3,heavy,3101,0,2.923,
22836.7,heavy,3102,0,1.204,
22840.0,heavy,3103,1,4.406,
22843.3,heavy,3101,0,4.754,
22846.7,heavy,3102,1,1.305,
22850.0,heavy,3103,0,5.067,
22853.3,heavy,3101,0,4.875,
22856.7,heavy,3102,0,1.084,
22860.0,heavy,3103,1,4.846,
22863.3,heavy,3101,0,3.962,
22866.7,heavy,3102,1,1.375,
22870.0,heavy,3103,0,5.284,
22873.3,heavy,3101,0,3.279,
22876.7,heavy,3102,0,1.267,
22880.0,heavy,3103,0,3.704,
22883.3,heavy,3101,1,2.812,
22886.7,heavy,3102,0,1.168,
22890.0,heavy,3103,1,6.671,
22893.3,heavy,3101,0,6.998,
22896.7,heavy,3102,1,1.848,
22900.0,heavy,3103,0,7.508,
22900.0,light-1,3101,1,2.938,
22900.0,light-3,3103,1,3.480,
22900.0,light-2,3102,1,7.246,
22900.0,light-4,3101,1,7.286,
22900.0,light-5,3102,1,9.601,
22903.3,heavy,3103,0,6.352,
22906.7,heavy,3101,1,4.594,
22910.0,heavy,3102,0,0.993,
22913.3,heavy,3103,0,3.260,
22916.7,heavy,3101,1,3.774,
22920.0,heavy,3102,0,1.240,
22923.3,heavy,3103,0,3.346,
22926.7,heavy,3101,0,3.803,
22930.0,heavy,3102,1,1.290,
22933.3,heavy,3103,0,4.030,
22936.7,heavy,3101,0,4.287,
22940.0,heavy,3102,1,1.387,
22943.3,heavy,3103,1,4.330,
22946.7,heavy,3101,0,3.407,
22950.0,heavy,3102,0,1.515,
22953.3,heavy,3103,0,5.050,
22956.7,heavy,3101,0,3.824,
22960.0,heavy,3102,1,1.443,
22963.3,heavy,3103,0,4.830,
22966.7,heavy,3101,0,3.310,
22970.0,heavy,3102,1,1.168,
22973.3,heavy,3103,1,4.208,
22976.7,heavy,3101,0,3.429,
22980.0,heavy,3102,0,1.073,
22983.3,heavy,3103,0,3.509,
22986.7,heavy,3101,0,3.178,
22990.0,heavy,3102,1,1.315,
22993.3,heavy,3103,0,2.757,
22996.7,heavy,3101,1,7.470,
23000.0,heavy,3102,1,1.662,
23000.0,light-2,3103,1,2.644,
23000.0,light-4,3102,1,2.968,
23000.0,light-1,3102,1,7.578,
23000.0,light-5,3103,1,8.259,
23000.0,light-3,3101,1,9.350,
23003.3,heavy,3103,0,4.872,
23006.7,heavy,3101,0,8.410,
23010.0,heavy,3101,0,9.369,
23013.3,heavy,3102,0,0.898,
23016.7,heavy,3103,0,4.494,
23020.0,heavy,3101,1,3.155,
23023.3,heavy,3102,0,1.028,
23026.7,heavy,3103,1,4.271,
23030.0,heavy,3101,0,4.725,
23033.3,heavy,3102,1,1.329,
23036.7,heavy,3103,0,4.834,
23040.0,heavy,3101,0,3.923,
23043.3,heavy,3102,0,1.092,
23046.7,heavy,3103,0,3.475,
23050.0,heavy,3101,0,3.731,
23053.3,heavy,3102,1,1.325,
23056.7,heavy,3103,0,3.252,
23060.0,heavy,3101,1,3.230,
23063.3,heavy,3102,0,1.349,
23066.7,heavy,3103,0,4.355,
23070.0,heavy,3101,1,3.330,
23073.3,heavy,3102,0,1.143,
23076.7,heavy,3103,0,2.952,
23080.0,heavy,3101,1,4.920,
23083.3,heavy,3102,1,1.737,
23086.7,heavy,3103,0,3.906,
23090.0,heavy,3101,0,3.156,
23093.3,heavy,3102,0,1.316,
23096.7,heavy,3103,0,5.884,
23100.0,heavy,3101,0,4.626,
23100.0,light-5,3101,1,3.473,
23100.0,light-2,3101,1,5.250,
23100.0,light-3,3102,1,5.644,
23100.0,light-1,3103,1,6.007,
23100.0,light-4,3103,1,7.281,
23103.3,heavy,3102,1,1.839,
23106.7,heavy,3102,0,1.107,
23110.0,heavy,3103,1,2.782,
23113.3,heavy,3101,0,3.160,
23116.7,heavy,3102,0,1.079,
23120.0,heavy,3103,1,5.220,
23123.3,heavy,3101,0,4.219,
23126.7,heavy,3102,1,1.682,
23130.0,heavy,3103,0,4.875,
23133.3,heavy,3101,0,4.689,
23136.7,heavy,3102,0,1.069,
23140.0,heavy,3103,1,3.776,
23143.3,heavy,3101,0,3.224,
23146.7,heavy,3102,1,1.156,
23150.0,heavy,3103,0,3.318,
23153.3,heavy,3101,0,3.573,
23156.7,heavy,3102,0,1.292,
23160.0,heavy,3103,1,3.726,
23163.3,heavy,3101,0,3.919,
23166.7,heavy,3102,0,0.918,
23170.0,heavy,3103,1,6.130,
23173.3,heavy,3101,0,3.898,
23176.7,heavy,3102,1,1.535,
23180.0,heavy,3103,0,6.543,
23183.3,heavy,3101,0,3.067,
23186.7,heavy,3102,0,1.088,
23190.0,heavy,3103,1,3.705,
23193.3,heavy,3101,0,4.718,
23196.7,heavy,3102,1,1.478,
23200.0,heavy,3103,0,5.697,
23200.0,light-1,3101,1,1.386,
23200.0,light-3,3103,1,2.753,
23200.0,light-4,3101,1,6.131,
23200.0,light-2,3102,1,6.424,
23200.0,light-5,3102,1,7.270,
23203.3,heavy,3103,0,5.250,
23206.7,heavy,3101,1,4.927,
23210.0,heavy,3102,0,1.023,
23213.3,heavy,3103,0,4.381,
23216.7,heavy,3101,0,4.495,
23220.0,heavy,3102,1,1.435,
23223.3,heavy,3103,0,4.732,
23226.7,heavy,3101,0,3.807,
23230.0,heavy,3102,1,1.242,
23233.3,heavy,3103,0,3.464,
23236.7,heavy,3101,0,3.812,
23240.0,heavy,3102,1,1.250,
23243.3,heavy,3103,0,3.404,
23246.7,heavy,3101,0,2.948,
23250.0,heavy,3102,1,1.024,
23253.3,heavy,3103,0,3.916,
23256.7,heavy,3101,1,3.104,
23260.0,heavy,3102,0,1.267,
23263.3,heavy,3103,0,3.319,
23266.7,heavy,3101,0,2.995,
23270.0,heavy,3102,1,1.020,
23273.3,heavy,3103,0,4.313,
23276.7,heavy,3101,0,4.530,
23280.0,heavy,3102,1,1.272,
23283.3,heavy,3103,0,4.729,
23286.7,heavy,3101,0,4.426,
23290.0,heavy,3102,1,1.009,
23293.3,heavy,3103,0,5.660,
23296.7,heavy,3101,0,4.492,
23300.0,heavy,3102,1,1.203,
23300.0,light-5,3101,1,2.957,
23300.0,light-2,3101,1,5.664,
23300.0,light-3,3102,1,5.812,
23300.0,light-1,3103,1,6.067,
23300.0,light-4,3103,1,7.176,
23303.3,heavy,3102,0,1.385,
23306.7,heavy,3103,1,4.790,
23310.0,heavy,3101,0,3.818,
23313.3,heavy,3102,0,1.494,
23316.7,heavy,3103,0,2.198,
23320.0,heavy,3101,1,3.872,
23323.3,heavy,3102,1,1.280,
23326.7,heavy,3103,0,3.386,
23330.0,heavy,3101,0,4.343,
23333.3,heavy,3102,0,1.115,
23336.7,heavy,3103,0,3.222,
23340.0,heavy,3101,1,3.356,
23343.3,heavy,3102,0,1.047,
23346.7,heavy,3103,0,2.934,
23350.0,heavy,3101,1,3.316,
23353.3,heavy,3102,0,1.261,
23356.7,heavy,3103,0,3.231,
23360.0,heavy,3101,0,3.383,
23363.3,heavy,3102,1,1.474,
23366.7,heavy,3103,0,2.764,
23370.0,heavy,3101,1,3.484,
23373.3,heavy,3102,0,0.982,
23376.7,heavy,3103,1,3.891,
23380.0,heavy,3101,0,3.170,
23383.3,heavy,3102,0,0.852,
23386.7,heavy,3103,0,4.332,
23390.0,heavy,3101,0,3.254,
23393.3,heavy,3102,1,1.298,
23396.7,heavy,3103,0,3.253,
23400.0,heavy,3101,0,9.314,
23400.0,light-2,3103,1,2.321,
23400.0,light-4,3102,1,3.209,
23400.0,light-1,3102,1,8.109,
23400.0,light-5,3103,1,8.590,
23400.0,light-3,3101,1,10.898,
23403.3,heavy,3102,1,1.512,
23406.7,heavy,3103,1,4.700,
23410.0,heavy,3101,0,10.061,
23413.3,heavy,3101,1,8.614,
23416.7,heavy,3102,0,1.015,
23420.0,heavy,3103,0,2.923,
23423.3,heavy,3101,0,2.909,
23426.7,heavy,3102,0,0.833,
23430.0,heavy,3103,0,4.329,
23433.3,heavy,3101,1,3.534,
23436.7,heavy,3102,1,1.688,
23440.0,heavy,3103,0,4.951,
23443.3,heavy,3101,0,2.899,
23446.7,heavy,3102,0,1.240,
23450.0,heavy,3103,1,4.285,
23453.3,heavy,3101,0,4.588,
23456.7,heavy,3102,1,2.290,
23460.0,heavy,3103,0,2.820,
23463.3,heavy,3101,0,3.057,
23466.7,heavy,3102,0,0.955,
23470.0,heavy,3103,1,3.571,
23473.3,heavy,3101,0,2.963,
23476.7,heavy,3102,0,1.039,
23480.0,heavy,3103,1,4.631,
23483.3,heavy,3101,0,3.894,
23486.7,heavy,3102,1,1.540,
23490.0,heavy,3103,0,4.017,
23493.3,heavy,3101,0,2.998,
23496.7,heavy,3102,1,1.589,
23500.0,heavy,3103,0,6.546,
23500.0,light-2,3103,1,3.096,
23500.0,light-4,3102,1,3.604,
23500.0,light-1,3102,1,7.032,
23500.0,light-3,3101,1,7.300,
23500.0,light-5,3103,1,7.404,
23503.3,heavy,3101,0,7.258,
23506.7,heavy,3101,1,4.814,
23510.0,heavy,3102,0,1.191,
23513.3,heavy,3103,0,4.242,
23516.7,heavy,3101,1,3.454,
23520.0,heavy,3102,0,0.919,
23523.3,heavy,3103,0,3.148,
23526.7,heavy,3101,0,3.193,
23530.0,heavy,3102,1,1.115,
23533.3,heavy,3103,0,3.467,
23536.7,heavy,3101,0,2.693,
23540.0,heavy,3102,1,1.086,
23543.3,heavy,3103,0,3.094,
23546.7,heavy,3101,0,3.344,
23550.0,heavy,3102,1,1.213,
23553.3,heavy,3103,0,3.006,
23556.7,heavy,3101,0,4.496,
23560.0,heavy,3102,1,1.361,
23563.3,heavy,3103,0,3.962,
23566.7,heavy,3101,0,3.717,
23570.0,heavy,3102,1,0.926,
23573.3,heavy,3103,0,4.840,
23576.7,heavy,3101,0,4.248,
23580.0,heavy,3102,1,1.377,
23583.3,heavy,3103,0,3.996,
23586.7,heavy,3101,0,3.523,
23590.0,heavy,3102,1,1.474,
23593.3,heavy,3103,0,4.213,
23596.7,heavy,3101,1,5.918,
23600.0,heavy,3102,0,1.617,
23600.0,light-5,3101,1,3.224,
23600.0,light-3,3102,1,6.107,
23600.0,light-1,3103,1,6.891,
23600.0,light-2,3101,1,6.940,
23600.0,light-4,3103,1,6.907,
23603.3,heavy,3102,0,1.104,
23606.7,heavy,3103,1,3.744,
23610.0,heavy,3101,0,3.424,
23613.3,heavy,3102,0,1.460,
23616.7,heavy,3103,0,5.053,
23620.0,heavy,3101,1,4.169,
23623.3,heavy,3102,1,1.738,
23626.7,heavy,3103,0,5.209,
23630.0,heavy,3101,0,3.798,
23633.3,heavy,3102,0,1.091,
23636.7,heavy,3103,0,3.641,
23640.0,heavy,3101,1,3.495,
23643.3,heavy,3102,0,1.084,
23646.7,heavy,3103,0,5.591,
23650.0,heavy,3101,1,3.392,
23653.3,heavy,3102,1,1.199,
23656.7,heavy,3103,0,5.876,
23660.0,heavy,3101,0,3.219,
23663.3,heavy,3102,0,1.100,
23666.7,heavy,3103,0,3.653,
23670.0,heavy,3101,0,3.240,
23673.3,heavy,3102,1,1.011,
23676.7,heavy,3103,0,5.427,
23680.0,heavy,3101,1,4.484,
23683.3,heavy,3102,1,2.254,
23686.7,heavy,3103,0,5.706,
23690.0,heavy,3101,0,4.399,
23693.3,heavy,3102,0,1.384,
23696.7,heavy,3103,0,4.746,
23700.0,heavy,3101,1,5.757,
23700.0,light-2,3103,1,2.271,
23700.0,light-4,3102,1,2.817,
23700.0,light-1,3102,1,4.822,
23700.0,light-5,3103,1,5.692,
23700.0,light-3,3101,1,6.301,
23703.3,heavy,3101,0,5.164,
23706.7,heavy,3102,0,1.577,
23710.0,heavy,3103,1,2.868,
23713.3,heavy,3101,0,2.845,
23716.7,heavy,3102,0,0.772,
23720.0,heavy,3103,0,4.559,
23723.3,heavy,3101,1,4.147,
23726.7,heavy,3102,1,1.406,
23730.0,heavy,3103,0,4.887,
23733.3,heavy,3101,0,5.043,
23736.7,heavy,3102,0,1.026,
23740.0,heavy,3103,1,4.025,
23743.3,heavy,3101,0,3.329,
23746.7,heavy,3102,1,1.314,
23750.0,heavy,3103,0,2.854,
23753.3,heavy,3101,0,3.274,
23756.7,heavy,3102,0,0.976,
23760.0,heavy,3103,1,3.658,
23763.3,heavy,3101,0,3.810,
23766.7,heavy,3102,0,1.003,
23770.0,heavy,3103,1,4.647,
23773.3,heavy,3101,0,3.721,
23776.7,heavy,3102,1,1.380,
23780.0,heavy,3103,0,4.770,
23783.3,heavy,3101,0,2.805,
23786.7,heavy,3102,0,0.885,
23790.0,heavy,3103,1,3.539,
23793.3,heavy,3101,0,3.934,
23796.7,heavy,3102,1,1.730,
23800.0,heavy,3103,0,5.999,
23800.0,light-1,3101,1,1.220,
23800.0,light-3,3103,1,2.396,
23800.0,light-4,3101,1,5.440,
23800.0,light-2,3102,1,6.328,
23800.0,light-5,3102,1,6.323,
23803.3,heavy,3103,0,3.006,
23806.7,heavy,3101,1,2.628,
23810.0,heavy,3102,0,2.460,
23813.3,heavy,3103,0,3.434,
23816.7,heavy,3101,0,3.325,
23820.0,heavy,3102,1,1.113,
23823.3,heavy,3103,0,3.114,
23826.7,heavy,3101,1,3.012,
23830.0,heavy,3102,0,1.144,
23833.3,heavy,3103,0,3.593,
23836.7,heavy,3101,0,3.447,
23840.0,heavy,3102,1,1.043,
23843.3,heavy,3103,0,4.033,
23846.7,heavy,3101,0,4.214,
23850.0,heavy,3102,1,1.203,
23853.3,heavy,3103,0,4.476,
23856.7,heavy,3101,1,4.210,
23860.0,heavy,3102,0,0.946,
23863.3,heavy,3103,0,4.333,
23866.7,heavy,3101,0,3.092,
23870.0,heavy,3102,1,1.303,
23873.3,heavy,3103,0,3.472,
23876.7,heavy,3101,0,3.076,
23880.0,heavy,3102,1,1.597,
23883.3,heavy,3103,1,3.309,
23886.7,heavy,3101,0,3.309,
23890.0,heavy,3102,0,1.684,
23893.3,heavy,3103,0,7.110,
23896.7,heavy,3101,0,6.283,
23900.0,heavy,3102,1,1.643,
23900.0,light-1,3101,1,2.806,
23900.0,light-3,3103,1,3.808,
23900.0,light-2,3102,1,6.844,
23900.0,light-4,3101,1,6.950,
23900.0,light-5,3102,1,7.711,
23903.3,heavy,3103,0,7.217,
23906.7,heavy,3103,1,6.469,
23910.0,heavy,3101,0,3.340,
23913.3,heavy,3102,1,1.661,
23916.7,heavy,3103,0,2.960,
23920.0,heavy,3101,0,2.402,
23923.3,heavy,3102,0,0.867,
23926.7,heavy,3103,0,7.344,
23930.0,heavy,3101,0,5.776,
23933.3,heavy,3102,1,4.012,
23936.7,heavy,3103,1,3.932,
23940.0,heavy,3101,0,3.517,
23943.3,heavy,3102,0,1.254,
23946.7,heavy,3103,1,3.543,
23950.0,heavy,3101,0,3.972,
23953.3,heavy,3102,0,1.053,
23956.7,heavy,3103,0,3.778,
23960.0,heavy,3101,0,3.588,
23963.3,heavy,3102,1,2.180,
23966.7,heavy,3103,1,3.394,
23970.0,heavy,3101,0,2.534,
23973.3,heavy,3102,0,1.117,
23976.7,heavy,3103,0,4.538,
23980.0,heavy,3101,1,3.681,
23983.3,heavy,3102,0,1.097,
23986.7,heavy,3103,0,4.192,
23990.0,heavy,3101,0,3.001,
23993.3,heavy,3102,1,1.319,
23996.7,heavy,3103,0,3.577,
24000.0,heavy,3101,1,5.630,
24000.0,light-2,3103,1,1.170,
24000.0,light-4,3102,1,2.918,
24000.0,light-5,3103,1,5.896,
24000.0,light-1,3102,1,6.237,
24000.0,light-3,3101,1,7.710,
24003.3,heavy,3101,0,5.718,
24006.7,heavy,3102,0,0.831,
24010.0,heavy,3103,1,3.769,
24013.3,heavy,3101,0,3.302,
24016.7,heavy,3102,0,1.116,
24020.0,heavy,3103,0,3.280,
24023.3,heavy,3101,0,3.539,
24026.7,heavy,3102,1,1.210,
24030.0,heavy,3103,1,3.018,
24033.3,heavy,3101,0,2.847,
24036.7,heavy,3102,1,1.671,
24040.0,heavy,3103,0,3.294,
24043.3,heavy,3101,0,2.917,
24046.7,heavy,3102,0,0.863,
24050.0,heavy,3103,1,3.010,
24053.3,heavy,3101,0,3.226,
24056.7,heavy,3102,1,1.235,
24060.0,heavy,3103,0,2.418,
24063.3,heavy,3101,0,3.318,
24066.7,heavy,3102,0,1.148,
24070.0,heavy,3103,0,4.066,
24073.3,heavy,3101,1,3.253,
24076.7,heavy,3102,0,1.049,
24080.0,heavy,3103,0,4.302,
24083.3,heavy,3101,1,3.185,
24086.7,heavy,3102,1,1.270,
24090.0,heavy,3103,0,3.800,
24093.3,heavy,3101,0,2.798,
24096.7,heavy,3102,1,1.847,
24100.0,heavy,3103,0,5.672,
24100.0,light-2,3103,1,2.836,
24100.0,light-4,3102,1,3.306,
24100.0,light-1,3102,1,6.282,
24100.0,light-5,3103,1,7.188,
24100.0,light-3,3101,1,7.426,
24103.3,heavy,3101,0,7.309,
24106.7,heavy,3101,1,5.926,
24110.0,heavy,3102,0,1.306,
24113.3,heavy,3103,0,3.379,
24116.7,heavy,3101,0,3.399,
24120.0,heavy,3102,1,1.275,
24123.3,heavy,3103,1,4.725,
24126.7,heavy,3101,0,4.592,
24130.0,heavy,3102,1,5.496,
24133.3,heavy,3103,0,7.712,
24136.7,heavy,3101,0,4.959,
24140.0,heavy,3102,0,2.036,
24143.3,heavy,3103,0,3.307,
24146.7,heavy,3101,0,3.019,
24150.0,heavy,3102,1,2.140,
24153.3,heavy,3103,0,5.158,
24156.7,heavy,3101,0,5.676,
24160.0,heavy,3102,1,2.282,
24163.3,heavy,3103,0,5.717,
24166.7,heavy,3101,1,5.130,
24170.0,heavy,3102,0,0.880,
24173.3,heavy,3103,0,3.704,
24176.7,heavy,3101,0,3.921,
24180.0,heavy,3102,1,1.624,
24183.3,heavy,3103,0,3.172,
24186.7,heavy,3101,0,3.204,
24190.0,heavy,3102,1,1.201,
24193.3,heavy,3103,0,5.694,
24196.7,heavy,3101,0,4.097,
24200.0,heavy,3102,1,1.514,
24200.0,light-5,3101,1,2.256,
24200.0,light-2,3101,1,4.346,
24200.0,light-1,3103,1,4.659,
24200.0,light-3,3102,1,4.789,
24200.0,light-4,3103,1,5.205,
24203.3,heavy,3102,0,1.535,
24206.7,heavy,3103,1,3.628,
24210.0,heavy,3101,0,4.081,
24213.3,heavy,3102,0,1.208,
24216.7,heavy,3103,0,3.530,
24220.0,heavy,3101,1,3.861,
24223.3,heavy,3102,0,1.483,
24226.7,heavy,3103,1,3.789,
24230.0,heavy,3101,0,2.792,
24233.3,heavy,3102,0,1.418,
24236.7,heavy,3103,0,3.112,
24240.0,heavy,3101,0,3.328,
24243.3,heavy,3102,1,1.215,
24246.7,heavy,3103,0,2.174,
24250.0,heavy,3101,0,3.584,
24253.3,heavy,3102,1,1.117,
24256.7,heavy,3103,1,2.695,
24260.0,heavy,3101,0,2.613,
24263.3,heavy,3102,0,1.370,
24266.7,heavy,3103,0,4.284,
24270.0,heavy,3101,0,3.435,
24273.3,heavy,3102,1,1.440,
24276.7,heavy,3103,0,2.627,
24280.0,heavy,3101,1,2.562,
24283.3,heavy,3102,1,1.380,
24286.7,heavy,3103,0,3.277,
24290.0,heavy,3101,0,2.838,
24293.3,heavy,3102,0,1.399,
24296.7,heavy,3103,0,6.782,
24300.0,heavy,3101,0,4.865,
24300.0,light-5,3101,1,3.159,
24300.0,light-2,3101,1,5.952,
24300.0,light-3,3102,1,6.362,
24300.0,light-1,3103,1,6.690,
24300.0,light-4,3103,1,7.778,
24303.3,heavy,3102,1,1.566,
24306.7,heavy,3102,0,1.124,
24310.0,heavy,3103,1,4.494,
24313.3,heavy,3101,0,3.137,
24316.7,heavy,3102,0,1.167,
24320.0,heavy,3103,1,2.891,
24323.3,heavy,3101,0,4.105,
24326.7,heavy,3102,1,1.337,
24330.0,heavy,3103,0,3.058,
24333.3,heavy,3101,0,4.406,
24336.7,heavy,3102,0,0.896,
24340.0,heavy,3103,1,3.392,
24343.3,heavy,3101,0,3.023,
24346.7,heavy,3102,1,1.447,
24350.0,heavy,3103,0,3.148,
24353.3,heavy,3101,0,2.913,
24356.7,heavy,3102,0,1.360,
24360.0,heavy,3103,0,3.115,
24363.3,heavy,3101,0,3.348,
24366.7,heavy,3102,1,1.242,
24370.0,heavy,3103,1,2.817,
24373.3,heavy,3101,0,4.929,
24376.7,heavy,3102,1,1.347,
24380.0,heavy,3103,0,3.704,
24383.3,heavy,3101,0,4.752,
24386.7,heavy,3102,0,1.300,
24390.0,heavy,3103,1,2.987,
24393.3,heavy,3101,0,4.436,
24396.7,heavy,3102,1,1.132,
24400.0,heavy,3103,0,5.227,
24400.0,light-1,3101,1,1.157,
24400.0,light-3,3103,1,3.428,
24400.0,light-4,3101,1,4.733,
24400.0,light-2,3102,1,5.293,
24400.0,light-5,3102,1,6.446,
24403.3,heavy,3103,0,5.676,
24406.7,heavy,3101,0,3.675,
24410.0,heavy,3102,1,1.154,
24413.3,heavy,3103,0,3.409,
24416.7,heavy,3101,0,3.300,
24420.0,heavy,3102,1,1.381,
24423.3,heavy,3103,1,3.337,
24426.7,heavy,3101,0,3.570,
24430.0,heavy,3102,0,0.863,
24433.3,heavy,3103,0,2.823,
24436.7,heavy,3101,0,4.106,
24440.0,heavy,3102,1,1.368,
24443.3,heavy,3103,0,3.509,
24446.7,heavy,3101,0,3.200,
24450.0,heavy,3102,1,1.380,
24453.3,heavy,3103,0,3.021,
24456.7,heavy,3101,0,3.492,
24460.0,heavy,3102,1,1.324,
24463.3,heavy,3103,0,3.084,
24466.7,heavy,3101,0,3.278,
24470.0,heavy,3102,1,1.558,
24473.3,heavy,3103,0,3.514,
24476.7,heavy,3101,0,3.796,
24480.0,heavy,3102,1,1.371,
24483.3,heavy,3103,0,3.889,
24486.7,heavy,3101,1,3.868,
24490.0,heavy,3102,0,1.349,
24493.3,heavy,3103,1,6.676,
24496.7,heavy,3101,0,7.327,
24500.0,heavy,3102,1,1.781,
24500.0,light-4,3102,1,3.464,
24500.0,light-2,3103,1,4.156,
24500.0,light-1,3102,1,6.859,
24500.0,light-5,3103,1,8.495,
24500.0,light-3,3101,1,8.929,
24503.3,heavy,3103,0,7.740,
24506.7,heavy,3101,0,8.463,
24510.0,heavy,3101,0,6.112,
24513.3,heavy,3102,0,1.288,
24516.7,heavy,3103,0,4.387,
24520.0,heavy,3101,1,3.600,
24523.3,heavy,3102,0,1.021,
24526.7,heavy,3103,0,2.612,
24530.0,heavy,3101,1,2.742,
24533.3,heavy,3102,0,1.582,
24536.7,heavy,3103,1,3.238,
24540.0,heavy,3101,0,4.018,
24543.3,heavy,3102,0,1.690,
24546.7,heavy,3103,0,3.348,
24550.0,heavy,3101,1,2.957,
24553.3,heavy,3102,0,1.192,
24556.7,heavy,3103,1,3.867,
24560.0,heavy,3101,0,16.698,
24563.3,heavy,3102,1,1.184,
24566.7,heavy,3103,0,4.006,
24570.0,heavy,3101,0,17.326,
24573.3,heavy,3102,0,0.940,
24576.7,heavy,3103,1,3.813,
24580.0,heavy,3101,0,8.684,
24583.3,heavy,3102,0,1.450,
24586.7,heavy,3103,0,2.969,
24590.0,heavy,3101,1,3.086,
24593.3,heavy,3102,0,1.051,
24596.7,heavy,3103,1,3.253,
24600.0,heavy,3101,0,6.524,
24600.0,light-2,3103,1,1.177,
24600.0,light-4,3102,1,2.808,
24600.0,light-1,3102,1,7.253,
24600.0,light-5,3103,1,7.494,
24600.0,light-3,3101,1,7.678,
24603.3,heavy,3101,0,7.031,
24606.7,heavy,3102,0,1.706,
24610.0,heavy,3103,1,2.427,
24613.3,heavy,3101,0,3.417,
24616.7,heavy,3102,0,0.951,
24620.0,heavy,3103,1,4.310,
24623.3,heavy,3101,0,3.471,
24626.7,heavy,3102,1,1.578,
24630.0,heavy,3103,0,3.626,
24633.3,heavy,3101,0,3.167,
24636.7,heavy,3102,0,0.979,
24640.0,heavy,3103,1,3.445,
24643.3,heavy,3101,0,3.721,
24646.7,heavy,3102,0,1.109,
24650.0,heavy,3103,0,4.689,
24653.3,heavy,3101,1,3.853,
24656.7,heavy,3102,1,1.629,
24660.0,heavy,3103,0,5.200,
24663.3,heavy,3101,0,3.517,
24666.7,heavy,3102,0,1.142,
24670.0,heavy,3103,0,4.718,
24673.3,heavy,3101,1,3.641,
24676.7,heavy,3102,1,1.332,
24680.0,heavy,3103,0,3.535,
24683.3,heavy,3101,0,4.046,
24686.7,heavy,3102,0,1.459,
24690.0,heavy,3103,1,3.854,
24693.3,heavy,3101,0,3.416,
24696.7,heavy,3102,0,1.226,
24700.0,heavy,3103,1,5.021,
24700.0,light-1,3101,1,2.094,
24700.0,light-3,3103,1,3.507,
24700.0,light-4,3101,1,6.278,
24700.0,light-2,3102,1,6.947,
24700.0,light-5,3102,1,7.552,
24703.3,heavy,3103,0,5.552,
24706.7,heavy,3101,0,2.946,
24710.0,heavy,3102,1,1.381,
24713.3,heavy,3103,0,3.964,
24716.7,heavy,3101,0,3.350,
24720.0,heavy,3102,1,1.604,
24723.3,heavy,3103,0,3.952,
24726.7,heavy,3101,0,3.431,
24730.0,heavy,3102,1,1.152,
24733.3,heavy,3103,0,3.965,
24736.7,heavy,3101,1,3.007,
24740.0,heavy,3102,0,1.041,
24743.3,heavy,3103,0,4.860,
24746.7,heavy,3101,0,3.295,
24750.0,heavy,3102,1,1.155,
24753.3,heavy,3103,0,4.404,
24756.7,heavy,3101,0,3.249,
24760.0,heavy,3102,1,1.004,
24763.3,heavy,3103,1,3.666,
24766.7,heavy,3101,0,3.918,
24770.0,heavy,3102,0,0.897,
24773.3,heavy,3103,0,4.176,
24776.7,heavy,3101,0,3.412,
24780.0,heavy,3102,1,1.233,
24783.3,heavy,3103,0,4.928,
24786.7,heavy,3101,0,2.854,
24790.0,heavy,3102,1,1.208,
24793.3,heavy,3103,0,6.118,
24796.7,heavy,3101,0,4.889,
24800.0,heavy,3102,1,1.361,
24800.0,light-5,3101,1,2.789,
24800.0,light-2,3101,1,5.538,
24800.0,light-3,3102,1,5.568,
24800.0,light-1,3103,1,6.245,
24800.0,light-4,3103,1,7.040,
24803.3,heavy,3102,0,1.204,
24806.7,heavy,3103,0,2.962,
24810.0,heavy,3101,0,3.603,
24813.3,heavy,3102,1,1.290,
24816.7,heavy,3103,0,3.416,
24820.0,heavy,3101,1,3.181,
24823.3,heavy,3102,0,1.131,
24826.7,heavy,3103,0,3.615,
24830.0,heavy,3101,1,2.861,
24833.3,heavy,3102,0,0.994,
24836.7,heavy,3103,0,4.312,
24840.0,heavy,3101,0,3.030,
24843.3,heavy,3102,1,1.203,
24846.7,heavy,3103,0,3.936,
24850.0,heavy,3101,1,2.712,
24853.3,heavy,3102,0,1.122,
24856.7,heavy,3103,0,3.701,
24860.0,heavy,3101,1,3.015,
24863.3,heavy,3102,0,0.862,
24866.7,heavy,3103,0,3.323,
24870.0,heavy,3101,1,2.789,
24873.3,heavy,3102,0,1.671,
24876.7,heavy,3103,1,3.610,
24880.0,heavy,3101,0,3.122,
24883.3,heavy,3102,0,1.113,
24886.7,heavy,3103,0,3.483,
24890.0,heavy,3101,1,2.623,
24893.3,heavy,3102,0,1.011,
24896.7,heavy,3103,1,6.735,
24900.0,heavy,3101,0,7.060,
24900.0,light-1,3101,1,2.372,
24900.0,light-3,3103,1,3.417,
24900.0,light-4,3101,1,7.227,
24900.0,light-5,3102,1,7.322,
24900.0,light-2,3102,1,8.969,
24903.3,heavy,3102,1,1.542,
24906.7,heavy,3103,0,7.237,
24910.0,heavy,3103,0,6.820,
24913.3,heavy,3101,0,3.573,
24916.7,heavy,3102,0,1.167,
24920.0,heavy,3103,0,4.397,
24923.3,heavy,3101,1,3.464,
24926.7,heavy,3102,0,1.292,
24930.0,heavy,3103,1,4.541,
24933.3,heavy,3101,0,3.675,
24936.7,heavy,3102,1,1.450,
24940.0,heavy,3103,0,4.526,
24943.3,heavy,3101,0,3.093,
24946.7,heavy,3102,0,0.976,
24950.0,heavy,3103,0,22.080,
24953.3,heavy,3101,1,3.423,
24956.7,heavy,3102,0,1.073,
24960.0,heavy,3103,0,21.236,
24963.3,heavy,3101,1,4.550,
24966.7,heavy,3102,1,2.841,
24970.0,heavy,3103,0,10.416,
24973.3,heavy,3101,0,4.403,
24976.7,heavy,3102,0,0.948,
24980.0,heavy,3103,1,4.026,
24983.3,heavy,3101,0,4.054,
24986.7,heavy,3102,1,1.048,
24990.0,heavy,3103,0,3.066,
24993.3,heavy,3101,0,3.007,
24996.7,heavy,3102,0,1.245,
25000.0,heavy,3103,1,6.936,
25000.0,light-2,3103,1,2.368,
25000.0,light-4,3102,1,2.812,
25000.0,light-3,3101,1,5.433,
25000.0,light-5,3103,1,5.945,
25000.0,light-1,3102,1,6.506,
25003.3,heavy,3101,0,6.389,
25006.7,heavy,3101,1,4.903,
25010.0,heavy,3102,0,1.641,
25013.3,heavy,3103,0,4.182,
25016.7,heavy,3101,0,3.200,
25020.0,heavy,3102,1,1.256,
25023.3,heavy,3103,0,3.221,
25026.7,heavy,3101,0,2.032,
25030.0,heavy,3102,1,1.172,
25033.3,heavy,3103,0,2.852,
25036.7,heavy,3101,0,2.802,
25040.0,heavy,3102,1,1.571,
25043.3,heavy,3103,0,3.244,
25046.7,heavy,3101,0,3.656,
25050.0,heavy,3102,1,1.480,
25053.3,heavy,3103,0,3.115,
25056.7,heavy,3101,1,3.345,
25060.0,heavy,3102,0,1.535,
25063.3,heavy,3103,0,3.886,
25066.7,heavy,3101,1,4.227,
25070.0,heavy,3102,0,1.910,
25073.3,heavy,3103,0,4.308,
25076.7,heavy,3101,0,3.057,
25080.0,heavy,3102,1,1.285,
25083.3,heavy,3103,0,4.487,
25086.7,heavy,3101,0,3.832,
25090.0,heavy,3102,1,1.282,
25093.3,heavy,3103,1,3.949,
25096.7,heavy,3101,0,4.778,
25100.0,heavy,3102,0,1.259,
25100.0,light-5,3101,1,2.264,
25100.0,light-2,3101,1,4.266,
25100.0,light-1,3103,1,4.970,
25100.0,light-3,3102,1,5.191,
25100.0,light-4,3103,1,5.661,
25103.3,heavy,3102,0,1.536,
25106.7,heavy,3103,0,3.099,
25110.0,heavy,3101,1,3.372,
25113.3,heavy,3102,0,1.142,
25116.7,heavy,3103,0,4.100,
25120.0,heavy,3101,1,3.988,
25123.3,heavy,3102,1,1.531,
25126.7,heavy,3103,0,5.061,
25130.0,heavy,3101,0,3.107,
25133.3,heavy,3102,0,0.877,
25136.7,heavy,3103,0,3.720,
25140.0,heavy,3101,0,3.265,
25143.3,heavy,3102,1,1.335,
25146.7,heavy,3103,0,2.450,
25150.0,heavy,3101,1,2.583,
25153.3,heavy,3102,0,0.960,
25156.7,heavy,3103,1,3.404,
25160.0,heavy,3101,0,3.704,
25163.3,heavy,3102,0,0.931,
25166.7,heavy,3103,0,4.107,
25170.0,heavy,3101,0,2.846,
25173.3,heavy,3102,1,1.211,
25176.7,heavy,3103,0,3.618,
25180.0,heavy,3101,1,3.270,
25183.3,heavy,3102,0,1.209,
25186.7,heavy,3103,1,3.784,
25190.0,heavy,3101,0,3.823,
25193.3,heavy,3102,0,0.972,
25196.7,heavy,3103,1,7.894,
25200.0,heavy,3101,0,7.072,
25200.0,light-1,3101,1,2.836,
25200.0,light-3,3103,1,4.132,
25200.0,light-2,3102,1,7.536,
25200.0,light-4,3101,1,7.602,
25200.0,light-5,3102,1,8.509,
25203.3,heavy,3102,1,1.808,
25206.7,heavy,3103,0,8.089,
25210.0,heavy,3103,0,7.930,
25213.3,heavy,3101,0,3.011,
25216.7,heavy,3102,0,1.008,
25220.0,heavy,3103,1,3.162,
25223.3,heavy,3101,0,3.451,
25226.7,heavy,3102,0,1.088,
25230.0,heavy,3103,0,3.782,
25233.3,heavy,3101,0,3.049,
25236.7,heavy,3102,1,1.335,
25240.0,heavy,3103,1,2.616,
25243.3,heavy,3101,0,2.499,
25246.7,heavy,3102,1,1.441,
25250.0,heavy,3103,0,3.175,
25253.3,heavy,3101,0,3.323,
25256.7,heavy,3102,0,1.101,
25260.0,heavy,3103,0,4.242,
25263.3,heavy,3101,1,3.252,
25266.7,heavy,3102,1,1.567,
25270.0,heavy,3103,0,3.499,
25273.3,heavy,3101,0,2.805,
25276.7,heavy,3102,0,1.260,
25280.0,heavy,3103,0,4.286,
25283.3,heavy,3101,1,3.515,
25286.7,heavy,3102,0,0.872,
25290.0,heavy,3103,1,4.843,
25293.3,heavy,3101,0,4.679,
25296.7,heavy,3102,1,1.604,
25300.0,heavy,3103,0,5.748,
25300.0,light-1,3101,1,2.785,
25300.0,light-3,3103,1,2.783,
25300.0,light-4,3101,1,4.890,
25300.0,light-2,3102,1,5.793,
25300.0,light-5,3102,1,6.933,
25303.3,heavy,3103,0,7.120,
25306.7,heavy,3101,1,4.575,
25310.0,heavy,3102,0,0.907,
25313.3,heavy,3103,0,3.554,
25316.7,heavy,3101,1,2.967,
25320.0,heavy,3102,0,0.906,
25323.3,heavy,3103,0,3.838,
25326.7,heavy,3101,0,3.084,
25330.0,heavy,3102,1,1.444,
25333.3,heavy,3103,0,3.187,
25336.7,heavy,3101,0,3.250,
25340.0,heavy,3102,1,1.073,
25343.3,heavy,3103,0,3.867,
25346.7,heavy,3101,0,3.162,
25350.0,heavy,3102,1,0.942,
25353.3,heavy,3103,0,4.194,
25356.7,heavy,3101,0,3.452,
25360.0,heavy,3102,1,1.349,
25363.3,heavy,3103,0,3.288,
25366.7,heavy,3101,0,2.800,
25370.0,heavy,3102,1,1.552,
25373.3,heavy,3103,0,3.748,
25376.7,heavy,3101,1,3.561,
25380.0,heavy,3102,0,2.148,
25383.3,heavy,3103,0,4.451,
25386.7,heavy,3101,0,3.338,
25390.0,heavy,3102,1,1.511,
25393.3,heavy,3103,0,4.860,
25396.7,heavy,3101,0,3.099,
25400.0,heavy,3102,1,1.292,
25400.0,light-5,3101,1,2.270,
25400.0,light-2,3101,1,3.847,
25400.0,light-1,3103,1,4.330,
25400.0,light-3,3102,1,4.449,
25400.0,light-4,3103,1,4.929,
25403.3,heavy,3102,0,1.112,
25406.7,heavy,3103,1,3.205,
25410.0,heavy,3101,0,3.175,
25413.3,heavy,3102,0,1.034,
25416.7,heavy,3103,0,5.226,
25420.0,heavy,3101,0,3.094,
25423.3,heavy,3102,1,1.250,
25426.7,heavy,3103,0,4.398,
25430.0,heavy,3101,1,3.048,
25433.3,heavy,3102,0,1.133,
25436.7,heavy,3103,0,4.385,
25440.0,heavy,3101,1,3.449,
25443.3,heavy,3102,0,1.206,
25446.7,heavy,3103,1,4.516,
25450.0,heavy,3101,0,3.398,
25453.3,heavy,3102,1,1.640,
25456.7,heavy,3103,0,5.111,
25460.0,heavy,3101,0,2.594,
25463.3,heavy,3102,0,0.822,
25466.7,heavy,3103,0,4.656,
25470.0,heavy,3101,1,3.755,
25473.3,heavy,3102,0,0.950,
25476.7,heavy,3103,0,2.696,
25480.0,heavy,3101,1,2.986,
25483.3,heavy,3102,0,1.757,
25486.7,heavy,3103,1,3.428,
25490.0,heavy,3101,0,3.079,
25493.3,heavy,3102,0,1.076,
25496.7,heavy,3103,0,6.070,
25500.0,heavy,3101,0,4.909,
25500.0,light-5,3101,1,3.453,
25500.0,light-3,3102,1,6.104,
25500.0,light-2,3101,1,6.243,
25500.0,light-1,3103,1,6.412,
25500.0,light-4,3103,1,7.589,
25503.3,heavy,3102,1,1.538,
25506.7,heavy,3102,0,0.987,
25510.0,heavy,3103,1,4.285,
25513.3,heavy,3101,0,2.851,
25516.7,heavy,3102,0,1.016,
25520.0,heavy,3103,1,3.018,
25523.3,heavy,3101,0,3.675,
25526.7,heavy,3102,1,0.979,
25530.0,heavy,3103,0,3.615,
25533.3,heavy,3101,0,4.426,
25536.7,heavy,3102,0,1.118,
25540.0,heavy,3103,1,3.301,
25543.3,heavy,3101,0,3.336,
25546.7,heavy,3102,0,0.945,
25550.0,heavy,3103,1,3.377,
25553.3,heavy,3101,0,3.309,
25556.7,heavy,3102,0,1.059,
25560.0,heavy,3103,1,3.097,
25563.3,heavy,3101,1,3.685,
25566.7,heavy,3102,0,1.489,
25570.0,heavy,3103,0,3.257,
25573.3,heavy,3101,0,3.602,
25576.7,heavy,3102,0,1.424,
25580.0,heavy,3103,1,3.776,
25583.3,heavy,3101,0,3.126,
25586.7,heavy,3102,1,1.412,
25590.0,heavy,3103,0,3.771,
25593.3,heavy,3101,0,3.070,
25596.7,heavy,3102,0,0.982,
25600.0,heavy,3103,0,7.946,
25600.0,light-1,3101,1,2.638,
25600.0,light-3,3103,1,3.952,
25600.0,light-4,3101,1,7.716,
25600.0,light-2,3102,1,8.585,
25600.0,light-5,3102,1,9.942,
25603.3,heavy,3101,1,7.205,
25606.7,heavy,3102,1,1.516,
25610.0,heavy,3103,1,8.336,
25613.3,heavy,3103,0,7.506,
25616.7,heavy,3101,0,5.785,
25620.0,heavy,3102,0,3.580,
25623.3,heavy,3103,0,2.904,
25626.7,heavy,3101,1,3.093,
25630.0,heavy,3102,0,1.231,
25633.3,heavy,3103,0,4.118,
25636.7,heavy,3101,0,3.316,
25640.0,heavy,3102,1,1.438,
25643.3,heavy,3103,0,4.632,
25646.7,heavy,3101,0,3.453,
25650.0,heavy,3102,1,1.068,
25653.3,heavy,3103,1,3.352,
25656.7,heavy,3101,0,3.691,
25660.0,heavy,3102,0,0.900,
25663.3,heavy,3103,0,4.894,
25666.7,heavy,3101,0,4.804,
25670.0,heavy,3102,1,1.438,
25673.3,heavy,3103,0,5.513,
25676.7,heavy,3101,0,3.642,
25680.0,heavy,3102,1,0.982,
25683.3,heavy,3103,0,3.734,
25686.7,heavy,3101,0,4.074,
25690.0,heavy,3102,1,1.634,
25693.3,heavy,3103,0,2.811,
25696.7,heavy,3101,0,2.720,
25700.0,heavy,3102,1,1.452,
25700.0,light-1,3101,1,1.613,
25700.0,light-3,3103,1,2.198,
25700.0,light-4,3101,1,4.522,
25700.0,light-5,3102,1,5.135,
25700.0,light-2,3102,1,5.377,
25703.3,heavy,3103,0,5.244,
25706.7,heavy,3103,0,4.409,
25710.0,heavy,3101,1,2.494,
25713.3,heavy,3102,1,1.300,
25716.7,heavy,3103,0,3.003,
25720.0,heavy,3101,0,3.415,
25723.3,heavy,3102,0,0.881,
25726.7,heavy,3103,0,4.057,
25730.0,heavy,3101,0,2.974,
25733.3,heavy,3102,1,1.251,
25736.7,heavy,3103,0,3.641,
25740.0,heavy,3101,1,3.192,
25743.3,heavy,3102,0,0.973,
25746.7,heavy,3103,0,3.947,
25750.0,heavy,3101,1,3.049,
25753.3,heavy,3102,0,1.140,
25756.7,heavy,3103,0,4.833,
25760.0,heavy,3101,1,3.048,
25763.3,heavy,3102,1,1.354,
25766.7,heavy,3103,0,5.223,
25770.0,heavy,3101,0,2.620,
25773.3,heavy,3102,0,0.863,
25776.7,heavy,3103,0,3.343,
25780.0,heavy,3101,0,3.574,
25783.3,heavy,3102,1,1.208,
25786.7,heavy,3103,0,3.140,
25790.0,heavy,3101,1,3.162,
25793.3,heavy,3102,0,0.888,
25796.7,heavy,3103,1,3.196,
25800.0,heavy,3101,0,6.946,
25800.0,light-2,3103,1,1.208,
25800.0,light-4,3102,1,2.302,
25800.0,light-1,3102,1,6.601,
25800.0,light-5,3103,1,7.067,
25800.0,light-3,3101,1,7.223,
25803.3,heavy,3101,0,7.656,
25806.7,heavy,3102,1,0.978,
25810.0,heavy,3103,0,2.603,
25813.3,heavy,3101,0,2.692,
25816.7,heavy,3102,1,1.604,
25820.0,heavy,3103,0,4.168,
25823.3,heavy,3101,0,3.497,
25826.7,heavy,3102,1,1.725,
25830.0,heavy,3103,0,4.285,
25833.3,heavy,3101,0,3.005,
25836.7,heavy,3102,0,1.024,
25840.0,heavy,3103,0,2.881,
25843.3,heavy,3101,0,2.704,
25846.7,heavy,3102,1,0.948,
25850.0,heavy,3103,1,4.267,
25853.3,heavy,3101,0,3.384,
25856.7,heavy,3102,1,1.266,
25860.0,heavy,3103,0,4.129,
25863.3,heavy,3101,0,2.679,
25866.7,heavy,3102,0,1.021,
25870.0,heavy,3103,0,3.266,
25873.3,heavy,3101,0,3.505,
25876.7,heavy,3102,1,1.548,
25880.0,heavy,3103,1,2.482,
25883.3,heavy,3101,0,4.489,
25886.7,heavy,3102,1,1.359,
25890.0,heavy,3103,0,3.518,
25893.3,heavy,3101,0,4.462,
25896.7,heavy,3102,0,1.042,
25900.0,heavy,3103,0,8.474,
25900.0,light-5,3101,1,5.855,
25900.0,light-3,3102,1,7.990,
25900.0,light-2,3101,1,8.258,
25900.0,light-1,3103,1,10.001,
25900.0,light-4,3103,1,10.800,
25903.3,heavy,3101,0,7.478,
25906.7,heavy,3102,1,3.109,
25910.0,heavy,3102,1,3.545,
25913.3,heavy,3103,0,6.370,
25916.7,heavy,3101,0,3.529,
25920.0,heavy,3102,1,1.347,
25923.3,heavy,3103,0,4.055,
25926.7,heavy,3101,1,3.183,
25930.0,heavy,3102,0,1.098,
25933.3,heavy,3103,1,4.117,
25936.7,heavy,3101,0,4.456,
25940.0,heavy,3102,0,1.194,
25943.3,heavy,3103,0,3.505,
25946.7,heavy,3101,0,3.468,
25950.0,heavy,3102,1,1.351,
25953.3,heavy,3103,0,3.778,
25956.7,heavy,3101,0,2.981,
25960.0,heavy,3102,1,1.002,
25963.3,heavy,3103,1,3.507,
25966.7,heavy,3101,0,3.967,
25970.0,heavy,3102,0,1.153,
25973.3,heavy,3103,0,3.505,
25976.7,heavy,3101,0,3.496,
25980.0,heavy,3102,1,0.844,
25983.3,heavy,3103,0,3.284,
25986.7,heavy,3101,0,2.934,
25990.0,heavy,3102,1,1.208,
25993.3,heavy,3103,0,5.276,
25996.7,heavy,3101,0,6.405,
26000.0,heavy,3102,1,1.398,
26000.0,light-5,3101,1,4.819,
26000.0,light-3,3102,1,5.091,
26000.0,light-4,3103,1,5.339,
26000.0,light-2,3101,1,6.777,
26000.0,light-1,3103,1,6.971,
26003.3,heavy,3102,0,1.495,
26006.7,heavy,3103,0,3.279,
26010.0,heavy,3101,1,3.085,
26013.3,heavy,3102,0,1.272,
26016.7,heavy,3103,0,3.673,
26020.0,heavy,3101,1,3.493,
26023.3,heavy,3102,1,1.168,
26026.7,heavy,3103,0,4.168,
26030.0,heavy,3101,0,3.544,
26033.3,heavy,3102,0,0.873,
26036.7,heavy,3103,0,4.112,
26040.0,heavy,3101,0,2.709,
26043.3,heavy,3102,1,1.177,
26046.7,heavy,3103,0,3.372,
26050.0,heavy,3101,1,4.487,
26053.3,heavy,3102,1,1.227,
26056.7,heavy,3103,0,3.501,
26060.0,heavy,3101,0,4.605,
26063.3,heavy,3102,0,0.926,
26066.7,heavy,3103,0,4.375,
26070.0,heavy,3101,0,3.235,
26073.3,heavy,3102,1,1.279,
26076.7,heavy,3103,0,3.535,
26080.0,heavy,3101,1,3.373,
26083.3,heavy,3102,0,1.006,
26086.7,heavy,3103,1,3.737,
26090.0,heavy,3101,0,4.059,
26093.3,heavy,3102,0,1.002,
26096.7,heavy,3103,0,7.318,
26100.0,heavy,3101,1,6.482,
26100.0,light-1,3101,1,2.581,
26100.0,light-3,3103,1,3.496,
26100.0,light-2,3102,1,7.341,
26100.0,light-4,3101,1,7.691,
26100.0,light-5,3102,1,8.864,
26103.3,heavy,3102,1,2.044,
26106.7,heavy,3103,0,7.683,
26110.0,heavy,3103,0,7.000,
26113.3,heavy,3101,0,4.750,
26116.7,heavy,3102,0,0.862,
26120.0,heavy,3103,1,4.133,
26123.3,heavy,3101,0,3.507,
26126.7,heavy,3102,1,1.151,
26130.0,heavy,3103,0,3.144,
26133.3,heavy,3101,0,3.820,
26136.7,heavy,3102,0,1.159,
26140.0,heavy,3103,1,4.425,
26143.3,heavy,3101,0,3.660,
26146.7,heavy,3102,1,1.338,
26150.0,heavy,3103,0,5.342,
26153.3,heavy,3101,0,4.193,
26156.7,heavy,3102,0,0.851,
26160.0,heavy,3103,0,4.892,
26163.3,heavy,3101,1,3.442,
26166.7,heavy,3102,1,1.301,
26170.0,heavy,3103,0,4.422,
26173.3,heavy,3101,0,3.529,
26176.7,heavy,3102,0,1.023,
26180.0,heavy,3103,1,3.360,
26183.3,heavy,3101,0,3.718,
26186.7,heavy,3102,0,1.246,
26190.0,heavy,3103,1,5.569,
26193.3,heavy,3101,0,5.780,
26196.7,heavy,3102,1,1.432,
26200.0,heavy,3103,0,5.655,
26200.0,light-1,3101,1,1.667,
26200.0,light-3,3103,1,2.515,
26200.0,light-2,3102,1,5.363,
26200.0,light-4,3101,1,5.525,
26200.0,light-5,3102,1,6.350,
26203.3,heavy,3103,0,5.470,
26206.7,heavy,3101,0,2.333,
26210.0,heavy,3102,1,0.910,
26213.3,heavy,3103,0,2.365,
26216.7,heavy,3101,1,5.394,
26220.0,heavy,3102,0,0.901,
26223.3,heavy,3103,0,3.712,
26226.7,heavy,3101,0,3.462,
26230.0,heavy,3102,1,1.000,
26233.3,heavy,3103,0,4.427,
26236.7,heavy,3101,0,4.428,
26240.0,heavy,3102,1,1.777,
26243.3,heavy,3103,0,4.435,
26246.7,heavy,3101,0,3.160,
26250.0,heavy,3102,1,1.054,
26253.3,heavy,3103,0,3.284,
26256.7,heavy,3101,0,3.407,
26260.0,heavy,3102,1,1.555,
26263.3,heavy,3103,0,2.865,
26266.7,heavy,3101,0,3.212,
26270.0,heavy,3102,1,1.083,
26273.3,heavy,3103,0,3.512,
26276.7,heavy,3101,0,3.527,
26280.0,heavy,3102,1,1.219,
26283.3,heavy,3103,0,3.441,
26286.7,heavy,3101,0,3.363,
26290.0,heavy,3102,1,1.099,
26293.3,heavy,3103,0,6.663,
26296.7,heavy,3101,1,6.645,
26300.0,heavy,3102,1,1.821,
26300.0,light-2,3103,1,3.596,
26300.0,light-4,3102,1,3.732,
26300.0,light-1,3102,1,7.049,
26300.0,light-5,3103,1,7.743,
26300.0,light-3,3101,1,7.972,
26303.3,heavy,3103,0,6.969,
26306.7,heavy,3101,0,7.416,
26310.0,heavy,3101,0,7.190,
26313.3,heavy,3102,0,1.906,
26316.7,heavy,3103,0,2.841,
26320.0,heavy,3101,0,3.822,
26323.3,heavy,3102,1,1.428,
26326.7,heavy,3103,1,3.230,
26330.0,heavy,3101,0,3.156,
26333.3,heavy,3102,0,1.169,
26336.7,heavy,3103,1,3.333,
26340.0,heavy,3101,0,3.202,
26343.3,heavy,3102,0,1.233,
26346.7,heavy,3103,0,4.148,
26350.0,heavy,3101,0,3.584,
26353.3,heavy,3102,1,1.198,
26356.7,heavy,3103,0,3.934,
26360.0,heavy,3101,1,3.413,
26363.3,heavy,3102,0,1.396,
26366.7,heavy,3103,1,2.873,
26370.0,heavy,3101,0,3.156,
26373.3,heavy,3102,0,0.863,
26376.7,heavy,3103,0,4.651,
26380.0,heavy,3101,0,3.033,
26383.3,heavy,3102,1,1.263,
26386.7,heavy,3103,0,5.279,
26390.0,heavy,3101,1,3.968,
26393.3,heavy,3102,0,1.153,
26396.7,heavy,3103,1,5.081,
26400.0,heavy,3101,0,6.137,
26400.0,light-2,3103,1,2.552,
26400.0,light-4,3102,1,3.097,
26400.0,light-1,3102,1,5.285,
26400.0,light-3,3101,1,8.317,
26400.0,light-5,3103,1,8.515,
26403.3,heavy,3101,0,6.674,
26406.7,heavy,3102,0,1.130,
26410.0,heavy,3103,1,2.878,
26413.3,heavy,3101,0,3.239,
26416.7,heavy,3102,0,0.908,
26420.0,heavy,3103,1,4.082,
26423.3,heavy,3101,0,3.576,
26426.7,heavy,3102,1,2.883,
26430.0,heavy,3103,0,4.743,
26433.3,heavy,3101,0,2.919,
26436.7,heavy,3102,0,0.882,
26440.0,heavy,3103,0,3.442,
26443.3,heavy,3101,1,3.758,
26446.7,heavy,3102,1,1.284,
26450.0,heavy,3103,0,3.589,
26453.3,heavy,3101,0,3.110,
26456.7,heavy,3102,0,1.125,
26460.0,heavy,3103,1,4.472,
26463.3,heavy,3101,1,5.213,
26466.7,heavy,3102,0,1.644,
26470.0,heavy,3103,0,4.318,
26473.3,heavy,3101,1,4.486,
26476.7,heavy,3102,0,1.900,
26480.0,heavy,3103,0,6.952,
26483.3,heavy,3101,1,4.864,
26486.7,heavy,3102,0,2.172,
26490.0,heavy,3103,0,4.467,
26493.3,heavy,3101,0,4.056,
26496.7,heavy,3102,0,1.405,
26500.0,heavy,3103,1,6.986,
26500.0,light-2,3103,1,3.703,
26500.0,light-4,3102,1,4.237,
26500.0,light-3,3101,1,7.594,
26500.0,light-5,3103,1,8.382,
26500.0,light-1,3102,1,8.727,
26503.3,heavy,3101,0,8.536,
26506.7,heavy,3102,1,1.684,
26510.0,heavy,3103,1,7.578,
26513.3,heavy,3101,0,9.282,
26516.7,heavy,3101,0,6.295,
26520.0,heavy,3102,0,3.691,
26523.3,heavy,3103,0,3.442,
26526.7,heavy,3101,0,4.024,
26530.0,heavy,3102,1,0.856,
26533.3,heavy,3103,0,4.186,
26536.7,heavy,3101,0,3.329,
26540.0,heavy,3102,1,1.168,
26543.3,heavy,3103,0,4.491,
26546.7,heavy,3101,1,2.618,
26550.0,heavy,3102,0,0.999,
26553.3,heavy,3103,0,3.844,
26556.7,heavy,3101,0,4.367,
26560.0,heavy,3102,1,1.568,
26563.3,heavy,3103,0,2.710,
26566.7,heavy,3101,0,3.260,
26570.0,heavy,3102,1,0.900,
26573.3,heavy,3103,0,3.228,
26576.7,heavy,3101,1,3.573,
26580.0,heavy,3102,0,1.227,
26583.3,heavy,3103,0,2.890,
26586.7,heavy,3101,0,3.383,
26590.0,heavy,3102,1,1.151,
26593.3,heavy,3103,0,2.841,
26596.7,heavy,3101,0,3.110,
26600.0,heavy,3102,1,1.431,
26600.0,light-5,3101,1,2.305,
26600.0,light-2,3101,1,4.596,
26600.0,light-1,3103,1,4.847,
26600.0,light-3,3102,1,4.846,
26600.0,light-4,3103,1,5.565,
26603.3,heavy,3102,0,0.936,
26606.7,heavy,3103,0,3.069,
26610.0,heavy,3101,1,3.479,
26613.3,heavy,3102,0,1.284,
26616.7,heavy,3103,1,3.963,
26620.0,heavy,3101,0,4.244,
26623.3,heavy,3102,0,0.943,
26626.7,heavy,3103,0,5.032,
26630.0,heavy,3101,1,3.797,
26633.3,heavy,3102,1,1.243,
26636.7,heavy,3103,0,4.737,
26640.0,heavy,3101,0,3.855,
26643.3,heavy,3102,0,1.006,
26646.7,heavy,3103,0,3.682,
26650.0,heavy,3101,1,3.696,
26653.3,heavy,3102,0,1.317,
26656.7,heavy,3103,1,4.822,
26660.0,heavy,3101,0,4.411,
26663.3,heavy,3102,1,1.623,
26666.7,heavy,3103,0,5.610,
26670.0,heavy,3101,0,4.125,
26673.3,heavy,3102,0,1.170,
26676.7,heavy,3103,0,3.339,
26680.0,heavy,3101,0,3.709,
26683.3,heavy,3102,1,1.150,
26686.7,heavy,3103,0,3.445,
26690.0,heavy,3101,1,2.990,
26693.3,heavy,3102,0,1.033,
26696.7,heavy,3103,1,3.176,
26700.0,heavy,3101,0,6.472,
26700.0,light-2,3103,1,1.207,
26700.0,light-4,3102,1,2.865,
26700.0,light-5,3103,1,5.485,
26700.0,light-1,3102,1,6.480,
26700.0,light-3,3101,1,6.597,
26703.3,heavy,3101,0,7.033,
26706.7,heavy,3102,0,1.069,
26710.0,heavy,3103,1,3.095,
26713.3,heavy,3101,0,3.515,
26716.7,heavy,3102,0,1.237,
26720.0,heavy,3103,0,5.579,
26723.3,heavy,3101,1,4.380,
26726.7,heavy,3102,1,1.416,
26730.0,heavy,3103,0,6.015,
26733.3,heavy,3101,0,3.026,
26736.7,heavy,3102,0,0.947,
26740.0,heavy,3103,0,3.551,
26743.3,heavy,3101,1,2.820,
26746.7,heavy,3102,0,0.902,
26750.0,heavy,3103,1,3.564,
26753.3,heavy,3101,0,3.590,
26756.7,heavy,3102,1,1.131,
26760.0,heavy,3103,0,3.820,
26763.3,heavy,3101,0,3.569,
26766.7,heavy,3102,0,1.233,
26770.0,heavy,3103,0,3.364,
26773.3,heavy,3101,0,3.767,
26776.7,heavy,3102,1,1.548,
26780.0,heavy,3103,1,3.437,
26783.3,heavy,3101,0,3.209,
26786.7,heavy,3102,0,1.148,
26790.0,heavy,3103,1,3.968,
26793.3,heavy,3101,0,3.788,
26796.7,heavy,3102,1,1.089,
26800.0,heavy,3103,0,5.889,
26800.0,light-1,3101,1,1.541,
26800.0,light-3,3103,1,2.878,
26800.0,light-4,3101,1,6.127,
26800.0,light-2,3102,1,6.397,
26800.0,light-5,3102,1,7.127,
26803.3,heavy,3103,0,6.743,
26806.7,heavy,3101,0,4.685,
26810.0,heavy,3102,1,0.994,
26813.3,heavy,3103,0,4.401,
26816.7,heavy,3101,0,3.889,
26820.0,heavy,3102,1,1.295,
26823.3,heavy,3103,0,3.947,
26826.7,heavy,3101,0,3.516,
26830.0,heavy,3102,1,1.161,
26833.3,heavy,3103,0,3.424,
26836.7,heavy,3101,1,3.734,
26840.0,heavy,3102,0,0.996,
26843.3,heavy,3103,0,4.353,
26846.7,heavy,3101,0,3.522,
26850.0,heavy,3102,1,1.171,
26853.3,heavy,3103,0,3.517,
26856.7,heavy,3101,0,3.168,
26860.0,heavy,3102,1,1.139,
26863.3,heavy,3103,1,3.935,
26866.7,heavy,3101,0,3.584,
26870.0,heavy,3102,0,1.208,
26873.3,heavy,3103,0,4.132,
26876.7,heavy,3101,0,3.563,
26880.0,heavy,3102,1,1.307,
26883.3,heavy,3103,0,3.442,
26886.7,heavy,3101,0,2.902,
26890.0,heavy,3102,1,0.976,
26893.3,heavy,3103,1,3.290,
26896.7,heavy,3101,0,4.030,
26900.0,heavy,3102,0,1.377,
26900.0,light-5,3101,1,2.764,
26900.0,light-2,3101,1,5.090,
26900.0,light-1,3103,1,5.845,
26900.0,light-3,3102,1,5.922,
26900.0,light-4,3103,1,6.376,
26903.3,heavy,3102,0,2.306,
26906.7,heavy,3103,1,3.433,
26910.0,heavy,3101,0,2.634,
26913.3,heavy,3102,0,1.257,
26916.7,heavy,3103,1,4.276,
26920.0,heavy,3101,0,4.636,
26923.3,heavy,3102,1,1.584,
26926.7,heavy,3103,0,4.785,
26930.0,heavy,3101,0,4.576,
26933.3,heavy,3102,0,0.931,
26936.7,heavy,3103,0,4.671,
26940.0,heavy,3101,0,3.780,
26943.3,heavy,3102,1,1.193,
26946.7,heavy,3103,0,3.642,
26950.0,heavy,3101,1,3.333,
26953.3,heavy,3102,0,1.098,
26956.7,heavy,3103,1,3.087,
26960.0,heavy,3101,0,3.349,
26963.3,heavy,3102,0,1.171,
26966.7,heavy,3103,1,5.115,
26970.0,heavy,3101,0,3.931,
26973.3,heavy,3102,1,1.428,
26976.7,heavy,3103,0,6.297,
26980.0,heavy,3101,0,3.677,
26983.3,heavy,3102,0,1.014,
26986.7,heavy,3103,1,4.015,
26990.0,heavy,3101,0,6.122,
26993.3,heavy,3102,0,3.145,
26996.7,heavy,3103,1,4.142,
27000.0,heavy,3101,0,8.030,
27000.0,light-2,3103,1,1.291,
27000.0,light-4,3102,1,2.871,
27000.0,light-5,3103,1,6.877,
27000.0,light-1,3102,1,7.668,
27000.0,light-3,3101,1,7.972,
27003.3,heavy,3101,0,8.429,
27006.7,heavy,3102,0,1.832,
27010.0,heavy,3103,1,3.788,
27013.3,heavy,3101,0,4.013,
27016.7,heavy,3102,0,1.610,
27020.0,heavy,3103,1,4.284,
27023.3,heavy,3101,0,3.548,
27026.7,heavy,3102,0,1.153,
27030.0,heavy,3103,1,3.727,
27033.3,heavy,3101,0,3.688,
27036.7,heavy,3102,0,1.188,
27040.0,heavy,3103,1,4.315,
27043.3,heavy,3101,0,4.872,
27046.7,heavy,3102,1,2.573,
27050.0,heavy,3103,0,5.022,
27053.3,heavy,3101,0,5.117,
27056.7,heavy,3102,0,1.334,
27060.0,heavy,3103,1,3.384,
27063.3,heavy,3101,0,2.898,
27066.7,heavy,3102,1,1.009,
27070.0,heavy,3103,0,3.370,
27073.3,heavy,3101,0,3.348,
27076.7,heavy,3102,0,1.001,
27080.0,heavy,3103,0,4.022,
27083.3,heavy,3101,1,3.257,
27086.7,heavy,3102,0,0.915,
27090.0,heavy,3103,1,7.001,
27093.3,heavy,3101,0,6.123,
27096.7,heavy,3102,1,1.270,
27100.0,heavy,3103,0,7.327,
27100.0,light-1,3101,1,2.294,
27100.0,light-3,3103,1,3.552,
27100.0,light-2,3102,1,6.476,
27100.0,light-4,3101,1,6.760,
27100.0,light-5,3102,1,7.269,
27103.3,heavy,3103,0,5.105,
27106.7,heavy,3101,0,2.973,
27110.0,heavy,3102,1,0.859,
27113.3,heavy,3103,0,2.962,
27116.7,heavy,3101,1,2.930,
27120.0,heavy,3102,0,0.853,
27123.3,heavy,3103,0,3.684,
27126.7,heavy,3101,0,2.888,
27130.0,heavy,3102,1,1.247,
27133.3,heavy,3103,0,3.311,
27136.7,heavy,3101,0,3.656,
27140.0,heavy,3102,1,0.996,
27143.3,heavy,3103,0,3.225,
27146.7,heavy,3101,1,3.033,
27150.0,heavy,3102,0,1.331,
27153.3,heavy,3103,0,3.572,
27156.7,heavy,3101,1,3.771,
27160.0,heavy,3102,0,1.221,
27163.3,heavy,3103,1,4.721,
27166.7,heavy,3101,0,4.305,
27170.0,heavy,3102,1,1.444,
27173.3,heavy,3103,0,5.043,
27176.7,heavy,3101,0,4.888,
27180.0,heavy,3102,0,1.791,
27183.3,heavy,3103,0,2.518,
27186.7,heavy,3101,0,3.743,
27190.0,heavy,3102,1,1.367,
27193.3,heavy,3103,0,3.859,
27196.7,heavy,3101,0,2.457,
27200.0,heavy,3102,1,1.288,
27200.0,light-5,3101,1,3.113,
27200.0,light-2,3101,1,5.111,
27200.0,light-1,3103,1,5.464,
27200.0,light-3,3102,1,5.658,
27200.0,light-4,3103,1,6.428,
27203.3,heavy,3102,0,1.341,
27206.7,heavy,3103,0,2.620,
27210.0,heavy,3101,0,5.023,
27213.3,heavy,3102,1,1.884,
27216.7,heavy,3103,0,4.110,
27220.0,heavy,3101,0,5.674,
27223.3,heavy,3102,1,1.948,
27226.7,heavy,3103,1,3.139,
27230.0,heavy,3101,0,3.015,
27233.3,heavy,3102,0,1.315,
27236.7,heavy,3103,0,5.023,
27240.0,heavy,3101,1,4.165,
27243.3,heavy,3102,0,0.964,
27246.7,heavy,3103,0,4.467,
27250.0,heavy,3101,0,3.802,
27253.3,heavy,3102,1,1.201,
27256.7,heavy,3103,0,3.734,
27260.0,heavy,3101,1,3.160,
27263.3,heavy,3102,0,0.929,
27266.7,heavy,3103,0,3.814,
27270.0,heavy,3101,1,2.953,
27273.3,heavy,3102,0,1.034,
27276.7,heavy,3103,0,4.104,
27280.0,heavy,3101,0,3.250,
27283.3,heavy,3102,1,1.288,
27286.7,heavy,3103,0,3.494,
27290.0,heavy,3101,1,3.039,
27293.3,heavy,3102,1,1.640,
27296.7,heavy,3103,0,5.127,
27300.0,heavy,3101,0,7.332,
27300.0,light-2,3103,1,2.454,
27300.0,light-4,3102,1,2.790,
27300.0,light-1,3102,1,6.917,
27300.0,light-5,3103,1,6.963,
27300.0,light-3,3101,1,7.840,
27303.3,heavy,3101,0,7.760,
27306.7,heavy,3102,0,2.737,
27310.0,heavy,3103,1,3.002,
27313.3,heavy,3101,0,3.172,
27316.7,heavy,3102,1,1.916,
27320.0,heavy,3103,0,6.072,
27323.3,heavy,3101,0,5.307,
27326.7,heavy,3102,1,1.926,
27330.0,heavy,3103,0,6.750,
27333.3,heavy,3101,0,5.920,
27336.7,heavy,3102,0,1.184,
27340.0,heavy,3103,1,4.322,
27343.3,heavy,3101,0,4.156,
27346.7,heavy,3102,1,1.501,
27350.0,heavy,3103,0,4.061,
27353.3,heavy,3101,0,4.276,
27356.7,heavy,3102,1,1.362,
27360.0,heavy,3103,0,3.551,
27363.3,heavy,3101,0,3.197,
27366.7,heavy,3102,0,1.181,
27370.0,heavy,3103,1,4.987,
27373.3,heavy,3101,0,3.968,
27376.7,heavy,3102,1,2.029,
27380.0,heavy,3103,0,3.652,
27383.3,heavy,3101,0,3.104,
27386.7,heavy,3102,0,1.032,
27390.0,heavy,3103,1,3.628,
27393.3,heavy,3101,0,3.970,
27396.7,heavy,3102,0,1.119,
27400.0,heavy,3103,0,6.797,
27400.0,light-1,3101,1,2.314,
27400.0,light-3,3103,1,3.789,
27400.0,light-5,3102,1,6.505,
27400.0,light-4,3101,1,6.633,
27400.0,light-2,3102,1,8.041,
27403.3,heavy,3101,1,6.062,
27406.7,heavy,3102,1,1.267,
27410.0,heavy,3103,0,7.099,
27413.3,heavy,3103,0,5.872,
27416.7,heavy,3101,0,3.587,
27420.0,heavy,3102,1,1.201,
27423.3,heavy,3103,0,4.177,
27426.7,heavy,3101,0,3.530,
27430.0,heavy,3102,1,1.265,
27433.3,heavy,3103,0,2.679,
27436.7,heavy,3101,0,3.024,
27440.0,heavy,3102,1,1.410,
27443.3,heavy,3103,0,4.433,
27446.7,heavy,3101,0,4.959,
27450.0,heavy,3102,1,1.434,
27453.3,heavy,3103,1,5.089,
27456.7,heavy,3101,0,5.164,
27460.0,heavy,3102,0,1.278,
27463.3,heavy,3103,0,4.927,
27466.7,heavy,3101,0,3.643,
27470.0,heavy,3102,1,1.364,
27473.3,heavy,3103,0,4.223,
27476.7,heavy,3101,0,2.757,
27480.0,heavy,3102,1,1.973,
27483.3,heavy,3103,1,3.240,
27486.7,heavy,3101,0,4.469,
27490.0,heavy,3102,0,1.378,
27493.3,heavy,3103,0,7.491,
27496.7,heavy,3101,1,7.726,
27500.0,heavy,3102,1,1.838,
27500.0,light-1,3101,1,2.357,
27500.0,light-3,3103,1,3.415,
27500.0,light-4,3101,1,8.482,
27500.0,light-2,3102,1,13.455,
27500.0,light-5,3102,1,14.489,
27503.3,heavy,3103,0,8.452,
27506.7,heavy,3103,0,7.157,
27510.0,heavy,3101,0,5.942,
27513.3,heavy,3102,0,1.533,
27516.7,heavy,3103,0,3.109,
27520.0,heavy,3101,1,3.288,
27523.3,heavy,3102,0,1.353,
27526.7,heavy,3103,0,4.280,
27530.0,heavy,3101,0,3.310,
27533.3,heavy,3102,1,1.549,
27536.7,heavy,3103,0,3.372,
27540.0,heavy,3101,1,3.071,
27543.3,heavy,3102,0,1.053,
27546.7,heavy,3103,0,4.756,
27550.0,heavy,3101,1,3.603,
27553.3,heavy,3102,0,1.044,
27556.7,heavy,3103,0,4.073,
27560.0,heavy,3101,0,2.949,
27563.3,heavy,3102,1,1.140,
27566.7,heavy,3103,1,3.285,
27570.0,heavy,3101,0,2.846,
27573.3,heavy,3102,0,1.095,
27576.7,heavy,3103,0,3.994,
27580.0,heavy,3101,1,3.103,
27583.3,heavy,3102,0,0.994,
27586.7,heavy,3103,0,4.552,
27590.0,heavy,3101,0,3.217,
27593.3,heavy,3102,1,1.178,
27596.7,heavy,3103,1,4.634,
27600.0,heavy,3101,0,4.284,
27600.0,light-2,3103,1,2.583,
27600.0,light-4,3102,1,3.748,
27600.0,light-1,3102,1,4.322,
27600.0,light-3,3101,1,6.444,
27600.0,light-5,3103,1,6.942,
27603.3,heavy,3101,0,4.709,
27606.7,heavy,3102,0,0.965,
27610.0,heavy,3103,1,3.132,
27613.3,heavy,3101,0,2.843,
27616.7,heavy,3102,0,0.778,
27620.0,heavy,3103,0,3.163,
27623.3,heavy,3101,1,3.033,
27626.7,heavy,3102,1,1.052,
27630.0,heavy,3103,0,3.020,
27633.3,heavy,3101,0,2.500,
27636.7,heavy,3102,0,0.940,
27640.0,heavy,3103,1,3.853,
27643.3,heavy,3101,0,4.153,
27646.7,heavy,3102,0,0.922,
27650.0,heavy,3103,0,3.251,
27653.3,heavy,3101,1,2.410,
27656.7,heavy,3102,1,1.153,
27660.0,heavy,3103,0,2.831,
27663.3,heavy,3101,0,3.350,
27666.7,heavy,3102,0,1.015,
27670.0,heavy,3103,0,4.009,
27673.3,heavy,3101,1,3.270,
27676.7,heavy,3102,0,0.753,
27680.0,heavy,3103,1,4.387,
27683.3,heavy,3101,0,3.597,
27686.7,heavy,3102,1,2.134,
27690.0,heavy,3103,0,5.047,
27693.3,heavy,3101,0,3.190,
27696.7,heavy,3102,0,0.999,
27700.0,heavy,3103,0,5.199,
27700.0,light-2,3103,1,2.506,
27700.0,light-4,3102,1,3.038,
27700.0,light-1,3102,1,5.564,
27700.0,light-3,3101,1,7.734,
27700.0,light-5,3103,1,7.887,
27703.3,heavy,3101,1,5.827,
27706.7,heavy,3101,1,6.082,
27710.0,heavy,3102,0,1.529,
27713.3,heavy,3103,0,3.346,
27716.7,heavy,3101,0,3.356,
27720.0,heavy,3102,1,0.987,
27723.3,heavy,3103,0,4.554,
27726.7,heavy,3101,0,4.742,
27730.0,heavy,3102,1,1.405,
27733.3,heavy,3103,0,4.790,
27736.7,heavy,3101,0,4.751,
27740.0,heavy,3102,1,0.796,
27743.3,heavy,3103,0,4.204,
27746.7,heavy,3101,0,2.960,
27750.0,heavy,3102,1,1.336,
27753.3,heavy,3103,0,3.544,
27756.7,heavy,3101,1,2.932,
27760.0,heavy,3102,0,0.963,
27763.3,heavy,3103,0,3.195,
27766.7,heavy,3101,1,2.640,
27770.0,heavy,3102,0,0.851,
27773.3,heavy,3103,0,4.225,
27776.7,heavy,3101,0,3.156,
27780.0,heavy,3102,1,1.388,
27783.3,heavy,3103,0,4.611,
27786.7,heavy,3101,0,2.810,
27790.0,heavy,3102,1,1.515,
27793.3,heavy,3103,1,5.533,
27796.7,heavy,3101,0,4.907,
27800.0,heavy,3102,0,1.868,
27800.0,light-5,3101,1,2.336,
27800.0,light-2,3101,1,5.894,
27800.0,light-4,3103,1,6.018,
27800.0,light-3,3102,1,6.208,
27800.0,light-1,3103,1,6.568,
27803.3,heavy,3102,0,0.869,
27806.7,heavy,3103,0,3.719,
27810.0,heavy,3101,0,4.011,
27813.3,heavy,3102,1,1.452,
27816.7,heavy,3103,0,2.452,
27820.0,heavy,3101,1,2.769,
27823.3,heavy,3102,0,0.909,
27826.7,heavy,3103,1,2.769,
27830.0,heavy,3101,0,2.573,
27833.3,heavy,3102,0,0.886,
27836.7,heavy,3103,0,4.419,
27840.0,heavy,3101,0,3.481,
27843.3,heavy,3102,1,1.377,
27846.7,heavy,3103,0,3.295,
27850.0,heavy,3101,1,3.655,
27853.3,heavy,3102,0,1.271,
27856.7,heavy,3103,1,3.232,
27860.0,heavy,3101,0,3.559,
27863.3,heavy,3102,0,1.055,
27866.7,heavy,3103,0,3.648,
27870.0,heavy,3101,1,3.670,
27873.3,heavy,3102,0,1.251,
27876.7,heavy,3103,1,4.445,
27880.0,heavy,3101,0,3.691,
27883.3,heavy,3102,1,1.364,
27886.7,heavy,3103,0,4.467,
27890.0,heavy,3101,0,4.218,
27893.3,heavy,3102,0,0.998,
27896.7,heavy,3103,0,7.142,
27900.0,heavy,3101,0,5.173,
27900.0,light-5,3101,1,3.633,
27900.0,light-2,3101,1,6.406,
27900.0,light-3,3102,1,6.622,
27900.0,light-1,3103,1,7.264,
27900.0,light-4,3103,1,8.263,
27903.3,heavy,3102,1,1.329,
27906.7,heavy,3102,1,1.047,
27910.0,heavy,3103,0,5.997,
27913.3,heavy,3101,0,3.368,
27916.7,heavy,3102,0,1.042,
27920.0,heavy,3103,1,3.458,
27923.3,heavy,3101,0,3.023,
27926.7,heavy,3102,0,1.125,
27930.0,heavy,3103,1,3.323,
27933.3,heavy,3101,0,3.715,
27936.7,heavy,3102,1,0.856,
27940.0,heavy,3103,0,3.314,
27943.3,heavy,3101,0,3.120,
27946.7,heavy,3102,0,1.434,
27950.0,heavy,3103,1,2.870,
27953.3,heavy,3101,0,2.683,
27956.7,heavy,3102,0,1.521,
27960.0,heavy,3103,0,3.013,
27963.3,heavy,3101,0,3.294,
27966.7,heavy,3102,1,1.157,
27970.0,heavy,3103,1,2.840,
27973.3,heavy,3101,0,4.433,
27976.7,heavy,3102,1,1.166,
27980.0,heavy,3103,0,3.192,
27983.3,heavy,3101,0,4.576,
27986.7,heavy,3102,0,0.892,
27990.0,heavy,3103,1,3.237,
27993.3,heavy,3101,0,3.943,
27996.7,heavy,3102,1,1.211,
28000.0,heavy,3103,0,5.314,
28000.0,light-1,3101,1,1.033,
28000.0,light-3,3103,1,2.571,
28000.0,light-4,3101,1,5.634,
28000.0,light-2,3102,1,5.862,
28000.0,light-5,3102,1,6.637,
28003.3,heavy,3103,0,4.385,
28006.7,heavy,3101,0,3.547,
28010.0,heavy,3102,1,1.000,
28013.3,heavy,3103,0,3.127,
28016.7,heavy,3101,0,3.497,
28020.0,heavy,3102,1,0.972,
28023.3,heavy,3103,1,3.487,
28026.7,heavy,3101,0,3.645,
28030.0,heavy,3102,0,0.883,
28033.3,heavy,3103,0,2.992,
28036.7,heavy,3101,0,2.982,
28040.0,heavy,3102,1,1.494,
28043.3,heavy,3103,0,3.097,
28046.7,heavy,3101,0,2.645,
28050.0,heavy,3102,1,1.092,
28053.3,heavy,3103,0,4.261,
28056.7,heavy,3101,0,3.527,
28060.0,heavy,3102,1,1.118,
28063.3,heavy,3103,0,3.367,
28066.7,heavy,3101,0,2.963,
28070.0,heavy,3102,1,1.037,
28073.3,heavy,3103,0,3.962,
28076.7,heavy,3101,1,2.476,
28080.0,heavy,3102,0,0.769,
28083.3,heavy,3103,1,11.278,
28086.7,heavy,3101,0,4.478,
28090.0,heavy,3102,0,1.282,
28093.3,heavy,3103,1,3.160,
28096.7,heavy,3101,0,5.646,
28100.0,heavy,3102,0,1.195,
28100.0,light-5,3101,1,3.186,
28100.0,light-2,3101,1,4.261,
28100.0,light-4,3103,1,4.321,
28100.0,light-3,3102,1,5.051,
28100.0,light-1,3103,1,5.293,
28103.3,heavy,3102,0,1.735,
28106.7,heavy,3103,0,2.905,
28110.0,heavy,3101,0,4.331,
28113.3,heavy,3102,1,1.386,
28116.7,heavy,3103,0,3.484,
28120.0,heavy,3101,1,2.981,
28123.3,heavy,3102,0,1.044,
28126.7,heavy,3103,0,3.086,
28130.0,heavy,3101,0,3.098,
28133.3,heavy,3102,1,0.926,
28136.7,heavy,3103,1,4.053,
28140.0,heavy,3101,0,3.141,
28143.3,heavy,3102,1,1.289,
28146.7,heavy,3103,0,4.826,
28150.0,heavy,3101,0,2.911,
28153.3,heavy,3102,0,0.902,
28156.7,heavy,3103,0,4.060,
28160.0,heavy,3101,0,3.150,
28163.3,heavy,3102,1,1.211,
28166.7,heavy,3103,1,3.689,
28170.0,heavy,3101,0,3.485,
28173.3,heavy,3102,0,1.135,
28176.7,heavy,3103,1,3.379,
28180.0,heavy,3101,0,3.798,
28183.3,heavy,3102,0,0.880,
28186.7,heavy,3103,0,2.794,
28190.0,heavy,3101,0,3.007,
28193.3,heavy,3102,1,1.071,
28196.7,heavy,3103,0,2.554,
28200.0,heavy,3101,1,5.146,
28200.0,light-2,3103,1,1.042,
28200.0,light-4,3102,1,2.874,
28200.0,light-5,3103,1,4.599,
28200.0,light-1,3102,1,5.158,
28200.0,light-3,3101,1,7.082,
28203.3,heavy,3101,0,5.061,
28206.7,heavy,3102,0,1.082,
28210.0,heavy,3103,1,2.649,
28213.3,heavy,3101,0,5.101,
28216.7,heavy,3102,1,1.823,
28220.0,heavy,3103,0,3.459,
28223.3,heavy,3101,0,5.387,
28226.7,heavy,3102,0,1.429,
28230.0,heavy,3103,1,2.843,
28233.3,heavy,3101,0,4.970,
28236.7,heavy,3102,1,1.182,
28240.0,heavy,3103,0,3.392,
28243.3,heavy,3101,0,3.303,
28246.7,heavy,3102,0,0.723,
28250.0,heavy,3103,0,3.963,
28253.3,heavy,3101,1,2.803,
28256.7,heavy,3102,0,1.076,
28260.0,heavy,3103,0,4.437,
28263.3,heavy,3101,1,4.348,
28266.7,heavy,3102,1,1.566,
28270.0,heavy,3103,0,5.382,
28273.3,heavy,3101,0,3.384,
28276.7,heavy,3102,0,1.124,
28280.0,heavy,3103,1,2.987,
28283.3,heavy,3101,0,3.235,
28286.7,heavy,3102,0,0.848,
28290.0,heavy,3103,1,6.419,
28293.3,heavy,3101,0,5.642,
28296.7,heavy,3102,1,1.172,
28300.0,heavy,3103,0,6.470,
28300.0,light-1,3101,1,2.055,
28300.0,light-3,3103,1,3.033,
28300.0,light-2,3102,1,6.118,
28300.0,light-4,3101,1,6.493,
28300.0,light-5,3102,1,6.877,
28303.3,heavy,3103,0,6.335,
28306.7,heavy,3101,0,3.377,
28310.0,heavy,3102,1,1.756,
28313.3,heavy,3103,0,3.872,
28316.7,heavy,3101,1,3.783,
28320.0,heavy,3102,0,1.198,
28323.3,heavy,3103,0,3.117,
28326.7,heavy,3101,0,3.585,
28330.0,heavy,3102,1,1.073,
28333.3,heavy,3103,0,2.850,
28336.7,heavy,3101,0,3.100,
28340.0,heavy,3102,1,1.165,
28343.3,heavy,3103,0,4.294,
28346.7,heavy,3101,0,3.533,
28350.0,heavy,3102,1,0.984,
28353.3,heavy,3103,0,4.059,
28356.7,heavy,3101,0,3.433,
28360.0,heavy,3102,1,1.241,
28363.3,heavy,3103,0,3.058,
28366.7,heavy,3101,0,2.789,
28370.0,heavy,3102,1,1.410,
28373.3,heavy,3103,0,3.722,
28376.7,heavy,3101,1,3.000,
28380.0,heavy,3102,0,1.021,
28383.3,heavy,3103,0,4.188,
28386.7,heavy,3101,0,3.393,
28390.0,heavy,3102,1,1.232,
28393.3,heavy,3103,0,4.942,
28396.7,heavy,3101,0,3.118,
28400.0,heavy,3102,1,1.564,
28400.0,light-5,3101,1,2.450,
28400.0,light-2,3101,1,4.340,
28400.0,light-1,3103,1,4.537,
28400.0,light-3,3102,1,4.848,
28400.0,light-4,3103,1,5.287,
28403.3,heavy,3102,0,1.321,
28406.7,heavy,3103,1,3.447,
28410.0,heavy,3101,0,2.777,
28413.3,heavy,3102,1,1.765,
28416.7,heavy,3103,0,3.902,
28420.0,heavy,3101,0,3.248,
28423.3,heavy,3102,0,1.469,
28426.7,heavy,3103,0,2.514,
28430.0,heavy,3101,1,3.110,
28433.3,heavy,3102,0,1.314,
28436.7,heavy,3103,1,3.341,
28440.0,heavy,3101,0,3.184,
28443.3,heavy,3102,0,1.374,
28446.7,heavy,3103,0,4.234,
28450.0,heavy,3101,0,3.279,
28453.3,heavy,3102,1,1.370,
28456.7,heavy,3103,0,3.895,
28460.0,heavy,3101,1,2.742,
28463.3,heavy,3102,0,1.145,
28466.7,heavy,3103,0,4.566,
28470.0,heavy,3101,1,3.624,
28473.3,heavy,3102,0,1.198,
28476.7,heavy,3103,0,4.084,
28480.0,heavy,3101,0,3.285,
28483.3,heavy,3102,1,1.185,
28486.7,heavy,3103,0,3.512,
28490.0,heavy,3101,1,2.679,
28493.3,heavy,3102,1,1.708,
28496.7,heavy,3103,0,5.358,
28500.0,heavy,3101,0,6.817,
28500.0,light-2,3103,1,2.425,
28500.0,light-4,3102,1,3.384,
28500.0,light-1,3102,1,6.440,
28500.0,light-5,3103,1,6.640,
28500.0,light-3,3101,1,7.174,
28503.3,heavy,3101,0,7.395,
28506.7,heavy,3102,0,0.785,
28510.0,heavy,3103,1,2.588,
28513.3,heavy,3101,1,3.769,
28516.7,heavy,3102,0,1.708,
28520.0,heavy,3103,0,2.772,
28523.3,heavy,3101,0,4.590,
28526.7,heavy,3102,1,1.656,
28530.0,heavy,3103,0,3.707,
28533.3,heavy,3101,0,4.730,
28536.7,heavy,3102,0,0.899,
28540.0,heavy,3103,1,3.987,
28543.3,heavy,3101,0,3.292,
28546.7,heavy,3102,1,1.336,
28550.0,heavy,3103,0,3.131,
28553.3,heavy,3101,0,3.537,
28556.7,heavy,3102,0,1.072,
28560.0,heavy,3103,1,3.185,
28563.3,heavy,3101,0,3.345,
28566.7,heavy,3102,0,0.833,
28570.0,heavy,3103,1,3.449,
28573.3,heavy,3101,0,2.958,
28576.7,heavy,3102,1,1.140,
28580.0,heavy,3103,0,2.500,
28583.3,heavy,3101,0,2.344,
28586.7,heavy,3102,1,1.405,
28590.0,heavy,3103,0,3.092,
28593.3,heavy,3101,0,3.560,
28596.7,heavy,3102,0,0.884,
28600.0,heavy,3103,1,7.159,
28600.0,light-1,3101,1,2.676,
28600.0,light-3,3103,1,3.756,
28600.0,light-2,3102,1,6.871,
28600.0,light-4,3101,1,6.922,
28600.0,light-5,3102,1,7.950,
28603.3,heavy,3101,0,6.126,
28606.7,heavy,3102,1,1.445,
28610.0,heavy,3103,0,7.150,
28613.3,heavy,3103,0,6.670,
28616.7,heavy,3101,0,3.874,
28620.0,heavy,3102,1,0.809,
28623.3,heavy,3103,0,3.528,
28626.7,heavy,3101,0,3.205,
28630.0,heavy,3102,1,1.964,
28633.3,heavy,3103,0,4.287,
28636.7,heavy,3101,0,3.265,
28640.0,heavy,3102,1,1.859,
28643.3,heavy,3103,0,2.863,
28646.7,heavy,3101,0,2.623,
28650.0,heavy,3102,1,1.375,
28653.3,heavy,3103,0,3.296,
28656.7,heavy,3101,0,3.743,
28660.0,heavy,3102,1,0.879,
28663.3,heavy,3103,0,4.142,
28666.7,heavy,3101,0,3.260,
28670.0,heavy,3102,1,1.177,
28673.3,heavy,3103,0,3.604,
28676.7,heavy,3101,0,2.750,
28680.0,heavy,3102,1,1.030,
28683.3,heavy,3103,0,3.741,
28686.7,heavy,3101,1,3.013,
28690.0,heavy,3102,0,1.200,
28693.3,heavy,3103,0,6.453,
28696.7,heavy,3101,0,6.811,
28700.0,heavy,3102,1,1.359,
28700.0,light-1,3101,1,2.903,
28700.0,light-3,3103,1,3.377,
28700.0,light-4,3101,1,7.101,
28700.0,light-2,3102,1,7.329,
28700.0,light-5,3102,1,8.372,
28703.3,heavy,3103,1,7.084,
28706.7,heavy,3103,0,6.968,
28710.0,heavy,3101,0,3.896,
28713.3,heavy,3102,0,1.124,
28716.7,heavy,3103,1,3.013,
28720.0,heavy,3101,1,13.815,
28723.3,heavy,3102,0,1.024,
28726.7,heavy,3103,0,2.376,
28730.0,heavy,3101,0,2.796,
28733.3,heavy,3102,0,0.798,
28736.7,heavy,3103,0,2.088,
28740.0,heavy,3101,0,4.023,
28743.3,heavy,3102,1,1.022,
28746.7,heavy,3103,1,2.754,
28750.0,heavy,3101,0,4.912,
28753.3,heavy,3102,0,0.807,
28756.7,heavy,3103,0,3.322,
28760.0,heavy,3101,1,2.758,
28763.3,heavy,3102,0,1.057,
28766.7,heavy,3103,0,3.611,
28770.0,heavy,3101,0,3.586,
28773.3,heavy,3102,1,1.982,
28776.7,heavy,3103,0,4.002,
28780.0,heavy,3101,1,3.276,
28783.3,heavy,3102,0,1.075,
28786.7,heavy,3103,1,3.443,
28790.0,heavy,3101,0,3.008,
28793.3,heavy,3102,0,1.103,
28796.7,heavy,3103,0,3.195,
28800.0,heavy,3101,1,4.998,
28800.0,light-2,3103,1,1.641,
28800.0,light-4,3102,1,2.290,
28800.0,light-1,3102,1,4.403,
28800.0,light-5,3103,1,4.834,
28800.0,light-3,3101,1,5.071,
28803.3,heavy,3101,0,3.453,
28806.7,heavy,3102,0,1.236,
28810.0,heavy,3103,1,4.019,
28813.3,heavy,3101,0,4.033,
28816.7,heavy,3102,0,1.413,
28820.0,heavy,3103,0,5.567,
28823.3,heavy,3101,0,4.593,
28826.7,heavy,3102,1,1.546,
28830.0,heavy,3103,1,6.668,
28833.3,heavy,3101,0,5.298,
28836.7,heavy,3102,1,1.195,
28840.0,heavy,3103,0,5.357,
28843.3,heavy,3101,0,4.027,
28846.7,heavy,3102,1,1.412,
28850.0,heavy,3103,0,2.889,
28853.3,heavy,3101,0,2.643,
28856.7,heavy,3102,1,1.575,
28860.0,heavy,3103,0,3.586,
28863.3,heavy,3101,0,2.923,
28866.7,heavy,3102,0,1.554,
28870.0,heavy,3103,1,2.687,
28873.3,heavy,3101,0,4.812,
28876.7,heavy,3102,1,1.498,
28880.0,heavy,3103,0,4.303,
28883.3,heavy,3101,0,4.681,
28886.7,heavy,3102,0,1.310,
28890.0,heavy,3103,0,4.199,
28893.3,heavy,3101,0,2.862,
28896.7,heavy,3102,1,1.215,
28900.0,heavy,3103,1,5.513,
28900.0,light-1,3101,1,1.467,
28900.0,light-3,3103,1,2.478,
28900.0,light-4,3101,1,5.835,
28900.0,light-2,3102,1,6.055,
28900.0,light-5,3102,1,6.363,
28903.3,heavy,3103,0,2.745,
28906.7,heavy,3101,1,3.405,
28910.0,heavy,3102,0,0.991,
28913.3,heavy,3103,1,3.691,
28916.7,heavy,3101,0,4.009,
28920.0,heavy,3102,1,1.418,
28923.3,heavy,3103,0,4.100,
28926.7,heavy,3101,0,4.996,
28930.0,heavy,3102,0,0.840,
28933.3,heavy,3103,0,3.625,
28936.7,heavy,3101,0,3.264,
28940.0,heavy,3102,1,1.153,
28943.3,heavy,3103,0,3.662,
28946.7,heavy,3101,0,2.920,
28950.0,heavy,3102,1,1.159,
28953.3,heavy,3103,0,3.093,
28956.7,heavy,3101,0,2.699,
28960.0,heavy,3102,1,1.216,
28963.3,heavy,3103,0,4.177,
28966.7,heavy,3101,0,4.082,
28970.0,heavy,3102,1,1.475,
28973.3,heavy,3103,0,4.872,
28976.7,heavy,3101,0,3.744,
28980.0,heavy,3102,1,0.798,
28983.3,heavy,3103,0,3.282,
28986.7,heavy,3101,0,3.500,
28990.0,heavy,3102,1,1.614,
28993.3,heavy,3103,0,2.980,
28996.7,heavy,3101,0,2.781,
29000.0,heavy,3102,1,1.240,
29000.0,light-5,3101,1,2.178,
29000.0,light-2,3101,1,4.087,
29000.0,light-1,3103,1,4.684,
29000.0,light-3,3102,1,4.738,
29000.0,light-4,3103,1,4.842,
29003.3,heavy,3102,0,0.915,
29006.7,heavy,3103,0,4.067,
29010.0,heavy,3101,0,3.643,
29013.3,heavy,3102,1,1.387,
29016.7,heavy,3103,0,4.523,
29020.0,heavy,3101,0,4.656,
29023.3,heavy,3102,1,1.581,
29026.7,heavy,3103,0,3.247,
29030.0,heavy,3101,1,2.500,
29033.3,heavy,3102,0,1.240,
29036.7,heavy,3103,0,3.077,
29040.0,heavy,3101,1,3.296,
29043.3,heavy,3102,0,1.093,
29046.7,heavy,3103,0,3.830,
29050.0,heavy,3101,1,3.170,
29053.3,heavy,3102,0,0.882,
29056.7,heavy,3103,1,3.258,
29060.0,heavy,3101,0,2.742,
29063.3,heavy,3102,1,1.209,
29066.7,heavy,3103,0,3.776,
29070.0,heavy,3101,0,2.313,
29073.3,heavy,3102,1,1.300,
29076.7,heavy,3103,0,2.640,
29080.0,heavy,3101,0,3.079,
29083.3,heavy,3102,0,1.208,
29086.7,heavy,3103,1,3.807,
29090.0,heavy,3101,0,3.110,
29093.3,heavy,3102,1,1.907,
29096.7,heavy,3103,0,5.073,
29100.0,heavy,3101,0,4.458,
29100.0,light-2,3103,1,2.103,
29100.0,light-4,3102,1,3.422,
29100.0,light-1,3102,1,4.516,
29100.0,light-3,3101,1,6.517,
29100.0,light-5,3103,1,7.015,
29103.3,heavy,3101,0,4.427,
29106.7,heavy,3102,0,1.002,
29110.0,heavy,3103,0,3.823,
29113.3,heavy,3101,1,3.046,
29116.7,heavy,3102,0,0.998,
29120.0,heavy,3103,0,3.626,
29123.3,heavy,3101,1,3.014,
29126.7,heavy,3102,1,1.283,
29130.0,heavy,3103,0,3.048,
29133.3,heavy,3101,0,3.387,
29136.7,heavy,3102,0,1.289,
29140.0,heavy,3103,0,4.019,
29143.3,heavy,3101,1,3.255,
29146.7,heavy,3102,0,0.945,
29150.0,heavy,3103,1,4.036,
29153.3,heavy,3101,0,3.290,
29156.7,heavy,3102,1,1.209,
29160.0,heavy,3103,0,4.629,
29163.3,heavy,3101,0,2.585,
29166.7,heavy,3102,1,1.351,
29170.0,heavy,3103,0,3.664,
29173.3,heavy,3101,0,3.887,
29176.7,heavy,3102,0,1.272,
29180.0,heavy,3103,0,3.887,
29183.3,heavy,3101,1,3.061,
29186.7,heavy,3102,1,1.367,
29190.0,heavy,3103,0,4.588,
29193.3,heavy,3101,0,2.803,
29196.7,heavy,3102,1,1.466,
29200.0,heavy,3103,0,5.047,
29200.0,light-2,3103,1,2.375,
29200.0,light-4,3102,1,3.075,
29200.0,light-1,3102,1,6.019,
29200.0,light-5,3103,1,6.077,
29200.0,light-3,3101,1,6.250,
29203.3,heavy,3101,0,5.467,
29206.7,heavy,3101,0,5.541,
29210.0,heavy,3102,1,1.583,
29213.3,heavy,3103,0,3.752,
29216.7,heavy,3101,0,3.003,
29220.0,heavy,3102,1,1.241,
29223.3,heavy,3103,0,3.234,
29226.7,heavy,3101,0,2.896,
29230.0,heavy,3102,1,0.884,
29233.3,heavy,3103,0,3.116,
29236.7,heavy,3101,0,3.081,
29240.0,heavy,3102,1,1.701,
29243.3,heavy,3103,0,4.263,
29246.7,heavy,3101,0,3.126,
29250.0,heavy,3102,1,2.009,
29253.3,heavy,3103,0,4.205,
29256.7,heavy,3101,0,3.287,
29260.0,heavy,3102,1,1.117,
29263.3,heavy,3103,0,3.724,
29266.7,heavy,3101,1,2.882,
29270.0,heavy,3102,0,0.898,
29273.3,heavy,3103,0,4.288,
29276.7,heavy,3101,0,3.311,
29280.0,heavy,3102,1,1.246,
29283.3,heavy,3103,0,5.286,
29286.7,heavy,3101,0,2.941,
29290.0,heavy,3102,1,1.027,
29293.3,heavy,3103,1,3.770,
29296.7,heavy,3101,0,4.731,
29300.0,heavy,3102,0,1.814,
29300.0,light-5,3101,1,4.253,
29300.0,light-2,3101,1,5.308,
29300.0,light-1,3103,1,6.329,
29300.0,light-3,3102,1,6.503,
29300.0,light-4,3103,1,7.263,
29303.3,heavy,3102,0,2.643,
29306.7,heavy,3103,0,4.609,
29310.0,heavy,3101,1,3.099,
29313.3,heavy,3102,0,1.069,
29316.7,heavy,3103,0,5.981,
29320.0,heavy,3101,1,4.717,
29323.3,heavy,3102,1,1.401,
29326.7,heavy,3103,0,7.329,
29330.0,heavy,3101,0,3.955,
29333.3,heavy,3102,0,2.134,
29336.7,heavy,3103,0,3.728,
29340.0,heavy,3101,1,3.760,
29343.3,heavy,3102,0,1.335,
29346.7,heavy,3103,0,4.367,
29350.0,heavy,3101,1,3.681,
29353.3,heavy,3102,1,1.346,
29356.7,heavy,3103,0,4.443,
29360.0,heavy,3101,0,4.116,
29363.3,heavy,3102,0,0.660,
29366.7,heavy,3103,0,4.443,
29370.0,heavy,3101,0,3.698,
29373.3,heavy,3102,1,1.352,
29376.7,heavy,3103,1,4.803,
29380.0,heavy,3101,0,3.106,
29383.3,heavy,3102,0,1.213,
29386.7,heavy,3103,1,3.634,
29390.0,heavy,3101,0,4.008,
29393.3,heavy,3102,0,1.037,
29396.7,heavy,3103,1,6.350,
29400.0,heavy,3101,0,6.298,
29400.0,light-1,3101,1,2.974,
29400.0,light-3,3103,1,3.797,
29400.0,light-2,3102,1,6.494,
29400.0,light-4,3101,1,6.987,
29400.0,light-5,3102,1,7.764,
29403.3,heavy,3102,1,1.570,
29406.7,heavy,3103,0,7.349,
29410.0,heavy,3103,0,6.502,
29413.3,heavy,3101,0,3.145,
29416.7,heavy,3102,1,1.551,
29420.0,heavy,3103,0,3.634,
29423.3,heavy,3101,0,3.180,
29426.7,heavy,3102,0,1.115,
29430.0,heavy,3103,1,3.967,
29433.3,heavy,3101,0,4.297,
29436.7,heavy,3102,1,0.979,
29440.0,heavy,3103,0,3.318,
29443.3,heavy,3101,0,3.291,
29446.7,heavy,3102,0,1.577,
29450.0,heavy,3103,1,3.214,
29453.3,heavy,3101,0,3.106,
29456.7,heavy,3102,0,1.006,
29460.0,heavy,3103,0,3.403,
29463.3,heavy,3101,1,3.560,
29466.7,heavy,3102,1,1.133,
29470.0,heavy,3103,0,2.409,
29473.3,heavy,3101,0,2.922,
29476.7,heavy,3102,0,0.617,
29480.0,heavy,3103,1,3.054,
29483.3,heavy,3101,0,3.043,
29486.7,heavy,3102,1,0.932,
29490.0,heavy,3103,0,3.095,
29493.3,heavy,3101,0,3.147,
29496.7,heavy,3102,0,1.010,
29500.0,heavy,3103,1,6.089,
29500.0,light-2,3103,1,3.322,
29500.0,light-4,3102,1,3.737,
29500.0,light-1,3102,1,5.740,
29500.0,light-5,3103,1,7.766,
29500.0,light-3,3101,1,7.990,
29503.3,heavy,3101,0,5.338,
29506.7,heavy,3102,1,1.694,
29510.0,heavy,3103,0,6.239,
29513.3,heavy,3101,0,6.546,
29516.7,heavy,3101,0,4.994,
29520.0,heavy,3102,1,0.677,
29523.3,heavy,3103,0,4.391,
29526.7,heavy,3101,0,3.591,
29530.0,heavy,3102,1,2.134,
29533.3,heavy,3103,0,3.210,
29536.7,heavy,3101,0,3.173,
29540.0,heavy,3102,1,0.973,
29543.3,heavy,3103,0,3.414,
29546.7,heavy,3101,1,3.232,
29550.0,heavy,3102,0,0.774,
29553.3,heavy,3103,0,3.029,
29556.7,heavy,3101,0,3.180,
29560.0,heavy,3102,1,0.951,
29563.3,heavy,3103,0,4.124,
29566.7,heavy,3101,0,3.323,
29570.0,heavy,3102,1,1.074,
29573.3,heavy,3103,0,4.125,
29576.7,heavy,3101,0,2.912,
29580.0,heavy,3102,1,0.990,
29583.3,heavy,3103,0,4.195,
29586.7,heavy,3101,0,3.173,
29590.0,heavy,3102,1,1.215,
29593.3,heavy,3103,0,3.568,
29596.7,heavy,3101,0,2.788,
29600.0,heavy,3102,1,1.571,
29600.0,light-5,3101,1,2.905,
29600.0,light-2,3101,1,4.705,
29600.0,light-1,3103,1,4.911,
29600.0,light-3,3102,1,5.164,
29600.0,light-4,3103,1,5.659,
29603.3,heavy,3102,0,1.284,
29606.7,heavy,3103,1,3.576,
29610.0,heavy,3101,0,3.093,
29613.3,heavy,3102,0,1.085,
29616.7,heavy,3103,0,3.970,
29620.0,heavy,3101,0,3.210,
29623.3,heavy,3102,1,1.610,
29626.7,heavy,3103,0,3.071,
29630.0,heavy,3101,1,2.806,
29633.3,heavy,3102,0,1.117,
29636.7,heavy,3103,0,3.988,
29640.0,heavy,3101,1,3.099,
29643.3,heavy,3102,0,1.119,
29646.7,heavy,3103,0,3.739,
29650.0,heavy,3101,0,2.986,
29653.3,heavy,3102,1,1.101,
29656.7,heavy,3103,1,3.441,
29660.0,heavy,3101,0,2.980,
29663.3,heavy,3102,0,1.008,
29666.7,heavy,3103,0,3.051,
29670.0,heavy,3101,1,2.875,
29673.3,heavy,3102,0,0.952,
29676.7,heavy,3103,0,3.968,
29680.0,heavy,3101,0,2.834,
29683.3,heavy,3102,1,1.323,
29686.7,heavy,3103,0,3.529,
29690.0,heavy,3101,1,2.980,
29693.3,heavy,3102,0,1.138,
29696.7,heavy,3103,1,4.197,
29700.0,heavy,3101,0,4.491,
29700.0,light-2,3103,1,1.912,
29700.0,light-4,3102,1,2.286,
29700.0,light-1,3102,1,3.730,
29700.0,light-3,3101,1,5.644,
29700.0,light-5,3103,1,5.686,
29703.3,heavy,3101,0,5.297,
29706.7,heavy,3102,0,1.038,
29710.0,heavy,3103,0,3.553,
29713.3,heavy,3101,0,3.689,
29716.7,heavy,3102,1,1.392,
29720.0,heavy,3103,1,2.942,
29723.3,heavy,3101,0,3.762,
29726.7,heavy,3102,0,1.300,
29730.0,heavy,3103,0,5.318,
29733.3,heavy,3101,1,3.803,
29736.7,heavy,3102,0,1.132,
29740.0,heavy,3103,0,3.705,
29743.3,heavy,3101,1,2.846,
29746.7,heavy,3102,1,1.128,
29750.0,heavy,3103,0,3.192,
29753.3,heavy,3101,0,2.767,
29756.7,heavy,3102,0,1.599,
29760.0,heavy,3103,0,3.356,
29763.3,heavy,3101,1,2.745,
29766.7,heavy,3102,1,1.517,
29770.0,heavy,3103,0,4.291,
29773.3,heavy,3101,0,2.724,
29776.7,heavy,3102,1,1.629,
29780.0,heavy,3103,0,3.502,
29783.3,heavy,3101,0,3.021,
29786.7,heavy,3102,0,0.830,
29790.0,heavy,3103,0,3.543,
29793.3,heavy,3101,1,2.914,
29796.7,heavy,3102,0,0.806,
29800.0,heavy,3103,0,6.992,
29800.0,light-1,3101,1,2.415,
29800.0,light-3,3103,1,3.400,
29800.0,light-2,3102,1,6.728,
29800.0,light-4,3101,1,6.788,
29800.0,light-5,3102,1,7.617,
29803.3,heavy,3101,1,6.243,
29806.7,heavy,3102,1,1.327,
29810.0,heavy,3103,0,7.052,
29813.3,heavy,3103,0,5.820,
29816.7,heavy,3101,0,3.675,
29820.0,heavy,3102,1,0.832,
29823.3,heavy,3103,0,3.713,
29826.7,heavy,3101,1,3.130,
29830.0,heavy,3102,0,1.116,
29833.3,heavy,3103,0,3.376,
29836.7,heavy,3101,0,2.869,
29840.0,heavy,3102,1,1.152,
29843.3,heavy,3103,0,5.264,
29846.7,heavy,3101,0,3.845,
29850.0,heavy,3102,1,1.251,
29853.3,heavy,3103,0,5.660,
29856.7,heavy,3101,0,4.101,
29860.0,heavy,3102,1,1.185,
29863.3,heavy,3103,0,3.246,
29866.7,heavy,3101,0,2.432,
29870.0,heavy,3102,1,0.968,
29873.3,heavy,3103,0,2.641,
29876.7,heavy,3101,0,2.798,
29880.0,heavy,3102,1,1.232,
29883.3,heavy,3103,0,3.043,
29886.7,heavy,3101,0,3.498,
29890.0,heavy,3102,1,0.869,
29893.3,heavy,3103,0,5.978,
29896.7,heavy,3101,0,4.672,
29900.0,heavy,3102,1,1.351,
29900.0,light-5,3101,1,3.344,
29900.0,light-2,3101,1,5.892,
29900.0,light-3,3102,1,5.999,
29900.0,light-1,3103,1,6.467,
29900.0,light-4,3103,1,7.667,
29903.3,heavy,3102,0,2.718,
29906.7,heavy,3103,1,5.453,
29910.0,heavy,3101,0,2.813,
29913.3,heavy,3102,0,1.460,
29916.7,heavy,3103,0,2.932,
29920.0,heavy,3101,1,2.724,
29923.3,heavy,3102,0,1.049,
29926.7,heavy,3103,0,3.072,
29930.0,heavy,3101,0,3.217,
29933.3,heavy,3102,1,1.195,
29936.7,heavy,3103,0,2.348,
29940.0,heavy,3101,1,3.139,
29943.3,heavy,3102,1,1.878,
29946.7,heavy,3103,0,2.864,
29950.0,heavy,3101,0,2.750,
29953.3,heavy,3102,0,0.965,
29956.7,heavy,3103,0,3.474,
29960.0,heavy,3101,0,2.804,
29963.3,heavy,3102,1,1.259,
29966.7,heavy,3103,0,2.466,
29970.0,heavy,3101,1,2.738,
29973.3,heavy,3102,1,1.602,
29976.7,heavy,3103,0,4.594,
29980.0,heavy,3101,0,3.881,
29983.3,heavy,3102,0,0.974,
29986.7,heavy,3103,0,4.028,
29990.0,heavy,3101,0,2.713,
29993.3,heavy,3102,1,1.160,
29996.7,heavy,3103,0,3.384,
30000.0,heavy,3101,1,3.201,
