tMs,key,port,allowed,latencyMs,error
0.0,light-2,3103,1,2.447,
0.0,light-4,3102,1,3.724,
0.0,light-1,3102,1,6.880,
0.0,heavy,3101,1,7.962,
0.0,light-5,3103,1,7.566,
0.0,light-3,3101,1,9.870,
3.3,heavy,3101,1,7.278,
6.7,heavy,3102,1,1.705,
10.0,heavy,3103,1,4.078,
13.3,heavy,3101,1,4.249,
16.7,heavy,3102,1,1.475,
20.0,heavy,3103,1,5.611,
23.3,heavy,3101,1,4.600,
26.7,heavy,3102,1,1.822,
30.0,heavy,3103,1,5.188,
33.3,heavy,3101,1,3.431,
36.7,heavy,3102,1,1.266,
40.0,heavy,3103,1,4.586,
43.3,heavy,3101,1,3.767,
46.7,heavy,3102,1,1.315,
50.0,heavy,3103,1,6.232,
53.3,heavy,3101,1,5.289,
56.7,heavy,3102,1,1.786,
60.0,heavy,3103,1,6.753,
63.3,heavy,3101,1,4.552,
66.7,heavy,3102,1,1.358,
70.0,heavy,3103,1,4.543,
73.3,heavy,3101,1,3.633,
76.7,heavy,3102,1,1.457,
80.0,heavy,3103,1,4.383,
83.3,heavy,3101,1,3.829,
86.7,heavy,3102,1,1.482,
90.0,heavy,3103,1,5.229,
93.3,heavy,3101,1,4.181,
96.7,heavy,3102,1,2.311,
100.0,heavy,3103,1,8.117,
100.0,light-4,3102,1,4.006,
100.0,light-2,3103,1,4.791,
100.0,light-1,3102,1,8.178,
100.0,light-5,3103,1,12.726,
100.0,light-3,3101,1,13.550,
103.3,heavy,3101,1,9.829,
106.7,heavy,3102,1,1.937,
110.0,heavy,3103,1,8.752,
113.3,heavy,3101,1,10.649,
116.7,heavy,3101,1,11.065,
120.0,heavy,3102,1,1.470,
123.3,heavy,3103,1,4.417,
126.7,heavy,3101,1,6.040,
130.0,heavy,3102,1,1.305,
133.3,heavy,3103,1,3.402,
136.7,heavy,3101,1,3.530,
140.0,heavy,3102,1,1.574,
143.3,heavy,3103,1,4.018,
146.7,heavy,3101,1,3.699,
150.0,heavy,3102,1,1.417,
153.3,heavy,3103,1,3.607,
156.7,heavy,3101,1,4.217,
160.0,heavy,3102,1,1.873,
163.3,heavy,3103,1,5.168,
166.7,heavy,3101,1,5.469,
170.0,heavy,3102,1,1.454,
173.3,heavy,3103,1,5.644,
176.7,heavy,3101,1,4.441,
180.0,heavy,3102,1,1.366,
183.3,heavy,3103,1,6.342,
186.7,heavy,3101,1,3.639,
190.0,heavy,3102,1,1.390,
193.3,heavy,3103,1,5.543,
196.7,heavy,3101,1,3.755,
200.0,light-5,3101,1,3.399,
200.0,light-2,3101,1,6.362,
200.0,light-1,3103,1,7.015,
200.0,light-3,3102,1,7.091,
200.0,light-4,3103,1,7.387,
200.0,heavy,3102,1,2.012,
203.3,heavy,3102,1,2.272,
206.7,heavy,3103,1,4.602,
210.0,heavy,3101,1,4.314,
213.3,heavy,3102,1,1.677,
216.7,heavy,3103,1,4.188,
220.0,heavy,3101,1,5.016,
223.3,heavy,3102,1,1.782,
226.7,heavy,3103,1,4.014,
230.0,heavy,3101,1,3.244,
233.3,heavy,3102,1,1.513,
236.7,heavy,3103,1,3.996,
240.0,heavy,3101,1,3.897,
243.3,heavy,3102,1,1.225,
246.7,heavy,3103,1,4.821,
250.0,heavy,3101,1,3.780,
253.3,heavy,3102,1,1.985,
256.7,heavy,3103,1,5.721,
260.0,heavy,3101,1,6.187,
263.3,heavy,3102,1,1.577,
266.7,heavy,3103,1,6.487,
270.0,heavy,3101,1,5.390,
273.3,heavy,3102,1,1.307,
276.7,heavy,3103,1,5.517,
280.0,heavy,3101,1,4.733,
283.3,heavy,3102,1,1.880,
286.7,heavy,3103,1,4.275,
290.0,heavy,3101,1,4.180,
293.3,heavy,3102,1,0.946,
296.7,heavy,3103,1,4.201,
300.0,light-5,3101,1,4.403,
300.0,light-3,3102,1,5.246,
300.0,light-4,3103,1,5.794,
300.0,light-1,3103,1,7.239,
300.0,light-2,3101,1,7.416,
300.0,heavy,3101,1,6.638,
303.3,heavy,3102,1,1.560,
306.7,heavy,3102,1,1.568,
310.0,heavy,3103,1,4.385,
313.3,heavy,3101,1,3.833,
316.7,heavy,3102,1,1.402,
320.0,heavy,3103,1,4.337,
323.3,heavy,3101,1,4.490,
326.7,heavy,3102,1,1.269,
330.0,heavy,3103,1,3.506,
333.3,heavy,3101,1,3.851,
336.7,heavy,3102,1,1.352,
340.0,heavy,3103,1,4.863,
343.3,heavy,3101,1,5.359,
346.7,heavy,3102,1,1.600,
350.0,heavy,3103,1,4.450,
353.3,heavy,3101,1,4.552,
356.7,heavy,3102,1,1.375,
360.0,heavy,3103,1,3.566,
363.3,heavy,3101,1,4.203,
366.7,heavy,3102,1,1.392,
370.0,heavy,3103,1,3.840,
373.3,heavy,3101,1,4.738,
376.7,heavy,3102,1,1.548,
380.0,heavy,3103,1,8.470,
383.3,heavy,3101,1,4.961,
386.7,heavy,3102,1,1.731,
390.0,heavy,3103,1,8.529,
393.3,heavy,3101,1,6.152,
396.7,heavy,3102,1,2.902,
400.0,heavy,3103,1,8.031,
400.0,light-1,3101,1,1.905,
400.0,light-3,3103,1,4.363,
400.0,light-4,3101,1,5.994,
400.0,light-2,3102,1,6.456,
400.0,light-5,3102,1,7.497,
403.3,heavy,3103,1,4.979,
406.7,heavy,3101,1,4.069,
410.0,heavy,3102,1,1.339,
413.3,heavy,3103,1,3.854,
416.7,heavy,3101,1,4.222,
420.0,heavy,3102,1,1.184,
423.3,heavy,3103,1,5.514,
426.7,heavy,3101,1,5.034,
430.0,heavy,3102,1,1.496,
433.3,heavy,3103,1,6.270,
436.7,heavy,3101,1,5.984,
440.0,heavy,3102,1,4.203,
443.3,heavy,3103,1,4.652,
446.7,heavy,3101,1,4.267,
450.0,heavy,3102,1,1.285,
453.3,heavy,3103,1,3.649,
456.7,heavy,3101,1,4.175,
460.0,heavy,3102,1,1.277,
463.3,heavy,3103,1,3.695,
466.7,heavy,3101,1,3.906,
470.0,heavy,3102,1,1.348,
473.3,heavy,3103,1,6.496,
476.7,heavy,3101,1,5.445,
480.0,heavy,3102,1,1.823,
483.3,heavy,3103,1,7.198,
486.7,heavy,3101,1,6.693,
490.0,heavy,3102,1,1.601,
493.3,heavy,3103,1,3.777,
496.7,heavy,3101,0,3.703,
500.0,heavy,3102,0,1.795,
500.0,light-5,3101,1,2.774,
500.0,light-2,3101,1,5.492,
500.0,light-1,3103,1,5.785,
500.0,light-4,3103,1,7.131,
500.0,light-3,3102,1,7.890,
503.3,heavy,3102,1,2.116,
506.7,heavy,3103,0,3.533,
510.0,heavy,3101,0,3.100,
513.3,heavy,3102,1,0.977,
516.7,heavy,3103,1,5.099,
520.0,heavy,3101,0,6.094,
523.3,heavy,3102,1,1.813,
526.7,heavy,3103,0,6.533,
530.0,heavy,3101,0,8.389,
533.3,heavy,3102,0,1.593,
536.7,heavy,3103,0,6.502,
540.0,heavy,3101,0,5.038,
543.3,heavy,3102,0,1.145,
546.7,heavy,3103,1,4.063,
550.0,heavy,3101,1,4.398,
553.3,heavy,3102,0,1.567,
556.7,heavy,3103,0,4.568,
560.0,heavy,3101,0,3.514,
563.3,heavy,3102,1,1.165,
566.7,heavy,3103,0,5.259,
570.0,heavy,3101,0,5.720,
573.3,heavy,3102,1,1.586,
576.7,heavy,3103,0,6.392,
580.0,heavy,3101,0,4.690,
583.3,heavy,3102,1,1.169,
586.7,heavy,3103,0,4.432,
590.0,heavy,3101,0,4.672,
593.3,heavy,3102,1,1.452,
596.7,heavy,3103,0,3.204,
600.0,heavy,3101,1,6.925,
600.0,light-2,3103,1,1.285,
600.0,light-4,3102,1,2.987,
600.0,light-1,3102,1,5.711,
600.0,light-5,3103,1,6.341,
600.0,light-3,3101,1,8.928,
603.3,heavy,3101,0,7.283,
606.7,heavy,3102,0,1.307,
610.0,heavy,3103,0,3.541,
613.3,heavy,3101,1,3.188,
616.7,heavy,3102,0,1.172,
620.0,heavy,3103,1,4.516,
623.3,heavy,3101,0,4.960,
626.7,heavy,3102,0,1.253,
630.0,heavy,3103,0,5.333,
633.3,heavy,3101,0,4.319,
636.7,heavy,3102,1,1.498,
640.0,heavy,3103,0,5.572,
643.3,heavy,3101,1,3.258,
646.7,heavy,3102,0,1.254,
650.0,heavy,3103,0,4.742,
653.3,heavy,3101,1,3.753,
656.7,heavy,3102,0,1.415,
660.0,heavy,3103,0,2.613,
663.3,heavy,3101,1,3.673,
666.7,heavy,3102,0,1.384,
670.0,heavy,3103,0,4.019,
673.3,heavy,3101,1,3.412,
676.7,heavy,3102,0,1.155,
680.0,heavy,3103,0,4.393,
683.3,heavy,3101,1,3.505,
686.7,heavy,3102,0,1.104,
690.0,heavy,3103,0,3.970,
693.3,heavy,3101,1,3.376,
696.7,heavy,3102,0,1.070,
700.0,light-1,3101,1,2.057,
700.0,light-3,3103,1,3.193,
700.0,light-5,3102,1,5.461,
700.0,light-4,3101,1,6.149,
700.0,light-2,3102,1,6.664,
700.0,heavy,3103,1,8.641,
703.3,heavy,3103,0,7.874,
706.7,heavy,3101,0,3.594,
710.0,heavy,3102,0,1.536,
713.3,heavy,3103,0,4.702,
716.7,heavy,3101,1,3.871,
720.0,heavy,3102,0,1.020,
723.3,heavy,3103,1,5.043,
726.7,heavy,3101,0,3.718,
730.0,heavy,3102,1,1.259,
733.3,heavy,3103,0,5.652,
736.7,heavy,3101,0,3.552,
740.0,heavy,3102,0,1.322,
743.3,heavy,3103,0,5.568,
746.7,heavy,3101,1,4.383,
750.0,heavy,3102,1,1.247,
753.3,heavy,3103,0,3.880,
756.7,heavy,3101,0,3.824,
760.0,heavy,3102,0,1.487,
763.3,heavy,3103,1,3.269,
766.7,heavy,3101,0,3.268,
770.0,heavy,3102,0,1.174,
773.3,heavy,3103,0,4.964,
776.7,heavy,3101,1,5.398,
780.0,heavy,3102,1,1.460,
783.3,heavy,3103,0,3.991,
786.7,heavy,3101,0,4.132,
790.0,heavy,3102,1,1.462,
793.3,heavy,3103,0,3.673,
796.7,heavy,3101,0,4.088,
800.0,light-5,3101,1,2.456,
800.0,light-2,3101,1,5.224,
800.0,light-3,3102,1,5.812,
800.0,light-1,3103,1,6.078,
800.0,light-4,3103,1,6.747,
800.0,heavy,3102,0,1.210,
803.3,heavy,3102,1,1.290,
806.7,heavy,3103,0,5.160,
810.0,heavy,3101,0,3.721,
813.3,heavy,3102,1,1.558,
816.7,heavy,3103,0,4.216,
820.0,heavy,3101,0,3.989,
823.3,heavy,3102,1,1.205,
826.7,heavy,3103,0,4.210,
830.0,heavy,3101,0,3.022,
833.3,heavy,3102,1,1.035,
836.7,heavy,3103,0,7.763,
840.0,heavy,3101,1,3.609,
843.3,heavy,3102,0,2.427,
846.7,heavy,3103,0,6.871,
850.0,heavy,3101,1,5.923,
853.3,heavy,3102,0,2.001,
856.7,heavy,3103,0,3.995,
860.0,heavy,3101,0,5.340,
863.3,heavy,3102,1,1.479,
866.7,heavy,3103,0,3.644,
870.0,heavy,3101,0,4.089,
873.3,heavy,3102,1,1.404,
876.7,heavy,3103,0,4.328,
880.0,heavy,3101,0,4.047,
883.3,heavy,3102,1,1.292,
886.7,heavy,3103,0,6.519,
890.0,heavy,3101,0,6.834,
893.3,heavy,3102,1,1.559,
896.7,heavy,3103,1,9.070,
900.0,light-2,3103,1,3.989,
900.0,light-4,3102,1,4.070,
900.0,light-1,3102,1,7.731,
900.0,light-3,3101,1,10.311,
900.0,light-5,3103,1,10.406,
900.0,heavy,3101,0,7.714,
903.3,heavy,3101,0,7.246,
906.7,heavy,3102,0,1.260,
910.0,heavy,3103,1,4.859,
913.3,heavy,3101,0,4.474,
916.7,heavy,3102,0,1.407,
920.0,heavy,3103,0,3.711,
923.3,heavy,3101,1,3.841,
926.7,heavy,3102,0,1.061,
930.0,heavy,3103,0,5.517,
933.3,heavy,3101,0,4.793,
936.7,heavy,3102,1,1.443,
940.0,heavy,3103,0,6.262,
943.3,heavy,3101,0,5.995,
946.7,heavy,3102,1,0.945,
950.0,heavy,3103,0,4.630,
953.3,heavy,3101,1,3.324,
956.7,heavy,3102,0,1.155,
960.0,heavy,3103,0,5.598,
963.3,heavy,3101,0,4.676,
966.7,heavy,3102,1,1.446,
970.0,heavy,3103,0,6.069,
973.3,heavy,3101,0,5.511,
976.7,heavy,3102,1,1.142,
980.0,heavy,3103,0,5.189,
983.3,heavy,3101,1,4.064,
986.7,heavy,3102,0,1.598,
990.0,heavy,3103,0,3.828,
993.3,heavy,3101,1,3.147,
996.7,heavy,3102,0,1.130,
1000.0,light-2,3103,1,2.960,
1000.0,light-4,3102,1,3.202,
1000.0,light-1,3102,1,6.522,
1000.0,light-5,3103,1,8.169,
1000.0,light-3,3101,1,9.451,
1000.0,heavy,3103,1,5.938,
1003.3,heavy,3101,0,6.850,
1006.7,heavy,3101,0,7.842,
1010.0,heavy,3102,0,1.745,
1013.3,heavy,3103,1,4.549,
1016.7,heavy,3101,0,3.419,
1020.0,heavy,3102,0,1.388,
1023.3,heavy,3103,1,5.118,
1026.7,heavy,3101,0,7.022,
1030.0,heavy,3102,1,1.562,
1033.3,heavy,3103,0,7.046,
1036.7,heavy,3101,0,8.344,
1040.0,heavy,3102,0,1.470,
1043.3,heavy,3103,1,4.473,
1046.7,heavy,3101,0,4.188,
1050.0,heavy,3102,0,0.959,
1053.3,heavy,3103,1,3.697,
1056.7,heavy,3101,0,3.875,
1060.0,heavy,3102,0,0.995,
1063.3,heavy,3103,0,5.338,
1066.7,heavy,3101,1,3.467,
1070.0,heavy,3102,0,1.851,
1073.3,heavy,3103,1,3.547,
1076.7,heavy,3101,0,3.319,
1080.0,heavy,3102,0,1.003,
1083.3,heavy,3103,1,3.800,
1086.7,heavy,3101,0,3.310,
1090.0,heavy,3102,0,1.045,
1093.3,heavy,3103,0,4.527,
1096.7,heavy,3101,1,3.235,
1100.0,light-5,3101,1,2.346,
1100.0,light-2,3101,1,4.747,
1100.0,light-3,3102,1,5.230,
1100.0,light-1,3103,1,5.499,
1100.0,light-4,3103,1,5.717,
1100.0,heavy,3102,0,1.179,
1103.3,heavy,3102,1,0.967,
1106.7,heavy,3103,0,4.237,
1110.0,heavy,3101,0,3.202,
1113.3,heavy,3102,1,1.024,
1116.7,heavy,3103,0,3.473,
1120.0,heavy,3101,0,3.788,
1123.3,heavy,3102,1,1.172,
1126.7,heavy,3103,0,2.798,
1130.0,heavy,3101,0,2.998,
1133.3,heavy,3102,1,1.073,
1136.7,heavy,3103,0,3.732,
1140.0,heavy,3101,1,3.049,
1143.3,heavy,3102,0,1.061,
1146.7,heavy,3103,0,2.925,
1150.0,heavy,3101,0,3.129,
1153.3,heavy,3102,1,1.208,
1156.7,heavy,3103,0,4.297,
1160.0,heavy,3101,0,3.616,
1163.3,heavy,3102,1,1.380,
1166.7,heavy,3103,0,4.419,
1170.0,heavy,3101,0,3.112,
1173.3,heavy,3102,1,1.100,
1176.7,heavy,3103,0,3.439,
1180.0,heavy,3101,0,3.204,
1183.3,heavy,3102,1,1.040,
1186.7,heavy,3103,0,3.369,
1190.0,heavy,3101,0,3.332,
1193.3,heavy,3102,1,1.132,
1196.7,heavy,3103,1,9.670,
1200.0,light-4,3102,1,3.968,
1200.0,light-2,3103,1,4.816,
1200.0,light-1,3102,1,7.130,
1200.0,light-3,3101,1,11.149,
1200.0,light-5,3103,1,14.318,
1200.0,heavy,3101,0,6.462,
1203.3,heavy,3102,1,2.066,
1206.7,heavy,3103,0,13.158,
1210.0,heavy,3101,0,8.622,
1213.3,heavy,3101,0,5.814,
1216.7,heavy,3102,0,2.056,
1220.0,heavy,3103,0,8.493,
1223.3,heavy,3101,1,3.388,
1226.7,heavy,3102,0,1.427,
1230.0,heavy,3103,1,7.390,
1233.3,heavy,3101,0,3.743,
1236.7,heavy,3102,1,1.402,
1240.0,heavy,3103,0,8.699,
1243.3,heavy,3101,0,3.599,
1246.7,heavy,3102,0,1.127,
1250.0,heavy,3103,0,3.287,
1253.3,heavy,3101,0,3.745,
1256.7,heavy,3102,1,1.160,
1260.0,heavy,3103,0,3.105,
1263.3,heavy,3101,1,4.420,
1266.7,heavy,3102,1,1.474,
1270.0,heavy,3103,0,4.753,
1273.3,heavy,3101,0,3.524,
1276.7,heavy,3102,0,1.282,
1280.0,heavy,3103,0,4.077,
1283.3,heavy,3101,0,3.323,
1286.7,heavy,3102,1,1.553,
1290.0,heavy,3103,0,3.651,
1293.3,heavy,3101,1,3.381,
1296.7,heavy,3102,0,1.334,
1300.0,heavy,3103,1,5.594,
1300.0,light-1,3101,1,1.653,
1300.0,light-3,3103,1,2.684,
1300.0,light-4,3101,1,5.688,
1300.0,light-2,3102,1,5.969,
1300.0,light-5,3102,1,6.916,
1303.3,heavy,3103,0,5.155,
1306.7,heavy,3101,0,3.631,
1310.0,heavy,3102,0,1.125,
1313.3,heavy,3103,1,3.825,
1316.7,heavy,3101,0,4.883,
1320.0,heavy,3102,0,1.514,
1323.3,heavy,3103,1,9.393,
1326.7,heavy,3101,0,8.234,
1330.0,heavy,3102,1,1.671,
1333.3,heavy,3103,0,10.464,
1336.7,heavy,3101,1,3.802,
1340.0,heavy,3102,0,1.555,
1343.3,heavy,3103,0,3.454,
1346.7,heavy,3101,0,3.467,
1350.0,heavy,3102,0,1.179,
1353.3,heavy,3103,1,5.108,
1356.7,heavy,3101,0,4.039,
1360.0,heavy,3102,1,1.401,
1363.3,heavy,3103,0,5.974,
1366.7,heavy,3101,0,3.716,
1370.0,heavy,3102,0,1.203,
1373.3,heavy,3103,0,4.886,
1376.7,heavy,3101,1,3.889,
1380.0,heavy,3102,1,1.249,
1383.3,heavy,3103,0,3.877,
1386.7,heavy,3101,0,4.184,
1390.0,heavy,3102,0,1.284,
1393.3,heavy,3103,1,7.231,
1396.7,heavy,3101,1,8.328,
1400.0,heavy,3102,1,1.725,
1400.0,light-4,3102,1,3.635,
1400.0,light-2,3103,1,4.303,
1400.0,light-1,3102,1,8.399,
1400.0,light-5,3103,1,10.998,
1400.0,light-3,3101,1,12.071,
1403.3,heavy,3103,0,7.609,
1406.7,heavy,3101,0,9.290,
1410.0,heavy,3101,0,10.854,
1413.3,heavy,3102,0,1.566,
1416.7,heavy,3103,0,5.730,
1420.0,heavy,3101,0,3.778,
1423.3,heavy,3102,1,1.153,
1426.7,heavy,3103,0,4.754,
1430.0,heavy,3101,0,5.138,
1433.3,heavy,3102,1,1.385,
1436.7,heavy,3103,0,5.339,
1440.0,heavy,3101,0,4.929,
1443.3,heavy,3102,1,0.982,
1446.7,heavy,3103,0,4.990,
1450.0,heavy,3101,0,3.752,
1453.3,heavy,3102,1,1.540,
1456.7,heavy,3103,0,4.179,
1460.0,heavy,3101,0,3.606,
1463.3,heavy,3102,1,1.179,
1466.7,heavy,3103,0,3.311,
1470.0,heavy,3101,0,3.584,
1473.3,heavy,3102,1,1.112,
1476.7,heavy,3103,0,4.793,
1480.0,heavy,3101,0,3.874,
1483.3,heavy,3102,1,1.203,
1486.7,heavy,3103,0,4.484,
1490.0,heavy,3101,0,3.676,
1493.3,heavy,3102,1,1.166,
1496.7,heavy,3103,0,6.306,
1500.0,heavy,3101,1,5.737,
1500.0,light-2,3103,1,2.960,
1500.0,light-4,3102,1,3.069,
1500.0,light-1,3102,1,5.037,
1500.0,light-3,3101,1,8.804,
1500.0,light-5,3103,1,9.309,
1503.3,heavy,3101,0,7.005,
1506.7,heavy,3102,0,0.919,
1510.0,heavy,3103,0,3.207,
1513.3,heavy,3101,1,3.438,
1516.7,heavy,3102,0,1.295,
1520.0,heavy,3103,1,5.348,
1523.3,heavy,3101,0,4.474,
1526.7,heavy,3102,1,1.354,
1530.0,heavy,3103,0,5.632,
1533.3,heavy,3101,0,4.374,
1536.7,heavy,3102,0,1.044,
1540.0,heavy,3103,0,3.460,
1543.3,heavy,3101,0,4.448,
1546.7,heavy,3102,1,1.241,
1550.0,heavy,3103,0,3.001,
1553.3,heavy,3101,1,4.327,
1556.7,heavy,3102,0,1.337,
1560.0,heavy,3103,0,3.624,
1563.3,heavy,3101,1,3.817,
1566.7,heavy,3102,0,1.369,
1570.0,heavy,3103,0,4.732,
1573.3,heavy,3101,0,3.783,
1576.7,heavy,3102,1,1.421,
1580.0,heavy,3103,0,3.986,
1583.3,heavy,3101,1,3.583,
1586.7,heavy,3102,0,1.346,
1590.0,heavy,3103,0,4.220,
1593.3,heavy,3101,1,3.376,
1596.7,heavy,3102,0,1.222,
1600.0,heavy,3103,1,7.015,
1600.0,light-1,3101,1,2.745,
1600.0,light-3,3103,1,3.392,
1600.0,light-2,3102,1,6.666,
1600.0,light-4,3101,1,7.809,
1600.0,light-5,3102,1,8.017,
1603.3,heavy,3101,0,6.142,
1606.7,heavy,3102,1,1.352,
1610.0,heavy,3103,0,6.928,
1613.3,heavy,3103,0,6.865,
1616.7,heavy,3101,0,5.232,
1620.0,heavy,3102,0,1.181,
1623.3,heavy,3103,1,3.867,
1626.7,heavy,3101,0,4.066,
1630.0,heavy,3102,1,1.279,
1633.3,heavy,3103,0,4.132,
1636.7,heavy,3101,0,3.976,
1640.0,heavy,3102,0,1.325,
1643.3,heavy,3103,1,4.912,
1646.7,heavy,3101,0,5.123,
1650.0,heavy,3102,1,1.315,
1653.3,heavy,3103,0,5.546,
1656.7,heavy,3101,0,5.315,
1660.0,heavy,3102,0,1.220,
1663.3,heavy,3103,1,2.992,
1666.7,heavy,3101,0,4.261,
1670.0,heavy,3102,0,0.791,
1673.3,heavy,3103,0,5.012,
1676.7,heavy,3101,1,5.507,
1680.0,heavy,3102,1,1.411,
1683.3,heavy,3103,0,5.811,
1686.7,heavy,3101,0,5.923,
1690.0,heavy,3102,0,1.548,
1693.3,heavy,3103,1,3.083,
1696.7,heavy,3101,0,3.671,
1700.0,heavy,3102,0,1.553,
1700.0,light-5,3101,1,2.740,
1700.0,light-2,3101,1,5.269,
1700.0,light-1,3103,1,5.586,
1700.0,light-3,3102,1,5.609,
1700.0,light-4,3103,1,6.698,
1703.3,heavy,3102,1,1.435,
1706.7,heavy,3103,0,3.793,
1710.0,heavy,3101,1,4.699,
1713.3,heavy,3102,0,1.591,
1716.7,heavy,3103,0,4.619,
1720.0,heavy,3101,1,4.297,
1723.3,heavy,3102,0,1.439,
1726.7,heavy,3103,0,4.036,
1730.0,heavy,3101,0,5.102,
1733.3,heavy,3102,1,1.746,
1736.7,heavy,3103,0,4.622,
1740.0,heavy,3101,1,5.312,
1743.3,heavy,3102,0,1.605,
1746.7,heavy,3103,0,3.900,
1750.0,heavy,3101,0,4.620,
1753.3,heavy,3102,1,1.225,
1756.7,heavy,3103,0,6.620,
1760.0,heavy,3101,0,4.869,
1763.3,heavy,3102,1,1.657,
1766.7,heavy,3103,0,5.637,
1770.0,heavy,3101,1,4.259,
1773.3,heavy,3102,0,1.315,
1776.7,heavy,3103,0,6.558,
1780.0,heavy,3101,1,4.428,
1783.3,heavy,3102,0,1.897,
1786.7,heavy,3103,0,5.434,
1790.0,heavy,3101,1,4.336,
1793.3,heavy,3102,0,1.520,
1796.7,heavy,3103,0,3.640,
1800.0,heavy,3101,1,7.689,
1800.0,light-2,3103,1,1.562,
1800.0,light-4,3102,1,3.100,
1800.0,light-1,3102,1,6.545,
1800.0,light-5,3103,1,6.608,
1800.0,light-3,3101,1,10.070,
1803.3,heavy,3101,0,20.018,
1806.7,heavy,3102,0,1.500,
1810.0,heavy,3103,0,11.049,
1813.3,heavy,3101,0,8.365,
1816.7,heavy,3102,1,1.267,
1820.0,heavy,3103,1,4.064,
1823.3,heavy,3101,0,8.085,
1826.7,heavy,3102,0,0.885,
1830.0,heavy,3103,0,6.927,
1833.3,heavy,3101,0,2.954,
1836.7,heavy,3102,1,0.961,
1840.0,heavy,3103,0,4.345,
1843.3,heavy,3101,1,7.205,
1846.7,heavy,3102,0,1.273,
1850.0,heavy,3103,1,3.217,
1853.3,heavy,3101,0,3.322,
1856.7,heavy,3102,0,1.266,
1860.0,heavy,3103,0,4.775,
1863.3,heavy,3101,1,5.215,
1866.7,heavy,3102,1,1.290,
1870.0,heavy,3103,0,5.257,
1873.3,heavy,3101,0,5.456,
1876.7,heavy,3102,0,1.013,
1880.0,heavy,3103,0,5.104,
1883.3,heavy,3101,0,3.495,
1886.7,heavy,3102,1,1.303,
1890.0,heavy,3103,0,4.685,
1893.3,heavy,3101,1,3.780,
1896.7,heavy,3102,0,1.405,
1900.0,heavy,3103,0,4.978,
1900.0,light-2,3103,1,2.444,
1900.0,light-4,3102,1,2.860,
1900.0,light-1,3102,1,5.067,
1900.0,light-3,3101,1,7.553,
1900.0,light-5,3103,1,8.093,
1903.3,heavy,3101,1,4.961,
1906.7,heavy,3101,0,5.977,
1910.0,heavy,3102,0,1.085,
1913.3,heavy,3103,1,3.432,
1916.7,heavy,3101,0,3.696,
1920.0,heavy,3102,0,1.404,
1923.3,heavy,3103,0,5.483,
1926.7,heavy,3101,1,4.283,
1930.0,heavy,3102,1,1.572,
1933.3,heavy,3103,0,7.099,
1936.7,heavy,3101,0,5.168,
1940.0,heavy,3102,0,1.233,
1943.3,heavy,3103,1,3.565,
1946.7,heavy,3101,0,3.487,
1950.0,heavy,3102,0,1.156,
1953.3,heavy,3103,1,4.880,
1956.7,heavy,3101,0,6.759,
1960.0,heavy,3102,1,1.384,
1963.3,heavy,3103,0,5.701,
1966.7,heavy,3101,0,7.645,
1970.0,heavy,3102,0,1.819,
1973.3,heavy,3103,1,3.627,
1976.7,heavy,3101,0,3.740,
1980.0,heavy,3102,0,1.275,
1983.3,heavy,3103,1,6.863,
1986.7,heavy,3101,0,6.864,
1990.0,heavy,3102,1,1.776,
1993.3,heavy,3103,1,9.467,
1996.7,heavy,3101,0,8.474,
2000.0,heavy,3102,0,1.769,
2000.0,light-5,3101,1,3.513,
2000.0,light-2,3101,1,7.566,
2000.0,light-1,3103,1,8.566,
2000.0,light-3,3102,1,9.191,
2000.0,light-4,3103,1,11.332,
2003.3,heavy,3102,0,1.031,
2006.7,heavy,3103,0,6.066,
2010.0,heavy,3101,0,3.509,
2013.3,heavy,3102,1,1.064,
2016.7,heavy,3103,0,4.491,
2020.0,heavy,3101,0,4.374,
2023.3,heavy,3102,1,1.432,
2026.7,heavy,3103,1,5.052,
2030.0,heavy,3101,0,5.171,
2033.3,heavy,3102,0,1.143,
2036.7,heavy,3103,0,3.735,
2040.0,heavy,3101,0,4.104,
2043.3,heavy,3102,1,1.345,
2046.7,heavy,3103,0,3.439,
2050.0,heavy,3101,1,5.162,
2053.3,heavy,3102,0,1.273,
2056.7,heavy,3103,0,3.738,
2060.0,heavy,3101,0,3.790,
2063.3,heavy,3102,1,0.915,
2066.7,heavy,3103,0,4.901,
2070.0,heavy,3101,0,3.256,
2073.3,heavy,3102,1,1.261,
2076.7,heavy,3103,0,3.999,
2080.0,heavy,3101,0,2.690,
2083.3,heavy,3102,1,1.595,
2086.7,heavy,3103,0,4.203,
2090.0,heavy,3101,0,4.698,
2093.3,heavy,3102,1,1.137,
2096.7,heavy,3103,0,3.552,
2100.0,heavy,3101,0,6.071,
2100.0,light-2,3103,1,1.566,
2100.0,light-4,3102,1,3.084,
2100.0,light-1,3102,1,6.060,
2100.0,light-5,3103,1,6.284,
2100.0,light-3,3101,1,8.495,
2103.3,heavy,3101,0,6.584,
2106.7,heavy,3102,1,0.985,
2110.0,heavy,3103,0,3.570,
2113.3,heavy,3101,1,3.191,
2116.7,heavy,3102,0,1.207,
2120.0,heavy,3103,0,4.446,
2123.3,heavy,3101,1,3.646,
2126.7,heavy,3102,0,0.963,
2130.0,heavy,3103,0,4.917,
2133.3,heavy,3101,0,4.053,
2136.7,heavy,3102,1,1.559,
2140.0,heavy,3103,0,4.392,
2143.3,heavy,3101,1,3.245,
2146.7,heavy,3102,0,1.139,
2150.0,heavy,3103,1,4.278,
2153.3,heavy,3101,0,4.725,
2156.7,heavy,3102,0,1.275,
2160.0,heavy,3103,0,4.364,
2163.3,heavy,3101,1,4.604,
2166.7,heavy,3102,0,1.374,
2170.0,heavy,3103,0,4.190,
2173.3,heavy,3101,1,4.707,
2176.7,heavy,3102,0,1.597,
2180.0,heavy,3103,0,3.751,
2183.3,heavy,3101,1,4.886,
2186.7,heavy,3102,0,1.620,
2190.0,heavy,3103,0,4.186,
2193.3,heavy,3101,1,4.097,
2196.7,heavy,3102,0,1.384,
2200.0,heavy,3103,1,7.891,
2200.0,light-1,3101,1,1.618,
2200.0,light-3,3103,1,3.201,
2200.0,light-2,3102,1,6.430,
2200.0,light-4,3101,1,7.365,
2200.0,light-5,3102,1,7.798,
2203.3,heavy,3103,0,5.965,
2206.7,heavy,3101,0,4.115,
2210.0,heavy,3102,0,1.433,
2213.3,heavy,3103,1,4.545,
2216.7,heavy,3101,0,4.482,
2220.0,heavy,3102,0,1.816,
2223.3,heavy,3103,1,4.974,
2226.7,heavy,3101,0,3.980,
2230.0,heavy,3102,0,1.520,
2233.3,heavy,3103,1,3.730,
2236.7,heavy,3101,0,3.596,
2240.0,heavy,3102,0,1.333,
2243.3,heavy,3103,1,3.170,
2246.7,heavy,3101,0,3.492,
2250.0,heavy,3102,0,1.462,
2253.3,heavy,3103,0,5.507,
2256.7,heavy,3101,1,3.509,
2260.0,heavy,3102,1,1.396,
2263.3,heavy,3103,0,5.375,
2266.7,heavy,3101,0,3.382,
2270.0,heavy,3102,0,1.018,
2273.3,heavy,3103,0,4.104,
2276.7,heavy,3101,1,2.885,
2280.0,heavy,3102,0,1.060,
2283.3,heavy,3103,1,5.110,
2286.7,heavy,3101,0,4.133,
2290.0,heavy,3102,1,1.556,
2293.3,heavy,3103,0,5.806,
2296.7,heavy,3101,0,5.117,
2300.0,heavy,3102,0,1.496,
2300.0,light-5,3101,1,5.884,
2300.0,light-3,3102,1,6.733,
2300.0,light-4,3103,1,6.916,
2300.0,light-2,3101,1,7.271,
2300.0,light-1,3103,1,8.111,
2303.3,heavy,3102,1,2.468,
2306.7,heavy,3103,0,7.297,
2310.0,heavy,3101,0,4.550,
2313.3,heavy,3102,1,1.466,
2316.7,heavy,3103,0,4.569,
2320.0,heavy,3101,0,4.263,
2323.3,heavy,3102,1,1.226,
2326.7,heavy,3103,0,4.455,
2330.0,heavy,3101,1,4.181,
2333.3,heavy,3102,0,1.542,
2336.7,heavy,3103,0,4.758,
2340.0,heavy,3101,0,5.627,
2343.3,heavy,3102,1,1.425,
2346.7,heavy,3103,0,4.652,
2350.0,heavy,3101,1,4.582,
2353.3,heavy,3102,0,1.358,
2356.7,heavy,3103,0,4.647,
2360.0,heavy,3101,1,5.386,
2363.3,heavy,3102,0,1.624,
2366.7,heavy,3103,0,4.602,
2370.0,heavy,3101,1,5.739,
2373.3,heavy,3102,0,1.714,
2376.7,heavy,3103,0,4.107,
2380.0,heavy,3101,1,4.056,
2383.3,heavy,3102,0,1.269,
2386.7,heavy,3103,0,3.468,
2390.0,heavy,3101,0,3.152,
2393.3,heavy,3102,1,1.109,
2396.7,heavy,3103,0,5.994,
2400.0,heavy,3101,1,6.157,
2400.0,light-2,3103,1,2.718,
2400.0,light-4,3102,1,3.171,
2400.0,light-1,3102,1,5.096,
2400.0,light-5,3103,1,7.273,
2400.0,light-3,3101,1,7.565,
2403.3,heavy,3101,0,5.385,
2406.7,heavy,3102,0,0.743,
2410.0,heavy,3103,0,3.198,
2413.3,heavy,3101,1,3.123,
2416.7,heavy,3102,0,1.259,
2420.0,heavy,3103,1,4.672,
2423.3,heavy,3101,0,5.024,
2426.7,heavy,3102,1,1.427,
2430.0,heavy,3103,0,5.118,
2433.3,heavy,3101,0,4.603,
2436.7,heavy,3102,0,0.981,
2440.0,heavy,3103,0,4.079,
2443.3,heavy,3101,0,3.262,
2446.7,heavy,3102,1,1.190,
2450.0,heavy,3103,0,3.405,
2453.3,heavy,3101,1,3.393,
2456.7,heavy,3102,0,1.121,
2460.0,heavy,3103,0,4.648,
2463.3,heavy,3101,1,3.832,
2466.7,heavy,3102,0,1.100,
2470.0,heavy,3103,0,4.440,
2473.3,heavy,3101,0,3.663,
2476.7,heavy,3102,1,1.212,
2480.0,heavy,3103,0,4.179,
2483.3,heavy,3101,1,3.182,
2486.7,heavy,3102,1,1.667,
2490.0,heavy,3103,0,3.824,
2493.3,heavy,3101,0,4.020,
2496.7,heavy,3102,0,1.116,
2500.0,light-1,3101,1,2.453,
2500.0,light-3,3103,1,3.927,
2500.0,light-5,3102,1,5.088,
2500.0,light-4,3101,1,5.469,
2500.0,light-2,3102,1,6.051,
2500.0,heavy,3103,0,6.695,
2503.3,heavy,3101,1,5.030,
2506.7,heavy,3102,1,1.326,
2510.0,heavy,3103,0,7.703,
2513.3,heavy,3103,0,6.096,
2516.7,heavy,3101,0,3.483,
2520.0,heavy,3102,0,1.201,
2523.3,heavy,3103,1,3.725,
2526.7,heavy,3101,0,3.226,
2530.0,heavy,3102,0,1.140,
2533.3,heavy,3103,1,3.466,
2536.7,heavy,3101,0,3.506,
2540.0,heavy,3102,0,1.002,
2543.3,heavy,3103,1,4.823,
2546.7,heavy,3101,0,5.771,
2550.0,heavy,3102,1,1.298,
2553.3,heavy,3103,0,6.401,
2556.7,heavy,3101,0,7.999,
2560.0,heavy,3102,0,1.814,
2563.3,heavy,3103,1,3.568,
2566.7,heavy,3101,0,3.687,
2570.0,heavy,3102,0,1.078,
2573.3,heavy,3103,1,5.692,
2576.7,heavy,3101,0,4.664,
2580.0,heavy,3102,1,1.610,
2583.3,heavy,3103,0,5.918,
2586.7,heavy,3101,0,5.739,
2590.0,heavy,3102,0,1.442,
2593.3,heavy,3103,1,3.828,
2596.7,heavy,3101,0,3.593,
2600.0,light-5,3101,1,2.269,
2600.0,light-2,3101,1,4.147,
2600.0,light-1,3103,1,4.368,
2600.0,light-3,3102,1,4.447,
2600.0,light-4,3103,1,4.886,
2600.0,heavy,3102,0,1.345,
2603.3,heavy,3102,1,1.146,
2606.7,heavy,3103,0,4.505,
2610.0,heavy,3101,0,4.787,
2613.3,heavy,3102,1,1.502,
2616.7,heavy,3103,0,4.823,
2620.0,heavy,3101,0,3.440,
2623.3,heavy,3102,1,0.925,
2626.7,heavy,3103,0,5.369,
2630.0,heavy,3101,0,3.863,
2633.3,heavy,3102,1,1.420,
2636.7,heavy,3103,0,4.532,
2640.0,heavy,3101,0,3.719,
2643.3,heavy,3102,1,1.176,
2646.7,heavy,3103,0,4.211,
2650.0,heavy,3101,0,3.126,
2653.3,heavy,3102,1,1.234,
2656.7,heavy,3103,0,4.920,
2660.0,heavy,3101,0,3.910,
2663.3,heavy,3102,1,1.411,
2666.7,heavy,3103,0,4.308,
2670.0,heavy,3101,0,3.432,
2673.3,heavy,3102,1,1.279,
2676.7,heavy,3103,1,3.915,
2680.0,heavy,3101,0,4.377,
2683.3,heavy,3102,0,1.216,
2686.7,heavy,3103,0,2.857,
2690.0,heavy,3101,0,3.035,
2693.3,heavy,3102,1,1.364,
2696.7,heavy,3103,0,3.827,
2700.0,light-2,3103,1,1.162,
2700.0,light-4,3102,1,2.427,
2700.0,light-1,3102,1,5.164,
2700.0,light-5,3103,1,5.661,
2700.0,light-3,3101,1,7.165,
2700.0,heavy,3101,0,5.806,
2703.3,heavy,3101,0,5.702,
2706.7,heavy,3102,1,0.907,
2710.0,heavy,3103,1,3.626,
2713.3,heavy,3101,0,3.667,
2716.7,heavy,3102,0,1.256,
2720.0,heavy,3103,0,3.795,
2723.3,heavy,3101,1,4.091,
2726.7,heavy,3102,0,1.269,
2730.0,heavy,3103,0,6.664,
2733.3,heavy,3101,0,5.328,
2736.7,heavy,3102,1,1.498,
2740.0,heavy,3103,0,7.056,
2743.3,heavy,3101,0,5.893,
2746.7,heavy,3102,1,1.360,
2750.0,heavy,3103,1,5.228,
2753.3,heavy,3101,0,3.264,
2756.7,heavy,3102,0,1.215,
2760.0,heavy,3103,0,3.495,
2763.3,heavy,3101,1,3.185,
2766.7,heavy,3102,0,1.362,
2770.0,heavy,3103,0,3.809,
2773.3,heavy,3101,0,3.743,
2776.7,heavy,3102,1,1.188,
2780.0,heavy,3103,0,7.721,
2783.3,heavy,3101,1,6.343,
2786.7,heavy,3102,1,1.782,
2790.0,heavy,3103,0,7.672,
2793.3,heavy,3101,0,5.756,
2796.7,heavy,3102,0,1.513,
2800.0,light-5,3101,1,5.096,
2800.0,light-3,3102,1,8.042,
2800.0,light-1,3103,1,9.626,
2800.0,light-2,3101,1,10.234,
2800.0,light-4,3103,1,10.358,
2800.0,heavy,3103,0,8.389,
2803.3,heavy,3101,0,7.029,
2806.7,heavy,3102,1,1.755,
2810.0,heavy,3102,1,2.378,
2813.3,heavy,3103,0,7.745,
2816.7,heavy,3101,0,4.358,
2820.0,heavy,3102,0,1.255,
2823.3,heavy,3103,1,3.850,
2826.7,heavy,3101,0,4.154,
2830.0,heavy,3102,1,1.337,
2833.3,heavy,3103,0,4.265,
2836.7,heavy,3101,0,4.400,
2840.0,heavy,3102,0,1.001,
2843.3,heavy,3103,1,5.161,
2846.7,heavy,3101,0,4.233,
2850.0,heavy,3102,1,1.341,
2853.3,heavy,3103,0,6.097,
2856.7,heavy,3101,0,3.852,
2860.0,heavy,3102,0,1.346,
2863.3,heavy,3103,1,4.185,
2866.7,heavy,3101,0,4.879,
2870.0,heavy,3102,1,1.314,
2873.3,heavy,3103,0,2.917,
2876.7,heavy,3101,0,3.668,
2880.0,heavy,3102,0,1.122,
2883.3,heavy,3103,1,3.708,
2886.7,heavy,3101,0,3.464,
2890.0,heavy,3102,0,1.286,
2893.3,heavy,3103,1,3.808,
2896.7,heavy,3101,0,4.114,
2900.0,light-5,3101,1,2.593,
2900.0,light-2,3101,1,5.015,
2900.0,light-1,3103,1,5.601,
2900.0,light-3,3102,1,5.601,
2900.0,light-4,3103,1,6.549,
2900.0,heavy,3102,0,1.648,
2903.3,heavy,3102,1,1.175,
2906.7,heavy,3103,0,3.591,
2910.0,heavy,3101,0,3.668,
2913.3,heavy,3102,1,0.973,
2916.7,heavy,3103,1,5.155,
2920.0,heavy,3101,0,5.724,
2923.3,heavy,3102,1,1.500,
2926.7,heavy,3103,0,5.303,
2930.0,heavy,3101,0,6.594,
2933.3,heavy,3102,0,1.983,
2936.7,heavy,3103,0,3.687,
2940.0,heavy,3101,0,4.257,
2943.3,heavy,3102,1,1.162,
2946.7,heavy,3103,0,5.550,
2950.0,heavy,3101,0,4.635,
2953.3,heavy,3102,1,1.197,
2956.7,heavy,3103,0,5.353,
2960.0,heavy,3101,0,5.450,
2963.3,heavy,3102,1,1.084,
2966.7,heavy,3103,0,4.110,
2970.0,heavy,3101,0,3.759,
2973.3,heavy,3102,1,1.469,
2976.7,heavy,3103,0,3.492,
2980.0,heavy,3101,0,3.657,
2983.3,heavy,3102,1,1.159,
2986.7,heavy,3103,0,3.633,
2990.0,heavy,3101,0,4.083,
2993.3,heavy,3102,1,1.363,
2996.7,heavy,3103,0,3.582,
3000.0,light-2,3103,1,1.471,
3000.0,light-4,3102,1,2.662,
3000.0,light-1,3102,1,5.192,
3000.0,light-5,3103,1,5.261,
3000.0,light-3,3101,1,7.844,
3000.0,heavy,3101,0,5.778,
3003.3,heavy,3101,1,6.423,
3006.7,heavy,3102,0,1.837,
3010.0,heavy,3103,0,3.639,
3013.3,heavy,3101,1,2.819,
3016.7,heavy,3102,0,0.939,
3020.0,heavy,3103,0,3.430,
3023.3,heavy,3101,0,3.729,
3026.7,heavy,3102,1,1.537,
3030.0,heavy,3103,0,3.601,
3033.3,heavy,3101,1,3.567,
3036.7,heavy,3102,0,1.109,
3040.0,heavy,3103,1,4.034,
3043.3,heavy,3101,0,4.044,
3046.7,heavy,3102,0,1.373,
3050.0,heavy,3103,0,5.228,
3053.3,heavy,3101,0,4.400,
3056.7,heavy,3102,1,1.703,
3060.0,heavy,3103,0,3.669,
3063.3,heavy,3101,1,4.420,
3066.7,heavy,3102,0,0.883,
3070.0,heavy,3103,0,2.756,
3073.3,heavy,3101,1,3.783,
3076.7,heavy,3102,0,0.981,
3080.0,heavy,3103,0,3.322,
3083.3,heavy,3101,0,3.595,
3086.7,heavy,3102,1,1.290,
3090.0,heavy,3103,0,3.230,
3093.3,heavy,3101,1,3.213,
3096.7,heavy,3102,0,1.020,
3100.0,light-1,3101,1,1.405,
3100.0,light-3,3103,1,2.701,
3100.0,light-4,3101,1,5.133,
3100.0,light-5,3102,1,5.828,
3100.0,light-2,3102,1,6.301,
3100.0,heavy,3103,1,6.160,
3103.3,heavy,3103,0,4.821,
3106.7,heavy,3101,0,3.345,
3110.0,heavy,3102,0,1.102,
3113.3,heavy,3103,0,4.178,
3116.7,heavy,3101,1,3.312,
3120.0,heavy,3102,0,0.880,
3123.3,heavy,3103,1,4.064,
3126.7,heavy,3101,0,3.258,
3130.0,heavy,3102,1,1.134,
3133.3,heavy,3103,0,4.384,
3136.7,heavy,3101,0,2.810,
3140.0,heavy,3102,0,1.023,
3143.3,heavy,3103,0,4.056,
3146.7,heavy,3101,1,3.286,
3150.0,heavy,3102,0,0.917,
3153.3,heavy,3103,1,5.007,
3156.7,heavy,3101,0,5.137,
3160.0,heavy,3102,1,1.995,
3163.3,heavy,3103,0,6.387,
3166.7,heavy,3101,0,4.554,
3170.0,heavy,3102,0,1.028,
3173.3,heavy,3103,0,3.985,
3176.7,heavy,3101,0,3.266,
3180.0,heavy,3102,1,1.164,
3183.3,heavy,3103,1,2.708,
3186.7,heavy,3101,0,2.878,
3190.0,heavy,3102,1,1.535,
3193.3,heavy,3103,0,3.376,
3196.7,heavy,3101,0,3.309,
3200.0,light-5,3101,1,2.268,
3200.0,light-2,3101,1,4.922,
3200.0,light-1,3103,1,5.477,
3200.0,light-3,3102,1,5.511,
3200.0,light-4,3103,1,5.862,
3200.0,heavy,3102,0,1.217,
3203.3,heavy,3102,1,0.789,
3206.7,heavy,3103,0,3.488,
3210.0,heavy,3101,0,3.681,
3213.3,heavy,3102,1,2.116,
3216.7,heavy,3103,0,3.587,
3220.0,heavy,3101,0,3.440,
3223.3,heavy,3102,1,1.028,
3226.7,heavy,3103,0,3.047,
3230.0,heavy,3101,0,3.522,
3233.3,heavy,3102,1,1.056,
3236.7,heavy,3103,0,4.034,
3240.0,heavy,3101,0,4.383,
3243.3,heavy,3102,1,1.313,
3246.7,heavy,3103,0,3.220,
3250.0,heavy,3101,0,4.404,
3253.3,heavy,3102,1,0.944,
3256.7,heavy,3103,0,3.290,
3260.0,heavy,3101,1,3.328,
3263.3,heavy,3102,0,0.817,
3266.7,heavy,3103,0,3.335,
3270.0,heavy,3101,0,3.601,
3273.3,heavy,3102,1,1.008,
3276.7,heavy,3103,0,3.352,
3280.0,heavy,3101,0,3.503,
3283.3,heavy,3102,1,1.073,
3286.7,heavy,3103,0,3.975,
3290.0,heavy,3101,0,3.418,
3293.3,heavy,3102,1,1.240,
3296.7,heavy,3103,0,2.911,
3300.0,light-5,3101,1,3.429,
3300.0,light-3,3102,1,4.374,
3300.0,light-4,3103,1,4.838,
3300.0,light-2,3101,1,5.688,
3300.0,light-1,3103,1,5.921,
3300.0,heavy,3101,0,5.060,
3303.3,heavy,3102,1,1.291,
3306.7,heavy,3102,0,1.868,
3310.0,heavy,3103,0,5.104,
3313.3,heavy,3101,1,3.520,
3316.7,heavy,3102,0,1.180,
3320.0,heavy,3103,0,4.835,
3323.3,heavy,3101,1,3.854,
3326.7,heavy,3102,1,1.145,
3330.0,heavy,3103,0,5.683,
3333.3,heavy,3101,0,4.833,
3336.7,heavy,3102,0,1.197,
3340.0,heavy,3103,0,4.654,
3343.3,heavy,3101,1,3.483,
3346.7,heavy,3102,0,0.890,
3350.0,heavy,3103,0,3.275,
3353.3,heavy,3101,1,3.466,
3356.7,heavy,3102,0,0.944,
3360.0,heavy,3103,1,3.980,
3363.3,heavy,3101,0,4.423,
3366.7,heavy,3102,0,1.192,
3370.0,heavy,3103,0,3.188,
3373.3,heavy,3101,1,2.906,
3376.7,heavy,3102,0,0.961,
3380.0,heavy,3103,0,3.812,
3383.3,heavy,3101,1,3.101,
3386.7,heavy,3102,0,1.016,
3390.0,heavy,3103,0,3.654,
3393.3,heavy,3101,1,3.334,
3396.7,heavy,3102,0,1.091,
3400.0,light-1,3101,1,2.692,
3400.0,light-3,3103,1,3.730,
3400.0,light-5,3102,1,6.389,
3400.0,light-2,3102,1,7.366,
3400.0,light-4,3101,1,8.022,
3400.0,heavy,3103,1,6.715,
3403.3,heavy,3101,0,7.243,
3406.7,heavy,3102,1,1.789,
3410.0,heavy,3103,0,7.309,
3413.3,heavy,3103,0,8.937,
3416.7,heavy,3101,0,5.531,
3420.0,heavy,3102,0,0.979,
3423.3,heavy,3103,0,4.405,
3426.7,heavy,3101,1,3.681,
3430.0,heavy,3102,0,0.856,
3433.3,heavy,3103,0,4.473,
3436.7,heavy,3101,1,3.167,
3440.0,heavy,3102,1,1.180,
3443.3,heavy,3103,0,5.230,
3446.7,heavy,3101,0,2.756,
3450.0,heavy,3102,1,1.293,
3453.3,heavy,3103,0,3.711,
3456.7,heavy,3101,0,3.846,
3460.0,heavy,3102,1,1.435,
3463.3,heavy,3103,0,4.311,
3466.7,heavy,3101,0,3.491,
3470.0,heavy,3102,0,1.117,
3473.3,heavy,3103,1,3.754,
3476.7,heavy,3101,0,3.987,
3480.0,heavy,3102,1,1.139,
3483.3,heavy,3103,0,4.151,
3486.7,heavy,3101,0,3.744,
3490.0,heavy,3102,0,0.812,
3493.3,heavy,3103,0,5.587,
3496.7,heavy,3101,0,4.926,
3500.0,light-5,3101,1,3.435,
3500.0,light-3,3102,1,5.294,
3500.0,light-2,3101,1,6.025,
3500.0,light-1,3103,1,6.232,
3500.0,light-4,3103,1,6.590,
3500.0,heavy,3102,1,1.301,
3503.3,heavy,3102,1,1.906,
3506.7,heavy,3103,0,4.125,
3510.0,heavy,3101,0,2.759,
3513.3,heavy,3102,1,0.987,
3516.7,heavy,3103,0,5.849,
3520.0,heavy,3101,0,4.192,
3523.3,heavy,3102,1,1.656,
3526.7,heavy,3103,1,6.252,
3530.0,heavy,3101,0,4.866,
3533.3,heavy,3102,0,1.007,
3536.7,heavy,3103,0,2.855,
3540.0,heavy,3101,0,2.891,
3543.3,heavy,3102,1,1.250,
3546.7,heavy,3103,0,3.717,
3550.0,heavy,3101,0,3.065,
3553.3,heavy,3102,1,0.835,
3556.7,heavy,3103,0,4.126,
3560.0,heavy,3101,0,3.147,
3563.3,heavy,3102,1,0.905,
3566.7,heavy,3103,0,4.982,
3570.0,heavy,3101,0,5.301,
3573.3,heavy,3102,1,1.140,
3576.7,heavy,3103,1,5.340,
3580.0,heavy,3101,0,6.305,
3583.3,heavy,3102,0,0.897,
3586.7,heavy,3103,0,3.662,
3590.0,heavy,3101,0,3.619,
3593.3,heavy,3102,1,1.122,
3596.7,heavy,3103,0,3.160,
3600.0,light-2,3103,1,2.375,
3600.0,light-4,3102,1,2.581,
3600.0,light-1,3102,1,6.268,
3600.0,light-3,3101,1,7.886,
3600.0,light-5,3103,1,8.043,
3600.0,heavy,3101,0,7.150,
3603.3,heavy,3102,1,1.361,
3606.7,heavy,3103,1,4.337,
3610.0,heavy,3101,0,7.340,
3613.3,heavy,3101,0,7.609,
3616.7,heavy,3102,0,0.848,
3620.0,heavy,3103,0,3.016,
3623.3,heavy,3101,1,3.222,
3626.7,heavy,3102,0,1.322,
3630.0,heavy,3103,1,4.716,
3633.3,heavy,3101,0,5.791,
3636.7,heavy,3102,1,1.346,
3640.0,heavy,3103,0,5.830,
3643.3,heavy,3101,0,6.330,
3646.7,heavy,3102,0,1.043,
3650.0,heavy,3103,0,4.215,
3653.3,heavy,3101,0,3.489,
3656.7,heavy,3102,1,1.251,
3660.0,heavy,3103,0,2.894,
3663.3,heavy,3101,1,3.636,
3666.7,heavy,3102,0,1.024,
3670.0,heavy,3103,1,3.501,
3673.3,heavy,3101,0,3.181,
3676.7,heavy,3102,1,1.569,
3680.0,heavy,3103,0,4.079,
3683.3,heavy,3101,0,3.707,
3686.7,heavy,3102,0,1.736,
3690.0,heavy,3103,0,4.026,
3693.3,heavy,3101,1,3.921,
3696.7,heavy,3102,0,1.154,
3700.0,light-2,3103,1,2.621,
3700.0,light-4,3102,1,2.729,
3700.0,light-1,3102,1,5.466,
3700.0,light-5,3103,1,7.332,
3700.0,light-3,3101,1,8.008,
3700.0,heavy,3103,0,5.485,
3703.3,heavy,3101,1,4.934,
3706.7,heavy,3101,0,5.649,
3710.0,heavy,3102,0,1.147,
3713.3,heavy,3103,0,4.408,
3716.7,heavy,3101,0,4.779,
3720.0,heavy,3102,1,1.266,
3723.3,heavy,3103,0,4.837,
3726.7,heavy,3101,0,4.942,
3730.0,heavy,3102,1,1.108,
3733.3,heavy,3103,1,3.748,
3736.7,heavy,3101,0,3.346,
3740.0,heavy,3102,0,1.139,
3743.3,heavy,3103,1,3.294,
3746.7,heavy,3101,0,3.381,
3750.0,heavy,3102,0,1.015,
3753.3,heavy,3103,0,4.371,
3756.7,heavy,3101,0,4.758,
3760.0,heavy,3102,1,1.376,
3763.3,heavy,3103,1,2.503,
3766.7,heavy,3101,0,3.116,
3770.0,heavy,3102,0,0.956,
3773.3,heavy,3103,1,3.528,
3776.7,heavy,3101,0,3.508,
3780.0,heavy,3102,0,1.096,
3783.3,heavy,3103,1,3.250,
3786.7,heavy,3101,0,3.116,
3790.0,heavy,3102,0,1.332,
3793.3,heavy,3103,1,3.296,
3796.7,heavy,3101,0,3.348,
3800.0,light-5,3101,1,2.394,
3800.0,light-2,3101,1,4.477,
3800.0,light-1,3103,1,5.057,
3800.0,light-3,3102,1,5.095,
3800.0,light-4,3103,1,5.198,
3800.0,heavy,3102,0,1.340,
3803.3,heavy,3102,1,0.874,
3806.7,heavy,3103,0,3.550,
3810.0,heavy,3101,0,3.039,
3813.3,heavy,3102,1,0.936,
3816.7,heavy,3103,0,3.773,
3820.0,heavy,3101,0,2.794,
3823.3,heavy,3102,1,1.063,
3826.7,heavy,3103,0,3.836,
3830.0,heavy,3101,0,3.775,
3833.3,heavy,3102,1,1.317,
3836.7,heavy,3103,0,3.490,
3840.0,heavy,3101,1,2.454,
3843.3,heavy,3102,0,0.732,
3846.7,heavy,3103,0,4.782,
3850.0,heavy,3101,0,3.473,
3853.3,heavy,3102,1,1.216,
3856.7,heavy,3103,0,4.261,
3860.0,heavy,3101,0,3.615,
3863.3,heavy,3102,1,1.100,
3866.7,heavy,3103,0,3.571,
3870.0,heavy,3101,0,3.732,
3873.3,heavy,3102,1,0.944,
3876.7,heavy,3103,0,3.856,
3880.0,heavy,3101,0,3.338,
3883.3,heavy,3102,1,1.182,
3886.7,heavy,3103,0,4.274,
3890.0,heavy,3101,0,3.318,
3893.3,heavy,3102,1,0.991,
3896.7,heavy,3103,1,5.249,
3900.0,light-2,3103,1,2.914,
3900.0,light-4,3102,1,3.457,
3900.0,light-1,3102,1,5.437,
3900.0,light-3,3101,1,8.073,
3900.0,light-5,3103,1,8.156,
3900.0,heavy,3101,0,5.698,
3903.3,heavy,3101,0,5.890,
3906.7,heavy,3102,0,0.929,
3910.0,heavy,3103,0,2.832,
3913.3,heavy,3101,0,4.007,
3916.7,heavy,3102,1,1.180,
3920.0,heavy,3103,0,3.755,
3923.3,heavy,3101,1,3.223,
3926.7,heavy,3102,0,0.918,
3930.0,heavy,3103,1,3.954,
3933.3,heavy,3101,0,4.261,
3936.7,heavy,3102,0,1.185,
3940.0,heavy,3103,0,4.752,
3943.3,heavy,3101,0,3.887,
3946.7,heavy,3102,1,1.265,
3950.0,heavy,3103,0,4.410,
3953.3,heavy,3101,1,3.341,
3956.7,heavy,3102,0,1.103,
3960.0,heavy,3103,0,4.722,
3963.3,heavy,3101,1,3.678,
3966.7,heavy,3102,0,1.244,
3970.0,heavy,3103,0,5.010,
3973.3,heavy,3101,0,4.120,
3976.7,heavy,3102,1,1.268,
3980.0,heavy,3103,0,5.296,
3983.3,heavy,3101,1,3.234,
3986.7,heavy,3102,0,0.973,
3990.0,heavy,3103,0,4.012,
3993.3,heavy,3101,1,3.251,
3996.7,heavy,3102,0,0.990,
4000.0,light-1,3101,1,2.607,
4000.0,light-3,3103,1,3.966,
4000.0,light-2,3102,1,12.919,
4000.0,light-5,3102,1,15.240,
4000.0,light-4,3101,1,15.532,
4000.0,heavy,3103,1,8.831,
4003.3,heavy,3101,0,15.354,
4006.7,heavy,3102,1,2.161,
4010.0,heavy,3103,0,8.910,
4013.3,heavy,3103,0,11.824,
4016.7,heavy,3101,0,9.839,
4020.0,heavy,3102,1,1.234,
4023.3,heavy,3103,0,4.293,
4026.7,heavy,3101,0,3.411,
4030.0,heavy,3102,0,1.215,
4033.3,heavy,3103,1,4.386,
4036.7,heavy,3101,0,3.566,
4040.0,heavy,3102,1,1.277,
4043.3,heavy,3103,0,4.941,
4046.7,heavy,3101,0,3.009,
4050.0,heavy,3102,0,1.184,
4053.3,heavy,3103,0,3.397,
4056.7,heavy,3101,0,3.797,
4060.0,heavy,3102,1,1.161,
4063.3,heavy,3103,1,3.330,
4066.7,heavy,3101,0,2.984,
4070.0,heavy,3102,0,1.251,
4073.3,heavy,3103,1,3.999,
4076.7,heavy,3101,0,3.613,
4080.0,heavy,3102,1,1.596,
4083.3,heavy,3103,0,3.608,
4086.7,heavy,3101,0,4.124,
4090.0,heavy,3102,0,1.265,
4093.3,heavy,3103,0,6.869,
4096.7,heavy,3101,1,6.316,
4100.0,light-1,3101,1,2.508,
4100.0,light-3,3103,1,3.627,
4100.0,light-5,3102,1,6.260,
4100.0,light-2,3102,1,7.868,
4100.0,light-4,3101,1,7.974,
4100.0,heavy,3102,1,1.798,
4103.3,heavy,3103,0,7.385,
4106.7,heavy,3103,0,6.628,
4110.0,heavy,3101,1,5.507,
4113.3,heavy,3102,0,1.131,
4116.7,heavy,3103,0,10.694,
4120.0,heavy,3101,1,9.876,
4123.3,heavy,3102,1,4.663,
4126.7,heavy,3103,0,10.375,
4130.0,heavy,3101,0,9.933,
4133.3,heavy,3102,0,7.488,
4136.7,heavy,3103,0,6.762,
4140.0,heavy,3101,0,5.162,
4143.3,heavy,3102,1,1.950,
4146.7,heavy,3103,0,3.498,
4150.0,heavy,3101,0,3.058,
4153.3,heavy,3102,1,1.146,
4156.7,heavy,3103,0,3.912,
4160.0,heavy,3101,0,3.126,
4163.3,heavy,3102,1,1.441,
4166.7,heavy,3103,0,4.490,
4170.0,heavy,3101,0,2.862,
4173.3,heavy,3102,1,1.310,
4176.7,heavy,3103,0,4.152,
4180.0,heavy,3101,0,3.113,
4183.3,heavy,3102,1,0.929,
4186.7,heavy,3103,0,5.407,
4190.0,heavy,3101,0,3.621,
4193.3,heavy,3102,1,1.765,
4196.7,heavy,3103,0,4.859,
4200.0,light-2,3103,1,2.041,
4200.0,light-4,3102,1,3.183,
4200.0,light-1,3102,1,4.931,
4200.0,light-3,3101,1,5.569,
4200.0,light-5,3103,1,5.695,
4200.0,heavy,3101,1,6.609,
4203.3,heavy,3101,0,5.349,
4206.7,heavy,3102,0,1.264,
4210.0,heavy,3103,1,3.492,
4213.3,heavy,3101,0,3.657,
4216.7,heavy,3102,0,1.058,
4220.0,heavy,3103,0,2.742,
4223.3,heavy,3101,0,2.621,
4226.7,heavy,3102,1,0.941,
4230.0,heavy,3103,0,2.784,
4233.3,heavy,3101,1,2.742,
4236.7,heavy,3102,0,0.808,
4240.0,heavy,3103,0,4.088,
4243.3,heavy,3101,0,3.126,
4246.7,heavy,3102,1,1.305,
4250.0,heavy,3103,0,3.068,
4253.3,heavy,3101,1,3.338,
4256.7,heavy,3102,0,0.921,
4260.0,heavy,3103,1,4.036,
4263.3,heavy,3101,0,3.207,
4266.7,heavy,3102,0,1.028,
4270.0,heavy,3103,0,3.219,
4273.3,heavy,3101,0,3.393,
4276.7,heavy,3102,1,1.080,
4280.0,heavy,3103,0,3.001,
4283.3,heavy,3101,1,3.092,
4286.7,heavy,3102,1,1.452,
4290.0,heavy,3103,0,3.541,
4293.3,heavy,3101,0,4.001,
4296.7,heavy,3102,0,1.164,
4300.0,light-5,3101,1,3.525,
4300.0,light-3,3102,1,5.508,
4300.0,light-2,3101,1,5.895,
4300.0,light-1,3103,1,6.838,
4300.0,light-4,3103,1,7.852,
4300.0,heavy,3103,0,6.201,
4303.3,heavy,3101,0,5.000,
4306.7,heavy,3102,1,1.487,
4310.0,heavy,3102,0,2.526,
4313.3,heavy,3103,1,6.253,
4316.7,heavy,3101,0,3.413,
4320.0,heavy,3102,0,0.983,
4323.3,heavy,3103,1,4.038,
4326.7,heavy,3101,0,3.253,
4330.0,heavy,3102,0,1.088,
4333.3,heavy,3103,0,3.713,
4336.7,heavy,3101,0,3.872,
4340.0,heavy,3102,1,1.169,
4343.3,heavy,3103,1,2.653,
4346.7,heavy,3101,0,3.268,
4350.0,heavy,3102,1,1.200,
4353.3,heavy,3103,0,3.404,
4356.7,heavy,3101,0,2.449,
4360.0,heavy,3102,0,1.006,
4363.3,heavy,3103,0,3.577,
4366.7,heavy,3101,1,4.303,
4370.0,heavy,3102,1,1.422,
4373.3,heavy,3103,0,3.452,
4376.7,heavy,3101,0,2.950,
4380.0,heavy,3102,0,1.091,
4383.3,heavy,3103,1,3.262,
4386.7,heavy,3101,0,2.771,
4390.0,heavy,3102,0,0.834,
4393.3,heavy,3103,1,6.219,
4396.7,heavy,3101,0,4.566,
4400.0,light-5,3101,1,3.337,
4400.0,light-3,3102,1,5.439,
4400.0,light-2,3101,1,5.691,
4400.0,light-1,3103,1,6.354,
4400.0,light-4,3103,1,7.305,
4400.0,heavy,3102,1,1.291,
4403.3,heavy,3102,0,1.164,
4406.7,heavy,3103,0,5.075,
4410.0,heavy,3101,0,2.550,
4413.3,heavy,3102,1,1.153,
4416.7,heavy,3103,0,3.279,
4420.0,heavy,3101,0,2.531,
4423.3,heavy,3102,1,1.459,
4426.7,heavy,3103,1,3.148,
4430.0,heavy,3101,0,3.964,
4433.3,heavy,3102,0,1.405,
4436.7,heavy,3103,0,2.525,
4440.0,heavy,3101,0,3.466,
4443.3,heavy,3102,1,1.208,
4446.7,heavy,3103,0,3.509,
4450.0,heavy,3101,0,3.131,
4453.3,heavy,3102,1,1.317,
4456.7,heavy,3103,0,4.009,
4460.0,heavy,3101,0,3.246,
4463.3,heavy,3102,1,1.285,
4466.7,heavy,3103,0,3.113,
4470.0,heavy,3101,0,3.242,
4473.3,heavy,3102,0,0.808,
4476.7,heavy,3103,1,3.269,
4480.0,heavy,3101,0,3.522,
4483.3,heavy,3102,1,0.999,
4486.7,heavy,3103,0,3.628,
4490.0,heavy,3101,0,3.912,
4493.3,heavy,3102,1,1.252,
4496.7,heavy,3103,0,3.113,
4500.0,light-2,3103,1,1.385,
4500.0,light-4,3102,1,2.965,
4500.0,light-1,3102,1,5.644,
4500.0,light-5,3103,1,6.270,
4500.0,light-3,3101,1,7.429,
4500.0,heavy,3101,1,6.414,
4503.3,heavy,3101,0,5.400,
4506.7,heavy,3102,0,0.943,
4510.0,heavy,3103,0,3.377,
4513.3,heavy,3101,1,3.384,
4516.7,heavy,3102,0,1.066,
4520.0,heavy,3103,1,3.731,
4523.3,heavy,3101,0,4.057,
4526.7,heavy,3102,0,0.961,
4530.0,heavy,3103,0,2.649,
4533.3,heavy,3101,1,3.099,
4536.7,heavy,3102,0,1.470,
4540.0,heavy,3103,0,3.077,
4543.3,heavy,3101,1,2.780,
4546.7,heavy,3102,0,1.053,
4550.0,heavy,3103,0,3.868,
4553.3,heavy,3101,0,3.015,
4556.7,heavy,3102,1,1.165,
4560.0,heavy,3103,0,2.921,
4563.3,heavy,3101,1,3.075,
4566.7,heavy,3102,0,0.870,
4570.0,heavy,3103,1,3.240,
4573.3,heavy,3101,0,2.796,
4576.7,heavy,3102,0,0.826,
4580.0,heavy,3103,0,3.649,
4583.3,heavy,3101,0,2.920,
4586.7,heavy,3102,1,1.195,
4590.0,heavy,3103,0,2.526,
4593.3,heavy,3101,1,7.606,
4596.7,heavy,3102,1,2.187,
4600.0,light-2,3103,1,2.480,
4600.0,light-4,3102,1,2.647,
4600.0,light-1,3102,1,6.891,
4600.0,light-5,3103,1,8.235,
4600.0,light-3,3101,1,13.139,
4600.0,heavy,3103,0,6.401,
4603.3,heavy,3101,0,9.704,
4606.7,heavy,3101,0,8.442,
4610.0,heavy,3102,0,1.026,
4613.3,heavy,3103,1,3.071,
4616.7,heavy,3101,0,2.846,
4620.0,heavy,3102,1,1.822,
4623.3,heavy,3103,0,4.069,
4626.7,heavy,3101,0,3.400,
4630.0,heavy,3102,1,1.623,
4633.3,heavy,3103,0,4.139,
4636.7,heavy,3101,0,2.704,
4640.0,heavy,3102,0,0.793,
4643.3,heavy,3103,0,3.764,
4646.7,heavy,3101,1,3.014,
4650.0,heavy,3102,0,0.801,
4653.3,heavy,3103,1,3.121,
4656.7,heavy,3101,0,3.425,
4660.0,heavy,3102,0,1.006,
4663.3,heavy,3103,1,2.676,
4666.7,heavy,3101,0,2.883,
4670.0,heavy,3102,0,1.087,
4673.3,heavy,3103,0,2.972,
4676.7,heavy,3101,0,3.225,
4680.0,heavy,3102,1,1.494,
4683.3,heavy,3103,1,2.596,
4686.7,heavy,3101,0,3.185,
4690.0,heavy,3102,1,1.095,
4693.3,heavy,3103,0,2.603,
4696.7,heavy,3101,0,2.376,
4700.0,light-5,3101,1,2.064,
4700.0,light-2,3101,1,4.256,
4700.0,light-1,3103,1,4.925,
4700.0,light-3,3102,1,5.025,
4700.0,light-4,3103,1,5.138,
4700.0,heavy,3102,0,2.107,
4703.3,heavy,3102,1,1.756,
4706.7,heavy,3103,0,2.855,
4710.0,heavy,3101,0,3.149,
4713.3,heavy,3102,1,0.928,
4716.7,heavy,3103,0,4.059,
4720.0,heavy,3101,0,3.245,
4723.3,heavy,3102,1,2.279,
4726.7,heavy,3103,0,4.033,
4730.0,heavy,3101,0,2.606,
4733.3,heavy,3102,1,1.550,
4736.7,heavy,3103,0,2.903,
4740.0,heavy,3101,0,3.076,
4743.3,heavy,3102,1,0.952,
4746.7,heavy,3103,0,4.022,
4750.0,heavy,3101,0,3.277,
4753.3,heavy,3102,1,1.920,
4756.7,heavy,3103,0,4.813,
4760.0,heavy,3101,0,3.304,
4763.3,heavy,3102,0,0.760,
4766.7,heavy,3103,1,4.137,
4770.0,heavy,3101,0,3.652,
4773.3,heavy,3102,1,1.247,
4776.7,heavy,3103,0,2.772,
4780.0,heavy,3101,0,3.406,
4783.3,heavy,3102,1,0.831,
4786.7,heavy,3103,0,3.242,
4790.0,heavy,3101,1,2.835,
4793.3,heavy,3102,0,1.138,
4796.7,heavy,3103,0,2.886,
4800.0,light-5,3101,1,2.826,
4800.0,light-3,3102,1,3.529,
4800.0,light-4,3103,1,3.885,
4800.0,light-2,3101,1,4.241,
4800.0,light-1,3103,1,4.453,
4800.0,heavy,3101,0,4.170,
4803.3,heavy,3102,1,1.229,
4806.7,heavy,3102,0,3.372,
4810.0,heavy,3103,0,2.831,
4813.3,heavy,3101,1,2.634,
4816.7,heavy,3102,0,1.253,
4820.0,heavy,3103,0,3.585,
4823.3,heavy,3101,1,3.307,
4826.7,heavy,3102,0,0.935,
4830.0,heavy,3103,1,2.974,
4833.3,heavy,3101,0,3.152,
4836.7,heavy,3102,0,0.809,
4840.0,heavy,3103,0,3.177,
4843.3,heavy,3101,0,3.419,
4846.7,heavy,3102,1,1.491,
4850.0,heavy,3103,0,3.470,
4853.3,heavy,3101,1,2.419,
4856.7,heavy,3102,1,1.560,
4860.0,heavy,3103,0,3.112,
4863.3,heavy,3101,0,3.493,
4866.7,heavy,3102,0,1.305,
4870.0,heavy,3103,0,2.970,
4873.3,heavy,3101,1,3.371,
4876.7,heavy,3102,0,1.019,
4880.0,heavy,3103,1,3.606,
4883.3,heavy,3101,0,3.656,
4886.7,heavy,3102,0,0.971,
4890.0,heavy,3103,0,5.420,
4893.3,heavy,3101,0,3.912,
4896.7,heavy,3102,1,1.353,
4900.0,light-1,3101,1,1.352,
4900.0,light-3,3103,1,2.662,
4900.0,light-4,3101,1,4.702,
4900.0,light-2,3102,1,5.119,
4900.0,light-5,3102,1,5.696,
4900.0,heavy,3103,1,5.673,
4903.3,heavy,3103,0,4.423,
4906.7,heavy,3101,0,3.440,
4910.0,heavy,3102,0,0.931,
4913.3,heavy,3103,1,3.481,
4916.7,heavy,3101,0,3.342,
4920.0,heavy,3102,0,1.112,
4923.3,heavy,3103,0,3.630,
4926.7,heavy,3101,0,3.957,
4930.0,heavy,3102,1,1.459,
4933.3,heavy,3103,1,3.157,
4936.7,heavy,3101,0,3.028,
4940.0,heavy,3102,0,1.353,
4943.3,heavy,3103,1,3.805,
4946.7,heavy,3101,0,2.947,
4950.0,heavy,3102,0,1.245,
4953.3,heavy,3103,1,2.980,
4956.7,heavy,3101,0,3.077,
4960.0,heavy,3102,0,0.902,
4963.3,heavy,3103,1,4.234,
4966.7,heavy,3101,0,4.163,
4970.0,heavy,3102,1,1.507,
4973.3,heavy,3103,0,4.791,
4976.7,heavy,3101,0,4.508,
4980.0,heavy,3102,0,1.458,
4983.3,heavy,3103,1,4.657,
4986.7,heavy,3101,0,3.543,
4990.0,heavy,3102,1,1.560,
4993.3,heavy,3103,0,3.912,
4996.7,heavy,3101,0,3.518,
5000.0,heavy,3102,0,1.546,
5000.0,light-5,3101,1,2.999,
5000.0,light-2,3101,1,4.750,
5000.0,light-1,3103,1,4.993,
5000.0,light-4,3103,1,5.684,
5000.0,light-3,3102,1,5.975,
5003.3,heavy,3102,1,0.973,
5006.7,heavy,3103,0,3.519,
5010.0,heavy,3101,0,3.554,
5013.3,heavy,3102,1,0.995,
5016.7,heavy,3103,1,9.516,
5020.0,heavy,3101,0,4.047,
5023.3,heavy,3102,0,1.114,
5026.7,heavy,3103,0,7.425,
5030.0,heavy,3101,0,2.935,
5033.3,heavy,3102,1,0.951,
5036.7,heavy,3103,0,2.957,
5040.0,heavy,3101,0,3.524,
5043.3,heavy,3102,1,1.487,
5046.7,heavy,3103,0,3.371,
5050.0,heavy,3101,0,3.317,
5053.3,heavy,3102,1,1.082,
5056.7,heavy,3103,0,3.915,
5060.0,heavy,3101,0,8.982,
5063.3,heavy,3102,1,1.286,
5066.7,heavy,3103,0,4.058,
5070.0,heavy,3101,0,8.250,
5073.3,heavy,3102,1,0.825,
5076.7,heavy,3103,0,3.048,
5080.0,heavy,3101,0,2.884,
5083.3,heavy,3102,1,0.939,
5086.7,heavy,3103,1,5.434,
5090.0,heavy,3101,0,4.882,
5093.3,heavy,3102,1,1.354,
5096.7,heavy,3103,0,5.887,
5100.0,heavy,3101,0,6.303,
5100.0,light-4,3102,1,2.688,
5100.0,light-2,3103,1,3.289,
5100.0,light-1,3102,1,5.071,
5100.0,light-3,3101,1,7.314,
5100.0,light-5,3103,1,7.464,
5103.3,heavy,3101,0,5.074,
5106.7,heavy,3102,0,0.737,
5110.0,heavy,3103,1,3.631,
5113.3,heavy,3101,0,4.044,
5116.7,heavy,3102,0,1.073,
5120.0,heavy,3103,0,2.762,
5123.3,heavy,3101,1,3.979,
5126.7,heavy,3102,1,1.284,
5130.0,heavy,3103,0,3.445,
5133.3,heavy,3101,0,2.859,
5136.7,heavy,3102,1,1.872,
5140.0,heavy,3103,0,2.614,
5143.3,heavy,3101,0,3.121,
5146.7,heavy,3102,0,1.827,
5150.0,heavy,3103,0,2.910,
5153.3,heavy,3101,1,2.875,
5156.7,heavy,3102,1,1.414,
5160.0,heavy,3103,0,4.170,
5163.3,heavy,3101,0,3.492,
5166.7,heavy,3102,0,1.135,
5170.0,heavy,3103,0,3.873,
5173.3,heavy,3101,0,3.295,
5176.7,heavy,3102,1,1.331,
5180.0,heavy,3103,0,3.178,
5183.3,heavy,3101,1,2.819,
5186.7,heavy,3102,0,0.876,
5190.0,heavy,3103,0,3.983,
5193.3,heavy,3101,1,3.014,
5196.7,heavy,3102,0,1.067,
5200.0,heavy,3103,0,6.247,
5200.0,light-5,3101,1,3.965,
5200.0,light-2,3101,1,5.864,
5200.0,light-1,3103,1,7.636,
5200.0,light-4,3103,1,9.162,
5200.0,light-3,3102,1,11.338,
5203.3,heavy,3101,0,5.176,
5206.7,heavy,3102,1,1.707,
5210.0,heavy,3102,0,2.742,
5213.3,heavy,3103,1,6.358,
5216.7,heavy,3101,0,4.208,
5220.0,heavy,3102,0,0.646,
5223.3,heavy,3103,1,2.564,
5226.7,heavy,3101,0,2.515,
5230.0,heavy,3102,0,1.093,
5233.3,heavy,3103,0,3.065,
5236.7,heavy,3101,0,3.400,
5240.0,heavy,3102,1,1.150,
5243.3,heavy,3103,1,2.930,
5246.7,heavy,3101,0,3.285,
5250.0,heavy,3102,0,1.161,
5253.3,heavy,3103,1,2.895,
5256.7,heavy,3101,0,2.543,
5260.0,heavy,3102,1,1.555,
5263.3,heavy,3103,1,4.101,
5266.7,heavy,3101,0,2.873,
5270.0,heavy,3102,0,1.711,
5273.3,heavy,3103,0,3.302,
5276.7,heavy,3101,0,3.838,
5280.0,heavy,3102,0,0.907,
5283.3,heavy,3103,1,3.249,
5286.7,heavy,3101,0,3.240,
5290.0,heavy,3102,0,0.848,
5293.3,heavy,3103,1,6.059,
5296.7,heavy,3101,0,6.447,
5300.0,heavy,3102,1,1.484,
5300.0,light-1,3101,1,2.360,
5300.0,light-3,3103,1,3.243,
5300.0,light-2,3102,1,6.401,
5300.0,light-4,3101,1,6.563,
5300.0,light-5,3102,1,7.248,
5303.3,heavy,3103,0,6.607,
5306.7,heavy,3103,0,3.252,
5310.0,heavy,3101,0,2.501,
5313.3,heavy,3102,1,1.395,
5316.7,heavy,3103,0,2.566,
5320.0,heavy,3101,0,2.079,
5323.3,heavy,3102,1,1.441,
5326.7,heavy,3103,0,2.853,
5330.0,heavy,3101,0,3.395,
5333.3,heavy,3102,1,1.282,
5336.7,heavy,3103,0,2.894,
5340.0,heavy,3101,0,2.826,
5343.3,heavy,3102,0,1.274,
5346.7,heavy,3103,1,2.718,
5350.0,heavy,3101,0,2.547,
5353.3,heavy,3102,1,0.970,
5356.7,heavy,3103,0,4.152,
5360.0,heavy,3101,0,3.276,
5363.3,heavy,3102,1,1.273,
5366.7,heavy,3103,0,3.714,
5370.0,heavy,3101,0,2.962,
5373.3,heavy,3102,1,1.365,
5376.7,heavy,3103,0,3.453,
5380.0,heavy,3101,0,2.692,
5383.3,heavy,3102,1,0.725,
5386.7,heavy,3103,0,4.931,
5390.0,heavy,3101,0,3.284,
5393.3,heavy,3102,1,1.339,
5396.7,heavy,3103,0,5.339,
5400.0,heavy,3101,0,4.789,
5400.0,light-4,3102,1,2.089,
5400.0,light-2,3103,1,2.393,
5400.0,light-1,3102,1,4.467,
5400.0,light-3,3101,1,5.531,
5400.0,light-5,3103,1,5.582,
5403.3,heavy,3101,1,3.323,
5406.7,heavy,3102,0,0.909,
5410.0,heavy,3103,1,3.321,
5413.3,heavy,3101,0,3.427,
5416.7,heavy,3102,0,0.983,
5420.0,heavy,3103,0,2.884,
5423.3,heavy,3101,0,3.108,
5426.7,heavy,3102,1,1.131,
5430.0,heavy,3103,0,2.720,
5433.3,heavy,3101,1,3.060,
5436.7,heavy,3102,0,1.324,
5440.0,heavy,3103,1,3.203,
5443.3,heavy,3101,0,3.146,
5446.7,heavy,3102,0,1.122,
5450.0,heavy,3103,0,3.222,
5453.3,heavy,3101,0,3.396,
5456.7,heavy,3102,1,1.568,
5460.0,heavy,3103,0,2.453,
5463.3,heavy,3101,1,2.446,
5466.7,heavy,3102,1,1.384,
5470.0,heavy,3103,0,3.220,
5473.3,heavy,3101,0,3.589,
5476.7,heavy,3102,0,0.840,
5480.0,heavy,3103,0,3.991,
5483.3,heavy,3101,0,2.748,
5486.7,heavy,3102,1,1.269,
5490.0,heavy,3103,0,3.101,
5493.3,heavy,3101,1,3.021,
5496.7,heavy,3102,0,1.288,
5500.0,heavy,3103,0,5.383,
5500.0,light-2,3103,1,2.444,
5500.0,light-4,3102,1,2.971,
5500.0,light-1,3102,1,4.438,
5500.0,light-3,3101,1,6.376,
5500.0,light-5,3103,1,6.428,
5503.3,heavy,3101,1,5.290,
5506.7,heavy,3101,0,4.663,
5510.0,heavy,3102,0,1.027,
5513.3,heavy,3103,0,3.602,
5516.7,heavy,3101,0,3.945,
5520.0,heavy,3102,1,1.757,
5523.3,heavy,3103,1,2.678,
5526.7,heavy,3101,0,3.182,
5530.0,heavy,3102,0,1.024,
5533.3,heavy,3103,1,2.866,
5536.7,heavy,3101,0,2.882,
5540.0,heavy,3102,0,0.952,
5543.3,heavy,3103,0,3.411,
5546.7,heavy,3101,0,3.638,
5550.0,heavy,3102,1,1.213,
5553.3,heavy,3103,1,2.894,
5556.7,heavy,3101,0,3.356,
5560.0,heavy,3102,0,1.123,
5563.3,heavy,3103,0,3.756,
5566.7,heavy,3101,1,2.931,
5570.0,heavy,3102,0,1.156,
5573.3,heavy,3103,1,4.027,
5576.7,heavy,3101,0,3.478,
5580.0,heavy,3102,1,1.177,
5583.3,heavy,3103,0,2.987,
5586.7,heavy,3101,0,2.667,
5590.0,heavy,3102,1,1.393,
5593.3,heavy,3103,0,3.317,
5596.7,heavy,3101,0,4.331,
5600.0,heavy,3102,0,1.313,
5600.0,light-5,3101,1,2.267,
5600.0,light-2,3101,1,3.967,
5600.0,light-1,3103,1,4.612,
5600.0,light-3,3102,1,4.995,
5600.0,light-4,3103,1,5.089,
5603.3,heavy,3102,1,1.120,
5606.7,heavy,3103,0,3.675,
5610.0,heavy,3101,0,3.464,
5613.3,heavy,3102,1,1.127,
5616.7,heavy,3103,0,4.280,
5620.0,heavy,3101,0,4.484,
5623.3,heavy,3102,1,1.421,
5626.7,heavy,3103,0,4.782,
5630.0,heavy,3101,0,3.132,
5633.3,heavy,3102,1,0.798,
5636.7,heavy,3103,0,4.000,
5640.0,heavy,3101,0,3.050,
5643.3,heavy,3102,1,1.134,
5646.7,heavy,3103,0,3.467,
5650.0,heavy,3101,0,2.785,
5653.3,heavy,3102,1,1.277,
5656.7,heavy,3103,0,3.282,
5660.0,heavy,3101,0,3.655,
5663.3,heavy,3102,1,0.963,
5666.7,heavy,3103,0,4.062,
5670.0,heavy,3101,0,3.242,
5673.3,heavy,3102,1,1.547,
5676.7,heavy,3103,0,4.038,
5680.0,heavy,3101,0,2.895,
5683.3,heavy,3102,1,1.004,
5686.7,heavy,3103,0,3.781,
5690.0,heavy,3101,0,3.005,
5693.3,heavy,3102,1,1.010,
5696.7,heavy,3103,0,5.802,
5700.0,heavy,3101,0,5.052,
5700.0,light-5,3101,1,3.879,
5700.0,light-3,3102,1,5.575,
5700.0,light-2,3101,1,6.334,
5700.0,light-1,3103,1,7.591,
5700.0,light-4,3103,1,8.087,
5703.3,heavy,3102,1,1.343,
5706.7,heavy,3102,0,2.115,
5710.0,heavy,3103,0,5.597,
5713.3,heavy,3101,1,2.696,
5716.7,heavy,3102,0,1.487,
5720.0,heavy,3103,0,3.113,
5723.3,heavy,3101,1,3.274,
5726.7,heavy,3102,0,1.360,
5730.0,heavy,3103,0,3.614,
5733.3,heavy,3101,0,2.738,
5736.7,heavy,3102,1,1.240,
5740.0,heavy,3103,0,2.785,
5743.3,heavy,3101,1,2.696,
5746.7,heavy,3102,1,1.497,
5750.0,heavy,3103,0,3.524,
5753.3,heavy,3101,0,2.992,
5756.7,heavy,3102,0,0.818,
5760.0,heavy,3103,0,4.036,
5763.3,heavy,3101,0,2.994,
5766.7,heavy,3102,1,1.159,
5770.0,heavy,3103,0,3.684,
5773.3,heavy,3101,1,3.086,
5776.7,heavy,3102,0,0.989,
5780.0,heavy,3103,0,4.343,
5783.3,heavy,3101,1,3.649,
5786.7,heavy,3102,1,1.103,
5790.0,heavy,3103,0,4.638,
5793.3,heavy,3101,0,4.086,
5796.7,heavy,3102,0,0.718,
5800.0,heavy,3103,0,5.673,
5800.0,light-5,3101,1,3.232,
5800.0,light-3,3102,1,4.942,
5800.0,light-2,3101,1,5.132,
5800.0,light-1,3103,1,5.712,
5800.0,light-4,3103,1,6.697,
5803.3,heavy,3101,0,4.614,
5806.7,heavy,3102,1,1.374,
5810.0,heavy,3102,0,2.342,
5813.3,heavy,3103,1,4.299,
5816.7,heavy,3101,0,2.698,
5820.0,heavy,3102,1,1.047,
5823.3,heavy,3103,0,2.267,
5826.7,heavy,3101,0,2.172,
5830.0,heavy,3102,1,1.313,
5833.3,heavy,3103,0,2.712,
5836.7,heavy,3101,0,2.857,
5840.0,heavy,3102,0,1.411,
5843.3,heavy,3103,1,4.617,
5846.7,heavy,3101,0,3.658,
5850.0,heavy,3102,1,2.134,
5853.3,heavy,3103,0,5.051,
5856.7,heavy,3101,0,4.852,
5860.0,heavy,3102,0,1.130,
5863.3,heavy,3103,0,3.643,
5866.7,heavy,3101,0,2.778,
5870.0,heavy,3102,1,1.236,
5873.3,heavy,3103,1,2.430,
5876.7,heavy,3101,0,4.028,
5880.0,heavy,3102,1,1.349,
5883.3,heavy,3103,0,3.353,
5886.7,heavy,3101,0,3.121,
5890.0,heavy,3102,0,1.058,
5893.3,heavy,3103,0,6.413,
5896.7,heavy,3101,1,4.554,
5900.0,heavy,3102,1,1.343,
5900.0,light-5,3101,1,3.222,
5900.0,light-3,3102,1,5.270,
5900.0,light-2,3101,1,5.816,
5900.0,light-1,3103,1,6.732,
5900.0,light-4,3103,1,8.166,
5903.3,heavy,3102,0,1.184,
5906.7,heavy,3103,0,5.197,
5910.0,heavy,3101,0,3.361,
5913.3,heavy,3102,1,1.256,
5916.7,heavy,3103,0,4.290,
5920.0,heavy,3101,0,4.303,
5923.3,heavy,3102,1,1.358,
5926.7,heavy,3103,0,4.509,
5930.0,heavy,3101,0,4.627,
5933.3,heavy,3102,1,1.231,
5936.7,heavy,3103,0,3.749,
5940.0,heavy,3101,0,3.049,
5943.3,heavy,3102,1,1.213,
5946.7,heavy,3103,0,4.082,
5950.0,heavy,3101,0,3.043,
5953.3,heavy,3102,1,1.041,
5956.7,heavy,3103,0,3.225,
5960.0,heavy,3101,0,2.564,
5963.3,heavy,3102,1,0.702,
5966.7,heavy,3103,0,4.342,
5970.0,heavy,3101,0,3.398,
5973.3,heavy,3102,1,1.430,
5976.7,heavy,3103,0,4.764,
5980.0,heavy,3101,0,2.965,
5983.3,heavy,3102,1,1.023,
5986.7,heavy,3103,0,3.383,
5990.0,heavy,3101,0,3.347,
5993.3,heavy,3102,1,1.077,
5996.7,heavy,3103,0,9.441,
6000.0,heavy,3101,0,6.591,
6000.0,light-1,3101,1,2.975,
6000.0,light-3,3103,1,3.371,
6000.0,light-5,3102,1,6.828,
6000.0,light-4,3101,1,7.067,
6000.0,light-2,3102,1,7.815,
6003.3,heavy,3102,1,2.519,
6006.7,heavy,3103,0,10.115,
6010.0,heavy,3103,1,8.650,
6013.3,heavy,3101,0,5.500,
6016.7,heavy,3102,0,3.817,
6020.0,heavy,3103,0,3.416,
6023.3,heavy,3101,1,3.180,
6026.7,heavy,3102,0,1.221,
6030.0,heavy,3103,0,4.512,
6033.3,heavy,3101,0,3.703,
6036.7,heavy,3102,1,1.475,
6040.0,heavy,3103,0,4.521,
6043.3,heavy,3101,1,3.166,
6046.7,heavy,3102,0,0.867,
6050.0,heavy,3103,1,3.791,
6053.3,heavy,3101,0,4.136,
6056.7,heavy,3102,0,1.307,
6060.0,heavy,3103,0,4.211,
6063.3,heavy,3101,0,3.391,
6066.7,heavy,3102,1,1.273,
6070.0,heavy,3103,0,4.508,
6073.3,heavy,3101,1,3.358,
6076.7,heavy,3102,0,1.587,
6080.0,heavy,3103,1,3.745,
6083.3,heavy,3101,0,4.203,
6086.7,heavy,3102,0,1.102,
6090.0,heavy,3103,0,3.656,
6093.3,heavy,3101,1,3.341,
6096.7,heavy,3102,0,1.198,
6100.0,heavy,3103,1,5.693,
6100.0,light-1,3101,1,1.392,
6100.0,light-3,3103,1,2.480,
6100.0,light-4,3101,1,4.754,
6100.0,light-5,3102,1,5.628,
6100.0,light-2,3102,1,6.169,
6103.3,heavy,3103,0,4.686,
6106.7,heavy,3101,1,11.892,
6110.0,heavy,3102,0,2.097,
6113.3,heavy,3103,0,3.733,
6116.7,heavy,3101,0,3.115,
6120.0,heavy,3102,0,1.059,
6123.3,heavy,3103,1,5.055,
6126.7,heavy,3101,0,4.213,
6130.0,heavy,3102,1,1.872,
6133.3,heavy,3103,0,5.033,
6136.7,heavy,3101,0,4.765,
6140.0,heavy,3102,0,1.055,
6143.3,heavy,3103,0,4.239,
6146.7,heavy,3101,1,3.043,
6150.0,heavy,3102,1,1.168,
6153.3,heavy,3103,0,3.405,
6156.7,heavy,3101,0,2.850,
6160.0,heavy,3102,1,1.354,
6163.3,heavy,3103,0,3.514,
6166.7,heavy,3101,0,3.052,
6170.0,heavy,3102,0,0.776,
6173.3,heavy,3103,1,3.515,
6176.7,heavy,3101,0,3.062,
6180.0,heavy,3102,1,1.166,
6183.3,heavy,3103,0,2.495,
6186.7,heavy,3101,0,2.968,
6190.0,heavy,3102,1,1.459,
6193.3,heavy,3103,0,3.365,
6196.7,heavy,3101,0,4.360,
6200.0,heavy,3102,0,1.275,
6200.0,light-5,3101,1,2.369,
6200.0,light-2,3101,1,4.287,
6200.0,light-1,3103,1,5.114,
6200.0,light-3,3102,1,5.217,
6200.0,light-4,3103,1,5.684,
6203.3,heavy,3102,1,0.770,
6206.7,heavy,3103,0,2.742,
6210.0,heavy,3101,0,3.470,
6213.3,heavy,3102,1,1.030,
6216.7,heavy,3103,0,4.063,
6220.0,heavy,3101,0,3.521,
6223.3,heavy,3102,1,1.725,
6226.7,heavy,3103,0,4.213,
6230.0,heavy,3101,1,3.907,
6233.3,heavy,3102,0,0.662,
6236.7,heavy,3103,0,3.758,
6240.0,heavy,3101,0,2.628,
6243.3,heavy,3102,1,1.311,
6246.7,heavy,3103,0,4.172,
6250.0,heavy,3101,0,2.445,
6253.3,heavy,3102,1,1.480,
6256.7,heavy,3103,0,3.301,
6260.0,heavy,3101,0,3.511,
6263.3,heavy,3102,1,1.027,
6266.7,heavy,3103,0,4.476,
6270.0,heavy,3101,0,3.735,
6273.3,heavy,3102,1,1.247,
6276.7,heavy,3103,0,5.053,
6280.0,heavy,3101,0,2.594,
6283.3,heavy,3102,1,0.914,
6286.7,heavy,3103,0,3.387,
6290.0,heavy,3101,0,3.508,
6293.3,heavy,3102,1,1.146,
6296.7,heavy,3103,0,2.331,
6300.0,heavy,3101,0,5.819,
6300.0,light-3,3103,1,2.453,
6300.0,light-1,3101,1,2.705,
6300.0,light-5,3102,1,6.107,
6300.0,light-4,3101,1,6.293,
6300.0,light-2,3102,1,7.087,
6303.3,heavy,3102,1,1.681,
6306.7,heavy,3103,0,6.130,
6310.0,heavy,3103,1,5.713,
6313.3,heavy,3101,0,3.251,
6316.7,heavy,3102,0,1.151,
6320.0,heavy,3103,1,3.694,
6323.3,heavy,3101,0,4.006,
6326.7,heavy,3102,0,0.908,
6330.0,heavy,3103,0,4.118,
6333.3,heavy,3101,0,3.230,
6336.7,heavy,3102,1,1.330,
6340.0,heavy,3103,0,4.284,
6343.3,heavy,3101,1,2.393,
6346.7,heavy,3102,0,1.012,
6350.0,heavy,3103,1,3.727,
6353.3,heavy,3101,0,4.053,
6356.7,heavy,3102,0,0.939,
6360.0,heavy,3103,0,2.691,
6363.3,heavy,3101,0,3.289,
6366.7,heavy,3102,1,1.257,
6370.0,heavy,3103,1,3.332,
6373.3,heavy,3101,0,2.856,
6376.7,heavy,3102,0,1.146,
6380.0,heavy,3103,0,3.424,
6383.3,heavy,3101,0,3.567,
6386.7,heavy,3102,1,1.313,
6390.0,heavy,3103,0,3.012,
6393.3,heavy,3101,1,2.667,
6396.7,heavy,3102,0,1.968,
6400.0,heavy,3103,1,5.828,
6400.0,light-1,3101,1,1.772,
6400.0,light-3,3103,1,3.208,
6400.0,light-4,3101,1,6.235,
6400.0,light-5,3102,1,6.413,
6400.0,light-2,3102,1,7.366,
6403.3,heavy,3103,0,5.862,
6406.7,heavy,3101,0,3.661,
6410.0,heavy,3102,0,1.444,
6413.3,heavy,3103,1,4.458,
6416.7,heavy,3101,0,3.888,
6420.0,heavy,3102,0,1.327,
6423.3,heavy,3103,1,5.175,
6426.7,heavy,3101,0,4.655,
6430.0,heavy,3102,1,1.452,
6433.3,heavy,3103,0,5.084,
6436.7,heavy,3101,0,3.640,
6440.0,heavy,3102,0,1.440,
6443.3,heavy,3103,1,4.732,
6446.7,heavy,3101,0,3.705,
6450.0,heavy,3102,0,0.958,
6453.3,heavy,3103,0,5.020,
6456.7,heavy,3101,1,4.152,
6460.0,heavy,3102,1,1.464,
6463.3,heavy,3103,0,6.029,
6466.7,heavy,3101,0,4.152,
6470.0,heavy,3102,0,1.904,
6473.3,heavy,3103,1,3.290,
6476.7,heavy,3101,0,3.551,
6480.0,heavy,3102,0,0.910,
6483.3,heavy,3103,0,4.110,
6486.7,heavy,3101,1,3.608,
6490.0,heavy,3102,1,1.145,
6493.3,heavy,3103,0,4.310,
6496.7,heavy,3101,0,3.457,
6500.0,heavy,3102,1,2.269,
6500.0,light-5,3101,1,3.031,
6500.0,light-3,3102,1,5.134,
6500.0,light-2,3101,1,5.295,
6500.0,light-1,3103,1,5.762,
6500.0,light-4,3103,1,6.907,
6503.3,heavy,3103,0,5.189,
6506.7,heavy,3101,0,4.293,
6510.0,heavy,3102,0,2.039,
6513.3,heavy,3102,1,1.178,
6516.7,heavy,3103,0,3.204,
6520.0,heavy,3101,0,2.686,
6523.3,heavy,3102,1,1.021,
6526.7,heavy,3103,0,4.262,
6530.0,heavy,3101,1,3.746,
6533.3,heavy,3102,1,1.564,
6536.7,heavy,3103,0,4.664,
6540.0,heavy,3101,0,5.089,
6543.3,heavy,3102,0,1.264,
6546.7,heavy,3103,0,2.647,
6550.0,heavy,3101,0,3.340,
6553.3,heavy,3102,1,1.188,
6556.7,heavy,3103,0,3.549,
6560.0,heavy,3101,0,2.814,
6563.3,heavy,3102,1,1.521,
6566.7,heavy,3103,0,3.645,
6570.0,heavy,3101,0,3.851,
6573.3,heavy,3102,1,1.060,
6576.7,heavy,3103,0,2.873,
6580.0,heavy,3101,0,3.265,
6583.3,heavy,3102,0,1.111,
6586.7,heavy,3103,1,4.070,
6590.0,heavy,3101,1,3.008,
6593.3,heavy,3102,0,0.954,
6596.7,heavy,3103,0,2.694,
6600.0,heavy,3101,0,6.552,
6600.0,light-5,3101,1,3.765,
6600.0,light-3,3102,1,5.382,
6600.0,light-4,3103,1,5.902,
6600.0,light-1,3103,1,6.294,
6600.0,light-2,3101,1,6.399,
6603.3,heavy,3102,1,1.482,
6606.7,heavy,3102,0,2.148,
6610.0,heavy,3103,0,3.607,
6613.3,heavy,3101,1,3.146,
6616.7,heavy,3102,0,1.068,
6620.0,heavy,3103,0,3.146,
6623.3,heavy,3101,1,3.265,
6626.7,heavy,3102,0,1.123,
6630.0,heavy,3103,1,3.127,
6633.3,heavy,3101,0,3.530,
6636.7,heavy,3102,0,1.223,
6640.0,heavy,3103,0,2.664,
6643.3,heavy,3101,0,3.377,
6646.7,heavy,3102,1,1.259,
6650.0,heavy,3103,0,3.584,
6653.3,heavy,3101,1,2.457,
6656.7,heavy,3102,0,0.847,
6660.0,heavy,3103,0,3.597,
6663.3,heavy,3101,1,2.851,
6666.7,heavy,3102,0,1.244,
6670.0,heavy,3103,0,3.207,
6673.3,heavy,3101,1,3.114,
6676.7,heavy,3102,0,1.106,
6680.0,heavy,3103,0,3.126,
6683.3,heavy,3101,1,2.975,
6686.7,heavy,3102,0,0.991,
6690.0,heavy,3103,0,2.918,
6693.3,heavy,3101,0,3.732,
6696.7,heavy,3102,1,1.381,
6700.0,heavy,3103,0,4.601,
6700.0,light-1,3101,1,1.016,
6700.0,light-3,3103,1,2.275,
6700.0,light-4,3101,1,4.816,
6700.0,light-2,3102,1,5.034,
6700.0,light-5,3102,1,5.344,
6703.3,heavy,3103,1,2.620,
6706.7,heavy,3101,0,3.319,
6710.0,heavy,3102,0,0.907,
6713.3,heavy,3103,0,3.834,
6716.7,heavy,3101,1,4.132,
6720.0,heavy,3102,1,1.361,
6723.3,heavy,3103,0,4.310,
6726.7,heavy,3101,0,4.134,
6730.0,heavy,3102,0,0.893,
6733.3,heavy,3103,1,4.408,
6736.7,heavy,3101,0,3.569,
6740.0,heavy,3102,1,1.541,
6743.3,heavy,3103,0,4.452,
6746.7,heavy,3101,0,2.752,
6750.0,heavy,3102,0,0.863,
6753.3,heavy,3103,0,3.843,
6756.7,heavy,3101,1,3.104,
6760.0,heavy,3102,0,0.946,
6763.3,heavy,3103,1,2.856,
6766.7,heavy,3101,0,3.408,
6770.0,heavy,3102,0,1.139,
6773.3,heavy,3103,1,2.770,
6776.7,heavy,3101,0,2.802,
6780.0,heavy,3102,0,0.992,
6783.3,heavy,3103,0,3.938,
6786.7,heavy,3101,0,3.059,
6790.0,heavy,3102,1,1.380,
6793.3,heavy,3103,1,2.939,
6796.7,heavy,3101,0,3.288,
6800.0,heavy,3102,0,1.323,
6800.0,light-5,3101,1,2.534,
6800.0,light-2,3101,1,4.658,
6800.0,light-1,3103,1,5.308,
6800.0,light-3,3102,1,5.326,
6800.0,light-4,3103,1,5.380,
6803.3,heavy,3102,1,0.880,
6806.7,heavy,3103,0,3.965,
6810.0,heavy,3101,0,4.491,
6813.3,heavy,3102,1,1.223,
6816.7,heavy,3103,0,4.793,
6820.0,heavy,3101,1,4.930,
6823.3,heavy,3102,0,1.036,
6826.7,heavy,3103,0,4.213,
6830.0,heavy,3101,0,3.341,
6833.3,heavy,3102,1,1.223,
6836.7,heavy,3103,0,4.565,
6840.0,heavy,3101,0,2.712,
6843.3,heavy,3102,0,1.031,
6846.7,heavy,3103,1,3.033,
6850.0,heavy,3101,0,3.550,
6853.3,heavy,3102,1,1.194,
6856.7,heavy,3103,0,3.908,
6860.0,heavy,3101,0,3.140,
6863.3,heavy,3102,1,1.140,
6866.7,heavy,3103,0,4.172,
6870.0,heavy,3101,0,2.122,
6873.3,heavy,3102,1,1.460,
6876.7,heavy,3103,0,3.946,
6880.0,heavy,3101,0,3.269,
6883.3,heavy,3102,1,0.972,
6886.7,heavy,3103,0,3.142,
6890.0,heavy,3101,0,2.753,
6893.3,heavy,3102,1,1.593,
6896.7,heavy,3103,0,4.728,
6900.0,heavy,3101,0,4.809,
6900.0,light-2,3103,1,1.153,
6900.0,light-4,3102,1,2.672,
6900.0,light-5,3103,1,4.214,
6900.0,light-1,3102,1,4.782,
6900.0,light-3,3101,1,6.008,
6903.3,heavy,3101,1,3.773,
6906.7,heavy,3102,0,0.917,
6910.0,heavy,3103,1,3.580,
6913.3,heavy,3101,0,3.832,
6916.7,heavy,3102,0,0.915,
6920.0,heavy,3103,0,4.510,
6923.3,heavy,3101,0,3.052,
6926.7,heavy,3102,1,1.440,
6930.0,heavy,3103,0,3.772,
6933.3,heavy,3101,1,3.236,
6936.7,heavy,3102,0,1.054,
6940.0,heavy,3103,1,3.789,
6943.3,heavy,3101,0,4.157,
6946.7,heavy,3102,0,0.975,
6950.0,heavy,3103,0,3.720,
6953.3,heavy,3101,0,2.767,
6956.7,heavy,3102,1,1.354,
6960.0,heavy,3103,1,4.409,
6963.3,heavy,3101,0,2.928,
6966.7,heavy,3102,0,1.015,
6970.0,heavy,3103,0,3.298,
6973.3,heavy,3101,0,3.530,
6976.7,heavy,3102,1,1.251,
6980.0,heavy,3103,0,3.045,
6983.3,heavy,3101,0,3.580,
6986.7,heavy,3102,1,1.390,
6990.0,heavy,3103,1,3.433,
6993.3,heavy,3101,0,3.706,
6996.7,heavy,3102,0,1.543,
7000.0,heavy,3103,0,7.582,
7000.0,light-5,3101,1,3.787,
7000.0,light-3,3102,1,6.411,
7000.0,light-2,3101,1,7.287,
7000.0,light-1,3103,1,7.522,
7000.0,light-4,3103,1,8.574,
7003.3,heavy,3101,0,5.205,
7006.7,heavy,3102,1,1.600,
7010.0,heavy,3102,0,1.299,
7013.3,heavy,3103,1,5.213,
7016.7,heavy,3101,0,3.439,
7020.0,heavy,3102,0,1.049,
7023.3,heavy,3103,1,3.109,
7026.7,heavy,3101,0,3.460,
7030.0,heavy,3102,0,1.188,
7033.3,heavy,3103,1,3.328,
7036.7,heavy,3101,0,3.570,
7040.0,heavy,3102,0,1.089,
7043.3,heavy,3103,0,4.269,
7046.7,heavy,3101,1,3.250,
7050.0,heavy,3102,1,1.271,
7053.3,heavy,3103,0,4.939,
7056.7,heavy,3101,0,3.097,
7060.0,heavy,3102,0,1.090,
7063.3,heavy,3103,1,3.330,
7066.7,heavy,3101,0,3.620,
7070.0,heavy,3102,0,1.054,
7073.3,heavy,3103,1,4.067,
7076.7,heavy,3101,0,3.193,
7080.0,heavy,3102,1,1.370,
7083.3,heavy,3103,0,4.417,
7086.7,heavy,3101,0,2.853,
7090.0,heavy,3102,0,1.042,
7093.3,heavy,3103,0,5.375,
7096.7,heavy,3101,0,3.979,
7100.0,heavy,3102,1,1.180,
7100.0,light-5,3101,1,2.795,
7100.0,light-2,3101,1,5.200,
7100.0,light-3,3102,1,5.371,
7100.0,light-1,3103,1,5.878,
7100.0,light-4,3103,1,6.852,
7103.3,heavy,3102,1,1.187,
7106.7,heavy,3103,0,2.763,
7110.0,heavy,3101,0,3.081,
7113.3,heavy,3102,1,1.526,
7116.7,heavy,3103,0,3.517,
7120.0,heavy,3101,0,3.796,
7123.3,heavy,3102,1,1.004,
7126.7,heavy,3103,0,4.064,
7130.0,heavy,3101,0,3.231,
7133.3,heavy,3102,1,0.969,
7136.7,heavy,3103,0,3.734,
7140.0,heavy,3101,0,3.344,
7143.3,heavy,3102,1,1.171,
7146.7,heavy,3103,0,3.025,
7150.0,heavy,3101,0,3.121,
7153.3,heavy,3102,1,1.411,
7156.7,heavy,3103,0,2.840,
7160.0,heavy,3101,0,3.148,
7163.3,heavy,3102,1,1.282,
7166.7,heavy,3103,0,4.121,
7170.0,heavy,3101,0,3.254,
7173.3,heavy,3102,1,1.276,
7176.7,heavy,3103,0,4.034,
7180.0,heavy,3101,0,2.901,
7183.3,heavy,3102,1,1.414,
7186.7,heavy,3103,1,3.417,
7190.0,heavy,3101,0,2.852,
7193.3,heavy,3102,0,0.845,
7196.7,heavy,3103,0,6.991,
7200.0,heavy,3101,0,5.142,
7200.0,light-1,3101,1,2.135,
7200.0,light-3,3103,1,3.726,
7200.0,light-4,3101,1,5.627,
7200.0,light-5,3102,1,6.179,
7200.0,light-2,3102,1,6.844,
7203.3,heavy,3102,1,1.378,
7206.7,heavy,3103,0,6.786,
7210.0,heavy,3103,1,5.647,
7213.3,heavy,3101,0,2.428,
7216.7,heavy,3102,1,1.511,
7220.0,heavy,3103,0,3.298,
7223.3,heavy,3101,0,3.808,
7226.7,heavy,3102,0,1.523,
7230.0,heavy,3103,0,3.026,
7233.3,heavy,3101,1,3.426,
7236.7,heavy,3102,0,1.038,
7240.0,heavy,3103,1,3.368,
7243.3,heavy,3101,0,2.983,
7246.7,heavy,3102,0,1.013,
7250.0,heavy,3103,0,3.433,
7253.3,heavy,3101,0,3.655,
7256.7,heavy,3102,1,1.277,
7260.0,heavy,3103,0,3.099,
7263.3,heavy,3101,1,3.330,
7266.7,heavy,3102,0,1.008,
7270.0,heavy,3103,1,2.595,
7273.3,heavy,3101,0,2.802,
7276.7,heavy,3102,0,0.852,
7280.0,heavy,3103,0,2.999,
7283.3,heavy,3101,0,2.981,
7286.7,heavy,3102,1,1.561,
7290.0,heavy,3103,0,3.733,
7293.3,heavy,3101,1,3.543,
7296.7,heavy,3102,0,1.205,
7300.0,heavy,3103,0,5.387,
7300.0,light-2,3103,1,2.048,
7300.0,light-4,3102,1,3.130,
7300.0,light-3,3101,1,5.392,
7300.0,light-1,3102,1,5.794,
7300.0,light-5,3103,1,6.061,
7303.3,heavy,3101,1,6.055,
7306.7,heavy,3101,0,4.280,
7310.0,heavy,3102,0,1.037,
7313.3,heavy,3103,0,3.108,
7316.7,heavy,3101,0,2.674,
7320.0,heavy,3102,1,1.507,
7323.3,heavy,3103,1,3.968,
7326.7,heavy,3101,0,3.911,
7330.0,heavy,3102,1,1.249,
7333.3,heavy,3103,0,4.532,
7336.7,heavy,3101,0,3.128,
7340.0,heavy,3102,0,0.918,
7343.3,heavy,3103,0,3.361,
7346.7,heavy,3101,0,3.535,
7350.0,heavy,3102,1,1.325,
7353.3,heavy,3103,1,2.392,
7356.7,heavy,3101,0,5.082,
7360.0,heavy,3102,1,1.449,
7363.3,heavy,3103,0,4.117,
7366.7,heavy,3101,0,7.489,
7370.0,heavy,3102,0,2.434,
7373.3,heavy,3103,1,3.371,
7376.7,heavy,3101,0,3.230,
7380.0,heavy,3102,0,1.040,
7383.3,heavy,3103,1,5.005,
7386.7,heavy,3101,0,3.387,
7390.0,heavy,3102,1,1.247,
7393.3,heavy,3103,0,4.958,
7396.7,heavy,3101,0,4.716,
7400.0,heavy,3102,0,1.774,
7400.0,light-5,3101,1,2.280,
7400.0,light-2,3101,1,4.391,
7400.0,light-1,3103,1,4.694,
7400.0,light-3,3102,1,4.718,
7400.0,light-4,3103,1,5.369,
7403.3,heavy,3102,1,0.949,
7406.7,heavy,3103,0,3.414,
7410.0,heavy,3101,0,3.115,
7413.3,heavy,3102,1,1.438,
7416.7,heavy,3103,0,4.155,
7420.0,heavy,3101,0,3.227,
7423.3,heavy,3102,1,1.368,
7426.7,heavy,3103,0,5.030,
7430.0,heavy,3101,0,2.997,
7433.3,heavy,3102,1,0.914,
7436.7,heavy,3103,0,3.103,
7440.0,heavy,3101,0,3.476,
7443.3,heavy,3102,1,1.060,
7446.7,heavy,3103,0,3.203,
7450.0,heavy,3101,0,2.434,
7453.3,heavy,3102,1,1.620,
7456.7,heavy,3103,0,3.502,
7460.0,heavy,3101,0,2.800,
7463.3,heavy,3102,1,1.492,
7466.7,heavy,3103,0,3.864,
7470.0,heavy,3101,0,3.210,
7473.3,heavy,3102,1,1.330,
7476.7,heavy,3103,0,3.165,
7480.0,heavy,3101,0,4.517,
7483.3,heavy,3102,1,1.299,
7486.7,heavy,3103,0,3.496,
7490.0,heavy,3101,0,3.064,
7493.3,heavy,3102,1,0.854,
7496.7,heavy,3103,0,6.073,
7500.0,heavy,3101,0,4.148,
7500.0,light-5,3101,1,2.899,
7500.0,light-3,3102,1,4.860,
7500.0,light-2,3101,1,5.463,
7500.0,light-1,3103,1,6.131,
7500.0,light-4,3103,1,7.070,
7503.3,heavy,3102,1,1.323,
7506.7,heavy,3102,0,2.150,
7510.0,heavy,3103,0,4.116,
7513.3,heavy,3101,1,2.993,
7516.7,heavy,3102,0,1.017,
7520.0,heavy,3103,0,3.154,
7523.3,heavy,3101,1,3.317,
7526.7,heavy,3102,0,0.957,
7530.0,heavy,3103,0,3.353,
7533.3,heavy,3101,0,3.498,
7536.7,heavy,3102,1,1.188,
7540.0,heavy,3103,0,4.233,
7543.3,heavy,3101,0,3.091,
7546.7,heavy,3102,1,1.369,
7550.0,heavy,3103,0,4.813,
7553.3,heavy,3101,1,2.914,
7556.7,heavy,3102,0,1.021,
7560.0,heavy,3103,0,3.030,
7563.3,heavy,3101,0,2.978,
7566.7,heavy,3102,1,1.184,
7570.0,heavy,3103,0,3.924,
7573.3,heavy,3101,0,3.153,
7576.7,heavy,3102,1,1.159,
7580.0,heavy,3103,1,4.292,
7583.3,heavy,3101,0,2.802,
7586.7,heavy,3102,0,1.007,
7590.0,heavy,3103,0,3.128,
7593.3,heavy,3101,0,3.944,
7596.7,heavy,3102,1,1.122,
7600.0,heavy,3103,0,5.232,
7600.0,light-1,3101,1,1.124,
7600.0,light-3,3103,1,2.575,
7600.0,light-2,3102,1,5.503,
7600.0,light-4,3101,1,5.541,
7600.0,light-5,3102,1,5.889,
7603.3,heavy,3103,1,2.690,
7606.7,heavy,3101,0,3.162,
7610.0,heavy,3102,0,0.989,
7613.3,heavy,3103,1,3.422,
7616.7,heavy,3101,0,5.834,
7620.0,heavy,3102,1,1.193,
7623.3,heavy,3103,0,4.071,
7626.7,heavy,3101,0,6.233,
7630.0,heavy,3102,0,0.833,
7633.3,heavy,3103,1,2.948,
7636.7,heavy,3101,0,2.415,
7640.0,heavy,3102,1,1.565,
7643.3,heavy,3103,0,3.060,
7646.7,heavy,3101,0,2.761,
7650.0,heavy,3102,1,1.820,
7653.3,heavy,3103,0,3.732,
7656.7,heavy,3101,0,3.096,
7660.0,heavy,3102,0,2.002,
7663.3,heavy,3103,1,5.887,
7666.7,heavy,3101,0,3.317,
7670.0,heavy,3102,1,1.314,
7673.3,heavy,3103,0,6.686,
7676.7,heavy,3101,0,2.848,
7680.0,heavy,3102,0,1.026,
7683.3,heavy,3103,1,3.124,
7686.7,heavy,3101,0,3.405,
7690.0,heavy,3102,0,1.155,
7693.3,heavy,3103,1,2.592,
7696.7,heavy,3101,0,5.541,
7700.0,heavy,3102,1,1.242,
7700.0,light-1,3101,1,2.484,
7700.0,light-3,3103,1,3.033,
7700.0,light-2,3102,1,5.837,
7700.0,light-5,3102,1,7.287,
7700.0,light-4,3101,1,7.425,
7703.3,heavy,3103,0,6.056,
7706.7,heavy,3103,0,4.632,
7710.0,heavy,3101,0,3.363,
7713.3,heavy,3102,1,1.093,
7716.7,heavy,3103,0,3.978,
7720.0,heavy,3101,0,3.092,
7723.3,heavy,3102,0,0.905,
7726.7,heavy,3103,1,3.743,
7730.0,heavy,3101,0,3.290,
7733.3,heavy,3102,1,1.312,
7736.7,heavy,3103,0,2.508,
7740.0,heavy,3101,0,4.489,
7743.3,heavy,3102,1,2.166,
7746.7,heavy,3103,0,3.386,
7750.0,heavy,3101,0,5.072,
7753.3,heavy,3102,1,1.539,
7756.7,heavy,3103,0,2.899,
7760.0,heavy,3101,0,3.545,
7763.3,heavy,3102,1,1.216,
7766.7,heavy,3103,0,3.725,
7770.0,heavy,3101,0,3.157,
7773.3,heavy,3102,1,1.098,
7776.7,heavy,3103,0,3.038,
7780.0,heavy,3101,0,3.004,
7783.3,heavy,3102,1,1.407,
7786.7,heavy,3103,0,4.845,
7790.0,heavy,3101,0,3.483,
7793.3,heavy,3102,1,1.101,
7796.7,heavy,3103,0,4.587,
7800.0,heavy,3101,1,5.807,
7800.0,light-2,3103,1,1.572,
7800.0,light-4,3102,1,2.542,
7800.0,light-1,3102,1,6.276,
7800.0,light-5,3103,1,6.287,
7800.0,light-3,3101,1,6.474,
7803.3,heavy,3101,0,5.733,
7806.7,heavy,3102,0,0.898,
7810.0,heavy,3103,1,3.033,
7813.3,heavy,3101,0,3.248,
7816.7,heavy,3102,0,0.801,
7820.0,heavy,3103,0,3.437,
7823.3,heavy,3101,0,2.801,
7826.7,heavy,3102,1,1.581,
7830.0,heavy,3103,0,3.548,
7833.3,heavy,3101,1,3.359,
7836.7,heavy,3102,0,1.127,
7840.0,heavy,3103,1,3.870,
7843.3,heavy,3101,0,4.113,
7846.7,heavy,3102,0,1.060,
7850.0,heavy,3103,0,2.993,
7853.3,heavy,3101,1,4.282,
7856.7,heavy,3102,0,0.958,
7860.0,heavy,3103,0,4.134,
7863.3,heavy,3101,1,3.070,
7866.7,heavy,3102,0,1.184,
7870.0,heavy,3103,0,3.194,
7873.3,heavy,3101,0,2.636,
7876.7,heavy,3102,1,1.151,
7880.0,heavy,3103,0,4.414,
7883.3,heavy,3101,1,3.956,
7886.7,heavy,3102,1,1.308,
7890.0,heavy,3103,0,5.219,
7893.3,heavy,3101,0,3.424,
7896.7,heavy,3102,0,0.921,
7900.0,heavy,3103,0,5.890,
7900.0,light-5,3101,1,3.550,
7900.0,light-3,3102,1,5.613,
7900.0,light-2,3101,1,6.148,
7900.0,light-1,3103,1,6.369,
7900.0,light-4,3103,1,6.741,
7903.3,heavy,3101,0,5.408,
7906.7,heavy,3102,1,1.335,
7910.0,heavy,3102,0,0.925,
7913.3,heavy,3103,1,2.839,
7916.7,heavy,3101,1,3.079,
7920.0,heavy,3102,0,1.047,
7923.3,heavy,3103,0,2.910,
7926.7,heavy,3101,0,3.427,
7930.0,heavy,3102,0,0.946,
7933.3,heavy,3103,1,3.185,
7936.7,heavy,3101,0,3.528,
7940.0,heavy,3102,0,0.991,
7943.3,heavy,3103,0,3.664,
7946.7,heavy,3101,1,2.853,
7950.0,heavy,3102,1,1.625,
7953.3,heavy,3103,0,4.114,
7956.7,heavy,3101,0,2.883,
7960.0,heavy,3102,1,1.344,
7963.3,heavy,3103,0,3.522,
7966.7,heavy,3101,0,3.768,
7970.0,heavy,3102,0,1.074,
7973.3,heavy,3103,1,3.135,
7976.7,heavy,3101,0,2.892,
7980.0,heavy,3102,1,1.279,
7983.3,heavy,3103,0,3.000,
7986.7,heavy,3101,0,3.020,
7990.0,heavy,3102,0,1.272,
7993.3,heavy,3103,1,3.423,
7996.7,heavy,3101,0,4.329,
8000.0,heavy,3102,0,1.616,
8000.0,light-5,3101,1,2.590,
8000.0,light-2,3101,1,4.535,
8000.0,light-1,3103,1,5.141,
8000.0,light-3,3102,1,5.178,
8000.0,light-4,3103,1,5.486,
8003.3,heavy,3102,1,1.967,
8006.7,heavy,3103,0,3.456,
8010.0,heavy,3101,0,3.551,
8013.3,heavy,3102,1,1.114,
8016.7,heavy,3103,0,4.692,
8020.0,heavy,3101,0,3.848,
8023.3,heavy,3102,1,1.399,
8026.7,heavy,3103,0,4.721,
8030.0,heavy,3101,1,4.419,
8033.3,heavy,3102,0,0.827,
8036.7,heavy,3103,0,3.878,
8040.0,heavy,3101,0,3.336,
8043.3,heavy,3102,1,1.561,
8046.7,heavy,3103,0,3.785,
8050.0,heavy,3101,0,4.049,
8053.3,heavy,3102,1,1.201,
8056.7,heavy,3103,1,3.232,
8060.0,heavy,3101,0,4.368,
8063.3,heavy,3102,0,0.965,
8066.7,heavy,3103,0,3.935,
8070.0,heavy,3101,0,3.362,
8073.3,heavy,3102,1,1.845,
8076.7,heavy,3103,0,4.753,
8080.0,heavy,3101,0,3.697,
8083.3,heavy,3102,1,1.078,
8086.7,heavy,3103,0,2.896,
8090.0,heavy,3101,0,2.754,
8093.3,heavy,3102,1,0.832,
8096.7,heavy,3103,0,5.497,
8100.0,heavy,3101,0,4.771,
8100.0,light-1,3101,1,2.302,
8100.0,light-3,3103,1,3.020,
8100.0,light-5,3102,1,4.839,
8100.0,light-4,3101,1,5.185,
8100.0,light-2,3102,1,6.068,
8103.3,heavy,3102,1,1.499,
8106.7,heavy,3103,0,5.676,
8110.0,heavy,3103,1,4.899,
8113.3,heavy,3101,0,3.040,
8116.7,heavy,3102,0,0.825,
8120.0,heavy,3103,0,3.093,
8123.3,heavy,3101,1,2.443,
8126.7,heavy,3102,0,0.765,
8130.0,heavy,3103,0,2.407,
8133.3,heavy,3101,0,2.829,
8136.7,heavy,3102,1,1.673,
8140.0,heavy,3103,0,3.300,
8143.3,heavy,3101,1,2.536,
8146.7,heavy,3102,0,0.864,
8150.0,heavy,3103,0,3.077,
8153.3,heavy,3101,1,2.445,
8156.7,heavy,3102,1,2.611,
8160.0,heavy,3103,0,3.487,
8163.3,heavy,3101,0,3.756,
8166.7,heavy,3102,0,1.435,
8170.0,heavy,3103,0,2.903,
8173.3,heavy,3101,1,2.843,
8176.7,heavy,3102,0,1.057,
8180.0,heavy,3103,0,3.825,
8183.3,heavy,3101,1,3.034,
8186.7,heavy,3102,0,1.109,
8190.0,heavy,3103,0,2.919,
8193.3,heavy,3101,1,3.372,
8196.7,heavy,3102,0,1.018,
8200.0,heavy,3103,1,4.653,
8200.0,light-1,3101,1,1.448,
8200.0,light-3,3103,1,2.232,
8200.0,light-4,3101,1,4.480,
8200.0,light-5,3102,1,4.902,
8200.0,light-2,3102,1,5.346,
8203.3,heavy,3103,0,3.758,
8206.7,heavy,3101,0,2.406,
8210.0,heavy,3102,1,1.403,
8213.3,heavy,3103,0,3.378,
8216.7,heavy,3101,0,2.723,
8220.0,heavy,3102,0,1.026,
8223.3,heavy,3103,1,4.350,
8226.7,heavy,3101,0,3.266,
8230.0,heavy,3102,1,1.136,
8233.3,heavy,3103,0,3.336,
8236.7,heavy,3101,0,2.978,
8240.0,heavy,3102,1,1.322,
8243.3,heavy,3103,0,2.832,
8246.7,heavy,3101,0,3.347,
8250.0,heavy,3102,0,1.166,
8253.3,heavy,3103,1,3.713,
8256.7,heavy,3101,0,2.868,
8260.0,heavy,3102,1,1.589,
8263.3,heavy,3103,0,4.102,
8266.7,heavy,3101,0,2.866,
8270.0,heavy,3102,1,1.271,
8273.3,heavy,3103,0,3.650,
8276.7,heavy,3101,0,2.960,
8280.0,heavy,3102,0,1.070,
8283.3,heavy,3103,1,3.925,
8286.7,heavy,3101,0,3.072,
8290.0,heavy,3102,1,1.143,
8293.3,heavy,3103,0,3.999,
8296.7,heavy,3101,0,2.694,
8300.0,heavy,3102,0,1.359,
8300.0,light-5,3101,1,2.911,
8300.0,light-2,3101,1,5.098,
8300.0,light-1,3103,1,5.374,
8300.0,light-3,3102,1,5.398,
8300.0,light-4,3103,1,5.973,
8303.3,heavy,3102,1,1.043,
8306.7,heavy,3103,0,4.409,
8310.0,heavy,3101,0,3.481,
8313.3,heavy,3102,1,1.300,
8316.7,heavy,3103,0,12.438,
8320.0,heavy,3101,0,3.375,
8323.3,heavy,3102,1,1.368,
8326.7,heavy,3103,0,11.512,
8330.0,heavy,3101,0,3.068,
8333.3,heavy,3102,1,0.941,
8336.7,heavy,3103,0,3.100,
8340.0,heavy,3101,0,3.022,
8343.3,heavy,3102,1,1.028,
8346.7,heavy,3103,0,3.371,
8350.0,heavy,3101,0,2.972,
8353.3,heavy,3102,1,1.065,
8356.7,heavy,3103,1,3.724,
8360.0,heavy,3101,0,4.080,
8363.3,heavy,3102,0,1.028,
8366.7,heavy,3103,0,2.515,
8370.0,heavy,3101,0,3.488,
8373.3,heavy,3102,1,1.291,
8376.7,heavy,3103,0,3.804,
8380.0,heavy,3101,0,2.788,
8383.3,heavy,3102,1,1.126,
8386.7,heavy,3103,1,3.667,
8390.0,heavy,3101,0,3.801,
8393.3,heavy,3102,0,0.890,
8396.7,heavy,3103,0,3.455,
8400.0,heavy,3101,0,5.564,
8400.0,light-2,3103,1,1.132,
8400.0,light-4,3102,1,2.353,
8400.0,light-1,3102,1,4.751,
8400.0,light-5,3103,1,5.373,
8400.0,light-3,3101,1,5.641,
8403.3,heavy,3101,1,3.104,
8406.7,heavy,3102,0,0.910,
8410.0,heavy,3103,1,4.143,
8413.3,heavy,3101,0,4.395,
8416.7,heavy,3102,1,1.655,
8420.0,heavy,3103,0,4.482,
8423.3,heavy,3101,0,4.698,
8426.7,heavy,3102,0,0.838,
8430.0,heavy,3103,0,4.258,
8433.3,heavy,3101,0,3.695,
8436.7,heavy,3102,1,1.354,
8440.0,heavy,3103,0,3.452,
8443.3,heavy,3101,1,3.247,
8446.7,heavy,3102,0,0.978,
8450.0,heavy,3103,1,3.426,
8453.3,heavy,3101,0,4.220,
8456.7,heavy,3102,0,1.252,
8460.0,heavy,3103,0,3.871,
8463.3,heavy,3101,0,3.288,
8466.7,heavy,3102,1,1.233,
8470.0,heavy,3103,0,3.101,
8473.3,heavy,3101,1,3.781,
8476.7,heavy,3102,0,0.985,
8480.0,heavy,3103,1,3.157,
8483.3,heavy,3101,0,3.492,
8486.7,heavy,3102,0,1.057,
8490.0,heavy,3103,0,4.847,
8493.3,heavy,3101,0,4.389,
8496.7,heavy,3102,1,1.644,
8500.0,heavy,3103,0,4.938,
8500.0,light-1,3101,1,2.328,
8500.0,light-3,3103,1,3.020,
8500.0,light-5,3102,1,4.111,
8500.0,light-4,3101,1,4.438,
8500.0,light-2,3102,1,4.951,
8503.3,heavy,3103,1,3.861,
8506.7,heavy,3101,0,3.338,
8510.0,heavy,3102,0,0.852,
8513.3,heavy,3103,1,2.994,
8516.7,heavy,3101,0,2.519,
8520.0,heavy,3102,0,0.928,
8523.3,heavy,3103,0,3.169,
8526.7,heavy,3101,0,3.592,
8530.0,heavy,3102,1,1.142,
8533.3,heavy,3103,1,2.985,
8536.7,heavy,3101,0,2.918,
8540.0,heavy,3102,0,1.064,
8543.3,heavy,3103,0,3.926,
8546.7,heavy,3101,1,3.073,
8550.0,heavy,3102,0,1.005,
8553.3,heavy,3103,0,2.816,
8556.7,heavy,3101,0,3.142,
8560.0,heavy,3102,1,1.042,
8563.3,heavy,3103,1,2.995,
8566.7,heavy,3101,0,2.474,
8570.0,heavy,3102,0,0.936,
8573.3,heavy,3103,1,3.465,
8576.7,heavy,3101,0,3.628,
8580.0,heavy,3102,0,0.704,
8583.3,heavy,3103,1,4.167,
8586.7,heavy,3101,0,3.242,
8590.0,heavy,3102,1,1.339,
8593.3,heavy,3103,0,3.909,
8596.7,heavy,3101,0,2.910,
8600.0,heavy,3102,0,1.410,
8600.0,light-5,3101,1,2.596,
8600.0,light-2,3101,1,4.811,
8600.0,light-1,3103,1,5.485,
8600.0,light-3,3102,1,5.510,
8600.0,light-4,3103,1,5.554,
8603.3,heavy,3102,1,1.032,
8606.7,heavy,3103,0,2.751,
8610.0,heavy,3101,0,2.095,
8613.3,heavy,3102,1,0.825,
8616.7,heavy,3103,0,4.223,
8620.0,heavy,3101,0,3.164,
8623.3,heavy,3102,1,1.530,
8626.7,heavy,3103,0,3.236,
8630.0,heavy,3101,0,2.451,
8633.3,heavy,3102,1,1.441,
8636.7,heavy,3103,0,2.913,
8640.0,heavy,3101,0,3.362,
8643.3,heavy,3102,1,0.912,
8646.7,heavy,3103,0,3.693,
8650.0,heavy,3101,0,2.848,
8653.3,heavy,3102,1,1.089,
8656.7,heavy,3103,0,3.421,
8660.0,heavy,3101,0,2.974,
8663.3,heavy,3102,1,1.037,
8666.7,heavy,3103,1,3.610,
8670.0,heavy,3101,0,3.764,
8673.3,heavy,3102,0,0.914,
8676.7,heavy,3103,0,2.884,
8680.0,heavy,3101,0,3.267,
8683.3,heavy,3102,1,1.222,
8686.7,heavy,3103,0,3.372,
8690.0,heavy,3101,0,3.278,
8693.3,heavy,3102,1,0.941,
8696.7,heavy,3103,0,8.318,
8700.0,heavy,3101,0,4.982,
8700.0,light-5,3101,1,3.289,
8700.0,light-3,3102,1,6.537,
8700.0,light-2,3101,1,6.801,
8700.0,light-1,3103,1,8.717,
8700.0,light-4,3103,1,9.173,
8703.3,heavy,3102,1,1.489,
8706.7,heavy,3102,0,1.113,
8710.0,heavy,3103,1,5.042,
8713.3,heavy,3101,0,3.380,
8716.7,heavy,3102,0,1.529,
8720.0,heavy,3103,0,3.913,
8723.3,heavy,3101,1,4.176,
8726.7,heavy,3102,0,1.721,
8730.0,heavy,3103,0,3.907,
8733.3,heavy,3101,1,3.871,
8736.7,heavy,3102,0,1.827,
8740.0,heavy,3103,0,4.677,
8743.3,heavy,3101,1,3.168,
8746.7,heavy,3102,0,0.996,
8750.0,heavy,3103,0,3.874,
8753.3,heavy,3101,1,3.499,
8756.7,heavy,3102,0,1.372,
8760.0,heavy,3103,0,3.763,
8763.3,heavy,3101,1,3.663,
8766.7,heavy,3102,0,1.278,
8770.0,heavy,3103,0,4.838,
8773.3,heavy,3101,0,3.972,
8776.7,heavy,3102,1,1.597,
8780.0,heavy,3103,1,5.020,
8783.3,heavy,3101,0,3.936,
8786.7,heavy,3102,0,1.426,
8790.0,heavy,3103,0,4.506,
8793.3,heavy,3101,0,3.068,
8796.7,heavy,3102,1,1.112,
8800.0,heavy,3103,0,5.266,
8800.0,light-1,3101,1,1.365,
8800.0,light-3,3103,1,2.682,
8800.0,light-4,3101,1,5.502,
8800.0,light-2,3102,1,5.752,
8800.0,light-5,3102,1,5.751,
8803.3,heavy,3103,1,2.613,
8806.7,heavy,3101,0,2.804,
8810.0,heavy,3102,0,1.081,
8813.3,heavy,3103,1,4.154,
8816.7,heavy,3101,0,3.660,
8820.0,heavy,3102,1,1.235,
8823.3,heavy,3103,0,4.719,
8826.7,heavy,3101,0,4.484,
8830.0,heavy,3102,0,1.056,
8833.3,heavy,3103,0,3.601,
8836.7,heavy,3101,1,2.823,
8840.0,heavy,3102,1,1.068,
8843.3,heavy,3103,0,4.164,
8846.7,heavy,3101,0,2.864,
8850.0,heavy,3102,0,0.815,
8853.3,heavy,3103,0,3.345,
8856.7,heavy,3101,0,2.758,
8860.0,heavy,3102,1,0.971,
8863.3,heavy,3103,0,3.635,
8866.7,heavy,3101,1,2.764,
8870.0,heavy,3102,1,1.230,
8873.3,heavy,3103,0,4.005,
8876.7,heavy,3101,0,2.705,
8880.0,heavy,3102,0,1.019,
8883.3,heavy,3103,0,3.317,
8886.7,heavy,3101,0,3.487,
8890.0,heavy,3102,1,1.232,
8893.3,heavy,3103,1,2.411,
8896.7,heavy,3101,0,4.954,
8900.0,heavy,3102,1,1.579,
8900.0,light-1,3101,1,2.325,
8900.0,light-3,3103,1,2.483,
8900.0,light-2,3102,1,5.169,
8900.0,light-4,3101,1,5.365,
8900.0,light-5,3102,1,5.788,
8903.3,heavy,3103,0,5.089,
8906.7,heavy,3103,0,4.759,
8910.0,heavy,3101,0,2.991,
8913.3,heavy,3102,1,0.958,
8916.7,heavy,3103,0,3.576,
8920.0,heavy,3101,0,2.892,
8923.3,heavy,3102,1,1.239,
8926.7,heavy,3103,0,3.754,
8930.0,heavy,3101,0,2.696,
8933.3,heavy,3102,1,0.937,
8936.7,heavy,3103,0,3.493,
8940.0,heavy,3101,0,3.901,
8943.3,heavy,3102,1,1.362,
8946.7,heavy,3103,0,3.382,
8950.0,heavy,3101,0,2.785,
8953.3,heavy,3102,1,0.971,
8956.7,heavy,3103,0,3.424,
8960.0,heavy,3101,0,3.472,
8963.3,heavy,3102,0,0.835,
8966.7,heavy,3103,1,4.246,
8970.0,heavy,3101,0,3.315,
8973.3,heavy,3102,1,1.376,
8976.7,heavy,3103,0,3.602,
8980.0,heavy,3101,0,2.801,
8983.3,heavy,3102,1,1.001,
8986.7,heavy,3103,0,4.035,
8990.0,heavy,3101,0,3.231,
8993.3,heavy,3102,1,0.878,
8996.7,heavy,3103,0,6.455,
9000.0,heavy,3101,0,5.967,
9000.0,light-3,3103,1,3.312,
9000.0,light-1,3101,1,3.635,
9000.0,light-2,3102,1,6.140,
9000.0,light-4,3101,1,7.153,
9000.0,light-5,3102,1,7.290,
9003.3,heavy,3102,1,1.561,
9006.7,heavy,3103,0,6.503,
9010.0,heavy,3103,1,4.808,
9013.3,heavy,3101,0,3.487,
9016.7,heavy,3102,0,1.187,
9020.0,heavy,3103,0,3.215,
9023.3,heavy,3101,1,3.555,
9026.7,heavy,3102,0,1.140,
9030.0,heavy,3103,0,3.412,
9033.3,heavy,3101,1,3.366,
9036.7,heavy,3102,0,1.059,
9040.0,heavy,3103,1,4.243,
9043.3,heavy,3101,0,4.649,
9046.7,heavy,3102,1,1.436,
9050.0,heavy,3103,0,4.996,
9053.3,heavy,3101,0,4.814,
9056.7,heavy,3102,0,1.249,
9060.0,heavy,3103,0,3.550,
9063.3,heavy,3101,0,3.918,
9066.7,heavy,3102,1,1.206,
9070.0,heavy,3103,1,3.220,
9073.3,heavy,3101,0,3.265,
9076.7,heavy,3102,0,1.449,
9080.0,heavy,3103,0,3.293,
9083.3,heavy,3101,1,3.520,
9086.7,heavy,3102,0,1.157,
9090.0,heavy,3103,1,6.391,
9093.3,heavy,3101,0,6.228,
9096.7,heavy,3102,1,1.378,
9100.0,heavy,3103,0,6.593,
9100.0,light-1,3101,1,2.094,
9100.0,light-3,3103,1,2.984,
9100.0,light-2,3102,1,5.931,
9100.0,light-4,3101,1,6.509,
9100.0,light-5,3102,1,6.797,
9103.3,heavy,3103,0,5.480,
9106.7,heavy,3101,0,3.341,
9110.0,heavy,3102,0,1.055,
9113.3,heavy,3103,1,2.931,
9116.7,heavy,3101,0,2.697,
9120.0,heavy,3102,0,0.820,
9123.3,heavy,3103,0,3.743,
9126.7,heavy,3101,0,3.018,
9130.0,heavy,3102,1,1.400,
9133.3,heavy,3103,1,2.600,
9136.7,heavy,3101,0,4.725,
9140.0,heavy,3102,1,1.586,
9143.3,heavy,3103,0,3.372,
9146.7,heavy,3101,0,3.666,
9150.0,heavy,3102,0,1.026,
9153.3,heavy,3103,0,3.239,
9156.7,heavy,3101,0,3.388,
9160.0,heavy,3102,1,1.037,
9163.3,heavy,3103,1,2.376,
9166.7,heavy,3101,0,2.998,
9170.0,heavy,3102,0,1.062,
9173.3,heavy,3103,1,3.598,
9176.7,heavy,3101,0,3.913,
9180.0,heavy,3102,0,0.917,
9183.3,heavy,3103,0,3.894,
9186.7,heavy,3101,1,2.948,
9190.0,heavy,3102,1,1.154,
9193.3,heavy,3103,0,3.238,
9196.7,heavy,3101,0,3.127,
9200.0,heavy,3102,0,1.187,
9200.0,light-5,3101,1,2.059,
9200.0,light-2,3101,1,3.794,
9200.0,light-3,3102,1,3.889,
9200.0,light-1,3103,1,4.022,
9200.0,light-4,3103,1,4.550,
9203.3,heavy,3102,1,1.232,
9206.7,heavy,3103,0,2.946,
9210.0,heavy,3101,0,2.753,
9213.3,heavy,3102,1,0.847,
9216.7,heavy,3103,0,3.982,
9220.0,heavy,3101,0,3.137,
9223.3,heavy,3102,1,1.430,
9226.7,heavy,3103,0,3.030,
9230.0,heavy,3101,0,2.716,
9233.3,heavy,3102,1,1.607,
9236.7,heavy,3103,0,3.364,
9240.0,heavy,3101,0,2.441,
9243.3,heavy,3102,1,1.670,
9246.7,heavy,3103,0,3.845,
9250.0,heavy,3101,0,3.501,
9253.3,heavy,3102,1,1.303,
9256.7,heavy,3103,0,3.813,
9260.0,heavy,3101,0,3.094,
9263.3,heavy,3102,1,1.325,
9266.7,heavy,3103,0,3.577,
9270.0,heavy,3101,0,4.590,
9273.3,heavy,3102,1,1.867,
9276.7,heavy,3103,0,4.180,
9280.0,heavy,3101,0,3.162,
9283.3,heavy,3102,1,1.337,
9286.7,heavy,3103,0,4.490,
9290.0,heavy,3101,0,2.870,
9293.3,heavy,3102,1,1.597,
9296.7,heavy,3103,1,4.223,
9300.0,heavy,3101,0,6.002,
9300.0,light-2,3103,1,2.223,
9300.0,light-4,3102,1,2.686,
9300.0,light-1,3102,1,4.292,
9300.0,light-5,3103,1,5.531,
9300.0,light-3,3101,1,6.403,
9303.3,heavy,3101,0,4.874,
9306.7,heavy,3102,0,1.017,
9310.0,heavy,3103,0,3.790,
9313.3,heavy,3101,0,4.002,
9316.7,heavy,3102,1,1.233,
9320.0,heavy,3103,0,3.026,
9323.3,heavy,3101,1,3.434,
9326.7,heavy,3102,0,0.980,
9330.0,heavy,3103,1,2.673,
9333.3,heavy,3101,0,3.434,
9336.7,heavy,3102,0,0.947,
9340.0,heavy,3103,0,2.997,
9343.3,heavy,3101,0,3.199,
9346.7,heavy,3102,1,1.109,
9350.0,heavy,3103,0,2.991,
9353.3,heavy,3101,1,2.656,
9356.7,heavy,3102,1,1.280,
9360.0,heavy,3103,0,2.724,
9363.3,heavy,3101,0,2.848,
9366.7,heavy,3102,0,0.864,
9370.0,heavy,3103,0,4.386,
9373.3,heavy,3101,0,2.916,
9376.7,heavy,3102,1,1.353,
9380.0,heavy,3103,0,3.399,
9383.3,heavy,3101,1,2.912,
9386.7,heavy,3102,0,1.215,
9390.0,heavy,3103,1,3.365,
9393.3,heavy,3101,0,3.646,
9396.7,heavy,3102,0,1.376,
9400.0,heavy,3103,0,5.902,
9400.0,light-5,3101,1,3.023,
9400.0,light-3,3102,1,5.194,
9400.0,light-2,3101,1,5.536,
9400.0,light-1,3103,1,6.094,
9400.0,light-4,3103,1,7.355,
9403.3,heavy,3101,0,4.279,
9406.7,heavy,3102,1,1.466,
9410.0,heavy,3102,0,2.272,
9413.3,heavy,3103,1,4.833,
9416.7,heavy,3101,0,2.568,
9420.0,heavy,3102,0,1.095,
9423.3,heavy,3103,1,4.034,
9426.7,heavy,3101,0,2.641,
9430.0,heavy,3102,0,0.845,
9433.3,heavy,3103,0,3.429,
9436.7,heavy,3101,0,2.820,
9440.0,heavy,3102,1,1.230,
9443.3,heavy,3103,1,2.590,
9446.7,heavy,3101,0,3.051,
9450.0,heavy,3102,1,1.384,
9453.3,heavy,3103,0,3.502,
9456.7,heavy,3101,0,3.001,
9460.0,heavy,3102,0,0.780,
9463.3,heavy,3103,0,3.964,
9466.7,heavy,3101,0,3.004,
9470.0,heavy,3102,1,1.242,
9473.3,heavy,3103,1,3.187,
9476.7,heavy,3101,0,3.985,
9480.0,heavy,3102,1,1.255,
9483.3,heavy,3103,0,3.008,
9486.7,heavy,3101,0,4.252,
9490.0,heavy,3102,0,1.050,
9493.3,heavy,3103,0,6.048,
9496.7,heavy,3101,0,4.556,
9500.0,heavy,3102,1,1.415,
9500.0,light-5,3101,1,3.389,
9500.0,light-2,3101,1,5.414,
9500.0,light-3,3102,1,5.743,
9500.0,light-1,3103,1,6.044,
9500.0,light-4,3103,1,6.854,
9503.3,heavy,3102,1,2.407,
9506.7,heavy,3103,0,4.932,
9510.0,heavy,3101,0,2.578,
9513.3,heavy,3102,1,1.019,
9516.7,heavy,3103,0,3.240,
9520.0,heavy,3101,0,2.892,
9523.3,heavy,3102,1,0.914,
9526.7,heavy,3103,0,2.980,
9530.0,heavy,3101,0,2.952,
9533.3,heavy,3102,1,1.082,
9536.7,heavy,3103,0,4.089,
9540.0,heavy,3101,0,3.280,
9543.3,heavy,3102,1,1.115,
9546.7,heavy,3103,0,3.916,
9550.0,heavy,3101,0,2.456,
9553.3,heavy,3102,1,0.775,
9556.7,heavy,3103,0,2.657,
9560.0,heavy,3101,0,2.814,
9563.3,heavy,3102,1,1.122,
9566.7,heavy,3103,0,2.340,
9570.0,heavy,3101,0,3.858,
9573.3,heavy,3102,1,1.169,
9576.7,heavy,3103,0,3.322,
9580.0,heavy,3101,0,3.039,
9583.3,heavy,3102,1,0.822,
9586.7,heavy,3103,0,3.811,
9590.0,heavy,3101,0,3.030,
9593.3,heavy,3102,1,1.093,
9596.7,heavy,3103,0,3.157,
9600.0,heavy,3101,0,5.220,
9600.0,light-2,3103,1,1.225,
9600.0,light-4,3102,1,2.093,
9600.0,light-1,3102,1,4.436,
9600.0,light-5,3103,1,4.961,
9600.0,light-3,3101,1,5.194,
9603.3,heavy,3101,1,3.002,
9606.7,heavy,3102,0,0.946,
9610.0,heavy,3103,0,2.828,
9613.3,heavy,3101,1,3.372,
9616.7,heavy,3102,0,1.014,
9620.0,heavy,3103,0,3.193,
9623.3,heavy,3101,0,3.378,
9626.7,heavy,3102,1,1.172,
9630.0,heavy,3103,0,2.600,
9633.3,heavy,3101,0,3.133,
9636.7,heavy,3102,1,1.163,
9640.0,heavy,3103,0,3.274,
9643.3,heavy,3101,1,2.588,
9646.7,heavy,3102,0,0.942,
9650.0,heavy,3103,1,2.988,
9653.3,heavy,3101,0,3.293,
9656.7,heavy,3102,0,1.117,
9660.0,heavy,3103,0,2.656,
9663.3,heavy,3101,1,2.979,
9666.7,heavy,3102,0,1.337,
9670.0,heavy,3103,1,2.953,
9673.3,heavy,3101,0,3.147,
9676.7,heavy,3102,0,1.138,
9680.0,heavy,3103,0,2.838,
9683.3,heavy,3101,0,3.062,
9686.7,heavy,3102,1,1.061,
9690.0,heavy,3103,0,2.946,
9693.3,heavy,3101,1,2.248,
9696.7,heavy,3102,0,1.429,
9700.0,heavy,3103,1,4.931,
9700.0,light-1,3101,1,1.652,
9700.0,light-3,3103,1,2.251,
9700.0,light-2,3102,1,5.460,
9700.0,light-4,3101,1,5.589,
9700.0,light-5,3102,1,6.350,
9703.3,heavy,3103,0,4.656,
9706.7,heavy,3101,0,3.517,
9710.0,heavy,3102,0,1.164,
9713.3,heavy,3103,0,3.402,
9716.7,heavy,3101,1,2.675,
9720.0,heavy,3102,0,0.945,
9723.3,heavy,3103,1,3.872,
9726.7,heavy,3101,0,3.081,
9730.0,heavy,3102,1,1.230,
9733.3,heavy,3103,0,4.539,
9736.7,heavy,3101,0,2.873,
9740.0,heavy,3102,0,1.091,
9743.3,heavy,3103,0,3.506,
9746.7,heavy,3101,1,2.762,
9750.0,heavy,3102,0,0.746,
9753.3,heavy,3103,1,2.674,
9756.7,heavy,3101,0,3.143,
9760.0,heavy,3102,1,1.166,
9763.3,heavy,3103,0,3.337,
9766.7,heavy,3101,0,3.250,
9770.0,heavy,3102,0,1.000,
9773.3,heavy,3103,0,3.389,
9776.7,heavy,3101,0,3.852,
9780.0,heavy,3102,1,1.562,
9783.3,heavy,3103,1,3.043,
9786.7,heavy,3101,0,3.435,
9790.0,heavy,3102,0,1.078,
9793.3,heavy,3103,1,3.668,
9796.7,heavy,3101,0,3.588,
9800.0,heavy,3102,0,1.447,
9800.0,light-5,3101,1,2.984,
9800.0,light-2,3101,1,5.263,
9800.0,light-3,3102,1,5.471,
9800.0,light-1,3103,1,5.683,
9800.0,light-4,3103,1,6.231,
9803.3,heavy,3102,1,1.286,
9806.7,heavy,3103,0,2.611,
9810.0,heavy,3101,0,2.773,
9813.3,heavy,3102,1,0.753,
9816.7,heavy,3103,0,5.263,
9820.0,heavy,3101,0,3.146,
9823.3,heavy,3102,1,1.370,
9826.7,heavy,3103,0,5.732,
9830.0,heavy,3101,0,2.516,
9833.3,heavy,3102,1,1.622,
9836.7,heavy,3103,1,2.982,
9840.0,heavy,3101,0,3.056,
9843.3,heavy,3102,0,1.393,
9846.7,heavy,3103,0,4.410,
9850.0,heavy,3101,0,3.591,
9853.3,heavy,3102,1,1.332,
9856.7,heavy,3103,0,4.442,
9860.0,heavy,3101,0,2.523,
9863.3,heavy,3102,1,1.071,
9866.7,heavy,3103,1,3.638,
9870.0,heavy,3101,0,4.085,
9873.3,heavy,3102,0,2.050,
9876.7,heavy,3103,0,3.680,
9880.0,heavy,3101,0,2.807,
9883.3,heavy,3102,1,1.115,
9886.7,heavy,3103,0,2.967,
9890.0,heavy,3101,0,3.593,
9893.3,heavy,3102,1,1.007,
9896.7,heavy,3103,0,6.984,
9900.0,light-5,3101,1,3.026,
9900.0,light-3,3102,1,5.794,
9900.0,light-2,3101,1,6.431,
9900.0,light-1,3103,1,6.741,
9900.0,light-4,3103,1,7.329,
9900.0,heavy,3101,0,4.946,
9903.3,heavy,3102,1,1.164,
9906.7,heavy,3102,0,1.376,
9910.0,heavy,3103,0,3.251,
9913.3,heavy,3101,1,2.169,
9916.7,heavy,3102,0,1.349,
9920.0,heavy,3103,0,2.808,
9923.3,heavy,3101,1,3.449,
9926.7,heavy,3102,0,1.402,
9930.0,heavy,3103,1,3.016,
9933.3,heavy,3101,0,3.497,
9936.7,heavy,3102,0,0.985,
9940.0,heavy,3103,0,4.103,
9943.3,heavy,3101,0,3.354,
9946.7,heavy,3102,1,1.400,
9950.0,heavy,3103,1,4.817,
9953.3,heavy,3101,0,2.803,
9956.7,heavy,3102,0,1.100,
9960.0,heavy,3103,0,3.867,
9963.3,heavy,3101,1,2.889,
9966.7,heavy,3102,0,0.920,
9970.0,heavy,3103,0,2.419,
9973.3,heavy,3101,1,3.030,
9976.7,heavy,3102,0,0.874,
9980.0,heavy,3103,0,4.382,
9983.3,heavy,3101,0,4.734,
9986.7,heavy,3102,1,1.596,
9990.0,heavy,3103,1,4.704,
9993.3,heavy,3101,0,3.117,
9996.7,heavy,3102,0,1.201,
10000.0,light-2,3103,1,2.826,
10000.0,light-4,3102,1,3.197,
10000.0,light-1,3102,1,6.440,
10000.0,light-5,3103,1,6.641,
10000.0,light-3,3101,1,7.067,
10000.0,heavy,3103,1,5.529,
10003.3,heavy,3101,0,6.804,
10006.7,heavy,3101,0,7.645,
10010.0,heavy,3102,0,1.875,
10013.3,heavy,3103,0,14.634,
10016.7,heavy,3101,0,7.698,
10020.0,heavy,3102,0,6.885,ECONNRESET
10023.3,heavy,3103,0,7.954,
10026.7,heavy,3101,0,9.254,
10030.0,heavy,3102,0,3.329,ECONNREFUSED
10033.3,heavy,3103,0,4.350,
10036.7,heavy,3101,0,3.712,
10040.0,heavy,3102,0,3.166,ECONNREFUSED
10043.3,heavy,3103,0,4.261,
10046.7,heavy,3101,0,4.650,
10050.0,heavy,3102,0,2.477,ECONNREFUSED
10053.3,heavy,3103,0,4.968,
10056.7,heavy,3101,0,4.134,
10060.0,heavy,3102,0,2.987,ECONNREFUSED
10063.3,heavy,3103,0,4.784,
10066.7,heavy,3101,0,4.717,
10070.0,heavy,3102,0,2.951,ECONNREFUSED
10073.3,heavy,3103,0,5.037,
10076.7,heavy,3101,0,6.392,
10080.0,heavy,3102,0,2.561,ECONNREFUSED
10083.3,heavy,3103,0,4.605,
10086.7,heavy,3101,0,4.877,
10090.0,heavy,3102,0,2.722,ECONNREFUSED
10093.3,heavy,3103,0,4.614,
10096.7,heavy,3101,0,4.609,
10100.0,light-5,3101,1,3.782,
10100.0,light-3,3102,0,5.270,ECONNREFUSED
10100.0,light-2,3101,1,6.170,
10100.0,light-1,3103,1,6.560,
10100.0,light-4,3103,0,8.408,
10100.0,heavy,3102,0,4.825,ECONNREFUSED
10103.3,heavy,3102,0,5.867,ECONNREFUSED
10106.7,heavy,3103,0,7.123,
10110.0,heavy,3101,0,4.324,
10113.3,heavy,3102,0,2.415,ECONNREFUSED
10116.7,heavy,3103,0,4.383,
10120.0,heavy,3101,0,4.497,
10123.3,heavy,3102,0,2.723,ECONNREFUSED
10126.7,heavy,3103,0,4.262,
10130.0,heavy,3101,0,4.590,
10133.3,heavy,3102,0,2.961,ECONNREFUSED
10136.7,heavy,3103,0,4.481,
10140.0,heavy,3101,0,3.995,
10143.3,heavy,3102,0,2.677,ECONNREFUSED
10146.7,heavy,3103,0,4.184,
10150.0,heavy,3101,0,3.812,
10153.3,heavy,3102,0,2.944,ECONNREFUSED
10156.7,heavy,3103,0,4.962,
10160.0,heavy,3101,0,7.703,
10163.3,heavy,3102,0,2.352,ECONNREFUSED
10166.7,heavy,3103,0,4.990,
10170.0,heavy,3101,0,3.919,
10173.3,heavy,3102,0,2.310,ECONNREFUSED
10176.7,heavy,3103,0,4.802,
10180.0,heavy,3101,0,3.963,
10183.3,heavy,3102,0,2.077,ECONNREFUSED
10186.7,heavy,3103,0,5.706,
10190.0,heavy,3101,0,4.196,
10193.3,heavy,3102,0,2.412,ECONNREFUSED
10196.7,heavy,3103,0,6.084,
10200.0,light-2,3103,1,2.903,
10200.0,light-1,3102,0,3.393,ECONNREFUSED
10200.0,light-4,3102,0,3.184,ECONNREFUSED
10200.0,light-3,3101,1,5.662,
10200.0,light-5,3103,1,6.231,
10200.0,heavy,3101,0,7.847,
10203.3,heavy,3101,0,7.300,
10206.7,heavy,3102,0,2.358,ECONNREFUSED
10210.0,heavy,3103,0,3.624,
10213.3,heavy,3101,0,3.940,
10216.7,heavy,3102,0,2.242,ECONNREFUSED
10220.0,heavy,3103,0,8.027,
10223.3,heavy,3101,0,5.263,
10226.7,heavy,3102,0,2.057,ECONNREFUSED
10230.0,heavy,3103,0,8.254,
10233.3,heavy,3101,0,5.746,
10236.7,heavy,3102,0,3.560,ECONNREFUSED
10240.0,heavy,3103,0,4.083,
10243.3,heavy,3101,0,3.517,
10246.7,heavy,3102,0,2.649,ECONNREFUSED
10250.0,heavy,3103,0,3.747,
10253.3,heavy,3101,0,4.270,
10256.7,heavy,3102,0,2.820,ECONNREFUSED
10260.0,heavy,3103,0,4.161,
10263.3,heavy,3101,0,3.484,
10266.7,heavy,3102,0,2.006,ECONNREFUSED
10270.0,heavy,3103,0,5.836,
10273.3,heavy,3101,0,4.163,
10276.7,heavy,3102,0,2.631,ECONNREFUSED
10280.0,heavy,3103,0,5.413,
10283.3,heavy,3101,0,3.185,
10286.7,heavy,3102,0,1.888,ECONNREFUSED
10290.0,heavy,3103,0,4.116,
10293.3,heavy,3101,0,3.635,
10296.7,heavy,3102,0,4.465,ECONNREFUSED
10300.0,light-1,3101,1,2.389,
10300.0,light-3,3103,1,3.140,
10300.0,light-2,3102,0,4.030,ECONNREFUSED
10300.0,light-5,3102,0,3.740,ECONNREFUSED
10300.0,light-4,3101,0,4.049,
10300.0,heavy,3103,0,4.682,
10303.3,heavy,3103,0,3.749,
10306.7,heavy,3101,0,4.130,
10310.0,heavy,3102,0,1.870,ECONNREFUSED
10313.3,heavy,3103,0,5.671,
10316.7,heavy,3101,0,6.150,
10320.0,heavy,3102,0,2.998,ECONNREFUSED
10323.3,heavy,3103,0,7.738,
10326.7,heavy,3101,0,5.784,
10330.0,heavy,3102,0,2.318,ECONNREFUSED
10333.3,heavy,3103,0,4.328,
10336.7,heavy,3101,0,4.546,
10340.0,heavy,3102,0,2.240,ECONNREFUSED
10343.3,heavy,3103,0,4.020,
10346.7,heavy,3101,0,3.910,
10350.0,heavy,3102,0,2.359,ECONNREFUSED
10353.3,heavy,3103,0,3.755,
10356.7,heavy,3101,0,4.558,
10360.0,heavy,3102,0,2.756,ECONNREFUSED
10363.3,heavy,3103,0,3.814,
10366.7,heavy,3101,0,4.298,
10370.0,heavy,3102,0,2.479,ECONNREFUSED
10373.3,heavy,3103,0,4.630,
10376.7,heavy,3101,0,4.428,
10380.0,heavy,3102,0,2.728,ECONNREFUSED
10383.3,heavy,3103,0,4.480,
10386.7,heavy,3101,0,4.282,
10390.0,heavy,3102,0,2.437,ECONNREFUSED
10393.3,heavy,3103,0,4.467,
10396.7,heavy,3101,0,4.087,
10400.0,light-5,3101,1,3.416,
10400.0,light-3,3102,0,4.970,ECONNREFUSED
10400.0,light-2,3101,1,6.046,
10400.0,light-1,3103,1,6.317,
10400.0,light-4,3103,0,6.953,
10400.0,heavy,3102,0,4.603,ECONNREFUSED
10403.3,heavy,3102,0,5.538,ECONNREFUSED
10406.7,heavy,3103,0,4.991,
10410.0,heavy,3101,0,3.518,
10413.3,heavy,3102,0,2.090,ECONNREFUSED
10416.7,heavy,3103,0,3.890,
10420.0,heavy,3101,0,3.953,
10423.3,heavy,3102,0,2.008,ECONNREFUSED
10426.7,heavy,3103,0,4.143,
10430.0,heavy,3101,0,3.707,
10433.3,heavy,3102,0,2.424,ECONNREFUSED
10436.7,heavy,3103,0,3.713,
10440.0,heavy,3101,0,4.121,
10443.3,heavy,3102,0,1.766,ECONNREFUSED
10446.7,heavy,3103,0,3.721,
10450.0,heavy,3101,0,3.683,
10453.3,heavy,3102,0,1.859,ECONNREFUSED
10456.7,heavy,3103,0,3.679,
10460.0,heavy,3101,0,3.655,
10463.3,heavy,3102,0,1.998,ECONNREFUSED
10466.7,heavy,3103,0,3.891,
10470.0,heavy,3101,0,3.656,
10473.3,heavy,3102,0,2.325,ECONNREFUSED
10476.7,heavy,3103,0,4.025,
10480.0,heavy,3101,0,3.708,
10483.3,heavy,3102,0,2.494,ECONNREFUSED
10486.7,heavy,3103,0,4.212,
10490.0,heavy,3101,0,4.381,
10493.3,heavy,3102,0,3.350,ECONNREFUSED
10496.7,heavy,3103,0,4.321,
10500.0,light-2,3103,1,1.771,
10500.0,light-4,3102,0,2.858,ECONNREFUSED
10500.0,light-5,3103,1,4.392,
10500.0,light-1,3102,0,5.105,ECONNREFUSED
10500.0,light-3,3101,1,5.713,
10500.0,heavy,3101,0,7.875,
10503.3,heavy,3101,0,5.981,
10506.7,heavy,3102,0,1.985,ECONNREFUSED
10510.0,heavy,3103,0,3.575,
10513.3,heavy,3101,0,8.491,
10516.7,heavy,3102,0,2.522,ECONNREFUSED
10520.0,heavy,3103,0,4.738,
10523.3,heavy,3101,0,4.572,
10526.7,heavy,3102,0,2.271,ECONNREFUSED
10530.0,heavy,3103,0,5.225,
10533.3,heavy,3101,0,4.439,
10536.7,heavy,3102,0,1.966,ECONNREFUSED
10540.0,heavy,3103,0,4.547,
10543.3,heavy,3101,0,3.572,
10546.7,heavy,3102,0,1.767,ECONNREFUSED
10550.0,heavy,3103,0,4.112,
10553.3,heavy,3101,0,4.553,
10556.7,heavy,3102,0,2.465,ECONNREFUSED
10560.0,heavy,3103,0,4.062,
10563.3,heavy,3101,0,4.006,
10566.7,heavy,3102,0,2.780,ECONNREFUSED
10570.0,heavy,3103,0,4.158,
10573.3,heavy,3101,0,3.812,
10576.7,heavy,3102,0,2.813,ECONNREFUSED
10580.0,heavy,3103,0,4.689,
10583.3,heavy,3101,0,3.866,
10586.7,heavy,3102,0,2.327,ECONNREFUSED
10590.0,heavy,3103,0,3.657,
10593.3,heavy,3101,0,3.581,
10596.7,heavy,3102,0,1.980,ECONNREFUSED
10600.0,light-1,3101,1,2.424,
10600.0,light-2,3102,0,2.877,ECONNREFUSED
10600.0,light-3,3103,1,2.812,
10600.0,light-5,3102,0,3.869,ECONNREFUSED
10600.0,light-4,3101,0,4.906,
10600.0,heavy,3103,0,9.028,
10603.3,heavy,3103,0,4.893,
10606.7,heavy,3101,0,4.380,
10610.0,heavy,3102,0,2.059,ECONNREFUSED
10613.3,heavy,3103,0,3.326,
10616.7,heavy,3101,0,4.698,
10620.0,heavy,3102,0,2.922,ECONNREFUSED
10623.3,heavy,3103,0,4.502,
10626.7,heavy,3101,0,3.780,
10630.0,heavy,3102,0,2.733,ECONNREFUSED
10633.3,heavy,3103,0,3.944,
10636.7,heavy,3101,0,4.160,
10640.0,heavy,3102,0,2.886,ECONNREFUSED
10643.3,heavy,3103,0,4.044,
10646.7,heavy,3101,0,4.718,
10650.0,heavy,3102,0,2.049,ECONNREFUSED
10653.3,heavy,3103,0,4.225,
10656.7,heavy,3101,0,4.301,
10660.0,heavy,3102,0,2.710,ECONNREFUSED
10663.3,heavy,3103,0,4.200,
10666.7,heavy,3101,0,6.374,
10670.0,heavy,3102,0,3.103,ECONNREFUSED
10673.3,heavy,3103,0,4.287,
10676.7,heavy,3101,0,4.211,
10680.0,heavy,3102,0,2.102,ECONNREFUSED
10683.3,heavy,3103,0,5.081,
10686.7,heavy,3101,0,4.214,
10690.0,heavy,3102,0,2.200,ECONNREFUSED
10693.3,heavy,3103,0,5.540,
10696.7,heavy,3101,0,4.416,
10700.0,light-5,3101,1,3.698,
10700.0,light-3,3102,0,5.190,ECONNREFUSED
10700.0,light-1,3103,1,6.286,
10700.0,light-2,3101,1,6.383,
10700.0,light-4,3103,0,7.215,
10700.0,heavy,3102,0,4.824,ECONNREFUSED
10703.3,heavy,3102,0,5.766,ECONNREFUSED
10706.7,heavy,3103,0,4.466,
10710.0,heavy,3101,0,3.537,
10713.3,heavy,3102,0,1.707,ECONNREFUSED
10716.7,heavy,3103,0,5.735,
10720.0,heavy,3101,0,4.432,
10723.3,heavy,3102,0,2.594,ECONNREFUSED
10726.7,heavy,3103,0,4.771,
10730.0,heavy,3101,0,4.205,
10733.3,heavy,3102,0,2.518,ECONNREFUSED
10736.7,heavy,3103,0,4.488,
10740.0,heavy,3101,0,4.259,
10743.3,heavy,3102,0,2.654,ECONNREFUSED
10746.7,heavy,3103,0,4.331,
10750.0,heavy,3101,0,16.782,
10753.3,heavy,3102,0,2.659,ECONNREFUSED
10756.7,heavy,3103,0,3.736,
10760.0,heavy,3101,0,12.699,
10763.3,heavy,3102,0,2.665,ECONNREFUSED
10766.7,heavy,3103,0,5.123,
10770.0,heavy,3101,0,5.258,
10773.3,heavy,3102,0,1.705,ECONNREFUSED
10776.7,heavy,3103,0,4.534,
10780.0,heavy,3101,0,3.527,
10783.3,heavy,3102,0,2.497,ECONNREFUSED
10786.7,heavy,3103,0,4.522,
10790.0,heavy,3101,0,5.002,
10793.3,heavy,3102,0,2.312,ECONNREFUSED
10796.7,heavy,3103,0,3.900,
10800.0,light-2,3103,1,1.715,
10800.0,light-1,3102,0,3.409,ECONNREFUSED
10800.0,light-4,3102,0,3.382,ECONNREFUSED
10800.0,light-5,3103,1,4.585,
10800.0,light-3,3101,1,6.492,
10800.0,heavy,3101,0,8.932,
10803.3,heavy,3101,0,7.161,
10806.7,heavy,3102,0,2.305,ECONNREFUSED
10810.0,heavy,3103,0,3.474,
10813.3,heavy,3101,0,3.553,
10816.7,heavy,3102,0,1.942,ECONNREFUSED
10820.0,heavy,3103,0,4.631,
10823.3,heavy,3101,0,4.984,
10826.7,heavy,3102,0,2.714,ECONNREFUSED
10830.0,heavy,3103,0,4.397,
10833.3,heavy,3101,0,3.997,
10836.7,heavy,3102,0,3.039,ECONNREFUSED
10840.0,heavy,3103,0,4.404,
10843.3,heavy,3101,0,4.265,
10846.7,heavy,3102,0,2.571,ECONNREFUSED
10850.0,heavy,3103,0,4.728,
10853.3,heavy,3101,0,5.461,
10856.7,heavy,3102,0,2.298,ECONNREFUSED
10860.0,heavy,3103,0,4.557,
10863.3,heavy,3101,0,4.828,
10866.7,heavy,3102,0,3.162,ECONNREFUSED
10870.0,heavy,3103,0,4.628,
10873.3,heavy,3101,0,4.508,
10876.7,heavy,3102,0,2.432,ECONNREFUSED
10880.0,heavy,3103,0,4.664,
10883.3,heavy,3101,0,4.124,
10886.7,heavy,3102,0,2.909,ECONNREFUSED
10890.0,heavy,3103,0,4.856,
10893.3,heavy,3101,0,3.792,
10896.7,heavy,3102,0,5.037,ECONNREFUSED
10900.0,light-1,3101,1,3.112,
10900.0,light-3,3103,1,3.792,
10900.0,light-2,3102,0,6.546,ECONNREFUSED
10900.0,light-5,3102,0,6.639,ECONNREFUSED
10900.0,light-4,3101,0,7.617,
10900.0,heavy,3103,0,7.078,
10903.3,heavy,3103,0,4.657,
10906.7,heavy,3101,0,5.205,
10910.0,heavy,3102,0,3.385,ECONNREFUSED
10913.3,heavy,3103,0,4.283,
10916.7,heavy,3101,0,3.845,
10920.0,heavy,3102,0,2.336,ECONNREFUSED
10923.3,heavy,3103,0,4.861,
10926.7,heavy,3101,0,5.514,
10930.0,heavy,3102,0,2.190,ECONNREFUSED
10933.3,heavy,3103,0,4.225,
10936.7,heavy,3101,0,4.215,
10940.0,heavy,3102,0,2.868,ECONNREFUSED
10943.3,heavy,3103,0,4.376,
10946.7,heavy,3101,0,4.341,
10950.0,heavy,3102,0,2.762,ECONNREFUSED
10953.3,heavy,3103,0,4.232,
10956.7,heavy,3101,0,4.369,
10960.0,heavy,3102,0,3.067,ECONNREFUSED
10963.3,heavy,3103,0,4.625,
10966.7,heavy,3101,0,4.347,
10970.0,heavy,3102,0,3.070,ECONNREFUSED
10973.3,heavy,3103,0,4.378,
10976.7,heavy,3101,0,4.756,
10980.0,heavy,3102,0,2.633,ECONNREFUSED
10983.3,heavy,3103,0,4.667,
10986.7,heavy,3101,0,3.999,
10990.0,heavy,3102,0,3.005,ECONNREFUSED
10993.3,heavy,3103,0,4.149,
10996.7,heavy,3101,0,4.167,
11000.0,light-5,3101,1,3.051,
11000.0,light-3,3102,0,4.609,ECONNREFUSED
11000.0,light-2,3101,1,5.499,
11000.0,light-1,3103,1,5.733,
11000.0,light-4,3103,0,7.362,
11000.0,heavy,3102,0,4.124,ECONNREFUSED
11003.3,heavy,3102,0,5.170,ECONNREFUSED
11006.7,heavy,3103,0,4.650,
11010.0,heavy,3101,0,3.928,
11013.3,heavy,3102,0,2.397,ECONNREFUSED
11016.7,heavy,3103,0,4.805,
11020.0,heavy,3101,0,4.667,
11023.3,heavy,3102,0,2.040,ECONNREFUSED
11026.7,heavy,3103,0,6.631,
11030.0,heavy,3101,0,5.602,
11033.3,heavy,3102,0,2.580,ECONNREFUSED
11036.7,heavy,3103,0,6.092,
11040.0,heavy,3101,0,5.841,
11043.3,heavy,3102,0,2.767,ECONNREFUSED
11046.7,heavy,3103,0,5.193,
11050.0,heavy,3101,0,4.431,
11053.3,heavy,3102,0,1.963,ECONNREFUSED
11056.7,heavy,3103,0,7.159,
11060.0,heavy,3101,0,6.682,
11063.3,heavy,3102,0,2.987,ECONNREFUSED
11066.7,heavy,3103,0,7.467,
11070.0,heavy,3101,0,7.590,
11073.3,heavy,3102,0,2.385,ECONNREFUSED
11076.7,heavy,3103,0,6.612,
11080.0,heavy,3101,0,5.715,
11083.3,heavy,3102,0,2.827,ECONNREFUSED
11086.7,heavy,3103,0,5.279,
11090.0,heavy,3101,0,5.467,
11093.3,heavy,3102,0,3.244,ECONNREFUSED
11096.7,heavy,3103,0,8.343,
11100.0,light-2,3103,1,3.301,
11100.0,light-4,3102,0,4.599,ECONNREFUSED
11100.0,light-1,3102,0,5.549,ECONNREFUSED
11100.0,light-3,3101,1,6.297,
11100.0,light-5,3103,1,6.891,
11100.0,heavy,3101,0,12.013,
11103.3,heavy,3101,0,9.651,
11106.7,heavy,3102,0,3.080,ECONNREFUSED
11110.0,heavy,3103,0,5.405,
11113.3,heavy,3101,0,5.318,
11116.7,heavy,3102,0,3.183,ECONNREFUSED
11120.0,heavy,3103,0,4.932,
11123.3,heavy,3101,0,4.058,
11126.7,heavy,3102,0,2.254,ECONNREFUSED
11130.0,heavy,3103,0,4.928,
11133.3,heavy,3101,0,5.367,
11136.7,heavy,3102,0,3.676,ECONNREFUSED
11140.0,heavy,3103,0,5.149,
11143.3,heavy,3101,0,5.284,
11146.7,heavy,3102,0,3.846,ECONNREFUSED
11150.0,heavy,3103,0,5.333,
11153.3,heavy,3101,0,5.090,
11156.7,heavy,3102,0,3.195,ECONNREFUSED
11160.0,heavy,3103,0,4.604,
11163.3,heavy,3101,0,6.319,
11166.7,heavy,3102,0,2.993,ECONNREFUSED
11170.0,heavy,3103,0,5.245,
11173.3,heavy,3101,0,9.740,
11176.7,heavy,3102,0,3.157,ECONNREFUSED
11180.0,heavy,3103,0,4.100,
11183.3,heavy,3101,1,3.549,
11186.7,heavy,3102,0,2.656,ECONNREFUSED
11190.0,heavy,3103,0,3.899,
11193.3,heavy,3101,1,3.304,
11196.7,heavy,3102,0,4.645,ECONNREFUSED
11200.0,light-1,3101,1,2.765,
11200.0,light-3,3103,1,4.559,
11200.0,light-4,3101,1,4.741,
11200.0,light-5,3102,0,4.925,ECONNREFUSED
11200.0,light-2,3102,0,5.478,ECONNREFUSED
11200.0,heavy,3103,0,6.503,
11203.3,heavy,3103,0,5.282,
11206.7,heavy,3101,1,3.934,
11210.0,heavy,3102,0,2.059,ECONNREFUSED
11213.3,heavy,3103,0,5.324,
11216.7,heavy,3101,1,3.024,
11220.0,heavy,3102,0,2.415,ECONNREFUSED
11223.3,heavy,3103,0,4.856,
11226.7,heavy,3101,1,3.477,
11230.0,heavy,3102,0,2.456,ECONNREFUSED
11233.3,heavy,3103,0,3.895,
11236.7,heavy,3101,1,2.753,
11240.0,heavy,3102,0,2.105,ECONNREFUSED
11243.3,heavy,3103,0,5.845,
11246.7,heavy,3101,1,3.836,
11250.0,heavy,3102,0,2.251,ECONNREFUSED
11253.3,heavy,3103,0,5.562,
11256.7,heavy,3101,1,3.852,
11260.0,heavy,3102,0,1.951,ECONNREFUSED
11263.3,heavy,3103,0,4.789,
11266.7,heavy,3101,1,3.463,
11270.0,heavy,3102,0,3.155,ECONNREFUSED
11273.3,heavy,3103,0,4.664,
11276.7,heavy,3101,1,3.291,
11280.0,heavy,3102,0,2.776,ECONNREFUSED
11283.3,heavy,3103,0,3.898,
11286.7,heavy,3101,1,2.690,
11290.0,heavy,3102,0,2.405,ECONNREFUSED
11293.3,heavy,3103,0,10.581,
11296.7,heavy,3101,1,5.836,
11300.0,light-3,3102,0,2.774,ECONNREFUSED
11300.0,light-5,3101,1,3.447,
11300.0,light-1,3103,1,5.664,
11300.0,light-2,3101,1,9.016,
11300.0,light-4,3103,0,10.550,
11300.0,heavy,3102,0,2.996,ECONNREFUSED
11303.3,heavy,3102,0,1.814,ECONNREFUSED
11306.7,heavy,3103,0,5.654,
11310.0,heavy,3101,1,3.606,
11313.3,heavy,3102,0,2.793,ECONNREFUSED
11316.7,heavy,3103,0,4.497,
11320.0,heavy,3101,1,3.268,
11323.3,heavy,3102,0,3.196,ECONNREFUSED
11326.7,heavy,3103,0,4.932,
11330.0,heavy,3101,1,3.792,
11333.3,heavy,3102,0,2.308,ECONNREFUSED
11336.7,heavy,3103,0,6.652,
11340.0,heavy,3101,1,3.188,
11343.3,heavy,3102,0,2.173,ECONNREFUSED
11346.7,heavy,3103,1,1.047,
11350.0,heavy,3101,1,4.828,
11353.3,heavy,3102,0,3.204,ECONNREFUSED
11356.7,heavy,3103,1,1.665,
11360.0,heavy,3101,1,4.647,
11363.3,heavy,3102,0,3.930,ECONNREFUSED
11366.7,heavy,3103,1,1.362,
11370.0,heavy,3101,1,3.769,
11373.3,heavy,3102,0,3.000,ECONNREFUSED
11376.7,heavy,3103,1,1.396,
11380.0,heavy,3101,1,2.770,
11383.3,heavy,3102,0,1.951,ECONNREFUSED
11386.7,heavy,3103,1,1.979,
11390.0,heavy,3101,1,2.915,
11393.3,heavy,3102,0,2.255,ECONNREFUSED
11396.7,heavy,3103,1,1.001,
11400.0,light-3,3103,1,3.432,
11400.0,light-1,3101,1,4.357,
11400.0,light-4,3101,1,6.141,
11400.0,light-2,3102,0,6.549,ECONNREFUSED
11400.0,light-5,3102,0,7.229,ECONNREFUSED
11400.0,heavy,3101,1,6.346,
11403.3,heavy,3102,0,6.510,ECONNREFUSED
11406.7,heavy,3103,1,3.036,
11410.0,heavy,3103,1,3.011,
11413.3,heavy,3101,1,3.415,
11416.7,heavy,3102,0,2.225,ECONNREFUSED
11420.0,heavy,3103,1,1.399,
11423.3,heavy,3101,1,3.317,
11426.7,heavy,3102,0,2.473,ECONNREFUSED
11430.0,heavy,3103,1,1.965,
11433.3,heavy,3101,1,3.526,
11436.7,heavy,3102,0,2.706,ECONNREFUSED
11440.0,heavy,3103,1,1.970,
11443.3,heavy,3101,1,3.131,
11446.7,heavy,3102,0,2.252,ECONNREFUSED
11450.0,heavy,3103,1,1.327,
11453.3,heavy,3101,1,3.839,
11456.7,heavy,3102,0,3.112,ECONNREFUSED
11460.0,heavy,3103,1,1.389,
11463.3,heavy,3101,1,3.233,
11466.7,heavy,3102,0,3.360,ECONNREFUSED
11470.0,heavy,3103,1,1.680,
11473.3,heavy,3101,1,3.311,
11476.7,heavy,3102,0,2.407,ECONNREFUSED
11480.0,heavy,3103,1,2.130,
11483.3,heavy,3101,1,3.892,
11486.7,heavy,3102,0,2.865,ECONNREFUSED
11490.0,heavy,3103,1,1.239,
11493.3,heavy,3101,1,6.235,
11496.7,heavy,3102,0,5.588,ECONNREFUSED
11500.0,light-3,3103,1,2.831,
11500.0,light-1,3101,1,4.152,
11500.0,light-2,3102,0,5.398,ECONNREFUSED
11500.0,light-5,3102,0,5.580,ECONNREFUSED
11500.0,light-4,3101,1,6.050,
11500.0,heavy,3103,1,2.920,
11503.3,heavy,3103,1,2.685,
11506.7,heavy,3101,1,3.314,
11510.0,heavy,3102,0,2.472,ECONNREFUSED
11513.3,heavy,3103,1,1.107,
11516.7,heavy,3101,1,3.642,
11520.0,heavy,3102,0,1.984,ECONNREFUSED
11523.3,heavy,3103,1,2.095,
11526.7,heavy,3101,1,3.391,
11530.0,heavy,3102,0,2.844,ECONNREFUSED
11533.3,heavy,3103,1,1.322,
11536.7,heavy,3101,1,3.965,
11540.0,heavy,3102,0,2.769,ECONNREFUSED
11543.3,heavy,3103,1,1.295,
11546.7,heavy,3101,1,4.525,
11550.0,heavy,3102,0,2.331,ECONNREFUSED
11553.3,heavy,3103,1,1.705,
11556.7,heavy,3101,1,3.577,
11560.0,heavy,3102,0,3.789,ECONNREFUSED
11563.3,heavy,3103,1,1.966,
11566.7,heavy,3101,1,2.976,
11570.0,heavy,3102,0,3.288,ECONNREFUSED
11573.3,heavy,3103,1,1.442,
11576.7,heavy,3101,1,3.286,
11580.0,heavy,3102,0,2.178,ECONNREFUSED
11583.3,heavy,3103,1,1.006,
11586.7,heavy,3101,1,3.411,
11590.0,heavy,3102,0,2.466,ECONNREFUSED
11593.3,heavy,3103,1,1.400,
11596.7,heavy,3101,1,2.870,
11600.0,light-5,3101,1,2.944,
11600.0,light-4,3103,1,3.237,
11600.0,light-3,3102,0,3.632,ECONNREFUSED
11600.0,light-2,3101,1,4.667,
11600.0,light-1,3103,1,4.858,
11600.0,heavy,3102,0,3.258,ECONNREFUSED
11603.3,heavy,3102,0,1.663,ECONNREFUSED
11606.7,heavy,3103,1,1.097,
11610.0,heavy,3101,1,4.874,
11613.3,heavy,3102,0,3.944,ECONNREFUSED
11616.7,heavy,3103,1,1.960,
11620.0,heavy,3101,1,4.879,
11623.3,heavy,3102,0,3.925,ECONNREFUSED
11626.7,heavy,3103,1,1.945,
11630.0,heavy,3101,1,4.547,
11633.3,heavy,3102,0,2.686,ECONNREFUSED
11636.7,heavy,3103,1,1.386,
11640.0,heavy,3101,1,4.935,
11643.3,heavy,3102,0,2.103,ECONNREFUSED
11646.7,heavy,3103,1,2.181,
11650.0,heavy,3101,1,3.452,
11653.3,heavy,3102,0,2.983,ECONNREFUSED
11656.7,heavy,3103,1,1.340,
11660.0,heavy,3101,1,4.007,
11663.3,heavy,3102,0,2.827,ECONNREFUSED
11666.7,heavy,3103,1,1.390,
11670.0,heavy,3101,1,4.508,
11673.3,heavy,3102,0,2.783,ECONNREFUSED
11676.7,heavy,3103,1,0.966,
11680.0,heavy,3101,1,5.161,
11683.3,heavy,3102,0,2.707,ECONNREFUSED
11686.7,heavy,3103,1,1.599,
11690.0,heavy,3101,1,3.977,
11693.3,heavy,3102,0,2.946,ECONNREFUSED
11696.7,heavy,3103,1,1.543,
11700.0,light-2,3103,1,2.230,
11700.0,light-1,3102,0,3.840,ECONNREFUSED
11700.0,light-4,3102,0,3.742,ECONNREFUSED
11700.0,light-5,3103,1,5.933,
11700.0,light-3,3101,1,7.172,
11700.0,heavy,3101,1,6.718,
11703.3,heavy,3101,1,8.006,
11706.7,heavy,3102,0,3.426,ECONNREFUSED
11710.0,heavy,3103,1,1.545,
11713.3,heavy,3101,1,3.908,
11716.7,heavy,3102,0,3.156,ECONNREFUSED
11720.0,heavy,3103,1,1.160,
11723.3,heavy,3101,1,3.974,
11726.7,heavy,3102,0,2.721,ECONNREFUSED
11730.0,heavy,3103,1,1.493,
11733.3,heavy,3101,1,4.679,
11736.7,heavy,3102,0,1.942,ECONNREFUSED
11740.0,heavy,3103,1,1.991,
11743.3,heavy,3101,1,3.442,
11746.7,heavy,3102,0,2.617,ECONNREFUSED
11750.0,heavy,3103,1,1.731,
11753.3,heavy,3101,1,3.999,
11756.7,heavy,3102,0,2.931,ECONNREFUSED
11760.0,heavy,3103,1,1.623,
11763.3,heavy,3101,1,4.054,
11766.7,heavy,3102,0,2.773,ECONNREFUSED
11770.0,heavy,3103,1,1.924,
11773.3,heavy,3101,1,3.485,
11776.7,heavy,3102,0,2.782,ECONNREFUSED
11780.0,heavy,3103,1,2.120,
11783.3,heavy,3101,1,2.610,
11786.7,heavy,3102,0,3.697,ECONNREFUSED
11790.0,heavy,3103,1,1.703,
11793.3,heavy,3101,1,5.061,
11796.7,heavy,3102,0,6.266,ECONNREFUSED
11800.0,light-1,3101,1,2.738,
11800.0,light-3,3103,1,3.037,
11800.0,light-4,3101,1,4.621,
11800.0,light-2,3102,0,5.197,ECONNREFUSED
11800.0,light-5,3102,0,5.124,ECONNREFUSED
11800.0,heavy,3103,1,3.083,
11803.3,heavy,3103,1,1.628,
11806.7,heavy,3101,1,3.486,
11810.0,heavy,3102,0,2.116,ECONNREFUSED
11813.3,heavy,3103,1,1.029,
11816.7,heavy,3101,1,4.978,
11820.0,heavy,3102,0,3.399,ECONNREFUSED
11823.3,heavy,3103,1,1.726,
11826.7,heavy,3101,1,5.318,
11830.0,heavy,3102,0,3.300,ECONNREFUSED
11833.3,heavy,3103,1,1.372,
11836.7,heavy,3101,1,3.606,
11840.0,heavy,3102,0,2.693,ECONNREFUSED
11843.3,heavy,3103,1,1.213,
11846.7,heavy,3101,1,4.306,
11850.0,heavy,3102,0,3.031,ECONNREFUSED
11853.3,heavy,3103,1,1.396,
11856.7,heavy,3101,1,4.600,
11860.0,heavy,3102,0,2.284,ECONNREFUSED
11863.3,heavy,3103,1,1.856,
11866.7,heavy,3101,1,2.578,
11870.0,heavy,3102,0,2.216,ECONNREFUSED
11873.3,heavy,3103,1,1.763,
11876.7,heavy,3101,1,5.837,
11880.0,heavy,3102,0,4.244,ECONNREFUSED
11883.3,heavy,3103,1,2.432,
11886.7,heavy,3101,1,5.783,
11890.0,heavy,3102,0,4.358,ECONNREFUSED
11893.3,heavy,3103,1,1.458,
11896.7,heavy,3101,1,7.735,
11900.0,light-3,3103,1,4.028,
11900.0,light-1,3101,1,5.149,
11900.0,light-2,3102,0,7.240,ECONNREFUSED
11900.0,light-5,3102,0,7.154,ECONNREFUSED
11900.0,light-4,3101,1,7.388,
11900.0,heavy,3102,0,7.224,ECONNREFUSED
11903.3,heavy,3103,1,3.430,
11906.7,heavy,3103,1,3.983,
11910.0,heavy,3101,1,3.274,
11913.3,heavy,3102,0,2.272,ECONNREFUSED
11916.7,heavy,3103,1,1.367,
11920.0,heavy,3101,1,4.215,
11923.3,heavy,3102,0,2.463,ECONNREFUSED
11926.7,heavy,3103,1,1.187,
11930.0,heavy,3101,1,4.039,
11933.3,heavy,3102,0,2.602,ECONNREFUSED
11936.7,heavy,3103,1,1.300,
11940.0,heavy,3101,1,4.628,
11943.3,heavy,3102,0,3.188,ECONNREFUSED
11946.7,heavy,3103,1,1.479,
11950.0,heavy,3101,1,4.855,
11953.3,heavy,3102,0,2.921,ECONNREFUSED
11956.7,heavy,3103,1,1.268,
11960.0,heavy,3101,1,4.364,
11963.3,heavy,3102,0,4.356,ECONNREFUSED
11966.7,heavy,3103,1,1.716,
11970.0,heavy,3101,1,2.938,
11973.3,heavy,3102,0,3.544,ECONNREFUSED
11976.7,heavy,3103,1,1.948,
11980.0,heavy,3101,1,3.291,
11983.3,heavy,3102,0,2.603,ECONNREFUSED
11986.7,heavy,3103,1,2.090,
11990.0,heavy,3101,1,4.612,
11993.3,heavy,3102,0,4.117,ECONNREFUSED
11996.7,heavy,3103,1,2.221,
12000.0,light-2,3103,1,3.730,
12000.0,light-1,3102,0,5.707,ECONNREFUSED
12000.0,light-5,3103,1,5.660,
12000.0,light-4,3102,0,6.016,ECONNREFUSED
12000.0,light-3,3101,1,7.131,
12000.0,heavy,3101,1,6.185,
12003.3,heavy,3101,1,5.085,
12006.7,heavy,3102,0,2.218,ECONNREFUSED
12010.0,heavy,3103,1,1.436,
12013.3,heavy,3101,1,3.215,
12016.7,heavy,3102,0,2.525,ECONNREFUSED
12020.0,heavy,3103,1,2.434,
12023.3,heavy,3101,1,3.926,
12026.7,heavy,3102,0,3.359,ECONNREFUSED
12030.0,heavy,3103,1,1.587,
12033.3,heavy,3101,1,4.235,
12036.7,heavy,3102,0,3.162,ECONNREFUSED
12040.0,heavy,3103,1,1.834,
12043.3,heavy,3101,1,4.403,
12046.7,heavy,3102,0,3.032,ECONNREFUSED
12050.0,heavy,3103,1,1.138,
12053.3,heavy,3101,1,3.918,
12056.7,heavy,3102,0,2.929,ECONNREFUSED
12060.0,heavy,3103,1,1.822,
12063.3,heavy,3101,1,4.855,
12066.7,heavy,3102,0,4.310,ECONNREFUSED
12070.0,heavy,3103,1,1.407,
12073.3,heavy,3101,1,5.651,
12076.7,heavy,3102,0,4.571,ECONNREFUSED
12080.0,heavy,3103,1,1.330,
12083.3,heavy,3101,1,3.921,
12086.7,heavy,3102,0,4.645,ECONNREFUSED
12090.0,heavy,3103,1,1.198,
12093.3,heavy,3101,1,3.000,
12096.7,heavy,3102,0,5.953,ECONNREFUSED
12100.0,light-2,3103,1,3.575,
12100.0,light-5,3103,1,5.287,
12100.0,light-1,3102,0,5.856,ECONNREFUSED
12100.0,light-4,3102,0,5.792,ECONNREFUSED
12100.0,light-3,3101,1,7.318,
12100.0,heavy,3103,1,2.929,
12103.3,heavy,3101,1,6.265,
12106.7,heavy,3101,1,5.422,
12110.0,heavy,3102,0,4.469,ECONNREFUSED
12113.3,heavy,3103,1,1.182,
12116.7,heavy,3101,1,3.839,
12120.0,heavy,3102,0,3.206,ECONNREFUSED
12123.3,heavy,3103,1,1.256,
12126.7,heavy,3101,1,3.936,
12130.0,heavy,3102,0,2.892,ECONNREFUSED
12133.3,heavy,3103,1,1.345,
12136.7,heavy,3101,1,3.947,
12140.0,heavy,3102,0,2.311,ECONNREFUSED
12143.3,heavy,3103,1,2.252,
12146.7,heavy,3101,1,3.932,
12150.0,heavy,3102,0,3.020,ECONNREFUSED
12153.3,heavy,3103,1,1.831,
12156.7,heavy,3101,1,2.720,
12160.0,heavy,3102,0,3.447,ECONNREFUSED
12163.3,heavy,3103,1,1.751,
12166.7,heavy,3101,1,3.341,
12170.0,heavy,3102,0,3.340,ECONNREFUSED
12173.3,heavy,3103,1,0.899,
12176.7,heavy,3101,1,3.398,
12180.0,heavy,3102,0,2.707,ECONNREFUSED
12183.3,heavy,3103,1,1.297,
12186.7,heavy,3101,1,3.289,
12190.0,heavy,3102,0,2.395,ECONNREFUSED
12193.3,heavy,3103,1,3.266,
12196.7,heavy,3101,1,7.564,
12200.0,light-3,3102,0,3.954,ECONNREFUSED
12200.0,light-4,3103,1,3.951,
12200.0,light-5,3101,1,4.713,
12200.0,light-1,3103,1,7.416,
12200.0,light-2,3101,1,7.489,
12200.0,heavy,3102,0,4.725,ECONNREFUSED
12203.3,heavy,3102,0,3.211,ECONNREFUSED
12206.7,heavy,3103,1,1.001,
12210.0,heavy,3101,1,4.336,
12213.3,heavy,3102,0,3.250,ECONNREFUSED
12216.7,heavy,3103,1,1.510,
12220.0,heavy,3101,1,2.372,
12223.3,heavy,3102,0,2.747,ECONNREFUSED
12226.7,heavy,3103,1,1.279,
12230.0,heavy,3101,1,2.648,
12233.3,heavy,3102,0,1.831,ECONNREFUSED
12236.7,heavy,3103,1,2.876,
12240.0,heavy,3101,1,3.953,
12243.3,heavy,3102,0,4.148,ECONNREFUSED
12246.7,heavy,3103,1,2.423,
12250.0,heavy,3101,1,2.707,
12253.3,heavy,3102,0,2.363,ECONNREFUSED
12256.7,heavy,3103,1,1.431,
12260.0,heavy,3101,1,2.859,
12263.3,heavy,3102,0,2.059,ECONNREFUSED
12266.7,heavy,3103,1,1.086,
12270.0,heavy,3101,1,3.228,
12273.3,heavy,3102,0,2.633,ECONNREFUSED
12276.7,heavy,3103,1,1.351,
12280.0,heavy,3101,1,2.750,
12283.3,heavy,3102,0,3.541,ECONNREFUSED
12286.7,heavy,3103,1,1.891,
12290.0,heavy,3101,1,3.539,
12293.3,heavy,3102,0,3.707,ECONNREFUSED
12296.7,heavy,3103,1,1.002,
12300.0,light-3,3103,1,4.170,
12300.0,light-1,3101,1,4.513,
12300.0,light-4,3101,1,6.960,
12300.0,light-2,3102,0,7.700,ECONNREFUSED
12300.0,light-5,3102,0,7.577,ECONNREFUSED
12300.0,heavy,3101,1,6.675,
12303.3,heavy,3102,0,7.986,ECONNREFUSED
12306.7,heavy,3103,1,4.257,
12310.0,heavy,3103,1,2.781,
12313.3,heavy,3101,1,8.449,
12316.7,heavy,3102,0,2.931,ECONNREFUSED
12320.0,heavy,3103,0,1.180,
12323.3,heavy,3101,1,3.532,
12326.7,heavy,3102,0,2.471,ECONNREFUSED
12330.0,heavy,3103,0,1.299,
12333.3,heavy,3101,1,3.959,
12336.7,heavy,3102,0,3.208,ECONNREFUSED
12340.0,heavy,3103,0,1.242,
12343.3,heavy,3101,0,3.130,
12346.7,heavy,3102,0,2.557,ECONNREFUSED
12350.0,heavy,3103,1,1.767,
12353.3,heavy,3101,1,3.714,
12356.7,heavy,3102,0,3.431,ECONNREFUSED
12360.0,heavy,3103,0,1.370,
12363.3,heavy,3101,0,3.455,
12366.7,heavy,3102,0,2.558,ECONNREFUSED
12370.0,heavy,3103,1,1.374,
12373.3,heavy,3101,0,3.169,
12376.7,heavy,3102,0,2.346,ECONNREFUSED
12380.0,heavy,3103,1,1.334,
12383.3,heavy,3101,1,3.422,
12386.7,heavy,3102,0,2.578,ECONNREFUSED
12390.0,heavy,3103,1,3.235,
12393.3,heavy,3101,0,6.146,
12396.7,heavy,3102,0,5.900,ECONNREFUSED
12400.0,light-3,3103,1,3.333,
12400.0,light-1,3101,1,5.181,
12400.0,light-2,3102,0,5.801,ECONNREFUSED
12400.0,light-5,3102,0,5.695,ECONNREFUSED
12400.0,light-4,3101,1,5.939,
12400.0,heavy,3103,0,2.664,
12403.3,heavy,3103,1,2.756,
12406.7,heavy,3101,0,3.280,
12410.0,heavy,3102,0,2.269,ECONNREFUSED
12413.3,heavy,3103,1,1.372,
12416.7,heavy,3101,0,3.229,
12420.0,heavy,3102,0,2.396,ECONNREFUSED
12423.3,heavy,3103,1,1.389,
12426.7,heavy,3101,0,3.385,
12430.0,heavy,3102,0,2.808,ECONNREFUSED
12433.3,heavy,3103,0,1.272,
12436.7,heavy,3101,1,4.140,
12440.0,heavy,3102,0,2.867,ECONNREFUSED
12443.3,heavy,3103,1,1.608,
12446.7,heavy,3101,0,4.297,
12450.0,heavy,3102,0,2.014,ECONNREFUSED
12453.3,heavy,3103,0,1.100,
12456.7,heavy,3101,0,3.324,
12460.0,heavy,3102,0,2.516,ECONNREFUSED
12463.3,heavy,3103,1,1.174,
12466.7,heavy,3101,1,4.457,
12470.0,heavy,3102,0,3.151,ECONNREFUSED
12473.3,heavy,3103,1,1.745,
12476.7,heavy,3101,0,4.743,
12480.0,heavy,3102,0,3.012,ECONNREFUSED
12483.3,heavy,3103,0,0.939,
12486.7,heavy,3101,1,2.799,
12490.0,heavy,3102,0,2.002,ECONNREFUSED
12493.3,heavy,3103,1,1.166,
12496.7,heavy,3101,0,2.522,
12500.0,light-2,3103,1,3.240,
12500.0,light-5,3103,1,5.063,
12500.0,light-1,3102,0,5.813,ECONNREFUSED
12500.0,light-4,3102,0,5.773,ECONNREFUSED
12500.0,light-3,3101,1,7.064,
12500.0,heavy,3102,0,5.611,ECONNREFUSED
12503.3,heavy,3103,1,2.830,
12506.7,heavy,3101,0,6.281,
12510.0,heavy,3101,0,5.222,
12513.3,heavy,3102,0,4.461,ECONNREFUSED
12516.7,heavy,3103,1,1.108,
12520.0,heavy,3101,1,4.199,
12523.3,heavy,3102,0,3.296,ECONNREFUSED
12526.7,heavy,3103,0,2.001,
12530.0,heavy,3101,0,4.008,
12533.3,heavy,3102,0,2.841,ECONNREFUSED
12536.7,heavy,3103,1,1.650,
12540.0,heavy,3101,0,2.955,
12543.3,heavy,3102,0,1.931,ECONNREFUSED
12546.7,heavy,3103,1,2.155,
12550.0,heavy,3101,1,3.946,
12553.3,heavy,3102,0,3.583,ECONNREFUSED
12556.7,heavy,3103,0,1.872,
12560.0,heavy,3101,0,3.470,
12563.3,heavy,3102,0,2.176,ECONNREFUSED
12566.7,heavy,3103,1,1.069,
12570.0,heavy,3101,0,3.862,
12573.3,heavy,3102,0,1.840,ECONNREFUSED
12576.7,heavy,3103,1,2.103,
12580.0,heavy,3101,1,3.249,
12583.3,heavy,3102,0,2.699,ECONNREFUSED
12586.7,heavy,3103,0,1.764,
12590.0,heavy,3101,0,7.672,
12593.3,heavy,3102,0,5.655,ECONNREFUSED
12596.7,heavy,3103,1,2.902,
12600.0,light-2,3103,1,3.564,
12600.0,light-1,3102,0,5.499,ECONNREFUSED
12600.0,light-4,3102,0,5.900,ECONNREFUSED
12600.0,light-5,3103,1,6.795,
12600.0,light-3,3101,1,8.461,
12600.0,heavy,3101,0,7.959,
12603.3,heavy,3101,0,8.647,
12606.7,heavy,3102,0,4.927,ECONNREFUSED
12610.0,heavy,3103,1,1.446,
12613.3,heavy,3101,0,3.315,
12616.7,heavy,3102,0,2.282,ECONNREFUSED
12620.0,heavy,3103,1,2.199,
12623.3,heavy,3101,0,3.318,
12626.7,heavy,3102,0,2.870,ECONNREFUSED
12630.0,heavy,3103,1,1.825,
12633.3,heavy,3101,0,2.757,
12636.7,heavy,3102,0,2.013,ECONNREFUSED
12640.0,heavy,3103,1,2.297,
12643.3,heavy,3101,1,3.500,
12646.7,heavy,3102,0,3.291,ECONNREFUSED
12650.0,heavy,3103,0,1.589,
12653.3,heavy,3101,1,4.676,
12656.7,heavy,3102,0,2.036,ECONNREFUSED
12660.0,heavy,3103,1,1.165,
12663.3,heavy,3101,0,4.947,
12666.7,heavy,3102,0,3.382,ECONNREFUSED
12670.0,heavy,3103,1,1.760,
12673.3,heavy,3101,0,3.342,
12676.7,heavy,3102,0,2.886,ECONNREFUSED
12680.0,heavy,3103,0,1.378,
12683.3,heavy,3101,1,4.543,
12686.7,heavy,3102,0,2.969,ECONNREFUSED
12690.0,heavy,3103,1,1.428,
12693.3,heavy,3101,0,5.960,
12696.7,heavy,3102,0,4.261,ECONNREFUSED
12700.0,light-1,3101,1,2.882,
12700.0,light-3,3103,1,2.742,
12700.0,light-4,3101,1,4.781,
12700.0,light-2,3102,0,5.346,ECONNREFUSED
12700.0,light-5,3102,0,6.948,ECONNREFUSED
12700.0,heavy,3103,0,2.902,
12703.3,heavy,3103,0,3.093,
12706.7,heavy,3101,1,2.949,
12710.0,heavy,3102,0,2.219,ECONNREFUSED
12713.3,heavy,3103,1,1.890,
12716.7,heavy,3101,0,3.416,
12720.0,heavy,3102,0,2.808,ECONNREFUSED
12723.3,heavy,3103,1,2.230,
12726.7,heavy,3101,0,3.973,
12730.0,heavy,3102,0,2.471,ECONNREFUSED
12733.3,heavy,3103,1,2.057,
12736.7,heavy,3101,0,3.142,
12740.0,heavy,3102,0,2.735,ECONNREFUSED
12743.3,heavy,3103,0,1.216,
12746.7,heavy,3101,1,4.346,
12750.0,heavy,3102,0,2.669,ECONNREFUSED
12753.3,heavy,3103,1,1.230,
12756.7,heavy,3101,0,4.571,
12760.0,heavy,3102,0,2.415,ECONNREFUSED
12763.3,heavy,3103,1,1.833,
12766.7,heavy,3101,0,3.160,
12770.0,heavy,3102,0,2.572,ECONNREFUSED
12773.3,heavy,3103,0,1.490,
12776.7,heavy,3101,1,4.419,
12780.0,heavy,3102,0,3.645,ECONNREFUSED
12783.3,heavy,3103,1,2.001,
12786.7,heavy,3101,0,5.151,
12790.0,heavy,3102,0,4.189,ECONNREFUSED
12793.3,heavy,3103,0,1.418,
12796.7,heavy,3101,1,7.155,
12800.0,light-3,3103,1,2.931,
12800.0,light-1,3101,1,4.637,
12800.0,light-2,3102,0,5.361,ECONNREFUSED
12800.0,light-4,3101,1,6.637,
12800.0,light-5,3102,0,6.915,ECONNREFUSED
12800.0,heavy,3102,0,5.592,ECONNREFUSED
12803.3,heavy,3103,1,2.528,
12806.7,heavy,3103,0,2.846,
12810.0,heavy,3101,0,2.478,
12813.3,heavy,3102,0,2.870,ECONNREFUSED
12816.7,heavy,3103,1,0.911,
12820.0,heavy,3101,0,2.725,
12823.3,heavy,3102,0,2.040,ECONNREFUSED
12826.7,heavy,3103,1,1.423,
12830.0,heavy,3101,0,3.014,
12833.3,heavy,3102,0,2.456,ECONNREFUSED
12836.7,heavy,3103,1,2.165,
12840.0,heavy,3101,0,3.601,
12843.3,heavy,3102,0,3.062,ECONNREFUSED
12846.7,heavy,3103,1,2.443,
12850.0,heavy,3101,0,2.993,
12853.3,heavy,3102,0,2.054,ECONNREFUSED
12856.7,heavy,3103,1,1.927,
12860.0,heavy,3101,1,3.783,
12863.3,heavy,3102,0,2.634,ECONNREFUSED
12866.7,heavy,3103,0,1.845,
12870.0,heavy,3101,0,3.815,
12873.3,heavy,3102,0,2.522,ECONNREFUSED
12876.7,heavy,3103,1,1.389,
12880.0,heavy,3101,0,4.266,
12883.3,heavy,3102,0,2.139,ECONNREFUSED
12886.7,heavy,3103,1,1.992,
12890.0,heavy,3101,1,3.470,
12893.3,heavy,3102,0,3.033,ECONNREFUSED
12896.7,heavy,3103,0,1.023,
12900.0,light-2,3103,1,4.255,
12900.0,light-1,3102,0,6.911,ECONNREFUSED
12900.0,light-5,3103,1,7.894,
12900.0,light-3,3101,1,9.608,
12900.0,light-4,3102,0,10.039,ECONNREFUSED
12900.0,heavy,3101,0,8.612,
12903.3,heavy,3102,0,5.902,ECONNREFUSED
12906.7,heavy,3103,1,3.133,
12910.0,heavy,3101,0,9.323,
12913.3,heavy,3101,1,7.701,
12916.7,heavy,3102,0,5.561,ECONNREFUSED
12920.0,heavy,3103,0,2.171,
12923.3,heavy,3101,0,3.089,
12926.7,heavy,3102,0,6.079,ECONNREFUSED
12930.0,heavy,3103,1,3.168,
12933.3,heavy,3101,0,5.160,
12936.7,heavy,3102,0,5.537,ECONNREFUSED
12940.0,heavy,3103,1,3.169,
12943.3,heavy,3101,1,3.652,
12946.7,heavy,3102,0,2.992,ECONNREFUSED
12950.0,heavy,3103,1,1.409,
12953.3,heavy,3101,0,2.954,
12956.7,heavy,3102,0,2.339,ECONNREFUSED
12960.0,heavy,3103,1,2.558,
12963.3,heavy,3101,0,4.714,
12966.7,heavy,3102,0,3.473,ECONNREFUSED
12970.0,heavy,3103,0,2.730,
12973.3,heavy,3101,1,4.082,
12976.7,heavy,3102,0,2.590,ECONNREFUSED
12980.0,heavy,3103,1,2.226,
12983.3,heavy,3101,0,4.072,
12986.7,heavy,3102,0,3.407,ECONNREFUSED
12990.0,heavy,3103,0,1.561,
12993.3,heavy,3101,1,7.492,
12996.7,heavy,3102,0,5.688,ECONNREFUSED
13000.0,light-2,3103,1,2.597,
13000.0,light-1,3102,0,5.418,ECONNREFUSED
13000.0,light-4,3102,0,5.274,ECONNREFUSED
13000.0,light-5,3103,1,6.404,
13000.0,light-3,3101,1,7.920,
13000.0,heavy,3103,1,2.753,
13003.3,heavy,3101,0,7.020,
13006.7,heavy,3101,0,14.526,
13010.0,heavy,3102,0,2.278,ECONNREFUSED
13013.3,heavy,3103,1,1.165,
13016.7,heavy,3101,0,6.660,
13020.0,heavy,3102,0,2.031,ECONNREFUSED
13023.3,heavy,3103,1,0.989,
13026.7,heavy,3101,0,9.673,
13030.0,heavy,3102,0,2.934,ECONNREFUSED
13033.3,heavy,3103,1,1.798,
13036.7,heavy,3101,0,8.852,
13040.0,heavy,3102,0,3.175,ECONNREFUSED
13043.3,heavy,3103,0,0.958,
13046.7,heavy,3101,1,3.104,
13050.0,heavy,3102,0,3.022,ECONNREFUSED
13053.3,heavy,3103,1,1.671,
13056.7,heavy,3101,0,4.488,
13060.0,heavy,3102,0,3.271,ECONNREFUSED
13063.3,heavy,3103,1,1.678,
13066.7,heavy,3101,0,2.968,
13070.0,heavy,3102,0,2.392,ECONNREFUSED
13073.3,heavy,3103,1,1.623,
13076.7,heavy,3101,0,3.586,
13080.0,heavy,3102,0,4.472,ECONNREFUSED
13083.3,heavy,3103,0,1.256,
13086.7,heavy,3101,1,2.948,
13090.0,heavy,3102,0,5.559,ECONNREFUSED
13093.3,heavy,3103,1,1.188,
13096.7,heavy,3101,0,2.575,
13100.0,light-5,3101,1,1.940,
13100.0,light-4,3103,1,2.142,
13100.0,light-2,3101,1,3.187,
13100.0,light-1,3103,1,3.684,
13100.0,light-3,3102,0,6.154,ECONNREFUSED
13100.0,heavy,3102,0,6.319,ECONNREFUSED
13103.3,heavy,3102,0,3.977,ECONNREFUSED
13106.7,heavy,3103,1,24.282,
13110.0,heavy,3101,1,13.853,
13113.3,heavy,3102,0,2.728,ECONNREFUSED
13116.7,heavy,3103,1,11.495,
13120.0,heavy,3101,0,14.240,
13123.3,heavy,3102,0,2.059,ECONNREFUSED
13126.7,heavy,3103,0,2.380,
13130.0,heavy,3101,0,5.283,
13133.3,heavy,3102,0,3.128,ECONNREFUSED
13136.7,heavy,3103,1,1.557,
13140.0,heavy,3101,0,4.178,
13143.3,heavy,3102,0,3.161,ECONNREFUSED
13146.7,heavy,3103,1,1.527,
13150.0,heavy,3101,0,4.347,
13153.3,heavy,3102,0,3.279,ECONNREFUSED
13156.7,heavy,3103,1,0.935,
13160.0,heavy,3101,0,3.793,
13163.3,heavy,3102,0,3.306,ECONNREFUSED
13166.7,heavy,3103,1,1.843,
13170.0,heavy,3101,0,2.569,
13173.3,heavy,3102,0,1.906,ECONNREFUSED
13176.7,heavy,3103,1,2.772,
13180.0,heavy,3101,1,3.614,
13183.3,heavy,3102,0,3.039,ECONNREFUSED
13186.7,heavy,3103,0,1.247,
13190.0,heavy,3101,0,5.177,
13193.3,heavy,3102,0,5.271,ECONNREFUSED
13196.7,heavy,3103,1,2.577,
13200.0,light-2,3103,1,2.776,
13200.0,light-1,3102,0,5.177,ECONNREFUSED
13200.0,light-5,3103,1,5.104,
13200.0,light-4,3102,0,5.639,ECONNREFUSED
13200.0,light-3,3101,1,6.705,
13200.0,heavy,3101,0,5.586,
13203.3,heavy,3101,1,4.423,
13206.7,heavy,3102,0,3.316,ECONNREFUSED
13210.0,heavy,3103,0,1.180,
13213.3,heavy,3101,1,4.974,
13216.7,heavy,3102,0,2.837,ECONNREFUSED
13220.0,heavy,3103,0,1.459,
13223.3,heavy,3101,1,3.410,
13226.7,heavy,3102,0,2.133,ECONNREFUSED
13230.0,heavy,3103,1,2.065,
13233.3,heavy,3101,0,3.846,
13236.7,heavy,3102,0,3.564,ECONNREFUSED
13240.0,heavy,3103,0,2.659,
13243.3,heavy,3101,0,2.731,
13246.7,heavy,3102,0,4.384,ECONNREFUSED
13250.0,heavy,3103,1,1.657,
13253.3,heavy,3101,1,2.898,
13256.7,heavy,3102,0,4.123,ECONNREFUSED
13260.0,heavy,3103,0,0.974,
13263.3,heavy,3101,0,3.810,
13266.7,heavy,3102,0,3.244,ECONNREFUSED
13270.0,heavy,3103,1,1.379,
13273.3,heavy,3101,1,3.572,
13276.7,heavy,3102,0,2.132,ECONNREFUSED
13280.0,heavy,3103,1,1.375,
13283.3,heavy,3101,0,3.924,
13286.7,heavy,3102,0,3.170,ECONNREFUSED
13290.0,heavy,3103,0,1.536,
13293.3,heavy,3101,0,7.790,
13296.7,heavy,3102,0,6.950,ECONNREFUSED
13300.0,light-3,3103,1,4.020,
13300.0,light-1,3101,1,4.903,
13300.0,light-5,3102,0,7.330,ECONNREFUSED
13300.0,light-4,3101,1,7.634,
13300.0,light-2,3102,0,8.237,ECONNREFUSED
13300.0,heavy,3103,1,3.184,
13303.3,heavy,3103,1,3.673,
13306.7,heavy,3101,0,3.789,
13310.0,heavy,3102,0,3.028,ECONNREFUSED
13313.3,heavy,3103,0,1.248,
13316.7,heavy,3101,1,3.638,
13320.0,heavy,3102,0,2.671,ECONNREFUSED
13323.3,heavy,3103,0,1.480,
13326.7,heavy,3101,1,3.960,
13330.0,heavy,3102,0,2.955,ECONNREFUSED
13333.3,heavy,3103,1,2.023,
13336.7,heavy,3101,0,3.261,
13340.0,heavy,3102,0,4.607,ECONNREFUSED
13343.3,heavy,3103,1,2.434,
13346.7,heavy,3101,0,4.747,
13350.0,heavy,3102,0,4.740,ECONNREFUSED
13353.3,heavy,3103,0,1.519,
13356.7,heavy,3101,1,4.666,
13360.0,heavy,3102,0,3.740,ECONNREFUSED
13363.3,heavy,3103,1,1.663,
13366.7,heavy,3101,0,5.105,
13370.0,heavy,3102,0,3.261,ECONNREFUSED
13373.3,heavy,3103,0,2.015,
13376.7,heavy,3101,1,4.518,
13380.0,heavy,3102,0,2.930,ECONNREFUSED
13383.3,heavy,3103,0,1.216,
13386.7,heavy,3101,1,5.053,
13390.0,heavy,3102,0,3.522,ECONNREFUSED
13393.3,heavy,3103,1,1.895,
13396.7,heavy,3101,0,4.664,
13400.0,light-4,3103,1,3.946,
13400.0,light-5,3101,1,4.076,
13400.0,light-3,3102,0,4.619,ECONNREFUSED
13400.0,light-2,3101,1,5.070,
13400.0,light-1,3103,1,5.271,
13400.0,heavy,3102,0,7.039,ECONNREFUSED
13403.3,heavy,3102,0,5.557,ECONNREFUSED
13406.7,heavy,3103,1,1.862,
13410.0,heavy,3101,0,3.810,
13413.3,heavy,3102,0,3.265,ECONNREFUSED
13416.7,heavy,3103,1,1.836,
13420.0,heavy,3101,1,5.213,
13423.3,heavy,3102,0,3.463,ECONNREFUSED
13426.7,heavy,3103,0,1.997,
13430.0,heavy,3101,0,3.592,
13433.3,heavy,3102,0,2.561,ECONNREFUSED
13436.7,heavy,3103,1,0.969,
13440.0,heavy,3101,0,4.364,
13443.3,heavy,3102,0,2.938,ECONNREFUSED
13446.7,heavy,3103,1,1.651,
13450.0,heavy,3101,0,5.482,
13453.3,heavy,3102,0,4.021,ECONNREFUSED
13456.7,heavy,3103,1,2.430,
13460.0,heavy,3101,0,4.449,
13463.3,heavy,3102,0,3.555,ECONNREFUSED
13466.7,heavy,3103,1,1.390,
13470.0,heavy,3101,0,5.987,
13473.3,heavy,3102,0,4.247,ECONNREFUSED
13476.7,heavy,3103,1,2.093,
13480.0,heavy,3101,0,6.951,
13483.3,heavy,3102,0,4.448,ECONNREFUSED
13486.7,heavy,3103,1,1.563,
13490.0,heavy,3101,1,3.445,
13493.3,heavy,3102,0,2.589,ECONNREFUSED
13496.7,heavy,3103,0,1.101,
13500.0,light-2,3103,1,3.169,
13500.0,light-1,3102,0,3.831,ECONNREFUSED
13500.0,light-4,3102,0,3.979,ECONNREFUSED
13500.0,light-5,3103,1,5.424,
13500.0,light-3,3101,1,8.669,
13500.0,heavy,3101,0,7.249,
13503.3,heavy,3102,0,4.265,ECONNREFUSED
13506.7,heavy,3103,1,2.152,
13510.0,heavy,3101,0,7.680,
13513.3,heavy,3101,1,6.217,
13516.7,heavy,3102,0,2.496,ECONNREFUSED
13520.0,heavy,3103,0,1.037,
13523.3,heavy,3101,1,3.158,
13526.7,heavy,3102,0,2.847,ECONNREFUSED
13530.0,heavy,3103,0,1.382,
13533.3,heavy,3101,0,3.796,
13536.7,heavy,3102,0,3.074,ECONNREFUSED
13540.0,heavy,3103,1,1.501,
13543.3,heavy,3101,0,3.400,
13546.7,heavy,3102,0,2.407,ECONNREFUSED
13550.0,heavy,3103,1,1.489,
13553.3,heavy,3101,1,3.957,
13556.7,heavy,3102,0,2.908,ECONNREFUSED
13560.0,heavy,3103,0,1.071,
13563.3,heavy,3101,0,4.013,
13566.7,heavy,3102,0,2.644,ECONNREFUSED
13570.0,heavy,3103,1,1.650,
13573.3,heavy,3101,0,3.234,
13576.7,heavy,3102,0,2.405,ECONNREFUSED
13580.0,heavy,3103,1,2.554,
13583.3,heavy,3101,1,3.671,
13586.7,heavy,3102,0,3.348,ECONNREFUSED
13590.0,heavy,3103,0,1.081,
13593.3,heavy,3101,1,6.624,
13596.7,heavy,3102,0,5.034,ECONNREFUSED
13600.0,light-2,3103,1,2.859,
13600.0,light-1,3102,0,4.847,ECONNREFUSED
13600.0,light-4,3102,0,4.830,ECONNREFUSED
13600.0,light-5,3103,1,5.458,
13600.0,light-3,3101,1,6.432,
13600.0,heavy,3103,1,2.324,
13603.3,heavy,3101,0,6.128,
13606.7,heavy,3101,0,5.254,
13610.0,heavy,3102,0,2.223,ECONNREFUSED
13613.3,heavy,3103,0,1.025,
13616.7,heavy,3101,1,2.697,
13620.0,heavy,3102,0,2.420,ECONNREFUSED
13623.3,heavy,3103,0,1.381,
13626.7,heavy,3101,1,2.966,
13630.0,heavy,3102,0,2.434,ECONNREFUSED
13633.3,heavy,3103,1,1.386,
13636.7,heavy,3101,0,2.780,
13640.0,heavy,3102,0,5.934,ECONNREFUSED
13643.3,heavy,3103,1,1.980,
13646.7,heavy,3101,0,4.396,
13650.0,heavy,3102,0,5.994,ECONNREFUSED
13653.3,heavy,3103,0,2.301,
13656.7,heavy,3101,1,3.213,
13660.0,heavy,3102,0,2.348,ECONNREFUSED
13663.3,heavy,3103,0,1.583,
13666.7,heavy,3101,1,3.278,
13670.0,heavy,3102,0,2.460,ECONNREFUSED
13673.3,heavy,3103,1,2.114,
13676.7,heavy,3101,0,3.820,
13680.0,heavy,3102,0,3.264,ECONNREFUSED
13683.3,heavy,3103,0,1.228,
13686.7,heavy,3101,1,4.329,
13690.0,heavy,3102,0,3.577,ECONNREFUSED
13693.3,heavy,3103,1,1.085,
13696.7,heavy,3101,0,5.489,
13700.0,light-4,3103,1,3.965,
13700.0,light-5,3101,1,4.081,
13700.0,light-1,3103,1,4.579,
13700.0,light-2,3101,1,5.499,
13700.0,light-3,3102,0,5.679,ECONNREFUSED
13700.0,heavy,3102,0,5.596,ECONNREFUSED
13703.3,heavy,3102,0,4.927,ECONNREFUSED
13706.7,heavy,3103,1,1.120,
13710.0,heavy,3101,0,3.274,
13713.3,heavy,3102,0,2.633,ECONNREFUSED
13716.7,heavy,3103,1,1.098,
13720.0,heavy,3101,0,4.171,
13723.3,heavy,3102,0,2.891,ECONNREFUSED
13726.7,heavy,3103,1,1.414,
13730.0,heavy,3101,0,4.208,
13733.3,heavy,3102,0,6.434,ECONNREFUSED
13736.7,heavy,3103,1,0.990,
13740.0,heavy,3101,1,13.391,
13743.3,heavy,3102,0,4.517,ECONNREFUSED
13746.7,heavy,3103,0,2.758,
13750.0,heavy,3101,1,4.604,
13753.3,heavy,3102,0,4.831,ECONNREFUSED
13756.7,heavy,3103,0,2.357,
13760.0,heavy,3101,0,3.365,
13763.3,heavy,3102,0,2.173,ECONNREFUSED
13766.7,heavy,3103,1,1.897,
13770.0,heavy,3101,1,3.024,
13773.3,heavy,3102,0,2.210,ECONNREFUSED
13776.7,heavy,3103,0,0.821,
13780.0,heavy,3101,0,4.483,
13783.3,heavy,3102,0,2.833,ECONNREFUSED
13786.7,heavy,3103,1,1.638,
13790.0,heavy,3101,0,3.527,
13793.3,heavy,3102,0,2.173,ECONNREFUSED
13796.7,heavy,3103,1,3.926,
13800.0,light-5,3101,1,5.016,
13800.0,light-3,3102,0,6.848,ECONNREFUSED
13800.0,light-4,3103,1,6.912,
13800.0,light-2,3101,1,8.364,
13800.0,light-1,3103,1,9.327,
13800.0,heavy,3101,1,7.667,
13803.3,heavy,3102,0,6.297,ECONNREFUSED
13806.7,heavy,3102,0,6.395,ECONNREFUSED
13810.0,heavy,3103,0,4.086,
13813.3,heavy,3101,0,2.461,
13816.7,heavy,3102,0,2.849,ECONNREFUSED
13820.0,heavy,3103,1,1.416,
13823.3,heavy,3101,1,3.982,
13826.7,heavy,3102,0,2.929,ECONNREFUSED
13830.0,heavy,3103,1,1.734,
13833.3,heavy,3101,0,3.691,
13836.7,heavy,3102,0,2.516,ECONNREFUSED
13840.0,heavy,3103,1,1.652,
13843.3,heavy,3101,0,2.550,
13846.7,heavy,3102,0,2.118,ECONNREFUSED
13850.0,heavy,3103,0,1.780,
13853.3,heavy,3101,0,2.542,
13856.7,heavy,3102,0,3.429,ECONNREFUSED
13860.0,heavy,3103,1,1.668,
13863.3,heavy,3101,1,3.638,
13866.7,heavy,3102,0,4.053,ECONNREFUSED
13870.0,heavy,3103,0,1.566,
13873.3,heavy,3101,0,4.384,
13876.7,heavy,3102,0,2.725,ECONNREFUSED
13880.0,heavy,3103,1,2.114,
13883.3,heavy,3101,0,3.585,
13886.7,heavy,3102,0,2.015,ECONNREFUSED
13890.0,heavy,3103,1,3.214,
13893.3,heavy,3101,1,4.669,
13896.7,heavy,3102,0,5.017,ECONNREFUSED
13900.0,light-3,3103,1,2.586,
13900.0,light-1,3101,1,4.431,
13900.0,light-4,3101,1,4.990,
13900.0,light-5,3102,0,5.233,ECONNREFUSED
13900.0,light-2,3102,0,5.720,ECONNREFUSED
13900.0,heavy,3103,0,2.714,
13903.3,heavy,3103,0,1.760,
13906.7,heavy,3101,1,3.360,
13910.0,heavy,3102,0,2.677,ECONNREFUSED
13913.3,heavy,3103,1,1.675,
13916.7,heavy,3101,0,4.429,
13920.0,heavy,3102,0,3.146,ECONNREFUSED
13923.3,heavy,3103,1,1.640,
13926.7,heavy,3101,0,4.953,
13930.0,heavy,3102,0,3.296,ECONNREFUSED
13933.3,heavy,3103,0,0.907,
13936.7,heavy,3101,1,3.160,
13940.0,heavy,3102,0,3.187,ECONNREFUSED
13943.3,heavy,3103,1,1.715,
13946.7,heavy,3101,0,3.088,
13950.0,heavy,3102,0,3.977,ECONNREFUSED
13953.3,heavy,3103,1,1.135,
13956.7,heavy,3101,0,4.038,
13960.0,heavy,3102,0,3.969,ECONNREFUSED
13963.3,heavy,3103,0,1.148,
13966.7,heavy,3101,1,4.558,
13970.0,heavy,3102,0,3.220,ECONNREFUSED
13973.3,heavy,3103,1,1.936,
13976.7,heavy,3101,0,3.515,
13980.0,heavy,3102,0,4.803,ECONNREFUSED
13983.3,heavy,3103,1,2.288,
13986.7,heavy,3101,0,4.730,
13990.0,heavy,3102,0,5.092,ECONNREFUSED
13993.3,heavy,3103,0,1.913,
13996.7,heavy,3101,1,7.642,
14000.0,light-3,3103,1,4.580,
14000.0,light-1,3101,1,5.113,
14000.0,light-2,3102,0,7.189,ECONNREFUSED
14000.0,light-4,3101,1,7.021,
14000.0,light-5,3102,0,7.336,ECONNREFUSED
14000.0,heavy,3102,0,6.909,ECONNREFUSED
14003.3,heavy,3103,1,4.120,
14006.7,heavy,3103,0,4.132,
14010.0,heavy,3101,0,3.115,
14013.3,heavy,3102,0,2.683,ECONNREFUSED
14016.7,heavy,3103,1,1.445,
14020.0,heavy,3101,0,3.343,
14023.3,heavy,3102,0,3.120,ECONNREFUSED
14026.7,heavy,3103,1,1.133,
14030.0,heavy,3101,1,5.070,
14033.3,heavy,3102,0,3.350,ECONNREFUSED
14036.7,heavy,3103,0,2.142,
14040.0,heavy,3101,0,3.318,
14043.3,heavy,3102,0,2.200,ECONNREFUSED
14046.7,heavy,3103,1,1.387,
14050.0,heavy,3101,0,3.718,
14053.3,heavy,3102,0,2.216,ECONNREFUSED
14056.7,heavy,3103,1,1.428,
14060.0,heavy,3101,0,3.525,
14063.3,heavy,3102,0,2.696,ECONNREFUSED
14066.7,heavy,3103,1,1.436,
14070.0,heavy,3101,0,5.427,
14073.3,heavy,3102,0,3.749,ECONNREFUSED
14076.7,heavy,3103,1,1.216,
14080.0,heavy,3101,0,5.518,
14083.3,heavy,3102,0,4.041,ECONNREFUSED
14086.7,heavy,3103,1,1.651,
14090.0,heavy,3101,0,4.676,
14093.3,heavy,3102,0,4.082,ECONNREFUSED
14096.7,heavy,3103,1,1.638,
14100.0,light-2,3103,1,3.170,
14100.0,light-1,3102,0,4.948,ECONNREFUSED
14100.0,light-5,3103,1,4.771,
14100.0,light-4,3102,0,5.170,ECONNREFUSED
14100.0,light-3,3101,1,6.038,
14100.0,heavy,3101,0,6.356,
14103.3,heavy,3101,0,4.642,
14106.7,heavy,3102,0,3.128,ECONNREFUSED
14110.0,heavy,3103,1,1.289,
14113.3,heavy,3101,1,4.954,
14116.7,heavy,3102,0,4.491,ECONNREFUSED
14120.0,heavy,3103,1,2.700,
14123.3,heavy,3101,0,5.361,
14126.7,heavy,3102,0,4.590,ECONNREFUSED
14130.0,heavy,3103,0,2.027,
14133.3,heavy,3101,0,3.059,
14136.7,heavy,3102,0,2.758,ECONNREFUSED
14140.0,heavy,3103,1,1.389,
14143.3,heavy,3101,0,3.019,
14146.7,heavy,3102,0,1.984,ECONNREFUSED
14150.0,heavy,3103,1,1.942,
14153.3,heavy,3101,0,3.461,
14156.7,heavy,3102,0,2.929,ECONNREFUSED
14160.0,heavy,3103,1,2.346,
14163.3,heavy,3101,0,2.994,
14166.7,heavy,3102,0,2.166,ECONNREFUSED
14170.0,heavy,3103,1,1.653,
14173.3,heavy,3101,1,3.447,
14176.7,heavy,3102,0,2.321,ECONNREFUSED
14180.0,heavy,3103,1,1.531,
14183.3,heavy,3101,0,4.213,
14186.7,heavy,3102,0,3.301,ECONNREFUSED
14190.0,heavy,3103,0,1.499,
14193.3,heavy,3101,0,3.142,
14196.7,heavy,3102,0,2.426,ECONNREFUSED
14200.0,light-4,3103,1,4.021,
14200.0,light-5,3101,1,4.798,
14200.0,light-3,3102,0,5.416,ECONNREFUSED
14200.0,light-1,3103,1,6.642,
14200.0,light-2,3101,1,7.396,
14200.0,heavy,3103,1,2.706,
14203.3,heavy,3101,1,6.795,
14206.7,heavy,3102,0,4.268,ECONNREFUSED
14210.0,heavy,3102,0,5.273,ECONNREFUSED
14213.3,heavy,3103,0,1.787,
14216.7,heavy,3101,1,3.067,
14220.0,heavy,3102,0,2.243,ECONNREFUSED
14223.3,heavy,3103,0,1.392,
14226.7,heavy,3101,1,5.150,
14230.0,heavy,3102,0,2.923,ECONNREFUSED
14233.3,heavy,3103,1,1.354,
14236.7,heavy,3101,0,4.986,
14240.0,heavy,3102,0,2.153,ECONNREFUSED
14243.3,heavy,3103,1,1.920,
14246.7,heavy,3101,0,2.864,
14250.0,heavy,3102,0,2.400,ECONNREFUSED
14253.3,heavy,3103,0,1.370,
14256.7,heavy,3101,1,5.670,
14260.0,heavy,3102,0,2.638,ECONNREFUSED
14263.3,heavy,3103,1,1.323,
14266.7,heavy,3101,0,5.931,
14270.0,heavy,3102,0,2.290,ECONNREFUSED
14273.3,heavy,3103,0,1.026,
14276.7,heavy,3101,0,3.857,
14280.0,heavy,3102,0,2.680,ECONNREFUSED
14283.3,heavy,3103,1,1.550,
14286.7,heavy,3101,1,2.974,
14290.0,heavy,3102,0,2.104,ECONNREFUSED
14293.3,heavy,3103,1,1.368,
14296.7,heavy,3101,0,3.040,
14300.0,light-5,3101,1,3.639,
14300.0,light-4,3103,1,4.367,
14300.0,light-3,3102,0,5.485,ECONNREFUSED
14300.0,light-2,3101,1,6.377,
14300.0,light-1,3103,1,6.611,
14300.0,heavy,3102,0,4.646,ECONNREFUSED
14303.3,heavy,3102,0,5.746,ECONNREFUSED
14306.7,heavy,3103,1,1.996,
14310.0,heavy,3101,1,3.486,
14313.3,heavy,3102,0,2.602,ECONNREFUSED
14316.7,heavy,3103,0,1.025,
14320.0,heavy,3101,0,3.381,
14323.3,heavy,3102,0,2.681,ECONNREFUSED
14326.7,heavy,3103,1,1.475,
14330.0,heavy,3101,0,2.743,
14333.3,heavy,3102,0,3.124,ECONNREFUSED
14336.7,heavy,3103,1,1.572,
14340.0,heavy,3101,1,2.735,
14343.3,heavy,3102,0,2.807,ECONNREFUSED
14346.7,heavy,3103,0,1.351,
14350.0,heavy,3101,0,4.015,
14353.3,heavy,3102,0,2.865,ECONNREFUSED
14356.7,heavy,3103,1,1.625,
14360.0,heavy,3101,0,3.556,
14363.3,heavy,3102,0,2.622,ECONNREFUSED
14366.7,heavy,3103,1,2.330,
14370.0,heavy,3101,1,3.203,
14373.3,heavy,3102,0,2.858,ECONNREFUSED
14376.7,heavy,3103,0,1.171,
14380.0,heavy,3101,0,4.941,
14383.3,heavy,3102,0,2.820,ECONNREFUSED
14386.7,heavy,3103,1,2.148,
14390.0,heavy,3101,0,5.843,
14393.3,heavy,3102,0,2.344,ECONNREFUSED
14396.7,heavy,3103,1,1.120,
14400.0,light-4,3103,1,4.251,
14400.0,light-3,3102,0,5.809,ECONNREFUSED
14400.0,light-5,3101,1,5.947,
14400.0,light-1,3103,1,8.574,
14400.0,light-2,3101,1,9.380,
14400.0,heavy,3101,1,8.824,
14403.3,heavy,3102,0,5.043,ECONNREFUSED
14406.7,heavy,3102,0,7.955,ECONNREFUSED
14410.0,heavy,3103,0,4.637,
14413.3,heavy,3101,0,3.436,
14416.7,heavy,3102,0,2.015,ECONNREFUSED
14420.0,heavy,3103,1,1.051,
14423.3,heavy,3101,0,2.461,
14426.7,heavy,3102,0,3.920,ECONNREFUSED
14430.0,heavy,3103,1,1.908,
14433.3,heavy,3101,1,3.850,
14436.7,heavy,3102,0,3.566,ECONNREFUSED
14440.0,heavy,3103,0,1.727,
14443.3,heavy,3101,0,4.022,
14446.7,heavy,3102,0,2.847,ECONNREFUSED
14450.0,heavy,3103,1,1.170,
14453.3,heavy,3101,1,4.423,
14456.7,heavy,3102,0,2.282,ECONNREFUSED
14460.0,heavy,3103,1,2.449,
14463.3,heavy,3101,0,3.337,
14466.7,heavy,3102,0,3.037,ECONNREFUSED
14470.0,heavy,3103,0,1.297,
14473.3,heavy,3101,1,4.245,
14476.7,heavy,3102,0,2.996,ECONNREFUSED
14480.0,heavy,3103,1,1.453,
14483.3,heavy,3101,0,4.890,
14486.7,heavy,3102,0,2.450,ECONNREFUSED
14490.0,heavy,3103,1,3.015,
14493.3,heavy,3101,0,4.849,
14496.7,heavy,3102,0,5.128,ECONNREFUSED
14500.0,light-1,3101,1,3.777,
14500.0,light-3,3103,1,4.347,
14500.0,light-4,3101,1,5.499,
14500.0,light-2,3102,0,6.108,ECONNREFUSED
14500.0,light-5,3102,0,6.081,ECONNREFUSED
14500.0,heavy,3103,0,4.096,
14503.3,heavy,3103,0,2.999,
14506.7,heavy,3101,1,3.475,
14510.0,heavy,3102,0,1.915,ECONNREFUSED
14513.3,heavy,3103,0,1.036,
14516.7,heavy,3101,1,5.465,
14520.0,heavy,3102,0,5.650,ECONNREFUSED
14523.3,heavy,3103,1,2.522,
14526.7,heavy,3101,0,5.328,
14530.0,heavy,3102,0,4.214,ECONNREFUSED
14533.3,heavy,3103,0,1.886,
14536.7,heavy,3101,1,4.193,
14540.0,heavy,3102,0,3.165,ECONNREFUSED
14543.3,heavy,3103,1,1.914,
14546.7,heavy,3101,0,3.309,
14550.0,heavy,3102,0,2.292,ECONNREFUSED
14553.3,heavy,3103,1,1.933,
14556.7,heavy,3101,0,3.561,
14560.0,heavy,3102,0,2.949,ECONNREFUSED
14563.3,heavy,3103,0,1.338,
14566.7,heavy,3101,1,4.171,
14570.0,heavy,3102,0,2.432,ECONNREFUSED
14573.3,heavy,3103,1,1.352,
14576.7,heavy,3101,0,4.534,
14580.0,heavy,3102,0,1.993,ECONNREFUSED
14583.3,heavy,3103,1,2.416,
14586.7,heavy,3101,0,3.226,
14590.0,heavy,3102,0,2.933,ECONNREFUSED
14593.3,heavy,3103,0,1.195,
14596.7,heavy,3101,1,7.000,
14600.0,light-2,3103,1,3.584,
14600.0,light-1,3102,0,4.965,ECONNREFUSED
14600.0,light-4,3102,0,5.726,ECONNREFUSED
14600.0,light-5,3103,1,6.247,
14600.0,light-3,3101,1,8.146,
14600.0,heavy,3102,0,5.128,ECONNREFUSED
14603.3,heavy,3103,1,2.944,
14606.7,heavy,3101,0,7.253,
14610.0,heavy,3101,0,7.080,
14613.3,heavy,3102,0,3.353,ECONNREFUSED
14616.7,heavy,3103,1,1.429,
14620.0,heavy,3101,0,3.722,
14623.3,heavy,3102,0,2.344,ECONNREFUSED
14626.7,heavy,3103,1,1.147,
14630.0,heavy,3101,0,4.392,
14633.3,heavy,3102,0,2.935,ECONNREFUSED
14636.7,heavy,3103,1,1.813,
14640.0,heavy,3101,0,4.290,
14643.3,heavy,3102,0,2.372,ECONNREFUSED
14646.7,heavy,3103,1,2.419,
14650.0,heavy,3101,0,3.857,
14653.3,heavy,3102,0,3.294,ECONNREFUSED
14656.7,heavy,3103,1,1.487,
14660.0,heavy,3101,0,3.869,
14663.3,heavy,3102,0,3.217,ECONNREFUSED
14666.7,heavy,3103,1,1.451,
14670.0,heavy,3101,0,4.901,
14673.3,heavy,3102,0,3.375,ECONNREFUSED
14676.7,heavy,3103,1,1.289,
14680.0,heavy,3101,1,4.383,
14683.3,heavy,3102,0,2.958,ECONNREFUSED
14686.7,heavy,3103,0,2.297,
14690.0,heavy,3101,0,3.387,
14693.3,heavy,3102,0,2.190,ECONNREFUSED
14696.7,heavy,3103,1,2.664,
14700.0,light-2,3103,1,3.077,
14700.0,light-1,3102,0,4.023,ECONNREFUSED
14700.0,light-4,3102,0,4.037,ECONNREFUSED
14700.0,light-5,3103,1,5.522,
14700.0,light-3,3101,1,5.846,
14700.0,heavy,3101,0,5.200,
14703.3,heavy,3101,1,4.988,
14706.7,heavy,3102,0,3.109,ECONNREFUSED
14710.0,heavy,3103,0,1.395,
14713.3,heavy,3101,1,3.330,
14716.7,heavy,3102,0,2.274,ECONNREFUSED
14720.0,heavy,3103,0,0.943,
14723.3,heavy,3101,0,3.793,
14726.7,heavy,3102,0,2.659,ECONNREFUSED
14730.0,heavy,3103,1,1.457,
14733.3,heavy,3101,1,4.647,
14736.7,heavy,3102,0,2.888,ECONNREFUSED
14740.0,heavy,3103,1,2.179,
14743.3,heavy,3101,0,4.729,
14746.7,heavy,3102,0,2.626,ECONNREFUSED
14750.0,heavy,3103,0,1.625,
14753.3,heavy,3101,0,3.258,
14756.7,heavy,3102,0,2.081,ECONNREFUSED
14760.0,heavy,3103,1,1.361,
14763.3,heavy,3101,0,2.533,
14766.7,heavy,3102,0,2.145,ECONNREFUSED
14770.0,heavy,3103,1,1.410,
14773.3,heavy,3101,0,3.468,
14776.7,heavy,3102,0,2.678,ECONNREFUSED
14780.0,heavy,3103,1,1.652,
14783.3,heavy,3101,0,2.931,
14786.7,heavy,3102,0,3.892,ECONNREFUSED
14790.0,heavy,3103,1,2.107,
14793.3,heavy,3101,1,3.915,
14796.7,heavy,3102,0,3.191,ECONNREFUSED
14800.0,light-1,3101,1,1.732,
14800.0,light-3,3103,1,2.127,
14800.0,light-2,3102,0,3.059,ECONNREFUSED
14800.0,light-5,3102,0,3.103,ECONNREFUSED
14800.0,light-4,3101,1,3.622,
14800.0,heavy,3103,0,1.728,
14803.3,heavy,3103,0,1.081,
14806.7,heavy,3101,1,3.469,
14810.0,heavy,3102,0,2.434,ECONNREFUSED
14813.3,heavy,3103,0,1.006,
14816.7,heavy,3101,1,3.888,
14820.0,heavy,3102,0,2.048,ECONNREFUSED
14823.3,heavy,3103,1,1.288,
14826.7,heavy,3101,0,4.406,
14830.0,heavy,3102,0,1.999,ECONNREFUSED
14833.3,heavy,3103,1,2.302,
14836.7,heavy,3101,0,2.901,
14840.0,heavy,3102,0,2.626,ECONNREFUSED
14843.3,heavy,3103,0,0.982,
14846.7,heavy,3101,1,4.076,
14850.0,heavy,3102,0,2.354,ECONNREFUSED
14853.3,heavy,3103,1,1.353,
14856.7,heavy,3101,0,4.229,
14860.0,heavy,3102,0,1.910,ECONNREFUSED
14863.3,heavy,3103,1,1.666,
14866.7,heavy,3101,0,4.256,
14870.0,heavy,3102,0,3.554,ECONNREFUSED
14873.3,heavy,3103,0,1.131,
14876.7,heavy,3101,1,3.119,
14880.0,heavy,3102,0,2.431,ECONNREFUSED
14883.3,heavy,3103,1,1.725,
14886.7,heavy,3101,0,3.522,
14890.0,heavy,3102,0,2.073,ECONNREFUSED
14893.3,heavy,3103,0,1.130,
14896.7,heavy,3101,1,5.529,
14900.0,light-4,3103,1,3.189,
14900.0,light-3,3102,0,3.611,ECONNREFUSED
14900.0,light-5,3101,1,4.003,
14900.0,light-2,3101,1,5.751,
14900.0,light-1,3103,1,7.842,
14900.0,heavy,3102,0,3.445,ECONNREFUSED
14903.3,heavy,3102,0,4.493,ECONNREFUSED
14906.7,heavy,3103,1,2.001,
14910.0,heavy,3101,0,2.430,
14913.3,heavy,3102,0,2.185,ECONNREFUSED
14916.7,heavy,3103,1,1.477,
14920.0,heavy,3101,0,5.023,
14923.3,heavy,3102,0,3.453,ECONNREFUSED
14926.7,heavy,3103,1,1.769,
14930.0,heavy,3101,1,4.614,
14933.3,heavy,3102,0,3.818,ECONNREFUSED
14936.7,heavy,3103,0,1.382,
14940.0,heavy,3101,0,3.536,
14943.3,heavy,3102,0,3.126,ECONNREFUSED
14946.7,heavy,3103,1,1.698,
14950.0,heavy,3101,0,2.835,
14953.3,heavy,3102,0,2.000,ECONNREFUSED
14956.7,heavy,3103,1,1.444,
14960.0,heavy,3101,1,3.488,
14963.3,heavy,3102,0,3.136,ECONNREFUSED
14966.7,heavy,3103,0,1.232,
14970.0,heavy,3101,0,4.003,
14973.3,heavy,3102,0,2.885,ECONNREFUSED
14976.7,heavy,3103,1,1.770,
14980.0,heavy,3101,0,3.152,
14983.3,heavy,3102,0,2.302,ECONNREFUSED
14986.7,heavy,3103,1,1.073,
14990.0,heavy,3101,1,3.031,
14993.3,heavy,3102,0,2.011,ECONNREFUSED
14996.7,heavy,3103,0,1.081,
15000.0,light-3,3103,1,3.784,
15000.0,light-1,3101,1,4.767,
15000.0,light-2,3102,0,6.625,ECONNREFUSED
15000.0,light-4,3101,1,7.507,
15000.0,light-5,3102,0,7.791,ECONNREFUSED
15000.0,heavy,3101,0,6.907,
15003.3,heavy,3102,0,6.347,ECONNREFUSED
15006.7,heavy,3103,1,3.246,
15010.0,heavy,3103,0,4.348,
15013.3,heavy,3101,1,3.726,
15016.7,heavy,3102,0,3.101,ECONNREFUSED
15020.0,heavy,3103,0,1.244,
15023.3,heavy,3101,1,3.269,
15026.7,heavy,3102,0,2.193,ECONNREFUSED
15030.0,heavy,3103,0,1.297,
15033.3,heavy,3101,0,3.661,
15036.7,heavy,3102,0,2.955,ECONNREFUSED
15040.0,heavy,3103,1,1.405,
15043.3,heavy,3101,0,3.742,
15046.7,heavy,3102,0,1.981,ECONNREFUSED
15050.0,heavy,3103,1,1.259,
15053.3,heavy,3101,1,3.068,
15056.7,heavy,3102,0,4.449,ECONNREFUSED
15060.0,heavy,3103,0,1.015,
15063.3,heavy,3101,0,3.141,
15066.7,heavy,3102,0,2.722,ECONNREFUSED
15070.0,heavy,3103,1,1.402,
15073.3,heavy,3101,0,3.190,
15076.7,heavy,3102,0,2.525,ECONNREFUSED
15080.0,heavy,3103,1,2.025,
15083.3,heavy,3101,1,3.745,
15086.7,heavy,3102,0,3.182,ECONNREFUSED
15090.0,heavy,3103,0,1.397,
15093.3,heavy,3101,0,3.442,
15096.7,heavy,3102,0,2.221,ECONNREFUSED
15100.0,light-4,3103,1,3.301,
15100.0,light-5,3101,1,4.920,
15100.0,light-3,3102,0,5.455,ECONNREFUSED
15100.0,light-1,3103,1,6.520,
15100.0,light-2,3101,1,6.962,
15100.0,heavy,3103,1,1.975,
15103.3,heavy,3101,1,6.063,
15106.7,heavy,3102,0,9.778,ECONNREFUSED
15110.0,heavy,3102,0,6.710,ECONNREFUSED
15113.3,heavy,3103,0,2.557,
15116.7,heavy,3101,1,3.071,
15120.0,heavy,3102,0,2.368,ECONNREFUSED
15123.3,heavy,3103,0,1.185,
15126.7,heavy,3101,1,3.383,
15130.0,heavy,3102,0,4.113,ECONNREFUSED
15133.3,heavy,3103,1,1.044,
15136.7,heavy,3101,0,2.846,
15140.0,heavy,3102,0,1.951,ECONNREFUSED
15143.3,heavy,3103,1,1.215,
15146.7,heavy,3101,0,2.654,
15150.0,heavy,3102,0,2.142,ECONNREFUSED
15153.3,heavy,3103,1,1.610,
15156.7,heavy,3101,0,3.045,
15160.0,heavy,3102,0,2.576,ECONNREFUSED
15163.3,heavy,3103,1,2.146,
15166.7,heavy,3101,0,2.869,
15170.0,heavy,3102,0,1.719,ECONNREFUSED
15173.3,heavy,3103,1,1.106,
15176.7,heavy,3101,0,3.062,
15180.0,heavy,3102,0,2.444,ECONNREFUSED
15183.3,heavy,3103,1,1.444,
15186.7,heavy,3101,0,2.936,
15190.0,heavy,3102,0,3.150,ECONNREFUSED
15193.3,heavy,3103,1,1.975,
15196.7,heavy,3101,0,3.304,
15200.0,light-4,3103,1,3.091,
15200.0,light-5,3101,1,3.223,
15200.0,light-3,3102,0,4.460,ECONNREFUSED
15200.0,light-2,3101,1,4.763,
15200.0,light-1,3103,1,4.964,
15200.0,heavy,3102,0,4.080,ECONNREFUSED
15203.3,heavy,3102,0,2.841,ECONNREFUSED
15206.7,heavy,3103,1,1.013,
15210.0,heavy,3101,0,2.899,
15213.3,heavy,3102,0,1.845,ECONNREFUSED
15216.7,heavy,3103,1,2.073,
15220.0,heavy,3101,0,3.758,
15223.3,heavy,3102,0,3.239,ECONNREFUSED
15226.7,heavy,3103,1,2.329,
15230.0,heavy,3101,0,4.126,
15233.3,heavy,3102,0,3.415,ECONNREFUSED
15236.7,heavy,3103,1,1.807,
15240.0,heavy,3101,0,4.875,
15243.3,heavy,3102,0,3.242,ECONNREFUSED
15246.7,heavy,3103,1,1.045,
15250.0,heavy,3101,0,4.638,
15253.3,heavy,3102,0,2.921,ECONNREFUSED
15256.7,heavy,3103,1,1.193,
15260.0,heavy,3101,0,3.391,
15263.3,heavy,3102,0,2.473,ECONNREFUSED
15266.7,heavy,3103,1,1.143,
15270.0,heavy,3101,0,3.763,
15273.3,heavy,3102,0,2.644,ECONNREFUSED
15276.7,heavy,3103,1,1.344,
15280.0,heavy,3101,0,3.264,
15283.3,heavy,3102,0,2.449,ECONNREFUSED
15286.7,heavy,3103,1,1.305,
15290.0,heavy,3101,0,2.321,
15293.3,heavy,3102,0,5.532,ECONNREFUSED
15296.7,heavy,3103,1,2.791,
15300.0,light-2,3103,1,3.313,
15300.0,light-1,3102,0,5.210,ECONNREFUSED
15300.0,light-4,3102,0,5.136,ECONNREFUSED
15300.0,light-5,3103,1,5.256,
15300.0,light-3,3101,1,6.781,
15300.0,heavy,3101,1,6.395,
15303.3,heavy,3101,0,5.419,
15306.7,heavy,3102,0,4.046,ECONNREFUSED
15310.0,heavy,3103,0,1.155,
15313.3,heavy,3101,1,4.121,
15316.7,heavy,3102,0,3.063,ECONNREFUSED
15320.0,heavy,3103,0,1.936,
15323.3,heavy,3101,1,4.195,
15326.7,heavy,3102,0,2.819,ECONNREFUSED
15330.0,heavy,3103,1,1.257,
15333.3,heavy,3101,0,4.579,
15336.7,heavy,3102,0,3.115,ECONNREFUSED
15340.0,heavy,3103,0,1.261,
15343.3,heavy,3101,0,3.204,
15346.7,heavy,3102,0,2.496,ECONNREFUSED
15350.0,heavy,3103,1,1.107,
15353.3,heavy,3101,1,4.801,
15356.7,heavy,3102,0,3.475,ECONNREFUSED
15360.0,heavy,3103,1,1.991,
15363.3,heavy,3101,0,5.193,
15366.7,heavy,3102,0,3.774,ECONNREFUSED
15370.0,heavy,3103,0,1.246,
15373.3,heavy,3101,0,3.842,
15376.7,heavy,3102,0,3.959,ECONNREFUSED
15380.0,heavy,3103,1,1.057,
15383.3,heavy,3101,0,2.922,
15386.7,heavy,3102,0,2.377,ECONNREFUSED
15390.0,heavy,3103,1,1.639,
15393.3,heavy,3101,1,3.581,
15396.7,heavy,3102,0,5.183,ECONNREFUSED
15400.0,light-1,3101,1,2.930,
15400.0,light-3,3103,1,3.812,
15400.0,light-4,3101,1,4.955,
15400.0,light-2,3102,0,5.769,ECONNREFUSED
15400.0,light-5,3102,0,5.593,ECONNREFUSED
15400.0,heavy,3103,0,3.018,
15403.3,heavy,3103,0,2.145,
15406.7,heavy,3101,1,3.292,
15410.0,heavy,3102,0,2.254,ECONNREFUSED
15413.3,heavy,3103,1,1.892,
15416.7,heavy,3101,0,3.272,
15420.0,heavy,3102,0,2.367,ECONNREFUSED
15423.3,heavy,3103,1,1.985,
15426.7,heavy,3101,0,2.847,
15430.0,heavy,3102,0,3.708,ECONNREFUSED
15433.3,heavy,3103,1,1.531,
15436.7,heavy,3101,0,3.641,
15440.0,heavy,3102,0,3.500,ECONNREFUSED
15443.3,heavy,3103,0,1.441,
15446.7,heavy,3101,1,4.135,
15450.0,heavy,3102,0,2.605,ECONNREFUSED
15453.3,heavy,3103,1,1.447,
15456.7,heavy,3101,0,3.477,
15460.0,heavy,3102,0,2.015,ECONNREFUSED
15463.3,heavy,3103,1,1.429,
15466.7,heavy,3101,0,3.150,
15470.0,heavy,3102,0,2.703,ECONNREFUSED
15473.3,heavy,3103,0,0.904,
15476.7,heavy,3101,1,4.159,
15480.0,heavy,3102,0,2.565,ECONNREFUSED
15483.3,heavy,3103,1,1.288,
15486.7,heavy,3101,0,4.273,
15490.0,heavy,3102,0,1.996,ECONNREFUSED
15493.3,heavy,3103,0,1.124,
15496.7,heavy,3101,1,6.708,
15500.0,light-4,3103,1,3.109,
15500.0,light-3,3102,0,4.370,ECONNREFUSED
15500.0,light-5,3101,1,5.190,
15500.0,light-2,3101,1,6.499,
15500.0,light-1,3103,1,7.149,
15500.0,heavy,3102,0,3.762,ECONNREFUSED
15503.3,heavy,3102,0,5.820,ECONNREFUSED
15506.7,heavy,3103,1,2.462,
15510.0,heavy,3101,0,3.022,
15513.3,heavy,3102,0,3.150,ECONNREFUSED
15516.7,heavy,3103,1,1.851,
15520.0,heavy,3101,0,2.984,
15523.3,heavy,3102,0,2.459,ECONNREFUSED
15526.7,heavy,3103,1,2.360,
15530.0,heavy,3101,1,3.829,
15533.3,heavy,3102,0,3.514,ECONNREFUSED
15536.7,heavy,3103,0,1.508,
15540.0,heavy,3101,0,4.493,
15543.3,heavy,3102,0,3.171,ECONNREFUSED
15546.7,heavy,3103,1,2.002,
15550.0,heavy,3101,0,4.026,
15553.3,heavy,3102,0,2.110,ECONNREFUSED
15556.7,heavy,3103,1,2.136,
15560.0,heavy,3101,1,3.056,
15563.3,heavy,3102,0,2.809,ECONNREFUSED
15566.7,heavy,3103,0,1.040,
15570.0,heavy,3101,0,4.333,
15573.3,heavy,3102,0,2.575,ECONNREFUSED
15576.7,heavy,3103,1,1.396,
15580.0,heavy,3101,0,4.272,
15583.3,heavy,3102,0,1.764,ECONNREFUSED
15586.7,heavy,3103,1,2.284,
15590.0,heavy,3101,1,3.654,
15593.3,heavy,3102,0,2.872,ECONNREFUSED
15596.7,heavy,3103,0,1.710,
15600.0,light-2,3103,1,3.924,
15600.0,light-4,3102,0,5.895,ECONNREFUSED
15600.0,light-1,3102,0,6.256,ECONNREFUSED
15600.0,light-3,3101,1,8.219,
15600.0,light-5,3103,1,10.127,
15600.0,heavy,3101,0,7.102,
15603.3,heavy,3102,0,5.788,ECONNREFUSED
15606.7,heavy,3103,1,1.696,
15610.0,heavy,3101,0,7.597,
15613.3,heavy,3101,1,10.427,
15616.7,heavy,3102,0,6.652,ECONNREFUSED
15620.0,heavy,3103,1,7.452,
15623.3,heavy,3101,0,5.486,
15626.7,heavy,3102,0,19.509,ECONNREFUSED
15630.0,heavy,3103,0,1.086,
15633.3,heavy,3101,1,10.792,
15636.7,heavy,3102,0,7.137,ECONNREFUSED
15640.0,heavy,3103,1,1.398,
15643.3,heavy,3101,0,9.490,
15646.7,heavy,3102,0,2.392,ECONNREFUSED
15650.0,heavy,3103,0,0.693,
15653.3,heavy,3101,1,13.840,
15656.7,heavy,3102,0,1.612,ECONNREFUSED
15660.0,heavy,3103,1,0.957,
15663.3,heavy,3101,0,3.240,
15666.7,heavy,3102,0,7.189,ECONNREFUSED
15670.0,heavy,3103,0,0.954,
15673.3,heavy,3101,0,1.959,
15676.7,heavy,3102,0,1.989,ECONNREFUSED
15680.0,heavy,3103,1,1.183,
15683.3,heavy,3101,1,2.850,
15686.7,heavy,3102,0,2.469,ECONNREFUSED
15690.0,heavy,3103,0,0.847,
15693.3,heavy,3101,1,5.158,
15696.7,heavy,3102,0,4.418,ECONNREFUSED
15700.0,light-2,3103,1,2.705,
15700.0,light-1,3102,0,4.317,ECONNREFUSED
15700.0,light-4,3102,0,4.258,ECONNREFUSED
15700.0,light-5,3103,1,4.458,
15700.0,light-3,3101,1,5.376,
15700.0,heavy,3103,1,2.246,
15703.3,heavy,3101,0,5.322,
15706.7,heavy,3101,0,3.176,
15710.0,heavy,3102,0,1.629,ECONNREFUSED
15713.3,heavy,3103,1,0.913,
15716.7,heavy,3101,0,2.000,
15720.0,heavy,3102,0,2.113,ECONNREFUSED
15723.3,heavy,3103,0,1.287,
15726.7,heavy,3101,1,4.615,
15730.0,heavy,3102,0,3.755,ECONNREFUSED
15733.3,heavy,3103,1,1.973,
15736.7,heavy,3101,0,4.348,
15740.0,heavy,3102,0,3.206,ECONNREFUSED
15743.3,heavy,3103,0,1.768,
15746.7,heavy,3101,1,4.396,
15750.0,heavy,3102,0,2.730,ECONNREFUSED
15753.3,heavy,3103,0,1.406,
15756.7,heavy,3101,1,4.935,
15760.0,heavy,3102,0,19.635,ECONNREFUSED
15763.3,heavy,3103,1,1.393,
15766.7,heavy,3101,0,4.858,
15770.0,heavy,3102,0,16.535,ECONNREFUSED
15773.3,heavy,3103,1,6.658,
15776.7,heavy,3101,0,9.005,
15780.0,heavy,3102,0,3.980,ECONNREFUSED
15783.3,heavy,3103,1,2.246,
15786.7,heavy,3101,0,2.912,
15790.0,heavy,3102,0,2.900,ECONNREFUSED
15793.3,heavy,3103,0,1.644,
15796.7,heavy,3101,1,7.306,
15800.0,light-2,3103,1,3.645,
15800.0,light-1,3102,0,5.735,ECONNREFUSED
15800.0,light-4,3102,0,6.528,ECONNREFUSED
15800.0,light-5,3103,1,6.610,
15800.0,light-3,3101,1,8.077,
15800.0,heavy,3102,0,6.015,ECONNREFUSED
15803.3,heavy,3103,1,3.109,
15806.7,heavy,3101,0,7.110,
15810.0,heavy,3101,0,5.827,
15813.3,heavy,3102,0,3.291,ECONNREFUSED
15816.7,heavy,3103,1,1.337,
15820.0,heavy,3101,0,3.123,
15823.3,heavy,3102,0,3.293,ECONNREFUSED
15826.7,heavy,3103,1,1.223,
15830.0,heavy,3101,0,3.397,
15833.3,heavy,3102,0,2.640,ECONNREFUSED
15836.7,heavy,3103,1,1.497,
15840.0,heavy,3101,0,4.625,
15843.3,heavy,3102,0,2.984,ECONNREFUSED
15846.7,heavy,3103,1,1.610,
15850.0,heavy,3101,0,4.826,
15853.3,heavy,3102,0,3.608,ECONNREFUSED
15856.7,heavy,3103,1,1.078,
15860.0,heavy,3101,0,3.997,
15863.3,heavy,3102,0,3.144,ECONNREFUSED
15866.7,heavy,3103,1,1.200,
15870.0,heavy,3101,0,3.324,
15873.3,heavy,3102,0,2.167,ECONNREFUSED
15876.7,heavy,3103,1,2.216,
15880.0,heavy,3101,0,3.509,
15883.3,heavy,3102,0,2.752,ECONNREFUSED
15886.7,heavy,3103,1,0.876,
15890.0,heavy,3101,0,6.787,
15893.3,heavy,3102,0,5.811,ECONNREFUSED
15896.7,heavy,3103,1,2.616,
15900.0,light-2,3103,1,2.139,
15900.0,light-1,3102,0,5.188,ECONNREFUSED
15900.0,light-5,3103,1,5.500,
15900.0,light-4,3102,0,5.848,ECONNREFUSED
15900.0,light-3,3101,1,6.724,
15900.0,heavy,3101,0,6.359,
15903.3,heavy,3101,1,5.103,
15906.7,heavy,3102,0,2.042,ECONNREFUSED
15910.0,heavy,3103,1,2.742,
15913.3,heavy,3101,0,3.685,
15916.7,heavy,3102,0,2.333,ECONNREFUSED
15920.0,heavy,3103,0,0.950,
15923.3,heavy,3101,0,3.564,
15926.7,heavy,3102,0,2.471,ECONNREFUSED
15930.0,heavy,3103,1,1.462,
15933.3,heavy,3101,0,2.927,
15936.7,heavy,3102,0,2.218,ECONNREFUSED
15940.0,heavy,3103,1,1.287,
15943.3,heavy,3101,1,3.226,
15946.7,heavy,3102,0,2.375,ECONNREFUSED
15950.0,heavy,3103,1,2.361,
15953.3,heavy,3101,0,5.067,
15956.7,heavy,3102,0,2.327,ECONNREFUSED
15960.0,heavy,3103,0,3.409,
15963.3,heavy,3101,0,2.975,
15966.7,heavy,3102,0,1.855,ECONNREFUSED
15970.0,heavy,3103,1,2.027,
15973.3,heavy,3101,1,3.160,
15976.7,heavy,3102,0,2.598,ECONNREFUSED
15980.0,heavy,3103,1,1.668,
15983.3,heavy,3101,0,3.997,
15986.7,heavy,3102,0,3.443,ECONNREFUSED
15990.0,heavy,3103,0,2.881,
15993.3,heavy,3101,0,3.243,
15996.7,heavy,3102,0,2.455,ECONNREFUSED
16000.0,light-4,3103,1,4.075,
16000.0,light-5,3101,1,4.523,
16000.0,light-3,3102,0,4.971,ECONNREFUSED
16000.0,light-1,3103,1,6.694,
16000.0,light-2,3101,1,6.752,
16000.0,heavy,3103,1,2.602,
16003.3,heavy,3101,1,6.792,
16006.7,heavy,3102,0,4.057,ECONNREFUSED
16010.0,heavy,3102,0,5.232,ECONNREFUSED
16013.3,heavy,3103,0,1.672,
16016.7,heavy,3101,1,3.695,
16020.0,heavy,3102,0,3.000,ECONNREFUSED
16023.3,heavy,3103,0,1.055,
16026.7,heavy,3101,1,4.331,
16030.0,heavy,3102,0,3.005,ECONNREFUSED
16033.3,heavy,3103,1,1.471,
16036.7,heavy,3101,0,4.584,
16040.0,heavy,3102,0,2.814,ECONNREFUSED
16043.3,heavy,3103,1,2.712,
16046.7,heavy,3101,0,3.722,
16050.0,heavy,3102,0,3.992,ECONNREFUSED
16053.3,heavy,3103,0,1.982,
16056.7,heavy,3101,1,3.195,
16060.0,heavy,3102,0,2.560,ECONNREFUSED
16063.3,heavy,3103,1,1.620,
16066.7,heavy,3101,0,3.378,
16070.0,heavy,3102,0,3.104,ECONNREFUSED
16073.3,heavy,3103,0,1.298,
16076.7,heavy,3101,1,3.771,
16080.0,heavy,3102,0,3.116,ECONNREFUSED
16083.3,heavy,3103,1,1.698,
16086.7,heavy,3101,0,3.777,
16090.0,heavy,3102,0,2.784,ECONNREFUSED
16093.3,heavy,3103,0,1.358,
16096.7,heavy,3101,1,6.566,
16100.0,light-3,3102,0,2.211,ECONNREFUSED
16100.0,light-4,3103,1,3.061,
16100.0,light-5,3101,1,4.213,
16100.0,light-1,3103,1,6.224,
16100.0,light-2,3101,1,7.058,
16100.0,heavy,3102,0,5.115,ECONNREFUSED
16103.3,heavy,3102,0,4.498,ECONNREFUSED
16106.7,heavy,3103,1,1.105,
16110.0,heavy,3101,0,3.880,
16113.3,heavy,3102,0,4.042,ECONNREFUSED
16116.7,heavy,3103,1,1.772,
16120.0,heavy,3101,0,3.243,
16123.3,heavy,3102,0,2.181,ECONNREFUSED
16126.7,heavy,3103,1,1.462,
16130.0,heavy,3101,0,3.408,
16133.3,heavy,3102,0,2.164,ECONNREFUSED
16136.7,heavy,3103,1,1.515,
16140.0,heavy,3101,0,3.592,
16143.3,heavy,3102,0,2.641,ECONNREFUSED
16146.7,heavy,3103,1,1.480,
16150.0,heavy,3101,0,3.860,
16153.3,heavy,3102,0,2.717,ECONNREFUSED
16156.7,heavy,3103,1,1.285,
16160.0,heavy,3101,0,4.046,
16163.3,heavy,3102,0,2.441,ECONNREFUSED
16166.7,heavy,3103,1,1.103,
16170.0,heavy,3101,0,3.387,
16173.3,heavy,3102,0,2.623,ECONNREFUSED
16176.7,heavy,3103,1,1.517,
16180.0,heavy,3101,0,4.360,
16183.3,heavy,3102,0,3.142,ECONNREFUSED
16186.7,heavy,3103,1,1.762,
16190.0,heavy,3101,0,4.895,
16193.3,heavy,3102,0,3.079,ECONNREFUSED
16196.7,heavy,3103,1,1.018,
16200.0,light-3,3103,1,3.359,
16200.0,light-1,3101,1,4.280,
16200.0,light-2,3102,0,5.961,ECONNREFUSED
16200.0,light-5,3102,0,6.782,ECONNREFUSED
16200.0,light-4,3101,1,7.032,
16200.0,heavy,3101,0,6.264,
16203.3,heavy,3102,0,5.855,ECONNREFUSED
16206.7,heavy,3103,1,2.844,
16210.0,heavy,3103,0,3.515,
16213.3,heavy,3101,1,2.797,
16216.7,heavy,3102,0,1.988,ECONNREFUSED
16220.0,heavy,3103,0,1.345,
16223.3,heavy,3101,0,2.711,
16226.7,heavy,3102,0,4.133,ECONNREFUSED
16230.0,heavy,3103,1,2.290,
16233.3,heavy,3101,0,4.590,
16236.7,heavy,3102,0,4.794,ECONNREFUSED
16240.0,heavy,3103,1,1.869,
16243.3,heavy,3101,0,2.787,
16246.7,heavy,3102,0,3.513,ECONNREFUSED
16250.0,heavy,3103,1,1.582,
16253.3,heavy,3101,1,3.541,
16256.7,heavy,3102,0,2.772,ECONNREFUSED
16260.0,heavy,3103,1,1.657,
16263.3,heavy,3101,0,3.847,
16266.7,heavy,3102,0,3.485,ECONNREFUSED
16270.0,heavy,3103,0,1.798,
16273.3,heavy,3101,0,2.818,
16276.7,heavy,3102,0,2.002,ECONNREFUSED
16280.0,heavy,3103,1,1.586,
16283.3,heavy,3101,1,4.911,
16286.7,heavy,3102,0,2.123,ECONNREFUSED
16290.0,heavy,3103,0,0.950,
16293.3,heavy,3101,0,5.407,
16296.7,heavy,3102,0,5.403,ECONNREFUSED
16300.0,light-3,3103,1,2.912,
16300.0,light-1,3101,1,3.606,
16300.0,light-4,3101,1,5.100,
16300.0,light-2,3102,0,5.606,ECONNREFUSED
16300.0,light-5,3102,0,6.018,ECONNREFUSED
16300.0,heavy,3103,1,2.518,
16303.3,heavy,3103,0,2.451,
16306.7,heavy,3101,1,2.859,
16310.0,heavy,3102,0,2.202,ECONNREFUSED
16313.3,heavy,3103,1,1.557,
16316.7,heavy,3101,0,3.006,
16320.0,heavy,3102,0,1.959,ECONNREFUSED
16323.3,heavy,3103,1,1.836,
16326.7,heavy,3101,0,2.689,
16330.0,heavy,3102,0,2.246,ECONNREFUSED
16333.3,heavy,3103,0,1.830,
16336.7,heavy,3101,1,4.576,
16340.0,heavy,3102,0,3.047,ECONNREFUSED
16343.3,heavy,3103,1,1.401,
16346.7,heavy,3101,0,4.866,
16350.0,heavy,3102,0,4.019,ECONNREFUSED
16353.3,heavy,3103,0,1.202,
16356.7,heavy,3101,1,3.591,
16360.0,heavy,3102,0,2.758,ECONNREFUSED
16363.3,heavy,3103,1,1.216,
16366.7,heavy,3101,0,3.718,
16370.0,heavy,3102,0,1.942,ECONNREFUSED
16373.3,heavy,3103,1,2.068,
16376.7,heavy,3101,0,3.469,
16380.0,heavy,3102,0,2.573,ECONNREFUSED
16383.3,heavy,3103,0,1.003,
16386.7,heavy,3101,1,4.421,
16390.0,heavy,3102,0,2.692,ECONNREFUSED
16393.3,heavy,3103,1,1.327,
16396.7,heavy,3101,0,4.936,
16400.0,light-4,3103,1,3.599,
16400.0,light-5,3101,1,3.682,
16400.0,light-3,3102,0,4.448,ECONNREFUSED
16400.0,light-2,3101,1,4.643,
16400.0,light-1,3103,1,5.245,
16400.0,heavy,3102,0,4.722,ECONNREFUSED
16403.3,heavy,3102,0,4.476,ECONNREFUSED
16406.7,heavy,3103,1,1.443,
16410.0,heavy,3101,0,3.453,
16413.3,heavy,3102,0,1.964,ECONNREFUSED
16416.7,heavy,3103,1,2.530,
16420.0,heavy,3101,0,5.176,
16423.3,heavy,3102,0,2.614,ECONNREFUSED
16426.7,heavy,3103,1,2.082,
16430.0,heavy,3101,0,2.799,
16433.3,heavy,3102,0,3.929,ECONNREFUSED
16436.7,heavy,3103,1,1.881,
16440.0,heavy,3101,0,4.720,
16443.3,heavy,3102,0,4.004,ECONNREFUSED
16446.7,heavy,3103,1,0.984,
16450.0,heavy,3101,0,2.733,
16453.3,heavy,3102,0,2.126,ECONNREFUSED
16456.7,heavy,3103,1,1.164,
16460.0,heavy,3101,0,2.331,
16463.3,heavy,3102,0,4.578,ECONNREFUSED
16466.7,heavy,3103,1,1.606,
16470.0,heavy,3101,0,4.802,
16473.3,heavy,3102,0,4.756,ECONNREFUSED
16476.7,heavy,3103,1,1.162,
16480.0,heavy,3101,0,3.680,
16483.3,heavy,3102,0,3.188,ECONNREFUSED
16486.7,heavy,3103,1,1.579,
16490.0,heavy,3101,0,3.406,
16493.3,heavy,3102,0,2.080,ECONNREFUSED
16496.7,heavy,3103,1,1.031,
16500.0,light-4,3103,1,3.469,
16500.0,light-3,3102,0,3.849,ECONNREFUSED
16500.0,light-5,3101,1,4.416,
16500.0,light-1,3103,1,6.341,
16500.0,light-2,3101,1,6.442,
16500.0,heavy,3101,1,6.193,
16503.3,heavy,3102,0,3.667,ECONNREFUSED
16506.7,heavy,3102,0,5.011,ECONNREFUSED
16510.0,heavy,3103,0,1.715,
16513.3,heavy,3101,1,3.506,
16516.7,heavy,3102,0,2.552,ECONNREFUSED
16520.0,heavy,3103,0,1.902,
16523.3,heavy,3101,1,3.527,
16526.7,heavy,3102,0,1.993,ECONNREFUSED
16530.0,heavy,3103,1,1.200,
16533.3,heavy,3101,0,4.004,
16536.7,heavy,3102,0,1.964,ECONNREFUSED
16540.0,heavy,3103,1,1.838,
16543.3,heavy,3101,0,3.465,
16546.7,heavy,3102,0,2.593,ECONNREFUSED
16550.0,heavy,3103,0,2.062,
16553.3,heavy,3101,0,2.870,
16556.7,heavy,3102,0,3.139,ECONNREFUSED
16560.0,heavy,3103,1,1.872,
16563.3,heavy,3101,1,3.198,
16566.7,heavy,3102,0,2.752,ECONNREFUSED
16570.0,heavy,3103,0,0.998,
16573.3,heavy,3101,0,4.199,
16576.7,heavy,3102,0,2.769,ECONNREFUSED
16580.0,heavy,3103,1,1.642,
16583.3,heavy,3101,0,2.593,
16586.7,heavy,3102,0,4.571,ECONNREFUSED
16590.0,heavy,3103,1,1.876,
16593.3,heavy,3101,1,4.328,
16596.7,heavy,3102,0,5.922,ECONNREFUSED
16600.0,light-1,3101,1,3.668,
16600.0,light-3,3103,1,3.559,
16600.0,light-4,3101,1,5.125,
16600.0,light-2,3102,0,6.039,ECONNREFUSED
16600.0,light-5,3102,0,5.965,ECONNREFUSED
16600.0,heavy,3103,0,3.368,
16603.3,heavy,3103,0,1.647,
16606.7,heavy,3101,1,2.801,
16610.0,heavy,3102,0,2.161,ECONNREFUSED
16613.3,heavy,3103,1,2.350,
16616.7,heavy,3101,0,4.515,
16620.0,heavy,3102,0,3.526,ECONNREFUSED
16623.3,heavy,3103,1,2.554,
16626.7,heavy,3101,0,4.953,
16630.0,heavy,3102,0,3.642,ECONNREFUSED
16633.3,heavy,3103,0,1.102,
16636.7,heavy,3101,1,3.524,
16640.0,heavy,3102,0,2.810,ECONNREFUSED
16643.3,heavy,3103,1,1.567,
16646.7,heavy,3101,0,3.475,
16650.0,heavy,3102,0,1.718,ECONNREFUSED
16653.3,heavy,3103,1,1.865,
16656.7,heavy,3101,0,3.009,
16660.0,heavy,3102,0,2.344,ECONNREFUSED
16663.3,heavy,3103,0,0.895,
16666.7,heavy,3101,1,4.331,
16670.0,heavy,3102,0,3.175,ECONNREFUSED
16673.3,heavy,3103,1,1.934,
16676.7,heavy,3101,0,3.587,
16680.0,heavy,3102,0,1.752,ECONNREFUSED
16683.3,heavy,3103,1,2.122,
16686.7,heavy,3101,0,3.064,
16690.0,heavy,3102,0,2.501,ECONNREFUSED
16693.3,heavy,3103,0,1.008,
16696.7,heavy,3101,1,5.839,
16700.0,light-3,3103,1,3.207,
16700.0,light-1,3101,1,3.827,
16700.0,light-5,3102,0,5.463,ECONNREFUSED
16700.0,light-4,3101,1,5.707,
16700.0,light-2,3102,0,6.104,ECONNREFUSED
16700.0,heavy,3102,0,5.404,ECONNREFUSED
16703.3,heavy,3103,1,2.602,
16706.7,heavy,3103,0,3.231,
16710.0,heavy,3101,0,3.306,
16713.3,heavy,3102,0,2.983,ECONNREFUSED
16716.7,heavy,3103,1,1.347,
16720.0,heavy,3101,0,2.990,
16723.3,heavy,3102,0,2.507,ECONNREFUSED
16726.7,heavy,3103,1,1.218,
16730.0,heavy,3101,0,3.743,
16733.3,heavy,3102,0,2.960,ECONNREFUSED
16736.7,heavy,3103,1,1.718,
16740.0,heavy,3101,0,2.608,
16743.3,heavy,3102,0,3.436,ECONNREFUSED
16746.7,heavy,3103,1,1.848,
16750.0,heavy,3101,0,3.563,
16753.3,heavy,3102,0,4.154,ECONNREFUSED
16756.7,heavy,3103,1,1.344,
16760.0,heavy,3101,0,3.956,
16763.3,heavy,3102,0,4.442,ECONNREFUSED
16766.7,heavy,3103,1,1.865,
16770.0,heavy,3101,0,3.006,
16773.3,heavy,3102,0,2.014,ECONNREFUSED
16776.7,heavy,3103,1,1.831,
16780.0,heavy,3101,0,3.034,
16783.3,heavy,3102,0,2.343,ECONNREFUSED
16786.7,heavy,3103,1,1.169,
16790.0,heavy,3101,0,7.051,
16793.3,heavy,3102,0,5.729,ECONNREFUSED
16796.7,heavy,3103,1,2.586,
16800.0,light-2,3103,1,2.884,
16800.0,light-1,3102,0,5.099,ECONNREFUSED
16800.0,light-4,3102,0,5.221,ECONNREFUSED
16800.0,light-5,3103,1,6.173,
16800.0,light-3,3101,1,7.658,
16800.0,heavy,3101,0,6.766,
16803.3,heavy,3101,1,6.046,
16806.7,heavy,3102,0,2.953,ECONNREFUSED
16810.0,heavy,3103,0,1.032,
16813.3,heavy,3101,1,3.580,
16816.7,heavy,3102,0,3.065,ECONNREFUSED
16820.0,heavy,3103,0,1.237,
16823.3,heavy,3101,0,4.109,
16826.7,heavy,3102,0,2.359,ECONNREFUSED
16830.0,heavy,3103,1,1.300,
16833.3,heavy,3101,1,2.623,
16836.7,heavy,3102,0,2.581,ECONNREFUSED
16840.0,heavy,3103,1,1.529,
16843.3,heavy,3101,0,3.539,
16846.7,heavy,3102,0,2.615,ECONNREFUSED
16850.0,heavy,3103,0,1.258,
16853.3,heavy,3101,0,3.041,
16856.7,heavy,3102,0,2.455,ECONNREFUSED
16860.0,heavy,3103,1,1.202,
16863.3,heavy,3101,0,2.899,
16866.7,heavy,3102,0,1.980,ECONNREFUSED
16870.0,heavy,3103,1,1.832,
16873.3,heavy,3101,1,3.670,
16876.7,heavy,3102,0,2.618,ECONNREFUSED
16880.0,heavy,3103,0,1.017,
16883.3,heavy,3101,0,3.979,
16886.7,heavy,3102,0,3.281,ECONNREFUSED
16890.0,heavy,3103,1,1.682,
16893.3,heavy,3101,0,2.406,
16896.7,heavy,3102,0,6.546,ECONNREFUSED
16900.0,light-4,3103,1,4.749,
16900.0,light-5,3101,1,4.871,
16900.0,light-3,3102,0,6.087,ECONNREFUSED
16900.0,light-1,3103,1,6.933,
16900.0,light-2,3101,1,6.991,
16900.0,heavy,3103,1,3.327,
16903.3,heavy,3101,1,6.560,
16906.7,heavy,3102,0,6.157,ECONNREFUSED
16910.0,heavy,3102,0,5.883,ECONNREFUSED
16913.3,heavy,3103,0,2.718,
16916.7,heavy,3101,1,3.459,
16920.0,heavy,3102,0,2.080,ECONNREFUSED
16923.3,heavy,3103,0,1.436,
16926.7,heavy,3101,1,4.782,
16930.0,heavy,3102,0,3.488,ECONNREFUSED
16933.3,heavy,3103,1,2.481,
16936.7,heavy,3101,0,4.964,
16940.0,heavy,3102,0,3.586,ECONNREFUSED
16943.3,heavy,3103,0,1.139,
16946.7,heavy,3101,1,3.515,
16950.0,heavy,3102,0,3.046,ECONNREFUSED
16953.3,heavy,3103,1,1.643,
16956.7,heavy,3101,0,2.800,
16960.0,heavy,3102,0,3.912,ECONNREFUSED
16963.3,heavy,3103,1,1.367,
16966.7,heavy,3101,0,3.712,
16970.0,heavy,3102,0,4.189,ECONNREFUSED
16973.3,heavy,3103,0,1.051,
16976.7,heavy,3101,1,3.634,
16980.0,heavy,3102,0,2.949,ECONNREFUSED
16983.3,heavy,3103,1,1.163,
16986.7,heavy,3101,0,3.418,
16990.0,heavy,3102,0,1.992,ECONNREFUSED
16993.3,heavy,3103,1,2.607,
16996.7,heavy,3101,0,5.469,
17000.0,light-3,3102,0,3.709,ECONNREFUSED
17000.0,light-4,3103,1,3.847,
17000.0,light-5,3101,1,4.354,
17000.0,light-2,3101,1,5.871,
17000.0,light-1,3103,1,6.662,
17000.0,heavy,3102,0,4.624,ECONNREFUSED
17003.3,heavy,3102,0,4.959,ECONNREFUSED
17006.7,heavy,3103,1,1.093,
17010.0,heavy,3101,0,3.253,
17013.3,heavy,3102,0,2.658,ECONNREFUSED
17016.7,heavy,3103,1,1.105,
17020.0,heavy,3101,0,4.620,
17023.3,heavy,3102,0,3.448,ECONNREFUSED
17026.7,heavy,3103,1,1.792,
17030.0,heavy,3101,0,4.876,
17033.3,heavy,3102,0,3.540,ECONNREFUSED
17036.7,heavy,3103,1,1.172,
17040.0,heavy,3101,0,4.105,
17043.3,heavy,3102,0,3.253,ECONNREFUSED
17046.7,heavy,3103,1,1.566,
17050.0,heavy,3101,0,3.529,
17053.3,heavy,3102,0,2.207,ECONNREFUSED
17056.7,heavy,3103,1,1.214,
17060.0,heavy,3101,0,3.111,
17063.3,heavy,3102,0,2.446,ECONNREFUSED
17066.7,heavy,3103,1,1.162,
17070.0,heavy,3101,0,4.291,
17073.3,heavy,3102,0,3.115,ECONNREFUSED
17076.7,heavy,3103,1,1.863,
17080.0,heavy,3101,0,3.856,
17083.3,heavy,3102,0,1.985,ECONNREFUSED
17086.7,heavy,3103,1,1.237,
17090.0,heavy,3101,1,3.294,
17093.3,heavy,3102,0,2.364,ECONNREFUSED
17096.7,heavy,3103,0,1.083,
17100.0,light-3,3103,1,3.411,
17100.0,light-1,3101,1,4.603,
17100.0,light-5,3102,0,6.058,ECONNREFUSED
17100.0,light-2,3102,0,6.484,ECONNREFUSED
17100.0,light-4,3101,1,7.212,
17100.0,heavy,3101,0,6.663,
17103.3,heavy,3102,0,5.812,ECONNREFUSED
17106.7,heavy,3103,1,3.119,
17110.0,heavy,3103,0,3.160,
17113.3,heavy,3101,0,4.419,
17116.7,heavy,3102,0,2.176,ECONNREFUSED
17120.0,heavy,3103,1,1.664,
17123.3,heavy,3101,1,3.863,
17126.7,heavy,3102,0,2.737,ECONNREFUSED
17130.0,heavy,3103,1,2.815,
17133.3,heavy,3101,0,4.706,
17136.7,heavy,3102,0,3.610,ECONNREFUSED
17140.0,heavy,3103,0,2.362,
17143.3,heavy,3101,0,3.741,
17146.7,heavy,3102,0,3.438,ECONNREFUSED
17150.0,heavy,3103,1,1.316,
17153.3,heavy,3101,1,3.841,
17156.7,heavy,3102,0,2.232,ECONNREFUSED
17160.0,heavy,3103,0,1.176,
17163.3,heavy,3101,0,3.832,
17166.7,heavy,3102,0,2.297,ECONNREFUSED
17170.0,heavy,3103,1,1.241,
17173.3,heavy,3101,0,4.950,
17176.7,heavy,3102,0,2.554,ECONNREFUSED
17180.0,heavy,3103,1,2.217,
17183.3,heavy,3101,1,3.651,
17186.7,heavy,3102,0,3.143,ECONNREFUSED
17190.0,heavy,3103,0,1.198,
17193.3,heavy,3101,1,8.984,
17196.7,heavy,3102,0,6.131,ECONNREFUSED
17200.0,light-2,3103,1,3.759,
17200.0,light-1,3102,0,5.113,ECONNREFUSED
17200.0,light-4,3102,0,5.357,ECONNREFUSED
17200.0,light-5,3103,1,7.035,
17200.0,light-3,3101,1,11.011,
17200.0,heavy,3103,1,2.692,
17203.3,heavy,3101,0,9.316,
17206.7,heavy,3101,0,8.528,
17210.0,heavy,3102,0,3.409,ECONNREFUSED
17213.3,heavy,3103,0,1.616,
17216.7,heavy,3101,1,3.667,
17220.0,heavy,3102,0,3.502,ECONNREFUSED
17223.3,heavy,3103,0,1.375,
17226.7,heavy,3101,1,4.354,
17230.0,heavy,3102,0,3.140,ECONNREFUSED
17233.3,heavy,3103,1,1.850,
17236.7,heavy,3101,0,3.861,
17240.0,heavy,3102,0,2.390,ECONNREFUSED
17243.3,heavy,3103,0,1.018,
17246.7,heavy,3101,1,3.284,
17250.0,heavy,3102,0,2.338,ECONNREFUSED
17253.3,heavy,3103,0,0.856,
17256.7,heavy,3101,1,3.542,
17260.0,heavy,3102,0,2.430,ECONNREFUSED
17263.3,heavy,3103,1,1.505,
17266.7,heavy,3101,0,2.889,
17270.0,heavy,3102,0,1.900,ECONNREFUSED
17273.3,heavy,3103,1,1.874,
17276.7,heavy,3101,0,3.200,
17280.0,heavy,3102,0,2.357,ECONNREFUSED
17283.3,heavy,3103,0,0.990,
17286.7,heavy,3101,1,3.174,
17290.0,heavy,3102,0,2.245,ECONNREFUSED
17293.3,heavy,3103,1,1.243,
17296.7,heavy,3101,0,3.739,
17300.0,light-4,3103,1,2.338,
17300.0,light-5,3101,1,2.453,
17300.0,light-3,3102,0,3.027,ECONNREFUSED
17300.0,light-2,3101,1,3.259,
17300.0,light-1,3103,1,3.934,
17300.0,heavy,3102,0,3.198,ECONNREFUSED
17303.3,heavy,3102,0,2.268,ECONNREFUSED
17306.7,heavy,3103,1,1.089,
17310.0,heavy,3101,0,4.248,
17313.3,heavy,3102,0,2.223,ECONNREFUSED
17316.7,heavy,3103,1,1.241,
17320.0,heavy,3101,0,4.256,
17323.3,heavy,3102,0,3.024,ECONNREFUSED
17326.7,heavy,3103,1,1.825,
17330.0,heavy,3101,0,3.288,
17333.3,heavy,3102,0,2.190,ECONNREFUSED
17336.7,heavy,3103,1,1.098,
17340.0,heavy,3101,1,3.662,
17343.3,heavy,3102,0,2.736,ECONNREFUSED
17346.7,heavy,3103,0,1.698,
17350.0,heavy,3101,0,4.794,
17353.3,heavy,3102,0,2.983,ECONNREFUSED
17356.7,heavy,3103,1,1.399,
17360.0,heavy,3101,0,4.898,
17363.3,heavy,3102,0,2.525,ECONNREFUSED
17366.7,heavy,3103,1,2.433,
17370.0,heavy,3101,1,4.123,
17373.3,heavy,3102,0,2.992,ECONNREFUSED
17376.7,heavy,3103,0,1.842,
17380.0,heavy,3101,0,2.720,
17383.3,heavy,3102,0,3.804,ECONNREFUSED
17386.7,heavy,3103,1,1.014,
17390.0,heavy,3101,0,2.739,
17393.3,heavy,3102,0,2.333,ECONNREFUSED
17396.7,heavy,3103,1,2.766,
17400.0,light-3,3103,1,3.683,
17400.0,light-1,3101,1,4.495,
17400.0,light-2,3102,0,4.917,ECONNREFUSED
17400.0,light-5,3102,0,5.579,ECONNREFUSED
17400.0,light-4,3101,1,5.791,
17400.0,heavy,3101,0,5.787,
17403.3,heavy,3102,0,5.029,ECONNREFUSED
17406.7,heavy,3103,1,2.953,
17410.0,heavy,3103,0,2.222,
17413.3,heavy,3101,0,2.552,
17416.7,heavy,3102,0,1.999,ECONNREFUSED
17420.0,heavy,3103,1,2.008,
17423.3,heavy,3101,0,3.460,
17426.7,heavy,3102,0,2.889,ECONNREFUSED
17430.0,heavy,3103,1,2.348,
17433.3,heavy,3101,0,2.896,
17436.7,heavy,3102,0,1.885,ECONNREFUSED
17440.0,heavy,3103,1,2.206,
17443.3,heavy,3101,1,3.605,
17446.7,heavy,3102,0,2.207,ECONNREFUSED
17450.0,heavy,3103,0,0.992,
17453.3,heavy,3101,1,2.720,
17456.7,heavy,3102,0,2.042,ECONNREFUSED
17460.0,heavy,3103,1,1.467,
17463.3,heavy,3101,0,3.010,
17466.7,heavy,3102,0,4.828,ECONNREFUSED
17470.0,heavy,3103,0,1.183,
17473.3,heavy,3101,0,2.856,
17476.7,heavy,3102,0,7.871,ECONNREFUSED
17480.0,heavy,3103,1,1.199,
17483.3,heavy,3101,1,4.140,
17486.7,heavy,3102,0,2.335,ECONNREFUSED
17490.0,heavy,3103,0,1.260,
17493.3,heavy,3101,0,3.117,
17496.7,heavy,3102,0,2.417,ECONNREFUSED
17500.0,light-1,3101,1,1.762,
17500.0,light-3,3103,1,2.290,
17500.0,light-5,3102,0,3.059,ECONNREFUSED
17500.0,light-4,3101,1,3.473,
17500.0,light-2,3102,0,5.631,ECONNREFUSED
17500.0,heavy,3103,1,1.994,
17503.3,heavy,3103,0,1.038,
17506.7,heavy,3101,1,3.094,
17510.0,heavy,3102,0,1.949,ECONNREFUSED
17513.3,heavy,3103,1,2.019,
17516.7,heavy,3101,0,3.469,
17520.0,heavy,3102,0,2.939,ECONNREFUSED
17523.3,heavy,3103,0,1.212,
17526.7,heavy,3101,1,3.971,
17530.0,heavy,3102,0,2.288,ECONNREFUSED
17533.3,heavy,3103,1,1.247,
17536.7,heavy,3101,0,4.172,
17540.0,heavy,3102,0,2.125,ECONNREFUSED
17543.3,heavy,3103,1,2.172,
17546.7,heavy,3101,0,3.759,
17550.0,heavy,3102,0,2.780,ECONNREFUSED
17553.3,heavy,3103,0,1.927,
17556.7,heavy,3101,1,4.217,
17560.0,heavy,3102,0,3.053,ECONNREFUSED
17563.3,heavy,3103,1,1.651,
17566.7,heavy,3101,0,4.357,
17570.0,heavy,3102,0,2.490,ECONNREFUSED
17573.3,heavy,3103,1,1.602,
17576.7,heavy,3101,0,4.127,
17580.0,heavy,3102,0,3.569,ECONNREFUSED
17583.3,heavy,3103,0,1.775,
17586.7,heavy,3101,1,3.375,
17590.0,heavy,3102,0,3.098,ECONNREFUSED
17593.3,heavy,3103,1,1.246,
17596.7,heavy,3101,0,2.648,
17600.0,light-4,3103,1,2.726,
17600.0,light-5,3101,1,2.842,
17600.0,light-3,3102,0,3.511,ECONNREFUSED
17600.0,light-1,3103,1,4.491,
17600.0,light-2,3101,1,4.551,
17600.0,heavy,3102,0,3.700,ECONNREFUSED
17603.3,heavy,3102,0,2.131,ECONNREFUSED
17606.7,heavy,3103,1,1.195,
17610.0,heavy,3101,0,3.388,
17613.3,heavy,3102,0,2.909,ECONNREFUSED
17616.7,heavy,3103,1,1.157,
17620.0,heavy,3101,0,3.422,
17623.3,heavy,3102,0,2.888,ECONNREFUSED
17626.7,heavy,3103,1,1.586,
17630.0,heavy,3101,0,2.348,
17633.3,heavy,3102,0,3.400,ECONNREFUSED
17636.7,heavy,3103,1,1.465,
17640.0,heavy,3101,0,4.115,
17643.3,heavy,3102,0,4.545,ECONNREFUSED
17646.7,heavy,3103,1,1.191,
17650.0,heavy,3101,0,4.454,
17653.3,heavy,3102,0,3.235,ECONNREFUSED
17656.7,heavy,3103,1,2.035,
17660.0,heavy,3101,0,3.341,
17663.3,heavy,3102,0,2.280,ECONNREFUSED
17666.7,heavy,3103,1,2.000,
17670.0,heavy,3101,1,3.222,
17673.3,heavy,3102,0,3.018,ECONNREFUSED
17676.7,heavy,3103,0,1.094,
17680.0,heavy,3101,0,4.671,
17683.3,heavy,3102,0,2.813,ECONNREFUSED
17686.7,heavy,3103,1,1.387,
17690.0,heavy,3101,0,5.443,
17693.3,heavy,3102,0,3.030,ECONNREFUSED
17696.7,heavy,3103,1,0.916,
17700.0,light-3,3102,0,5.106,ECONNREFUSED
17700.0,light-5,3101,1,5.107,
17700.0,light-4,3103,1,5.910,
17700.0,light-2,3101,1,7.147,
17700.0,light-1,3103,1,7.354,
17700.0,heavy,3101,1,7.418,
17703.3,heavy,3102,0,4.754,ECONNREFUSED
17706.7,heavy,3102,0,5.529,ECONNREFUSED
17710.0,heavy,3103,0,3.365,
17713.3,heavy,3101,1,20.703,
17716.7,heavy,3102,0,2.933,ECONNREFUSED
17720.0,heavy,3103,1,1.088,
17723.3,heavy,3101,0,12.485,
17726.7,heavy,3102,0,3.632,ECONNREFUSED
17730.0,heavy,3103,0,1.470,
17733.3,heavy,3101,1,3.476,
17736.7,heavy,3102,0,2.690,ECONNREFUSED
17740.0,heavy,3103,0,1.310,
17743.3,heavy,3101,0,3.780,
17746.7,heavy,3102,0,3.142,ECONNREFUSED
17750.0,heavy,3103,1,1.722,
17753.3,heavy,3101,0,3.207,
17756.7,heavy,3102,0,2.435,ECONNREFUSED
17760.0,heavy,3103,1,1.260,
17763.3,heavy,3101,1,4.106,
17766.7,heavy,3102,0,2.214,ECONNREFUSED
17770.0,heavy,3103,0,0.824,
17773.3,heavy,3101,0,4.196,
17776.7,heavy,3102,0,4.272,ECONNREFUSED
17780.0,heavy,3103,1,1.109,
17783.3,heavy,3101,1,2.961,
17786.7,heavy,3102,0,1.903,ECONNREFUSED
17790.0,heavy,3103,1,1.441,
17793.3,heavy,3101,0,3.822,
17796.7,heavy,3102,0,4.115,ECONNREFUSED
17800.0,light-1,3101,1,3.447,
17800.0,light-3,3103,1,3.541,
17800.0,light-4,3101,1,4.879,
17800.0,light-2,3102,0,5.393,ECONNREFUSED
17800.0,light-5,3102,0,5.198,ECONNREFUSED
17800.0,heavy,3103,0,3.831,
17803.3,heavy,3103,0,2.279,
17806.7,heavy,3101,1,2.942,
17810.0,heavy,3102,0,2.321,ECONNREFUSED
17813.3,heavy,3103,0,1.071,
17816.7,heavy,3101,1,4.985,
17820.0,heavy,3102,0,2.933,ECONNREFUSED
17823.3,heavy,3103,1,1.508,
17826.7,heavy,3101,0,5.122,
17830.0,heavy,3102,0,1.959,ECONNREFUSED
17833.3,heavy,3103,0,1.143,
17836.7,heavy,3101,1,5.022,
17840.0,heavy,3102,0,3.229,ECONNREFUSED
17843.3,heavy,3103,1,1.537,
17846.7,heavy,3101,0,5.278,
17850.0,heavy,3102,0,4.511,ECONNREFUSED
17853.3,heavy,3103,0,1.457,
17856.7,heavy,3101,1,3.809,
17860.0,heavy,3102,0,2.466,ECONNREFUSED
17863.3,heavy,3103,1,1.570,
17866.7,heavy,3101,0,3.009,
17870.0,heavy,3102,0,2.109,ECONNREFUSED
17873.3,heavy,3103,1,2.077,
17876.7,heavy,3101,0,2.838,
17880.0,heavy,3102,0,2.305,ECONNREFUSED
17883.3,heavy,3103,0,0.799,
17886.7,heavy,3101,1,3.570,
17890.0,heavy,3102,0,2.322,ECONNREFUSED
17893.3,heavy,3103,1,1.415,
17896.7,heavy,3101,0,2.795,
17900.0,light-4,3103,1,4.329,
17900.0,light-5,3101,1,5.809,
17900.0,light-3,3102,0,6.412,ECONNREFUSED
17900.0,light-1,3103,1,7.694,
17900.0,light-2,3101,1,8.469,
17900.0,heavy,3102,0,6.590,ECONNREFUSED
17903.3,heavy,3103,1,3.217,
17906.7,heavy,3101,0,7.763,
17910.0,heavy,3102,0,6.485,ECONNREFUSED
17913.3,heavy,3102,0,7.020,ECONNREFUSED
17916.7,heavy,3103,1,2.012,
17920.0,heavy,3101,0,3.031,
17923.3,heavy,3102,0,1.882,ECONNREFUSED
17926.7,heavy,3103,1,1.406,
17930.0,heavy,3101,0,4.398,
17933.3,heavy,3102,0,3.312,ECONNREFUSED
17936.7,heavy,3103,1,2.389,
17940.0,heavy,3101,0,4.640,
17943.3,heavy,3102,0,3.242,ECONNREFUSED
17946.7,heavy,3103,1,1.008,
17950.0,heavy,3101,0,4.718,
17953.3,heavy,3102,0,3.659,ECONNREFUSED
17956.7,heavy,3103,1,2.396,
17960.0,heavy,3101,0,3.813,
17963.3,heavy,3102,0,2.075,ECONNREFUSED
17966.7,heavy,3103,1,1.805,
17970.0,heavy,3101,0,3.138,
17973.3,heavy,3102,0,2.387,ECONNREFUSED
17976.7,heavy,3103,1,1.921,
17980.0,heavy,3101,0,2.928,
17983.3,heavy,3102,0,2.162,ECONNREFUSED
17986.7,heavy,3103,1,2.279,
17990.0,heavy,3101,0,4.328,
17993.3,heavy,3102,0,3.958,ECONNREFUSED
17996.7,heavy,3103,1,1.892,
18000.0,light-2,3103,1,3.111,
18000.0,light-1,3102,0,4.975,ECONNREFUSED
18000.0,light-4,3102,0,4.924,ECONNREFUSED
18000.0,light-5,3103,1,5.455,
18000.0,light-3,3101,1,6.377,
18000.0,heavy,3101,0,6.150,
18003.3,heavy,3101,0,4.448,
18006.7,heavy,3102,0,3.157,ECONNREFUSED
18010.0,heavy,3103,1,1.743,
18013.3,heavy,3101,1,6.250,
18016.7,heavy,3102,0,5.773,ECONNREFUSED
18020.0,heavy,3103,1,2.692,
18023.3,heavy,3101,0,5.898,
18026.7,heavy,3102,0,4.463,ECONNREFUSED
18030.0,heavy,3103,0,2.704,
18033.3,heavy,3101,0,3.633,
18036.7,heavy,3102,0,2.251,ECONNREFUSED
18040.0,heavy,3103,1,1.667,
18043.3,heavy,3101,1,3.805,
18046.7,heavy,3102,0,2.500,ECONNREFUSED
18050.0,heavy,3103,0,1.506,
18053.3,heavy,3101,0,4.579,
18056.7,heavy,3102,0,3.318,ECONNREFUSED
18060.0,heavy,3103,1,1.959,
18063.3,heavy,3101,0,3.666,
18066.7,heavy,3102,0,2.448,ECONNREFUSED
18070.0,heavy,3103,1,1.906,
18073.3,heavy,3101,1,4.366,
18076.7,heavy,3102,0,3.100,ECONNREFUSED
18080.0,heavy,3103,0,1.705,
18083.3,heavy,3101,0,4.797,
18086.7,heavy,3102,0,5.722,ECONNREFUSED
18090.0,heavy,3103,1,1.778,
18093.3,heavy,3101,1,4.037,
18096.7,heavy,3102,0,2.956,ECONNREFUSED
18100.0,light-3,3102,0,4.459,ECONNREFUSED
18100.0,light-4,3103,1,6.875,
18100.0,light-5,3101,1,7.061,
18100.0,light-1,3103,1,9.200,
18100.0,light-2,3101,1,9.286,
18100.0,heavy,3103,1,2.549,
18103.3,heavy,3101,0,9.281,
18106.7,heavy,3102,0,12.435,ECONNREFUSED
18110.0,heavy,3102,0,9.762,ECONNREFUSED
18113.3,heavy,3103,0,4.052,
18116.7,heavy,3101,1,4.065,
18120.0,heavy,3102,0,2.294,ECONNREFUSED
18123.3,heavy,3103,1,2.419,
18126.7,heavy,3101,0,3.845,
18130.0,heavy,3102,0,3.275,ECONNREFUSED
18133.3,heavy,3103,0,1.341,
18136.7,heavy,3101,1,3.882,
18140.0,heavy,3102,0,2.753,ECONNREFUSED
18143.3,heavy,3103,1,1.702,
18146.7,heavy,3101,0,2.725,
18150.0,heavy,3102,0,2.168,ECONNREFUSED
18153.3,heavy,3103,1,2.717,
18156.7,heavy,3101,0,3.432,
18160.0,heavy,3102,0,3.624,ECONNREFUSED
18163.3,heavy,3103,0,1.916,
18166.7,heavy,3101,1,4.854,
18170.0,heavy,3102,0,3.497,ECONNREFUSED
18173.3,heavy,3103,1,1.770,
18176.7,heavy,3101,0,5.101,
18180.0,heavy,3102,0,3.002,ECONNREFUSED
18183.3,heavy,3103,1,2.260,
18186.7,heavy,3101,0,3.346,
18190.0,heavy,3102,0,2.762,ECONNREFUSED
18193.3,heavy,3103,0,1.233,
18196.7,heavy,3101,1,6.230,
18200.0,light-2,3103,1,3.785,
18200.0,light-4,3102,0,4.352,ECONNREFUSED
18200.0,light-1,3102,0,4.687,ECONNREFUSED
18200.0,light-5,3103,1,5.621,
18200.0,light-3,3101,1,7.087,
18200.0,heavy,3102,0,4.430,ECONNREFUSED
18203.3,heavy,3103,1,2.599,
18206.7,heavy,3101,0,6.358,
18210.0,heavy,3101,0,5.533,
18213.3,heavy,3102,0,3.403,ECONNREFUSED
18216.7,heavy,3103,1,1.252,
18220.0,heavy,3101,1,3.515,
18223.3,heavy,3102,0,2.104,ECONNREFUSED
18226.7,heavy,3103,0,1.055,
18230.0,heavy,3101,0,4.216,
18233.3,heavy,3102,0,2.763,ECONNREFUSED
18236.7,heavy,3103,1,1.666,
18240.0,heavy,3101,0,4.639,
18243.3,heavy,3102,0,2.922,ECONNREFUSED
18246.7,heavy,3103,1,1.271,
18250.0,heavy,3101,1,3.575,
18253.3,heavy,3102,0,2.576,ECONNREFUSED
18256.7,heavy,3103,0,1.571,
18260.0,heavy,3101,0,4.333,
18263.3,heavy,3102,0,2.956,ECONNREFUSED
18266.7,heavy,3103,1,1.362,
18270.0,heavy,3101,0,4.828,
18273.3,heavy,3102,0,3.338,ECONNREFUSED
18276.7,heavy,3103,1,1.084,
18280.0,heavy,3101,0,3.555,
18283.3,heavy,3102,0,2.728,ECONNREFUSED
18286.7,heavy,3103,1,1.228,
18290.0,heavy,3101,1,6.852,
18293.3,heavy,3102,0,5.001,ECONNREFUSED
18296.7,heavy,3103,1,2.387,
18300.0,light-2,3103,1,3.005,
18300.0,light-1,3102,0,5.565,ECONNREFUSED
18300.0,light-4,3102,0,5.539,ECONNREFUSED
18300.0,light-5,3103,1,6.066,
18300.0,light-3,3101,1,8.542,
18300.0,heavy,3101,0,7.331,
18303.3,heavy,3101,0,8.135,
18306.7,heavy,3102,0,4.286,ECONNREFUSED
18310.0,heavy,3103,0,1.861,
18313.3,heavy,3101,1,4.244,
18316.7,heavy,3102,0,3.393,ECONNREFUSED
18320.0,heavy,3103,0,1.774,
18323.3,heavy,3101,0,5.577,
18326.7,heavy,3102,0,3.650,ECONNREFUSED
18330.0,heavy,3103,1,1.953,
18333.3,heavy,3101,1,6.809,
18336.7,heavy,3102,0,2.775,ECONNREFUSED
18340.0,heavy,3103,0,1.358,
18343.3,heavy,3101,1,3.357,
18346.7,heavy,3102,0,2.479,ECONNREFUSED
18350.0,heavy,3103,0,1.187,
18353.3,heavy,3101,1,5.124,
18356.7,heavy,3102,0,3.246,ECONNREFUSED
18360.0,heavy,3103,1,1.570,
18363.3,heavy,3101,0,5.071,
18366.7,heavy,3102,0,2.567,ECONNREFUSED
18370.0,heavy,3103,1,1.541,
18373.3,heavy,3101,0,3.659,
18376.7,heavy,3102,0,3.108,ECONNREFUSED
18380.0,heavy,3103,0,1.034,
18383.3,heavy,3101,1,3.973,
18386.7,heavy,3102,0,2.729,ECONNREFUSED
18390.0,heavy,3103,1,1.341,
18393.3,heavy,3101,0,4.297,
18396.7,heavy,3102,0,2.833,ECONNREFUSED
18400.0,light-3,3103,1,3.954,
18400.0,light-1,3101,1,4.325,
18400.0,light-2,3102,0,5.320,ECONNREFUSED
18400.0,light-4,3101,1,5.554,
18400.0,light-5,3102,0,5.862,ECONNREFUSED
18400.0,heavy,3103,1,3.168,
18403.3,heavy,3101,0,5.610,
18406.7,heavy,3102,0,5.337,ECONNREFUSED
18410.0,heavy,3103,0,3.322,
18413.3,heavy,3103,0,2.225,
18416.7,heavy,3101,1,3.063,
18420.0,heavy,3102,0,2.109,ECONNREFUSED
18423.3,heavy,3103,1,1.293,
18426.7,heavy,3101,0,3.210,
18430.0,heavy,3102,0,1.702,ECONNREFUSED
18433.3,heavy,3103,1,1.434,
18436.7,heavy,3101,0,3.770,
18440.0,heavy,3102,0,3.308,ECONNREFUSED
18443.3,heavy,3103,0,1.240,
18446.7,heavy,3101,1,4.222,
18450.0,heavy,3102,0,2.814,ECONNREFUSED
18453.3,heavy,3103,1,1.507,
18456.7,heavy,3101,0,4.342,
18460.0,heavy,3102,0,2.740,ECONNREFUSED
18463.3,heavy,3103,0,1.326,
18466.7,heavy,3101,1,3.557,
18470.0,heavy,3102,0,2.674,ECONNREFUSED
18473.3,heavy,3103,0,1.463,
18476.7,heavy,3101,1,4.389,
18480.0,heavy,3102,0,2.893,ECONNREFUSED
18483.3,heavy,3103,1,1.387,
18486.7,heavy,3101,0,4.744,
18490.0,heavy,3102,0,3.090,ECONNREFUSED
18493.3,heavy,3103,1,2.589,
18496.7,heavy,3101,0,5.630,
18500.0,light-3,3103,1,2.835,
18500.0,light-1,3101,1,4.680,
18500.0,light-2,3102,0,5.154,ECONNREFUSED
18500.0,light-5,3102,0,5.746,ECONNREFUSED
18500.0,light-4,3101,1,6.021,
18500.0,heavy,3102,0,5.261,ECONNREFUSED
18503.3,heavy,3103,0,2.816,
18506.7,heavy,3103,1,2.151,
18510.0,heavy,3101,0,3.825,
18513.3,heavy,3102,0,3.042,ECONNREFUSED
18516.7,heavy,3103,1,1.173,
18520.0,heavy,3101,0,3.399,
18523.3,heavy,3102,0,1.892,ECONNREFUSED
18526.7,heavy,3103,1,1.843,
18530.0,heavy,3101,0,3.309,
18533.3,heavy,3102,0,2.498,ECONNREFUSED
18536.7,heavy,3103,1,0.978,
18540.0,heavy,3101,0,3.630,
18543.3,heavy,3102,0,2.525,ECONNREFUSED
18546.7,heavy,3103,1,1.574,
18550.0,heavy,3101,0,2.684,
18553.3,heavy,3102,0,1.983,ECONNREFUSED
18556.7,heavy,3103,1,2.455,
18560.0,heavy,3101,1,3.734,
18563.3,heavy,3102,0,3.019,ECONNREFUSED
18566.7,heavy,3103,0,1.897,
18570.0,heavy,3101,0,4.470,
18573.3,heavy,3102,0,2.728,ECONNREFUSED
18576.7,heavy,3103,1,1.604,
18580.0,heavy,3101,0,5.040,
18583.3,heavy,3102,0,2.106,ECONNREFUSED
18586.7,heavy,3103,1,1.142,
18590.0,heavy,3101,1,3.237,
18593.3,heavy,3102,0,2.460,ECONNREFUSED
18596.7,heavy,3103,0,1.322,
18600.0,light-2,3103,1,2.989,
18600.0,light-1,3102,0,3.790,ECONNREFUSED
18600.0,light-4,3102,0,3.731,ECONNREFUSED
18600.0,light-5,3103,1,6.156,
18600.0,light-3,3101,1,7.385,
18600.0,heavy,3101,0,6.401,
18603.3,heavy,3102,0,4.036,ECONNREFUSED
18606.7,heavy,3103,1,2.106,
18610.0,heavy,3101,0,6.559,
18613.3,heavy,3101,1,6.781,
18616.7,heavy,3102,0,2.795,ECONNREFUSED
18620.0,heavy,3103,0,1.020,
18623.3,heavy,3101,1,2.979,
18626.7,heavy,3102,0,2.115,ECONNREFUSED
18630.0,heavy,3103,1,1.938,
18633.3,heavy,3101,0,4.039,
18636.7,heavy,3102,0,2.760,ECONNREFUSED
18640.0,heavy,3103,0,2.295,
18643.3,heavy,3101,0,4.006,
18646.7,heavy,3102,0,2.486,ECONNREFUSED
18650.0,heavy,3103,1,1.595,
18653.3,heavy,3101,1,3.970,
18656.7,heavy,3102,0,3.575,ECONNREFUSED
18660.0,heavy,3103,0,1.207,
18663.3,heavy,3101,0,4.029,
18666.7,heavy,3102,0,2.784,ECONNREFUSED
18670.0,heavy,3103,1,1.061,
18673.3,heavy,3101,0,3.940,
18676.7,heavy,3102,0,2.074,ECONNREFUSED
18680.0,heavy,3103,1,1.441,
18683.3,heavy,3101,1,3.670,
18686.7,heavy,3102,0,3.220,ECONNREFUSED
18690.0,heavy,3103,0,1.161,
18693.3,heavy,3101,1,6.278,
18696.7,heavy,3102,0,4.881,ECONNREFUSED
18700.0,light-2,3103,1,2.666,
18700.0,light-1,3102,0,4.729,ECONNREFUSED
18700.0,light-4,3102,0,5.131,ECONNREFUSED
18700.0,light-5,3103,1,5.617,
18700.0,light-3,3101,1,8.050,
18700.0,heavy,3103,1,2.175,
18703.3,heavy,3101,0,6.457,
18706.7,heavy,3101,0,5.506,
18710.0,heavy,3102,0,2.540,ECONNREFUSED
18713.3,heavy,3103,0,0.963,
18716.7,heavy,3101,1,2.797,
18720.0,heavy,3102,0,3.174,ECONNREFUSED
18723.3,heavy,3103,0,1.210,
18726.7,heavy,3101,1,2.843,
18730.0,heavy,3102,0,2.442,ECONNREFUSED
18733.3,heavy,3103,1,1.301,
18736.7,heavy,3101,0,2.645,
18740.0,heavy,3102,0,2.658,ECONNREFUSED
18743.3,heavy,3103,1,1.403,
18746.7,heavy,3101,0,2.525,
18750.0,heavy,3102,0,2.346,ECONNREFUSED
18753.3,heavy,3103,0,0.914,
18756.7,heavy,3101,1,4.238,
18760.0,heavy,3102,0,2.848,ECONNREFUSED
18763.3,heavy,3103,1,1.548,
18766.7,heavy,3101,0,3.608,
18770.0,heavy,3102,0,2.075,ECONNREFUSED
18773.3,heavy,3103,1,1.672,
18776.7,heavy,3101,0,3.356,
18780.0,heavy,3102,0,3.550,ECONNREFUSED
18783.3,heavy,3103,0,1.068,
18786.7,heavy,3101,1,4.500,
18790.0,heavy,3102,0,3.899,ECONNREFUSED
18793.3,heavy,3103,1,1.639,
18796.7,heavy,3101,0,5.444,
18800.0,light-4,3103,1,3.933,
18800.0,light-5,3101,1,4.748,
18800.0,light-3,3102,0,5.609,ECONNREFUSED
18800.0,light-2,3101,1,5.876,
18800.0,light-1,3103,1,6.063,
18800.0,heavy,3102,0,6.571,ECONNREFUSED
18803.3,heavy,3102,0,5.146,ECONNREFUSED
18806.7,heavy,3103,1,1.254,
18810.0,heavy,3101,0,3.112,
18813.3,heavy,3102,0,2.474,ECONNREFUSED
18816.7,heavy,3103,1,1.010,
18820.0,heavy,3101,0,3.834,
18823.3,heavy,3102,0,2.682,ECONNREFUSED
18826.7,heavy,3103,1,1.898,
18830.0,heavy,3101,0,3.039,
18833.3,heavy,3102,0,1.828,ECONNREFUSED
18836.7,heavy,3103,1,1.729,
18840.0,heavy,3101,1,3.646,
18843.3,heavy,3102,0,3.051,ECONNREFUSED
18846.7,heavy,3103,0,1.285,
18850.0,heavy,3101,0,3.336,
18853.3,heavy,3102,0,2.582,ECONNREFUSED
18856.7,heavy,3103,1,1.523,
18860.0,heavy,3101,0,2.773,
18863.3,heavy,3102,0,1.778,ECONNREFUSED
18866.7,heavy,3103,1,2.199,
18870.0,heavy,3101,0,3.261,
18873.3,heavy,3102,0,2.731,ECONNREFUSED
18876.7,heavy,3103,1,1.101,
18880.0,heavy,3101,0,4.315,
18883.3,heavy,3102,0,2.284,ECONNREFUSED
18886.7,heavy,3103,1,1.234,
18890.0,heavy,3101,0,4.768,
18893.3,heavy,3102,0,2.393,ECONNREFUSED
18896.7,heavy,3103,1,2.702,
18900.0,light-4,3103,1,3.771,
18900.0,light-3,3102,0,4.174,ECONNREFUSED
18900.0,light-5,3101,1,5.183,
18900.0,light-1,3103,1,6.453,
18900.0,light-2,3101,1,7.308,
18900.0,heavy,3101,1,6.488,
18903.3,heavy,3102,0,5.898,ECONNREFUSED
18906.7,heavy,3102,0,6.356,ECONNREFUSED
18910.0,heavy,3103,0,3.924,
18913.3,heavy,3101,0,3.073,
18916.7,heavy,3102,0,2.382,ECONNREFUSED
18920.0,heavy,3103,1,1.184,
18923.3,heavy,3101,0,3.177,
18926.7,heavy,3102,0,2.370,ECONNREFUSED
18930.0,heavy,3103,1,1.871,
18933.3,heavy,3101,1,3.287,
18936.7,heavy,3102,0,2.741,ECONNREFUSED
18940.0,heavy,3103,0,1.292,
18943.3,heavy,3101,1,5.212,
18946.7,heavy,3102,0,3.537,ECONNREFUSED
18950.0,heavy,3103,1,1.911,
18953.3,heavy,3101,0,5.451,
18956.7,heavy,3102,0,3.467,ECONNREFUSED
18960.0,heavy,3103,0,1.356,
18963.3,heavy,3101,1,3.579,
18966.7,heavy,3102,0,2.773,ECONNREFUSED
18970.0,heavy,3103,0,1.840,
18973.3,heavy,3101,1,3.548,
18976.7,heavy,3102,0,2.422,ECONNREFUSED
18980.0,heavy,3103,1,1.444,
18983.3,heavy,3101,0,4.198,
18986.7,heavy,3102,0,3.291,ECONNREFUSED
18990.0,heavy,3103,0,1.255,
18993.3,heavy,3101,0,5.501,
18996.7,heavy,3102,0,5.604,ECONNREFUSED
19000.0,light-3,3103,1,3.168,
19000.0,light-1,3101,1,3.484,
19000.0,light-4,3101,1,5.204,
19000.0,light-2,3102,0,5.588,ECONNREFUSED
19000.0,light-5,3102,0,5.489,ECONNREFUSED
19000.0,heavy,3103,1,3.283,
19003.3,heavy,3103,0,2.400,
19006.7,heavy,3101,1,2.652,
19010.0,heavy,3102,0,6.058,ECONNREFUSED
19013.3,heavy,3103,1,1.366,
19016.7,heavy,3101,0,5.233,
19020.0,heavy,3102,0,4.198,ECONNREFUSED
19023.3,heavy,3103,1,1.690,
19026.7,heavy,3101,0,4.390,
19030.0,heavy,3102,0,2.941,ECONNREFUSED
19033.3,heavy,3103,1,2.172,
19036.7,heavy,3101,0,3.751,
19040.0,heavy,3102,0,2.868,ECONNREFUSED
19043.3,heavy,3103,0,1.088,
19046.7,heavy,3101,1,4.393,
19050.0,heavy,3102,0,3.053,ECONNREFUSED
19053.3,heavy,3103,1,1.870,
19056.7,heavy,3101,0,3.486,
19060.0,heavy,3102,0,2.584,ECONNREFUSED
19063.3,heavy,3103,0,1.026,
19066.7,heavy,3101,1,3.399,
19070.0,heavy,3102,0,2.241,ECONNREFUSED
19073.3,heavy,3103,0,1.121,
19076.7,heavy,3101,1,4.203,
19080.0,heavy,3102,0,3.093,ECONNREFUSED
19083.3,heavy,3103,1,1.780,
19086.7,heavy,3101,0,3.532,
19090.0,heavy,3102,0,2.862,ECONNREFUSED
19093.3,heavy,3103,0,1.290,
19096.7,heavy,3101,1,4.997,
19100.0,light-4,3103,1,3.110,
19100.0,light-3,3102,0,3.603,ECONNREFUSED
19100.0,light-5,3101,1,3.861,
19100.0,light-1,3103,1,4.611,
19100.0,light-2,3101,1,4.847,
19100.0,heavy,3102,0,3.740,ECONNREFUSED
19103.3,heavy,3102,0,3.640,ECONNREFUSED
19106.7,heavy,3103,1,0.802,
19110.0,heavy,3101,0,3.957,
19113.3,heavy,3102,0,3.183,ECONNREFUSED
19116.7,heavy,3103,1,1.560,
19120.0,heavy,3101,0,3.459,
19123.3,heavy,3102,0,1.984,ECONNREFUSED
19126.7,heavy,3103,1,1.493,
19130.0,heavy,3101,0,3.263,
19133.3,heavy,3102,0,2.330,ECONNREFUSED
19136.7,heavy,3103,1,1.891,
19140.0,heavy,3101,0,4.175,
19143.3,heavy,3102,0,3.848,ECONNREFUSED
19146.7,heavy,3103,1,2.543,
19150.0,heavy,3101,0,3.055,
19153.3,heavy,3102,0,3.687,ECONNREFUSED
19156.7,heavy,3103,1,1.938,
19160.0,heavy,3101,0,4.377,
19163.3,heavy,3102,0,4.095,ECONNREFUSED
19166.7,heavy,3103,1,1.392,
19170.0,heavy,3101,0,4.016,
19173.3,heavy,3102,0,3.137,ECONNREFUSED
19176.7,heavy,3103,1,1.972,
19180.0,heavy,3101,0,2.844,
19183.3,heavy,3102,0,4.598,ECONNREFUSED
19186.7,heavy,3103,1,1.796,
19190.0,heavy,3101,1,3.768,
19193.3,heavy,3102,0,3.282,ECONNREFUSED
19196.7,heavy,3103,0,1.664,
19200.0,light-3,3103,1,3.530,
19200.0,light-1,3101,1,4.882,
19200.0,light-2,3102,0,6.230,ECONNREFUSED
19200.0,light-4,3101,1,7.074,
19200.0,light-5,3102,0,7.344,ECONNREFUSED
19200.0,heavy,3101,0,6.758,
19203.3,heavy,3102,0,6.256,ECONNREFUSED
19206.7,heavy,3103,1,3.010,
19210.0,heavy,3103,0,3.328,
19213.3,heavy,3101,1,3.712,
19216.7,heavy,3102,0,2.771,ECONNREFUSED
19220.0,heavy,3103,1,1.585,
19223.3,heavy,3101,0,3.336,
19226.7,heavy,3102,0,2.175,ECONNREFUSED
19230.0,heavy,3103,1,1.944,
19233.3,heavy,3101,0,3.715,
19236.7,heavy,3102,0,3.418,ECONNREFUSED
19240.0,heavy,3103,0,1.634,
19243.3,heavy,3101,0,2.975,
19246.7,heavy,3102,0,2.151,ECONNREFUSED
19250.0,heavy,3103,1,1.764,
19253.3,heavy,3101,1,2.976,
19256.7,heavy,3102,0,2.329,ECONNREFUSED
19260.0,heavy,3103,1,2.406,
19263.3,heavy,3101,0,4.265,
19266.7,heavy,3102,0,3.391,ECONNREFUSED
19270.0,heavy,3103,0,2.858,
19273.3,heavy,3101,0,3.711,
19276.7,heavy,3102,0,2.652,ECONNREFUSED
19280.0,heavy,3103,1,1.036,
19283.3,heavy,3101,1,3.735,
19286.7,heavy,3102,0,2.993,ECONNREFUSED
19290.0,heavy,3103,0,1.376,
19293.3,heavy,3101,0,7.144,
19296.7,heavy,3102,0,6.737,ECONNREFUSED
19300.0,light-1,3101,1,4.538,
19300.0,light-3,3103,1,5.288,
19300.0,light-2,3102,0,5.802,ECONNREFUSED
19300.0,light-4,3101,1,7.638,
19300.0,light-5,3102,0,7.947,ECONNREFUSED
19300.0,heavy,3103,1,3.223,
19303.3,heavy,3103,1,4.428,
19306.7,heavy,3101,0,4.640,
19310.0,heavy,3102,0,3.010,ECONNREFUSED
19313.3,heavy,3103,0,1.450,
19316.7,heavy,3101,1,3.427,
19320.0,heavy,3102,0,1.970,ECONNREFUSED
19323.3,heavy,3103,0,1.038,
19326.7,heavy,3101,0,2.718,
19330.0,heavy,3102,0,2.194,ECONNREFUSED
19333.3,heavy,3103,1,1.325,
19336.7,heavy,3101,1,2.847,
19340.0,heavy,3102,0,4.025,ECONNREFUSED
19343.3,heavy,3103,1,1.617,
19346.7,heavy,3101,0,4.840,
19350.0,heavy,3102,0,4.171,ECONNREFUSED
19353.3,heavy,3103,0,1.561,
19356.7,heavy,3101,1,2.817,
19360.0,heavy,3102,0,1.964,ECONNREFUSED
19363.3,heavy,3103,1,1.114,
19366.7,heavy,3101,0,2.821,
19370.0,heavy,3102,0,1.708,ECONNREFUSED
19373.3,heavy,3103,1,1.843,
19376.7,heavy,3101,0,2.904,
19380.0,heavy,3102,0,1.982,ECONNREFUSED
19383.3,heavy,3103,1,2.297,
19386.7,heavy,3101,0,3.904,
19390.0,heavy,3102,0,3.400,ECONNREFUSED
19393.3,heavy,3103,1,1.970,
19396.7,heavy,3101,0,3.234,
19400.0,light-4,3103,1,5.769,
19400.0,light-5,3101,1,5.883,
19400.0,light-1,3103,1,6.824,
19400.0,light-2,3101,1,6.884,
19400.0,light-3,3102,0,8.324,ECONNREFUSED
19400.0,heavy,3102,0,6.808,ECONNREFUSED
19403.3,heavy,3102,0,7.996,ECONNREFUSED
19406.7,heavy,3103,1,2.830,
19410.0,heavy,3101,0,2.761,
19413.3,heavy,3102,0,4.224,ECONNREFUSED
19416.7,heavy,3103,1,2.250,
19420.0,heavy,3101,0,4.679,
19423.3,heavy,3102,0,4.938,ECONNREFUSED
19426.7,heavy,3103,1,1.743,
19430.0,heavy,3101,0,3.170,
19433.3,heavy,3102,0,2.476,ECONNREFUSED
19436.7,heavy,3103,1,1.478,
19440.0,heavy,3101,0,3.434,
19443.3,heavy,3102,0,2.974,ECONNREFUSED
19446.7,heavy,3103,1,1.168,
19450.0,heavy,3101,0,3.650,
19453.3,heavy,3102,0,2.878,ECONNREFUSED
19456.7,heavy,3103,1,1.408,
19460.0,heavy,3101,0,4.334,
19463.3,heavy,3102,0,1.920,ECONNREFUSED
19466.7,heavy,3103,1,1.330,
19470.0,heavy,3101,0,3.954,
19473.3,heavy,3102,0,2.282,ECONNREFUSED
19476.7,heavy,3103,1,1.279,
19480.0,heavy,3101,0,3.435,
19483.3,heavy,3102,0,2.927,ECONNREFUSED
19486.7,heavy,3103,1,1.501,
19490.0,heavy,3101,0,3.279,
19493.3,heavy,3102,0,2.195,ECONNREFUSED
19496.7,heavy,3103,1,2.622,
19500.0,light-2,3103,1,2.789,
19500.0,light-4,3102,0,3.498,ECONNREFUSED
19500.0,light-1,3102,0,4.542,ECONNREFUSED
19500.0,light-5,3103,1,4.502,
19500.0,light-3,3101,1,4.974,
19500.0,heavy,3101,0,4.817,
19503.3,heavy,3101,1,4.409,
19506.7,heavy,3102,0,2.400,ECONNREFUSED
19510.0,heavy,3103,1,2.098,
19513.3,heavy,3101,0,3.571,
19516.7,heavy,3102,0,2.978,ECONNREFUSED
19520.0,heavy,3103,0,1.303,
19523.3,heavy,3101,1,3.820,
19526.7,heavy,3102,0,3.074,ECONNREFUSED
19530.0,heavy,3103,1,1.083,
19533.3,heavy,3101,0,3.879,
19536.7,heavy,3102,0,2.645,ECONNREFUSED
19540.0,heavy,3103,1,2.143,
19543.3,heavy,3101,0,3.675,
19546.7,heavy,3102,0,3.076,ECONNREFUSED
19550.0,heavy,3103,0,1.356,
19553.3,heavy,3101,1,4.315,
19556.7,heavy,3102,0,3.021,ECONNREFUSED
19560.0,heavy,3103,1,1.446,
19563.3,heavy,3101,0,4.631,
19566.7,heavy,3102,0,2.864,ECONNREFUSED
19570.0,heavy,3103,1,1.983,
19573.3,heavy,3101,0,2.993,
19576.7,heavy,3102,0,2.367,ECONNREFUSED
19580.0,heavy,3103,0,1.634,
19583.3,heavy,3101,0,2.567,
19586.7,heavy,3102,0,3.328,ECONNREFUSED
19590.0,heavy,3103,1,1.735,
19593.3,heavy,3101,1,4.736,
19596.7,heavy,3102,0,4.880,ECONNREFUSED
19600.0,light-1,3101,1,2.442,
19600.0,light-3,3103,1,2.659,
19600.0,light-4,3101,1,4.432,
19600.0,light-2,3102,0,4.913,ECONNREFUSED
19600.0,light-5,3102,0,4.865,ECONNREFUSED
19600.0,heavy,3103,0,2.433,
19603.3,heavy,3103,0,1.735,
19606.7,heavy,3101,1,3.268,
19610.0,heavy,3102,0,2.529,ECONNREFUSED
19613.3,heavy,3103,0,1.212,
19616.7,heavy,3101,1,3.958,
19620.0,heavy,3102,0,2.409,ECONNREFUSED
19623.3,heavy,3103,1,1.409,
19626.7,heavy,3101,0,4.179,
19630.0,heavy,3102,0,1.640,ECONNREFUSED
19633.3,heavy,3103,1,2.351,
19636.7,heavy,3101,0,3.757,
19640.0,heavy,3102,0,3.504,ECONNREFUSED
19643.3,heavy,3103,0,1.673,
19646.7,heavy,3101,1,3.075,
19650.0,heavy,3102,0,3.384,ECONNREFUSED
19653.3,heavy,3103,1,1.691,
19656.7,heavy,3101,0,3.405,
19660.0,heavy,3102,0,2.246,ECONNREFUSED
19663.3,heavy,3103,1,1.728,
19666.7,heavy,3101,0,3.253,
19670.0,heavy,3102,0,2.338,ECONNREFUSED
19673.3,heavy,3103,0,1.867,
19676.7,heavy,3101,1,2.805,
19680.0,heavy,3102,0,3.284,ECONNREFUSED
19683.3,heavy,3103,1,1.636,
19686.7,heavy,3101,0,3.310,
19690.0,heavy,3102,0,3.746,ECONNREFUSED
19693.3,heavy,3103,0,1.188,
19696.7,heavy,3101,1,5.735,
19700.0,heavy,3102,0,5.272,ECONNREFUSED
19700.0,light-3,3103,1,3.214,
19700.0,light-1,3101,1,4.007,
19700.0,light-2,3102,0,5.396,ECONNREFUSED
19700.0,light-4,3101,1,6.050,
19700.0,light-5,3102,0,6.347,ECONNREFUSED
19703.3,heavy,3103,1,2.767,
19706.7,heavy,3103,0,2.498,
19710.0,heavy,3101,0,2.874,
19713.3,heavy,3102,0,2.161,ECONNREFUSED
19716.7,heavy,3103,1,1.533,
19720.0,heavy,3101,0,3.160,
19723.3,heavy,3102,0,1.845,ECONNREFUSED
19726.7,heavy,3103,1,1.406,
19730.0,heavy,3101,0,3.631,
19733.3,heavy,3102,0,3.090,ECONNREFUSED
19736.7,heavy,3103,1,1.014,
19740.0,heavy,3101,0,3.657,
19743.3,heavy,3102,0,2.559,ECONNREFUSED
19746.7,heavy,3103,1,1.503,
19750.0,heavy,3101,0,4.009,
19753.3,heavy,3102,0,2.224,ECONNREFUSED
19756.7,heavy,3103,1,1.327,
19760.0,heavy,3101,1,3.270,
19763.3,heavy,3102,0,2.836,ECONNREFUSED
19766.7,heavy,3103,0,0.953,
19770.0,heavy,3101,0,4.347,
19773.3,heavy,3102,0,3.448,ECONNREFUSED
19776.7,heavy,3103,1,1.205,
19780.0,heavy,3101,0,4.664,
19783.3,heavy,3102,0,3.724,ECONNREFUSED
19786.7,heavy,3103,1,1.058,
19790.0,heavy,3101,1,3.369,
19793.3,heavy,3102,0,6.306,ECONNREFUSED
19796.7,heavy,3103,0,3.899,
19800.0,heavy,3101,0,5.367,
19800.0,light-2,3103,1,4.298,
19800.0,light-3,3101,1,6.100,
19800.0,light-5,3103,1,6.168,
19800.0,light-1,3102,0,6.794,ECONNREFUSED
19800.0,light-4,3102,0,6.762,ECONNREFUSED
19803.3,heavy,3101,1,3.007,
19806.7,heavy,3102,0,2.083,ECONNREFUSED
19810.0,heavy,3103,0,1.094,
19813.3,heavy,3101,1,5.146,
19816.7,heavy,3102,0,5.493,ECONNREFUSED
19820.0,heavy,3103,1,3.138,
19823.3,heavy,3101,0,5.330,
19826.7,heavy,3102,0,5.471,ECONNREFUSED
19830.0,heavy,3103,0,1.764,
19833.3,heavy,3101,1,3.685,
19836.7,heavy,3102,0,2.001,ECONNREFUSED
19840.0,heavy,3103,0,1.119,
19843.3,heavy,3101,1,3.392,
19846.7,heavy,3102,0,2.498,ECONNREFUSED
19850.0,heavy,3103,0,1.665,
19853.3,heavy,3101,1,5.465,
19856.7,heavy,3102,0,2.454,ECONNREFUSED
19860.0,heavy,3103,1,1.363,
19863.3,heavy,3101,0,6.711,
19866.7,heavy,3102,0,3.076,ECONNREFUSED
19870.0,heavy,3103,0,1.648,
19873.3,heavy,3101,1,3.693,
19876.7,heavy,3102,0,2.792,ECONNREFUSED
19880.0,heavy,3103,0,1.821,
19883.3,heavy,3101,1,4.434,
19886.7,heavy,3102,0,3.012,ECONNREFUSED
19890.0,heavy,3103,1,1.524,
19893.3,heavy,3101,0,4.635,
19896.7,heavy,3102,0,2.839,ECONNREFUSED
19900.0,heavy,3103,1,2.518,
19900.0,light-4,3103,1,3.914,
19900.0,light-5,3101,1,4.011,
19900.0,light-3,3102,0,5.553,ECONNREFUSED
19900.0,light-1,3103,1,6.020,
19900.0,light-2,3101,1,6.288,
19903.3,heavy,3101,0,6.214,
19906.7,heavy,3102,0,3.740,ECONNREFUSED
19910.0,heavy,3102,0,4.872,ECONNREFUSED
19913.3,heavy,3103,0,1.654,
19916.7,heavy,3101,0,3.483,
19920.0,heavy,3102,0,2.571,ECONNREFUSED
19923.3,heavy,3103,1,1.528,
19926.7,heavy,3101,1,2.718,
19930.0,heavy,3102,0,3.375,ECONNREFUSED
19933.3,heavy,3103,1,1.835,
19936.7,heavy,3101,0,3.681,
19940.0,heavy,3102,0,3.132,ECONNREFUSED
19943.3,heavy,3103,0,0.724,
19946.7,heavy,3101,1,2.802,
19950.0,heavy,3102,0,2.072,ECONNREFUSED
19953.3,heavy,3103,1,1.316,
19956.7,heavy,3101,0,5.403,
19960.0,heavy,3102,0,4.072,ECONNREFUSED
19963.3,heavy,3103,1,1.569,
19966.7,heavy,3101,0,4.985,
19970.0,heavy,3102,0,4.227,ECONNREFUSED
19973.3,heavy,3103,0,1.211,
19976.7,heavy,3101,1,3.048,
19980.0,heavy,3102,0,2.979,ECONNREFUSED
19983.3,heavy,3103,1,1.559,
19986.7,heavy,3101,0,2.135,
19990.0,heavy,3102,0,5.226,ECONNREFUSED
19993.3,heavy,3103,1,2.165,
19996.7,heavy,3101,0,6.426,
20000.0,heavy,3102,0,4.483,ECONNREFUSED
20000.0,light-4,3103,1,2.779,
20000.0,light-5,3101,1,4.578,
20000.0,light-3,3102,0,4.953,ECONNREFUSED
20000.0,light-1,3103,1,6.045,
20000.0,light-2,3101,1,6.087,
20003.3,heavy,3102,0,4.226,ECONNREFUSED
20006.7,heavy,3103,1,1.048,
20010.0,heavy,3101,1,3.131,
20013.3,heavy,3102,0,2.416,ECONNREFUSED
20016.7,heavy,3103,0,1.270,
20020.0,heavy,3101,0,4.191,
20023.3,heavy,3102,0,2.870,ECONNREFUSED
20026.7,heavy,3103,1,1.684,
20030.0,heavy,3101,0,4.154,
20033.3,heavy,3102,0,2.387,ECONNREFUSED
20036.7,heavy,3103,1,1.192,
20040.0,heavy,3101,1,3.821,
20043.3,heavy,3102,0,2.868,ECONNREFUSED
20046.7,heavy,3103,0,1.939,
20050.0,heavy,3101,0,3.960,
20053.3,heavy,3102,0,2.912,ECONNREFUSED
20056.7,heavy,3103,1,1.135,
20060.0,heavy,3101,0,3.877,
20063.3,heavy,3102,0,2.409,ECONNREFUSED
20066.7,heavy,3103,1,1.278,
20070.0,heavy,3101,0,4.746,
20073.3,heavy,3102,0,2.749,ECONNREFUSED
20076.7,heavy,3103,1,1.339,
20080.0,heavy,3101,1,3.229,
20083.3,heavy,3102,0,2.469,ECONNREFUSED
20086.7,heavy,3103,0,1.422,
20090.0,heavy,3101,0,6.375,
20093.3,heavy,3102,0,4.673,ECONNREFUSED
20096.7,heavy,3103,1,2.688,
20100.0,heavy,3101,1,7.565,
20100.0,light-2,3103,1,3.174,
20100.0,light-1,3102,0,4.535,ECONNREFUSED
20100.0,light-4,3102,0,5.227,ECONNREFUSED
20100.0,light-5,3103,1,6.387,
20100.0,light-3,3101,1,7.550,
20103.3,heavy,3101,0,6.735,
20106.7,heavy,3102,0,3.133,ECONNREFUSED
20110.0,heavy,3103,1,1.836,
20113.3,heavy,3101,0,2.794,
20116.7,heavy,3102,0,2.288,ECONNREFUSED
20120.0,heavy,3103,1,2.078,
20123.3,heavy,3101,0,3.731,
20126.7,heavy,3102,0,2.781,ECONNREFUSED
20130.0,heavy,3103,0,1.739,
20133.3,heavy,3101,0,3.318,
20136.7,heavy,3102,0,1.939,ECONNREFUSED
20140.0,heavy,3103,1,2.085,
20143.3,heavy,3101,1,3.267,
20146.7,heavy,3102,0,2.731,ECONNREFUSED
20150.0,heavy,3103,0,0.945,
20153.3,heavy,3101,0,4.045,
20156.7,heavy,3102,0,2.954,ECONNREFUSED
20160.0,heavy,3103,1,1.786,
20163.3,heavy,3101,0,3.052,
20166.7,heavy,3102,0,2.035,ECONNREFUSED
20170.0,heavy,3103,1,1.449,
20173.3,heavy,3101,1,3.357,
20176.7,heavy,3102,0,2.498,ECONNREFUSED
20180.0,heavy,3103,0,1.171,
20183.3,heavy,3101,0,3.756,
20186.7,heavy,3102,0,2.419,ECONNREFUSED
20190.0,heavy,3103,1,1.534,
20193.3,heavy,3101,1,3.741,
20196.7,heavy,3102,0,2.050,ECONNREFUSED
20200.0,heavy,3103,1,2.750,
20200.0,light-4,3103,1,3.341,
20200.0,light-5,3101,1,3.575,
20200.0,light-3,3102,0,3.843,ECONNREFUSED
20200.0,light-1,3103,1,4.569,
20200.0,light-2,3101,1,4.988,
20203.3,heavy,3101,0,4.653,
20206.7,heavy,3102,0,3.789,ECONNREFUSED
20210.0,heavy,3102,0,2.993,ECONNREFUSED
20213.3,heavy,3103,0,0.622,
20216.7,heavy,3101,1,3.248,
20220.0,heavy,3102,0,2.650,ECONNREFUSED
20223.3,heavy,3103,1,1.187,
20226.7,heavy,3101,0,3.175,
20230.0,heavy,3102,0,2.265,ECONNREFUSED
20233.3,heavy,3103,1,1.219,
20236.7,heavy,3101,0,3.043,
20240.0,heavy,3102,0,2.188,ECONNREFUSED
20243.3,heavy,3103,1,2.252,
20246.7,heavy,3101,0,4.433,
20250.0,heavy,3102,0,3.593,ECONNREFUSED
20253.3,heavy,3103,1,1.988,
20256.7,heavy,3101,0,3.418,
20260.0,heavy,3102,0,1.758,ECONNREFUSED
20263.3,heavy,3103,1,2.369,
20266.7,heavy,3101,0,3.734,
20270.0,heavy,3102,0,3.198,ECONNREFUSED
20273.3,heavy,3103,0,1.253,
20276.7,heavy,3101,1,3.886,
20280.0,heavy,3102,0,2.800,ECONNREFUSED
20283.3,heavy,3103,1,1.513,
20286.7,heavy,3101,0,4.478,
20290.0,heavy,3102,0,2.453,ECONNREFUSED
20293.3,heavy,3103,1,2.710,
20296.7,heavy,3101,0,5.938,
20300.0,heavy,3102,0,4.400,ECONNREFUSED
20300.0,light-4,3103,1,3.703,
20300.0,light-5,3101,1,4.125,
20300.0,light-3,3102,0,4.448,ECONNREFUSED
20300.0,light-1,3103,1,5.785,
20300.0,light-2,3101,1,5.806,
20303.3,heavy,3102,0,4.669,ECONNREFUSED
20306.7,heavy,3103,1,1.276,
20310.0,heavy,3101,0,3.968,
20313.3,heavy,3102,0,3.190,ECONNREFUSED
20316.7,heavy,3103,1,1.663,
20320.0,heavy,3101,0,4.215,
20323.3,heavy,3102,0,3.739,ECONNREFUSED
20326.7,heavy,3103,1,2.268,
20330.0,heavy,3101,0,5.372,
20333.3,heavy,3102,0,2.821,ECONNREFUSED
20336.7,heavy,3103,1,1.126,
20340.0,heavy,3101,0,5.131,
20343.3,heavy,3102,0,3.476,ECONNREFUSED
20346.7,heavy,3103,1,2.119,
20350.0,heavy,3101,0,4.722,
20353.3,heavy,3102,0,3.137,ECONNREFUSED
20356.7,heavy,3103,1,1.638,
20360.0,heavy,3101,1,3.976,
20363.3,heavy,3102,0,3.190,ECONNREFUSED
20366.7,heavy,3103,0,2.039,
20370.0,heavy,3101,0,7.051,
20373.3,heavy,3102,0,3.047,ECONNREFUSED
20376.7,heavy,3103,1,1.789,
20380.0,heavy,3101,0,7.345,
20383.3,heavy,3102,0,2.581,ECONNREFUSED
20386.7,heavy,3103,1,1.802,
20390.0,heavy,3101,1,4.166,
20393.3,heavy,3102,0,2.975,ECONNREFUSED
20396.7,heavy,3103,0,1.894,
20400.0,heavy,3101,0,11.422,
20400.0,light-2,3103,1,4.266,
20400.0,light-1,3102,0,6.171,ECONNREFUSED
20400.0,light-4,3102,0,6.464,ECONNREFUSED
20400.0,light-5,3103,1,10.825,
20400.0,light-3,3101,1,11.866,
20403.3,heavy,3102,0,6.791,ECONNREFUSED
20406.7,heavy,3103,1,3.430,
20410.0,heavy,3101,0,11.368,
20413.3,heavy,3101,1,10.872,
20416.7,heavy,3102,0,4.377,ECONNREFUSED
20420.0,heavy,3103,0,2.101,
20423.3,heavy,3101,1,4.172,
20426.7,heavy,3102,0,2.919,ECONNREFUSED
20430.0,heavy,3103,1,2.881,
20433.3,heavy,3101,0,5.102,
20436.7,heavy,3102,0,4.033,ECONNREFUSED
20440.0,heavy,3103,0,2.486,
20443.3,heavy,3101,1,4.524,
20446.7,heavy,3102,0,2.998,ECONNREFUSED
20450.0,heavy,3103,1,1.786,
20453.3,heavy,3101,0,2.928,
20456.7,heavy,3102,0,2.367,ECONNREFUSED
20460.0,heavy,3103,0,1.090,
20463.3,heavy,3101,0,3.561,
20466.7,heavy,3102,0,2.650,ECONNREFUSED
20470.0,heavy,3103,1,1.575,
20473.3,heavy,3101,0,2.932,
20476.7,heavy,3102,0,2.129,ECONNREFUSED
20480.0,heavy,3103,1,2.280,
20483.3,heavy,3101,1,3.892,
20486.7,heavy,3102,0,2.587,ECONNREFUSED
20490.0,heavy,3103,0,1.588,
20493.3,heavy,3101,1,8.285,
20496.7,heavy,3102,0,6.026,ECONNREFUSED
20500.0,heavy,3103,1,3.217,
20500.0,light-2,3103,1,3.899,
20500.0,light-1,3102,0,5.919,ECONNREFUSED
20500.0,light-4,3102,0,5.827,ECONNREFUSED
20500.0,light-5,3103,1,8.260,
20500.0,light-3,3101,1,9.322,
20503.3,heavy,3101,0,8.894,
20506.7,heavy,3101,0,7.778,
20510.0,heavy,3102,0,4.312,ECONNREFUSED
20513.3,heavy,3103,0,2.511,
20516.7,heavy,3101,1,2.876,
20520.0,heavy,3102,0,2.858,ECONNREFUSED
20523.3,heavy,3103,0,1.159,
20526.7,heavy,3101,1,4.037,
20530.0,heavy,3102,0,2.600,ECONNREFUSED
20533.3,heavy,3103,1,1.518,
20536.7,heavy,3101,0,4.424,
20540.0,heavy,3102,0,2.245,ECONNREFUSED
20543.3,heavy,3103,0,1.567,
20546.7,heavy,3101,0,2.810,
20550.0,heavy,3102,0,2.194,ECONNREFUSED
20553.3,heavy,3103,1,0.988,
20556.7,heavy,3101,1,4.541,
20560.0,heavy,3102,0,3.254,ECONNREFUSED
20563.3,heavy,3103,1,1.715,
20566.7,heavy,3101,0,4.814,
20570.0,heavy,3102,0,3.512,ECONNREFUSED
20573.3,heavy,3103,0,1.216,
20576.7,heavy,3101,1,3.265,
20580.0,heavy,3102,0,2.409,ECONNREFUSED
20583.3,heavy,3103,1,1.431,
20586.7,heavy,3101,0,2.633,
20590.0,heavy,3102,0,2.223,ECONNREFUSED
20593.3,heavy,3103,1,2.801,
20596.7,heavy,3101,0,5.657,
20600.0,heavy,3102,0,4.506,ECONNREFUSED
20600.0,light-4,3103,1,3.679,
20600.0,light-5,3101,1,4.368,
20600.0,light-3,3102,0,4.807,ECONNREFUSED
20600.0,light-1,3103,1,5.576,
20600.0,light-2,3101,1,5.635,
20603.3,heavy,3102,0,4.341,ECONNREFUSED
20606.7,heavy,3103,1,1.012,
20610.0,heavy,3101,1,4.180,
20613.3,heavy,3102,0,4.391,ECONNREFUSED
20616.7,heavy,3103,0,1.683,
20620.0,heavy,3101,0,2.693,
20623.3,heavy,3102,0,2.645,ECONNREFUSED
20626.7,heavy,3103,1,1.573,
20630.0,heavy,3101,0,3.090,
20633.3,heavy,3102,0,2.937,ECONNREFUSED
20636.7,heavy,3103,1,2.113,
20640.0,heavy,3101,0,3.053,
20643.3,heavy,3102,0,3.220,ECONNREFUSED
20646.7,heavy,3103,1,2.017,
20650.0,heavy,3101,0,3.860,
20653.3,heavy,3102,0,1.696,ECONNREFUSED
20656.7,heavy,3103,1,1.633,
20660.0,heavy,3101,0,2.922,
20663.3,heavy,3102,0,2.055,ECONNREFUSED
20666.7,heavy,3103,1,1.167,
20670.0,heavy,3101,0,4.077,
20673.3,heavy,3102,0,3.303,ECONNREFUSED
20676.7,heavy,3103,1,1.657,
20680.0,heavy,3101,0,4.529,
20683.3,heavy,3102,0,1.851,ECONNREFUSED
20686.7,heavy,3103,1,2.328,
20690.0,heavy,3101,0,3.911,
20693.3,heavy,3102,0,3.391,ECONNREFUSED
20696.7,heavy,3103,1,1.624,
20700.0,heavy,3101,0,5.861,
20700.0,light-2,3103,1,2.971,
20700.0,light-1,3102,0,4.750,ECONNREFUSED
20700.0,light-4,3102,0,4.894,ECONNREFUSED
20700.0,light-5,3103,1,5.032,
20700.0,light-3,3101,1,5.948,
20703.3,heavy,3102,0,4.939,ECONNREFUSED
20706.7,heavy,3103,1,2.435,
20710.0,heavy,3101,0,5.658,
20713.3,heavy,3101,1,4.719,
20716.7,heavy,3102,0,3.066,ECONNREFUSED
20720.0,heavy,3103,0,1.228,
20723.3,heavy,3101,1,3.275,
20726.7,heavy,3102,0,3.017,ECONNREFUSED
20730.0,heavy,3103,0,1.078,
20733.3,heavy,3101,0,4.907,
20736.7,heavy,3102,0,3.052,ECONNREFUSED
20740.0,heavy,3103,1,1.969,
20743.3,heavy,3101,0,3.943,
20746.7,heavy,3102,0,2.166,ECONNREFUSED
20750.0,heavy,3103,1,1.363,
20753.3,heavy,3101,1,3.359,
20756.7,heavy,3102,0,2.388,ECONNREFUSED
20760.0,heavy,3103,0,1.091,
20763.3,heavy,3101,0,3.028,
20766.7,heavy,3102,0,3.133,ECONNREFUSED
20770.0,heavy,3103,1,1.015,
20773.3,heavy,3101,0,3.527,
20776.7,heavy,3102,0,2.777,ECONNREFUSED
20780.0,heavy,3103,1,1.770,
20783.3,heavy,3101,1,3.181,
20786.7,heavy,3102,0,2.406,ECONNREFUSED
20790.0,heavy,3103,0,0.924,
20793.3,heavy,3101,0,6.516,
20796.7,heavy,3102,0,4.837,ECONNREFUSED
20800.0,heavy,3103,1,1.799,
20800.0,light-3,3103,1,2.608,
20800.0,light-1,3101,1,3.578,
20800.0,light-5,3102,0,5.571,ECONNREFUSED
20800.0,light-4,3101,1,6.755,
20800.0,light-2,3102,0,7.848,ECONNREFUSED
20803.3,heavy,3103,0,3.282,
20806.7,heavy,3101,1,3.248,
20810.0,heavy,3102,0,2.710,ECONNREFUSED
20813.3,heavy,3103,1,1.460,
20816.7,heavy,3101,0,3.241,
20820.0,heavy,3102,0,2.495,ECONNREFUSED
20823.3,heavy,3103,0,1.193,
20826.7,heavy,3101,0,3.279,
20830.0,heavy,3102,0,2.627,ECONNREFUSED
20833.3,heavy,3103,1,1.571,
20836.7,heavy,3101,1,5.473,
20840.0,heavy,3102,0,3.815,ECONNREFUSED
20843.3,heavy,3103,1,2.106,
20846.7,heavy,3101,0,5.594,
20850.0,heavy,3102,0,3.959,ECONNREFUSED
20853.3,heavy,3103,0,1.392,
20856.7,heavy,3101,1,3.401,
20860.0,heavy,3102,0,2.453,ECONNREFUSED
20863.3,heavy,3103,1,1.500,
20866.7,heavy,3101,0,2.915,
20870.0,heavy,3102,0,2.532,ECONNREFUSED
20873.3,heavy,3103,0,1.080,
20876.7,heavy,3101,1,3.558,
20880.0,heavy,3102,0,2.337,ECONNREFUSED
20883.3,heavy,3103,0,1.025,
20886.7,heavy,3101,1,5.621,
20890.0,heavy,3102,0,3.259,ECONNREFUSED
20893.3,heavy,3103,1,2.054,
20896.7,heavy,3101,0,6.450,
20900.0,heavy,3102,0,3.808,ECONNREFUSED
20900.0,light-4,3103,1,3.009,
20900.0,light-3,3102,0,3.582,ECONNREFUSED
20900.0,light-5,3101,1,3.929,
20900.0,light-2,3101,1,5.156,
20900.0,light-1,3103,1,5.377,
20903.3,heavy,3102,0,4.729,ECONNREFUSED
20906.7,heavy,3103,1,1.335,
20910.0,heavy,3101,0,2.801,
20913.3,heavy,3102,0,2.389,ECONNREFUSED
20916.7,heavy,3103,1,1.073,
20920.0,heavy,3101,0,3.963,
20923.3,heavy,3102,0,3.237,ECONNREFUSED
20926.7,heavy,3103,1,1.497,
20930.0,heavy,3101,0,4.056,
20933.3,heavy,3102,0,2.509,ECONNREFUSED
20936.7,heavy,3103,1,1.031,
20940.0,heavy,3101,0,3.383,
20943.3,heavy,3102,0,2.299,ECONNREFUSED
20946.7,heavy,3103,1,1.292,
20950.0,heavy,3101,0,3.723,
20953.3,heavy,3102,0,2.603,ECONNREFUSED
20956.7,heavy,3103,1,1.606,
20960.0,heavy,3101,0,2.829,
20963.3,heavy,3102,1,16.209,
20966.7,heavy,3103,1,2.117,
20970.0,heavy,3101,0,2.902,
20973.3,heavy,3102,1,26.974,
20976.7,heavy,3103,1,1.231,
20980.0,heavy,3101,0,4.610,
20983.3,heavy,3102,1,4.039,
20986.7,heavy,3103,1,1.406,
20990.0,heavy,3101,0,4.712,
20993.3,heavy,3102,1,8.940,
20996.7,heavy,3103,1,2.284,
21000.0,heavy,3101,0,6.013,
21000.0,light-2,3103,1,3.912,
21000.0,light-5,3103,1,5.547,
21000.0,light-3,3101,1,6.334,
21000.0,light-1,3102,0,67.038,
21000.0,light-4,3102,1,79.199,
21003.3,heavy,3101,1,4.502,
21006.7,heavy,3102,1,63.681,
21010.0,heavy,3103,0,52.649,
21013.3,heavy,3101,1,3.821,
21016.7,heavy,3102,1,60.432,
21020.0,heavy,3103,0,54.615,
21023.3,heavy,3101,1,2.858,
21026.7,heavy,3102,1,55.711,
21030.0,heavy,3103,1,50.077,
21033.3,heavy,3101,1,3.543,
21036.7,heavy,3102,1,47.848,
21040.0,heavy,3103,1,47.803,
21043.3,heavy,3101,1,3.897,
21046.7,heavy,3102,1,34.817,
21050.0,heavy,3103,1,36.861,
21053.3,heavy,3101,1,3.740,
21056.7,heavy,3102,1,30.048,
21060.0,heavy,3103,1,30.664,
21063.3,heavy,3101,1,3.567,
21066.7,heavy,3102,1,28.039,
21070.0,heavy,3103,1,34.438,
21073.3,heavy,3101,1,3.755,
21076.7,heavy,3102,1,21.406,
21080.0,heavy,3103,1,26.299,
21083.3,heavy,3101,1,4.594,
21086.7,heavy,3102,1,13.748,
21090.0,heavy,3103,1,18.131,
21093.3,heavy,3101,1,3.281,
21096.7,heavy,3102,1,28.158,
21100.0,heavy,3103,1,36.233,
21100.0,light-1,3101,1,2.172,
21100.0,light-3,3103,1,2.889,
21100.0,light-4,3101,1,5.278,
21100.0,light-2,3102,1,71.358,
21100.0,light-5,3102,1,82.418,
21103.3,heavy,3103,1,33.945,
21106.7,heavy,3101,1,4.075,
21110.0,heavy,3102,1,26.409,
21113.3,heavy,3103,1,27.520,
21116.7,heavy,3101,1,3.943,
21120.0,heavy,3102,1,13.212,
21123.3,heavy,3103,1,17.177,
21126.7,heavy,3101,1,2.832,
21130.0,heavy,3102,1,8.083,
21133.3,heavy,3103,1,8.926,
21136.7,heavy,3101,1,5.043,
21140.0,heavy,3102,1,5.344,
21143.3,heavy,3103,1,11.615,
21146.7,heavy,3101,1,3.231,
21150.0,heavy,3102,1,22.126,
21153.3,heavy,3103,1,22.118,
21156.7,heavy,3101,1,3.610,
21160.0,heavy,3102,1,17.765,
21163.3,heavy,3103,1,15.643,
21166.7,heavy,3101,1,3.457,
21170.0,heavy,3102,1,7.323,
21173.3,heavy,3103,1,7.685,
21176.7,heavy,3101,1,3.062,
21180.0,heavy,3102,1,5.261,
21183.3,heavy,3103,1,3.849,
21186.7,heavy,3101,1,3.795,
21190.0,heavy,3102,1,1.717,
21193.3,heavy,3103,1,4.183,
21196.7,heavy,3101,1,3.055,
21200.0,heavy,3102,1,1.635,
21200.0,light-5,3101,1,2.434,
21200.0,light-2,3101,1,5.271,
21200.0,light-1,3103,1,5.528,
21200.0,light-4,3103,1,9.057,
21200.0,light-3,3102,1,9.868,
21203.3,heavy,3102,1,6.188,
21206.7,heavy,3103,1,6.986,
21210.0,heavy,3101,1,3.184,
21213.3,heavy,3102,1,1.142,
21216.7,heavy,3103,1,3.447,
21220.0,heavy,3101,1,2.672,
21223.3,heavy,3102,1,1.511,
21226.7,heavy,3103,1,3.098,
21230.0,heavy,3101,1,2.642,
21233.3,heavy,3102,1,1.309,
21236.7,heavy,3103,1,3.585,
21240.0,heavy,3101,1,2.783,
21243.3,heavy,3102,1,1.067,
21246.7,heavy,3103,1,3.557,
21250.0,heavy,3101,1,3.038,
21253.3,heavy,3102,1,1.567,
21256.7,heavy,3103,1,3.561,
21260.0,heavy,3101,1,3.506,
21263.3,heavy,3102,1,1.585,
21266.7,heavy,3103,1,3.726,
21270.0,heavy,3101,1,2.974,
21273.3,heavy,3102,1,1.364,
21276.7,heavy,3103,1,5.364,
21280.0,heavy,3101,1,4.654,
21283.3,heavy,3102,1,1.540,
21286.7,heavy,3103,1,6.211,
21290.0,heavy,3101,1,4.604,
21293.3,heavy,3102,1,1.462,
21296.7,heavy,3103,1,9.893,
21300.0,heavy,3101,1,7.254,
21300.0,light-5,3101,1,3.580,
21300.0,light-1,3103,1,7.803,
21300.0,light-2,3101,1,7.914,
21300.0,light-3,3102,1,10.459,
21300.0,light-4,3103,1,11.748,
21303.3,heavy,3102,1,1.781,
21306.7,heavy,3102,1,4.501,
21310.0,heavy,3103,1,7.064,
21313.3,heavy,3101,1,3.637,
21316.7,heavy,3102,1,1.096,
21320.0,heavy,3103,1,5.832,
21323.3,heavy,3101,1,5.020,
21326.7,heavy,3102,1,1.641,
21330.0,heavy,3103,1,6.823,
21333.3,heavy,3101,1,5.710,
21336.7,heavy,3102,1,1.243,
21340.0,heavy,3103,1,5.712,
21343.3,heavy,3101,1,3.206,
21346.7,heavy,3102,1,1.448,
21350.0,heavy,3103,1,3.503,
21353.3,heavy,3101,1,2.792,
21356.7,heavy,3102,1,1.496,
21360.0,heavy,3103,1,4.645,
21363.3,heavy,3101,1,3.805,
21366.7,heavy,3102,1,1.321,
21370.0,heavy,3103,1,4.065,
21373.3,heavy,3101,1,3.442,
21376.7,heavy,3102,1,1.603,
21380.0,heavy,3103,1,3.887,
21383.3,heavy,3101,1,4.005,
21386.7,heavy,3102,1,1.523,
21390.0,heavy,3103,1,3.455,
21393.3,heavy,3101,1,3.520,
21396.7,heavy,3102,1,1.359,
21400.0,heavy,3103,1,10.646,
21400.0,light-1,3101,1,2.586,
21400.0,light-3,3103,1,4.143,
21400.0,light-4,3101,1,7.710,
21400.0,light-5,3102,1,11.167,
21400.0,light-2,3102,1,13.466,
21403.3,heavy,3101,1,5.628,
21406.7,heavy,3102,1,2.104,
21410.0,heavy,3103,1,10.725,
21413.3,heavy,3103,1,9.821,
21416.7,heavy,3101,1,4.240,
21420.0,heavy,3102,1,5.174,
21423.3,heavy,3103,1,5.024,
21426.7,heavy,3101,1,3.626,
21430.0,heavy,3102,1,1.142,
21433.3,heavy,3103,1,4.450,
21436.7,heavy,3101,1,3.131,
21440.0,heavy,3102,1,1.663,
21443.3,heavy,3103,1,3.140,
21446.7,heavy,3101,1,2.663,
21450.0,heavy,3102,1,1.702,
21453.3,heavy,3103,1,4.535,
21456.7,heavy,3101,1,3.923,
21460.0,heavy,3102,1,1.231,
21463.3,heavy,3103,1,7.204,
21466.7,heavy,3101,1,6.186,
21470.0,heavy,3102,1,4.690,
21473.3,heavy,3103,1,8.228,
21476.7,heavy,3101,1,6.503,
21480.0,heavy,3102,1,2.879,
21483.3,heavy,3103,1,3.760,
21486.7,heavy,3101,1,2.786,
21490.0,heavy,3102,1,1.671,
21493.3,heavy,3103,1,9.396,
21496.7,heavy,3101,1,8.290,
21500.0,heavy,3102,1,1.689,
21500.0,light-1,3101,1,2.207,
21500.0,light-3,3103,1,3.305,
21500.0,light-2,3102,1,10.565,
21500.0,light-4,3101,1,12.258,
21500.0,light-5,3102,1,12.669,
21503.3,heavy,3103,1,10.377,
21506.7,heavy,3103,1,12.276,
21510.0,heavy,3101,1,6.424,
21513.3,heavy,3102,1,3.777,
21516.7,heavy,3103,1,4.898,
21520.0,heavy,3101,1,2.542,
21523.3,heavy,3102,1,1.299,
21526.7,heavy,3103,1,4.199,
21530.0,heavy,3101,1,3.594,
21533.3,heavy,3102,1,1.676,
21536.7,heavy,3103,1,3.274,
21540.0,heavy,3101,1,3.385,
21543.3,heavy,3102,1,1.147,
21546.7,heavy,3103,1,4.169,
21550.0,heavy,3101,1,3.304,
21553.3,heavy,3102,1,1.257,
21556.7,heavy,3103,1,4.962,
21560.0,heavy,3101,1,3.116,
21563.3,heavy,3102,1,1.666,
21566.7,heavy,3103,1,3.914,
21570.0,heavy,3101,1,3.176,
21573.3,heavy,3102,1,1.018,
21576.7,heavy,3103,1,4.393,
21580.0,heavy,3101,1,3.241,
21583.3,heavy,3102,1,1.024,
21586.7,heavy,3103,1,4.829,
21590.0,heavy,3101,1,3.279,
21593.3,heavy,3102,1,1.419,
21596.7,heavy,3103,1,4.272,
21600.0,heavy,3101,1,6.305,
21600.0,light-2,3103,1,1.883,
21600.0,light-4,3102,1,3.914,
21600.0,light-3,3101,1,5.759,
21600.0,light-5,3103,1,5.823,
21600.0,light-1,3102,1,7.673,
21603.3,heavy,3101,1,4.210,
21606.7,heavy,3102,1,1.162,
21610.0,heavy,3103,1,3.713,
21613.3,heavy,3101,1,5.405,
21616.7,heavy,3102,1,1.279,
21620.0,heavy,3103,1,4.616,
21623.3,heavy,3101,1,3.575,
21626.7,heavy,3102,1,1.373,
21630.0,heavy,3103,1,3.796,
21633.3,heavy,3101,1,3.736,
21636.7,heavy,3102,1,1.013,
21640.0,heavy,3103,1,3.460,
21643.3,heavy,3101,1,3.370,
21646.7,heavy,3102,1,1.470,
21650.0,heavy,3103,1,4.208,
21653.3,heavy,3101,1,3.250,
21656.7,heavy,3102,1,1.381,
21660.0,heavy,3103,1,4.703,
21663.3,heavy,3101,1,3.879,
21666.7,heavy,3102,1,1.683,
21670.0,heavy,3103,0,7.853,
21673.3,heavy,3101,1,4.048,
21676.7,heavy,3102,0,0.987,
21680.0,heavy,3103,1,3.502,
21683.3,heavy,3101,0,3.233,
21686.7,heavy,3102,0,1.439,
21690.0,heavy,3103,1,6.801,
21693.3,heavy,3101,1,7.975,
21696.7,heavy,3102,1,1.723,
21700.0,heavy,3103,0,8.424,
21700.0,light-2,3103,1,3.713,
21700.0,light-4,3102,1,4.320,
21700.0,light-3,3101,1,7.005,
21700.0,light-5,3103,1,7.100,
21700.0,light-1,3102,1,8.540,
21703.3,heavy,3101,0,8.798,
21706.7,heavy,3101,0,7.814,
21710.0,heavy,3102,0,3.090,
21713.3,heavy,3103,0,3.191,
21716.7,heavy,3101,0,3.214,
21720.0,heavy,3102,1,1.387,
21723.3,heavy,3103,0,4.750,
21726.7,heavy,3101,0,3.997,
21730.0,heavy,3102,1,1.750,
21733.3,heavy,3103,0,4.470,
21736.7,heavy,3101,1,2.792,
21740.0,heavy,3102,0,0.872,
21743.3,heavy,3103,0,4.767,
21746.7,heavy,3101,0,3.064,
21750.0,heavy,3102,1,1.642,
21753.3,heavy,3103,0,4.433,
21756.7,heavy,3101,0,3.333,
21760.0,heavy,3102,1,1.159,
21763.3,heavy,3103,1,3.937,
21766.7,heavy,3101,0,3.032,
21770.0,heavy,3102,0,1.490,
21773.3,heavy,3103,0,4.343,
21776.7,heavy,3101,0,2.975,
21780.0,heavy,3102,1,1.515,
21783.3,heavy,3103,0,4.036,
21786.7,heavy,3101,0,3.181,
21790.0,heavy,3102,1,1.022,
21793.3,heavy,3103,0,5.078,
21796.7,heavy,3101,1,3.568,
21800.0,heavy,3102,0,1.683,
21800.0,light-5,3101,1,2.921,
21800.0,light-2,3101,1,4.969,
21800.0,light-1,3103,1,5.551,
21800.0,light-3,3102,1,5.579,
21800.0,light-4,3103,1,6.142,
21803.3,heavy,3102,0,2.805,
21806.7,heavy,3103,1,4.373,
21810.0,heavy,3101,0,3.458,
21813.3,heavy,3102,0,1.678,
21816.7,heavy,3103,0,5.288,
21820.0,heavy,3101,1,4.392,
21823.3,heavy,3102,1,1.482,
21826.7,heavy,3103,0,5.827,
21830.0,heavy,3101,0,3.901,
21833.3,heavy,3102,0,1.316,
21836.7,heavy,3103,0,4.419,
21840.0,heavy,3101,0,3.073,
21843.3,heavy,3102,1,1.466,
21846.7,heavy,3103,0,4.013,
21850.0,heavy,3101,1,5.308,
21853.3,heavy,3102,0,1.491,
21856.7,heavy,3103,1,4.013,
21860.0,heavy,3101,0,3.271,
21863.3,heavy,3102,0,1.456,
21866.7,heavy,3103,1,4.900,
21870.0,heavy,3101,0,3.275,
21873.3,heavy,3102,1,1.335,
21876.7,heavy,3103,0,5.804,
21880.0,heavy,3101,0,2.915,
21883.3,heavy,3102,1,1.623,
21886.7,heavy,3103,0,3.765,
21890.0,heavy,3101,0,3.139,
21893.3,heavy,3102,0,1.992,
21896.7,heavy,3103,0,7.472,
21900.0,heavy,3101,1,6.579,
21900.0,light-1,3101,1,2.469,
21900.0,light-3,3103,1,3.644,
21900.0,light-2,3102,1,8.552,
21900.0,light-4,3101,1,8.631,
21900.0,light-5,3102,1,9.271,
21903.3,heavy,3102,1,1.815,
21906.7,heavy,3103,0,8.094,
21910.0,heavy,3103,0,7.101,
21913.3,heavy,3101,0,4.450,
21916.7,heavy,3102,0,2.567,
21920.0,heavy,3103,0,3.954,
21923.3,heavy,3101,1,3.093,
21926.7,heavy,3102,0,1.306,
21930.0,heavy,3103,0,7.309,
21933.3,heavy,3101,1,3.265,
21936.7,heavy,3102,1,1.597,
21940.0,heavy,3103,0,6.354,
21943.3,heavy,3101,0,4.111,
21946.7,heavy,3102,0,1.308,
21950.0,heavy,3103,1,3.811,
21953.3,heavy,3101,0,3.182,
21956.7,heavy,3102,0,1.453,
21960.0,heavy,3103,1,4.487,
21963.3,heavy,3101,0,3.693,
21966.7,heavy,3102,1,1.474,
21970.0,heavy,3103,0,3.839,
21973.3,heavy,3101,0,2.894,
21976.7,heavy,3102,1,2.607,
21980.0,heavy,3103,0,3.995,
21983.3,heavy,3101,0,3.350,
21986.7,heavy,3102,0,2.540,
21990.0,heavy,3103,1,3.327,
21993.3,heavy,3101,0,2.944,
21996.7,heavy,3102,1,1.433,
22000.0,heavy,3103,0,6.513,
22000.0,light-1,3101,1,1.570,
22000.0,light-3,3103,1,3.367,
22000.0,light-4,3101,1,6.370,
22000.0,light-2,3102,1,7.042,
22000.0,light-5,3102,1,7.823,
22003.3,heavy,3103,1,6.463,
22006.7,heavy,3101,0,3.951,
22010.0,heavy,3102,0,1.174,
22013.3,heavy,3103,0,4.820,
22016.7,heavy,3101,0,3.076,
22020.0,heavy,3102,1,1.174,
22023.3,heavy,3103,0,4.005,
22026.7,heavy,3101,0,2.924,
22030.0,heavy,3102,1,1.181,
22033.3,heavy,3103,0,3.840,
22036.7,heavy,3101,0,3.335,
22040.0,heavy,3102,1,1.220,
22043.3,heavy,3103,0,5.508,
22046.7,heavy,3101,1,4.388,
22050.0,heavy,3102,0,1.042,
22053.3,heavy,3103,0,3.549,
22056.7,heavy,3101,0,4.025,
22060.0,heavy,3102,1,1.264,
22063.3,heavy,3103,0,3.155,
22066.7,heavy,3101,1,2.873,
22070.0,heavy,3102,0,1.011,
22073.3,heavy,3103,0,4.826,
22076.7,heavy,3101,0,3.339,
22080.0,heavy,3102,1,1.576,
22083.3,heavy,3103,0,5.478,
22086.7,heavy,3101,1,2.855,
22090.0,heavy,3102,0,1.115,
22093.3,heavy,3103,1,7.122,
22096.7,heavy,3101,0,9.925,
22100.0,heavy,3102,1,1.688,
22100.0,light-4,3102,1,4.330,
22100.0,light-2,3103,1,4.604,
22100.0,light-1,3102,1,7.852,
22100.0,light-5,3103,1,12.844,
22100.0,light-3,3101,1,14.102,
22103.3,heavy,3103,0,9.087,
22106.7,heavy,3101,0,11.224,
22110.0,heavy,3101,0,8.566,
22113.3,heavy,3102,0,1.654,
22116.7,heavy,3103,1,6.012,
22120.0,heavy,3101,0,5.143,
22123.3,heavy,3102,0,1.136,
22126.7,heavy,3103,0,8.234,
22130.0,heavy,3101,1,3.705,
22133.3,heavy,3102,1,1.256,
22136.7,heavy,3103,0,9.303,
22140.0,heavy,3101,0,3.968,
22143.3,heavy,3102,0,1.189,
22146.7,heavy,3103,1,4.381,
22150.0,heavy,3101,0,2.901,
22153.3,heavy,3102,0,1.172,
22156.7,heavy,3103,0,5.220,
22160.0,heavy,3101,1,4.395,
22163.3,heavy,3102,1,1.480,
22166.7,heavy,3103,0,5.293,
22170.0,heavy,3101,0,4.934,
22173.3,heavy,3102,0,1.173,
22176.7,heavy,3103,0,4.078,
22180.0,heavy,3101,0,2.950,
22183.3,heavy,3102,1,1.205,
22186.7,heavy,3103,0,3.565,
22190.0,heavy,3101,1,3.168,
22193.3,heavy,3102,0,1.203,
22196.7,heavy,3103,0,7.291,
22200.0,heavy,3101,1,4.165,
22200.0,light-2,3103,1,2.165,
22200.0,light-4,3102,1,2.512,
22200.0,light-1,3102,1,4.494,
22200.0,light-3,3101,1,5.376,
22200.0,light-5,3103,1,7.621,
22203.3,heavy,3101,0,3.325,
22206.7,heavy,3102,0,1.078,
22210.0,heavy,3103,1,6.067,
22213.3,heavy,3101,1,2.976,
22216.7,heavy,3102,0,1.013,
22220.0,heavy,3103,0,2.845,
22223.3,heavy,3101,0,2.816,
22226.7,heavy,3102,0,1.083,
22230.0,heavy,3103,1,3.840,
22233.3,heavy,3101,0,3.196,
22236.7,heavy,3102,0,1.484,
22240.0,heavy,3103,0,3.357,
22243.3,heavy,3101,1,2.711,
22246.7,heavy,3102,1,0.962,
22250.0,heavy,3103,0,5.204,
22253.3,heavy,3101,0,4.174,
22256.7,heavy,3102,1,1.667,
22260.0,heavy,3103,0,5.671,
22263.3,heavy,3101,0,3.809,
22266.7,heavy,3102,0,1.036,
22270.0,heavy,3103,1,3.872,
22273.3,heavy,3101,0,2.941,
22276.7,heavy,3102,1,1.245,
22280.0,heavy,3103,0,3.934,
22283.3,heavy,3101,0,3.404,
22286.7,heavy,3102,0,1.418,
22290.0,heavy,3103,1,3.897,
22293.3,heavy,3101,0,3.296,
22296.7,heavy,3102,1,1.510,
22300.0,heavy,3103,0,6.156,
22300.0,light-1,3101,1,1.246,
22300.0,light-3,3103,1,2.878,
22300.0,light-4,3101,1,5.380,
22300.0,light-2,3102,1,6.053,
22300.0,light-5,3102,1,6.593,
22303.3,heavy,3103,0,5.702,
22306.7,heavy,3101,0,3.722,
22310.0,heavy,3102,1,1.150,
22313.3,heavy,3103,0,5.314,
22316.7,heavy,3101,0,3.754,
22320.0,heavy,3102,1,1.637,
22323.3,heavy,3103,0,5.619,
22326.7,heavy,3101,1,2.642,
22330.0,heavy,3102,0,0.839,
22333.3,heavy,3103,0,3.555,
22336.7,heavy,3101,1,2.667,
22340.0,heavy,3102,0,1.043,
22343.3,heavy,3103,0,2.644,
22346.7,heavy,3101,0,2.813,
22350.0,heavy,3102,1,1.539,
22353.3,heavy,3103,0,3.044,
22356.7,heavy,3101,0,3.731,
22360.0,heavy,3102,1,1.388,
22363.3,heavy,3103,0,4.022,
22366.7,heavy,3101,0,3.207,
22370.0,heavy,3102,1,1.447,
22373.3,heavy,3103,0,3.947,
22376.7,heavy,3101,1,3.761,
22380.0,heavy,3102,0,1.313,
22383.3,heavy,3103,0,3.551,
22386.7,heavy,3101,1,3.858,
22390.0,heavy,3102,0,1.207,
22393.3,heavy,3103,0,3.338,
22396.7,heavy,3101,0,3.436,
22400.0,heavy,3102,1,1.588,
22400.0,light-5,3101,1,1.866,
22400.0,light-2,3101,1,4.531,
22400.0,light-1,3103,1,5.126,
22400.0,light-4,3103,1,5.926,
22400.0,light-3,3102,1,6.615,
22403.3,heavy,3102,0,2.647,
22406.7,heavy,3103,0,3.109,
22410.0,heavy,3101,1,2.571,
22413.3,heavy,3102,0,1.324,
22416.7,heavy,3103,0,3.064,
22420.0,heavy,3101,1,2.780,
22423.3,heavy,3102,1,1.585,
22426.7,heavy,3103,0,3.729,
22430.0,heavy,3101,0,2.593,
22433.3,heavy,3102,0,1.254,
22436.7,heavy,3103,1,4.978,
22440.0,heavy,3101,0,3.405,
22443.3,heavy,3102,1,1.509,
22446.7,heavy,3103,0,5.842,
22450.0,heavy,3101,0,3.088,
22453.3,heavy,3102,0,1.175,
22456.7,heavy,3103,0,4.365,
22460.0,heavy,3101,1,3.510,
22463.3,heavy,3102,0,0.958,
22466.7,heavy,3103,0,3.698,
22470.0,heavy,3101,1,2.731,
22473.3,heavy,3102,0,1.528,
22476.7,heavy,3103,1,3.948,
22480.0,heavy,3101,0,3.264,
22483.3,heavy,3102,0,1.243,
22486.7,heavy,3103,1,4.130,
22490.0,heavy,3101,0,3.930,
22493.3,heavy,3102,0,1.054,
22496.7,heavy,3103,0,3.242,
22500.0,heavy,3101,1,5.186,
22500.0,light-2,3103,1,1.320,
22500.0,light-4,3102,1,3.296,
22500.0,light-5,3103,1,4.658,
22500.0,light-1,3102,1,5.206,
22500.0,light-3,3101,1,5.365,
22503.3,heavy,3101,0,4.904,
22506.7,heavy,3102,1,1.721,
22510.0,heavy,3103,0,3.414,
22513.3,heavy,3101,0,3.216,
22516.7,heavy,3102,0,1.282,
22520.0,heavy,3103,0,5.635,
22523.3,heavy,3101,1,3.346,
22526.7,heavy,3102,1,1.241,
22530.0,heavy,3103,0,2.864,
22533.3,heavy,3101,0,3.348,
22536.7,heavy,3102,0,1.574,
22540.0,heavy,3103,1,3.362,
22543.3,heavy,3101,0,3.019,
22546.7,heavy,3102,0,1.316,
22550.0,heavy,3103,0,4.429,
22553.3,heavy,3101,0,3.509,
22556.7,heavy,3102,1,1.314,
22560.0,heavy,3103,1,3.845,
22563.3,heavy,3101,0,3.639,
22566.7,heavy,3102,0,1.179,
22570.0,heavy,3103,1,3.635,
22573.3,heavy,3101,0,3.107,
22576.7,heavy,3102,0,1.057,
22580.0,heavy,3103,1,3.903,
22583.3,heavy,3101,0,3.141,
22586.7,heavy,3102,1,1.503,
22590.0,heavy,3103,0,4.063,
22593.3,heavy,3101,0,3.471,
22596.7,heavy,3102,0,1.125,
22600.0,heavy,3103,1,6.153,
22600.0,light-1,3101,1,1.357,
22600.0,light-3,3103,1,2.761,
22600.0,light-4,3101,1,6.434,
22600.0,light-2,3102,1,8.171,
22600.0,light-5,3102,1,9.387,
22603.3,heavy,3103,0,5.907,
22606.7,heavy,3101,1,6.004,
22610.0,heavy,3102,0,3.737,
22613.3,heavy,3103,0,3.544,
22616.7,heavy,3101,0,2.877,
22620.0,heavy,3102,1,1.149,
22623.3,heavy,3103,0,5.011,
22626.7,heavy,3101,0,3.396,
22630.0,heavy,3102,1,1.544,
22633.3,heavy,3103,0,5.991,
22636.7,heavy,3101,0,3.511,
22640.0,heavy,3102,1,1.473,
22643.3,heavy,3103,0,4.739,
22646.7,heavy,3101,1,3.555,
22650.0,heavy,3102,0,1.661,
22653.3,heavy,3103,0,5.889,
22656.7,heavy,3101,1,4.288,
22660.0,heavy,3102,0,1.603,
22663.3,heavy,3103,0,4.370,
22666.7,heavy,3101,1,4.546,
22670.0,heavy,3102,0,2.170,
22673.3,heavy,3103,0,5.185,
22676.7,heavy,3101,1,5.155,
22680.0,heavy,3102,0,1.658,
22683.3,heavy,3103,0,4.708,
22686.7,heavy,3101,0,3.842,
22690.0,heavy,3102,1,1.391,
22693.3,heavy,3103,0,3.932,
22696.7,heavy,3101,1,3.413,
22700.0,heavy,3102,0,1.535,
22700.0,light-5,3101,1,2.445,
22700.0,light-1,3103,1,5.147,
22700.0,light-2,3101,1,5.375,
22700.0,light-4,3103,1,6.290,
22700.0,light-3,3102,1,6.501,
22703.3,heavy,3102,0,3.302,
22706.7,heavy,3103,1,5.033,
22710.0,heavy,3101,0,3.241,
22713.3,heavy,3102,0,1.438,
22716.7,heavy,3103,0,3.667,
22720.0,heavy,3101,1,3.029,
22723.3,heavy,3102,0,1.346,
22726.7,heavy,3103,0,5.156,
22730.0,heavy,3101,1,4.290,
22733.3,heavy,3102,1,1.625,
22736.7,heavy,3103,0,5.438,
22740.0,heavy,3101,0,4.874,
22743.3,heavy,3102,0,0.970,
22746.7,heavy,3103,0,6.262,
22750.0,heavy,3101,1,3.932,
22753.3,heavy,3102,1,1.557,
22756.7,heavy,3103,0,7.158,
22760.0,heavy,3101,0,3.584,
22763.3,heavy,3102,0,1.710,
22766.7,heavy,3103,0,3.894,
22770.0,heavy,3101,0,4.162,
22773.3,heavy,3102,1,1.325,
22776.7,heavy,3103,0,3.787,
22780.0,heavy,3101,1,3.223,
22783.3,heavy,3102,0,1.467,
22786.7,heavy,3103,1,4.021,
22790.0,heavy,3101,0,3.320,
22793.3,heavy,3102,0,1.011,
22796.7,heavy,3103,1,5.211,
22800.0,heavy,3101,0,5.826,
22800.0,light-2,3103,1,2.452,
22800.0,light-4,3102,1,2.870,
22800.0,light-1,3102,1,5.409,
22800.0,light-5,3103,1,5.720,
22800.0,light-3,3101,1,6.445,
22803.3,heavy,3101,0,5.268,
22806.7,heavy,3102,0,1.135,
22810.0,heavy,3103,1,3.496,
22813.3,heavy,3101,0,2.902,
22816.7,heavy,3102,1,1.595,
22820.0,heavy,3103,0,3.257,
22823.3,heavy,3101,0,3.060,
22826.7,heavy,3102,0,1.068,
22830.0,heavy,3103,0,4.220,
22833.3,heavy,3101,1,3.012,
22836.7,heavy,3102,0,0.986,
22840.0,heavy,3103,0,4.289,
22843.3,heavy,3101,1,3.470,
22846.7,heavy,3102,1,1.151,
22850.0,heavy,3103,0,3.624,
22853.3,heavy,3101,0,3.183,
22856.7,heavy,3102,1,1.460,
22860.0,heavy,3103,0,3.172,
22863.3,heavy,3101,0,3.148,
22866.7,heavy,3102,0,1.284,
22870.0,heavy,3103,0,7.173,
22873.3,heavy,3101,1,3.255,
22876.7,heavy,3102,1,1.288,
22880.0,heavy,3103,0,7.714,
22883.3,heavy,3101,0,2.752,
22886.7,heavy,3102,0,1.003,
22890.0,heavy,3103,1,3.508,
22893.3,heavy,3101,0,3.733,
22896.7,heavy,3102,1,1.101,
22900.0,heavy,3103,0,7.628,
22900.0,light-1,3101,1,2.650,
22900.0,light-3,3103,1,4.068,
22900.0,light-4,3101,1,7.387,
22900.0,light-2,3102,1,7.614,
22900.0,light-5,3102,1,8.651,
22903.3,heavy,3101,0,6.466,
22906.7,heavy,3102,1,1.418,
22910.0,heavy,3103,0,7.800,
22913.3,heavy,3103,1,7.666,
22916.7,heavy,3101,0,4.025,
22920.0,heavy,3102,0,1.334,
22923.3,heavy,3103,0,3.375,
22926.7,heavy,3101,0,3.037,
22930.0,heavy,3102,1,1.496,
22933.3,heavy,3103,0,4.968,
22936.7,heavy,3101,0,3.570,
22940.0,heavy,3102,1,1.482,
22943.3,heavy,3103,0,4.048,
22946.7,heavy,3101,0,3.273,
22950.0,heavy,3102,1,1.307,
22953.3,heavy,3103,0,4.026,
22956.7,heavy,3101,1,3.299,
22960.0,heavy,3102,0,0.940,
22963.3,heavy,3103,0,4.901,
22966.7,heavy,3101,0,3.565,
22970.0,heavy,3102,1,1.319,
22973.3,heavy,3103,0,5.450,
22976.7,heavy,3101,1,3.035,
22980.0,heavy,3102,0,1.221,
22983.3,heavy,3103,0,3.321,
22986.7,heavy,3101,0,3.511,
22990.0,heavy,3102,1,1.423,
22993.3,heavy,3103,0,2.645,
22996.7,heavy,3101,0,7.724,
23000.0,heavy,3102,1,1.998,
23000.0,light-1,3101,1,2.674,
23000.0,light-3,3103,1,2.920,
23000.0,light-4,3101,1,7.265,
23000.0,light-2,3102,1,12.186,
23000.0,light-5,3102,1,25.005,
23003.3,heavy,3103,1,6.717,
23006.7,heavy,3103,0,7.463,
23010.0,heavy,3101,0,19.374,
23013.3,heavy,3102,0,2.298,
23016.7,heavy,3103,1,3.953,
23020.0,heavy,3101,0,12.545,
23023.3,heavy,3102,1,1.214,
23026.7,heavy,3103,0,4.286,
23030.0,heavy,3101,0,3.354,
23033.3,heavy,3102,0,1.378,
23036.7,heavy,3103,1,3.602,
23040.0,heavy,3101,0,3.305,
23043.3,heavy,3102,0,1.034,
23046.7,heavy,3103,0,4.062,
23050.0,heavy,3101,1,3.082,
23053.3,heavy,3102,0,1.098,
23056.7,heavy,3103,0,3.528,
23060.0,heavy,3101,1,3.242,
23063.3,heavy,3102,0,0.924,
23066.7,heavy,3103,1,3.651,
23070.0,heavy,3101,0,3.047,
23073.3,heavy,3102,0,1.039,
23076.7,heavy,3103,0,3.757,
23080.0,heavy,3101,0,3.062,
23083.3,heavy,3102,1,1.338,
23086.7,heavy,3103,1,3.431,
23090.0,heavy,3101,0,3.629,
23093.3,heavy,3102,0,1.210,
23096.7,heavy,3103,1,4.253,
23100.0,heavy,3101,0,4.938,
23100.0,light-5,3101,1,3.768,
23100.0,light-2,3101,1,5.920,
23100.0,light-1,3103,1,6.192,
23100.0,light-3,3102,1,6.666,
23100.0,light-4,3103,1,6.756,
23103.3,heavy,3102,0,3.846,
23106.7,heavy,3102,0,1.731,
23110.0,heavy,3103,1,3.695,
23113.3,heavy,3101,0,3.192,
23116.7,heavy,3102,0,1.140,
23120.0,heavy,3103,0,4.195,
23123.3,heavy,3101,1,3.055,
23126.7,heavy,3102,1,1.314,
23130.0,heavy,3103,0,3.135,
23133.3,heavy,3101,0,4.382,
23136.7,heavy,3102,1,1.341,
23140.0,heavy,3103,0,4.645,
23143.3,heavy,3101,0,4.765,
23146.7,heavy,3102,0,1.141,
23150.0,heavy,3103,0,5.598,
23153.3,heavy,3101,1,3.635,
23156.7,heavy,3102,1,1.567,
23160.0,heavy,3103,0,5.695,
23163.3,heavy,3101,0,3.069,
23166.7,heavy,3102,1,1.711,
23170.0,heavy,3103,0,4.119,
23173.3,heavy,3101,0,3.652,
23176.7,heavy,3102,0,1.037,
23180.0,heavy,3103,1,5.309,
23183.3,heavy,3101,0,3.848,
23186.7,heavy,3102,1,1.846,
23190.0,heavy,3103,0,6.214,
23193.3,heavy,3101,0,3.033,
23196.7,heavy,3102,0,1.025,
23200.0,heavy,3103,1,5.975,
23200.0,light-2,3103,1,2.623,
23200.0,light-4,3102,1,2.834,
23200.0,light-1,3102,1,6.851,
23200.0,light-3,3101,1,7.513,
23200.0,light-5,3103,1,7.573,
23203.3,heavy,3101,1,6.578,
23206.7,heavy,3101,0,7.172,
23210.0,heavy,3102,0,3.108,
23213.3,heavy,3103,0,3.794,
23216.7,heavy,3101,0,2.965,
23220.0,heavy,3102,1,1.288,
23223.3,heavy,3103,0,3.403,
23226.7,heavy,3101,0,2.652,
23230.0,heavy,3102,1,1.161,
23233.3,heavy,3103,0,3.408,
23236.7,heavy,3101,0,3.143,
23240.0,heavy,3102,1,1.022,
23243.3,heavy,3103,0,3.228,
23246.7,heavy,3101,1,2.752,
23250.0,heavy,3102,0,1.210,
23253.3,heavy,3103,0,3.266,
23256.7,heavy,3101,0,2.625,
23260.0,heavy,3102,1,1.295,
23263.3,heavy,3103,0,3.090,
23266.7,heavy,3101,0,2.958,
23270.0,heavy,3102,1,1.381,
23273.3,heavy,3103,1,3.388,
23276.7,heavy,3101,0,2.826,
23280.0,heavy,3102,0,0.977,
23283.3,heavy,3103,0,3.603,
23286.7,heavy,3101,0,2.564,
23290.0,heavy,3102,1,1.282,
23293.3,heavy,3103,0,4.360,
23296.7,heavy,3101,1,2.746,
23300.0,heavy,3102,0,1.282,
23300.0,light-5,3101,1,2.394,
23300.0,light-2,3101,1,4.853,
23300.0,light-1,3103,1,5.230,
23300.0,light-3,3102,1,5.821,
23300.0,light-4,3103,1,6.147,
23303.3,heavy,3102,0,1.021,
23306.7,heavy,3103,0,4.431,
23310.0,heavy,3101,1,3.300,
23313.3,heavy,3102,0,1.434,
23316.7,heavy,3103,0,5.167,
23320.0,heavy,3101,0,3.484,
23323.3,heavy,3102,1,1.361,
23326.7,heavy,3103,0,4.419,
23330.0,heavy,3101,1,3.286,
23333.3,heavy,3102,0,1.136,
23336.7,heavy,3103,0,3.855,
23340.0,heavy,3101,1,3.053,
23343.3,heavy,3102,0,0.941,
23346.7,heavy,3103,0,5.325,
23350.0,heavy,3101,0,3.013,
23353.3,heavy,3102,1,1.670,
23356.7,heavy,3103,1,5.809,
23360.0,heavy,3101,0,2.683,
23363.3,heavy,3102,1,1.518,
23366.7,heavy,3103,0,3.882,
23370.0,heavy,3101,0,3.305,
23373.3,heavy,3102,0,1.114,
23376.7,heavy,3103,0,8.498,
23380.0,heavy,3101,1,4.243,
23383.3,heavy,3102,1,1.293,
23386.7,heavy,3103,0,8.690,
23390.0,heavy,3101,0,3.730,
23393.3,heavy,3102,0,1.019,
23396.7,heavy,3103,0,3.457,
23400.0,heavy,3101,1,4.759,
23400.0,light-2,3103,1,1.307,
23400.0,light-4,3102,1,2.525,
23400.0,light-1,3102,1,4.797,
23400.0,light-5,3103,1,4.778,
23400.0,light-3,3101,1,6.301,
23403.3,heavy,3101,0,4.468,
23406.7,heavy,3102,0,0.905,
23410.0,heavy,3103,0,4.425,
23413.3,heavy,3101,1,2.893,
23416.7,heavy,3102,1,1.250,
23420.0,heavy,3103,0,5.066,
23423.3,heavy,3101,0,2.842,
23426.7,heavy,3102,0,1.066,
23430.0,heavy,3103,0,3.784,
23433.3,heavy,3101,1,3.057,
23436.7,heavy,3102,0,1.123,
23440.0,heavy,3103,1,4.870,
23443.3,heavy,3101,0,3.501,
23446.7,heavy,3102,1,1.436,
23450.0,heavy,3103,0,5.652,
23453.3,heavy,3101,0,2.633,
23456.7,heavy,3102,1,1.868,
23460.0,heavy,3103,0,4.461,
23463.3,heavy,3101,0,4.164,
23466.7,heavy,3102,0,1.244,
23470.0,heavy,3103,0,4.635,
23473.3,heavy,3101,1,3.354,
23476.7,heavy,3102,1,1.321,
23480.0,heavy,3103,0,5.821,
23483.3,heavy,3101,0,3.100,
23486.7,heavy,3102,0,1.045,
23490.0,heavy,3103,0,4.885,
23493.3,heavy,3101,0,3.411,
23496.7,heavy,3102,1,1.319,
23500.0,heavy,3103,1,6.174,
23500.0,light-1,3101,1,1.192,
23500.0,light-3,3103,1,2.846,
23500.0,light-4,3101,1,5.532,
23500.0,light-2,3102,1,5.839,
23500.0,light-5,3102,1,7.017,
23503.3,heavy,3103,0,5.851,
23506.7,heavy,3101,0,2.709,
23510.0,heavy,3102,1,1.197,
23513.3,heavy,3103,0,4.819,
23516.7,heavy,3101,1,3.808,
23520.0,heavy,3102,1,1.801,
23523.3,heavy,3103,0,5.729,
23526.7,heavy,3101,0,4.182,
23530.0,heavy,3102,0,1.673,
23533.3,heavy,3103,0,3.417,
23536.7,heavy,3101,0,2.833,
23540.0,heavy,3102,1,1.044,
23543.3,heavy,3103,0,3.659,
23546.7,heavy,3101,0,2.822,
23550.0,heavy,3102,1,0.833,
23553.3,heavy,3103,0,4.163,
23556.7,heavy,3101,1,3.284,
23560.0,heavy,3102,0,1.157,
23563.3,heavy,3103,0,2.961,
23566.7,heavy,3101,0,3.661,
23570.0,heavy,3102,1,1.359,
23573.3,heavy,3103,0,3.900,
23576.7,heavy,3101,1,2.927,
23580.0,heavy,3102,0,1.129,
23583.3,heavy,3103,0,3.949,
23586.7,heavy,3101,0,3.180,
23590.0,heavy,3102,1,1.197,
23593.3,heavy,3103,0,2.662,
23596.7,heavy,3101,1,6.632,
23600.0,heavy,3102,1,1.689,
23600.0,light-1,3101,1,2.963,
23600.0,light-3,3103,1,3.107,
23600.0,light-4,3101,1,6.640,
23600.0,light-2,3102,1,7.036,
23600.0,light-5,3102,1,8.501,
23603.3,heavy,3103,0,6.958,
23606.7,heavy,3103,0,7.168,
23610.0,heavy,3101,0,3.934,
23613.3,heavy,3102,0,1.653,
23616.7,heavy,3103,0,4.414,
23620.0,heavy,3101,1,3.643,
23623.3,heavy,3102,0,0.976,
23626.7,heavy,3103,0,4.708,
23630.0,heavy,3101,0,3.342,
23633.3,heavy,3102,1,1.482,
23636.7,heavy,3103,0,5.432,
23640.0,heavy,3101,1,3.163,
23643.3,heavy,3102,0,0.994,
23646.7,heavy,3103,0,3.800,
23650.0,heavy,3101,1,2.897,
23653.3,heavy,3102,0,1.036,
23656.7,heavy,3103,0,3.911,
23660.0,heavy,3101,0,2.725,
23663.3,heavy,3102,1,1.217,
23666.7,heavy,3103,1,4.565,
23670.0,heavy,3101,0,3.092,
23673.3,heavy,3102,1,1.636,
23676.7,heavy,3103,0,4.240,
23680.0,heavy,3101,0,3.522,
23683.3,heavy,3102,0,1.051,
23686.7,heavy,3103,0,3.381,
23690.0,heavy,3101,1,3.512,
23693.3,heavy,3102,0,1.225,
23696.7,heavy,3103,1,3.528,
23700.0,heavy,3101,0,5.716,
23700.0,light-2,3103,1,1.301,
23700.0,light-4,3102,1,2.729,
23700.0,light-1,3102,1,6.131,
23700.0,light-5,3103,1,6.071,
23700.0,light-3,3101,1,6.242,
23703.3,heavy,3101,0,5.356,
23706.7,heavy,3102,0,0.912,
23710.0,heavy,3103,1,3.267,
23713.3,heavy,3101,0,3.506,
23716.7,heavy,3102,0,0.974,
23720.0,heavy,3103,0,5.556,
23723.3,heavy,3101,1,3.321,
23726.7,heavy,3102,1,1.270,
23730.0,heavy,3103,0,6.073,
23733.3,heavy,3101,0,3.656,
23736.7,heavy,3102,0,0.963,
23740.0,heavy,3103,0,3.637,
23743.3,heavy,3101,1,2.906,
23746.7,heavy,3102,0,0.932,
23750.0,heavy,3103,0,4.695,
23753.3,heavy,3101,1,3.192,
23756.7,heavy,3102,1,1.389,
23760.0,heavy,3103,0,5.757,
23763.3,heavy,3101,0,2.514,
23766.7,heavy,3102,0,0.848,
23770.0,heavy,3103,0,3.543,
23773.3,heavy,3101,0,2.990,
23776.7,heavy,3102,1,1.052,
23780.0,heavy,3103,0,4.559,
23783.3,heavy,3101,1,3.179,
23786.7,heavy,3102,1,1.296,
23790.0,heavy,3103,0,5.582,
23793.3,heavy,3101,0,3.082,
23796.7,heavy,3102,0,1.093,
23800.0,heavy,3103,0,7.161,
23800.0,light-5,3101,1,3.534,
23800.0,light-2,3101,1,6.300,
23800.0,light-3,3102,1,6.402,
23800.0,light-1,3103,1,6.963,
23800.0,light-4,3103,1,7.631,
23803.3,heavy,3101,1,4.355,
23806.7,heavy,3102,1,1.283,
23810.0,heavy,3102,0,0.975,
23813.3,heavy,3103,0,4.296,
23816.7,heavy,3101,1,3.111,
23820.0,heavy,3102,0,0.930,
23823.3,heavy,3103,0,4.399,
23826.7,heavy,3101,1,3.862,
23830.0,heavy,3102,1,1.456,
23833.3,heavy,3103,0,5.404,
23836.7,heavy,3101,0,4.628,
23840.0,heavy,3102,0,1.379,
23843.3,heavy,3103,0,2.972,
23846.7,heavy,3101,0,3.504,
23850.0,heavy,3102,1,1.384,
23853.3,heavy,3103,0,3.792,
23856.7,heavy,3101,0,2.837,
23860.0,heavy,3102,1,1.087,
23863.3,heavy,3103,1,3.087,
23866.7,heavy,3101,0,3.483,
23870.0,heavy,3102,0,1.105,
23873.3,heavy,3103,0,4.979,
23876.7,heavy,3101,0,3.529,
23880.0,heavy,3102,1,1.466,
23883.3,heavy,3103,0,5.695,
23886.7,heavy,3101,1,2.883,
23890.0,heavy,3102,0,0.735,
23893.3,heavy,3103,1,3.295,
23896.7,heavy,3101,0,4.152,
23900.0,heavy,3102,0,1.564,
23900.0,light-5,3101,1,2.412,
23900.0,light-2,3101,1,4.404,
23900.0,light-1,3103,1,4.925,
23900.0,light-3,3102,1,4.935,
23900.0,light-4,3103,1,5.391,
23903.3,heavy,3102,0,1.878,
23906.7,heavy,3103,1,6.342,
23910.0,heavy,3101,0,3.077,
23913.3,heavy,3102,0,1.301,
23916.7,heavy,3103,0,3.871,
23920.0,heavy,3101,1,2.647,
23923.3,heavy,3102,0,1.021,
23926.7,heavy,3103,1,3.694,
23930.0,heavy,3101,0,4.029,
23933.3,heavy,3102,0,1.247,
23936.7,heavy,3103,0,4.371,
23940.0,heavy,3101,0,2.890,
23943.3,heavy,3102,1,1.199,
23946.7,heavy,3103,0,4.324,
23950.0,heavy,3101,1,3.080,
23953.3,heavy,3102,0,1.565,
23956.7,heavy,3103,1,3.876,
23960.0,heavy,3101,0,4.212,
23963.3,heavy,3102,0,0.978,
23966.7,heavy,3103,0,3.273,
23970.0,heavy,3101,1,3.725,
23973.3,heavy,3102,0,1.137,
23976.7,heavy,3103,1,4.160,
23980.0,heavy,3101,0,2.826,
23983.3,heavy,3102,0,1.204,
23986.7,heavy,3103,0,3.536,
23990.0,heavy,3101,0,2.882,
23993.3,heavy,3102,1,0.992,
23996.7,heavy,3103,0,8.391,
24000.0,heavy,3101,1,7.590,
24000.0,light-1,3101,1,2.278,
24000.0,light-3,3103,1,3.462,
24000.0,light-4,3101,1,7.983,
24000.0,light-2,3102,1,8.929,
24000.0,light-5,3102,1,10.088,
24003.3,heavy,3102,1,1.586,
24006.7,heavy,3103,0,9.233,
24010.0,heavy,3103,0,8.480,
24013.3,heavy,3101,1,4.400,
24016.7,heavy,3102,0,3.206,
24020.0,heavy,3103,0,3.500,
24023.3,heavy,3101,0,3.043,
24026.7,heavy,3102,0,1.219,
24030.0,heavy,3103,0,7.354,
24033.3,heavy,3101,1,3.473,
24036.7,heavy,3102,1,1.524,
24040.0,heavy,3103,0,7.341,
24043.3,heavy,3101,0,3.068,
24046.7,heavy,3102,0,1.011,
24050.0,heavy,3103,0,4.541,
24053.3,heavy,3101,1,3.241,
24056.7,heavy,3102,0,1.196,
24060.0,heavy,3103,0,4.596,
24063.3,heavy,3101,1,3.293,
24066.7,heavy,3102,1,1.234,
24070.0,heavy,3103,0,5.268,
24073.3,heavy,3101,0,2.928,
24076.7,heavy,3102,0,1.108,
24080.0,heavy,3103,0,4.436,
24083.3,heavy,3101,1,3.458,
24086.7,heavy,3102,1,1.181,
24090.0,heavy,3103,0,4.924,
24093.3,heavy,3101,0,3.271,
24096.7,heavy,3102,0,1.309,
24100.0,heavy,3103,1,6.151,
24100.0,light-1,3101,1,1.242,
24100.0,light-3,3103,1,2.809,
24100.0,light-4,3101,1,5.354,
24100.0,light-2,3102,1,6.196,
24100.0,light-5,3102,1,6.420,
24103.3,heavy,3103,0,4.054,
24106.7,heavy,3101,0,3.169,
24110.0,heavy,3102,1,1.696,
24113.3,heavy,3103,0,4.433,
24116.7,heavy,3101,1,3.807,
24120.0,heavy,3102,0,1.092,
24123.3,heavy,3103,0,4.449,
24126.7,heavy,3101,0,3.196,
24130.0,heavy,3102,1,1.259,
24133.3,heavy,3103,0,5.203,
24136.7,heavy,3101,0,3.390,
24140.0,heavy,3102,1,1.151,
24143.3,heavy,3103,0,4.397,
24146.7,heavy,3101,1,3.208,
24150.0,heavy,3102,0,1.083,
24153.3,heavy,3103,0,4.910,
24156.7,heavy,3101,0,3.296,
24160.0,heavy,3102,1,1.822,
24163.3,heavy,3103,0,5.749,
24166.7,heavy,3101,1,4.443,
24170.0,heavy,3102,0,1.034,
24173.3,heavy,3103,0,3.917,
24176.7,heavy,3101,0,3.104,
24180.0,heavy,3102,1,1.313,
24183.3,heavy,3103,0,3.848,
24186.7,heavy,3101,0,2.952,
24190.0,heavy,3102,1,1.124,
24193.3,heavy,3103,0,3.644,
24196.7,heavy,3101,1,3.645,
24200.0,heavy,3102,0,1.505,
24200.0,light-5,3101,1,2.231,
24200.0,light-2,3101,1,4.553,
24200.0,light-1,3103,1,4.796,
24200.0,light-3,3102,1,4.800,
24200.0,light-4,3103,1,5.438,
24203.3,heavy,3102,0,1.920,
24206.7,heavy,3103,1,4.954,
24210.0,heavy,3101,0,3.107,
24213.3,heavy,3102,0,1.261,
24216.7,heavy,3103,1,4.870,
24220.0,heavy,3101,0,3.018,
24223.3,heavy,3102,1,1.179,
24226.7,heavy,3103,0,5.602,
24230.0,heavy,3101,0,2.489,
24233.3,heavy,3102,1,1.451,
24236.7,heavy,3103,0,3.868,
24240.0,heavy,3101,0,3.419,
24243.3,heavy,3102,0,0.843,
24246.7,heavy,3103,0,4.508,
24250.0,heavy,3101,1,2.898,
24253.3,heavy,3102,1,1.281,
24256.7,heavy,3103,0,5.067,
24260.0,heavy,3101,0,2.686,
24263.3,heavy,3102,0,0.803,
24266.7,heavy,3103,0,3.658,
24270.0,heavy,3101,0,2.787,
24273.3,heavy,3102,1,1.583,
24276.7,heavy,3103,0,3.551,
24280.0,heavy,3101,1,2.832,
24283.3,heavy,3102,1,1.362,
24286.7,heavy,3103,0,3.691,
24290.0,heavy,3101,0,3.008,
24293.3,heavy,3102,0,0.990,
24296.7,heavy,3103,0,3.743,
24300.0,heavy,3101,1,4.613,
24300.0,light-2,3103,1,1.480,
24300.0,light-4,3102,1,2.524,
24300.0,light-1,3102,1,4.662,
24300.0,light-3,3101,1,4.701,
24300.0,light-5,3103,1,5.105,
24303.3,heavy,3101,0,5.213,
24306.7,heavy,3102,0,0.933,
24310.0,heavy,3103,0,4.639,
24313.3,heavy,3101,1,3.336,
24316.7,heavy,3102,1,1.388,
24320.0,heavy,3103,0,5.244,
24323.3,heavy,3101,0,2.867,
24326.7,heavy,3102,1,1.346,
24330.0,heavy,3103,0,3.273,
24333.3,heavy,3101,0,2.747,
24336.7,heavy,3102,0,0.916,
24340.0,heavy,3103,0,4.261,
24343.3,heavy,3101,1,2.689,
24346.7,heavy,3102,1,1.206,
24350.0,heavy,3103,0,4.994,
24353.3,heavy,3101,0,2.613,
24356.7,heavy,3102,1,1.519,
24360.0,heavy,3103,0,3.751,
24363.3,heavy,3101,0,3.165,
24366.7,heavy,3102,0,1.627,
24370.0,heavy,3103,1,3.446,
24373.3,heavy,3101,0,3.240,
24376.7,heavy,3102,0,1.444,
24380.0,heavy,3103,1,4.023,
24383.3,heavy,3101,0,2.535,
24386.7,heavy,3102,0,0.996,
24390.0,heavy,3103,1,2.865,
24393.3,heavy,3101,0,2.735,
24396.7,heavy,3102,0,1.057,
24400.0,heavy,3103,1,5.024,
24400.0,light-1,3101,1,2.152,
24400.0,light-3,3103,1,2.264,
24400.0,light-4,3101,1,5.286,
24400.0,light-2,3102,1,5.525,
24400.0,light-5,3102,1,5.734,
24403.3,heavy,3103,0,3.063,
24406.7,heavy,3101,0,2.497,
24410.0,heavy,3102,1,1.266,
24413.3,heavy,3103,0,3.552,
24416.7,heavy,3101,0,3.217,
24420.0,heavy,3102,1,1.176,
24423.3,heavy,3103,0,3.111,
24426.7,heavy,3101,0,2.668,
24430.0,heavy,3102,1,1.081,
24433.3,heavy,3103,0,3.799,
24436.7,heavy,3101,0,3.005,
24440.0,heavy,3102,1,1.298,
24443.3,heavy,3103,0,7.144,
24446.7,heavy,3101,1,2.670,
24450.0,heavy,3102,0,1.024,
24453.3,heavy,3103,0,5.106,
24456.7,heavy,3101,0,3.327,
24460.0,heavy,3102,1,2.296,
24463.3,heavy,3103,0,5.659,
24466.7,heavy,3101,0,3.058,
24470.0,heavy,3102,1,0.961,
24473.3,heavy,3103,0,4.247,
24476.7,heavy,3101,0,3.553,
24480.0,heavy,3102,1,1.261,
24483.3,heavy,3103,0,4.543,
24486.7,heavy,3101,0,2.834,
24490.0,heavy,3102,1,0.751,
24493.3,heavy,3103,0,6.561,
24496.7,heavy,3101,0,4.462,
24500.0,heavy,3102,1,1.394,
24500.0,light-5,3101,1,3.067,
24500.0,light-3,3102,1,5.428,
24500.0,light-2,3101,1,5.988,
24500.0,light-1,3103,1,6.378,
24500.0,light-4,3103,1,7.432,
24503.3,heavy,3102,0,0.834,
24506.7,heavy,3103,1,4.989,
24510.0,heavy,3101,0,3.252,
24513.3,heavy,3102,0,1.173,
24516.7,heavy,3103,0,3.548,
24520.0,heavy,3101,1,2.827,
24523.3,heavy,3102,0,1.034,
24526.7,heavy,3103,1,3.432,
24530.0,heavy,3101,0,3.979,
24533.3,heavy,3102,0,1.100,
24536.7,heavy,3103,0,3.336,
24540.0,heavy,3101,1,2.817,
24543.3,heavy,3102,0,2.050,
24546.7,heavy,3103,1,4.251,
24550.0,heavy,3101,0,2.788,
24553.3,heavy,3102,0,1.248,
24556.7,heavy,3103,0,4.419,
24560.0,heavy,3101,1,3.379,
24563.3,heavy,3102,0,1.132,
24566.7,heavy,3103,0,3.443,
24570.0,heavy,3101,1,2.833,
24573.3,heavy,3102,0,0.873,
24576.7,heavy,3103,1,3.697,
24580.0,heavy,3101,0,3.256,
24583.3,heavy,3102,0,1.120,
24586.7,heavy,3103,0,3.696,
24590.0,heavy,3101,0,2.965,
24593.3,heavy,3102,1,1.219,
24596.7,heavy,3103,0,3.700,
24600.0,heavy,3101,1,5.170,
24600.0,light-2,3103,1,1.308,
24600.0,light-4,3102,1,2.862,
24600.0,light-1,3102,1,5.228,
24600.0,light-5,3103,1,5.167,
24600.0,light-3,3101,1,7.210,
24603.3,heavy,3101,0,5.104,
24606.7,heavy,3102,0,1.224,
24610.0,heavy,3103,0,6.047,
24613.3,heavy,3101,1,4.659,
24616.7,heavy,3102,1,1.822,
24620.0,heavy,3103,0,6.286,
24623.3,heavy,3101,0,5.350,
24626.7,heavy,3102,0,1.878,
24630.0,heavy,3103,1,3.342,
24633.3,heavy,3101,0,2.875,
24636.7,heavy,3102,0,0.861,
24640.0,heavy,3103,1,3.408,
24643.3,heavy,3101,0,2.708,
24646.7,heavy,3102,0,0.836,
24650.0,heavy,3103,0,4.021,
24653.3,heavy,3101,1,3.289,
24656.7,heavy,3102,1,0.990,
24660.0,heavy,3103,0,4.853,
24663.3,heavy,3101,0,3.473,
24666.7,heavy,3102,1,1.384,
24670.0,heavy,3103,0,5.953,
24673.3,heavy,3101,0,3.093,
24676.7,heavy,3102,0,1.122,
24680.0,heavy,3103,0,3.669,
24683.3,heavy,3101,1,2.875,
24686.7,heavy,3102,1,1.001,
24690.0,heavy,3103,0,3.631,
24693.3,heavy,3101,0,2.286,
24696.7,heavy,3102,0,0.936,
24700.0,heavy,3103,1,5.696,
24700.0,light-1,3101,1,1.276,
24700.0,light-3,3103,1,1.974,
24700.0,light-4,3101,1,5.883,
24700.0,light-2,3102,1,6.093,
24700.0,light-5,3102,1,7.301,
24703.3,heavy,3103,0,5.134,
24706.7,heavy,3101,0,3.207,
24710.0,heavy,3102,1,1.175,
24713.3,heavy,3103,1,4.233,
24716.7,heavy,3101,0,3.460,
24720.0,heavy,3102,0,1.196,
24723.3,heavy,3103,0,4.174,
24726.7,heavy,3101,0,3.138,
24730.0,heavy,3102,1,1.217,
24733.3,heavy,3103,0,3.972,
24736.7,heavy,3101,0,2.753,
24740.0,heavy,3102,1,1.661,
24743.3,heavy,3103,0,3.494,
24746.7,heavy,3101,1,2.846,
24750.0,heavy,3102,0,0.859,
24753.3,heavy,3103,0,4.467,
24756.7,heavy,3101,0,3.152,
24760.0,heavy,3102,1,1.281,
24763.3,heavy,3103,0,5.285,
24766.7,heavy,3101,0,2.894,
24770.0,heavy,3102,1,1.133,
24773.3,heavy,3103,0,3.751,
24776.7,heavy,3101,1,3.010,
24780.0,heavy,3102,0,0.999,
24783.3,heavy,3103,0,4.622,
24786.7,heavy,3101,0,3.324,
24790.0,heavy,3102,1,1.279,
24793.3,heavy,3103,0,5.731,
24796.7,heavy,3101,1,3.553,
24800.0,heavy,3102,0,1.241,
24800.0,light-5,3101,1,2.244,
24800.0,light-2,3101,1,4.961,
24800.0,light-1,3103,1,5.405,
24800.0,light-3,3102,1,5.395,
24800.0,light-4,3103,1,6.106,
24803.3,heavy,3102,0,1.095,
24806.7,heavy,3103,0,3.075,
24810.0,heavy,3101,0,4.918,
24813.3,heavy,3102,1,1.445,
24816.7,heavy,3103,0,3.941,
24820.0,heavy,3101,1,4.800,
24823.3,heavy,3102,1,1.775,
24826.7,heavy,3103,0,3.322,
24830.0,heavy,3101,0,3.048,
24833.3,heavy,3102,0,1.391,
24836.7,heavy,3103,1,3.730,
24840.0,heavy,3101,0,4.008,
24843.3,heavy,3102,0,0.871,
24846.7,heavy,3103,0,4.891,
24850.0,heavy,3101,1,3.657,
24853.3,heavy,3102,1,1.316,
24856.7,heavy,3103,0,5.725,
24860.0,heavy,3101,0,3.384,
24863.3,heavy,3102,0,1.015,
24866.7,heavy,3103,0,3.714,
24870.0,heavy,3101,1,3.021,
24873.3,heavy,3102,0,1.010,
24876.7,heavy,3103,0,4.143,
24880.0,heavy,3101,1,3.027,
24883.3,heavy,3102,1,1.141,
24886.7,heavy,3103,0,4.580,
24890.0,heavy,3101,0,3.219,
24893.3,heavy,3102,0,1.132,
24896.7,heavy,3103,0,7.028,
24900.0,heavy,3101,0,5.312,
24900.0,light-5,3101,1,3.669,
24900.0,light-2,3101,1,6.767,
24900.0,light-1,3103,1,7.432,
24900.0,light-3,3102,1,8.002,
24900.0,light-4,3103,1,8.665,
24903.3,heavy,3102,1,1.475,
24906.7,heavy,3102,0,1.074,
24910.0,heavy,3103,1,4.697,
24913.3,heavy,3101,0,3.244,
24916.7,heavy,3102,1,1.069,
24920.0,heavy,3103,0,3.215,
24923.3,heavy,3101,0,3.303,
24926.7,heavy,3102,0,0.946,
24930.0,heavy,3103,0,3.950,
24933.3,heavy,3101,1,3.266,
24936.7,heavy,3102,0,1.090,
24940.0,heavy,3103,1,4.464,
24943.3,heavy,3101,0,3.372,
24946.7,heavy,3102,1,1.216,
24950.0,heavy,3103,0,4.283,
24953.3,heavy,3101,0,2.947,
24956.7,heavy,3102,0,0.914,
24960.0,heavy,3103,0,4.566,
24963.3,heavy,3101,1,3.702,
24966.7,heavy,3102,0,1.169,
24970.0,heavy,3103,1,6.039,
24973.3,heavy,3101,0,4.550,
24976.7,heavy,3102,1,1.312,
24980.0,heavy,3103,0,7.336,
24983.3,heavy,3101,0,3.520,
24986.7,heavy,3102,0,1.219,
24990.0,heavy,3103,0,5.276,
24993.3,heavy,3101,1,3.783,
24996.7,heavy,3102,1,1.287,
25000.0,heavy,3103,0,6.136,
25000.0,light-1,3101,1,1.170,
25000.0,light-3,3103,1,2.874,
25000.0,light-2,3102,1,6.566,
25000.0,light-4,3101,1,6.631,
25000.0,light-5,3102,1,6.972,
25003.3,heavy,3103,0,3.011,
25006.7,heavy,3101,1,3.078,
25010.0,heavy,3102,0,1.422,
25013.3,heavy,3103,0,2.925,
25016.7,heavy,3101,0,2.784,
25020.0,heavy,3102,1,1.704,
25023.3,heavy,3103,0,4.630,
25026.7,heavy,3101,0,5.219,
25030.0,heavy,3102,1,1.339,
25033.3,heavy,3103,0,4.242,
25036.7,heavy,3101,1,3.773,
25040.0,heavy,3102,0,1.393,
25043.3,heavy,3103,0,5.446,
25046.7,heavy,3101,1,3.970,
25050.0,heavy,3102,0,2.004,
25053.3,heavy,3103,0,4.340,
25056.7,heavy,3101,1,3.476,
25060.0,heavy,3102,0,1.493,
25063.3,heavy,3103,0,5.717,
25066.7,heavy,3101,1,4.781,
25070.0,heavy,3102,1,1.682,
25073.3,heavy,3103,0,5.674,
25076.7,heavy,3101,0,5.402,
25080.0,heavy,3102,0,1.103,
25083.3,heavy,3103,0,9.416,
25086.7,heavy,3101,0,6.865,
25090.0,heavy,3102,1,1.824,
25093.3,heavy,3103,0,11.259,
25096.7,heavy,3101,0,7.449,
25100.0,heavy,3102,1,1.296,
25100.0,light-5,3101,1,4.622,
25100.0,light-3,3102,1,7.761,
25100.0,light-2,3101,1,8.154,
25100.0,light-1,3103,1,8.898,
25100.0,light-4,3103,1,11.801,
25103.3,heavy,3102,0,1.227,
25106.7,heavy,3103,0,7.779,
25110.0,heavy,3101,1,2.888,
25113.3,heavy,3102,0,1.321,
25116.7,heavy,3103,1,5.108,
25120.0,heavy,3101,0,4.433,
25123.3,heavy,3102,1,1.772,
25126.7,heavy,3103,0,5.228,
25130.0,heavy,3101,0,4.802,
25133.3,heavy,3102,0,0.754,
25136.7,heavy,3103,0,4.262,
25140.0,heavy,3101,0,3.067,
25143.3,heavy,3102,1,1.226,
25146.7,heavy,3103,0,3.653,
25150.0,heavy,3101,1,3.257,
25153.3,heavy,3102,0,1.340,
25156.7,heavy,3103,0,4.214,
25160.0,heavy,3101,1,3.353,
25163.3,heavy,3102,0,1.347,
25166.7,heavy,3103,0,4.660,
25170.0,heavy,3101,0,3.088,
25173.3,heavy,3102,1,1.329,
25176.7,heavy,3103,1,4.434,
25180.0,heavy,3101,0,3.308,
25183.3,heavy,3102,0,1.025,
25186.7,heavy,3103,0,4.849,
25190.0,heavy,3101,1,3.916,
25193.3,heavy,3102,0,1.232,
25196.7,heavy,3103,0,3.662,
25200.0,heavy,3101,1,5.470,
25200.0,light-2,3103,1,1.444,
25200.0,light-4,3102,1,3.155,
25200.0,light-1,3102,1,5.467,
25200.0,light-5,3103,1,5.358,
25200.0,light-3,3101,1,7.251,
25203.3,heavy,3101,0,4.452,
25206.7,heavy,3102,0,1.055,
25210.0,heavy,3103,0,5.179,
25213.3,heavy,3101,1,4.298,
25216.7,heavy,3102,1,1.397,
25220.0,heavy,3103,0,5.725,
25223.3,heavy,3101,0,3.524,
25226.7,heavy,3102,0,0.989,
25230.0,heavy,3103,0,4.444,
25233.3,heavy,3101,1,2.718,
25236.7,heavy,3102,1,1.150,
25240.0,heavy,3103,0,3.994,
25243.3,heavy,3101,0,2.716,
25246.7,heavy,3102,0,0.877,
25250.0,heavy,3103,0,3.562,
25253.3,heavy,3101,1,2.829,
25256.7,heavy,3102,0,0.954,
25260.0,heavy,3103,0,4.814,
25263.3,heavy,3101,1,2.998,
25266.7,heavy,3102,1,1.392,
25270.0,heavy,3103,0,5.519,
25273.3,heavy,3101,0,2.762,
25276.7,heavy,3102,1,1.688,
25280.0,heavy,3103,0,4.183,
25283.3,heavy,3101,0,3.153,
25286.7,heavy,3102,0,1.532,
25290.0,heavy,3103,1,2.860,
25293.3,heavy,3101,0,6.239,
25296.7,heavy,3102,1,2.157,
25300.0,heavy,3103,0,6.463,
25300.0,light-1,3101,1,2.466,
25300.0,light-3,3103,1,2.521,
25300.0,light-2,3102,1,6.484,
25300.0,light-5,3102,1,7.541,
25300.0,light-4,3101,1,8.081,
25303.3,heavy,3103,0,5.335,
25306.7,heavy,3101,0,3.510,
25310.0,heavy,3102,1,1.433,
25313.3,heavy,3103,0,3.754,
25316.7,heavy,3101,1,3.405,
25320.0,heavy,3102,0,1.482,
25323.3,heavy,3103,0,4.313,
25326.7,heavy,3101,1,3.389,
25330.0,heavy,3102,0,1.053,
25333.3,heavy,3103,0,4.938,
25336.7,heavy,3101,0,4.119,
25340.0,heavy,3102,1,1.425,
25343.3,heavy,3103,0,5.175,
25346.7,heavy,3101,1,3.292,
25350.0,heavy,3102,0,0.963,
25353.3,heavy,3103,0,5.059,
25356.7,heavy,3101,0,3.145,
25360.0,heavy,3102,1,1.184,
25363.3,heavy,3103,0,5.057,
25366.7,heavy,3101,0,3.031,
25370.0,heavy,3102,1,1.363,
25373.3,heavy,3103,0,3.468,
25376.7,heavy,3101,0,2.921,
25380.0,heavy,3102,1,0.835,
25383.3,heavy,3103,0,4.590,
25386.7,heavy,3101,0,3.754,
25390.0,heavy,3102,1,1.837,
25393.3,heavy,3103,0,4.649,
25396.7,heavy,3101,0,2.946,
25400.0,heavy,3102,1,1.585,
25400.0,light-2,3103,1,3.078,
25400.0,light-4,3102,1,3.527,
25400.0,light-1,3102,1,5.460,
25400.0,light-3,3101,1,6.350,
25400.0,light-5,3103,1,6.824,
25403.3,heavy,3103,0,6.158,
25406.7,heavy,3101,1,5.978,
25410.0,heavy,3101,0,4.182,
25413.3,heavy,3102,0,0.775,
25416.7,heavy,3103,0,3.850,
25420.0,heavy,3101,0,3.150,
25423.3,heavy,3102,1,1.315,
25426.7,heavy,3103,0,3.659,
25430.0,heavy,3101,1,2.558,
25433.3,heavy,3102,0,1.146,
25436.7,heavy,3103,1,3.848,
25440.0,heavy,3101,0,2.745,
25443.3,heavy,3102,0,1.441,
25446.7,heavy,3103,0,3.322,
25450.0,heavy,3101,1,2.846,
25453.3,heavy,3102,0,0.795,
25456.7,heavy,3103,1,3.951,
25460.0,heavy,3101,0,4.544,
25463.3,heavy,3102,1,1.438,
25466.7,heavy,3103,0,4.665,
25470.0,heavy,3101,0,4.028,
25473.3,heavy,3102,0,1.143,
25476.7,heavy,3103,0,4.740,
25480.0,heavy,3101,0,2.677,
25483.3,heavy,3102,1,1.217,
25486.7,heavy,3103,0,4.518,
25490.0,heavy,3101,1,2.607,
25493.3,heavy,3102,0,0.961,
25496.7,heavy,3103,1,6.772,
25500.0,heavy,3101,0,6.264,
25500.0,light-2,3103,1,2.552,
25500.0,light-4,3102,1,2.976,
25500.0,light-3,3101,1,5.354,
25500.0,light-5,3103,1,5.749,
25500.0,light-1,3102,1,6.076,
25503.3,heavy,3101,0,4.358,
25506.7,heavy,3102,0,1.373,
25510.0,heavy,3103,0,3.771,
25513.3,heavy,3101,0,3.100,
25516.7,heavy,3102,1,1.347,
25520.0,heavy,3103,1,3.491,
25523.3,heavy,3101,0,2.719,
25526.7,heavy,3102,1,1.466,
25530.0,heavy,3103,0,3.550,
25533.3,heavy,3101,0,2.985,
25536.7,heavy,3102,0,0.929,
25540.0,heavy,3103,0,3.884,
25543.3,heavy,3101,1,3.172,
25546.7,heavy,3102,1,1.297,
25550.0,heavy,3103,0,3.360,
25553.3,heavy,3101,0,3.086,
25556.7,heavy,3102,0,1.440,
25560.0,heavy,3103,1,3.262,
25563.3,heavy,3101,0,3.309,
25566.7,heavy,3102,0,1.176,
25570.0,heavy,3103,0,4.546,
25573.3,heavy,3101,1,3.179,
25576.7,heavy,3102,1,1.328,
25580.0,heavy,3103,0,4.364,
25583.3,heavy,3101,0,2.851,
25586.7,heavy,3102,1,1.240,
25590.0,heavy,3103,0,3.638,
25593.3,heavy,3101,0,3.070,
25596.7,heavy,3102,0,0.896,
25600.0,heavy,3103,0,9.477,
25600.0,light-5,3101,1,3.997,
25600.0,light-3,3102,1,6.497,
25600.0,light-2,3101,1,6.711,
25600.0,light-1,3103,1,7.287,
25600.0,light-4,3103,1,10.663,
25603.3,heavy,3101,0,5.216,
25606.7,heavy,3102,1,1.394,
25610.0,heavy,3102,1,2.753,
25613.3,heavy,3103,0,7.882,
25616.7,heavy,3101,0,3.475,
25620.0,heavy,3102,1,1.088,
25623.3,heavy,3103,0,3.870,
25626.7,heavy,3101,1,2.895,
25630.0,heavy,3102,0,1.144,
25633.3,heavy,3103,0,4.150,
25636.7,heavy,3101,0,3.429,
25640.0,heavy,3102,1,1.393,
25643.3,heavy,3103,0,3.392,
25646.7,heavy,3101,0,3.044,
25650.0,heavy,3102,1,0.981,
25653.3,heavy,3103,0,4.154,
25656.7,heavy,3101,0,3.636,
25660.0,heavy,3102,1,1.114,
25663.3,heavy,3103,0,3.608,
25666.7,heavy,3101,0,3.160,
25670.0,heavy,3102,1,1.047,
25673.3,heavy,3103,0,4.336,
25676.7,heavy,3101,1,3.716,
25680.0,heavy,3102,1,1.260,
25683.3,heavy,3103,0,4.600,
25686.7,heavy,3101,0,4.326,
25690.0,heavy,3102,0,0.912,
25693.3,heavy,3103,0,8.485,
25696.7,heavy,3101,0,4.819,
25700.0,heavy,3102,1,1.379,
25700.0,light-5,3101,1,3.790,
25700.0,light-2,3101,1,7.119,
25700.0,light-3,3102,1,7.908,
25700.0,light-1,3103,1,9.933,
25700.0,light-4,3103,1,10.921,
25703.3,heavy,3102,0,3.137,
25706.7,heavy,3103,1,8.073,
25710.0,heavy,3101,0,3.351,
25713.3,heavy,3102,0,1.344,
25716.7,heavy,3103,1,3.910,
25720.0,heavy,3101,0,2.892,
25723.3,heavy,3102,0,0.963,
25726.7,heavy,3103,0,3.693,
25730.0,heavy,3101,0,3.001,
25733.3,heavy,3102,1,1.394,
25736.7,heavy,3103,0,3.333,
25740.0,heavy,3101,1,3.019,
25743.3,heavy,3102,0,0.802,
25746.7,heavy,3103,1,3.395,
25750.0,heavy,3101,0,2.465,
25753.3,heavy,3102,0,0.733,
25756.7,heavy,3103,0,4.860,
25760.0,heavy,3101,0,3.054,
25763.3,heavy,3102,1,1.378,
25766.7,heavy,3103,0,4.459,
25770.0,heavy,3101,1,3.049,
25773.3,heavy,3102,0,1.129,
25776.7,heavy,3103,1,3.368,
25780.0,heavy,3101,0,3.641,
25783.3,heavy,3102,0,1.064,
25786.7,heavy,3103,0,4.403,
25790.0,heavy,3101,0,3.179,
25793.3,heavy,3102,1,1.246,
25796.7,heavy,3103,0,5.053,
25800.0,heavy,3101,1,4.761,
25800.0,light-2,3103,1,1.964,
25800.0,light-4,3102,1,2.859,
25800.0,light-1,3102,1,4.423,
25800.0,light-5,3103,1,4.569,
25800.0,light-3,3101,1,6.220,
25803.3,heavy,3101,0,3.954,
25806.7,heavy,3102,0,0.777,
25810.0,heavy,3103,1,3.895,
25813.3,heavy,3101,0,3.526,
25816.7,heavy,3102,1,1.210,
25820.0,heavy,3103,0,2.795,
25823.3,heavy,3101,1,2.837,
25826.7,heavy,3102,0,1.103,
25830.0,heavy,3103,0,2.851,
25833.3,heavy,3101,0,2.550,
25836.7,heavy,3102,1,1.360,
25840.0,heavy,3103,0,3.521,
25843.3,heavy,3101,0,2.643,
25846.7,heavy,3102,1,1.637,
25850.0,heavy,3103,0,4.911,
25853.3,heavy,3101,0,3.929,
25856.7,heavy,3102,1,2.985,
25860.0,heavy,3103,0,4.503,
25863.3,heavy,3101,0,2.899,
25866.7,heavy,3102,0,0.923,
25870.0,heavy,3103,1,3.229,
25873.3,heavy,3101,0,3.342,
25876.7,heavy,3102,0,0.833,
25880.0,heavy,3103,0,4.546,
25883.3,heavy,3101,1,3.113,
25886.7,heavy,3102,1,1.278,
25890.0,heavy,3103,0,5.389,
25893.3,heavy,3101,0,2.812,
25896.7,heavy,3102,0,1.003,
25900.0,heavy,3103,1,5.058,
25900.0,light-2,3103,1,2.523,
25900.0,light-4,3102,1,3.035,
25900.0,light-1,3102,1,5.244,
25900.0,light-3,3101,1,7.259,
25900.0,light-5,3103,1,7.837,
25903.3,heavy,3101,0,6.176,
25906.7,heavy,3101,1,5.546,
25910.0,heavy,3102,0,1.144,
25913.3,heavy,3103,0,3.269,
25916.7,heavy,3101,0,3.271,
25920.0,heavy,3102,1,0.987,
25923.3,heavy,3103,1,4.239,
25926.7,heavy,3101,0,3.575,
25930.0,heavy,3102,1,1.243,
25933.3,heavy,3103,0,4.699,
25936.7,heavy,3101,0,4.552,
25940.0,heavy,3102,0,0.939,
25943.3,heavy,3103,0,5.114,
25946.7,heavy,3101,0,3.517,
25950.0,heavy,3102,1,1.544,
25953.3,heavy,3103,0,5.617,
25956.7,heavy,3101,0,3.510,
25960.0,heavy,3102,1,0.866,
25963.3,heavy,3103,0,3.403,
25966.7,heavy,3101,1,2.512,
25970.0,heavy,3102,0,0.950,
25973.3,heavy,3103,0,5.061,
25976.7,heavy,3101,0,3.203,
25980.0,heavy,3102,1,1.359,
25983.3,heavy,3103,0,5.820,
25986.7,heavy,3101,1,3.723,
25990.0,heavy,3102,0,1.118,
25993.3,heavy,3103,0,4.002,
25996.7,heavy,3101,1,2.732,
26000.0,heavy,3102,0,1.428,
26000.0,light-5,3101,1,2.204,
26000.0,light-2,3101,1,4.208,
26000.0,light-1,3103,1,4.867,
26000.0,light-3,3102,1,4.957,
26000.0,light-4,3103,1,5.490,
26003.3,heavy,3102,0,2.109,
26006.7,heavy,3103,1,3.936,
26010.0,heavy,3101,0,2.676,
26013.3,heavy,3102,0,1.010,
26016.7,heavy,3103,1,5.018,
26020.0,heavy,3101,0,4.126,
26023.3,heavy,3102,1,1.764,
26026.7,heavy,3103,0,5.657,
26030.0,heavy,3101,0,4.364,
26033.3,heavy,3102,0,1.054,
26036.7,heavy,3103,0,4.225,
26040.0,heavy,3101,0,3.105,
26043.3,heavy,3102,1,1.286,
26046.7,heavy,3103,0,3.536,
26050.0,heavy,3101,1,4.144,
26053.3,heavy,3102,1,1.846,
26056.7,heavy,3103,0,5.389,
26060.0,heavy,3101,0,4.654,
26063.3,heavy,3102,0,1.672,
26066.7,heavy,3103,0,4.807,
26070.0,heavy,3101,0,3.438,
26073.3,heavy,3102,1,1.343,
26076.7,heavy,3103,1,4.304,
26080.0,heavy,3101,0,3.061,
26083.3,heavy,3102,0,1.407,
26086.7,heavy,3103,0,4.273,
26090.0,heavy,3101,1,3.398,
26093.3,heavy,3102,0,0.965,
26096.7,heavy,3103,0,7.704,
26100.0,heavy,3101,1,6.113,
26100.0,light-1,3101,1,2.588,
26100.0,light-3,3103,1,4.208,
26100.0,light-4,3101,1,6.778,
26100.0,light-5,3102,1,6.931,
26100.0,light-2,3102,1,8.132,
26103.3,heavy,3102,1,1.464,
26106.7,heavy,3103,0,8.034,
26110.0,heavy,3103,0,6.948,
26113.3,heavy,3101,0,6.038,
26116.7,heavy,3102,0,2.136,
26120.0,heavy,3103,1,2.932,
26123.3,heavy,3101,0,4.926,
26126.7,heavy,3102,1,1.424,
26130.0,heavy,3103,0,3.141,
26133.3,heavy,3101,0,3.375,
26136.7,heavy,3102,0,1.309,
26140.0,heavy,3103,0,5.518,
26143.3,heavy,3101,1,3.135,
26146.7,heavy,3102,1,1.921,
26150.0,heavy,3103,0,4.188,
26153.3,heavy,3101,0,3.491,
26156.7,heavy,3102,0,1.226,
26160.0,heavy,3103,1,4.035,
26163.3,heavy,3101,0,4.408,
26166.7,heavy,3102,0,1.084,
26170.0,heavy,3103,1,4.969,
26173.3,heavy,3101,0,4.209,
26176.7,heavy,3102,1,1.530,
26180.0,heavy,3103,0,5.740,
26183.3,heavy,3101,0,3.034,
26186.7,heavy,3102,0,1.056,
26190.0,heavy,3103,0,8.767,
26193.3,heavy,3101,1,6.147,
26196.7,heavy,3102,1,2.123,
26200.0,heavy,3103,0,9.387,
26200.0,light-5,3101,1,4.944,
26200.0,light-2,3101,1,7.963,
26200.0,light-3,3102,1,8.244,
26200.0,light-1,3103,1,10.297,
26200.0,light-4,3103,1,11.942,
26203.3,heavy,3101,0,7.259,
26206.7,heavy,3102,1,2.193,
26210.0,heavy,3102,0,0.998,
26213.3,heavy,3103,0,8.078,
26216.7,heavy,3101,1,3.563,
26220.0,heavy,3102,0,1.181,
26223.3,heavy,3103,0,4.456,
26226.7,heavy,3101,0,3.551,
26230.0,heavy,3102,1,1.161,
26233.3,heavy,3103,0,5.089,
26236.7,heavy,3101,1,4.210,
26240.0,heavy,3102,0,1.000,
26243.3,heavy,3103,0,4.107,
26246.7,heavy,3101,0,2.758,
26250.0,heavy,3102,1,1.143,
26253.3,heavy,3103,0,3.389,
26256.7,heavy,3101,1,4.239,
26260.0,heavy,3102,1,1.418,
26263.3,heavy,3103,0,3.323,
26266.7,heavy,3101,0,4.079,
26270.0,heavy,3102,0,1.088,
26273.3,heavy,3103,0,5.082,
26276.7,heavy,3101,1,3.338,
26280.0,heavy,3102,1,1.469,
26283.3,heavy,3103,0,5.816,
26286.7,heavy,3101,0,4.121,
26290.0,heavy,3102,0,1.298,
26293.3,heavy,3103,0,3.299,
26296.7,heavy,3101,0,2.430,
26300.0,heavy,3102,1,1.788,
26300.0,light-5,3101,1,2.229,
26300.0,light-3,3102,1,4.234,
26300.0,light-2,3101,1,4.754,
26300.0,light-1,3103,1,4.950,
26300.0,light-4,3103,1,5.034,
26303.3,heavy,3102,0,0.707,
26306.7,heavy,3103,0,4.693,
26310.0,heavy,3101,1,3.912,
26313.3,heavy,3102,1,1.285,
26316.7,heavy,3103,0,5.106,
26320.0,heavy,3101,0,3.219,
26323.3,heavy,3102,0,0.900,
26326.7,heavy,3103,0,4.900,
26330.0,heavy,3101,0,3.916,
26333.3,heavy,3102,1,1.348,
26336.7,heavy,3103,1,3.773,
26340.0,heavy,3101,0,3.329,
26343.3,heavy,3102,0,1.146,
26346.7,heavy,3103,0,3.029,
26350.0,heavy,3101,0,4.131,
26353.3,heavy,3102,1,1.216,
26356.7,heavy,3103,0,3.207,
26360.0,heavy,3101,0,4.238,
26363.3,heavy,3102,1,1.399,
26366.7,heavy,3103,1,3.064,
26370.0,heavy,3101,0,3.159,
26373.3,heavy,3102,0,0.982,
26376.7,heavy,3103,0,3.328,
26380.0,heavy,3101,1,2.786,
26383.3,heavy,3102,0,0.862,
26386.7,heavy,3103,0,4.231,
26390.0,heavy,3101,0,2.968,
26393.3,heavy,3102,1,1.263,
26396.7,heavy,3103,0,3.688,
26400.0,heavy,3101,1,4.466,
26400.0,light-2,3103,1,1.316,
26400.0,light-4,3102,1,2.430,
26400.0,light-1,3102,1,4.455,
26400.0,light-5,3103,1,4.408,
26400.0,light-3,3101,1,6.091,
26403.3,heavy,3101,0,4.214,
26406.7,heavy,3102,0,0.881,
26410.0,heavy,3103,1,3.346,
26413.3,heavy,3101,0,3.064,
26416.7,heavy,3102,0,1.065,
26420.0,heavy,3103,0,3.903,
26423.3,heavy,3101,0,3.110,
26426.7,heavy,3102,1,1.258,
26430.0,heavy,3103,1,3.694,
26433.3,heavy,3101,0,3.113,
26436.7,heavy,3102,0,0.951,
26440.0,heavy,3103,1,3.627,
26443.3,heavy,3101,0,2.687,
26446.7,heavy,3102,0,0.951,
26450.0,heavy,3103,0,4.261,
26453.3,heavy,3101,1,3.446,
26456.7,heavy,3102,1,1.298,
26460.0,heavy,3103,0,2.734,
26463.3,heavy,3101,0,3.072,
26466.7,heavy,3102,0,1.124,
26470.0,heavy,3103,0,4.062,
26473.3,heavy,3101,1,3.431,
26476.7,heavy,3102,0,0.998,
26480.0,heavy,3103,0,4.839,
26483.3,heavy,3101,1,3.155,
26486.7,heavy,3102,1,1.341,
26490.0,heavy,3103,0,4.770,
26493.3,heavy,3101,0,2.920,
26496.7,heavy,3102,0,1.175,
26500.0,heavy,3103,0,6.666,
26500.0,light-2,3103,1,2.494,
26500.0,light-4,3102,1,2.925,
26500.0,light-1,3102,1,4.695,
26500.0,light-3,3101,1,6.898,
26500.0,light-5,3103,1,7.037,
26503.3,heavy,3101,1,4.523,
26506.7,heavy,3101,1,5.150,
26510.0,heavy,3102,0,1.031,
26513.3,heavy,3103,0,3.906,
26516.7,heavy,3101,0,3.118,
26520.0,heavy,3102,1,1.436,
26523.3,heavy,3103,0,4.013,
26526.7,heavy,3101,1,3.169,
26530.0,heavy,3102,0,0.948,
26533.3,heavy,3103,0,4.046,
26536.7,heavy,3101,0,3.876,
26540.0,heavy,3102,1,1.195,
26543.3,heavy,3103,0,3.629,
26546.7,heavy,3101,1,3.033,
26550.0,heavy,3102,0,1.060,
26553.3,heavy,3103,0,6.714,
26556.7,heavy,3101,1,4.827,
26560.0,heavy,3102,1,2.045,
26563.3,heavy,3103,0,6.455,
26566.7,heavy,3101,0,5.742,
26570.0,heavy,3102,0,2.162,
26573.3,heavy,3103,0,4.102,
26576.7,heavy,3101,1,3.461,
26580.0,heavy,3102,0,1.050,
26583.3,heavy,3103,0,3.303,
26586.7,heavy,3101,0,3.269,
26590.0,heavy,3102,1,1.351,
26593.3,heavy,3103,0,4.639,
26596.7,heavy,3101,1,3.451,
26600.0,heavy,3102,0,1.056,
26600.0,light-5,3101,1,2.406,
26600.0,light-2,3101,1,4.607,
26600.0,light-1,3103,1,5.174,
26600.0,light-3,3102,1,5.270,
26600.0,light-4,3103,1,5.965,
26603.3,heavy,3102,0,1.873,
26606.7,heavy,3103,1,4.559,
26610.0,heavy,3101,0,2.832,
26613.3,heavy,3102,0,0.888,
26616.7,heavy,3103,0,5.041,
26620.0,heavy,3101,1,3.587,
26623.3,heavy,3102,1,1.608,
26626.7,heavy,3103,0,5.911,
26630.0,heavy,3101,0,4.364,
26633.3,heavy,3102,0,1.065,
26636.7,heavy,3103,0,4.322,
26640.0,heavy,3101,0,3.179,
26643.3,heavy,3102,1,1.196,
26646.7,heavy,3103,0,4.249,
26650.0,heavy,3101,1,2.780,
26653.3,heavy,3102,0,0.994,
26656.7,heavy,3103,0,3.605,
26660.0,heavy,3101,1,2.874,
26663.3,heavy,3102,0,0.871,
26666.7,heavy,3103,0,4.340,
26670.0,heavy,3101,0,2.913,
26673.3,heavy,3102,1,1.162,
26676.7,heavy,3103,1,5.133,
26680.0,heavy,3101,0,3.011,
26683.3,heavy,3102,1,1.315,
26686.7,heavy,3103,0,3.419,
26690.0,heavy,3101,0,2.945,
26693.3,heavy,3102,0,0.822,
26696.7,heavy,3103,0,7.445,
26700.0,heavy,3101,1,5.355,
26700.0,light-1,3101,1,2.419,
26700.0,light-3,3103,1,4.026,
26700.0,light-4,3101,1,6.240,
26700.0,light-2,3102,1,6.847,
26700.0,light-5,3102,1,6.971,
26703.3,heavy,3102,1,1.434,
26706.7,heavy,3103,0,7.612,
26710.0,heavy,3103,0,4.594,
26713.3,heavy,3101,0,2.505,
26716.7,heavy,3102,1,1.545,
26720.0,heavy,3103,0,3.515,
26723.3,heavy,3101,0,3.115,
26726.7,heavy,3102,1,1.494,
26730.0,heavy,3103,0,3.694,
26733.3,heavy,3101,1,3.097,
26736.7,heavy,3102,0,1.450,
26740.0,heavy,3103,0,3.094,
26743.3,heavy,3101,0,2.578,
26746.7,heavy,3102,0,0.885,
26750.0,heavy,3103,1,3.347,
26753.3,heavy,3101,0,2.622,
26756.7,heavy,3102,0,0.990,
26760.0,heavy,3103,0,11.423,
26763.3,heavy,3101,1,2.649,
26766.7,heavy,3102,1,1.193,
26770.0,heavy,3103,0,10.757,
26773.3,heavy,3101,0,2.874,
26776.7,heavy,3102,1,1.180,
26780.0,heavy,3103,0,3.085,
26783.3,heavy,3101,0,2.757,
26786.7,heavy,3102,0,0.911,
26790.0,heavy,3103,1,3.400,
26793.3,heavy,3101,0,2.326,
26796.7,heavy,3102,0,0.819,
26800.0,heavy,3103,0,5.659,
26800.0,light-5,3101,1,3.143,
26800.0,light-3,3102,1,4.917,
26800.0,light-2,3101,1,5.196,
26800.0,light-1,3103,1,6.007,
26800.0,light-4,3103,1,6.864,
26803.3,heavy,3101,1,3.964,
26806.7,heavy,3102,1,2.840,
26810.0,heavy,3102,0,0.782,
26813.3,heavy,3103,0,3.263,
26816.7,heavy,3101,0,2.276,
26820.0,heavy,3102,1,1.296,
26823.3,heavy,3103,0,3.334,
26826.7,heavy,3101,0,2.996,
26830.0,heavy,3102,1,1.033,
26833.3,heavy,3103,1,3.712,
26836.7,heavy,3101,0,4.058,
26840.0,heavy,3102,0,1.131,
26843.3,heavy,3103,0,2.704,
26846.7,heavy,3101,0,3.212,
26850.0,heavy,3102,1,1.152,
26853.3,heavy,3103,0,3.400,
26856.7,heavy,3101,0,2.992,
26860.0,heavy,3102,1,1.063,
26863.3,heavy,3103,0,3.058,
26866.7,heavy,3101,1,2.436,
26870.0,heavy,3102,0,0.821,
26873.3,heavy,3103,0,4.082,
26876.7,heavy,3101,0,3.044,
26880.0,heavy,3102,1,1.400,
26883.3,heavy,3103,0,4.586,
26886.7,heavy,3101,0,2.352,
26890.0,heavy,3102,1,1.705,
26893.3,heavy,3103,0,10.509,
26896.7,heavy,3101,0,4.765,
26900.0,heavy,3102,1,1.218,
26900.0,light-5,3101,1,3.033,
26900.0,light-2,3101,1,9.196,
26900.0,light-3,3102,1,9.257,
26900.0,light-1,3103,1,10.219,
26900.0,light-4,3103,1,12.274,
26903.3,heavy,3102,0,1.142,
26906.7,heavy,3103,0,6.235,
26910.0,heavy,3101,1,3.240,
26913.3,heavy,3102,0,1.040,
26916.7,heavy,3103,0,3.199,
26920.0,heavy,3101,1,2.562,
26923.3,heavy,3102,0,0.849,
26926.7,heavy,3103,0,4.293,
26930.0,heavy,3101,1,3.825,
26933.3,heavy,3102,1,1.264,
26936.7,heavy,3103,0,5.082,
26940.0,heavy,3101,0,3.313,
26943.3,heavy,3102,0,1.073,
26946.7,heavy,3103,0,3.892,
26950.0,heavy,3101,0,3.098,
26953.3,heavy,3102,1,1.209,
26956.7,heavy,3103,0,3.676,
26960.0,heavy,3101,1,2.646,
26963.3,heavy,3102,0,0.943,
26966.7,heavy,3103,1,3.424,
26970.0,heavy,3101,0,2.745,
26973.3,heavy,3102,0,0.929,
26976.7,heavy,3103,0,3.733,
26980.0,heavy,3101,0,3.038,
26983.3,heavy,3102,1,1.247,
26986.7,heavy,3103,0,2.897,
26990.0,heavy,3101,1,3.546,
26993.3,heavy,3102,0,1.002,
26996.7,heavy,3103,1,3.511,
27000.0,heavy,3101,0,4.948,
27000.0,light-2,3103,1,1.858,
27000.0,light-4,3102,1,2.332,
27000.0,light-1,3102,1,5.333,
27000.0,light-3,3101,1,5.481,
27000.0,light-5,3103,1,6.576,
27003.3,heavy,3101,0,5.969,
27006.7,heavy,3102,0,0.846,
27010.0,heavy,3103,0,4.138,
27013.3,heavy,3101,1,3.377,
27016.7,heavy,3102,0,1.027,
27020.0,heavy,3103,0,4.288,
27023.3,heavy,3101,1,3.401,
27026.7,heavy,3102,1,1.594,
27030.0,heavy,3103,0,5.355,
27033.3,heavy,3101,0,2.889,
27036.7,heavy,3102,0,1.034,
27040.0,heavy,3103,0,4.142,
27043.3,heavy,3101,1,3.428,
27046.7,heavy,3102,1,0.953,
27050.0,heavy,3103,0,3.478,
27053.3,heavy,3101,0,2.845,
27056.7,heavy,3102,0,0.947,
27060.0,heavy,3103,1,3.332,
27063.3,heavy,3101,0,3.439,
27066.7,heavy,3102,1,1.037,
27070.0,heavy,3103,0,3.471,
27073.3,heavy,3101,0,3.684,
27076.7,heavy,3102,0,1.082,
27080.0,heavy,3103,1,3.400,
27083.3,heavy,3101,0,3.069,
27086.7,heavy,3102,0,1.131,
27090.0,heavy,3103,0,4.857,
27093.3,heavy,3101,1,3.445,
27096.7,heavy,3102,1,1.418,
27100.0,heavy,3103,0,6.168,
27100.0,light-1,3101,1,1.081,
27100.0,light-3,3103,1,2.554,
27100.0,light-4,3101,1,5.302,
27100.0,light-2,3102,1,6.055,
27100.0,light-5,3102,1,6.447,
27103.3,heavy,3103,0,5.715,
27106.7,heavy,3101,0,3.161,
27110.0,heavy,3102,1,1.306,
27113.3,heavy,3103,0,3.516,
27116.7,heavy,3101,0,3.311,
27120.0,heavy,3102,1,1.395,
27123.3,heavy,3103,0,3.851,
27126.7,heavy,3101,1,3.091,
27130.0,heavy,3102,0,1.003,
27133.3,heavy,3103,0,4.129,
27136.7,heavy,3101,0,3.104,
27140.0,heavy,3102,1,1.257,
27143.3,heavy,3103,0,4.754,
27146.7,heavy,3101,0,3.137,
27150.0,heavy,3102,1,1.125,
27153.3,heavy,3103,0,4.550,
27156.7,heavy,3101,1,4.132,
27160.0,heavy,3102,1,1.138,
27163.3,heavy,3103,0,4.964,
27166.7,heavy,3101,0,24.680,
27170.0,heavy,3102,0,0.935,
27173.3,heavy,3103,0,5.528,
27176.7,heavy,3101,0,13.267,
27180.0,heavy,3102,1,1.164,
27183.3,heavy,3103,0,5.840,
27186.7,heavy,3101,0,8.668,
27190.0,heavy,3102,1,1.161,
27193.3,heavy,3103,0,4.518,
27196.7,heavy,3101,0,3.270,
27200.0,heavy,3102,1,1.215,
27200.0,light-5,3101,1,2.449,
27200.0,light-2,3101,1,4.826,
27200.0,light-1,3103,1,5.410,
27200.0,light-3,3102,1,5.449,
27200.0,light-4,3103,1,5.642,
27203.3,heavy,3102,0,0.767,
27206.7,heavy,3103,0,3.998,
27210.0,heavy,3101,0,4.371,
27213.3,heavy,3102,1,1.211,
27216.7,heavy,3103,1,3.293,
27220.0,heavy,3101,0,3.223,
27223.3,heavy,3102,0,0.920,
27226.7,heavy,3103,1,3.341,
27230.0,heavy,3101,0,2.526,
27233.3,heavy,3102,0,0.889,
27236.7,heavy,3103,0,5.179,
27240.0,heavy,3101,0,3.875,
27243.3,heavy,3102,1,1.609,
27246.7,heavy,3103,1,5.693,
27250.0,heavy,3101,0,2.875,
27253.3,heavy,3102,0,1.118,
27256.7,heavy,3103,0,4.009,
27260.0,heavy,3101,1,3.235,
27263.3,heavy,3102,0,1.015,
27266.7,heavy,3103,0,5.281,
27270.0,heavy,3101,0,3.438,
27273.3,heavy,3102,1,1.317,
27276.7,heavy,3103,1,4.646,
27280.0,heavy,3101,0,2.884,
27283.3,heavy,3102,1,1.379,
27286.7,heavy,3103,0,3.509,
27290.0,heavy,3101,0,3.100,
27293.3,heavy,3102,0,0.874,
27296.7,heavy,3103,0,6.799,
27300.0,heavy,3101,1,5.203,
27300.0,light-1,3101,1,2.863,
27300.0,light-3,3103,1,3.948,
27300.0,light-4,3101,1,5.680,
27300.0,light-5,3102,1,5.988,
27300.0,light-2,3102,1,7.145,
27303.3,heavy,3102,1,1.634,
27306.7,heavy,3103,0,7.101,
27310.0,heavy,3103,0,7.089,
27313.3,heavy,3101,0,3.603,
27316.7,heavy,3102,0,1.206,
27320.0,heavy,3103,0,4.458,
27323.3,heavy,3101,1,3.608,
27326.7,heavy,3102,0,0.935,
27330.0,heavy,3103,0,4.956,
27333.3,heavy,3101,1,3.461,
27336.7,heavy,3102,1,1.453,
27340.0,heavy,3103,0,5.945,
27343.3,heavy,3101,0,3.195,
27346.7,heavy,3102,1,1.733,
27350.0,heavy,3103,0,4.271,
27353.3,heavy,3101,0,3.896,
27356.7,heavy,3102,0,1.191,
27360.0,heavy,3103,0,5.616,
27363.3,heavy,3101,1,3.772,
27366.7,heavy,3102,1,1.378,
27370.0,heavy,3103,0,6.544,
27373.3,heavy,3101,0,3.299,
27376.7,heavy,3102,0,1.511,
27380.0,heavy,3103,1,4.605,
27383.3,heavy,3101,0,3.688,
27386.7,heavy,3102,1,1.340,
27390.0,heavy,3103,0,4.441,
27393.3,heavy,3101,0,3.824,
27396.7,heavy,3102,1,1.159,
27400.0,heavy,3103,0,7.758,
27400.0,light-1,3101,1,1.540,
27400.0,light-3,3103,1,3.441,
27400.0,light-4,3101,1,6.650,
27400.0,light-2,3102,1,7.371,
27400.0,light-5,3102,1,7.810,
27403.3,heavy,3103,0,6.668,
27406.7,heavy,3101,0,4.208,
27410.0,heavy,3102,1,1.367,
27413.3,heavy,3103,0,4.775,
27416.7,heavy,3101,1,3.855,
27420.0,heavy,3102,0,1.166,
27423.3,heavy,3103,0,6.045,
27426.7,heavy,3101,0,4.594,
27430.0,heavy,3102,1,1.835,
27433.3,heavy,3103,0,6.875,
27436.7,heavy,3101,1,3.595,
27440.0,heavy,3102,0,1.419,
27443.3,heavy,3103,0,3.938,
27446.7,heavy,3101,1,3.106,
27450.0,heavy,3102,0,0.956,
27453.3,heavy,3103,0,4.090,
27456.7,heavy,3101,0,2.852,
27460.0,heavy,3102,1,1.162,
27463.3,heavy,3103,0,4.929,
27466.7,heavy,3101,0,2.598,
27470.0,heavy,3102,1,0.895,
27473.3,heavy,3103,0,4.181,
27476.7,heavy,3101,0,3.260,
27480.0,heavy,3102,1,1.506,
27483.3,heavy,3103,0,4.015,
27486.7,heavy,3101,0,2.879,
27490.0,heavy,3102,1,1.336,
27493.3,heavy,3103,0,3.379,
27496.7,heavy,3101,1,3.071,
27500.0,heavy,3102,0,1.322,
27500.0,light-5,3101,1,2.865,
27500.0,light-1,3103,1,4.881,
27500.0,light-3,3102,1,5.317,
27500.0,light-4,3103,1,6.082,
27500.0,light-2,3101,1,8.629,
27503.3,heavy,3102,0,2.048,
27506.7,heavy,3103,1,5.427,
27510.0,heavy,3101,0,2.681,
27513.3,heavy,3102,0,0.940,
27516.7,heavy,3103,0,4.540,
27520.0,heavy,3101,0,3.008,
27523.3,heavy,3102,1,1.218,
27526.7,heavy,3103,1,4.172,
27530.0,heavy,3101,0,3.076,
27533.3,heavy,3102,0,0.944,
27536.7,heavy,3103,0,3.672,
27540.0,heavy,3101,1,3.043,
27543.3,heavy,3102,0,0.791,
27546.7,heavy,3103,1,5.406,
27550.0,heavy,3101,0,2.908,
27553.3,heavy,3102,1,1.172,
27556.7,heavy,3103,0,5.868,
27560.0,heavy,3101,0,2.309,
27563.3,heavy,3102,0,0.760,
27566.7,heavy,3103,0,3.736,
27570.0,heavy,3101,1,2.850,
27573.3,heavy,3102,0,1.002,
27576.7,heavy,3103,0,4.005,
27580.0,heavy,3101,1,3.445,
27583.3,heavy,3102,1,1.077,
27586.7,heavy,3103,0,4.801,
27590.0,heavy,3101,0,3.226,
27593.3,heavy,3102,0,0.809,
27596.7,heavy,3103,0,7.793,
27600.0,heavy,3101,0,4.579,
27600.0,light-5,3101,1,3.250,
27600.0,light-2,3101,1,6.172,
27600.0,light-1,3103,1,6.697,
27600.0,light-3,3102,1,7.043,
27600.0,light-4,3103,1,8.206,
27603.3,heavy,3102,1,1.770,
27606.7,heavy,3102,0,1.279,
27610.0,heavy,3103,1,4.916,
27613.3,heavy,3101,0,2.947,
27616.7,heavy,3102,0,1.065,
27620.0,heavy,3103,1,3.326,
27623.3,heavy,3101,0,2.704,
27626.7,heavy,3102,1,1.520,
27630.0,heavy,3103,0,3.619,
27633.3,heavy,3101,0,3.327,
27636.7,heavy,3102,0,0.907,
27640.0,heavy,3103,0,4.312,
27643.3,heavy,3101,1,3.002,
27646.7,heavy,3102,1,1.237,
27650.0,heavy,3103,0,5.411,
27653.3,heavy,3101,0,2.992,
27656.7,heavy,3102,0,0.893,
27660.0,heavy,3103,0,3.340,
27663.3,heavy,3101,0,2.912,
27666.7,heavy,3102,1,1.193,
27670.0,heavy,3103,0,4.118,
27673.3,heavy,3101,1,3.694,
27676.7,heavy,3102,1,1.472,
27680.0,heavy,3103,0,4.358,
27683.3,heavy,3101,0,2.605,
27686.7,heavy,3102,0,0.610,
27690.0,heavy,3103,0,4.394,
27693.3,heavy,3101,1,3.182,
27696.7,heavy,3102,1,1.294,
27700.0,heavy,3103,0,5.835,
27700.0,light-1,3101,1,0.913,
27700.0,light-3,3103,1,2.408,
27700.0,light-2,3102,1,5.475,
27700.0,light-4,3101,1,6.131,
27700.0,light-5,3102,1,6.317,
27703.3,heavy,3103,0,5.216,
27706.7,heavy,3101,0,2.530,
27710.0,heavy,3102,1,1.436,
27713.3,heavy,3103,0,3.272,
27716.7,heavy,3101,0,2.522,
27720.0,heavy,3102,1,1.364,
27723.3,heavy,3103,0,3.361,
27726.7,heavy,3101,1,2.829,
27730.0,heavy,3102,0,0.874,
27733.3,heavy,3103,0,3.841,
27736.7,heavy,3101,0,2.736,
27740.0,heavy,3102,1,1.169,
27743.3,heavy,3103,0,4.610,
27746.7,heavy,3101,0,3.148,
27750.0,heavy,3102,1,1.038,
27753.3,heavy,3103,0,3.869,
27756.7,heavy,3101,1,3.161,
27760.0,heavy,3102,0,0.790,
27763.3,heavy,3103,0,5.645,
27766.7,heavy,3101,0,3.758,
27770.0,heavy,3102,1,1.325,
27773.3,heavy,3103,0,6.533,
27776.7,heavy,3101,1,3.112,
27780.0,heavy,3102,0,1.179,
27783.3,heavy,3103,0,3.967,
27786.7,heavy,3101,0,3.053,
27790.0,heavy,3102,1,1.190,
27793.3,heavy,3103,0,3.390,
27796.7,heavy,3101,0,2.889,
27800.0,heavy,3102,1,1.602,
27800.0,light-5,3101,1,2.666,
27800.0,light-2,3101,1,5.705,
27800.0,light-1,3103,1,6.360,
27800.0,light-3,3102,1,6.374,
27800.0,light-4,3103,1,7.013,
27803.3,heavy,3102,0,1.240,
27806.7,heavy,3103,0,3.582,
27810.0,heavy,3101,1,2.970,
27813.3,heavy,3102,0,1.221,
27816.7,heavy,3103,0,3.849,
27820.0,heavy,3101,1,3.133,
27823.3,heavy,3102,0,1.016,
27826.7,heavy,3103,0,4.843,
27830.0,heavy,3101,0,3.061,
27833.3,heavy,3102,1,1.243,
27836.7,heavy,3103,1,4.951,
27840.0,heavy,3101,0,2.743,
27843.3,heavy,3102,1,1.425,
27846.7,heavy,3103,0,3.850,
27850.0,heavy,3101,0,3.266,
27853.3,heavy,3102,0,0.778,
27856.7,heavy,3103,0,2.802,
27860.0,heavy,3101,1,3.122,
27863.3,heavy,3102,1,1.238,
27866.7,heavy,3103,0,3.494,
27870.0,heavy,3101,0,2.737,
27873.3,heavy,3102,0,1.057,
27876.7,heavy,3103,0,3.693,
27880.0,heavy,3101,0,2.954,
27883.3,heavy,3102,1,1.240,
27886.7,heavy,3103,0,3.452,
27890.0,heavy,3101,1,2.646,
27893.3,heavy,3102,0,1.134,
27896.7,heavy,3103,0,5.394,
27900.0,heavy,3101,1,4.416,
27900.0,light-4,3102,1,2.296,
27900.0,light-2,3103,1,2.581,
27900.0,light-1,3102,1,4.824,
27900.0,light-3,3101,1,6.308,
27900.0,light-5,3103,1,6.729,
27903.3,heavy,3101,0,2.824,
27906.7,heavy,3102,0,0.929,
27910.0,heavy,3103,1,3.280,
27913.3,heavy,3101,0,3.561,
27916.7,heavy,3102,0,0.767,
27920.0,heavy,3103,0,4.995,
27923.3,heavy,3101,1,2.970,
27926.7,heavy,3102,1,1.212,
27930.0,heavy,3103,0,6.369,
27933.3,heavy,3101,0,2.654,
27936.7,heavy,3102,0,1.169,
27940.0,heavy,3103,0,3.645,
27943.3,heavy,3101,0,2.948,
27946.7,heavy,3102,1,1.257,
27950.0,heavy,3103,1,3.280,
27953.3,heavy,3101,0,3.041,
27956.7,heavy,3102,1,1.240,
27960.0,heavy,3103,0,3.347,
27963.3,heavy,3101,0,2.786,
27966.7,heavy,3102,1,1.431,
27970.0,heavy,3103,0,4.010,
27973.3,heavy,3101,1,3.433,
27976.7,heavy,3102,0,1.296,
27980.0,heavy,3103,0,3.055,
27983.3,heavy,3101,0,2.850,
27986.7,heavy,3102,0,1.159,
27990.0,heavy,3103,0,3.795,
27993.3,heavy,3101,1,3.091,
27996.7,heavy,3102,0,0.891,
28000.0,heavy,3103,1,6.400,
28000.0,light-5,3101,1,3.145,
28000.0,light-2,3101,1,5.694,
28000.0,light-3,3102,1,5.794,
28000.0,light-1,3103,1,7.657,
28000.0,light-4,3103,1,8.335,
28003.3,heavy,3101,0,5.035,
28006.7,heavy,3102,1,1.710,
28010.0,heavy,3102,0,2.292,
28013.3,heavy,3103,0,6.087,
28016.7,heavy,3101,0,2.433,
28020.0,heavy,3102,1,1.256,
28023.3,heavy,3103,0,3.312,
28026.7,heavy,3101,1,3.285,
28030.0,heavy,3102,0,0.933,
28033.3,heavy,3103,0,3.754,
28036.7,heavy,3101,0,3.083,
28040.0,heavy,3102,1,1.237,
28043.3,heavy,3103,0,2.954,
28046.7,heavy,3101,0,2.907,
28050.0,heavy,3102,1,1.094,
28053.3,heavy,3103,0,3.787,
28056.7,heavy,3101,1,2.724,
28060.0,heavy,3102,0,1.135,
28063.3,heavy,3103,0,2.477,
28066.7,heavy,3101,0,4.178,
28070.0,heavy,3102,1,1.168,
28073.3,heavy,3103,0,3.405,
28076.7,heavy,3101,1,2.935,
28080.0,heavy,3102,0,2.049,
28083.3,heavy,3103,0,3.270,
28086.7,heavy,3101,0,2.699,
28090.0,heavy,3102,1,1.740,
28093.3,heavy,3103,0,8.032,
28096.7,heavy,3101,0,4.375,
28100.0,heavy,3102,1,1.834,
28100.0,light-5,3101,1,3.587,
28100.0,light-3,3102,1,6.968,
28100.0,light-2,3101,1,7.689,
28100.0,light-1,3103,1,8.463,
28100.0,light-4,3103,1,9.662,
28103.3,heavy,3102,0,2.167,
28106.7,heavy,3103,0,5.355,
28110.0,heavy,3101,1,3.042,
28113.3,heavy,3102,0,1.057,
28116.7,heavy,3103,0,4.666,
28120.0,heavy,3101,0,3.878,
28123.3,heavy,3102,1,1.290,
28126.7,heavy,3103,0,4.720,
28130.0,heavy,3101,0,4.550,
28133.3,heavy,3102,1,1.447,
28136.7,heavy,3103,0,3.366,
28140.0,heavy,3101,1,3.424,
28143.3,heavy,3102,0,1.035,
28146.7,heavy,3103,1,3.929,
28150.0,heavy,3101,0,2.457,
28153.3,heavy,3102,0,1.066,
28156.7,heavy,3103,0,3.983,
28160.0,heavy,3101,0,3.203,
28163.3,heavy,3102,1,1.270,
28166.7,heavy,3103,1,3.533,
28170.0,heavy,3101,0,3.123,
28173.3,heavy,3102,0,0.874,
28176.7,heavy,3103,0,4.085,
28180.0,heavy,3101,1,3.098,
28183.3,heavy,3102,0,1.037,
28186.7,heavy,3103,0,4.329,
28190.0,heavy,3101,0,3.052,
28193.3,heavy,3102,1,1.274,
28196.7,heavy,3103,0,4.683,
28200.0,heavy,3101,1,4.307,
28200.0,light-2,3103,1,1.600,
28200.0,light-4,3102,1,2.455,
28200.0,light-1,3102,1,4.684,
28200.0,light-5,3103,1,4.630,
28200.0,light-3,3101,1,4.967,
28203.3,heavy,3101,0,3.365,
28206.7,heavy,3102,0,1.236,
28210.0,heavy,3103,1,3.421,
28213.3,heavy,3101,0,2.768,
28216.7,heavy,3102,0,1.160,
28220.0,heavy,3103,0,3.582,
28223.3,heavy,3101,1,2.774,
28226.7,heavy,3102,1,1.264,
28230.0,heavy,3103,0,3.291,
28233.3,heavy,3101,0,2.862,
28236.7,heavy,3102,0,1.111,
28240.0,heavy,3103,0,4.118,
28243.3,heavy,3101,1,3.163,
28246.7,heavy,3102,0,1.030,
28250.0,heavy,3103,0,4.773,
28253.3,heavy,3101,1,3.257,
28256.7,heavy,3102,1,1.374,
28260.0,heavy,3103,0,4.334,
28263.3,heavy,3101,0,2.845,
28266.7,heavy,3102,0,1.449,
28270.0,heavy,3103,0,4.350,
28273.3,heavy,3101,1,3.543,
28276.7,heavy,3102,0,0.972,
28280.0,heavy,3103,0,4.367,
28283.3,heavy,3101,1,2.839,
28286.7,heavy,3102,1,1.149,
28290.0,heavy,3103,0,3.836,
28293.3,heavy,3101,0,3.108,
28296.7,heavy,3102,0,1.336,
28300.0,heavy,3103,0,6.272,
28300.0,light-2,3103,1,2.631,
28300.0,light-4,3102,1,2.846,
28300.0,light-1,3102,1,6.122,
28300.0,light-3,3101,1,6.495,
28300.0,light-5,3103,1,6.550,
28303.3,heavy,3101,1,5.440,
28306.7,heavy,3101,1,6.247,
28310.0,heavy,3102,0,1.002,
28313.3,heavy,3103,0,3.915,
28316.7,heavy,3101,0,3.115,
28320.0,heavy,3102,1,1.150,
28323.3,heavy,3103,0,3.389,
28326.7,heavy,3101,1,2.819,
28330.0,heavy,3102,0,0.933,
28333.3,heavy,3103,1,3.329,
28336.7,heavy,3101,0,2.563,
28340.0,heavy,3102,0,0.890,
28343.3,heavy,3103,0,4.696,
28346.7,heavy,3101,0,2.869,
28350.0,heavy,3102,1,1.233,
28353.3,heavy,3103,0,4.194,
28356.7,heavy,3101,0,2.916,
28360.0,heavy,3102,1,0.967,
28363.3,heavy,3103,0,3.728,
28366.7,heavy,3101,1,2.856,
28370.0,heavy,3102,0,0.826,
28373.3,heavy,3103,0,4.280,
28376.7,heavy,3101,0,3.154,
28380.0,heavy,3102,1,1.333,
28383.3,heavy,3103,0,5.255,
28386.7,heavy,3101,0,2.616,
28390.0,heavy,3102,1,1.295,
28393.3,heavy,3103,0,5.478,
28396.7,heavy,3101,1,4.068,
28400.0,heavy,3102,0,1.344,
28400.0,light-5,3101,1,3.186,
28400.0,light-2,3101,1,5.262,
28400.0,light-4,3103,1,6.070,
28400.0,light-3,3102,1,6.249,
28400.0,light-1,3103,1,7.279,
28403.3,heavy,3102,0,0.884,
28406.7,heavy,3103,1,5.144,
28410.0,heavy,3101,0,2.347,
28413.3,heavy,3102,0,6.663,
28416.7,heavy,3103,0,4.038,
28420.0,heavy,3101,1,3.264,
28423.3,heavy,3102,0,1.107,
28426.7,heavy,3103,0,3.734,
28430.0,heavy,3101,1,3.041,
28433.3,heavy,3102,0,1.064,
28436.7,heavy,3103,0,4.927,
28440.0,heavy,3101,0,3.438,
28443.3,heavy,3102,1,1.616,
28446.7,heavy,3103,1,5.037,
28450.0,heavy,3101,0,2.486,
28453.3,heavy,3102,0,0.835,
28456.7,heavy,3103,0,3.747,
28460.0,heavy,3101,1,3.180,
28463.3,heavy,3102,0,0.928,
28466.7,heavy,3103,1,4.788,
28470.0,heavy,3101,0,3.059,
28473.3,heavy,3102,1,1.150,
28476.7,heavy,3103,0,5.356,
28480.0,heavy,3101,0,3.059,
28483.3,heavy,3102,0,1.096,
28486.7,heavy,3103,0,3.631,
28490.0,heavy,3101,0,2.982,
28493.3,heavy,3102,1,1.122,
28496.7,heavy,3103,0,6.552,
28500.0,heavy,3101,1,5.627,
28500.0,light-1,3101,1,2.135,
28500.0,light-3,3103,1,3.402,
28500.0,light-2,3102,1,5.895,
28500.0,light-4,3101,1,6.127,
28500.0,light-5,3102,1,7.095,
28503.3,heavy,3102,1,1.339,
28506.7,heavy,3103,0,7.163,
28510.0,heavy,3103,0,6.312,
28513.3,heavy,3101,0,3.879,
28516.7,heavy,3102,0,0.933,
28520.0,heavy,3103,0,3.952,
28523.3,heavy,3101,1,3.115,
28526.7,heavy,3102,0,1.176,
28530.0,heavy,3103,0,4.692,
28533.3,heavy,3101,1,3.020,
28536.7,heavy,3102,1,1.268,
28540.0,heavy,3103,0,5.275,
28543.3,heavy,3101,0,2.642,
28546.7,heavy,3102,1,1.245,
28550.0,heavy,3103,0,3.658,
28553.3,heavy,3101,0,3.094,
28556.7,heavy,3102,0,1.019,
28560.0,heavy,3103,0,4.140,
28563.3,heavy,3101,1,3.723,
28566.7,heavy,3102,1,1.243,
28570.0,heavy,3103,0,4.792,
28573.3,heavy,3101,0,3.021,
28576.7,heavy,3102,0,1.231,
28580.0,heavy,3103,0,6.023,
28583.3,heavy,3101,1,3.434,
28586.7,heavy,3102,1,1.826,
28590.0,heavy,3103,0,5.440,
28593.3,heavy,3101,0,2.832,
28596.7,heavy,3102,0,1.317,
28600.0,heavy,3103,0,5.866,
28600.0,light-4,3102,1,2.645,
28600.0,light-2,3103,1,2.862,
28600.0,light-1,3102,1,4.881,
28600.0,light-3,3101,1,7.250,
28600.0,light-5,3103,1,7.745,
28603.3,heavy,3101,1,4.636,
28606.7,heavy,3101,0,5.089,
28610.0,heavy,3102,1,0.927,
28613.3,heavy,3103,0,3.619,
28616.7,heavy,3101,1,3.029,
28620.0,heavy,3102,0,0.734,
28623.3,heavy,3103,0,4.056,
28626.7,heavy,3101,0,3.271,
28630.0,heavy,3102,1,1.787,
28633.3,heavy,3103,0,4.971,
28636.7,heavy,3101,0,3.041,
28640.0,heavy,3102,1,0.914,
28643.3,heavy,3103,0,3.929,
28646.7,heavy,3101,1,3.106,
28650.0,heavy,3102,0,0.994,
28653.3,heavy,3103,0,2.448,
28656.7,heavy,3101,0,3.080,
28660.0,heavy,3102,1,1.263,
28663.3,heavy,3103,0,3.281,
28666.7,heavy,3101,0,2.751,
28670.0,heavy,3102,1,1.028,
28673.3,heavy,3103,0,4.075,
28676.7,heavy,3101,0,3.208,
28680.0,heavy,3102,1,1.180,
28683.3,heavy,3103,0,3.409,
28686.7,heavy,3101,1,2.997,
28690.0,heavy,3102,0,1.082,
28693.3,heavy,3103,0,4.145,
28696.7,heavy,3101,0,4.598,
28700.0,heavy,3102,1,1.086,
28700.0,light-5,3101,1,3.170,
28700.0,light-2,3101,1,4.873,
28700.0,light-4,3103,1,4.960,
28700.0,light-3,3102,1,5.209,
28700.0,light-1,3103,1,5.901,
28703.3,heavy,3102,0,0.825,
28706.7,heavy,3103,0,2.897,
28710.0,heavy,3101,1,2.972,
28713.3,heavy,3102,0,0.912,
28716.7,heavy,3103,0,4.653,
28720.0,heavy,3101,1,3.219,
28723.3,heavy,3102,1,1.450,
28726.7,heavy,3103,0,5.384,
28730.0,heavy,3101,0,2.905,
28733.3,heavy,3102,0,0.925,
28736.7,heavy,3103,0,3.932,
28740.0,heavy,3101,0,4.143,
28743.3,heavy,3102,1,1.377,
28746.7,heavy,3103,0,2.866,
28750.0,heavy,3101,1,2.938,
28753.3,heavy,3102,0,0.914,
28756.7,heavy,3103,1,3.406,
28760.0,heavy,3101,0,3.174,
28763.3,heavy,3102,0,1.161,
28766.7,heavy,3103,1,3.765,
28770.0,heavy,3101,0,3.202,
28773.3,heavy,3102,0,0.879,
28776.7,heavy,3103,1,5.129,
28780.0,heavy,3101,0,4.356,
28783.3,heavy,3102,1,1.513,
28786.7,heavy,3103,0,5.923,
28790.0,heavy,3101,0,5.200,
28793.3,heavy,3102,0,1.109,
28796.7,heavy,3103,1,8.972,
28800.0,heavy,3101,0,5.024,
28800.0,light-5,3101,1,4.051,
28800.0,light-2,3101,1,7.934,
28800.0,light-3,3102,1,8.332,
28800.0,light-1,3103,1,10.401,
28800.0,light-4,3103,1,11.140,
28803.3,heavy,3102,1,1.352,
28806.7,heavy,3102,0,2.182,
28810.0,heavy,3103,0,8.311,
28813.3,heavy,3101,0,2.897,
28816.7,heavy,3102,0,0.956,
28820.0,heavy,3103,1,3.409,
28823.3,heavy,3101,0,3.185,
28826.7,heavy,3102,0,0.966,
28830.0,heavy,3103,0,4.958,
28833.3,heavy,3101,1,4.060,
28836.7,heavy,3102,1,1.597,
28840.0,heavy,3103,0,3.822,
28843.3,heavy,3101,0,3.010,
28846.7,heavy,3102,0,1.121,
28850.0,heavy,3103,1,4.308,
28853.3,heavy,3101,0,3.086,
28856.7,heavy,3102,0,1.004,
28860.0,heavy,3103,0,4.117,
28863.3,heavy,3101,1,2.848,
28866.7,heavy,3102,1,1.080,
28870.0,heavy,3103,0,4.163,
28873.3,heavy,3101,0,3.465,
28876.7,heavy,3102,0,1.138,
28880.0,heavy,3103,0,3.722,
28883.3,heavy,3101,1,2.957,
28886.7,heavy,3102,0,0.988,
28890.0,heavy,3103,0,13.842,
28893.3,heavy,3101,1,5.488,
28896.7,heavy,3102,1,1.280,
28900.0,heavy,3103,0,14.367,
28900.0,light-1,3101,1,2.549,
28900.0,light-3,3103,1,3.692,
28900.0,light-4,3101,1,5.851,
28900.0,light-2,3102,1,6.044,
28900.0,light-5,3102,1,6.831,
28903.3,heavy,3103,1,12.534,
28906.7,heavy,3101,0,3.192,
28910.0,heavy,3102,0,1.225,
28913.3,heavy,3103,0,4.960,
28916.7,heavy,3101,0,2.208,
28920.0,heavy,3102,1,1.265,
28923.3,heavy,3103,0,3.579,
28926.7,heavy,3101,0,2.437,
28930.0,heavy,3102,1,1.262,
28933.3,heavy,3103,0,3.867,
28936.7,heavy,3101,0,3.226,
28940.0,heavy,3102,1,0.945,
28943.3,heavy,3103,0,3.069,
28946.7,heavy,3101,1,3.102,
28950.0,heavy,3102,0,0.997,
28953.3,heavy,3103,0,4.239,
28956.7,heavy,3101,1,3.280,
28960.0,heavy,3102,0,0.862,
28963.3,heavy,3103,0,4.422,
28966.7,heavy,3101,1,3.731,
28970.0,heavy,3102,1,1.159,
28973.3,heavy,3103,0,5.823,
28976.7,heavy,3101,0,4.420,
28980.0,heavy,3102,0,0.943,
28983.3,heavy,3103,0,3.055,
28986.7,heavy,3101,0,2.708,
28990.0,heavy,3102,1,1.290,
28993.3,heavy,3103,0,2.858,
28996.7,heavy,3101,1,6.565,
29000.0,heavy,3102,1,1.396,
29000.0,light-2,3103,1,2.611,
29000.0,light-4,3102,1,3.026,
29000.0,light-1,3102,1,5.344,
29000.0,light-5,3103,1,7.332,
29000.0,light-3,3101,1,8.078,
29003.3,heavy,3103,0,4.697,
29006.7,heavy,3101,0,7.289,
29010.0,heavy,3101,0,9.552,
29013.3,heavy,3102,0,1.309,
29016.7,heavy,3103,0,3.439,
29020.0,heavy,3101,1,2.919,
29023.3,heavy,3102,0,1.033,
29026.7,heavy,3103,0,3.989,
29030.0,heavy,3101,1,3.312,
29033.3,heavy,3102,1,1.128,
29036.7,heavy,3103,0,4.619,
29040.0,heavy,3101,0,3.813,
29043.3,heavy,3102,0,0.838,
29046.7,heavy,3103,0,3.254,
29050.0,heavy,3101,0,2.642,
29053.3,heavy,3102,1,1.016,
29056.7,heavy,3103,1,3.025,
29060.0,heavy,3101,0,2.725,
29063.3,heavy,3102,0,0.861,
29066.7,heavy,3103,0,3.680,
29070.0,heavy,3101,1,2.963,
29073.3,heavy,3102,0,1.010,
29076.7,heavy,3103,0,4.370,
29080.0,heavy,3101,0,4.755,
29083.3,heavy,3102,1,1.300,
29086.7,heavy,3103,1,6.356,
29090.0,heavy,3101,0,3.851,
29093.3,heavy,3102,0,1.780,
29096.7,heavy,3103,1,5.369,
29100.0,heavy,3101,0,5.287,
29100.0,light-2,3103,1,3.980,
29100.0,light-4,3102,1,4.169,
29100.0,light-3,3101,1,5.272,
29100.0,light-5,3103,1,5.302,
29100.0,light-1,3102,1,7.095,
29103.3,heavy,3101,0,4.437,
29106.7,heavy,3102,1,3.118,
29110.0,heavy,3103,0,2.923,
29113.3,heavy,3101,0,2.752,
29116.7,heavy,3102,0,0.989,
29120.0,heavy,3103,0,3.655,
29123.3,heavy,3101,1,3.296,
29126.7,heavy,3102,1,1.126,
29130.0,heavy,3103,0,4.188,
29133.3,heavy,3101,0,3.512,
29136.7,heavy,3102,1,1.441,
29140.0,heavy,3103,0,4.389,
29143.3,heavy,3101,0,3.704,
29146.7,heavy,3102,1,1.367,
29150.0,heavy,3103,0,4.106,
29153.3,heavy,3101,0,2.676,
29156.7,heavy,3102,0,1.177,
29160.0,heavy,3103,0,4.648,
29163.3,heavy,3101,1,3.805,
29166.7,heavy,3102,1,1.279,
29170.0,heavy,3103,0,5.291,
29173.3,heavy,3101,0,4.387,
29176.7,heavy,3102,0,0.845,
29180.0,heavy,3103,0,4.492,
29183.3,heavy,3101,1,3.076,
29186.7,heavy,3102,1,1.226,
29190.0,heavy,3103,0,3.965,
29193.3,heavy,3101,0,2.731,
29196.7,heavy,3102,1,1.520,
29200.0,heavy,3103,0,5.134,
29200.0,light-2,3103,1,2.566,
29200.0,light-4,3102,1,3.061,
29200.0,light-1,3102,1,4.557,
29200.0,light-3,3101,1,6.491,
29200.0,light-5,3103,1,6.969,
29203.3,heavy,3101,0,5.243,
29206.7,heavy,3101,0,4.625,
29210.0,heavy,3102,1,0.852,
29213.3,heavy,3103,0,3.830,
29216.7,heavy,3101,1,3.103,
29220.0,heavy,3102,0,0.859,
29223.3,heavy,3103,0,2.528,
29226.7,heavy,3101,0,3.090,
29230.0,heavy,3102,1,1.934,
29233.3,heavy,3103,0,3.200,
29236.7,heavy,3101,0,2.612,
29240.0,heavy,3102,1,0.949,
29243.3,heavy,3103,0,3.376,
29246.7,heavy,3101,1,2.695,
29250.0,heavy,3102,0,0.853,
29253.3,heavy,3103,0,3.996,
29256.7,heavy,3101,0,2.798,
29260.0,heavy,3102,1,1.096,
29263.3,heavy,3103,0,4.557,
29266.7,heavy,3101,0,2.730,
29270.0,heavy,3102,1,0.826,
29273.3,heavy,3103,1,3.215,
29276.7,heavy,3101,0,3.454,
29280.0,heavy,3102,0,1.011,
29283.3,heavy,3103,0,3.135,
29286.7,heavy,3101,0,2.982,
29290.0,heavy,3102,1,1.131,
29293.3,heavy,3103,0,2.980,
29296.7,heavy,3101,1,2.573,
29300.0,heavy,3102,0,1.023,
29300.0,light-5,3101,1,1.978,
29300.0,light-2,3101,1,4.225,
29300.0,light-1,3103,1,4.771,
29300.0,light-3,3102,1,4.830,
29300.0,light-4,3103,1,5.044,
29303.3,heavy,3102,0,0.746,
29306.7,heavy,3103,0,3.757,
29310.0,heavy,3101,1,3.063,
29313.3,heavy,3102,0,0.839,
29316.7,heavy,3103,0,4.699,
29320.0,heavy,3101,0,3.127,
29323.3,heavy,3102,1,1.270,
29326.7,heavy,3103,1,5.779,
29330.0,heavy,3101,0,2.946,
29333.3,heavy,3102,1,1.365,
29336.7,heavy,3103,0,3.330,
29340.0,heavy,3101,0,3.563,
29343.3,heavy,3102,0,1.045,
29346.7,heavy,3103,0,4.715,
29350.0,heavy,3101,1,3.573,
29353.3,heavy,3102,1,1.101,
29356.7,heavy,3103,0,5.107,
29360.0,heavy,3101,0,3.363,
29363.3,heavy,3102,0,0.901,
29366.7,heavy,3103,0,4.123,
29370.0,heavy,3101,0,4.348,
29373.3,heavy,3102,1,1.195,
29376.7,heavy,3103,0,2.996,
29380.0,heavy,3101,1,3.063,
29383.3,heavy,3102,0,1.055,
29386.7,heavy,3103,1,2.954,
29390.0,heavy,3101,0,2.832,
29393.3,heavy,3102,0,0.759,
29396.7,heavy,3103,0,7.332,
29400.0,heavy,3101,0,5.576,
29400.0,light-5,3101,1,3.919,
29400.0,light-3,3102,1,7.244,
29400.0,light-2,3101,1,7.878,
29400.0,light-1,3103,1,8.065,
29400.0,light-4,3103,1,9.033,
29403.3,heavy,3102,1,1.316,
29406.7,heavy,3102,0,1.180,
29410.0,heavy,3103,1,4.613,
29413.3,heavy,3101,0,2.589,
29416.7,heavy,3102,0,1.229,
29420.0,heavy,3103,1,4.083,
29423.3,heavy,3101,0,2.626,
29426.7,heavy,3102,0,1.069,
29430.0,heavy,3103,1,3.600,
29433.3,heavy,3101,0,4.022,
29436.7,heavy,3102,0,1.008,
29440.0,heavy,3103,0,4.760,
29443.3,heavy,3101,1,3.326,
29446.7,heavy,3102,1,1.369,
29450.0,heavy,3103,0,4.896,
29453.3,heavy,3101,0,2.513,
29456.7,heavy,3102,1,1.371,
29460.0,heavy,3103,0,3.292,
29463.3,heavy,3101,0,2.727,
29466.7,heavy,3102,0,0.908,
29470.0,heavy,3103,0,4.327,
29473.3,heavy,3101,1,2.841,
29476.7,heavy,3102,1,1.120,
29480.0,heavy,3103,0,5.313,
29483.3,heavy,3101,0,2.979,
29486.7,heavy,3102,0,0.791,
29490.0,heavy,3103,0,4.326,
29493.3,heavy,3101,1,3.197,
29496.7,heavy,3102,1,1.028,
29500.0,heavy,3103,0,4.994,
29500.0,light-1,3101,1,1.171,
29500.0,light-3,3103,1,2.754,
29500.0,light-4,3101,1,4.746,
29500.0,light-2,3102,1,5.344,
29500.0,light-5,3102,1,5.717,
29503.3,heavy,3103,0,2.532,
29506.7,heavy,3101,0,2.648,
29510.0,heavy,3102,1,1.081,
29513.3,heavy,3103,0,5.550,
29516.7,heavy,3101,1,4.666,
29520.0,heavy,3102,1,1.403,
29523.3,heavy,3103,0,6.176,
29526.7,heavy,3101,0,5.360,
29530.0,heavy,3102,0,1.044,
29533.3,heavy,3103,0,3.059,
29536.7,heavy,3101,0,2.917,
29540.0,heavy,3102,1,1.467,
29543.3,heavy,3103,0,3.815,
29546.7,heavy,3101,0,2.877,
29550.0,heavy,3102,1,1.059,
29553.3,heavy,3103,0,3.776,
29556.7,heavy,3101,1,3.037,
29560.0,heavy,3102,0,1.087,
29563.3,heavy,3103,0,4.667,
29566.7,heavy,3101,0,2.925,
29570.0,heavy,3102,1,1.076,
29573.3,heavy,3103,0,5.842,
29576.7,heavy,3101,0,2.598,
29580.0,heavy,3102,1,1.128,
29583.3,heavy,3103,0,3.676,
29586.7,heavy,3101,1,2.986,
29590.0,heavy,3102,0,0.916,
29593.3,heavy,3103,0,3.820,
29596.7,heavy,3101,0,2.565,
29600.0,heavy,3102,1,1.518,
29600.0,light-5,3101,1,2.415,
29600.0,light-2,3101,1,4.443,
29600.0,light-1,3103,1,5.068,
29600.0,light-3,3102,1,5.155,
29600.0,light-4,3103,1,5.597,
29603.3,heavy,3102,0,0.857,
29606.7,heavy,3103,0,4.298,
29610.0,heavy,3101,1,3.584,
29613.3,heavy,3102,1,1.254,
29616.7,heavy,3103,0,5.044,
29620.0,heavy,3101,0,4.719,
29623.3,heavy,3102,0,0.976,
29626.7,heavy,3103,0,5.074,
29630.0,heavy,3101,0,3.126,
29633.3,heavy,3102,1,1.144,
29636.7,heavy,3103,1,5.740,
29640.0,heavy,3101,0,2.427,
29643.3,heavy,3102,1,1.641,
29646.7,heavy,3103,0,3.348,
29650.0,heavy,3101,0,2.636,
29653.3,heavy,3102,0,1.003,
29656.7,heavy,3103,0,5.094,
29660.0,heavy,3101,1,3.659,
29663.3,heavy,3102,1,1.542,
29666.7,heavy,3103,0,6.256,
29670.0,heavy,3101,0,3.411,
29673.3,heavy,3102,0,1.262,
29676.7,heavy,3103,0,5.472,
29680.0,heavy,3101,1,4.288,
29683.3,heavy,3102,0,1.338,
29686.7,heavy,3103,1,4.110,
29690.0,heavy,3101,0,3.732,
29693.3,heavy,3102,0,1.276,
29696.7,heavy,3103,0,3.252,
29700.0,heavy,3101,1,5.396,
29700.0,light-2,3103,1,1.580,
29700.0,light-4,3102,1,3.102,
29700.0,light-1,3102,1,5.442,
29700.0,light-5,3103,1,5.364,
29700.0,light-3,3101,1,7.309,
29703.3,heavy,3101,0,4.800,
29706.7,heavy,3102,0,1.063,
29710.0,heavy,3103,0,4.001,
29713.3,heavy,3101,1,3.301,
29716.7,heavy,3102,0,0.826,
29720.0,heavy,3103,0,5.513,
29723.3,heavy,3101,1,3.718,
29726.7,heavy,3102,1,1.396,
29730.0,heavy,3103,0,5.196,
29733.3,heavy,3101,0,3.154,
29736.7,heavy,3102,1,1.740,
29740.0,heavy,3103,0,4.357,
29743.3,heavy,3101,0,3.911,
29746.7,heavy,3102,0,1.318,
29750.0,heavy,3103,1,4.956,
29753.3,heavy,3101,0,5.263,
29756.7,heavy,3102,1,1.334,
29760.0,heavy,3103,0,5.368,
29763.3,heavy,3101,0,3.296,
29766.7,heavy,3102,1,1.211,
29770.0,heavy,3103,0,4.615,
29773.3,heavy,3101,0,2.825,
29776.7,heavy,3102,0,1.441,
29780.0,heavy,3103,1,4.099,
29783.3,heavy,3101,0,3.926,
29786.7,heavy,3102,1,1.292,
29790.0,heavy,3103,0,4.201,
29793.3,heavy,3101,0,3.038,
29796.7,heavy,3102,1,1.714,
29800.0,heavy,3103,0,6.977,
29800.0,light-5,3101,1,3.561,
29800.0,light-2,3101,1,6.223,
29800.0,light-3,3102,1,6.817,
29800.0,light-1,3103,1,7.400,
29800.0,light-4,3103,1,7.929,
29803.3,heavy,3101,1,4.702,
29806.7,heavy,3102,0,1.623,
29810.0,heavy,3102,0,1.085,
29813.3,heavy,3103,0,4.300,
29816.7,heavy,3101,1,2.922,
29820.0,heavy,3102,0,0.945,
29823.3,heavy,3103,0,4.105,
29826.7,heavy,3101,1,3.690,
29830.0,heavy,3102,1,1.491,
29833.3,heavy,3103,0,5.438,
29836.7,heavy,3101,0,4.797,
29840.0,heavy,3102,0,1.587,
29843.3,heavy,3103,0,2.964,
29846.7,heavy,3101,0,2.743,
29850.0,heavy,3102,1,1.674,
29853.3,heavy,3103,0,3.396,
29856.7,heavy,3101,0,2.854,
29860.0,heavy,3102,1,0.946,
29863.3,heavy,3103,0,3.505,
29866.7,heavy,3101,1,2.831,
29870.0,heavy,3102,0,0.916,
29873.3,heavy,3103,0,4.443,
29876.7,heavy,3101,0,3.051,
29880.0,heavy,3102,1,1.318,
29883.3,heavy,3103,0,5.187,
29886.7,heavy,3101,0,2.771,
29890.0,heavy,3102,1,1.062,
29893.3,heavy,3103,0,4.650,
29896.7,heavy,3101,1,3.157,
29900.0,heavy,3102,0,1.724,
29900.0,light-5,3101,1,2.365,
29900.0,light-2,3101,1,4.980,
29900.0,light-1,3103,1,5.229,
29900.0,light-3,3102,1,7.390,
29900.0,light-4,3103,1,8.039,
29903.3,heavy,3102,0,3.044,
29906.7,heavy,3103,1,5.787,
29910.0,heavy,3101,0,2.625,
29913.3,heavy,3102,0,1.063,
29916.7,heavy,3103,0,4.908,
29920.0,heavy,3101,1,4.006,
29923.3,heavy,3102,1,1.334,
29926.7,heavy,3103,0,4.809,
29930.0,heavy,3101,0,4.055,
29933.3,heavy,3102,0,0.963,
29936.7,heavy,3103,0,3.673,
29940.0,heavy,3101,0,2.952,
29943.3,heavy,3102,1,1.151,
29946.7,heavy,3103,1,3.181,
29950.0,heavy,3101,0,2.731,
29953.3,heavy,3102,0,0.990,
29956.7,heavy,3103,0,3.368,
29960.0,heavy,3101,1,2.594,
29963.3,heavy,3102,0,0.777,
29966.7,heavy,3103,0,4.941,
29970.0,heavy,3101,1,3.462,
29973.3,heavy,3102,1,1.668,
29976.7,heavy,3103,0,5.955,
29980.0,heavy,3101,0,2.698,
29983.3,heavy,3102,0,1.005,
29986.7,heavy,3103,1,4.431,
29990.0,heavy,3101,0,3.859,
29993.3,heavy,3102,0,0.739,
29996.7,heavy,3103,1,3.706,
30000.0,heavy,3101,1,3.627,
